feature_id,phylum,kingdom,annotation_molecular_species,annotation_class_verbatim,annotation_class_normalised,annotation_superclass,annotation_source,annotation_tier,annotation_level
A15_159222,Mollusca,Animalia,,,,,none,Unidentified,0
A15_118643,Chlorophyta,Viridiplantae,,,,,none,Unidentified,0
A15_169807,Mollusca,Animalia,,,,,none,Unidentified,0
A15_169039,Mollusca,Animalia,,,,,none,Unidentified,0
A15_169881,Mollusca,Animalia,,,,,none,Unidentified,0
A15_173935,Mollusca,Animalia,,,,,none,Unidentified,0
A15_174993,Mollusca,Animalia,,,,,none,Unidentified,0
A15_162745,Mollusca,Animalia,,,,,none,Unidentified,0
A15_151398,Mollusca,Animalia,,,,,none,Unidentified,0
A15_58181,Mollusca,Animalia,,,,,none,Unidentified,0
A15_193292,Mollusca,Animalia,,,,,none,Unidentified,0
A15_52682,Mollusca,Animalia,,Terpenoid,Terpenoid,Prenol lipids,MS2_diagnostic,Bronze,2
A15_59570,Mollusca,Animalia,,Terpenoid,Terpenoid,Prenol lipids,MS2_diagnostic,Bronze,2
A15_158870,Mollusca,Animalia,,,,,none,Unidentified,0
A15_OE25-1-ALL_17426,Evosea,Protists,,,,,none,Unidentified,0
A15_OE25-1-ALL_32087,Evosea,Protists,,,,,none,Unidentified,0
A15_OE25-1-ALL_19474,Evosea,Protists,PG(17:2_18:2),PG,PG,Glycerophospholipids,LipidSearch,Gold,4
A15_OE25-1-ALL_21144,Evosea,Protists,PG(18:2_18:2),PG,PG,Glycerophospholipids,LipidSearch,Gold,4
A15_OE25-1-ALL_20766,Evosea,Protists,PC(17:3_16:1),PC,PC,Glycerophospholipids,LipidSearch,Bronze,3
A15_170067,Mollusca,Animalia,,,,,none,Unidentified,0
A15_163874,Mollusca,Animalia,,,,,none,Unidentified,0
A15_161620,Mollusca,Animalia,,,,,none,Unidentified,0
A15_161621,Mollusca,Animalia,,,,,none,Unidentified,0
A15_169048,Mollusca,Animalia,,,,,none,Unidentified,0
A15_OE25-1-ALL_34345,Evosea,Protists,,,,,none,Unidentified,0
A15_OE25-1-ALL_34225,Evosea,Protists,TG(25:7_28:7),TG,TG,Glycerolipids,LipidSearch,Bronze,3
A15_OE25-1-ALL_34359,Evosea,Protists,,,,,none,Unidentified,0
A15_OE25-1-ALL_34349,Evosea,Protists,,,,,none,Unidentified,0
A15_OE25-1-ALL_33626,Evosea,Protists,TG(36:2_5:0)+O:(s),TG,TG,Glycerolipids,LipidSearch,Bronze,3
A15_OE25-1-ALL_37236,Evosea,Protists,PC(O-34:5),PC,PC,Glycerophospholipids,LipidSearch,Bronze,3
A15_OE25-1-ALL_31449,Evosea,Protists,PEt(18:1_18:1),PEt,PEt,Glycerophospholipids,LipidSearch,Bronze,3
A15_OE25-1-ALL_28556,Evosea,Protists,PC(O-14:1_18:2),PC,PC,Glycerophospholipids,LipidSearch,Bronze,3
A15_OE25-1-ALL_29490,Evosea,Protists,PE(P-16:0_17:2),PE,PE,Glycerophospholipids,LipidSearch,Gold,4
A15_OE25-1-ALL_31075,Evosea,Protists,PE(P-16:0_17:2),PE,PE,Glycerophospholipids,LipidSearch,Gold,4
A15_OE25-1-ALL_21169,Evosea,Protists,PEt(20:5_18:2),PEt,PEt,Glycerophospholipids,LipidSearch,Bronze,3
A15_OE25-1-ALL_31348,Evosea,Protists,,Terpenoid,Terpenoid,Prenol lipids,MS2_diagnostic,Bronze,2
A15_OE25-1-ALL_31408,Evosea,Protists,,,,,none,Unidentified,0
A15_OE25-1-ALL_3818,Evosea,Protists,PEt(P-4:0_13:0),PEt,PEt,Glycerophospholipids,LipidSearch,Bronze,3
A15_OE25-1-ALL_34595,Evosea,Protists,,,,,none,Unidentified,0
A15_OE25-1-ALL_37122,Evosea,Protists,,,,,none,Unidentified,0
A15_OE25-1-ALL_17109,Evosea,Protists,PI(39:3),PI,PI,Glycerophospholipids,LipidSearch,Bronze,3
A15_OE25-1-ALL_33178,Evosea,Protists,,PG,PG,Glycerophospholipids,MS2_diagnostic,Bronze,2
A15_OE25-1-ALL_31963,Evosea,Protists,,,,,none,Unidentified,0
A15_OE25-1-ALL_39630,Evosea,Protists,,,,,none,Unidentified,0
A15_OE25-1-ALL_33199,Evosea,Protists,,,,,none,Unidentified,0
A15_OE25-1-ALL_22671,Evosea,Protists,,,,,none,Unidentified,0
A15_OE25-1-ALL_34350,Evosea,Protists,,,,,none,Unidentified,0
A15_OE25-1-ALL_33516,Evosea,Protists,,,,,none,Unidentified,0
A15_OE21-4-POS_227658,Thermoproteota,Archaea,TG(12:0_12:0_18:1),TG,TG,Glycerolipids,LipidSearch,Gold,4
A15_OE25-1-ALL_33129,Evosea,Protists,,Terpenoid,Terpenoid,Prenol lipids,MS2_diagnostic,Bronze,2
A15_OE25-1-ALL_32181,Evosea,Protists,,,,,none,Unidentified,0
A15_OE25-1-ALL_22753,Evosea,Protists,PG(17:1_18:2),PG,PG,Glycerophospholipids,LipidSearch,Gold,4
A15_OE25-1-ALL_21007,Evosea,Protists,,PC/SM,PC/SM,Glycerophospholipids|Sphingolipids,MS2_diagnostic,Bronze,2
A15_OE25-1-ALL_24960,Evosea,Protists,,PC/SM,PC/SM,Glycerophospholipids|Sphingolipids,MS2_diagnostic,Bronze,2
A15_OE25-1-ALL_17419,Evosea,Protists,,,,,none,Unidentified,0
A15_OE25-1-ALL_32146,Evosea,Protists,,,,,none,Unidentified,0
A15_OE25-1-ALL_28665,Evosea,Protists,PI(35:0),PI,PI,Glycerophospholipids,LipidSearch,Bronze,3
A15_OE25-1-ALL_32204,Evosea,Protists,,,,,none,Unidentified,0
A15_OE25-1-ALL_34259,Evosea,Protists,,,,,none,Unidentified,0
A15_OE25-1-ALL_33292,Evosea,Protists,,,,,none,Unidentified,0
A15_OE25-1-ALL_33286,Evosea,Protists,,,,,none,Unidentified,0
A15_OE25-1-ALL_23940,Evosea,Protists,,,,,none,Unidentified,0
A15_OE25-1-ALL_34343,Evosea,Protists,,,,,none,Unidentified,0
A15_OE25-1-ALL_34202,Evosea,Protists,,,,,none,Unidentified,0
A15_OE25-1-ALL_31979,Evosea,Protists,,,,,none,Unidentified,0
A15_OE25-1-ALL_16594,Evosea,Protists,,PC/SM,PC/SM,Glycerophospholipids|Sphingolipids,MS2_diagnostic,Bronze,2
A15_OE25-1-ALL_33067,Evosea,Protists,,,,,none,Unidentified,0
A15_OE25-1-ALL_3802,Evosea,Protists,,PC/SM,PC/SM,Glycerophospholipids|Sphingolipids,MS2_diagnostic,Bronze,2
A15_OE25-1-ALL_11341,Evosea,Protists,PG(21:4_18:2),PG,PG,Glycerophospholipids,LipidSearch,Bronze,3
A15_161819,Mollusca,Animalia,,,,,none,Unidentified,0
A15_OE25-1-ALL_39767,Evosea,Protists,,,,,none,Unidentified,0
A15_161623,Mollusca,Animalia,,,,,none,Unidentified,0
A15_130517,Chlorophyta,Viridiplantae,,,,,none,Unidentified,0
A15_OE25-1-ALL_30417,Evosea,Protists,,,,,none,Unidentified,0
A15_OE25-1-ALL_37011,Evosea,Protists,,,,,none,Unidentified,0
A15_OE25-1-ALL_30420,Evosea,Protists,,,,,none,Unidentified,0
A15_OE25-1-ALL_32767,Evosea,Protists,,Terpenoid,Terpenoid,Prenol lipids,MS2_diagnostic,Bronze,2
A15_OE25-1-ALL_33281,Evosea,Protists,,PC/SM,PC/SM,Glycerophospholipids|Sphingolipids,MS2_diagnostic,Bronze,2
A15_223183,Nematoda,Animalia,,GDGT/Archaeol,GDGT/Archaeol,Archaeal lipids,MS2_diagnostic,Bronze,2
A15_OE25-1-ALL_29279,Evosea,Protists,,,,,none,Unidentified,0
A15_OE25-1-ALL_34347,Evosea,Protists,,PE,PE,Glycerophospholipids,MS2_diagnostic,Bronze,2
A15_OE25-1-ALL_35488,Evosea,Protists,,,,,none,Unidentified,0
A15_167077,Mollusca,Animalia,,,,,none,Unidentified,0
A15_OE25-1-ALL_3803,Evosea,Protists,,PC/SM,PC/SM,Glycerophospholipids|Sphingolipids,MS2_diagnostic,Bronze,2
A15_54315,Mollusca,Animalia,,Terpenoid,Terpenoid,Prenol lipids,MS2_diagnostic,Bronze,2
A15_OE25-1-ALL_19374,Evosea,Protists,TG(2:0_17:2_24:8),TG,TG,Glycerolipids,LipidSearch,Bronze,3
A15_OE25-1-ALL_27149,Evosea,Protists,,,,,none,Unidentified,0
A15_OE25-1-ALL_23716,Evosea,Protists,PI(33:0),PI,PI,Glycerophospholipids,LipidSearch,Bronze,3
A15_OE25-1-ALL_34344,Evosea,Protists,,,,,none,Unidentified,0
A15_OE25-1-ALL_34371,Evosea,Protists,,,,,none,Unidentified,0
A15_165738,Mollusca,Animalia,,,,,none,Unidentified,0
A15_156836,Mollusca,Animalia,,,,,none,Unidentified,0
A15_OE25-1-ALL_33096,Evosea,Protists,,,,,none,Unidentified,0
A15_149998,Mollusca,Animalia,,,,,none,Unidentified,0
A15_OE25-1-ALL_22355,Evosea,Protists,,,,,none,Unidentified,0
A15_54175,Mollusca,Animalia,,,,,none,Unidentified,0
A15_OE25-1-ALL_5381,Evosea,Protists,LPC(16:2),LPC,LPC,Glycerophospholipids,LipidSearch,Bronze,3
A15_165942,Mollusca,Animalia,,,,,none,Unidentified,0
A15_149997,Mollusca,Animalia,,,,,none,Unidentified,0
A15_OE25-1-ALL_26333,Evosea,Protists,PI(34:0),PI,PI,Glycerophospholipids,LipidSearch,Bronze,3
A15_OE25-1-ALL_34387,Evosea,Protists,,Sterol,Sterol,Sterol lipids,MS2_diagnostic,Bronze,2
A15_OE25-1-ALL_21884,Evosea,Protists,PG(17:1_18:2),PG,PG,Glycerophospholipids,LipidSearch,Gold,4
A15_OE25-1-ALL_28081,Evosea,Protists,,PC/SM,PC/SM,Glycerophospholipids|Sphingolipids,MS2_diagnostic,Bronze,2
A15_OE25-1-ALL_11472,Evosea,Protists,PG(21:4_18:2),PG,PG,Glycerophospholipids,LipidSearch,Bronze,3
A15_OE25-1-ALL_8780,Evosea,Protists,,PC/SM,PC/SM,Glycerophospholipids|Sphingolipids,MS2_diagnostic,Bronze,2
A15_OE25-1-ALL_25626,Evosea,Protists,,,,,none,Unidentified,0
A15_OE25-1-ALL_33245,Evosea,Protists,,,,,none,Unidentified,0
A15_158672,Mollusca,Animalia,,,,,none,Unidentified,0
A15_292,Chlorophyta,Viridiplantae,,PG,PG,Glycerophospholipids,MS2_diagnostic,Bronze,2
A15_170805,Mollusca,Animalia,,,,,none,Unidentified,0
A15_OE25-1-ALL_33277,Evosea,Protists,,Terpenoid,Terpenoid,Prenol lipids,MS2_diagnostic,Bronze,2
A15_193295,Mollusca,Animalia,,,,,none,Unidentified,0
A15_171255,Mollusca,Animalia,,,,,none,Unidentified,0
A15_164577,Mollusca,Animalia,,,,,none,Unidentified,0
A15_OE25-1-ALL_33118,Evosea,Protists,,,,,none,Unidentified,0
A15_OE25-1-ALL_33225,Evosea,Protists,,,,,none,Unidentified,0
A15_OE25-1-ALL_22715,Evosea,Protists,PEt(18:2_18:3),PEt,PEt,Glycerophospholipids,LipidSearch,Gold,4
A15_OE25-1-ALL_21257,Evosea,Protists,,,,,none,Unidentified,0
A15_167530,Mollusca,Animalia,,,,,none,Unidentified,0
A15_OE25-1-ALL_32136,Evosea,Protists,,PC/SM,PC/SM,Glycerophospholipids|Sphingolipids,MS2_diagnostic,Bronze,2
A15_176179,Mollusca,Animalia,,,,,none,Unidentified,0
A15_OE25-1-ALL_27519,Evosea,Protists,,,,,none,Unidentified,0
A15_OE25-1-ALL_37110,Evosea,Protists,,,,,none,Unidentified,0
A15_163718,Mollusca,Animalia,,,,,none,Unidentified,0
A15_OE25-1-ALL_32803,Evosea,Protists,,Terpenoid,Terpenoid,Prenol lipids,MS2_diagnostic,Bronze,2
A15_193293,Mollusca,Animalia,,,,,none,Unidentified,0
A15_OE25-1-ALL_10571,Evosea,Protists,PE(27:0),PE,PE,Glycerophospholipids,LipidSearch,Bronze,3
A15_OE25-1-ALL_23477,Evosea,Protists,,,,,none,Unidentified,0
A15_OE25-1-ALL_19292,Evosea,Protists,,PC/SM,PC/SM,Glycerophospholipids|Sphingolipids,MS2_diagnostic,Bronze,2
A15_OE25-1-ALL_6570,Evosea,Protists,,,,,none,Unidentified,0
A15_OE25-1-ALL_20748,Evosea,Protists,,,,,none,Unidentified,0
A15_OE25-1-ALL_33062,Evosea,Protists,,Terpenoid,Terpenoid,Prenol lipids,MS2_diagnostic,Bronze,2
A15_222479,Nematoda,Animalia,,GDGT/Archaeol,GDGT/Archaeol,Archaeal lipids,MS2_diagnostic,Bronze,2
A15_OE25-1-ALL_42199,Evosea,Protists,DG(20:2_19:0),DG,DG,Glycerolipids,LipidSearch,Gold,4
A15_OE25-1-ALL_34289,Evosea,Protists,,Terpenoid,Terpenoid,Prenol lipids,MS2_diagnostic,Bronze,2
A15_161404,Nematoda,Animalia,,,,,none,Unidentified,0
A15_OE25-1-ALL_41137,Evosea,Protists,,,,,none,Unidentified,0
A15_OE25-1-ALL_32201,Evosea,Protists,,,,,none,Unidentified,0
A15_OE25-1-ALL_37184,Evosea,Protists,,,,,none,Unidentified,0
A15_OE25-1-ALL_29908,Evosea,Protists,,,,,none,Unidentified,0
A15_46806,Mollusca,Animalia,,Terpenoid,Terpenoid,Prenol lipids,MS2_diagnostic,Bronze,2
A15_24675,Mollusca,Animalia,,,,,none,Unidentified,0
A15_161931,Nematoda,Animalia,,,,,none,Unidentified,0
A15_148002,Mollusca,Animalia,,,,,none,Unidentified,0
A15_OE25-1-ALL_11471,Evosea,Protists,PS(18:2_18:2),PS,PS,Glycerophospholipids,LipidSearch,Gold,4
A15_OE25-1-ALL_2989,Evosea,Protists,,,,,none,Unidentified,0
A15_OE25-1-ALL_29928,Evosea,Protists,,,,,none,Unidentified,0
A15_OE25-1-ALL_31039,Evosea,Protists,PI(36:0),PI,PI,Glycerophospholipids,LipidSearch,Bronze,3
A15_OE25-1-ALL_34431,Evosea,Protists,,,,,none,Unidentified,0
A15_OE25-1-ALL_6192,Evosea,Protists,,PC/SM,PC/SM,Glycerophospholipids|Sphingolipids,MS2_diagnostic,Bronze,2
A15_OE25-1-ALL_26252,Evosea,Protists,,,,,none,Unidentified,0
A15_OE25-1-ALL_41153,Evosea,Protists,,,,,none,Unidentified,0
A15_OE25-1-ALL_37140,Evosea,Protists,,,,,none,Unidentified,0
A15_165577,Mollusca,Animalia,,,,,none,Unidentified,0
A15_161625,Mollusca,Animalia,,,,,none,Unidentified,0
A15_OE25-1-ALL_22198,Evosea,Protists,,,,,none,Unidentified,0
A15_224123,Nematoda,Animalia,,GDGT/Archaeol,GDGT/Archaeol,Archaeal lipids,MS2_diagnostic,Bronze,2
A15_OE25-1-ALL_13587,Evosea,Protists,,PC/SM,PC/SM,Glycerophospholipids|Sphingolipids,MS2_diagnostic,Bronze,2
A15_OE25-1-ALL_36962,Evosea,Protists,,,,,none,Unidentified,0
A15_OE25-1-ALL_33191,Evosea,Protists,,PE,PE,Glycerophospholipids,MS2_diagnostic,Bronze,2
A15_OE25-1-ALL_22639,Evosea,Protists,,Terpenoid,Terpenoid,Prenol lipids,MS2_diagnostic,Bronze,2
A15_202720,Mollusca,Animalia,LPE(22:2),LPE,LPE,Glycerophospholipids,LipidSearch,Bronze,3
A15_176118,Mollusca,Animalia,,,,,none,Unidentified,0
A15_OE25-1-ALL_21170,Evosea,Protists,,,,,none,Unidentified,0
A15_OE25-1-ALL_5858,Evosea,Protists,,PC/SM,PC/SM,Glycerophospholipids|Sphingolipids,MS2_diagnostic,Bronze,2
A15_OE25-1-ALL_27321,Evosea,Protists,,,,,none,Unidentified,0
A15_OE25-1-ALL_23487,Evosea,Protists,,,,,none,Unidentified,0
A15_OE25-1-ALL_22396,Evosea,Protists,,,,,none,Unidentified,0
A15_OE25-1-ALL_26393,Evosea,Protists,,,,,none,Unidentified,0
A15_OE25-1-ALL_24978,Evosea,Protists,,,,,none,Unidentified,0
A15_OE25-1-ALL_26002,Evosea,Protists,,,,,none,Unidentified,0
A15_OE25-1-ALL_31743,Evosea,Protists,LPE(18:2),LPE,LPE,Glycerophospholipids,LipidSearch,Bronze,3
A15_OE25-1-ALL_6546,Evosea,Protists,,,,,none,Unidentified,0
A15_125148,Chlorophyta,Viridiplantae,,,,,none,Unidentified,0
A15_OE25-1-ALL_41595,Evosea,Protists,,Hopanoid,Hopanoid,Prenol lipids,MS2_diagnostic,Bronze,2
A15_OE25-1-ALL_33198,Evosea,Protists,,,,,none,Unidentified,0
A15_OE25-1-ALL_29348,Evosea,Protists,,,,,none,Unidentified,0
A15_OE25-1-ALL_29396,Evosea,Protists,,,,,none,Unidentified,0
A15_OE25-1-ALL_33086,Evosea,Protists,,,,,none,Unidentified,0
A15_OE21-4-POS_229448,Thermoproteota,Archaea,,GDGT/Archaeol,GDGT/Archaeol,Archaeal lipids,MS2_diagnostic,Bronze,2
A15_OE25-1-ALL_29927,Evosea,Protists,,,,,none,Unidentified,0
A15_199488,Mollusca,Animalia,LPE(22:2),LPE,LPE,Glycerophospholipids,LipidSearch,Bronze,3
A15_OE25-1-ALL_26738,Evosea,Protists,PI(34:0),PI,PI,Glycerophospholipids,LipidSearch,Bronze,3
A15_205611,Mollusca,Animalia,,,,,none,Unidentified,0
A15_164615,Mollusca,Animalia,,,,,none,Unidentified,0
A15_OE25-1-ALL_33032,Evosea,Protists,,,,,none,Unidentified,0
A15_OE25-1-ALL_6058,Evosea,Protists,,PC/SM,PC/SM,Glycerophospholipids|Sphingolipids,MS2_diagnostic,Bronze,2
A15_OE25-1-ALL_29253,Evosea,Protists,,,,,none,Unidentified,0
A15_OE25-1-ALL_31915,Evosea,Protists,,,,,none,Unidentified,0
A15_OE25-1-ALL_17289,Evosea,Protists,,,,,none,Unidentified,0
A15_50463,Mollusca,Animalia,,,,,none,Unidentified,0
A15_131315,Chlorophyta,Viridiplantae,,,,,none,Unidentified,0
A15_159334,Mollusca,Animalia,,,,,none,Unidentified,0
A15_195194,Mollusca,Animalia,,,,,none,Unidentified,0
A15_OE25-1-ALL_23516,Evosea,Protists,PG(16:0_20:4),PG,PG,Glycerophospholipids,LipidSearch,Gold,4
A15_OE25-1-ALL_37037,Evosea,Protists,PE(O-5:0_14:1),PE,PE,Glycerophospholipids,LipidSearch,Gold,4
A15_OE25-1-ALL_39629,Evosea,Protists,,,,,none,Unidentified,0
A15_159860,Mollusca,Animalia,,,,,none,Unidentified,0
A15_OE25-1-ALL_21111,Evosea,Protists,,,,,none,Unidentified,0
A15_OE25-1-ALL_23103,Evosea,Protists,,,,,none,Unidentified,0
A15_OE25-1-ALL_30348,Evosea,Protists,,,,,none,Unidentified,0
A15_OE25-1-ALL_41109,Evosea,Protists,,,,,none,Unidentified,0
A15_OE25-1-ALL_30372,Evosea,Protists,,,,,none,Unidentified,0
A15_OE25-1-ALL_34341,Evosea,Protists,,,,,none,Unidentified,0
A15_OE25-1-ALL_20191,Evosea,Protists,,,,,none,Unidentified,0
A15_OE25-1-ALL_32748,Evosea,Protists,PI(39:2),PI,PI,Glycerophospholipids,LipidSearch,Bronze,3
A15_OE25-1-ALL_25985,Evosea,Protists,,,,,none,Unidentified,0
A15_OE25-1-ALL_36574,Evosea,Protists,,Terpenoid,Terpenoid,Prenol lipids,MS2_diagnostic,Bronze,2
A15_OE25-1-ALL_17306,Evosea,Protists,,,,,none,Unidentified,0
A15_OE25-1-ALL_17722,Evosea,Protists,DG(O-15:1_16:1),DG,DG,Glycerolipids,LipidSearch,Bronze,3
A15_OE25-1-ALL_34191,Evosea,Protists,,,,,none,Unidentified,0
A15_OE25-1-ALL_20886,Evosea,Protists,,,,,none,Unidentified,0
A15_OE25-1-ALL_37013,Evosea,Protists,,,,,none,Unidentified,0
A15_OE25-1-ALL_5024,Evosea,Protists,LPG(19:2),LPG,LPG,Glycerophospholipids,LipidSearch,Bronze,3
A15_OE25-1-ALL_6868,Evosea,Protists,,,,,none,Unidentified,0
A15_OE25-1-ALL_25916,Evosea,Protists,,,,,none,Unidentified,0
A15_OE25-1-ALL_21155,Evosea,Protists,PG(17:2_18:2),PG,PG,Glycerophospholipids,LipidSearch,Gold,4
A15_46792,Arthropoda,Animalia,LPC(P-17:1),LPC,LPC,Glycerophospholipids,LipidSearch,Bronze,3
A15_OE25-1-ALL_33014,Evosea,Protists,,,,,none,Unidentified,0
A15_OE25-1-ALL_27770,Evosea,Protists,,Terpenoid,Terpenoid,Prenol lipids,MS2_diagnostic,Bronze,2
A15_OE25-1-ALL_30462,Evosea,Protists,,,,,none,Unidentified,0
A15_OE25-1-ALL_9400,Evosea,Protists,PG(P-7:0_19:1),PG,PG,Glycerophospholipids,LipidSearch,Bronze,3
A15_OE25-1-ALL_29278,Evosea,Protists,TG(39:1),TG,TG,Glycerolipids,LipidSearch,Bronze,3
A15_176996,Mollusca,Animalia,,,,,none,Unidentified,0
A15_OE25-1-ALL_17388,Evosea,Protists,,,,,none,Unidentified,0
A15_OE25-1-ALL_31566,Evosea,Protists,,Terpenoid,Terpenoid,Prenol lipids,MS2_diagnostic,Bronze,2
A15_OE25-1-ALL_21145,Evosea,Protists,,,,,none,Unidentified,0
A15_OE25-1-ALL_16562,Evosea,Protists,,PE,PE,Glycerophospholipids,MS2_diagnostic,Bronze,2
A15_OE25-1-ALL_21446,Evosea,Protists,,,,,none,Unidentified,0
A15_OE25-1-ALL_40679,Evosea,Protists,,,,,none,Unidentified,0
A15_OE25-1-ALL_17927,Evosea,Protists,,PE,PE,Glycerophospholipids,MS2_diagnostic,Bronze,2
A15_177017,Mollusca,Animalia,,,,,none,Unidentified,0
A15_OE25-1-ALL_33765,Evosea,Protists,,,,,none,Unidentified,0
A15_OE25-1-ALL_11296,Evosea,Protists,,PC/SM,PC/SM,Glycerophospholipids|Sphingolipids,MS2_diagnostic,Bronze,2
A15_OE25-1-ALL_9611,Evosea,Protists,,PC/SM,PC/SM,Glycerophospholipids|Sphingolipids,MS2_diagnostic,Bronze,2
A15_OE25-1-ALL_42690,Evosea,Protists,,PC/SM,PC/SM,Glycerophospholipids|Sphingolipids,MS2_diagnostic,Bronze,2
A15_OE25-1-ALL_21006,Evosea,Protists,PS(32:2),PS,PS,Glycerophospholipids,LipidSearch,Bronze,3
A15_OE25-1-ALL_35122,Evosea,Protists,,Ubiquinone,Ubiquinone,Prenol lipids,MS2_diagnostic,Bronze,2
A15_156462,Mollusca,Animalia,,,,,none,Unidentified,0
A15_153502,Chlorophyta,Viridiplantae,,,,,none,Unidentified,0
A15_OE25-1-ALL_19369,Evosea,Protists,,PC/SM,PC/SM,Glycerophospholipids|Sphingolipids,MS2_diagnostic,Bronze,2
A15_OE25-1-ALL_17329,Evosea,Protists,,,,,none,Unidentified,0
A15_OE25-1-ALL_30152,Evosea,Protists,,,,,none,Unidentified,0
A15_OE25-1-ALL_17319,Evosea,Protists,,PC/SM,PC/SM,Glycerophospholipids|Sphingolipids,MS2_diagnostic,Bronze,2
A15_OE25-1-ALL_21272,Evosea,Protists,,Sterol,Sterol,Sterol lipids,MS2_diagnostic,Bronze,2
A15_143891,Nematoda,Animalia,,,,,none,Unidentified,0
A15_25729,Mollusca,Animalia,PC(20:0),PC,PC,Glycerophospholipids,LipidSearch,Bronze,3
A15_OE25-1-ALL_30769,Evosea,Protists,,,,,none,Unidentified,0
A15_223864,Mollusca,Animalia,,,,,none,Unidentified,0
A15_OE25-1-ALL_34351,Evosea,Protists,,,,,none,Unidentified,0
A15_199487,Mollusca,Animalia,,,,,none,Unidentified,0
A15_OE25-1-ALL_29122,Evosea,Protists,,Terpenoid,Terpenoid,Prenol lipids,MS2_diagnostic,Bronze,2
A15_OE25-1-ALL_42168,Evosea,Protists,,,,,none,Unidentified,0
A15_OE25-1-ALL_33175,Evosea,Protists,,,,,none,Unidentified,0
A15_OE25-1-ALL_31601,Evosea,Protists,,PC/SM,PC/SM,Glycerophospholipids|Sphingolipids,MS2_diagnostic,Bronze,2
A15_OE25-1-ALL_21009,Evosea,Protists,,,,,none,Unidentified,0
A15_OE25-1-ALL_17546,Evosea,Protists,,PC/SM,PC/SM,Glycerophospholipids|Sphingolipids,MS2_diagnostic,Bronze,2
A15_OE25-1-ALL_27982,Evosea,Protists,PI(O-34:2),PI,PI,Glycerophospholipids,LipidSearch,Bronze,3
A15_OE25-1-ALL_16624,Evosea,Protists,PG(20:5_16:2),PG,PG,Glycerophospholipids,LipidSearch,Bronze,3
A15_182072,Mollusca,Animalia,,,,,none,Unidentified,0
A15_OE25-1-ALL_37066,Evosea,Protists,,,,,none,Unidentified,0
A15_OE25-1-ALL_19961,Evosea,Protists,PG(16:2_17:1),PG,PG,Glycerophospholipids,LipidSearch,Bronze,3
A15_OE25-1-ALL_3372,Evosea,Protists,WE(O-19:2),WE,WE,Fatty acyls,LipidSearch,Bronze,3
A15_OE25-1-ALL_10595,Evosea,Protists,,PC/SM,PC/SM,Glycerophospholipids|Sphingolipids,MS2_diagnostic,Bronze,2
A15_82363,Chlorophyta,Viridiplantae,,,,,none,Unidentified,0
A15_222759,Mollusca,Animalia,,,,,none,Unidentified,0
A15_OE25-1-ALL_35783,Evosea,Protists,,,,,none,Unidentified,0
A15_OE25-1-ALL_15353,Evosea,Protists,,,,,none,Unidentified,0
A15_224986,Mollusca,Animalia,,,,,none,Unidentified,0
A15_OE25-1-ALL_34519,Evosea,Protists,,,,,none,Unidentified,0
A15_70604,Arthropoda,Animalia,LPE(18:0),LPE,LPE,Glycerophospholipids,LipidSearch,Gold,4
A15_18762,Arthropoda,Animalia,,PC/SM,PC/SM,Glycerophospholipids|Sphingolipids,MS2_diagnostic,Bronze,2
A15_59162,Mollusca,Animalia,,,,,none,Unidentified,0
A15_OE25-1-ALL_30876,Evosea,Protists,,,,,none,Unidentified,0
A15_167980,Mollusca,Animalia,,,,,none,Unidentified,0
A15_22571,Mollusca,Animalia,PC(21:0),PC,PC,Glycerophospholipids,LipidSearch,Bronze,3
A15_OE25-1-ALL_4936,Evosea,Protists,LPI(O-16:0),LPI,LPI,Glycerophospholipids,LipidSearch,Bronze,3
A15_OE25-1-ALL_33167,Evosea,Protists,,,,,none,Unidentified,0
A15_OE25-1-ALL_5048,Evosea,Protists,WE(O-27:4),WE,WE,Fatty acyls,LipidSearch,Bronze,3
A15_OE25-1-ALL_9461,Evosea,Protists,,PC/SM,PC/SM,Glycerophospholipids|Sphingolipids,MS2_diagnostic,Bronze,2
A15_9807,Mollusca,Animalia,,,,,none,Unidentified,0
A15_OE25-1-ALL_10342,Evosea,Protists,TG(49:14)+OO:(s),TG,TG,Glycerolipids,LipidSearch,Bronze,3
A15_OE25-1-ALL_5025,Evosea,Protists,,PC/SM,PC/SM,Glycerophospholipids|Sphingolipids,MS2_diagnostic,Bronze,2
A15_OE25-1-ALL_17373,Evosea,Protists,,PC/SM,PC/SM,Glycerophospholipids|Sphingolipids,MS2_diagnostic,Bronze,2
A15_35651,Mollusca,Animalia,,,,,none,Unidentified,0
A15_OE25-1-ALL_27801,Evosea,Protists,PI(O-34:2),PI,PI,Glycerophospholipids,LipidSearch,Bronze,3
A15_OE25-1-ALL_39649,Evosea,Protists,,,,,none,Unidentified,0
A15_OE25-1-ALL_30218,Evosea,Protists,,,,,none,Unidentified,0
A15_25880,Mollusca,Animalia,PC(21:0),PC,PC,Glycerophospholipids,LipidSearch,Bronze,3
A15_OE25-1-ALL_8863,Evosea,Protists,,PC/SM,PC/SM,Glycerophospholipids|Sphingolipids,MS2_diagnostic,Bronze,2
A15_OE25-1-ALL_17840,Evosea,Protists,PS(16:2_18:2),PS,PS,Glycerophospholipids,LipidSearch,Gold,4
A15_OE25-1-ALL_7750,Evosea,Protists,PC(17:1),PC,PC,Glycerophospholipids,LipidSearch,Bronze,3
A15_OE25-1-ALL_5191,Evosea,Protists,,,,,none,Unidentified,0
A15_OE25-1-ALL_26180,Evosea,Protists,,PC/SM,PC/SM,Glycerophospholipids|Sphingolipids,MS2_diagnostic,Bronze,2
A15_OE25-1-ALL_35795,Evosea,Protists,,,,,none,Unidentified,0
A15_OE25-1-ALL_11240,Evosea,Protists,,SM,SM,Sphingolipids,MS2_diagnostic,Bronze,2
A15_OE25-1-ALL_13493,Evosea,Protists,PG(18:3_18:2),PG,PG,Glycerophospholipids,LipidSearch,Bronze,3
A15_OE25-1-ALL_22071,Evosea,Protists,,,,,none,Unidentified,0
A15_OE25-1-ALL_16711,Evosea,Protists,,PC/SM,PC/SM,Glycerophospholipids|Sphingolipids,MS2_diagnostic,Bronze,2
A15_OE25-1-ALL_2580,Evosea,Protists,,PC/SM,PC/SM,Glycerophospholipids|Sphingolipids,MS2_diagnostic,Bronze,2
A15_OE25-1-ALL_4864,Evosea,Protists,,,,,none,Unidentified,0
A15_OE25-1-ALL_20845,Evosea,Protists,,Sterol,Sterol,Sterol lipids,MS2_diagnostic,Bronze,2
A15_54292,Chlorophyta,Viridiplantae,,,,,none,Unidentified,0
A15_147486,Chlorophyta,Viridiplantae,PG(23:2_16:0),PG,PG,Glycerophospholipids,LipidSearch,Bronze,3
A15_59554,Chlorophyta,Viridiplantae,,,,,none,Unidentified,0
A15_109961,Chlorophyta,Viridiplantae,,,,,none,Unidentified,0
A15_148523,Chlorophyta,Viridiplantae,,,,,none,Unidentified,0
A15_202560,Chlorophyta,Viridiplantae,,,,,none,Unidentified,0
A15_148528,Chlorophyta,Viridiplantae,,,,,none,Unidentified,0
A15_133323,Chlorophyta,Viridiplantae,,,,,none,Unidentified,0
A15_54908,Chlorophyta,Viridiplantae,,,,,none,Unidentified,0
A15_OE25-1-ALL_3379,Evosea,Protists,,Hopanoid,Hopanoid,Prenol lipids,MS2_diagnostic,Bronze,2
A15_49455,Chlorophyta,Viridiplantae,,,,,none,Unidentified,0
A15_76053,Chlorophyta,Viridiplantae,,,,,none,Unidentified,0
A15_OE25-1-ALL_34124,Evosea,Protists,,,,,none,Unidentified,0
A15_OE25-1-ALL_14938,Evosea,Protists,TG(53:14)+OO:(s),TG,TG,Glycerolipids,LipidSearch,Bronze,3
A15_OE25-1-ALL_37090,Evosea,Protists,,,,,none,Unidentified,0
A15_176748,Mollusca,Animalia,,,,,none,Unidentified,0
A15_199268,Mollusca,Animalia,LPS(20:1),LPS,LPS,Glycerophospholipids,LipidSearch,Bronze,3
A15_75187,Chlorophyta,Viridiplantae,,,,,none,Unidentified,0
A15_OE25-1-ALL_5132,Evosea,Protists,PC(18:2),PC,PC,Glycerophospholipids,LipidSearch,Bronze,3
A15_OE25-1-ALL_32508,Evosea,Protists,PI(O-35:1),PI,PI,Glycerophospholipids,LipidSearch,Bronze,3
A15_13777,Mollusca,Animalia,,,,,none,Unidentified,0
A15_OE25-1-ALL_33591,Evosea,Protists,,,,,none,Unidentified,0
A15_OE25-1-ALL_4108,Evosea,Protists,,Terpenoid,Terpenoid,Prenol lipids,MS2_diagnostic,Bronze,2
A15_220689,Nematoda,Animalia,,,,,none,Unidentified,0
A15_15282,Chlorophyta,Viridiplantae,,Terpenoid,Terpenoid,Prenol lipids,MS2_diagnostic,Bronze,2
A15_195195,Mollusca,Animalia,,,,,none,Unidentified,0
A15_OE25-1-ALL_9683,Evosea,Protists,TG(49:14)+OO:(s),TG,TG,Glycerolipids,LipidSearch,Bronze,3
A15_OE25-1-ALL_19062,Evosea,Protists,,Terpenoid,Terpenoid,Prenol lipids,MS2_diagnostic,Bronze,2
A15_OE25-1-ALL_16799,Evosea,Protists,,Ubiquinone,Ubiquinone,Prenol lipids,MS2_diagnostic,Bronze,2
A15_OE25-1-ALL_17672,Evosea,Protists,,,,,none,Unidentified,0
A15_35648,Mollusca,Animalia,,,,,none,Unidentified,0
A15_OE25-1-ALL_47647,Evosea,Protists,,PC/SM,PC/SM,Glycerophospholipids|Sphingolipids,MS2_diagnostic,Bronze,2
A15_OE25-1-ALL_37806,Evosea,Protists,,Terpenoid,Terpenoid,Prenol lipids,MS2_diagnostic,Bronze,2
A15_OE25-1-ALL_10567,Evosea,Protists,TG(2:0_13:0_16:0)+OO:(s),TG,TG,Glycerolipids,LipidSearch,Bronze,3
A15_193039,Chlorophyta,Viridiplantae,,,,,none,Unidentified,0
A15_OE25-1-ALL_21112,Evosea,Protists,,PC/SM,PC/SM,Glycerophospholipids|Sphingolipids,MS2_diagnostic,Bronze,2
A15_OE25-1-ALL_24320,Evosea,Protists,PEt(21:5_18:2),PEt,PEt,Glycerophospholipids,LipidSearch,Bronze,3
A15_OE25-1-ALL_41087,Evosea,Protists,,,,,none,Unidentified,0
A15_OE25-1-ALL_33383,Evosea,Protists,,Terpenoid,Terpenoid,Prenol lipids,MS2_diagnostic,Bronze,2
A15_26874,Mollusca,Animalia,PC(24:2),PC,PC,Glycerophospholipids,LipidSearch,Bronze,3
A15_71622,Chlorophyta,Viridiplantae,,,,,none,Unidentified,0
A15_OE25-1-ALL_37093,Evosea,Protists,,,,,none,Unidentified,0
A15_169808,Mollusca,Animalia,,,,,none,Unidentified,0
A15_OE25-1-ALL_26821,Evosea,Protists,,,,,none,Unidentified,0
A15_OE25-1-ALL_5918,Evosea,Protists,,PE,PE,Glycerophospholipids,MS2_diagnostic,Bronze,2
A15_148300,Chlorophyta,Viridiplantae,,,,,none,Unidentified,0
A15_221305,Chlorophyta,Viridiplantae,,,,,none,Unidentified,0
A15_OE25-1-ALL_33974,Evosea,Protists,,PC/SM,PC/SM,Glycerophospholipids|Sphingolipids,MS2_diagnostic,Bronze,2
A15_OE25-1-ALL_6257,Evosea,Protists,,PC/SM,PC/SM,Glycerophospholipids|Sphingolipids,MS2_diagnostic,Bronze,2
A15_OE25-1-ALL_9894,Evosea,Protists,,PC/SM,PC/SM,Glycerophospholipids|Sphingolipids,MS2_diagnostic,Bronze,2
A15_OE25-1-ALL_21472,Evosea,Protists,PS(32:2),PS,PS,Glycerophospholipids,LipidSearch,Bronze,3
A15_OE25-1-ALL_37902,Evosea,Protists,,Ubiquinone,Ubiquinone,Prenol lipids,MS2_diagnostic,Bronze,2
A15_OE25-1-ALL_40912,Evosea,Protists,,Ubiquinone,Ubiquinone,Prenol lipids,MS2_diagnostic,Bronze,2
A15_OE25-1-ALL_13388,Evosea,Protists,PC(28:4),PC,PC,Glycerophospholipids,LipidSearch,Bronze,3
A15_OE25-1-ALL_1629,Evosea,Protists,,PC/SM,PC/SM,Glycerophospholipids|Sphingolipids,MS2_diagnostic,Bronze,2
A15_54647,Chlorophyta,Viridiplantae,,,,,none,Unidentified,0
A15_143080,Chlorophyta,Viridiplantae,,,,,none,Unidentified,0
A15_117797,Chlorophyta,Viridiplantae,,,,,none,Unidentified,0
A15_OE25-1-ALL_21334,Evosea,Protists,,,,,none,Unidentified,0
A15_OE25-1-ALL_30364,Evosea,Protists,,Terpenoid,Terpenoid,Prenol lipids,MS2_diagnostic,Bronze,2
A15_97862,Mollusca,Animalia,,,,,none,Unidentified,0
A15_226531,Mollusca,Animalia,LPC(20:4),LPC,LPC,Glycerophospholipids,LipidSearch,Bronze,3
A15_OE25-1-ALL_18185,Evosea,Protists,,PC/SM,PC/SM,Glycerophospholipids|Sphingolipids,MS2_diagnostic,Bronze,2
A15_OE25-1-ALL_17866,Evosea,Protists,,PC/SM,PC/SM,Glycerophospholipids|Sphingolipids,MS2_diagnostic,Bronze,2
A15_OE25-1-ALL_3221,Evosea,Protists,LPG(17:2),LPG,LPG,Glycerophospholipids,LipidSearch,Bronze,3
A15_OE25-1-ALL_36006,Evosea,Protists,,,,,none,Unidentified,0
A15_OE25-1-ALL_46864,Evosea,Protists,DG(O-49:8),DG,DG,Glycerolipids,LipidSearch,Bronze,3
A15_OE25-1-ALL_15649,Evosea,Protists,,PC/SM,PC/SM,Glycerophospholipids|Sphingolipids,MS2_diagnostic,Bronze,2
A15_14703,Mollusca,Animalia,,,,,none,Unidentified,0
A15_OE25-1-ALL_3205,Evosea,Protists,,PE,PE,Glycerophospholipids,MS2_diagnostic,Bronze,2
A15_27379,Mollusca,Animalia,,,,,none,Unidentified,0
A15_OE25-1-ALL_3351,Evosea,Protists,,,,,none,Unidentified,0
A15_OE25-1-ALL_39683,Evosea,Protists,,,,,none,Unidentified,0
A15_OE25-1-ALL_22003,Evosea,Protists,,,,,none,Unidentified,0
A15_OE25-1-ALL_3765,Evosea,Protists,,PC/SM,PC/SM,Glycerophospholipids|Sphingolipids,MS2_diagnostic,Bronze,2
A15_OE25-1-ALL_38033,Evosea,Protists,,Terpenoid,Terpenoid,Prenol lipids,MS2_diagnostic,Bronze,2
A15_37722,Nematoda,Animalia,,,,,none,Unidentified,0
A15_OE25-1-ALL_21251,Evosea,Protists,,,,,none,Unidentified,0
A15_217963,Mollusca,Animalia,,,,,none,Unidentified,0
A15_OE25-1-ALL_17374,Evosea,Protists,,,,,none,Unidentified,0
A15_OE25-1-ALL_3808,Evosea,Protists,,PC/SM,PC/SM,Glycerophospholipids|Sphingolipids,MS2_diagnostic,Bronze,2
A15_OE25-1-ALL_8879,Evosea,Protists,,,,,none,Unidentified,0
A15_OE25-1-ALL_23072,Evosea,Protists,,,,,none,Unidentified,0
A15_60131,Mollusca,Animalia,,,,,none,Unidentified,0
A15_OE25-1-ALL_36008,Evosea,Protists,,,,,none,Unidentified,0
A15_OE25-1-ALL_16685,Evosea,Protists,,PC/SM,PC/SM,Glycerophospholipids|Sphingolipids,MS2_diagnostic,Bronze,2
A15_OE25-1-ALL_20036,Evosea,Protists,DG(P-10:0_19:0),DG,DG,Glycerolipids,LipidSearch,Bronze,3
A15_OE25-1-ALL_19408,Evosea,Protists,,Terpenoid,Terpenoid,Prenol lipids,MS2_diagnostic,Bronze,2
A15_OE25-1-ALL_37634,Evosea,Protists,LPC(P-30:0),LPC,LPC,Glycerophospholipids,LipidSearch,Bronze,3
A15_OE25-1-ALL_10345,Evosea,Protists,PS(18:3_18:2),PS,PS,Glycerophospholipids,LipidSearch,Gold,4
A15_OE25-1-ALL_39734,Evosea,Protists,,,,,none,Unidentified,0
A15_OE25-1-ALL_8891,Evosea,Protists,PEt(P-4:0_18:0),PEt,PEt,Glycerophospholipids,LipidSearch,Bronze,3
A15_OE25-1-ALL_11012,Evosea,Protists,,PC/SM,PC/SM,Glycerophospholipids|Sphingolipids,MS2_diagnostic,Bronze,2
A15_OE25-1-ALL_21477,Evosea,Protists,,,,,none,Unidentified,0
A15_196308,Chlorophyta,Viridiplantae,MGDG(16:0_18:1),MGDG,MGDG,Glycerolipids,LipidSearch,Bronze,3
A15_OE25-1-ALL_5356,Evosea,Protists,,Terpenoid,Terpenoid,Prenol lipids,MS2_diagnostic,Bronze,2
A15_OE25-1-ALL_24718,Evosea,Protists,,,,,none,Unidentified,0
A15_OE25-1-ALL_32303,Evosea,Protists,,,,,none,Unidentified,0
A15_2199,Arthropoda,Animalia,,,,,none,Unidentified,0
A15_194957,Nematoda,Animalia,TG(27:0_9:0)+O:(s),TG,TG,Glycerolipids,LipidSearch,Bronze,3
A15_220688,Nematoda,Animalia,,,,,none,Unidentified,0
A15_221412,Nematoda,Animalia,,,,,none,Unidentified,0
A15_221523,Nematoda,Animalia,,,,,none,Unidentified,0
A15_199269,Mollusca,Animalia,,,,,none,Unidentified,0
A15_OE25-1-ALL_14099,Evosea,Protists,,,,,none,Unidentified,0
A15_OE25-1-ALL_4661,Evosea,Protists,,,,,none,Unidentified,0
A15_OE25-1-ALL_40012,Evosea,Protists,,Hopanoid,Hopanoid,Prenol lipids,MS2_diagnostic,Bronze,2
A15_108189,Chlorophyta,Viridiplantae,MePC(37:8),MePC,MePC,Glycerophospholipids,LipidSearch,Bronze,3
A15_OE25-1-ALL_968,Evosea,Protists,,Terpenoid,Terpenoid,Prenol lipids,MS2_diagnostic,Bronze,2
A15_225551,Mollusca,Animalia,,,,,none,Unidentified,0
A15_100907,Chlorophyta,Viridiplantae,,,,,none,Unidentified,0
A15_OE25-1-ALL_4659,Evosea,Protists,,PC/SM,PC/SM,Glycerophospholipids|Sphingolipids,MS2_diagnostic,Bronze,2
A15_209914,Nematoda,Animalia,DGDG(24:0_18:3),DGDG,DGDG,Glycerolipids,LipidSearch,Gold,4
A15_216879,Chlorophyta,Viridiplantae,,,,,none,Unidentified,0
A15_OE25-1-ALL_40205,Evosea,Protists,,,,,none,Unidentified,0
A15_176620,Mollusca,Animalia,,,,,none,Unidentified,0
A15_37737,Mollusca,Animalia,,Sterol,Sterol,Sterol lipids,MS2_diagnostic,Bronze,2
A15_222247,Nematoda,Animalia,,GDGT/Archaeol,GDGT/Archaeol,Archaeal lipids,MS2_diagnostic,Bronze,2
A15_OE25-1-ALL_6226,Evosea,Protists,,PE,PE,Glycerophospholipids,MS2_diagnostic,Bronze,2
A15_61993,Chlorophyta,Viridiplantae,,,,,none,Unidentified,0
A15_57472,Mollusca,Animalia,,,,,none,Unidentified,0
A15_OE25-1-ALL_28666,Evosea,Protists,,Ceramide,Ceramide,Sphingolipids,MS2_diagnostic,Bronze,2
A15_OE25-1-ALL_40322,Evosea,Protists,,,,,none,Unidentified,0
A15_173840,Mollusca,Animalia,,,,,none,Unidentified,0
A15_222590,Nematoda,Animalia,,,,,none,Unidentified,0
A15_OE25-1-ALL_19437,Evosea,Protists,PS(20:5_16:1),PS,PS,Glycerophospholipids,LipidSearch,Gold,4
A15_221751,Nematoda,Animalia,,,,,none,Unidentified,0
A15_170591,Chlorophyta,Viridiplantae,,,,,none,Unidentified,0
A15_OE25-1-ALL_21127,Evosea,Protists,,,,,none,Unidentified,0
A15_47591,Chlorophyta,Viridiplantae,,Terpenoid,Terpenoid,Prenol lipids,MS2_diagnostic,Bronze,2
A15_220277,Mollusca,Animalia,,,,,none,Unidentified,0
A15_OE25-1-ALL_22965,Evosea,Protists,,,,,none,Unidentified,0
A15_OE25-1-ALL_29355,Evosea,Protists,,,,,none,Unidentified,0
A15_143165,Mollusca,Animalia,,PC/SM,PC/SM,Glycerophospholipids|Sphingolipids,MS2_diagnostic,Bronze,2
A15_32034,Mollusca,Animalia,,,,,none,Unidentified,0
A15_219940,Mollusca,Animalia,,,,,none,Unidentified,0
A15_1644,Arthropoda,Animalia,,,,,none,Unidentified,0
A15_OE25-1-ALL_34548,Evosea,Protists,,,,,none,Unidentified,0
A15_OE25-1-ALL_38163,Evosea,Protists,,Terpenoid,Terpenoid,Prenol lipids,MS2_diagnostic,Bronze,2
A15_218625,Mollusca,Animalia,,Terpenoid,Terpenoid,Prenol lipids,MS2_diagnostic,Bronze,2
A15_OE25-1-ALL_3429,Evosea,Protists,LPS(17:1),LPS,LPS,Glycerophospholipids,LipidSearch,Bronze,3
A15_OE25-1-ALL_21197,Evosea,Protists,,,,,none,Unidentified,0
A15_OE25-1-ALL_22893,Evosea,Protists,,,,,none,Unidentified,0
A15_131437,Chlorophyta,Viridiplantae,,,,,none,Unidentified,0
A15_OE25-1-ALL_4380,Evosea,Protists,,,,,none,Unidentified,0
A15_OE25-1-ALL_4943,Evosea,Protists,,PC/SM,PC/SM,Glycerophospholipids|Sphingolipids,MS2_diagnostic,Bronze,2
A15_166606,Arthropoda,Animalia,SM(d37:2),SM,SM,Sphingolipids,LipidSearch,Bronze,3
A15_OE25-1-ALL_21420,Evosea,Protists,,,,,none,Unidentified,0
A15_OE25-1-ALL_5551,Evosea,Protists,LPA(18:1),LPA,LPA,Glycerophospholipids,LipidSearch,Bronze,3
A15_217272,Nematoda,Animalia,,,,,none,Unidentified,0
A15_OE25-1-ALL_13827,Evosea,Protists,,PC/SM,PC/SM,Glycerophospholipids|Sphingolipids,MS2_diagnostic,Bronze,2
A15_53225,Arthropoda,Animalia,,,,,none,Unidentified,0
A15_187098,Arthropoda,Animalia,,,,,none,Unidentified,0
A15_80240,Mollusca,Animalia,,,,,none,Unidentified,0
A15_OE25-1-ALL_4552,Evosea,Protists,,,,,none,Unidentified,0
A15_39957,Arthropoda,Animalia,,,,,none,Unidentified,0
A15_151430,Mollusca,Animalia,,,,,none,Unidentified,0
A15_OE25-1-ALL_41511,Evosea,Protists,,,,,none,Unidentified,0
A15_59717,Chlorophyta,Viridiplantae,,,,,none,Unidentified,0
A15_OE25-1-ALL_20409,Evosea,Protists,PG(16:2_17:1),PG,PG,Glycerophospholipids,LipidSearch,Bronze,3
A15_OE25-1-ALL_6496,Evosea,Protists,,PC/SM,PC/SM,Glycerophospholipids|Sphingolipids,MS2_diagnostic,Bronze,2
A15_OE25-1-ALL_40837,Evosea,Protists,,,,,none,Unidentified,0
A15_OE25-1-ALL_8197,Evosea,Protists,,Terpenoid,Terpenoid,Prenol lipids,MS2_diagnostic,Bronze,2
A15_52112,Chlorophyta,Viridiplantae,,Terpenoid,Terpenoid,Prenol lipids,MS2_diagnostic,Bronze,2
A15_130381,Chlorophyta,Viridiplantae,,,,,none,Unidentified,0
A15_OE25-1-ALL_21058,Evosea,Protists,,,,,none,Unidentified,0
A15_OE25-1-ALL_39620,Evosea,Protists,,Terpenoid,Terpenoid,Prenol lipids,MS2_diagnostic,Bronze,2
A15_OE25-1-ALL_39539,Evosea,Protists,,,,,none,Unidentified,0
A15_OE25-1-ALL_2330,Evosea,Protists,LPC(P-22:5),LPC,LPC,Glycerophospholipids,LipidSearch,Bronze,3
A15_1273,Arthropoda,Animalia,,,,,none,Unidentified,0
A15_OE25-1-ALL_36978,Evosea,Protists,,,,,none,Unidentified,0
A15_OE25-1-ALL_6545,Evosea,Protists,,PC/SM,PC/SM,Glycerophospholipids|Sphingolipids,MS2_diagnostic,Bronze,2
A15_15146,Evosea,Protists,,,,,none,Unidentified,0
A15_143115,Chlorophyta,Viridiplantae,,,,,none,Unidentified,0
A15_OE25-1-ALL_15692,Evosea,Protists,,PC/SM,PC/SM,Glycerophospholipids|Sphingolipids,MS2_diagnostic,Bronze,2
A15_OE25-1-ALL_24596,Evosea,Protists,,,,,none,Unidentified,0
A15_51363,Chlorophyta,Viridiplantae,,,,,none,Unidentified,0
A15_223120,Nematoda,Animalia,,,,,none,Unidentified,0
A15_OE25-1-ALL_9739,Evosea,Protists,MG(O-20:5),MG,MG,Glycerolipids,LipidSearch,Bronze,3
A15_156384,Chlorophyta,Viridiplantae,,,,,none,Unidentified,0
A15_223406,Mollusca,Animalia,,,,,none,Unidentified,0
A15_101320,Chlorophyta,Viridiplantae,,,,,none,Unidentified,0
A15_220136,Nematoda,Animalia,,,,,none,Unidentified,0
A15_14572,Mollusca,Animalia,,,,,none,Unidentified,0
A15_88389,Chlorophyta,Viridiplantae,,,,,none,Unidentified,0
A15_OE25-1-ALL_27017,Evosea,Protists,,,,,none,Unidentified,0
A15_OE25-1-ALL_4134,Evosea,Protists,,Terpenoid,Terpenoid,Prenol lipids,MS2_diagnostic,Bronze,2
A15_187454,Mollusca,Animalia,,,,,none,Unidentified,0
A15_224550,Nematoda,Animalia,,GDGT/Archaeol,GDGT/Archaeol,Archaeal lipids,MS2_diagnostic,Bronze,2
A15_49501,Arthropoda,Animalia,,,,,none,Unidentified,0
A15_OE25-1-ALL_15463,Evosea,Protists,,PE,PE,Glycerophospholipids,MS2_diagnostic,Bronze,2
A15_OE25-1-ALL_2581,Evosea,Protists,,Ubiquinone,Ubiquinone,Prenol lipids,MS2_diagnostic,Bronze,2
A15_OE25-1-ALL_10682,Evosea,Protists,,PC/SM,PC/SM,Glycerophospholipids|Sphingolipids,MS2_diagnostic,Bronze,2
A15_130084,Arthropoda,Animalia,,Ubiquinone,Ubiquinone,Prenol lipids,MS2_diagnostic,Bronze,2
A15_23708,Chlorophyta,Viridiplantae,,,,,none,Unidentified,0
A15_OE25-1-ALL_37072,Evosea,Protists,,PC/SM,PC/SM,Glycerophospholipids|Sphingolipids,MS2_diagnostic,Bronze,2
A15_95235,Chlorophyta,Viridiplantae,,Terpenoid,Terpenoid,Prenol lipids,MS2_diagnostic,Bronze,2
A15_173088,Mollusca,Animalia,,,,,none,Unidentified,0
A15_162242,Nematoda,Animalia,,,,,none,Unidentified,0
A15_222924,Nematoda,Animalia,,GDGT/Archaeol,GDGT/Archaeol,Archaeal lipids,MS2_diagnostic,Bronze,2
A15_73265,Mollusca,Animalia,,,,,none,Unidentified,0
A15_OE25-1-ALL_26825,Evosea,Protists,,PC/SM,PC/SM,Glycerophospholipids|Sphingolipids,MS2_diagnostic,Bronze,2
A15_78644,Chlorophyta,Viridiplantae,,,,,none,Unidentified,0
A15_42463,Chlorophyta,Viridiplantae,,,,,none,Unidentified,0
A15_OE25-1-ALL_18591,Evosea,Protists,,PC/SM,PC/SM,Glycerophospholipids|Sphingolipids,MS2_diagnostic,Bronze,2
A15_OE25-1-ALL_19306,Evosea,Protists,,PC/SM,PC/SM,Glycerophospholipids|Sphingolipids,MS2_diagnostic,Bronze,2
A15_9806,Mollusca,Animalia,,,,,none,Unidentified,0
A15_OE25-1-ALL_22514,Evosea,Protists,,PC/SM,PC/SM,Glycerophospholipids|Sphingolipids,MS2_diagnostic,Bronze,2
A15_OE25-1-ALL_24422,Evosea,Protists,PE(P-18:4_18:2),PE,PE,Glycerophospholipids,LipidSearch,Gold,4
A15_200666,Arthropoda,Animalia,Cer(d16:2_22:0),Cer,Cer,Sphingolipids,LipidSearch,Bronze,3
A15_73680,Mollusca,Animalia,,,,,none,Unidentified,0
A15_25879,Mollusca,Animalia,,PC/SM,PC/SM,Glycerophospholipids|Sphingolipids,MS2_diagnostic,Bronze,2
A15_OE25-1-ALL_3797,Evosea,Protists,,Terpenoid,Terpenoid,Prenol lipids,MS2_diagnostic,Bronze,2
A15_OE25-1-ALL_46255,Evosea,Protists,,,,,none,Unidentified,0
A15_91809,Chlorophyta,Viridiplantae,,Terpenoid,Terpenoid,Prenol lipids,MS2_diagnostic,Bronze,2
A15_223550,Nematoda,Animalia,,GDGT/Archaeol,GDGT/Archaeol,Archaeal lipids,MS2_diagnostic,Bronze,2
A15_11524,Mollusca,Animalia,,,,,none,Unidentified,0
A15_225599,Nematoda,Animalia,,GDGT/Archaeol,GDGT/Archaeol,Archaeal lipids,MS2_diagnostic,Bronze,2
A15_73856,Mollusca,Animalia,,,,,none,Unidentified,0
A15_OE25-1-ALL_41108,Evosea,Protists,,,,,none,Unidentified,0
A15_OE25-1-ALL_45701,Evosea,Protists,,,,,none,Unidentified,0
A15_7375,Arthropoda,Animalia,,,,,none,Unidentified,0
A15_69513,Chlorophyta,Viridiplantae,,,,,none,Unidentified,0
A15_217185,Nematoda,Animalia,,,,,none,Unidentified,0
A15_OE25-1-ALL_17385,Evosea,Protists,,,,,none,Unidentified,0
A15_OE25-1-ALL_6584,Evosea,Protists,,Terpenoid,Terpenoid,Prenol lipids,MS2_diagnostic,Bronze,2
A15_OE25-1-ALL_3770,Evosea,Protists,,,,,none,Unidentified,0
A15_OE25-1-ALL_22586,Evosea,Protists,,PC/SM,PC/SM,Glycerophospholipids|Sphingolipids,MS2_diagnostic,Bronze,2
A15_OE25-1-ALL_22732,Evosea,Protists,,PC/SM,PC/SM,Glycerophospholipids|Sphingolipids,MS2_diagnostic,Bronze,2
A15_OE25-1-ALL_21070,Evosea,Protists,,,,,none,Unidentified,0
A15_OE25-1-ALL_43166,Evosea,Protists,TG(18:0_20:3_20:3)+OO:(s),TG,TG,Glycerolipids,LipidSearch,Gold,4
A15_173033,Chlorophyta,Viridiplantae,,,,,none,Unidentified,0
A15_224912,Mollusca,Animalia,,,,,none,Unidentified,0
A15_226350,Mollusca,Animalia,,,,,none,Unidentified,0
A15_OE25-1-ALL_9827,Evosea,Protists,TG(49:14)+OO:(s),TG,TG,Glycerolipids,LipidSearch,Bronze,3
A15_78676,Chlorophyta,Viridiplantae,,,,,none,Unidentified,0
A15_58094,Chlorophyta,Viridiplantae,,,,,none,Unidentified,0
A15_224552,Nematoda,Animalia,,,,,none,Unidentified,0
A15_OE25-1-ALL_49487,Evosea,Protists,,,,,none,Unidentified,0
A15_227641,Mollusca,Animalia,,,,,none,Unidentified,0
A15_228599,Mollusca,Animalia,,,,,none,Unidentified,0
A15_OE25-1-ALL_12567,Evosea,Protists,PC(30:6),PC,PC,Glycerophospholipids,LipidSearch,Bronze,3
A15_OE25-1-ALL_45440,Evosea,Protists,DG(O-47:8),DG,DG,Glycerolipids,LipidSearch,Bronze,3
A15_OE25-1-ALL_17019,Evosea,Protists,,,,,none,Unidentified,0
A15_OE25-1-ALL_20405,Evosea,Protists,PEt(19:3_16:2),PEt,PEt,Glycerophospholipids,LipidSearch,Bronze,3
A15_OE25-1-ALL_6525,Evosea,Protists,,,,,none,Unidentified,0
A15_OE25-1-ALL_15455,Evosea,Protists,PG(16:2_17:2),PG,PG,Glycerophospholipids,LipidSearch,Gold,4
A15_OE25-1-ALL_4079,Evosea,Protists,,,,,none,Unidentified,0
A15_180136,Nematoda,Animalia,,,,,none,Unidentified,0
A15_42497,Arthropoda,Animalia,,,,,none,Unidentified,0
A15_57882,Chlorophyta,Viridiplantae,,,,,none,Unidentified,0
A15_OE25-1-ALL_22104,Evosea,Protists,,PC/SM,PC/SM,Glycerophospholipids|Sphingolipids,MS2_diagnostic,Bronze,2
A15_OE25-1-ALL_39946,Evosea,Protists,,Terpenoid,Terpenoid,Prenol lipids,MS2_diagnostic,Bronze,2
A15_OE25-1-ALL_21287,Evosea,Protists,,,,,none,Unidentified,0
A15_OE25-1-ALL_10551,Evosea,Protists,DG(P-11:0_17:1),DG,DG,Glycerolipids,LipidSearch,Bronze,3
A15_228069,Nematoda,Animalia,,,,,none,Unidentified,0
A15_OE25-1-ALL_5046,Evosea,Protists,PA(O-20:1),PA,PA,Glycerophospholipids,LipidSearch,Bronze,3
A15_OE25-1-ALL_16911,Evosea,Protists,,PC/SM,PC/SM,Glycerophospholipids|Sphingolipids,MS2_diagnostic,Bronze,2
A15_221421,Mollusca,Animalia,,,,,none,Unidentified,0
A15_133319,Chlorophyta,Viridiplantae,,Terpenoid,Terpenoid,Prenol lipids,MS2_diagnostic,Bronze,2
A15_OE25-1-ALL_43993,Evosea,Protists,,PC/SM,PC/SM,Glycerophospholipids|Sphingolipids,MS2_diagnostic,Bronze,2
A15_OE25-1-ALL_4008,Evosea,Protists,,Terpenoid,Terpenoid,Prenol lipids,MS2_diagnostic,Bronze,2
A15_OE25-1-ALL_4904,Evosea,Protists,PC(14:0),PC,PC,Glycerophospholipids,LipidSearch,Bronze,3
A15_OE25-1-ALL_38857,Evosea,Protists,TG(3:0_17:1_20:2),TG,TG,Glycerolipids,LipidSearch,Bronze,3
A15_130374,Chlorophyta,Viridiplantae,,,,,none,Unidentified,0
A15_84121,Mollusca,Animalia,,,,,none,Unidentified,0
A15_30595,Arthropoda,Animalia,LPC(P-15:2),LPC,LPC,Glycerophospholipids,LipidSearch,Bronze,3
A15_212830,Nematoda,Animalia,,SM,SM,Sphingolipids,MS2_diagnostic,Bronze,2
A15_OE25-1-ALL_39998,Evosea,Protists,,,,,none,Unidentified,0
A15_OE25-1-ALL_3800,Evosea,Protists,,PC/SM,PC/SM,Glycerophospholipids|Sphingolipids,MS2_diagnostic,Bronze,2
A15_145332,Mollusca,Animalia,,,,,none,Unidentified,0
A15_132410,Chlorophyta,Viridiplantae,,,,,none,Unidentified,0
A15_OE25-1-ALL_17656,Evosea,Protists,,,,,none,Unidentified,0
A15_223548,Nematoda,Animalia,,,,,none,Unidentified,0
A15_9808,Mollusca,Animalia,,,,,none,Unidentified,0
A15_OE25-1-ALL_49459,Evosea,Protists,TG(O-16:0_18:1_16:2),TG,TG,Glycerolipids,LipidSearch,Bronze,3
A15_OE25-1-ALL_5261,Evosea,Protists,,PC/SM,PC/SM,Glycerophospholipids|Sphingolipids,MS2_diagnostic,Bronze,2
A15_OE25-1-ALL_39650,Evosea,Protists,,Terpenoid,Terpenoid,Prenol lipids,MS2_diagnostic,Bronze,2
A15_223268,Nematoda,Animalia,,,,,none,Unidentified,0
A15_OE25-1-ALL_32782,Evosea,Protists,PI(39:2),PI,PI,Glycerophospholipids,LipidSearch,Bronze,3
A15_OE25-1-ALL_17357,Evosea,Protists,,PC/SM,PC/SM,Glycerophospholipids|Sphingolipids,MS2_diagnostic,Bronze,2
A15_14509,Mollusca,Animalia,,,,,none,Unidentified,0
A15_OE21-4-POS_19939,Thermoproteota,Archaea,,,,,none,Unidentified,0
A15_OE21-4-POS_4521,Thermoproteota,Archaea,,,,,none,Unidentified,0
A15_OE21-4-POS_22882,Thermoproteota,Archaea,,,,,none,Unidentified,0
A15_OE25-1-ALL_2739,Evosea,Protists,,Terpenoid,Terpenoid,Prenol lipids,MS2_diagnostic,Bronze,2
A15_OE25-1-ALL_13489,Evosea,Protists,,PE,PE,Glycerophospholipids,MS2_diagnostic,Bronze,2
A15_OE21-4-POS_16208,Thermoproteota,Archaea,,,,,none,Unidentified,0
A15_226014,Nematoda,Animalia,,GDGT/Archaeol,GDGT/Archaeol,Archaeal lipids,MS2_diagnostic,Bronze,2
A15_73144,Chlorophyta,Viridiplantae,,,,,none,Unidentified,0
A15_151328,Chlorophyta,Viridiplantae,,,,,none,Unidentified,0
A15_225150,Nematoda,Animalia,,GDGT/Archaeol,GDGT/Archaeol,Archaeal lipids,MS2_diagnostic,Bronze,2
A15_OE25-1-ALL_9958,Evosea,Protists,PS(36:5),PS,PS,Glycerophospholipids,LipidSearch,Bronze,3
A15_80571,Chlorophyta,Viridiplantae,,,,,none,Unidentified,0
A15_16544,Mollusca,Animalia,,,,,none,Unidentified,0
A15_OE25-1-ALL_17175,Evosea,Protists,,PC/SM,PC/SM,Glycerophospholipids|Sphingolipids,MS2_diagnostic,Bronze,2
A15_OE25-1-ALL_4944,Evosea,Protists,,,,,none,Unidentified,0
A15_OE25-1-ALL_6946,Evosea,Protists,,Terpenoid,Terpenoid,Prenol lipids,MS2_diagnostic,Bronze,2
A15_OE25-1-ALL_3812,Evosea,Protists,,PC/SM,PC/SM,Glycerophospholipids|Sphingolipids,MS2_diagnostic,Bronze,2
A15_OE25-1-ALL_20739,Evosea,Protists,DG(O-13:0_19:2),DG,DG,Glycerolipids,LipidSearch,Bronze,3
A15_172775,Chlorophyta,Viridiplantae,,,,,none,Unidentified,0
A15_OE25-1-ALL_25275,Evosea,Protists,,,,,none,Unidentified,0
A15_OE25-1-ALL_39807,Evosea,Protists,,,,,none,Unidentified,0
A15_OE25-1-ALL_20154,Evosea,Protists,,PC/SM,PC/SM,Glycerophospholipids|Sphingolipids,MS2_diagnostic,Bronze,2
A15_94983,Chlorophyta,Viridiplantae,,,,,none,Unidentified,0
A15_93687,Chlorophyta,Viridiplantae,,,,,none,Unidentified,0
A15_OE21-4-POS_5820,Thermoproteota,Archaea,,,,,none,Unidentified,0
A15_147570,Mollusca,Animalia,,,,,none,Unidentified,0
A15_78646,Chlorophyta,Viridiplantae,,,,,none,Unidentified,0
A15_224119,Nematoda,Animalia,,GDGT/Archaeol,GDGT/Archaeol,Archaeal lipids,MS2_diagnostic,Bronze,2
A15_7422,Arthropoda,Animalia,,,,,none,Unidentified,0
A15_110014,Chlorophyta,Viridiplantae,,,,,none,Unidentified,0
A15_7851,Mollusca,Animalia,,,,,none,Unidentified,0
A15_OE25-1-ALL_39134,Evosea,Protists,TG(38:10_16:0),TG,TG,Glycerolipids,LipidSearch,Bronze,3
A15_225553,Mollusca,Animalia,,,,,none,Unidentified,0
A15_OE25-1-ALL_17101,Evosea,Protists,,,,,none,Unidentified,0
A15_217672,Mollusca,Animalia,,,,,none,Unidentified,0
A15_174434,Arthropoda,Animalia,SM(d16:1_19:1),SM,SM,Sphingolipids,LipidSearch,Bronze,3
A15_33513,Mollusca,Animalia,,,,,none,Unidentified,0
A15_OE25-1-ALL_7753,Evosea,Protists,,PE,PE,Glycerophospholipids,MS2_diagnostic,Bronze,2
A15_32816,Arthropoda,Animalia,,,,,none,Unidentified,0
A15_152013,Mollusca,Animalia,,,,,none,Unidentified,0
A15_196630,Chlorophyta,Viridiplantae,DG(24:0_24:7),DG,DG,Glycerolipids,LipidSearch,Bronze,3
A15_159170,Nematoda,Animalia,,,,,none,Unidentified,0
A15_OE25-1-ALL_21475,Evosea,Protists,,,,,none,Unidentified,0
A15_22318,Chlorophyta,Viridiplantae,,,,,none,Unidentified,0
A15_228230,Nematoda,Animalia,,,,,none,Unidentified,0
A15_144419,Nematoda,Animalia,,,,,none,Unidentified,0
A15_225948,Nematoda,Animalia,,,,,none,Unidentified,0
A15_56879,Arthropoda,Animalia,,,,,none,Unidentified,0
A15_154723,Arthropoda,Animalia,,,,,none,Unidentified,0
A15_56292,Arthropoda,Animalia,LPC(O-18:3),LPC,LPC,Glycerophospholipids,LipidSearch,Bronze,3
A15_52820,Arthropoda,Animalia,LPC(O-18:3),LPC,LPC,Glycerophospholipids,LipidSearch,Bronze,3
A15_154155,Arthropoda,Animalia,,PC/SM,PC/SM,Glycerophospholipids|Sphingolipids,MS2_diagnostic,Bronze,2
A15_160429,Arthropoda,Animalia,,,,,none,Unidentified,0
A15_OE25-1-ALL_833,Evosea,Protists,,PC/SM,PC/SM,Glycerophospholipids|Sphingolipids,MS2_diagnostic,Bronze,2
A15_11525,Mollusca,Animalia,,,,,none,Unidentified,0
A15_12239,Arthropoda,Animalia,,Terpenoid,Terpenoid,Prenol lipids,MS2_diagnostic,Bronze,2
A15_OE25-1-ALL_15524,Evosea,Protists,,,,,none,Unidentified,0
A15_19695,Mollusca,Animalia,PC(20:1),PC,PC,Glycerophospholipids,LipidSearch,Bronze,3
A15_OE25-1-ALL_45081,Evosea,Protists,,PC/SM,PC/SM,Glycerophospholipids|Sphingolipids,MS2_diagnostic,Bronze,2
A15_113774,Chlorophyta,Viridiplantae,,,,,none,Unidentified,0
A15_228836,Mollusca,Animalia,,,,,none,Unidentified,0
A15_112860,Chlorophyta,Viridiplantae,,Terpenoid,Terpenoid,Prenol lipids,MS2_diagnostic,Bronze,2
A15_OE25-1-ALL_22511,Evosea,Protists,,PC/SM,PC/SM,Glycerophospholipids|Sphingolipids,MS2_diagnostic,Bronze,2
A15_OE25-1-ALL_10417,Evosea,Protists,,,,,none,Unidentified,0
A15_OE25-1-ALL_16886,Evosea,Protists,PG(32:3),PG,PG,Glycerophospholipids,LipidSearch,Bronze,3
A15_152077,Chlorophyta,Viridiplantae,,,,,none,Unidentified,0
A15_43927,Arthropoda,Animalia,LPC(P-17:1),LPC,LPC,Glycerophospholipids,LipidSearch,Bronze,3
A15_172990,Arthropoda,Animalia,,,,,none,Unidentified,0
A15_OE21-4-POS_37069,Thermoproteota,Archaea,,,,,none,Unidentified,0
A15_OE25-1-ALL_34442,Evosea,Protists,,PC/SM,PC/SM,Glycerophospholipids|Sphingolipids,MS2_diagnostic,Bronze,2
A15_222534,Nematoda,Animalia,,GDGT/Archaeol,GDGT/Archaeol,Archaeal lipids,MS2_diagnostic,Bronze,2
A15_154309,Chlorophyta,Viridiplantae,,,,,none,Unidentified,0
A15_OE25-1-ALL_4961,Evosea,Protists,,,,,none,Unidentified,0
A15_221297,Mollusca,Animalia,,,,,none,Unidentified,0
A15_171226,Arthropoda,Animalia,SM(d14:1_21:1),SM,SM,Sphingolipids,LipidSearch,Bronze,3
A15_39308,Arthropoda,Animalia,,,,,none,Unidentified,0
A15_OE25-1-ALL_2661,Evosea,Protists,,Terpenoid,Terpenoid,Prenol lipids,MS2_diagnostic,Bronze,2
A15_OE25-1-ALL_38206,Evosea,Protists,,,,,none,Unidentified,0
A15_152946,Arthropoda,Animalia,,Ubiquinone,Ubiquinone,Prenol lipids,MS2_diagnostic,Bronze,2
A15_OE25-1-ALL_7832,Evosea,Protists,,PE,PE,Glycerophospholipids,MS2_diagnostic,Bronze,2
A15_174491,Arthropoda,Animalia,,PC/SM,PC/SM,Glycerophospholipids|Sphingolipids,MS2_diagnostic,Bronze,2
A15_191756,Chlorophyta,Viridiplantae,,,,,none,Unidentified,0
A15_218745,Chlorophyta,Viridiplantae,,,,,none,Unidentified,0
A15_170803,Arthropoda,Animalia,,,,,none,Unidentified,0
A15_OE25-1-ALL_36507,Evosea,Protists,,PC/SM,PC/SM,Glycerophospholipids|Sphingolipids,MS2_diagnostic,Bronze,2
A15_66917,Arthropoda,Animalia,,,,,none,Unidentified,0
A15_2835,Arthropoda,Animalia,,,,,none,Unidentified,0
A15_OE25-1-ALL_19019,Evosea,Protists,DG(18:1_20:2),DG,DG,Glycerolipids,LipidSearch,Bronze,3
A15_225960,Mollusca,Animalia,,,,,none,Unidentified,0
A15_78118,Chlorophyta,Viridiplantae,,,,,none,Unidentified,0
A15_101186,Chlorophyta,Viridiplantae,,,,,none,Unidentified,0
A15_OE25-1-ALL_2982,Evosea,Protists,,PC/SM,PC/SM,Glycerophospholipids|Sphingolipids,MS2_diagnostic,Bronze,2
A15_OE25-1-ALL_15804,Evosea,Protists,,,,,none,Unidentified,0
A15_225249,Chlorophyta,Viridiplantae,,,,,none,Unidentified,0
A15_OE25-1-ALL_2808,Evosea,Protists,,Ubiquinone,Ubiquinone,Prenol lipids,MS2_diagnostic,Bronze,2
A15_OE21-4-POS_13089,Thermoproteota,Archaea,,,,,none,Unidentified,0
A15_OE25-1-ALL_37104,Evosea,Protists,,,,,none,Unidentified,0
A15_OE25-1-ALL_29939,Evosea,Protists,,Terpenoid,Terpenoid,Prenol lipids,MS2_diagnostic,Bronze,2
A15_65397,Arthropoda,Animalia,,,,,none,Unidentified,0
A15_OE25-1-ALL_33064,Evosea,Protists,PI(39:2),PI,PI,Glycerophospholipids,LipidSearch,Bronze,3
A15_OE25-1-ALL_14398,Evosea,Protists,,,,,none,Unidentified,0
A15_OE25-1-ALL_21152,Evosea,Protists,,,,,none,Unidentified,0
A15_OE25-1-ALL_36669,Evosea,Protists,,,,,none,Unidentified,0
A15_160929,Chlorophyta,Viridiplantae,,,,,none,Unidentified,0
A15_224072,Nematoda,Animalia,,GDGT/Archaeol,GDGT/Archaeol,Archaeal lipids,MS2_diagnostic,Bronze,2
A15_OE25-1-ALL_17240,Evosea,Protists,,,,,none,Unidentified,0
A15_OE25-1-ALL_48014,Evosea,Protists,,,,,none,Unidentified,0
A15_43796,Chlorophyta,Viridiplantae,,,,,none,Unidentified,0
A15_127704,Chlorophyta,Viridiplantae,,,,,none,Unidentified,0
A15_49230,Chlorophyta,Viridiplantae,,,,,none,Unidentified,0
A15_201417,Chlorophyta,Viridiplantae,,,,,none,Unidentified,0
A15_32245,Chlorophyta,Viridiplantae,,,,,none,Unidentified,0
A15_192666,Chlorophyta,Viridiplantae,,,,,none,Unidentified,0
A15_OE25-1-ALL_9717,Evosea,Protists,TG(20:4_20:6)+O:(s),TG,TG,Glycerolipids,LipidSearch,Gold,4
A15_116410,Chlorophyta,Viridiplantae,PIP(22:3_16:0),PIP,PIP,Glycerophospholipids,LipidSearch,Bronze,3
A15_42021,Chlorophyta,Viridiplantae,,,,,none,Unidentified,0
A15_119182,Chlorophyta,Viridiplantae,,,,,none,Unidentified,0
A15_105223,Chlorophyta,Viridiplantae,,,,,none,Unidentified,0
A15_122122,Chlorophyta,Viridiplantae,,,,,none,Unidentified,0
A15_121778,Chlorophyta,Viridiplantae,,,,,none,Unidentified,0
A15_104011,Chlorophyta,Viridiplantae,,,,,none,Unidentified,0
A15_190734,Chlorophyta,Viridiplantae,TG(3:0_14:0_18:1)+O:(s),TG,TG,Glycerolipids,LipidSearch,Gold,4
A15_103458,Chlorophyta,Viridiplantae,,,,,none,Unidentified,0
A15_108697,Chlorophyta,Viridiplantae,,,,,none,Unidentified,0
A15_20192,Chlorophyta,Viridiplantae,,,,,none,Unidentified,0
A15_19414,Chlorophyta,Viridiplantae,,,,,none,Unidentified,0
A15_187574,Chlorophyta,Viridiplantae,,,,,none,Unidentified,0
A15_164958,Chlorophyta,Viridiplantae,,,,,none,Unidentified,0
A15_204411,Chlorophyta,Viridiplantae,,,,,none,Unidentified,0
A15_27431,Chlorophyta,Viridiplantae,,,,,none,Unidentified,0
A15_73308,Chlorophyta,Viridiplantae,,,,,none,Unidentified,0
A15_4041,Chlorophyta,Viridiplantae,,,,,none,Unidentified,0
A15_15229,Chlorophyta,Viridiplantae,,,,,none,Unidentified,0
A15_77622,Chlorophyta,Viridiplantae,,,,,none,Unidentified,0
A15_108882,Chlorophyta,Viridiplantae,,,,,none,Unidentified,0
A15_29165,Chlorophyta,Viridiplantae,,,,,none,Unidentified,0
A15_158749,Chlorophyta,Viridiplantae,,,,,none,Unidentified,0
A15_49229,Chlorophyta,Viridiplantae,TG(27:8_2:0_8:0),TG,TG,Glycerolipids,LipidSearch,Bronze,3
A15_166431,Chlorophyta,Viridiplantae,,,,,none,Unidentified,0
A15_8716,Chlorophyta,Viridiplantae,,Hopanoid,Hopanoid,Prenol lipids,MS2_diagnostic,Bronze,2
A15_174880,Chlorophyta,Viridiplantae,,,,,none,Unidentified,0
A15_107652,Chlorophyta,Viridiplantae,,,,,none,Unidentified,0
A15_26918,Chlorophyta,Viridiplantae,,,,,none,Unidentified,0
A15_10097,Mollusca,Animalia,,,,,none,Unidentified,0
A15_2479,Arthropoda,Animalia,,,,,none,Unidentified,0
A15_OE25-1-ALL_18932,Evosea,Protists,,,,,none,Unidentified,0
A15_OE25-1-ALL_6846,Evosea,Protists,,,,,none,Unidentified,0
A15_OE25-1-ALL_39604,Evosea,Protists,,,,,none,Unidentified,0
A15_107653,Chlorophyta,Viridiplantae,,Ceramide,Ceramide,Sphingolipids,MS2_diagnostic,Bronze,2
A15_580,Arthropoda,Animalia,,,,,none,Unidentified,0
A15_OE25-1-ALL_20570,Evosea,Protists,,,,,none,Unidentified,0
A15_OE25-1-ALL_5058,Evosea,Protists,,PC/SM,PC/SM,Glycerophospholipids|Sphingolipids,MS2_diagnostic,Bronze,2
A15_214156,Nematoda,Animalia,,,,,none,Unidentified,0
A15_223943,Nematoda,Animalia,,,,,none,Unidentified,0
A15_86268,Chlorophyta,Viridiplantae,,,,,none,Unidentified,0
A15_201,Arthropoda,Animalia,,,,,none,Unidentified,0
A15_OE25-1-ALL_4560,Evosea,Protists,,,,,none,Unidentified,0
A15_191778,Mollusca,Animalia,,,,,none,Unidentified,0
A15_OE21-4-POS_969,Thermoproteota,Archaea,,,,,none,Unidentified,0
A15_10421,Mollusca,Animalia,,,,,none,Unidentified,0
A15_155850,Arthropoda,Animalia,,,,,none,Unidentified,0
A15_OE25-1-ALL_4967,Evosea,Protists,,,,,none,Unidentified,0
A15_OE21-4-POS_55100,Thermoproteota,Archaea,,,,,none,Unidentified,0
A15_108304,Chlorophyta,Viridiplantae,,,,,none,Unidentified,0
A15_OE25-1-ALL_6477,Evosea,Protists,,,,,none,Unidentified,0
A15_90170,Chlorophyta,Viridiplantae,,,,,none,Unidentified,0
A15_OE21-4-POS_51162,Thermoproteota,Archaea,,,,,none,Unidentified,0
A15_OE25-1-ALL_4992,Evosea,Protists,,,,,none,Unidentified,0
A15_216823,Chlorophyta,Viridiplantae,,,,,none,Unidentified,0
A15_7840,Arthropoda,Animalia,,,,,none,Unidentified,0
A15_OE25-1-ALL_42253,Evosea,Protists,,,,,none,Unidentified,0
A15_54768,Chlorophyta,Viridiplantae,,,,,none,Unidentified,0
A15_OE25-1-ALL_1440,Evosea,Protists,,Ceramide,Ceramide,Sphingolipids,MS2_diagnostic,Bronze,2
A15_OE25-1-ALL_46424,Evosea,Protists,,,,,none,Unidentified,0
A15_69234,Chlorophyta,Viridiplantae,,,,,none,Unidentified,0
A15_OE25-1-ALL_23676,Evosea,Protists,,,,,none,Unidentified,0
A15_37224,Arthropoda,Animalia,,,,,none,Unidentified,0
A15_33281,Arthropoda,Animalia,,,,,none,Unidentified,0
A15_122237,Chlorophyta,Viridiplantae,,,,,none,Unidentified,0
A15_90502,Chlorophyta,Viridiplantae,,PS,PS,Glycerophospholipids,MS2_diagnostic,Bronze,2
A15_75272,Chlorophyta,Viridiplantae,,,,,none,Unidentified,0
A15_108764,Chlorophyta,Viridiplantae,,,,,none,Unidentified,0
A15_225685,Mollusca,Animalia,,,,,none,Unidentified,0
A15_117656,Chlorophyta,Viridiplantae,,Terpenoid,Terpenoid,Prenol lipids,MS2_diagnostic,Bronze,2
A15_OE21-4-POS_7941,Thermoproteota,Archaea,,,,,none,Unidentified,0
A15_117986,Chlorophyta,Viridiplantae,TG(23:3_7:0)+O:(s),TG,TG,Glycerolipids,LipidSearch,Gold,4
A15_OE25-1-ALL_6130,Evosea,Protists,,PC/SM,PC/SM,Glycerophospholipids|Sphingolipids,MS2_diagnostic,Bronze,2
A15_194053,Chlorophyta,Viridiplantae,,,,,none,Unidentified,0
A15_113458,Chlorophyta,Viridiplantae,,,,,none,Unidentified,0
A15_222437,Chlorophyta,Viridiplantae,TG(28:4_16:1_22:6),TG,TG,Glycerolipids,LipidSearch,Bronze,3
A15_OE25-1-ALL_41512,Evosea,Protists,,,,,none,Unidentified,0
A15_176419,Chlorophyta,Viridiplantae,,,,,none,Unidentified,0
A15_OE25-1-ALL_6554,Evosea,Protists,,,,,none,Unidentified,0
A15_OE25-1-ALL_23541,Evosea,Protists,PI(17:2_18:1),PI,PI,Glycerophospholipids,LipidSearch,Gold,4
A15_143932,Nematoda,Animalia,,PC/SM,PC/SM,Glycerophospholipids|Sphingolipids,MS2_diagnostic,Bronze,2
A15_OE25-1-ALL_45465,Evosea,Protists,,,,,none,Unidentified,0
A15_105384,Chlorophyta,Viridiplantae,,,,,none,Unidentified,0
A15_142481,Chlorophyta,Viridiplantae,PIP(22:3_18:1),PIP,PIP,Glycerophospholipids,LipidSearch,Bronze,3
A15_OE25-1-ALL_19260,Evosea,Protists,PG(25:4_16:0),PG,PG,Glycerophospholipids,LipidSearch,Bronze,3
A15_OE25-1-ALL_4078,Evosea,Protists,,PC/SM,PC/SM,Glycerophospholipids|Sphingolipids,MS2_diagnostic,Bronze,2
A15_OE21-4-POS_44676,Thermoproteota,Archaea,,,,,none,Unidentified,0
A15_OE25-1-ALL_10581,Evosea,Protists,PC(26:3),PC,PC,Glycerophospholipids,LipidSearch,Bronze,3
A15_128434,Chlorophyta,Viridiplantae,,,,,none,Unidentified,0
A15_146291,Chlorophyta,Viridiplantae,,,,,none,Unidentified,0
A15_56151,Chlorophyta,Viridiplantae,,,,,none,Unidentified,0
A15_113648,Chlorophyta,Viridiplantae,,,,,none,Unidentified,0
A15_7415,Arthropoda,Animalia,,,,,none,Unidentified,0
A15_219629,Nematoda,Animalia,,,,,none,Unidentified,0
A15_66396,Chlorophyta,Viridiplantae,,Terpenoid,Terpenoid,Prenol lipids,MS2_diagnostic,Bronze,2
A15_780,Chlorophyta,Viridiplantae,,,,,none,Unidentified,0
A15_106696,Chlorophyta,Viridiplantae,,,,,none,Unidentified,0
A15_203553,Nematoda,Animalia,PC(P-26:8_18:2),PC,PC,Glycerophospholipids,LipidSearch,Bronze,3
A15_217426,Nematoda,Animalia,,,,,none,Unidentified,0
A15_52689,Chlorophyta,Viridiplantae,,,,,none,Unidentified,0
A15_141780,Chlorophyta,Viridiplantae,,,,,none,Unidentified,0
A15_221627,Nematoda,Animalia,,,,,none,Unidentified,0
A15_67931,Chlorophyta,Viridiplantae,,,,,none,Unidentified,0
A15_1639,Arthropoda,Animalia,,,,,none,Unidentified,0
A15_19973,Chlorophyta,Viridiplantae,,,,,none,Unidentified,0
A15_129828,Chlorophyta,Viridiplantae,,Terpenoid,Terpenoid,Prenol lipids,MS2_diagnostic,Bronze,2
A15_OE25-1-ALL_20152,Evosea,Protists,,PC/SM,PC/SM,Glycerophospholipids|Sphingolipids,MS2_diagnostic,Bronze,2
A15_218610,Nematoda,Animalia,,DGTS,DGTS,Betaine lipids,MS2_diagnostic,Bronze,2
A15_OE21-4-POS_233553,Thermoproteota,Archaea,,,,,none,Unidentified,0
A15_OE25-1-ALL_4973,Evosea,Protists,,,,,none,Unidentified,0
A15_186432,Chlorophyta,Viridiplantae,DGDG(16:0_18:1),DGDG,DGDG,Glycerolipids,LipidSearch,Gold,4
A15_OE21-4-POS_204911,Thermoproteota,Archaea,,,,,none,Unidentified,0
A15_86699,Chlorophyta,Viridiplantae,,DGTS,DGTS,Betaine lipids,MS2_diagnostic,Bronze,2
A15_188432,Chlorophyta,Viridiplantae,,,,,none,Unidentified,0
A15_158740,Chlorophyta,Viridiplantae,TG(44:13),TG,TG,Glycerolipids,LipidSearch,Bronze,3
A15_224292,Nematoda,Animalia,,GDGT/Archaeol,GDGT/Archaeol,Archaeal lipids,MS2_diagnostic,Bronze,2
A15_225019,Nematoda,Animalia,,,,,none,Unidentified,0
A15_50398,Arthropoda,Animalia,,PC/SM,PC/SM,Glycerophospholipids|Sphingolipids,MS2_diagnostic,Bronze,2
A15_OE25-1-ALL_19104,Evosea,Protists,,,,,none,Unidentified,0
A15_OE25-1-ALL_6228,Evosea,Protists,,PC/SM,PC/SM,Glycerophospholipids|Sphingolipids,MS2_diagnostic,Bronze,2
A15_37785,Arthropoda,Animalia,,,,,none,Unidentified,0
A15_113656,Chlorophyta,Viridiplantae,,,,,none,Unidentified,0
A15_166841,Chlorophyta,Viridiplantae,,Ubiquinone,Ubiquinone,Prenol lipids,MS2_diagnostic,Bronze,2
A15_4908,Arthropoda,Animalia,,,,,none,Unidentified,0
A15_OE25-1-ALL_8815,Evosea,Protists,,PC/SM,PC/SM,Glycerophospholipids|Sphingolipids,MS2_diagnostic,Bronze,2
A15_32637,Arthropoda,Animalia,,,,,none,Unidentified,0
A15_67775,Arthropoda,Animalia,PC(19:2),PC,PC,Glycerophospholipids,LipidSearch,Bronze,3
A15_155347,Arthropoda,Animalia,,,,,none,Unidentified,0
A15_46815,Arthropoda,Animalia,,PC/SM,PC/SM,Glycerophospholipids|Sphingolipids,MS2_diagnostic,Bronze,2
A15_39014,Arthropoda,Animalia,,,,,none,Unidentified,0
A15_64745,Arthropoda,Animalia,,,,,none,Unidentified,0
A15_36868,Arthropoda,Animalia,,,,,none,Unidentified,0
A15_41936,Arthropoda,Animalia,,,,,none,Unidentified,0
A15_37762,Arthropoda,Animalia,,,,,none,Unidentified,0
A15_13770,Arthropoda,Animalia,,,,,none,Unidentified,0
A15_201520,Arthropoda,Animalia,,,,,none,Unidentified,0
A15_OE21-4-POS_233239,Thermoproteota,Archaea,,Terpenoid,Terpenoid,Prenol lipids,MS2_diagnostic,Bronze,2
A15_30850,Chlorophyta,Viridiplantae,,,,,none,Unidentified,0
A15_35923,Arthropoda,Animalia,,,,,none,Unidentified,0
A15_OE25-1-ALL_8907,Evosea,Protists,,PE,PE,Glycerophospholipids,MS2_diagnostic,Bronze,2
A15_177123,Chlorophyta,Viridiplantae,,Terpenoid,Terpenoid,Prenol lipids,MS2_diagnostic,Bronze,2
A15_143007,Chlorophyta,Viridiplantae,,,,,none,Unidentified,0
A15_38401,Arthropoda,Animalia,,,,,none,Unidentified,0
A15_OE25-1-ALL_14422,Evosea,Protists,PC(17:0_12:0),PC,PC,Glycerophospholipids,LipidSearch,Bronze,3
A15_176313,Nematoda,Animalia,,GDGT/Archaeol,GDGT/Archaeol,Archaeal lipids,MS2_diagnostic,Bronze,2
A15_OE25-1-ALL_49269,Evosea,Protists,TG(O-16:0_18:1_16:2),TG,TG,Glycerolipids,LipidSearch,Bronze,3
A15_132334,Chlorophyta,Viridiplantae,,,,,none,Unidentified,0
A15_176686,Nematoda,Animalia,,,,,none,Unidentified,0
A15_171006,Arthropoda,Animalia,,,,,none,Unidentified,0
A15_207832,Chlorophyta,Viridiplantae,,,,,none,Unidentified,0
A15_152628,Chlorophyta,Viridiplantae,,,,,none,Unidentified,0
A15_114484,Chlorophyta,Viridiplantae,,,,,none,Unidentified,0
A15_78261,Chlorophyta,Viridiplantae,,,,,none,Unidentified,0
A15_134300,Chlorophyta,Viridiplantae,,,,,none,Unidentified,0
A15_OE25-1-ALL_2578,Evosea,Protists,,PC/SM,PC/SM,Glycerophospholipids|Sphingolipids,MS2_diagnostic,Bronze,2
A15_192590,Chlorophyta,Viridiplantae,,,,,none,Unidentified,0
A15_27477,Chlorophyta,Viridiplantae,,,,,none,Unidentified,0
A15_95241,Chlorophyta,Viridiplantae,,,,,none,Unidentified,0
A15_225395,Nematoda,Animalia,,GDGT/Archaeol,GDGT/Archaeol,Archaeal lipids,MS2_diagnostic,Bronze,2
A15_OE25-1-ALL_12675,Evosea,Protists,,PC/SM,PC/SM,Glycerophospholipids|Sphingolipids,MS2_diagnostic,Bronze,2
A15_75883,Chlorophyta,Viridiplantae,,,,,none,Unidentified,0
A15_17905,Chlorophyta,Viridiplantae,,Terpenoid,Terpenoid,Prenol lipids,MS2_diagnostic,Bronze,2
A15_131825,Chlorophyta,Viridiplantae,,,,,none,Unidentified,0
A15_OE25-1-ALL_4962,Evosea,Protists,,,,,none,Unidentified,0
A15_54866,Chlorophyta,Viridiplantae,,,,,none,Unidentified,0
A15_OE25-1-ALL_21159,Evosea,Protists,PG(21:2_18:2),PG,PG,Glycerophospholipids,LipidSearch,Bronze,3
A15_105312,Chlorophyta,Viridiplantae,,,,,none,Unidentified,0
A15_10711,Arthropoda,Animalia,,,,,none,Unidentified,0
A15_OE25-1-ALL_3806,Evosea,Protists,,,,,none,Unidentified,0
A15_221001,Nematoda,Animalia,,,,,none,Unidentified,0
A15_OE21-4-POS_10518,Thermoproteota,Archaea,,,,,none,Unidentified,0
A15_OE25-1-ALL_40573,Evosea,Protists,,,,,none,Unidentified,0
A15_41850,Arthropoda,Animalia,,PC/SM,PC/SM,Glycerophospholipids|Sphingolipids,MS2_diagnostic,Bronze,2
A15_221393,Arthropoda,Animalia,Cer(d16:1_24:1),Cer,Cer,Sphingolipids,LipidSearch,Bronze,3
A15_4402,Chlorophyta,Viridiplantae,,,,,none,Unidentified,0
A15_112159,Chlorophyta,Viridiplantae,,,,,none,Unidentified,0
A15_5082,Arthropoda,Animalia,,,,,none,Unidentified,0
A15_206216,Arthropoda,Animalia,TG(28:2_20:4),TG,TG,Glycerolipids,LipidSearch,Bronze,3
A15_153345,Chlorophyta,Viridiplantae,,,,,none,Unidentified,0
A15_119695,Chlorophyta,Viridiplantae,TG(20:2_16:0)+OO:(s),TG,TG,Glycerolipids,LipidSearch,Gold,4
A15_8417,Arthropoda,Animalia,,,,,none,Unidentified,0
A15_76595,Chlorophyta,Viridiplantae,,,,,none,Unidentified,0
A15_OE25-1-ALL_6538,Evosea,Protists,,,,,none,Unidentified,0
A15_211032,Arthropoda,Animalia,DG(18:2_30:5),DG,DG,Glycerolipids,LipidSearch,Gold,4
A15_17055,Chlorophyta,Viridiplantae,,,,,none,Unidentified,0
A15_OE25-1-ALL_16754,Evosea,Protists,,,,,none,Unidentified,0
A15_188585,Arthropoda,Animalia,,PC/SM,PC/SM,Glycerophospholipids|Sphingolipids,MS2_diagnostic,Bronze,2
A15_220999,Nematoda,Animalia,,,,,none,Unidentified,0
A15_185357,Chlorophyta,Viridiplantae,,,,,none,Unidentified,0
A15_223351,Nematoda,Animalia,,,,,none,Unidentified,0
A15_47789,Arthropoda,Animalia,LPE(O-16:0),LPE,LPE,Glycerophospholipids,LipidSearch,Bronze,3
A15_177474,Chlorophyta,Viridiplantae,,,,,none,Unidentified,0
A15_OE25-1-ALL_47486,Evosea,Protists,,,,,none,Unidentified,0
A15_12052,Arthropoda,Animalia,,Terpenoid,Terpenoid,Prenol lipids,MS2_diagnostic,Bronze,2
A15_218807,Chlorophyta,Viridiplantae,,,,,none,Unidentified,0
A15_99327,Chlorophyta,Viridiplantae,,,,,none,Unidentified,0
A15_OE21-4-POS_178610,Thermoproteota,Archaea,Archaeol(20:0_20:1),Archaeal_Lipid,Archaeal_Lipid,Archaeal lipids,ArchLips,Gold,4
A15_144940,Chlorophyta,Viridiplantae,,,,,none,Unidentified,0
A15_225729,Nematoda,Animalia,,GDGT/Archaeol,GDGT/Archaeol,Archaeal lipids,MS2_diagnostic,Bronze,2
A15_24820,Chlorophyta,Viridiplantae,,,,,none,Unidentified,0
A15_OE25-1-ALL_10651,Evosea,Protists,PG(20:3_19:4),PG,PG,Glycerophospholipids,LipidSearch,Bronze,3
A15_85806,Chlorophyta,Viridiplantae,,,,,none,Unidentified,0
A15_OE25-1-ALL_5766,Evosea,Protists,,PC/SM,PC/SM,Glycerophospholipids|Sphingolipids,MS2_diagnostic,Bronze,2
A15_55171,Chlorophyta,Viridiplantae,,,,,none,Unidentified,0
A15_118243,Chlorophyta,Viridiplantae,,,,,none,Unidentified,0
A15_225752,Nematoda,Animalia,,,,,none,Unidentified,0
A15_220794,Nematoda,Animalia,,,,,none,Unidentified,0
A15_223270,Nematoda,Animalia,,,,,none,Unidentified,0
A15_11738,Arthropoda,Animalia,,Terpenoid,Terpenoid,Prenol lipids,MS2_diagnostic,Bronze,2
A15_OE25-1-ALL_45990,Evosea,Protists,DG(O-47:7),DG,DG,Glycerolipids,LipidSearch,Bronze,3
A15_155422,Arthropoda,Animalia,,,,,none,Unidentified,0
A15_63712,Chlorophyta,Viridiplantae,,,,,none,Unidentified,0
A15_222933,Nematoda,Animalia,,,,,none,Unidentified,0
A15_OE25-1-ALL_17383,Evosea,Protists,,,,,none,Unidentified,0
A15_114354,Chlorophyta,Viridiplantae,,,,,none,Unidentified,0
A15_171573,Chlorophyta,Viridiplantae,,,,,none,Unidentified,0
A15_3692,Arthropoda,Animalia,,,,,none,Unidentified,0
A15_OE25-1-ALL_13395,Evosea,Protists,,PC/SM,PC/SM,Glycerophospholipids|Sphingolipids,MS2_diagnostic,Bronze,2
A15_223230,Nematoda,Animalia,,GDGT/Archaeol,GDGT/Archaeol,Archaeal lipids,MS2_diagnostic,Bronze,2
A15_221750,Nematoda,Animalia,,,,,none,Unidentified,0
A15_OE21-4-POS_229449,Thermoproteota,Archaea,,GDGT/Archaeol,GDGT/Archaeol,Archaeal lipids,MS2_diagnostic,Bronze,2
A15_75754,Chlorophyta,Viridiplantae,,,,,none,Unidentified,0
A15_OE25-1-ALL_3749,Evosea,Protists,PIP(20:1_16:1),PIP,PIP,Glycerophospholipids,LipidSearch,Bronze,3
A15_222585,Nematoda,Animalia,,,,,none,Unidentified,0
A15_153175,Chlorophyta,Viridiplantae,,,,,none,Unidentified,0
A15_219343,Nematoda,Animalia,,,,,none,Unidentified,0
A15_45569,Arthropoda,Animalia,,,,,none,Unidentified,0
A15_OE25-1-ALL_1250,Evosea,Protists,,,,,none,Unidentified,0
A15_OE25-1-ALL_15261,Evosea,Protists,PG(16:1_16:2),PG,PG,Glycerophospholipids,LipidSearch,Gold,4
A15_OE21-4-POS_196825,Thermoproteota,Archaea,,,,,none,Unidentified,0
A15_221002,Nematoda,Animalia,,,,,none,Unidentified,0
A15_219522,Nematoda,Animalia,,,,,none,Unidentified,0
A15_10303,Chlorophyta,Viridiplantae,,,,,none,Unidentified,0
A15_137440,Chlorophyta,Viridiplantae,PIP(22:3_18:1),PIP,PIP,Glycerophospholipids,LipidSearch,Bronze,3
A15_5313,Arthropoda,Animalia,,,,,none,Unidentified,0
A15_OE25-1-ALL_45699,Evosea,Protists,,Terpenoid,Terpenoid,Prenol lipids,MS2_diagnostic,Bronze,2
A15_142247,Chlorophyta,Viridiplantae,,,,,none,Unidentified,0
A15_OE25-1-ALL_21424,Evosea,Protists,,,,,none,Unidentified,0
A15_6977,Chlorophyta,Viridiplantae,,,,,none,Unidentified,0
A15_109972,Chlorophyta,Viridiplantae,,,,,none,Unidentified,0
A15_OE25-1-ALL_8878,Evosea,Protists,,PC/SM,PC/SM,Glycerophospholipids|Sphingolipids,MS2_diagnostic,Bronze,2
A15_42716,Arthropoda,Animalia,,PC/SM,PC/SM,Glycerophospholipids|Sphingolipids,MS2_diagnostic,Bronze,2
A15_OE25-1-ALL_11673,Evosea,Protists,,PE,PE,Glycerophospholipids,MS2_diagnostic,Bronze,2
A15_OE25-1-ALL_6121,Evosea,Protists,,PC/SM,PC/SM,Glycerophospholipids|Sphingolipids,MS2_diagnostic,Bronze,2
A15_217184,Nematoda,Animalia,,,,,none,Unidentified,0
A15_130456,Arthropoda,Animalia,,Terpenoid,Terpenoid,Prenol lipids,MS2_diagnostic,Bronze,2
A15_222583,Nematoda,Animalia,,,,,none,Unidentified,0
A15_OE25-1-ALL_20723,Evosea,Protists,,PC/SM,PC/SM,Glycerophospholipids|Sphingolipids,MS2_diagnostic,Bronze,2
A15_218868,Nematoda,Animalia,,,,,none,Unidentified,0
A15_205345,Chlorophyta,Viridiplantae,,,,,none,Unidentified,0
A15_OE21-4-POS_9122,Thermoproteota,Archaea,,Terpenoid,Terpenoid,Prenol lipids,MS2_diagnostic,Bronze,2
A15_59870,Arthropoda,Animalia,,PC/SM,PC/SM,Glycerophospholipids|Sphingolipids,MS2_diagnostic,Bronze,2
A15_213656,Chlorophyta,Viridiplantae,,,,,none,Unidentified,0
A15_101583,Chlorophyta,Viridiplantae,PIP(22:3_14:0),PIP,PIP,Glycerophospholipids,LipidSearch,Bronze,3
A15_113727,Arthropoda,Animalia,,Ubiquinone,Ubiquinone,Prenol lipids,MS2_diagnostic,Bronze,2
A15_57789,Chlorophyta,Viridiplantae,,,,,none,Unidentified,0
A15_136151,Chlorophyta,Viridiplantae,,,,,none,Unidentified,0
A15_200628,Arthropoda,Animalia,,,,,none,Unidentified,0
A15_170580,Mollusca,Animalia,,,,,none,Unidentified,0
A15_196611,Mollusca,Animalia,,,,,none,Unidentified,0
A15_163118,Mollusca,Animalia,,,,,none,Unidentified,0
A15_165940,Mollusca,Animalia,,,,,none,Unidentified,0
A15_149996,Mollusca,Animalia,,,,,none,Unidentified,0
A15_163875,Mollusca,Animalia,,,,,none,Unidentified,0
A15_158239,Mollusca,Animalia,,,,,none,Unidentified,0
A15_165528,Mollusca,Animalia,,,,,none,Unidentified,0
A15_58434,Mollusca,Animalia,,,,,none,Unidentified,0
A15_193291,Mollusca,Animalia,,,,,none,Unidentified,0
A15_161624,Mollusca,Animalia,,,,,none,Unidentified,0
A15_175226,Mollusca,Animalia,,,,,none,Unidentified,0
A15_175293,Mollusca,Animalia,,,,,none,Unidentified,0
A15_156680,Mollusca,Animalia,,,,,none,Unidentified,0
A15_176049,Mollusca,Animalia,,,,,none,Unidentified,0
A15_164960,Nematoda,Animalia,PG(O-18:2_12:0),PG,PG,Glycerophospholipids,LipidSearch,Bronze,3
A15_219649,Nematoda,Animalia,,,,,none,Unidentified,0
A15_219352,Nematoda,Animalia,,,,,none,Unidentified,0
A15_161711,Nematoda,Animalia,,PC/SM,PC/SM,Glycerophospholipids|Sphingolipids,MS2_diagnostic,Bronze,2
A15_218587,Nematoda,Animalia,,,,,none,Unidentified,0
A15_159967,Nematoda,Animalia,,PC/SM,PC/SM,Glycerophospholipids|Sphingolipids,MS2_diagnostic,Bronze,2
A15_47904,Mollusca,Animalia,,,,,none,Unidentified,0
A15_52571,Mollusca,Animalia,,,,,none,Unidentified,0
A15_156457,Mollusca,Animalia,,,,,none,Unidentified,0
A15_131230,Mollusca,Animalia,,,,,none,Unidentified,0
A15_161381,Mollusca,Animalia,,,,,none,Unidentified,0
A15_161152,Mollusca,Animalia,,,,,none,Unidentified,0
A15_158656,Mollusca,Animalia,,,,,none,Unidentified,0
A15_174544,Mollusca,Animalia,,,,,none,Unidentified,0
A15_175405,Mollusca,Animalia,,,,,none,Unidentified,0
A15_52575,Mollusca,Animalia,,,,,none,Unidentified,0
A15_218357,Nematoda,Animalia,,,,,none,Unidentified,0
A15_219648,Nematoda,Animalia,,,,,none,Unidentified,0
A15_217535,Nematoda,Animalia,,,,,none,Unidentified,0
A15_218869,Nematoda,Animalia,,,,,none,Unidentified,0
A15_217517,Nematoda,Animalia,,,,,none,Unidentified,0
A15_222417,Nematoda,Animalia,,,,,none,Unidentified,0
A15_131283,Chlorophyta,Viridiplantae,,,,,none,Unidentified,0
A15_128853,Arthropoda,Animalia,PI(20:5_18:1),PI,PI,Glycerophospholipids,LipidSearch,Gold,4
A15_57604,Chlorophyta,Viridiplantae,,,,,none,Unidentified,0
A15_OE25-1-ALL_11964,Evosea,Protists,,PC/SM,PC/SM,Glycerophospholipids|Sphingolipids,MS2_diagnostic,Bronze,2
A15_9075,Arthropoda,Animalia,,,,,none,Unidentified,0
A15_11392,Chlorophyta,Viridiplantae,,,,,none,Unidentified,0
A15_54515,Arthropoda,Animalia,LPC(P-15:1),LPC,LPC,Glycerophospholipids,LipidSearch,Bronze,3
A15_OE25-1-ALL_10628,Evosea,Protists,,PE,PE,Glycerophospholipids,MS2_diagnostic,Bronze,2
A15_OE25-1-ALL_44928,Evosea,Protists,,PC/SM,PC/SM,Glycerophospholipids|Sphingolipids,MS2_diagnostic,Bronze,2
A15_OE25-1-ALL_43148,Evosea,Protists,TG(40:4_18:2)+OO:(s),TG,TG,Glycerolipids,LipidSearch,Gold,4
A15_45076,Arthropoda,Animalia,PC(16:1),PC,PC,Glycerophospholipids,LipidSearch,Bronze,3
A15_7501,Chlorophyta,Viridiplantae,,,,,none,Unidentified,0
A15_214584,Arthropoda,Animalia,,,,,none,Unidentified,0
A15_190584,Chlorophyta,Viridiplantae,,,,,none,Unidentified,0
A15_219549,Nematoda,Animalia,,,,,none,Unidentified,0
A15_52576,Mollusca,Animalia,,,,,none,Unidentified,0
A15_190744,Arthropoda,Animalia,,,,,none,Unidentified,0
A15_218870,Nematoda,Animalia,,,,,none,Unidentified,0
A15_55007,Chlorophyta,Viridiplantae,,,,,none,Unidentified,0
A15_186713,Chlorophyta,Viridiplantae,,,,,none,Unidentified,0
A15_OE25-1-ALL_17752,Evosea,Protists,,,,,none,Unidentified,0
A15_91109,Chlorophyta,Viridiplantae,,,,,none,Unidentified,0
A15_195421,Chlorophyta,Viridiplantae,,,,,none,Unidentified,0
A15_132950,Arthropoda,Animalia,Cer(d14:1_18:1),Cer,Cer,Sphingolipids,LipidSearch,Bronze,3
A15_43338,Arthropoda,Animalia,,,,,none,Unidentified,0
A15_16512,Arthropoda,Animalia,,,,,none,Unidentified,0
A15_29505,Chlorophyta,Viridiplantae,,,,,none,Unidentified,0
A15_5477,Arthropoda,Animalia,,,,,none,Unidentified,0
A15_217097,Nematoda,Animalia,,,,,none,Unidentified,0
A15_76368,Chlorophyta,Viridiplantae,,,,,none,Unidentified,0
A15_OE25-1-ALL_13991,Evosea,Protists,PA(O-31:3),PA,PA,Glycerophospholipids,LipidSearch,Bronze,3
A15_OE25-1-ALL_15390,Evosea,Protists,PG(16:0_18:3),PG,PG,Glycerophospholipids,LipidSearch,Gold,4
A15_139628,Chlorophyta,Viridiplantae,,,,,none,Unidentified,0
A15_10102,Arthropoda,Animalia,,,,,none,Unidentified,0
A15_169681,Arthropoda,Animalia,Cer(d18:2_16:0),Cer,Cer,Sphingolipids,LipidSearch,Bronze,3
A15_OE25-1-ALL_4098,Evosea,Protists,,,,,none,Unidentified,0
A15_73342,Chlorophyta,Viridiplantae,,,,,none,Unidentified,0
A15_16903,Arthropoda,Animalia,,,,,none,Unidentified,0
A15_157805,Chlorophyta,Viridiplantae,,,,,none,Unidentified,0
A15_OE25-1-ALL_45439,Evosea,Protists,,PC/SM,PC/SM,Glycerophospholipids|Sphingolipids,MS2_diagnostic,Bronze,2
A15_58435,Mollusca,Animalia,,,,,none,Unidentified,0
A15_OE25-1-ALL_12655,Evosea,Protists,,PC/SM,PC/SM,Glycerophospholipids|Sphingolipids,MS2_diagnostic,Bronze,2
A15_225747,Chlorophyta,Viridiplantae,TG(18:3_16:1_16:2),TG,TG,Glycerolipids,LipidSearch,Gold,4
A15_70931,Arthropoda,Animalia,,,,,none,Unidentified,0
A15_48696,Chlorophyta,Viridiplantae,,,,,none,Unidentified,0
A15_OE25-1-ALL_2043,Evosea,Protists,LPC(13:1),LPC,LPC,Glycerophospholipids,LipidSearch,Bronze,3
A15_OE25-1-ALL_10369,Evosea,Protists,,PE,PE,Glycerophospholipids,MS2_diagnostic,Bronze,2
A15_147062,Nematoda,Animalia,,Ceramide,Ceramide,Sphingolipids,MS2_diagnostic,Bronze,2
A15_OE25-1-ALL_48915,Evosea,Protists,TG(O-16:1_18:2_18:2),TG,TG,Glycerolipids,LipidSearch,Bronze,3
A15_OE25-1-ALL_4927,Evosea,Protists,,PC/SM,PC/SM,Glycerophospholipids|Sphingolipids,MS2_diagnostic,Bronze,2
A15_OE21-4-POS_233308,Thermoproteota,Archaea,,,,,none,Unidentified,0
A15_OE25-1-ALL_17244,Evosea,Protists,,,,,none,Unidentified,0
A15_113339,Chlorophyta,Viridiplantae,,,,,none,Unidentified,0
A15_58436,Mollusca,Animalia,,,,,none,Unidentified,0
A15_48595,Arthropoda,Animalia,LPE(O-17:0),LPE,LPE,Glycerophospholipids,LipidSearch,Bronze,3
A15_220362,Nematoda,Animalia,,,,,none,Unidentified,0
A15_227022,Nematoda,Animalia,,,,,none,Unidentified,0
A15_OE21-4-POS_47680,Thermoproteota,Archaea,,,,,none,Unidentified,0
A15_183342,Mollusca,Animalia,,,,,none,Unidentified,0
A15_OE25-1-ALL_21360,Evosea,Protists,,,,,none,Unidentified,0
A15_OE21-4-POS_37362,Thermoproteota,Archaea,,,,,none,Unidentified,0
A15_5614,Chlorophyta,Viridiplantae,,Terpenoid,Terpenoid,Prenol lipids,MS2_diagnostic,Bronze,2
A15_103376,Chlorophyta,Viridiplantae,TG(47:9)+OO:(s),TG,TG,Glycerolipids,LipidSearch,Bronze,3
A15_214918,Chlorophyta,Viridiplantae,,,,,none,Unidentified,0
A15_197824,Chlorophyta,Viridiplantae,,,,,none,Unidentified,0
A15_215703,Nematoda,Animalia,,,,,none,Unidentified,0
A15_OE25-1-ALL_15226,Evosea,Protists,PG(P-14:2_19:3),PG,PG,Glycerophospholipids,LipidSearch,Bronze,3
A15_128030,Chlorophyta,Viridiplantae,,,,,none,Unidentified,0
A15_12230,Arthropoda,Animalia,,,,,none,Unidentified,0
A15_175508,Arthropoda,Animalia,,,,,none,Unidentified,0
A15_221979,Nematoda,Animalia,,GDGT/Archaeol,GDGT/Archaeol,Archaeal lipids,MS2_diagnostic,Bronze,2
A15_225784,Chlorophyta,Viridiplantae,TG(O-50:13_16:0),TG,TG,Glycerolipids,LipidSearch,Gold,4
A15_OE25-1-ALL_3685,Evosea,Protists,,PC/SM,PC/SM,Glycerophospholipids|Sphingolipids,MS2_diagnostic,Bronze,2
A15_211447,Chlorophyta,Viridiplantae,,,,,none,Unidentified,0
A15_OE25-1-ALL_8814,Evosea,Protists,,PC/SM,PC/SM,Glycerophospholipids|Sphingolipids,MS2_diagnostic,Bronze,2
A15_221434,Nematoda,Animalia,,,,,none,Unidentified,0
A15_OE25-1-ALL_3948,Evosea,Protists,,PC/SM,PC/SM,Glycerophospholipids|Sphingolipids,MS2_diagnostic,Bronze,2
A15_221754,Nematoda,Animalia,,,,,none,Unidentified,0
A15_220740,Nematoda,Animalia,,,,,none,Unidentified,0
A15_OE25-1-ALL_3744,Evosea,Protists,,,,,none,Unidentified,0
A15_93877,Chlorophyta,Viridiplantae,,Terpenoid,Terpenoid,Prenol lipids,MS2_diagnostic,Bronze,2
A15_134222,Chlorophyta,Viridiplantae,,,,,none,Unidentified,0
A15_9235,Arthropoda,Animalia,,,,,none,Unidentified,0
A15_217098,Nematoda,Animalia,,,,,none,Unidentified,0
A15_OE25-1-ALL_44519,Evosea,Protists,,,,,none,Unidentified,0
A15_OE25-1-ALL_4025,Evosea,Protists,,PC/SM,PC/SM,Glycerophospholipids|Sphingolipids,MS2_diagnostic,Bronze,2
A15_146143,Nematoda,Animalia,,,,,none,Unidentified,0
A15_OE25-1-ALL_5855,Evosea,Protists,,,,,none,Unidentified,0
A15_OE25-1-ALL_6304,Evosea,Protists,,,,,none,Unidentified,0
A15_106656,Chlorophyta,Viridiplantae,,,,,none,Unidentified,0
A15_OE25-1-ALL_10646,Evosea,Protists,,PC/SM,PC/SM,Glycerophospholipids|Sphingolipids,MS2_diagnostic,Bronze,2
A15_OE21-4-POS_51163,Thermoproteota,Archaea,,,,,none,Unidentified,0
A15_92975,Chlorophyta,Viridiplantae,,,,,none,Unidentified,0
A15_3754,Arthropoda,Animalia,,,,,none,Unidentified,0
A15_206788,Nematoda,Animalia,,,,,none,Unidentified,0
A15_OE25-1-ALL_45482,Evosea,Protists,,Ubiquinone,Ubiquinone,Prenol lipids,MS2_diagnostic,Bronze,2
A15_45205,Arthropoda,Animalia,,,,,none,Unidentified,0
A15_OE25-1-ALL_13313,Evosea,Protists,MG(O-20:4),MG,MG,Glycerolipids,LipidSearch,Bronze,3
A15_194421,Chlorophyta,Viridiplantae,,,,,none,Unidentified,0
A15_28770,Chlorophyta,Viridiplantae,,,,,none,Unidentified,0
A15_167607,Chlorophyta,Viridiplantae,,,,,none,Unidentified,0
A15_172527,Mollusca,Animalia,,,,,none,Unidentified,0
A15_58603,Chlorophyta,Viridiplantae,,,,,none,Unidentified,0
A15_OE25-1-ALL_30144,Evosea,Protists,,,,,none,Unidentified,0
A15_2170,Nematoda,Animalia,,,,,none,Unidentified,0
A15_84490,Chlorophyta,Viridiplantae,,PC/SM,PC/SM,Glycerophospholipids|Sphingolipids,MS2_diagnostic,Bronze,2
A15_221386,Chlorophyta,Viridiplantae,PA(26:1_20:4),PA,PA,Glycerophospholipids,LipidSearch,Gold,4
A15_OE25-1-ALL_16628,Evosea,Protists,,PC/SM,PC/SM,Glycerophospholipids|Sphingolipids,MS2_diagnostic,Bronze,2
A15_207093,Nematoda,Animalia,PC(44:6),PC,PC,Glycerophospholipids,LipidSearch,Bronze,3
A15_190376,Chlorophyta,Viridiplantae,,,,,none,Unidentified,0
A15_11806,Arthropoda,Animalia,,,,,none,Unidentified,0
A15_176756,Chlorophyta,Viridiplantae,,,,,none,Unidentified,0
A15_OE21-4-POS_7737,Thermoproteota,Archaea,,,,,none,Unidentified,0
A15_OE21-4-POS_233202,Thermoproteota,Archaea,,,,,none,Unidentified,0
A15_OE25-1-ALL_8220,Evosea,Protists,,,,,none,Unidentified,0
A15_OE21-4-POS_212590,Thermoproteota,Archaea,,,,,none,Unidentified,0
A15_174368,Mollusca,Animalia,,,,,none,Unidentified,0
A15_OE25-1-ALL_3743,Evosea,Protists,,,,,none,Unidentified,0
A15_64105,Arthropoda,Animalia,,,,,none,Unidentified,0
A15_223623,Nematoda,Animalia,,,,,none,Unidentified,0
A15_219856,Chlorophyta,Viridiplantae,,,,,none,Unidentified,0
A15_92776,Arthropoda,Animalia,PE(4:0_18:1),PE,PE,Glycerophospholipids,LipidSearch,Bronze,3
A15_OE21-4-POS_183274,Thermoproteota,Archaea,Gly-Archaeol(20:0(OH)_20:0),Archaeal_Lipid,Archaeal_Lipid,Archaeal lipids,ArchLips,Gold,4
A15_OE21-4-POS_203531,Thermoproteota,Archaea,,,,,none,Unidentified,0
A15_OE25-1-ALL_11017,Evosea,Protists,,PC/SM,PC/SM,Glycerophospholipids|Sphingolipids,MS2_diagnostic,Bronze,2
A15_58686,Chlorophyta,Viridiplantae,,PC/SM,PC/SM,Glycerophospholipids|Sphingolipids,MS2_diagnostic,Bronze,2
A15_172848,Arthropoda,Animalia,,,,,none,Unidentified,0
A15_OE25-1-ALL_11470,Evosea,Protists,PG(O-9:0_21:3),PG,PG,Glycerophospholipids,LipidSearch,Bronze,3
A15_7474,Arthropoda,Animalia,,PC/SM,PC/SM,Glycerophospholipids|Sphingolipids,MS2_diagnostic,Bronze,2
A15_163685,Nematoda,Animalia,,PC/SM,PC/SM,Glycerophospholipids|Sphingolipids,MS2_diagnostic,Bronze,2
A15_86880,Arthropoda,Animalia,PC(O-5:0_13:0),PC,PC,Glycerophospholipids,LipidSearch,Bronze,3
A15_OE21-4-POS_215820,Thermoproteota,Archaea,,,,,none,Unidentified,0
A15_220579,Arthropoda,Animalia,,,,,none,Unidentified,0
A15_160342,Arthropoda,Animalia,PC(36:5),PC,PC,Glycerophospholipids,LipidSearch,Bronze,3
A15_185681,Arthropoda,Animalia,,,,,none,Unidentified,0
A15_156065,Arthropoda,Animalia,,Ubiquinone,Ubiquinone,Prenol lipids,MS2_diagnostic,Bronze,2
A15_224571,Nematoda,Animalia,,,,,none,Unidentified,0
A15_225586,Nematoda,Animalia,,GDGT/Archaeol,GDGT/Archaeol,Archaeal lipids,MS2_diagnostic,Bronze,2
A15_OE25-1-ALL_8888,Evosea,Protists,,PC/SM,PC/SM,Glycerophospholipids|Sphingolipids,MS2_diagnostic,Bronze,2
A15_209247,Chlorophyta,Viridiplantae,,,,,none,Unidentified,0
A15_106640,Chlorophyta,Viridiplantae,,,,,none,Unidentified,0
A15_49552,Arthropoda,Animalia,,,,,none,Unidentified,0
A15_OE25-1-ALL_15318,Evosea,Protists,,,,,none,Unidentified,0
A15_1761,Arthropoda,Animalia,,,,,none,Unidentified,0
A15_220462,Nematoda,Animalia,DG(O-20:5_20:4),DG,DG,Glycerolipids,LipidSearch,Bronze,3
A15_80864,Arthropoda,Animalia,,,,,none,Unidentified,0
A15_149875,Arthropoda,Animalia,,,,,none,Unidentified,0
A15_OE25-1-ALL_49293,Evosea,Protists,,,,,none,Unidentified,0
A15_153346,Chlorophyta,Viridiplantae,,,,,none,Unidentified,0
A15_100402,Arthropoda,Animalia,PC(O-5:0_13:1),PC,PC,Glycerophospholipids,LipidSearch,Bronze,3
A15_221100,Chlorophyta,Viridiplantae,,,,,none,Unidentified,0
A15_OE25-1-ALL_11260,Evosea,Protists,PI(29:0),PI,PI,Glycerophospholipids,LipidSearch,Bronze,3
A15_220464,Nematoda,Animalia,,,,,none,Unidentified,0
A15_OE25-1-ALL_12845,Evosea,Protists,,PC/SM,PC/SM,Glycerophospholipids|Sphingolipids,MS2_diagnostic,Bronze,2
A15_OE25-1-ALL_14834,Evosea,Protists,,,,,none,Unidentified,0
A15_OE25-1-ALL_12616,Evosea,Protists,PC(29:0),PC,PC,Glycerophospholipids,LipidSearch,Bronze,3
A15_119199,Arthropoda,Animalia,DG(P-15:2_18:3),DG,DG,Glycerolipids,LipidSearch,Bronze,3
A15_224158,Nematoda,Animalia,,GDGT/Archaeol,GDGT/Archaeol,Archaeal lipids,MS2_diagnostic,Bronze,2
A15_24440,Arthropoda,Animalia,,,,,none,Unidentified,0
A15_222446,Nematoda,Animalia,,,,,none,Unidentified,0
A15_OE25-1-ALL_3479,Evosea,Protists,,Terpenoid,Terpenoid,Prenol lipids,MS2_diagnostic,Bronze,2
A15_154659,Arthropoda,Animalia,,PG,PG,Glycerophospholipids,MS2_diagnostic,Bronze,2
A15_131112,Chlorophyta,Viridiplantae,,,,,none,Unidentified,0
A15_166970,Arthropoda,Animalia,,,,,none,Unidentified,0
A15_OE25-1-ALL_9752,Evosea,Protists,,PE,PE,Glycerophospholipids,MS2_diagnostic,Bronze,2
A15_36191,Chlorophyta,Viridiplantae,,,,,none,Unidentified,0
A15_148876,Chlorophyta,Viridiplantae,,,,,none,Unidentified,0
A15_OE21-4-POS_221,Thermoproteota,Archaea,,,,,none,Unidentified,0
A15_OE25-1-ALL_42018,Evosea,Protists,TG(38:5_18:1)+OO:(s),TG,TG,Glycerolipids,LipidSearch,Gold,4
A15_126746,Nematoda,Animalia,,,,,none,Unidentified,0
A15_OE21-4-POS_11848,Thermoproteota,Archaea,,,,,none,Unidentified,0
A15_OE25-1-ALL_10723,Evosea,Protists,,PC/SM,PC/SM,Glycerophospholipids|Sphingolipids,MS2_diagnostic,Bronze,2
A15_22139,Arthropoda,Animalia,,Ceramide,Ceramide,Sphingolipids,MS2_diagnostic,Bronze,2
A15_OE25-1-ALL_17321,Evosea,Protists,,,,,none,Unidentified,0
A15_19237,Chlorophyta,Viridiplantae,,,,,none,Unidentified,0
A15_OE25-1-ALL_3405,Evosea,Protists,,,,,none,Unidentified,0
A15_177265,Chlorophyta,Viridiplantae,,,,,none,Unidentified,0
A15_OE21-4-POS_214496,Thermoproteota,Archaea,,,,,none,Unidentified,0
A15_68028,Arthropoda,Animalia,,PC/SM,PC/SM,Glycerophospholipids|Sphingolipids,MS2_diagnostic,Bronze,2
A15_OE25-1-ALL_43159,Evosea,Protists,,,,,none,Unidentified,0
A15_OE21-4-POS_167796,Thermoproteota,Archaea,Gly-PG-Archaeol(25:5(Me)_30:6),Archaeal_Lipid,Archaeal_Lipid,Archaeal lipids,ArchLips,Bronze,2
A15_60047,Arthropoda,Animalia,,,,,none,Unidentified,0
A15_155533,Nematoda,Animalia,,,,,none,Unidentified,0
A15_227195,Nematoda,Animalia,,,,,none,Unidentified,0
A15_OE25-1-ALL_1551,Evosea,Protists,PC(21:3),PC,PC,Glycerophospholipids,LipidSearch,Bronze,3
A15_7556,Arthropoda,Animalia,,,,,none,Unidentified,0
A15_197219,Chlorophyta,Viridiplantae,,,,,none,Unidentified,0
A15_225828,Nematoda,Animalia,,GDGT/Archaeol,GDGT/Archaeol,Archaeal lipids,MS2_diagnostic,Bronze,2
A15_80540,Chlorophyta,Viridiplantae,,,,,none,Unidentified,0
A15_OE25-1-ALL_42588,Evosea,Protists,TG(41:5_18:2)+OO:(s),TG,TG,Glycerolipids,LipidSearch,Gold,4
A15_185021,Chlorophyta,Viridiplantae,,,,,none,Unidentified,0
A15_OE21-4-POS_9358,Thermoproteota,Archaea,,,,,none,Unidentified,0
A15_220335,Nematoda,Animalia,,,,,none,Unidentified,0
A15_OE25-1-ALL_17479,Evosea,Protists,,PC/SM,PC/SM,Glycerophospholipids|Sphingolipids,MS2_diagnostic,Bronze,2
A15_192571,Chlorophyta,Viridiplantae,,,,,none,Unidentified,0
A15_OE21-4-POS_11398,Thermoproteota,Archaea,,Terpenoid,Terpenoid,Prenol lipids,MS2_diagnostic,Bronze,2
A15_191273,Chlorophyta,Viridiplantae,,,,,none,Unidentified,0
A15_124856,Chlorophyta,Viridiplantae,,,,,none,Unidentified,0
A15_46416,Mollusca,Animalia,,,,,none,Unidentified,0
A15_OE21-4-POS_966,Thermoproteota,Archaea,,,,,none,Unidentified,0
A15_OE25-1-ALL_3774,Evosea,Protists,,,,,none,Unidentified,0
A15_131581,Chlorophyta,Viridiplantae,MG(P-28:8),MG,MG,Glycerolipids,LipidSearch,Bronze,3
A15_OE25-1-ALL_17439,Evosea,Protists,,,,,none,Unidentified,0
A15_31857,Mollusca,Animalia,,,,,none,Unidentified,0
A15_76844,Chlorophyta,Viridiplantae,,,,,none,Unidentified,0
A15_224159,Nematoda,Animalia,,GDGT/Archaeol,GDGT/Archaeol,Archaeal lipids,MS2_diagnostic,Bronze,2
A15_118667,Chlorophyta,Viridiplantae,,,,,none,Unidentified,0
A15_62938,Arthropoda,Animalia,,,,,none,Unidentified,0
A15_161890,Chlorophyta,Viridiplantae,,,,,none,Unidentified,0
A15_OE25-1-ALL_5049,Evosea,Protists,,,,,none,Unidentified,0
A15_OE25-1-ALL_10602,Evosea,Protists,,PC/SM,PC/SM,Glycerophospholipids|Sphingolipids,MS2_diagnostic,Bronze,2
A15_222926,Nematoda,Animalia,,GDGT/Archaeol,GDGT/Archaeol,Archaeal lipids,MS2_diagnostic,Bronze,2
A15_8875,Arthropoda,Animalia,,,,,none,Unidentified,0
A15_75880,Chlorophyta,Viridiplantae,,,,,none,Unidentified,0
A15_217508,Nematoda,Animalia,,,,,none,Unidentified,0
A15_OE25-1-ALL_6180,Evosea,Protists,,,,,none,Unidentified,0
A15_144738,Nematoda,Animalia,,,,,none,Unidentified,0
A15_176053,Arthropoda,Animalia,,,,,none,Unidentified,0
A15_OE25-1-ALL_8855,Evosea,Protists,,PC/SM,PC/SM,Glycerophospholipids|Sphingolipids,MS2_diagnostic,Bronze,2
A15_224551,Nematoda,Animalia,,GDGT/Archaeol,GDGT/Archaeol,Archaeal lipids,MS2_diagnostic,Bronze,2
A15_212108,Nematoda,Animalia,,,,,none,Unidentified,0
A15_1592,Arthropoda,Animalia,PI(23:3_3:0),PI,PI,Glycerophospholipids,LipidSearch,Bronze,3
A15_78592,Chlorophyta,Viridiplantae,,Ubiquinone,Ubiquinone,Prenol lipids,MS2_diagnostic,Bronze,2
A15_OE25-1-ALL_6563,Evosea,Protists,,,,,none,Unidentified,0
A15_30740,Mollusca,Animalia,,,,,none,Unidentified,0
A15_OE21-4-POS_5821,Thermoproteota,Archaea,,Terpenoid,Terpenoid,Prenol lipids,MS2_diagnostic,Bronze,2
A15_OE21-4-POS_230717,Thermoproteota,Archaea,,Sterol,Sterol,Sterol lipids,MS2_diagnostic,Bronze,2
A15_225197,Nematoda,Animalia,,,,,none,Unidentified,0
A15_81826,Chlorophyta,Viridiplantae,,,,,none,Unidentified,0
A15_OE25-1-ALL_11518,Evosea,Protists,BisMePA(28:0),BisMePA,BisMePA,Glycerophospholipids,LipidSearch,Bronze,3
A15_OE25-1-ALL_11035,Evosea,Protists,BisMePA(27:0),BisMePA,BisMePA,Glycerophospholipids,LipidSearch,Bronze,3
A15_92737,Arthropoda,Animalia,LPC(O-18:0),LPC,LPC,Glycerophospholipids,LipidSearch,Bronze,3
A15_OE25-1-ALL_3696,Evosea,Protists,,,,,none,Unidentified,0
A15_163532,Arthropoda,Animalia,Co(Q6),Co,CoQ,Prenol lipids,LipidSearch,Gold,4
A15_23597,Mollusca,Animalia,,,,,none,Unidentified,0
A15_107655,Chlorophyta,Viridiplantae,,,,,none,Unidentified,0
A15_222145,Nematoda,Animalia,,GDGT/Archaeol,GDGT/Archaeol,Archaeal lipids,MS2_diagnostic,Bronze,2
A15_111902,Chlorophyta,Viridiplantae,,,,,none,Unidentified,0
A15_100978,Chlorophyta,Viridiplantae,,,,,none,Unidentified,0
A15_218407,Nematoda,Animalia,,,,,none,Unidentified,0
A15_OE25-1-ALL_46838,Evosea,Protists,,,,,none,Unidentified,0
A15_58197,Mollusca,Animalia,,,,,none,Unidentified,0
A15_18050,Chlorophyta,Viridiplantae,,,,,none,Unidentified,0
A15_112738,Chlorophyta,Viridiplantae,,,,,none,Unidentified,0
A15_OE25-1-ALL_4304,Evosea,Protists,,PC/SM,PC/SM,Glycerophospholipids|Sphingolipids,MS2_diagnostic,Bronze,2
A15_224,Arthropoda,Animalia,,,,,none,Unidentified,0
A15_52401,Mollusca,Animalia,LPC(P-19:4),LPC,LPC,Glycerophospholipids,LipidSearch,Bronze,3
A15_155563,Arthropoda,Animalia,,,,,none,Unidentified,0
A15_85057,Chlorophyta,Viridiplantae,,,,,none,Unidentified,0
A15_53652,Chlorophyta,Viridiplantae,,,,,none,Unidentified,0
A15_128738,Chlorophyta,Viridiplantae,,,,,none,Unidentified,0
A15_OE25-1-ALL_17841,Evosea,Protists,,PC/SM,PC/SM,Glycerophospholipids|Sphingolipids,MS2_diagnostic,Bronze,2
A15_143913,Chlorophyta,Viridiplantae,,,,,none,Unidentified,0
A15_55565,Arthropoda,Animalia,LPC(P-15:1),LPC,LPC,Glycerophospholipids,LipidSearch,Bronze,3
A15_OE25-1-ALL_3837,Evosea,Protists,,,,,none,Unidentified,0
A15_119861,Chlorophyta,Viridiplantae,,,,,none,Unidentified,0
A15_10858,Nematoda,Animalia,,,,,none,Unidentified,0
A15_6923,Arthropoda,Animalia,,,,,none,Unidentified,0
A15_108855,Chlorophyta,Viridiplantae,,,,,none,Unidentified,0
A15_166773,Arthropoda,Animalia,,,,,none,Unidentified,0
A15_13955,Nematoda,Animalia,,Terpenoid,Terpenoid,Prenol lipids,MS2_diagnostic,Bronze,2
A15_222681,Nematoda,Animalia,,,,,none,Unidentified,0
A15_50075,Arthropoda,Animalia,,,,,none,Unidentified,0
A15_OE25-1-ALL_19155,Evosea,Protists,,,,,none,Unidentified,0
A15_156919,Chlorophyta,Viridiplantae,,,,,none,Unidentified,0
A15_180442,Arthropoda,Animalia,,,,,none,Unidentified,0
A15_OE21-4-POS_3727,Thermoproteota,Archaea,,,,,none,Unidentified,0
A15_42462,Chlorophyta,Viridiplantae,,,,,none,Unidentified,0
A15_OE25-1-ALL_13399,Evosea,Protists,,PC/SM,PC/SM,Glycerophospholipids|Sphingolipids,MS2_diagnostic,Bronze,2
A15_13916,Chlorophyta,Viridiplantae,,,,,none,Unidentified,0
A15_203103,Chlorophyta,Viridiplantae,TG(36:9_20:5),TG,TG,Glycerolipids,LipidSearch,Bronze,3
A15_OE25-1-ALL_6324,Evosea,Protists,,,,,none,Unidentified,0
A15_OE25-1-ALL_5779,Evosea,Protists,,Terpenoid,Terpenoid,Prenol lipids,MS2_diagnostic,Bronze,2
A15_28346,Chlorophyta,Viridiplantae,,,,,none,Unidentified,0
A15_59097,Chlorophyta,Viridiplantae,,,,,none,Unidentified,0
A15_225949,Nematoda,Animalia,,,,,none,Unidentified,0
A15_212916,Chlorophyta,Viridiplantae,,,,,none,Unidentified,0
A15_152376,Mollusca,Animalia,,,,,none,Unidentified,0
A15_222420,Nematoda,Animalia,,,,,none,Unidentified,0
A15_OE21-4-POS_231498,Thermoproteota,Archaea,,,,,none,Unidentified,0
A15_OE25-1-ALL_14452,Evosea,Protists,,PE,PE,Glycerophospholipids,MS2_diagnostic,Bronze,2
A15_OE25-1-ALL_43703,Evosea,Protists,TG(37:2_20:3)+OO:(s),TG,TG,Glycerolipids,LipidSearch,Bronze,3
A15_9342,Arthropoda,Animalia,,Terpenoid,Terpenoid,Prenol lipids,MS2_diagnostic,Bronze,2
A15_OE21-4-POS_215486,Thermoproteota,Archaea,,,,,none,Unidentified,0
A15_69252,Arthropoda,Animalia,PC(21:2),PC,PC,Glycerophospholipids,LipidSearch,Bronze,3
A15_66523,Arthropoda,Animalia,,,,,none,Unidentified,0
A15_1807,Arthropoda,Animalia,,PC/SM,PC/SM,Glycerophospholipids|Sphingolipids,MS2_diagnostic,Bronze,2
A15_99816,Chlorophyta,Viridiplantae,PIP(22:3_14:0),PIP,PIP,Glycerophospholipids,LipidSearch,Bronze,3
A15_10231,Arthropoda,Animalia,,Terpenoid,Terpenoid,Prenol lipids,MS2_diagnostic,Bronze,2
A15_113344,Chlorophyta,Viridiplantae,MGDG(18:4_20:5),MGDG,MGDG,Glycerolipids,LipidSearch,Gold,4
A15_206893,Nematoda,Animalia,,Terpenoid,Terpenoid,Prenol lipids,MS2_diagnostic,Bronze,2
A15_156875,Arthropoda,Animalia,,,,,none,Unidentified,0
A15_214667,Nematoda,Animalia,,,,,none,Unidentified,0
A15_OE25-1-ALL_6480,Evosea,Protists,,,,,none,Unidentified,0
A15_OE25-1-ALL_8848,Evosea,Protists,,Ubiquinone,Ubiquinone,Prenol lipids,MS2_diagnostic,Bronze,2
A15_OE25-1-ALL_47579,Evosea,Protists,,PC/SM,PC/SM,Glycerophospholipids|Sphingolipids,MS2_diagnostic,Bronze,2
A15_OE25-1-ALL_17297,Evosea,Protists,,,,,none,Unidentified,0
A15_122369,Nematoda,Animalia,,,,,none,Unidentified,0
A15_OE21-4-POS_44677,Thermoproteota,Archaea,,,,,none,Unidentified,0
A15_OE25-1-ALL_14892,Evosea,Protists,PG(16:2_16:2),PG,PG,Glycerophospholipids,LipidSearch,Gold,4
A15_OE25-1-ALL_8887,Evosea,Protists,,,,,none,Unidentified,0
A15_OE21-4-POS_225467,Thermoproteota,Archaea,,,,,none,Unidentified,0
A15_218979,Mollusca,Animalia,,,,,none,Unidentified,0
A15_185433,Arthropoda,Animalia,PI(P-15:2_23:0),PI,PI,Glycerophospholipids,LipidSearch,Bronze,3
A15_28605,Arthropoda,Animalia,,,,,none,Unidentified,0
A15_223111,Mollusca,Animalia,,,,,none,Unidentified,0
A15_111906,Chlorophyta,Viridiplantae,,,,,none,Unidentified,0
A15_170661,Arthropoda,Animalia,,,,,none,Unidentified,0
A15_196567,Nematoda,Animalia,,,,,none,Unidentified,0
A15_222231,Chlorophyta,Viridiplantae,,,,,none,Unidentified,0
A15_91091,Chlorophyta,Viridiplantae,,,,,none,Unidentified,0
A15_OE21-4-POS_206718,Thermoproteota,Archaea,SQ(6:2),Archaeal_Lipid,Archaeal_Lipid,Archaeal lipids,ArchLips,Bronze,2
A15_193296,Mollusca,Animalia,,,,,none,Unidentified,0
A15_50193,Chlorophyta,Viridiplantae,,Terpenoid,Terpenoid,Prenol lipids,MS2_diagnostic,Bronze,2
A15_162978,Mollusca,Animalia,,,,,none,Unidentified,0
A15_79667,Chlorophyta,Viridiplantae,,,,,none,Unidentified,0
A15_OE25-1-ALL_8772,Evosea,Protists,,,,,none,Unidentified,0
A15_56469,Chlorophyta,Viridiplantae,,,,,none,Unidentified,0
A15_OE25-1-ALL_9371,Evosea,Protists,,Terpenoid,Terpenoid,Prenol lipids,MS2_diagnostic,Bronze,2
A15_227286,Chlorophyta,Viridiplantae,,,,,none,Unidentified,0
A15_130359,Arthropoda,Animalia,,,,,none,Unidentified,0
A15_179865,Nematoda,Animalia,,,,,none,Unidentified,0
A15_121964,Chlorophyta,Viridiplantae,,,,,none,Unidentified,0
A15_35399,Mollusca,Animalia,,,,,none,Unidentified,0
A15_OE25-1-ALL_13393,Evosea,Protists,,,,,none,Unidentified,0
A15_3165,Arthropoda,Animalia,,,,,none,Unidentified,0
A15_164422,Mollusca,Animalia,,,,,none,Unidentified,0
A15_OE25-1-ALL_15996,Evosea,Protists,,,,,none,Unidentified,0
A15_36218,Arthropoda,Animalia,,,,,none,Unidentified,0
A15_144554,Chlorophyta,Viridiplantae,,,,,none,Unidentified,0
A15_107625,Chlorophyta,Viridiplantae,,,,,none,Unidentified,0
A15_73674,Arthropoda,Animalia,PC(19:2),PC,PC,Glycerophospholipids,LipidSearch,Bronze,3
A15_216147,Nematoda,Animalia,,,,,none,Unidentified,0
A15_OE21-4-POS_13953,Thermoproteota,Archaea,,,,,none,Unidentified,0
A15_43203,Arthropoda,Animalia,LPA(23:7),LPA,LPA,Glycerophospholipids,LipidSearch,Bronze,3
A15_OE25-1-ALL_10458,Evosea,Protists,,PC/SM,PC/SM,Glycerophospholipids|Sphingolipids,MS2_diagnostic,Bronze,2
A15_OE21-4-POS_208894,Thermoproteota,Archaea,,GDGT/Archaeol,GDGT/Archaeol,Archaeal lipids,MS2_diagnostic,Bronze,2
A15_219252,Chlorophyta,Viridiplantae,,,,,none,Unidentified,0
A15_OE25-1-ALL_6594,Evosea,Protists,,PC/SM,PC/SM,Glycerophospholipids|Sphingolipids,MS2_diagnostic,Bronze,2
A15_OE21-4-POS_227959,Thermoproteota,Archaea,,,,,none,Unidentified,0
A15_172227,Arthropoda,Animalia,PI(P-15:2_22:1),PI,PI,Glycerophospholipids,LipidSearch,Bronze,3
A15_221955,Nematoda,Animalia,,,,,none,Unidentified,0
A15_OE21-4-POS_208648,Thermoproteota,Archaea,,,,,none,Unidentified,0
A15_112820,Chlorophyta,Viridiplantae,,,,,none,Unidentified,0
A15_224118,Nematoda,Animalia,,,,,none,Unidentified,0
A15_85051,Chlorophyta,Viridiplantae,,,,,none,Unidentified,0
A15_192928,Nematoda,Animalia,,,,,none,Unidentified,0
A15_177698,Nematoda,Animalia,,Terpenoid,Terpenoid,Prenol lipids,MS2_diagnostic,Bronze,2
A15_66555,Arthropoda,Animalia,LPC(P-18:0),LPC,LPC,Glycerophospholipids,LipidSearch,Bronze,3
A15_OE25-1-ALL_6873,Evosea,Protists,,,,,none,Unidentified,0
A15_203858,Chlorophyta,Viridiplantae,,,,,none,Unidentified,0
A15_OE25-1-ALL_4459,Evosea,Protists,,,,,none,Unidentified,0
A15_50755,Chlorophyta,Viridiplantae,TG(27:8_2:0_8:0),TG,TG,Glycerolipids,LipidSearch,Bronze,3
A15_OE25-1-ALL_36654,Evosea,Protists,,,,,none,Unidentified,0
A15_81023,Mollusca,Animalia,,,,,none,Unidentified,0
A15_OE25-1-ALL_10633,Evosea,Protists,,PC/SM,PC/SM,Glycerophospholipids|Sphingolipids,MS2_diagnostic,Bronze,2
A15_OE25-1-ALL_5043,Evosea,Protists,,,,,none,Unidentified,0
A15_35076,Chlorophyta,Viridiplantae,,,,,none,Unidentified,0
A15_OE25-1-ALL_9460,Evosea,Protists,,PC/SM,PC/SM,Glycerophospholipids|Sphingolipids,MS2_diagnostic,Bronze,2
A15_222525,Nematoda,Animalia,,,,,none,Unidentified,0
A15_OE25-1-ALL_10999,Evosea,Protists,,PC/SM,PC/SM,Glycerophospholipids|Sphingolipids,MS2_diagnostic,Bronze,2
A15_226092,Nematoda,Animalia,,,,,none,Unidentified,0
A15_222056,Nematoda,Animalia,,,,,none,Unidentified,0
A15_OE25-1-ALL_4257,Evosea,Protists,,,,,none,Unidentified,0
A15_OE21-4-POS_224985,Thermoproteota,Archaea,PE-Archaeol(25:2(Me)_25:4(Me)),Archaeal_Lipid,Archaeal_Lipid,Archaeal lipids,ArchLips,Bronze,2
A15_146834,Arthropoda,Animalia,,Terpenoid,Terpenoid,Prenol lipids,MS2_diagnostic,Bronze,2
A15_227356,Nematoda,Animalia,,,,,none,Unidentified,0
A15_OE21-4-POS_9811,Thermoproteota,Archaea,,Terpenoid,Terpenoid,Prenol lipids,MS2_diagnostic,Bronze,2
A15_156866,Mollusca,Animalia,,,,,none,Unidentified,0
A15_OE25-1-ALL_10933,Evosea,Protists,,PC/SM,PC/SM,Glycerophospholipids|Sphingolipids,MS2_diagnostic,Bronze,2
A15_7443,Arthropoda,Animalia,,Terpenoid,Terpenoid,Prenol lipids,MS2_diagnostic,Bronze,2
A15_211989,Chlorophyta,Viridiplantae,,,,,none,Unidentified,0
A15_OE25-1-ALL_17456,Evosea,Protists,,,,,none,Unidentified,0
A15_216148,Nematoda,Animalia,,,,,none,Unidentified,0
A15_10990,Arthropoda,Animalia,,,,,none,Unidentified,0
A15_54060,Chlorophyta,Viridiplantae,,,,,none,Unidentified,0
A15_87381,Chlorophyta,Viridiplantae,,,,,none,Unidentified,0
A15_171785,Chlorophyta,Viridiplantae,,,,,none,Unidentified,0
A15_221195,Mollusca,Animalia,,,,,none,Unidentified,0
A15_223372,Mollusca,Animalia,,,,,none,Unidentified,0
A15_158106,Chlorophyta,Viridiplantae,MGDG(16:2_16:2),MGDG,MGDG,Glycerolipids,LipidSearch,Bronze,3
A15_OE25-1-ALL_2372,Evosea,Protists,,Terpenoid,Terpenoid,Prenol lipids,MS2_diagnostic,Bronze,2
A15_OE25-1-ALL_4876,Evosea,Protists,,,,,none,Unidentified,0
A15_223712,Mollusca,Animalia,,,,,none,Unidentified,0
A15_176713,Nematoda,Animalia,,PC/SM,PC/SM,Glycerophospholipids|Sphingolipids,MS2_diagnostic,Bronze,2
A15_OE25-1-ALL_42513,Evosea,Protists,,,,,none,Unidentified,0
A15_204132,Nematoda,Animalia,,,,,none,Unidentified,0
A15_220623,Nematoda,Animalia,,,,,none,Unidentified,0
A15_215296,Chlorophyta,Viridiplantae,,,,,none,Unidentified,0
A15_OE25-1-ALL_19217,Evosea,Protists,,,,,none,Unidentified,0
A15_9466,Arthropoda,Animalia,LPI(20:5),LPI,LPI,Glycerophospholipids,LipidSearch,Bronze,3
A15_220152,Arthropoda,Animalia,Cer(d16:1_24:1),Cer,Cer,Sphingolipids,LipidSearch,Bronze,3
A15_228889,Nematoda,Animalia,,,,,none,Unidentified,0
A15_OE25-1-ALL_17726,Evosea,Protists,,PC/SM,PC/SM,Glycerophospholipids|Sphingolipids,MS2_diagnostic,Bronze,2
A15_154255,Mollusca,Animalia,,,,,none,Unidentified,0
A15_5828,Arthropoda,Animalia,,PC/SM,PC/SM,Glycerophospholipids|Sphingolipids,MS2_diagnostic,Bronze,2
A15_17088,Nematoda,Animalia,,,,,none,Unidentified,0
A15_183036,Chlorophyta,Viridiplantae,,,,,none,Unidentified,0
A15_28088,Chlorophyta,Viridiplantae,,,,,none,Unidentified,0
A15_32070,Mollusca,Animalia,,,,,none,Unidentified,0
A15_165296,Nematoda,Animalia,,PC/SM,PC/SM,Glycerophospholipids|Sphingolipids,MS2_diagnostic,Bronze,2
A15_148910,Mollusca,Animalia,,,,,none,Unidentified,0
A15_4748,Arthropoda,Animalia,,,,,none,Unidentified,0
A15_OE25-1-ALL_12981,Evosea,Protists,,PC/SM,PC/SM,Glycerophospholipids|Sphingolipids,MS2_diagnostic,Bronze,2
A15_1303,Arthropoda,Animalia,,PC/SM,PC/SM,Glycerophospholipids|Sphingolipids,MS2_diagnostic,Bronze,2
A15_128156,Chlorophyta,Viridiplantae,,,,,none,Unidentified,0
A15_222249,Nematoda,Animalia,,,,,none,Unidentified,0
A15_OE21-4-POS_222400,Thermoproteota,Archaea,,,,,none,Unidentified,0
A15_216742,Chlorophyta,Viridiplantae,,,,,none,Unidentified,0
A15_156769,Nematoda,Animalia,,,,,none,Unidentified,0
A15_OE25-1-ALL_4603,Evosea,Protists,,,,,none,Unidentified,0
A15_OE25-1-ALL_16643,Evosea,Protists,,Terpenoid,Terpenoid,Prenol lipids,MS2_diagnostic,Bronze,2
A15_184708,Chlorophyta,Viridiplantae,,,,,none,Unidentified,0
A15_64076,Arthropoda,Animalia,,,,,none,Unidentified,0
A15_73639,Mollusca,Animalia,PC(28:2),PC,PC,Glycerophospholipids,LipidSearch,Bronze,3
A15_148656,Mollusca,Animalia,,,,,none,Unidentified,0
A15_OE25-1-ALL_42262,Evosea,Protists,TG(38:5_18:1)+OO:(s),TG,TG,Glycerolipids,LipidSearch,Gold,4
A15_115958,Chlorophyta,Viridiplantae,,,,,none,Unidentified,0
A15_163939,Chlorophyta,Viridiplantae,,Terpenoid,Terpenoid,Prenol lipids,MS2_diagnostic,Bronze,2
A15_224290,Nematoda,Animalia,,GDGT/Archaeol,GDGT/Archaeol,Archaeal lipids,MS2_diagnostic,Bronze,2
A15_174307,Bacillota,Bacteria,PEt(O-15:1_19:3),PEt,PEt,Glycerophospholipids,LipidSearch,Bronze,3
A15_161779,Mollusca,Animalia,,,,,none,Unidentified,0
A15_11523,Mollusca,Animalia,,,,,none,Unidentified,0
A15_8984,Arthropoda,Animalia,,,,,none,Unidentified,0
A15_174140,Arthropoda,Animalia,,,,,none,Unidentified,0
A15_5661,Arthropoda,Animalia,,,,,none,Unidentified,0
A15_217547,Chlorophyta,Viridiplantae,,,,,none,Unidentified,0
A15_82238,Chlorophyta,Viridiplantae,,,,,none,Unidentified,0
A15_OE21-4-POS_20074,Thermoproteota,Archaea,,,,,none,Unidentified,0
A15_125515,Chlorophyta,Viridiplantae,,,,,none,Unidentified,0
A15_153276,Chlorophyta,Viridiplantae,,,,,none,Unidentified,0
A15_207681,Chlorophyta,Viridiplantae,,,,,none,Unidentified,0
A15_OE25-1-ALL_6955,Evosea,Protists,,,,,none,Unidentified,0
A15_OE25-1-ALL_8905,Evosea,Protists,,PC/SM,PC/SM,Glycerophospholipids|Sphingolipids,MS2_diagnostic,Bronze,2
A15_214675,Chlorophyta,Viridiplantae,,,,,none,Unidentified,0
A15_OE25-1-ALL_9028,Evosea,Protists,,PC/SM,PC/SM,Glycerophospholipids|Sphingolipids,MS2_diagnostic,Bronze,2
A15_42123,Arthropoda,Animalia,,PC/SM,PC/SM,Glycerophospholipids|Sphingolipids,MS2_diagnostic,Bronze,2
A15_221196,Mollusca,Animalia,,,,,none,Unidentified,0
A15_136267,Nematoda,Animalia,,,,,none,Unidentified,0
A15_12301,Arthropoda,Animalia,,,,,none,Unidentified,0
A15_68388,Arthropoda,Animalia,,Terpenoid,Terpenoid,Prenol lipids,MS2_diagnostic,Bronze,2
A15_OE21-4-POS_231425,Thermoproteota,Archaea,,Glycolipid,Glycolipid,Glycerolipids,MS2_diagnostic,Bronze,2
A15_30727,Mollusca,Animalia,,Terpenoid,Terpenoid,Prenol lipids,MS2_diagnostic,Bronze,2
A15_39272,Arthropoda,Animalia,PC(17:2),PC,PC,Glycerophospholipids,LipidSearch,Bronze,3
A15_124542,Arthropoda,Animalia,,PC/SM,PC/SM,Glycerophospholipids|Sphingolipids,MS2_diagnostic,Bronze,2
A15_186634,Arthropoda,Animalia,,,,,none,Unidentified,0
A15_OE25-1-ALL_6875,Evosea,Protists,,Terpenoid,Terpenoid,Prenol lipids,MS2_diagnostic,Bronze,2
A15_202501,Nematoda,Animalia,,Terpenoid,Terpenoid,Prenol lipids,MS2_diagnostic,Bronze,2
A15_77907,Chlorophyta,Viridiplantae,,,,,none,Unidentified,0
A15_OE25-1-ALL_8857,Evosea,Protists,,Terpenoid,Terpenoid,Prenol lipids,MS2_diagnostic,Bronze,2
A15_223804,Nematoda,Animalia,,,,,none,Unidentified,0
A15_219124,Nematoda,Animalia,,,,,none,Unidentified,0
A15_142955,Mollusca,Animalia,,,,,none,Unidentified,0
A15_211400,Chlorophyta,Viridiplantae,,,,,none,Unidentified,0
A15_224607,Nematoda,Animalia,,,,,none,Unidentified,0
A15_224605,Nematoda,Animalia,,GDGT/Archaeol,GDGT/Archaeol,Archaeal lipids,MS2_diagnostic,Bronze,2
A15_154511,Mollusca,Animalia,,,,,none,Unidentified,0
A15_45486,Chlorophyta,Viridiplantae,,,,,none,Unidentified,0
A15_OE25-1-ALL_6531,Evosea,Protists,,,,,none,Unidentified,0
A15_110990,Chlorophyta,Viridiplantae,,,,,none,Unidentified,0
A15_184451,Arthropoda,Animalia,,,,,none,Unidentified,0
A15_OE21-4-POS_231746,Thermoproteota,Archaea,,,,,none,Unidentified,0
A15_211810,Chlorophyta,Viridiplantae,,,,,none,Unidentified,0
A15_116908,Chlorophyta,Viridiplantae,PI(15:0_14:1),PI,PI,Glycerophospholipids,LipidSearch,Bronze,3
A15_OE25-1-ALL_7912,Evosea,Protists,,,,,none,Unidentified,0
A15_181856,Arthropoda,Animalia,SM(d35:1),SM,SM,Sphingolipids,LipidSearch,Bronze,3
A15_212272,Nematoda,Animalia,,,,,none,Unidentified,0
A15_150572,Arthropoda,Animalia,,,,,none,Unidentified,0
A15_32647,Mollusca,Animalia,,,,,none,Unidentified,0
A15_176210,Arthropoda,Animalia,,,,,none,Unidentified,0
A15_33533,Mollusca,Animalia,,,,,none,Unidentified,0
A15_131210,Chlorophyta,Viridiplantae,,,,,none,Unidentified,0
A15_128678,Chlorophyta,Viridiplantae,,,,,none,Unidentified,0
A15_74646,Chlorophyta,Viridiplantae,,Terpenoid,Terpenoid,Prenol lipids,MS2_diagnostic,Bronze,2
A15_223635,Chlorophyta,Viridiplantae,,,,,none,Unidentified,0
A15_113773,Chlorophyta,Viridiplantae,,,,,none,Unidentified,0
A15_14916,Arthropoda,Animalia,,,,,none,Unidentified,0
A15_OE21-4-POS_211665,Thermoproteota,Archaea,,,,,none,Unidentified,0
A15_88862,Chlorophyta,Viridiplantae,,,,,none,Unidentified,0
A15_OE25-1-ALL_17511,Evosea,Protists,,,,,none,Unidentified,0
A15_OE21-4-POS_8223,Thermoproteota,Archaea,,,,,none,Unidentified,0
A15_219367,Nematoda,Animalia,,,,,none,Unidentified,0
A15_40453,Chlorophyta,Viridiplantae,,PC/SM,PC/SM,Glycerophospholipids|Sphingolipids,MS2_diagnostic,Bronze,2
A15_114411,Chlorophyta,Viridiplantae,,,,,none,Unidentified,0
A15_225838,Chlorophyta,Viridiplantae,,,,,none,Unidentified,0
A15_224061,Nematoda,Animalia,,GDGT/Archaeol,GDGT/Archaeol,Archaeal lipids,MS2_diagnostic,Bronze,2
A15_205543,Chlorophyta,Viridiplantae,,,,,none,Unidentified,0
A15_65935,Arthropoda,Animalia,,,,,none,Unidentified,0
A15_222524,Nematoda,Animalia,,,,,none,Unidentified,0
A15_76554,Arthropoda,Animalia,,,,,none,Unidentified,0
A15_164744,Nematoda,Animalia,,,,,none,Unidentified,0
A15_222692,Chlorophyta,Viridiplantae,,,,,none,Unidentified,0
A15_16103,Chlorophyta,Viridiplantae,,,,,none,Unidentified,0
A15_11221,Arthropoda,Animalia,LPI(20:5),LPI,LPI,Glycerophospholipids,LipidSearch,Bronze,3
A15_5096,Arthropoda,Animalia,,,,,none,Unidentified,0
A15_113053,Chlorophyta,Viridiplantae,,,,,none,Unidentified,0
A15_43988,Nematoda,Animalia,WE(O-21:0),WE,WE,Fatty acyls,LipidSearch,Bronze,3
A15_OE25-1-ALL_10577,Evosea,Protists,,PC/SM,PC/SM,Glycerophospholipids|Sphingolipids,MS2_diagnostic,Bronze,2
A15_46461,Arthropoda,Animalia,,,,,none,Unidentified,0
A15_204608,Chlorophyta,Viridiplantae,,,,,none,Unidentified,0
A15_41682,Mollusca,Animalia,,,,,none,Unidentified,0
A15_133236,Arthropoda,Animalia,,Ubiquinone,Ubiquinone,Prenol lipids,MS2_diagnostic,Bronze,2
A15_OE21-4-POS_231783,Thermoproteota,Archaea,,,,,none,Unidentified,0
A15_165894,Nematoda,Animalia,,,,,none,Unidentified,0
A15_106261,Chlorophyta,Viridiplantae,,,,,none,Unidentified,0
A15_78988,Chlorophyta,Viridiplantae,,,,,none,Unidentified,0
A15_112814,Chlorophyta,Viridiplantae,,,,,none,Unidentified,0
A15_216760,Nematoda,Animalia,,Terpenoid,Terpenoid,Prenol lipids,MS2_diagnostic,Bronze,2
A15_OE25-1-ALL_13080,Evosea,Protists,,,,,none,Unidentified,0
A15_50299,Arthropoda,Animalia,,,,,none,Unidentified,0
A15_OE21-4-POS_16785,Thermoproteota,Archaea,,,,,none,Unidentified,0
A15_OE25-1-ALL_13734,Evosea,Protists,,,,,none,Unidentified,0
A15_101392,Arthropoda,Animalia,,,,,none,Unidentified,0
A15_169647,Bacillota,Bacteria,,,,,none,Unidentified,0
A15_128418,Nematoda,Animalia,,,,,none,Unidentified,0
A15_71268,Arthropoda,Animalia,,,,,none,Unidentified,0
A15_69203,Arthropoda,Animalia,,,,,none,Unidentified,0
A15_40139,Chlorophyta,Viridiplantae,,,,,none,Unidentified,0
A15_OE25-1-ALL_15317,Evosea,Protists,,,,,none,Unidentified,0
A15_166701,Mollusca,Animalia,,,,,none,Unidentified,0
A15_OE25-1-ALL_25849,Evosea,Protists,,,,,none,Unidentified,0
A15_158854,Mollusca,Animalia,,,,,none,Unidentified,0
A15_203790,Nematoda,Animalia,,,,,none,Unidentified,0
A15_OE21-4-POS_3055,Thermoproteota,Archaea,,,,,none,Unidentified,0
A15_8686,Arthropoda,Animalia,,,,,none,Unidentified,0
A15_45887,Chlorophyta,Viridiplantae,,,,,none,Unidentified,0
A15_221413,Nematoda,Animalia,,,,,none,Unidentified,0
A15_OE21-4-POS_209401,Thermoproteota,Archaea,,,,,none,Unidentified,0
A15_82398,Chlorophyta,Viridiplantae,,,,,none,Unidentified,0
A15_OE25-1-ALL_9433,Evosea,Protists,,PC/SM,PC/SM,Glycerophospholipids|Sphingolipids,MS2_diagnostic,Bronze,2
A15_46374,Arthropoda,Animalia,,,,,none,Unidentified,0
A15_68481,Chlorophyta,Viridiplantae,,,,,none,Unidentified,0
A15_760,Arthropoda,Animalia,,,,,none,Unidentified,0
A15_52563,Mollusca,Animalia,,,,,none,Unidentified,0
A15_OE21-4-POS_231497,Thermoproteota,Archaea,,,,,none,Unidentified,0
A15_137209,Nematoda,Animalia,,,,,none,Unidentified,0
A15_43870,Chlorophyta,Viridiplantae,,,,,none,Unidentified,0
A15_56981,Chlorophyta,Viridiplantae,,,,,none,Unidentified,0
A15_45592,Arthropoda,Animalia,,,,,none,Unidentified,0
A15_144903,Mollusca,Animalia,,,,,none,Unidentified,0
A15_19764,Arthropoda,Animalia,,PC/SM,PC/SM,Glycerophospholipids|Sphingolipids,MS2_diagnostic,Bronze,2
A15_220635,Arthropoda,Animalia,Cer(d16:1_24:1),Cer,Cer,Sphingolipids,LipidSearch,Bronze,3
A15_133330,Arthropoda,Animalia,TG(16:1_19:3),TG,TG,Glycerolipids,LipidSearch,Bronze,3
A15_224672,Nematoda,Animalia,,,,,none,Unidentified,0
A15_132240,Nematoda,Animalia,,,,,none,Unidentified,0
A15_174367,Mollusca,Animalia,,,,,none,Unidentified,0
A15_93054,Chlorophyta,Viridiplantae,,,,,none,Unidentified,0
A15_OE25-1-ALL_35990,Evosea,Protists,,,,,none,Unidentified,0
A15_221628,Nematoda,Animalia,,,,,none,Unidentified,0
A15_160790,Mollusca,Animalia,,,,,none,Unidentified,0
A15_124255,Chlorophyta,Viridiplantae,,,,,none,Unidentified,0
A15_64733,Arthropoda,Animalia,,,,,none,Unidentified,0
A15_219354,Nematoda,Animalia,,,,,none,Unidentified,0
A15_31847,Arthropoda,Animalia,,,,,none,Unidentified,0
A15_85402,Mollusca,Animalia,,,,,none,Unidentified,0
A15_7582,Chlorophyta,Viridiplantae,,,,,none,Unidentified,0
A15_33542,Arthropoda,Animalia,,,,,none,Unidentified,0
A15_165508,Nematoda,Animalia,,,,,none,Unidentified,0
A15_68373,Arthropoda,Animalia,LPC(P-18:0),LPC,LPC,Glycerophospholipids,LipidSearch,Bronze,3
A15_OE21-4-POS_206619,Thermoproteota,Archaea,,,,,none,Unidentified,0
A15_209046,Nematoda,Animalia,,,,,none,Unidentified,0
A15_132016,Nematoda,Animalia,,,,,none,Unidentified,0
A15_123817,Chlorophyta,Viridiplantae,,,,,none,Unidentified,0
A15_96615,Chlorophyta,Viridiplantae,,,,,none,Unidentified,0
A15_219351,Nematoda,Animalia,,,,,none,Unidentified,0
A15_OE25-1-ALL_8822,Evosea,Protists,,PC/SM,PC/SM,Glycerophospholipids|Sphingolipids,MS2_diagnostic,Bronze,2
A15_OE25-1-ALL_8842,Evosea,Protists,,PC/SM,PC/SM,Glycerophospholipids|Sphingolipids,MS2_diagnostic,Bronze,2
A15_221625,Nematoda,Animalia,,,,,none,Unidentified,0
A15_35123,Arthropoda,Animalia,,,,,none,Unidentified,0
A15_226980,Nematoda,Animalia,,,,,none,Unidentified,0
A15_5276,Arthropoda,Animalia,,,,,none,Unidentified,0
A15_48929,Chlorophyta,Viridiplantae,,,,,none,Unidentified,0
A15_OE21-4-POS_16207,Thermoproteota,Archaea,,Terpenoid,Terpenoid,Prenol lipids,MS2_diagnostic,Bronze,2
A15_OE21-4-POS_209996,Thermoproteota,Archaea,,,,,none,Unidentified,0
A15_216544,Chlorophyta,Viridiplantae,DG(24:0_20:5),DG,DG,Glycerolipids,LipidSearch,Gold,4
A15_131229,Mollusca,Animalia,,Terpenoid,Terpenoid,Prenol lipids,MS2_diagnostic,Bronze,2
A15_207972,Nematoda,Animalia,,,,,none,Unidentified,0
A15_OE25-1-ALL_4538,Evosea,Protists,,PC/SM,PC/SM,Glycerophospholipids|Sphingolipids,MS2_diagnostic,Bronze,2
A15_13926,Mollusca,Animalia,,,,,none,Unidentified,0
A15_227251,Mollusca,Animalia,,,,,none,Unidentified,0
A15_OE25-1-ALL_17928,Evosea,Protists,,,,,none,Unidentified,0
A15_26652,Arthropoda,Animalia,,,,,none,Unidentified,0
A15_OE25-1-ALL_9242,Evosea,Protists,,,,,none,Unidentified,0
A15_183952,Mollusca,Animalia,,,,,none,Unidentified,0
A15_203316,Nematoda,Animalia,,,,,none,Unidentified,0
A15_OE21-4-POS_9653,Thermoproteota,Archaea,,Terpenoid,Terpenoid,Prenol lipids,MS2_diagnostic,Bronze,2
A15_78749,Mollusca,Animalia,,,,,none,Unidentified,0
A15_85611,Mollusca,Animalia,,,,,none,Unidentified,0
A15_45803,Arthropoda,Animalia,,,,,none,Unidentified,0
A15_27281,Chlorophyta,Viridiplantae,,,,,none,Unidentified,0
A15_202212,Chlorophyta,Viridiplantae,,,,,none,Unidentified,0
A15_59672,Arthropoda,Animalia,,,,,none,Unidentified,0
A15_35941,Arthropoda,Animalia,,,,,none,Unidentified,0
A15_195066,Nematoda,Animalia,,,,,none,Unidentified,0
A15_58180,Mollusca,Animalia,,,,,none,Unidentified,0
A15_148452,Chlorophyta,Viridiplantae,TG(20:1_23:6)+O:(s),TG,TG,Glycerolipids,LipidSearch,Bronze,3
A15_5993,Arthropoda,Animalia,,,,,none,Unidentified,0
A15_173539,Arthropoda,Animalia,PI(40:6),PI,PI,Glycerophospholipids,LipidSearch,Bronze,3
A15_227621,Nematoda,Animalia,,,,,none,Unidentified,0
A15_154506,Mollusca,Animalia,,,,,none,Unidentified,0
A15_13085,Mollusca,Animalia,,,,,none,Unidentified,0
A15_2480,Arthropoda,Animalia,,,,,none,Unidentified,0
A15_76473,Mollusca,Animalia,,,,,none,Unidentified,0
A15_216409,Nematoda,Animalia,TG(3:0_18:0_19:0)+O:(s),TG,TG,Glycerolipids,LipidSearch,Gold,4
A15_188003,Arthropoda,Animalia,,,,,none,Unidentified,0
A15_OE21-4-POS_19709,Thermoproteota,Archaea,,,,,none,Unidentified,0
A15_218576,Chlorophyta,Viridiplantae,,,,,none,Unidentified,0
A15_OE25-1-ALL_24956,Evosea,Protists,,,,,none,Unidentified,0
A15_223141,Nematoda,Animalia,,GDGT/Archaeol,GDGT/Archaeol,Archaeal lipids,MS2_diagnostic,Bronze,2
A15_20098,Chlorophyta,Viridiplantae,,,,,none,Unidentified,0
A15_196031,Chlorophyta,Viridiplantae,,,,,none,Unidentified,0
A15_217390,Nematoda,Animalia,,,,,none,Unidentified,0
A15_156031,Mollusca,Animalia,,,,,none,Unidentified,0
A15_OE21-4-POS_172041,Thermoproteota,Archaea,,,,,none,Unidentified,0
A15_78376,Mollusca,Animalia,,,,,none,Unidentified,0
A15_104957,Mollusca,Animalia,,,,,none,Unidentified,0
A15_215816,Mollusca,Animalia,,,,,none,Unidentified,0
A15_OE25-1-ALL_14013,Evosea,Protists,Cer(d17:0_15:0)+O:(s),Cer,Cer,Sphingolipids,LipidSearch,Bronze,3
A15_141887,Chlorophyta,Viridiplantae,,,,,none,Unidentified,0
A15_151055,Arthropoda,Animalia,SM(d37:3),SM,SM,Sphingolipids,LipidSearch,Bronze,3
A15_204818,Nematoda,Animalia,,,,,none,Unidentified,0
A15_OE21-4-POS_4722,Thermoproteota,Archaea,,Terpenoid,Terpenoid,Prenol lipids,MS2_diagnostic,Bronze,2
A15_211170,Chlorophyta,Viridiplantae,,Terpenoid,Terpenoid,Prenol lipids,MS2_diagnostic,Bronze,2
A15_47125,Arthropoda,Animalia,TG(19:3_5:0)+O:(s),TG,TG,Glycerolipids,LipidSearch,Bronze,3
A15_92511,Chlorophyta,Viridiplantae,,,,,none,Unidentified,0
A15_138192,Arthropoda,Animalia,,Ubiquinone,Ubiquinone,Prenol lipids,MS2_diagnostic,Bronze,2
A15_107291,Chlorophyta,Viridiplantae,,,,,none,Unidentified,0
A15_161464,Nematoda,Animalia,,,,,none,Unidentified,0
A15_156870,Mollusca,Animalia,,,,,none,Unidentified,0
A15_213744,Nematoda,Animalia,WE(O-29:2_18:4),WE,WE,Fatty acyls,LipidSearch,Bronze,3
A15_153716,Arthropoda,Animalia,DG(O-13:1_20:5),DG,DG,Glycerolipids,LipidSearch,Bronze,3
A15_2207,Arthropoda,Animalia,,,,,none,Unidentified,0
A15_137993,Arthropoda,Animalia,,Terpenoid,Terpenoid,Prenol lipids,MS2_diagnostic,Bronze,2
A15_227522,Nematoda,Animalia,,,,,none,Unidentified,0
A15_OE21-4-POS_4979,Thermoproteota,Archaea,,,,,none,Unidentified,0
A15_OE25-1-ALL_26539,Evosea,Protists,,,,,none,Unidentified,0
A15_188907,Arthropoda,Animalia,,,,,none,Unidentified,0
A15_74678,Arthropoda,Animalia,,,,,none,Unidentified,0
A15_69518,Chlorophyta,Viridiplantae,,,,,none,Unidentified,0
A15_217492,Nematoda,Animalia,,,,,none,Unidentified,0
A15_120753,Chlorophyta,Viridiplantae,,,,,none,Unidentified,0
A15_219922,Nematoda,Animalia,,,,,none,Unidentified,0
A15_1564,Arthropoda,Animalia,,,,,none,Unidentified,0
A15_100112,Arthropoda,Animalia,TG(29:7_6:0)+O:(s),TG,TG,Glycerolipids,LipidSearch,Bronze,3
A15_106051,Chlorophyta,Viridiplantae,,,,,none,Unidentified,0
A15_70880,Arthropoda,Animalia,,,,,none,Unidentified,0
A15_OE25-1-ALL_11000,Evosea,Protists,,,,,none,Unidentified,0
A15_66129,Arthropoda,Animalia,LPC(P-17:0),LPC,LPC,Glycerophospholipids,LipidSearch,Bronze,3
A15_201035,Mollusca,Animalia,,,,,none,Unidentified,0
A15_218938,Chlorophyta,Viridiplantae,,,,,none,Unidentified,0
A15_28893,Arthropoda,Animalia,,Sterol,Sterol,Sterol lipids,MS2_diagnostic,Bronze,2
A15_30221,Arthropoda,Animalia,,,,,none,Unidentified,0
A15_108589,Chlorophyta,Viridiplantae,,,,,none,Unidentified,0
A15_220118,Chlorophyta,Viridiplantae,,,,,none,Unidentified,0
A15_51261,Mollusca,Animalia,,,,,none,Unidentified,0
A15_23698,Arthropoda,Animalia,,,,,none,Unidentified,0
A15_90495,Chlorophyta,Viridiplantae,,PC/SM,PC/SM,Glycerophospholipids|Sphingolipids,MS2_diagnostic,Bronze,2
A15_43301,Mollusca,Animalia,,,,,none,Unidentified,0
A15_21004,Arthropoda,Animalia,,,,,none,Unidentified,0
A15_117972,Arthropoda,Animalia,PEt(10:0_16:0),PEt,PEt,Glycerophospholipids,LipidSearch,Bronze,3
A15_42028,Arthropoda,Animalia,,,,,none,Unidentified,0
A15_222914,Chlorophyta,Viridiplantae,,,,,none,Unidentified,0
A15_OE25-1-ALL_9647,Evosea,Protists,,,,,none,Unidentified,0
A15_OE21-4-POS_177265,Thermoproteota,Archaea,,,,,none,Unidentified,0
A15_OE21-4-POS_12274,Thermoproteota,Archaea,,,,,none,Unidentified,0
A15_219548,Nematoda,Animalia,,,,,none,Unidentified,0
A15_196929,Chlorophyta,Viridiplantae,,,,,none,Unidentified,0
A15_221497,Nematoda,Animalia,DG(O-20:5_20:4),DG,DG,Glycerolipids,LipidSearch,Bronze,3
A15_48850,Arthropoda,Animalia,,,,,none,Unidentified,0
A15_121058,Nematoda,Animalia,,,,,none,Unidentified,0
A15_40421,Arthropoda,Animalia,,PC/SM,PC/SM,Glycerophospholipids|Sphingolipids,MS2_diagnostic,Bronze,2
A15_219079,Mollusca,Animalia,,,,,none,Unidentified,0
A15_100221,Mollusca,Animalia,,,,,none,Unidentified,0
A15_OE21-4-POS_15936,Thermoproteota,Archaea,,,,,none,Unidentified,0
A15_224671,Nematoda,Animalia,,,,,none,Unidentified,0
A15_44816,Mollusca,Animalia,,,,,none,Unidentified,0
A15_203932,Mollusca,Animalia,,,,,none,Unidentified,0
A15_130250,Chlorophyta,Viridiplantae,,,,,none,Unidentified,0
A15_OE25-1-ALL_28870,Evosea,Protists,,,,,none,Unidentified,0
A15_57533,Arthropoda,Animalia,,,,,none,Unidentified,0
A15_213658,Chlorophyta,Viridiplantae,,,,,none,Unidentified,0
A15_110721,Chlorophyta,Viridiplantae,,,,,none,Unidentified,0
A15_219253,Chlorophyta,Viridiplantae,,,,,none,Unidentified,0
A15_OE25-1-ALL_3039,Evosea,Protists,,PC/SM,PC/SM,Glycerophospholipids|Sphingolipids,MS2_diagnostic,Bronze,2
A15_32539,Arthropoda,Animalia,,,,,none,Unidentified,0
A15_140518,Arthropoda,Animalia,SM(d35:3),SM,SM,Sphingolipids,LipidSearch,Bronze,3
A15_OE21-4-POS_230842,Thermoproteota,Archaea,,,,,none,Unidentified,0
A15_59425,Chlorophyta,Viridiplantae,,,,,none,Unidentified,0
A15_179328,Mollusca,Animalia,,,,,none,Unidentified,0
A15_224289,Nematoda,Animalia,,GDGT/Archaeol,GDGT/Archaeol,Archaeal lipids,MS2_diagnostic,Bronze,2
A15_175434,Chlorophyta,Viridiplantae,,,,,none,Unidentified,0
A15_8816,Arthropoda,Animalia,,,,,none,Unidentified,0
A15_77910,Arthropoda,Animalia,,,,,none,Unidentified,0
A15_OE21-4-POS_7301,Thermoproteota,Archaea,,,,,none,Unidentified,0
A15_103329,Chlorophyta,Viridiplantae,PIP(22:3_14:0),PIP,PIP,Glycerophospholipids,LipidSearch,Bronze,3
A15_88444,Chlorophyta,Viridiplantae,DGDG(32:6),DGDG,DGDG,Glycerolipids,LipidSearch,Bronze,3
A15_214676,Chlorophyta,Viridiplantae,,,,,none,Unidentified,0
A15_219366,Nematoda,Animalia,,,,,none,Unidentified,0
A15_31541,Arthropoda,Animalia,,,,,none,Unidentified,0
A15_228935,Nematoda,Animalia,,,,,none,Unidentified,0
A15_39172,Chlorophyta,Viridiplantae,,,,,none,Unidentified,0
A15_200083,Arthropoda,Animalia,,,,,none,Unidentified,0
A15_161332,Nematoda,Animalia,,,,,none,Unidentified,0
A15_OE21-4-POS_233134,Thermoproteota,Archaea,,,,,none,Unidentified,0
A15_206140,Nematoda,Animalia,,,,,none,Unidentified,0
A15_219541,Chlorophyta,Viridiplantae,,,,,none,Unidentified,0
A15_178316,Nematoda,Animalia,,,,,none,Unidentified,0
A15_60210,Arthropoda,Animalia,,Terpenoid,Terpenoid,Prenol lipids,MS2_diagnostic,Bronze,2
A15_11526,Mollusca,Animalia,,,,,none,Unidentified,0
A15_228282,Nematoda,Animalia,,,,,none,Unidentified,0
A15_OE25-1-ALL_8003,Evosea,Protists,,,,,none,Unidentified,0
A15_OE21-4-POS_16437,Thermoproteota,Archaea,,,,,none,Unidentified,0
A15_119439,Mollusca,Animalia,,,,,none,Unidentified,0
A15_OE25-1-ALL_4824,Evosea,Protists,,,,,none,Unidentified,0
A15_75844,Arthropoda,Animalia,,,,,none,Unidentified,0
A15_OE25-1-ALL_2995,Evosea,Protists,,,,,none,Unidentified,0
A15_OE21-4-POS_223249,Thermoproteota,Archaea,,,,,none,Unidentified,0
A15_220693,Nematoda,Animalia,,,,,none,Unidentified,0
A15_205762,Nematoda,Animalia,,,,,none,Unidentified,0
A15_221753,Nematoda,Animalia,,,,,none,Unidentified,0
A15_108380,Nematoda,Animalia,,,,,none,Unidentified,0
A15_132700,Arthropoda,Animalia,,,,,none,Unidentified,0
A15_178218,Nematoda,Animalia,,,,,none,Unidentified,0
A15_156246,Arthropoda,Animalia,SM(d38:5),SM,SM,Sphingolipids,LipidSearch,Bronze,3
A15_3522,Chlorophyta,Viridiplantae,,,,,none,Unidentified,0
A15_52566,Mollusca,Animalia,,,,,none,Unidentified,0
A15_OE21-4-POS_217581,Thermoproteota,Archaea,,,,,none,Unidentified,0
A15_5755,Arthropoda,Animalia,,PC/SM,PC/SM,Glycerophospholipids|Sphingolipids,MS2_diagnostic,Bronze,2
A15_62518,Arthropoda,Animalia,,,,,none,Unidentified,0
A15_183341,Mollusca,Animalia,,,,,none,Unidentified,0
A15_159524,Nematoda,Animalia,,PC/SM,PC/SM,Glycerophospholipids|Sphingolipids,MS2_diagnostic,Bronze,2
A15_72351,Chlorophyta,Viridiplantae,,,,,none,Unidentified,0
A15_31711,Arthropoda,Animalia,,,,,none,Unidentified,0
A15_223277,Nematoda,Animalia,,,,,none,Unidentified,0
A15_155897,Arthropoda,Animalia,SM(d38:5),SM,SM,Sphingolipids,LipidSearch,Bronze,3
A15_214824,Arthropoda,Animalia,Cer(d16:1_24:1),Cer,Cer,Sphingolipids,LipidSearch,Bronze,3
A15_185176,Arthropoda,Animalia,,,,,none,Unidentified,0
A15_210017,Nematoda,Animalia,,,,,none,Unidentified,0
A15_226144,Nematoda,Animalia,TG(37:4_20:5),TG,TG,Glycerolipids,LipidSearch,Bronze,3
A15_OE21-4-POS_3961,Thermoproteota,Archaea,,Terpenoid,Terpenoid,Prenol lipids,MS2_diagnostic,Bronze,2
A15_214452,Chlorophyta,Viridiplantae,,,,,none,Unidentified,0
A15_134808,Nematoda,Animalia,,,,,none,Unidentified,0
A15_OE25-1-ALL_9184,Evosea,Protists,,,,,none,Unidentified,0
A15_114225,Chlorophyta,Viridiplantae,,,,,none,Unidentified,0
A15_OE21-4-POS_19940,Thermoproteota,Archaea,,,,,none,Unidentified,0
A15_205404,Nematoda,Animalia,,,,,none,Unidentified,0
A15_OE21-4-POS_229181,Thermoproteota,Archaea,,,,,none,Unidentified,0
A15_110861,Arthropoda,Animalia,,Ubiquinone,Ubiquinone,Prenol lipids,MS2_diagnostic,Bronze,2
A15_215574,Mollusca,Animalia,,,,,none,Unidentified,0
A15_OE21-4-POS_39989,Thermoproteota,Archaea,,,,,none,Unidentified,0
A15_33847,Nematoda,Animalia,,,,,none,Unidentified,0
A15_92133,Chlorophyta,Viridiplantae,,PC/SM,PC/SM,Glycerophospholipids|Sphingolipids,MS2_diagnostic,Bronze,2
A15_OE25-1-ALL_6486,Evosea,Protists,,,,,none,Unidentified,0
A15_52283,Mollusca,Animalia,,,,,none,Unidentified,0
A15_59170,Mollusca,Animalia,,,,,none,Unidentified,0
A15_OE25-1-ALL_5470,Evosea,Protists,,,,,none,Unidentified,0
A15_OE21-4-POS_22019,Thermoproteota,Archaea,,,,,none,Unidentified,0
A15_69235,Chlorophyta,Viridiplantae,,,,,none,Unidentified,0
A15_210960,Chlorophyta,Viridiplantae,,,,,none,Unidentified,0
A15_70146,Arthropoda,Animalia,LPC(P-16:0),LPC,LPC,Glycerophospholipids,LipidSearch,Bronze,3
A15_79710,Chlorophyta,Viridiplantae,,,,,none,Unidentified,0
A15_OE25-1-ALL_45894,Evosea,Protists,,Hopanoid,Hopanoid,Prenol lipids,MS2_diagnostic,Bronze,2
A15_152825,Nematoda,Animalia,,,,,none,Unidentified,0
A15_222704,Nematoda,Animalia,,,,,none,Unidentified,0
A15_77689,Chlorophyta,Viridiplantae,,,,,none,Unidentified,0
A15_199325,Nematoda,Animalia,PS(9:0_20:3),PS,PS,Glycerophospholipids,LipidSearch,Bronze,3
A15_59169,Mollusca,Animalia,,,,,none,Unidentified,0
A15_108381,Nematoda,Animalia,,,,,none,Unidentified,0
A15_195026,Nematoda,Animalia,,,,,none,Unidentified,0
A15_26097,Arthropoda,Animalia,,,,,none,Unidentified,0
A15_47041,Arthropoda,Animalia,,PC/SM,PC/SM,Glycerophospholipids|Sphingolipids,MS2_diagnostic,Bronze,2
A15_4506,Arthropoda,Animalia,PI(23:3_3:0),PI,PI,Glycerophospholipids,LipidSearch,Bronze,3
A15_OE25-1-ALL_2671,Evosea,Protists,,,,,none,Unidentified,0
A15_131405,Nematoda,Animalia,,,,,none,Unidentified,0
A15_OE25-1-ALL_45232,Evosea,Protists,,,,,none,Unidentified,0
A15_OE21-4-POS_203532,Thermoproteota,Archaea,,,,,none,Unidentified,0
A15_11415,Arthropoda,Animalia,,,,,none,Unidentified,0
A15_17660,Mollusca,Animalia,,,,,none,Unidentified,0
A15_161003,Mollusca,Animalia,SM(d42:1),SM,SM,Sphingolipids,LipidSearch,Bronze,3
A15_OE21-4-POS_41535,Thermoproteota,Archaea,,,,,none,Unidentified,0
A15_219250,Chlorophyta,Viridiplantae,,,,,none,Unidentified,0
A15_52282,Mollusca,Animalia,,,,,none,Unidentified,0
A15_71482,Mollusca,Animalia,,,,,none,Unidentified,0
A15_109193,Mollusca,Animalia,,Terpenoid,Terpenoid,Prenol lipids,MS2_diagnostic,Bronze,2
A15_70172,Arthropoda,Animalia,,,,,none,Unidentified,0
A15_OE21-4-POS_17994,Thermoproteota,Archaea,,,,,none,Unidentified,0
A15_215338,Arthropoda,Animalia,,PC/SM,PC/SM,Glycerophospholipids|Sphingolipids,MS2_diagnostic,Bronze,2
A15_226081,Nematoda,Animalia,,,,,none,Unidentified,0
A15_162493,Nematoda,Animalia,,,,,none,Unidentified,0
A15_27857,Chlorophyta,Viridiplantae,,,,,none,Unidentified,0
A15_194753,Nematoda,Animalia,PEt(18:2_15:0),PEt,PEt,Glycerophospholipids,LipidSearch,Bronze,3
A15_204471,Chlorophyta,Viridiplantae,,,,,none,Unidentified,0
A15_147785,Mollusca,Animalia,,,,,none,Unidentified,0
A15_216648,Nematoda,Animalia,,Terpenoid,Terpenoid,Prenol lipids,MS2_diagnostic,Bronze,2
A15_192198,Arthropoda,Animalia,,,,,none,Unidentified,0
A15_109602,Arthropoda,Animalia,PG(P-13:1_15:2),PG,PG,Glycerophospholipids,LipidSearch,Bronze,3
A15_68437,Arthropoda,Animalia,,,,,none,Unidentified,0
A15_208977,Chlorophyta,Viridiplantae,,,,,none,Unidentified,0
A15_54660,Chlorophyta,Viridiplantae,,,,,none,Unidentified,0
A15_156621,Chlorophyta,Viridiplantae,,,,,none,Unidentified,0
A15_203310,Nematoda,Animalia,,,,,none,Unidentified,0
A15_140051,Nematoda,Animalia,,,,,none,Unidentified,0
A15_219178,Mollusca,Animalia,,,,,none,Unidentified,0
A15_41901,Arthropoda,Animalia,,,,,none,Unidentified,0
A15_90662,Chlorophyta,Viridiplantae,,,,,none,Unidentified,0
A15_64022,Arthropoda,Animalia,,,,,none,Unidentified,0
A15_62739,Arthropoda,Animalia,,,,,none,Unidentified,0
A15_159327,Nematoda,Animalia,,,,,none,Unidentified,0
A15_33360,Arthropoda,Animalia,,Terpenoid,Terpenoid,Prenol lipids,MS2_diagnostic,Bronze,2
A15_OE25-1-ALL_6485,Evosea,Protists,,PC/SM,PC/SM,Glycerophospholipids|Sphingolipids,MS2_diagnostic,Bronze,2
A15_61248,Mollusca,Animalia,,,,,none,Unidentified,0
A15_OE21-4-POS_233517,Thermoproteota,Archaea,CQ(6:0),Archaeal_Lipid,Archaeal_Lipid,Archaeal lipids,ArchLips,Gold,4
A15_80878,Chlorophyta,Viridiplantae,,,,,none,Unidentified,0
A15_67580,Arthropoda,Animalia,,,,,none,Unidentified,0
A15_216261,Mollusca,Animalia,,,,,none,Unidentified,0
A15_177977,Nematoda,Animalia,,,,,none,Unidentified,0
A15_4264,Arthropoda,Animalia,,,,,none,Unidentified,0
A15_124534,Nematoda,Animalia,,,,,none,Unidentified,0
A15_193131,Mollusca,Animalia,,,,,none,Unidentified,0
A15_37183,Chlorophyta,Viridiplantae,,,,,none,Unidentified,0
A15_212833,Nematoda,Animalia,,,,,none,Unidentified,0
A15_42966,Arthropoda,Animalia,,PC/SM,PC/SM,Glycerophospholipids|Sphingolipids,MS2_diagnostic,Bronze,2
A15_139629,Mollusca,Animalia,,,,,none,Unidentified,0
A15_37182,Chlorophyta,Viridiplantae,,,,,none,Unidentified,0
A15_218994,Nematoda,Animalia,,,,,none,Unidentified,0
A15_50609,Chlorophyta,Viridiplantae,,,,,none,Unidentified,0
A15_76778,Mollusca,Animalia,,,,,none,Unidentified,0
A15_OE21-4-POS_231242,Thermoproteota,Archaea,,,,,none,Unidentified,0
A15_47905,Mollusca,Animalia,,,,,none,Unidentified,0
A15_108227,Chlorophyta,Viridiplantae,TG(21:4_18:3)+O:(s),TG,TG,Glycerolipids,LipidSearch,Bronze,3
A15_198325,Arthropoda,Animalia,DG(18:1_20:5),DG,DG,Glycerolipids,LipidSearch,Gold,4
A15_84384,Chlorophyta,Viridiplantae,,,,,none,Unidentified,0
A15_169999,Arthropoda,Animalia,,,,,none,Unidentified,0
A15_140945,Mollusca,Animalia,,,,,none,Unidentified,0
A15_200405,Chlorophyta,Viridiplantae,,,,,none,Unidentified,0
A15_226223,Mollusca,Animalia,,,,,none,Unidentified,0
A15_OE21-4-POS_215484,Thermoproteota,Archaea,,GDGT/Archaeol,GDGT/Archaeol,Archaeal lipids,MS2_diagnostic,Bronze,2
A15_42473,Arthropoda,Animalia,PC(19:1),PC,PC,Glycerophospholipids,LipidSearch,Bronze,3
A15_217134,Nematoda,Animalia,,,,,none,Unidentified,0
A15_220037,Nematoda,Animalia,,,,,none,Unidentified,0
A15_112862,Chlorophyta,Viridiplantae,,,,,none,Unidentified,0
A15_59555,Chlorophyta,Viridiplantae,,,,,none,Unidentified,0
A15_188755,Chlorophyta,Viridiplantae,,,,,none,Unidentified,0
A15_19472,Mollusca,Animalia,,,,,none,Unidentified,0
A15_63760,Arthropoda,Animalia,,,,,none,Unidentified,0
A15_33386,Arthropoda,Animalia,,,,,none,Unidentified,0
A15_222147,Nematoda,Animalia,,,,,none,Unidentified,0
A15_219923,Nematoda,Animalia,,,,,none,Unidentified,0
A15_OE25-1-ALL_15225,Evosea,Protists,,PC/SM,PC/SM,Glycerophospholipids|Sphingolipids,MS2_diagnostic,Bronze,2
A15_6452,Arthropoda,Animalia,,,,,none,Unidentified,0
A15_58878,Chlorophyta,Viridiplantae,,,,,none,Unidentified,0
A15_130352,Nematoda,Animalia,,PC/SM,PC/SM,Glycerophospholipids|Sphingolipids,MS2_diagnostic,Bronze,2
A15_122274,Nematoda,Animalia,,PC/SM,PC/SM,Glycerophospholipids|Sphingolipids,MS2_diagnostic,Bronze,2
A15_125306,Chlorophyta,Viridiplantae,,,,,none,Unidentified,0
A15_38935,Arthropoda,Animalia,,,,,none,Unidentified,0
A15_219179,Mollusca,Animalia,,,,,none,Unidentified,0
A15_5567,Arthropoda,Animalia,,,,,none,Unidentified,0
A15_63785,Mollusca,Animalia,,,,,none,Unidentified,0
A15_227930,Nematoda,Animalia,,,,,none,Unidentified,0
A15_62535,Chlorophyta,Viridiplantae,PG(17:0_3:0),PG,PG,Glycerophospholipids,LipidSearch,Bronze,3
A15_OE21-4-POS_27118,Thermoproteota,Archaea,,PE,PE,Glycerophospholipids,MS2_diagnostic,Bronze,2
A15_220564,Nematoda,Animalia,,,,,none,Unidentified,0
A15_126714,Nematoda,Animalia,,,,,none,Unidentified,0
A15_218977,Mollusca,Animalia,,,,,none,Unidentified,0
A15_81572,Chlorophyta,Viridiplantae,,,,,none,Unidentified,0
A15_49524,Arthropoda,Animalia,,,,,none,Unidentified,0
A15_85612,Mollusca,Animalia,LPC(23:7),LPC,LPC,Glycerophospholipids,LipidSearch,Bronze,3
A15_131398,Mollusca,Animalia,DGDG(33:2),DGDG,DGDG,Glycerolipids,LipidSearch,Bronze,3
A15_57546,Mollusca,Animalia,,,,,none,Unidentified,0
A15_OE21-4-POS_41483,Thermoproteota,Archaea,,,,,none,Unidentified,0
A15_27784,Arthropoda,Animalia,,,,,none,Unidentified,0
A15_67585,Arthropoda,Animalia,,PC/SM,PC/SM,Glycerophospholipids|Sphingolipids,MS2_diagnostic,Bronze,2
A15_219038,Nematoda,Animalia,,,,,none,Unidentified,0
A15_155999,Nematoda,Animalia,DGDG(16:0_17:2),DGDG,DGDG,Glycerolipids,LipidSearch,Gold,4
A15_139407,Nematoda,Animalia,,,,,none,Unidentified,0
A15_OE25-1-ALL_11469,Evosea,Protists,,PC/SM,PC/SM,Glycerophospholipids|Sphingolipids,MS2_diagnostic,Bronze,2
A15_63918,Mollusca,Animalia,,,,,none,Unidentified,0
A15_OE21-4-POS_25706,Thermoproteota,Archaea,,,,,none,Unidentified,0
A15_219952,Mollusca,Animalia,,,,,none,Unidentified,0
A15_218399,Arthropoda,Animalia,,,,,none,Unidentified,0
A15_4010,Nematoda,Animalia,,Terpenoid,Terpenoid,Prenol lipids,MS2_diagnostic,Bronze,2
A15_11387,Nematoda,Animalia,,,,,none,Unidentified,0
A15_207542,Mollusca,Animalia,,PC/SM,PC/SM,Glycerophospholipids|Sphingolipids,MS2_diagnostic,Bronze,2
A15_189518,Chlorophyta,Viridiplantae,,,,,none,Unidentified,0
A15_180345,Nematoda,Animalia,PA(O-38:0),PA,PA,Glycerophospholipids,LipidSearch,Bronze,3
A15_109347,Mollusca,Animalia,,,,,none,Unidentified,0
A15_OE21-4-POS_4423,Thermoproteota,Archaea,,,,,none,Unidentified,0
A15_226225,Mollusca,Animalia,,,,,none,Unidentified,0
A15_178497,Nematoda,Animalia,,Ceramide,Ceramide,Sphingolipids,MS2_diagnostic,Bronze,2
A15_214268,Mollusca,Animalia,,,,,none,Unidentified,0
A15_OE21-4-POS_225,Thermoproteota,Archaea,,,,,none,Unidentified,0
A15_34170,Mollusca,Animalia,,,,,none,Unidentified,0
A15_37256,Chlorophyta,Viridiplantae,,,,,none,Unidentified,0
A15_OE25-1-ALL_9056,Evosea,Protists,,PC/SM,PC/SM,Glycerophospholipids|Sphingolipids,MS2_diagnostic,Bronze,2
A15_35197,Mollusca,Animalia,,,,,none,Unidentified,0
A15_104057,Mollusca,Animalia,,Terpenoid,Terpenoid,Prenol lipids,MS2_diagnostic,Bronze,2
A15_163132,Nematoda,Animalia,,,,,none,Unidentified,0
A15_OE25-1-ALL_7213,Evosea,Protists,MG(P-18:4),MG,MG,Glycerolipids,LipidSearch,Bronze,3
A15_140595,Arthropoda,Animalia,,Terpenoid,Terpenoid,Prenol lipids,MS2_diagnostic,Bronze,2
A15_152784,Arthropoda,Animalia,,,,,none,Unidentified,0
A15_43518,Arthropoda,Animalia,PC(17:2),PC,PC,Glycerophospholipids,LipidSearch,Bronze,3
A15_13072,Arthropoda,Animalia,,Terpenoid,Terpenoid,Prenol lipids,MS2_diagnostic,Bronze,2
A15_223708,Mollusca,Animalia,,,,,none,Unidentified,0
A15_134267,Nematoda,Animalia,,,,,none,Unidentified,0
A15_192451,Nematoda,Animalia,,,,,none,Unidentified,0
A15_91864,Arthropoda,Animalia,PE(4:0_18:1),PE,PE,Glycerophospholipids,LipidSearch,Bronze,3
A15_195118,Chlorophyta,Viridiplantae,,,,,none,Unidentified,0
A15_30741,Mollusca,Animalia,,,,,none,Unidentified,0
A15_62802,Arthropoda,Animalia,,,,,none,Unidentified,0
A15_66541,Chlorophyta,Viridiplantae,,,,,none,Unidentified,0
A15_27930,Mollusca,Animalia,,,,,none,Unidentified,0
A15_206142,Nematoda,Animalia,,,,,none,Unidentified,0
A15_161044,Arthropoda,Animalia,,,,,none,Unidentified,0
A15_OE21-4-POS_231593,Thermoproteota,Archaea,SQ(6:1),Archaeal_Lipid,Archaeal_Lipid,Archaeal lipids,ArchLips,Bronze,2
A15_8070,Arthropoda,Animalia,,Terpenoid,Terpenoid,Prenol lipids,MS2_diagnostic,Bronze,2
A15_131406,Nematoda,Animalia,,Terpenoid,Terpenoid,Prenol lipids,MS2_diagnostic,Bronze,2
A15_64442,Arthropoda,Animalia,,,,,none,Unidentified,0
A15_64999,Arthropoda,Animalia,,,,,none,Unidentified,0
A15_227394,Mollusca,Animalia,,,,,none,Unidentified,0
A15_OE21-4-POS_180697,Thermoproteota,Archaea,,,,,none,Unidentified,0
A15_53137,Mollusca,Animalia,,,,,none,Unidentified,0
A15_105180,Mollusca,Animalia,,,,,none,Unidentified,0
A15_92672,Chlorophyta,Viridiplantae,,,,,none,Unidentified,0
A15_79018,Mollusca,Animalia,,,,,none,Unidentified,0
A15_5551,Arthropoda,Animalia,,,,,none,Unidentified,0
A15_198504,Arthropoda,Animalia,,,,,none,Unidentified,0
A15_OE25-1-ALL_6529,Evosea,Protists,,,,,none,Unidentified,0
A15_172024,Mollusca,Animalia,,,,,none,Unidentified,0
A15_63502,Arthropoda,Animalia,,,,,none,Unidentified,0
A15_86599,Chlorophyta,Viridiplantae,,,,,none,Unidentified,0
A15_216266,Chlorophyta,Viridiplantae,,,,,none,Unidentified,0
A15_75399,Chlorophyta,Viridiplantae,,,,,none,Unidentified,0
A15_206894,Nematoda,Animalia,,,,,none,Unidentified,0
A15_224943,Chlorophyta,Viridiplantae,,,,,none,Unidentified,0
A15_OE21-4-POS_231201,Thermoproteota,Archaea,,,,,none,Unidentified,0
A15_223047,Nematoda,Animalia,,,,,none,Unidentified,0
A15_221382,Nematoda,Animalia,,,,,none,Unidentified,0
A15_OE25-1-ALL_11227,Evosea,Protists,,PC/SM,PC/SM,Glycerophospholipids|Sphingolipids,MS2_diagnostic,Bronze,2
A15_89178,Chlorophyta,Viridiplantae,,Terpenoid,Terpenoid,Prenol lipids,MS2_diagnostic,Bronze,2
A15_OE25-1-ALL_19185,Evosea,Protists,,,,,none,Unidentified,0
A15_7583,Arthropoda,Animalia,,,,,none,Unidentified,0
A15_67894,Arthropoda,Animalia,,,,,none,Unidentified,0
A15_OE25-1-ALL_3799,Evosea,Protists,,,,,none,Unidentified,0
A15_164931,Nematoda,Animalia,,,,,none,Unidentified,0
A15_136701,Arthropoda,Animalia,,PC/SM,PC/SM,Glycerophospholipids|Sphingolipids,MS2_diagnostic,Bronze,2
A15_113350,Chlorophyta,Viridiplantae,,,,,none,Unidentified,0
A15_22081,Mollusca,Animalia,,,,,none,Unidentified,0
A15_213593,Mollusca,Animalia,,,,,none,Unidentified,0
A15_169034,Arthropoda,Animalia,,,,,none,Unidentified,0
A15_170068,Mollusca,Animalia,,,,,none,Unidentified,0
A15_75866,Chlorophyta,Viridiplantae,,,,,none,Unidentified,0
A15_113462,Nematoda,Animalia,,,,,none,Unidentified,0
A15_206414,Mollusca,Animalia,,,,,none,Unidentified,0
A15_170745,Nematoda,Animalia,,,,,none,Unidentified,0
A15_OE25-1-ALL_15262,Evosea,Protists,BisMePA(30:0),BisMePA,BisMePA,Glycerophospholipids,LipidSearch,Bronze,3
A15_56301,Chlorophyta,Viridiplantae,,,,,none,Unidentified,0
A15_14817,Mollusca,Animalia,,,,,none,Unidentified,0
A15_11522,Mollusca,Animalia,,,,,none,Unidentified,0
A15_OE21-4-POS_225247,Thermoproteota,Archaea,,,,,none,Unidentified,0
A15_120886,Mollusca,Animalia,,,,,none,Unidentified,0
A15_57941,Mollusca,Animalia,,,,,none,Unidentified,0
A15_115960,Nematoda,Animalia,,,,,none,Unidentified,0
A15_218695,Nematoda,Animalia,,,,,none,Unidentified,0
A15_217046,Nematoda,Animalia,,,,,none,Unidentified,0
A15_142587,Mollusca,Animalia,,,,,none,Unidentified,0
A15_31619,Mollusca,Animalia,,,,,none,Unidentified,0
A15_104960,Chlorophyta,Viridiplantae,,,,,none,Unidentified,0
A15_70727,Arthropoda,Animalia,,,,,none,Unidentified,0
A15_224822,Nematoda,Animalia,,,,,none,Unidentified,0
A15_12732,Arthropoda,Animalia,,,,,none,Unidentified,0
A15_224988,Mollusca,Animalia,,,,,none,Unidentified,0
A15_187717,Arthropoda,Animalia,,,,,none,Unidentified,0
A15_229073,Nematoda,Animalia,,,,,none,Unidentified,0
A15_140300,Mollusca,Animalia,,,,,none,Unidentified,0
A15_174596,Nematoda,Animalia,,,,,none,Unidentified,0
A15_224987,Mollusca,Animalia,,,,,none,Unidentified,0
A15_13797,Chlorophyta,Viridiplantae,,,,,none,Unidentified,0
A15_OE25-1-ALL_8598,Evosea,Protists,,PC/SM,PC/SM,Glycerophospholipids|Sphingolipids,MS2_diagnostic,Bronze,2
A15_220127,Chlorophyta,Viridiplantae,,,,,none,Unidentified,0
A15_35659,Mollusca,Animalia,,,,,none,Unidentified,0
A15_52858,Mollusca,Animalia,,,,,none,Unidentified,0
A15_193606,Nematoda,Animalia,,,,,none,Unidentified,0
A15_197418,Nematoda,Animalia,,,,,none,Unidentified,0
A15_OE21-4-POS_203527,Thermoproteota,Archaea,,,,,none,Unidentified,0
A15_222736,Mollusca,Animalia,,,,,none,Unidentified,0
A15_203939,Nematoda,Animalia,,Terpenoid,Terpenoid,Prenol lipids,MS2_diagnostic,Bronze,2
A15_214608,Nematoda,Animalia,,,,,none,Unidentified,0
A15_177556,Nematoda,Animalia,,,,,none,Unidentified,0
A15_OE21-4-POS_229769,Thermoproteota,Archaea,,,,,none,Unidentified,0
A15_58405,Arthropoda,Animalia,,,,,none,Unidentified,0
A15_44903,Nematoda,Animalia,,,,,none,Unidentified,0
A15_71657,Arthropoda,Animalia,,,,,none,Unidentified,0
A15_220625,Nematoda,Animalia,,,,,none,Unidentified,0
A15_8501,Arthropoda,Animalia,,,,,none,Unidentified,0
A15_213648,Nematoda,Animalia,,,,,none,Unidentified,0
A15_OE25-1-ALL_5782,Evosea,Protists,,PC/SM,PC/SM,Glycerophospholipids|Sphingolipids,MS2_diagnostic,Bronze,2
A15_218565,Nematoda,Animalia,,,,,none,Unidentified,0
A15_208044,Mollusca,Animalia,,,,,none,Unidentified,0
A15_85659,Chlorophyta,Viridiplantae,,,,,none,Unidentified,0
A15_224754,Chlorophyta,Viridiplantae,,,,,none,Unidentified,0
A15_51471,Arthropoda,Animalia,WE(O-32:4),WE,WE,Fatty acyls,LipidSearch,Bronze,3
A15_OE25-1-ALL_15093,Evosea,Protists,PI(38:3),PI,PI,Glycerophospholipids,LipidSearch,Bronze,3
A15_OE25-1-ALL_6501,Evosea,Protists,,,,,none,Unidentified,0
A15_95227,Arthropoda,Animalia,,,,,none,Unidentified,0
A15_49503,Arthropoda,Animalia,TG(25:2),TG,TG,Glycerolipids,LipidSearch,Bronze,3
A15_229876,Nematoda,Animalia,PG(O-30:0_18:0),PG,PG,Glycerophospholipids,LipidSearch,Bronze,3
A15_108382,Nematoda,Animalia,,,,,none,Unidentified,0
A15_OE21-4-POS_178612,Thermoproteota,Archaea,Gly-Archaeol(20:0(OH)_20:0),Archaeal_Lipid,Archaeal_Lipid,Archaeal lipids,ArchLips,Bronze,2
A15_106479,Nematoda,Animalia,,Ubiquinone,Ubiquinone,Prenol lipids,MS2_diagnostic,Bronze,2
A15_OE25-1-ALL_9050,Evosea,Protists,,PC/SM,PC/SM,Glycerophospholipids|Sphingolipids,MS2_diagnostic,Bronze,2
A15_63636,Mollusca,Animalia,,,,,none,Unidentified,0
A15_16094,Chlorophyta,Viridiplantae,,,,,none,Unidentified,0
A15_113688,Chlorophyta,Viridiplantae,,,,,none,Unidentified,0
A15_224078,Mollusca,Animalia,,,,,none,Unidentified,0
A15_51978,Mollusca,Animalia,,,,,none,Unidentified,0
A15_73710,Chlorophyta,Viridiplantae,,,,,none,Unidentified,0
A15_215530,Arthropoda,Animalia,,,,,none,Unidentified,0
A15_35198,Mollusca,Animalia,,,,,none,Unidentified,0
A15_OE21-4-POS_218071,Thermoproteota,Archaea,,,,,none,Unidentified,0
A15_222680,Nematoda,Animalia,,,,,none,Unidentified,0
A15_61249,Mollusca,Animalia,,,,,none,Unidentified,0
A15_225302,Chlorophyta,Viridiplantae,,,,,none,Unidentified,0
A15_194118,Chlorophyta,Viridiplantae,,,,,none,Unidentified,0
A15_9337,Arthropoda,Animalia,,,,,none,Unidentified,0
A15_223286,Mollusca,Animalia,,,,,none,Unidentified,0
A15_144162,Nematoda,Animalia,,,,,none,Unidentified,0
A15_188046,Nematoda,Animalia,,,,,none,Unidentified,0
A15_30460,Mollusca,Animalia,,,,,none,Unidentified,0
A15_223794,Mollusca,Animalia,,,,,none,Unidentified,0
A15_OE25-1-ALL_6182,Evosea,Protists,,,,,none,Unidentified,0
A15_OE25-1-ALL_14809,Evosea,Protists,,Sterol,Sterol,Sterol lipids,MS2_diagnostic,Bronze,2
A15_OE25-1-ALL_48936,Evosea,Protists,TG(O-14:0_18:2_18:2),TG,TG,Glycerolipids,LipidSearch,Bronze,3
A15_222514,Mollusca,Animalia,,,,,none,Unidentified,0
A15_85643,Mollusca,Animalia,,,,,none,Unidentified,0
A15_229471,Arthropoda,Animalia,,,,,none,Unidentified,0
A15_224728,Nematoda,Animalia,,,,,none,Unidentified,0
A15_148131,Mollusca,Animalia,,,,,none,Unidentified,0
A15_132124,Mollusca,Animalia,,,,,none,Unidentified,0
A15_175683,Bacillota,Bacteria,PEt(O-15:1_19:3),PEt,PEt,Glycerophospholipids,LipidSearch,Bronze,3
A15_OE25-1-ALL_48355,Evosea,Protists,,PC/SM,PC/SM,Glycerophospholipids|Sphingolipids,MS2_diagnostic,Bronze,2
A15_123514,Mollusca,Animalia,,Terpenoid,Terpenoid,Prenol lipids,MS2_diagnostic,Bronze,2
A15_OE25-1-ALL_16593,Evosea,Protists,,,,,none,Unidentified,0
A15_136782,Chlorophyta,Viridiplantae,,,,,none,Unidentified,0
A15_219119,Chlorophyta,Viridiplantae,,,,,none,Unidentified,0
A15_118365,Nematoda,Animalia,,,,,none,Unidentified,0
A15_224680,Nematoda,Animalia,,,,,none,Unidentified,0
A15_62935,Arthropoda,Animalia,,,,,none,Unidentified,0
A15_63530,Arthropoda,Animalia,,,,,none,Unidentified,0
A15_OE21-4-POS_231592,Thermoproteota,Archaea,,,,,none,Unidentified,0
A15_32588,Mollusca,Animalia,,,,,none,Unidentified,0
A15_OE25-1-ALL_9676,Evosea,Protists,,,,,none,Unidentified,0
A15_221875,Bacillota,Bacteria,CL(59:0),CL,CL,Glycerophospholipids,LipidSearch,Bronze,3
A15_104728,Mollusca,Animalia,,Terpenoid,Terpenoid,Prenol lipids,MS2_diagnostic,Bronze,2
A15_119437,Mollusca,Animalia,,,,,none,Unidentified,0
A15_90422,Mollusca,Animalia,,,,,none,Unidentified,0
A15_171736,Bacillota,Bacteria,PEt(O-15:1_19:3),PEt,PEt,Glycerophospholipids,LipidSearch,Bronze,3
A15_45178,Arthropoda,Animalia,,,,,none,Unidentified,0
A15_206196,Nematoda,Animalia,,,,,none,Unidentified,0
A15_38290,Arthropoda,Animalia,,,,,none,Unidentified,0
A15_OE25-1-ALL_15075,Evosea,Protists,,PC/SM,PC/SM,Glycerophospholipids|Sphingolipids,MS2_diagnostic,Bronze,2
A15_46798,Arthropoda,Animalia,,,,,none,Unidentified,0
A15_215500,Mollusca,Animalia,,,,,none,Unidentified,0
A15_60145,Mollusca,Animalia,,,,,none,Unidentified,0
A15_89902,Mollusca,Animalia,,,,,none,Unidentified,0
A15_219140,Mollusca,Animalia,,,,,none,Unidentified,0
A15_52865,Mollusca,Animalia,,,,,none,Unidentified,0
A15_204306,Nematoda,Animalia,,GDGT/Archaeol,GDGT/Archaeol,Archaeal lipids,MS2_diagnostic,Bronze,2
A15_OE25-1-ALL_6181,Evosea,Protists,,PC/SM,PC/SM,Glycerophospholipids|Sphingolipids,MS2_diagnostic,Bronze,2
A15_64567,Arthropoda,Animalia,,,,,none,Unidentified,0
A15_122193,Arthropoda,Animalia,,Ubiquinone,Ubiquinone,Prenol lipids,MS2_diagnostic,Bronze,2
A15_120884,Mollusca,Animalia,,PC/SM,PC/SM,Glycerophospholipids|Sphingolipids,MS2_diagnostic,Bronze,2
A15_OE25-1-ALL_13264,Evosea,Protists,PE(31:0),PE,PE,Glycerophospholipids,LipidSearch,Bronze,3
A15_226178,Mollusca,Animalia,,,,,none,Unidentified,0
A15_224844,Mollusca,Animalia,,,,,none,Unidentified,0
A15_213089,Chlorophyta,Viridiplantae,,,,,none,Unidentified,0
A15_221381,Nematoda,Animalia,,,,,none,Unidentified,0
A15_74985,Mollusca,Animalia,,,,,none,Unidentified,0
A15_11393,Arthropoda,Animalia,,,,,none,Unidentified,0
A15_141692,Nematoda,Animalia,,,,,none,Unidentified,0
A15_OE21-4-POS_216900,Thermoproteota,Archaea,,,,,none,Unidentified,0
A15_32777,Arthropoda,Animalia,,,,,none,Unidentified,0
A15_58932,Mollusca,Animalia,,,,,none,Unidentified,0
A15_227156,Mollusca,Animalia,,,,,none,Unidentified,0
A15_45027,Arthropoda,Animalia,,,,,none,Unidentified,0
A15_223172,Nematoda,Animalia,,,,,none,Unidentified,0
A15_223127,Nematoda,Animalia,,,,,none,Unidentified,0
A15_227689,Mollusca,Animalia,,,,,none,Unidentified,0
A15_217866,Chlorophyta,Viridiplantae,,,,,none,Unidentified,0
A15_OE25-1-ALL_9699,Evosea,Protists,PG(21:5_18:2),PG,PG,Glycerophospholipids,LipidSearch,Bronze,3
A15_30743,Mollusca,Animalia,,,,,none,Unidentified,0
A15_209252,Nematoda,Animalia,TG(5:0_16:1_18:2),TG,TG,Glycerolipids,LipidSearch,Gold,4
A15_218611,Nematoda,Animalia,,,,,none,Unidentified,0
A15_90423,Mollusca,Animalia,,,,,none,Unidentified,0
A15_OE25-1-ALL_42313,Evosea,Protists,,,,,none,Unidentified,0
A15_222073,Nematoda,Animalia,,,,,none,Unidentified,0
A15_200421,Nematoda,Animalia,,Ubiquinone,Ubiquinone,Prenol lipids,MS2_diagnostic,Bronze,2
A15_104734,Mollusca,Animalia,,,,,none,Unidentified,0
A15_OE25-1-ALL_8817,Evosea,Protists,PC(31:6),PC,PC,Glycerophospholipids,LipidSearch,Bronze,3
A15_219396,Arthropoda,Animalia,Cer(d16:1_24:1),Cer,Cer,Sphingolipids,LipidSearch,Bronze,3
A15_59061,Nematoda,Animalia,,Terpenoid,Terpenoid,Prenol lipids,MS2_diagnostic,Bronze,2
A15_57541,Mollusca,Animalia,,,,,none,Unidentified,0
A15_5384,Nematoda,Animalia,,,,,none,Unidentified,0
A15_124980,Nematoda,Animalia,,PC/SM,PC/SM,Glycerophospholipids|Sphingolipids,MS2_diagnostic,Bronze,2
A15_45950,Arthropoda,Animalia,,Terpenoid,Terpenoid,Prenol lipids,MS2_diagnostic,Bronze,2
A15_213328,Mollusca,Animalia,,,,,none,Unidentified,0
A15_OE25-1-ALL_2519,Evosea,Protists,LPG(16:2),LPG,LPG,Glycerophospholipids,LipidSearch,Bronze,3
A15_OE25-1-ALL_3016,Evosea,Protists,,,,,none,Unidentified,0
A15_223793,Mollusca,Animalia,,,,,none,Unidentified,0
A15_222593,Mollusca,Animalia,,,,,none,Unidentified,0
A15_51263,Mollusca,Animalia,,,,,none,Unidentified,0
A15_7705,Arthropoda,Animalia,,,,,none,Unidentified,0
A15_48617,Arthropoda,Animalia,,,,,none,Unidentified,0
A15_225956,Nematoda,Animalia,,,,,none,Unidentified,0
A15_OE25-1-ALL_12537,Evosea,Protists,,,,,none,Unidentified,0
A15_157779,Mollusca,Animalia,PG(19:1_16:0),PG,PG,Glycerophospholipids,LipidSearch,Bronze,3
A15_227252,Mollusca,Animalia,,,,,none,Unidentified,0
A15_33322,Mollusca,Animalia,,,,,none,Unidentified,0
A15_220513,Mollusca,Animalia,,,,,none,Unidentified,0
A15_OE25-1-ALL_8750,Evosea,Protists,,PC/SM,PC/SM,Glycerophospholipids|Sphingolipids,MS2_diagnostic,Bronze,2
A15_115092,Chlorophyta,Viridiplantae,,,,,none,Unidentified,0
A15_33323,Mollusca,Animalia,,,,,none,Unidentified,0
A15_OE21-4-POS_203529,Thermoproteota,Archaea,,,,,none,Unidentified,0
A15_220379,Chlorophyta,Viridiplantae,,,,,none,Unidentified,0
A15_217514,Nematoda,Animalia,,,,,none,Unidentified,0
A15_58259,Mollusca,Animalia,,Terpenoid,Terpenoid,Prenol lipids,MS2_diagnostic,Bronze,2
A15_227157,Mollusca,Animalia,,,,,none,Unidentified,0
A15_44959,Nematoda,Animalia,,,,,none,Unidentified,0
A15_10752,Arthropoda,Animalia,,,,,none,Unidentified,0
A15_219427,Mollusca,Animalia,,,,,none,Unidentified,0
A15_223795,Mollusca,Animalia,,,,,none,Unidentified,0
A15_48203,Arthropoda,Animalia,,,,,none,Unidentified,0
A15_71104,Arthropoda,Animalia,,,,,none,Unidentified,0
A15_23419,Arthropoda,Animalia,,,,,none,Unidentified,0
A15_128140,Arthropoda,Animalia,,,,,none,Unidentified,0
A15_16875,Mollusca,Animalia,,,,,none,Unidentified,0
A15_117447,Arthropoda,Animalia,MG(O-30:7),MG,MG,Glycerolipids,LipidSearch,Bronze,3
A15_OE25-1-ALL_15570,Evosea,Protists,PG(33:4),PG,PG,Glycerophospholipids,LipidSearch,Bronze,3
A15_82530,Chlorophyta,Viridiplantae,,,,,none,Unidentified,0
A15_222486,Mollusca,Animalia,,PC/SM,PC/SM,Glycerophospholipids|Sphingolipids,MS2_diagnostic,Bronze,2
A15_186756,Arthropoda,Animalia,,,,,none,Unidentified,0
A15_48230,Arthropoda,Animalia,,,,,none,Unidentified,0
A15_2620,Nematoda,Animalia,,,,,none,Unidentified,0
A15_222291,Mollusca,Animalia,,,,,none,Unidentified,0
A15_211701,Nematoda,Animalia,,PG,PG,Glycerophospholipids,MS2_diagnostic,Bronze,2
A15_141365,Arthropoda,Animalia,,,,,none,Unidentified,0
A15_96856,Mollusca,Animalia,,,,,none,Unidentified,0
A15_222623,Mollusca,Animalia,,,,,none,Unidentified,0
A15_226055,Nematoda,Animalia,,,,,none,Unidentified,0
A15_2148,Nematoda,Animalia,,,,,none,Unidentified,0
A15_OE25-1-ALL_2706,Evosea,Protists,LPS(16:1),LPS,LPS,Glycerophospholipids,LipidSearch,Bronze,3
A15_136239,Mollusca,Animalia,,,,,none,Unidentified,0
A15_58198,Mollusca,Animalia,,,,,none,Unidentified,0
A15_78875,Chlorophyta,Viridiplantae,,,,,none,Unidentified,0
A15_212052,Arthropoda,Animalia,,,,,none,Unidentified,0
A15_15862,Nematoda,Animalia,,,,,none,Unidentified,0
A15_39053,Mollusca,Animalia,,,,,none,Unidentified,0
A15_208218,Nematoda,Animalia,,,,,none,Unidentified,0
A15_50310,Mollusca,Animalia,,,,,none,Unidentified,0
A15_44478,Arthropoda,Animalia,,,,,none,Unidentified,0
A15_214641,Nematoda,Animalia,,,,,none,Unidentified,0
A15_OE21-4-POS_197876,Thermoproteota,Archaea,,,,,none,Unidentified,0
A15_198289,Arthropoda,Animalia,,,,,none,Unidentified,0
A15_222060,Mollusca,Animalia,,,,,none,Unidentified,0
A15_11877,Nematoda,Animalia,,PC/SM,PC/SM,Glycerophospholipids|Sphingolipids,MS2_diagnostic,Bronze,2
A15_222763,Nematoda,Animalia,,,,,none,Unidentified,0
A15_OE25-1-ALL_9253,Evosea,Protists,MG(P-18:4),MG,MG,Glycerolipids,LipidSearch,Bronze,3
A15_54487,Mollusca,Animalia,,,,,none,Unidentified,0
A15_218998,Nematoda,Animalia,,,,,none,Unidentified,0
A15_OE25-1-ALL_12585,Evosea,Protists,,PC/SM,PC/SM,Glycerophospholipids|Sphingolipids,MS2_diagnostic,Bronze,2
A15_223204,Nematoda,Animalia,,PC/SM,PC/SM,Glycerophospholipids|Sphingolipids,MS2_diagnostic,Bronze,2
A15_138365,Chlorophyta,Viridiplantae,,PC/SM,PC/SM,Glycerophospholipids|Sphingolipids,MS2_diagnostic,Bronze,2
A15_95379,Arthropoda,Animalia,,,,,none,Unidentified,0
A15_7483,Arthropoda,Animalia,,,,,none,Unidentified,0
A15_129722,Mollusca,Animalia,,,,,none,Unidentified,0
A15_140955,Mollusca,Animalia,,,,,none,Unidentified,0
A15_26126,Mollusca,Animalia,,,,,none,Unidentified,0
A15_62061,Arthropoda,Animalia,,,,,none,Unidentified,0
A15_25897,Mollusca,Animalia,,,,,none,Unidentified,0
A15_16551,Nematoda,Animalia,,,,,none,Unidentified,0
A15_226765,Nematoda,Animalia,,,,,none,Unidentified,0
A15_47467,Arthropoda,Animalia,,,,,none,Unidentified,0
A15_224120,Nematoda,Animalia,,,,,none,Unidentified,0
A15_225229,Nematoda,Animalia,,,,,none,Unidentified,0
A15_225897,Mollusca,Animalia,,,,,none,Unidentified,0
A15_113844,Mollusca,Animalia,,,,,none,Unidentified,0
A15_222542,Nematoda,Animalia,,,,,none,Unidentified,0
A15_171044,Mollusca,Animalia,,,,,none,Unidentified,0
A15_222734,Mollusca,Animalia,,,,,none,Unidentified,0
A15_226187,Nematoda,Animalia,,,,,none,Unidentified,0
A15_167263,Arthropoda,Animalia,,,,,none,Unidentified,0
A15_221088,Mollusca,Animalia,,,,,none,Unidentified,0
A15_74392,Mollusca,Animalia,,,,,none,Unidentified,0
A15_223796,Mollusca,Animalia,,,,,none,Unidentified,0
A15_125397,Mollusca,Animalia,,Terpenoid,Terpenoid,Prenol lipids,MS2_diagnostic,Bronze,2
A15_122149,Nematoda,Animalia,,,,,none,Unidentified,0
A15_222603,Bacillota,Bacteria,DG(O-13:0_17:2),DG,DG,Glycerolipids,LipidSearch,Bronze,3
A15_84871,Mollusca,Animalia,,,,,none,Unidentified,0
A15_52578,Mollusca,Animalia,,,,,none,Unidentified,0
A15_50464,Mollusca,Animalia,,,,,none,Unidentified,0
A15_15680,Nematoda,Animalia,,,,,none,Unidentified,0
A15_222163,Mollusca,Animalia,,,,,none,Unidentified,0
A15_152035,Nematoda,Animalia,,PC/SM,PC/SM,Glycerophospholipids|Sphingolipids,MS2_diagnostic,Bronze,2
A15_108379,Nematoda,Animalia,,,,,none,Unidentified,0
A15_222764,Nematoda,Animalia,,,,,none,Unidentified,0
A15_OE21-4-POS_233282,Thermoproteota,Archaea,,,,,none,Unidentified,0
A15_90393,Arthropoda,Animalia,,,,,none,Unidentified,0
A15_58934,Mollusca,Animalia,,,,,none,Unidentified,0
A15_OE25-1-ALL_45627,Evosea,Protists,,PC/SM,PC/SM,Glycerophospholipids|Sphingolipids,MS2_diagnostic,Bronze,2
A15_218978,Mollusca,Animalia,,,,,none,Unidentified,0
A15_44904,Nematoda,Animalia,,,,,none,Unidentified,0
A15_228374,Mollusca,Animalia,,,,,none,Unidentified,0
A15_OE25-1-ALL_6212,Evosea,Protists,,PC/SM,PC/SM,Glycerophospholipids|Sphingolipids,MS2_diagnostic,Bronze,2
A15_216262,Mollusca,Animalia,,,,,none,Unidentified,0
A15_21516,Mollusca,Animalia,,,,,none,Unidentified,0
A15_226491,Nematoda,Animalia,,,,,none,Unidentified,0
A15_150606,Arthropoda,Animalia,,,,,none,Unidentified,0
A15_166265,Nematoda,Animalia,,,,,none,Unidentified,0
A15_113079,Chlorophyta,Viridiplantae,DGDG(16:3_18:3),DGDG,DGDG,Glycerolipids,LipidSearch,Bronze,3
A15_OE25-1-ALL_8836,Evosea,Protists,,,,,none,Unidentified,0
A15_5863,Nematoda,Animalia,,,,,none,Unidentified,0
A15_120902,Nematoda,Animalia,,PC/SM,PC/SM,Glycerophospholipids|Sphingolipids,MS2_diagnostic,Bronze,2
A15_224546,Nematoda,Animalia,,,,,none,Unidentified,0
A15_124742,Nematoda,Animalia,,,,,none,Unidentified,0
A15_15686,Nematoda,Animalia,,,,,none,Unidentified,0
A15_OE21-4-POS_222429,Thermoproteota,Archaea,,,,,none,Unidentified,0
A15_215847,Chlorophyta,Viridiplantae,,,,,none,Unidentified,0
A15_58673,Mollusca,Animalia,,,,,none,Unidentified,0
A15_52569,Mollusca,Animalia,,,,,none,Unidentified,0
A15_57728,Mollusca,Animalia,,,,,none,Unidentified,0
A15_229859,Nematoda,Animalia,TG(O-18:0_18:2_18:3),TG,TG,Glycerolipids,LipidSearch,Bronze,3
A15_135424,Nematoda,Animalia,,,,,none,Unidentified,0
A15_224368,Mollusca,Animalia,,,,,none,Unidentified,0
A15_220985,Mollusca,Animalia,,,,,none,Unidentified,0
A15_15119,Nematoda,Animalia,,,,,none,Unidentified,0
A15_129165,Mollusca,Animalia,,,,,none,Unidentified,0
A15_113463,Nematoda,Animalia,,,,,none,Unidentified,0
A15_OE25-1-ALL_10768,Evosea,Protists,,PE,PE,Glycerophospholipids,MS2_diagnostic,Bronze,2
A15_74760,Arthropoda,Animalia,LPC(P-16:0),LPC,LPC,Glycerophospholipids,LipidSearch,Bronze,3
A15_55738,Mollusca,Animalia,,PC/SM,PC/SM,Glycerophospholipids|Sphingolipids,MS2_diagnostic,Bronze,2
A15_89787,Mollusca,Animalia,,,,,none,Unidentified,0
A15_25015,Mollusca,Animalia,,,,,none,Unidentified,0
A15_25270,Nematoda,Animalia,,,,,none,Unidentified,0
A15_37851,Chlorophyta,Viridiplantae,,,,,none,Unidentified,0
A15_27623,Arthropoda,Animalia,,,,,none,Unidentified,0
A15_8141,Arthropoda,Animalia,,,,,none,Unidentified,0
A15_225390,Mollusca,Animalia,,,,,none,Unidentified,0
A15_108169,Nematoda,Animalia,,,,,none,Unidentified,0
A15_152211,Nematoda,Animalia,,,,,none,Unidentified,0
A15_54123,Mollusca,Animalia,,,,,none,Unidentified,0
A15_53206,Mollusca,Animalia,,,,,none,Unidentified,0
A15_31647,Arthropoda,Animalia,,,,,none,Unidentified,0
A15_137697,Nematoda,Animalia,,PC/SM,PC/SM,Glycerophospholipids|Sphingolipids,MS2_diagnostic,Bronze,2
A15_27159,Mollusca,Animalia,,,,,none,Unidentified,0
A15_OE25-1-ALL_18011,Evosea,Protists,,,,,none,Unidentified,0
A15_157973,Arthropoda,Animalia,SM(d38:5),SM,SM,Sphingolipids,LipidSearch,Bronze,3
A15_74720,Mollusca,Animalia,,,,,none,Unidentified,0
A15_32333,Arthropoda,Animalia,,,,,none,Unidentified,0
A15_120616,Arthropoda,Animalia,,PC/SM,PC/SM,Glycerophospholipids|Sphingolipids,MS2_diagnostic,Bronze,2
A15_105016,Arthropoda,Animalia,,,,,none,Unidentified,0
A15_49575,Mollusca,Animalia,,,,,none,Unidentified,0
A15_7196,Arthropoda,Animalia,,,,,none,Unidentified,0
A15_140034,Mollusca,Animalia,,,,,none,Unidentified,0
A15_544,Arthropoda,Animalia,,,,,none,Unidentified,0
A15_20391,Nematoda,Animalia,,PG,PG,Glycerophospholipids,MS2_diagnostic,Bronze,2
A15_76391,Nematoda,Animalia,,,,,none,Unidentified,0
A15_69675,Arthropoda,Animalia,,,,,none,Unidentified,0
A15_146041,Mollusca,Animalia,,,,,none,Unidentified,0
A15_44418,Mollusca,Animalia,,,,,none,Unidentified,0
A15_227443,Nematoda,Animalia,,,,,none,Unidentified,0
A15_222522,Nematoda,Animalia,,,,,none,Unidentified,0
A15_217002,Nematoda,Animalia,,,,,none,Unidentified,0
A15_219320,Bacillota,Bacteria,,,,,none,Unidentified,0
A15_4749,Arthropoda,Animalia,,,,,none,Unidentified,0
A15_102391,Chlorophyta,Viridiplantae,,,,,none,Unidentified,0
A15_9207,Arthropoda,Animalia,,,,,none,Unidentified,0
A15_201404,Arthropoda,Animalia,DG(O-17:2_17:2),DG,DG,Glycerolipids,LipidSearch,Bronze,3
A15_219865,Nematoda,Animalia,,Ceramide,Ceramide,Sphingolipids,MS2_diagnostic,Bronze,2
A15_80474,Mollusca,Animalia,,,,,none,Unidentified,0
A15_81735,Nematoda,Animalia,,Terpenoid,Terpenoid,Prenol lipids,MS2_diagnostic,Bronze,2
A15_125668,Nematoda,Animalia,,,,,none,Unidentified,0
A15_130390,Bacillota,Bacteria,,,,,none,Unidentified,0
A15_227155,Mollusca,Animalia,,,,,none,Unidentified,0
A15_OE25-1-ALL_2526,Evosea,Protists,,Terpenoid,Terpenoid,Prenol lipids,MS2_diagnostic,Bronze,2
A15_OE21-4-POS_226314,Thermoproteota,Archaea,,,,,none,Unidentified,0
A15_28754,Mollusca,Animalia,,,,,none,Unidentified,0
A15_11786,Arthropoda,Animalia,,,,,none,Unidentified,0
A15_196160,Nematoda,Animalia,,,,,none,Unidentified,0
A15_OE25-1-ALL_8835,Evosea,Protists,,Terpenoid,Terpenoid,Prenol lipids,MS2_diagnostic,Bronze,2
A15_52903,Mollusca,Animalia,,,,,none,Unidentified,0
A15_217096,Nematoda,Animalia,,,,,none,Unidentified,0
A15_79019,Mollusca,Animalia,,,,,none,Unidentified,0
A15_74503,Nematoda,Animalia,,SM,SM,Sphingolipids,MS2_diagnostic,Bronze,2
A15_200842,Arthropoda,Animalia,,,,,none,Unidentified,0
A15_89969,Nematoda,Animalia,,,,,none,Unidentified,0
A15_OE21-4-POS_111492,Thermoproteota,Archaea,,,,,none,Unidentified,0
A15_38816,Mollusca,Animalia,,,,,none,Unidentified,0
A15_6460,Nematoda,Animalia,,Terpenoid,Terpenoid,Prenol lipids,MS2_diagnostic,Bronze,2
A15_44419,Mollusca,Animalia,,,,,none,Unidentified,0
A15_205888,Arthropoda,Animalia,,,,,none,Unidentified,0
A15_214157,Nematoda,Animalia,,,,,none,Unidentified,0
A15_45509,Arthropoda,Animalia,,,,,none,Unidentified,0
A15_223024,Mollusca,Animalia,,,,,none,Unidentified,0
A15_109151,Mollusca,Animalia,,,,,none,Unidentified,0
A15_62329,Arthropoda,Animalia,,,,,none,Unidentified,0
A15_14586,Nematoda,Animalia,,,,,none,Unidentified,0
A15_13256,Arthropoda,Animalia,,Terpenoid,Terpenoid,Prenol lipids,MS2_diagnostic,Bronze,2
A15_60149,Arthropoda,Animalia,,,,,none,Unidentified,0
A15_81313,Mollusca,Animalia,,,,,none,Unidentified,0
A15_224910,Mollusca,Animalia,,,,,none,Unidentified,0
A15_OE25-1-ALL_2969,Evosea,Protists,,PG,PG,Glycerophospholipids,MS2_diagnostic,Bronze,2
A15_115142,Mollusca,Animalia,,,,,none,Unidentified,0
A15_43970,Arthropoda,Animalia,DG(O-23:4),DG,DG,Glycerolipids,LipidSearch,Bronze,3
A15_OE25-1-ALL_3520,Evosea,Protists,,,,,none,Unidentified,0
A15_221114,Nematoda,Animalia,,,,,none,Unidentified,0
A15_107675,Nematoda,Animalia,,,,,none,Unidentified,0
A15_52572,Mollusca,Animalia,,,,,none,Unidentified,0
A15_226349,Mollusca,Animalia,,,,,none,Unidentified,0
A15_6991,Arthropoda,Animalia,,,,,none,Unidentified,0
A15_29017,Mollusca,Animalia,,,,,none,Unidentified,0
A15_100988,Mollusca,Animalia,,,,,none,Unidentified,0
A15_46417,Mollusca,Animalia,,,,,none,Unidentified,0
A15_213783,Nematoda,Animalia,,,,,none,Unidentified,0
A15_6697,Nematoda,Animalia,,Ceramide,Ceramide,Sphingolipids,MS2_diagnostic,Bronze,2
A15_52579,Mollusca,Animalia,,,,,none,Unidentified,0
A15_OE25-1-ALL_2417,Evosea,Protists,,Ubiquinone,Ubiquinone,Prenol lipids,MS2_diagnostic,Bronze,2
A15_74139,Nematoda,Animalia,,,,,none,Unidentified,0
A15_92099,Nematoda,Animalia,,,,,none,Unidentified,0
A15_185198,Chlorophyta,Viridiplantae,,,,,none,Unidentified,0
A15_OE25-1-ALL_7078,Evosea,Protists,,,,,none,Unidentified,0
A15_196133,Nematoda,Animalia,,,,,none,Unidentified,0
A15_228612,Nematoda,Animalia,,,,,none,Unidentified,0
A15_226224,Mollusca,Animalia,,,,,none,Unidentified,0
A15_44948,Nematoda,Animalia,,,,,none,Unidentified,0
A15_221374,Nematoda,Animalia,,,,,none,Unidentified,0
A15_54177,Mollusca,Animalia,,,,,none,Unidentified,0
A15_47604,Mollusca,Animalia,,,,,none,Unidentified,0
A15_42698,Arthropoda,Animalia,,,,,none,Unidentified,0
A15_140611,Nematoda,Animalia,,,,,none,Unidentified,0
A15_126311,Nematoda,Animalia,,,,,none,Unidentified,0
A15_185008,Arthropoda,Animalia,,,,,none,Unidentified,0
A15_211284,Arthropoda,Animalia,,PC/SM,PC/SM,Glycerophospholipids|Sphingolipids,MS2_diagnostic,Bronze,2
A15_227764,Mollusca,Animalia,,,,,none,Unidentified,0
A15_OE25-1-ALL_18711,Evosea,Protists,,,,,none,Unidentified,0
A15_80239,Mollusca,Animalia,,,,,none,Unidentified,0
A15_19679,Arthropoda,Animalia,,PC/SM,PC/SM,Glycerophospholipids|Sphingolipids,MS2_diagnostic,Bronze,2
A15_137304,Arthropoda,Animalia,,,,,none,Unidentified,0
A15_80245,Mollusca,Animalia,,,,,none,Unidentified,0
A15_196022,Chlorophyta,Viridiplantae,,,,,none,Unidentified,0
A15_79328,Mollusca,Animalia,,,,,none,Unidentified,0
A15_228658,Mollusca,Animalia,,,,,none,Unidentified,0
A15_21049,Arthropoda,Animalia,,Terpenoid,Terpenoid,Prenol lipids,MS2_diagnostic,Bronze,2
A15_99841,Nematoda,Animalia,,,,,none,Unidentified,0
A15_128924,Nematoda,Animalia,,,,,none,Unidentified,0
A15_219927,Nematoda,Animalia,,,,,none,Unidentified,0
A15_224079,Mollusca,Animalia,,,,,none,Unidentified,0
A15_OE25-1-ALL_13164,Evosea,Protists,,,,,none,Unidentified,0
A15_214154,Nematoda,Animalia,,,,,none,Unidentified,0
A15_59816,Chlorophyta,Viridiplantae,,,,,none,Unidentified,0
A15_85791,Mollusca,Animalia,,,,,none,Unidentified,0
A15_121533,Nematoda,Animalia,,PC/SM,PC/SM,Glycerophospholipids|Sphingolipids,MS2_diagnostic,Bronze,2
A15_221745,Mollusca,Animalia,,PC/SM,PC/SM,Glycerophospholipids|Sphingolipids,MS2_diagnostic,Bronze,2
A15_61876,Streptophyta,Viridiplantae,,,,,none,Unidentified,0
A15_85792,Mollusca,Animalia,,,,,none,Unidentified,0
A15_79311,Chlorophyta,Viridiplantae,,PC/SM,PC/SM,Glycerophospholipids|Sphingolipids,MS2_diagnostic,Bronze,2
A15_224523,Nematoda,Animalia,,,,,none,Unidentified,0
A15_224693,Arthropoda,Animalia,TG(36:2_18:1)+OO:(s),TG,TG,Glycerolipids,LipidSearch,Bronze,3
A15_91233,Mollusca,Animalia,,Hopanoid,Hopanoid,Prenol lipids,MS2_diagnostic,Bronze,2
A15_124563,Arthropoda,Animalia,,,,,none,Unidentified,0
A15_128194,Nematoda,Animalia,,,,,none,Unidentified,0
A15_228970,Nematoda,Animalia,,,,,none,Unidentified,0
A15_227250,Mollusca,Animalia,,,,,none,Unidentified,0
A15_223647,Nematoda,Animalia,,,,,none,Unidentified,0
A15_217099,Nematoda,Animalia,,,,,none,Unidentified,0
A15_63915,Mollusca,Animalia,,,,,none,Unidentified,0
A15_23714,Nematoda,Animalia,,,,,none,Unidentified,0
A15_96088,Streptophyta,Viridiplantae,,,,,none,Unidentified,0
A15_20657,Arthropoda,Animalia,,,,,none,Unidentified,0
A15_96995,Arthropoda,Animalia,,Terpenoid,Terpenoid,Prenol lipids,MS2_diagnostic,Bronze,2
A15_217326,Nematoda,Animalia,,,,,none,Unidentified,0
A15_226477,Mollusca,Animalia,,,,,none,Unidentified,0
A15_117010,Arthropoda,Animalia,,,,,none,Unidentified,0
A15_224911,Mollusca,Animalia,,Sterol,Sterol,Sterol lipids,MS2_diagnostic,Bronze,2
A15_OE25-1-ALL_16889,Evosea,Protists,DGDG(18:3_18:3),DGDG,DGDG,Glycerolipids,LipidSearch,Bronze,3
A15_50847,Nematoda,Animalia,,,,,none,Unidentified,0
A15_OE25-1-ALL_7713,Evosea,Protists,PC(34:5),PC,PC,Glycerophospholipids,LipidSearch,Bronze,3
A15_82106,Mollusca,Animalia,,,,,none,Unidentified,0
A15_216691,Chlorophyta,Viridiplantae,TG(16:3_16:3_18:3),TG,TG,Glycerolipids,LipidSearch,Gold,4
A15_OE25-1-ALL_13786,Evosea,Protists,,,,,none,Unidentified,0
A15_229552,Nematoda,Animalia,,,,,none,Unidentified,0
A15_130847,Mollusca,Animalia,,,,,none,Unidentified,0
A15_OE25-1-ALL_8368,Evosea,Protists,,,,,none,Unidentified,0
A15_133151,Chlorophyta,Viridiplantae,,,,,none,Unidentified,0
A15_61134,Streptophyta,Viridiplantae,,,,,none,Unidentified,0
A15_8205,Arthropoda,Animalia,,,,,none,Unidentified,0
A15_18730,Nematoda,Animalia,,PG,PG,Glycerophospholipids,MS2_diagnostic,Bronze,2
A15_120852,Mollusca,Animalia,,,,,none,Unidentified,0
A15_121129,Mollusca,Animalia,,,,,none,Unidentified,0
A15_26228,Chlorophyta,Viridiplantae,,,,,none,Unidentified,0
A15_214141,Nematoda,Animalia,,,,,none,Unidentified,0
A15_228770,Nematoda,Animalia,,,,,none,Unidentified,0
A15_108383,Nematoda,Animalia,,,,,none,Unidentified,0
A15_90686,Chlorophyta,Viridiplantae,,Ubiquinone,Ubiquinone,Prenol lipids,MS2_diagnostic,Bronze,2
A15_100889,Nematoda,Animalia,,,,,none,Unidentified,0
A15_229667,Nematoda,Animalia,,,,,none,Unidentified,0
A15_76477,Mollusca,Animalia,,,,,none,Unidentified,0
A15_118264,Arthropoda,Animalia,,Terpenoid,Terpenoid,Prenol lipids,MS2_diagnostic,Bronze,2
A15_14155,Nematoda,Animalia,,,,,none,Unidentified,0
A15_142561,Chlorophyta,Viridiplantae,,,,,none,Unidentified,0
A15_175795,Mollusca,Animalia,,,,,none,Unidentified,0
A15_83860,Mollusca,Animalia,SM(d23:4),SM,SM,Sphingolipids,LipidSearch,Bronze,3
A15_15283,Mollusca,Animalia,,,,,none,Unidentified,0
A15_222606,Bacillota,Bacteria,,,,,none,Unidentified,0
A15_97120,Bacillota,Bacteria,DG(O-5:0_21:2),DG,DG,Glycerolipids,LipidSearch,Bronze,3
A15_48934,Arthropoda,Animalia,LPC(18:1)+D7:(s),LPC,LPC,Glycerophospholipids,LipidSearch,Bronze,3
A15_100856,Nematoda,Animalia,,,,,none,Unidentified,0
A15_75535,Mollusca,Animalia,,,,,none,Unidentified,0
A15_113852,Nematoda,Animalia,,,,,none,Unidentified,0
A15_66335,Arthropoda,Animalia,,,,,none,Unidentified,0
A15_224670,Nematoda,Animalia,,,,,none,Unidentified,0
A15_42736,Nematoda,Animalia,,,,,none,Unidentified,0
A15_15688,Nematoda,Animalia,,,,,none,Unidentified,0
A15_171046,Mollusca,Animalia,,,,,none,Unidentified,0
A15_229879,Mollusca,Animalia,,,,,none,Unidentified,0
A15_225959,Mollusca,Animalia,,,,,none,Unidentified,0
A15_50809,Nematoda,Animalia,,,,,none,Unidentified,0
A15_189331,Nematoda,Animalia,,,,,none,Unidentified,0
A15_32463,Mollusca,Animalia,,,,,none,Unidentified,0
A15_222607,Bacillota,Bacteria,,,,,none,Unidentified,0
A15_127099,Chlorophyta,Viridiplantae,,,,,none,Unidentified,0
A15_39432,Mollusca,Animalia,,,,,none,Unidentified,0
A15_57539,Mollusca,Animalia,,,,,none,Unidentified,0
A15_224775,Mollusca,Animalia,,,,,none,Unidentified,0
A15_224187,Nematoda,Animalia,,,,,none,Unidentified,0
A15_9810,Mollusca,Animalia,,,,,none,Unidentified,0
A15_112092,Nematoda,Animalia,,Terpenoid,Terpenoid,Prenol lipids,MS2_diagnostic,Bronze,2
A15_226283,Mollusca,Animalia,,,,,none,Unidentified,0
A15_185099,Chlorophyta,Viridiplantae,,,,,none,Unidentified,0
A15_219752,Mollusca,Animalia,,,,,none,Unidentified,0
A15_221755,Nematoda,Animalia,,,,,none,Unidentified,0
A15_230031,Nematoda,Animalia,,,,,none,Unidentified,0
A15_82745,Mollusca,Animalia,,,,,none,Unidentified,0
A15_226749,Mollusca,Animalia,,,,,none,Unidentified,0
A15_81991,Nematoda,Animalia,,Terpenoid,Terpenoid,Prenol lipids,MS2_diagnostic,Bronze,2
A15_225216,Mollusca,Animalia,,,,,none,Unidentified,0
A15_218883,Mollusca,Animalia,,,,,none,Unidentified,0
A15_225020,Nematoda,Animalia,,,,,none,Unidentified,0
A15_94753,Arthropoda,Animalia,,PE,PE,Glycerophospholipids,MS2_diagnostic,Bronze,2
A15_57282,Mollusca,Animalia,,,,,none,Unidentified,0
A15_114270,Arthropoda,Animalia,,,,,none,Unidentified,0
A15_219608,Nematoda,Animalia,,,,,none,Unidentified,0
A15_110753,Mollusca,Animalia,,,,,none,Unidentified,0
A15_228020,Nematoda,Animalia,,,,,none,Unidentified,0
A15_88719,Mollusca,Animalia,,,,,none,Unidentified,0
A15_229976,Mollusca,Animalia,,,,,none,Unidentified,0
A15_229497,Mollusca,Animalia,,,,,none,Unidentified,0
A15_80242,Mollusca,Animalia,,,,,none,Unidentified,0
A15_100888,Nematoda,Animalia,,Terpenoid,Terpenoid,Prenol lipids,MS2_diagnostic,Bronze,2
A15_50689,Nematoda,Animalia,,,,,none,Unidentified,0
A15_80608,Nematoda,Animalia,,,,,none,Unidentified,0
A15_229300,Nematoda,Animalia,,,,,none,Unidentified,0
A15_60562,Mollusca,Animalia,,,,,none,Unidentified,0
A15_120862,Nematoda,Animalia,,,,,none,Unidentified,0
A15_226284,Mollusca,Animalia,,,,,none,Unidentified,0
A15_50583,Nematoda,Animalia,,,,,none,Unidentified,0
A15_77149,Nematoda,Animalia,,,,,none,Unidentified,0
A15_156523,Mollusca,Animalia,,,,,none,Unidentified,0
A15_192683,Arthropoda,Animalia,PI(P-15:2_23:0),PI,PI,Glycerophospholipids,LipidSearch,Bronze,3
A15_118889,Nematoda,Animalia,,,,,none,Unidentified,0
A15_116999,Mollusca,Animalia,,,,,none,Unidentified,0
A15_152389,Arthropoda,Animalia,,,,,none,Unidentified,0
A15_92985,Nematoda,Animalia,,,,,none,Unidentified,0
A15_96857,Mollusca,Animalia,,,,,none,Unidentified,0
A15_230077,Mollusca,Animalia,,,,,none,Unidentified,0
A15_219838,Nematoda,Animalia,,,,,none,Unidentified,0
A15_85181,Mollusca,Animalia,,,,,none,Unidentified,0
A15_56177,Nematoda,Animalia,,,,,none,Unidentified,0
A15_221254,Nematoda,Animalia,,,,,none,Unidentified,0
A15_97207,Nematoda,Animalia,,,,,none,Unidentified,0
A15_178786,Mollusca,Animalia,,,,,none,Unidentified,0
A15_33127,Arthropoda,Animalia,,,,,none,Unidentified,0
A15_147180,Mollusca,Animalia,,,,,none,Unidentified,0
A15_109000,Nematoda,Animalia,,,,,none,Unidentified,0
A15_59347,Nematoda,Animalia,,,,,none,Unidentified,0
A15_178110,Mollusca,Animalia,,,,,none,Unidentified,0
A15_192822,Nematoda,Animalia,,,,,none,Unidentified,0
A15_218534,Nematoda,Animalia,,,,,none,Unidentified,0
A15_180203,Bacillota,Bacteria,,,,,none,Unidentified,0
A15_223789,Bacillota,Bacteria,,,,,none,Unidentified,0
A15_199430,Nematoda,Animalia,,,,,none,Unidentified,0
A15_225565,Nematoda,Animalia,PC(42:2),PC,PC,Glycerophospholipids,LipidSearch,Bronze,3
A15_220914,Bacillota,Bacteria,,,,,none,Unidentified,0
A15_80490,Mollusca,Animalia,,,,,none,Unidentified,0
A15_91851,Arthropoda,Animalia,LPC(O-18:0),LPC,LPC,Glycerophospholipids,LipidSearch,Bronze,3
A15_104554,Nematoda,Animalia,,Terpenoid,Terpenoid,Prenol lipids,MS2_diagnostic,Bronze,2
A15_197198,Arthropoda,Animalia,,Terpenoid,Terpenoid,Prenol lipids,MS2_diagnostic,Bronze,2
A15_84620,Nematoda,Animalia,,,,,none,Unidentified,0
A15_157881,Nematoda,Animalia,,,,,none,Unidentified,0
A15_222708,Bacillota,Bacteria,,,,,none,Unidentified,0
A15_229926,Nematoda,Animalia,,,,,none,Unidentified,0
A15_220723,Streptophyta,Viridiplantae,,Sterol,Sterol,Sterol lipids,MS2_diagnostic,Bronze,2
A15_225637,Nematoda,Animalia,,,,,none,Unidentified,0
A15_190091,Bacillota,Bacteria,,,,,none,Unidentified,0
A15_147167,Bacillota,Bacteria,PE(14:0_16:0),PE,PE,Glycerophospholipids,LipidSearch,Gold,4
A15_223954,Streptophyta,Viridiplantae,,PC/SM,PC/SM,Glycerophospholipids|Sphingolipids,MS2_diagnostic,Bronze,2
A15_130384,Bacillota,Bacteria,PG(14:0_15:0),PG,PG,Glycerophospholipids,LipidSearch,Gold,4
A15_222264,Bacillota,Bacteria,,,,,none,Unidentified,0
A15_219945,Bacillota,Bacteria,,,,,none,Unidentified,0
A15_221678,Bacillota,Bacteria,,,,,none,Unidentified,0
A15_189083,Bacillota,Bacteria,,,,,none,Unidentified,0
A15_120082,Bacillota,Bacteria,,,,,none,Unidentified,0
A15_143305,Bacillota,Bacteria,PE(13:0_16:0),PE,PE,Glycerophospholipids,LipidSearch,Gold,4
A15_118782,Bacillota,Bacteria,DG(P-11:0_17:1),DG,DG,Glycerolipids,LipidSearch,Bronze,3
A15_219512,Bacillota,Bacteria,,,,,none,Unidentified,0
A15_221974,Bacillota,Bacteria,DG(O-5:0_24:0),DG,DG,Glycerolipids,LipidSearch,Bronze,3
A15_174444,Bacillota,Bacteria,DG(P-43:13),DG,DG,Glycerolipids,LipidSearch,Bronze,3
A15_221332,Bacillota,Bacteria,,,,,none,Unidentified,0
A15_138427,Bacillota,Bacteria,PG(16:1_15:0),PG,PG,Glycerophospholipids,LipidSearch,Gold,4
A15_128052,Bacillota,Bacteria,PG(15:0_15:0),PG,PG,Glycerophospholipids,LipidSearch,Gold,4
A15_199127,Heterolobosea,Protists,,PC/SM,PC/SM,Glycerophospholipids|Sphingolipids,MS2_diagnostic,Bronze,2
A15_221963,Bacillota,Bacteria,,,,,none,Unidentified,0
A15_169767,Bacillota,Bacteria,,,,,none,Unidentified,0
A15_136885,Bacillota,Bacteria,PG(15:0_16:1),PG,PG,Glycerophospholipids,LipidSearch,Gold,4
A15_222165,Bacillota,Bacteria,,,,,none,Unidentified,0
A15_223587,Bacillota,Bacteria,,,,,none,Unidentified,0
A15_174221,Bacillota,Bacteria,,,,,none,Unidentified,0
A15_222758,Bacillota,Bacteria,,,,,none,Unidentified,0
A15_138770,Bacillota,Bacteria,,,,,none,Unidentified,0
A15_221119,Bacillota,Bacteria,CL(60:1),CL,CL,Glycerophospholipids,LipidSearch,Bronze,3
A15_141227,Bacillota,Bacteria,,,,,none,Unidentified,0
A15_132298,Bacillota,Bacteria,PG(15:0_15:0),PG,PG,Glycerophospholipids,LipidSearch,Gold,4
A15_180620,Bacillota,Bacteria,,,,,none,Unidentified,0
A15_223473,Bacillota,Bacteria,,,,,none,Unidentified,0
A15_133499,Bacillota,Bacteria,PE(14:1_15:0),PE,PE,Glycerophospholipids,LipidSearch,Gold,4
A15_128214,Bacillota,Bacteria,TG(18:2_16:0)+O:(s),TG,TG,Glycerolipids,LipidSearch,Bronze,3
A15_189086,Bacillota,Bacteria,,,,,none,Unidentified,0
A15_157147,Bacillota,Bacteria,DG(P-43:13),DG,DG,Glycerolipids,LipidSearch,Bronze,3
A15_140358,Bacillota,Bacteria,,,,,none,Unidentified,0
A15_108347,Bacillota,Bacteria,,,,,none,Unidentified,0
A15_147295,Bacillota,Bacteria,PE(14:0_15:0),PE,PE,Glycerophospholipids,LipidSearch,Gold,4
A15_205755,Bacillota,Bacteria,,,,,none,Unidentified,0
A15_200743,Bacillota,Bacteria,,,,,none,Unidentified,0
A15_139960,Bacillota,Bacteria,PG(30:0),PG,PG,Glycerophospholipids,LipidSearch,Bronze,3
A15_140045,Bacillota,Bacteria,PE(13:0_16:0),PE,PE,Glycerophospholipids,LipidSearch,Gold,4
A15_135877,Bacillota,Bacteria,DG(O-5:0_23:2),DG,DG,Glycerolipids,LipidSearch,Bronze,3
A15_212183,Bacillota,Bacteria,,,,,none,Unidentified,0
A15_196938,Bacillota,Bacteria,,,,,none,Unidentified,0
A15_219440,Bacillota,Bacteria,,,,,none,Unidentified,0
A15_107245,Bacillota,Bacteria,,,,,none,Unidentified,0
A15_130455,Bacillota,Bacteria,PG(15:1_15:0),PG,PG,Glycerophospholipids,LipidSearch,Gold,4
A15_199497,Bacillota,Bacteria,,,,,none,Unidentified,0
A15_216549,Bacillota,Bacteria,,,,,none,Unidentified,0
A15_199542,Bacillota,Bacteria,,,,,none,Unidentified,0
A15_141254,Bacillota,Bacteria,PE(13:0_16:0),PE,PE,Glycerophospholipids,LipidSearch,Gold,4
A15_200018,Bacillota,Bacteria,,,,,none,Unidentified,0
A15_152697,Discosea,Protists,PC(40:8),PC,PC,Glycerophospholipids,LipidSearch,Bronze,3
A15_167934,Bacillota,Bacteria,PA(O-36:5),PA,PA,Glycerophospholipids,LipidSearch,Bronze,3
A15_223991,Bacillota,Bacteria,,,,,none,Unidentified,0
A15_189082,Bacillota,Bacteria,DG(15:0_16:0),DG,DG,Glycerolipids,LipidSearch,Gold,4
A15_153371,Bacillota,Bacteria,DG(O-13:0_17:2),DG,DG,Glycerolipids,LipidSearch,Bronze,3
A15_199495,Bacillota,Bacteria,,,,,none,Unidentified,0
A15_130637,Bacillota,Bacteria,PG(15:1_15:0),PG,PG,Glycerophospholipids,LipidSearch,Bronze,3
A15_142780,Bacillota,Bacteria,PS(15:0_16:0),PS,PS,Glycerophospholipids,LipidSearch,Gold,4
A15_127952,Bacillota,Bacteria,PG(15:0_15:0),PG,PG,Glycerophospholipids,LipidSearch,Gold,4
A15_130868,Bacillota,Bacteria,PG(15:0_15:0),PG,PG,Glycerophospholipids,LipidSearch,Gold,4
A15_149947,Bacillota,Bacteria,,,,,none,Unidentified,0
A15_138659,Bacillota,Bacteria,TG(2:0_14:0_15:0),TG,TG,Glycerolipids,LipidSearch,Gold,4
A15_223898,Bacillota,Bacteria,,,,,none,Unidentified,0
A15_208646,Heterolobosea,Protists,,PC/SM,PC/SM,Glycerophospholipids|Sphingolipids,MS2_diagnostic,Bronze,2
A15_128767,Bacillota,Bacteria,,,,,none,Unidentified,0
A15_160222,Bacillota,Bacteria,PA(18:2_18:3),PA,PA,Glycerophospholipids,LipidSearch,Gold,4
A15_107910,Bacillota,Bacteria,WE(O-33:6),WE,WE,Fatty acyls,LipidSearch,Bronze,3
A15_130594,Bacillota,Bacteria,,,,,none,Unidentified,0
A15_161920,Bacillota,Bacteria,PE(16:0_15:0),PE,PE,Glycerophospholipids,LipidSearch,Gold,4
A15_146780,Bacillota,Bacteria,,,,,none,Unidentified,0
A15_176216,Bacillota,Bacteria,,,,,none,Unidentified,0
A15_50264,Methanobacteriota,Archaea,,,,,none,Unidentified,0
A15_220333,Bacillota,Bacteria,,,,,none,Unidentified,0
A15_163387,Bacillota,Bacteria,PE(16:0_15:0),PE,PE,Glycerophospholipids,LipidSearch,Gold,4
A15_163699,Bacillota,Bacteria,PA(O-36:5),PA,PA,Glycerophospholipids,LipidSearch,Bronze,3
A15_131045,Bacillota,Bacteria,PE(13:0_15:0),PE,PE,Glycerophospholipids,LipidSearch,Gold,4
A15_144683,Bacillota,Bacteria,,,,,none,Unidentified,0
A15_160313,Bacillota,Bacteria,PG(18:2_15:0),PG,PG,Glycerophospholipids,LipidSearch,Bronze,3
A15_141700,Bacillota,Bacteria,DG(O-5:0_23:0),DG,DG,Glycerolipids,LipidSearch,Bronze,3
A15_150859,Heterolobosea,Protists,LPC(29:1),LPC,LPC,Glycerophospholipids,LipidSearch,Bronze,3
A15_148446,Bacillota,Bacteria,,,,,none,Unidentified,0
A15_165554,Bacillota,Bacteria,PA(O-36:5),PA,PA,Glycerophospholipids,LipidSearch,Bronze,3
A15_221261,Bacillota,Bacteria,,,,,none,Unidentified,0
A15_153933,Bacillota,Bacteria,,,,,none,Unidentified,0
A15_223398,Bacillota,Bacteria,,,,,none,Unidentified,0
A15_224820,Bacillota,Bacteria,TG(14:0_15:0_15:0),TG,TG,Glycerolipids,LipidSearch,Gold,4
A15_169193,Bacillota,Bacteria,PE(17:0_15:0),PE,PE,Glycerophospholipids,LipidSearch,Gold,4
A15_162311,Bacillota,Bacteria,Cer(d18:1_20:4),Cer,Cer,Sphingolipids,LipidSearch,Bronze,3
A15_226458,Bacillota,Bacteria,TG(14:0_15:0_16:0),TG,TG,Glycerolipids,LipidSearch,Gold,4
A15_222266,Bacillota,Bacteria,,,,,none,Unidentified,0
A15_128356,Bacillota,Bacteria,PG(17:3_14:0),PG,PG,Glycerophospholipids,LipidSearch,Bronze,3
A15_150603,Bacillota,Bacteria,PE(15:0_15:0),PE,PE,Glycerophospholipids,LipidSearch,Gold,4
A15_146551,Heterolobosea,Protists,,PC/SM,PC/SM,Glycerophospholipids|Sphingolipids,MS2_diagnostic,Bronze,2
A15_118198,Bacillota,Bacteria,PG(28:0),PG,PG,Glycerophospholipids,LipidSearch,Bronze,3
A15_219607,Bacillota,Bacteria,,,,,none,Unidentified,0
A15_44629,Methanobacteriota,Archaea,,,,,none,Unidentified,0
A15_158178,Discosea,Protists,,,,,none,Unidentified,0
A15_146928,Bacillota,Bacteria,PE(33:4),PE,PE,Glycerophospholipids,LipidSearch,Bronze,3
A15_149279,Bacillota,Bacteria,DG(P-11:0_20:1),DG,DG,Glycerolipids,LipidSearch,Bronze,3
A15_220916,Bacillota,Bacteria,,,,,none,Unidentified,0
A15_158408,Bacillota,Bacteria,PE(33:3),PE,PE,Glycerophospholipids,LipidSearch,Bronze,3
A15_102749,Bacillota,Bacteria,WE(O-33:6),WE,WE,Fatty acyls,LipidSearch,Bronze,3
A15_164671,Bacillota,Bacteria,PE(16:0_15:0),PE,PE,Glycerophospholipids,LipidSearch,Gold,4
A15_154166,Bacillota,Bacteria,DG(O-5:0_24:0),DG,DG,Glycerolipids,LipidSearch,Bronze,3
A15_218423,Bacillota,Bacteria,,,,,none,Unidentified,0
A15_152284,Bacillota,Bacteria,DG(O-5:0_24:0),DG,DG,Glycerolipids,LipidSearch,Bronze,3
A15_153569,Bacillota,Bacteria,PE(16:1_15:0),PE,PE,Glycerophospholipids,LipidSearch,Gold,4
A15_135655,Bacillota,Bacteria,,,,,none,Unidentified,0
A15_225602,Bacillota,Bacteria,TG(14:0_15:0_15:0),TG,TG,Glycerolipids,LipidSearch,Gold,4
A15_127172,Bacillota,Bacteria,BisMePA(28:1),BisMePA,BisMePA,Glycerophospholipids,LipidSearch,Bronze,3
A15_214119,Bacillota,Bacteria,,,,,none,Unidentified,0
A15_138580,Bacillota,Bacteria,DG(O-5:0_23:0),DG,DG,Glycerolipids,LipidSearch,Bronze,3
A15_149594,Bacillota,Bacteria,PG(15:0_16:0),PG,PG,Glycerophospholipids,LipidSearch,Gold,4
A15_120544,Bacillota,Bacteria,,,,,none,Unidentified,0
A15_222043,Bacillota,Bacteria,,,,,none,Unidentified,0
A15_133023,Bacillota,Bacteria,PEt(22:4_15:0),PEt,PEt,Glycerophospholipids,LipidSearch,Bronze,3
A15_129718,Bacillota,Bacteria,,,,,none,Unidentified,0
A15_221536,Bacillota,Bacteria,,,,,none,Unidentified,0
A15_152676,Bacillota,Bacteria,PE(16:1_15:0),PE,PE,Glycerophospholipids,LipidSearch,Gold,4
A15_130383,Bacillota,Bacteria,DG(O-15:0_14:2),DG,DG,Glycerolipids,LipidSearch,Bronze,3
A15_144922,Bacillota,Bacteria,DG(O-5:0_23:0),DG,DG,Glycerolipids,LipidSearch,Bronze,3
A15_126562,Bacillota,Bacteria,PG(18:4_15:0),PG,PG,Glycerophospholipids,LipidSearch,Gold,4
A15_148457,Bacillota,Bacteria,PE(16:1_15:0),PE,PE,Glycerophospholipids,LipidSearch,Gold,4
A15_224140,Bacillota,Bacteria,,,,,none,Unidentified,0
A15_144207,Bacillota,Bacteria,DG(O-11:0_19:0),DG,DG,Glycerolipids,LipidSearch,Bronze,3
A15_183178,Heterolobosea,Protists,,,,,none,Unidentified,0
A15_146545,Bacillota,Bacteria,PG(15:0_17:1),PG,PG,Glycerophospholipids,LipidSearch,Gold,4
A15_137394,Bacillota,Bacteria,DG(O-5:0_24:0),DG,DG,Glycerolipids,LipidSearch,Bronze,3
A15_147041,Bacillota,Bacteria,TG(16:1_4:0_15:0)+OO:(s),TG,TG,Glycerolipids,LipidSearch,Bronze,3
A15_183167,Bacillota,Bacteria,,,,,none,Unidentified,0
A15_159963,Bacillota,Bacteria,DG(P-15:2_17:0),DG,DG,Glycerolipids,LipidSearch,Bronze,3
A15_131560,Bacillota,Bacteria,,,,,none,Unidentified,0
A15_110304,Bacillota,Bacteria,LPI(O-29:3),LPI,LPI,Glycerophospholipids,LipidSearch,Bronze,3
A15_129598,Bacillota,Bacteria,PEt(17:3_15:0),PEt,PEt,Glycerophospholipids,LipidSearch,Bronze,3
A15_148530,Bacillota,Bacteria,PE(15:0_15:0),PE,PE,Glycerophospholipids,LipidSearch,Gold,4
A15_122831,Bacillota,Bacteria,DG(O-31:6),DG,DG,Glycerolipids,LipidSearch,Bronze,3
A15_138637,Heterolobosea,Protists,,PC/SM,PC/SM,Glycerophospholipids|Sphingolipids,MS2_diagnostic,Bronze,2
A15_141332,Bacillota,Bacteria,,,,,none,Unidentified,0
A15_181283,Bacillota,Bacteria,DG(16:1_18:3),DG,DG,Glycerolipids,LipidSearch,Gold,4
A15_183085,Bacillota,Bacteria,DG(16:1_18:3),DG,DG,Glycerolipids,LipidSearch,Gold,4
A15_218461,Bacillota,Bacteria,ChE(28:5),ChE,CE,Sterol lipids,LipidSearch,Gold,4
A15_226832,Bacillota,Bacteria,TG(14:0_15:0_16:0),TG,TG,Glycerolipids,LipidSearch,Gold,4
A15_150483,Bacillota,Bacteria,PE(16:1_15:0),PE,PE,Glycerophospholipids,LipidSearch,Gold,4
A15_224964,Bacillota,Bacteria,,,,,none,Unidentified,0
A15_145188,Bacillota,Bacteria,PG(15:0_17:1),PG,PG,Glycerophospholipids,LipidSearch,Gold,4
A15_223863,Bacillota,Bacteria,,,,,none,Unidentified,0
A15_85215,Bacillota,Bacteria,,Glycolipid,Glycolipid,Glycerolipids,MS2_diagnostic,Bronze,2
A15_227040,Bacillota,Bacteria,TG(14:0_15:0_16:0),TG,TG,Glycerolipids,LipidSearch,Gold,4
A15_171545,Bacillota,Bacteria,PA(18:2_18:2),PA,PA,Glycerophospholipids,LipidSearch,Gold,4
A15_131433,Bacillota,Bacteria,DG(O-15:0_14:2),DG,DG,Glycerolipids,LipidSearch,Bronze,3
A15_84762,Bacillota,Bacteria,MePC(37:8),MePC,MePC,Glycerophospholipids,LipidSearch,Bronze,3
A15_146100,Bacillota,Bacteria,TG(2:0_14:0_15:0),TG,TG,Glycerolipids,LipidSearch,Gold,4
A15_89231,Bacillota,Bacteria,,,,,none,Unidentified,0
A15_149530,Heterolobosea,Protists,PC(O-31:2),PC,PC,Glycerophospholipids,LipidSearch,Bronze,3
A15_121988,Bacillota,Bacteria,TG(20:4_20:5),TG,TG,Glycerolipids,LipidSearch,Bronze,3
A15_143054,Bacillota,Bacteria,TG(2:0_14:0_15:0),TG,TG,Glycerolipids,LipidSearch,Gold,4
A15_113658,Bacillota,Bacteria,PG(13:0_15:0),PG,PG,Glycerophospholipids,LipidSearch,Gold,4
A15_158261,Bacillota,Bacteria,DG(P-15:2_17:0),DG,DG,Glycerolipids,LipidSearch,Bronze,3
A15_214120,Bacillota,Bacteria,,,,,none,Unidentified,0
A15_138675,Discosea,Protists,,,,,none,Unidentified,0
A15_83723,Bacillota,Bacteria,MePC(37:8),MePC,MePC,Glycerophospholipids,LipidSearch,Bronze,3
A15_217526,Methanobacteriota,Archaea,PME-Archaeol(20:0(Me)_20:1(Me)),Archaeal_Lipid,Archaeal_Lipid,Archaeal lipids,ArchLips,Silver,4
A15_170217,Bacillota,Bacteria,,,,,none,Unidentified,0
A15_158272,Bacillota,Bacteria,PA(18:2_18:3),PA,PA,Glycerophospholipids,LipidSearch,Gold,4
A15_112397,Bacillota,Bacteria,,,,,none,Unidentified,0
A15_163659,Bacillota,Bacteria,,,,,none,Unidentified,0
A15_93530,Bacillota,Bacteria,,PC/SM,PC/SM,Glycerophospholipids|Sphingolipids,MS2_diagnostic,Bronze,2
A15_219312,Bacillota,Bacteria,ChE(28:5),ChE,CE,Sterol lipids,LipidSearch,Gold,4
A15_116124,Bacillota,Bacteria,,,,,none,Unidentified,0
A15_156699,Bacillota,Bacteria,,,,,none,Unidentified,0
A15_206653,Bacillota,Bacteria,,,,,none,Unidentified,0
A15_132809,Bacillota,Bacteria,PG(30:0),PG,PG,Glycerophospholipids,LipidSearch,Bronze,3
A15_21066,Methanobacteriota,Archaea,,,,,none,Unidentified,0
A15_106352,Bacillota,Bacteria,DG(P-11:0_19:4),DG,DG,Glycerolipids,LipidSearch,Bronze,3
A15_149360,Bacillota,Bacteria,PG(15:0_17:0),PG,PG,Glycerophospholipids,LipidSearch,Gold,4
A15_125739,Bacillota,Bacteria,DAP(O-14:0_O-6:0),DAP,DAP,Glycerophospholipids,LipidSearch,Gold,4
A15_180352,Bacillota,Bacteria,DG(15:0_15:0),DG,DG,Glycerolipids,LipidSearch,Gold,4
A15_134622,Bacillota,Bacteria,DG(O-13:0_17:2),DG,DG,Glycerolipids,LipidSearch,Bronze,3
A15_164898,Bacillota,Bacteria,,,,,none,Unidentified,0
A15_116196,Bacillota,Bacteria,PG(13:0_15:0),PG,PG,Glycerophospholipids,LipidSearch,Gold,4
A15_84690,Bacillota,Bacteria,,Terpenoid,Terpenoid,Prenol lipids,MS2_diagnostic,Bronze,2
A15_192838,Bacillota,Bacteria,,,,,none,Unidentified,0
A15_143323,Bacillota,Bacteria,PE(16:1_14:0),PE,PE,Glycerophospholipids,LipidSearch,Gold,4
A15_222404,Bacillota,Bacteria,,,,,none,Unidentified,0
A15_122289,Pseudomonadota,Bacteria,,,,,none,Unidentified,0
A15_133116,Bacillota,Bacteria,PEt(17:3_15:0),PEt,PEt,Glycerophospholipids,LipidSearch,Bronze,3
A15_181266,Bacillota,Bacteria,,,,,none,Unidentified,0
A15_110791,Bacillota,Bacteria,WE(O-33:6),WE,WE,Fatty acyls,LipidSearch,Bronze,3
A15_148508,Bacillota,Bacteria,TG(34:4_4:0)+OO:(s),TG,TG,Glycerolipids,LipidSearch,Bronze,3
A15_133944,Heterolobosea,Protists,,PC/SM,PC/SM,Glycerophospholipids|Sphingolipids,MS2_diagnostic,Bronze,2
A15_173680,Bacillota,Bacteria,,,,,none,Unidentified,0
A15_136708,Bacillota,Bacteria,,,,,none,Unidentified,0
A15_106401,Bacillota,Bacteria,,,,,none,Unidentified,0
A15_147807,Bacillota,Bacteria,PG(P-15:2_18:1),PG,PG,Glycerophospholipids,LipidSearch,Bronze,3
A15_161929,Bacillota,Bacteria,,,,,none,Unidentified,0
A15_169302,Bacillota,Bacteria,,,,,none,Unidentified,0
A15_148409,Bacillota,Bacteria,,Ceramide,Ceramide,Sphingolipids,MS2_diagnostic,Bronze,2
A15_130088,Bacillota,Bacteria,,,,,none,Unidentified,0
A15_11632,Bacillota,Bacteria,,,,,none,Unidentified,0
A15_127012,Bacillota,Bacteria,BisMePA(29:2),BisMePA,BisMePA,Glycerophospholipids,LipidSearch,Bronze,3
A15_224714,Bacillota,Bacteria,TG(13:0_15:0_15:0),TG,TG,Glycerolipids,LipidSearch,Gold,4
A15_130746,Bacillota,Bacteria,DG(O-13:0_15:0),DG,DG,Glycerolipids,LipidSearch,Bronze,3
A15_144628,Discosea,Protists,PC(19:4_20:4),PC,PC,Glycerophospholipids,LipidSearch,Bronze,3
A15_208379,Bacillota,Bacteria,,,,,none,Unidentified,0
A15_166487,Bacillota,Bacteria,,,,,none,Unidentified,0
A15_OE11-3-POS_87963,Methanobacteriota,Archaea,MP(5:3),Archaeal_Lipid,Archaeal_Lipid,Archaeal lipids,ArchLips,Bronze,2
A15_OE26-1POS_15038,Methanobacteriota,Archaea,(3R)-3-hydroxy-8'-apo-beta-carotenol,Archaeal_Lipid,Archaeal_Lipid,Archaeal lipids,ArchLips,Bronze,2
A15_OE11-3-POS_103299,Methanobacteriota,Archaea,NGly-PGly-Archaeol(20:0_20:0),Archaeal_Lipid,Archaeal_Lipid,Archaeal lipids,ArchLips,Gold,4
A15_OE26-1POS_105948,Methanobacteriota,Archaea,2Me-PA-Archaeol(20:4(Me)_25:1),Archaeal_Lipid,Archaeal_Lipid,Archaeal lipids,ArchLips,Gold,4
A15_OE26-1POS_96715,Methanobacteriota,Archaea,BDTQ(6:5),Archaeal_Lipid,Archaeal_Lipid,Archaeal lipids,ArchLips,Bronze,2
A15_OE21-4-POS_227397,Methanobacteriota,Archaea,Archaeol(20:0_20:0),Archaeal_Lipid,Archaeal_Lipid,Archaeal lipids,ArchLips,Gold,4
A15_OE26-1POS_99606,Methanobacteriota,Archaea,,,,,none,Unidentified,0
A15_OE21-4-POS_141524,Methanobacteriota,Archaea,phytoene,Archaeal_Lipid,Archaeal_Lipid,Archaeal lipids,ArchLips,Gold,4
A15_OE21-4-POS_203620,Methanobacteriota,Archaea,Archaeol(20:1_20:1),Archaeal_Lipid,Archaeal_Lipid,Archaeal lipids,ArchLips,Gold,4
A15_OE11-3-POS_52320,Methanobacteriota,Archaea,,,,,none,Unidentified,0
A15_OE11-3-POS_94878,Methanobacteriota,Archaea,MP(5:2(OH)),Archaeal_Lipid,Archaeal_Lipid,Archaeal lipids,ArchLips,Silver,4
A15_OE21-4-POS_200570,Thermoproteota,Archaea,,,,,none,Unidentified,0
A15_OE26-1POS_107817,Methanobacteriota,Archaea,,,,,none,Unidentified,0
A15_OE11-3-POS_76060,Methanobacteriota,Archaea,MP(5:4),Archaeal_Lipid,Archaeal_Lipid,Archaeal lipids,ArchLips,Bronze,2
A15_OE11-3-POS_92295,Methanobacteriota,Archaea,MP(5:2(OH)),Archaeal_Lipid,Archaeal_Lipid,Archaeal lipids,ArchLips,Bronze,2
A15_OE26-1POS_95419,Methanobacteriota,Archaea,,,,,none,Unidentified,0
A15_OE26-1POS_100250,Methanobacteriota,Archaea,PG-Archaeol(20:3_25:0),Archaeal_Lipid,Archaeal_Lipid,Archaeal lipids,ArchLips,Bronze,2
A15_OE26-1POS_104122,Methanobacteriota,Archaea,2Me-PA-Archaeol(20:4(Me)_25:2),Archaeal_Lipid,Archaeal_Lipid,Archaeal lipids,ArchLips,Gold,4
A15_OE21-4-POS_192699,Thermoproteota,Archaea,CDP-Archaeol(20:0_20:0),Archaeal_Lipid,Archaeal_Lipid,Archaeal lipids,ArchLips,Bronze,2
A15_OE11-3-POS_92908,Methanobacteriota,Archaea,Sulfo-PG-Archaeol(20:2(Me)_25:5),Archaeal_Lipid,Archaeal_Lipid,Archaeal lipids,ArchLips,Bronze,2
A15_OE21-4-POS_207812,Thermoproteota,Archaea,,,,,none,Unidentified,0
A15_OE11-3-POS_60789,Methanobacteriota,Archaea,MP(5:4),Archaeal_Lipid,Archaeal_Lipid,Archaeal lipids,ArchLips,Bronze,2
A15_OE21-4-POS_224699,Methanobacteriota,Archaea,PA-Archaeol(20:0_20:1),Archaeal_Lipid,Archaeal_Lipid,Archaeal lipids,ArchLips,Gold,4
A15_OE11-3-POS_81050,Methanobacteriota,Archaea,NGly-PGly-Archaeol(20:3_20:4),Archaeal_Lipid,Archaeal_Lipid,Archaeal lipids,ArchLips,Bronze,2
A15_OE11-3-POS_103413,Methanobacteriota,Archaea,Archaeol(20:0(OH)_20:1),Archaeal_Lipid,Archaeal_Lipid,Archaeal lipids,ArchLips,Bronze,2
A15_OE21-4-POS_124178,Methanobacteriota,Archaea,CDP-Archaeol(20:4_20:4),Archaeal_Lipid,Archaeal_Lipid,Archaeal lipids,ArchLips,Bronze,2
A15_OE26-1POS_15099,Methanobacteriota,Archaea,,,,,none,Unidentified,0
A15_OE26-1POS_38011,Methanobacteriota,Archaea,,,,,none,Unidentified,0
A15_OE21-4-POS_215932,Methanobacteriota,Archaea,Archaeol(20:0_20:1),Archaeal_Lipid,Archaeal_Lipid,Archaeal lipids,ArchLips,Gold,4
A15_OE11-3-POS_19353,Methanobacteriota,Archaea,,,,,none,Unidentified,0
A15_OE26-1POS_99808,Methanobacteriota,Archaea,,,,,none,Unidentified,0
A15_OE11-3-POS_60957,Methanobacteriota,Archaea,MP(5:3(OH)),Archaeal_Lipid,Archaeal_Lipid,Archaeal lipids,ArchLips,Silver,4
A15_OE11-3-POS_72818,Methanobacteriota,Archaea,MP(5:1(OH)),Archaeal_Lipid,Archaeal_Lipid,Archaeal lipids,ArchLips,Silver,4
A15_OE21-4-POS_223971,Methanobacteriota,Archaea,PA-Archaeol(20:0_20:1),Archaeal_Lipid,Archaeal_Lipid,Archaeal lipids,ArchLips,Silver,4
A15_OE11-3-POS_99328,Methanobacteriota,Archaea,PE-Archaeol(20:0(OH)_20:0),Archaeal_Lipid,PA,Glycerophospholipids,ArchLips,Gold,4
A15_OE21-4-POS_193876,Thermoproteota,Archaea,,,,,none,Unidentified,0
A15_OE11-3-POS_104393,Methanobacteriota,Archaea,Archaeol(20:0_20:1),Archaeal_Lipid,Archaeal_Lipid,Archaeal lipids,ArchLips,Silver,4
A15_OE26-1POS_12162,Methanobacteriota,Archaea,MMK(5:4),Archaeal_Lipid,Archaeal_Lipid,Archaeal lipids,ArchLips,Bronze,2
A15_OE26-1POS_105693,Methanobacteriota,Archaea,2Me-PA-Archaeol(25:2(Me)_30:4(Me)),Archaeal_Lipid,Archaeal_Lipid,Archaeal lipids,ArchLips,Gold,4
A15_OE11-3-POS_90929,Methanobacteriota,Archaea,MP(5:4),Archaeal_Lipid,Archaeal_Lipid,Archaeal lipids,ArchLips,Bronze,2
A15_OE21-4-POS_217775,Methanobacteriota,Archaea,2OH-GDGT-0b,Archaeal_Lipid,Archaeal_Lipid,Archaeal lipids,ArchLips,Gold,4
A15_OE21-4-POS_170177,Methanobacteriota,Archaea,,,,,none,Unidentified,0
A15_OE11-3-POS_33542,Methanobacteriota,Archaea,PG-Archaeol(20:4(Me)_25:5(Me)),Archaeal_Lipid,Archaeal_Lipid,Archaeal lipids,ArchLips,Silver,4
A15_OE21-4-POS_109323,Methanobacteriota,Archaea,UQ(8:6),Archaeal_Lipid,Archaeal_Lipid,Archaeal lipids,ArchLips,Bronze,2
A15_OE11-3-POS_104490,Methanobacteriota,Archaea,Archaeol(20:0_20:1),Archaeal_Lipid,Archaeal_Lipid,Archaeal lipids,ArchLips,Gold,4
A15_OE11-3-POS_104493,Methanobacteriota,Archaea,Archaeol(20:0(OH)_20:0),Archaeal_Lipid,Archaeal_Lipid,Archaeal lipids,ArchLips,Silver,4
A15_OE11-3-POS_88216,Methanobacteriota,Archaea,NGly-PGly-Archaeol(20:2_20:4),Archaeal_Lipid,Archaeal_Lipid,Archaeal lipids,ArchLips,Gold,4
A15_OE11-3-POS_68555,Methanobacteriota,Archaea,MP(5:2(OH)),Archaeal_Lipid,Archaeal_Lipid,Archaeal lipids,ArchLips,Gold,4
A15_OE11-3-POS_70791,Methanobacteriota,Archaea,MP(5:2(OH)),Archaeal_Lipid,Archaeal_Lipid,Archaeal lipids,ArchLips,Gold,4
A15_OE11-3-POS_98815,Methanobacteriota,Archaea,PE-PGly-GTGT-0,Archaeal_Lipid,Archaeal_Lipid,Archaeal lipids,ArchLips,Bronze,2
A15_OE11-3-POS_75810,Methanobacteriota,Archaea,MP(5:2(OH)),Archaeal_Lipid,Archaeal_Lipid,Archaeal lipids,ArchLips,Bronze,2
A15_OE21-4-POS_62817,Methanobacteriota,Archaea,,,,,none,Unidentified,0
A15_OE11-3-POS_98362,Methanobacteriota,Archaea,NGly-PI-Archaeol(20:1_20:2),Archaeal_Lipid,Archaeal_Lipid,Archaeal lipids,ArchLips,Gold,4
A15_OE21-4-POS_224843,Methanobacteriota,Archaea,Archaeol(20:0_20:0),Archaeal_Lipid,Archaeal_Lipid,Archaeal lipids,ArchLips,Gold,4
A15_OE26-1POS_16039,Methanobacteriota,Archaea,,,,,none,Unidentified,0
A15_OE21-4-POS_209690,Methanobacteriota,Archaea,DeoxyGly-Archaeol(20:0(Me)_25:4),Archaeal_Lipid,Archaeal_Lipid,Archaeal lipids,ArchLips,Silver,4
A15_OE21-4-POS_183940,Methanobacteriota,Archaea,,,,,none,Unidentified,0
A15_OE21-4-POS_208063,Methanobacteriota,Archaea,Archaeol(20:1_20:1),Archaeal_Lipid,Archaeal_Lipid,Archaeal lipids,ArchLips,Gold,4
A15_OE26-1POS_49984,Methanobacteriota,Archaea,,,,,none,Unidentified,0
A15_OE11-3-POS_60360,Methanobacteriota,Archaea,,,,,none,Unidentified,0
A15_OE11-3-POS_72736,Methanobacteriota,Archaea,MP(5:3(OH)),Archaeal_Lipid,Archaeal_Lipid,Archaeal lipids,ArchLips,Silver,4
A15_OE11-3-POS_83186,Methanobacteriota,Archaea,,,,,none,Unidentified,0
A15_OE26-1POS_103437,Methanobacteriota,Archaea,,,,,none,Unidentified,0
A15_OE11-3-POS_67615,Methanobacteriota,Archaea,Gly-PI-Archaeol(20:4_20:4),Archaeal_Lipid,Archaeal_Lipid,Archaeal lipids,ArchLips,Silver,4
A15_OE11-3-POS_106752,Methanobacteriota,Archaea,MP(5:0),Archaeal_Lipid,Archaeal_Lipid,Archaeal lipids,ArchLips,Bronze,2
A15_OE21-4-POS_193959,Thermoproteota,Archaea,Sulfo-SQ-Archaeol(20:4_25:0),Archaeal_Lipid,Archaeal_Lipid,Archaeal lipids,ArchLips,Bronze,2
A15_OE26-1POS_97547,Methanobacteriota,Archaea,,,,,none,Unidentified,0
A15_OE26-1POS_101783,Methanobacteriota,Archaea,DeoxyGly-Archaeol(20:3_25:5),Archaeal_Lipid,Archaeal_Lipid,Archaeal lipids,ArchLips,Silver,4
A15_OE21-4-POS_203793,Methanobacteriota,Archaea,Archaeol(20:1_20:1),Archaeal_Lipid,Archaeal_Lipid,Archaeal lipids,ArchLips,Gold,4
A15_OE11-3-POS_96199,Methanobacteriota,Archaea,MP(5:3),Archaeal_Lipid,Archaeal_Lipid,Archaeal lipids,ArchLips,Bronze,2
A15_OE21-4-POS_229237,Thermoproteota,Archaea,DG(O-40:0),DG,DG,Glycerolipids,LipidSearch,Bronze,3
A15_OE11-3-POS_66331,Methanobacteriota,Archaea,MP(5:3),Archaeal_Lipid,Archaeal_Lipid,Archaeal lipids,ArchLips,Bronze,2
A15_OE11-3-POS_95576,Methanobacteriota,Archaea,APT-Archaeol(20:0_20:1),Archaeal_Lipid,Archaeal_Lipid,Archaeal lipids,ArchLips,Gold,4
A15_OE11-3-POS_67206,Methanobacteriota,Archaea,,,,,none,Unidentified,0
A15_OE11-3-POS_74239,Methanobacteriota,Archaea,MP(5:3(OH)),Archaeal_Lipid,Archaeal_Lipid,Archaeal lipids,ArchLips,Bronze,2
A15_OE21-4-POS_178742,Methanobacteriota,Archaea,PC(O-20:0_17:0),PC,PC,Glycerophospholipids,LipidSearch,Bronze,3
A15_OE26-1POS_20983,Methanobacteriota,Archaea,,,,,none,Unidentified,0
A15_OE11-3-POS_80507,Methanobacteriota,Archaea,PG-Archaeol(20:0(OH)_20:4),Archaeal_Lipid,Archaeal_Lipid,Archaeal lipids,ArchLips,Gold,4
A15_OE26-1POS_46290,Methanobacteriota,Archaea,,,,,none,Unidentified,0
A15_OE11-3-POS_82128,Methanobacteriota,Archaea,PI-Archaeol(20:0(OH)_20:3),Archaeal_Lipid,Archaeal_Lipid,Archaeal lipids,ArchLips,Silver,4
A15_OE26-1POS_105485,Methanobacteriota,Archaea,,,,,none,Unidentified,0
A15_OE11-3-POS_101711,Methanobacteriota,Archaea,,,,,none,Unidentified,0
A15_OE21-4-POS_190183,Thermoproteota,Archaea,,,,,none,Unidentified,0
A15_OE21-4-POS_10896,Methanobacteriota,Archaea,,,,,none,Unidentified,0
A15_OE21-4-POS_210259,Methanobacteriota,Archaea,PME-Archaeol(20:0(OH)_20:1),Archaeal_Lipid,Archaeal_Lipid,Archaeal lipids,ArchLips,Bronze,2
A15_OE21-4-POS_220729,Methanobacteriota,Archaea,2OH-GDGT-0b,Archaeal_Lipid,Archaeal_Lipid,Archaeal lipids,ArchLips,Silver,4
A15_OE21-4-POS_183893,Methanobacteriota,Archaea,2Me-PA-Archaeol(20:3_25:3),Archaeal_Lipid,Archaeal_Lipid,Archaeal lipids,ArchLips,Gold,4
A15_OE26-1POS_40413,Methanobacteriota,Archaea,"4,4'-diapo-zeta-carotene",Archaeal_Lipid,Archaeal_Lipid,Archaeal lipids,ArchLips,Gold,4
A15_OE11-3-POS_73352,Methanobacteriota,Archaea,NGly-PGly-Archaeol(20:4_20:4),Archaeal_Lipid,Archaeal_Lipid,Archaeal lipids,ArchLips,Bronze,2
A15_OE26-1POS_104150,Methanobacteriota,Archaea,,,,,none,Unidentified,0
A15_OE21-4-POS_90862,Methanobacteriota,Archaea,Gly-PS-Archaeol(20:0(Me)_25:1(Me)),Archaeal_Lipid,Archaeal_Lipid,Archaeal lipids,ArchLips,Bronze,2
A15_OE21-4-POS_229782,Methanobacteriota,Archaea,AC-Archaeol(20:0(Me)_20:1(Me)),Archaeal_Lipid,Archaeal_Lipid,Archaeal lipids,ArchLips,Gold,4
A15_OE26-1POS_103168,Methanobacteriota,Archaea,,,,,none,Unidentified,0
A15_OE11-3-POS_60243,Methanobacteriota,Archaea,TG(3:0_26:3_26:3),TG,TG,Glycerolipids,LipidSearch,Bronze,3
A15_OE11-3-POS_92599,Methanobacteriota,Archaea,Ac-2Gly-Archaeol(20:4(Me)_25:5),Archaeal_Lipid,Archaeal_Lipid,Archaeal lipids,ArchLips,Gold,4
A15_OE26-1POS_13668,Methanobacteriota,Archaea,,,,,none,Unidentified,0
A15_OE26-1POS_100449,Methanobacteriota,Archaea,PG-Archaeol(20:0(Me)_20:1(Me)),Archaeal_Lipid,Archaeal_Lipid,Archaeal lipids,ArchLips,Bronze,2
A15_OE21-4-POS_172867,Thermoproteota,Archaea,2Gly-Archaeol(20:0(OH)_20:0),Archaeal_Lipid,Archaeal_Lipid,Archaeal lipids,ArchLips,Bronze,2
A15_OE21-4-POS_187076,Thermoproteota,Archaea,Archaeol(20:1_20:1),Archaeal_Lipid,Archaeal_Lipid,Archaeal lipids,ArchLips,Gold,4
A15_OE21-4-POS_214854,Methanobacteriota,Archaea,DG(O-20:0_20:0),DG,DG,Glycerolipids,LipidSearch,Gold,4
A15_OE26-1POS_4419,Methanobacteriota,Archaea,,,,,none,Unidentified,0
A15_OE21-4-POS_227557,Methanobacteriota,Archaea,Archaeol(20:0_20:1),Archaeal_Lipid,Archaeal_Lipid,Archaeal lipids,ArchLips,Gold,4
A15_OE21-4-POS_88914,Methanobacteriota,Archaea,,,,,none,Unidentified,0
A15_OE26-1POS_14859,Methanobacteriota,Archaea,,,,,none,Unidentified,0
A15_OE26-1POS_105689,Methanobacteriota,Archaea,,,,,none,Unidentified,0
A15_OE26-1POS_7147,Methanobacteriota,Archaea,,,,,none,Unidentified,0
A15_OE21-4-POS_216013,Methanobacteriota,Archaea,,,,,none,Unidentified,0
A15_OE26-1POS_61305,Methanobacteriota,Archaea,,,,,none,Unidentified,0
A15_OE21-4-POS_205234,Thermoproteota,Archaea,Archaeol(20:0_20:1),Archaeal_Lipid,Archaeal_Lipid,Archaeal lipids,ArchLips,Silver,4
A15_OE21-4-POS_176045,Methanobacteriota,Archaea,,,,,none,Unidentified,0
A15_OE26-1POS_98729,Methanobacteriota,Archaea,BDTQ(10:5),Archaeal_Lipid,Archaeal_Lipid,Archaeal lipids,ArchLips,Bronze,2
A15_OE26-1POS_12470,Methanobacteriota,Archaea,,,,,none,Unidentified,0
A15_OE11-3-POS_99018,Methanobacteriota,Archaea,Gly-PG-Di-uns-Homo-Me-GDGT-0,Archaeal_Lipid,Archaeal_Lipid,Archaeal lipids,ArchLips,Gold,4
A15_OE26-1POS_17903,Methanobacteriota,Archaea,,,,,none,Unidentified,0
A15_OE26-1POS_51701,Methanobacteriota,Archaea,PnE-Archaeol(20:3_25:5),Archaeal_Lipid,Archaeal_Lipid,Archaeal lipids,ArchLips,Bronze,2
A15_OE26-1POS_97781,Methanobacteriota,Archaea,,,,,none,Unidentified,0
A15_OE21-4-POS_133857,Thermoproteota,Archaea,,,,,none,Unidentified,0
A15_OE21-4-POS_209288,Methanobacteriota,Archaea,,,,,none,Unidentified,0
A15_OE26-1POS_34854,Methanobacteriota,Archaea,,,,,none,Unidentified,0
A15_OE11-3-POS_94025,Methanobacteriota,Archaea,PS-Archaeol(20:0(OH)_20:1),Archaeal_Lipid,Archaeal_Lipid,Archaeal lipids,ArchLips,Gold,4
A15_OE21-4-POS_139485,Methanobacteriota,Archaea,phytoene,Archaeal_Lipid,Archaeal_Lipid,Archaeal lipids,ArchLips,Bronze,2
A15_OE21-4-POS_187991,Thermoproteota,Archaea,phytoene,Archaeal_Lipid,Archaeal_Lipid,Archaeal lipids,ArchLips,Gold,4
A15_OE21-4-POS_224122,Methanobacteriota,Archaea,,,,,none,Unidentified,0
A15_OE26-1POS_40414,Methanobacteriota,Archaea,"4,4'-diapo-zeta-carotene",Archaeal_Lipid,Archaeal_Lipid,Archaeal lipids,ArchLips,Gold,4
A15_OE26-1POS_106037,Methanobacteriota,Archaea,AC-Archaeol(25:4_25:5),Archaeal_Lipid,Archaeal_Lipid,Archaeal lipids,ArchLips,Silver,4
A15_OE21-4-POS_231309,Methanobacteriota,Archaea,Archaeol(20:0_20:0),Archaeal_Lipid,Archaeal_Lipid,Archaeal lipids,ArchLips,Gold,4
A15_OE21-4-POS_215244,Methanobacteriota,Archaea,MeO-Archaeol(20:2_20:4),Archaeal_Lipid,Archaeal_Lipid,Archaeal lipids,ArchLips,Silver,4
A15_OE26-1POS_98725,Methanobacteriota,Archaea,PA-Archaeol(20:0(Me)_20:1),Archaeal_Lipid,Archaeal_Lipid,Archaeal lipids,ArchLips,Gold,4
A15_OE21-4-POS_83452,Methanobacteriota,Archaea,zeta-carotene,Archaeal_Lipid,Archaeal_Lipid,Archaeal lipids,ArchLips,Bronze,2
A15_OE26-1POS_31155,Methanobacteriota,Archaea,,,,,none,Unidentified,0
A15_OE26-1POS_14788,Methanobacteriota,Archaea,DMK(4:1(OH)),Archaeal_Lipid,Archaeal_Lipid,Archaeal lipids,ArchLips,Bronze,2
A15_OE26-1POS_40154,Methanobacteriota,Archaea,,,,,none,Unidentified,0
A15_OE21-4-POS_87008,Methanobacteriota,Archaea,,,,,none,Unidentified,0
A15_OE11-3-POS_109632,Methanobacteriota,Archaea,,,,,none,Unidentified,0
A15_OE26-1POS_93432,Methanobacteriota,Archaea,PA-Archaeol(20:0_20:1),Archaeal_Lipid,Archaeal_Lipid,Archaeal lipids,ArchLips,Silver,4
A15_OE26-1POS_102271,Methanobacteriota,Archaea,SQ-AHH-Archaeol(20:0_20:2),Archaeal_Lipid,Archaeal_Lipid,Archaeal lipids,ArchLips,Bronze,2
A15_OE26-1POS_105387,Methanobacteriota,Archaea,AC-Archaeol(25:5_25:5),Archaeal_Lipid,Archaeal_Lipid,Archaeal lipids,ArchLips,Gold,4
A15_OE21-4-POS_187852,Thermoproteota,Archaea,,,,,none,Unidentified,0
A15_OE26-1POS_37732,Methanobacteriota,Archaea,,,,,none,Unidentified,0
A15_OE26-1POS_104149,Methanobacteriota,Archaea,,,,,none,Unidentified,0
A15_OE11-3-POS_96021,Methanobacteriota,Archaea,PG-(PGly-)Mono-uns-Homo-3Me-GDGT-0,Archaeal_Lipid,Archaeal_Lipid,Archaeal lipids,ArchLips,Bronze,2
A15_OE26-1POS_17070,Methanobacteriota,Archaea,2Gly-Archaeol(20:3_20:4),Archaeal_Lipid,Archaeal_Lipid,Archaeal lipids,ArchLips,Bronze,2
A15_OE26-1POS_36856,Methanobacteriota,Archaea,PPA-Archaeol(25:5(Me)_30:4),Archaeal_Lipid,Archaeal_Lipid,Archaeal lipids,ArchLips,Bronze,2
A15_OE11-3-POS_106365,Methanobacteriota,Archaea,,,,,none,Unidentified,0
A15_OE11-3-POS_21275,Methanobacteriota,Archaea,,,,,none,Unidentified,0
A15_OE26-1POS_91986,Methanobacteriota,Archaea,AC-Archaeol(20:4(Me)_25:5(Me)),Archaeal_Lipid,Archaeal_Lipid,Archaeal lipids,ArchLips,Bronze,2
A15_OE11-3-POS_97237,Methanobacteriota,Archaea,NGly-PI-Archaeol(20:4_25:3),Archaeal_Lipid,Archaeal_Lipid,Archaeal lipids,ArchLips,Bronze,2
A15_OE26-1POS_44428,Methanobacteriota,Archaea,,,,,none,Unidentified,0
A15_OE26-1POS_19689,Methanobacteriota,Archaea,"4,4'-diapo-zeta-carotene",Archaeal_Lipid,Archaeal_Lipid,Archaeal lipids,ArchLips,Silver,4
A15_OE11-3-POS_100061,Methanobacteriota,Archaea,2Gly-(PA-)Homo-2Me-GDGT-0,Archaeal_Lipid,Archaeal_Lipid,Archaeal lipids,ArchLips,Bronze,2
A15_OE26-1POS_34494,Methanobacteriota,Archaea,,,,,none,Unidentified,0
A15_OE26-1POS_18700,Methanobacteriota,Archaea,,,,,none,Unidentified,0
A15_OE11-3-POS_70707,Methanobacteriota,Archaea,DG(11:0_20:5),DG,DG,Glycerolipids,LipidSearch,Bronze,3
A15_OE21-4-POS_228271,Methanobacteriota,Archaea,Archaeol(20:0_20:0),Archaeal_Lipid,Archaeal_Lipid,Archaeal lipids,ArchLips,Gold,4
A15_OE26-1POS_90584,Methanobacteriota,Archaea,PG-Archaeol(20:0(Me)_20:1),Archaeal_Lipid,Archaeal_Lipid,Archaeal lipids,ArchLips,Bronze,2
A15_OE11-3-POS_95581,Methanobacteriota,Archaea,NAcGly-(PE-)Hexa-uns-Homo-Me-GDGT-0,Archaeal_Lipid,Archaeal_Lipid,Archaeal lipids,ArchLips,Gold,4
A15_OE26-1POS_106461,Methanobacteriota,Archaea,2Me-PA-Archaeol(20:3(Me)_25:1),Archaeal_Lipid,Archaeal_Lipid,Archaeal lipids,ArchLips,Gold,4
A15_OE21-4-POS_207894,Methanobacteriota,Archaea,AC-Archaeol(25:5(Me)_25:5),Archaeal_Lipid,Archaeal_Lipid,Archaeal lipids,ArchLips,Silver,4
A15_OE11-3-POS_102175,Methanobacteriota,Archaea,TG(18:2_16:3_18:3),TG,TG,Glycerolipids,LipidSearch,Gold,4
A15_OE21-4-POS_205048,Methanobacteriota,Archaea,Archaeol(20:0_20:1),Archaeal_Lipid,Archaeal_Lipid,Archaeal lipids,ArchLips,Gold,4
A15_OE11-3-POS_109666,Methanobacteriota,Archaea,,,,,none,Unidentified,0
A15_OE21-4-POS_231925,Thermoproteota,Archaea,,,,,none,Unidentified,0
A15_OE21-4-POS_208483,Methanobacteriota,Archaea,,,,,none,Unidentified,0
A15_OE26-1POS_91610,Methanobacteriota,Archaea,PIP-Archaeol(20:0(Me)_20:0),Archaeal_Lipid,Archaeal_Lipid,Archaeal lipids,ArchLips,Bronze,2
A15_OE21-4-POS_222216,Methanobacteriota,Archaea,,,,,none,Unidentified,0
A15_OE21-4-POS_233441,Methanobacteriota,Archaea,Archaeol(20:0_20:0),Archaeal_Lipid,Archaeal_Lipid,Archaeal lipids,ArchLips,Gold,4
A15_OE21-4-POS_203470,Methanobacteriota,Archaea,GluA-Archaeol(20:0_20:0),Archaeal_Lipid,Archaeal_Lipid,Archaeal lipids,ArchLips,Silver,4
A15_OE26-1POS_97844,Methanobacteriota,Archaea,Sulfo-Gly-Archaeol(20:1(Me)_20:2(Me)),Archaeal_Lipid,Archaeal_Lipid,Archaeal lipids,ArchLips,Gold,4
A15_OE26-1POS_39489,Methanobacteriota,Archaea,,,,,none,Unidentified,0
A15_OE21-4-POS_218196,Methanobacteriota,Archaea,,,,,none,Unidentified,0
A15_OE26-1POS_43770,Methanobacteriota,Archaea,PE-Archaeol(20:3_25:5),Archaeal_Lipid,Archaeal_Lipid,Archaeal lipids,ArchLips,Gold,4
A15_OE26-1POS_89125,Methanobacteriota,Archaea,APT-Archaeol(20:0(Me)_20:0),Archaeal_Lipid,Archaeal_Lipid,Archaeal lipids,ArchLips,Bronze,2
A15_OE26-1POS_22818,Methanobacteriota,Archaea,LPC(O-20:0),LPC,LPC,Glycerophospholipids,LipidSearch,Bronze,3
A15_OE21-4-POS_210099,Methanobacteriota,Archaea,,,,,none,Unidentified,0
A15_OE21-4-POS_213335,Methanobacteriota,Archaea,Archaeol(20:0_20:1),Archaeal_Lipid,Archaeal_Lipid,Archaeal lipids,ArchLips,Gold,4
A15_OE21-4-POS_229238,Thermoproteota,Archaea,,,,,none,Unidentified,0
A15_OE11-3-POS_7745,Methanobacteriota,Archaea,,,,,none,Unidentified,0
A15_OE26-1POS_110195,Methanobacteriota,Archaea,NGly-Archaeol(20:1_20:2),Archaeal_Lipid,Archaeal_Lipid,Archaeal lipids,ArchLips,Gold,4
A15_OE21-4-POS_205314,Methanobacteriota,Archaea,Gly-Archaeol(20:0(OH)_20:0),Archaeal_Lipid,Archaeal_Lipid,Archaeal lipids,ArchLips,Gold,4
A15_OE21-4-POS_205833,Methanobacteriota,Archaea,,,,,none,Unidentified,0
A15_OE21-4-POS_210226,Methanobacteriota,Archaea,Gly-Archaeol(20:0(OH)_20:0),Archaeal_Lipid,Archaeal_Lipid,Archaeal lipids,ArchLips,Bronze,2
A15_OE26-1POS_98130,Methanobacteriota,Archaea,Gly-PS-Archaeol(20:0_20:3),Archaeal_Lipid,Archaeal_Lipid,Archaeal lipids,ArchLips,Gold,4
A15_OE21-4-POS_209226,Methanobacteriota,Archaea,2Me-PA-Archaeol(20:1(Me)_25:4),Archaeal_Lipid,Archaeal_Lipid,Archaeal lipids,ArchLips,Silver,4
A15_OE26-1POS_106103,Methanobacteriota,Archaea,PG-Archaeol(20:1_20:4),Archaeal_Lipid,PC,Glycerophospholipids,ArchLips,Gold,4
A15_OE26-1POS_38686,Methanobacteriota,Archaea,,,,,none,Unidentified,0
A15_OE21-4-POS_200188,Methanobacteriota,Archaea,MTK(11:11),Archaeal_Lipid,Archaeal_Lipid,Archaeal lipids,ArchLips,Bronze,2
A15_OE26-1POS_39620,Methanobacteriota,Archaea,WE(O-36:8),WE,WE,Fatty acyls,LipidSearch,Bronze,3
A15_OE11-3-POS_97542,Methanobacteriota,Archaea,Gly-PGly-GTGT-2b,Archaeal_Lipid,Archaeal_Lipid,Archaeal lipids,ArchLips,Bronze,2
A15_OE26-1POS_103153,Methanobacteriota,Archaea,,,,,none,Unidentified,0
A15_OE11-3-POS_97399,Methanobacteriota,Archaea,,,,,none,Unidentified,0
A15_OE21-4-POS_220854,Methanobacteriota,Archaea,AC-Archaeol(20:0(Me)_20:1),Archaeal_Lipid,Archaeal_Lipid,Archaeal lipids,ArchLips,Bronze,2
A15_OE26-1POS_28369,Methanobacteriota,Archaea,,,,,none,Unidentified,0
A15_OE26-1POS_97481,Methanobacteriota,Archaea,,,,,none,Unidentified,0
A15_OE26-1POS_95932,Methanobacteriota,Archaea,,,,,none,Unidentified,0
A15_OE26-1POS_105947,Methanobacteriota,Archaea,PA-Archaeol(20:1(Me)_25:1),Archaeal_Lipid,Archaeal_Lipid,Archaeal lipids,ArchLips,Silver,4
A15_OE26-1POS_8457,Methanobacteriota,Archaea,,,,,none,Unidentified,0
A15_OE26-1POS_101745,Methanobacteriota,Archaea,Hp-Archaeol(20:3(Me)_20:4(Me)),Archaeal_Lipid,Archaeal_Lipid,Archaeal lipids,ArchLips,Bronze,2
A15_OE26-1POS_103675,Methanobacteriota,Archaea,,,,,none,Unidentified,0
A15_OE26-1POS_96174,Methanobacteriota,Archaea,,,,,none,Unidentified,0
A15_OE26-1POS_106453,Methanobacteriota,Archaea,,,,,none,Unidentified,0
A15_OE26-1POS_102409,Methanobacteriota,Archaea,,,,,none,Unidentified,0
A15_OE26-1POS_96140,Methanobacteriota,Archaea,,,,,none,Unidentified,0
A15_OE21-4-POS_225789,Methanobacteriota,Archaea,,,,,none,Unidentified,0
A15_OE26-1POS_101034,Methanobacteriota,Archaea,Gly-PS-Archaeol(20:0_20:2),Archaeal_Lipid,Archaeal_Lipid,Archaeal lipids,ArchLips,Silver,4
A15_OE26-1POS_101215,Methanobacteriota,Archaea,GluA-Archaeol(20:3_25:5),Archaeal_Lipid,Archaeal_Lipid,Archaeal lipids,ArchLips,Gold,4
A15_OE26-1POS_103754,Methanobacteriota,Archaea,GluA-Gly-Archaeol(20:1_25:0),Archaeal_Lipid,Archaeal_Lipid,Archaeal lipids,ArchLips,Bronze,2
A15_OE21-4-POS_227322,Methanobacteriota,Archaea,,,,,none,Unidentified,0
A15_OE26-1POS_104847,Methanobacteriota,Archaea,PnE-Archaeol(25:5(Me)_30:5(Me)),Archaeal_Lipid,Archaeal_Lipid,Archaeal lipids,ArchLips,Gold,4
A15_OE11-3-POS_99460,Methanobacteriota,Archaea,Sulfo-Gly-PDGT-2a,Archaeal_Lipid,Archaeal_Lipid,Archaeal lipids,ArchLips,Gold,4
A15_OE21-4-POS_216811,Thermoproteota,Archaea,,,,,none,Unidentified,0
A15_OE26-1POS_38371,Methanobacteriota,Archaea,PE-Archaeol(20:4_25:4),Archaeal_Lipid,Archaeal_Lipid,Archaeal lipids,ArchLips,Silver,4
A15_OE26-1POS_4280,Methanobacteriota,Archaea,spirilloxanthin,Archaeal_Lipid,Archaeal_Lipid,Archaeal lipids,ArchLips,Gold,4
A15_OE26-1POS_33225,Methanobacteriota,Archaea,,,,,none,Unidentified,0
A15_OE26-1POS_84467,Methanobacteriota,Archaea,,,,,none,Unidentified,0
A15_OE21-4-POS_231643,Methanobacteriota,Archaea,MeO-Archaeol(20:0_20:1),Archaeal_Lipid,Archaeal_Lipid,Archaeal lipids,ArchLips,Gold,4
A15_OE21-4-POS_205755,Thermoproteota,Archaea,Archaeol(20:0(OH)_20:0),Archaeal_Lipid,Archaeal_Lipid,Archaeal lipids,ArchLips,Silver,4
A15_OE21-4-POS_223057,Methanobacteriota,Archaea,2Me-PA-Archaeol(20:0_25:2),Archaeal_Lipid,Archaeal_Lipid,Archaeal lipids,ArchLips,Gold,4
A15_OE21-4-POS_211563,Methanobacteriota,Archaea,2Me-PA-Archaeol(20:4(Me)_25:0),Archaeal_Lipid,Archaeal_Lipid,Archaeal lipids,ArchLips,Bronze,2
A15_OE26-1POS_38593,Methanobacteriota,Archaea,WE(O-36:8),WE,WE,Fatty acyls,LipidSearch,Bronze,3
A15_OE21-4-POS_219060,Methanobacteriota,Archaea,MeO-(MeO-)Homo-2Me-GDGT-1,Archaeal_Lipid,Archaeal_Lipid,Archaeal lipids,ArchLips,Gold,4
A15_OE26-1POS_101747,Methanobacteriota,Archaea,Hp-Archaeol(20:0(Me)_20:4(Me)),Archaeal_Lipid,Archaeal_Lipid,Archaeal lipids,ArchLips,Silver,4
A15_OE11-3-POS_93563,Methanobacteriota,Archaea,Gly-PS-Archaeol(20:3(Me)_25:5),Archaeal_Lipid,Archaeal_Lipid,Archaeal lipids,ArchLips,Bronze,2
A15_OE11-3-POS_21185,Methanobacteriota,Archaea,,,,,none,Unidentified,0
A15_OE26-1POS_40159,Methanobacteriota,Archaea,"N,N,N-3Me-APT-Archaeol(20:3_25:5)",Archaeal_Lipid,Archaeal_Lipid,Archaeal lipids,ArchLips,Gold,4
A15_OE21-4-POS_227841,Thermoproteota,Archaea,MeO-Archaeol(20:1(Me)_20:4),Archaeal_Lipid,Archaeal_Lipid,Archaeal lipids,ArchLips,Silver,4
A15_OE11-3-POS_97700,Methanobacteriota,Archaea,Sulfo-2Gly-Homo-Me-GMGT-0,Archaeal_Lipid,Archaeal_Lipid,Archaeal lipids,ArchLips,Gold,4
A15_OE11-3-POS_105105,Methanobacteriota,Archaea,APT-Archaeol(20:2_20:2),Archaeal_Lipid,Archaeal_Lipid,Archaeal lipids,ArchLips,Gold,4
A15_OE11-3-POS_98823,Methanobacteriota,Archaea,,,,,none,Unidentified,0
A15_OE11-3-POS_100429,Methanobacteriota,Archaea,SQ-Gly-Archaeol(20:0(Me)_20:1),Archaeal_Lipid,Archaeal_Lipid,Archaeal lipids,ArchLips,Gold,4
A15_OE26-1POS_82432,Methanobacteriota,Archaea,,,,,none,Unidentified,0
A15_OE26-1POS_99886,Methanobacteriota,Archaea,,,,,none,Unidentified,0
A15_OE21-4-POS_204800,Methanobacteriota,Archaea,NAcGly-PGly-BDGT-3b,Archaeal_Lipid,Archaeal_Lipid,Archaeal lipids,ArchLips,Bronze,2
A15_OE26-1POS_97429,Methanobacteriota,Archaea,,,,,none,Unidentified,0
A15_OE26-1POS_104832,Methanobacteriota,Archaea,PC-Archaeol(20:0(Me)_20:1),Archaeal_Lipid,Archaeal_Lipid,Archaeal lipids,ArchLips,Gold,4
A15_OE26-1POS_106590,Methanobacteriota,Archaea,PC-Archaeol(20:0(Me)_20:0),Archaeal_Lipid,Archaeal_Lipid,Archaeal lipids,ArchLips,Gold,4
A15_OE26-1POS_88066,Methanobacteriota,Archaea,,,,,none,Unidentified,0
A15_OE21-4-POS_213960,Methanobacteriota,Archaea,,,,,none,Unidentified,0
A15_OE21-4-POS_8490,Methanobacteriota,Archaea,,,,,none,Unidentified,0
A15_OE26-1POS_92758,Methanobacteriota,Archaea,,,,,none,Unidentified,0
A15_OE26-1POS_106472,Methanobacteriota,Archaea,2Me-PA-Archaeol(20:0(Me)_25:1),Archaeal_Lipid,Archaeal_Lipid,Archaeal lipids,ArchLips,Gold,4
A15_OE21-4-POS_232461,Thermoproteota,Archaea,,,,,none,Unidentified,0
A15_OE26-1POS_37994,Methanobacteriota,Archaea,APT-Archaeol(20:3(Me)_25:5(Me)),Archaeal_Lipid,Archaeal_Lipid,Archaeal lipids,ArchLips,Gold,4
A15_OE21-4-POS_192213,Methanobacteriota,Archaea,NAcGly-P-Archaeol(20:1(Me)_20:4(Me)),Archaeal_Lipid,Archaeal_Lipid,Archaeal lipids,ArchLips,Bronze,2
A15_OE26-1POS_17988,Methanobacteriota,Archaea,N-Me-APT-Archaeol(20:4(Me)_20:4(Me)),Archaeal_Lipid,Archaeal_Lipid,Archaeal lipids,ArchLips,Bronze,2
A15_OE26-1POS_106364,Methanobacteriota,Archaea,MeO-Archaeol(25:5(Me)_25:5(Me)),Archaeal_Lipid,Archaeal_Lipid,Archaeal lipids,ArchLips,Bronze,2
A15_OE26-1POS_39304,Methanobacteriota,Archaea,,,,,none,Unidentified,0
A15_OE26-1POS_46187,Methanobacteriota,Archaea,,,,,none,Unidentified,0
A15_OE26-1POS_52584,Methanobacteriota,Archaea,SQ-Archaeol(20:0_25:3),Archaeal_Lipid,Archaeal_Lipid,Archaeal lipids,ArchLips,Bronze,2
A15_OE11-3-POS_104494,Methanobacteriota,Archaea,,,,,none,Unidentified,0
A15_OE21-4-POS_220649,Methanobacteriota,Archaea,,,,,none,Unidentified,0
A15_OE26-1POS_106473,Methanobacteriota,Archaea,2Me-PA-Archaeol(20:0(Me)_25:1(Me)),Archaeal_Lipid,Archaeal_Lipid,Archaeal lipids,ArchLips,Gold,4
A15_OE26-1POS_90670,Methanobacteriota,Archaea,GluA-Archaeol(20:3_20:3),Archaeal_Lipid,Archaeal_Lipid,Archaeal lipids,ArchLips,Gold,4
A15_OE26-1POS_34975,Methanobacteriota,Archaea,,,,,none,Unidentified,0
A15_OE26-1POS_76968,Methanobacteriota,Archaea,Sulfo-PG-Archaeol(20:4(Me)_25:1),Archaeal_Lipid,Archaeal_Lipid,Archaeal lipids,ArchLips,Gold,4
A15_OE26-1POS_103781,Methanobacteriota,Archaea,Gly-PS-Archaeol(20:0_20:0),Archaeal_Lipid,Archaeal_Lipid,Archaeal lipids,ArchLips,Gold,4
A15_OE26-1POS_105903,Methanobacteriota,Archaea,PA-Archaeol(20:1(Me)_25:1),Archaeal_Lipid,Archaeal_Lipid,Archaeal lipids,ArchLips,Gold,4
A15_OE21-4-POS_189924,Thermoproteota,Archaea,,,,,none,Unidentified,0
A15_OE26-1POS_2459,Methanobacteriota,Archaea,,,,,none,Unidentified,0
A15_OE21-4-POS_193244,Thermoproteota,Archaea,PG-Archaeol(20:1_20:2),Archaeal_Lipid,Archaeal_Lipid,Archaeal lipids,ArchLips,Bronze,2
A15_OE21-4-POS_109460,Methanobacteriota,Archaea,MeO-Archaeol(20:1(Me)_25:5(Me)),Archaeal_Lipid,Archaeal_Lipid,Archaeal lipids,ArchLips,Silver,4
A15_OE21-4-POS_214253,Thermoproteota,Archaea,,,,,none,Unidentified,0
A15_OE21-4-POS_218855,Methanobacteriota,Archaea,MeO-Homo-3Me-GDGT-0,Archaeal_Lipid,Archaeal_Lipid,Archaeal lipids,ArchLips,Gold,4
A15_OE21-4-POS_214698,Thermoproteota,Archaea,N-Me-APT-Me-Archaeol(20:0(Me)_20:1),Archaeal_Lipid,Archaeal_Lipid,Archaeal lipids,ArchLips,Bronze,2
A15_OE26-1POS_101361,Methanobacteriota,Archaea,,,,,none,Unidentified,0
A15_OE11-3-POS_69553,Methanobacteriota,Archaea,,,,,none,Unidentified,0
A15_OE21-4-POS_228368,Methanobacteriota,Archaea,,,,,none,Unidentified,0
A15_OE26-1POS_102193,Methanobacteriota,Archaea,,,,,none,Unidentified,0
A15_OE21-4-POS_196277,Methanobacteriota,Archaea,,,,,none,Unidentified,0
A15_OE26-1POS_99804,Methanobacteriota,Archaea,AC-Archaeol(25:5(Me)_25:5),Archaeal_Lipid,Archaeal_Lipid,Archaeal lipids,ArchLips,Gold,4
A15_OE26-1POS_46907,Methanobacteriota,Archaea,,,,,none,Unidentified,0
A15_OE21-4-POS_216215,Thermoproteota,Archaea,,,,,none,Unidentified,0
A15_OE21-4-POS_130982,Thermoproteota,Archaea,,,,,none,Unidentified,0
A15_OE26-1POS_38624,Methanobacteriota,Archaea,PG-Archaeol(20:4(Me)_25:5(Me)),Archaeal_Lipid,Archaeal_Lipid,Archaeal lipids,ArchLips,Silver,4
A15_OE21-4-POS_213959,Methanobacteriota,Archaea,DMK(8:0),Archaeal_Lipid,Archaeal_Lipid,Archaeal lipids,ArchLips,Bronze,2
A15_OE26-1POS_8209,Methanobacteriota,Archaea,,,,,none,Unidentified,0
A15_OE26-1POS_105889,Methanobacteriota,Archaea,PA-Archaeol(20:1(Me)_25:1(Me)),Archaeal_Lipid,Archaeal_Lipid,Archaeal lipids,ArchLips,Gold,4
A15_OE21-4-POS_109646,Methanobacteriota,Archaea,AC-Archaeol(20:1(Me)_25:3),Archaeal_Lipid,Archaeal_Lipid,Archaeal lipids,ArchLips,Silver,4
A15_OE26-1POS_105557,Methanobacteriota,Archaea,PC-Archaeol(20:1(Me)_20:0),Archaeal_Lipid,Archaeal_Lipid,Archaeal lipids,ArchLips,Gold,4
A15_OE11-3-POS_95247,Methanobacteriota,Archaea,GluA-(PG-)Di-uns-Homo-2Me-GDGT-1,Archaeal_Lipid,Archaeal_Lipid,Archaeal lipids,ArchLips,Bronze,2
A15_OE26-1POS_24013,Methanobacteriota,Archaea,,,,,none,Unidentified,0
A15_OE26-1POS_106429,Methanobacteriota,Archaea,MeO-Archaeol(25:5(Me)_25:5(Me)),Archaeal_Lipid,Archaeal_Lipid,Archaeal lipids,ArchLips,Silver,4
A15_OE21-4-POS_231621,Methanobacteriota,Archaea,,,,,none,Unidentified,0
A15_OE26-1POS_94365,Methanobacteriota,Archaea,,,,,none,Unidentified,0
A15_OE21-4-POS_208482,Thermoproteota,Archaea,Archaeol(20:0(OH)_20:0),Archaeal_Lipid,Archaeal_Lipid,Archaeal lipids,ArchLips,Bronze,2
A15_OE26-1POS_6243,Methanobacteriota,Archaea,,,,,none,Unidentified,0
A15_OE21-4-POS_166675,Thermoproteota,Archaea,Me-PGP-Archaeol(20:2(Me)_25:5(Me)),Archaeal_Lipid,Archaeal_Lipid,Archaeal lipids,ArchLips,Bronze,2
A15_OE26-1POS_104209,Methanobacteriota,Archaea,Gly-PS-Archaeol(20:0_20:0),Archaeal_Lipid,Archaeal_Lipid,Archaeal lipids,ArchLips,Gold,4
A15_OE26-1POS_109221,Methanobacteriota,Archaea,AC-Archaeol(20:0(Me)_20:0),Archaeal_Lipid,Archaeal_Lipid,Archaeal lipids,ArchLips,Gold,4
A15_OE26-1POS_101899,Methanobacteriota,Archaea,GluA-Archaeol(20:4(Me)_25:1),Archaeal_Lipid,Archaeal_Lipid,Archaeal lipids,ArchLips,Gold,4
A15_OE26-1POS_106471,Methanobacteriota,Archaea,PE-Archaeol(20:0_25:0),Archaeal_Lipid,Archaeal_Lipid,Archaeal lipids,ArchLips,Gold,4
A15_OE26-1POS_19818,Methanobacteriota,Archaea,,,,,none,Unidentified,0
A15_OE26-1POS_20615,Methanobacteriota,Archaea,,,,,none,Unidentified,0
A15_OE26-1POS_101837,Methanobacteriota,Archaea,NAcGly-Archaeol(20:0(Me)_20:2),Archaeal_Lipid,Archaeal_Lipid,Archaeal lipids,ArchLips,Gold,4
A15_OE26-1POS_107907,Methanobacteriota,Archaea,AC-Archaeol(20:0(Me)_20:1),Archaeal_Lipid,Archaeal_Lipid,Archaeal lipids,ArchLips,Silver,4
A15_OE26-1POS_105905,Methanobacteriota,Archaea,AC-Archaeol(25:3(Me)_25:5),Archaeal_Lipid,Archaeal_Lipid,Archaeal lipids,ArchLips,Gold,4
A15_OE26-1POS_109240,Methanobacteriota,Archaea,AC-Archaeol(20:0_20:0),Archaeal_Lipid,Archaeal_Lipid,Archaeal lipids,ArchLips,Gold,4
A15_OE26-1POS_104210,Methanobacteriota,Archaea,PC-Archaeol(25:4_30:6),Archaeal_Lipid,Archaeal_Lipid,Archaeal lipids,ArchLips,Gold,4
A15_OE11-3-POS_35957,Methanobacteriota,Archaea,,,,,none,Unidentified,0
A15_OE11-3-POS_98008,Methanobacteriota,Archaea,SQ-Archaeol(20:0(Me)_20:2(Me)),Archaeal_Lipid,Archaeal_Lipid,Archaeal lipids,ArchLips,Gold,4
A15_OE21-4-POS_209495,Methanobacteriota,Archaea,,,,,none,Unidentified,0
A15_OE21-4-POS_194370,Methanobacteriota,Archaea,,,,,none,Unidentified,0
A15_OE26-1POS_80403,Methanobacteriota,Archaea,,,,,none,Unidentified,0
A15_OE21-4-POS_223979,Methanobacteriota,Archaea,MeO-Archaeol(20:1(Me)_20:3),Archaeal_Lipid,Archaeal_Lipid,Archaeal lipids,ArchLips,Bronze,2
A15_OE26-1POS_100275,Methanobacteriota,Archaea,Me-PPA-Archaeol(20:3(Me)_25:1(Me)),Archaeal_Lipid,Archaeal_Lipid,Archaeal lipids,ArchLips,Gold,4
A15_OE11-3-POS_36720,Methanobacteriota,Archaea,NAcGly-P-Archaeol(25:1_25:5),Archaeal_Lipid,Archaeal_Lipid,Archaeal lipids,ArchLips,Silver,4
A15_OE26-1POS_82844,Methanobacteriota,Archaea,,,,,none,Unidentified,0
A15_OE26-1POS_105723,Methanobacteriota,Archaea,,,,,none,Unidentified,0
A15_OE26-1POS_46498,Methanobacteriota,Archaea,,,,,none,Unidentified,0
A15_OE26-1POS_54739,Methanobacteriota,Archaea,,,,,none,Unidentified,0
A15_OE21-4-POS_55147,Methanobacteriota,Archaea,,,,,none,Unidentified,0
A15_OE21-4-POS_224946,Methanobacteriota,Archaea,MeO-Archaeol(20:2(Me)_20:4(Me)),Archaeal_Lipid,Archaeal_Lipid,Archaeal lipids,ArchLips,Silver,4
A15_OE11-3-POS_102216,Methanobacteriota,Archaea,,,,,none,Unidentified,0
A15_OE26-1POS_15498,Methanobacteriota,Archaea,DMK(6:4(OH)),Archaeal_Lipid,Archaeal_Lipid,Archaeal lipids,ArchLips,Bronze,2
A15_OE21-4-POS_67523,Methanobacteriota,Archaea,,,,,none,Unidentified,0
A15_OE26-1POS_103791,Methanobacteriota,Archaea,PC-Archaeol(25:4_30:6),Archaeal_Lipid,Archaeal_Lipid,Archaeal lipids,ArchLips,Gold,4
A15_OE26-1POS_107865,Methanobacteriota,Archaea,,,,,none,Unidentified,0
A15_OE26-1POS_103580,Methanobacteriota,Archaea,AC-Archaeol(20:1(Me)_20:3),Archaeal_Lipid,Archaeal_Lipid,Archaeal lipids,ArchLips,Gold,4
A15_OE26-1POS_39927,Methanobacteriota,Archaea,PC-Archaeol(20:4(Me)_20:4),Archaeal_Lipid,Archaeal_Lipid,Archaeal lipids,ArchLips,Gold,4
A15_OE26-1POS_37989,Methanobacteriota,Archaea,MePC(35:7),MePC,MePC,Glycerophospholipids,LipidSearch,Bronze,3
A15_OE26-1POS_70678,Methanobacteriota,Archaea,,,,,none,Unidentified,0
A15_OE26-1POS_106441,Methanobacteriota,Archaea,PME-Archaeol(20:0(Me)_20:0(Me)),Archaeal_Lipid,Archaeal_Lipid,Archaeal lipids,ArchLips,Gold,4
A15_OE26-1POS_106870,Methanobacteriota,Archaea,PGly-Archaeol(20:1(Me)_20:2),Archaeal_Lipid,Archaeal_Lipid,Archaeal lipids,ArchLips,Bronze,2
A15_OE11-3-POS_96662,Methanobacteriota,Archaea,,,,,none,Unidentified,0
A15_OE21-4-POS_86411,Methanobacteriota,Archaea,,,,,none,Unidentified,0
A15_OE11-3-POS_100821,Methanobacteriota,Archaea,MP(5:2),Archaeal_Lipid,Archaeal_Lipid,Archaeal lipids,ArchLips,Bronze,2
A15_OE11-3-POS_99329,Methanobacteriota,Archaea,,,,,none,Unidentified,0
A15_OE11-3-POS_97400,Methanobacteriota,Archaea,SQ-Archaeol(25:0_25:5),Archaeal_Lipid,Archaeal_Lipid,Archaeal lipids,ArchLips,Gold,4
A15_OE21-4-POS_205925,Thermoproteota,Archaea,PE-Archaeol(20:0(OH)_20:0),Archaeal_Lipid,PA,Glycerophospholipids,ArchLips,Gold,4
A15_OE26-1POS_29050,Methanobacteriota,Archaea,APT-Archaeol(20:3_25:5),Archaeal_Lipid,Archaeal_Lipid,Archaeal lipids,ArchLips,Gold,4
A15_OE26-1POS_25144,Methanobacteriota,Archaea,,,,,none,Unidentified,0
A15_OE26-1POS_99888,Methanobacteriota,Archaea,PPA-Archaeol(20:0(Me)_25:1),Archaeal_Lipid,Archaeal_Lipid,Archaeal lipids,ArchLips,Gold,4
A15_OE26-1POS_29671,Methanobacteriota,Archaea,PS-Archaeol(20:2_25:5),Archaeal_Lipid,Archaeal_Lipid,Archaeal lipids,ArchLips,Bronze,2
A15_OE26-1POS_28313,Methanobacteriota,Archaea,PQ(5:4),Archaeal_Lipid,Archaeal_Lipid,Archaeal lipids,ArchLips,Bronze,2
A15_OE11-3-POS_95734,Methanobacteriota,Archaea,PG-Archaeol(20:0(OH)_20:0),Archaeal_Lipid,Archaeal_Lipid,Archaeal lipids,ArchLips,Gold,4
A15_OE26-1POS_103641,Methanobacteriota,Archaea,NAcGly-Archaeol(25:4_25:5),Archaeal_Lipid,Archaeal_Lipid,Archaeal lipids,ArchLips,Bronze,2
A15_OE11-3-POS_99455,Methanobacteriota,Archaea,PE-Archaeol(20:0_20:1),Archaeal_Lipid,Archaeal_Lipid,Archaeal lipids,ArchLips,Bronze,2
A15_OE26-1POS_16050,Methanobacteriota,Archaea,,,,,none,Unidentified,0
A15_OE21-4-POS_220537,Methanobacteriota,Archaea,2OH-GDGT-0b,Archaeal_Lipid,Archaeal_Lipid,Archaeal lipids,ArchLips,Silver,4
A15_OE26-1POS_103619,Methanobacteriota,Archaea,Sulfo-Gly-Archaeol(20:0_25:1(Me)),Archaeal_Lipid,Archaeal_Lipid,Archaeal lipids,ArchLips,Gold,4
A15_OE11-3-POS_104392,Methanobacteriota,Archaea,MP(5:1),Archaeal_Lipid,Archaeal_Lipid,Archaeal lipids,ArchLips,Bronze,2
A15_OE11-3-POS_97396,Methanobacteriota,Archaea,UQ(11:9(OH)),Archaeal_Lipid,Archaeal_Lipid,Archaeal lipids,ArchLips,Bronze,2
A15_OE21-4-POS_224845,Methanobacteriota,Archaea,PA-Archaeol(20:1(Me)_25:0),Archaeal_Lipid,Archaeal_Lipid,Archaeal lipids,ArchLips,Gold,4
A15_OE26-1POS_28355,Methanobacteriota,Archaea,Gly-Rib-Archaeol(20:3(Me)_20:4),Archaeal_Lipid,Archaeal_Lipid,Archaeal lipids,ArchLips,Bronze,2
A15_OE21-4-POS_224846,Methanobacteriota,Archaea,,,,,none,Unidentified,0
A15_OE21-4-POS_223270,Methanobacteriota,Archaea,Archaeol(20:0_20:0),Archaeal_Lipid,Archaeal_Lipid,Archaeal lipids,ArchLips,Silver,4
A15_OE11-3-POS_100247,Methanobacteriota,Archaea,,,,,none,Unidentified,0
A15_OE21-4-POS_214504,Methanobacteriota,Archaea,PS-Archaeol(20:0_20:1),Archaeal_Lipid,Archaeal_Lipid,Archaeal lipids,ArchLips,Bronze,2
A15_OE11-3-POS_89625,Methanobacteriota,Archaea,PI-Archaeol(20:0(OH)_20:2),Archaeal_Lipid,Archaeal_Lipid,Archaeal lipids,ArchLips,Gold,4
A15_OE21-4-POS_155657,Thermoproteota,Archaea,WE(O-20:3_23:4),WE,WE,Fatty acyls,LipidSearch,Bronze,3
A15_OE26-1POS_31897,Methanobacteriota,Archaea,APT-Archaeol(20:3(Me)_25:5),Archaeal_Lipid,Archaeal_Lipid,Archaeal lipids,ArchLips,Gold,4
A15_OE21-4-POS_214251,Methanobacteriota,Archaea,,,,,none,Unidentified,0
A15_OE11-3-POS_95569,Methanobacteriota,Archaea,PG-Archaeol(20:0_20:1),Archaeal_Lipid,Archaeal_Lipid,Archaeal lipids,ArchLips,Bronze,2
A15_OE21-4-POS_187377,Thermoproteota,Archaea,,,,,none,Unidentified,0
A15_OE26-1POS_99759,Methanobacteriota,Archaea,Sulfo-Gly-Archaeol(20:0(Me)_20:2(Me)),Archaeal_Lipid,Archaeal_Lipid,Archaeal lipids,ArchLips,Gold,4
A15_OE26-1POS_102657,Methanobacteriota,Archaea,Sulfo-Gly-Archaeol(20:1(Me)_25:1),Archaeal_Lipid,Archaeal_Lipid,Archaeal lipids,ArchLips,Gold,4
A15_OE26-1POS_20262,Methanobacteriota,Archaea,Sulfo-PG-Archaeol(20:4(Me)_25:0),Archaeal_Lipid,Archaeal_Lipid,Archaeal lipids,ArchLips,Bronze,2
A15_OE21-4-POS_219858,Thermoproteota,Archaea,PE-Archaeol(20:0(Me)_20:1(Me)),Archaeal_Lipid,Archaeal_Lipid,Archaeal lipids,ArchLips,Gold,4
A15_OE26-1POS_95269,Methanobacteriota,Archaea,Hp-Archaeol(20:3_20:3),Archaeal_Lipid,Archaeal_Lipid,Archaeal lipids,ArchLips,Bronze,2
A15_OE21-4-POS_135022,Thermoproteota,Archaea,,,,,none,Unidentified,0
A15_OE21-4-POS_231703,Methanobacteriota,Archaea,MeO-Mono-uns-Homo-Me-GDGT-2b,Archaeal_Lipid,Archaeal_Lipid,Archaeal lipids,ArchLips,Bronze,2
A15_OE21-4-POS_229253,Methanobacteriota,Archaea,,,,,none,Unidentified,0
A15_OE26-1POS_9171,Methanobacteriota,Archaea,PQ(4:4),Archaeal_Lipid,Archaeal_Lipid,Archaeal lipids,ArchLips,Silver,4
A15_OE26-1POS_16284,Methanobacteriota,Archaea,,,,,none,Unidentified,0
A15_OE21-4-POS_73157,Methanobacteriota,Archaea,Gly-PS-Archaeol(20:1_25:0),Archaeal_Lipid,Archaeal_Lipid,Archaeal lipids,ArchLips,Bronze,2
A15_OE26-1POS_103377,Methanobacteriota,Archaea,,,,,none,Unidentified,0
A15_OE26-1POS_40565,Methanobacteriota,Archaea,PnE-Archaeol(20:4(Me)_20:4(Me)),Archaeal_Lipid,Archaeal_Lipid,Archaeal lipids,ArchLips,Gold,4
A15_OE21-4-POS_196076,Methanobacteriota,Archaea,Archaeol(20:1_25:5),Archaeal_Lipid,Archaeal_Lipid,Archaeal lipids,ArchLips,Gold,4
A15_OE26-1POS_13232,Methanobacteriota,Archaea,PS-Archaeol(20:3(Me)_20:4),Archaeal_Lipid,Archaeal_Lipid,Archaeal lipids,ArchLips,Gold,4
A15_OE21-4-POS_81874,Methanobacteriota,Archaea,,,,,none,Unidentified,0
A15_OE26-1POS_102702,Methanobacteriota,Archaea,,,,,none,Unidentified,0
A15_OE21-4-POS_74549,Methanobacteriota,Archaea,,,,,none,Unidentified,0
A15_OE21-4-POS_225638,Thermoproteota,Archaea,PA-Archaeol(20:0(Me)_20:4(Me)),Archaeal_Lipid,Archaeal_Lipid,Archaeal lipids,ArchLips,Gold,4
A15_OE21-4-POS_198599,Methanobacteriota,Archaea,Archaeol(20:1_20:1),Archaeal_Lipid,Archaeal_Lipid,Archaeal lipids,ArchLips,Silver,4
A15_OE26-1POS_103637,Methanobacteriota,Archaea,SQ-AHH-Archaeol(20:0_20:1),Archaeal_Lipid,Archaeal_Lipid,Archaeal lipids,ArchLips,Gold,4
A15_OE21-4-POS_210022,Methanobacteriota,Archaea,Archaeol(20:0(OH)_20:2),Archaeal_Lipid,Archaeal_Lipid,Archaeal lipids,ArchLips,Silver,4
A15_OE11-3-POS_69552,Methanobacteriota,Archaea,MP(5:3(OH)),Archaeal_Lipid,Archaeal_Lipid,Archaeal lipids,ArchLips,Silver,4
A15_OE26-1POS_31263,Methanobacteriota,Archaea,PME-Archaeol(20:4(Me)_20:4),Archaeal_Lipid,Archaeal_Lipid,Archaeal lipids,ArchLips,Gold,4
A15_OE21-4-POS_212777,Methanobacteriota,Archaea,,,,,none,Unidentified,0
A15_OE26-1POS_40510,Methanobacteriota,Archaea,PQ(6:4(OH)),Archaeal_Lipid,Archaeal_Lipid,Archaeal lipids,ArchLips,Bronze,2
A15_OE21-4-POS_211209,Methanobacteriota,Archaea,NAcGly-P-Archaeol(20:0(Me)_20:3(Me)),Archaeal_Lipid,Archaeal_Lipid,Archaeal lipids,ArchLips,Silver,4
A15_OE21-4-POS_204651,Methanobacteriota,Archaea,PG-Archaeol(20:1_20:2),Archaeal_Lipid,DG,Glycerolipids,ArchLips,Silver,4
A15_OE21-4-POS_188086,Thermoproteota,Archaea,,,,,none,Unidentified,0
A15_OE21-4-POS_179452,Methanobacteriota,Archaea,TG(16:3_16:3_18:3),TG,TG,Glycerolipids,LipidSearch,Gold,4
A15_OE21-4-POS_205872,Methanobacteriota,Archaea,DeoxyGly-Archaeol(20:0_25:4(Me)),Archaeal_Lipid,Archaeal_Lipid,Archaeal lipids,ArchLips,Gold,4
A15_OE11-3-POS_95573,Methanobacteriota,Archaea,PDME-Archaeol(20:1(Me)_20:4),Archaeal_Lipid,Archaeal_Lipid,Archaeal lipids,ArchLips,Gold,4
A15_OE21-4-POS_199839,Methanobacteriota,Archaea,NAcGly-PGly-Archaeol(20:1(Me)_20:2(Me)),Archaeal_Lipid,Archaeal_Lipid,Archaeal lipids,ArchLips,Bronze,2
A15_OE26-1POS_23691,Methanobacteriota,Archaea,"N,N,N-3Me-APT-Me-Archaeol(20:4_20:4)",Archaeal_Lipid,Archaeal_Lipid,Archaeal lipids,ArchLips,Bronze,2
A15_OE21-4-POS_209665,Thermoproteota,Archaea,GluA-Archaeol(20:4_25:4),Archaeal_Lipid,Archaeal_Lipid,Archaeal lipids,ArchLips,Gold,4
A15_OE26-1POS_101042,Methanobacteriota,Archaea,AC-Archaeol(20:1(Me)_20:4),Archaeal_Lipid,Archaeal_Lipid,Archaeal lipids,ArchLips,Gold,4
A15_OE21-4-POS_197377,Methanobacteriota,Archaea,,,,,none,Unidentified,0
A15_OE21-4-POS_211211,Thermoproteota,Archaea,,,,,none,Unidentified,0
A15_OE26-1POS_21521,Methanobacteriota,Archaea,N-Me-APT-Archaeol(20:4(Me)_20:4(Me)),Archaeal_Lipid,Archaeal_Lipid,Archaeal lipids,ArchLips,Bronze,2
A15_OE11-3-POS_97397,Methanobacteriota,Archaea,PGP-Archaeol(20:0_25:2),Archaeal_Lipid,Archaeal_Lipid,Archaeal lipids,ArchLips,Gold,4
A15_OE11-3-POS_95566,Methanobacteriota,Archaea,,,,,none,Unidentified,0
A15_OE11-3-POS_65390,Methanobacteriota,Archaea,MP(5:3(OH)),Archaeal_Lipid,Archaeal_Lipid,Archaeal lipids,ArchLips,Bronze,2
A15_OE11-3-POS_66332,Methanobacteriota,Archaea,MP(5:2(OH)),Archaeal_Lipid,Archaeal_Lipid,Archaeal lipids,ArchLips,Gold,4
A15_OE11-3-POS_94835,Methanobacteriota,Archaea,PI-Archaeol(20:0(OH)_20:0),Archaeal_Lipid,Archaeal_Lipid,Archaeal lipids,ArchLips,Gold,4
A15_OE26-1POS_45768,Methanobacteriota,Archaea,"N,N,N-3Me-APT-Archaeol(20:3(Me)_25:5)",Archaeal_Lipid,Archaeal_Lipid,Archaeal lipids,ArchLips,Gold,4
A15_OE21-4-POS_139491,Methanobacteriota,Archaea,Sulfo-PG-Archaeol(20:3(Me)_20:3(Me)),Archaeal_Lipid,Archaeal_Lipid,Archaeal lipids,ArchLips,Gold,4
A15_OE26-1POS_26775,Methanobacteriota,Archaea,PQ(5:4),Archaeal_Lipid,Archaeal_Lipid,Archaeal lipids,ArchLips,Bronze,2
A15_OE21-4-POS_198734,Methanobacteriota,Archaea,Archaeol(20:1_20:1),Archaeal_Lipid,Archaeal_Lipid,Archaeal lipids,ArchLips,Gold,4
A15_OE21-4-POS_201126,Methanobacteriota,Archaea,AC-Archaeol(20:4_25:5),Archaeal_Lipid,Archaeal_Lipid,Archaeal lipids,ArchLips,Gold,4
A15_OE11-3-POS_65896,Methanobacteriota,Archaea,MP(5:4(OH)),Archaeal_Lipid,Archaeal_Lipid,Archaeal lipids,ArchLips,Silver,4
A15_OE21-4-POS_202776,Methanobacteriota,Archaea,Archaeol(20:4(Me)_25:5(Me)),Archaeal_Lipid,Archaeal_Lipid,Archaeal lipids,ArchLips,Gold,4
A15_OE21-4-POS_203076,Methanobacteriota,Archaea,Archaeol(20:0(OH)_20:3),Archaeal_Lipid,Archaeal_Lipid,Archaeal lipids,ArchLips,Silver,4
A15_OE21-4-POS_157583,Methanobacteriota,Archaea,WE(O-20:3_23:4),WE,WE,Fatty acyls,LipidSearch,Bronze,3
A15_OE11-3-POS_97233,Methanobacteriota,Archaea,PE-Archaeol(20:0(OH)_20:1),Archaeal_Lipid,Archaeal_Lipid,Archaeal lipids,ArchLips,Gold,4
A15_OE26-1POS_102718,Methanobacteriota,Archaea,Sulfo-Gly-Archaeol(20:0(Me)_25:0(Me)),Archaeal_Lipid,Archaeal_Lipid,Archaeal lipids,ArchLips,Gold,4
A15_OE26-1POS_32375,Methanobacteriota,Archaea,PG-Archaeol(20:4(Me)_25:5),Archaeal_Lipid,Archaeal_Lipid,Archaeal lipids,ArchLips,Bronze,2
A15_OE21-4-POS_207439,Thermoproteota,Archaea,,,,,none,Unidentified,0
A15_OE11-3-POS_85262,Methanobacteriota,Archaea,PI-Archaeol(20:0(OH)_20:3),Archaeal_Lipid,Archaeal_Lipid,Archaeal lipids,ArchLips,Gold,4
A15_OE21-4-POS_200560,Methanobacteriota,Archaea,PA-Archaeol(20:4(Me)_20:4),Archaeal_Lipid,Archaeal_Lipid,Archaeal lipids,ArchLips,Silver,4
A15_OE21-4-POS_224973,Methanobacteriota,Archaea,MeO-Archaeol(20:2(Me)_20:4(Me)),Archaeal_Lipid,Archaeal_Lipid,Archaeal lipids,ArchLips,Silver,4
A15_OE21-4-POS_215071,Methanobacteriota,Archaea,,,,,none,Unidentified,0
A15_OE26-1POS_87567,Methanobacteriota,Archaea,PIP-Archaeol(20:0(Me)_20:1),Archaeal_Lipid,Archaeal_Lipid,Archaeal lipids,ArchLips,Silver,4
A15_OE11-3-POS_100606,Methanobacteriota,Archaea,PC-Archaeol(20:1(Me)_20:4(Me)),Archaeal_Lipid,Archaeal_Lipid,Archaeal lipids,ArchLips,Bronze,2
A15_OE21-4-POS_224701,Thermoproteota,Archaea,MeO-Archaeol(20:4(Me)_25:5),Archaeal_Lipid,Archaeal_Lipid,Archaeal lipids,ArchLips,Silver,4
A15_OE21-4-POS_45134,Methanobacteriota,Archaea,,,,,none,Unidentified,0
A15_OE11-3-POS_98180,Methanobacteriota,Archaea,NGly-Archaeol(20:4(Me)_25:5(Me)),Archaeal_Lipid,Archaeal_Lipid,Archaeal lipids,ArchLips,Bronze,2
A15_OE21-4-POS_224826,Methanobacteriota,Archaea,,,,,none,Unidentified,0
A15_OE21-4-POS_187004,Thermoproteota,Archaea,,,,,none,Unidentified,0
A15_OE26-1POS_22413,Methanobacteriota,Archaea,NAcGly-P-Archaeol(20:2_25:4),Archaeal_Lipid,Archaeal_Lipid,Archaeal lipids,ArchLips,Bronze,2
A15_OE21-4-POS_75093,Methanobacteriota,Archaea,,,,,none,Unidentified,0
A15_OE21-4-POS_183705,Methanobacteriota,Archaea,DG(27:7_23:4),DG,DG,Glycerolipids,LipidSearch,Bronze,3
A15_OE26-1POS_1159,Methanobacteriota,Archaea,,,,,none,Unidentified,0
A15_OE21-4-POS_211386,Methanobacteriota,Archaea,PGly-Archaeol(25:2_25:5),Archaeal_Lipid,Archaeal_Lipid,Archaeal lipids,ArchLips,Bronze,2
A15_OE26-1POS_106411,Methanobacteriota,Archaea,PDME-Archaeol(20:4(Me)_25:0),Archaeal_Lipid,Archaeal_Lipid,Archaeal lipids,ArchLips,Silver,4
A15_OE26-1POS_43445,Methanobacteriota,Archaea,,,,,none,Unidentified,0
A15_OE21-4-POS_220996,Methanobacteriota,Archaea,,,,,none,Unidentified,0
A15_OE21-4-POS_218866,Methanobacteriota,Archaea,PE-Archaeol(20:1(Me)_20:3(Me)),Archaeal_Lipid,Archaeal_Lipid,Archaeal lipids,ArchLips,Bronze,2
A15_OE21-4-POS_209359,Thermoproteota,Archaea,,,,,none,Unidentified,0
A15_OE21-4-POS_228320,Methanobacteriota,Archaea,,,,,none,Unidentified,0
A15_OE11-3-POS_56856,Methanobacteriota,Archaea,MP(5:4(OH)),Archaeal_Lipid,Archaeal_Lipid,Archaeal lipids,ArchLips,Bronze,2
A15_OE26-1POS_25398,Methanobacteriota,Archaea,"4,4'-diapo-zeta-carotene",Archaeal_Lipid,Archaeal_Lipid,Archaeal lipids,ArchLips,Gold,4
A15_OE11-3-POS_35800,Methanobacteriota,Archaea,,,,,none,Unidentified,0
A15_OE11-3-POS_34984,Methanobacteriota,Archaea,PA-Archaeol(20:4(Me)_25:5),Archaeal_Lipid,Archaeal_Lipid,Archaeal lipids,ArchLips,Silver,4
A15_OE21-4-POS_166467,Methanobacteriota,Archaea,PS-Archaeol(20:0(OH)_20:0(OH)),Archaeal_Lipid,Archaeal_Lipid,Archaeal lipids,ArchLips,Gold,4
A15_OE21-4-POS_223969,Thermoproteota,Archaea,PA-Archaeol(20:0_20:1),Archaeal_Lipid,Archaeal_Lipid,Archaeal lipids,ArchLips,Gold,4
A15_OE11-3-POS_94356,Methanobacteriota,Archaea,PG-Archaeol(20:0(OH)_20:1),Archaeal_Lipid,Archaeal_Lipid,Archaeal lipids,ArchLips,Gold,4
A15_OE21-4-POS_178333,Thermoproteota,Archaea,,,,,none,Unidentified,0
A15_OE21-4-POS_157081,Thermoproteota,Archaea,PA-Archaeol(20:4_20:4),Archaeal_Lipid,Archaeal_Lipid,Archaeal lipids,ArchLips,Gold,4
A15_OE21-4-POS_198735,Methanobacteriota,Archaea,Archaeol(20:0(OH)_20:1),Archaeal_Lipid,Archaeal_Lipid,Archaeal lipids,ArchLips,Bronze,2
A15_OE21-4-POS_84972,Methanobacteriota,Archaea,Gly-PG-Archaeol(20:0_25:3(Me)),Archaeal_Lipid,Archaeal_Lipid,Archaeal lipids,ArchLips,Bronze,2
A15_OE26-1POS_48386,Methanobacteriota,Archaea,PPA-Archaeol(20:0(Me)_20:0),Archaeal_Lipid,Archaeal_Lipid,Archaeal lipids,ArchLips,Gold,4
A15_OE21-4-POS_170365,Thermoproteota,Archaea,NAcGly-P-Archaeol(20:4(Me)_20:4(Me)),Archaeal_Lipid,Archaeal_Lipid,Archaeal lipids,ArchLips,Bronze,2
A15_OE11-3-POS_94545,Methanobacteriota,Archaea,PI-Archaeol(20:0(Me)_20:3(Me)),Archaeal_Lipid,Archaeal_Lipid,Archaeal lipids,ArchLips,Silver,4
A15_OE21-4-POS_220605,Thermoproteota,Archaea,MeO-Archaeol(20:4(Me)_25:5),Archaeal_Lipid,Archaeal_Lipid,Archaeal lipids,ArchLips,Silver,4
A15_OE26-1POS_104218,Methanobacteriota,Archaea,,,,,none,Unidentified,0
A15_OE21-4-POS_198600,Methanobacteriota,Archaea,Archaeol(20:0(OH)_20:1),Archaeal_Lipid,Archaeal_Lipid,Archaeal lipids,ArchLips,Bronze,2
A15_OE26-1POS_49196,Methanobacteriota,Archaea,PnC-Archaeol(20:4(Me)_20:4),Archaeal_Lipid,Archaeal_Lipid,Archaeal lipids,ArchLips,Gold,4
A15_OE26-1POS_55123,Methanobacteriota,Archaea,,,,,none,Unidentified,0
A15_OE11-3-POS_14913,Methanobacteriota,Archaea,,,,,none,Unidentified,0
A15_OE21-4-POS_209530,Thermoproteota,Archaea,,,,,none,Unidentified,0
A15_OE26-1POS_100588,Methanobacteriota,Archaea,PnC-Archaeol(20:4(Me)_20:4(Me)),Archaeal_Lipid,Archaeal_Lipid,Archaeal lipids,ArchLips,Gold,4
A15_OE21-4-POS_196667,Methanobacteriota,Archaea,,,,,none,Unidentified,0
A15_OE11-3-POS_97698,Methanobacteriota,Archaea,Hp-Archaeol(25:5(Me)_25:5(Me)),Archaeal_Lipid,Archaeal_Lipid,Archaeal lipids,ArchLips,Gold,4
A15_OE26-1POS_102695,Methanobacteriota,Archaea,PE-Archaeol(25:5(Me)_30:6(Me)),Archaeal_Lipid,Archaeal_Lipid,Archaeal lipids,ArchLips,Silver,4
A15_OE21-4-POS_193510,Methanobacteriota,Archaea,,,,,none,Unidentified,0
A15_OE26-1POS_87525,Methanobacteriota,Archaea,PGly-Archaeol(20:3_25:4(Me)),Archaeal_Lipid,Archaeal_Lipid,Archaeal lipids,ArchLips,Gold,4
A15_OE26-1POS_48831,Methanobacteriota,Archaea,MK(7:4),Archaeal_Lipid,Archaeal_Lipid,Archaeal lipids,ArchLips,Bronze,2
A15_OE21-4-POS_208616,Methanobacteriota,Archaea,Archaeol(20:3(Me)_20:3),Archaeal_Lipid,Cer,Sphingolipids,ArchLips,Silver,4
A15_OE26-1POS_38665,Methanobacteriota,Archaea,,,,,none,Unidentified,0
A15_OE21-4-POS_223970,Thermoproteota,Archaea,MeO-Archaeol(20:4(Me)_25:5),Archaeal_Lipid,Archaeal_Lipid,Archaeal lipids,ArchLips,Silver,4
A15_OE21-4-POS_195531,Thermoproteota,Archaea,Hp-Gly-Archaeol(20:2(Me)_20:2),Archaeal_Lipid,Archaeal_Lipid,Archaeal lipids,ArchLips,Gold,4
A15_OE21-4-POS_86709,Methanobacteriota,Archaea,,,,,none,Unidentified,0
A15_OE21-4-POS_209689,Thermoproteota,Archaea,NRib-Archaeol(20:4_25:5),Archaeal_Lipid,Archaeal_Lipid,Archaeal lipids,ArchLips,Bronze,2
A15_OE21-4-POS_191389,Methanobacteriota,Archaea,TG(27:7_18:3_18:3),TG,TG,Glycerolipids,LipidSearch,Bronze,3
A15_OE11-3-POS_88675,Methanobacteriota,Archaea,Me-PGP-Archaeol(20:0_25:3),Archaeal_Lipid,Archaeal_Lipid,Archaeal lipids,ArchLips,Silver,4
A15_OE21-4-POS_206997,Methanobacteriota,Archaea,Archaeol(20:3(Me)_20:3),Archaeal_Lipid,Cer,Sphingolipids,ArchLips,Silver,4
A15_OE26-1POS_25961,Methanobacteriota,Archaea,Gly-Rib-Archaeol(20:3(Me)_20:4),Archaeal_Lipid,Archaeal_Lipid,Archaeal lipids,ArchLips,Bronze,2
A15_OE21-4-POS_208685,Methanobacteriota,Archaea,Hp-Archaeol(20:4(Me)_20:0),Archaeal_Lipid,Archaeal_Lipid,Archaeal lipids,ArchLips,Bronze,2
A15_OE21-4-POS_204614,Thermoproteota,Archaea,,,,,none,Unidentified,0
A15_OE11-3-POS_32652,Methanobacteriota,Archaea,APT-Archaeol(20:3(Me)_25:5(Me)),Archaeal_Lipid,Archaeal_Lipid,Archaeal lipids,ArchLips,Silver,4
A15_OE21-4-POS_223890,Methanobacteriota,Archaea,2Me-PA-Archaeol(20:0_25:1),Archaeal_Lipid,Archaeal_Lipid,Archaeal lipids,ArchLips,Silver,4
A15_OE21-4-POS_184613,Methanobacteriota,Archaea,,,,,none,Unidentified,0
A15_OE11-3-POS_70872,Methanobacteriota,Archaea,MP(5:3),Archaeal_Lipid,Archaeal_Lipid,Archaeal lipids,ArchLips,Bronze,2
A15_OE26-1POS_95736,Methanobacteriota,Archaea,PME-Archaeol(25:5(Me)_30:6),Archaeal_Lipid,Archaeal_Lipid,Archaeal lipids,ArchLips,Bronze,2
A15_OE21-4-POS_73912,Methanobacteriota,Archaea,,,,,none,Unidentified,0
A15_OE21-4-POS_169076,Methanobacteriota,Archaea,phytoene,Archaeal_Lipid,Archaeal_Lipid,Archaeal lipids,ArchLips,Gold,4
A15_OE21-4-POS_224879,Thermoproteota,Archaea,PA-Archaeol(20:0_20:1),Archaeal_Lipid,Archaeal_Lipid,Archaeal lipids,ArchLips,Bronze,2
A15_OE26-1POS_20106,Methanobacteriota,Archaea,PE-Archaeol(20:4_20:4),Archaeal_Lipid,Archaeal_Lipid,Archaeal lipids,ArchLips,Bronze,2
A15_OE21-4-POS_194705,Methanobacteriota,Archaea,,,,,none,Unidentified,0
A15_OE26-1POS_27556,Methanobacteriota,Archaea,PS-Archaeol(20:2_25:5),Archaeal_Lipid,Archaeal_Lipid,Archaeal lipids,ArchLips,Gold,4
A15_OE21-4-POS_44645,Methanobacteriota,Archaea,NAcGly-P-Archaeol(25:5(Me)_30:5),Archaeal_Lipid,Archaeal_Lipid,Archaeal lipids,ArchLips,Bronze,2
A15_OE26-1POS_25454,Methanobacteriota,Archaea,,,,,none,Unidentified,0
A15_OE21-4-POS_212857,Methanobacteriota,Archaea,Archaeol(20:0_20:1),Archaeal_Lipid,Archaeal_Lipid,Archaeal lipids,ArchLips,Gold,4
A15_OE21-4-POS_222705,Methanobacteriota,Archaea,,,,,none,Unidentified,0
A15_OE21-4-POS_227279,Thermoproteota,Archaea,DeoxyGly-Archaeol(20:2(Me)_20:2(Me)),Archaeal_Lipid,Archaeal_Lipid,Archaeal lipids,ArchLips,Gold,4
A15_OE21-4-POS_228318,Methanobacteriota,Archaea,DeoxyGly-Archaeol(20:0_20:0),Archaeal_Lipid,Archaeal_Lipid,Archaeal lipids,ArchLips,Gold,4
A15_OE26-1POS_44569,Methanobacteriota,Archaea,,,,,none,Unidentified,0
A15_OE21-4-POS_208754,Thermoproteota,Archaea,Archaeol(20:3_20:3),Archaeal_Lipid,Archaeal_Lipid,Archaeal lipids,ArchLips,Gold,4
A15_OE11-3-POS_100430,Methanobacteriota,Archaea,Gly-Calditol-Archaeol(20:4_25:1),Archaeal_Lipid,Archaeal_Lipid,Archaeal lipids,ArchLips,Gold,4
A15_OE11-3-POS_75358,Methanobacteriota,Archaea,MP(5:1(OH)),Archaeal_Lipid,Archaeal_Lipid,Archaeal lipids,ArchLips,Silver,4
A15_OE21-4-POS_226405,Thermoproteota,Archaea,PA-Archaeol(20:0_20:0),Archaeal_Lipid,Archaeal_Lipid,Archaeal lipids,ArchLips,Gold,4
A15_OE26-1POS_11214,Methanobacteriota,Archaea,,,,,none,Unidentified,0
A15_OE21-4-POS_197310,Methanobacteriota,Archaea,PA-Archaeol(20:0(OH)_20:0),Archaeal_Lipid,Archaeal_Lipid,Archaeal lipids,ArchLips,Silver,4
A15_OE11-3-POS_94200,Methanobacteriota,Archaea,NAcGly-P-Archaeol(20:0(Me)_20:4(Me)),Archaeal_Lipid,Archaeal_Lipid,Archaeal lipids,ArchLips,Bronze,2
A15_OE26-1POS_8970,Methanobacteriota,Archaea,,,,,none,Unidentified,0
A15_OE11-3-POS_105256,Methanobacteriota,Archaea,PS-Archaeol(20:0_20:0),Archaeal_Lipid,Archaeal_Lipid,Archaeal lipids,ArchLips,Gold,4
A15_OE11-3-POS_91466,Methanobacteriota,Archaea,Gly-PI-Archaeol(20:0_20:4),Archaeal_Lipid,Archaeal_Lipid,Archaeal lipids,ArchLips,Gold,4
A15_OE11-3-POS_87142,Methanobacteriota,Archaea,PG-Archaeol(20:0(OH)_20:3),Archaeal_Lipid,Archaeal_Lipid,Archaeal lipids,ArchLips,Gold,4
A15_OE11-3-POS_62895,Methanobacteriota,Archaea,,,,,none,Unidentified,0
A15_OE21-4-POS_206416,Methanobacteriota,Archaea,,,,,none,Unidentified,0
A15_OE21-4-POS_206085,Methanobacteriota,Archaea,,,,,none,Unidentified,0
A15_OE21-4-POS_215496,Thermoproteota,Archaea,TG(44:7_15:1)+OO:(s),TG,TG,Glycerolipids,LipidSearch,Bronze,3
A15_OE26-1POS_16470,Methanobacteriota,Archaea,PQ(5:4(OH)),Archaeal_Lipid,Archaeal_Lipid,Archaeal lipids,ArchLips,Bronze,2
A15_OE26-1POS_27188,Methanobacteriota,Archaea,,,,,none,Unidentified,0
A15_OE11-3-POS_95080,Methanobacteriota,Archaea,PPA-Archaeol(25:0_25:5),Archaeal_Lipid,Archaeal_Lipid,Archaeal lipids,ArchLips,Gold,4
A15_OE26-1POS_17285,Methanobacteriota,Archaea,,,,,none,Unidentified,0
A15_OE11-3-POS_78611,Methanobacteriota,Archaea,PI-Archaeol(20:0(OH)_20:4),Archaeal_Lipid,Archaeal_Lipid,Archaeal lipids,ArchLips,Gold,4
A15_OE21-4-POS_200805,Methanobacteriota,Archaea,,,,,none,Unidentified,0
A15_OE21-4-POS_183938,Methanobacteriota,Archaea,Archaeol(20:3_20:3),Archaeal_Lipid,Archaeal_Lipid,Archaeal lipids,ArchLips,Silver,4
A15_OE11-3-POS_35658,Methanobacteriota,Archaea,PGP-Archaeol(20:0(Me)_20:0),Archaeal_Lipid,Archaeal_Lipid,Archaeal lipids,ArchLips,Silver,4
A15_OE21-4-POS_222141,Methanobacteriota,Archaea,,,,,none,Unidentified,0
A15_OE11-3-POS_84629,Methanobacteriota,Archaea,PG-Archaeol(20:0(OH)_20:3),Archaeal_Lipid,Archaeal_Lipid,Archaeal lipids,ArchLips,Gold,4
A15_OE21-4-POS_200804,Methanobacteriota,Archaea,NAcGly-P-Archaeol(20:0(Me)_20:4(Me)),Archaeal_Lipid,Archaeal_Lipid,Archaeal lipids,ArchLips,Bronze,2
A15_OE21-4-POS_229997,Thermoproteota,Archaea,Archaeol(20:0_20:1),Archaeal_Lipid,Archaeal_Lipid,Archaeal lipids,ArchLips,Silver,4
A15_OE21-4-POS_195922,Methanobacteriota,Archaea,Archaeol(20:1_20:2),Archaeal_Lipid,Archaeal_Lipid,Archaeal lipids,ArchLips,Gold,4
A15_OE21-4-POS_184257,Methanobacteriota,Archaea,TG(16:3_16:3_18:3),TG,TG,Glycerolipids,LipidSearch,Gold,4
A15_OE11-3-POS_92844,Methanobacteriota,Archaea,PG(O-43:1),PG,PG,Glycerophospholipids,LipidSearch,Bronze,3
A15_OE26-1POS_22238,Methanobacteriota,Archaea,,,,,none,Unidentified,0
A15_OE11-3-POS_94883,Methanobacteriota,Archaea,PGly-Archaeol(20:0_20:1),Archaeal_Lipid,Archaeal_Lipid,Archaeal lipids,ArchLips,Silver,4
A15_OE21-4-POS_223815,Methanobacteriota,Archaea,PME-Archaeol(20:0(Me)_20:0(Me)),Archaeal_Lipid,Archaeal_Lipid,Archaeal lipids,ArchLips,Gold,4
A15_OE21-4-POS_214695,Thermoproteota,Archaea,APT-Archaeol(20:0_20:1),Archaeal_Lipid,Archaeal_Lipid,Archaeal lipids,ArchLips,Bronze,2
A15_OE21-4-POS_195113,Thermoproteota,Archaea,,,,,none,Unidentified,0
A15_OE21-4-POS_225541,Thermoproteota,Archaea,PA-Archaeol(20:0(Me)_20:3(Me)),Archaeal_Lipid,Archaeal_Lipid,Archaeal lipids,ArchLips,Gold,4
A15_OE21-4-POS_205559,Methanobacteriota,Archaea,Gly-Archaeol(20:0(OH)_20:0),Archaeal_Lipid,Archaeal_Lipid,Archaeal lipids,ArchLips,Silver,4
A15_OE26-1POS_102793,Methanobacteriota,Archaea,PC-Archaeol(25:5_30:6),Archaeal_Lipid,Archaeal_Lipid,Archaeal lipids,ArchLips,Gold,4
A15_OE26-1POS_6238,Methanobacteriota,Archaea,,,,,none,Unidentified,0
A15_OE11-3-POS_94353,Methanobacteriota,Archaea,PG-Archaeol(20:1_20:1),Archaeal_Lipid,Archaeal_Lipid,Archaeal lipids,ArchLips,Gold,4
A15_OE21-4-POS_82537,Methanobacteriota,Archaea,,,,,none,Unidentified,0
A15_OE26-1POS_13503,Methanobacteriota,Archaea,,,,,none,Unidentified,0
A15_OE21-4-POS_215256,Thermoproteota,Archaea,,,,,none,Unidentified,0
A15_OE26-1POS_26761,Methanobacteriota,Archaea,APT-Archaeol(20:3_25:5),Archaeal_Lipid,Archaeal_Lipid,Archaeal lipids,ArchLips,Silver,4
A15_OE11-3-POS_14211,Methanobacteriota,Archaea,,,,,none,Unidentified,0
A15_OE21-4-POS_223991,Methanobacteriota,Archaea,Archaeol(20:0_20:0),Archaeal_Lipid,Archaeal_Lipid,Archaeal lipids,ArchLips,Gold,4
A15_OE21-4-POS_219781,Methanobacteriota,Archaea,,,,,none,Unidentified,0
A15_OE26-1POS_25338,Methanobacteriota,Archaea,,,,,none,Unidentified,0
A15_OE26-1POS_94405,Methanobacteriota,Archaea,TG(46:5)+OO:(s),TG,TG,Glycerolipids,LipidSearch,Bronze,3
A15_OE21-4-POS_205679,Methanobacteriota,Archaea,,,,,none,Unidentified,0
A15_OE21-4-POS_186420,Thermoproteota,Archaea,PG-Archaeol(20:0_20:3),Archaeal_Lipid,Archaeal_Lipid,Archaeal lipids,ArchLips,Silver,4
A15_OE21-4-POS_198798,Thermoproteota,Archaea,Me-PPA-Archaeol(20:0_25:2),Archaeal_Lipid,Archaeal_Lipid,Archaeal lipids,ArchLips,Gold,4
A15_OE11-3-POS_28497,Methanobacteriota,Archaea,PE-Archaeol(20:4(Me)_20:4(Me)),Archaeal_Lipid,Archaeal_Lipid,Archaeal lipids,ArchLips,Bronze,2
A15_OE21-4-POS_232951,Thermoproteota,Archaea,,,,,none,Unidentified,0
A15_OE21-4-POS_179120,Thermoproteota,Archaea,PGP-Archaeol(25:0(Me)_25:5),Archaeal_Lipid,Archaeal_Lipid,Archaeal lipids,ArchLips,Bronze,2
A15_OE11-3-POS_102949,Methanobacteriota,Archaea,Archaeol(20:0_20:0),Archaeal_Lipid,Archaeal_Lipid,Archaeal lipids,ArchLips,Gold,4
A15_OE11-3-POS_100825,Methanobacteriota,Archaea,Gly-PS-Archaeol(25:5(Me)_30:4),Archaeal_Lipid,Archaeal_Lipid,Archaeal lipids,ArchLips,Bronze,2
A15_OE26-1POS_92594,Methanobacteriota,Archaea,PC-Archaeol(20:3(Me)_20:4),Archaeal_Lipid,TG,Glycerolipids,ArchLips,Gold,4
A15_OE21-4-POS_198737,Methanobacteriota,Archaea,Archaeol(20:1_25:4),Archaeal_Lipid,Archaeal_Lipid,Archaeal lipids,ArchLips,Gold,4
A15_OE21-4-POS_231645,Thermoproteota,Archaea,Archaeol(20:0_20:1),Archaeal_Lipid,Archaeal_Lipid,Archaeal lipids,ArchLips,Silver,4
A15_OE21-4-POS_203528,Thermoproteota,Archaea,,,,,none,Unidentified,0
A15_OE21-4-POS_201033,Thermoproteota,Archaea,,,,,none,Unidentified,0
A15_OE11-3-POS_18392,Methanobacteriota,Archaea,,,,,none,Unidentified,0
A15_OE21-4-POS_217784,Methanobacteriota,Archaea,Archaeol(20:0_20:0),Archaeal_Lipid,Archaeal_Lipid,Archaeal lipids,ArchLips,Gold,4
A15_OE21-4-POS_227505,Methanobacteriota,Archaea,Rib-Archaeol(20:0(Me)_20:1),Archaeal_Lipid,Archaeal_Lipid,Archaeal lipids,ArchLips,Gold,4
A15_OE21-4-POS_195923,Methanobacteriota,Archaea,APT-Archaeol(20:3(Me)_20:4(Me)),Archaeal_Lipid,Archaeal_Lipid,Archaeal lipids,ArchLips,Bronze,2
A15_OE21-4-POS_229880,Thermoproteota,Archaea,MeO-Archaeol(20:1(Me)_20:3),Archaeal_Lipid,Archaeal_Lipid,Archaeal lipids,ArchLips,Bronze,2
A15_OE21-4-POS_224555,Thermoproteota,Archaea,,,,,none,Unidentified,0
A15_OE26-1POS_103665,Methanobacteriota,Archaea,Hp-Archaeol(25:3(Me)_25:5(Me)),Archaeal_Lipid,Archaeal_Lipid,Archaeal lipids,ArchLips,Gold,4
A15_OE26-1POS_105988,Methanobacteriota,Archaea,PE-Archaeol(20:1_25:4),Archaeal_Lipid,Archaeal_Lipid,Archaeal lipids,ArchLips,Gold,4
A15_OE21-4-POS_209213,Thermoproteota,Archaea,,,,,none,Unidentified,0
A15_OE21-4-POS_186509,Methanobacteriota,Archaea,CDP-Archaeol(20:0_20:1),Archaeal_Lipid,Archaeal_Lipid,Archaeal lipids,ArchLips,Bronze,2
A15_OE26-1POS_100738,Methanobacteriota,Archaea,PG-Archaeol(20:1(Me)_20:1),Archaeal_Lipid,Archaeal_Lipid,Archaeal lipids,ArchLips,Gold,4
A15_OE21-4-POS_162662,Methanobacteriota,Archaea,UDP-Archaeol(20:2(Me)_25:3(Me)),Archaeal_Lipid,Archaeal_Lipid,Archaeal lipids,ArchLips,Bronze,2
A15_OE11-3-POS_98182,Methanobacteriota,Archaea,Sulfo-Gly-AHH-Archaeol(20:0_20:1),Archaeal_Lipid,Archaeal_Lipid,Archaeal lipids,ArchLips,Gold,4
A15_OE21-4-POS_203834,Methanobacteriota,Archaea,PME-Archaeol(20:1(Me)_20:2(Me)),Archaeal_Lipid,Archaeal_Lipid,Archaeal lipids,ArchLips,Gold,4
A15_OE26-1POS_5146,Methanobacteriota,Archaea,,,,,none,Unidentified,0
A15_OE21-4-POS_148424,Methanobacteriota,Archaea,,,,,none,Unidentified,0
A15_OE21-4-POS_217305,Methanobacteriota,Archaea,N-Me-APT-Archaeol(20:0(Me)_20:0(Me)),Archaeal_Lipid,Archaeal_Lipid,Archaeal lipids,ArchLips,Bronze,2
A15_OE21-4-POS_153454,Thermoproteota,Archaea,,,,,none,Unidentified,0
A15_OE21-4-POS_72766,Methanobacteriota,Archaea,,,,,none,Unidentified,0
A15_OE21-4-POS_191390,Thermoproteota,Archaea,,,,,none,Unidentified,0
A15_OE26-1POS_12816,Methanobacteriota,Archaea,MMK(4:1(OH)),Archaeal_Lipid,Archaeal_Lipid,Archaeal lipids,ArchLips,Bronze,2
A15_OE21-4-POS_219728,Thermoproteota,Archaea,,,,,none,Unidentified,0
A15_OE21-4-POS_86912,Methanobacteriota,Archaea,,,,,none,Unidentified,0
A15_OE21-4-POS_231662,Thermoproteota,Archaea,Archaeol(20:0_20:1),Archaeal_Lipid,Archaeal_Lipid,Archaeal lipids,ArchLips,Silver,4
A15_OE11-3-POS_53943,Methanobacteriota,Archaea,,,,,none,Unidentified,0
A15_OE21-4-POS_93947,Methanobacteriota,Archaea,PG-Archaeol(20:0(Me)_20:4(Me)),Archaeal_Lipid,Archaeal_Lipid,Archaeal lipids,ArchLips,Gold,4
A15_OE11-3-POS_100246,Methanobacteriota,Archaea,Calditol-Archaeol(20:0_20:1),Archaeal_Lipid,Archaeal_Lipid,Archaeal lipids,ArchLips,Gold,4
A15_OE11-3-POS_91093,Methanobacteriota,Archaea,PG-Archaeol(20:1_20:2),Archaeal_Lipid,Archaeal_Lipid,Archaeal lipids,ArchLips,Gold,4
A15_OE21-4-POS_208279,Methanobacteriota,Archaea,Gly-Archaeol(20:0(OH)_20:1),Archaeal_Lipid,Archaeal_Lipid,Archaeal lipids,ArchLips,Bronze,2
A15_OE26-1POS_100914,Methanobacteriota,Archaea,PI-Archaeol(20:2(Me)_25:1),Archaeal_Lipid,Archaeal_Lipid,Archaeal lipids,ArchLips,Gold,4
A15_OE21-4-POS_202215,Methanobacteriota,Archaea,N-Me-APT-Archaeol(20:1(Me)_20:2),Archaeal_Lipid,Archaeal_Lipid,Archaeal lipids,ArchLips,Bronze,2
A15_OE21-4-POS_217433,Methanobacteriota,Archaea,Archaeol(20:1_20:1),Archaeal_Lipid,Archaeal_Lipid,Archaeal lipids,ArchLips,Silver,4
A15_OE26-1POS_101784,Methanobacteriota,Archaea,PG-Archaeol(20:0(OH)_25:2),Archaeal_Lipid,Archaeal_Lipid,Archaeal lipids,ArchLips,Bronze,2
A15_OE21-4-POS_209144,Methanobacteriota,Archaea,PS-Archaeol(20:0_20:0),Archaeal_Lipid,Archaeal_Lipid,Archaeal lipids,ArchLips,Gold,4
A15_OE21-4-POS_220575,Methanobacteriota,Archaea,,,,,none,Unidentified,0
A15_OE21-4-POS_175981,Thermoproteota,Archaea,,,,,none,Unidentified,0
A15_OE26-1POS_91619,Methanobacteriota,Archaea,Sulfo-PG-Archaeol(20:0_25:2(Me)),Archaeal_Lipid,Archaeal_Lipid,Archaeal lipids,ArchLips,Gold,4
A15_OE21-4-POS_223670,Methanobacteriota,Archaea,,,,,none,Unidentified,0
A15_OE26-1POS_102743,Methanobacteriota,Archaea,PME-Archaeol(25:5_30:6),Archaeal_Lipid,Archaeal_Lipid,Archaeal lipids,ArchLips,Gold,4
A15_OE21-4-POS_190233,Thermoproteota,Archaea,,,,,none,Unidentified,0
A15_OE21-4-POS_198418,Methanobacteriota,Archaea,,,,,none,Unidentified,0
A15_OE21-4-POS_204714,Thermoproteota,Archaea,2Me-PA-Archaeol(25:5(Me)_25:5),Archaeal_Lipid,Archaeal_Lipid,Archaeal lipids,ArchLips,Gold,4
A15_OE21-4-POS_169038,Thermoproteota,Archaea,,,,,none,Unidentified,0
A15_OE21-4-POS_226579,Thermoproteota,Archaea,PA-Archaeol(20:0_20:1),Archaeal_Lipid,Archaeal_Lipid,Archaeal lipids,ArchLips,Bronze,2
A15_OE26-1POS_12808,Methanobacteriota,Archaea,,,,,none,Unidentified,0
A15_OE11-3-POS_29293,Methanobacteriota,Archaea,PnE-Archaeol(20:4_20:4),Archaeal_Lipid,Archaeal_Lipid,Archaeal lipids,ArchLips,Silver,4
A15_OE21-4-POS_217562,Methanobacteriota,Archaea,Archaeol(20:1_20:1),Archaeal_Lipid,Archaeal_Lipid,Archaeal lipids,ArchLips,Silver,4
A15_OE21-4-POS_218744,Methanobacteriota,Archaea,Archaeol(20:0_20:1),Archaeal_Lipid,Archaeal_Lipid,Archaeal lipids,ArchLips,Gold,4
A15_OE21-4-POS_218374,Methanobacteriota,Archaea,NAcGly-Archaeol(25:4_25:4),Archaeal_Lipid,Archaeal_Lipid,Archaeal lipids,ArchLips,Silver,4
A15_OE21-4-POS_196305,Methanobacteriota,Archaea,,,,,none,Unidentified,0
A15_OE21-4-POS_184832,Thermoproteota,Archaea,PS-Archaeol(20:0(OH)_20:0),Archaeal_Lipid,TG,Glycerolipids,ArchLips,Silver,4
A15_OE21-4-POS_141769,Methanobacteriota,Archaea,Sulfo-PG-Archaeol(20:3(Me)_20:3(Me)),Archaeal_Lipid,Archaeal_Lipid,Archaeal lipids,ArchLips,Gold,4
A15_OE26-1POS_102829,Methanobacteriota,Archaea,PC-Archaeol(25:5(Me)_30:6),Archaeal_Lipid,Archaeal_Lipid,Archaeal lipids,ArchLips,Silver,4
A15_OE26-1POS_31973,Methanobacteriota,Archaea,,,,,none,Unidentified,0
A15_OE26-1POS_2413,Methanobacteriota,Archaea,,,,,none,Unidentified,0
A15_OE21-4-POS_210110,Methanobacteriota,Archaea,Gly-Archaeol(20:0(OH)_20:0),Archaeal_Lipid,Archaeal_Lipid,Archaeal lipids,ArchLips,Silver,4
A15_OE11-3-POS_87281,Methanobacteriota,Archaea,,,,,none,Unidentified,0
A15_OE21-4-POS_211486,Methanobacteriota,Archaea,,,,,none,Unidentified,0
A15_OE11-3-POS_105170,Methanobacteriota,Archaea,PG-Archaeol(25:2_25:3),Archaeal_Lipid,Archaeal_Lipid,Archaeal lipids,ArchLips,Bronze,2
A15_OE21-4-POS_190339,Methanobacteriota,Archaea,,,,,none,Unidentified,0
A15_OE21-4-POS_199792,Methanobacteriota,Archaea,2Gly-Archaeol(20:0(OH)_20:0),Archaeal_Lipid,Archaeal_Lipid,Archaeal lipids,ArchLips,Bronze,2
A15_OE21-4-POS_234079,Thermoproteota,Archaea,NRib-Archaeol(25:4(Me)_25:5),Archaeal_Lipid,Archaeal_Lipid,Archaeal lipids,ArchLips,Bronze,2
A15_OE26-1POS_55113,Methanobacteriota,Archaea,Archaeol(20:1(Me)_20:2(Me)),Archaeal_Lipid,Archaeal_Lipid,Archaeal lipids,ArchLips,Gold,4
A15_OE21-4-POS_218063,Methanobacteriota,Archaea,PA-Archaeol(30:4_30:5),Archaeal_Lipid,Archaeal_Lipid,Archaeal lipids,ArchLips,Bronze,2
A15_OE21-4-POS_218713,Methanobacteriota,Archaea,Archaeol(20:0(OH)_20:0),Archaeal_Lipid,Archaeal_Lipid,Archaeal lipids,ArchLips,Bronze,2
A15_OE21-4-POS_224919,Methanobacteriota,Archaea,,,,,none,Unidentified,0
A15_OE21-4-POS_208760,Thermoproteota,Archaea,,,,,none,Unidentified,0
A15_OE21-4-POS_105259,Methanobacteriota,Archaea,,,,,none,Unidentified,0
A15_OE21-4-POS_231650,Thermoproteota,Archaea,MeO-Archaeol(20:0(Me)_20:4),Archaeal_Lipid,Archaeal_Lipid,Archaeal lipids,ArchLips,Bronze,2
A15_OE21-4-POS_90948,Methanobacteriota,Archaea,,,,,none,Unidentified,0
A15_OE21-4-POS_220589,Methanobacteriota,Archaea,Archaeol(20:1_20:1),Archaeal_Lipid,Archaeal_Lipid,Archaeal lipids,ArchLips,Silver,4
A15_OE21-4-POS_220418,Methanobacteriota,Archaea,AC-Archaeol(20:0(Me)_20:0),Archaeal_Lipid,Archaeal_Lipid,Archaeal lipids,ArchLips,Bronze,2
A15_OE26-1POS_67940,Methanobacteriota,Archaea,,,,,none,Unidentified,0
A15_OE21-4-POS_217647,Methanobacteriota,Archaea,DG(O-20:0_20:0),DG,DG,Glycerolipids,LipidSearch,Gold,4
A15_OE21-4-POS_189658,Thermoproteota,Archaea,PS-Archaeol(20:0(OH)_20:0),Archaeal_Lipid,PG,Glycerophospholipids,ArchLips,Gold,4
A15_OE21-4-POS_34600,Thermoproteota,Archaea,DMK(6:3),Archaeal_Lipid,Archaeal_Lipid,Archaeal lipids,ArchLips,Bronze,2
A15_OE21-4-POS_221992,Methanobacteriota,Archaea,Archaeol(20:0_20:1),Archaeal_Lipid,Archaeal_Lipid,Archaeal lipids,ArchLips,Bronze,2
A15_OE21-4-POS_221481,Methanobacteriota,Archaea,Archaeol(20:0_20:1),Archaeal_Lipid,Archaeal_Lipid,Archaeal lipids,ArchLips,Gold,4
A15_OE21-4-POS_218209,Methanobacteriota,Archaea,Gly-Archaeol(20:0_20:1),Archaeal_Lipid,Archaeal_Lipid,Archaeal lipids,ArchLips,Gold,4
A15_OE21-4-POS_51713,Methanobacteriota,Archaea,,,,,none,Unidentified,0
A15_OE21-4-POS_217646,Thermoproteota,Archaea,TG(54:7),TG,TG,Glycerolipids,LipidSearch,Bronze,3
A15_OE11-3-POS_91260,Methanobacteriota,Archaea,,,,,none,Unidentified,0
A15_OE26-1POS_99688,Methanobacteriota,Archaea,Ac-2Gly-Archaeol(20:1_20:1),Archaeal_Lipid,Archaeal_Lipid,Archaeal lipids,ArchLips,Bronze,2
A15_OE21-4-POS_224019,Methanobacteriota,Archaea,Archaeol(20:0_20:0),Archaeal_Lipid,Archaeal_Lipid,Archaeal lipids,ArchLips,Silver,4
A15_OE21-4-POS_223695,Methanobacteriota,Archaea,PC-Archaeol(20:0(Me)_20:0),Archaeal_Lipid,Archaeal_Lipid,Archaeal lipids,ArchLips,Silver,4
A15_OE21-4-POS_77221,Methanobacteriota,Archaea,PG-Archaeol(20:2_20:2),Archaeal_Lipid,Archaeal_Lipid,Archaeal lipids,ArchLips,Bronze,2
A15_OE26-1POS_97838,Methanobacteriota,Archaea,TG(28:3_18:1)+OO:(s),TG,TG,Glycerolipids,LipidSearch,Gold,4
A15_OE21-4-POS_31554,Methanobacteriota,Archaea,,,,,none,Unidentified,0
A15_OE21-4-POS_223684,Thermoproteota,Archaea,PDME-Archaeol(20:0(Me)_20:0(Me)),Archaeal_Lipid,Archaeal_Lipid,Archaeal lipids,ArchLips,Gold,4
A15_OE21-4-POS_212719,Thermoproteota,Archaea,2Gly-Archaeol(20:1(Me)_20:3(Me)),Archaeal_Lipid,Archaeal_Lipid,Archaeal lipids,ArchLips,Gold,4
A15_OE21-4-POS_212117,Methanobacteriota,Archaea,PA-Archaeol(20:0(Me)_25:1),Archaeal_Lipid,Archaeal_Lipid,Archaeal lipids,ArchLips,Gold,4
A15_OE21-4-POS_218634,Methanobacteriota,Archaea,Archaeol(20:0_20:1),Archaeal_Lipid,Archaeal_Lipid,Archaeal lipids,ArchLips,Gold,4
A15_OE21-4-POS_68294,Methanobacteriota,Archaea,,,,,none,Unidentified,0
A15_OE21-4-POS_215698,Methanobacteriota,Archaea,MeOGly-Archaeol(25:5(Me)_25:5(Me)),Archaeal_Lipid,Archaeal_Lipid,Archaeal lipids,ArchLips,Bronze,2
A15_OE21-4-POS_223691,Thermoproteota,Archaea,2Me-PA-Archaeol(20:4(Me)_25:0),Archaeal_Lipid,Archaeal_Lipid,Archaeal lipids,ArchLips,Gold,4
A15_OE21-4-POS_142302,Methanobacteriota,Archaea,WE(O-35:7),WE,WE,Fatty acyls,LipidSearch,Bronze,3
A15_OE21-4-POS_231774,Thermoproteota,Archaea,Archaeol(20:0_20:0),Archaeal_Lipid,Archaeal_Lipid,Archaeal lipids,ArchLips,Silver,4
A15_OE21-4-POS_220625,Methanobacteriota,Archaea,Archaeol(20:0_20:2),Archaeal_Lipid,Archaeal_Lipid,Archaeal lipids,ArchLips,Bronze,2
A15_OE21-4-POS_199662,Methanobacteriota,Archaea,PA-Archaeol(20:0_20:1),Archaeal_Lipid,Archaeal_Lipid,Archaeal lipids,ArchLips,Bronze,2
A15_OE11-3-POS_86584,Methanobacteriota,Archaea,,,,,none,Unidentified,0
A15_OE26-1POS_102540,Methanobacteriota,Archaea,GluA-Archaeol(25:5_25:5),Archaeal_Lipid,Archaeal_Lipid,Archaeal lipids,ArchLips,Gold,4
A15_OE21-4-POS_45694,Methanobacteriota,Archaea,,,,,none,Unidentified,0
A15_OE21-4-POS_221738,Methanobacteriota,Archaea,Archaeol(20:0(OH)_20:0),Archaeal_Lipid,Archaeal_Lipid,Archaeal lipids,ArchLips,Silver,4
A15_OE26-1POS_100897,Methanobacteriota,Archaea,2Me-PA-Archaeol(25:5(Me)_25:5),Archaeal_Lipid,Archaeal_Lipid,Archaeal lipids,ArchLips,Gold,4
A15_OE26-1POS_16342,Methanobacteriota,Archaea,,,,,none,Unidentified,0
A15_OE21-4-POS_218910,Thermoproteota,Archaea,,,,,none,Unidentified,0
A15_OE21-4-POS_220552,Methanobacteriota,Archaea,DG(O-20:0_20:0),DG,DG,Glycerolipids,LipidSearch,Gold,4
A15_OE21-4-POS_225420,Thermoproteota,Archaea,,,,,none,Unidentified,0
A15_OE21-4-POS_218824,Methanobacteriota,Archaea,Archaeol(20:0(OH)_20:0),Archaeal_Lipid,Archaeal_Lipid,Archaeal lipids,ArchLips,Gold,4
A15_OE21-4-POS_200120,Methanobacteriota,Archaea,,,,,none,Unidentified,0
A15_OE21-4-POS_203733,Thermoproteota,Archaea,,,,,none,Unidentified,0
A15_OE21-4-POS_215637,Methanobacteriota,Archaea,PME-Archaeol(25:5_30:4(Me)),Archaeal_Lipid,Archaeal_Lipid,Archaeal lipids,ArchLips,Gold,4
A15_OE26-1POS_88246,Methanobacteriota,Archaea,,,,,none,Unidentified,0
A15_OE21-4-POS_232066,Thermoproteota,Archaea,Archaeol(20:0_20:0),Archaeal_Lipid,Archaeal_Lipid,Archaeal lipids,ArchLips,Bronze,2
A15_OE21-4-POS_221745,Thermoproteota,Archaea,PME-Archaeol(20:1(Me)_25:5(Me)),Archaeal_Lipid,TG,Glycerolipids,ArchLips,Gold,4
A15_OE26-1POS_37043,Methanobacteriota,Archaea,,,,,none,Unidentified,0
A15_OE21-4-POS_206435,Thermoproteota,Archaea,,,,,none,Unidentified,0
A15_OE21-4-POS_231775,Thermoproteota,Archaea,,,,,none,Unidentified,0
A15_OE21-4-POS_212688,Thermoproteota,Archaea,BDTQ(11:2(OH)),Archaeal_Lipid,Archaeal_Lipid,Archaeal lipids,ArchLips,Bronze,2
A15_OE21-4-POS_207402,Methanobacteriota,Archaea,PDME-Archaeol(20:2(Me)_20:1),Archaeal_Lipid,Archaeal_Lipid,Archaeal lipids,ArchLips,Gold,4
A15_OE11-3-POS_105733,Methanobacteriota,Archaea,,,,,none,Unidentified,0
A15_OE21-4-POS_199919,Thermoproteota,Archaea,"N,N,N-3Me-APT-Archaeol(20:2(Me)_25:5)",Archaeal_Lipid,Archaeal_Lipid,Archaeal lipids,ArchLips,Bronze,2
A15_OE21-4-POS_184323,Methanobacteriota,Archaea,,,,,none,Unidentified,0
A15_OE26-1POS_106459,Methanobacteriota,Archaea,PS-Archaeol(20:0(Me)_25:0(Me)),Archaeal_Lipid,Archaeal_Lipid,Archaeal lipids,ArchLips,Gold,4
A15_OE26-1POS_31801,Methanobacteriota,Archaea,,,,,none,Unidentified,0
A15_OE21-4-POS_221905,Thermoproteota,Archaea,PDME-Archaeol(20:0(Me)_20:1(Me)),Archaeal_Lipid,Archaeal_Lipid,Archaeal lipids,ArchLips,Gold,4
A15_OE21-4-POS_186237,Thermoproteota,Archaea,,,,,none,Unidentified,0
A15_OE21-4-POS_222343,Methanobacteriota,Archaea,PA-Archaeol(20:0(Me)_25:2),Archaeal_Lipid,Archaeal_Lipid,Archaeal lipids,ArchLips,Gold,4
A15_OE26-1POS_42248,Methanobacteriota,Archaea,,,,,none,Unidentified,0
A15_OE21-4-POS_151374,Thermoproteota,Archaea,NAcGly-P-Archaeol(20:3_20:4),Archaeal_Lipid,Archaeal_Lipid,Archaeal lipids,ArchLips,Bronze,2
A15_OE21-4-POS_196324,Methanobacteriota,Archaea,phytoene,Archaeal_Lipid,Archaeal_Lipid,Archaeal lipids,ArchLips,Silver,4
A15_OE21-4-POS_208240,Thermoproteota,Archaea,,,,,none,Unidentified,0
A15_OE21-4-POS_187380,Methanobacteriota,Archaea,Calditol-Archaeol(20:1_20:4),Archaeal_Lipid,Archaeal_Lipid,Archaeal lipids,ArchLips,Gold,4
A15_OE21-4-POS_207001,Methanobacteriota,Archaea,DG(O-26:4_20:5),DG,DG,Glycerolipids,LipidSearch,Bronze,3
A15_OE26-1POS_5150,Methanobacteriota,Archaea,,,,,none,Unidentified,0
A15_OE26-1POS_3028,Methanobacteriota,Archaea,,,,,none,Unidentified,0
A15_OE21-4-POS_208925,Methanobacteriota,Archaea,,,,,none,Unidentified,0
A15_OE21-4-POS_164770,Thermoproteota,Archaea,,,,,none,Unidentified,0
A15_OE21-4-POS_33226,Methanobacteriota,Archaea,GluA-Gly-Archaeol(20:2(Me)_20:4(Me)),Archaeal_Lipid,Archaeal_Lipid,Archaeal lipids,ArchLips,Bronze,2
A15_OE21-4-POS_185657,Thermoproteota,Archaea,NAcGly-Archaeol(20:4(Me)_20:4(Me)),Archaeal_Lipid,Archaeal_Lipid,Archaeal lipids,ArchLips,Gold,4
A15_OE21-4-POS_207632,Methanobacteriota,Archaea,Hp-Archaeol(20:1(Me)_20:3),Archaeal_Lipid,Archaeal_Lipid,Archaeal lipids,ArchLips,Gold,4
A15_OE21-4-POS_186612,Thermoproteota,Archaea,APT-Archaeol(20:1_20:4),Archaeal_Lipid,Archaeal_Lipid,Archaeal lipids,ArchLips,Silver,4
A15_OE21-4-POS_215376,Thermoproteota,Archaea,Archaeol(20:2_20:3),Archaeal_Lipid,Archaeal_Lipid,Archaeal lipids,ArchLips,Silver,4
A15_OE21-4-POS_189822,Methanobacteriota,Archaea,APT-Archaeol(20:3(Me)_20:4(Me)),Archaeal_Lipid,Archaeal_Lipid,Archaeal lipids,ArchLips,Bronze,2
A15_OE21-4-POS_194308,Methanobacteriota,Archaea,,,,,none,Unidentified,0
A15_OE26-1POS_60442,Methanobacteriota,Archaea,Gly-Archaeol(20:3_20:4),Archaeal_Lipid,Archaeal_Lipid,Archaeal lipids,ArchLips,Silver,4
A15_OE11-3-POS_105866,Methanobacteriota,Archaea,PE-Archaeol(25:5(Me)_30:5(Me)),Archaeal_Lipid,Archaeal_Lipid,Archaeal lipids,ArchLips,Silver,4
A15_OE21-4-POS_222224,Methanobacteriota,Archaea,,,,,none,Unidentified,0
A15_OE26-1POS_13029,Methanobacteriota,Archaea,,,,,none,Unidentified,0
A15_OE11-3-POS_62024,Methanobacteriota,Archaea,Gly-PI-Archaeol(20:4_20:4),Archaeal_Lipid,Archaeal_Lipid,Archaeal lipids,ArchLips,Bronze,2
A15_OE21-4-POS_186063,Methanobacteriota,Archaea,PA-Archaeol(20:3_25:4(Me)),Archaeal_Lipid,Archaeal_Lipid,Archaeal lipids,ArchLips,Gold,4
A15_OE26-1POS_103672,Methanobacteriota,Archaea,,,,,none,Unidentified,0
A15_OE21-4-POS_171066,Thermoproteota,Archaea,PS-Archaeol(20:0_20:3),Archaeal_Lipid,PC,Glycerophospholipids,ArchLips,Gold,4
A15_OE21-4-POS_193245,Methanobacteriota,Archaea,PS-Archaeol(20:0_20:1),Archaeal_Lipid,Archaeal_Lipid,Archaeal lipids,ArchLips,Gold,4
A15_OE26-1POS_30545,Methanobacteriota,Archaea,,,,,none,Unidentified,0
A15_OE26-1POS_98391,Methanobacteriota,Archaea,,,,,none,Unidentified,0
A15_OE26-1POS_12312,Methanobacteriota,Archaea,,,,,none,Unidentified,0
A15_OE21-4-POS_222060,Methanobacteriota,Archaea,AC-Archaeol(20:0_20:0),Archaeal_Lipid,Archaeal_Lipid,Archaeal lipids,ArchLips,Silver,4
A15_OE21-4-POS_201593,Thermoproteota,Archaea,,,,,none,Unidentified,0
A15_OE21-4-POS_199921,Methanobacteriota,Archaea,,,,,none,Unidentified,0
A15_OE21-4-POS_62799,Methanobacteriota,Archaea,,,,,none,Unidentified,0
A15_OE26-1POS_94813,Methanobacteriota,Archaea,Gly-Archaeol(20:3_20:4),Archaeal_Lipid,TG,Glycerolipids,ArchLips,Silver,4
A15_OE26-1POS_50455,Methanobacteriota,Archaea,,,,,none,Unidentified,0
A15_OE21-4-POS_222208,Methanobacteriota,Archaea,Gly-Archaeol(20:1(Me)_20:3(Me)),Archaeal_Lipid,Archaeal_Lipid,Archaeal lipids,ArchLips,Gold,4
A15_OE21-4-POS_199692,Methanobacteriota,Archaea,,,,,none,Unidentified,0
A15_OE26-1POS_12262,Methanobacteriota,Archaea,,,,,none,Unidentified,0
A15_OE21-4-POS_200909,Methanobacteriota,Archaea,PA-Archaeol(20:0(OH)_20:0),Archaeal_Lipid,Archaeal_Lipid,Archaeal lipids,ArchLips,Bronze,2
A15_OE21-4-POS_207377,Thermoproteota,Archaea,Archaeol(20:3_20:3),Archaeal_Lipid,Archaeal_Lipid,Archaeal lipids,ArchLips,Silver,4
A15_OE11-3-POS_86693,Methanobacteriota,Archaea,PS-Archaeol(20:0(OH)_20:3),Archaeal_Lipid,Archaeal_Lipid,Archaeal lipids,ArchLips,Gold,4
A15_OE21-4-POS_222640,Methanobacteriota,Archaea,,,,,none,Unidentified,0
A15_OE21-4-POS_207195,Thermoproteota,Archaea,,,,,none,Unidentified,0
A15_OE26-1POS_99998,Methanobacteriota,Archaea,PC-Archaeol(25:4(Me)_25:5),Archaeal_Lipid,Archaeal_Lipid,Archaeal lipids,ArchLips,Gold,4
A15_OE11-3-POS_26236,Methanobacteriota,Archaea,,,,,none,Unidentified,0
A15_OE21-4-POS_224598,Thermoproteota,Archaea,Archaeol(20:1_20:2),Archaeal_Lipid,Archaeal_Lipid,Archaeal lipids,ArchLips,Gold,4
A15_OE21-4-POS_204564,Thermoproteota,Archaea,,,,,none,Unidentified,0
A15_OE11-3-POS_97696,Methanobacteriota,Archaea,PI-Archaeol(20:2(Me)_25:0),Archaeal_Lipid,Archaeal_Lipid,Archaeal lipids,ArchLips,Gold,4
A15_OE21-4-POS_71326,Methanobacteriota,Archaea,,,,,none,Unidentified,0
A15_OE21-4-POS_160954,Methanobacteriota,Archaea,,,,,none,Unidentified,0
A15_OE21-4-POS_195951,Methanobacteriota,Archaea,GluA-Gly-Archaeol(20:0_20:0),Archaeal_Lipid,Archaeal_Lipid,Archaeal lipids,ArchLips,Bronze,2
A15_OE21-4-POS_50443,Methanobacteriota,Archaea,,,,,none,Unidentified,0
A15_OE26-1POS_93454,Methanobacteriota,Archaea,,,,,none,Unidentified,0
A15_OE26-1POS_50656,Methanobacteriota,Archaea,,,,,none,Unidentified,0
A15_OE21-4-POS_209973,Methanobacteriota,Archaea,PA-Archaeol(20:1(Me)_25:1),Archaeal_Lipid,Archaeal_Lipid,Archaeal lipids,ArchLips,Gold,4
A15_OE11-3-POS_16782,Methanobacteriota,Archaea,,,,,none,Unidentified,0
A15_OE21-4-POS_187611,Thermoproteota,Archaea,,,,,none,Unidentified,0
A15_OE21-4-POS_204332,Methanobacteriota,Archaea,,,,,none,Unidentified,0
A15_OE26-1POS_97333,Methanobacteriota,Archaea,,,,,none,Unidentified,0
A15_OE21-4-POS_35961,Methanobacteriota,Archaea,,,,,none,Unidentified,0
A15_OE21-4-POS_166828,Thermoproteota,Archaea,Gly-Calditol-Archaeol(20:3_20:4),Archaeal_Lipid,Archaeal_Lipid,Archaeal lipids,ArchLips,Bronze,2
A15_OE21-4-POS_218395,Methanobacteriota,Archaea,,,,,none,Unidentified,0
A15_OE21-4-POS_88092,Methanobacteriota,Archaea,PI-Archaeol(20:3_25:0),Archaeal_Lipid,Archaeal_Lipid,Archaeal lipids,ArchLips,Bronze,2
A15_OE26-1POS_8015,Methanobacteriota,Archaea,,,,,none,Unidentified,0
A15_OE11-3-POS_59653,Methanobacteriota,Archaea,zeta-carotene,Archaeal_Lipid,Archaeal_Lipid,Archaeal lipids,ArchLips,Silver,4
A15_OE21-4-POS_196274,Methanobacteriota,Archaea,,,,,none,Unidentified,0
A15_OE11-3-POS_95575,Methanobacteriota,Archaea,NRib-Archaeol(20:4(Me)_25:5),Archaeal_Lipid,Archaeal_Lipid,Archaeal lipids,ArchLips,Silver,4
A15_OE21-4-POS_89649,Methanobacteriota,Archaea,,,,,none,Unidentified,0
A15_OE21-4-POS_102829,Methanobacteriota,Archaea,NAcGly-P-Archaeol(20:0_25:1),Archaeal_Lipid,Archaeal_Lipid,Archaeal lipids,ArchLips,Bronze,2
A15_OE21-4-POS_187658,Methanobacteriota,Archaea,Calditol-Archaeol(20:2_20:4),Archaeal_Lipid,Archaeal_Lipid,Archaeal lipids,ArchLips,Silver,4
A15_OE26-1POS_36204,Methanobacteriota,Archaea,,,,,none,Unidentified,0
A15_OE21-4-POS_206139,Methanobacteriota,Archaea,NAcGly-P-Archaeol(20:0(Me)_20:3(Me)),Archaeal_Lipid,Archaeal_Lipid,Archaeal lipids,ArchLips,Bronze,2
A15_OE11-3-POS_33888,Methanobacteriota,Archaea,"4,4'-diapo-zeta-carotene",Archaeal_Lipid,Archaeal_Lipid,Archaeal lipids,ArchLips,Bronze,2
A15_OE21-4-POS_191651,Methanobacteriota,Archaea,2Gly-Archaeol(20:0(OH)_20:1),Archaeal_Lipid,Archaeal_Lipid,Archaeal lipids,ArchLips,Gold,4
A15_OE11-3-POS_96693,Methanobacteriota,Archaea,PIP-Archaeol(20:1(Me)_25:2),Archaeal_Lipid,Archaeal_Lipid,Archaeal lipids,ArchLips,Bronze,2
A15_OE11-3-POS_38318,Methanobacteriota,Archaea,,,,,none,Unidentified,0
A15_OE21-4-POS_218998,Thermoproteota,Archaea,MeOGly-Archaeol(25:5(Me)_25:5(Me)),Archaeal_Lipid,Archaeal_Lipid,Archaeal lipids,ArchLips,Silver,4
A15_OE21-4-POS_176329,Thermoproteota,Archaea,2Gly-Archaeol(20:0(OH)_20:0),Archaeal_Lipid,Archaeal_Lipid,Archaeal lipids,ArchLips,Silver,4
A15_OE21-4-POS_90952,Methanobacteriota,Archaea,dihydro isopentenyl dehydrorhodopin,Archaeal_Lipid,Archaeal_Lipid,Archaeal lipids,ArchLips,Silver,4
A15_OE21-4-POS_180690,Thermoproteota,Archaea,MeO-Archaeol(20:2(Me)_20:3(Me)),Archaeal_Lipid,Archaeal_Lipid,Archaeal lipids,ArchLips,Silver,4
A15_OE26-1POS_30948,Methanobacteriota,Archaea,,,,,none,Unidentified,0
A15_OE11-3-POS_20255,Methanobacteriota,Archaea,"N,N,N-3Me-APT-Archaeol(20:4_20:4)",Archaeal_Lipid,Archaeal_Lipid,Archaeal lipids,ArchLips,Bronze,2
A15_OE11-3-POS_16985,Methanobacteriota,Archaea,,,,,none,Unidentified,0
A15_OE21-4-POS_163082,Thermoproteota,Archaea,NAcGly-P-Archaeol(20:2(Me)_20:4),Archaeal_Lipid,Archaeal_Lipid,Archaeal lipids,ArchLips,Silver,4
A15_OE21-4-POS_176694,Methanobacteriota,Archaea,Calditol-Archaeol(20:3_20:4),Archaeal_Lipid,Archaeal_Lipid,Archaeal lipids,ArchLips,Bronze,2
A15_OE11-3-POS_35802,Methanobacteriota,Archaea,,,,,none,Unidentified,0
A15_OE21-4-POS_219087,Methanobacteriota,Archaea,NAcGly-Archaeol(20:0_20:1),Archaeal_Lipid,Archaeal_Lipid,Archaeal lipids,ArchLips,Bronze,2
A15_OE21-4-POS_232014,Thermoproteota,Archaea,MeO-Archaeol(20:0(Me)_20:3),Archaeal_Lipid,Archaeal_Lipid,Archaeal lipids,ArchLips,Silver,4
A15_OE26-1POS_6319,Methanobacteriota,Archaea,,,,,none,Unidentified,0
A15_OE21-4-POS_183412,Methanobacteriota,Archaea,PA-Archaeol(20:3(Me)_25:4(Me)),Archaeal_Lipid,Archaeal_Lipid,Archaeal lipids,ArchLips,Gold,4
A15_OE21-4-POS_217599,Thermoproteota,Archaea,PGly-Archaeol(20:1(Me)_25:0),Archaeal_Lipid,Archaeal_Lipid,Archaeal lipids,ArchLips,Gold,4
A15_OE26-1POS_36308,Methanobacteriota,Archaea,,,,,none,Unidentified,0
A15_OE21-4-POS_202390,Methanobacteriota,Archaea,,,,,none,Unidentified,0
A15_OE21-4-POS_209504,Methanobacteriota,Archaea,PG-Archaeol(20:0_20:0),Archaeal_Lipid,Archaeal_Lipid,Archaeal lipids,ArchLips,Bronze,2
A15_OE21-4-POS_58691,Methanobacteriota,Archaea,PI-Archaeol(20:1(Me)_20:2(Me)),Archaeal_Lipid,Archaeal_Lipid,Archaeal lipids,ArchLips,Silver,4
A15_OE21-4-POS_37200,Methanobacteriota,Archaea,Gly-PS-Archaeol(20:0(Me)_20:1),Archaeal_Lipid,Archaeal_Lipid,Archaeal lipids,ArchLips,Bronze,2
A15_OE11-3-POS_12623,Methanobacteriota,Archaea,,,,,none,Unidentified,0
A15_OE21-4-POS_196273,Methanobacteriota,Archaea,APT-Archaeol(20:0_20:4),Archaeal_Lipid,Archaeal_Lipid,Archaeal lipids,ArchLips,Bronze,2
A15_OE21-4-POS_66951,Methanobacteriota,Archaea,,,,,none,Unidentified,0
A15_OE21-4-POS_157097,Thermoproteota,Archaea,Gly-Calditol-Archaeol(20:4_20:4),Archaeal_Lipid,Archaeal_Lipid,Archaeal lipids,ArchLips,Bronze,2
A15_OE26-1POS_103647,Methanobacteriota,Archaea,,,,,none,Unidentified,0
A15_OE21-4-POS_220602,Methanobacteriota,Archaea,,,,,none,Unidentified,0
A15_OE26-1POS_16820,Methanobacteriota,Archaea,PS-Archaeol(20:3(Me)_20:4(Me)),Archaeal_Lipid,Archaeal_Lipid,Archaeal lipids,ArchLips,Bronze,2
A15_OE21-4-POS_201851,Methanobacteriota,Archaea,,,,,none,Unidentified,0
A15_OE21-4-POS_228377,Thermoproteota,Archaea,Archaeol(20:1_20:1),Archaeal_Lipid,Archaeal_Lipid,Archaeal lipids,ArchLips,Silver,4
A15_OE21-4-POS_230569,Thermoproteota,Archaea,Archaeol(20:0_20:1),Archaeal_Lipid,Archaeal_Lipid,Archaeal lipids,ArchLips,Silver,4
A15_OE21-4-POS_183935,Methanobacteriota,Archaea,Gly-Archaeol(20:0(OH)_20:0(OH)),Archaeal_Lipid,Archaeal_Lipid,Archaeal lipids,ArchLips,Bronze,2
A15_OE21-4-POS_215849,Methanobacteriota,Archaea,Archaeol(20:0_20:0),Archaeal_Lipid,Archaeal_Lipid,Archaeal lipids,ArchLips,Silver,4
A15_OE11-3-POS_22864,Methanobacteriota,Archaea,,,,,none,Unidentified,0
A15_OE21-4-POS_203166,Methanobacteriota,Archaea,,,,,none,Unidentified,0
A15_OE21-4-POS_179188,Methanobacteriota,Archaea,PG-Archaeol(20:1_20:3),Archaeal_Lipid,Archaeal_Lipid,Archaeal lipids,ArchLips,Gold,4
A15_OE21-4-POS_33752,Methanobacteriota,Archaea,,,,,none,Unidentified,0
A15_OE21-4-POS_222071,Thermoproteota,Archaea,,,,,none,Unidentified,0
A15_OE26-1POS_38064,Methanobacteriota,Archaea,,,,,none,Unidentified,0
A15_OE26-1POS_29189,Methanobacteriota,Archaea,PE-Archaeol(20:4(Me)_20:4(Me)),Archaeal_Lipid,Archaeal_Lipid,Archaeal lipids,ArchLips,Bronze,2
A15_OE21-4-POS_204697,Thermoproteota,Archaea,NAcGly-Archaeol(20:4(Me)_25:5(Me)),Archaeal_Lipid,Archaeal_Lipid,Archaeal lipids,ArchLips,Bronze,2
A15_OE21-4-POS_166866,Methanobacteriota,Archaea,PS-Archaeol(20:0(OH)_20:1),Archaeal_Lipid,Archaeal_Lipid,Archaeal lipids,ArchLips,Gold,4
A15_OE21-4-POS_66240,Thermoproteota,Archaea,,,,,none,Unidentified,0
A15_OE21-4-POS_208759,Thermoproteota,Archaea,TG(34:2_12:0)+OO:(s),TG,TG,Glycerolipids,LipidSearch,Bronze,3
A15_OE21-4-POS_54296,Methanobacteriota,Archaea,,,,,none,Unidentified,0
A15_OE21-4-POS_32599,Thermoproteota,Archaea,,,,,none,Unidentified,0
A15_OE21-4-POS_57821,Methanobacteriota,Archaea,,,,,none,Unidentified,0
A15_OE26-1POS_24469,Methanobacteriota,Archaea,,,,,none,Unidentified,0
A15_OE21-4-POS_201913,Methanobacteriota,Archaea,PA-Archaeol(20:0(Me)_20:3(Me)),Archaeal_Lipid,Archaeal_Lipid,Archaeal lipids,ArchLips,Gold,4
A15_OE21-4-POS_215735,Methanobacteriota,Archaea,NAcGly-Archaeol(25:3_25:5),Archaeal_Lipid,Archaeal_Lipid,Archaeal lipids,ArchLips,Silver,4
A15_OE21-4-POS_189164,Thermoproteota,Archaea,Archaeol(20:4_20:4),Archaeal_Lipid,Archaeal_Lipid,Archaeal lipids,ArchLips,Bronze,2
A15_OE21-4-POS_189765,Thermoproteota,Archaea,,,,,none,Unidentified,0
A15_OE11-3-POS_96204,Methanobacteriota,Archaea,PIP-Archaeol(25:3(Me)_30:2(Me)),Archaeal_Lipid,Archaeal_Lipid,Archaeal lipids,ArchLips,Gold,4
A15_OE21-4-POS_182768,Methanobacteriota,Archaea,,,,,none,Unidentified,0
A15_OE21-4-POS_59621,Methanobacteriota,Archaea,,,,,none,Unidentified,0
A15_OE21-4-POS_220950,Thermoproteota,Archaea,PnE-Archaeol(20:4_25:2),Archaeal_Lipid,Archaeal_Lipid,Archaeal lipids,ArchLips,Bronze,2
A15_OE11-3-POS_60655,Methanobacteriota,Archaea,rhodopinol,Archaeal_Lipid,Archaeal_Lipid,Archaeal lipids,ArchLips,Gold,4
A15_OE11-3-POS_24383,Methanobacteriota,Archaea,,,,,none,Unidentified,0
A15_OE21-4-POS_68307,Methanobacteriota,Archaea,"3,4-dihydrospheroidene",Archaeal_Lipid,Archaeal_Lipid,Archaeal lipids,ArchLips,Bronze,2
A15_OE11-3-POS_66870,Methanobacteriota,Archaea,PGly-Archaeol(20:4_20:4),Archaeal_Lipid,Archaeal_Lipid,Archaeal lipids,ArchLips,Bronze,2
A15_OE21-4-POS_216964,Thermoproteota,Archaea,,,,,none,Unidentified,0
A15_OE21-4-POS_217504,Methanobacteriota,Archaea,Archaeol(20:0_20:0),Archaeal_Lipid,Archaeal_Lipid,Archaeal lipids,ArchLips,Silver,4
A15_OE11-3-POS_5134,Methanobacteriota,Archaea,,,,,none,Unidentified,0
A15_OE21-4-POS_156122,Methanobacteriota,Archaea,phytoene,Archaeal_Lipid,Archaeal_Lipid,Archaeal lipids,ArchLips,Silver,4
A15_OE21-4-POS_225218,Thermoproteota,Archaea,,,,,none,Unidentified,0
A15_OE11-3-POS_96201,Methanobacteriota,Archaea,GluA-Archaeol(20:0_20:4),Archaeal_Lipid,Archaeal_Lipid,Archaeal lipids,ArchLips,Gold,4
A15_OE21-4-POS_115520,Methanobacteriota,Archaea,,,,,none,Unidentified,0
A15_OE21-4-POS_205797,Thermoproteota,Archaea,PG-Archaeol(20:0_20:1),Archaeal_Lipid,Archaeal_Lipid,Archaeal lipids,ArchLips,Gold,4
A15_OE21-4-POS_29730,Methanobacteriota,Archaea,,,,,none,Unidentified,0
A15_OE21-4-POS_65751,Methanobacteriota,Archaea,,,,,none,Unidentified,0
A15_OE11-3-POS_13966,Methanobacteriota,Archaea,TG(7:0_18:2)+O:(s),TG,TG,Glycerolipids,LipidSearch,Bronze,3
A15_OE21-4-POS_55788,Methanobacteriota,Archaea,TG(9:0_18:2)+O:(s),TG,TG,Glycerolipids,LipidSearch,Gold,4
A15_OE21-4-POS_200366,Thermoproteota,Archaea,PE-Archaeol(20:0(OH)_20:3),Archaeal_Lipid,Archaeal_Lipid,Archaeal lipids,ArchLips,Silver,4
A15_OE26-1POS_106000,Methanobacteriota,Archaea,PC-Archaeol(20:2_25:3),Archaeal_Lipid,Archaeal_Lipid,Archaeal lipids,ArchLips,Bronze,2
A15_OE21-4-POS_168191,Methanobacteriota,Archaea,PC-Archaeol(20:4(Me)_20:4),Archaeal_Lipid,Archaeal_Lipid,Archaeal lipids,ArchLips,Silver,4
A15_OE21-4-POS_219886,Thermoproteota,Archaea,PDME-Archaeol(20:1(Me)_20:3(Me)),Archaeal_Lipid,Archaeal_Lipid,Archaeal lipids,ArchLips,Bronze,2
A15_OE26-1POS_99716,Methanobacteriota,Archaea,Me-PGP-Archaeol(25:0(Me)_25:3(Me)),Archaeal_Lipid,Archaeal_Lipid,Archaeal lipids,ArchLips,Bronze,2
A15_OE11-3-POS_100427,Methanobacteriota,Archaea,DeoxyGly-Archaeol(20:1(Me)_20:4(Me)),Archaeal_Lipid,Archaeal_Lipid,Archaeal lipids,ArchLips,Gold,4
A15_OE11-3-POS_99866,Methanobacteriota,Archaea,PnC-Archaeol(20:1_20:3),Archaeal_Lipid,Archaeal_Lipid,Archaeal lipids,ArchLips,Silver,4
A15_OE21-4-POS_180692,Thermoproteota,Archaea,,,,,none,Unidentified,0
A15_OE21-4-POS_170337,Thermoproteota,Archaea,NAcGly-P-Archaeol(20:1_20:4),Archaeal_Lipid,Archaeal_Lipid,Archaeal lipids,ArchLips,Bronze,2
A15_OE11-3-POS_94790,Methanobacteriota,Archaea,,,,,none,Unidentified,0
A15_OE11-3-POS_27105,Methanobacteriota,Archaea,PG-Archaeol(20:4_25:5),Archaeal_Lipid,Archaeal_Lipid,Archaeal lipids,ArchLips,Gold,4
A15_OE26-1POS_37562,Methanobacteriota,Archaea,,,,,none,Unidentified,0
A15_OE21-4-POS_175262,Thermoproteota,Archaea,PG-Archaeol(20:4(Me)_20:4(Me)),Archaeal_Lipid,PEt,Glycerophospholipids,ArchLips,Silver,4
A15_OE21-4-POS_24247,Methanobacteriota,Archaea,,,,,none,Unidentified,0
A15_OE21-4-POS_169611,Methanobacteriota,Archaea,PE-Archaeol(20:0(OH)_20:4),Archaeal_Lipid,Archaeal_Lipid,Archaeal lipids,ArchLips,Bronze,2
A15_OE21-4-POS_35130,Thermoproteota,Archaea,,,,,none,Unidentified,0
A15_OE21-4-POS_178473,Methanobacteriota,Archaea,,,,,none,Unidentified,0
A15_OE21-4-POS_209212,Thermoproteota,Archaea,PA-Archaeol(25:5(Me)_25:5(Me)),Archaeal_Lipid,TG,Glycerolipids,ArchLips,Gold,4
A15_OE11-3-POS_65491,Methanobacteriota,Archaea,Sulfo-SQ-Archaeol(20:3(Me)_25:5(Me)),Archaeal_Lipid,Archaeal_Lipid,Archaeal lipids,ArchLips,Bronze,2
A15_OE21-4-POS_35133,Methanobacteriota,Archaea,DG(5:0_21:4),DG,DG,Glycerolipids,LipidSearch,Bronze,3
A15_OE11-3-POS_93087,Methanobacteriota,Archaea,PI-Archaeol(20:3(Me)_25:3),Archaeal_Lipid,Archaeal_Lipid,Archaeal lipids,ArchLips,Silver,4
A15_OE26-1POS_97365,Methanobacteriota,Archaea,PME-Archaeol(25:5(Me)_30:6),Archaeal_Lipid,Archaeal_Lipid,Archaeal lipids,ArchLips,Bronze,2
A15_OE21-4-POS_204641,Methanobacteriota,Archaea,,,,,none,Unidentified,0
A15_OE21-4-POS_200541,Thermoproteota,Archaea,Me-PGP-Archaeol(20:0_20:0),Archaeal_Lipid,Archaeal_Lipid,Archaeal lipids,ArchLips,Gold,4
A15_OE11-3-POS_102173,Methanobacteriota,Archaea,PS-Archaeol(20:0_20:0),Archaeal_Lipid,Archaeal_Lipid,Archaeal lipids,ArchLips,Gold,4
A15_OE11-3-POS_98010,Methanobacteriota,Archaea,Sulfo-PG-Archaeol(20:0(Me)_25:0),Archaeal_Lipid,Archaeal_Lipid,Archaeal lipids,ArchLips,Gold,4
A15_OE11-3-POS_90012,Methanobacteriota,Archaea,,,,,none,Unidentified,0
A15_OE11-3-POS_1496,Methanobacteriota,Archaea,,,,,none,Unidentified,0
A15_OE21-4-POS_219891,Thermoproteota,Archaea,2Gly-Archaeol(20:0_20:0),Archaeal_Lipid,Archaeal_Lipid,Archaeal lipids,ArchLips,Bronze,2
A15_OE21-4-POS_224805,Thermoproteota,Archaea,MeO-Archaeol(20:4(Me)_25:5),Archaeal_Lipid,Archaeal_Lipid,Archaeal lipids,ArchLips,Gold,4
A15_OE11-3-POS_90938,Methanobacteriota,Archaea,PIP-Archaeol(25:5(Me)_30:1(Me)),Archaeal_Lipid,Archaeal_Lipid,Archaeal lipids,ArchLips,Gold,4
A15_OE21-4-POS_175261,Thermoproteota,Archaea,PG-Archaeol(20:1_20:4),Archaeal_Lipid,PC,Glycerophospholipids,ArchLips,Gold,4
A15_OE26-1POS_105391,Methanobacteriota,Archaea,,,,,none,Unidentified,0
A15_OE11-3-POS_100824,Methanobacteriota,Archaea,PC-Archaeol(20:0_20:2),Archaeal_Lipid,Archaeal_Lipid,Archaeal lipids,ArchLips,Bronze,2
A15_OE11-3-POS_58472,Methanobacteriota,Archaea,,,,,none,Unidentified,0
A15_OE26-1POS_13129,Methanobacteriota,Archaea,,,,,none,Unidentified,0
A15_OE21-4-POS_173700,Thermoproteota,Archaea,,,,,none,Unidentified,0
A15_OE26-1POS_90850,Methanobacteriota,Archaea,,,,,none,Unidentified,0
A15_OE26-1POS_98176,Methanobacteriota,Archaea,Sulfo-Gly-Archaeol(20:4(Me)_25:4(Me)),Archaeal_Lipid,Archaeal_Lipid,Archaeal lipids,ArchLips,Silver,4
A15_OE21-4-POS_226663,Methanobacteriota,Archaea,Archaeol(20:0_20:0),Archaeal_Lipid,Archaeal_Lipid,Archaeal lipids,ArchLips,Gold,4
A15_OE21-4-POS_49205,Methanobacteriota,Archaea,,,,,none,Unidentified,0
A15_OE11-3-POS_27569,Methanobacteriota,Archaea,,,,,none,Unidentified,0
A15_OE21-4-POS_200348,Thermoproteota,Archaea,Archaeol(20:3_20:4),Archaeal_Lipid,Archaeal_Lipid,Archaeal lipids,ArchLips,Bronze,2
A15_OE26-1POS_23237,Methanobacteriota,Archaea,,,,,none,Unidentified,0
A15_OE21-4-POS_214209,Methanobacteriota,Archaea,PA-Archaeol(20:1(Me)_25:1),Archaeal_Lipid,Archaeal_Lipid,Archaeal lipids,ArchLips,Gold,4
A15_OE21-4-POS_15720,Methanobacteriota,Archaea,,,,,none,Unidentified,0
A15_OE21-4-POS_225419,Methanobacteriota,Archaea,,,,,none,Unidentified,0
A15_OE21-4-POS_206641,Methanobacteriota,Archaea,,,,,none,Unidentified,0
A15_OE11-3-POS_83773,Methanobacteriota,Archaea,PG(O-19:2_23:5),PG,PG,Glycerophospholipids,LipidSearch,Bronze,3
A15_OE21-4-POS_84897,Methanobacteriota,Archaea,,,,,none,Unidentified,0
A15_OE21-4-POS_221676,Methanobacteriota,Archaea,,,,,none,Unidentified,0
A15_OE21-4-POS_173852,Methanobacteriota,Archaea,Gly-Calditol-Archaeol(20:2_20:4),Archaeal_Lipid,Archaeal_Lipid,Archaeal lipids,ArchLips,Gold,4
A15_OE26-1POS_100131,Methanobacteriota,Archaea,PI-Archaeol(20:2(Me)_25:1),Archaeal_Lipid,Archaeal_Lipid,Archaeal lipids,ArchLips,Gold,4
A15_OE21-4-POS_214811,Thermoproteota,Archaea,,,,,none,Unidentified,0
A15_OE21-4-POS_218975,Thermoproteota,Archaea,,,,,none,Unidentified,0
A15_OE21-4-POS_196901,Thermoproteota,Archaea,PGP-Archaeol(20:4(Me)_25:0),Archaeal_Lipid,Archaeal_Lipid,Archaeal lipids,ArchLips,Silver,4
A15_OE11-3-POS_51606,Methanobacteriota,Archaea,APT-Archaeol(25:4(Me)_25:5),Archaeal_Lipid,Archaeal_Lipid,Archaeal lipids,ArchLips,Bronze,2
A15_OE21-4-POS_200432,Thermoproteota,Archaea,Me-PGP-Archaeol(20:0(Me)_25:4(Me)),Archaeal_Lipid,Archaeal_Lipid,Archaeal lipids,ArchLips,Gold,4
A15_OE21-4-POS_204879,Thermoproteota,Archaea,"N,N,N-3Me-APT-Archaeol(20:1(Me)_25:5)",Archaeal_Lipid,Archaeal_Lipid,Archaeal lipids,ArchLips,Silver,4
A15_OE21-4-POS_189296,Thermoproteota,Archaea,,,,,none,Unidentified,0
A15_OE26-1POS_103696,Methanobacteriota,Archaea,GluA-Archaeol(25:4(Me)_25:4(Me)),Archaeal_Lipid,Archaeal_Lipid,Archaeal lipids,ArchLips,Silver,4
A15_OE21-4-POS_90980,Methanobacteriota,Archaea,,,,,none,Unidentified,0
A15_OE21-4-POS_195952,Methanobacteriota,Archaea,Gly-Rib-Archaeol(20:2_25:2),Archaeal_Lipid,Archaeal_Lipid,Archaeal lipids,ArchLips,Gold,4
A15_OE21-4-POS_199099,Methanobacteriota,Archaea,,,,,none,Unidentified,0
A15_OE21-4-POS_209819,Methanobacteriota,Archaea,N-Me-APT-Archaeol(20:1_20:1),Archaeal_Lipid,Archaeal_Lipid,Archaeal lipids,ArchLips,Silver,4
A15_OE21-4-POS_167323,Thermoproteota,Archaea,PG-Archaeol(20:2_20:4),Archaeal_Lipid,PEt,Glycerophospholipids,ArchLips,Gold,4
A15_OE21-4-POS_228308,Thermoproteota,Archaea,Archaeol(20:1(Me)_20:4(Me)),Archaeal_Lipid,Archaeal_Lipid,Archaeal lipids,ArchLips,Gold,4
A15_OE11-3-POS_78229,Methanobacteriota,Archaea,,,,,none,Unidentified,0
A15_OE21-4-POS_195294,Methanobacteriota,Archaea,2Gly-Archaeol(20:0(OH)_20:0),Archaeal_Lipid,Archaeal_Lipid,Archaeal lipids,ArchLips,Gold,4
A15_OE21-4-POS_55309,Methanobacteriota,Archaea,,,,,none,Unidentified,0
A15_OE21-4-POS_211669,Thermoproteota,Archaea,Archaeol(20:2_20:3),Archaeal_Lipid,Archaeal_Lipid,Archaeal lipids,ArchLips,Gold,4
A15_OE11-3-POS_104309,Methanobacteriota,Archaea,2Me-PA-Archaeol(20:0_20:1),Archaeal_Lipid,Archaeal_Lipid,Archaeal lipids,ArchLips,Bronze,2
A15_OE21-4-POS_230444,Thermoproteota,Archaea,MeO-Archaeol(20:0(Me)_20:4),Archaeal_Lipid,Archaeal_Lipid,Archaeal lipids,ArchLips,Bronze,2
A15_OE21-4-POS_28103,Methanobacteriota,Archaea,,,,,none,Unidentified,0
A15_OE21-4-POS_14270,Methanobacteriota,Archaea,,,,,none,Unidentified,0
A15_OE26-1POS_18160,Methanobacteriota,Archaea,,,,,none,Unidentified,0
A15_OE11-3-POS_25069,Methanobacteriota,Archaea,,,,,none,Unidentified,0
A15_OE11-3-POS_41536,Methanobacteriota,Archaea,"1,1'-dihydroxy-1,1',2,2'-tetrahydrolycopene",Archaeal_Lipid,WE,Fatty acyls,ArchLips,Silver,4
A15_OE11-3-POS_97539,Methanobacteriota,Archaea,PGP-Archaeol(20:0(Me)_20:2(Me)),Archaeal_Lipid,Archaeal_Lipid,Archaeal lipids,ArchLips,Silver,4
A15_OE21-4-POS_199194,Methanobacteriota,Archaea,NAcGly-P-Archaeol(20:0(Me)_20:4(Me)),Archaeal_Lipid,Archaeal_Lipid,Archaeal lipids,ArchLips,Bronze,2
A15_OE21-4-POS_195072,Methanobacteriota,Archaea,Gly-Rib-Archaeol(20:0_25:3),Archaeal_Lipid,Archaeal_Lipid,Archaeal lipids,ArchLips,Gold,4
A15_OE26-1POS_84156,Methanobacteriota,Archaea,Sulfo-PG-Archaeol(20:3(Me)_25:1),Archaeal_Lipid,Archaeal_Lipid,Archaeal lipids,ArchLips,Gold,4
A15_OE11-3-POS_95647,Methanobacteriota,Archaea,Sulfo-PG-Archaeol(20:3_25:5),Archaeal_Lipid,Archaeal_Lipid,Archaeal lipids,ArchLips,Gold,4
A15_OE21-4-POS_73585,Methanobacteriota,Archaea,,,,,none,Unidentified,0
A15_OE21-4-POS_158842,Thermoproteota,Archaea,,,,,none,Unidentified,0
A15_OE11-3-POS_102301,Methanobacteriota,Archaea,,,,,none,Unidentified,0
A15_OE26-1POS_5156,Methanobacteriota,Archaea,PS-Archaeol(20:3(Me)_20:4),Archaeal_Lipid,Archaeal_Lipid,Archaeal lipids,ArchLips,Silver,4
A15_OE11-3-POS_50080,Methanobacteriota,Archaea,,,,,none,Unidentified,0
A15_OE21-4-POS_174803,Methanobacteriota,Archaea,,,,,none,Unidentified,0
A15_OE21-4-POS_210499,Thermoproteota,Archaea,TG(40:9_15:0)+OO:(s),TG,TG,Glycerolipids,LipidSearch,Bronze,3
A15_OE21-4-POS_207614,Thermoproteota,Archaea,"N,N,N-3Me-APT-Archaeol(20:1_20:3)",Archaeal_Lipid,Archaeal_Lipid,Archaeal lipids,ArchLips,Gold,4
A15_OE26-1POS_82745,Methanobacteriota,Archaea,Sulfo-PG-Archaeol(20:3(Me)_25:1),Archaeal_Lipid,Archaeal_Lipid,Archaeal lipids,ArchLips,Gold,4
A15_OE11-3-POS_89626,Methanobacteriota,Archaea,PI-Archaeol(20:0(OH)_20:2),Archaeal_Lipid,Archaeal_Lipid,Archaeal lipids,ArchLips,Silver,4
A15_OE21-4-POS_49204,Methanobacteriota,Archaea,GluA-Archaeol(20:3_20:4),Archaeal_Lipid,Archaeal_Lipid,Archaeal lipids,ArchLips,Bronze,2
A15_OE21-4-POS_203908,Thermoproteota,Archaea,,,,,none,Unidentified,0
A15_OE21-4-POS_167168,Methanobacteriota,Archaea,PG-Archaeol(20:2(Me)_20:4),Archaeal_Lipid,Archaeal_Lipid,Archaeal lipids,ArchLips,Gold,4
A15_OE21-4-POS_186882,Methanobacteriota,Archaea,CDP-Archaeol(20:0(Me)_20:1),Archaeal_Lipid,Archaeal_Lipid,Archaeal lipids,ArchLips,Bronze,2
A15_OE21-4-POS_193940,Methanobacteriota,Archaea,,,,,none,Unidentified,0
A15_OE21-4-POS_200102,Methanobacteriota,Archaea,,,,,none,Unidentified,0
A15_OE26-1POS_29089,Methanobacteriota,Archaea,PC-Archaeol(20:4_20:4),Archaeal_Lipid,Archaeal_Lipid,Archaeal lipids,ArchLips,Bronze,2
A15_OE21-4-POS_209592,Methanobacteriota,Archaea,PA-Archaeol(25:0_25:4),Archaeal_Lipid,Archaeal_Lipid,Archaeal lipids,ArchLips,Bronze,2
A15_OE21-4-POS_82647,Thermoproteota,Archaea,,,,,none,Unidentified,0
A15_OE21-4-POS_189702,Methanobacteriota,Archaea,APT-Archaeol(20:0_20:4),Archaeal_Lipid,Archaeal_Lipid,Archaeal lipids,ArchLips,Bronze,2
A15_OE21-4-POS_225514,Thermoproteota,Archaea,PA-Archaeol(20:0_20:0),Archaeal_Lipid,Archaeal_Lipid,Archaeal lipids,ArchLips,Gold,4
A15_OE21-4-POS_180147,Thermoproteota,Archaea,,,,,none,Unidentified,0
A15_OE21-4-POS_172250,Methanobacteriota,Archaea,DG(18:0_28:8),DG,DG,Glycerolipids,LipidSearch,Bronze,3
A15_OE11-3-POS_27427,Methanobacteriota,Archaea,NAcGly-P-Archaeol(20:4(Me)_25:2(Me)),Archaeal_Lipid,Archaeal_Lipid,Archaeal lipids,ArchLips,Bronze,2
A15_OE21-4-POS_166820,Methanobacteriota,Archaea,,,,,none,Unidentified,0
A15_OE11-3-POS_71284,Methanobacteriota,Archaea,,,,,none,Unidentified,0
A15_OE21-4-POS_219380,Thermoproteota,Archaea,,,,,none,Unidentified,0
A15_OE21-4-POS_194405,Methanobacteriota,Archaea,AC-Archaeol(20:2_20:4),Archaeal_Lipid,Archaeal_Lipid,Archaeal lipids,ArchLips,Gold,4
A15_OE21-4-POS_227362,Thermoproteota,Archaea,,,,,none,Unidentified,0
A15_OE21-4-POS_212310,Thermoproteota,Archaea,PS-Archaeol(25:3(Me)_25:3(Me)),Archaeal_Lipid,Archaeal_Lipid,Archaeal lipids,ArchLips,Bronze,2
A15_OE26-1POS_19232,Methanobacteriota,Archaea,,,,,none,Unidentified,0
A15_OE11-3-POS_105258,Methanobacteriota,Archaea,APT-Archaeol(20:3(Me)_20:4(Me)),Archaeal_Lipid,Archaeal_Lipid,Archaeal lipids,ArchLips,Gold,4
A15_OE21-4-POS_194307,Methanobacteriota,Archaea,,,,,none,Unidentified,0
A15_OE11-3-POS_21186,Methanobacteriota,Archaea,,,,,none,Unidentified,0
A15_OE26-1POS_9302,Methanobacteriota,Archaea,PE-Archaeol(20:4_20:4),Archaeal_Lipid,Archaeal_Lipid,Archaeal lipids,ArchLips,Gold,4
A15_OE21-4-POS_218211,Methanobacteriota,Archaea,PnE-Archaeol(25:3(Me)_30:6(Me)),Archaeal_Lipid,Archaeal_Lipid,Archaeal lipids,ArchLips,Gold,4
A15_OE21-4-POS_45599,Methanobacteriota,Archaea,,,,,none,Unidentified,0
A15_OE21-4-POS_199658,Methanobacteriota,Archaea,2Gly-Archaeol(20:0(OH)_20:0),Archaeal_Lipid,Archaeal_Lipid,Archaeal lipids,ArchLips,Silver,4
A15_OE11-3-POS_55880,Methanobacteriota,Archaea,,,,,none,Unidentified,0
A15_OE11-3-POS_66057,Methanobacteriota,Archaea,phytofluene,Archaeal_Lipid,Archaeal_Lipid,Archaeal lipids,ArchLips,Bronze,2
A15_OE26-1POS_38719,Methanobacteriota,Archaea,,,,,none,Unidentified,0
A15_OE11-3-POS_73984,Methanobacteriota,Archaea,,,,,none,Unidentified,0
A15_OE11-3-POS_79859,Methanobacteriota,Archaea,,,,,none,Unidentified,0
A15_OE21-4-POS_25637,Methanobacteriota,Archaea,,,,,none,Unidentified,0
A15_OE21-4-POS_213877,Thermoproteota,Archaea,,,,,none,Unidentified,0
A15_OE21-4-POS_41530,Methanobacteriota,Archaea,,,,,none,Unidentified,0
A15_OE21-4-POS_209237,Methanobacteriota,Archaea,MP(9:7(OH)),Archaeal_Lipid,Archaeal_Lipid,Archaeal lipids,ArchLips,Bronze,2
A15_OE21-4-POS_49191,Methanobacteriota,Archaea,,,,,none,Unidentified,0
A15_OE21-4-POS_205984,Thermoproteota,Archaea,,,,,none,Unidentified,0
A15_OE21-4-POS_215072,Methanobacteriota,Archaea,,,,,none,Unidentified,0
A15_OE21-4-POS_170343,Thermoproteota,Archaea,PS-Archaeol(20:1_20:3),Archaeal_Lipid,PC,Glycerophospholipids,ArchLips,Gold,4
A15_OE26-1POS_99471,Methanobacteriota,Archaea,GluA-Archaeol(25:5(Me)_25:5),Archaeal_Lipid,Archaeal_Lipid,Archaeal lipids,ArchLips,Gold,4
A15_OE11-3-POS_77282,Methanobacteriota,Archaea,,,,,none,Unidentified,0
A15_OE11-3-POS_79684,Methanobacteriota,Archaea,DMK(6:1(OH)),Archaeal_Lipid,Archaeal_Lipid,Archaeal lipids,ArchLips,Bronze,2
A15_OE21-4-POS_202905,Methanobacteriota,Archaea,Gly-Archaeol(20:0(OH)_20:1),Archaeal_Lipid,Archaeal_Lipid,Archaeal lipids,ArchLips,Silver,4
A15_OE21-4-POS_200180,Methanobacteriota,Archaea,PG-Archaeol(20:0_20:1),Archaeal_Lipid,DG,Glycerolipids,ArchLips,Gold,4
A15_OE21-4-POS_194822,Methanobacteriota,Archaea,Archaeol(20:0(OH)_20:4),Archaeal_Lipid,Archaeal_Lipid,Archaeal lipids,ArchLips,Bronze,2
A15_OE21-4-POS_166077,Thermoproteota,Archaea,,,,,none,Unidentified,0
A15_OE21-4-POS_39554,Methanobacteriota,Archaea,Me-PPA-Archaeol(20:1_25:3),Archaeal_Lipid,Archaeal_Lipid,Archaeal lipids,ArchLips,Bronze,2
A15_OE21-4-POS_206618,Thermoproteota,Archaea,,,,,none,Unidentified,0
A15_OE11-3-POS_80860,Methanobacteriota,Archaea,PGly-Archaeol(20:2_20:4),Archaeal_Lipid,Archaeal_Lipid,Archaeal lipids,ArchLips,Bronze,2
A15_OE26-1POS_31422,Methanobacteriota,Archaea,"4,4'-diapo-zeta-carotene",Archaeal_Lipid,Archaeal_Lipid,Archaeal lipids,ArchLips,Gold,4
A15_OE11-3-POS_104471,Methanobacteriota,Archaea,,,,,none,Unidentified,0
A15_OE21-4-POS_205126,Methanobacteriota,Archaea,,,,,none,Unidentified,0
A15_OE11-3-POS_65297,Methanobacteriota,Archaea,,,,,none,Unidentified,0
A15_OE11-3-POS_11719,Methanobacteriota,Archaea,,,,,none,Unidentified,0
A15_OE11-3-POS_83682,Methanobacteriota,Archaea,PG-Archaeol(20:2_20:4),Archaeal_Lipid,Archaeal_Lipid,Archaeal lipids,ArchLips,Gold,4
A15_OE11-3-POS_15520,Methanobacteriota,Archaea,PS-Archaeol(20:3(Me)_20:4(Me)),Archaeal_Lipid,Archaeal_Lipid,Archaeal lipids,ArchLips,Silver,4
A15_OE26-1POS_99914,Methanobacteriota,Archaea,PPA-Archaeol(20:1(Me)_25:0),Archaeal_Lipid,Archaeal_Lipid,Archaeal lipids,ArchLips,Gold,4
A15_OE21-4-POS_192998,Thermoproteota,Archaea,MTK(11:11),Archaeal_Lipid,Archaeal_Lipid,Archaeal lipids,ArchLips,Bronze,2
A15_OE21-4-POS_206306,Thermoproteota,Archaea,PGP-Archaeol(20:3(Me)_25:0),Archaeal_Lipid,Archaeal_Lipid,Archaeal lipids,ArchLips,Gold,4
A15_OE21-4-POS_207737,Thermoproteota,Archaea,,,,,none,Unidentified,0
A15_OE21-4-POS_66127,Thermoproteota,Archaea,,,,,none,Unidentified,0
A15_OE21-4-POS_70287,Methanobacteriota,Archaea,,,,,none,Unidentified,0
A15_OE11-3-POS_91579,Methanobacteriota,Archaea,,,,,none,Unidentified,0
A15_OE21-4-POS_75548,Methanobacteriota,Archaea,,,,,none,Unidentified,0
A15_OE21-4-POS_163032,Methanobacteriota,Archaea,,,,,none,Unidentified,0
A15_OE21-4-POS_219466,Thermoproteota,Archaea,MeO-Archaeol(20:3(Me)_20:4),Archaeal_Lipid,Archaeal_Lipid,Archaeal lipids,ArchLips,Gold,4
A15_OE11-3-POS_54289,Methanobacteriota,Archaea,DMK(5:1(OH)),Archaeal_Lipid,Archaeal_Lipid,Archaeal lipids,ArchLips,Bronze,2
A15_OE21-4-POS_213025,Thermoproteota,Archaea,MePC(40:4),MePC,MePC,Glycerophospholipids,LipidSearch,Bronze,3
A15_OE11-3-POS_100054,Methanobacteriota,Archaea,Sulfo-PG-Archaeol(20:0(Me)_20:0(Me)),Archaeal_Lipid,Archaeal_Lipid,Archaeal lipids,ArchLips,Gold,4
A15_OE11-3-POS_103050,Methanobacteriota,Archaea,Archaeol(20:4_25:4),Archaeal_Lipid,Archaeal_Lipid,Archaeal lipids,ArchLips,Silver,4
A15_OE21-4-POS_198415,Thermoproteota,Archaea,Archaeol(20:3_20:4),Archaeal_Lipid,Archaeal_Lipid,Archaeal lipids,ArchLips,Bronze,2
A15_OE21-4-POS_214608,Thermoproteota,Archaea,Hp-Gly-Archaeol(20:0_20:2),Archaeal_Lipid,Archaeal_Lipid,Archaeal lipids,ArchLips,Bronze,2
A15_OE11-3-POS_83683,Methanobacteriota,Archaea,,,,,none,Unidentified,0
A15_OE11-3-POS_106432,Methanobacteriota,Archaea,,,,,none,Unidentified,0
A15_OE26-1POS_16208,Methanobacteriota,Archaea,,,,,none,Unidentified,0
A15_OE26-1POS_48076,Methanobacteriota,Archaea,,,,,none,Unidentified,0
A15_OE21-4-POS_68536,Methanobacteriota,Archaea,TG(26:5_6:0)+O:(s),TG,TG,Glycerolipids,LipidSearch,Bronze,3
A15_OE21-4-POS_225689,Thermoproteota,Archaea,PA-Archaeol(20:0_20:0),Archaeal_Lipid,Archaeal_Lipid,Archaeal lipids,ArchLips,Silver,4
A15_OE26-1POS_101874,Methanobacteriota,Archaea,,,,,none,Unidentified,0
A15_OE26-1POS_92599,Methanobacteriota,Archaea,,,,,none,Unidentified,0
A15_OE21-4-POS_202393,Thermoproteota,Archaea,Gly-Calditol-Archaeol(20:1_20:2),Archaeal_Lipid,Archaeal_Lipid,Archaeal lipids,ArchLips,Gold,4
A15_OE21-4-POS_207100,Methanobacteriota,Archaea,PA-Archaeol(20:0(OH)_20:1),Archaeal_Lipid,Archaeal_Lipid,Archaeal lipids,ArchLips,Gold,4
A15_OE21-4-POS_55510,Methanobacteriota,Archaea,,,,,none,Unidentified,0
A15_OE11-3-POS_21494,Methanobacteriota,Archaea,PE-Archaeol(20:4_20:4),Archaeal_Lipid,Archaeal_Lipid,Archaeal lipids,ArchLips,Bronze,2
A15_OE11-3-POS_28313,Methanobacteriota,Archaea,,,,,none,Unidentified,0
A15_OE11-3-POS_100313,Methanobacteriota,Archaea,2Gly-Archaeol(20:1_20:1),Archaeal_Lipid,Archaeal_Lipid,Archaeal lipids,ArchLips,Gold,4
A15_OE26-1POS_32822,Methanobacteriota,Archaea,,,,,none,Unidentified,0
A15_OE21-4-POS_192043,Methanobacteriota,Archaea,Sulfo-PG-Archaeol(20:0(Me)_20:0(Me)),Archaeal_Lipid,Archaeal_Lipid,Archaeal lipids,ArchLips,Bronze,2
A15_OE21-4-POS_223497,Thermoproteota,Archaea,,,,,none,Unidentified,0
A15_OE21-4-POS_203530,Thermoproteota,Archaea,NAcGly-P-Archaeol(20:0_20:0),Archaeal_Lipid,Archaeal_Lipid,Archaeal lipids,ArchLips,Bronze,2
A15_OE21-4-POS_141777,Methanobacteriota,Archaea,NAcGly-P-Archaeol(20:4_20:4),Archaeal_Lipid,Archaeal_Lipid,Archaeal lipids,ArchLips,Bronze,2
A15_OE21-4-POS_192255,Methanobacteriota,Archaea,TG(36:5_23:6)+O:(s),TG,TG,Glycerolipids,LipidSearch,Bronze,3
A15_OE21-4-POS_206643,Thermoproteota,Archaea,,,,,none,Unidentified,0
A15_OE26-1POS_29920,Methanobacteriota,Archaea,,,,,none,Unidentified,0
A15_OE11-3-POS_68283,Methanobacteriota,Archaea,,,,,none,Unidentified,0
A15_OE21-4-POS_214096,Thermoproteota,Archaea,Archaeol(20:2_20:3),Archaeal_Lipid,Archaeal_Lipid,Archaeal lipids,ArchLips,Silver,4
A15_OE21-4-POS_202331,Methanobacteriota,Archaea,PA-Archaeol(20:0(Me)_20:1),Archaeal_Lipid,Archaeal_Lipid,Archaeal lipids,ArchLips,Gold,4
A15_OE21-4-POS_214226,Thermoproteota,Archaea,MeO-Archaeol(20:4(Me)_20:4),Archaeal_Lipid,Archaeal_Lipid,Archaeal lipids,ArchLips,Bronze,2
A15_OE11-3-POS_59757,Methanobacteriota,Archaea,,,,,none,Unidentified,0
A15_OE26-1POS_19381,Methanobacteriota,Archaea,,,,,none,Unidentified,0
A15_OE21-4-POS_226359,Thermoproteota,Archaea,2Me-PA-Archaeol(20:0_20:3),Archaeal_Lipid,Archaeal_Lipid,Archaeal lipids,ArchLips,Gold,4
A15_OE21-4-POS_215788,Methanobacteriota,Archaea,PnE-Archaeol(20:4_20:4),Archaeal_Lipid,Archaeal_Lipid,Archaeal lipids,ArchLips,Silver,4
A15_OE11-3-POS_105411,Methanobacteriota,Archaea,,,,,none,Unidentified,0
A15_OE26-1POS_22618,Methanobacteriota,Archaea,,,,,none,Unidentified,0
A15_OE11-3-POS_31743,Methanobacteriota,Archaea,,,,,none,Unidentified,0
A15_OE21-4-POS_131502,Methanobacteriota,Archaea,,,,,none,Unidentified,0
A15_OE11-3-POS_102475,Methanobacteriota,Archaea,Me-PPA-Archaeol(25:0(Me)_25:1),Archaeal_Lipid,Archaeal_Lipid,Archaeal lipids,ArchLips,Silver,4
A15_OE26-1POS_82367,Methanobacteriota,Archaea,,,,,none,Unidentified,0
A15_OE26-1POS_41596,Methanobacteriota,Archaea,,,,,none,Unidentified,0
A15_OE21-4-POS_167512,Thermoproteota,Archaea,PDME-Archaeol(20:4(Me)_20:4(Me)),Archaeal_Lipid,Archaeal_Lipid,Archaeal lipids,ArchLips,Silver,4
A15_OE11-3-POS_11402,Methanobacteriota,Archaea,,,,,none,Unidentified,0
A15_OE21-4-POS_173226,Methanobacteriota,Archaea,PC(O-17:2_20:1),PC,PC,Glycerophospholipids,LipidSearch,Gold,4
A15_OE21-4-POS_218053,Thermoproteota,Archaea,N-Me-APT-Archaeol(20:0_20:0),Archaeal_Lipid,Archaeal_Lipid,Archaeal lipids,ArchLips,Bronze,2
A15_OE21-4-POS_187712,Thermoproteota,Archaea,Archaeol(20:4_20:4),Archaeal_Lipid,Archaeal_Lipid,Archaeal lipids,ArchLips,Bronze,2
A15_OE21-4-POS_204599,Methanobacteriota,Archaea,NAcGly-P-Archaeol(20:0(Me)_20:3(Me)),Archaeal_Lipid,Archaeal_Lipid,Archaeal lipids,ArchLips,Silver,4
A15_OE21-4-POS_199498,Methanobacteriota,Archaea,PG-Archaeol(20:1(Me)_20:4(Me)),Archaeal_Lipid,Archaeal_Lipid,Archaeal lipids,ArchLips,Bronze,2
A15_OE26-1POS_92592,Methanobacteriota,Archaea,Gly-Archaeol(20:4_20:4),Archaeal_Lipid,Archaeal_Lipid,Archaeal lipids,ArchLips,Gold,4
A15_OE11-3-POS_97943,Methanobacteriota,Archaea,,,,,none,Unidentified,0
A15_OE21-4-POS_34234,Thermoproteota,Archaea,,,,,none,Unidentified,0
A15_OE21-4-POS_28589,Thermoproteota,Archaea,TG(27:1)+OO:(s),TG,TG,Glycerolipids,LipidSearch,Bronze,3
A15_OE21-4-POS_218982,Methanobacteriota,Archaea,,,,,none,Unidentified,0
A15_OE21-4-POS_222557,Thermoproteota,Archaea,,,,,none,Unidentified,0
A15_OE21-4-POS_162731,Methanobacteriota,Archaea,,,,,none,Unidentified,0
A15_OE11-3-POS_8675,Methanobacteriota,Archaea,,,,,none,Unidentified,0
A15_OE21-4-POS_158573,Thermoproteota,Archaea,WE(O-38:5),WE,WE,Fatty acyls,LipidSearch,Bronze,3
A15_OE21-4-POS_220615,Thermoproteota,Archaea,Archaeol(20:3(Me)_20:4(Me)),Archaeal_Lipid,Archaeal_Lipid,Archaeal lipids,ArchLips,Gold,4
A15_OE21-4-POS_200599,Thermoproteota,Archaea,NAcGly-P-Archaeol(20:0(Me)_20:2),Archaeal_Lipid,Archaeal_Lipid,Archaeal lipids,ArchLips,Gold,4
A15_OE26-1POS_29646,Methanobacteriota,Archaea,,,,,none,Unidentified,0
A15_OE21-4-POS_95636,Methanobacteriota,Archaea,,,,,none,Unidentified,0
A15_OE21-4-POS_209850,Methanobacteriota,Archaea,PI-Archaeol(20:2(Me)_25:1),Archaeal_Lipid,Archaeal_Lipid,Archaeal lipids,ArchLips,Gold,4
A15_OE21-4-POS_104065,Methanobacteriota,Archaea,Me-PPA-Archaeol(25:3_25:4),Archaeal_Lipid,Archaeal_Lipid,Archaeal lipids,ArchLips,Bronze,2
A15_OE11-3-POS_98380,Methanobacteriota,Archaea,GluA-(NAcGly-)Hepta-uns-Homo-2Me-GDGT-5a,Archaeal_Lipid,Archaeal_Lipid,Archaeal lipids,ArchLips,Bronze,2
A15_OE11-3-POS_102606,Methanobacteriota,Archaea,Me-PPA-Archaeol(25:0(Me)_25:0(Me)),Archaeal_Lipid,Archaeal_Lipid,Archaeal lipids,ArchLips,Gold,4
A15_OE11-3-POS_96497,Methanobacteriota,Archaea,,,,,none,Unidentified,0
A15_OE11-3-POS_99800,Methanobacteriota,Archaea,,,,,none,Unidentified,0
A15_OE11-3-POS_64714,Methanobacteriota,Archaea,WE(O-45:11),WE,WE,Fatty acyls,LipidSearch,Bronze,3
A15_OE11-3-POS_105629,Methanobacteriota,Archaea,phytoene,Archaeal_Lipid,Archaeal_Lipid,Archaeal lipids,ArchLips,Silver,4
A15_OE11-3-POS_96866,Methanobacteriota,Archaea,PS-Archaeol(25:4(Me)_25:5),Archaeal_Lipid,PC,Glycerophospholipids,ArchLips,Silver,4
A15_OE21-4-POS_149337,Thermoproteota,Archaea,TG(21:1_18:2)+OO:(s),TG,TG,Glycerolipids,LipidSearch,Bronze,3
A15_OE26-1POS_30068,Methanobacteriota,Archaea,PnE-Archaeol(20:4_20:4),Archaeal_Lipid,Archaeal_Lipid,Archaeal lipids,ArchLips,Bronze,2
A15_OE21-4-POS_203892,Thermoproteota,Archaea,,,,,none,Unidentified,0
A15_OE11-3-POS_23277,Methanobacteriota,Archaea,,,,,none,Unidentified,0
A15_OE11-3-POS_100941,Methanobacteriota,Archaea,PE-Archaeol(20:4(Me)_20:4(Me)),Archaeal_Lipid,Archaeal_Lipid,Archaeal lipids,ArchLips,Gold,4
A15_OE11-3-POS_92677,Methanobacteriota,Archaea,,,,,none,Unidentified,0
A15_OE21-4-POS_23510,Thermoproteota,Archaea,TG(21:2_6:0)+OO:(s),TG,TG,Glycerolipids,LipidSearch,Bronze,3
A15_OE21-4-POS_186065,Methanobacteriota,Archaea,Calditol-Archaeol(20:1_20:4),Archaeal_Lipid,Archaeal_Lipid,Archaeal lipids,ArchLips,Gold,4
A15_OE11-3-POS_23679,Methanobacteriota,Archaea,PE-Archaeol(20:4(Me)_20:4),Archaeal_Lipid,Archaeal_Lipid,Archaeal lipids,ArchLips,Gold,4
A15_OE21-4-POS_215582,Methanobacteriota,Archaea,PI-Archaeol(20:1(Me)_25:1),Archaeal_Lipid,Archaeal_Lipid,Archaeal lipids,ArchLips,Gold,4
A15_OE11-3-POS_62631,Methanobacteriota,Archaea,,,,,none,Unidentified,0
A15_OE21-4-POS_76039,Methanobacteriota,Archaea,TG(71:19)+OO:(s),TG,TG,Glycerolipids,LipidSearch,Bronze,3
A15_OE11-3-POS_100755,Methanobacteriota,Archaea,APT-Archaeol(20:0(Me)_20:2),Archaeal_Lipid,Archaeal_Lipid,Archaeal lipids,ArchLips,Gold,4
A15_OE11-3-POS_81798,Methanobacteriota,Archaea,NAcGly-Archaeol(20:1_25:3),Archaeal_Lipid,Archaeal_Lipid,Archaeal lipids,ArchLips,Bronze,2
A15_OE26-1POS_104565,Methanobacteriota,Archaea,MP(5:1),Archaeal_Lipid,Archaeal_Lipid,Archaeal lipids,ArchLips,Bronze,2
A15_OE11-3-POS_93935,Methanobacteriota,Archaea,PPA-Archaeol(30:6(Me)_30:6),Archaeal_Lipid,Archaeal_Lipid,Archaeal lipids,ArchLips,Gold,4
A15_OE21-4-POS_224256,Methanobacteriota,Archaea,PA-Archaeol(20:0(Me)_25:0),Archaeal_Lipid,Archaeal_Lipid,Archaeal lipids,ArchLips,Silver,4
A15_OE21-4-POS_203426,Thermoproteota,Archaea,,,,,none,Unidentified,0
A15_OE11-3-POS_81649,Methanobacteriota,Archaea,,,,,none,Unidentified,0
A15_OE21-4-POS_194678,Thermoproteota,Archaea,,,,,none,Unidentified,0
A15_OE11-3-POS_19362,Methanobacteriota,Archaea,,,,,none,Unidentified,0
A15_OE26-1POS_34209,Methanobacteriota,Archaea,PC-Archaeol(20:4(Me)_20:4),Archaeal_Lipid,Archaeal_Lipid,Archaeal lipids,ArchLips,Bronze,2
A15_214577,Pseudomonadota,Bacteria,,,,,none,Unidentified,0
A15_134912,Bacillota,Bacteria,PG(15:0_15:0),PG,PG,Glycerophospholipids,LipidSearch,Gold,4
A15_137176,Bacillota,Bacteria,PG(15:0_15:0),PG,PG,Glycerophospholipids,LipidSearch,Gold,4
A15_176212,Pseudomonadota,Bacteria,,,,,none,Unidentified,0
A15_95121,Streptophyta,Viridiplantae,,,,,none,Unidentified,0
A15_180523,Streptophyta,Viridiplantae,WE(O-18:0_18:2),WE,WE,Fatty acyls,LipidSearch,Bronze,3
A15_100805,Streptophyta,Viridiplantae,,,,,none,Unidentified,0
A15_157393,Pseudomonadota,Bacteria,PG(20:2_16:0),PG,PG,Glycerophospholipids,LipidSearch,Gold,4
A15_82801,Streptophyta,Viridiplantae,,Terpenoid,Terpenoid,Prenol lipids,MS2_diagnostic,Bronze,2
A15_168188,Discosea,Protists,PC(37:5),PC,PC,Glycerophospholipids,LipidSearch,Bronze,3
A15_170435,Discosea,Protists,PC(37:5),PC,PC,Glycerophospholipids,LipidSearch,Bronze,3
A15_82779,Streptophyta,Viridiplantae,,,,,none,Unidentified,0
A15_147427,Streptophyta,Viridiplantae,MGDG(18:2_20:4),MGDG,MGDG,Glycerolipids,LipidSearch,Gold,4
A15_158025,Pseudomonadota,Bacteria,,,,,none,Unidentified,0
A15_181806,Streptophyta,Viridiplantae,WE(O-18:2_18:0),WE,WE,Fatty acyls,LipidSearch,Bronze,3
A15_130816,Bacillota,Bacteria,PG(14:0_15:0),PG,PG,Glycerophospholipids,LipidSearch,Gold,4
A15_180648,Bacillota,Bacteria,DG(15:0_15:0),DG,DG,Glycerolipids,LipidSearch,Gold,4
A15_206503,Streptophyta,Viridiplantae,DG(O-28:8_16:0),DG,DG,Glycerolipids,LipidSearch,Gold,4
A15_157001,Actinomycetota,Bacteria,,,,,none,Unidentified,0
A15_105751,Streptophyta,Viridiplantae,,,,,none,Unidentified,0
A15_111872,Streptophyta,Viridiplantae,DG(16:3_18:3),DG,DG,Glycerolipids,LipidSearch,Gold,4
A15_82692,Streptophyta,Viridiplantae,,,,,none,Unidentified,0
A15_97909,Streptophyta,Viridiplantae,,,,,none,Unidentified,0
A15_189540,Streptophyta,Viridiplantae,,Terpenoid,Terpenoid,Prenol lipids,MS2_diagnostic,Bronze,2
A15_179512,Streptophyta,Viridiplantae,DG(O-17:3_18:1),DG,DG,Glycerolipids,LipidSearch,Bronze,3
A15_1343,Streptophyta,Viridiplantae,,PC/SM,PC/SM,Glycerophospholipids|Sphingolipids,MS2_diagnostic,Bronze,2
A15_106952,Streptophyta,Viridiplantae,,PC/SM,PC/SM,Glycerophospholipids|Sphingolipids,MS2_diagnostic,Bronze,2
A15_69519,Streptophyta,Viridiplantae,,,,,none,Unidentified,0
A15_95552,Streptophyta,Viridiplantae,DG(16:3_18:3),DG,DG,Glycerolipids,LipidSearch,Gold,4
A15_97465,Streptophyta,Viridiplantae,DG(16:3_18:3),DG,DG,Glycerolipids,LipidSearch,Gold,4
A15_162889,Pseudomonadota,Bacteria,,,,,none,Unidentified,0
A15_138334,Streptophyta,Viridiplantae,PG(16:1_18:2),PG,PG,Glycerophospholipids,LipidSearch,Gold,4
A15_177631,Streptophyta,Viridiplantae,DGDG(8:0_22:1),DGDG,DGDG,Glycerolipids,LipidSearch,Bronze,3
A15_179811,Streptophyta,Viridiplantae,DGDG(8:0_22:1),DGDG,DGDG,Glycerolipids,LipidSearch,Bronze,3
A15_189957,Streptophyta,Viridiplantae,,,,,none,Unidentified,0
A15_68103,Streptophyta,Viridiplantae,,,,,none,Unidentified,0
A15_20691,Streptophyta,Viridiplantae,,Terpenoid,Terpenoid,Prenol lipids,MS2_diagnostic,Bronze,2
A15_64950,Streptophyta,Viridiplantae,,,,,none,Unidentified,0
A15_1000,Streptophyta,Viridiplantae,,,,,none,Unidentified,0
A15_102733,Streptophyta,Viridiplantae,DG(O-13:1_21:5),DG,DG,Glycerolipids,LipidSearch,Bronze,3
A15_72378,Streptophyta,Viridiplantae,,Terpenoid,Terpenoid,Prenol lipids,MS2_diagnostic,Bronze,2
A15_124129,Streptophyta,Viridiplantae,,Terpenoid,Terpenoid,Prenol lipids,MS2_diagnostic,Bronze,2
A15_49320,Streptophyta,Viridiplantae,,Terpenoid,Terpenoid,Prenol lipids,MS2_diagnostic,Bronze,2
A15_52527,Streptophyta,Viridiplantae,,PS,PS,Glycerophospholipids,MS2_diagnostic,Bronze,2
A15_122537,Streptophyta,Viridiplantae,MGDG(18:2_16:3),MGDG,MGDG,Glycerolipids,LipidSearch,Bronze,3
A15_173852,Streptophyta,Viridiplantae,TG(21:4_29:3)+OO:(s),TG,TG,Glycerolipids,LipidSearch,Gold,4
A15_112737,Streptophyta,Viridiplantae,,Ceramide,Ceramide,Sphingolipids,MS2_diagnostic,Bronze,2
A15_101274,Streptophyta,Viridiplantae,,,,,none,Unidentified,0
A15_84217,Streptophyta,Viridiplantae,,,,,none,Unidentified,0
A15_125199,Streptophyta,Viridiplantae,WE(O-27:2),WE,WE,Fatty acyls,LipidSearch,Bronze,3
A15_112516,Bacillota,Bacteria,,,,,none,Unidentified,0
A15_16951,Streptophyta,Viridiplantae,,Terpenoid,Terpenoid,Prenol lipids,MS2_diagnostic,Bronze,2
A15_81466,Streptophyta,Viridiplantae,,,,,none,Unidentified,0
A15_13533,Streptophyta,Viridiplantae,,Terpenoid,Terpenoid,Prenol lipids,MS2_diagnostic,Bronze,2
A15_158191,Bacillota,Bacteria,PE(P-16:1_18:3),PE,PE,Glycerophospholipids,LipidSearch,Gold,4
A15_127065,Streptophyta,Viridiplantae,PC(O-44:14),PC,PC,Glycerophospholipids,LipidSearch,Bronze,3
A15_189698,Streptophyta,Viridiplantae,,Terpenoid,Terpenoid,Prenol lipids,MS2_diagnostic,Bronze,2
A15_181372,Streptophyta,Viridiplantae,,,,,none,Unidentified,0
A15_129822,Streptophyta,Viridiplantae,TG(20:3_18:1)+O:(s),TG,TG,Glycerolipids,LipidSearch,Bronze,3
A15_177394,Pseudomonadota,Bacteria,,,,,none,Unidentified,0
A15_186270,Pseudomonadota,Bacteria,PG(18:0_18:1),PG,PG,Glycerophospholipids,LipidSearch,Gold,4
A15_115829,Bacillota,Bacteria,WE(O-33:6),WE,WE,Fatty acyls,LipidSearch,Bronze,3
A15_86666,Streptophyta,Viridiplantae,,Terpenoid,Terpenoid,Prenol lipids,MS2_diagnostic,Bronze,2
A15_5237,Streptophyta,Viridiplantae,,PE,PE,Glycerophospholipids,MS2_diagnostic,Bronze,2
A15_82642,Streptophyta,Viridiplantae,,,,,none,Unidentified,0
A15_104032,Streptophyta,Viridiplantae,TG(29:2),TG,TG,Glycerolipids,LipidSearch,Bronze,3
A15_209688,Bacillota,Bacteria,,,,,none,Unidentified,0
A15_102972,Streptophyta,Viridiplantae,,Terpenoid,Terpenoid,Prenol lipids,MS2_diagnostic,Bronze,2
A15_184135,Streptophyta,Viridiplantae,,,,,none,Unidentified,0
A15_162257,Bacillota,Bacteria,DG(P-11:0_20:1),DG,DG,Glycerolipids,LipidSearch,Bronze,3
A15_85473,Streptophyta,Viridiplantae,,,,,none,Unidentified,0
A15_146697,Pseudomonadota,Bacteria,,,,,none,Unidentified,0
A15_121424,Streptophyta,Viridiplantae,DG(16:1_16:3),DG,DG,Glycerolipids,LipidSearch,Gold,4
A15_137389,Pseudomonadota,Bacteria,PC(30:1),PC,PC,Glycerophospholipids,LipidSearch,Bronze,3
A15_135591,Pseudomonadota,Bacteria,PC(30:1),PC,PC,Glycerophospholipids,LipidSearch,Bronze,3
A15_175962,Streptophyta,Viridiplantae,,PC/SM,PC/SM,Glycerophospholipids|Sphingolipids,MS2_diagnostic,Bronze,2
A15_111670,Streptophyta,Viridiplantae,DG(16:3_18:3),DG,DG,Glycerolipids,LipidSearch,Gold,4
A15_128206,Streptophyta,Viridiplantae,TG(20:3_18:1)+O:(s),TG,TG,Glycerolipids,LipidSearch,Bronze,3
A15_19527,Streptophyta,Viridiplantae,,PC/SM,PC/SM,Glycerophospholipids|Sphingolipids,MS2_diagnostic,Bronze,2
A15_81261,Streptophyta,Viridiplantae,DG(18:3_18:4),DG,DG,Glycerolipids,LipidSearch,Gold,4
A15_69992,Streptophyta,Viridiplantae,DG(18:3_18:4),DG,DG,Glycerolipids,LipidSearch,Gold,4
A15_173848,Streptophyta,Viridiplantae,DGDG(18:1_18:1),DGDG,DGDG,Glycerolipids,LipidSearch,Bronze,3
A15_169124,Pseudomonadota,Bacteria,PG(17:1_18:1),PG,PG,Glycerophospholipids,LipidSearch,Gold,4
A15_214293,Bacillota,Bacteria,,,,,none,Unidentified,0
A15_212025,Bacillota,Bacteria,,,,,none,Unidentified,0
A15_175646,Pseudomonadota,Bacteria,,,,,none,Unidentified,0
A15_150539,Pseudomonadota,Bacteria,PG(16:1_18:1),PG,PG,Glycerophospholipids,LipidSearch,Gold,4
A15_161944,Pseudomonadota,Bacteria,PG(16:0_18:1),PG,PG,Glycerophospholipids,LipidSearch,Gold,4
A15_122443,Streptophyta,Viridiplantae,DG(16:1_16:3),DG,DG,Glycerolipids,LipidSearch,Gold,4
A15_92419,Streptophyta,Viridiplantae,DG(P-9:0_18:3),DG,DG,Glycerolipids,LipidSearch,Bronze,3
A15_56457,Pseudomonadota,Bacteria,,,,,none,Unidentified,0
A15_96076,Streptophyta,Viridiplantae,TG(14:0_5:0_20:4)+OO:(s),TG,TG,Glycerolipids,LipidSearch,Bronze,3
A15_178751,Streptophyta,Viridiplantae,DGDG(8:0_22:1),DGDG,DGDG,Glycerolipids,LipidSearch,Bronze,3
A15_177249,Streptophyta,Viridiplantae,,,,,none,Unidentified,0
A15_179561,Pseudomonadota,Bacteria,,,,,none,Unidentified,0
A15_181857,Pseudomonadota,Bacteria,,,,,none,Unidentified,0
A15_129277,Streptophyta,Viridiplantae,,PC/SM,PC/SM,Glycerophospholipids|Sphingolipids,MS2_diagnostic,Bronze,2
A15_175638,Pseudomonadota,Bacteria,DG(O-15:2_18:1),DG,DG,Glycerolipids,LipidSearch,Gold,4
A15_26889,Pseudomonadota,Bacteria,,,,,none,Unidentified,0
A15_23230,Pseudomonadota,Bacteria,,,,,none,Unidentified,0
A15_20896,Pseudomonadota,Bacteria,,,,,none,Unidentified,0
A15_49706,Streptophyta,Viridiplantae,TG(36:5)+OO:(s),TG,TG,Glycerolipids,LipidSearch,Bronze,3
A15_190389,Streptophyta,Viridiplantae,TG(18:3_18:3_18:3)+O:(s),TG,TG,Glycerolipids,LipidSearch,Gold,4
A15_155706,Streptophyta,Viridiplantae,TG(29:2_9:0)+O:(s),TG,TG,Glycerolipids,LipidSearch,Bronze,3
A15_67332,Streptophyta,Viridiplantae,,,,,none,Unidentified,0
A15_93624,Streptophyta,Viridiplantae,DG(16:1_18:4),DG,DG,Glycerolipids,LipidSearch,Gold,4
A15_160871,Actinomycetota,Bacteria,,,,,none,Unidentified,0
A15_143389,Heterolobosea,Protists,,PC/SM,PC/SM,Glycerophospholipids|Sphingolipids,MS2_diagnostic,Bronze,2
A15_144828,Heterolobosea,Protists,,PC/SM,PC/SM,Glycerophospholipids|Sphingolipids,MS2_diagnostic,Bronze,2
A15_156425,Bacillota,Bacteria,PE(32:3),PE,PE,Glycerophospholipids,LipidSearch,Bronze,3
A15_160639,Pseudomonadota,Bacteria,PG(16:0_17:1),PG,PG,Glycerophospholipids,LipidSearch,Gold,4
A15_160343,Bacillota,Bacteria,PE(17:1_15:0),PE,PE,Glycerophospholipids,LipidSearch,Gold,4
A15_158677,Bacillota,Bacteria,PE(17:1_15:0),PE,PE,Glycerophospholipids,LipidSearch,Gold,4
A15_127056,Pseudomonadota,Bacteria,,,,,none,Unidentified,0
A15_113930,Streptophyta,Viridiplantae,,,,,none,Unidentified,0
A15_175067,Pseudomonadota,Bacteria,TG(39:10_7:0),TG,TG,Glycerolipids,LipidSearch,Bronze,3
A15_142811,Streptophyta,Viridiplantae,,Terpenoid,Terpenoid,Prenol lipids,MS2_diagnostic,Bronze,2
A15_150684,Pseudomonadota,Bacteria,PG(16:0_18:2),PG,PG,Glycerophospholipids,LipidSearch,Gold,4
A15_57566,Streptophyta,Viridiplantae,,,,,none,Unidentified,0
A15_115483,Streptophyta,Viridiplantae,,Terpenoid,Terpenoid,Prenol lipids,MS2_diagnostic,Bronze,2
A15_65685,Streptophyta,Viridiplantae,,,,,none,Unidentified,0
A15_53330,Streptophyta,Viridiplantae,,PC/SM,PC/SM,Glycerophospholipids|Sphingolipids,MS2_diagnostic,Bronze,2
A15_105683,Streptophyta,Viridiplantae,,PC/SM,PC/SM,Glycerophospholipids|Sphingolipids,MS2_diagnostic,Bronze,2
A15_109090,Bacillota,Bacteria,PG(P-14:2_19:3),PG,PG,Glycerophospholipids,LipidSearch,Bronze,3
A15_205407,Streptophyta,Viridiplantae,,,,,none,Unidentified,0
A15_124647,Bacillota,Bacteria,,,,,none,Unidentified,0
A15_183405,Streptophyta,Viridiplantae,Cer(d18:2_20:0),Cer,Cer,Sphingolipids,LipidSearch,Bronze,3
A15_188056,Streptophyta,Viridiplantae,Cer(d16:1_22:1),Cer,Cer,Sphingolipids,LipidSearch,Gold,4
A15_184996,Streptophyta,Viridiplantae,Cer(d16:1_22:1),Cer,Cer,Sphingolipids,LipidSearch,Gold,4
A15_186485,Streptophyta,Viridiplantae,Cer(d16:1_22:1),Cer,Cer,Sphingolipids,LipidSearch,Gold,4
A15_121389,Streptophyta,Viridiplantae,PE(18:1_18:3),PE,PE,Glycerophospholipids,LipidSearch,Gold,4
A15_175032,Bacillota,Bacteria,TG(43:13_5:0),TG,TG,Glycerolipids,LipidSearch,Gold,4
A15_111579,Streptophyta,Viridiplantae,MG(O-26:6),MG,MG,Glycerolipids,LipidSearch,Bronze,3
A15_118169,Streptophyta,Viridiplantae,DG(18:3_18:3),DG,DG,Glycerolipids,LipidSearch,Gold,4
A15_176784,Pseudomonadota,Bacteria,,,,,none,Unidentified,0
A15_155859,Bacillota,Bacteria,DG(O-15:0_17:2),DG,DG,Glycerolipids,LipidSearch,Bronze,3
A15_157630,Bacillota,Bacteria,DG(O-15:0_17:2),DG,DG,Glycerolipids,LipidSearch,Bronze,3
A15_99796,Streptophyta,Viridiplantae,,,,,none,Unidentified,0
A15_154218,Bacillota,Bacteria,DG(O-15:0_17:2),DG,DG,Glycerolipids,LipidSearch,Bronze,3
A15_26890,Pseudomonadota,Bacteria,,,,,none,Unidentified,0
A15_187286,Streptophyta,Viridiplantae,DG(P-15:2_20:0),DG,DG,Glycerolipids,LipidSearch,Bronze,3
A15_179743,Streptophyta,Viridiplantae,WE(O-18:0_18:2),WE,WE,Fatty acyls,LipidSearch,Bronze,3
A15_148243,Bacillota,Bacteria,DG(O-13:0_17:2),DG,DG,Glycerolipids,LipidSearch,Bronze,3
A15_105480,Streptophyta,Viridiplantae,,Terpenoid,Terpenoid,Prenol lipids,MS2_diagnostic,Bronze,2
A15_153021,Bacillota,Bacteria,PE(P-16:1_18:3),PE,PE,Glycerophospholipids,LipidSearch,Gold,4
A15_49864,Streptophyta,Viridiplantae,,,,,none,Unidentified,0
A15_158451,Pseudomonadota,Bacteria,BisMePA(30:2),BisMePA,BisMePA,Glycerophospholipids,LipidSearch,Bronze,3
A15_161965,Pseudomonadota,Bacteria,DG(O-19:0_12:0),DG,DG,Glycerolipids,LipidSearch,Bronze,3
A15_160633,Pseudomonadota,Bacteria,DG(O-19:0_12:0),DG,DG,Glycerolipids,LipidSearch,Bronze,3
A15_103295,Streptophyta,Viridiplantae,MG(O-26:7),MG,MG,Glycerolipids,LipidSearch,Bronze,3
A15_165464,Pseudomonadota,Bacteria,,,,,none,Unidentified,0
A15_158049,Streptophyta,Viridiplantae,DGDG(18:1_18:2),DGDG,DGDG,Glycerolipids,LipidSearch,Gold,4
A15_76025,Streptophyta,Viridiplantae,,,,,none,Unidentified,0
A15_156204,Pseudomonadota,Bacteria,,,,,none,Unidentified,0
A15_107286,Streptophyta,Viridiplantae,,,,,none,Unidentified,0
A15_5633,Streptophyta,Viridiplantae,,,,,none,Unidentified,0
A15_6105,Streptophyta,Viridiplantae,,PC/SM,PC/SM,Glycerophospholipids|Sphingolipids,MS2_diagnostic,Bronze,2
A15_162544,Pseudomonadota,Bacteria,,,,,none,Unidentified,0
A15_160510,Pseudomonadota,Bacteria,,,,,none,Unidentified,0
A15_215140,Bacillota,Bacteria,TG(4:0_16:0_18:1),TG,TG,Glycerolipids,LipidSearch,Gold,4
A15_213892,Bacillota,Bacteria,TG(4:0_16:0_18:1),TG,TG,Glycerolipids,LipidSearch,Gold,4
A15_129475,Streptophyta,Viridiplantae,,,,,none,Unidentified,0
A15_14215,Streptophyta,Viridiplantae,TG(8:0_18:4),TG,TG,Glycerolipids,LipidSearch,Bronze,3
A15_133613,Streptophyta,Viridiplantae,,,,,none,Unidentified,0
A15_163515,Pseudomonadota,Bacteria,DG(O-15:1_20:3),DG,DG,Glycerolipids,LipidSearch,Bronze,3
A15_161501,Pseudomonadota,Bacteria,DG(O-18:4_17:0),DG,DG,Glycerolipids,LipidSearch,Bronze,3
A15_174558,Streptophyta,Viridiplantae,,PC/SM,PC/SM,Glycerophospholipids|Sphingolipids,MS2_diagnostic,Bronze,2
A15_35009,Pseudomonadota,Bacteria,,,,,none,Unidentified,0
A15_193505,Streptophyta,Viridiplantae,,,,,none,Unidentified,0
A15_94130,Streptophyta,Viridiplantae,DG(P-13:1_19:1),DG,DG,Glycerolipids,LipidSearch,Bronze,3
A15_52511,Streptophyta,Viridiplantae,,,,,none,Unidentified,0
A15_149832,Pseudomonadota,Bacteria,,,,,none,Unidentified,0
A15_101989,Streptophyta,Viridiplantae,,,,,none,Unidentified,0
A15_57088,Streptophyta,Viridiplantae,,,,,none,Unidentified,0
A15_116409,Streptophyta,Viridiplantae,TG(20:4_18:1)+O:(s),TG,TG,Glycerolipids,LipidSearch,Bronze,3
A15_83502,Streptophyta,Viridiplantae,,,,,none,Unidentified,0
A15_67885,Streptophyta,Viridiplantae,,,,,none,Unidentified,0
A15_21690,Streptophyta,Viridiplantae,,PC/SM,PC/SM,Glycerophospholipids|Sphingolipids,MS2_diagnostic,Bronze,2
A15_70184,Streptophyta,Viridiplantae,,,,,none,Unidentified,0
A15_164074,Streptophyta,Viridiplantae,,PC/SM,PC/SM,Glycerophospholipids|Sphingolipids,MS2_diagnostic,Bronze,2
A15_6374,Streptophyta,Viridiplantae,,DGTS,DGTS,Betaine lipids,MS2_diagnostic,Bronze,2
A15_113653,Streptophyta,Viridiplantae,DG(16:3_18:3),DG,DG,Glycerolipids,LipidSearch,Gold,4
A15_6801,Mucoromycota,Fungi,,,,,none,Unidentified,0
A15_124965,Pseudomonadota,Bacteria,,,,,none,Unidentified,0
A15_175574,Streptophyta,Viridiplantae,,,,,none,Unidentified,0
A15_138450,Streptophyta,Viridiplantae,,PC/SM,PC/SM,Glycerophospholipids|Sphingolipids,MS2_diagnostic,Bronze,2
A15_65987,Streptophyta,Viridiplantae,,,,,none,Unidentified,0
A15_215080,Bacillota,Bacteria,,,,,none,Unidentified,0
A15_212277,Bacillota,Bacteria,,,,,none,Unidentified,0
A15_130710,Streptophyta,Viridiplantae,DGDG(18:2_18:3),DGDG,DGDG,Glycerolipids,LipidSearch,Gold,4
A15_136490,Bacillota,Bacteria,PE(16:1_14:0),PE,PE,Glycerophospholipids,LipidSearch,Gold,4
A15_162904,Streptophyta,Viridiplantae,DG(O-17:2_17:3),DG,DG,Glycerolipids,LipidSearch,Bronze,3
A15_30912,Streptophyta,Viridiplantae,,Terpenoid,Terpenoid,Prenol lipids,MS2_diagnostic,Bronze,2
A15_87930,Streptophyta,Viridiplantae,,Terpenoid,Terpenoid,Prenol lipids,MS2_diagnostic,Bronze,2
A15_136534,Streptophyta,Viridiplantae,TG(20:1_18:3)+O:(s),TG,TG,Glycerolipids,LipidSearch,Bronze,3
A15_204637,Bacillota,Bacteria,,,,,none,Unidentified,0
A15_138000,Streptophyta,Viridiplantae,,,,,none,Unidentified,0
A15_206070,Streptophyta,Viridiplantae,TG(49:15_18:3),TG,TG,Glycerolipids,LipidSearch,Bronze,3
A15_142616,Streptophyta,Viridiplantae,,,,,none,Unidentified,0
A15_88127,Streptophyta,Viridiplantae,DG(16:1_18:4),DG,DG,Glycerolipids,LipidSearch,Gold,4
A15_97852,Streptophyta,Viridiplantae,,,,,none,Unidentified,0
A15_134230,Bacillota,Bacteria,,,,,none,Unidentified,0
A15_190322,Streptophyta,Viridiplantae,TG(16:0_18:3_18:4),TG,TG,Glycerolipids,LipidSearch,Gold,4
A15_69525,Streptophyta,Viridiplantae,,,,,none,Unidentified,0
A15_155591,Pseudomonadota,Bacteria,BisMePA(30:2),BisMePA,BisMePA,Glycerophospholipids,LipidSearch,Bronze,3
A15_194833,Streptophyta,Viridiplantae,,,,,none,Unidentified,0
A15_142222,Heterolobosea,Protists,,PE,PE,Glycerophospholipids,MS2_diagnostic,Bronze,2
A15_129124,Streptophyta,Viridiplantae,DG(16:0_18:4),DG,DG,Glycerolipids,LipidSearch,Gold,4
A15_27702,Streptophyta,Viridiplantae,,SM,SM,Sphingolipids,MS2_diagnostic,Bronze,2
A15_85800,Streptophyta,Viridiplantae,,PC/SM,PC/SM,Glycerophospholipids|Sphingolipids,MS2_diagnostic,Bronze,2
A15_117516,Streptophyta,Viridiplantae,,,,,none,Unidentified,0
A15_33656,Streptophyta,Viridiplantae,DG(29:8_5:0),DG,DG,Glycerolipids,LipidSearch,Bronze,3
A15_35267,Streptophyta,Viridiplantae,DG(29:8_5:0),DG,DG,Glycerolipids,LipidSearch,Bronze,3
A15_153209,Streptophyta,Viridiplantae,,,,,none,Unidentified,0
A15_151331,Pseudomonadota,Bacteria,MGDG(16:1_16:3),MGDG,MGDG,Glycerolipids,LipidSearch,Gold,4
A15_161513,Pseudomonadota,Bacteria,PG(16:0_18:1),PG,PG,Glycerophospholipids,LipidSearch,Gold,4
A15_6391,Pseudomonadota,Bacteria,,,,,none,Unidentified,0
A15_3938,Pseudomonadota,Bacteria,,,,,none,Unidentified,0
A15_143061,Streptophyta,Viridiplantae,,Ceramide,Ceramide,Sphingolipids,MS2_diagnostic,Bronze,2
A15_168347,Bacillota,Bacteria,,,,,none,Unidentified,0
A15_4164,Pseudomonadota,Bacteria,,,,,none,Unidentified,0
A15_146142,Bacillota,Bacteria,PEt(19:4_15:0),PEt,PEt,Glycerophospholipids,LipidSearch,Bronze,3
A15_120559,Bacillota,Bacteria,PE(16:2_18:1),PE,PE,Glycerophospholipids,LipidSearch,Gold,4
A15_133418,Streptophyta,Viridiplantae,,,,,none,Unidentified,0
A15_157026,Streptophyta,Viridiplantae,,,,,none,Unidentified,0
A15_9209,Streptophyta,Viridiplantae,,Ceramide,Ceramide,Sphingolipids,MS2_diagnostic,Bronze,2
A15_7651,Pseudomonadota,Bacteria,,,,,none,Unidentified,0
A15_9241,Pseudomonadota,Bacteria,,,,,none,Unidentified,0
A15_224885,Streptophyta,Viridiplantae,,,,,none,Unidentified,0
A15_118571,Streptophyta,Viridiplantae,,,,,none,Unidentified,0
A15_78905,Streptophyta,Viridiplantae,DG(P-12:1_23:7),DG,DG,Glycerolipids,LipidSearch,Bronze,3
A15_3024,Streptophyta,Viridiplantae,,Terpenoid,Terpenoid,Prenol lipids,MS2_diagnostic,Bronze,2
A15_114141,Streptophyta,Viridiplantae,DG(16:3_18:3),DG,DG,Glycerolipids,LipidSearch,Gold,4
A15_106330,Streptophyta,Viridiplantae,,,,,none,Unidentified,0
A15_115400,Streptophyta,Viridiplantae,,PC/SM,PC/SM,Glycerophospholipids|Sphingolipids,MS2_diagnostic,Bronze,2
A15_112074,Streptophyta,Viridiplantae,DG(P-13:1_19:3),DG,DG,Glycerolipids,LipidSearch,Bronze,3
A15_125106,Streptophyta,Viridiplantae,MGDG(20:5_18:3),MGDG,MGDG,Glycerolipids,LipidSearch,Bronze,3
A15_224007,Bacillota,Bacteria,,,,,none,Unidentified,0
A15_147379,Pseudomonadota,Bacteria,MGDG(16:3_18:2),MGDG,MGDG,Glycerolipids,LipidSearch,Gold,4
A15_104860,Streptophyta,Viridiplantae,,,,,none,Unidentified,0
A15_57808,Streptophyta,Viridiplantae,MGDG(18:3_18:3),MGDG,MGDG,Glycerolipids,LipidSearch,Bronze,3
A15_179363,Streptophyta,Viridiplantae,WE(O-24:3_18:2),WE,WE,Fatty acyls,LipidSearch,Bronze,3
A15_111294,Streptophyta,Viridiplantae,,Terpenoid,Terpenoid,Prenol lipids,MS2_diagnostic,Bronze,2
A15_126245,Streptophyta,Viridiplantae,,Terpenoid,Terpenoid,Prenol lipids,MS2_diagnostic,Bronze,2
A15_220397,Streptophyta,Viridiplantae,,Ubiquinone,Ubiquinone,Prenol lipids,MS2_diagnostic,Bronze,2
A15_166359,Actinomycetota,Bacteria,,,,,none,Unidentified,0
A15_165428,Actinomycetota,Bacteria,,,,,none,Unidentified,0
A15_101083,Streptophyta,Viridiplantae,,,,,none,Unidentified,0
A15_112100,Bacillota,Bacteria,,,,,none,Unidentified,0
A15_154193,Streptophyta,Viridiplantae,TG(27:1_9:0)+O:(s),TG,TG,Glycerolipids,LipidSearch,Bronze,3
A15_111879,Streptophyta,Viridiplantae,MGDG(16:3_18:3),MGDG,MGDG,Glycerolipids,LipidSearch,Gold,4
A15_169228,Actinomycetota,Bacteria,PC(42:9),PC,PC,Glycerophospholipids,LipidSearch,Bronze,3
A15_27389,Streptophyta,Viridiplantae,,PC/SM,PC/SM,Glycerophospholipids|Sphingolipids,MS2_diagnostic,Bronze,2
A15_97284,Streptophyta,Viridiplantae,TG(O-5:0_2:0_19:3),TG,TG,Glycerolipids,LipidSearch,Gold,4
A15_171383,Streptophyta,Viridiplantae,TG(38:1)+O:(s),TG,TG,Glycerolipids,LipidSearch,Bronze,3
A15_120718,Streptophyta,Viridiplantae,PG(21:3_16:0),PG,PG,Glycerophospholipids,LipidSearch,Bronze,3
A15_107935,Streptophyta,Viridiplantae,TG(35:5)+O:(s),TG,TG,Glycerolipids,LipidSearch,Bronze,3
A15_11469,Streptophyta,Viridiplantae,,Terpenoid,Terpenoid,Prenol lipids,MS2_diagnostic,Bronze,2
A15_175022,Streptophyta,Viridiplantae,,Terpenoid,Terpenoid,Prenol lipids,MS2_diagnostic,Bronze,2
A15_67224,Streptophyta,Viridiplantae,,PC/SM,PC/SM,Glycerophospholipids|Sphingolipids,MS2_diagnostic,Bronze,2
A15_21403,Streptophyta,Viridiplantae,,,,,none,Unidentified,0
A15_92489,Streptophyta,Viridiplantae,,PC/SM,PC/SM,Glycerophospholipids|Sphingolipids,MS2_diagnostic,Bronze,2
A15_179645,Pseudomonadota,Bacteria,PE(20:4_16:0),PE,PE,Glycerophospholipids,LipidSearch,Gold,4
A15_92966,Streptophyta,Viridiplantae,,,,,none,Unidentified,0
A15_157168,Streptophyta,Viridiplantae,DGDG(16:0_18:2),DGDG,DGDG,Glycerolipids,LipidSearch,Gold,4
A15_64770,Streptophyta,Viridiplantae,,PC/SM,PC/SM,Glycerophospholipids|Sphingolipids,MS2_diagnostic,Bronze,2
A15_168515,Pseudomonadota,Bacteria,DG(O-35:4),DG,DG,Glycerolipids,LipidSearch,Bronze,3
A15_99799,Streptophyta,Viridiplantae,DG(16:0_18:4),DG,DG,Glycerolipids,LipidSearch,Gold,4
A15_75376,Streptophyta,Viridiplantae,DG(O-26:4),DG,DG,Glycerolipids,LipidSearch,Bronze,3
A15_151654,Pseudomonadota,Bacteria,,,,,none,Unidentified,0
A15_149858,Pseudomonadota,Bacteria,,,,,none,Unidentified,0
A15_148934,Pseudomonadota,Bacteria,,,,,none,Unidentified,0
A15_144274,Streptophyta,Viridiplantae,MePC(38:6),MePC,MePC,Glycerophospholipids,LipidSearch,Bronze,3
A15_112045,Streptophyta,Viridiplantae,,Terpenoid,Terpenoid,Prenol lipids,MS2_diagnostic,Bronze,2
A15_176003,Pseudomonadota,Bacteria,PE(20:4_16:0),PE,PE,Glycerophospholipids,LipidSearch,Gold,4
A15_177384,Pseudomonadota,Bacteria,PE(20:4_16:0),PE,PE,Glycerophospholipids,LipidSearch,Gold,4
A15_184622,Streptophyta,Viridiplantae,,Terpenoid,Terpenoid,Prenol lipids,MS2_diagnostic,Bronze,2
A15_110219,Streptophyta,Viridiplantae,PC(P-40:12),PC,PC,Glycerophospholipids,LipidSearch,Bronze,3
A15_77571,Streptophyta,Viridiplantae,,,,,none,Unidentified,0
A15_156986,Streptophyta,Viridiplantae,DG(16:0_18:3),DG,DG,Glycerolipids,LipidSearch,Gold,4
A15_95271,Streptophyta,Viridiplantae,DG(18:2_18:4),DG,DG,Glycerolipids,LipidSearch,Gold,4
A15_105574,Streptophyta,Viridiplantae,,Sterol,Sterol,Sterol lipids,MS2_diagnostic,Bronze,2
A15_117523,Streptophyta,Viridiplantae,DG(18:2_18:4),DG,DG,Glycerolipids,LipidSearch,Gold,4
A15_181740,Streptophyta,Viridiplantae,,GDGT/Archaeol,GDGT/Archaeol,Archaeal lipids,MS2_diagnostic,Bronze,2
A15_81823,Streptophyta,Viridiplantae,PG(17:2_18:2),PG,PG,Glycerophospholipids,LipidSearch,Bronze,3
A15_174744,Streptophyta,Viridiplantae,DG(P-15:2_20:0),DG,DG,Glycerolipids,LipidSearch,Bronze,3
A15_175684,Discosea,Protists,DG(20:3_20:4),DG,DG,Glycerolipids,LipidSearch,Gold,4
A15_181056,Discosea,Protists,DG(20:3_20:4),DG,DG,Glycerolipids,LipidSearch,Gold,4
A15_147521,Streptophyta,Viridiplantae,,PC/SM,PC/SM,Glycerophospholipids|Sphingolipids,MS2_diagnostic,Bronze,2
A15_189428,Streptophyta,Viridiplantae,WE(O-19:0_17:1),WE,WE,Fatty acyls,LipidSearch,Bronze,3
A15_152414,Pseudomonadota,Bacteria,PG(16:0_16:1),PG,PG,Glycerophospholipids,LipidSearch,Gold,4
A15_172698,Streptophyta,Viridiplantae,TG(16:3_18:3_18:4)+O:(s),TG,TG,Glycerolipids,LipidSearch,Gold,4
A15_60395,Streptophyta,Viridiplantae,,,,,none,Unidentified,0
A15_166681,Bacillota,Bacteria,,,,,none,Unidentified,0
A15_22852,Basidiomycota,Fungi,MG(O-25:8),MG,MG,Glycerolipids,LipidSearch,Bronze,3
A15_165120,Heterolobosea,Protists,,PC/SM,PC/SM,Glycerophospholipids|Sphingolipids,MS2_diagnostic,Bronze,2
A15_163593,Streptophyta,Viridiplantae,DGDG(18:1_18:2),DGDG,DGDG,Glycerolipids,LipidSearch,Gold,4
A15_52845,Streptophyta,Viridiplantae,TG(18:1_18:3)+OO:(s),TG,TG,Glycerolipids,LipidSearch,Bronze,3
A15_3787,Pseudomonadota,Bacteria,,,,,none,Unidentified,0
A15_1013,Pseudomonadota,Bacteria,,,,,none,Unidentified,0
A15_1286,Pseudomonadota,Bacteria,,,,,none,Unidentified,0
A15_44567,Streptophyta,Viridiplantae,,Terpenoid,Terpenoid,Prenol lipids,MS2_diagnostic,Bronze,2
A15_207597,Bacillota,Bacteria,,,,,none,Unidentified,0
A15_183940,Streptophyta,Viridiplantae,DG(P-14:2_21:1),DG,DG,Glycerolipids,LipidSearch,Bronze,3
A15_193906,Streptophyta,Viridiplantae,DG(O-28:8_16:1),DG,DG,Glycerolipids,LipidSearch,Gold,4
A15_65013,Streptophyta,Viridiplantae,,PC/SM,PC/SM,Glycerophospholipids|Sphingolipids,MS2_diagnostic,Bronze,2
A15_202571,Bacillota,Bacteria,,,,,none,Unidentified,0
A15_67273,Pseudomonadota,Bacteria,,,,,none,Unidentified,0
A15_61370,Pseudomonadota,Bacteria,,,,,none,Unidentified,0
A15_94381,Streptophyta,Viridiplantae,TG(18:3_21:6),TG,TG,Glycerolipids,LipidSearch,Bronze,3
A15_83290,Streptophyta,Viridiplantae,,PC/SM,PC/SM,Glycerophospholipids|Sphingolipids,MS2_diagnostic,Bronze,2
A15_151986,Streptophyta,Viridiplantae,,,,,none,Unidentified,0
A15_19706,Streptophyta,Viridiplantae,,PC/SM,PC/SM,Glycerophospholipids|Sphingolipids,MS2_diagnostic,Bronze,2
A15_59100,Streptophyta,Viridiplantae,,,,,none,Unidentified,0
A15_189148,Streptophyta,Viridiplantae,DG(O-16:2_18:3),DG,DG,Glycerolipids,LipidSearch,Bronze,3
A15_85751,Streptophyta,Viridiplantae,,PC/SM,PC/SM,Glycerophospholipids|Sphingolipids,MS2_diagnostic,Bronze,2
A15_113719,Streptophyta,Viridiplantae,DG(P-15:2_17:2),DG,DG,Glycerolipids,LipidSearch,Bronze,3
A15_121486,Streptophyta,Viridiplantae,DG(O-14:2_16:1),DG,DG,Glycerolipids,LipidSearch,Bronze,3
A15_206719,Streptophyta,Viridiplantae,,,,,none,Unidentified,0
A15_160564,Pseudomonadota,Bacteria,,,,,none,Unidentified,0
A15_6584,Pseudomonadota,Bacteria,,,,,none,Unidentified,0
A15_162822,Pseudomonadota,Bacteria,PE(20:5_16:0),PE,PE,Glycerophospholipids,LipidSearch,Gold,4
A15_45800,Bacillota,Bacteria,,,,,none,Unidentified,0
A15_153620,Bacillota,Bacteria,PEt(16:2_18:2),PEt,PEt,Glycerophospholipids,LipidSearch,Bronze,3
A15_174873,Streptophyta,Viridiplantae,,Terpenoid,Terpenoid,Prenol lipids,MS2_diagnostic,Bronze,2
A15_34996,Streptophyta,Viridiplantae,,Terpenoid,Terpenoid,Prenol lipids,MS2_diagnostic,Bronze,2
A15_216764,Streptophyta,Viridiplantae,,,,,none,Unidentified,0
A15_68957,Streptophyta,Viridiplantae,,,,,none,Unidentified,0
A15_185510,Streptophyta,Viridiplantae,,Terpenoid,Terpenoid,Prenol lipids,MS2_diagnostic,Bronze,2
A15_148374,Streptophyta,Viridiplantae,TG(10:0_15:2_15:2)+O:(s),TG,TG,Glycerolipids,LipidSearch,Bronze,3
A15_109929,Ascomycota,Fungi,,,,,none,Unidentified,0
A15_112849,Ascomycota,Fungi,,,,,none,Unidentified,0
A15_112788,Pseudomonadota,Bacteria,LPG(28:2),LPG,LPG,Glycerophospholipids,LipidSearch,Bronze,3
A15_100316,Pseudomonadota,Bacteria,,,,,none,Unidentified,0
A15_97187,Pseudomonadota,Bacteria,,,,,none,Unidentified,0
A15_100211,Streptophyta,Viridiplantae,,,,,none,Unidentified,0
A15_97334,Streptophyta,Viridiplantae,,PC/SM,PC/SM,Glycerophospholipids|Sphingolipids,MS2_diagnostic,Bronze,2
A15_62179,Streptophyta,Viridiplantae,,Terpenoid,Terpenoid,Prenol lipids,MS2_diagnostic,Bronze,2
A15_60879,Streptophyta,Viridiplantae,,PC/SM,PC/SM,Glycerophospholipids|Sphingolipids,MS2_diagnostic,Bronze,2
A15_81575,Streptophyta,Viridiplantae,MGDG(18:3_18:4),MGDG,MGDG,Glycerolipids,LipidSearch,Gold,4
A15_176134,Pseudomonadota,Bacteria,,,,,none,Unidentified,0
A15_177213,Pseudomonadota,Bacteria,,,,,none,Unidentified,0
A15_215551,Streptophyta,Viridiplantae,TG(29:8_18:3_18:4),TG,TG,Glycerolipids,LipidSearch,Bronze,3
A15_102315,Streptophyta,Viridiplantae,,PC/SM,PC/SM,Glycerophospholipids|Sphingolipids,MS2_diagnostic,Bronze,2
A15_173063,Streptophyta,Viridiplantae,TG(16:3_18:3_18:4)+O:(s),TG,TG,Glycerolipids,LipidSearch,Gold,4
A15_177662,Streptophyta,Viridiplantae,,,,,none,Unidentified,0
A15_176131,Streptophyta,Viridiplantae,,,,,none,Unidentified,0
A15_75097,Streptophyta,Viridiplantae,,Terpenoid,Terpenoid,Prenol lipids,MS2_diagnostic,Bronze,2
A15_63972,Streptophyta,Viridiplantae,,,,,none,Unidentified,0
A15_133291,Bacillota,Bacteria,PG(15:0_15:0),PG,PG,Glycerophospholipids,LipidSearch,Gold,4
A15_225268,Bacillota,Bacteria,TG(13:0_15:0_15:0),TG,TG,Glycerolipids,LipidSearch,Gold,4
A15_204620,Streptophyta,Viridiplantae,DG(18:1_26:5),DG,DG,Glycerolipids,LipidSearch,Gold,4
A15_168380,Streptophyta,Viridiplantae,,,,,none,Unidentified,0
A15_110085,Streptophyta,Viridiplantae,,Terpenoid,Terpenoid,Prenol lipids,MS2_diagnostic,Bronze,2
A15_94735,Streptophyta,Viridiplantae,,,,,none,Unidentified,0
A15_58623,Streptophyta,Viridiplantae,,PC/SM,PC/SM,Glycerophospholipids|Sphingolipids,MS2_diagnostic,Bronze,2
A15_59405,Streptophyta,Viridiplantae,,,,,none,Unidentified,0
A15_65072,Bacillota,Bacteria,DG(P-11:0_19:4),DG,DG,Glycerolipids,LipidSearch,Bronze,3
A15_216765,Streptophyta,Viridiplantae,PI(P-15:2_21:2),PI,PI,Glycerophospholipids,LipidSearch,Bronze,3
A15_129557,Streptophyta,Viridiplantae,DG(18:3_18:3),DG,DG,Glycerolipids,LipidSearch,Gold,4
A15_117598,Streptophyta,Viridiplantae,PG(16:2_18:2),PG,PG,Glycerophospholipids,LipidSearch,Gold,4
A15_149869,Pseudomonadota,Bacteria,DG(O-18:4_16:0),DG,DG,Glycerolipids,LipidSearch,Bronze,3
A15_151768,Pseudomonadota,Bacteria,DG(O-18:4_16:0),DG,DG,Glycerolipids,LipidSearch,Bronze,3
A15_95934,Streptophyta,Viridiplantae,DG(P-13:1_19:1),DG,DG,Glycerolipids,LipidSearch,Bronze,3
A15_144788,Streptophyta,Viridiplantae,,,,,none,Unidentified,0
A15_175607,Bacillota,Bacteria,PC(32:3),PC,PC,Glycerophospholipids,LipidSearch,Bronze,3
A15_146316,Streptophyta,Viridiplantae,TG(21:3_20:2)+O:(s),TG,TG,Glycerolipids,LipidSearch,Bronze,3
A15_55908,Streptophyta,Viridiplantae,,PC/SM,PC/SM,Glycerophospholipids|Sphingolipids,MS2_diagnostic,Bronze,2
A15_208352,Bacillota,Bacteria,,,,,none,Unidentified,0
A15_210233,Bacillota,Bacteria,,,,,none,Unidentified,0
A15_172791,Streptophyta,Viridiplantae,DG(P-15:2_20:0),DG,DG,Glycerolipids,LipidSearch,Bronze,3
A15_179022,Streptophyta,Viridiplantae,,Terpenoid,Terpenoid,Prenol lipids,MS2_diagnostic,Bronze,2
A15_178157,Pseudomonadota,Bacteria,,,,,none,Unidentified,0
A15_192747,Streptophyta,Viridiplantae,,,,,none,Unidentified,0
A15_142166,Ascomycota,Fungi,,,,,none,Unidentified,0
A15_223457,Bacillota,Bacteria,,,,,none,Unidentified,0
A15_222382,Bacillota,Bacteria,,,,,none,Unidentified,0
A15_19174,Methanobacteriota,Archaea,,,,,none,Unidentified,0
A15_182122,Streptophyta,Viridiplantae,TG(16:2_18:3_18:4)+O:(s),TG,TG,Glycerolipids,LipidSearch,Gold,4
A15_140044,Bacillota,Bacteria,PEt(20:1_15:0),PEt,PEt,Glycerophospholipids,LipidSearch,Bronze,3
A15_77051,Streptophyta,Viridiplantae,,PC/SM,PC/SM,Glycerophospholipids|Sphingolipids,MS2_diagnostic,Bronze,2
A15_132369,Streptophyta,Viridiplantae,DG(16:2_18:4),DG,DG,Glycerolipids,LipidSearch,Gold,4
A15_138414,Bacillota,Bacteria,PEt(22:2_15:0),PEt,PEt,Glycerophospholipids,LipidSearch,Bronze,3
A15_135486,Bacillota,Bacteria,PEt(22:2_15:0),PEt,PEt,Glycerophospholipids,LipidSearch,Bronze,3
A15_146120,Streptophyta,Viridiplantae,DGDG(18:2_18:2),DGDG,DGDG,Glycerolipids,LipidSearch,Gold,4
A15_77317,Streptophyta,Viridiplantae,,,,,none,Unidentified,0
A15_150575,Pseudomonadota,Bacteria,PG(16:0_16:1),PG,PG,Glycerophospholipids,LipidSearch,Gold,4
A15_75315,Streptophyta,Viridiplantae,,,,,none,Unidentified,0
A15_129173,Streptophyta,Viridiplantae,,Terpenoid,Terpenoid,Prenol lipids,MS2_diagnostic,Bronze,2
A15_181688,Streptophyta,Viridiplantae,,,,,none,Unidentified,0
A15_74955,Streptophyta,Viridiplantae,,PC/SM,PC/SM,Glycerophospholipids|Sphingolipids,MS2_diagnostic,Bronze,2
A15_205683,Streptophyta,Viridiplantae,,,,,none,Unidentified,0
A15_186326,Streptophyta,Viridiplantae,,,,,none,Unidentified,0
A15_212617,Streptophyta,Viridiplantae,,,,,none,Unidentified,0
A15_102085,Streptophyta,Viridiplantae,DG(O-26:5),DG,DG,Glycerolipids,LipidSearch,Bronze,3
A15_76233,Streptophyta,Viridiplantae,,,,,none,Unidentified,0
A15_121620,Streptophyta,Viridiplantae,TG(18:3_16:1),TG,TG,Glycerolipids,LipidSearch,Gold,4
A15_87983,Streptophyta,Viridiplantae,TG(18:1_18:3)+O:(s),TG,TG,Glycerolipids,LipidSearch,Gold,4
A15_49678,Streptophyta,Viridiplantae,,,,,none,Unidentified,0
A15_53178,Streptophyta,Viridiplantae,,,,,none,Unidentified,0
A15_42163,Streptophyta,Viridiplantae,,PC/SM,PC/SM,Glycerophospholipids|Sphingolipids,MS2_diagnostic,Bronze,2
A15_220683,Streptophyta,Viridiplantae,,Ubiquinone,Ubiquinone,Prenol lipids,MS2_diagnostic,Bronze,2
A15_198712,Streptophyta,Viridiplantae,,,,,none,Unidentified,0
A15_75901,Streptophyta,Viridiplantae,,PC/SM,PC/SM,Glycerophospholipids|Sphingolipids,MS2_diagnostic,Bronze,2
A15_74758,Streptophyta,Viridiplantae,,,,,none,Unidentified,0
A15_139596,Bacillota,Bacteria,PG(O-20:5_13:1),PG,PG,Glycerophospholipids,LipidSearch,Gold,4
A15_84037,Streptophyta,Viridiplantae,,PC/SM,PC/SM,Glycerophospholipids|Sphingolipids,MS2_diagnostic,Bronze,2
A15_110859,Streptophyta,Viridiplantae,,,,,none,Unidentified,0
A15_109821,Streptophyta,Viridiplantae,PG(21:4_16:0),PG,PG,Glycerophospholipids,LipidSearch,Bronze,3
A15_47380,Streptophyta,Viridiplantae,,PC/SM,PC/SM,Glycerophospholipids|Sphingolipids,MS2_diagnostic,Bronze,2
A15_123127,Streptophyta,Viridiplantae,DGDG(14:0_18:3),DGDG,DGDG,Glycerolipids,LipidSearch,Gold,4
A15_119030,Streptophyta,Viridiplantae,,,,,none,Unidentified,0
A15_115028,Streptophyta,Viridiplantae,DG(16:3_18:3),DG,DG,Glycerolipids,LipidSearch,Gold,4
A15_97846,Streptophyta,Viridiplantae,,,,,none,Unidentified,0
A15_26670,Pseudomonadota,Bacteria,,,,,none,Unidentified,0
A15_32046,Pseudomonadota,Bacteria,,,,,none,Unidentified,0
A15_1567,Streptophyta,Viridiplantae,,Glycolipid,Glycolipid,Glycerolipids,MS2_diagnostic,Bronze,2
A15_129033,Streptophyta,Viridiplantae,,Ubiquinone,Ubiquinone,Prenol lipids,MS2_diagnostic,Bronze,2
A15_11915,Pseudomonadota,Bacteria,,,,,none,Unidentified,0
A15_84693,Streptophyta,Viridiplantae,PS(13:0_18:2),PS,PS,Glycerophospholipids,LipidSearch,Bronze,3
A15_176719,Streptophyta,Viridiplantae,Cer(d18:2_20:1),Cer,Cer,Sphingolipids,LipidSearch,Gold,4
A15_55796,Streptophyta,Viridiplantae,TG(18:1_18:3)+OO:(s),TG,TG,Glycerolipids,LipidSearch,Bronze,3
A15_156712,Streptophyta,Viridiplantae,,,,,none,Unidentified,0
A15_158328,Streptophyta,Viridiplantae,TG(25:4_16:0)+O:(s),TG,TG,Glycerolipids,LipidSearch,Bronze,3
A15_217347,Bacillota,Bacteria,ChE(28:5),ChE,CE,Sterol lipids,LipidSearch,Gold,4
A15_91423,Streptophyta,Viridiplantae,PC(O-42:13),PC,PC,Glycerophospholipids,LipidSearch,Bronze,3
A15_170581,Streptophyta,Viridiplantae,DGDG(16:0_18:1),DGDG,DGDG,Glycerolipids,LipidSearch,Gold,4
A15_172432,Streptophyta,Viridiplantae,DGDG(16:0_18:1),DGDG,DGDG,Glycerolipids,LipidSearch,Gold,4
A15_186457,Streptophyta,Viridiplantae,,,,,none,Unidentified,0
A15_101827,Pseudomonadota,Bacteria,PEt(23:1_3:0),PEt,PEt,Glycerophospholipids,LipidSearch,Bronze,3
A15_194215,Streptophyta,Viridiplantae,,,,,none,Unidentified,0
A15_90933,Streptophyta,Viridiplantae,PS(15:1_16:0),PS,PS,Glycerophospholipids,LipidSearch,Bronze,3
A15_191371,Streptophyta,Viridiplantae,,,,,none,Unidentified,0
A15_139087,Streptophyta,Viridiplantae,DG(16:2_18:2),DG,DG,Glycerolipids,LipidSearch,Gold,4
A15_179654,Streptophyta,Viridiplantae,,Terpenoid,Terpenoid,Prenol lipids,MS2_diagnostic,Bronze,2
A15_214035,Bacillota,Bacteria,ChE(28:5),ChE,CE,Sterol lipids,LipidSearch,Gold,4
A15_165011,Streptophyta,Viridiplantae,DGDG(18:0_18:3),DGDG,DGDG,Glycerolipids,LipidSearch,Gold,4
A15_84628,Streptophyta,Viridiplantae,DG(16:2_18:4),DG,DG,Glycerolipids,LipidSearch,Gold,4
A15_205962,Streptophyta,Viridiplantae,DG(O-15:1_22:0),DG,DG,Glycerolipids,LipidSearch,Bronze,3
A15_183453,Streptophyta,Viridiplantae,,,,,none,Unidentified,0
A15_177752,Streptophyta,Viridiplantae,,,,,none,Unidentified,0
A15_180387,Streptophyta,Viridiplantae,DG(18:0_18:1),DG,DG,Glycerolipids,LipidSearch,Gold,4
A15_119936,Pseudomonadota,Bacteria,,,,,none,Unidentified,0
A15_211110,Bacillota,Bacteria,SM(d43:5),SM,SM,Sphingolipids,LipidSearch,Bronze,3
A15_211955,Bacillota,Bacteria,SM(d43:5),SM,SM,Sphingolipids,LipidSearch,Bronze,3
A15_213355,Bacillota,Bacteria,SM(d43:5),SM,SM,Sphingolipids,LipidSearch,Bronze,3
A15_178549,Streptophyta,Viridiplantae,DG(O-17:1_18:3),DG,DG,Glycerolipids,LipidSearch,Bronze,3
A15_129505,Streptophyta,Viridiplantae,DGDG(16:0_18:3),DGDG,DGDG,Glycerolipids,LipidSearch,Gold,4
A15_109196,Streptophyta,Viridiplantae,,,,,none,Unidentified,0
A15_150044,Streptophyta,Viridiplantae,,PC/SM,PC/SM,Glycerophospholipids|Sphingolipids,MS2_diagnostic,Bronze,2
A15_183267,Bacillota,Bacteria,PE(O-37:5),PE,PE,Glycerophospholipids,LipidSearch,Bronze,3
A15_186033,Bacillota,Bacteria,PE(O-37:5),PE,PE,Glycerophospholipids,LipidSearch,Bronze,3
A15_140609,Streptophyta,Viridiplantae,,,,,none,Unidentified,0
A15_106019,Pseudomonadota,Bacteria,,,,,none,Unidentified,0
A15_96867,Pseudomonadota,Bacteria,,,,,none,Unidentified,0
A15_64783,Streptophyta,Viridiplantae,CL(P-23:2_16:0),CL,CL,Glycerophospholipids,LipidSearch,Bronze,3
A15_39694,Streptophyta,Viridiplantae,,Terpenoid,Terpenoid,Prenol lipids,MS2_diagnostic,Bronze,2
A15_223027,Bacillota,Bacteria,,,,,none,Unidentified,0
A15_51342,Streptophyta,Viridiplantae,,Terpenoid,Terpenoid,Prenol lipids,MS2_diagnostic,Bronze,2
A15_36505,Streptophyta,Viridiplantae,,PC/SM,PC/SM,Glycerophospholipids|Sphingolipids,MS2_diagnostic,Bronze,2
A15_64957,Streptophyta,Viridiplantae,,PC/SM,PC/SM,Glycerophospholipids|Sphingolipids,MS2_diagnostic,Bronze,2
A15_112015,Streptophyta,Viridiplantae,MG(P-18:4),MG,MG,Glycerolipids,LipidSearch,Bronze,3
A15_94034,Streptophyta,Viridiplantae,,Terpenoid,Terpenoid,Prenol lipids,MS2_diagnostic,Bronze,2
A15_11836,Streptophyta,Viridiplantae,,Terpenoid,Terpenoid,Prenol lipids,MS2_diagnostic,Bronze,2
A15_77926,Streptophyta,Viridiplantae,,,,,none,Unidentified,0
A15_10887,Streptophyta,Viridiplantae,,PC/SM,PC/SM,Glycerophospholipids|Sphingolipids,MS2_diagnostic,Bronze,2
A15_160251,Streptophyta,Viridiplantae,,Terpenoid,Terpenoid,Prenol lipids,MS2_diagnostic,Bronze,2
A15_201482,Streptophyta,Viridiplantae,,,,,none,Unidentified,0
A15_71805,Streptophyta,Viridiplantae,,,,,none,Unidentified,0
A15_13029,Streptophyta,Viridiplantae,,,,,none,Unidentified,0
A15_67777,Streptophyta,Viridiplantae,,,,,none,Unidentified,0
A15_186239,Streptophyta,Viridiplantae,TG(32:6_18:2)+O:(s),TG,TG,Glycerolipids,LipidSearch,Gold,4
A15_103309,Streptophyta,Viridiplantae,DG(16:0_18:4),DG,DG,Glycerolipids,LipidSearch,Gold,4
A15_152326,Pseudomonadota,Bacteria,MGDG(16:1_16:1),MGDG,MGDG,Glycerolipids,LipidSearch,Bronze,3
A15_149341,Pseudomonadota,Bacteria,MGDG(16:1_16:1),MGDG,MGDG,Glycerolipids,LipidSearch,Bronze,3
A15_139845,Bacillota,Bacteria,PE(16:1_14:0),PE,PE,Glycerophospholipids,LipidSearch,Gold,4
A15_180845,Streptophyta,Viridiplantae,,PC/SM,PC/SM,Glycerophospholipids|Sphingolipids,MS2_diagnostic,Bronze,2
A15_191330,Streptophyta,Viridiplantae,TG(12:1_18:2_18:2)+O:(s),TG,TG,Glycerolipids,LipidSearch,Gold,4
A15_96965,Streptophyta,Viridiplantae,,,,,none,Unidentified,0
A15_87646,Bacillota,Bacteria,PG(17:3_16:1),PG,PG,Glycerophospholipids,LipidSearch,Bronze,3
A15_131188,Bacillota,Bacteria,PS(33:2),PS,PS,Glycerophospholipids,LipidSearch,Bronze,3
A15_153957,Bacillota,Bacteria,PA(34:2),PA,PA,Glycerophospholipids,LipidSearch,Bronze,3
A15_33949,Streptophyta,Viridiplantae,,,,,none,Unidentified,0
A15_79887,Streptophyta,Viridiplantae,TG(18:2_16:0)+OO:(s),TG,TG,Glycerolipids,LipidSearch,Bronze,3
A15_98909,Streptophyta,Viridiplantae,,Terpenoid,Terpenoid,Prenol lipids,MS2_diagnostic,Bronze,2
A15_149917,Bacillota,Bacteria,PG(18:3_16:0),PG,PG,Glycerophospholipids,LipidSearch,Gold,4
A15_27672,Streptophyta,Viridiplantae,TG(21:4_4:0_4:0),TG,TG,Glycerolipids,LipidSearch,Bronze,3
A15_25789,Streptophyta,Viridiplantae,,,,,none,Unidentified,0
A15_150711,Bacillota,Bacteria,PC(34:3),PC,PC,Glycerophospholipids,LipidSearch,Bronze,3
A15_147646,Bacillota,Bacteria,PC(34:3),PC,PC,Glycerophospholipids,LipidSearch,Bronze,3
A15_149115,Bacillota,Bacteria,PC(34:3),PC,PC,Glycerophospholipids,LipidSearch,Bronze,3
A15_210741,Streptophyta,Viridiplantae,TG(36:9_27:6),TG,TG,Glycerolipids,LipidSearch,Bronze,3
A15_121935,Streptophyta,Viridiplantae,,,,,none,Unidentified,0
A15_178793,Streptophyta,Viridiplantae,,,,,none,Unidentified,0
A15_175597,Streptophyta,Viridiplantae,,,,,none,Unidentified,0
A15_83054,Streptophyta,Viridiplantae,,,,,none,Unidentified,0
A15_102133,Streptophyta,Viridiplantae,TG(18:2_18:3)+O:(s),TG,TG,Glycerolipids,LipidSearch,Gold,4
A15_130192,Bacillota,Bacteria,PG(17:0_14:0),PG,PG,Glycerophospholipids,LipidSearch,Bronze,3
A15_157472,Bacillota,Bacteria,PG(17:0_15:0),PG,PG,Glycerophospholipids,LipidSearch,Gold,4
A15_28057,Streptophyta,Viridiplantae,,PC/SM,PC/SM,Glycerophospholipids|Sphingolipids,MS2_diagnostic,Bronze,2
A15_103042,Streptophyta,Viridiplantae,,Terpenoid,Terpenoid,Prenol lipids,MS2_diagnostic,Bronze,2
A15_70836,Streptophyta,Viridiplantae,,,,,none,Unidentified,0
A15_123459,Streptophyta,Viridiplantae,PA(16:3_18:1),PA,PA,Glycerophospholipids,LipidSearch,Gold,4
A15_118713,Streptophyta,Viridiplantae,DG(P-18:4_18:3),DG,DG,Glycerolipids,LipidSearch,Bronze,3
A15_194179,Streptophyta,Viridiplantae,TG(16:0_18:3_18:4)+O:(s),TG,TG,Glycerolipids,LipidSearch,Gold,4
A15_177798,Streptophyta,Viridiplantae,,,,,none,Unidentified,0
A15_191185,Pseudomonadota,Bacteria,PE(17:0_18:1),PE,PE,Glycerophospholipids,LipidSearch,Gold,4
A15_85462,Streptophyta,Viridiplantae,PC(42:13),PC,PC,Glycerophospholipids,LipidSearch,Bronze,3
A15_90184,Streptophyta,Viridiplantae,,PC/SM,PC/SM,Glycerophospholipids|Sphingolipids,MS2_diagnostic,Bronze,2
A15_18845,Streptophyta,Viridiplantae,,Terpenoid,Terpenoid,Prenol lipids,MS2_diagnostic,Bronze,2
A15_106715,Streptophyta,Viridiplantae,,Terpenoid,Terpenoid,Prenol lipids,MS2_diagnostic,Bronze,2
A15_101517,Pseudomonadota,Bacteria,PC(23:0),PC,PC,Glycerophospholipids,LipidSearch,Bronze,3
A15_124115,Streptophyta,Viridiplantae,,,,,none,Unidentified,0
A15_134193,Bacillota,Bacteria,,,,,none,Unidentified,0
A15_14309,Streptophyta,Viridiplantae,SM(d21:4),SM,SM,Sphingolipids,LipidSearch,Bronze,3
A15_50090,Streptophyta,Viridiplantae,,,,,none,Unidentified,0
A15_62062,Streptophyta,Viridiplantae,,PC/SM,PC/SM,Glycerophospholipids|Sphingolipids,MS2_diagnostic,Bronze,2
A15_95302,Bacillota,Bacteria,,,,,none,Unidentified,0
A15_65943,Streptophyta,Viridiplantae,,,,,none,Unidentified,0
A15_174332,Streptophyta,Viridiplantae,,,,,none,Unidentified,0
A15_49152,Streptophyta,Viridiplantae,,,,,none,Unidentified,0
A15_105202,Streptophyta,Viridiplantae,,,,,none,Unidentified,0
A15_214738,Streptophyta,Viridiplantae,TG(49:14_18:3),TG,TG,Glycerolipids,LipidSearch,Gold,4
A15_51291,Streptophyta,Viridiplantae,,Terpenoid,Terpenoid,Prenol lipids,MS2_diagnostic,Bronze,2
A15_79492,Streptophyta,Viridiplantae,,,,,none,Unidentified,0
A15_175913,Streptophyta,Viridiplantae,,,,,none,Unidentified,0
A15_172941,Streptophyta,Viridiplantae,PI(20:4_18:0),PI,PI,Glycerophospholipids,LipidSearch,Gold,4
A15_87844,Streptophyta,Viridiplantae,,,,,none,Unidentified,0
A15_153411,Pseudomonadota,Bacteria,PG(O-18:2_18:1),PG,PG,Glycerophospholipids,LipidSearch,Bronze,3
A15_93894,Streptophyta,Viridiplantae,,,,,none,Unidentified,0
A15_83159,Streptophyta,Viridiplantae,DG(15:2_18:3),DG,DG,Glycerolipids,LipidSearch,Gold,4
A15_114257,Streptophyta,Viridiplantae,,Glycolipid,Glycolipid,Glycerolipids,MS2_diagnostic,Bronze,2
A15_52314,Streptophyta,Viridiplantae,,,,,none,Unidentified,0
A15_100266,Streptophyta,Viridiplantae,,,,,none,Unidentified,0
A15_130428,Streptophyta,Viridiplantae,,Ubiquinone,Ubiquinone,Prenol lipids,MS2_diagnostic,Bronze,2
A15_140781,Ascomycota,Fungi,,,,,none,Unidentified,0
A15_107777,Streptophyta,Viridiplantae,,,,,none,Unidentified,0
A15_105278,Streptophyta,Viridiplantae,MG(P-18:4),MG,MG,Glycerolipids,LipidSearch,Bronze,3
A15_184931,Streptophyta,Viridiplantae,,Terpenoid,Terpenoid,Prenol lipids,MS2_diagnostic,Bronze,2
A15_121177,Streptophyta,Viridiplantae,,,,,none,Unidentified,0
A15_157151,Streptophyta,Viridiplantae,,,,,none,Unidentified,0
A15_110527,Streptophyta,Viridiplantae,DG(18:1_22:5),DG,DG,Glycerolipids,LipidSearch,Bronze,3
A15_142764,Bacillota,Bacteria,PG(15:0_17:1),PG,PG,Glycerophospholipids,LipidSearch,Gold,4
A15_109968,Streptophyta,Viridiplantae,,,,,none,Unidentified,0
A15_100665,Streptophyta,Viridiplantae,,PC/SM,PC/SM,Glycerophospholipids|Sphingolipids,MS2_diagnostic,Bronze,2
A15_110258,Streptophyta,Viridiplantae,,,,,none,Unidentified,0
A15_137269,Streptophyta,Viridiplantae,,,,,none,Unidentified,0
A15_185791,Streptophyta,Viridiplantae,Cer(d16:1_22:2),Cer,Cer,Sphingolipids,LipidSearch,Gold,4
A15_184641,Streptophyta,Viridiplantae,Cer(d16:1_22:2),Cer,Cer,Sphingolipids,LipidSearch,Gold,4
A15_103623,Streptophyta,Viridiplantae,,,,,none,Unidentified,0
A15_186407,Streptophyta,Viridiplantae,,GDGT/Archaeol,GDGT/Archaeol,Archaeal lipids,MS2_diagnostic,Bronze,2
A15_134562,Streptophyta,Viridiplantae,,Ceramide,Ceramide,Sphingolipids,MS2_diagnostic,Bronze,2
A15_134554,Streptophyta,Viridiplantae,,,,,none,Unidentified,0
A15_187056,Streptophyta,Viridiplantae,,,,,none,Unidentified,0
A15_135103,Streptophyta,Viridiplantae,,,,,none,Unidentified,0
A15_35229,Streptophyta,Viridiplantae,,,,,none,Unidentified,0
A15_170668,Bacillota,Bacteria,PC(O-34:4),PC,PC,Glycerophospholipids,LipidSearch,Bronze,3
A15_180295,Discosea,Protists,,,,,none,Unidentified,0
A15_178885,Discosea,Protists,,,,,none,Unidentified,0
A15_116505,Streptophyta,Viridiplantae,PG(40:9),PG,PG,Glycerophospholipids,LipidSearch,Bronze,3
A15_623,Streptophyta,Viridiplantae,,Terpenoid,Terpenoid,Prenol lipids,MS2_diagnostic,Bronze,2
A15_197675,Streptophyta,Viridiplantae,,,,,none,Unidentified,0
A15_138162,Streptophyta,Viridiplantae,,Terpenoid,Terpenoid,Prenol lipids,MS2_diagnostic,Bronze,2
A15_210421,Streptophyta,Viridiplantae,,,,,none,Unidentified,0
A15_98187,Streptophyta,Viridiplantae,,PC/SM,PC/SM,Glycerophospholipids|Sphingolipids,MS2_diagnostic,Bronze,2
A15_22454,Streptophyta,Viridiplantae,MG(18:3),MG,MG,Glycerolipids,LipidSearch,Gold,4
A15_2204,Streptophyta,Viridiplantae,,PC/SM,PC/SM,Glycerophospholipids|Sphingolipids,MS2_diagnostic,Bronze,2
A15_9448,Streptophyta,Viridiplantae,,Terpenoid,Terpenoid,Prenol lipids,MS2_diagnostic,Bronze,2
A15_14050,Streptophyta,Viridiplantae,,,,,none,Unidentified,0
A15_184874,Pseudomonadota,Bacteria,PE(17:0_18:1),PE,PE,Glycerophospholipids,LipidSearch,Gold,4
A15_186351,Pseudomonadota,Bacteria,PE(17:0_18:1),PE,PE,Glycerophospholipids,LipidSearch,Gold,4
A15_12619,Pseudomonadota,Bacteria,,,,,none,Unidentified,0
A15_124079,Streptophyta,Viridiplantae,,Ceramide,Ceramide,Sphingolipids,MS2_diagnostic,Bronze,2
A15_76232,Streptophyta,Viridiplantae,,,,,none,Unidentified,0
A15_49775,Streptophyta,Viridiplantae,,PC/SM,PC/SM,Glycerophospholipids|Sphingolipids,MS2_diagnostic,Bronze,2
A15_82531,Streptophyta,Viridiplantae,,,,,none,Unidentified,0
A15_81748,Streptophyta,Viridiplantae,,,,,none,Unidentified,0
A15_175278,Streptophyta,Viridiplantae,DG(P-15:2_20:1),DG,DG,Glycerolipids,LipidSearch,Bronze,3
A15_84664,Streptophyta,Viridiplantae,,,,,none,Unidentified,0
A15_145750,Streptophyta,Viridiplantae,DG(16:2_18:3),DG,DG,Glycerolipids,LipidSearch,Gold,4
A15_192961,Streptophyta,Viridiplantae,,Hopanoid,Hopanoid,Prenol lipids,MS2_diagnostic,Bronze,2
A15_53841,Streptophyta,Viridiplantae,,,,,none,Unidentified,0
A15_20074,Streptophyta,Viridiplantae,,,,,none,Unidentified,0
A15_132479,Streptophyta,Viridiplantae,DGDG(18:2_18:3),DGDG,DGDG,Glycerolipids,LipidSearch,Gold,4
A15_156070,Streptophyta,Viridiplantae,MG(O-26:6),MG,MG,Glycerolipids,LipidSearch,Bronze,3
A15_97110,Streptophyta,Viridiplantae,,,,,none,Unidentified,0
A15_99105,Streptophyta,Viridiplantae,,,,,none,Unidentified,0
A15_109886,Streptophyta,Viridiplantae,TG(3:0_18:3_18:3)+O:(s),TG,TG,Glycerolipids,LipidSearch,Bronze,3
A15_175701,Streptophyta,Viridiplantae,,,,,none,Unidentified,0
A15_195122,Bacillota,Bacteria,,,,,none,Unidentified,0
A15_164305,Streptophyta,Viridiplantae,,,,,none,Unidentified,0
A15_9468,Streptophyta,Viridiplantae,,Terpenoid,Terpenoid,Prenol lipids,MS2_diagnostic,Bronze,2
A15_143857,Bacillota,Bacteria,SM(d34:2),SM,SM,Sphingolipids,LipidSearch,Bronze,3
A15_146373,Bacillota,Bacteria,SM(d34:2),SM,SM,Sphingolipids,LipidSearch,Bronze,3
A15_84574,Streptophyta,Viridiplantae,,,,,none,Unidentified,0
A15_177704,Streptophyta,Viridiplantae,,,,,none,Unidentified,0
A15_127283,Streptophyta,Viridiplantae,WE(O-27:2),WE,WE,Fatty acyls,LipidSearch,Bronze,3
A15_88884,Bacillota,Bacteria,PG(15:2_18:2),PG,PG,Glycerophospholipids,LipidSearch,Gold,4
A15_153085,Pseudomonadota,Bacteria,PS(17:1_18:1),PS,PS,Glycerophospholipids,LipidSearch,Gold,4
A15_155233,Pseudomonadota,Bacteria,PS(17:1_18:1),PS,PS,Glycerophospholipids,LipidSearch,Gold,4
A15_127424,Streptophyta,Viridiplantae,PI(18:2_18:2),PI,PI,Glycerophospholipids,LipidSearch,Gold,4
A15_180055,Streptophyta,Viridiplantae,,Terpenoid,Terpenoid,Prenol lipids,MS2_diagnostic,Bronze,2
A15_196406,Bacillota,Bacteria,,,,,none,Unidentified,0
A15_194986,Bacillota,Bacteria,,,,,none,Unidentified,0
A15_199726,Bacillota,Bacteria,,,,,none,Unidentified,0
A15_204163,Bacillota,Bacteria,TG(22:0_10:0_12:1),TG,TG,Glycerolipids,LipidSearch,Bronze,3
A15_208000,Bacillota,Bacteria,,,,,none,Unidentified,0
A15_158058,Streptophyta,Viridiplantae,WE(O-10:0_17:2),WE,WE,Fatty acyls,LipidSearch,Bronze,3
A15_144875,Streptophyta,Viridiplantae,DG(16:0_18:3),DG,DG,Glycerolipids,LipidSearch,Gold,4
A15_82024,Streptophyta,Viridiplantae,TG(3:0_13:0_18:3),TG,TG,Glycerolipids,LipidSearch,Bronze,3
A15_149495,Pseudomonadota,Bacteria,PG(15:0_17:1),PG,PG,Glycerophospholipids,LipidSearch,Gold,4
A15_120566,Streptophyta,Viridiplantae,DG(16:1_18:4),DG,DG,Glycerolipids,LipidSearch,Gold,4
A15_138335,Bacillota,Bacteria,SM(d32:1),SM,SM,Sphingolipids,LipidSearch,Bronze,3
A15_83541,Streptophyta,Viridiplantae,PC(18:2_18:4),PC,PC,Glycerophospholipids,LipidSearch,Bronze,3
A15_124665,Streptophyta,Viridiplantae,,,,,none,Unidentified,0
A15_56680,Streptophyta,Viridiplantae,,PC/SM,PC/SM,Glycerophospholipids|Sphingolipids,MS2_diagnostic,Bronze,2
A15_124071,Streptophyta,Viridiplantae,PC(36:6),PC,PC,Glycerophospholipids,LipidSearch,Bronze,3
A15_125432,Streptophyta,Viridiplantae,PC(36:6),PC,PC,Glycerophospholipids,LipidSearch,Bronze,3
A15_112146,Streptophyta,Viridiplantae,,Terpenoid,Terpenoid,Prenol lipids,MS2_diagnostic,Bronze,2
A15_186772,Streptophyta,Viridiplantae,DG(18:2_20:4),DG,DG,Glycerolipids,LipidSearch,Gold,4
A15_63040,Streptophyta,Viridiplantae,,,,,none,Unidentified,0
A15_134150,Streptophyta,Viridiplantae,MGDG(18:3_18:3),MGDG,MGDG,Glycerolipids,LipidSearch,Gold,4
A15_81354,Streptophyta,Viridiplantae,,PC/SM,PC/SM,Glycerophospholipids|Sphingolipids,MS2_diagnostic,Bronze,2
A15_141917,Streptophyta,Viridiplantae,DG(15:2_16:1),DG,DG,Glycerolipids,LipidSearch,Bronze,3
A15_103061,Bacillota,Bacteria,PG(P-15:2_18:3),PG,PG,Glycerophospholipids,LipidSearch,Bronze,3
A15_157331,Streptophyta,Viridiplantae,MGDG(18:2_18:2),MGDG,MGDG,Glycerolipids,LipidSearch,Gold,4
A15_86856,Streptophyta,Viridiplantae,DG(16:0_18:4),DG,DG,Glycerolipids,LipidSearch,Gold,4
A15_101184,Streptophyta,Viridiplantae,,Terpenoid,Terpenoid,Prenol lipids,MS2_diagnostic,Bronze,2
A15_30762,Basidiomycota,Fungi,DG(24:5),DG,DG,Glycerolipids,LipidSearch,Bronze,3
A15_210550,Bacillota,Bacteria,,,,,none,Unidentified,0
A15_225978,Bacillota,Bacteria,,,,,none,Unidentified,0
A15_151191,Streptophyta,Viridiplantae,TG(5:0_16:0_16:2)+O:(s),TG,TG,Glycerolipids,LipidSearch,Bronze,3
A15_199725,Bacillota,Bacteria,,,,,none,Unidentified,0
A15_164267,Streptophyta,Viridiplantae,,PC/SM,PC/SM,Glycerophospholipids|Sphingolipids,MS2_diagnostic,Bronze,2
A15_222608,Bacillota,Bacteria,CL(60:0),CL,CL,Glycerophospholipids,LipidSearch,Bronze,3
A15_133018,Streptophyta,Viridiplantae,,PC/SM,PC/SM,Glycerophospholipids|Sphingolipids,MS2_diagnostic,Bronze,2
A15_46643,Streptophyta,Viridiplantae,,,,,none,Unidentified,0
A15_43417,Streptophyta,Viridiplantae,,,,,none,Unidentified,0
A15_204153,Streptophyta,Viridiplantae,Cer(d20:1_18:1),Cer,Cer,Sphingolipids,LipidSearch,Bronze,3
A15_117948,Streptophyta,Viridiplantae,,,,,none,Unidentified,0
A15_172034,Actinomycetota,Bacteria,,,,,none,Unidentified,0
A15_98405,Streptophyta,Viridiplantae,,PC/SM,PC/SM,Glycerophospholipids|Sphingolipids,MS2_diagnostic,Bronze,2
A15_130103,Streptophyta,Viridiplantae,TG(18:2_16:0),TG,TG,Glycerolipids,LipidSearch,Gold,4
A15_63977,Streptophyta,Viridiplantae,,Terpenoid,Terpenoid,Prenol lipids,MS2_diagnostic,Bronze,2
A15_105047,Streptophyta,Viridiplantae,,,,,none,Unidentified,0
A15_58800,Streptophyta,Viridiplantae,,Terpenoid,Terpenoid,Prenol lipids,MS2_diagnostic,Bronze,2
A15_73288,Streptophyta,Viridiplantae,,,,,none,Unidentified,0
A15_173239,Streptophyta,Viridiplantae,,,,,none,Unidentified,0
A15_103394,Streptophyta,Viridiplantae,,PC/SM,PC/SM,Glycerophospholipids|Sphingolipids,MS2_diagnostic,Bronze,2
A15_181655,Streptophyta,Viridiplantae,,Terpenoid,Terpenoid,Prenol lipids,MS2_diagnostic,Bronze,2
A15_183845,Pseudomonadota,Bacteria,PE(17:0_18:1),PE,PE,Glycerophospholipids,LipidSearch,Gold,4
A15_182698,Pseudomonadota,Bacteria,PE(17:0_18:1),PE,PE,Glycerophospholipids,LipidSearch,Gold,4
A15_196874,Streptophyta,Viridiplantae,,,,,none,Unidentified,0
A15_178132,Streptophyta,Viridiplantae,DG(16:0_18:3),DG,DG,Glycerolipids,LipidSearch,Gold,4
A15_188049,Pseudomonadota,Bacteria,TG(37:2_4:0)+OO:(s),TG,TG,Glycerolipids,LipidSearch,Bronze,3
A15_123965,Streptophyta,Viridiplantae,TG(13:1_8:0_16:3)+O:(s),TG,TG,Glycerolipids,LipidSearch,Bronze,3
A15_19289,Methanobacteriota,Archaea,,,,,none,Unidentified,0
A15_100018,Streptophyta,Viridiplantae,,Ceramide,Ceramide,Sphingolipids,MS2_diagnostic,Bronze,2
A15_134108,Streptophyta,Viridiplantae,MG(O-26:6),MG,MG,Glycerolipids,LipidSearch,Bronze,3
A15_99102,Streptophyta,Viridiplantae,TG(9:0_28:8),TG,TG,Glycerolipids,LipidSearch,Bronze,3
A15_206564,Bacillota,Bacteria,,,,,none,Unidentified,0
A15_7250,Streptophyta,Viridiplantae,LPG(18:3),LPG,LPG,Glycerophospholipids,LipidSearch,Bronze,3
A15_191925,Streptophyta,Viridiplantae,,,,,none,Unidentified,0
A15_129347,Streptophyta,Viridiplantae,MGDG(18:3_18:3),MGDG,MGDG,Glycerolipids,LipidSearch,Gold,4
A15_181556,Streptophyta,Viridiplantae,DGDG(10:0_20:0),DGDG,DGDG,Glycerolipids,LipidSearch,Bronze,3
A15_186472,Pseudomonadota,Bacteria,PC(34:2),PC,PC,Glycerophospholipids,LipidSearch,Bronze,3
A15_78500,Streptophyta,Viridiplantae,DG(16:2_18:4),DG,DG,Glycerolipids,LipidSearch,Gold,4
A15_128585,Streptophyta,Viridiplantae,PI(34:3),PI,PI,Glycerophospholipids,LipidSearch,Bronze,3
A15_28592,Basidiomycota,Fungi,,,,,none,Unidentified,0
A15_30886,Basidiomycota,Fungi,,,,,none,Unidentified,0
A15_135993,Streptophyta,Viridiplantae,DGDG(18:2_20:4),DGDG,DGDG,Glycerolipids,LipidSearch,Gold,4
A15_107281,Streptophyta,Viridiplantae,DG(18:1_18:4),DG,DG,Glycerolipids,LipidSearch,Gold,4
A15_138660,Streptophyta,Viridiplantae,PG(21:0_14:0),PG,PG,Glycerophospholipids,LipidSearch,Bronze,3
A15_49641,Streptophyta,Viridiplantae,,PC/SM,PC/SM,Glycerophospholipids|Sphingolipids,MS2_diagnostic,Bronze,2
A15_42446,Streptophyta,Viridiplantae,,PC/SM,PC/SM,Glycerophospholipids|Sphingolipids,MS2_diagnostic,Bronze,2
A15_31400,Streptophyta,Viridiplantae,TG(21:4_4:0_4:0),TG,TG,Glycerolipids,LipidSearch,Bronze,3
A15_125749,Bacillota,Bacteria,DG(O-13:1_16:0),DG,DG,Glycerolipids,LipidSearch,Bronze,3
A15_174288,Streptophyta,Viridiplantae,Cer(d18:2_18:1),Cer,Cer,Sphingolipids,LipidSearch,Gold,4
A15_151450,Bacillota,Bacteria,TG(P-22:7_5:0_14:2),TG,TG,Glycerolipids,LipidSearch,Bronze,3
A15_198139,Streptophyta,Viridiplantae,,,,,none,Unidentified,0
A15_117191,Streptophyta,Viridiplantae,DGDG(18:3_18:3),DGDG,DGDG,Glycerolipids,LipidSearch,Gold,4
A15_106065,Streptophyta,Viridiplantae,,Terpenoid,Terpenoid,Prenol lipids,MS2_diagnostic,Bronze,2
A15_171800,Heterolobosea,Protists,,PC/SM,PC/SM,Glycerophospholipids|Sphingolipids,MS2_diagnostic,Bronze,2
A15_168161,Heterolobosea,Protists,,PC/SM,PC/SM,Glycerophospholipids|Sphingolipids,MS2_diagnostic,Bronze,2
A15_169625,Heterolobosea,Protists,,PC/SM,PC/SM,Glycerophospholipids|Sphingolipids,MS2_diagnostic,Bronze,2
A15_129199,Streptophyta,Viridiplantae,MG(O-26:6),MG,MG,Glycerolipids,LipidSearch,Bronze,3
A15_97206,Streptophyta,Viridiplantae,PA(16:3_18:3),PA,PA,Glycerophospholipids,LipidSearch,Gold,4
A15_69141,Streptophyta,Viridiplantae,,PC/SM,PC/SM,Glycerophospholipids|Sphingolipids,MS2_diagnostic,Bronze,2
A15_138661,Streptophyta,Viridiplantae,,,,,none,Unidentified,0
A15_53890,Streptophyta,Viridiplantae,,Terpenoid,Terpenoid,Prenol lipids,MS2_diagnostic,Bronze,2
A15_142801,Streptophyta,Viridiplantae,MGDG(18:2_18:3),MGDG,MGDG,Glycerolipids,LipidSearch,Gold,4
A15_59731,Streptophyta,Viridiplantae,,PC/SM,PC/SM,Glycerophospholipids|Sphingolipids,MS2_diagnostic,Bronze,2
A15_198865,Streptophyta,Viridiplantae,TG(49:16_18:3),TG,TG,Glycerolipids,LipidSearch,Gold,4
A15_79408,Streptophyta,Viridiplantae,MGDG(18:3_18:4),MGDG,MGDG,Glycerolipids,LipidSearch,Gold,4
A15_108266,Streptophyta,Viridiplantae,,,,,none,Unidentified,0
A15_80588,Streptophyta,Viridiplantae,PG(21:4_18:2),PG,PG,Glycerophospholipids,LipidSearch,Bronze,3
A15_38737,Streptophyta,Viridiplantae,,,,,none,Unidentified,0
A15_102117,Streptophyta,Viridiplantae,PG(O-5:0_22:1),PG,PG,Glycerophospholipids,LipidSearch,Bronze,3
A15_154117,Bacillota,Bacteria,PG(16:3_17:1),PG,PG,Glycerophospholipids,LipidSearch,Bronze,3
A15_195758,Streptophyta,Viridiplantae,,,,,none,Unidentified,0
A15_211787,Streptophyta,Viridiplantae,TG(47:13_18:3),TG,TG,Glycerolipids,LipidSearch,Gold,4
A15_132433,Pseudomonadota,Bacteria,PC(28:1),PC,PC,Glycerophospholipids,LipidSearch,Bronze,3
A15_205450,Streptophyta,Viridiplantae,TG(36:5_20:3),TG,TG,Glycerolipids,LipidSearch,Bronze,3
A15_179029,Streptophyta,Viridiplantae,,GDGT/Archaeol,GDGT/Archaeol,Archaeal lipids,MS2_diagnostic,Bronze,2
A15_95809,Streptophyta,Viridiplantae,,PC/SM,PC/SM,Glycerophospholipids|Sphingolipids,MS2_diagnostic,Bronze,2
A15_58357,Streptophyta,Viridiplantae,TG(29:3_4:0)+OO:(s),TG,TG,Glycerolipids,LipidSearch,Bronze,3
A15_112907,Streptophyta,Viridiplantae,TG(18:2_16:0)+O:(s),TG,TG,Glycerolipids,LipidSearch,Gold,4
A15_99530,Streptophyta,Viridiplantae,,,,,none,Unidentified,0
A15_96006,Streptophyta,Viridiplantae,,Terpenoid,Terpenoid,Prenol lipids,MS2_diagnostic,Bronze,2
A15_110734,Streptophyta,Viridiplantae,,,,,none,Unidentified,0
A15_132594,Streptophyta,Viridiplantae,DG(P-32:1),DG,DG,Glycerolipids,LipidSearch,Bronze,3
A15_22772,Streptophyta,Viridiplantae,,Terpenoid,Terpenoid,Prenol lipids,MS2_diagnostic,Bronze,2
A15_24368,Streptophyta,Viridiplantae,MG(18:3),MG,MG,Glycerolipids,LipidSearch,Gold,4
A15_4762,Streptophyta,Viridiplantae,TG(19:3_4:0),TG,TG,Glycerolipids,LipidSearch,Bronze,3
A15_127361,Streptophyta,Viridiplantae,PC(36:6),PC,PC,Glycerophospholipids,LipidSearch,Bronze,3
A15_212312,Streptophyta,Viridiplantae,TG(47:13_18:3),TG,TG,Glycerolipids,LipidSearch,Gold,4
A15_95818,Streptophyta,Viridiplantae,,Terpenoid,Terpenoid,Prenol lipids,MS2_diagnostic,Bronze,2
A15_112791,Streptophyta,Viridiplantae,,PC/SM,PC/SM,Glycerophospholipids|Sphingolipids,MS2_diagnostic,Bronze,2
A15_45964,Streptophyta,Viridiplantae,,,,,none,Unidentified,0
A15_10178,Streptophyta,Viridiplantae,TG(22:3_5:0)+O:(s),TG,TG,Glycerolipids,LipidSearch,Bronze,3
A15_138856,Streptophyta,Viridiplantae,,,,,none,Unidentified,0
A15_226291,Streptophyta,Viridiplantae,,,,,none,Unidentified,0
A15_110911,Streptophyta,Viridiplantae,PA(16:2_18:3),PA,PA,Glycerophospholipids,LipidSearch,Gold,4
A15_199781,Streptophyta,Viridiplantae,,,,,none,Unidentified,0
A15_100674,Streptophyta,Viridiplantae,,,,,none,Unidentified,0
A15_181410,Streptophyta,Viridiplantae,Cer(d18:2_20:1),Cer,Cer,Sphingolipids,LipidSearch,Gold,4
A15_90415,Streptophyta,Viridiplantae,PI(18:4_16:0),PI,PI,Glycerophospholipids,LipidSearch,Gold,4
A15_187963,Pseudomonadota,Bacteria,PC(34:2),PC,PC,Glycerophospholipids,LipidSearch,Bronze,3
A15_144349,Streptophyta,Viridiplantae,,,,,none,Unidentified,0
A15_27671,Streptophyta,Viridiplantae,,PC/SM,PC/SM,Glycerophospholipids|Sphingolipids,MS2_diagnostic,Bronze,2
A15_139668,Bacillota,Bacteria,Cer(d16:1_20:5),Cer,Cer,Sphingolipids,LipidSearch,Gold,4
A15_108591,Streptophyta,Viridiplantae,,Terpenoid,Terpenoid,Prenol lipids,MS2_diagnostic,Bronze,2
A15_13713,Pseudomonadota,Bacteria,LPE(14:0),LPE,LPE,Glycerophospholipids,LipidSearch,Gold,4
A15_131776,Streptophyta,Viridiplantae,MGDG(18:3_18:3),MGDG,MGDG,Glycerolipids,LipidSearch,Bronze,3
A15_13788,Bacillota,Bacteria,,,,,none,Unidentified,0
A15_207182,Bacillota,Bacteria,,,,,none,Unidentified,0
A15_192037,Pseudomonadota,Bacteria,PC(34:2),PC,PC,Glycerophospholipids,LipidSearch,Bronze,3
A15_153010,Bacillota,Bacteria,DG(O-15:0_17:2),DG,DG,Glycerolipids,LipidSearch,Bronze,3
A15_119189,Streptophyta,Viridiplantae,,PC/SM,PC/SM,Glycerophospholipids|Sphingolipids,MS2_diagnostic,Bronze,2
A15_166486,Streptophyta,Viridiplantae,PC(O-24:7_16:0),PC,PC,Glycerophospholipids,LipidSearch,Bronze,3
A15_154997,Pseudomonadota,Bacteria,PG(18:3_16:1),PG,PG,Glycerophospholipids,LipidSearch,Bronze,3
A15_186291,Pseudomonadota,Bacteria,TG(21:1_4:0_16:1)+OO:(s),TG,TG,Glycerolipids,LipidSearch,Bronze,3
A15_148188,Streptophyta,Viridiplantae,,Terpenoid,Terpenoid,Prenol lipids,MS2_diagnostic,Bronze,2
A15_200665,Streptophyta,Viridiplantae,,,,,none,Unidentified,0
A15_112145,Streptophyta,Viridiplantae,,Terpenoid,Terpenoid,Prenol lipids,MS2_diagnostic,Bronze,2
A15_109587,Streptophyta,Viridiplantae,,,,,none,Unidentified,0
A15_43426,Streptophyta,Viridiplantae,,,,,none,Unidentified,0
A15_197202,Streptophyta,Viridiplantae,TG(49:16_18:3),TG,TG,Glycerolipids,LipidSearch,Gold,4
A15_92817,Streptophyta,Viridiplantae,PG(P-18:4_13:0),PG,PG,Glycerophospholipids,LipidSearch,Bronze,3
A15_91627,Streptophyta,Viridiplantae,DG(P-18:4_16:1),DG,DG,Glycerolipids,LipidSearch,Bronze,3
A15_149371,Bacillota,Bacteria,PA(18:2_18:3),PA,PA,Glycerophospholipids,LipidSearch,Gold,4
A15_49908,Streptophyta,Viridiplantae,,,,,none,Unidentified,0
A15_165631,Streptophyta,Viridiplantae,,,,,none,Unidentified,0
A15_56876,Streptophyta,Viridiplantae,,,,,none,Unidentified,0
A15_102469,Streptophyta,Viridiplantae,,Ubiquinone,Ubiquinone,Prenol lipids,MS2_diagnostic,Bronze,2
A15_122524,Streptophyta,Viridiplantae,,PC/SM,PC/SM,Glycerophospholipids|Sphingolipids,MS2_diagnostic,Bronze,2
A15_146244,Ascomycota,Fungi,,,,,none,Unidentified,0
A15_143720,Ascomycota,Fungi,,,,,none,Unidentified,0
A15_102381,Streptophyta,Viridiplantae,,,,,none,Unidentified,0
A15_179146,Streptophyta,Viridiplantae,,,,,none,Unidentified,0
A15_178139,Streptophyta,Viridiplantae,,,,,none,Unidentified,0
A15_138439,Streptophyta,Viridiplantae,DG(16:0_18:4),DG,DG,Glycerolipids,LipidSearch,Gold,4
A15_155006,Streptophyta,Viridiplantae,DGDG(17:0_18:3),DGDG,DGDG,Glycerolipids,LipidSearch,Gold,4
A15_134451,Streptophyta,Viridiplantae,,PC/SM,PC/SM,Glycerophospholipids|Sphingolipids,MS2_diagnostic,Bronze,2
A15_146081,Bacillota,Bacteria,Cer(d16:1_18:1)+O:(s),Cer,Cer,Sphingolipids,LipidSearch,Bronze,3
A15_192726,Streptophyta,Viridiplantae,,,,,none,Unidentified,0
A15_39684,Streptophyta,Viridiplantae,,PC/SM,PC/SM,Glycerophospholipids|Sphingolipids,MS2_diagnostic,Bronze,2
A15_91636,Streptophyta,Viridiplantae,,PC/SM,PC/SM,Glycerophospholipids|Sphingolipids,MS2_diagnostic,Bronze,2
A15_108086,Streptophyta,Viridiplantae,PA(16:2_20:5),PA,PA,Glycerophospholipids,LipidSearch,Gold,4
A15_90413,Streptophyta,Viridiplantae,,,,,none,Unidentified,0
A15_117775,Streptophyta,Viridiplantae,TG(20:4_18:1)+O:(s),TG,TG,Glycerolipids,LipidSearch,Bronze,3
A15_155864,Bacillota,Bacteria,PG(17:0_15:0),PG,PG,Glycerophospholipids,LipidSearch,Gold,4
A15_14361,Streptophyta,Viridiplantae,,,,,none,Unidentified,0
A15_170222,Streptophyta,Viridiplantae,,,,,none,Unidentified,0
A15_185601,Streptophyta,Viridiplantae,WE(O-18:2_18:0),WE,WE,Fatty acyls,LipidSearch,Bronze,3
A15_180527,Streptophyta,Viridiplantae,TG(52:5)+OO:(s),TG,TG,Glycerolipids,LipidSearch,Bronze,3
A15_7737,Streptophyta,Viridiplantae,,DGTS,DGTS,Betaine lipids,MS2_diagnostic,Bronze,2
A15_177559,Streptophyta,Viridiplantae,,,,,none,Unidentified,0
A15_195043,Streptophyta,Viridiplantae,Cer(d16:1_22:2),Cer,Cer,Sphingolipids,LipidSearch,Gold,4
A15_7053,Streptophyta,Viridiplantae,,Terpenoid,Terpenoid,Prenol lipids,MS2_diagnostic,Bronze,2
A15_82734,Streptophyta,Viridiplantae,,PC/SM,PC/SM,Glycerophospholipids|Sphingolipids,MS2_diagnostic,Bronze,2
A15_202474,Streptophyta,Viridiplantae,,,,,none,Unidentified,0
A15_80660,Streptophyta,Viridiplantae,,,,,none,Unidentified,0
A15_103785,Streptophyta,Viridiplantae,,DGTS,DGTS,Betaine lipids,MS2_diagnostic,Bronze,2
A15_72080,Streptophyta,Viridiplantae,DG(18:3_14:1),DG,DG,Glycerolipids,LipidSearch,Bronze,3
A15_14416,Streptophyta,Viridiplantae,,Terpenoid,Terpenoid,Prenol lipids,MS2_diagnostic,Bronze,2
A15_84768,Streptophyta,Viridiplantae,,Terpenoid,Terpenoid,Prenol lipids,MS2_diagnostic,Bronze,2
A15_188649,Streptophyta,Viridiplantae,DGDG(10:0_20:0),DGDG,DGDG,Glycerolipids,LipidSearch,Bronze,3
A15_113494,Streptophyta,Viridiplantae,DG(P-7:0_19:3),DG,DG,Glycerolipids,LipidSearch,Gold,4
A15_109223,Basidiomycota,Fungi,DG(15:2_18:1),DG,DG,Glycerolipids,LipidSearch,Bronze,3
A15_4241,Streptophyta,Viridiplantae,MG(18:4),MG,MG,Glycerolipids,LipidSearch,Gold,4
A15_120030,Streptophyta,Viridiplantae,,,,,none,Unidentified,0
A15_130565,Streptophyta,Viridiplantae,,Terpenoid,Terpenoid,Prenol lipids,MS2_diagnostic,Bronze,2
A15_177950,Streptophyta,Viridiplantae,,,,,none,Unidentified,0
A15_10763,Streptophyta,Viridiplantae,,Ceramide,Ceramide,Sphingolipids,MS2_diagnostic,Bronze,2
A15_217821,Streptophyta,Viridiplantae,TG(28:7_18:3_21:6),TG,TG,Glycerolipids,LipidSearch,Bronze,3
A15_165218,Pseudomonadota,Bacteria,Co(Q6),Co,CoQ,Prenol lipids,LipidSearch,Gold,4
A15_163871,Pseudomonadota,Bacteria,Co(Q6),Co,CoQ,Prenol lipids,LipidSearch,Gold,4
A15_166422,Pseudomonadota,Bacteria,Co(Q6),Co,CoQ,Prenol lipids,LipidSearch,Gold,4
A15_167893,Pseudomonadota,Bacteria,Co(Q6),Co,CoQ,Prenol lipids,LipidSearch,Gold,4
A15_170598,Pseudomonadota,Bacteria,Co(Q6),Co,CoQ,Prenol lipids,LipidSearch,Gold,4
A15_169160,Pseudomonadota,Bacteria,Co(Q6),Co,CoQ,Prenol lipids,LipidSearch,Gold,4
A15_141037,Streptophyta,Viridiplantae,,PC/SM,PC/SM,Glycerophospholipids|Sphingolipids,MS2_diagnostic,Bronze,2
A15_140131,Streptophyta,Viridiplantae,,,,,none,Unidentified,0
A15_116190,Streptophyta,Viridiplantae,,Terpenoid,Terpenoid,Prenol lipids,MS2_diagnostic,Bronze,2
A15_19643,Streptophyta,Viridiplantae,TG(23:3_5:0)+O:(s),TG,TG,Glycerolipids,LipidSearch,Bronze,3
A15_128847,Streptophyta,Viridiplantae,,,,,none,Unidentified,0
A15_161483,Pseudomonadota,Bacteria,PS(16:0_18:1),PS,PS,Glycerophospholipids,LipidSearch,Gold,4
A15_56533,Streptophyta,Viridiplantae,,,,,none,Unidentified,0
A15_102529,Streptophyta,Viridiplantae,TG(18:3_18:2),TG,TG,Glycerolipids,LipidSearch,Bronze,3
A15_34623,Streptophyta,Viridiplantae,DG(30:6),DG,DG,Glycerolipids,LipidSearch,Bronze,3
A15_66582,Streptophyta,Viridiplantae,,,,,none,Unidentified,0
A15_122868,Streptophyta,Viridiplantae,,Hopanoid,Hopanoid,Prenol lipids,MS2_diagnostic,Bronze,2
A15_70640,Streptophyta,Viridiplantae,,,,,none,Unidentified,0
A15_160800,Streptophyta,Viridiplantae,,,,,none,Unidentified,0
A15_9186,Streptophyta,Viridiplantae,,,,,none,Unidentified,0
A15_104533,Streptophyta,Viridiplantae,,PC/SM,PC/SM,Glycerophospholipids|Sphingolipids,MS2_diagnostic,Bronze,2
A15_129267,Streptophyta,Viridiplantae,DG(P-9:0_18:3),DG,DG,Glycerolipids,LipidSearch,Gold,4
A15_66378,Streptophyta,Viridiplantae,TG(2:0_15:2_18:2)+OO:(s),TG,TG,Glycerolipids,LipidSearch,Bronze,3
A15_206898,Streptophyta,Viridiplantae,TG(34:2_18:4)+O:(s),TG,TG,Glycerolipids,LipidSearch,Gold,4
A15_131565,Streptophyta,Viridiplantae,TG(32:7_11:0)+O:(s),TG,TG,Glycerolipids,LipidSearch,Bronze,3
A15_78056,Streptophyta,Viridiplantae,,Terpenoid,Terpenoid,Prenol lipids,MS2_diagnostic,Bronze,2
A15_53811,Streptophyta,Viridiplantae,,PC/SM,PC/SM,Glycerophospholipids|Sphingolipids,MS2_diagnostic,Bronze,2
A15_94035,Streptophyta,Viridiplantae,DG(P-7:0_19:3),DG,DG,Glycerolipids,LipidSearch,Gold,4
A15_173211,Streptophyta,Viridiplantae,PI(22:3_16:0),PI,PI,Glycerophospholipids,LipidSearch,Bronze,3
A15_219557,Streptophyta,Viridiplantae,TG(29:8_18:3_18:3),TG,TG,Glycerolipids,LipidSearch,Bronze,3
A15_22452,Pseudomonadota,Bacteria,LPG(16:0),LPG,LPG,Glycerophospholipids,LipidSearch,Bronze,3
A15_27435,Pseudomonadota,Bacteria,LPG(16:0),LPG,LPG,Glycerophospholipids,LipidSearch,Bronze,3
A15_129204,Streptophyta,Viridiplantae,WE(O-27:2),WE,WE,Fatty acyls,LipidSearch,Bronze,3
A15_107062,Basidiomycota,Fungi,TG(17:1_16:0),TG,TG,Glycerolipids,LipidSearch,Bronze,3
A15_105800,Basidiomycota,Fungi,TG(17:1_16:0),TG,TG,Glycerolipids,LipidSearch,Bronze,3
A15_104936,Basidiomycota,Fungi,TG(17:1_16:0),TG,TG,Glycerolipids,LipidSearch,Bronze,3
A15_86249,Streptophyta,Viridiplantae,,,,,none,Unidentified,0
A15_132200,Streptophyta,Viridiplantae,DG(16:0_18:4),DG,DG,Glycerolipids,LipidSearch,Gold,4
A15_186156,Streptophyta,Viridiplantae,,,,,none,Unidentified,0
A15_134089,Bacillota,Bacteria,PG(15:0_16:1),PG,PG,Glycerophospholipids,LipidSearch,Gold,4
A15_207139,Streptophyta,Viridiplantae,DGDG(10:0_20:0),DGDG,DGDG,Glycerolipids,LipidSearch,Bronze,3
A15_131980,Streptophyta,Viridiplantae,,PC/SM,PC/SM,Glycerophospholipids|Sphingolipids,MS2_diagnostic,Bronze,2
A15_63923,Streptophyta,Viridiplantae,TG(30:4)+OO:(s),TG,TG,Glycerolipids,LipidSearch,Bronze,3
A15_5098,Streptophyta,Viridiplantae,,,,,none,Unidentified,0
A15_7026,Streptophyta,Viridiplantae,,,,,none,Unidentified,0
A15_66984,Streptophyta,Viridiplantae,,,,,none,Unidentified,0
A15_149082,Basidiomycota,Fungi,Cer(d16:1_19:1)+O:(s),Cer,Cer,Sphingolipids,LipidSearch,Bronze,3
A15_9841,Streptophyta,Viridiplantae,,DGTS,DGTS,Betaine lipids,MS2_diagnostic,Bronze,2
A15_86455,Streptophyta,Viridiplantae,,PC/SM,PC/SM,Glycerophospholipids|Sphingolipids,MS2_diagnostic,Bronze,2
A15_24874,Streptophyta,Viridiplantae,,,,,none,Unidentified,0
A15_92461,Streptophyta,Viridiplantae,DG(O-26:4),DG,DG,Glycerolipids,LipidSearch,Bronze,3
A15_162586,Streptophyta,Viridiplantae,DG(P-15:2_20:1),DG,DG,Glycerolipids,LipidSearch,Bronze,3
A15_7539,Streptophyta,Viridiplantae,,PC/SM,PC/SM,Glycerophospholipids|Sphingolipids,MS2_diagnostic,Bronze,2
A15_178820,Streptophyta,Viridiplantae,,,,,none,Unidentified,0
A15_53958,Streptophyta,Viridiplantae,,,,,none,Unidentified,0
A15_56539,Streptophyta,Viridiplantae,,,,,none,Unidentified,0
A15_148317,Streptophyta,Viridiplantae,DGDG(15:0_18:2),DGDG,DGDG,Glycerolipids,LipidSearch,Gold,4
A15_187125,Streptophyta,Viridiplantae,TG(12:0_16:0_12:1)+O:(s),TG,TG,Glycerolipids,LipidSearch,Gold,4
A15_15121,Pseudomonadota,Bacteria,,,,,none,Unidentified,0
A15_17115,Pseudomonadota,Bacteria,,,,,none,Unidentified,0
A15_4559,Streptophyta,Viridiplantae,DG(17:3_2:0),DG,DG,Glycerolipids,LipidSearch,Bronze,3
A15_22156,Streptophyta,Viridiplantae,DG(P-5:0_22:7),DG,DG,Glycerolipids,LipidSearch,Gold,4
A15_17376,Streptophyta,Viridiplantae,DG(P-4:0_21:3),DG,DG,Glycerolipids,LipidSearch,Bronze,3
A15_189138,Streptophyta,Viridiplantae,,,,,none,Unidentified,0
A15_192736,Streptophyta,Viridiplantae,,Terpenoid,Terpenoid,Prenol lipids,MS2_diagnostic,Bronze,2
A15_18204,Streptophyta,Viridiplantae,,Terpenoid,Terpenoid,Prenol lipids,MS2_diagnostic,Bronze,2
A15_210991,Streptophyta,Viridiplantae,,,,,none,Unidentified,0
A15_140580,Bacillota,Bacteria,PS(33:2),PS,PS,Glycerophospholipids,LipidSearch,Bronze,3
A15_138185,Bacillota,Bacteria,PS(33:2),PS,PS,Glycerophospholipids,LipidSearch,Bronze,3
A15_135303,Bacillota,Bacteria,PS(33:2),PS,PS,Glycerophospholipids,LipidSearch,Bronze,3
A15_66882,Streptophyta,Viridiplantae,,PC/SM,PC/SM,Glycerophospholipids|Sphingolipids,MS2_diagnostic,Bronze,2
A15_81623,Streptophyta,Viridiplantae,,,,,none,Unidentified,0
A15_77663,Streptophyta,Viridiplantae,,,,,none,Unidentified,0
A15_144240,Streptophyta,Viridiplantae,,,,,none,Unidentified,0
A15_98592,Streptophyta,Viridiplantae,,PC/SM,PC/SM,Glycerophospholipids|Sphingolipids,MS2_diagnostic,Bronze,2
A15_87314,Streptophyta,Viridiplantae,,PC/SM,PC/SM,Glycerophospholipids|Sphingolipids,MS2_diagnostic,Bronze,2
A15_203321,Actinomycetota,Bacteria,,,,,none,Unidentified,0
A15_82637,Streptophyta,Viridiplantae,,PC/SM,PC/SM,Glycerophospholipids|Sphingolipids,MS2_diagnostic,Bronze,2
A15_115548,Streptophyta,Viridiplantae,DG(P-15:2_17:2),DG,DG,Glycerolipids,LipidSearch,Bronze,3
A15_118205,Streptophyta,Viridiplantae,,Terpenoid,Terpenoid,Prenol lipids,MS2_diagnostic,Bronze,2
A15_87048,Streptophyta,Viridiplantae,,,,,none,Unidentified,0
A15_164735,Bacillota,Bacteria,,,,,none,Unidentified,0
A15_111511,Streptophyta,Viridiplantae,,,,,none,Unidentified,0
A15_83187,Streptophyta,Viridiplantae,,,,,none,Unidentified,0
A15_206856,Streptophyta,Viridiplantae,,,,,none,Unidentified,0
A15_130203,Streptophyta,Viridiplantae,MG(O-25:6),MG,MG,Glycerolipids,LipidSearch,Bronze,3
A15_208560,Bacillota,Bacteria,SM(d43:5),SM,SM,Sphingolipids,LipidSearch,Bronze,3
A15_206209,Bacillota,Bacteria,SM(d43:5),SM,SM,Sphingolipids,LipidSearch,Bronze,3
A15_80416,Streptophyta,Viridiplantae,,,,,none,Unidentified,0
A15_104637,Streptophyta,Viridiplantae,,Ubiquinone,Ubiquinone,Prenol lipids,MS2_diagnostic,Bronze,2
A15_64182,Streptophyta,Viridiplantae,,,,,none,Unidentified,0
A15_8634,Streptophyta,Viridiplantae,,Terpenoid,Terpenoid,Prenol lipids,MS2_diagnostic,Bronze,2
A15_149297,Actinomycetota,Bacteria,PC(40:9),PC,PC,Glycerophospholipids,LipidSearch,Bronze,3
A15_47627,Streptophyta,Viridiplantae,,Terpenoid,Terpenoid,Prenol lipids,MS2_diagnostic,Bronze,2
A15_143060,Streptophyta,Viridiplantae,TG(22:2_20:4)+O:(s),TG,TG,Glycerolipids,LipidSearch,Bronze,3
A15_193360,Actinomycetota,Bacteria,PC(O-21:0_18:2),PC,PC,Glycerophospholipids,LipidSearch,Bronze,3
A15_135630,Streptophyta,Viridiplantae,MG(O-26:6),MG,MG,Glycerolipids,LipidSearch,Bronze,3
A15_136706,Streptophyta,Viridiplantae,DG(18:3_18:3),DG,DG,Glycerolipids,LipidSearch,Gold,4
A15_195965,Streptophyta,Viridiplantae,,,,,none,Unidentified,0
A15_68021,Streptophyta,Viridiplantae,,,,,none,Unidentified,0
A15_99783,Streptophyta,Viridiplantae,,,,,none,Unidentified,0
A15_58548,Streptophyta,Viridiplantae,,PC/SM,PC/SM,Glycerophospholipids|Sphingolipids,MS2_diagnostic,Bronze,2
A15_185705,Streptophyta,Viridiplantae,,Glycolipid,Glycolipid,Glycerolipids,MS2_diagnostic,Bronze,2
A15_84663,Streptophyta,Viridiplantae,DG(P-12:1_23:7),DG,DG,Glycerolipids,LipidSearch,Bronze,3
A15_14842,Streptophyta,Viridiplantae,,Ceramide,Ceramide,Sphingolipids,MS2_diagnostic,Bronze,2
A15_144642,Streptophyta,Viridiplantae,,Ceramide,Ceramide,Sphingolipids,MS2_diagnostic,Bronze,2
A15_176283,Streptophyta,Viridiplantae,,,,,none,Unidentified,0
A15_144317,Streptophyta,Viridiplantae,SM(d41:8),SM,SM,Sphingolipids,LipidSearch,Bronze,3
A15_65883,Streptophyta,Viridiplantae,,,,,none,Unidentified,0
A15_130445,Pseudomonadota,Bacteria,PC(26:0),PC,PC,Glycerophospholipids,LipidSearch,Bronze,3
A15_133908,Pseudomonadota,Bacteria,,,,,none,Unidentified,0
A15_128835,Pseudomonadota,Bacteria,PC(26:0),PC,PC,Glycerophospholipids,LipidSearch,Bronze,3
A15_136544,Pseudomonadota,Bacteria,,,,,none,Unidentified,0
A15_82435,Streptophyta,Viridiplantae,,,,,none,Unidentified,0
A15_157339,Streptophyta,Viridiplantae,,,,,none,Unidentified,0
A15_91010,Streptophyta,Viridiplantae,PC(42:12),PC,PC,Glycerophospholipids,LipidSearch,Bronze,3
A15_71289,Streptophyta,Viridiplantae,,Terpenoid,Terpenoid,Prenol lipids,MS2_diagnostic,Bronze,2
A15_9827,Streptophyta,Viridiplantae,,PC/SM,PC/SM,Glycerophospholipids|Sphingolipids,MS2_diagnostic,Bronze,2
A15_188606,Streptophyta,Viridiplantae,,,,,none,Unidentified,0
A15_2895,Streptophyta,Viridiplantae,,Terpenoid,Terpenoid,Prenol lipids,MS2_diagnostic,Bronze,2
A15_104380,Streptophyta,Viridiplantae,DG(18:4_18:4),DG,DG,Glycerolipids,LipidSearch,Gold,4
A15_38103,Streptophyta,Viridiplantae,,Terpenoid,Terpenoid,Prenol lipids,MS2_diagnostic,Bronze,2
A15_43726,Streptophyta,Viridiplantae,,,,,none,Unidentified,0
A15_130903,Bacillota,Bacteria,MGDG(14:0_15:0),MGDG,MGDG,Glycerolipids,LipidSearch,Gold,4
A15_88443,Streptophyta,Viridiplantae,,PC/SM,PC/SM,Glycerophospholipids|Sphingolipids,MS2_diagnostic,Bronze,2
A15_47080,Streptophyta,Viridiplantae,,PC/SM,PC/SM,Glycerophospholipids|Sphingolipids,MS2_diagnostic,Bronze,2
A15_155247,Streptophyta,Viridiplantae,MGDG(18:2_18:2),MGDG,MGDG,Glycerolipids,LipidSearch,Gold,4
A15_55301,Streptophyta,Viridiplantae,,,,,none,Unidentified,0
A15_117202,Basidiomycota,Fungi,DG(O-13:1_19:3),DG,DG,Glycerolipids,LipidSearch,Bronze,3
A15_116498,Streptophyta,Viridiplantae,DG(16:1_18:4),DG,DG,Glycerolipids,LipidSearch,Gold,4
A15_136220,Streptophyta,Viridiplantae,PC(O-25:7_16:3),PC,PC,Glycerophospholipids,LipidSearch,Bronze,3
A15_124547,Streptophyta,Viridiplantae,,,,,none,Unidentified,0
A15_143567,Streptophyta,Viridiplantae,DG(P-18:4_16:0),DG,DG,Glycerolipids,LipidSearch,Bronze,3
A15_135988,Streptophyta,Viridiplantae,TG(5:0_15:2_18:3)+O:(s),TG,TG,Glycerolipids,LipidSearch,Gold,4
A15_114378,Streptophyta,Viridiplantae,TG(9:0_28:4)+O:(s),TG,TG,Glycerolipids,LipidSearch,Bronze,3
A15_124601,Streptophyta,Viridiplantae,TG(16:2_25:4)+O:(s),TG,TG,Glycerolipids,LipidSearch,Bronze,3
A15_12461,Streptophyta,Viridiplantae,,,,,none,Unidentified,0
A15_185679,Streptophyta,Viridiplantae,DGDG(10:0_20:0),DGDG,DGDG,Glycerolipids,LipidSearch,Bronze,3
A15_106592,Basidiomycota,Fungi,DG(15:2_18:1),DG,DG,Glycerolipids,LipidSearch,Bronze,3
A15_77146,Streptophyta,Viridiplantae,,PC/SM,PC/SM,Glycerophospholipids|Sphingolipids,MS2_diagnostic,Bronze,2
A15_47424,Streptophyta,Viridiplantae,,Terpenoid,Terpenoid,Prenol lipids,MS2_diagnostic,Bronze,2
A15_180354,Pseudomonadota,Bacteria,PC(35:5),PC,PC,Glycerophospholipids,LipidSearch,Bronze,3
A15_85046,Streptophyta,Viridiplantae,DG(O-26:5),DG,DG,Glycerolipids,LipidSearch,Bronze,3
A15_191553,Streptophyta,Viridiplantae,,,,,none,Unidentified,0
A15_170742,Streptophyta,Viridiplantae,TG(27:4_18:2)+O:(s),TG,TG,Glycerolipids,LipidSearch,Bronze,3
A15_199543,Bacillota,Bacteria,DG(26:0_18:3),DG,DG,Glycerolipids,LipidSearch,Gold,4
A15_196407,Bacillota,Bacteria,DG(26:0_18:3),DG,DG,Glycerolipids,LipidSearch,Gold,4
A15_194985,Bacillota,Bacteria,DG(26:0_18:3),DG,DG,Glycerolipids,LipidSearch,Gold,4
A15_162097,Bacillota,Bacteria,,,,,none,Unidentified,0
A15_164865,Bacillota,Bacteria,,,,,none,Unidentified,0
A15_81215,Streptophyta,Viridiplantae,,SM,SM,Sphingolipids,MS2_diagnostic,Bronze,2
A15_176777,Pseudomonadota,Bacteria,,,,,none,Unidentified,0
A15_177589,Pseudomonadota,Bacteria,,,,,none,Unidentified,0
A15_175580,Pseudomonadota,Bacteria,,,,,none,Unidentified,0
A15_174208,Pseudomonadota,Bacteria,,,,,none,Unidentified,0
A15_176721,Pseudomonadota,Bacteria,PE(20:5_18:0),PE,PE,Glycerophospholipids,LipidSearch,Gold,4
A15_178363,Pseudomonadota,Bacteria,PE(20:5_18:0),PE,PE,Glycerophospholipids,LipidSearch,Gold,4
A15_130421,Ascomycota,Fungi,,,,,none,Unidentified,0
A15_110213,Streptophyta,Viridiplantae,MG(O-26:6),MG,MG,Glycerolipids,LipidSearch,Bronze,3
A15_148852,Basidiomycota,Fungi,WE(O-19:4_16:1),WE,WE,Fatty acyls,LipidSearch,Bronze,3
A15_111122,Streptophyta,Viridiplantae,,,,,none,Unidentified,0
A15_145684,Streptophyta,Viridiplantae,PG(16:0_18:2),PG,PG,Glycerophospholipids,LipidSearch,Gold,4
A15_150938,Streptophyta,Viridiplantae,,,,,none,Unidentified,0
A15_182199,Pseudomonadota,Bacteria,BisMePA(33:2),BisMePA,BisMePA,Glycerophospholipids,LipidSearch,Bronze,3
A15_91289,Streptophyta,Viridiplantae,,PC/SM,PC/SM,Glycerophospholipids|Sphingolipids,MS2_diagnostic,Bronze,2
A15_165742,Bacillota,Bacteria,TG(33:1_4:0)+OO:(s),TG,TG,Glycerolipids,LipidSearch,Bronze,3
A15_86378,Streptophyta,Viridiplantae,TG(17:2_18:2)+OO:(s),TG,TG,Glycerolipids,LipidSearch,Bronze,3
A15_165632,Streptophyta,Viridiplantae,DG(18:1_27:6),DG,DG,Glycerolipids,LipidSearch,Bronze,3
A15_37223,Streptophyta,Viridiplantae,,Terpenoid,Terpenoid,Prenol lipids,MS2_diagnostic,Bronze,2
A15_39715,Streptophyta,Viridiplantae,,PC/SM,PC/SM,Glycerophospholipids|Sphingolipids,MS2_diagnostic,Bronze,2
A15_42593,Streptophyta,Viridiplantae,,PC/SM,PC/SM,Glycerophospholipids|Sphingolipids,MS2_diagnostic,Bronze,2
A15_68733,Streptophyta,Viridiplantae,,,,,none,Unidentified,0
A15_149344,Streptophyta,Viridiplantae,DG(18:2_28:7),DG,DG,Glycerolipids,LipidSearch,Gold,4
A15_58116,Streptophyta,Viridiplantae,,,,,none,Unidentified,0
A15_654,Streptophyta,Viridiplantae,,Terpenoid,Terpenoid,Prenol lipids,MS2_diagnostic,Bronze,2
A15_178349,Streptophyta,Viridiplantae,Cer(d18:2_18:1),Cer,Cer,Sphingolipids,LipidSearch,Gold,4
A15_72377,Streptophyta,Viridiplantae,,,,,none,Unidentified,0
A15_97473,Streptophyta,Viridiplantae,,,,,none,Unidentified,0
A15_24685,Streptophyta,Viridiplantae,TG(19:3_4:0_4:0),TG,TG,Glycerolipids,LipidSearch,Bronze,3
A15_24706,Bacillota,Bacteria,,,,,none,Unidentified,0
A15_22876,Bacillota,Bacteria,,,,,none,Unidentified,0
A15_184129,Streptophyta,Viridiplantae,,,,,none,Unidentified,0
A15_56869,Streptophyta,Viridiplantae,,,,,none,Unidentified,0
A15_203844,Streptophyta,Viridiplantae,,,,,none,Unidentified,0
A15_90752,Streptophyta,Viridiplantae,PG(15:2_16:0),PG,PG,Glycerophospholipids,LipidSearch,Bronze,3
A15_69852,Streptophyta,Viridiplantae,,,,,none,Unidentified,0
A15_158048,Streptophyta,Viridiplantae,,PC/SM,PC/SM,Glycerophospholipids|Sphingolipids,MS2_diagnostic,Bronze,2
A15_158543,Pseudomonadota,Bacteria,BisMePA(30:1),BisMePA,BisMePA,Glycerophospholipids,LipidSearch,Bronze,3
A15_118367,Streptophyta,Viridiplantae,,Terpenoid,Terpenoid,Prenol lipids,MS2_diagnostic,Bronze,2
A15_90660,Streptophyta,Viridiplantae,TG(O-38:9_4:0),TG,TG,Glycerolipids,LipidSearch,Bronze,3
A15_18961,Streptophyta,Viridiplantae,,Terpenoid,Terpenoid,Prenol lipids,MS2_diagnostic,Bronze,2
A15_16226,Streptophyta,Viridiplantae,,PC/SM,PC/SM,Glycerophospholipids|Sphingolipids,MS2_diagnostic,Bronze,2
A15_162422,Streptophyta,Viridiplantae,,,,,none,Unidentified,0
A15_177746,Pseudomonadota,Bacteria,PE(16:0_18:1),PE,PE,Glycerophospholipids,LipidSearch,Gold,4
A15_204793,Streptophyta,Viridiplantae,TG(34:2_18:3)+OO:(s),TG,TG,Glycerolipids,LipidSearch,Gold,4
A15_13423,Streptophyta,Viridiplantae,,,,,none,Unidentified,0
A15_10008,Pseudomonadota,Bacteria,LPE(14:0),LPE,LPE,Glycerophospholipids,LipidSearch,Gold,4
A15_11958,Pseudomonadota,Bacteria,LPE(14:0),LPE,LPE,Glycerophospholipids,LipidSearch,Gold,4
A15_139645,Bacillota,Bacteria,,,,,none,Unidentified,0
A15_161652,Streptophyta,Viridiplantae,,,,,none,Unidentified,0
A15_129449,Bacillota,Bacteria,DG(O-5:0_23:0),DG,DG,Glycerolipids,LipidSearch,Bronze,3
A15_190457,Streptophyta,Viridiplantae,TG(18:3_18:3_18:3)+O:(s),TG,TG,Glycerolipids,LipidSearch,Gold,4
A15_132459,Ascomycota,Fungi,,,,,none,Unidentified,0
A15_163941,Pseudomonadota,Bacteria,,,,,none,Unidentified,0
A15_159548,Pseudomonadota,Bacteria,,,,,none,Unidentified,0
A15_99358,Streptophyta,Viridiplantae,,,,,none,Unidentified,0
A15_104663,Streptophyta,Viridiplantae,PC(42:11),PC,PC,Glycerophospholipids,LipidSearch,Bronze,3
A15_53387,Streptophyta,Viridiplantae,,PC/SM,PC/SM,Glycerophospholipids|Sphingolipids,MS2_diagnostic,Bronze,2
A15_88551,Streptophyta,Viridiplantae,,PC/SM,PC/SM,Glycerophospholipids|Sphingolipids,MS2_diagnostic,Bronze,2
A15_163830,Streptophyta,Viridiplantae,,,,,none,Unidentified,0
A15_143918,Streptophyta,Viridiplantae,,,,,none,Unidentified,0
A15_60952,Streptophyta,Viridiplantae,TG(30:5_6:0)+OO:(s),TG,TG,Glycerolipids,LipidSearch,Gold,4
A15_136465,Streptophyta,Viridiplantae,,,,,none,Unidentified,0
A15_154686,Streptophyta,Viridiplantae,,,,,none,Unidentified,0
A15_197004,Pseudomonadota,Bacteria,Co(Q7),Co,CoQ,Prenol lipids,LipidSearch,Gold,4
A15_194281,Pseudomonadota,Bacteria,Co(Q7),Co,CoQ,Prenol lipids,LipidSearch,Gold,4
A15_192799,Pseudomonadota,Bacteria,Co(Q7),Co,CoQ,Prenol lipids,LipidSearch,Gold,4
A15_102638,Streptophyta,Viridiplantae,,,,,none,Unidentified,0
A15_78008,Streptophyta,Viridiplantae,,,,,none,Unidentified,0
A15_105817,Streptophyta,Viridiplantae,,Terpenoid,Terpenoid,Prenol lipids,MS2_diagnostic,Bronze,2
A15_34836,Streptophyta,Viridiplantae,,,,,none,Unidentified,0
A15_151886,Streptophyta,Viridiplantae,MGDG(18:2_18:2),MGDG,MGDG,Glycerolipids,LipidSearch,Gold,4
A15_208320,Bacillota,Bacteria,,,,,none,Unidentified,0
A15_209385,Bacillota,Bacteria,,,,,none,Unidentified,0
A15_195405,Streptophyta,Viridiplantae,DGDG(8:0_22:2),DGDG,DGDG,Glycerolipids,LipidSearch,Bronze,3
A15_191796,Streptophyta,Viridiplantae,TG(47:5)+O:(s),TG,TG,Glycerolipids,LipidSearch,Bronze,3
A15_130856,Streptophyta,Viridiplantae,,,,,none,Unidentified,0
A15_145363,Streptophyta,Viridiplantae,PC(30:2),PC,PC,Glycerophospholipids,LipidSearch,Bronze,3
A15_145171,Streptophyta,Viridiplantae,,,,,none,Unidentified,0
A15_141875,Streptophyta,Viridiplantae,PG(16:0_16:1),PG,PG,Glycerophospholipids,LipidSearch,Gold,4
A15_144458,Streptophyta,Viridiplantae,DGDG(16:0_18:3),DGDG,DGDG,Glycerolipids,LipidSearch,Gold,4
A15_116216,Bacillota,Bacteria,PA(18:1_18:3),PA,PA,Glycerophospholipids,LipidSearch,Gold,4
A15_117583,Bacillota,Bacteria,PE(16:2_18:1),PE,PE,Glycerophospholipids,LipidSearch,Gold,4
A15_93158,Streptophyta,Viridiplantae,,PC/SM,PC/SM,Glycerophospholipids|Sphingolipids,MS2_diagnostic,Bronze,2
A15_83455,Streptophyta,Viridiplantae,TG(18:3_18:2)+OO:(s),TG,TG,Glycerolipids,LipidSearch,Gold,4
A15_50207,Streptophyta,Viridiplantae,,,,,none,Unidentified,0
A15_105779,Streptophyta,Viridiplantae,,PC/SM,PC/SM,Glycerophospholipids|Sphingolipids,MS2_diagnostic,Bronze,2
A15_161352,Bacillota,Bacteria,,,,,none,Unidentified,0
A15_164430,Bacillota,Bacteria,,,,,none,Unidentified,0
A15_163163,Bacillota,Bacteria,,,,,none,Unidentified,0
A15_166068,Bacillota,Bacteria,,,,,none,Unidentified,0
A15_57205,Streptophyta,Viridiplantae,TG(O-6:0_8:0_18:4),TG,TG,Glycerolipids,LipidSearch,Bronze,3
A15_120367,Streptophyta,Viridiplantae,PC(P-25:8_13:0),PC,PC,Glycerophospholipids,LipidSearch,Bronze,3
A15_153412,Streptophyta,Viridiplantae,,Terpenoid,Terpenoid,Prenol lipids,MS2_diagnostic,Bronze,2
A15_78544,Streptophyta,Viridiplantae,DG(O-16:3_16:1),DG,DG,Glycerolipids,LipidSearch,Bronze,3
A15_193044,Pseudomonadota,Bacteria,Co(Q7),Co,CoQ,Prenol lipids,LipidSearch,Gold,4
A15_160177,Streptophyta,Viridiplantae,,,,,none,Unidentified,0
A15_129317,Streptophyta,Viridiplantae,DG(P-18:4_18:3),DG,DG,Glycerolipids,LipidSearch,Bronze,3
A15_103279,Streptophyta,Viridiplantae,,,,,none,Unidentified,0
A15_61140,Streptophyta,Viridiplantae,,,,,none,Unidentified,0
A15_169665,Bacillota,Bacteria,PE(17:1_18:2),PE,PE,Glycerophospholipids,LipidSearch,Gold,4
A15_13487,Bacillota,Bacteria,LPE(15:0),LPE,LPE,Glycerophospholipids,LipidSearch,Gold,4
A15_14748,Bacillota,Bacteria,LPE(15:0),LPE,LPE,Glycerophospholipids,LipidSearch,Gold,4
A15_204533,Bacillota,Bacteria,TG(4:0_14:0_16:0),TG,TG,Glycerolipids,LipidSearch,Gold,4
A15_192158,Streptophyta,Viridiplantae,,,,,none,Unidentified,0
A15_208776,Bacillota,Bacteria,,,,,none,Unidentified,0
A15_15105,Streptophyta,Viridiplantae,,DGTS,DGTS,Betaine lipids,MS2_diagnostic,Bronze,2
A15_118716,Streptophyta,Viridiplantae,DG(16:1_18:4),DG,DG,Glycerolipids,LipidSearch,Gold,4
A15_65245,Streptophyta,Viridiplantae,,PC/SM,PC/SM,Glycerophospholipids|Sphingolipids,MS2_diagnostic,Bronze,2
A15_193419,Streptophyta,Viridiplantae,,,,,none,Unidentified,0
A15_95155,Streptophyta,Viridiplantae,PC(42:12),PC,PC,Glycerophospholipids,LipidSearch,Bronze,3
A15_90099,Streptophyta,Viridiplantae,TG(18:2_18:3)+O:(s),TG,TG,Glycerolipids,LipidSearch,Bronze,3
A15_67057,Streptophyta,Viridiplantae,TG(18:3_16:0)+OO:(s),TG,TG,Glycerolipids,LipidSearch,Bronze,3
A15_179659,Streptophyta,Viridiplantae,,,,,none,Unidentified,0
A15_100717,Streptophyta,Viridiplantae,DG(16:2_18:4),DG,DG,Glycerolipids,LipidSearch,Gold,4
A15_23140,Pseudomonadota,Bacteria,,,,,none,Unidentified,0
A15_91923,Streptophyta,Viridiplantae,,Terpenoid,Terpenoid,Prenol lipids,MS2_diagnostic,Bronze,2
A15_114687,Streptophyta,Viridiplantae,MGDG(16:3_18:3),MGDG,MGDG,Glycerolipids,LipidSearch,Gold,4
A15_175634,Pseudomonadota,Bacteria,PA(16:0_18:1),PA,PA,Glycerophospholipids,LipidSearch,Gold,4
A15_16051,Streptophyta,Viridiplantae,,,,,none,Unidentified,0
A15_44089,Streptophyta,Viridiplantae,TG(26:8_13:1)+O:(s),TG,TG,Glycerolipids,LipidSearch,Bronze,3
A15_190769,Actinomycetota,Bacteria,,,,,none,Unidentified,0
A15_19992,Streptophyta,Viridiplantae,TG(23:6_7:0)+O:(s),TG,TG,Glycerolipids,LipidSearch,Bronze,3
A15_86892,Streptophyta,Viridiplantae,,,,,none,Unidentified,0
A15_155901,Streptophyta,Viridiplantae,DGDG(18:1_18:2),DGDG,DGDG,Glycerolipids,LipidSearch,Gold,4
A15_183038,Streptophyta,Viridiplantae,DGDG(10:0_20:0),DGDG,DGDG,Glycerolipids,LipidSearch,Bronze,3
A15_162692,Bacillota,Bacteria,PG(16:2_17:0),PG,PG,Glycerophospholipids,LipidSearch,Bronze,3
A15_42924,Streptophyta,Viridiplantae,,,,,none,Unidentified,0
A15_77391,Streptophyta,Viridiplantae,,,,,none,Unidentified,0
A15_178061,Pseudomonadota,Bacteria,,,,,none,Unidentified,0
A15_197689,Pseudomonadota,Bacteria,PC(O-32:1),PC,PC,Glycerophospholipids,LipidSearch,Bronze,3
A15_177315,Pseudomonadota,Bacteria,,,,,none,Unidentified,0
A15_188311,Streptophyta,Viridiplantae,TG(18:2_18:3_18:3)+OO:(s),TG,TG,Glycerolipids,LipidSearch,Gold,4
A15_74954,Streptophyta,Viridiplantae,,,,,none,Unidentified,0
A15_19671,Streptophyta,Viridiplantae,,,,,none,Unidentified,0
A15_160573,Streptophyta,Viridiplantae,,,,,none,Unidentified,0
A15_92683,Streptophyta,Viridiplantae,DG(15:1_14:0),DG,DG,Glycerolipids,LipidSearch,Bronze,3
A15_169494,Streptophyta,Viridiplantae,PC(O-24:7_16:0),PC,PC,Glycerophospholipids,LipidSearch,Bronze,3
A15_168051,Streptophyta,Viridiplantae,PC(O-24:7_16:0),PC,PC,Glycerophospholipids,LipidSearch,Bronze,3
A15_39130,Mucoromycota,Fungi,,,,,none,Unidentified,0
A15_170637,Streptophyta,Viridiplantae,,PC/SM,PC/SM,Glycerophospholipids|Sphingolipids,MS2_diagnostic,Bronze,2
A15_107682,Streptophyta,Viridiplantae,DG(O-5:0_19:4),DG,DG,Glycerolipids,LipidSearch,Bronze,3
A15_148271,Streptophyta,Viridiplantae,DG(18:2_18:3),DG,DG,Glycerolipids,LipidSearch,Gold,4
A15_162509,Heterolobosea,Protists,,PC/SM,PC/SM,Glycerophospholipids|Sphingolipids,MS2_diagnostic,Bronze,2
A15_165810,Heterolobosea,Protists,,,,,none,Unidentified,0
A15_163780,Heterolobosea,Protists,,,,,none,Unidentified,0
A15_161288,Heterolobosea,Protists,,PC/SM,PC/SM,Glycerophospholipids|Sphingolipids,MS2_diagnostic,Bronze,2
A15_96128,Streptophyta,Viridiplantae,TG(18:3_21:6),TG,TG,Glycerolipids,LipidSearch,Bronze,3
A15_80727,Ascomycota,Fungi,,,,,none,Unidentified,0
A15_219837,Streptophyta,Viridiplantae,,,,,none,Unidentified,0
A15_65386,Streptophyta,Viridiplantae,,PC/SM,PC/SM,Glycerophospholipids|Sphingolipids,MS2_diagnostic,Bronze,2
A15_144584,Streptophyta,Viridiplantae,DG(16:0_18:3),DG,DG,Glycerolipids,LipidSearch,Gold,4
A15_130488,Ascomycota,Fungi,,,,,none,Unidentified,0
A15_48718,Streptophyta,Viridiplantae,,,,,none,Unidentified,0
A15_47690,Streptophyta,Viridiplantae,,,,,none,Unidentified,0
A15_178386,Streptophyta,Viridiplantae,PI(18:0_20:4),PI,PI,Glycerophospholipids,LipidSearch,Gold,4
A15_125808,Streptophyta,Viridiplantae,PG(16:1_18:3),PG,PG,Glycerophospholipids,LipidSearch,Gold,4
A15_84749,Streptophyta,Viridiplantae,,,,,none,Unidentified,0
A15_88827,Streptophyta,Viridiplantae,,,,,none,Unidentified,0
A15_177861,Streptophyta,Viridiplantae,TG(17:0_9:0_13:1),TG,TG,Glycerolipids,LipidSearch,Bronze,3
A15_147652,Bacillota,Bacteria,PG(18:3_16:0),PG,PG,Glycerophospholipids,LipidSearch,Gold,4
A15_131419,Streptophyta,Viridiplantae,,,,,none,Unidentified,0
A15_111338,Streptophyta,Viridiplantae,,,,,none,Unidentified,0
A15_130385,Bacillota,Bacteria,PG(29:0),PG,PG,Glycerophospholipids,LipidSearch,Bronze,3
A15_168402,Bacillota,Bacteria,PA(18:2_18:2),PA,PA,Glycerophospholipids,LipidSearch,Gold,4
A15_103862,Streptophyta,Viridiplantae,,,,,none,Unidentified,0
A15_173547,Streptophyta,Viridiplantae,DGDG(18:1_18:1),DGDG,DGDG,Glycerolipids,LipidSearch,Gold,4
A15_84080,Streptophyta,Viridiplantae,DG(15:2_18:3),DG,DG,Glycerolipids,LipidSearch,Gold,4
A15_217574,Bacillota,Bacteria,,,,,none,Unidentified,0
A15_105230,Pseudomonadota,Bacteria,DG(3:0_30:7),DG,DG,Glycerolipids,LipidSearch,Bronze,3
A15_135035,Streptophyta,Viridiplantae,DG(16:3_18:3),DG,DG,Glycerolipids,LipidSearch,Gold,4
A15_190451,Streptophyta,Viridiplantae,,,,,none,Unidentified,0
A15_132918,Streptophyta,Viridiplantae,,,,,none,Unidentified,0
A15_134470,Streptophyta,Viridiplantae,MGDG(14:0_18:3),MGDG,MGDG,Glycerolipids,LipidSearch,Gold,4
A15_89151,Streptophyta,Viridiplantae,,PC/SM,PC/SM,Glycerophospholipids|Sphingolipids,MS2_diagnostic,Bronze,2
A15_182815,Streptophyta,Viridiplantae,DGDG(8:0_22:1),DGDG,DGDG,Glycerolipids,LipidSearch,Bronze,3
A15_14121,Pseudomonadota,Bacteria,,,,,none,Unidentified,0
A15_69861,Streptophyta,Viridiplantae,,,,,none,Unidentified,0
A15_129985,Streptophyta,Viridiplantae,,,,,none,Unidentified,0
A15_203849,Streptophyta,Viridiplantae,DGDG(10:0_20:0),DGDG,DGDG,Glycerolipids,LipidSearch,Bronze,3
A15_33209,Streptophyta,Viridiplantae,,,,,none,Unidentified,0
A15_108468,Basidiomycota,Fungi,TG(17:1_16:0),TG,TG,Glycerolipids,LipidSearch,Bronze,3
A15_175102,Streptophyta,Viridiplantae,TG(32:3_20:5),TG,TG,Glycerolipids,LipidSearch,Bronze,3
A15_141580,Streptophyta,Viridiplantae,MGDG(14:0_18:3),MGDG,MGDG,Glycerolipids,LipidSearch,Gold,4
A15_76210,Streptophyta,Viridiplantae,,PC/SM,PC/SM,Glycerophospholipids|Sphingolipids,MS2_diagnostic,Bronze,2
A15_122492,Streptophyta,Viridiplantae,TG(4:0_16:2_18:3)+O:(s),TG,TG,Glycerolipids,LipidSearch,Bronze,3
A15_204099,Streptophyta,Viridiplantae,TG(49:16_18:3),TG,TG,Glycerolipids,LipidSearch,Gold,4
A15_142271,Streptophyta,Viridiplantae,,PC/SM,PC/SM,Glycerophospholipids|Sphingolipids,MS2_diagnostic,Bronze,2
A15_140939,Bacillota,Bacteria,,,,,none,Unidentified,0
A15_106618,Streptophyta,Viridiplantae,,,,,none,Unidentified,0
A15_148964,Streptophyta,Viridiplantae,,,,,none,Unidentified,0
A15_54991,Streptophyta,Viridiplantae,MGDG(34:7),MGDG,MGDG,Glycerolipids,LipidSearch,Bronze,3
A15_60023,Streptophyta,Viridiplantae,MGDG(34:7),MGDG,MGDG,Glycerolipids,LipidSearch,Bronze,3
A15_129061,Streptophyta,Viridiplantae,PI(20:4_16:0),PI,PI,Glycerophospholipids,LipidSearch,Gold,4
A15_137995,Bacillota,Bacteria,TG(18:2_20:4),TG,TG,Glycerolipids,LipidSearch,Bronze,3
A15_144418,Streptophyta,Viridiplantae,,,,,none,Unidentified,0
A15_144585,Streptophyta,Viridiplantae,DGDG(16:0_18:3),DGDG,DGDG,Glycerolipids,LipidSearch,Gold,4
A15_13016,Streptophyta,Viridiplantae,SM(d21:4),SM,SM,Sphingolipids,LipidSearch,Bronze,3
A15_214127,Pseudomonadota,Bacteria,,,,,none,Unidentified,0
A15_210364,Pseudomonadota,Bacteria,,,,,none,Unidentified,0
A15_63879,Streptophyta,Viridiplantae,,,,,none,Unidentified,0
A15_59411,Streptophyta,Viridiplantae,,,,,none,Unidentified,0
A15_182858,Streptophyta,Viridiplantae,DG(16:0_30:6),DG,DG,Glycerolipids,LipidSearch,Bronze,3
A15_114440,Streptophyta,Viridiplantae,TG(18:2_18:2)+O:(s),TG,TG,Glycerolipids,LipidSearch,Gold,4
A15_154916,Streptophyta,Viridiplantae,,,,,none,Unidentified,0
A15_144702,Ascomycota,Fungi,,,,,none,Unidentified,0
A15_148052,Ascomycota,Fungi,,,,,none,Unidentified,0
A15_41705,Streptophyta,Viridiplantae,,PC/SM,PC/SM,Glycerophospholipids|Sphingolipids,MS2_diagnostic,Bronze,2
A15_66196,Streptophyta,Viridiplantae,,PC/SM,PC/SM,Glycerophospholipids|Sphingolipids,MS2_diagnostic,Bronze,2
A15_14249,Streptophyta,Viridiplantae,,Ceramide,Ceramide,Sphingolipids,MS2_diagnostic,Bronze,2
A15_10850,Streptophyta,Viridiplantae,TG(15:2_4:0_4:0),TG,TG,Glycerolipids,LipidSearch,Bronze,3
A15_137225,Streptophyta,Viridiplantae,,,,,none,Unidentified,0
A15_120466,Streptophyta,Viridiplantae,,Terpenoid,Terpenoid,Prenol lipids,MS2_diagnostic,Bronze,2
A15_157949,Streptophyta,Viridiplantae,,,,,none,Unidentified,0
A15_74963,Streptophyta,Viridiplantae,,,,,none,Unidentified,0
A15_209363,Streptophyta,Viridiplantae,,,,,none,Unidentified,0
A15_149948,Bacillota,Bacteria,PG(31:0),PG,PG,Glycerophospholipids,LipidSearch,Bronze,3
A15_45734,Streptophyta,Viridiplantae,,Terpenoid,Terpenoid,Prenol lipids,MS2_diagnostic,Bronze,2
A15_49396,Streptophyta,Viridiplantae,,,,,none,Unidentified,0
A15_43430,Streptophyta,Viridiplantae,,Terpenoid,Terpenoid,Prenol lipids,MS2_diagnostic,Bronze,2
A15_175507,Pseudomonadota,Bacteria,PC(34:2),PC,PC,Glycerophospholipids,LipidSearch,Bronze,3
A15_106349,Pseudomonadota,Bacteria,,,,,none,Unidentified,0
A15_128100,Streptophyta,Viridiplantae,,,,,none,Unidentified,0
A15_106535,Streptophyta,Viridiplantae,,,,,none,Unidentified,0
A15_9663,Streptophyta,Viridiplantae,,Terpenoid,Terpenoid,Prenol lipids,MS2_diagnostic,Bronze,2
A15_21020,Streptophyta,Viridiplantae,TG(3:0_3:0_18:3),TG,TG,Glycerolipids,LipidSearch,Bronze,3
A15_126166,Streptophyta,Viridiplantae,MGDG(18:3_18:3),MGDG,MGDG,Glycerolipids,LipidSearch,Gold,4
A15_156835,Streptophyta,Viridiplantae,DG(18:1_18:3),DG,DG,Glycerolipids,LipidSearch,Gold,4
A15_166199,Streptophyta,Viridiplantae,,,,,none,Unidentified,0
A15_94773,Streptophyta,Viridiplantae,TG(18:2_16:0)+OO:(s),TG,TG,Glycerolipids,LipidSearch,Bronze,3
A15_190059,Streptophyta,Viridiplantae,Cer(d16:1_22:1),Cer,Cer,Sphingolipids,LipidSearch,Gold,4
A15_198366,Streptophyta,Viridiplantae,TG(36:6_16:0)+OO:(s),TG,TG,Glycerolipids,LipidSearch,Gold,4
A15_135154,Bacillota,Bacteria,DGDG(18:2_18:3),DGDG,DGDG,Glycerolipids,LipidSearch,Gold,4
A15_172773,Streptophyta,Viridiplantae,,,,,none,Unidentified,0
A15_173731,Streptophyta,Viridiplantae,,,,,none,Unidentified,0
A15_178362,Streptophyta,Viridiplantae,,PC/SM,PC/SM,Glycerophospholipids|Sphingolipids,MS2_diagnostic,Bronze,2
A15_76619,Streptophyta,Viridiplantae,TG(30:2_4:0)+OO:(s),TG,TG,Glycerolipids,LipidSearch,Bronze,3
A15_91483,Streptophyta,Viridiplantae,TG(14:0_5:0_20:4)+OO:(s),TG,TG,Glycerolipids,LipidSearch,Bronze,3
A15_181244,Pseudomonadota,Bacteria,PE(20:4_16:0),PE,PE,Glycerophospholipids,LipidSearch,Gold,4
A15_52767,Streptophyta,Viridiplantae,,,,,none,Unidentified,0
A15_179766,Streptophyta,Viridiplantae,DGDG(10:0_20:0),DGDG,DGDG,Glycerolipids,LipidSearch,Bronze,3
A15_179190,Pseudomonadota,Bacteria,PC(34:2),PC,PC,Glycerophospholipids,LipidSearch,Bronze,3
A15_72276,Streptophyta,Viridiplantae,TG(10:0_18:1)+O:(s),TG,TG,Glycerolipids,LipidSearch,Gold,4
A15_120179,Streptophyta,Viridiplantae,TG(18:1_16:0)+O:(s),TG,TG,Glycerolipids,LipidSearch,Gold,4
A15_193706,Streptophyta,Viridiplantae,Cer(d14:1_22:0),Cer,Cer,Sphingolipids,LipidSearch,Gold,4
A15_22328,Streptophyta,Viridiplantae,,,,,none,Unidentified,0
A15_86727,Streptophyta,Viridiplantae,DG(16:3_10:0),DG,DG,Glycerolipids,LipidSearch,Gold,4
A15_91119,Streptophyta,Viridiplantae,PG(23:7_16:1),PG,PG,Glycerophospholipids,LipidSearch,Bronze,3
A15_175103,Streptophyta,Viridiplantae,TG(36:6_16:0)+OO:(s),TG,TG,Glycerolipids,LipidSearch,Bronze,3
A15_14530,Streptophyta,Viridiplantae,,PC/SM,PC/SM,Glycerophospholipids|Sphingolipids,MS2_diagnostic,Bronze,2
A15_167750,Streptophyta,Viridiplantae,DG(P-15:2_20:1),DG,DG,Glycerolipids,LipidSearch,Bronze,3
A15_155118,Streptophyta,Viridiplantae,WE(O-10:0_17:2),WE,WE,Fatty acyls,LipidSearch,Bronze,3
A15_145424,Bacillota,Bacteria,PE(16:1_14:0),PE,PE,Glycerophospholipids,LipidSearch,Gold,4
A15_103860,Streptophyta,Viridiplantae,DG(O-26:5),DG,DG,Glycerolipids,LipidSearch,Bronze,3
A15_175629,Streptophyta,Viridiplantae,,Terpenoid,Terpenoid,Prenol lipids,MS2_diagnostic,Bronze,2
A15_16464,Streptophyta,Viridiplantae,TG(29:3)+O:(s),TG,TG,Glycerolipids,LipidSearch,Bronze,3
A15_145530,Streptophyta,Viridiplantae,,,,,none,Unidentified,0
A15_89419,Streptophyta,Viridiplantae,PG(21:2_16:2),PG,PG,Glycerophospholipids,LipidSearch,Bronze,3
A15_80797,Streptophyta,Viridiplantae,PC(42:13),PC,PC,Glycerophospholipids,LipidSearch,Bronze,3
A15_128697,Streptophyta,Viridiplantae,DG(P-18:4_16:2),DG,DG,Glycerolipids,LipidSearch,Bronze,3
A15_133149,Bacillota,Bacteria,PEt(21:4_15:0),PEt,PEt,Glycerophospholipids,LipidSearch,Bronze,3
A15_90216,Streptophyta,Viridiplantae,DG(O-26:5),DG,DG,Glycerolipids,LipidSearch,Bronze,3
A15_169058,Bacillota,Bacteria,PE(P-16:0_18:3),PE,PE,Glycerophospholipids,LipidSearch,Gold,4
A15_180010,Streptophyta,Viridiplantae,,,,,none,Unidentified,0
A15_166037,Streptophyta,Viridiplantae,MGDG(16:1_18:1),MGDG,MGDG,Glycerolipids,LipidSearch,Bronze,3
A15_82422,Streptophyta,Viridiplantae,TG(8:0_18:2),TG,TG,Glycerolipids,LipidSearch,Gold,4
A15_141266,Bacillota,Bacteria,PE(14:0_14:0),PE,PE,Glycerophospholipids,LipidSearch,Gold,4
A15_139541,Bacillota,Bacteria,PE(14:0_14:0),PE,PE,Glycerophospholipids,LipidSearch,Gold,4
A15_144665,Streptophyta,Viridiplantae,,,,,none,Unidentified,0
A15_120285,Streptophyta,Viridiplantae,DG(P-18:4_18:3),DG,DG,Glycerolipids,LipidSearch,Bronze,3
A15_84777,Streptophyta,Viridiplantae,,PC/SM,PC/SM,Glycerophospholipids|Sphingolipids,MS2_diagnostic,Bronze,2
A15_88831,Streptophyta,Viridiplantae,,,,,none,Unidentified,0
A15_79969,Streptophyta,Viridiplantae,,,,,none,Unidentified,0
A15_98845,Bacillota,Bacteria,,,,,none,Unidentified,0
A15_57845,Streptophyta,Viridiplantae,,,,,none,Unidentified,0
A15_121059,Bacillota,Bacteria,DG(P-11:0_17:1),DG,DG,Glycerolipids,LipidSearch,Bronze,3
A15_65621,Streptophyta,Viridiplantae,,,,,none,Unidentified,0
A15_46440,Streptophyta,Viridiplantae,,,,,none,Unidentified,0
A15_33316,Streptophyta,Viridiplantae,,,,,none,Unidentified,0
A15_188546,Streptophyta,Viridiplantae,,Terpenoid,Terpenoid,Prenol lipids,MS2_diagnostic,Bronze,2
A15_202755,Streptophyta,Viridiplantae,TG(16:2_16:1_20:4)+O:(s),TG,TG,Glycerolipids,LipidSearch,Gold,4
A15_118946,Streptophyta,Viridiplantae,,Terpenoid,Terpenoid,Prenol lipids,MS2_diagnostic,Bronze,2
A15_132991,Bacillota,Bacteria,DG(O-13:0_17:2),DG,DG,Glycerolipids,LipidSearch,Bronze,3
A15_755,Streptophyta,Viridiplantae,,,,,none,Unidentified,0
A15_91344,Streptophyta,Viridiplantae,TG(21:0_16:3)+OO:(s),TG,TG,Glycerolipids,LipidSearch,Bronze,3
A15_69736,Streptophyta,Viridiplantae,,PC/SM,PC/SM,Glycerophospholipids|Sphingolipids,MS2_diagnostic,Bronze,2
A15_66315,Streptophyta,Viridiplantae,,PC/SM,PC/SM,Glycerophospholipids|Sphingolipids,MS2_diagnostic,Bronze,2
A15_68271,Streptophyta,Viridiplantae,,PC/SM,PC/SM,Glycerophospholipids|Sphingolipids,MS2_diagnostic,Bronze,2
A15_143257,Bacillota,Bacteria,PG(16:0_18:3),PG,PG,Glycerophospholipids,LipidSearch,Gold,4
A15_208276,Bacillota,Bacteria,,,,,none,Unidentified,0
A15_13800,Streptophyta,Viridiplantae,,,,,none,Unidentified,0
A15_136990,Bacillota,Bacteria,PG(15:0_15:0),PG,PG,Glycerophospholipids,LipidSearch,Gold,4
A15_68609,Streptophyta,Viridiplantae,TG(30:5_6:0)+OO:(s),TG,TG,Glycerolipids,LipidSearch,Gold,4
A15_63991,Streptophyta,Viridiplantae,,,,,none,Unidentified,0
A15_85737,Streptophyta,Viridiplantae,,,,,none,Unidentified,0
A15_150933,Streptophyta,Viridiplantae,DGDG(16:0_18:2),DGDG,DGDG,Glycerolipids,LipidSearch,Gold,4
A15_154732,Streptophyta,Viridiplantae,DGDG(16:0_18:2),DGDG,DGDG,Glycerolipids,LipidSearch,Gold,4
A15_223617,Bacillota,Bacteria,,,,,none,Unidentified,0
A15_128239,Streptophyta,Viridiplantae,DG(16:1_18:4),DG,DG,Glycerolipids,LipidSearch,Gold,4
A15_107499,Streptophyta,Viridiplantae,DG(16:1_18:4),DG,DG,Glycerolipids,LipidSearch,Gold,4
A15_56553,Streptophyta,Viridiplantae,,Glycolipid,Glycolipid,Glycerolipids,MS2_diagnostic,Bronze,2
A15_214173,Pseudomonadota,Bacteria,DG(O-40:11),DG,DG,Glycerolipids,LipidSearch,Bronze,3
A15_179650,Streptophyta,Viridiplantae,TG(18:3_18:3_18:3)+OO:(s),TG,TG,Glycerolipids,LipidSearch,Gold,4
A15_19053,Streptophyta,Viridiplantae,,PC/SM,PC/SM,Glycerophospholipids|Sphingolipids,MS2_diagnostic,Bronze,2
A15_182341,Streptophyta,Viridiplantae,,,,,none,Unidentified,0
A15_31815,Streptophyta,Viridiplantae,TG(7:0_28:7),TG,TG,Glycerolipids,LipidSearch,Bronze,3
A15_109935,Streptophyta,Viridiplantae,DG(16:3_18:3),DG,DG,Glycerolipids,LipidSearch,Gold,4
A15_60212,Streptophyta,Viridiplantae,,Terpenoid,Terpenoid,Prenol lipids,MS2_diagnostic,Bronze,2
A15_61262,Streptophyta,Viridiplantae,,Terpenoid,Terpenoid,Prenol lipids,MS2_diagnostic,Bronze,2
A15_119872,Streptophyta,Viridiplantae,PC(P-42:13),PC,PC,Glycerophospholipids,LipidSearch,Bronze,3
A15_101765,Streptophyta,Viridiplantae,TG(18:3_18:1)+OO:(s),TG,TG,Glycerolipids,LipidSearch,Gold,4
A15_214632,Streptophyta,Viridiplantae,,,,,none,Unidentified,0
A15_133874,Streptophyta,Viridiplantae,DG(P-18:4_16:1),DG,DG,Glycerolipids,LipidSearch,Bronze,3
A15_161820,Streptophyta,Viridiplantae,DGDG(15:0_18:1),DGDG,DGDG,Glycerolipids,LipidSearch,Gold,4
A15_111270,Streptophyta,Viridiplantae,MGDG(32:5),MGDG,MGDG,Glycerolipids,LipidSearch,Bronze,3
A15_107613,Streptophyta,Viridiplantae,,PC/SM,PC/SM,Glycerophospholipids|Sphingolipids,MS2_diagnostic,Bronze,2
A15_130388,Bacillota,Bacteria,PG(17:3_14:0),PG,PG,Glycerophospholipids,LipidSearch,Bronze,3
A15_174507,Streptophyta,Viridiplantae,,,,,none,Unidentified,0
A15_177841,Streptophyta,Viridiplantae,DG(16:1_20:5),DG,DG,Glycerolipids,LipidSearch,Gold,4
A15_103211,Streptophyta,Viridiplantae,,Terpenoid,Terpenoid,Prenol lipids,MS2_diagnostic,Bronze,2
A15_104246,Streptophyta,Viridiplantae,,,,,none,Unidentified,0
A15_142908,Streptophyta,Viridiplantae,PC(33:3),PC,PC,Glycerophospholipids,LipidSearch,Bronze,3
A15_1331,Streptophyta,Viridiplantae,,,,,none,Unidentified,0
A15_114896,Streptophyta,Viridiplantae,,,,,none,Unidentified,0
A15_91938,Streptophyta,Viridiplantae,,PC/SM,PC/SM,Glycerophospholipids|Sphingolipids,MS2_diagnostic,Bronze,2
A15_82774,Streptophyta,Viridiplantae,,Terpenoid,Terpenoid,Prenol lipids,MS2_diagnostic,Bronze,2
A15_161592,Streptophyta,Viridiplantae,,,,,none,Unidentified,0
A15_104398,Streptophyta,Viridiplantae,TG(18:2_16:0)+O:(s),TG,TG,Glycerolipids,LipidSearch,Bronze,3
A15_188480,Actinomycetota,Bacteria,,,,,none,Unidentified,0
A15_21276,Streptophyta,Viridiplantae,,Terpenoid,Terpenoid,Prenol lipids,MS2_diagnostic,Bronze,2
A15_214250,Pseudomonadota,Bacteria,Co(Q8),Co,CoQ,Prenol lipids,LipidSearch,Gold,4
A15_212179,Pseudomonadota,Bacteria,Co(Q8),Co,CoQ,Prenol lipids,LipidSearch,Gold,4
A15_215495,Pseudomonadota,Bacteria,Co(Q8),Co,CoQ,Prenol lipids,LipidSearch,Gold,4
A15_104330,Streptophyta,Viridiplantae,,,,,none,Unidentified,0
A15_49642,Streptophyta,Viridiplantae,TG(24:7_15:2)+O:(s),TG,TG,Glycerolipids,LipidSearch,Bronze,3
A15_15173,Streptophyta,Viridiplantae,DG(P-5:0_20:5),DG,DG,Glycerolipids,LipidSearch,Bronze,3
A15_16802,Streptophyta,Viridiplantae,,,,,none,Unidentified,0
A15_8773,Streptophyta,Viridiplantae,,,,,none,Unidentified,0
A15_160890,Streptophyta,Viridiplantae,PC(40:6),PC,PC,Glycerophospholipids,LipidSearch,Bronze,3
A15_162123,Streptophyta,Viridiplantae,PC(40:6),PC,PC,Glycerophospholipids,LipidSearch,Bronze,3
A15_209997,Streptophyta,Viridiplantae,TG(16:0_18:3_18:4)+O:(s),TG,TG,Glycerolipids,LipidSearch,Gold,4
A15_18959,Pseudomonadota,Bacteria,,,,,none,Unidentified,0
A15_155458,Streptophyta,Viridiplantae,TG(9:0_17:3_17:3)+O:(s),TG,TG,Glycerolipids,LipidSearch,Bronze,3
A15_193926,Streptophyta,Viridiplantae,DGDG(8:0_22:2),DGDG,DGDG,Glycerolipids,LipidSearch,Bronze,3
A15_191863,Streptophyta,Viridiplantae,,,,,none,Unidentified,0
A15_131093,Streptophyta,Viridiplantae,,Terpenoid,Terpenoid,Prenol lipids,MS2_diagnostic,Bronze,2
A15_188732,Pseudomonadota,Bacteria,PE(18:1_18:1),PE,PE,Glycerophospholipids,LipidSearch,Gold,4
A15_195768,Streptophyta,Viridiplantae,TG(32:5_18:2)+O:(s),TG,TG,Glycerolipids,LipidSearch,Gold,4
A15_213932,Pseudomonadota,Bacteria,,,,,none,Unidentified,0
A15_165135,Bacillota,Bacteria,PA(18:2_18:2),PA,PA,Glycerophospholipids,LipidSearch,Gold,4
A15_21235,Streptophyta,Viridiplantae,TG(29:3)+O:(s),TG,TG,Glycerolipids,LipidSearch,Bronze,3
A15_179918,Discosea,Protists,,,,,none,Unidentified,0
A15_178393,Discosea,Protists,,,,,none,Unidentified,0
A15_76534,Streptophyta,Viridiplantae,,PC/SM,PC/SM,Glycerophospholipids|Sphingolipids,MS2_diagnostic,Bronze,2
A15_145313,Streptophyta,Viridiplantae,PG(16:0_18:2),PG,PG,Glycerophospholipids,LipidSearch,Gold,4
A15_122339,Streptophyta,Viridiplantae,DGDG(18:3_18:3),DGDG,DGDG,Glycerolipids,LipidSearch,Gold,4
A15_132183,Streptophyta,Viridiplantae,MGDG(18:3_18:3),MGDG,MGDG,Glycerolipids,LipidSearch,Gold,4
A15_52312,Streptophyta,Viridiplantae,,,,,none,Unidentified,0
A15_99467,Streptophyta,Viridiplantae,MG(O-26:6),MG,MG,Glycerolipids,LipidSearch,Bronze,3
A15_43880,Streptophyta,Viridiplantae,,,,,none,Unidentified,0
A15_120180,Streptophyta,Viridiplantae,TG(18:3_16:1),TG,TG,Glycerolipids,LipidSearch,Gold,4
A15_175443,Streptophyta,Viridiplantae,,,,,none,Unidentified,0
A15_173911,Streptophyta,Viridiplantae,PI(20:4_18:0),PI,PI,Glycerophospholipids,LipidSearch,Gold,4
A15_17931,Methanobacteriota,Archaea,,,,,none,Unidentified,0
A15_19590,Methanobacteriota,Archaea,,,,,none,Unidentified,0
A15_189807,Actinomycetota,Bacteria,,,,,none,Unidentified,0
A15_36559,Streptophyta,Viridiplantae,TG(19:2_4:0_4:0),TG,TG,Glycerolipids,LipidSearch,Bronze,3
A15_62337,Streptophyta,Viridiplantae,,SM,SM,Sphingolipids,MS2_diagnostic,Bronze,2
A15_29167,Streptophyta,Viridiplantae,,Terpenoid,Terpenoid,Prenol lipids,MS2_diagnostic,Bronze,2
A15_97908,Streptophyta,Viridiplantae,,,,,none,Unidentified,0
A15_120778,Streptophyta,Viridiplantae,DG(18:2_18:4),DG,DG,Glycerolipids,LipidSearch,Gold,4
A15_113515,Streptophyta,Viridiplantae,DG(O-5:0_21:4),DG,DG,Glycerolipids,LipidSearch,Gold,4
A15_14492,Basidiomycota,Fungi,,,,,none,Unidentified,0
A15_199741,Actinomycetota,Bacteria,MePC(36:2),MePC,MePC,Glycerophospholipids,LipidSearch,Bronze,3
A15_168667,Streptophyta,Viridiplantae,,,,,none,Unidentified,0
A15_142968,Basidiomycota,Fungi,DG(P-15:2_18:1),DG,DG,Glycerolipids,LipidSearch,Gold,4
A15_64054,Streptophyta,Viridiplantae,,Terpenoid,Terpenoid,Prenol lipids,MS2_diagnostic,Bronze,2
A15_121067,Streptophyta,Viridiplantae,TG(18:2_16:1),TG,TG,Glycerolipids,LipidSearch,Gold,4
A15_197879,Actinomycetota,Bacteria,,,,,none,Unidentified,0
A15_71898,Streptophyta,Viridiplantae,,PC/SM,PC/SM,Glycerophospholipids|Sphingolipids,MS2_diagnostic,Bronze,2
A15_131920,Streptophyta,Viridiplantae,,Terpenoid,Terpenoid,Prenol lipids,MS2_diagnostic,Bronze,2
A15_140986,Streptophyta,Viridiplantae,,Terpenoid,Terpenoid,Prenol lipids,MS2_diagnostic,Bronze,2
A15_18721,Streptophyta,Viridiplantae,,,,,none,Unidentified,0
A15_197863,Actinomycetota,Bacteria,TG(26:2_18:1)+OO:(s),TG,TG,Glycerolipids,LipidSearch,Gold,4
A15_199743,Actinomycetota,Bacteria,TG(26:2_18:1)+OO:(s),TG,TG,Glycerolipids,LipidSearch,Gold,4
A15_97292,Streptophyta,Viridiplantae,,PC/SM,PC/SM,Glycerophospholipids|Sphingolipids,MS2_diagnostic,Bronze,2
A15_113564,Bacillota,Bacteria,,,,,none,Unidentified,0
A15_77600,Streptophyta,Viridiplantae,,,,,none,Unidentified,0
A15_183879,Streptophyta,Viridiplantae,,,,,none,Unidentified,0
A15_152941,Streptophyta,Viridiplantae,,Terpenoid,Terpenoid,Prenol lipids,MS2_diagnostic,Bronze,2
A15_114455,Mucoromycota,Fungi,PC(14:2_17:2),PC,PC,Glycerophospholipids,LipidSearch,Bronze,3
A15_169671,Basidiomycota,Fungi,DG(P-15:2_18:1),DG,DG,Glycerolipids,LipidSearch,Gold,4
A15_175682,Streptophyta,Viridiplantae,TG(9:0_18:2_18:3)+O:(s),TG,TG,Glycerolipids,LipidSearch,Bronze,3
A15_196425,Streptophyta,Viridiplantae,TG(18:2_18:3_18:3)+OO:(s),TG,TG,Glycerolipids,LipidSearch,Gold,4
A15_141047,Streptophyta,Viridiplantae,PA(16:0_18:3),PA,PA,Glycerophospholipids,LipidSearch,Gold,4
A15_114372,Streptophyta,Viridiplantae,MG(P-18:4),MG,MG,Glycerolipids,LipidSearch,Bronze,3
A15_96355,Streptophyta,Viridiplantae,,,,,none,Unidentified,0
A15_146108,Pseudomonadota,Bacteria,,,,,none,Unidentified,0
A15_147484,Pseudomonadota,Bacteria,,,,,none,Unidentified,0
A15_74984,Streptophyta,Viridiplantae,,,,,none,Unidentified,0
A15_10218,Methanobacteriota,Archaea,,,,,none,Unidentified,0
A15_207256,Bacillota,Bacteria,,,,,none,Unidentified,0
A15_205684,Bacillota,Bacteria,,,,,none,Unidentified,0
A15_78092,Streptophyta,Viridiplantae,,PC/SM,PC/SM,Glycerophospholipids|Sphingolipids,MS2_diagnostic,Bronze,2
A15_89494,Streptophyta,Viridiplantae,,,,,none,Unidentified,0
A15_208526,Pseudomonadota,Bacteria,,,,,none,Unidentified,0
A15_129653,Streptophyta,Viridiplantae,,,,,none,Unidentified,0
A15_19080,Methanobacteriota,Archaea,,,,,none,Unidentified,0
A15_20381,Methanobacteriota,Archaea,,,,,none,Unidentified,0
A15_188917,Streptophyta,Viridiplantae,,,,,none,Unidentified,0
A15_8849,Bacillota,Bacteria,LPA(18:3),LPA,LPA,Glycerophospholipids,LipidSearch,Bronze,3
A15_125282,Streptophyta,Viridiplantae,MGDG(16:2_18:3),MGDG,MGDG,Glycerolipids,LipidSearch,Gold,4
A15_215244,Streptophyta,Viridiplantae,,,,,none,Unidentified,0
A15_205212,Streptophyta,Viridiplantae,,Sterol,Sterol,Sterol lipids,MS2_diagnostic,Bronze,2
A15_69355,Streptophyta,Viridiplantae,,Glycolipid,Glycolipid,Glycerolipids,MS2_diagnostic,Bronze,2
A15_6222,Streptophyta,Viridiplantae,,,,,none,Unidentified,0
A15_181958,Streptophyta,Viridiplantae,,,,,none,Unidentified,0
A15_136656,Streptophyta,Viridiplantae,TG(22:3_18:2)+O:(s),TG,TG,Glycerolipids,LipidSearch,Bronze,3
A15_146942,Streptophyta,Viridiplantae,TG(21:1_14:0)+O:(s),TG,TG,Glycerolipids,LipidSearch,Bronze,3
A15_100073,Streptophyta,Viridiplantae,,,,,none,Unidentified,0
A15_47508,Streptophyta,Viridiplantae,,,,,none,Unidentified,0
A15_128453,Streptophyta,Viridiplantae,DG(15:2_16:0),DG,DG,Glycerolipids,LipidSearch,Gold,4
A15_56511,Streptophyta,Viridiplantae,,PC/SM,PC/SM,Glycerophospholipids|Sphingolipids,MS2_diagnostic,Bronze,2
A15_114327,Streptophyta,Viridiplantae,DGDG(18:3_20:5),DGDG,DGDG,Glycerolipids,LipidSearch,Gold,4
A15_3707,Streptophyta,Viridiplantae,MG(22:6),MG,MG,Glycerolipids,LipidSearch,Bronze,3
A15_214006,Streptophyta,Viridiplantae,,,,,none,Unidentified,0
A15_59073,Streptophyta,Viridiplantae,,,,,none,Unidentified,0
A15_62882,Streptophyta,Viridiplantae,,Ceramide,Ceramide,Sphingolipids,MS2_diagnostic,Bronze,2
A15_178423,Streptophyta,Viridiplantae,,Terpenoid,Terpenoid,Prenol lipids,MS2_diagnostic,Bronze,2
A15_164715,Pseudomonadota,Bacteria,,,,,none,Unidentified,0
A15_163030,Pseudomonadota,Bacteria,,,,,none,Unidentified,0
A15_182301,Streptophyta,Viridiplantae,,Terpenoid,Terpenoid,Prenol lipids,MS2_diagnostic,Bronze,2
A15_132489,Streptophyta,Viridiplantae,PG(16:0_18:3),PG,PG,Glycerophospholipids,LipidSearch,Gold,4
A15_125140,Streptophyta,Viridiplantae,PG(16:1_18:3),PG,PG,Glycerophospholipids,LipidSearch,Gold,4
A15_157095,Streptophyta,Viridiplantae,,,,,none,Unidentified,0
A15_132386,Streptophyta,Viridiplantae,MGDG(15:0_18:2),MGDG,MGDG,Glycerolipids,LipidSearch,Gold,4
A15_156278,Bacillota,Bacteria,DG(O-13:0_17:2),DG,DG,Glycerolipids,LipidSearch,Bronze,3
A15_7292,Streptophyta,Viridiplantae,,,,,none,Unidentified,0
A15_169733,Streptophyta,Viridiplantae,,PC/SM,PC/SM,Glycerophospholipids|Sphingolipids,MS2_diagnostic,Bronze,2
A15_117661,Streptophyta,Viridiplantae,DGDG(18:3_18:3),DGDG,DGDG,Glycerolipids,LipidSearch,Gold,4
A15_5568,Streptophyta,Viridiplantae,,Terpenoid,Terpenoid,Prenol lipids,MS2_diagnostic,Bronze,2
A15_81732,Streptophyta,Viridiplantae,PC(P-42:13),PC,PC,Glycerophospholipids,LipidSearch,Bronze,3
A15_47520,Streptophyta,Viridiplantae,,,,,none,Unidentified,0
A15_149946,Bacillota,Bacteria,PG(15:0_16:0),PG,PG,Glycerophospholipids,LipidSearch,Gold,4
A15_124605,Streptophyta,Viridiplantae,,Terpenoid,Terpenoid,Prenol lipids,MS2_diagnostic,Bronze,2
A15_148343,Streptophyta,Viridiplantae,,PC/SM,PC/SM,Glycerophospholipids|Sphingolipids,MS2_diagnostic,Bronze,2
A15_211949,Streptophyta,Viridiplantae,TG(49:14_18:3),TG,TG,Glycerolipids,LipidSearch,Gold,4
A15_167196,Pseudomonadota,Bacteria,,,,,none,Unidentified,0
A15_165136,Pseudomonadota,Bacteria,,,,,none,Unidentified,0
A15_192763,Streptophyta,Viridiplantae,,,,,none,Unidentified,0
A15_204791,Streptophyta,Viridiplantae,,,,,none,Unidentified,0
A15_205872,Streptophyta,Viridiplantae,,,,,none,Unidentified,0
A15_17290,Streptophyta,Viridiplantae,,PC/SM,PC/SM,Glycerophospholipids|Sphingolipids,MS2_diagnostic,Bronze,2
A15_66971,Streptophyta,Viridiplantae,,,,,none,Unidentified,0
A15_103841,Streptophyta,Viridiplantae,DG(P-50:15),DG,DG,Glycerolipids,LipidSearch,Bronze,3
A15_82447,Streptophyta,Viridiplantae,,PE,PE,Glycerophospholipids,MS2_diagnostic,Bronze,2
A15_32630,Streptophyta,Viridiplantae,,PC/SM,PC/SM,Glycerophospholipids|Sphingolipids,MS2_diagnostic,Bronze,2
A15_203209,Actinomycetota,Bacteria,Hex1Cer(d18:2_23:1),Hex1Cer,HexCer,Sphingolipids,LipidSearch,Gold,4
A15_196169,Streptophyta,Viridiplantae,,Ubiquinone,Ubiquinone,Prenol lipids,MS2_diagnostic,Bronze,2
A15_174709,Pseudomonadota,Bacteria,DG(O-15:1_20:3),DG,DG,Glycerolipids,LipidSearch,Bronze,3
A15_167962,Streptophyta,Viridiplantae,,,,,none,Unidentified,0
A15_195562,Bacillota,Bacteria,,,,,none,Unidentified,0
A15_80428,Streptophyta,Viridiplantae,,,,,none,Unidentified,0
A15_103873,Streptophyta,Viridiplantae,,Terpenoid,Terpenoid,Prenol lipids,MS2_diagnostic,Bronze,2
A15_126163,Basidiomycota,Fungi,DG(P-17:1_17:1),DG,DG,Glycerolipids,LipidSearch,Bronze,3
A15_126322,Basidiomycota,Fungi,DG(P-17:1_17:1),DG,DG,Glycerolipids,LipidSearch,Bronze,3
A15_176329,Streptophyta,Viridiplantae,,,,,none,Unidentified,0
A15_52108,Streptophyta,Viridiplantae,PEt(O-15:0_13:0),PEt,PEt,Glycerophospholipids,LipidSearch,Bronze,3
A15_111163,Streptophyta,Viridiplantae,DG(O-11:0_18:2),DG,DG,Glycerolipids,LipidSearch,Bronze,3
A15_74890,Streptophyta,Viridiplantae,,PS,PS,Glycerophospholipids,MS2_diagnostic,Bronze,2
A15_19032,Streptophyta,Viridiplantae,,,,,none,Unidentified,0
A15_212092,Bacillota,Bacteria,,,,,none,Unidentified,0
A15_116698,Streptophyta,Viridiplantae,DGDG(18:3_18:3),DGDG,DGDG,Glycerolipids,LipidSearch,Gold,4
A15_99755,Streptophyta,Viridiplantae,DG(P-7:0_19:3),DG,DG,Glycerolipids,LipidSearch,Gold,4
A15_89677,Streptophyta,Viridiplantae,,,,,none,Unidentified,0
A15_61890,Streptophyta,Viridiplantae,,,,,none,Unidentified,0
A15_141264,Streptophyta,Viridiplantae,PC(30:2),PC,PC,Glycerophospholipids,LipidSearch,Bronze,3
A15_107338,Streptophyta,Viridiplantae,PG(23:2_16:3),PG,PG,Glycerophospholipids,LipidSearch,Bronze,3
A15_137536,Streptophyta,Viridiplantae,PC(O-25:7_15:2),PC,PC,Glycerophospholipids,LipidSearch,Bronze,3
A15_85178,Streptophyta,Viridiplantae,DG(16:3_18:4),DG,DG,Glycerolipids,LipidSearch,Gold,4
A15_197151,Streptophyta,Viridiplantae,,,,,none,Unidentified,0
A15_37916,Streptophyta,Viridiplantae,,,,,none,Unidentified,0
A15_14080,Streptophyta,Viridiplantae,,,,,none,Unidentified,0
A15_185346,Streptophyta,Viridiplantae,AcHexSiE (18:3),AcHexSiE,AcHexSiE,Sterol lipids,LipidSearch,Bronze,3
A15_191790,Streptophyta,Viridiplantae,,,,,none,Unidentified,0
A15_11657,Streptophyta,Viridiplantae,,Terpenoid,Terpenoid,Prenol lipids,MS2_diagnostic,Bronze,2
A15_86864,Streptophyta,Viridiplantae,,,,,none,Unidentified,0
A15_7021,Streptophyta,Viridiplantae,,Terpenoid,Terpenoid,Prenol lipids,MS2_diagnostic,Bronze,2
A15_214067,Bacillota,Bacteria,TG(4:0_16:0_16:0),TG,TG,Glycerolipids,LipidSearch,Gold,4
A15_2546,Bacillota,Bacteria,,,,,none,Unidentified,0
A15_126387,Streptophyta,Viridiplantae,,Terpenoid,Terpenoid,Prenol lipids,MS2_diagnostic,Bronze,2
A15_163091,Bacillota,Bacteria,,,,,none,Unidentified,0
A15_154079,Bacillota,Bacteria,PEt(21:1_16:0),PEt,PEt,Glycerophospholipids,LipidSearch,Bronze,3
A15_159026,Bacillota,Bacteria,,,,,none,Unidentified,0
A15_57050,Streptophyta,Viridiplantae,,,,,none,Unidentified,0
A15_212364,Pseudomonadota,Bacteria,Co(Q8),Co,CoQ,Prenol lipids,LipidSearch,Gold,4
A15_214251,Pseudomonadota,Bacteria,Co(Q8),Co,CoQ,Prenol lipids,LipidSearch,Gold,4
A15_215414,Pseudomonadota,Bacteria,Co(Q8),Co,CoQ,Prenol lipids,LipidSearch,Gold,4
A15_105279,Streptophyta,Viridiplantae,MGDG(16:3_18:3),MGDG,MGDG,Glycerolipids,LipidSearch,Gold,4
A15_180660,Actinomycetota,Bacteria,DG(O-15:0_17:2),DG,DG,Glycerolipids,LipidSearch,Bronze,3
A15_129896,Streptophyta,Viridiplantae,TG(21:0_16:3)+O:(s),TG,TG,Glycerolipids,LipidSearch,Bronze,3
A15_10970,Methanobacteriota,Archaea,,,,,none,Unidentified,0
A15_154271,Streptophyta,Viridiplantae,PC(O-40:10),PC,PC,Glycerophospholipids,LipidSearch,Bronze,3
A15_797,Bacillota,Bacteria,,,,,none,Unidentified,0
A15_24393,Streptophyta,Viridiplantae,,Terpenoid,Terpenoid,Prenol lipids,MS2_diagnostic,Bronze,2
A15_104866,Streptophyta,Viridiplantae,DG(P-50:15),DG,DG,Glycerolipids,LipidSearch,Bronze,3
A15_44631,Ascomycota,Fungi,LPC(20:1),LPC,LPC,Glycerophospholipids,LipidSearch,Bronze,3
A15_144677,Bacillota,Bacteria,PG(16:0_18:3),PG,PG,Glycerophospholipids,LipidSearch,Gold,4
A15_144114,Bacillota,Bacteria,PG(16:0_18:3),PG,PG,Glycerophospholipids,LipidSearch,Gold,4
A15_125349,Streptophyta,Viridiplantae,,,,,none,Unidentified,0
A15_179122,Streptophyta,Viridiplantae,,PC/SM,PC/SM,Glycerophospholipids|Sphingolipids,MS2_diagnostic,Bronze,2
A15_158186,Streptophyta,Viridiplantae,,,,,none,Unidentified,0
A15_98466,Streptophyta,Viridiplantae,,PC/SM,PC/SM,Glycerophospholipids|Sphingolipids,MS2_diagnostic,Bronze,2
A15_80614,Streptophyta,Viridiplantae,,PC/SM,PC/SM,Glycerophospholipids|Sphingolipids,MS2_diagnostic,Bronze,2
A15_175720,Streptophyta,Viridiplantae,,PC/SM,PC/SM,Glycerophospholipids|Sphingolipids,MS2_diagnostic,Bronze,2
A15_119180,Streptophyta,Viridiplantae,BisMePE(36:5),BisMePE,BisMePE,Glycerophospholipids,LipidSearch,Bronze,3
A15_14267,Streptophyta,Viridiplantae,MG(P-18:4),MG,MG,Glycerolipids,LipidSearch,Bronze,3
A15_7568,Streptophyta,Viridiplantae,,Ceramide,Ceramide,Sphingolipids,MS2_diagnostic,Bronze,2
A15_102340,Streptophyta,Viridiplantae,DG(16:3_18:3),DG,DG,Glycerolipids,LipidSearch,Gold,4
A15_165652,Pseudomonadota,Bacteria,,,,,none,Unidentified,0
A15_159087,Pseudomonadota,Bacteria,,,,,none,Unidentified,0
A15_161730,Bacillota,Bacteria,WE(O-33:4),WE,WE,Fatty acyls,LipidSearch,Bronze,3
A15_65024,Streptophyta,Viridiplantae,DG(18:3_18:4),DG,DG,Glycerolipids,LipidSearch,Gold,4
A15_121967,Streptophyta,Viridiplantae,,,,,none,Unidentified,0
A15_167041,Streptophyta,Viridiplantae,MePC(34:2),MePC,MePC,Glycerophospholipids,LipidSearch,Bronze,3
A15_18604,Streptophyta,Viridiplantae,,Terpenoid,Terpenoid,Prenol lipids,MS2_diagnostic,Bronze,2
A15_215767,Streptophyta,Viridiplantae,,,,,none,Unidentified,0
A15_143062,Streptophyta,Viridiplantae,,,,,none,Unidentified,0
A15_89893,Streptophyta,Viridiplantae,TG(49:15)+O:(s),TG,TG,Glycerolipids,LipidSearch,Bronze,3
A15_128777,Streptophyta,Viridiplantae,,,,,none,Unidentified,0
A15_60076,Streptophyta,Viridiplantae,,,,,none,Unidentified,0
A15_108239,Streptophyta,Viridiplantae,,PC/SM,PC/SM,Glycerophospholipids|Sphingolipids,MS2_diagnostic,Bronze,2
A15_17683,Methanobacteriota,Archaea,,,,,none,Unidentified,0
A15_19413,Methanobacteriota,Archaea,,,,,none,Unidentified,0
A15_69117,Streptophyta,Viridiplantae,,,,,none,Unidentified,0
A15_203055,Streptophyta,Viridiplantae,,,,,none,Unidentified,0
A15_97478,Streptophyta,Viridiplantae,DG(P-7:0_19:3),DG,DG,Glycerolipids,LipidSearch,Gold,4
A15_17244,Streptophyta,Viridiplantae,LPE(20:4),LPE,LPE,Glycerophospholipids,LipidSearch,Gold,4
A15_161415,Streptophyta,Viridiplantae,PI(20:4_18:0),PI,PI,Glycerophospholipids,LipidSearch,Gold,4
A15_104182,Streptophyta,Viridiplantae,,PC/SM,PC/SM,Glycerophospholipids|Sphingolipids,MS2_diagnostic,Bronze,2
A15_136517,Streptophyta,Viridiplantae,,Terpenoid,Terpenoid,Prenol lipids,MS2_diagnostic,Bronze,2
A15_19268,Streptophyta,Viridiplantae,,Terpenoid,Terpenoid,Prenol lipids,MS2_diagnostic,Bronze,2
A15_223042,Bacillota,Bacteria,,,,,none,Unidentified,0
A15_110194,Streptophyta,Viridiplantae,,,,,none,Unidentified,0
A15_164356,Streptophyta,Viridiplantae,,,,,none,Unidentified,0
A15_173465,Bacillota,Bacteria,PC(30:0),PC,PC,Glycerophospholipids,LipidSearch,Bronze,3
A15_133073,Streptophyta,Viridiplantae,DG(18:1_18:4),DG,DG,Glycerolipids,LipidSearch,Gold,4
A15_211927,Pseudomonadota,Bacteria,,,,,none,Unidentified,0
A15_214252,Pseudomonadota,Bacteria,,,,,none,Unidentified,0
A15_110777,Streptophyta,Viridiplantae,PG(P-18:4_14:1),PG,PG,Glycerophospholipids,LipidSearch,Bronze,3
A15_94352,Streptophyta,Viridiplantae,,PC/SM,PC/SM,Glycerophospholipids|Sphingolipids,MS2_diagnostic,Bronze,2
A15_33365,Streptophyta,Viridiplantae,,PC/SM,PC/SM,Glycerophospholipids|Sphingolipids,MS2_diagnostic,Bronze,2
A15_210855,Streptophyta,Viridiplantae,,Ubiquinone,Ubiquinone,Prenol lipids,MS2_diagnostic,Bronze,2
A15_115623,Streptophyta,Viridiplantae,TG(18:2_18:3),TG,TG,Glycerolipids,LipidSearch,Gold,4
A15_161927,Bacillota,Bacteria,,,,,none,Unidentified,0
A15_9500,Streptophyta,Viridiplantae,,,,,none,Unidentified,0
A15_125150,Streptophyta,Viridiplantae,,PC/SM,PC/SM,Glycerophospholipids|Sphingolipids,MS2_diagnostic,Bronze,2
A15_126599,Streptophyta,Viridiplantae,,PC/SM,PC/SM,Glycerophospholipids|Sphingolipids,MS2_diagnostic,Bronze,2
A15_155845,Streptophyta,Viridiplantae,WE(O-38:9),WE,WE,Fatty acyls,LipidSearch,Bronze,3
A15_105901,Streptophyta,Viridiplantae,,PC/SM,PC/SM,Glycerophospholipids|Sphingolipids,MS2_diagnostic,Bronze,2
A15_154188,Actinomycetota,Bacteria,PG(16:0_17:1),PG,PG,Glycerophospholipids,LipidSearch,Gold,4
A15_35169,Basidiomycota,Fungi,TG(9:0_22:6)+O:(s),TG,TG,Glycerolipids,LipidSearch,Bronze,3
A15_180879,Streptophyta,Viridiplantae,,,,,none,Unidentified,0
A15_144186,Streptophyta,Viridiplantae,,,,,none,Unidentified,0
A15_141552,Streptophyta,Viridiplantae,,PC/SM,PC/SM,Glycerophospholipids|Sphingolipids,MS2_diagnostic,Bronze,2
A15_142691,Streptophyta,Viridiplantae,,,,,none,Unidentified,0
A15_190694,Streptophyta,Viridiplantae,,,,,none,Unidentified,0
A15_150512,Actinomycetota,Bacteria,,,,,none,Unidentified,0
A15_142132,Streptophyta,Viridiplantae,SM(d41:8),SM,SM,Sphingolipids,LipidSearch,Bronze,3
A15_158323,Streptophyta,Viridiplantae,,GDGT/Archaeol,GDGT/Archaeol,Archaeal lipids,MS2_diagnostic,Bronze,2
A15_30037,Streptophyta,Viridiplantae,,PC/SM,PC/SM,Glycerophospholipids|Sphingolipids,MS2_diagnostic,Bronze,2
A15_153303,Streptophyta,Viridiplantae,TG(9:0_17:3_17:3)+O:(s),TG,TG,Glycerolipids,LipidSearch,Bronze,3
A15_34525,Streptophyta,Viridiplantae,TG(7:0_28:7),TG,TG,Glycerolipids,LipidSearch,Bronze,3
A15_73951,Streptophyta,Viridiplantae,,PC/SM,PC/SM,Glycerophospholipids|Sphingolipids,MS2_diagnostic,Bronze,2
A15_94603,Streptophyta,Viridiplantae,,,,,none,Unidentified,0
A15_136875,Streptophyta,Viridiplantae,TG(25:1_9:0)+O:(s),TG,TG,Glycerolipids,LipidSearch,Bronze,3
A15_149528,Streptophyta,Viridiplantae,,,,,none,Unidentified,0
A15_77528,Streptophyta,Viridiplantae,,,,,none,Unidentified,0
A15_74661,Streptophyta,Viridiplantae,,,,,none,Unidentified,0
A15_145083,Streptophyta,Viridiplantae,,PE,PE,Glycerophospholipids,MS2_diagnostic,Bronze,2
A15_115763,Streptophyta,Viridiplantae,,Terpenoid,Terpenoid,Prenol lipids,MS2_diagnostic,Bronze,2
A15_102558,Streptophyta,Viridiplantae,TG(18:1_18:4),TG,TG,Glycerolipids,LipidSearch,Bronze,3
A15_167913,Streptophyta,Viridiplantae,DG(19:1_28:7),DG,DG,Glycerolipids,LipidSearch,Bronze,3
A15_96687,Streptophyta,Viridiplantae,DG(15:2_18:3),DG,DG,Glycerolipids,LipidSearch,Gold,4
A15_116259,Streptophyta,Viridiplantae,,,,,none,Unidentified,0
A15_223857,Bacillota,Bacteria,,,,,none,Unidentified,0
A15_205385,Streptophyta,Viridiplantae,,,,,none,Unidentified,0
A15_192189,Streptophyta,Viridiplantae,,,,,none,Unidentified,0
A15_187646,Streptophyta,Viridiplantae,TG(27:1_20:5)+O:(s),TG,TG,Glycerolipids,LipidSearch,Gold,4
A15_38419,Streptophyta,Viridiplantae,TG(19:2_4:0_4:0),TG,TG,Glycerolipids,LipidSearch,Bronze,3
A15_167978,Streptophyta,Viridiplantae,,,,,none,Unidentified,0
A15_96030,Streptophyta,Viridiplantae,,PC/SM,PC/SM,Glycerophospholipids|Sphingolipids,MS2_diagnostic,Bronze,2
A15_107994,Streptophyta,Viridiplantae,,PC/SM,PC/SM,Glycerophospholipids|Sphingolipids,MS2_diagnostic,Bronze,2
A15_112073,Streptophyta,Viridiplantae,,Ceramide,Ceramide,Sphingolipids,MS2_diagnostic,Bronze,2
A15_103341,Streptophyta,Viridiplantae,,PC/SM,PC/SM,Glycerophospholipids|Sphingolipids,MS2_diagnostic,Bronze,2
A15_110887,Streptophyta,Viridiplantae,DG(P-37:7),DG,DG,Glycerolipids,LipidSearch,Bronze,3
A15_199334,Streptophyta,Viridiplantae,PI(24:5_16:0),PI,PI,Glycerophospholipids,LipidSearch,Bronze,3
A15_20518,Mucoromycota,Fungi,,,,,none,Unidentified,0
A15_129479,Bacillota,Bacteria,PG(18:1_15:0),PG,PG,Glycerophospholipids,LipidSearch,Bronze,3
A15_148412,Actinomycetota,Bacteria,,,,,none,Unidentified,0
A15_95164,Streptophyta,Viridiplantae,,,,,none,Unidentified,0
A15_198743,Streptophyta,Viridiplantae,,PC/SM,PC/SM,Glycerophospholipids|Sphingolipids,MS2_diagnostic,Bronze,2
A15_196319,Streptophyta,Viridiplantae,,PC/SM,PC/SM,Glycerophospholipids|Sphingolipids,MS2_diagnostic,Bronze,2
A15_89492,Streptophyta,Viridiplantae,,,,,none,Unidentified,0
A15_124118,Streptophyta,Viridiplantae,TG(20:3_18:1)+O:(s),TG,TG,Glycerolipids,LipidSearch,Bronze,3
A15_89493,Streptophyta,Viridiplantae,,,,,none,Unidentified,0
A15_71270,Streptophyta,Viridiplantae,PG(26:8_15:2),PG,PG,Glycerophospholipids,LipidSearch,Bronze,3
A15_214175,Pseudomonadota,Bacteria,,,,,none,Unidentified,0
A15_39798,Streptophyta,Viridiplantae,,PC/SM,PC/SM,Glycerophospholipids|Sphingolipids,MS2_diagnostic,Bronze,2
A15_160898,Streptophyta,Viridiplantae,,PC/SM,PC/SM,Glycerophospholipids|Sphingolipids,MS2_diagnostic,Bronze,2
A15_187099,Streptophyta,Viridiplantae,DGDG(8:0_22:1),DGDG,DGDG,Glycerolipids,LipidSearch,Bronze,3
A15_53105,Streptophyta,Viridiplantae,,PC/SM,PC/SM,Glycerophospholipids|Sphingolipids,MS2_diagnostic,Bronze,2
A15_54190,Streptophyta,Viridiplantae,,PC/SM,PC/SM,Glycerophospholipids|Sphingolipids,MS2_diagnostic,Bronze,2
A15_50456,Streptophyta,Viridiplantae,,PC/SM,PC/SM,Glycerophospholipids|Sphingolipids,MS2_diagnostic,Bronze,2
A15_102821,Streptophyta,Viridiplantae,DGDG(18:3_18:3),DGDG,DGDG,Glycerolipids,LipidSearch,Bronze,3
A15_224897,Bacillota,Bacteria,,,,,none,Unidentified,0
A15_141643,Streptophyta,Viridiplantae,,,,,none,Unidentified,0
A15_146734,Streptophyta,Viridiplantae,TG(10:0_15:2_15:2)+O:(s),TG,TG,Glycerolipids,LipidSearch,Bronze,3
A15_107538,Streptophyta,Viridiplantae,,,,,none,Unidentified,0
A15_105930,Streptophyta,Viridiplantae,TG(16:2_18:2),TG,TG,Glycerolipids,LipidSearch,Bronze,3
A15_114921,Streptophyta,Viridiplantae,DG(18:4_18:2),DG,DG,Glycerolipids,LipidSearch,Gold,4
A15_10949,Basidiomycota,Fungi,TG(25:5),TG,TG,Glycerolipids,LipidSearch,Bronze,3
A15_162015,Streptophyta,Viridiplantae,,,,,none,Unidentified,0
A15_75099,Streptophyta,Viridiplantae,,,,,none,Unidentified,0
A15_157320,Streptophyta,Viridiplantae,TG(29:2_9:0)+O:(s),TG,TG,Glycerolipids,LipidSearch,Bronze,3
A15_21384,Methanobacteriota,Archaea,,,,,none,Unidentified,0
A15_111211,Streptophyta,Viridiplantae,,Terpenoid,Terpenoid,Prenol lipids,MS2_diagnostic,Bronze,2
A15_197838,Actinomycetota,Bacteria,PC(42:4),PC,PC,Glycerophospholipids,LipidSearch,Bronze,3
A15_199136,Actinomycetota,Bacteria,PC(42:4),PC,PC,Glycerophospholipids,LipidSearch,Bronze,3
A15_76950,Streptophyta,Viridiplantae,DG(O-16:3_16:1),DG,DG,Glycerolipids,LipidSearch,Bronze,3
A15_1115,Streptophyta,Viridiplantae,,Terpenoid,Terpenoid,Prenol lipids,MS2_diagnostic,Bronze,2
A15_224896,Bacillota,Bacteria,,,,,none,Unidentified,0
A15_165595,Streptophyta,Viridiplantae,,,,,none,Unidentified,0
A15_144122,Streptophyta,Viridiplantae,,,,,none,Unidentified,0
A15_124540,Ascomycota,Fungi,,,,,none,Unidentified,0
A15_106267,Streptophyta,Viridiplantae,,Terpenoid,Terpenoid,Prenol lipids,MS2_diagnostic,Bronze,2
A15_85888,Streptophyta,Viridiplantae,,PC/SM,PC/SM,Glycerophospholipids|Sphingolipids,MS2_diagnostic,Bronze,2
A15_190635,Streptophyta,Viridiplantae,,Sterol,Sterol,Sterol lipids,MS2_diagnostic,Bronze,2
A15_181061,Bacillota,Bacteria,,,,,none,Unidentified,0
A15_138819,Streptophyta,Viridiplantae,,Terpenoid,Terpenoid,Prenol lipids,MS2_diagnostic,Bronze,2
A15_85305,Streptophyta,Viridiplantae,,PC/SM,PC/SM,Glycerophospholipids|Sphingolipids,MS2_diagnostic,Bronze,2
A15_105772,Streptophyta,Viridiplantae,DG(16:3_18:3),DG,DG,Glycerolipids,LipidSearch,Gold,4
A15_93353,Ascomycota,Fungi,DG(O-4:0_18:2),DG,DG,Glycerolipids,LipidSearch,Bronze,3
A15_135355,Streptophyta,Viridiplantae,,Sterol,Sterol,Sterol lipids,MS2_diagnostic,Bronze,2
A15_87736,Streptophyta,Viridiplantae,TG(26:8_18:4)+OO:(s),TG,TG,Glycerolipids,LipidSearch,Bronze,3
A15_130366,Streptophyta,Viridiplantae,DG(P-32:1),DG,DG,Glycerolipids,LipidSearch,Bronze,3
A15_71632,Streptophyta,Viridiplantae,TG(2:0_15:2_18:2)+OO:(s),TG,TG,Glycerolipids,LipidSearch,Bronze,3
A15_71565,Streptophyta,Viridiplantae,PG(21:4_18:3),PG,PG,Glycerophospholipids,LipidSearch,Bronze,3
A15_98433,Streptophyta,Viridiplantae,DG(O-5:0_19:4),DG,DG,Glycerolipids,LipidSearch,Gold,4
A15_180571,Streptophyta,Viridiplantae,,PC/SM,PC/SM,Glycerophospholipids|Sphingolipids,MS2_diagnostic,Bronze,2
A15_15383,Streptophyta,Viridiplantae,,Terpenoid,Terpenoid,Prenol lipids,MS2_diagnostic,Bronze,2
A15_210581,Actinomycetota,Bacteria,,,,,none,Unidentified,0
A15_175968,Actinomycetota,Bacteria,,,,,none,Unidentified,0
A15_197963,Actinomycetota,Bacteria,,,,,none,Unidentified,0
A15_42731,Mucoromycota,Fungi,,,,,none,Unidentified,0
A15_39651,Mucoromycota,Fungi,,,,,none,Unidentified,0
A15_43771,Mucoromycota,Fungi,,,,,none,Unidentified,0
A15_108179,Basidiomycota,Fungi,,,,,none,Unidentified,0
A15_202113,Streptophyta,Viridiplantae,,Terpenoid,Terpenoid,Prenol lipids,MS2_diagnostic,Bronze,2
A15_112729,Streptophyta,Viridiplantae,,Terpenoid,Terpenoid,Prenol lipids,MS2_diagnostic,Bronze,2
A15_193019,Streptophyta,Viridiplantae,,,,,none,Unidentified,0
A15_193762,Actinomycetota,Bacteria,PE(O-28:6_16:0),PE,PE,Glycerophospholipids,LipidSearch,Bronze,3
A15_139776,Streptophyta,Viridiplantae,DGDG(18:2_20:4),DGDG,DGDG,Glycerolipids,LipidSearch,Gold,4
A15_127417,Ascomycota,Fungi,PS(34:3),PS,PS,Glycerophospholipids,LipidSearch,Bronze,3
A15_195470,Actinomycetota,Bacteria,,,,,none,Unidentified,0
A15_189755,Actinomycetota,Bacteria,PC(O-24:3_15:0),PC,PC,Glycerophospholipids,LipidSearch,Bronze,3
A15_6113,Streptophyta,Viridiplantae,TG(19:3_4:0),TG,TG,Glycerolipids,LipidSearch,Bronze,3
A15_185755,Streptophyta,Viridiplantae,PC(42:5),PC,PC,Glycerophospholipids,LipidSearch,Bronze,3
A15_144748,Streptophyta,Viridiplantae,PA(16:0_18:3),PA,PA,Glycerophospholipids,LipidSearch,Gold,4
A15_120145,Streptophyta,Viridiplantae,PG(P-18:4_19:0),PG,PG,Glycerophospholipids,LipidSearch,Bronze,3
A15_172569,Streptophyta,Viridiplantae,,,,,none,Unidentified,0
A15_75565,Bacillota,Bacteria,MG(O-27:8),MG,MG,Glycerolipids,LipidSearch,Bronze,3
A15_45339,Streptophyta,Viridiplantae,,,,,none,Unidentified,0
A15_90661,Streptophyta,Viridiplantae,DG(14:1_18:2),DG,DG,Glycerolipids,LipidSearch,Gold,4
A15_114223,Bacillota,Bacteria,WE(O-31:3),WE,WE,Fatty acyls,LipidSearch,Bronze,3
A15_116091,Bacillota,Bacteria,WE(O-31:3),WE,WE,Fatty acyls,LipidSearch,Bronze,3
A15_172826,Streptophyta,Viridiplantae,,,,,none,Unidentified,0
A15_143935,Streptophyta,Viridiplantae,TG(21:0_16:2)+O:(s),TG,TG,Glycerolipids,LipidSearch,Bronze,3
A15_61259,Streptophyta,Viridiplantae,,Terpenoid,Terpenoid,Prenol lipids,MS2_diagnostic,Bronze,2
A15_158333,Streptophyta,Viridiplantae,PI(20:4_18:0),PI,PI,Glycerophospholipids,LipidSearch,Gold,4
A15_158497,Streptophyta,Viridiplantae,PI(20:4_18:0),PI,PI,Glycerophospholipids,LipidSearch,Gold,4
A15_156267,Streptophyta,Viridiplantae,PI(20:4_18:0),PI,PI,Glycerophospholipids,LipidSearch,Gold,4
A15_12958,Pseudomonadota,Bacteria,,,,,none,Unidentified,0
A15_94537,Streptophyta,Viridiplantae,DG(O-26:5),DG,DG,Glycerolipids,LipidSearch,Bronze,3
A15_135142,Streptophyta,Viridiplantae,PI(16:0_15:0),PI,PI,Glycerophospholipids,LipidSearch,Gold,4
A15_145256,Streptophyta,Viridiplantae,,Terpenoid,Terpenoid,Prenol lipids,MS2_diagnostic,Bronze,2
A15_211473,Pseudomonadota,Bacteria,PC(O-37:2),PC,PC,Glycerophospholipids,LipidSearch,Bronze,3
A15_174013,Streptophyta,Viridiplantae,TG(16:2_16:3_18:3)+O:(s),TG,TG,Glycerolipids,LipidSearch,Bronze,3
A15_122518,Streptophyta,Viridiplantae,TG(3:0_15:0_13:1),TG,TG,Glycerolipids,LipidSearch,Bronze,3
A15_147139,Streptophyta,Viridiplantae,DG(16:1_18:3),DG,DG,Glycerolipids,LipidSearch,Gold,4
A15_49218,Streptophyta,Viridiplantae,,,,,none,Unidentified,0
A15_98971,Streptophyta,Viridiplantae,,,,,none,Unidentified,0
A15_103181,Streptophyta,Viridiplantae,TG(16:2_18:2),TG,TG,Glycerolipids,LipidSearch,Bronze,3
A15_27302,Methanobacteriota,Archaea,"e,e-carotene-3,3'-dione",Archaeal_Lipid,Archaeal_Lipid,Archaeal lipids,ArchLips,Gold,4
A15_23429,Pseudomonadota,Bacteria,LPE(16:0),LPE,LPE,Glycerophospholipids,LipidSearch,Gold,4
A15_21006,Pseudomonadota,Bacteria,LPE(16:0),LPE,LPE,Glycerophospholipids,LipidSearch,Gold,4
A15_24881,Pseudomonadota,Bacteria,LPE(16:0),LPE,LPE,Glycerophospholipids,LipidSearch,Gold,4
A15_26175,Pseudomonadota,Bacteria,LPE(16:0),LPE,LPE,Glycerophospholipids,LipidSearch,Gold,4
A15_27010,Pseudomonadota,Bacteria,LPE(16:0),LPE,LPE,Glycerophospholipids,LipidSearch,Gold,4
A15_160280,Streptophyta,Viridiplantae,,PC/SM,PC/SM,Glycerophospholipids|Sphingolipids,MS2_diagnostic,Bronze,2
A15_158690,Pseudomonadota,Bacteria,MGDG(16:0_18:3),MGDG,MGDG,Glycerolipids,LipidSearch,Bronze,3
A15_156753,Pseudomonadota,Bacteria,MGDG(16:0_18:3),MGDG,MGDG,Glycerolipids,LipidSearch,Bronze,3
A15_181384,Streptophyta,Viridiplantae,TG(O-25:1_24:8),TG,TG,Glycerolipids,LipidSearch,Bronze,3
A15_84990,Streptophyta,Viridiplantae,,,,,none,Unidentified,0
A15_174893,Bacillota,Bacteria,PC(30:0),PC,PC,Glycerophospholipids,LipidSearch,Bronze,3
A15_15950,Streptophyta,Viridiplantae,,,,,none,Unidentified,0
A15_95501,Streptophyta,Viridiplantae,,,,,none,Unidentified,0
A15_75152,Streptophyta,Viridiplantae,PG(P-23:7_16:2),PG,PG,Glycerophospholipids,LipidSearch,Bronze,3
A15_171667,Streptophyta,Viridiplantae,DGDG(18:1_18:1),DGDG,DGDG,Glycerolipids,LipidSearch,Gold,4
A15_175453,Streptophyta,Viridiplantae,DGDG(18:1_18:1),DGDG,DGDG,Glycerolipids,LipidSearch,Gold,4
A15_167995,Streptophyta,Viridiplantae,DGDG(18:1_18:1),DGDG,DGDG,Glycerolipids,LipidSearch,Gold,4
A15_166924,Streptophyta,Viridiplantae,DGDG(18:1_18:1),DGDG,DGDG,Glycerolipids,LipidSearch,Gold,4
A15_134202,Ascomycota,Fungi,,,,,none,Unidentified,0
A15_132038,Ascomycota,Fungi,,,,,none,Unidentified,0
A15_187432,Actinomycetota,Bacteria,,,,,none,Unidentified,0
A15_195030,Actinomycetota,Bacteria,MePC(36:2),MePC,MePC,Glycerophospholipids,LipidSearch,Bronze,3
A15_90231,Streptophyta,Viridiplantae,MG(O-26:6),MG,MG,Glycerolipids,LipidSearch,Bronze,3
A15_91983,Streptophyta,Viridiplantae,PS(15:1_16:0),PS,PS,Glycerophospholipids,LipidSearch,Bronze,3
A15_99614,Streptophyta,Viridiplantae,,Terpenoid,Terpenoid,Prenol lipids,MS2_diagnostic,Bronze,2
A15_80195,Streptophyta,Viridiplantae,,Terpenoid,Terpenoid,Prenol lipids,MS2_diagnostic,Bronze,2
A15_7252,Streptophyta,Viridiplantae,,PS,PS,Glycerophospholipids,MS2_diagnostic,Bronze,2
A15_122126,Streptophyta,Viridiplantae,,,,,none,Unidentified,0
A15_140956,Streptophyta,Viridiplantae,DG(P-18:4_16:0),DG,DG,Glycerolipids,LipidSearch,Bronze,3
A15_174950,Actinomycetota,Bacteria,DG(O-14:1_22:2),DG,DG,Glycerolipids,LipidSearch,Bronze,3
A15_175976,Actinomycetota,Bacteria,DG(P-15:2_21:0),DG,DG,Glycerolipids,LipidSearch,Bronze,3
A15_173038,Actinomycetota,Bacteria,DG(O-14:1_22:2),DG,DG,Glycerolipids,LipidSearch,Bronze,3
A15_103477,Basidiomycota,Fungi,DG(15:0_18:3),DG,DG,Glycerolipids,LipidSearch,Bronze,3
A15_105296,Basidiomycota,Fungi,DG(15:0_18:3),DG,DG,Glycerolipids,LipidSearch,Bronze,3
A15_114084,Bacillota,Bacteria,TG(21:3_15:2)+O:(s),TG,TG,Glycerolipids,LipidSearch,Bronze,3
A15_146641,Basidiomycota,Fungi,Cer(d18:2_16:0),Cer,Cer,Sphingolipids,LipidSearch,Bronze,3
A15_108495,Streptophyta,Viridiplantae,,,,,none,Unidentified,0
A15_75542,Streptophyta,Viridiplantae,,,,,none,Unidentified,0
A15_205653,Bacillota,Bacteria,,,,,none,Unidentified,0
A15_138113,Streptophyta,Viridiplantae,,Terpenoid,Terpenoid,Prenol lipids,MS2_diagnostic,Bronze,2
A15_66664,Streptophyta,Viridiplantae,,PC/SM,PC/SM,Glycerophospholipids|Sphingolipids,MS2_diagnostic,Bronze,2
A15_104435,Streptophyta,Viridiplantae,,,,,none,Unidentified,0
A15_183968,Actinomycetota,Bacteria,,,,,none,Unidentified,0
A15_88563,Streptophyta,Viridiplantae,MG(O-25:6),MG,MG,Glycerolipids,LipidSearch,Bronze,3
A15_177406,Basidiomycota,Fungi,,,,,none,Unidentified,0
A15_182039,Basidiomycota,Fungi,,,,,none,Unidentified,0
A15_133513,Actinomycetota,Bacteria,PC(40:9),PC,PC,Glycerophospholipids,LipidSearch,Bronze,3
A15_174128,Streptophyta,Viridiplantae,,,,,none,Unidentified,0
A15_90786,Streptophyta,Viridiplantae,TG(16:2_18:2)+OO:(s),TG,TG,Glycerolipids,LipidSearch,Bronze,3
A15_146059,Streptophyta,Viridiplantae,DG(P-18:4_16:0),DG,DG,Glycerolipids,LipidSearch,Bronze,3
A15_84379,Streptophyta,Viridiplantae,DG(16:3_18:4),DG,DG,Glycerolipids,LipidSearch,Gold,4
A15_164762,Ascomycota,Fungi,,,,,none,Unidentified,0
A15_92108,Streptophyta,Viridiplantae,TG(3:0_15:2_16:2),TG,TG,Glycerolipids,LipidSearch,Gold,4
A15_100890,Streptophyta,Viridiplantae,,Terpenoid,Terpenoid,Prenol lipids,MS2_diagnostic,Bronze,2
A15_165770,Bacillota,Bacteria,PE(18:1_15:0),PE,PE,Glycerophospholipids,LipidSearch,Gold,4
A15_143775,Streptophyta,Viridiplantae,,,,,none,Unidentified,0
A15_58501,Streptophyta,Viridiplantae,,,,,none,Unidentified,0
A15_7381,Streptophyta,Viridiplantae,DG(17:3_2:0),DG,DG,Glycerolipids,LipidSearch,Bronze,3
A15_175899,Streptophyta,Viridiplantae,TG(6:0_18:1_18:2)+O:(s),TG,TG,Glycerolipids,LipidSearch,Gold,4
A15_203505,Discosea,Protists,,,,,none,Unidentified,0
A15_61480,Streptophyta,Viridiplantae,,Terpenoid,Terpenoid,Prenol lipids,MS2_diagnostic,Bronze,2
A15_70453,Streptophyta,Viridiplantae,,PC/SM,PC/SM,Glycerophospholipids|Sphingolipids,MS2_diagnostic,Bronze,2
A15_200588,Actinomycetota,Bacteria,MePC(36:2),MePC,MePC,Glycerophospholipids,LipidSearch,Bronze,3
A15_202771,Actinomycetota,Bacteria,MePC(36:2),MePC,MePC,Glycerophospholipids,LipidSearch,Bronze,3
A15_164171,Ascomycota,Fungi,Hex1Cer(d18:2_19:2),Hex1Cer,HexCer,Sphingolipids,LipidSearch,Gold,4
A15_179860,Streptophyta,Viridiplantae,,PC/SM,PC/SM,Glycerophospholipids|Sphingolipids,MS2_diagnostic,Bronze,2
A15_11967,Bacillota,Bacteria,WE(O-18:1),WE,WE,Fatty acyls,LipidSearch,Bronze,3
A15_123200,Streptophyta,Viridiplantae,TG(9:0_9:0_18:3)+O:(s),TG,TG,Glycerolipids,LipidSearch,Gold,4
A15_161235,Bacillota,Bacteria,DG(O-15:2_15:0),DG,DG,Glycerolipids,LipidSearch,Bronze,3
A15_142035,Streptophyta,Viridiplantae,DG(18:2_18:4),DG,DG,Glycerolipids,LipidSearch,Gold,4
A15_26337,Bacillota,Bacteria,SPH(d20:0),SPH,SPB,Sphingolipids,LipidSearch,Bronze,3
A15_24883,Bacillota,Bacteria,SPH(d20:0),SPH,SPB,Sphingolipids,LipidSearch,Bronze,3
A15_92500,Streptophyta,Viridiplantae,WE(O-27:3),WE,WE,Fatty acyls,LipidSearch,Bronze,3
A15_94068,Streptophyta,Viridiplantae,WE(O-27:3),WE,WE,Fatty acyls,LipidSearch,Bronze,3
A15_143413,Streptophyta,Viridiplantae,,,,,none,Unidentified,0
A15_187064,Actinomycetota,Bacteria,,,,,none,Unidentified,0
A15_188404,Actinomycetota,Bacteria,,,,,none,Unidentified,0
A15_184611,Actinomycetota,Bacteria,,,,,none,Unidentified,0
A15_140878,Streptophyta,Viridiplantae,TG(4:0_18:2_18:3)+O:(s),TG,TG,Glycerolipids,LipidSearch,Bronze,3
A15_185112,Actinomycetota,Bacteria,TG(39:3_5:0)+O:(s),TG,TG,Glycerolipids,LipidSearch,Bronze,3
A15_84660,Streptophyta,Viridiplantae,,,,,none,Unidentified,0
A15_183324,Streptophyta,Viridiplantae,,,,,none,Unidentified,0
A15_161495,Streptophyta,Viridiplantae,PI(20:4_18:0),PI,PI,Glycerophospholipids,LipidSearch,Gold,4
A15_136326,Bacillota,Bacteria,DG(O-13:0_17:2),DG,DG,Glycerolipids,LipidSearch,Bronze,3
A15_117423,Streptophyta,Viridiplantae,,,,,none,Unidentified,0
A15_102766,Basidiomycota,Fungi,PG(18:2_15:0),PG,PG,Glycerophospholipids,LipidSearch,Gold,4
A15_8421,Streptophyta,Viridiplantae,,Terpenoid,Terpenoid,Prenol lipids,MS2_diagnostic,Bronze,2
A15_68420,Streptophyta,Viridiplantae,PG(21:4_18:3),PG,PG,Glycerophospholipids,LipidSearch,Bronze,3
A15_158406,Pseudomonadota,Bacteria,PG(17:3_16:0),PG,PG,Glycerophospholipids,LipidSearch,Gold,4
A15_181731,Bacillota,Bacteria,DG(15:0_15:0),DG,DG,Glycerolipids,LipidSearch,Gold,4
A15_104301,Streptophyta,Viridiplantae,,,,,none,Unidentified,0
A15_182139,Ascomycota,Fungi,,,,,none,Unidentified,0
A15_169554,Streptophyta,Viridiplantae,,SM,SM,Sphingolipids,MS2_diagnostic,Bronze,2
A15_152880,Streptophyta,Viridiplantae,,,,,none,Unidentified,0
A15_149865,Streptophyta,Viridiplantae,,PC/SM,PC/SM,Glycerophospholipids|Sphingolipids,MS2_diagnostic,Bronze,2
A15_154595,Streptophyta,Viridiplantae,,,,,none,Unidentified,0
A15_37828,Streptophyta,Viridiplantae,,,,,none,Unidentified,0
A15_116401,Streptophyta,Viridiplantae,PI(20:4_18:3),PI,PI,Glycerophospholipids,LipidSearch,Gold,4
A15_153503,Streptophyta,Viridiplantae,DG(P-18:4_16:0),DG,DG,Glycerolipids,LipidSearch,Bronze,3
A15_11361,Streptophyta,Viridiplantae,,,,,none,Unidentified,0
A15_61682,Basidiomycota,Fungi,,,,,none,Unidentified,0
A15_61893,Streptophyta,Viridiplantae,,Glycolipid,Glycolipid,Glycerolipids,MS2_diagnostic,Bronze,2
A15_166044,Streptophyta,Viridiplantae,TG(18:3_18:3_18:3)+OO:(s),TG,TG,Glycerolipids,LipidSearch,Gold,4
A15_90663,Streptophyta,Viridiplantae,,,,,none,Unidentified,0
A15_52231,Streptophyta,Viridiplantae,,,,,none,Unidentified,0
A15_155109,Streptophyta,Viridiplantae,PI(18:1_18:1),PI,PI,Glycerophospholipids,LipidSearch,Gold,4
A15_109224,Streptophyta,Viridiplantae,,,,,none,Unidentified,0
A15_10122,Streptophyta,Viridiplantae,,PI,PI,Glycerophospholipids,MS2_diagnostic,Bronze,2
A15_160430,Bacillota,Bacteria,DG(O-13:0_17:2),DG,DG,Glycerolipids,LipidSearch,Bronze,3
A15_184949,Actinomycetota,Bacteria,,,,,none,Unidentified,0
A15_121764,Streptophyta,Viridiplantae,TG(9:0_9:0_18:3)+O:(s),TG,TG,Glycerolipids,LipidSearch,Gold,4
A15_202877,Streptophyta,Viridiplantae,,,,,none,Unidentified,0
A15_171905,Bacillota,Bacteria,PE(P-16:0_18:2),PE,PE,Glycerophospholipids,LipidSearch,Gold,4
A15_173657,Bacillota,Bacteria,PE(P-16:0_18:2),PE,PE,Glycerophospholipids,LipidSearch,Gold,4
A15_171977,Actinomycetota,Bacteria,TG(O-5:0_17:1_10:0),TG,TG,Glycerolipids,LipidSearch,Gold,4
A15_125655,Bacillota,Bacteria,,,,,none,Unidentified,0
A15_54232,Streptophyta,Viridiplantae,,,,,none,Unidentified,0
A15_87575,Streptophyta,Viridiplantae,,PC/SM,PC/SM,Glycerophospholipids|Sphingolipids,MS2_diagnostic,Bronze,2
A15_144760,Streptophyta,Viridiplantae,,,,,none,Unidentified,0
A15_138668,Streptophyta,Viridiplantae,,Terpenoid,Terpenoid,Prenol lipids,MS2_diagnostic,Bronze,2
A15_36059,Streptophyta,Viridiplantae,,Terpenoid,Terpenoid,Prenol lipids,MS2_diagnostic,Bronze,2
A15_147105,Streptophyta,Viridiplantae,DG(P-15:2_21:4),DG,DG,Glycerolipids,LipidSearch,Bronze,3
A15_145400,Streptophyta,Viridiplantae,DG(P-15:2_21:4),DG,DG,Glycerolipids,LipidSearch,Bronze,3
A15_100981,Streptophyta,Viridiplantae,PC(24:8_20:6),PC,PC,Glycerophospholipids,LipidSearch,Bronze,3
A15_103510,Streptophyta,Viridiplantae,TG(P-17:2_20:6),TG,TG,Glycerolipids,LipidSearch,Bronze,3
A15_124782,Streptophyta,Viridiplantae,DG(16:2_18:3),DG,DG,Glycerolipids,LipidSearch,Gold,4
A15_180424,Actinomycetota,Bacteria,TG(3:0_16:0_21:0)+OO:(s),TG,TG,Glycerolipids,LipidSearch,Bronze,3
A15_152937,Actinomycetota,Bacteria,DGDG(15:0_16:0),DGDG,DGDG,Glycerolipids,LipidSearch,Gold,4
A15_151362,Actinomycetota,Bacteria,DGDG(15:0_16:0),DGDG,DGDG,Glycerolipids,LipidSearch,Gold,4
A15_14341,Basidiomycota,Fungi,,,,,none,Unidentified,0
A15_16316,Basidiomycota,Fungi,,,,,none,Unidentified,0
A15_18090,Basidiomycota,Fungi,,,,,none,Unidentified,0
A15_79153,Streptophyta,Viridiplantae,,,,,none,Unidentified,0
A15_226503,Bacillota,Bacteria,TG(18:0_16:0_16:0),TG,TG,Glycerolipids,LipidSearch,Bronze,3
A15_225879,Bacillota,Bacteria,TG(18:0_16:0_16:0),TG,TG,Glycerolipids,LipidSearch,Bronze,3
A15_166745,Streptophyta,Viridiplantae,DGDG(16:0_18:1),DGDG,DGDG,Glycerolipids,LipidSearch,Gold,4
A15_173237,Streptophyta,Viridiplantae,PI(26:5_16:0),PI,PI,Glycerophospholipids,LipidSearch,Bronze,3
A15_168736,Streptophyta,Viridiplantae,PI(26:5_16:0),PI,PI,Glycerophospholipids,LipidSearch,Bronze,3
A15_170277,Streptophyta,Viridiplantae,PI(26:5_16:0),PI,PI,Glycerophospholipids,LipidSearch,Bronze,3
A15_171572,Streptophyta,Viridiplantae,PI(26:5_16:0),PI,PI,Glycerophospholipids,LipidSearch,Bronze,3
A15_54730,Discosea,Protists,LPE(18:0),LPE,LPE,Glycerophospholipids,LipidSearch,Gold,4
A15_160107,Streptophyta,Viridiplantae,PI(20:4_18:0),PI,PI,Glycerophospholipids,LipidSearch,Gold,4
A15_148111,Basidiomycota,Fungi,PS(17:1_18:1),PS,PS,Glycerophospholipids,LipidSearch,Gold,4
A15_104407,Streptophyta,Viridiplantae,,,,,none,Unidentified,0
A15_20529,Streptophyta,Viridiplantae,,PC/SM,PC/SM,Glycerophospholipids|Sphingolipids,MS2_diagnostic,Bronze,2
A15_16898,Streptophyta,Viridiplantae,LPC(20:4),LPC,LPC,Glycerophospholipids,LipidSearch,Bronze,3
A15_117605,Streptophyta,Viridiplantae,DG(P-18:4_16:1),DG,DG,Glycerolipids,LipidSearch,Bronze,3
A15_156349,Streptophyta,Viridiplantae,,,,,none,Unidentified,0
A15_115817,Streptophyta,Viridiplantae,TG(9:0_28:4)+O:(s),TG,TG,Glycerolipids,LipidSearch,Bronze,3
A15_108351,Streptophyta,Viridiplantae,,PC/SM,PC/SM,Glycerophospholipids|Sphingolipids,MS2_diagnostic,Bronze,2
A15_156489,Actinomycetota,Bacteria,DGDG(15:0_16:0),DGDG,DGDG,Glycerolipids,LipidSearch,Gold,4
A15_154934,Actinomycetota,Bacteria,DGDG(15:0_16:0),DGDG,DGDG,Glycerolipids,LipidSearch,Gold,4
A15_103199,Streptophyta,Viridiplantae,,PC/SM,PC/SM,Glycerophospholipids|Sphingolipids,MS2_diagnostic,Bronze,2
A15_48404,Streptophyta,Viridiplantae,,,,,none,Unidentified,0
A15_170646,Pseudomonadota,Bacteria,DG(O-19:3_17:1),DG,DG,Glycerolipids,LipidSearch,Bronze,3
A15_173898,Pseudomonadota,Bacteria,DG(P-15:2_21:1),DG,DG,Glycerolipids,LipidSearch,Bronze,3
A15_104171,Streptophyta,Viridiplantae,MG(O-26:6),MG,MG,Glycerolipids,LipidSearch,Bronze,3
A15_203692,Bacillota,Bacteria,,,,,none,Unidentified,0
A15_142007,Actinomycetota,Bacteria,DG(O-11:0_19:0),DG,DG,Glycerolipids,LipidSearch,Bronze,3
A15_143974,Streptophyta,Viridiplantae,DGDG(18:2_18:2),DGDG,DGDG,Glycerolipids,LipidSearch,Gold,4
A15_225355,Streptophyta,Viridiplantae,,,,,none,Unidentified,0
A15_74944,Streptophyta,Viridiplantae,PG(21:4_18:3),PG,PG,Glycerophospholipids,LipidSearch,Bronze,3
A15_119592,Streptophyta,Viridiplantae,,Terpenoid,Terpenoid,Prenol lipids,MS2_diagnostic,Bronze,2
A15_185979,Actinomycetota,Bacteria,PC(O-36:4),PC,PC,Glycerophospholipids,LipidSearch,Bronze,3
A15_198891,Streptophyta,Viridiplantae,,,,,none,Unidentified,0
A15_104560,Streptophyta,Viridiplantae,,Terpenoid,Terpenoid,Prenol lipids,MS2_diagnostic,Bronze,2
A15_187879,Actinomycetota,Bacteria,PE(O-23:6_21:0),PE,PE,Glycerophospholipids,LipidSearch,Bronze,3
A15_186470,Actinomycetota,Bacteria,PE(O-23:6_21:0),PE,PE,Glycerophospholipids,LipidSearch,Bronze,3
A15_101800,Streptophyta,Viridiplantae,MG(O-25:6),MG,MG,Glycerolipids,LipidSearch,Bronze,3
A15_124920,Streptophyta,Viridiplantae,MGDG(18:3_18:3),MGDG,MGDG,Glycerolipids,LipidSearch,Gold,4
A15_179119,Streptophyta,Viridiplantae,TG(25:2_16:1)+O:(s),TG,TG,Glycerolipids,LipidSearch,Bronze,3
A15_224113,Bacillota,Bacteria,,,,,none,Unidentified,0
A15_59646,Streptophyta,Viridiplantae,,PC/SM,PC/SM,Glycerophospholipids|Sphingolipids,MS2_diagnostic,Bronze,2
A15_179976,Ascomycota,Fungi,Cer(d18:2_18:0),Cer,Cer,Sphingolipids,LipidSearch,Bronze,3
A15_179264,Ascomycota,Fungi,Cer(d18:2_18:0),Cer,Cer,Sphingolipids,LipidSearch,Bronze,3
A15_9648,Streptophyta,Viridiplantae,TG(15:2_4:0_4:0),TG,TG,Glycerolipids,LipidSearch,Bronze,3
A15_195752,Streptophyta,Viridiplantae,PI(22:5_18:3),PI,PI,Glycerophospholipids,LipidSearch,Bronze,3
A15_121131,Bacillota,Bacteria,DG(O-5:0_22:0),DG,DG,Glycerolipids,LipidSearch,Bronze,3
A15_114025,Streptophyta,Viridiplantae,,,,,none,Unidentified,0
A15_167603,Streptophyta,Viridiplantae,TG(23:1_18:2)+O:(s),TG,TG,Glycerolipids,LipidSearch,Bronze,3
A15_124518,Bacillota,Bacteria,PG(O-14:2_16:1),PG,PG,Glycerophospholipids,LipidSearch,Bronze,3
A15_51712,Streptophyta,Viridiplantae,,PC/SM,PC/SM,Glycerophospholipids|Sphingolipids,MS2_diagnostic,Bronze,2
A15_207009,Streptophyta,Viridiplantae,,,,,none,Unidentified,0
A15_153757,Streptophyta,Viridiplantae,,,,,none,Unidentified,0
A15_103327,Streptophyta,Viridiplantae,,,,,none,Unidentified,0
A15_144351,Streptophyta,Viridiplantae,,,,,none,Unidentified,0
A15_104493,Streptophyta,Viridiplantae,,,,,none,Unidentified,0
A15_142661,Streptophyta,Viridiplantae,PC(37:4),PC,PC,Glycerophospholipids,LipidSearch,Bronze,3
A15_212116,Streptophyta,Viridiplantae,,,,,none,Unidentified,0
A15_166712,Streptophyta,Viridiplantae,DGDG(16:0_18:1),DGDG,DGDG,Glycerolipids,LipidSearch,Gold,4
A15_190423,Actinomycetota,Bacteria,TG(O-45:14_8:0),TG,TG,Glycerolipids,LipidSearch,Bronze,3
A15_116191,Streptophyta,Viridiplantae,DG(15:2_18:2),DG,DG,Glycerolipids,LipidSearch,Gold,4
A15_143875,Streptophyta,Viridiplantae,,PC/SM,PC/SM,Glycerophospholipids|Sphingolipids,MS2_diagnostic,Bronze,2
A15_48171,Streptophyta,Viridiplantae,,,,,none,Unidentified,0
A15_203584,Streptophyta,Viridiplantae,TG(34:2_18:3)+OO:(s),TG,TG,Glycerolipids,LipidSearch,Gold,4
A15_84806,Streptophyta,Viridiplantae,TG(27:8_4:0_5:0),TG,TG,Glycerolipids,LipidSearch,Bronze,3
A15_10568,Basidiomycota,Fungi,PI(O-5:0_17:1),PI,PI,Glycerophospholipids,LipidSearch,Bronze,3
A15_178647,Streptophyta,Viridiplantae,,,,,none,Unidentified,0
A15_96956,Streptophyta,Viridiplantae,TG(18:3_16:0)+OO:(s),TG,TG,Glycerolipids,LipidSearch,Gold,4
A15_159961,Streptophyta,Viridiplantae,,,,,none,Unidentified,0
A15_121850,Streptophyta,Viridiplantae,,,,,none,Unidentified,0
A15_122951,Streptophyta,Viridiplantae,,,,,none,Unidentified,0
A15_6912,Streptophyta,Viridiplantae,,Ceramide,Ceramide,Sphingolipids,MS2_diagnostic,Bronze,2
A15_19230,Methanobacteriota,Archaea,,,,,none,Unidentified,0
A15_20380,Methanobacteriota,Archaea,,,,,none,Unidentified,0
A15_223868,Streptophyta,Viridiplantae,,Sterol,Sterol,Sterol lipids,MS2_diagnostic,Bronze,2
A15_123338,Streptophyta,Viridiplantae,,Terpenoid,Terpenoid,Prenol lipids,MS2_diagnostic,Bronze,2
A15_146861,Streptophyta,Viridiplantae,PG(16:0_18:2),PG,PG,Glycerophospholipids,LipidSearch,Gold,4
A15_58323,Streptophyta,Viridiplantae,,,,,none,Unidentified,0
A15_143508,Bacillota,Bacteria,MGDG(16:2_18:2),MGDG,MGDG,Glycerolipids,LipidSearch,Gold,4
A15_141882,Bacillota,Bacteria,MGDG(16:2_18:2),MGDG,MGDG,Glycerolipids,LipidSearch,Gold,4
A15_66220,Pseudomonadota,Bacteria,,,,,none,Unidentified,0
A15_140050,Bacillota,Bacteria,PG(17:3_15:0),PG,PG,Glycerophospholipids,LipidSearch,Bronze,3
A15_142152,Streptophyta,Viridiplantae,PG(16:0_18:3),PG,PG,Glycerophospholipids,LipidSearch,Gold,4
A15_170851,Streptophyta,Viridiplantae,,Sterol,Sterol,Sterol lipids,MS2_diagnostic,Bronze,2
A15_130975,Bacillota,Bacteria,,,,,none,Unidentified,0
A15_93922,Streptophyta,Viridiplantae,PC(42:12),PC,PC,Glycerophospholipids,LipidSearch,Bronze,3
A15_57144,Streptophyta,Viridiplantae,,,,,none,Unidentified,0
A15_56537,Streptophyta,Viridiplantae,,,,,none,Unidentified,0
A15_208062,Streptophyta,Viridiplantae,,Sterol,Sterol,Sterol lipids,MS2_diagnostic,Bronze,2
A15_33482,Streptophyta,Viridiplantae,TG(7:0_28:7),TG,TG,Glycerolipids,LipidSearch,Bronze,3
A15_170216,Bacillota,Bacteria,,,,,none,Unidentified,0
A15_14800,Streptophyta,Viridiplantae,,Terpenoid,Terpenoid,Prenol lipids,MS2_diagnostic,Bronze,2
A15_4887,Streptophyta,Viridiplantae,,Terpenoid,Terpenoid,Prenol lipids,MS2_diagnostic,Bronze,2
A15_131193,Streptophyta,Viridiplantae,MGDG(18:3_18:3),MGDG,MGDG,Glycerolipids,LipidSearch,Gold,4
A15_124565,Ascomycota,Fungi,,,,,none,Unidentified,0
A15_221185,Streptophyta,Viridiplantae,WE(O-27:5_18:2),WE,WE,Fatty acyls,LipidSearch,Bronze,3
A15_7144,Streptophyta,Viridiplantae,,Terpenoid,Terpenoid,Prenol lipids,MS2_diagnostic,Bronze,2
A15_51194,Streptophyta,Viridiplantae,,,,,none,Unidentified,0
A15_155260,Heterolobosea,Protists,,PC/SM,PC/SM,Glycerophospholipids|Sphingolipids,MS2_diagnostic,Bronze,2
A15_124026,Streptophyta,Viridiplantae,,,,,none,Unidentified,0
A15_180568,Streptophyta,Viridiplantae,,,,,none,Unidentified,0
A15_179548,Streptophyta,Viridiplantae,,,,,none,Unidentified,0
A15_138180,Streptophyta,Viridiplantae,MGDG(15:0_18:2),MGDG,MGDG,Glycerolipids,LipidSearch,Gold,4
A15_145991,Pseudomonadota,Bacteria,,,,,none,Unidentified,0
A15_27692,Streptophyta,Viridiplantae,DG(20:5_14:0),DG,DG,Glycerolipids,LipidSearch,Bronze,3
A15_73073,Streptophyta,Viridiplantae,DG(18:3_18:4),DG,DG,Glycerolipids,LipidSearch,Gold,4
A15_99133,Streptophyta,Viridiplantae,DG(O-15:2_17:3),DG,DG,Glycerolipids,LipidSearch,Bronze,3
A15_65594,Streptophyta,Viridiplantae,,PC/SM,PC/SM,Glycerophospholipids|Sphingolipids,MS2_diagnostic,Bronze,2
A15_104329,Basidiomycota,Fungi,DG(15:2_18:2),DG,DG,Glycerolipids,LipidSearch,Bronze,3
A15_134795,Streptophyta,Viridiplantae,DGDG(17:1_18:3),DGDG,DGDG,Glycerolipids,LipidSearch,Gold,4
A15_111572,Streptophyta,Viridiplantae,,PC/SM,PC/SM,Glycerophospholipids|Sphingolipids,MS2_diagnostic,Bronze,2
A15_182012,Bacillota,Bacteria,,,,,none,Unidentified,0
A15_183409,Bacillota,Bacteria,,,,,none,Unidentified,0
A15_179011,Streptophyta,Viridiplantae,TG(11:0_18:3_18:3)+O:(s),TG,TG,Glycerolipids,LipidSearch,Bronze,3
A15_181358,Streptophyta,Viridiplantae,TG(11:0_18:3_18:3)+O:(s),TG,TG,Glycerolipids,LipidSearch,Bronze,3
A15_177583,Streptophyta,Viridiplantae,TG(11:0_18:3_18:3)+O:(s),TG,TG,Glycerolipids,LipidSearch,Bronze,3
A15_180335,Streptophyta,Viridiplantae,TG(11:0_18:3_18:3)+O:(s),TG,TG,Glycerolipids,LipidSearch,Bronze,3
A15_111637,Streptophyta,Viridiplantae,,SM,SM,Sphingolipids,MS2_diagnostic,Bronze,2
A15_47196,Streptophyta,Viridiplantae,,,,,none,Unidentified,0
A15_213324,Streptophyta,Viridiplantae,,,,,none,Unidentified,0
A15_180050,Streptophyta,Viridiplantae,,,,,none,Unidentified,0
A15_134277,Streptophyta,Viridiplantae,DG(18:2_18:4),DG,DG,Glycerolipids,LipidSearch,Gold,4
A15_141948,Streptophyta,Viridiplantae,DG(P-15:2_19:2),DG,DG,Glycerolipids,LipidSearch,Bronze,3
A15_19874,Streptophyta,Viridiplantae,DG(36:8),DG,DG,Glycerolipids,LipidSearch,Bronze,3
A15_17399,Streptophyta,Viridiplantae,TG(5:0_20:4),TG,TG,Glycerolipids,LipidSearch,Bronze,3
A15_12512,Methanobacteriota,Archaea,TG(25:1)+OO:(s),TG,TG,Glycerolipids,LipidSearch,Bronze,3
A15_11014,Methanobacteriota,Archaea,TG(25:1)+OO:(s),TG,TG,Glycerolipids,LipidSearch,Bronze,3
A15_116252,Streptophyta,Viridiplantae,PC(14:0_18:2),PC,PC,Glycerophospholipids,LipidSearch,Gold,4
A15_80923,Basidiomycota,Fungi,PG(P-5:0_21:2),PG,PG,Glycerophospholipids,LipidSearch,Bronze,3
A15_141756,Basidiomycota,Fungi,DG(P-15:2_21:3),DG,DG,Glycerolipids,LipidSearch,Bronze,3
A15_139856,Basidiomycota,Fungi,DG(O-18:4_18:2),DG,DG,Glycerolipids,LipidSearch,Bronze,3
A15_53054,Streptophyta,Viridiplantae,,,,,none,Unidentified,0
A15_149106,Streptophyta,Viridiplantae,TG(5:0_16:0_16:2)+O:(s),TG,TG,Glycerolipids,LipidSearch,Bronze,3
A15_32296,Streptophyta,Viridiplantae,,Terpenoid,Terpenoid,Prenol lipids,MS2_diagnostic,Bronze,2
A15_189545,Streptophyta,Viridiplantae,,,,,none,Unidentified,0
A15_67331,Streptophyta,Viridiplantae,,,,,none,Unidentified,0
A15_153885,Pseudomonadota,Bacteria,PEt(21:1_18:1),PEt,PEt,Glycerophospholipids,LipidSearch,Bronze,3
A15_180334,Streptophyta,Viridiplantae,TG(7:0_16:1_18:2)+O:(s),TG,TG,Glycerolipids,LipidSearch,Bronze,3
A15_26723,Streptophyta,Viridiplantae,,,,,none,Unidentified,0
A15_147375,Streptophyta,Viridiplantae,PC(30:2),PC,PC,Glycerophospholipids,LipidSearch,Bronze,3
A15_154932,Streptophyta,Viridiplantae,TG(36:8_18:3),TG,TG,Glycerolipids,LipidSearch,Bronze,3
A15_158377,Ascomycota,Fungi,Hex1Cer(d36:3),Hex1Cer,HexCer,Sphingolipids,LipidSearch,Bronze,3
A15_90702,Streptophyta,Viridiplantae,TG(19:3_15:2)+O:(s),TG,TG,Glycerolipids,LipidSearch,Bronze,3
A15_189578,Actinomycetota,Bacteria,PC(O-36:4),PC,PC,Glycerophospholipids,LipidSearch,Bronze,3
A15_156709,Streptophyta,Viridiplantae,,,,,none,Unidentified,0
A15_168377,Streptophyta,Viridiplantae,,,,,none,Unidentified,0
A15_223862,Streptophyta,Viridiplantae,,Sterol,Sterol,Sterol lipids,MS2_diagnostic,Bronze,2
A15_78869,Streptophyta,Viridiplantae,,PC/SM,PC/SM,Glycerophospholipids|Sphingolipids,MS2_diagnostic,Bronze,2
A15_13587,Streptophyta,Viridiplantae,,Terpenoid,Terpenoid,Prenol lipids,MS2_diagnostic,Bronze,2
A15_19602,Streptophyta,Viridiplantae,,,,,none,Unidentified,0
A15_173334,Streptophyta,Viridiplantae,TG(18:3_16:3_16:3)+O:(s),TG,TG,Glycerolipids,LipidSearch,Gold,4
A15_62746,Streptophyta,Viridiplantae,TG(18:3_18:3)+OO:(s),TG,TG,Glycerolipids,LipidSearch,Gold,4
A15_173261,Actinomycetota,Bacteria,DG(O-15:1_16:1),DG,DG,Glycerolipids,LipidSearch,Gold,4
A15_1324,Streptophyta,Viridiplantae,,,,,none,Unidentified,0
A15_34098,Streptophyta,Viridiplantae,,,,,none,Unidentified,0
A15_180628,Actinomycetota,Bacteria,,,,,none,Unidentified,0
A15_74171,Streptophyta,Viridiplantae,,PC/SM,PC/SM,Glycerophospholipids|Sphingolipids,MS2_diagnostic,Bronze,2
A15_222947,Streptophyta,Viridiplantae,,Sterol,Sterol,Sterol lipids,MS2_diagnostic,Bronze,2
A15_109176,Streptophyta,Viridiplantae,,Terpenoid,Terpenoid,Prenol lipids,MS2_diagnostic,Bronze,2
A15_110357,Streptophyta,Viridiplantae,,Terpenoid,Terpenoid,Prenol lipids,MS2_diagnostic,Bronze,2
A15_50565,Streptophyta,Viridiplantae,,,,,none,Unidentified,0
A15_178510,Bacillota,Bacteria,PE(P-17:1_18:2),PE,PE,Glycerophospholipids,LipidSearch,Gold,4
A15_191858,Streptophyta,Viridiplantae,,,,,none,Unidentified,0
A15_204272,Streptophyta,Viridiplantae,,Sterol,Sterol,Sterol lipids,MS2_diagnostic,Bronze,2
A15_209544,Streptophyta,Viridiplantae,,,,,none,Unidentified,0
A15_170485,Streptophyta,Viridiplantae,DG(P-17:3_18:1),DG,DG,Glycerolipids,LipidSearch,Bronze,3
A15_107690,Streptophyta,Viridiplantae,,Terpenoid,Terpenoid,Prenol lipids,MS2_diagnostic,Bronze,2
A15_222150,Streptophyta,Viridiplantae,,,,,none,Unidentified,0
A15_56447,Streptophyta,Viridiplantae,TG(20:4_18:2)+OO:(s),TG,TG,Glycerolipids,LipidSearch,Bronze,3
A15_175543,Pseudomonadota,Bacteria,,,,,none,Unidentified,0
A15_172728,Pseudomonadota,Bacteria,,,,,none,Unidentified,0
A15_4061,Streptophyta,Viridiplantae,,,,,none,Unidentified,0
A15_43447,Streptophyta,Viridiplantae,,PC/SM,PC/SM,Glycerophospholipids|Sphingolipids,MS2_diagnostic,Bronze,2
A15_86287,Streptophyta,Viridiplantae,,,,,none,Unidentified,0
A15_67791,Streptophyta,Viridiplantae,,PC/SM,PC/SM,Glycerophospholipids|Sphingolipids,MS2_diagnostic,Bronze,2
A15_167494,Streptophyta,Viridiplantae,,Terpenoid,Terpenoid,Prenol lipids,MS2_diagnostic,Bronze,2
A15_99374,Basidiomycota,Fungi,,,,,none,Unidentified,0
A15_120005,Basidiomycota,Fungi,DG(15:1_18:2),DG,DG,Glycerolipids,LipidSearch,Bronze,3
A15_79767,Streptophyta,Viridiplantae,PC(42:13),PC,PC,Glycerophospholipids,LipidSearch,Bronze,3
A15_139143,Streptophyta,Viridiplantae,,Ceramide,Ceramide,Sphingolipids,MS2_diagnostic,Bronze,2
A15_186292,Streptophyta,Viridiplantae,PG(26:0_20:2),PG,PG,Glycerophospholipids,LipidSearch,Bronze,3
A15_177933,Pseudomonadota,Bacteria,DG(O-13:0_19:0),DG,DG,Glycerolipids,LipidSearch,Bronze,3
A15_160440,Bacillota,Bacteria,PC(32:3),PC,PC,Glycerophospholipids,LipidSearch,Bronze,3
A15_94762,Streptophyta,Viridiplantae,TG(O-5:0_2:0_19:3),TG,TG,Glycerolipids,LipidSearch,Gold,4
A15_103960,Streptophyta,Viridiplantae,,,,,none,Unidentified,0
A15_47193,Streptophyta,Viridiplantae,,,,,none,Unidentified,0
A15_110127,Streptophyta,Viridiplantae,,Terpenoid,Terpenoid,Prenol lipids,MS2_diagnostic,Bronze,2
A15_109183,Streptophyta,Viridiplantae,,Terpenoid,Terpenoid,Prenol lipids,MS2_diagnostic,Bronze,2
A15_9159,Streptophyta,Viridiplantae,,,,,none,Unidentified,0
A15_16616,Streptophyta,Viridiplantae,TG(5:0_20:4),TG,TG,Glycerolipids,LipidSearch,Bronze,3
A15_203504,Streptophyta,Viridiplantae,PI(24:7_16:0),PI,PI,Glycerophospholipids,LipidSearch,Bronze,3
A15_124372,Streptophyta,Viridiplantae,DG(16:1_16:3),DG,DG,Glycerolipids,LipidSearch,Gold,4
A15_167338,Streptophyta,Viridiplantae,PI(38:5),PI,PI,Glycerophospholipids,LipidSearch,Bronze,3
A15_166750,Streptophyta,Viridiplantae,PI(38:5),PI,PI,Glycerophospholipids,LipidSearch,Bronze,3
A15_139469,Streptophyta,Viridiplantae,DG(15:2_22:4),DG,DG,Glycerolipids,LipidSearch,Bronze,3
A15_88210,Streptophyta,Viridiplantae,,PC/SM,PC/SM,Glycerophospholipids|Sphingolipids,MS2_diagnostic,Bronze,2
A15_117157,Streptophyta,Viridiplantae,DG(P-7:0_19:3),DG,DG,Glycerolipids,LipidSearch,Gold,4
A15_118729,Streptophyta,Viridiplantae,PC(35:6),PC,PC,Glycerophospholipids,LipidSearch,Bronze,3
A15_61414,Streptophyta,Viridiplantae,DG(16:3_18:4),DG,DG,Glycerolipids,LipidSearch,Gold,4
A15_80974,Streptophyta,Viridiplantae,,Terpenoid,Terpenoid,Prenol lipids,MS2_diagnostic,Bronze,2
A15_87385,Streptophyta,Viridiplantae,TG(37:6)+O:(s),TG,TG,Glycerolipids,LipidSearch,Bronze,3
A15_18511,Streptophyta,Viridiplantae,TG(5:0_5:0_23:4)+OO:(s),TG,TG,Glycerolipids,LipidSearch,Bronze,3
A15_178163,Pseudomonadota,Bacteria,,,,,none,Unidentified,0
A15_176706,Pseudomonadota,Bacteria,,,,,none,Unidentified,0
A15_156806,Streptophyta,Viridiplantae,,,,,none,Unidentified,0
A15_144984,Streptophyta,Viridiplantae,,Ceramide,Ceramide,Sphingolipids,MS2_diagnostic,Bronze,2
A15_82497,Streptophyta,Viridiplantae,DG(P-15:2_17:0),DG,DG,Glycerolipids,LipidSearch,Bronze,3
A15_175104,Streptophyta,Viridiplantae,,,,,none,Unidentified,0
A15_124179,Streptophyta,Viridiplantae,,,,,none,Unidentified,0
A15_127984,Bacillota,Bacteria,,,,,none,Unidentified,0
A15_49150,Streptophyta,Viridiplantae,,PC/SM,PC/SM,Glycerophospholipids|Sphingolipids,MS2_diagnostic,Bronze,2
A15_138213,Streptophyta,Viridiplantae,,,,,none,Unidentified,0
A15_162539,Streptophyta,Viridiplantae,DG(18:2_30:8),DG,DG,Glycerolipids,LipidSearch,Bronze,3
A15_36984,Ascomycota,Fungi,WE(O-28:3),WE,WE,Fatty acyls,LipidSearch,Bronze,3
A15_34672,Ascomycota,Fungi,WE(O-28:3),WE,WE,Fatty acyls,LipidSearch,Bronze,3
A15_74998,Streptophyta,Viridiplantae,,,,,none,Unidentified,0
A15_51655,Streptophyta,Viridiplantae,,Terpenoid,Terpenoid,Prenol lipids,MS2_diagnostic,Bronze,2
A15_47423,Streptophyta,Viridiplantae,,PC/SM,PC/SM,Glycerophospholipids|Sphingolipids,MS2_diagnostic,Bronze,2
A15_147516,Streptophyta,Viridiplantae,MGDG(18:2_18:3),MGDG,MGDG,Glycerolipids,LipidSearch,Gold,4
A15_197532,Bacillota,Bacteria,,,,,none,Unidentified,0
A15_187916,Bacillota,Bacteria,,,,,none,Unidentified,0
A15_79537,Streptophyta,Viridiplantae,,,,,none,Unidentified,0
A15_165160,Pseudomonadota,Bacteria,,,,,none,Unidentified,0
A15_49372,Streptophyta,Viridiplantae,,PS,PS,Glycerophospholipids,MS2_diagnostic,Bronze,2
A15_25740,Streptophyta,Viridiplantae,,,,,none,Unidentified,0
A15_192314,Heterolobosea,Protists,,,,,none,Unidentified,0
A15_207890,Streptophyta,Viridiplantae,TG(18:2_18:3_18:3)+O:(s),TG,TG,Glycerolipids,LipidSearch,Gold,4
A15_72551,Streptophyta,Viridiplantae,TG(9:0_16:0)+O:(s),TG,TG,Glycerolipids,LipidSearch,Gold,4
A15_220572,Streptophyta,Viridiplantae,CmE(20:5),CmE,CmE,Sterol lipids,LipidSearch,Gold,4
A15_79360,Bacillota,Bacteria,,,,,none,Unidentified,0
A15_174094,Streptophyta,Viridiplantae,,PC/SM,PC/SM,Glycerophospholipids|Sphingolipids,MS2_diagnostic,Bronze,2
A15_49234,Streptophyta,Viridiplantae,,PE,PE,Glycerophospholipids,MS2_diagnostic,Bronze,2
A15_215297,Streptophyta,Viridiplantae,DG(O-15:1_24:0),DG,DG,Glycerolipids,LipidSearch,Bronze,3
A15_104432,Streptophyta,Viridiplantae,,DGTS,DGTS,Betaine lipids,MS2_diagnostic,Bronze,2
A15_98505,Streptophyta,Viridiplantae,DG(O-24:4),DG,DG,Glycerolipids,LipidSearch,Bronze,3
A15_179951,Streptophyta,Viridiplantae,,,,,none,Unidentified,0
A15_5952,Streptophyta,Viridiplantae,,,,,none,Unidentified,0
A15_1927,Bacillota,Bacteria,,,,,none,Unidentified,0
A15_112640,Streptophyta,Viridiplantae,,,,,none,Unidentified,0
A15_104692,Streptophyta,Viridiplantae,TG(18:3_18:3),TG,TG,Glycerolipids,LipidSearch,Gold,4
A15_88306,Streptophyta,Viridiplantae,PG(18:4_16:0),PG,PG,Glycerophospholipids,LipidSearch,Gold,4
A15_68378,Streptophyta,Viridiplantae,,PC/SM,PC/SM,Glycerophospholipids|Sphingolipids,MS2_diagnostic,Bronze,2
A15_178537,Pseudomonadota,Bacteria,,,,,none,Unidentified,0
A15_79809,Streptophyta,Viridiplantae,,Terpenoid,Terpenoid,Prenol lipids,MS2_diagnostic,Bronze,2
A15_185442,Pseudomonadota,Bacteria,PC(34:4),PC,PC,Glycerophospholipids,LipidSearch,Bronze,3
A15_46128,Streptophyta,Viridiplantae,,Terpenoid,Terpenoid,Prenol lipids,MS2_diagnostic,Bronze,2
A15_2069,Streptophyta,Viridiplantae,,,,,none,Unidentified,0
A15_199913,Streptophyta,Viridiplantae,,,,,none,Unidentified,0
A15_158681,Bacillota,Bacteria,PG(17:0_15:0),PG,PG,Glycerophospholipids,LipidSearch,Gold,4
A15_74348,Streptophyta,Viridiplantae,,,,,none,Unidentified,0
A15_178752,Actinomycetota,Bacteria,MGDG(15:0_17:0),MGDG,MGDG,Glycerolipids,LipidSearch,Gold,4
A15_35995,Streptophyta,Viridiplantae,,,,,none,Unidentified,0
A15_14527,Streptophyta,Viridiplantae,,DGTS,DGTS,Betaine lipids,MS2_diagnostic,Bronze,2
A15_131431,Actinomycetota,Bacteria,PE(18:2_15:0),PE,PE,Glycerophospholipids,LipidSearch,Gold,4
A15_100703,Streptophyta,Viridiplantae,TG(9:0_28:8),TG,TG,Glycerolipids,LipidSearch,Bronze,3
A15_74068,Streptophyta,Viridiplantae,PG(20:5_18:2),PG,PG,Glycerophospholipids,LipidSearch,Bronze,3
A15_111682,Bacillota,Bacteria,PG(13:0_14:0),PG,PG,Glycerophospholipids,LipidSearch,Gold,4
A15_212123,Streptophyta,Viridiplantae,,PC/SM,PC/SM,Glycerophospholipids|Sphingolipids,MS2_diagnostic,Bronze,2
A15_175628,Streptophyta,Viridiplantae,Cer(d18:2_18:1),Cer,Cer,Sphingolipids,LipidSearch,Gold,4
A15_137833,Bacillota,Bacteria,WE(O-29:1),WE,WE,Fatty acyls,LipidSearch,Bronze,3
A15_179157,Pseudomonadota,Bacteria,DG(O-13:0_19:0),DG,DG,Glycerolipids,LipidSearch,Bronze,3
A15_112664,Streptophyta,Viridiplantae,TG(9:0_28:4)+O:(s),TG,TG,Glycerolipids,LipidSearch,Bronze,3
A15_95061,Streptophyta,Viridiplantae,PI(16:0_16:0),PI,PI,Glycerophospholipids,LipidSearch,Gold,4
A15_29096,Streptophyta,Viridiplantae,,Ceramide,Ceramide,Sphingolipids,MS2_diagnostic,Bronze,2
A15_168767,Streptophyta,Viridiplantae,MGDG(16:0_18:2),MGDG,MGDG,Glycerolipids,LipidSearch,Gold,4
A15_224884,Streptophyta,Viridiplantae,,Sterol,Sterol,Sterol lipids,MS2_diagnostic,Bronze,2
A15_123726,Streptophyta,Viridiplantae,,PC/SM,PC/SM,Glycerophospholipids|Sphingolipids,MS2_diagnostic,Bronze,2
A15_92804,Streptophyta,Viridiplantae,TG(20:1_18:4)+OO:(s),TG,TG,Glycerolipids,LipidSearch,Bronze,3
A15_195637,Streptophyta,Viridiplantae,PI(24:2_16:3),PI,PI,Glycerophospholipids,LipidSearch,Bronze,3
A15_59807,Streptophyta,Viridiplantae,,,,,none,Unidentified,0
A15_187864,Basidiomycota,Fungi,PC(39:2),PC,PC,Glycerophospholipids,LipidSearch,Bronze,3
A15_40156,Streptophyta,Viridiplantae,,,,,none,Unidentified,0
A15_65584,Basidiomycota,Fungi,PG(P-15:2_18:3),PG,PG,Glycerophospholipids,LipidSearch,Bronze,3
A15_60071,Basidiomycota,Fungi,PG(P-15:2_18:3),PG,PG,Glycerophospholipids,LipidSearch,Bronze,3
A15_52385,Streptophyta,Viridiplantae,,,,,none,Unidentified,0
A15_174086,Streptophyta,Viridiplantae,,PC/SM,PC/SM,Glycerophospholipids|Sphingolipids,MS2_diagnostic,Bronze,2
A15_186054,Pseudomonadota,Bacteria,,,,,none,Unidentified,0
A15_147617,Streptophyta,Viridiplantae,MGDG(16:0_18:3),MGDG,MGDG,Glycerolipids,LipidSearch,Gold,4
A15_134820,Pseudomonadota,Bacteria,,,,,none,Unidentified,0
A15_54740,Streptophyta,Viridiplantae,,PC/SM,PC/SM,Glycerophospholipids|Sphingolipids,MS2_diagnostic,Bronze,2
A15_76145,Streptophyta,Viridiplantae,,PC/SM,PC/SM,Glycerophospholipids|Sphingolipids,MS2_diagnostic,Bronze,2
A15_148621,Streptophyta,Viridiplantae,,Terpenoid,Terpenoid,Prenol lipids,MS2_diagnostic,Bronze,2
A15_86511,Streptophyta,Viridiplantae,,PC/SM,PC/SM,Glycerophospholipids|Sphingolipids,MS2_diagnostic,Bronze,2
A15_174058,Streptophyta,Viridiplantae,TG(9:0_18:2_18:3)+O:(s),TG,TG,Glycerolipids,LipidSearch,Bronze,3
A15_124171,Streptophyta,Viridiplantae,,Terpenoid,Terpenoid,Prenol lipids,MS2_diagnostic,Bronze,2
A15_206800,Bacillota,Bacteria,,,,,none,Unidentified,0
A15_21976,Streptophyta,Viridiplantae,,Terpenoid,Terpenoid,Prenol lipids,MS2_diagnostic,Bronze,2
A15_222233,Streptophyta,Viridiplantae,,Sterol,Sterol,Sterol lipids,MS2_diagnostic,Bronze,2
A15_191171,Streptophyta,Viridiplantae,DGDG(10:0_20:0),DGDG,DGDG,Glycerolipids,LipidSearch,Bronze,3
A15_205930,Streptophyta,Viridiplantae,,,,,none,Unidentified,0
A15_86205,Streptophyta,Viridiplantae,,,,,none,Unidentified,0
A15_166829,Streptophyta,Viridiplantae,,,,,none,Unidentified,0
A15_222953,Streptophyta,Viridiplantae,,,,,none,Unidentified,0
A15_154002,Bacillota,Bacteria,PA(16:0_18:2),PA,PA,Glycerophospholipids,LipidSearch,Gold,4
A15_48465,Streptophyta,Viridiplantae,,,,,none,Unidentified,0
A15_209370,Streptophyta,Viridiplantae,,Sterol,Sterol,Sterol lipids,MS2_diagnostic,Bronze,2
A15_121324,Streptophyta,Viridiplantae,,PC/SM,PC/SM,Glycerophospholipids|Sphingolipids,MS2_diagnostic,Bronze,2
A15_133954,Bacillota,Bacteria,TG(20:4_20:5),TG,TG,Glycerolipids,LipidSearch,Gold,4
A15_11823,Methanobacteriota,Archaea,,,,,none,Unidentified,0
A15_115785,Streptophyta,Viridiplantae,,,,,none,Unidentified,0
A15_182036,Actinomycetota,Bacteria,TG(O-53:15),TG,TG,Glycerolipids,LipidSearch,Bronze,3
A15_18238,Streptophyta,Viridiplantae,,,,,none,Unidentified,0
A15_16724,Basidiomycota,Fungi,,,,,none,Unidentified,0
A15_17772,Basidiomycota,Fungi,,,,,none,Unidentified,0
A15_2507,Streptophyta,Viridiplantae,,Terpenoid,Terpenoid,Prenol lipids,MS2_diagnostic,Bronze,2
A15_62140,Streptophyta,Viridiplantae,,,,,none,Unidentified,0
A15_40057,Basidiomycota,Fungi,,,,,none,Unidentified,0
A15_90781,Streptophyta,Viridiplantae,,,,,none,Unidentified,0
A15_210316,Streptophyta,Viridiplantae,,,,,none,Unidentified,0
A15_159703,Streptophyta,Viridiplantae,,,,,none,Unidentified,0
A15_100229,Streptophyta,Viridiplantae,,Terpenoid,Terpenoid,Prenol lipids,MS2_diagnostic,Bronze,2
A15_63449,Streptophyta,Viridiplantae,,,,,none,Unidentified,0
A15_197300,Streptophyta,Viridiplantae,,Sterol,Sterol,Sterol lipids,MS2_diagnostic,Bronze,2
A15_49259,Methanobacteriota,Archaea,,,,,none,Unidentified,0
A15_5730,Streptophyta,Viridiplantae,,Terpenoid,Terpenoid,Prenol lipids,MS2_diagnostic,Bronze,2
A15_167890,Streptophyta,Viridiplantae,DG(P-17:3_18:1),DG,DG,Glycerolipids,LipidSearch,Bronze,3
A15_156710,Streptophyta,Viridiplantae,,,,,none,Unidentified,0
A15_139187,Streptophyta,Viridiplantae,,,,,none,Unidentified,0
A15_140377,Streptophyta,Viridiplantae,,Sterol,Sterol,Sterol lipids,MS2_diagnostic,Bronze,2
A15_48899,Streptophyta,Viridiplantae,,,,,none,Unidentified,0
A15_124086,Streptophyta,Viridiplantae,,,,,none,Unidentified,0
A15_131094,Bacillota,Bacteria,PG(16:0_15:0),PG,PG,Glycerophospholipids,LipidSearch,Gold,4
A15_151213,Streptophyta,Viridiplantae,,,,,none,Unidentified,0
A15_177149,Streptophyta,Viridiplantae,,,,,none,Unidentified,0
A15_10186,Streptophyta,Viridiplantae,,,,,none,Unidentified,0
A15_203129,Streptophyta,Viridiplantae,PI(23:4_16:0),PI,PI,Glycerophospholipids,LipidSearch,Bronze,3
A15_172141,Streptophyta,Viridiplantae,,,,,none,Unidentified,0
A15_3173,Bacillota,Bacteria,MG(O-13:1),MG,MG,Glycerolipids,LipidSearch,Bronze,3
A15_7698,Bacillota,Bacteria,MG(O-13:1),MG,MG,Glycerolipids,LipidSearch,Bronze,3
A15_12258,Bacillota,Bacteria,MG(O-13:1),MG,MG,Glycerolipids,LipidSearch,Bronze,3
A15_11045,Bacillota,Bacteria,MG(O-13:1),MG,MG,Glycerolipids,LipidSearch,Bronze,3
A15_75742,Streptophyta,Viridiplantae,,,,,none,Unidentified,0
A15_88024,Streptophyta,Viridiplantae,,,,,none,Unidentified,0
A15_124187,Streptophyta,Viridiplantae,,,,,none,Unidentified,0
A15_176904,Streptophyta,Viridiplantae,Hex1Cer(d18:2_20:0)+O:(s),Hex1Cer,HexCer,Sphingolipids,LipidSearch,Gold,4
A15_160654,Pseudomonadota,Bacteria,,,,,none,Unidentified,0
A15_173570,Streptophyta,Viridiplantae,,,,,none,Unidentified,0
A15_153876,Streptophyta,Viridiplantae,DG(16:0_19:2),DG,DG,Glycerolipids,LipidSearch,Bronze,3
A15_155044,Streptophyta,Viridiplantae,DGDG(16:0_16:1),DGDG,DGDG,Glycerolipids,LipidSearch,Gold,4
A15_204874,Actinomycetota,Bacteria,,,,,none,Unidentified,0
A15_210196,Actinomycetota,Bacteria,TG(34:3_16:1)+OO:(s),TG,TG,Glycerolipids,LipidSearch,Bronze,3
A15_104326,Streptophyta,Viridiplantae,,,,,none,Unidentified,0
A15_127362,Streptophyta,Viridiplantae,MGDG(18:3_20:5),MGDG,MGDG,Glycerolipids,LipidSearch,Gold,4
A15_130638,Bacillota,Bacteria,PG(15:1_15:0),PG,PG,Glycerophospholipids,LipidSearch,Gold,4
A15_99815,Streptophyta,Viridiplantae,,Terpenoid,Terpenoid,Prenol lipids,MS2_diagnostic,Bronze,2
A15_225624,Streptophyta,Viridiplantae,,Sterol,Sterol,Sterol lipids,MS2_diagnostic,Bronze,2
A15_55789,Methanobacteriota,Archaea,,,,,none,Unidentified,0
A15_38906,Streptophyta,Viridiplantae,,,,,none,Unidentified,0
A15_188704,Streptophyta,Viridiplantae,Cer(d18:2_18:1),Cer,Cer,Sphingolipids,LipidSearch,Gold,4
A15_162108,Pseudomonadota,Bacteria,DG(O-13:1_19:0),DG,DG,Glycerolipids,LipidSearch,Bronze,3
A15_163877,Pseudomonadota,Bacteria,DG(O-18:4_16:0),DG,DG,Glycerolipids,LipidSearch,Bronze,3
A15_179829,Streptophyta,Viridiplantae,AcHexCmE(18:3),AcHexCmE,AcHexCmE,Sterol lipids,LipidSearch,Gold,4
A15_184464,Streptophyta,Viridiplantae,AcHexCmE(18:3),AcHexCmE,AcHexCmE,Sterol lipids,LipidSearch,Gold,4
A15_182525,Streptophyta,Viridiplantae,AcHexCmE(18:3),AcHexCmE,AcHexCmE,Sterol lipids,LipidSearch,Gold,4
A15_59417,Streptophyta,Viridiplantae,TG(18:3_18:3)+OO:(s),TG,TG,Glycerolipids,LipidSearch,Gold,4
A15_151585,Streptophyta,Viridiplantae,MGDG(18:2_20:4),MGDG,MGDG,Glycerolipids,LipidSearch,Gold,4
A15_192394,Streptophyta,Viridiplantae,WE(O-19:0_17:1),WE,WE,Fatty acyls,LipidSearch,Bronze,3
A15_158954,Streptophyta,Viridiplantae,,Terpenoid,Terpenoid,Prenol lipids,MS2_diagnostic,Bronze,2
A15_22464,Streptophyta,Viridiplantae,,,,,none,Unidentified,0
A15_58481,Streptophyta,Viridiplantae,,PC/SM,PC/SM,Glycerophospholipids|Sphingolipids,MS2_diagnostic,Bronze,2
A15_62244,Streptophyta,Viridiplantae,,PC/SM,PC/SM,Glycerophospholipids|Sphingolipids,MS2_diagnostic,Bronze,2
A15_59545,Streptophyta,Viridiplantae,,,,,none,Unidentified,0
A15_162140,Streptophyta,Viridiplantae,PG(O-26:1_18:2),PG,PG,Glycerophospholipids,LipidSearch,Bronze,3
A15_15122,Streptophyta,Viridiplantae,TG(28:5_4:0)+OO:(s),TG,TG,Glycerolipids,LipidSearch,Bronze,3
A15_181510,Streptophyta,Viridiplantae,WE(O-24:3_18:2),WE,WE,Fatty acyls,LipidSearch,Bronze,3
A15_118025,Streptophyta,Viridiplantae,TG(P-15:2_16:3_3:0),TG,TG,Glycerolipids,LipidSearch,Bronze,3
A15_128274,Streptophyta,Viridiplantae,DG(P-18:4_16:0),DG,DG,Glycerolipids,LipidSearch,Bronze,3
A15_61313,Streptophyta,Viridiplantae,CL(P-23:2_16:0),CL,CL,Glycerophospholipids,LipidSearch,Bronze,3
A15_136932,Streptophyta,Viridiplantae,DG(P-18:4_16:0),DG,DG,Glycerolipids,LipidSearch,Bronze,3
A15_11538,Methanobacteriota,Archaea,,,,,none,Unidentified,0
A15_185068,Streptophyta,Viridiplantae,TG(36:6_18:3)+OO:(s),TG,TG,Glycerolipids,LipidSearch,Gold,4
A15_226688,Streptophyta,Viridiplantae,,,,,none,Unidentified,0
A15_20200,Basidiomycota,Fungi,LPE(16:1),LPE,LPE,Glycerophospholipids,LipidSearch,Gold,4
A15_16456,Basidiomycota,Fungi,LPE(16:1),LPE,LPE,Glycerophospholipids,LipidSearch,Gold,4
A15_17538,Basidiomycota,Fungi,LPE(16:1),LPE,LPE,Glycerophospholipids,LipidSearch,Gold,4
A15_133508,Streptophyta,Viridiplantae,,,,,none,Unidentified,0
A15_83666,Streptophyta,Viridiplantae,,,,,none,Unidentified,0
A15_127305,Streptophyta,Viridiplantae,,Terpenoid,Terpenoid,Prenol lipids,MS2_diagnostic,Bronze,2
A15_175105,Streptophyta,Viridiplantae,,,,,none,Unidentified,0
A15_12785,Streptophyta,Viridiplantae,,PC/SM,PC/SM,Glycerophospholipids|Sphingolipids,MS2_diagnostic,Bronze,2
A15_169794,Streptophyta,Viridiplantae,DGDG(16:0_16:0),DGDG,DGDG,Glycerolipids,LipidSearch,Gold,4
A15_4632,Streptophyta,Viridiplantae,,Terpenoid,Terpenoid,Prenol lipids,MS2_diagnostic,Bronze,2
A15_103889,Streptophyta,Viridiplantae,MG(P-18:4),MG,MG,Glycerolipids,LipidSearch,Bronze,3
A15_102712,Streptophyta,Viridiplantae,MG(P-18:4),MG,MG,Glycerolipids,LipidSearch,Bronze,3
A15_127770,Streptophyta,Viridiplantae,,Terpenoid,Terpenoid,Prenol lipids,MS2_diagnostic,Bronze,2
A15_1330,Streptophyta,Viridiplantae,,Terpenoid,Terpenoid,Prenol lipids,MS2_diagnostic,Bronze,2
A15_218252,Streptophyta,Viridiplantae,WE(O-29:6_16:1),WE,WE,Fatty acyls,LipidSearch,Bronze,3
A15_218439,Streptophyta,Viridiplantae,,PC/SM,PC/SM,Glycerophospholipids|Sphingolipids,MS2_diagnostic,Bronze,2
A15_157036,Streptophyta,Viridiplantae,DG(16:0_18:3),DG,DG,Glycerolipids,LipidSearch,Gold,4
A15_157677,Streptophyta,Viridiplantae,,Terpenoid,Terpenoid,Prenol lipids,MS2_diagnostic,Bronze,2
A15_83076,Streptophyta,Viridiplantae,,PC/SM,PC/SM,Glycerophospholipids|Sphingolipids,MS2_diagnostic,Bronze,2
A15_134885,Streptophyta,Viridiplantae,DGDG(15:0_18:3),DGDG,DGDG,Glycerolipids,LipidSearch,Gold,4
A15_69098,Basidiomycota,Fungi,PG(15:2_18:3),PG,PG,Glycerophospholipids,LipidSearch,Bronze,3
A15_67127,Basidiomycota,Fungi,PG(15:2_18:3),PG,PG,Glycerophospholipids,LipidSearch,Bronze,3
A15_110528,Streptophyta,Viridiplantae,Hex1Cer(d16:2_20:1),Hex1Cer,HexCer,Sphingolipids,LipidSearch,Bronze,3
A15_104527,Streptophyta,Viridiplantae,,Terpenoid,Terpenoid,Prenol lipids,MS2_diagnostic,Bronze,2
A15_220938,Streptophyta,Viridiplantae,CmE(18:4),CmE,CmE,Sterol lipids,LipidSearch,Gold,4
A15_136622,Streptophyta,Viridiplantae,DG(16:0_18:3),DG,DG,Glycerolipids,LipidSearch,Gold,4
A15_99063,Streptophyta,Viridiplantae,,,,,none,Unidentified,0
A15_54627,Streptophyta,Viridiplantae,,,,,none,Unidentified,0
A15_105450,Streptophyta,Viridiplantae,PI(18:2_18:2),PI,PI,Glycerophospholipids,LipidSearch,Gold,4
A15_51286,Basidiomycota,Fungi,,,,,none,Unidentified,0
A15_217337,Streptophyta,Viridiplantae,,PE,PE,Glycerophospholipids,MS2_diagnostic,Bronze,2
A15_81301,Streptophyta,Viridiplantae,,,,,none,Unidentified,0
A15_99466,Pseudomonadota,Bacteria,,,,,none,Unidentified,0
A15_98252,Pseudomonadota,Bacteria,,,,,none,Unidentified,0
A15_100999,Pseudomonadota,Bacteria,,,,,none,Unidentified,0
A15_14872,Streptophyta,Viridiplantae,,,,,none,Unidentified,0
A15_13613,Streptophyta,Viridiplantae,,,,,none,Unidentified,0
A15_161784,Streptophyta,Viridiplantae,,,,,none,Unidentified,0
A15_123722,Ascomycota,Fungi,,,,,none,Unidentified,0
A15_122260,Ascomycota,Fungi,,,,,none,Unidentified,0
A15_167745,Streptophyta,Viridiplantae,,Terpenoid,Terpenoid,Prenol lipids,MS2_diagnostic,Bronze,2
A15_88408,Streptophyta,Viridiplantae,,PC/SM,PC/SM,Glycerophospholipids|Sphingolipids,MS2_diagnostic,Bronze,2
A15_166295,Bacillota,Bacteria,,,,,none,Unidentified,0
A15_111893,Streptophyta,Viridiplantae,,,,,none,Unidentified,0
A15_225478,Streptophyta,Viridiplantae,,Sterol,Sterol,Sterol lipids,MS2_diagnostic,Bronze,2
A15_179493,Streptophyta,Viridiplantae,,Terpenoid,Terpenoid,Prenol lipids,MS2_diagnostic,Bronze,2
A15_81235,Streptophyta,Viridiplantae,PC(42:12),PC,PC,Glycerophospholipids,LipidSearch,Bronze,3
A15_16608,Streptophyta,Viridiplantae,,Terpenoid,Terpenoid,Prenol lipids,MS2_diagnostic,Bronze,2
A15_151392,Basidiomycota,Fungi,Cer(d18:2_16:0),Cer,Cer,Sphingolipids,LipidSearch,Bronze,3
A15_152540,Basidiomycota,Fungi,Cer(d18:2_16:0),Cer,Cer,Sphingolipids,LipidSearch,Bronze,3
A15_82625,Ascomycota,Fungi,WE(O-9:0_19:3),WE,WE,Fatty acyls,LipidSearch,Bronze,3
A15_194469,Streptophyta,Viridiplantae,PI(22:5_18:3),PI,PI,Glycerophospholipids,LipidSearch,Bronze,3
A15_121099,Streptophyta,Viridiplantae,,Terpenoid,Terpenoid,Prenol lipids,MS2_diagnostic,Bronze,2
A15_8966,Streptophyta,Viridiplantae,,,,,none,Unidentified,0
A15_169935,Streptophyta,Viridiplantae,DGDG(18:1_18:1),DGDG,DGDG,Glycerolipids,LipidSearch,Gold,4
A15_171822,Streptophyta,Viridiplantae,,GDGT/Archaeol,GDGT/Archaeol,Archaeal lipids,MS2_diagnostic,Bronze,2
A15_221188,Streptophyta,Viridiplantae,DG(O-44:7),DG,DG,Glycerolipids,LipidSearch,Bronze,3
A15_13032,Basidiomycota,Fungi,PI(O-5:0_17:1),PI,PI,Glycerophospholipids,LipidSearch,Bronze,3
A15_169630,Pseudomonadota,Bacteria,,,,,none,Unidentified,0
A15_99360,Streptophyta,Viridiplantae,,,,,none,Unidentified,0
A15_176142,Streptophyta,Viridiplantae,,Terpenoid,Terpenoid,Prenol lipids,MS2_diagnostic,Bronze,2
A15_167230,Ascomycota,Fungi,,,,,none,Unidentified,0
A15_126427,Streptophyta,Viridiplantae,,PC/SM,PC/SM,Glycerophospholipids|Sphingolipids,MS2_diagnostic,Bronze,2
A15_60944,Streptophyta,Viridiplantae,,,,,none,Unidentified,0
A15_106785,Streptophyta,Viridiplantae,Hex1Cer(d16:2_20:2),Hex1Cer,HexCer,Sphingolipids,LipidSearch,Bronze,3
A15_144438,Streptophyta,Viridiplantae,,PE,PE,Glycerophospholipids,MS2_diagnostic,Bronze,2
A15_68024,Mucoromycota,Fungi,DG(8:0_18:2),DG,DG,Glycerolipids,LipidSearch,Bronze,3
A15_64984,Mucoromycota,Fungi,DG(8:0_18:2),DG,DG,Glycerolipids,LipidSearch,Bronze,3
A15_70227,Mucoromycota,Fungi,DG(8:0_18:2),DG,DG,Glycerolipids,LipidSearch,Bronze,3
A15_214889,Streptophyta,Viridiplantae,,Sterol,Sterol,Sterol lipids,MS2_diagnostic,Bronze,2
A15_41688,Streptophyta,Viridiplantae,,Terpenoid,Terpenoid,Prenol lipids,MS2_diagnostic,Bronze,2
A15_30170,Streptophyta,Viridiplantae,,,,,none,Unidentified,0
A15_45060,Streptophyta,Viridiplantae,,Terpenoid,Terpenoid,Prenol lipids,MS2_diagnostic,Bronze,2
A15_125202,Streptophyta,Viridiplantae,,,,,none,Unidentified,0
A15_128398,Ascomycota,Fungi,,PC/SM,PC/SM,Glycerophospholipids|Sphingolipids,MS2_diagnostic,Bronze,2
A15_173563,Streptophyta,Viridiplantae,TG(12:0_12:1_16:1)+O:(s),TG,TG,Glycerolipids,LipidSearch,Gold,4
A15_82528,Streptophyta,Viridiplantae,DG(O-27:5),DG,DG,Glycerolipids,LipidSearch,Bronze,3
A15_90283,Streptophyta,Viridiplantae,TG(3:0_15:2_16:2),TG,TG,Glycerolipids,LipidSearch,Gold,4
A15_158297,Pseudomonadota,Bacteria,,,,,none,Unidentified,0
A15_219155,Streptophyta,Viridiplantae,,Sterol,Sterol,Sterol lipids,MS2_diagnostic,Bronze,2
A15_223848,Bacillota,Bacteria,,,,,none,Unidentified,0
A15_96578,Streptophyta,Viridiplantae,PC(19:3_16:2),PC,PC,Glycerophospholipids,LipidSearch,Bronze,3
A15_139813,Streptophyta,Viridiplantae,,,,,none,Unidentified,0
A15_7140,Pseudomonadota,Bacteria,,,,,none,Unidentified,0
A15_6003,Pseudomonadota,Bacteria,,,,,none,Unidentified,0
A15_179469,Streptophyta,Viridiplantae,,,,,none,Unidentified,0
A15_86975,Basidiomycota,Fungi,,,,,none,Unidentified,0
A15_112365,Streptophyta,Viridiplantae,Hex1Cer(d34:2)+2O:(s),Hex1Cer,HexCer,Sphingolipids,LipidSearch,Bronze,3
A15_134275,Streptophyta,Viridiplantae,,Ubiquinone,Ubiquinone,Prenol lipids,MS2_diagnostic,Bronze,2
A15_149031,Bacillota,Bacteria,,,,,none,Unidentified,0
A15_92301,Streptophyta,Viridiplantae,PC(42:12),PC,PC,Glycerophospholipids,LipidSearch,Bronze,3
A15_181009,Streptophyta,Viridiplantae,DG(O-17:3_18:1),DG,DG,Glycerolipids,LipidSearch,Bronze,3
A15_218067,Streptophyta,Viridiplantae,TG(18:0_16:1_18:3)+O:(s),TG,TG,Glycerolipids,LipidSearch,Bronze,3
A15_88852,Streptophyta,Viridiplantae,,Terpenoid,Terpenoid,Prenol lipids,MS2_diagnostic,Bronze,2
A15_141769,Streptophyta,Viridiplantae,,Terpenoid,Terpenoid,Prenol lipids,MS2_diagnostic,Bronze,2
A15_177913,Streptophyta,Viridiplantae,,Terpenoid,Terpenoid,Prenol lipids,MS2_diagnostic,Bronze,2
A15_24955,Streptophyta,Viridiplantae,,Terpenoid,Terpenoid,Prenol lipids,MS2_diagnostic,Bronze,2
A15_219295,Streptophyta,Viridiplantae,,,,,none,Unidentified,0
A15_42340,Streptophyta,Viridiplantae,,Terpenoid,Terpenoid,Prenol lipids,MS2_diagnostic,Bronze,2
A15_135191,Streptophyta,Viridiplantae,PG(33:1)+D7:(s),PG,PG,Glycerophospholipids,LipidSearch,Bronze,3
A15_87123,Streptophyta,Viridiplantae,TG(5:0_6:0_20:4),TG,TG,Glycerolipids,LipidSearch,Gold,4
A15_104405,Pseudomonadota,Bacteria,PG(15:0_18:3),PG,PG,Glycerophospholipids,LipidSearch,Bronze,3
A15_106354,Pseudomonadota,Bacteria,TG(43:11)+O:(s),TG,TG,Glycerolipids,LipidSearch,Bronze,3
A15_177910,Streptophyta,Viridiplantae,DG(16:0_18:3),DG,DG,Glycerolipids,LipidSearch,Gold,4
A15_30235,Streptophyta,Viridiplantae,,,,,none,Unidentified,0
A15_131616,Streptophyta,Viridiplantae,TG(21:0_16:3)+O:(s),TG,TG,Glycerolipids,LipidSearch,Bronze,3
A15_62878,Streptophyta,Viridiplantae,,,,,none,Unidentified,0
A15_48971,Streptophyta,Viridiplantae,DG(36:8),DG,DG,Glycerolipids,LipidSearch,Bronze,3
A15_129480,Streptophyta,Viridiplantae,DG(16:1_18:4),DG,DG,Glycerolipids,LipidSearch,Gold,4
A15_53191,Streptophyta,Viridiplantae,,Terpenoid,Terpenoid,Prenol lipids,MS2_diagnostic,Bronze,2
A15_223383,Streptophyta,Viridiplantae,,Sterol,Sterol,Sterol lipids,MS2_diagnostic,Bronze,2
A15_97107,Streptophyta,Viridiplantae,,PC/SM,PC/SM,Glycerophospholipids|Sphingolipids,MS2_diagnostic,Bronze,2
A15_162468,Pseudomonadota,Bacteria,,,,,none,Unidentified,0
A15_106509,Streptophyta,Viridiplantae,TG(O-10:0_6:0_18:4),TG,TG,Glycerolipids,LipidSearch,Bronze,3
A15_163648,Streptophyta,Viridiplantae,,,,,none,Unidentified,0
A15_114145,Streptophyta,Viridiplantae,,Ceramide,Ceramide,Sphingolipids,MS2_diagnostic,Bronze,2
A15_180193,Streptophyta,Viridiplantae,Cer(d18:2_20:1),Cer,Cer,Sphingolipids,LipidSearch,Bronze,3
A15_173759,Streptophyta,Viridiplantae,ChE(11:0),ChE,CE,Sterol lipids,LipidSearch,Gold,4
A15_167767,Streptophyta,Viridiplantae,DG(16:0_18:4),DG,DG,Glycerolipids,LipidSearch,Gold,4
A15_186413,Streptophyta,Viridiplantae,,,,,none,Unidentified,0
A15_197118,Streptophyta,Viridiplantae,TG(O-17:2_27:5),TG,TG,Glycerolipids,LipidSearch,Bronze,3
A15_89467,Streptophyta,Viridiplantae,,,,,none,Unidentified,0
A15_207692,Bacillota,Bacteria,,,,,none,Unidentified,0
A15_205689,Bacillota,Bacteria,,,,,none,Unidentified,0
A15_19886,Streptophyta,Viridiplantae,,SM,SM,Sphingolipids,MS2_diagnostic,Bronze,2
A15_97677,Streptophyta,Viridiplantae,PG(21:4_16:1),PG,PG,Glycerophospholipids,LipidSearch,Bronze,3
A15_205330,Streptophyta,Viridiplantae,TG(36:6_16:0)+OO:(s),TG,TG,Glycerolipids,LipidSearch,Gold,4
A15_1025,Streptophyta,Viridiplantae,,Terpenoid,Terpenoid,Prenol lipids,MS2_diagnostic,Bronze,2
A15_184808,Streptophyta,Viridiplantae,TG(16:0_18:2_18:4)+OO:(s),TG,TG,Glycerolipids,LipidSearch,Gold,4
A15_60674,Streptophyta,Viridiplantae,,,,,none,Unidentified,0
A15_169652,Streptophyta,Viridiplantae,,Terpenoid,Terpenoid,Prenol lipids,MS2_diagnostic,Bronze,2
A15_73939,Streptophyta,Viridiplantae,,,,,none,Unidentified,0
A15_184511,Pseudomonadota,Bacteria,TG(21:1_4:0_16:1)+OO:(s),TG,TG,Glycerolipids,LipidSearch,Bronze,3
A15_182600,Pseudomonadota,Bacteria,TG(37:2_4:0)+OO:(s),TG,TG,Glycerolipids,LipidSearch,Bronze,3
A15_181484,Pseudomonadota,Bacteria,TG(37:2_4:0)+OO:(s),TG,TG,Glycerolipids,LipidSearch,Bronze,3
A15_127285,Streptophyta,Viridiplantae,PG(16:1_18:3),PG,PG,Glycerophospholipids,LipidSearch,Gold,4
A15_61975,Streptophyta,Viridiplantae,,PC/SM,PC/SM,Glycerophospholipids|Sphingolipids,MS2_diagnostic,Bronze,2
A15_149301,Mucoromycota,Fungi,,,,,none,Unidentified,0
A15_75484,Streptophyta,Viridiplantae,TG(9:0_9:0_18:3)+OO:(s),TG,TG,Glycerolipids,LipidSearch,Gold,4
A15_96621,Streptophyta,Viridiplantae,,,,,none,Unidentified,0
A15_120473,Streptophyta,Viridiplantae,PG(17:0_16:0),PG,PG,Glycerophospholipids,LipidSearch,Bronze,3
A15_155053,Streptophyta,Viridiplantae,DG(P-18:4_16:0),DG,DG,Glycerolipids,LipidSearch,Bronze,3
A15_35055,Streptophyta,Viridiplantae,,,,,none,Unidentified,0
A15_117771,Streptophyta,Viridiplantae,TG(13:1_8:0_16:3)+O:(s),TG,TG,Glycerolipids,LipidSearch,Bronze,3
A15_129079,Streptophyta,Viridiplantae,,,,,none,Unidentified,0
A15_55078,Streptophyta,Viridiplantae,,PC/SM,PC/SM,Glycerophospholipids|Sphingolipids,MS2_diagnostic,Bronze,2
A15_206185,Streptophyta,Viridiplantae,,Ceramide,Ceramide,Sphingolipids,MS2_diagnostic,Bronze,2
A15_69401,Streptophyta,Viridiplantae,,,,,none,Unidentified,0
A15_103592,Bacillota,Bacteria,DG(P-11:0_19:4),DG,DG,Glycerolipids,LipidSearch,Bronze,3
A15_176986,Streptophyta,Viridiplantae,,Terpenoid,Terpenoid,Prenol lipids,MS2_diagnostic,Bronze,2
A15_155222,Bacillota,Bacteria,PE(16:1_15:0),PE,PE,Glycerophospholipids,LipidSearch,Gold,4
A15_86109,Streptophyta,Viridiplantae,,,,,none,Unidentified,0
A15_197840,Streptophyta,Viridiplantae,WE(O-18:0_18:0),WE,WE,Fatty acyls,LipidSearch,Bronze,3
A15_132761,Streptophyta,Viridiplantae,,,,,none,Unidentified,0
A15_222035,Streptophyta,Viridiplantae,,,,,none,Unidentified,0
A15_174764,Streptophyta,Viridiplantae,,Sterol,Sterol,Sterol lipids,MS2_diagnostic,Bronze,2
A15_208257,Streptophyta,Viridiplantae,TG(O-37:1_2:0),TG,TG,Glycerolipids,LipidSearch,Bronze,3
A15_198448,Streptophyta,Viridiplantae,TG(18:2_18:3_18:3)+O:(s),TG,TG,Glycerolipids,LipidSearch,Gold,4
A15_60090,Streptophyta,Viridiplantae,TG(20:4_18:2)+OO:(s),TG,TG,Glycerolipids,LipidSearch,Bronze,3
A15_144437,Streptophyta,Viridiplantae,DG(18:2_18:3),DG,DG,Glycerolipids,LipidSearch,Gold,4
A15_11304,Streptophyta,Viridiplantae,,,,,none,Unidentified,0
A15_114876,Basidiomycota,Fungi,DG(16:0_24:6),DG,DG,Glycerolipids,LipidSearch,Bronze,3
A15_165191,Streptophyta,Viridiplantae,PC(35:2),PC,PC,Glycerophospholipids,LipidSearch,Bronze,3
A15_218877,Streptophyta,Viridiplantae,,Sterol,Sterol,Sterol lipids,MS2_diagnostic,Bronze,2
A15_89156,Streptophyta,Viridiplantae,,PC/SM,PC/SM,Glycerophospholipids|Sphingolipids,MS2_diagnostic,Bronze,2
A15_105034,Bacillota,Bacteria,,,,,none,Unidentified,0
A15_76863,Streptophyta,Viridiplantae,TG(2:0_15:2_18:2)+OO:(s),TG,TG,Glycerolipids,LipidSearch,Bronze,3
A15_56161,Basidiomycota,Fungi,,,,,none,Unidentified,0
A15_15868,Streptophyta,Viridiplantae,TG(22:6_16:3)+O:(s),TG,TG,Glycerolipids,LipidSearch,Bronze,3
A15_103840,Streptophyta,Viridiplantae,,PC/SM,PC/SM,Glycerophospholipids|Sphingolipids,MS2_diagnostic,Bronze,2
A15_131575,Streptophyta,Viridiplantae,DG(18:2_18:4),DG,DG,Glycerolipids,LipidSearch,Gold,4
A15_1353,Streptophyta,Viridiplantae,,,,,none,Unidentified,0
A15_88019,Streptophyta,Viridiplantae,,,,,none,Unidentified,0
A15_196586,Bacillota,Bacteria,,,,,none,Unidentified,0
A15_195274,Bacillota,Bacteria,,,,,none,Unidentified,0
A15_41324,Ascomycota,Fungi,LPC(P-18:1),LPC,LPC,Glycerophospholipids,LipidSearch,Bronze,3
A15_52289,Basidiomycota,Fungi,DG(25:5),DG,DG,Glycerolipids,LipidSearch,Bronze,3
A15_82909,Streptophyta,Viridiplantae,,Terpenoid,Terpenoid,Prenol lipids,MS2_diagnostic,Bronze,2
A15_99756,Streptophyta,Viridiplantae,,,,,none,Unidentified,0
A15_218168,Streptophyta,Viridiplantae,,,,,none,Unidentified,0
A15_57188,Streptophyta,Viridiplantae,,Terpenoid,Terpenoid,Prenol lipids,MS2_diagnostic,Bronze,2
A15_13944,Ascomycota,Fungi,,,,,none,Unidentified,0
A15_130339,Streptophyta,Viridiplantae,DG(O-18:4_16:2),DG,DG,Glycerolipids,LipidSearch,Bronze,3
A15_167233,Pseudomonadota,Bacteria,PE(20:5_16:0),PE,PE,Glycerophospholipids,LipidSearch,Gold,4
A15_180210,Streptophyta,Viridiplantae,,,,,none,Unidentified,0
A15_49844,Streptophyta,Viridiplantae,PS(23:0_6:0),PS,PS,Glycerophospholipids,LipidSearch,Bronze,3
A15_183835,Bacillota,Bacteria,TG(2:0_15:0_15:0),TG,TG,Glycerolipids,LipidSearch,Gold,4
A15_209959,Streptophyta,Viridiplantae,,,,,none,Unidentified,0
A15_164236,Pseudomonadota,Bacteria,PE(20:5_16:0),PE,PE,Glycerophospholipids,LipidSearch,Gold,4
A15_14219,Streptophyta,Viridiplantae,,Terpenoid,Terpenoid,Prenol lipids,MS2_diagnostic,Bronze,2
A15_119087,Streptophyta,Viridiplantae,,,,,none,Unidentified,0
A15_205501,Actinomycetota,Bacteria,,,,,none,Unidentified,0
A15_141628,Streptophyta,Viridiplantae,DG(P-18:4_16:1),DG,DG,Glycerolipids,LipidSearch,Bronze,3
A15_105567,Streptophyta,Viridiplantae,,,,,none,Unidentified,0
A15_144164,Streptophyta,Viridiplantae,DG(P-15:2_21:4),DG,DG,Glycerolipids,LipidSearch,Bronze,3
A15_81157,Streptophyta,Viridiplantae,PC(18:2_18:4),PC,PC,Glycerophospholipids,LipidSearch,Bronze,3
A15_181838,Pseudomonadota,Bacteria,PE(20:5_18:0),PE,PE,Glycerophospholipids,LipidSearch,Gold,4
A15_183830,Pseudomonadota,Bacteria,PE(20:5_18:0),PE,PE,Glycerophospholipids,LipidSearch,Gold,4
A15_33495,Basidiomycota,Fungi,,,,,none,Unidentified,0
A15_138499,Streptophyta,Viridiplantae,,,,,none,Unidentified,0
A15_118831,Streptophyta,Viridiplantae,PC(34:5),PC,PC,Glycerophospholipids,LipidSearch,Bronze,3
A15_125618,Streptophyta,Viridiplantae,MGDG(15:0_17:2),MGDG,MGDG,Glycerolipids,LipidSearch,Gold,4
A15_170431,Streptophyta,Viridiplantae,,,,,none,Unidentified,0
A15_80697,Streptophyta,Viridiplantae,,,,,none,Unidentified,0
A15_114069,Streptophyta,Viridiplantae,TG(18:2_16:0)+OO:(s),TG,TG,Glycerolipids,LipidSearch,Gold,4
A15_157667,Streptophyta,Viridiplantae,,PC/SM,PC/SM,Glycerophospholipids|Sphingolipids,MS2_diagnostic,Bronze,2
A15_101281,Streptophyta,Viridiplantae,PG(18:2_18:2),PG,PG,Glycerophospholipids,LipidSearch,Gold,4
A15_139501,Streptophyta,Viridiplantae,DG(18:3_20:4),DG,DG,Glycerolipids,LipidSearch,Gold,4
A15_220092,Streptophyta,Viridiplantae,,Sterol,Sterol,Sterol lipids,MS2_diagnostic,Bronze,2
A15_55095,Streptophyta,Viridiplantae,,,,,none,Unidentified,0
A15_127976,Basidiomycota,Fungi,DG(O-18:4_18:2),DG,DG,Glycerolipids,LipidSearch,Bronze,3
A15_23364,Streptophyta,Viridiplantae,,DGTS,DGTS,Betaine lipids,MS2_diagnostic,Bronze,2
A15_142592,Streptophyta,Viridiplantae,DG(P-15:2_21:4),DG,DG,Glycerolipids,LipidSearch,Bronze,3
A15_168549,Ascomycota,Fungi,Cer(d18:2_19:2),Cer,Cer,Sphingolipids,LipidSearch,Bronze,3
A15_221251,Streptophyta,Viridiplantae,DG(O-28:8_16:0),DG,DG,Glycerolipids,LipidSearch,Gold,4
A15_125280,Streptophyta,Viridiplantae,DG(16:1_18:4),DG,DG,Glycerolipids,LipidSearch,Gold,4
A15_175123,Streptophyta,Viridiplantae,,,,,none,Unidentified,0
A15_178095,Streptophyta,Viridiplantae,DG(18:1_19:1),DG,DG,Glycerolipids,LipidSearch,Gold,4
A15_183260,Bacillota,Bacteria,PC(33:3),PC,PC,Glycerophospholipids,LipidSearch,Bronze,3
A15_209592,Streptophyta,Viridiplantae,TG(36:9_27:6),TG,TG,Glycerolipids,LipidSearch,Bronze,3
A15_72537,Streptophyta,Viridiplantae,,PC/SM,PC/SM,Glycerophospholipids|Sphingolipids,MS2_diagnostic,Bronze,2
A15_68727,Streptophyta,Viridiplantae,,PC/SM,PC/SM,Glycerophospholipids|Sphingolipids,MS2_diagnostic,Bronze,2
A15_188731,Streptophyta,Viridiplantae,,,,,none,Unidentified,0
A15_46388,Basidiomycota,Fungi,,,,,none,Unidentified,0
A15_48095,Basidiomycota,Fungi,,,,,none,Unidentified,0
A15_48953,Basidiomycota,Fungi,,,,,none,Unidentified,0
A15_89626,Streptophyta,Viridiplantae,DG(P-7:0_19:3),DG,DG,Glycerolipids,LipidSearch,Gold,4
A15_209023,Discosea,Protists,PG(O-24:0_17:3),PG,PG,Glycerophospholipids,LipidSearch,Bronze,3
A15_167314,Streptophyta,Viridiplantae,PA(16:0_18:2),PA,PA,Glycerophospholipids,LipidSearch,Gold,4
A15_156842,Streptophyta,Viridiplantae,,Terpenoid,Terpenoid,Prenol lipids,MS2_diagnostic,Bronze,2
A15_60490,Streptophyta,Viridiplantae,,Terpenoid,Terpenoid,Prenol lipids,MS2_diagnostic,Bronze,2
A15_25987,Methanobacteriota,Archaea,,,,,none,Unidentified,0
A15_27168,Methanobacteriota,Archaea,,,,,none,Unidentified,0
A15_97716,Streptophyta,Viridiplantae,TG(18:2_16:1)+O:(s),TG,TG,Glycerolipids,LipidSearch,Bronze,3
A15_199969,Streptophyta,Viridiplantae,TG(18:2_18:3_18:3)+O:(s),TG,TG,Glycerolipids,LipidSearch,Gold,4
A15_58132,Streptophyta,Viridiplantae,TG(18:1_18:3)+OO:(s),TG,TG,Glycerolipids,LipidSearch,Bronze,3
A15_162102,Pseudomonadota,Bacteria,PS(16:0_20:4),PS,PS,Glycerophospholipids,LipidSearch,Gold,4
A15_177310,Actinomycetota,Bacteria,DG(O-15:1_18:2),DG,DG,Glycerolipids,LipidSearch,Bronze,3
A15_199094,Streptophyta,Viridiplantae,,Sterol,Sterol,Sterol lipids,MS2_diagnostic,Bronze,2
A15_127143,Basidiomycota,Fungi,,,,,none,Unidentified,0
A15_94426,Streptophyta,Viridiplantae,TG(9:0_26:6)+O:(s),TG,TG,Glycerolipids,LipidSearch,Gold,4
A15_45977,Basidiomycota,Fungi,MG(O-25:8),MG,MG,Glycerolipids,LipidSearch,Bronze,3
A15_31183,Streptophyta,Viridiplantae,MG(16:0),MG,MG,Glycerolipids,LipidSearch,Gold,4
A15_133981,Bacillota,Bacteria,DG(O-5:0_24:0),DG,DG,Glycerolipids,LipidSearch,Bronze,3
A15_75548,Streptophyta,Viridiplantae,,Glycolipid,Glycolipid,Glycerolipids,MS2_diagnostic,Bronze,2
A15_181613,Streptophyta,Viridiplantae,Cer(d18:2_20:1),Cer,Cer,Sphingolipids,LipidSearch,Bronze,3
A15_121135,Heterolobosea,Protists,LPC(O-30:4),LPC,LPC,Glycerophospholipids,LipidSearch,Bronze,3
A15_79581,Streptophyta,Viridiplantae,,,,,none,Unidentified,0
A15_126404,Streptophyta,Viridiplantae,TG(16:2_25:4)+O:(s),TG,TG,Glycerolipids,LipidSearch,Bronze,3
A15_118067,Streptophyta,Viridiplantae,TG(18:2_18:1)+O:(s),TG,TG,Glycerolipids,LipidSearch,Gold,4
A15_79039,Streptophyta,Viridiplantae,,,,,none,Unidentified,0
A15_10175,Streptophyta,Viridiplantae,,Terpenoid,Terpenoid,Prenol lipids,MS2_diagnostic,Bronze,2
A15_68196,Streptophyta,Viridiplantae,DG(P-7:0_19:3),DG,DG,Glycerolipids,LipidSearch,Gold,4
A15_199071,Streptophyta,Viridiplantae,DGDG(8:0_22:2),DGDG,DGDG,Glycerolipids,LipidSearch,Bronze,3
A15_217349,Streptophyta,Viridiplantae,TG(16:1_18:3_18:4),TG,TG,Glycerolipids,LipidSearch,Gold,4
A15_224553,Streptophyta,Viridiplantae,,Sterol,Sterol,Sterol lipids,MS2_diagnostic,Bronze,2
A15_176953,Streptophyta,Viridiplantae,,Terpenoid,Terpenoid,Prenol lipids,MS2_diagnostic,Bronze,2
A15_153508,Streptophyta,Viridiplantae,,Sterol,Sterol,Sterol lipids,MS2_diagnostic,Bronze,2
A15_7281,Streptophyta,Viridiplantae,,Glycolipid,Glycolipid,Glycerolipids,MS2_diagnostic,Bronze,2
A15_12358,Streptophyta,Viridiplantae,,Terpenoid,Terpenoid,Prenol lipids,MS2_diagnostic,Bronze,2
A15_17789,Streptophyta,Viridiplantae,,Terpenoid,Terpenoid,Prenol lipids,MS2_diagnostic,Bronze,2
A15_187833,Streptophyta,Viridiplantae,,,,,none,Unidentified,0
A15_115402,Streptophyta,Viridiplantae,MG(O-26:6),MG,MG,Glycerolipids,LipidSearch,Bronze,3
A15_42920,Streptophyta,Viridiplantae,,PC/SM,PC/SM,Glycerophospholipids|Sphingolipids,MS2_diagnostic,Bronze,2
A15_195300,Streptophyta,Viridiplantae,,Hopanoid,Hopanoid,Prenol lipids,MS2_diagnostic,Bronze,2
A15_17438,Methanobacteriota,Archaea,,,,,none,Unidentified,0
A15_86680,Streptophyta,Viridiplantae,,Terpenoid,Terpenoid,Prenol lipids,MS2_diagnostic,Bronze,2
A15_53587,Streptophyta,Viridiplantae,,PC/SM,PC/SM,Glycerophospholipids|Sphingolipids,MS2_diagnostic,Bronze,2
A15_139749,Streptophyta,Viridiplantae,TG(O-13:0_26:4_2:0),TG,TG,Glycerolipids,LipidSearch,Bronze,3
A15_71001,Streptophyta,Viridiplantae,TG(9:0_16:0)+O:(s),TG,TG,Glycerolipids,LipidSearch,Gold,4
A15_167571,Streptophyta,Viridiplantae,TG(9:0_14:0_20:5)+O:(s),TG,TG,Glycerolipids,LipidSearch,Gold,4
A15_226290,Streptophyta,Viridiplantae,,,,,none,Unidentified,0
A15_138234,Streptophyta,Viridiplantae,PG(16:1_18:2),PG,PG,Glycerophospholipids,LipidSearch,Gold,4
A15_101464,Streptophyta,Viridiplantae,PG(18:3_16:0),PG,PG,Glycerophospholipids,LipidSearch,Gold,4
A15_100823,Streptophyta,Viridiplantae,TG(P-18:3_21:6),TG,TG,Glycerolipids,LipidSearch,Bronze,3
A15_131527,Streptophyta,Viridiplantae,DG(16:2_18:3),DG,DG,Glycerolipids,LipidSearch,Gold,4
A15_201236,Streptophyta,Viridiplantae,TG(O-22:6_18:3_18:4),TG,TG,Glycerolipids,LipidSearch,Bronze,3
A15_160292,Streptophyta,Viridiplantae,PE(15:0_18:1),PE,PE,Glycerophospholipids,LipidSearch,Gold,4
A15_4743,Streptophyta,Viridiplantae,DG(18:2),DG,DG,Glycerolipids,LipidSearch,Bronze,3
A15_137178,Streptophyta,Viridiplantae,,,,,none,Unidentified,0
A15_15341,Streptophyta,Viridiplantae,,,,,none,Unidentified,0
A15_4619,Streptophyta,Viridiplantae,,Terpenoid,Terpenoid,Prenol lipids,MS2_diagnostic,Bronze,2
A15_190639,Streptophyta,Viridiplantae,,,,,none,Unidentified,0
A15_145822,Streptophyta,Viridiplantae,,,,,none,Unidentified,0
A15_52540,Streptophyta,Viridiplantae,MG(O-26:7),MG,MG,Glycerolipids,LipidSearch,Bronze,3
A15_73242,Streptophyta,Viridiplantae,,Terpenoid,Terpenoid,Prenol lipids,MS2_diagnostic,Bronze,2
A15_69093,Streptophyta,Viridiplantae,,,,,none,Unidentified,0
A15_130299,Streptophyta,Viridiplantae,,,,,none,Unidentified,0
A15_47259,Streptophyta,Viridiplantae,,,,,none,Unidentified,0
A15_122125,Streptophyta,Viridiplantae,,PC/SM,PC/SM,Glycerophospholipids|Sphingolipids,MS2_diagnostic,Bronze,2
A15_76655,Basidiomycota,Fungi,,,,,none,Unidentified,0
A15_15101,Bacillota,Bacteria,,,,,none,Unidentified,0
A15_129612,Streptophyta,Viridiplantae,,,,,none,Unidentified,0
A15_122144,Streptophyta,Viridiplantae,PI(26:7_18:3),PI,PI,Glycerophospholipids,LipidSearch,Bronze,3
A15_148750,Streptophyta,Viridiplantae,PC(33:2),PC,PC,Glycerophospholipids,LipidSearch,Bronze,3
A15_85706,Streptophyta,Viridiplantae,DG(6:0_21:2),DG,DG,Glycerolipids,LipidSearch,Bronze,3
A15_111954,Basidiomycota,Fungi,,,,,none,Unidentified,0
A15_87018,Streptophyta,Viridiplantae,DG(O-16:3_16:0),DG,DG,Glycerolipids,LipidSearch,Bronze,3
A15_182281,Streptophyta,Viridiplantae,TG(18:2_24:1),TG,TG,Glycerolipids,LipidSearch,Bronze,3
A15_185086,Streptophyta,Viridiplantae,TG(18:2_24:1),TG,TG,Glycerolipids,LipidSearch,Bronze,3
A15_9418,Streptophyta,Viridiplantae,,,,,none,Unidentified,0
A15_209211,Streptophyta,Viridiplantae,,Ubiquinone,Ubiquinone,Prenol lipids,MS2_diagnostic,Bronze,2
A15_204140,Streptophyta,Viridiplantae,,,,,none,Unidentified,0
A15_192190,Streptophyta,Viridiplantae,,,,,none,Unidentified,0
A15_111181,Streptophyta,Viridiplantae,,PC/SM,PC/SM,Glycerophospholipids|Sphingolipids,MS2_diagnostic,Bronze,2
A15_201388,Streptophyta,Viridiplantae,,,,,none,Unidentified,0
A15_210433,Streptophyta,Viridiplantae,,,,,none,Unidentified,0
A15_77889,Streptophyta,Viridiplantae,DG(16:3_18:4),DG,DG,Glycerolipids,LipidSearch,Gold,4
A15_25708,Streptophyta,Viridiplantae,,Terpenoid,Terpenoid,Prenol lipids,MS2_diagnostic,Bronze,2
A15_167435,Streptophyta,Viridiplantae,PC(35:2),PC,PC,Glycerophospholipids,LipidSearch,Bronze,3
A15_222455,Bacillota,Bacteria,,,,,none,Unidentified,0
A15_171695,Streptophyta,Viridiplantae,,,,,none,Unidentified,0
A15_12742,Streptophyta,Viridiplantae,,Terpenoid,Terpenoid,Prenol lipids,MS2_diagnostic,Bronze,2
A15_117657,Streptophyta,Viridiplantae,,,,,none,Unidentified,0
A15_124939,Streptophyta,Viridiplantae,,,,,none,Unidentified,0
A15_33537,Bacillota,Bacteria,,,,,none,Unidentified,0
A15_30163,Bacillota,Bacteria,,,,,none,Unidentified,0
A15_102141,Streptophyta,Viridiplantae,,,,,none,Unidentified,0
A15_149733,Basidiomycota,Fungi,Cer(d18:2_16:0),Cer,Cer,Sphingolipids,LipidSearch,Bronze,3
A15_106941,Streptophyta,Viridiplantae,DG(O-16:2_18:3),DG,DG,Glycerolipids,LipidSearch,Bronze,3
A15_166192,Streptophyta,Viridiplantae,,,,,none,Unidentified,0
A15_130131,Streptophyta,Viridiplantae,PI(26:7_18:2),PI,PI,Glycerophospholipids,LipidSearch,Bronze,3
A15_9237,Streptophyta,Viridiplantae,,,,,none,Unidentified,0
A15_113076,Streptophyta,Viridiplantae,TG(13:1_10:0_18:3)+OO:(s),TG,TG,Glycerolipids,LipidSearch,Bronze,3
A15_129636,Streptophyta,Viridiplantae,PI(15:0_16:0),PI,PI,Glycerophospholipids,LipidSearch,Gold,4
A15_90665,Streptophyta,Viridiplantae,,PC/SM,PC/SM,Glycerophospholipids|Sphingolipids,MS2_diagnostic,Bronze,2
A15_159415,Streptophyta,Viridiplantae,DG(16:1_18:3),DG,DG,Glycerolipids,LipidSearch,Gold,4
A15_91110,Streptophyta,Viridiplantae,,PC/SM,PC/SM,Glycerophospholipids|Sphingolipids,MS2_diagnostic,Bronze,2
A15_119223,Streptophyta,Viridiplantae,PE(16:2_18:3),PE,PE,Glycerophospholipids,LipidSearch,Gold,4
A15_159701,Pseudomonadota,Bacteria,,,,,none,Unidentified,0
A15_21731,Streptophyta,Viridiplantae,,,,,none,Unidentified,0
A15_46534,Methanobacteriota,Archaea,,,,,none,Unidentified,0
A15_124784,Streptophyta,Viridiplantae,PEt(22:2_18:3),PEt,PEt,Glycerophospholipids,LipidSearch,Bronze,3
A15_167031,Streptophyta,Viridiplantae,DGDG(18:0_18:3),DGDG,DGDG,Glycerolipids,LipidSearch,Gold,4
A15_207005,Streptophyta,Viridiplantae,PI(24:7_16:0),PI,PI,Glycerophospholipids,LipidSearch,Bronze,3
A15_122407,Streptophyta,Viridiplantae,TG(18:2_16:0)+OO:(s),TG,TG,Glycerolipids,LipidSearch,Bronze,3
A15_56781,Streptophyta,Viridiplantae,PG(18:2_18:3),PG,PG,Glycerophospholipids,LipidSearch,Gold,4
A15_110851,Streptophyta,Viridiplantae,,Terpenoid,Terpenoid,Prenol lipids,MS2_diagnostic,Bronze,2
A15_69056,Streptophyta,Viridiplantae,,PC/SM,PC/SM,Glycerophospholipids|Sphingolipids,MS2_diagnostic,Bronze,2
A15_137986,Bacillota,Bacteria,PE(16:1_14:0),PE,PE,Glycerophospholipids,LipidSearch,Gold,4
A15_175269,Basidiomycota,Fungi,DG(P-15:2_18:1),DG,DG,Glycerolipids,LipidSearch,Gold,4
A15_172530,Basidiomycota,Fungi,DG(P-15:2_18:1),DG,DG,Glycerolipids,LipidSearch,Gold,4
A15_75098,Streptophyta,Viridiplantae,,,,,none,Unidentified,0
A15_88960,Streptophyta,Viridiplantae,TG(37:6)+O:(s),TG,TG,Glycerolipids,LipidSearch,Bronze,3
A15_182013,Bacillota,Bacteria,DG(O-17:2_17:3),DG,DG,Glycerolipids,LipidSearch,Bronze,3
A15_177586,Bacillota,Bacteria,DG(P-18:4_16:0),DG,DG,Glycerolipids,LipidSearch,Bronze,3
A15_9665,Streptophyta,Viridiplantae,,Terpenoid,Terpenoid,Prenol lipids,MS2_diagnostic,Bronze,2
A15_118544,Streptophyta,Viridiplantae,,Terpenoid,Terpenoid,Prenol lipids,MS2_diagnostic,Bronze,2
A15_69025,Streptophyta,Viridiplantae,,PC/SM,PC/SM,Glycerophospholipids|Sphingolipids,MS2_diagnostic,Bronze,2
A15_64985,Streptophyta,Viridiplantae,,PC/SM,PC/SM,Glycerophospholipids|Sphingolipids,MS2_diagnostic,Bronze,2
A15_107679,Streptophyta,Viridiplantae,MGDG(16:2_16:3),MGDG,MGDG,Glycerolipids,LipidSearch,Gold,4
A15_82224,Streptophyta,Viridiplantae,,PC/SM,PC/SM,Glycerophospholipids|Sphingolipids,MS2_diagnostic,Bronze,2
A15_47524,Mucoromycota,Fungi,LPC(O-18:3),LPC,LPC,Glycerophospholipids,LipidSearch,Bronze,3
A15_44809,Mucoromycota,Fungi,LPC(O-18:3),LPC,LPC,Glycerophospholipids,LipidSearch,Bronze,3
A15_113837,Streptophyta,Viridiplantae,,,,,none,Unidentified,0
A15_95102,Streptophyta,Viridiplantae,,,,,none,Unidentified,0
A15_143776,Pseudomonadota,Bacteria,TG(25:4_23:6),TG,TG,Glycerolipids,LipidSearch,Bronze,3
A15_224121,Bacillota,Bacteria,,,,,none,Unidentified,0
A15_79002,Streptophyta,Viridiplantae,,PC/SM,PC/SM,Glycerophospholipids|Sphingolipids,MS2_diagnostic,Bronze,2
A15_77770,Streptophyta,Viridiplantae,,PC/SM,PC/SM,Glycerophospholipids|Sphingolipids,MS2_diagnostic,Bronze,2
A15_210919,Streptophyta,Viridiplantae,,,,,none,Unidentified,0
A15_91356,Streptophyta,Viridiplantae,TG(19:2_6:0_6:0)+O:(s),TG,TG,Glycerolipids,LipidSearch,Gold,4
A15_166286,Pseudomonadota,Bacteria,PS(36:2),PS,PS,Glycerophospholipids,LipidSearch,Bronze,3
A15_75756,Streptophyta,Viridiplantae,,PC/SM,PC/SM,Glycerophospholipids|Sphingolipids,MS2_diagnostic,Bronze,2
A15_188616,Streptophyta,Viridiplantae,,,,,none,Unidentified,0
A15_128423,Basidiomycota,Fungi,PE(33:4),PE,PE,Glycerophospholipids,LipidSearch,Bronze,3
A15_126660,Basidiomycota,Fungi,PE(33:4),PE,PE,Glycerophospholipids,LipidSearch,Bronze,3
A15_109133,Streptophyta,Viridiplantae,,Terpenoid,Terpenoid,Prenol lipids,MS2_diagnostic,Bronze,2
A15_183779,Pseudomonadota,Bacteria,PC(34:2),PC,PC,Glycerophospholipids,LipidSearch,Bronze,3
A15_66550,Streptophyta,Viridiplantae,,PC/SM,PC/SM,Glycerophospholipids|Sphingolipids,MS2_diagnostic,Bronze,2
A15_55223,Streptophyta,Viridiplantae,MG(O-26:6),MG,MG,Glycerolipids,LipidSearch,Bronze,3
A15_180048,Discosea,Protists,,,,,none,Unidentified,0
A15_177306,Discosea,Protists,,,,,none,Unidentified,0
A15_178532,Discosea,Protists,,,,,none,Unidentified,0
A15_157843,Streptophyta,Viridiplantae,,,,,none,Unidentified,0
A15_179828,Streptophyta,Viridiplantae,DG(16:0_30:6),DG,DG,Glycerolipids,LipidSearch,Bronze,3
A15_35567,Streptophyta,Viridiplantae,DG(30:6),DG,DG,Glycerolipids,LipidSearch,Bronze,3
A15_175576,Pseudomonadota,Bacteria,PS(38:4),PS,PS,Glycerophospholipids,LipidSearch,Bronze,3
A15_178233,Pseudomonadota,Bacteria,PS(38:4),PS,PS,Glycerophospholipids,LipidSearch,Bronze,3
A15_114504,Streptophyta,Viridiplantae,,Terpenoid,Terpenoid,Prenol lipids,MS2_diagnostic,Bronze,2
A15_98543,Streptophyta,Viridiplantae,,Terpenoid,Terpenoid,Prenol lipids,MS2_diagnostic,Bronze,2
A15_59726,Streptophyta,Viridiplantae,DG(16:2_18:3),DG,DG,Glycerolipids,LipidSearch,Gold,4
A15_180315,Pseudomonadota,Bacteria,,,,,none,Unidentified,0
A15_120895,Bacillota,Bacteria,WE(O-33:6),WE,WE,Fatty acyls,LipidSearch,Bronze,3
A15_120692,Bacillota,Bacteria,,,,,none,Unidentified,0
A15_151257,Pseudomonadota,Bacteria,,,,,none,Unidentified,0
A15_153034,Pseudomonadota,Bacteria,,,,,none,Unidentified,0
A15_154126,Pseudomonadota,Bacteria,,,,,none,Unidentified,0
A15_98878,Streptophyta,Viridiplantae,,PC/SM,PC/SM,Glycerophospholipids|Sphingolipids,MS2_diagnostic,Bronze,2
A15_164616,Bacillota,Bacteria,,,,,none,Unidentified,0
A15_163538,Bacillota,Bacteria,,,,,none,Unidentified,0
A15_169924,Streptophyta,Viridiplantae,,Sterol,Sterol,Sterol lipids,MS2_diagnostic,Bronze,2
A15_129415,Streptophyta,Viridiplantae,,,,,none,Unidentified,0
A15_147080,Streptophyta,Viridiplantae,,,,,none,Unidentified,0
A15_58627,Ascomycota,Fungi,DG(P-25:6),DG,DG,Glycerolipids,LipidSearch,Bronze,3
A15_203792,Bacillota,Bacteria,SM(d43:5),SM,SM,Sphingolipids,LipidSearch,Bronze,3
A15_157174,Streptophyta,Viridiplantae,,,,,none,Unidentified,0
A15_149487,Pseudomonadota,Bacteria,PE(32:1),PE,PE,Glycerophospholipids,LipidSearch,Bronze,3
A15_147603,Pseudomonadota,Bacteria,PC(29:1),PC,PC,Glycerophospholipids,LipidSearch,Bronze,3
A15_7335,Streptophyta,Viridiplantae,,PC/SM,PC/SM,Glycerophospholipids|Sphingolipids,MS2_diagnostic,Bronze,2
A15_210920,Streptophyta,Viridiplantae,,,,,none,Unidentified,0
A15_58354,Ascomycota,Fungi,,,,,none,Unidentified,0
A15_7197,Streptophyta,Viridiplantae,,Terpenoid,Terpenoid,Prenol lipids,MS2_diagnostic,Bronze,2
A15_106396,Streptophyta,Viridiplantae,,,,,none,Unidentified,0
A15_71769,Streptophyta,Viridiplantae,CL(P-23:2_16:0),CL,CL,Glycerophospholipids,LipidSearch,Bronze,3
A15_178857,Pseudomonadota,Bacteria,PC(36:2),PC,PC,Glycerophospholipids,LipidSearch,Bronze,3
A15_177679,Pseudomonadota,Bacteria,PC(36:2),PC,PC,Glycerophospholipids,LipidSearch,Bronze,3
A15_103374,Streptophyta,Viridiplantae,,PC/SM,PC/SM,Glycerophospholipids|Sphingolipids,MS2_diagnostic,Bronze,2
A15_61645,Streptophyta,Viridiplantae,MGDG(34:7),MGDG,MGDG,Glycerolipids,LipidSearch,Bronze,3
A15_97418,Streptophyta,Viridiplantae,,PC/SM,PC/SM,Glycerophospholipids|Sphingolipids,MS2_diagnostic,Bronze,2
A15_151539,Basidiomycota,Fungi,,,,,none,Unidentified,0
A15_110355,Streptophyta,Viridiplantae,,Terpenoid,Terpenoid,Prenol lipids,MS2_diagnostic,Bronze,2
A15_129740,Streptophyta,Viridiplantae,MGDG(16:1_18:2),MGDG,MGDG,Glycerolipids,LipidSearch,Gold,4
A15_224135,Streptophyta,Viridiplantae,,Sterol,Sterol,Sterol lipids,MS2_diagnostic,Bronze,2
A15_50009,Streptophyta,Viridiplantae,PEt(O-15:0_13:0),PEt,PEt,Glycerophospholipids,LipidSearch,Bronze,3
A15_88916,Streptophyta,Viridiplantae,PG(P-18:4_19:1),PG,PG,Glycerophospholipids,LipidSearch,Bronze,3
A15_106388,Bacillota,Bacteria,,,,,none,Unidentified,0
A15_135051,Streptophyta,Viridiplantae,,Terpenoid,Terpenoid,Prenol lipids,MS2_diagnostic,Bronze,2
A15_130217,Streptophyta,Viridiplantae,DG(P-18:4_16:2),DG,DG,Glycerolipids,LipidSearch,Bronze,3
A15_179442,Streptophyta,Viridiplantae,,,,,none,Unidentified,0
A15_109364,Streptophyta,Viridiplantae,MG(P-28:8),MG,MG,Glycerolipids,LipidSearch,Bronze,3
A15_78344,Streptophyta,Viridiplantae,TG(23:3_3:0_3:0),TG,TG,Glycerolipids,LipidSearch,Gold,4
A15_63088,Streptophyta,Viridiplantae,,PC/SM,PC/SM,Glycerophospholipids|Sphingolipids,MS2_diagnostic,Bronze,2
A15_175023,Streptophyta,Viridiplantae,,,,,none,Unidentified,0
A15_111953,Bacillota,Bacteria,,,,,none,Unidentified,0
A15_79126,Streptophyta,Viridiplantae,,PS,PS,Glycerophospholipids,MS2_diagnostic,Bronze,2
A15_224960,Streptophyta,Viridiplantae,,Sterol,Sterol,Sterol lipids,MS2_diagnostic,Bronze,2
A15_50789,Streptophyta,Viridiplantae,,DGTS,DGTS,Betaine lipids,MS2_diagnostic,Bronze,2
A15_128479,Streptophyta,Viridiplantae,,,,,none,Unidentified,0
A15_110685,Pseudomonadota,Bacteria,PG(O-18:3_13:1),PG,PG,Glycerophospholipids,LipidSearch,Bronze,3
A15_156714,Streptophyta,Viridiplantae,PI(21:0_15:2),PI,PI,Glycerophospholipids,LipidSearch,Gold,4
A15_53041,Streptophyta,Viridiplantae,,,,,none,Unidentified,0
A15_180393,Pseudomonadota,Bacteria,TG(37:2_3:0)+OO:(s),TG,TG,Glycerolipids,LipidSearch,Bronze,3
A15_175517,Pseudomonadota,Bacteria,TG(36:2_4:0)+OO:(s),TG,TG,Glycerolipids,LipidSearch,Bronze,3
A15_177308,Pseudomonadota,Bacteria,TG(36:2_4:0)+OO:(s),TG,TG,Glycerolipids,LipidSearch,Bronze,3
A15_178961,Pseudomonadota,Bacteria,TG(37:2_3:0)+OO:(s),TG,TG,Glycerolipids,LipidSearch,Bronze,3
A15_173577,Pseudomonadota,Bacteria,TG(36:2_4:0)+OO:(s),TG,TG,Glycerolipids,LipidSearch,Bronze,3
A15_108044,Streptophyta,Viridiplantae,TG(O-6:0_7:0_18:3),TG,TG,Glycerolipids,LipidSearch,Gold,4
A15_157842,Streptophyta,Viridiplantae,,,,,none,Unidentified,0
A15_150599,Streptophyta,Viridiplantae,,PE,PE,Glycerophospholipids,MS2_diagnostic,Bronze,2
A15_155208,Streptophyta,Viridiplantae,MePC(34:5),MePC,MePC,Glycerophospholipids,LipidSearch,Bronze,3
A15_154222,Streptophyta,Viridiplantae,MePC(34:5),MePC,MePC,Glycerophospholipids,LipidSearch,Bronze,3
A15_62964,Streptophyta,Viridiplantae,,,,,none,Unidentified,0
A15_102532,Bacillota,Bacteria,,,,,none,Unidentified,0
A15_181482,Pseudomonadota,Bacteria,PC(34:2),PC,PC,Glycerophospholipids,LipidSearch,Bronze,3
A15_180458,Pseudomonadota,Bacteria,PC(34:2),PC,PC,Glycerophospholipids,LipidSearch,Bronze,3
A15_150567,Streptophyta,Viridiplantae,,Ceramide,Ceramide,Sphingolipids,MS2_diagnostic,Bronze,2
A15_166442,Streptophyta,Viridiplantae,,Terpenoid,Terpenoid,Prenol lipids,MS2_diagnostic,Bronze,2
A15_117758,Streptophyta,Viridiplantae,PA(18:3_18:3),PA,PA,Glycerophospholipids,LipidSearch,Gold,4
A15_141596,Streptophyta,Viridiplantae,PE(18:1_18:2),PE,PE,Glycerophospholipids,LipidSearch,Gold,4
A15_224276,Streptophyta,Viridiplantae,,Sterol,Sterol,Sterol lipids,MS2_diagnostic,Bronze,2
A15_84667,Streptophyta,Viridiplantae,,,,,none,Unidentified,0
A15_44225,Streptophyta,Viridiplantae,,PC/SM,PC/SM,Glycerophospholipids|Sphingolipids,MS2_diagnostic,Bronze,2
A15_149774,Bacillota,Bacteria,DG(O-43:13),DG,DG,Glycerolipids,LipidSearch,Bronze,3
A15_52490,Streptophyta,Viridiplantae,,,,,none,Unidentified,0
A15_83387,Streptophyta,Viridiplantae,TG(18:2_18:3)+O:(s),TG,TG,Glycerolipids,LipidSearch,Bronze,3
A15_138168,Streptophyta,Viridiplantae,DGDG(18:1_16:3),DGDG,DGDG,Glycerolipids,LipidSearch,Gold,4
A15_31877,Streptophyta,Viridiplantae,,PC/SM,PC/SM,Glycerophospholipids|Sphingolipids,MS2_diagnostic,Bronze,2
A15_94319,Streptophyta,Viridiplantae,,Terpenoid,Terpenoid,Prenol lipids,MS2_diagnostic,Bronze,2
A15_72800,Streptophyta,Viridiplantae,,PC/SM,PC/SM,Glycerophospholipids|Sphingolipids,MS2_diagnostic,Bronze,2
A15_86092,Streptophyta,Viridiplantae,,,,,none,Unidentified,0
A15_75714,Streptophyta,Viridiplantae,,PC/SM,PC/SM,Glycerophospholipids|Sphingolipids,MS2_diagnostic,Bronze,2
A15_98660,Streptophyta,Viridiplantae,,PC/SM,PC/SM,Glycerophospholipids|Sphingolipids,MS2_diagnostic,Bronze,2
A15_163958,Streptophyta,Viridiplantae,,,,,none,Unidentified,0
A15_92170,Streptophyta,Viridiplantae,BisMePA(32:4),BisMePA,BisMePA,Glycerophospholipids,LipidSearch,Bronze,3
A15_211783,Streptophyta,Viridiplantae,DGDG(8:0_23:0),DGDG,DGDG,Glycerolipids,LipidSearch,Bronze,3
A15_37672,Bacillota,Bacteria,,,,,none,Unidentified,0
A15_162261,Streptophyta,Viridiplantae,DG(21:1_14:2),DG,DG,Glycerolipids,LipidSearch,Bronze,3
A15_147181,Streptophyta,Viridiplantae,,,,,none,Unidentified,0
A15_160131,Streptophyta,Viridiplantae,TG(18:4_8:0_16:1)+O:(s),TG,TG,Glycerolipids,LipidSearch,Bronze,3
A15_118241,Streptophyta,Viridiplantae,PE(18:2_18:3),PE,PE,Glycerophospholipids,LipidSearch,Gold,4
A15_132780,Streptophyta,Viridiplantae,,Terpenoid,Terpenoid,Prenol lipids,MS2_diagnostic,Bronze,2
A15_8059,Basidiomycota,Fungi,PC(18:1),PC,PC,Glycerophospholipids,LipidSearch,Bronze,3
A15_92422,Streptophyta,Viridiplantae,PI(16:0_16:0),PI,PI,Glycerophospholipids,LipidSearch,Gold,4
A15_16279,Streptophyta,Viridiplantae,TG(19:4_4:0_4:0),TG,TG,Glycerolipids,LipidSearch,Bronze,3
A15_142377,Streptophyta,Viridiplantae,DG(18:3_18:4),DG,DG,Glycerolipids,LipidSearch,Gold,4
A15_146013,Bacillota,Bacteria,PG(16:0_18:3),PG,PG,Glycerophospholipids,LipidSearch,Gold,4
A15_173242,Streptophyta,Viridiplantae,,Sterol,Sterol,Sterol lipids,MS2_diagnostic,Bronze,2
A15_11841,Streptophyta,Viridiplantae,,PC/SM,PC/SM,Glycerophospholipids|Sphingolipids,MS2_diagnostic,Bronze,2
A15_162552,Streptophyta,Viridiplantae,TG(P-21:6_18:3_20:6),TG,TG,Glycerolipids,LipidSearch,Bronze,3
A15_225604,Pseudomonadota,Bacteria,,,,,none,Unidentified,0
A15_159628,Heterolobosea,Protists,,,,,none,Unidentified,0
A15_64339,Basidiomycota,Fungi,PG(22:5_16:0),PG,PG,Glycerophospholipids,LipidSearch,Bronze,3
A15_68047,Basidiomycota,Fungi,PG(22:5_16:0),PG,PG,Glycerophospholipids,LipidSearch,Bronze,3
A15_82434,Streptophyta,Viridiplantae,PI(18:4_16:0),PI,PI,Glycerophospholipids,LipidSearch,Gold,4
A15_27147,Streptophyta,Viridiplantae,,,,,none,Unidentified,0
A15_141130,Streptophyta,Viridiplantae,DG(16:1_18:3),DG,DG,Glycerolipids,LipidSearch,Gold,4
A15_69087,Ascomycota,Fungi,,,,,none,Unidentified,0
A15_72393,Ascomycota,Fungi,,,,,none,Unidentified,0
A15_214351,Streptophyta,Viridiplantae,,,,,none,Unidentified,0
A15_106312,Streptophyta,Viridiplantae,TG(46:13),TG,TG,Glycerolipids,LipidSearch,Bronze,3
A15_1625,Streptophyta,Viridiplantae,,,,,none,Unidentified,0
A15_58870,Streptophyta,Viridiplantae,,Terpenoid,Terpenoid,Prenol lipids,MS2_diagnostic,Bronze,2
A15_60663,Streptophyta,Viridiplantae,,PC/SM,PC/SM,Glycerophospholipids|Sphingolipids,MS2_diagnostic,Bronze,2
A15_76425,Streptophyta,Viridiplantae,Hex1Cer(d16:0_15:2),Hex1Cer,HexCer,Sphingolipids,LipidSearch,Bronze,3
A15_161710,Pseudomonadota,Bacteria,,,,,none,Unidentified,0
A15_21861,Streptophyta,Viridiplantae,,,,,none,Unidentified,0
A15_127564,Streptophyta,Viridiplantae,PA(16:3_18:1),PA,PA,Glycerophospholipids,LipidSearch,Gold,4
A15_40777,Streptophyta,Viridiplantae,,PC/SM,PC/SM,Glycerophospholipids|Sphingolipids,MS2_diagnostic,Bronze,2
A15_44121,Streptophyta,Viridiplantae,,PC/SM,PC/SM,Glycerophospholipids|Sphingolipids,MS2_diagnostic,Bronze,2
A15_82886,Streptophyta,Viridiplantae,,Terpenoid,Terpenoid,Prenol lipids,MS2_diagnostic,Bronze,2
A15_93273,Streptophyta,Viridiplantae,,Terpenoid,Terpenoid,Prenol lipids,MS2_diagnostic,Bronze,2
A15_108422,Streptophyta,Viridiplantae,MG(P-28:8),MG,MG,Glycerolipids,LipidSearch,Bronze,3
A15_138535,Streptophyta,Viridiplantae,,,,,none,Unidentified,0
A15_4172,Streptophyta,Viridiplantae,,Terpenoid,Terpenoid,Prenol lipids,MS2_diagnostic,Bronze,2
A15_170936,Streptophyta,Viridiplantae,,Terpenoid,Terpenoid,Prenol lipids,MS2_diagnostic,Bronze,2
A15_73840,Basidiomycota,Fungi,PG(15:2_18:3),PG,PG,Glycerophospholipids,LipidSearch,Bronze,3
A15_120501,Streptophyta,Viridiplantae,,Terpenoid,Terpenoid,Prenol lipids,MS2_diagnostic,Bronze,2
A15_180174,Bacillota,Bacteria,DG(15:0_16:1),DG,DG,Glycerolipids,LipidSearch,Gold,4
A15_160465,Streptophyta,Viridiplantae,,Terpenoid,Terpenoid,Prenol lipids,MS2_diagnostic,Bronze,2
A15_127171,Streptophyta,Viridiplantae,TG(37:5),TG,TG,Glycerolipids,LipidSearch,Bronze,3
A15_7560,Streptophyta,Viridiplantae,,Terpenoid,Terpenoid,Prenol lipids,MS2_diagnostic,Bronze,2
A15_1574,Streptophyta,Viridiplantae,,PC/SM,PC/SM,Glycerophospholipids|Sphingolipids,MS2_diagnostic,Bronze,2
A15_79272,Streptophyta,Viridiplantae,MG(O-26:7),MG,MG,Glycerolipids,LipidSearch,Bronze,3
A15_101783,Streptophyta,Viridiplantae,PI(20:6_16:0),PI,PI,Glycerophospholipids,LipidSearch,Gold,4
A15_206740,Streptophyta,Viridiplantae,MePC(39:10),MePC,MePC,Glycerophospholipids,LipidSearch,Bronze,3
A15_172188,Pseudomonadota,Bacteria,PS(36:1),PS,PS,Glycerophospholipids,LipidSearch,Bronze,3
A15_202558,Bacillota,Bacteria,,,,,none,Unidentified,0
A15_20503,Streptophyta,Viridiplantae,TG(P-7:0_18:3),TG,TG,Glycerolipids,LipidSearch,Bronze,3
A15_144421,Pseudomonadota,Bacteria,DG(P-15:2_18:1),DG,DG,Glycerolipids,LipidSearch,Gold,4
A15_90294,Streptophyta,Viridiplantae,TG(18:2_13:0),TG,TG,Glycerolipids,LipidSearch,Bronze,3
A15_9614,Streptophyta,Viridiplantae,,Terpenoid,Terpenoid,Prenol lipids,MS2_diagnostic,Bronze,2
A15_31010,Basidiomycota,Fungi,,,,,none,Unidentified,0
A15_73927,Basidiomycota,Fungi,,,,,none,Unidentified,0
A15_11813,Streptophyta,Viridiplantae,TG(17:3_4:0_4:0),TG,TG,Glycerolipids,LipidSearch,Bronze,3
A15_86447,Streptophyta,Viridiplantae,,PC/SM,PC/SM,Glycerophospholipids|Sphingolipids,MS2_diagnostic,Bronze,2
A15_182905,Pseudomonadota,Bacteria,,,,,none,Unidentified,0
A15_99126,Basidiomycota,Fungi,,,,,none,Unidentified,0
A15_94624,Basidiomycota,Fungi,,,,,none,Unidentified,0
A15_106074,Streptophyta,Viridiplantae,PC(P-40:12),PC,PC,Glycerophospholipids,LipidSearch,Bronze,3
A15_67219,Streptophyta,Viridiplantae,,,,,none,Unidentified,0
A15_146650,Pseudomonadota,Bacteria,TG(25:4_23:6),TG,TG,Glycerolipids,LipidSearch,Bronze,3
A15_156093,Basidiomycota,Fungi,DG(O-18:4_18:1),DG,DG,Glycerolipids,LipidSearch,Bronze,3
A15_203846,Bacillota,Bacteria,,,,,none,Unidentified,0
A15_207788,Bacillota,Bacteria,,,,,none,Unidentified,0
A15_122797,Streptophyta,Viridiplantae,,,,,none,Unidentified,0
A15_173374,Streptophyta,Viridiplantae,,PC/SM,PC/SM,Glycerophospholipids|Sphingolipids,MS2_diagnostic,Bronze,2
A15_13832,Streptophyta,Viridiplantae,,Ceramide,Ceramide,Sphingolipids,MS2_diagnostic,Bronze,2
A15_212471,Streptophyta,Viridiplantae,TG(18:2_16:0_18:3)+O:(s),TG,TG,Glycerolipids,LipidSearch,Gold,4
A15_80193,Streptophyta,Viridiplantae,,DGTS,DGTS,Betaine lipids,MS2_diagnostic,Bronze,2
A15_82629,Streptophyta,Viridiplantae,,PC/SM,PC/SM,Glycerophospholipids|Sphingolipids,MS2_diagnostic,Bronze,2
A15_85844,Streptophyta,Viridiplantae,,,,,none,Unidentified,0
A15_163631,Streptophyta,Viridiplantae,,PC/SM,PC/SM,Glycerophospholipids|Sphingolipids,MS2_diagnostic,Bronze,2
A15_163917,Streptophyta,Viridiplantae,PC(15:0_18:1),PC,PC,Glycerophospholipids,LipidSearch,Bronze,3
A15_72750,Streptophyta,Viridiplantae,,PC/SM,PC/SM,Glycerophospholipids|Sphingolipids,MS2_diagnostic,Bronze,2
A15_168802,Streptophyta,Viridiplantae,DGDG(16:0_18:1),DGDG,DGDG,Glycerolipids,LipidSearch,Gold,4
A15_106507,Streptophyta,Viridiplantae,,,,,none,Unidentified,0
A15_451,Streptophyta,Viridiplantae,,,,,none,Unidentified,0
A15_178656,Streptophyta,Viridiplantae,,PC/SM,PC/SM,Glycerophospholipids|Sphingolipids,MS2_diagnostic,Bronze,2
A15_174339,Streptophyta,Viridiplantae,,PC/SM,PC/SM,Glycerophospholipids|Sphingolipids,MS2_diagnostic,Bronze,2
A15_177359,Streptophyta,Viridiplantae,,PC/SM,PC/SM,Glycerophospholipids|Sphingolipids,MS2_diagnostic,Bronze,2
A15_175566,Streptophyta,Viridiplantae,,PC/SM,PC/SM,Glycerophospholipids|Sphingolipids,MS2_diagnostic,Bronze,2
A15_201464,Streptophyta,Viridiplantae,,,,,none,Unidentified,0
A15_79115,Streptophyta,Viridiplantae,,PC/SM,PC/SM,Glycerophospholipids|Sphingolipids,MS2_diagnostic,Bronze,2
A15_173067,Bacillota,Bacteria,PC(32:3),PC,PC,Glycerophospholipids,LipidSearch,Bronze,3
A15_13798,Methanobacteriota,Archaea,MG(17:3),MG,MG,Glycerolipids,LipidSearch,Bronze,3
A15_124726,Pseudomonadota,Bacteria,,,,,none,Unidentified,0
A15_154252,Basidiomycota,Fungi,DG(O-18:4_18:1),DG,DG,Glycerolipids,LipidSearch,Bronze,3
A15_63312,Streptophyta,Viridiplantae,,,,,none,Unidentified,0
A15_227962,Bacillota,Bacteria,DG(O-13:0_17:2),DG,DG,Glycerolipids,LipidSearch,Bronze,3
A15_145592,Streptophyta,Viridiplantae,DG(O-18:4_16:0),DG,DG,Glycerolipids,LipidSearch,Bronze,3
A15_154470,Streptophyta,Viridiplantae,DG(O-18:4_16:0),DG,DG,Glycerolipids,LipidSearch,Bronze,3
A15_183759,Streptophyta,Viridiplantae,PC(O-32:0),PC,PC,Glycerophospholipids,LipidSearch,Bronze,3
A15_77694,Streptophyta,Viridiplantae,,,,,none,Unidentified,0
A15_11279,Methanobacteriota,Archaea,,,,,none,Unidentified,0
A15_17479,Methanobacteriota,Archaea,,,,,none,Unidentified,0
A15_23038,Streptophyta,Viridiplantae,,Terpenoid,Terpenoid,Prenol lipids,MS2_diagnostic,Bronze,2
A15_53539,Streptophyta,Viridiplantae,,DGTS,DGTS,Betaine lipids,MS2_diagnostic,Bronze,2
A15_160092,Streptophyta,Viridiplantae,DG(P-15:2_19:1),DG,DG,Glycerolipids,LipidSearch,Bronze,3
A15_6698,Bacillota,Bacteria,,,,,none,Unidentified,0
A15_107473,Streptophyta,Viridiplantae,MG(P-28:8),MG,MG,Glycerolipids,LipidSearch,Bronze,3
A15_140790,Streptophyta,Viridiplantae,,Terpenoid,Terpenoid,Prenol lipids,MS2_diagnostic,Bronze,2
A15_51421,Streptophyta,Viridiplantae,,,,,none,Unidentified,0
A15_112314,Streptophyta,Viridiplantae,,Terpenoid,Terpenoid,Prenol lipids,MS2_diagnostic,Bronze,2
A15_137066,Streptophyta,Viridiplantae,,,,,none,Unidentified,0
A15_154318,Streptophyta,Viridiplantae,PC(22:1_16:0),PC,PC,Glycerophospholipids,LipidSearch,Bronze,3
A15_144751,Streptophyta,Viridiplantae,,PC/SM,PC/SM,Glycerophospholipids|Sphingolipids,MS2_diagnostic,Bronze,2
A15_179118,Streptophyta,Viridiplantae,,,,,none,Unidentified,0
A15_147650,Streptophyta,Viridiplantae,,PC/SM,PC/SM,Glycerophospholipids|Sphingolipids,MS2_diagnostic,Bronze,2
A15_61355,Streptophyta,Viridiplantae,,,,,none,Unidentified,0
A15_149678,Pseudomonadota,Bacteria,DG(O-15:0_15:0),DG,DG,Glycerolipids,LipidSearch,Bronze,3
A15_159308,Bacillota,Bacteria,DG(O-15:0_17:2),DG,DG,Glycerolipids,LipidSearch,Bronze,3
A15_62833,Streptophyta,Viridiplantae,,,,,none,Unidentified,0
A15_184885,Streptophyta,Viridiplantae,,,,,none,Unidentified,0
A15_56070,Streptophyta,Viridiplantae,,PC/SM,PC/SM,Glycerophospholipids|Sphingolipids,MS2_diagnostic,Bronze,2
A15_183056,Streptophyta,Viridiplantae,,,,,none,Unidentified,0
A15_188784,Streptophyta,Viridiplantae,,,,,none,Unidentified,0
A15_104230,Streptophyta,Viridiplantae,DGDG(16:2_17:3),DGDG,DGDG,Glycerolipids,LipidSearch,Gold,4
A15_128031,Streptophyta,Viridiplantae,DGDG(18:3_20:4),DGDG,DGDG,Glycerolipids,LipidSearch,Gold,4
A15_224114,Bacillota,Bacteria,,,,,none,Unidentified,0
A15_211185,Streptophyta,Viridiplantae,,PC/SM,PC/SM,Glycerophospholipids|Sphingolipids,MS2_diagnostic,Bronze,2
A15_156348,Basidiomycota,Fungi,PC(35:3),PC,PC,Glycerophospholipids,LipidSearch,Bronze,3
A15_204779,Streptophyta,Viridiplantae,TG(18:2_18:2_18:3)+OO:(s),TG,TG,Glycerolipids,LipidSearch,Gold,4
A15_31574,Streptophyta,Viridiplantae,,,,,none,Unidentified,0
A15_64055,Streptophyta,Viridiplantae,PG(29:7_18:3),PG,PG,Glycerophospholipids,LipidSearch,Bronze,3
A15_114220,Streptophyta,Viridiplantae,DGDG(16:2_18:3),DGDG,DGDG,Glycerolipids,LipidSearch,Gold,4
A15_218502,Streptophyta,Viridiplantae,,Sterol,Sterol,Sterol lipids,MS2_diagnostic,Bronze,2
A15_65209,Streptophyta,Viridiplantae,,,,,none,Unidentified,0
A15_201235,Streptophyta,Viridiplantae,TG(24:1_20:5),TG,TG,Glycerolipids,LipidSearch,Bronze,3
A15_9874,Basidiomycota,Fungi,PS(P-5:0_13:1),PS,PS,Glycerophospholipids,LipidSearch,Gold,4
A15_124356,Streptophyta,Viridiplantae,,,,,none,Unidentified,0
A15_64274,Streptophyta,Viridiplantae,DGDG(18:3_18:4),DGDG,DGDG,Glycerolipids,LipidSearch,Gold,4
A15_49733,Discosea,Protists,LPE(18:0),LPE,LPE,Glycerophospholipids,LipidSearch,Gold,4
A15_47783,Discosea,Protists,LPE(18:0),LPE,LPE,Glycerophospholipids,LipidSearch,Gold,4
A15_53532,Discosea,Protists,LPE(18:0),LPE,LPE,Glycerophospholipids,LipidSearch,Gold,4
A15_51468,Discosea,Protists,LPE(18:0),LPE,LPE,Glycerophospholipids,LipidSearch,Gold,4
A15_80284,Basidiomycota,Fungi,,,,,none,Unidentified,0
A15_83256,Basidiomycota,Fungi,,,,,none,Unidentified,0
A15_40723,Basidiomycota,Fungi,WE(O-26:6),WE,WE,Fatty acyls,LipidSearch,Bronze,3
A15_128581,Pseudomonadota,Bacteria,,,,,none,Unidentified,0
A15_158336,Streptophyta,Viridiplantae,PI(21:0_15:2),PI,PI,Glycerophospholipids,LipidSearch,Gold,4
A15_72292,Streptophyta,Viridiplantae,,,,,none,Unidentified,0
A15_19893,Streptophyta,Viridiplantae,,Ceramide,Ceramide,Sphingolipids,MS2_diagnostic,Bronze,2
A15_173475,Streptophyta,Viridiplantae,,,,,none,Unidentified,0
A15_179959,Streptophyta,Viridiplantae,TG(18:2_18:3_18:3)+OO:(s),TG,TG,Glycerolipids,LipidSearch,Gold,4
A15_122307,Streptophyta,Viridiplantae,TG(18:1_16:0)+O:(s),TG,TG,Glycerolipids,LipidSearch,Gold,4
A15_175592,Streptophyta,Viridiplantae,AcHexCmE(12:0),AcHexCmE,AcHexCmE,Sterol lipids,LipidSearch,Gold,4
A15_195722,Bacillota,Bacteria,TG(30:1_14:0),TG,TG,Glycerolipids,LipidSearch,Bronze,3
A15_200132,Bacillota,Bacteria,,,,,none,Unidentified,0
A15_86297,Streptophyta,Viridiplantae,,PC/SM,PC/SM,Glycerophospholipids|Sphingolipids,MS2_diagnostic,Bronze,2
A15_61858,Streptophyta,Viridiplantae,,,,,none,Unidentified,0
A15_166748,Pseudomonadota,Bacteria,PS(16:0_18:1),PS,PS,Glycerophospholipids,LipidSearch,Gold,4
A15_163126,Pseudomonadota,Bacteria,PS(16:0_18:1),PS,PS,Glycerophospholipids,LipidSearch,Gold,4
A15_165133,Pseudomonadota,Bacteria,PS(16:0_18:1),PS,PS,Glycerophospholipids,LipidSearch,Gold,4
A15_109292,Streptophyta,Viridiplantae,,,,,none,Unidentified,0
A15_48044,Methanobacteriota,Archaea,,,,,none,Unidentified,0
A15_69170,Streptophyta,Viridiplantae,,PC/SM,PC/SM,Glycerophospholipids|Sphingolipids,MS2_diagnostic,Bronze,2
A15_57348,Basidiomycota,Fungi,,,,,none,Unidentified,0
A15_95945,Ascomycota,Fungi,,,,,none,Unidentified,0
A15_165726,Pseudomonadota,Bacteria,DG(O-18:3_17:1),DG,DG,Glycerolipids,LipidSearch,Bronze,3
A15_15586,Ascomycota,Fungi,,,,,none,Unidentified,0
A15_12217,Ascomycota,Fungi,,,,,none,Unidentified,0
A15_128735,Streptophyta,Viridiplantae,DG(18:3_16:2),DG,DG,Glycerolipids,LipidSearch,Gold,4
A15_5817,Streptophyta,Viridiplantae,TG(27:4)+OO:(s),TG,TG,Glycerolipids,LipidSearch,Bronze,3
A15_127170,Ascomycota,Fungi,,Terpenoid,Terpenoid,Prenol lipids,MS2_diagnostic,Bronze,2
A15_204052,Streptophyta,Viridiplantae,,,,,none,Unidentified,0
A15_57299,Streptophyta,Viridiplantae,,PC/SM,PC/SM,Glycerophospholipids|Sphingolipids,MS2_diagnostic,Bronze,2
A15_178327,Streptophyta,Viridiplantae,Cer(d18:2_20:1),Cer,Cer,Sphingolipids,LipidSearch,Bronze,3
A15_149118,Streptophyta,Viridiplantae,,,,,none,Unidentified,0
A15_63147,Streptophyta,Viridiplantae,TG(30:5_6:0)+OO:(s),TG,TG,Glycerolipids,LipidSearch,Gold,4
A15_70122,Streptophyta,Viridiplantae,,PC/SM,PC/SM,Glycerophospholipids|Sphingolipids,MS2_diagnostic,Bronze,2
A15_49906,Streptophyta,Viridiplantae,,PC/SM,PC/SM,Glycerophospholipids|Sphingolipids,MS2_diagnostic,Bronze,2
A15_54696,Ascomycota,Fungi,,,,,none,Unidentified,0
A15_70179,Basidiomycota,Fungi,PG(22:5_16:0),PG,PG,Glycerophospholipids,LipidSearch,Bronze,3
A15_176951,Streptophyta,Viridiplantae,,,,,none,Unidentified,0
A15_139043,Streptophyta,Viridiplantae,MGDG(18:3_20:4),MGDG,MGDG,Glycerolipids,LipidSearch,Gold,4
A15_74739,Streptophyta,Viridiplantae,,PC/SM,PC/SM,Glycerophospholipids|Sphingolipids,MS2_diagnostic,Bronze,2
A15_153253,Streptophyta,Viridiplantae,,,,,none,Unidentified,0
A15_180057,Streptophyta,Viridiplantae,,Terpenoid,Terpenoid,Prenol lipids,MS2_diagnostic,Bronze,2
A15_48151,Streptophyta,Viridiplantae,,,,,none,Unidentified,0
A15_145743,Streptophyta,Viridiplantae,,,,,none,Unidentified,0
A15_212389,Streptophyta,Viridiplantae,DG(O-15:2_24:0),DG,DG,Glycerolipids,LipidSearch,Bronze,3
A15_16975,Streptophyta,Viridiplantae,,DGTS,DGTS,Betaine lipids,MS2_diagnostic,Bronze,2
A15_214360,Streptophyta,Viridiplantae,DG(O-44:8),DG,DG,Glycerolipids,LipidSearch,Bronze,3
A15_181006,Ascomycota,Fungi,Hex1Cer(d18:2_24:1),Hex1Cer,HexCer,Sphingolipids,LipidSearch,Bronze,3
A15_85239,Streptophyta,Viridiplantae,TG(18:2_18:3)+O:(s),TG,TG,Glycerolipids,LipidSearch,Bronze,3
A15_120402,Streptophyta,Viridiplantae,DG(18:3_18:4),DG,DG,Glycerolipids,LipidSearch,Gold,4
A15_51120,Streptophyta,Viridiplantae,,PC/SM,PC/SM,Glycerophospholipids|Sphingolipids,MS2_diagnostic,Bronze,2
A15_195829,Streptophyta,Viridiplantae,,,,,none,Unidentified,0
A15_125304,Streptophyta,Viridiplantae,,Ceramide,Ceramide,Sphingolipids,MS2_diagnostic,Bronze,2
A15_169162,Streptophyta,Viridiplantae,DG(19:1_28:7),DG,DG,Glycerolipids,LipidSearch,Bronze,3
A15_45958,Streptophyta,Viridiplantae,,Terpenoid,Terpenoid,Prenol lipids,MS2_diagnostic,Bronze,2
A15_156165,Bacillota,Bacteria,,,,,none,Unidentified,0
A15_179732,Bacillota,Bacteria,PC(33:1)+D7:(s),PC,PC,Glycerophospholipids,LipidSearch,Bronze,3
A15_143977,Streptophyta,Viridiplantae,DG(O-13:1_23:4),DG,DG,Glycerolipids,LipidSearch,Bronze,3
A15_141688,Streptophyta,Viridiplantae,DG(O-13:1_23:4),DG,DG,Glycerolipids,LipidSearch,Bronze,3
A15_81222,Streptophyta,Viridiplantae,,PC/SM,PC/SM,Glycerophospholipids|Sphingolipids,MS2_diagnostic,Bronze,2
A15_219157,Streptophyta,Viridiplantae,,Hopanoid,Hopanoid,Prenol lipids,MS2_diagnostic,Bronze,2
A15_98191,Streptophyta,Viridiplantae,TG(26:8_18:3)+O:(s),TG,TG,Glycerolipids,LipidSearch,Bronze,3
A15_152924,Streptophyta,Viridiplantae,,,,,none,Unidentified,0
A15_158597,Streptophyta,Viridiplantae,,Sterol,Sterol,Sterol lipids,MS2_diagnostic,Bronze,2
A15_155358,Streptophyta,Viridiplantae,DGDG(15:0_17:0),DGDG,DGDG,Glycerolipids,LipidSearch,Gold,4
A15_179307,Basidiomycota,Fungi,PE(18:1_18:1),PE,PE,Glycerophospholipids,LipidSearch,Gold,4
A15_180111,Basidiomycota,Fungi,PE(18:1_18:1),PE,PE,Glycerophospholipids,LipidSearch,Gold,4
A15_68653,Streptophyta,Viridiplantae,TG(9:0_16:0)+O:(s),TG,TG,Glycerolipids,LipidSearch,Gold,4
A15_99927,Streptophyta,Viridiplantae,MGDG(18:4_16:0),MGDG,MGDG,Glycerolipids,LipidSearch,Bronze,3
A15_148310,Streptophyta,Viridiplantae,,PC/SM,PC/SM,Glycerophospholipids|Sphingolipids,MS2_diagnostic,Bronze,2
A15_182510,Streptophyta,Viridiplantae,,,,,none,Unidentified,0
A15_200948,Bacillota,Bacteria,TG(2:0_15:0_17:0),TG,TG,Glycerolipids,LipidSearch,Gold,4
A15_116822,Streptophyta,Viridiplantae,,,,,none,Unidentified,0
A15_148101,Bacillota,Bacteria,DG(O-5:0_24:0),DG,DG,Glycerolipids,LipidSearch,Bronze,3
A15_133748,Streptophyta,Viridiplantae,,,,,none,Unidentified,0
A15_175002,Bacillota,Bacteria,TG(46:12),TG,TG,Glycerolipids,LipidSearch,Bronze,3
A15_163475,Bacillota,Bacteria,,,,,none,Unidentified,0
A15_32590,Streptophyta,Viridiplantae,,PC/SM,PC/SM,Glycerophospholipids|Sphingolipids,MS2_diagnostic,Bronze,2
A15_75996,Streptophyta,Viridiplantae,,PC/SM,PC/SM,Glycerophospholipids|Sphingolipids,MS2_diagnostic,Bronze,2
A15_161610,Basidiomycota,Fungi,Cer(d18:2_18:2),Cer,Cer,Sphingolipids,LipidSearch,Gold,4
A15_51724,Streptophyta,Viridiplantae,,PC/SM,PC/SM,Glycerophospholipids|Sphingolipids,MS2_diagnostic,Bronze,2
A15_143941,Bacillota,Bacteria,TG(2:0_15:0_15:0),TG,TG,Glycerolipids,LipidSearch,Gold,4
A15_147107,Bacillota,Bacteria,TG(2:0_15:0_15:0),TG,TG,Glycerolipids,LipidSearch,Gold,4
A15_161906,Actinomycetota,Bacteria,DG(O-15:0_17:2),DG,DG,Glycerolipids,LipidSearch,Bronze,3
A15_168190,Streptophyta,Viridiplantae,DGDG(16:0_16:0),DGDG,DGDG,Glycerolipids,LipidSearch,Gold,4
A15_6402,Mucoromycota,Fungi,,,,,none,Unidentified,0
A15_137700,Streptophyta,Viridiplantae,TG(18:1_16:0),TG,TG,Glycerolipids,LipidSearch,Gold,4
A15_90053,Streptophyta,Viridiplantae,,,,,none,Unidentified,0
A15_204994,Bacillota,Bacteria,WE(O-44:10),WE,WE,Fatty acyls,LipidSearch,Bronze,3
A15_11073,Methanobacteriota,Archaea,TG(38:6)+OO:(s),TG,TG,Glycerolipids,LipidSearch,Bronze,3
A15_166031,Streptophyta,Viridiplantae,,Ubiquinone,Ubiquinone,Prenol lipids,MS2_diagnostic,Bronze,2
A15_48050,Methanobacteriota,Archaea,,,,,none,Unidentified,0
A15_78739,Streptophyta,Viridiplantae,PG(18:4_16:1),PG,PG,Glycerophospholipids,LipidSearch,Gold,4
A15_7678,Streptophyta,Viridiplantae,AcCa(12:1),AcCa,AcCa,Fatty acyls,LipidSearch,Gold,4
A15_154018,Streptophyta,Viridiplantae,,PC/SM,PC/SM,Glycerophospholipids|Sphingolipids,MS2_diagnostic,Bronze,2
A15_132877,Streptophyta,Viridiplantae,DG(16:0_20:4),DG,DG,Glycerolipids,LipidSearch,Gold,4
A15_56045,Streptophyta,Viridiplantae,,,,,none,Unidentified,0
A15_149208,Streptophyta,Viridiplantae,,PC/SM,PC/SM,Glycerophospholipids|Sphingolipids,MS2_diagnostic,Bronze,2
A15_124941,Basidiomycota,Fungi,DG(P-15:2_21:3),DG,DG,Glycerolipids,LipidSearch,Bronze,3
A15_15675,Basidiomycota,Fungi,LPE(18:2),LPE,LPE,Glycerophospholipids,LipidSearch,Gold,4
A15_16728,Basidiomycota,Fungi,LPE(18:2),LPE,LPE,Glycerophospholipids,LipidSearch,Gold,4
A15_14689,Basidiomycota,Fungi,LPE(18:2),LPE,LPE,Glycerophospholipids,LipidSearch,Gold,4
A15_53157,Streptophyta,Viridiplantae,,,,,none,Unidentified,0
A15_89986,Bacillota,Bacteria,,,,,none,Unidentified,0
A15_175645,Pseudomonadota,Bacteria,,,,,none,Unidentified,0
A15_136621,Streptophyta,Viridiplantae,TG(13:1_9:0_17:0)+O:(s),TG,TG,Glycerolipids,LipidSearch,Gold,4
A15_170048,Pseudomonadota,Bacteria,PC(38:4),PC,PC,Glycerophospholipids,LipidSearch,Bronze,3
A15_173188,Pseudomonadota,Bacteria,PC(38:4),PC,PC,Glycerophospholipids,LipidSearch,Bronze,3
A15_168373,Pseudomonadota,Bacteria,PC(38:4),PC,PC,Glycerophospholipids,LipidSearch,Bronze,3
A15_171571,Pseudomonadota,Bacteria,PC(38:4),PC,PC,Glycerophospholipids,LipidSearch,Bronze,3
A15_223475,Streptophyta,Viridiplantae,SM(d38:0),SM,SM,Sphingolipids,LipidSearch,Bronze,3
A15_150922,Streptophyta,Viridiplantae,PI(18:1_18:2),PI,PI,Glycerophospholipids,LipidSearch,Gold,4
A15_157336,Streptophyta,Viridiplantae,TG(36:6_18:4)+OO:(s),TG,TG,Glycerolipids,LipidSearch,Bronze,3
A15_126685,Streptophyta,Viridiplantae,,,,,none,Unidentified,0
A15_142223,Streptophyta,Viridiplantae,DG(16:1_18:3),DG,DG,Glycerolipids,LipidSearch,Gold,4
A15_108352,Streptophyta,Viridiplantae,PG(P-18:4_19:1),PG,PG,Glycerophospholipids,LipidSearch,Bronze,3
A15_157291,Streptophyta,Viridiplantae,,,,,none,Unidentified,0
A15_158998,Streptophyta,Viridiplantae,,,,,none,Unidentified,0
A15_178620,Streptophyta,Viridiplantae,TG(3:0_16:0_21:0)+OO:(s),TG,TG,Glycerolipids,LipidSearch,Bronze,3
A15_72233,Streptophyta,Viridiplantae,,,,,none,Unidentified,0
A15_216492,Streptophyta,Viridiplantae,DG(O-44:9),DG,DG,Glycerolipids,LipidSearch,Bronze,3
A15_37699,Streptophyta,Viridiplantae,,,,,none,Unidentified,0
A15_622,Streptophyta,Viridiplantae,,,,,none,Unidentified,0
A15_39746,Basidiomycota,Fungi,,,,,none,Unidentified,0
A15_38171,Basidiomycota,Fungi,,,,,none,Unidentified,0
A15_214046,Streptophyta,Viridiplantae,TG(49:14_18:3),TG,TG,Glycerolipids,LipidSearch,Gold,4
A15_183981,Ascomycota,Fungi,TG(18:2_9:0_18:1)+OO:(s),TG,TG,Glycerolipids,LipidSearch,Bronze,3
A15_160407,Streptophyta,Viridiplantae,,,,,none,Unidentified,0
A15_129842,Bacillota,Bacteria,,,,,none,Unidentified,0
A15_54512,Streptophyta,Viridiplantae,,,,,none,Unidentified,0
A15_83191,Streptophyta,Viridiplantae,,PC/SM,PC/SM,Glycerophospholipids|Sphingolipids,MS2_diagnostic,Bronze,2
A15_44144,Streptophyta,Viridiplantae,,,,,none,Unidentified,0
A15_122194,Streptophyta,Viridiplantae,,Terpenoid,Terpenoid,Prenol lipids,MS2_diagnostic,Bronze,2
A15_200467,Streptophyta,Viridiplantae,,Ubiquinone,Ubiquinone,Prenol lipids,MS2_diagnostic,Bronze,2
A15_62989,Streptophyta,Viridiplantae,,Terpenoid,Terpenoid,Prenol lipids,MS2_diagnostic,Bronze,2
A15_171194,Streptophyta,Viridiplantae,,,,,none,Unidentified,0
A15_175949,Streptophyta,Viridiplantae,,,,,none,Unidentified,0
A15_162620,Streptophyta,Viridiplantae,DGDG(16:0_19:2),DGDG,DGDG,Glycerolipids,LipidSearch,Gold,4
A15_53862,Streptophyta,Viridiplantae,,PC/SM,PC/SM,Glycerophospholipids|Sphingolipids,MS2_diagnostic,Bronze,2
A15_145442,Bacillota,Bacteria,,,,,none,Unidentified,0
A15_43099,Streptophyta,Viridiplantae,,PC/SM,PC/SM,Glycerophospholipids|Sphingolipids,MS2_diagnostic,Bronze,2
A15_163144,Streptophyta,Viridiplantae,,,,,none,Unidentified,0
A15_192026,Actinomycetota,Bacteria,PC(O-18:4_18:0),PC,PC,Glycerophospholipids,LipidSearch,Bronze,3
A15_118297,Pseudomonadota,Bacteria,,,,,none,Unidentified,0
A15_180082,Streptophyta,Viridiplantae,,,,,none,Unidentified,0
A15_214864,Streptophyta,Viridiplantae,TG(14:1_18:1_18:2)+O:(s),TG,TG,Glycerolipids,LipidSearch,Gold,4
A15_132243,Streptophyta,Viridiplantae,TG(19:2_16:0)+O:(s),TG,TG,Glycerolipids,LipidSearch,Gold,4
A15_51629,Streptophyta,Viridiplantae,,Terpenoid,Terpenoid,Prenol lipids,MS2_diagnostic,Bronze,2
A15_90664,Streptophyta,Viridiplantae,,,,,none,Unidentified,0
A15_76854,Streptophyta,Viridiplantae,,,,,none,Unidentified,0
A15_78110,Streptophyta,Viridiplantae,,,,,none,Unidentified,0
A15_62645,Streptophyta,Viridiplantae,,,,,none,Unidentified,0
A15_185447,Streptophyta,Viridiplantae,,,,,none,Unidentified,0
A15_190822,Actinomycetota,Bacteria,TG(39:3_5:0)+O:(s),TG,TG,Glycerolipids,LipidSearch,Bronze,3
A15_118542,Streptophyta,Viridiplantae,,Terpenoid,Terpenoid,Prenol lipids,MS2_diagnostic,Bronze,2
A15_94955,Streptophyta,Viridiplantae,,PC/SM,PC/SM,Glycerophospholipids|Sphingolipids,MS2_diagnostic,Bronze,2
A15_119807,Streptophyta,Viridiplantae,,Terpenoid,Terpenoid,Prenol lipids,MS2_diagnostic,Bronze,2
A15_201692,Streptophyta,Viridiplantae,SM(d38:0),SM,SM,Sphingolipids,LipidSearch,Bronze,3
A15_194602,Streptophyta,Viridiplantae,,PC/SM,PC/SM,Glycerophospholipids|Sphingolipids,MS2_diagnostic,Bronze,2
A15_196688,Streptophyta,Viridiplantae,,PC/SM,PC/SM,Glycerophospholipids|Sphingolipids,MS2_diagnostic,Bronze,2
A15_201183,Streptophyta,Viridiplantae,,PC/SM,PC/SM,Glycerophospholipids|Sphingolipids,MS2_diagnostic,Bronze,2
A15_199469,Streptophyta,Viridiplantae,,PC/SM,PC/SM,Glycerophospholipids|Sphingolipids,MS2_diagnostic,Bronze,2
A15_124293,Streptophyta,Viridiplantae,,,,,none,Unidentified,0
A15_77911,Basidiomycota,Fungi,PS(15:1_18:2),PS,PS,Glycerophospholipids,LipidSearch,Bronze,3
A15_167460,Streptophyta,Viridiplantae,TG(27:4_18:2)+OO:(s),TG,TG,Glycerolipids,LipidSearch,Gold,4
A15_136883,Streptophyta,Viridiplantae,,Terpenoid,Terpenoid,Prenol lipids,MS2_diagnostic,Bronze,2
A15_45174,Streptophyta,Viridiplantae,,PC/SM,PC/SM,Glycerophospholipids|Sphingolipids,MS2_diagnostic,Bronze,2
A15_67836,Streptophyta,Viridiplantae,,Terpenoid,Terpenoid,Prenol lipids,MS2_diagnostic,Bronze,2
A15_105036,Streptophyta,Viridiplantae,,,,,none,Unidentified,0
A15_122036,Streptophyta,Viridiplantae,,,,,none,Unidentified,0
A15_212509,Streptophyta,Viridiplantae,Cer(d19:0_23:0)+2O:(s),Cer,Cer,Sphingolipids,LipidSearch,Bronze,3
A15_73007,Ascomycota,Fungi,WE(O-27:3),WE,WE,Fatty acyls,LipidSearch,Bronze,3
A15_75972,Ascomycota,Fungi,WE(O-27:3),WE,WE,Fatty acyls,LipidSearch,Bronze,3
A15_114945,Streptophyta,Viridiplantae,,PC/SM,PC/SM,Glycerophospholipids|Sphingolipids,MS2_diagnostic,Bronze,2
A15_198813,Streptophyta,Viridiplantae,TG(36:5_18:2)+OO:(s),TG,TG,Glycerolipids,LipidSearch,Gold,4
A15_146927,Bacillota,Bacteria,DG(O-5:0_24:0),DG,DG,Glycerolipids,LipidSearch,Bronze,3
A15_193768,Streptophyta,Viridiplantae,,,,,none,Unidentified,0
A15_40244,Ascomycota,Fungi,DG(23:6_2:0),DG,DG,Glycerolipids,LipidSearch,Bronze,3
A15_21533,Streptophyta,Viridiplantae,,,,,none,Unidentified,0
A15_106666,Streptophyta,Viridiplantae,,Terpenoid,Terpenoid,Prenol lipids,MS2_diagnostic,Bronze,2
A15_198379,Streptophyta,Viridiplantae,,,,,none,Unidentified,0
A15_182959,Streptophyta,Viridiplantae,,,,,none,Unidentified,0
A15_22003,Basidiomycota,Fungi,,,,,none,Unidentified,0
A15_20428,Basidiomycota,Fungi,,,,,none,Unidentified,0
A15_86551,Streptophyta,Viridiplantae,PG(13:0_18:1),PG,PG,Glycerophospholipids,LipidSearch,Bronze,3
A15_193741,Streptophyta,Viridiplantae,TG(O-5:0_16:0_16:1),TG,TG,Glycerolipids,LipidSearch,Bronze,3
A15_200491,Streptophyta,Viridiplantae,TG(36:6_16:0)+OO:(s),TG,TG,Glycerolipids,LipidSearch,Gold,4
A15_193152,Bacillota,Bacteria,,,,,none,Unidentified,0
A15_154492,Streptophyta,Viridiplantae,PE(18:2_15:0),PE,PE,Glycerophospholipids,LipidSearch,Gold,4
A15_127622,Streptophyta,Viridiplantae,,PC/SM,PC/SM,Glycerophospholipids|Sphingolipids,MS2_diagnostic,Bronze,2
A15_121701,Streptophyta,Viridiplantae,MGDG(18:3_18:3),MGDG,MGDG,Glycerolipids,LipidSearch,Gold,4
A15_134148,Streptophyta,Viridiplantae,TG(25:4_16:0)+OO:(s),TG,TG,Glycerolipids,LipidSearch,Gold,4
A15_167038,Streptophyta,Viridiplantae,,,,,none,Unidentified,0
A15_171645,Streptophyta,Viridiplantae,,,,,none,Unidentified,0
A15_193306,Streptophyta,Viridiplantae,TG(18:3_18:3_18:4)+O:(s),TG,TG,Glycerolipids,LipidSearch,Gold,4
A15_63788,Streptophyta,Viridiplantae,,,,,none,Unidentified,0
A15_94448,Streptophyta,Viridiplantae,,,,,none,Unidentified,0
A15_155409,Streptophyta,Viridiplantae,,,,,none,Unidentified,0
A15_83017,Streptophyta,Viridiplantae,,Terpenoid,Terpenoid,Prenol lipids,MS2_diagnostic,Bronze,2
A15_139384,Streptophyta,Viridiplantae,,,,,none,Unidentified,0
A15_165393,Mucoromycota,Fungi,,,,,none,Unidentified,0
A15_164149,Mucoromycota,Fungi,,,,,none,Unidentified,0
A15_144639,Streptophyta,Viridiplantae,,PC/SM,PC/SM,Glycerophospholipids|Sphingolipids,MS2_diagnostic,Bronze,2
A15_86321,Streptophyta,Viridiplantae,,,,,none,Unidentified,0
A15_187843,Streptophyta,Viridiplantae,,,,,none,Unidentified,0
A15_129607,Streptophyta,Viridiplantae,TG(16:2_25:4)+O:(s),TG,TG,Glycerolipids,LipidSearch,Bronze,3
A15_77465,Streptophyta,Viridiplantae,,PC/SM,PC/SM,Glycerophospholipids|Sphingolipids,MS2_diagnostic,Bronze,2
A15_81987,Ascomycota,Fungi,WE(O-26:6),WE,WE,Fatty acyls,LipidSearch,Bronze,3
A15_21268,Streptophyta,Viridiplantae,,,,,none,Unidentified,0
A15_6728,Streptophyta,Viridiplantae,TG(3:0_3:0_16:3)+OO:(s),TG,TG,Glycerolipids,LipidSearch,Bronze,3
A15_51345,Streptophyta,Viridiplantae,,,,,none,Unidentified,0
A15_100036,Streptophyta,Viridiplantae,DGDG(16:3_18:3),DGDG,DGDG,Glycerolipids,LipidSearch,Gold,4
A15_160828,Streptophyta,Viridiplantae,MGDG(18:2_20:3),MGDG,MGDG,Glycerolipids,LipidSearch,Gold,4
A15_8888,Streptophyta,Viridiplantae,,Terpenoid,Terpenoid,Prenol lipids,MS2_diagnostic,Bronze,2
A15_133514,Streptophyta,Viridiplantae,,PC/SM,PC/SM,Glycerophospholipids|Sphingolipids,MS2_diagnostic,Bronze,2
A15_62969,Streptophyta,Viridiplantae,,,,,none,Unidentified,0
A15_47641,Streptophyta,Viridiplantae,,,,,none,Unidentified,0
A15_179641,Pseudomonadota,Bacteria,,,,,none,Unidentified,0
A15_178523,Pseudomonadota,Bacteria,,,,,none,Unidentified,0
A15_175221,Pseudomonadota,Bacteria,,,,,none,Unidentified,0
A15_176092,Pseudomonadota,Bacteria,,,,,none,Unidentified,0
A15_174271,Pseudomonadota,Bacteria,,,,,none,Unidentified,0
A15_48745,Streptophyta,Viridiplantae,,,,,none,Unidentified,0
A15_97689,Streptophyta,Viridiplantae,,,,,none,Unidentified,0
A15_74337,Ascomycota,Fungi,,,,,none,Unidentified,0
A15_101359,Streptophyta,Viridiplantae,DG(15:2_18:3),DG,DG,Glycerolipids,LipidSearch,Gold,4
A15_179793,Pseudomonadota,Bacteria,PA(17:0_18:2),PA,PA,Glycerophospholipids,LipidSearch,Gold,4
A15_106142,Streptophyta,Viridiplantae,PG(21:4_16:0),PG,PG,Glycerophospholipids,LipidSearch,Bronze,3
A15_223968,Streptophyta,Viridiplantae,,Sterol,Sterol,Sterol lipids,MS2_diagnostic,Bronze,2
A15_207599,Streptophyta,Viridiplantae,,,,,none,Unidentified,0
A15_164131,Streptophyta,Viridiplantae,TG(9:0_14:0_20:5)+O:(s),TG,TG,Glycerolipids,LipidSearch,Gold,4
A15_162726,Streptophyta,Viridiplantae,MGDG(16:0_18:2),MGDG,MGDG,Glycerolipids,LipidSearch,Gold,4
A15_86374,Streptophyta,Viridiplantae,PG(16:0_18:4),PG,PG,Glycerophospholipids,LipidSearch,Gold,4
A15_206875,Streptophyta,Viridiplantae,TG(18:1_18:4_18:4)+O:(s),TG,TG,Glycerolipids,LipidSearch,Bronze,3
A15_114135,Streptophyta,Viridiplantae,,,,,none,Unidentified,0
A15_110692,Streptophyta,Viridiplantae,DG(O-16:2_18:3),DG,DG,Glycerolipids,LipidSearch,Bronze,3
A15_137061,Streptophyta,Viridiplantae,,Terpenoid,Terpenoid,Prenol lipids,MS2_diagnostic,Bronze,2
A15_87382,Streptophyta,Viridiplantae,,,,,none,Unidentified,0
A15_60364,Streptophyta,Viridiplantae,,Terpenoid,Terpenoid,Prenol lipids,MS2_diagnostic,Bronze,2
A15_5380,Streptophyta,Viridiplantae,,Terpenoid,Terpenoid,Prenol lipids,MS2_diagnostic,Bronze,2
A15_82032,Streptophyta,Viridiplantae,,,,,none,Unidentified,0
A15_42867,Streptophyta,Viridiplantae,,Terpenoid,Terpenoid,Prenol lipids,MS2_diagnostic,Bronze,2
A15_67126,Streptophyta,Viridiplantae,,PC/SM,PC/SM,Glycerophospholipids|Sphingolipids,MS2_diagnostic,Bronze,2
A15_19637,Basidiomycota,Fungi,,,,,none,Unidentified,0
A15_206611,Streptophyta,Viridiplantae,TG(18:1_18:3_18:3)+O:(s),TG,TG,Glycerolipids,LipidSearch,Gold,4
A15_92763,Streptophyta,Viridiplantae,,Terpenoid,Terpenoid,Prenol lipids,MS2_diagnostic,Bronze,2
A15_43133,Streptophyta,Viridiplantae,DG(30:6),DG,DG,Glycerolipids,LipidSearch,Bronze,3
A15_72185,Streptophyta,Viridiplantae,,PC/SM,PC/SM,Glycerophospholipids|Sphingolipids,MS2_diagnostic,Bronze,2
A15_173568,Streptophyta,Viridiplantae,PE(17:0_15:0),PE,PE,Glycerophospholipids,LipidSearch,Gold,4
A15_216678,Streptophyta,Viridiplantae,TG(29:8_18:3_18:4),TG,TG,Glycerolipids,LipidSearch,Bronze,3
A15_166378,Streptophyta,Viridiplantae,,Terpenoid,Terpenoid,Prenol lipids,MS2_diagnostic,Bronze,2
A15_168169,Streptophyta,Viridiplantae,,Terpenoid,Terpenoid,Prenol lipids,MS2_diagnostic,Bronze,2
A15_96861,Streptophyta,Viridiplantae,TG(20:3_18:1)+OO:(s),TG,TG,Glycerolipids,LipidSearch,Bronze,3
A15_66936,Streptophyta,Viridiplantae,,,,,none,Unidentified,0
A15_214332,Streptophyta,Viridiplantae,DG(O-44:7),DG,DG,Glycerolipids,LipidSearch,Bronze,3
A15_85411,Streptophyta,Viridiplantae,,,,,none,Unidentified,0
A15_65479,Methanobacteriota,Archaea,,,,,none,Unidentified,0
A15_29868,Streptophyta,Viridiplantae,,,,,none,Unidentified,0
A15_11298,Bacillota,Bacteria,LPG(15:0),LPG,LPG,Glycerophospholipids,LipidSearch,Bronze,3
A15_16382,Basidiomycota,Fungi,,,,,none,Unidentified,0
A15_14099,Basidiomycota,Fungi,,,,,none,Unidentified,0
A15_88987,Streptophyta,Viridiplantae,,PC/SM,PC/SM,Glycerophospholipids|Sphingolipids,MS2_diagnostic,Bronze,2
A15_150337,Bacillota,Bacteria,DG(O-13:0_17:2),DG,DG,Glycerolipids,LipidSearch,Bronze,3
A15_40371,Ascomycota,Fungi,DG(25:6),DG,DG,Glycerolipids,LipidSearch,Bronze,3
A15_142074,Streptophyta,Viridiplantae,,,,,none,Unidentified,0
A15_165292,Bacillota,Bacteria,DG(O-13:0_17:2),DG,DG,Glycerolipids,LipidSearch,Bronze,3
A15_33387,Streptophyta,Viridiplantae,,PC/SM,PC/SM,Glycerophospholipids|Sphingolipids,MS2_diagnostic,Bronze,2
A15_47624,Streptophyta,Viridiplantae,,Terpenoid,Terpenoid,Prenol lipids,MS2_diagnostic,Bronze,2
A15_24686,Streptophyta,Viridiplantae,,,,,none,Unidentified,0
A15_137212,Streptophyta,Viridiplantae,,,,,none,Unidentified,0
A15_143943,Streptophyta,Viridiplantae,,PC/SM,PC/SM,Glycerophospholipids|Sphingolipids,MS2_diagnostic,Bronze,2
A15_148878,Streptophyta,Viridiplantae,,PC/SM,PC/SM,Glycerophospholipids|Sphingolipids,MS2_diagnostic,Bronze,2
A15_145527,Streptophyta,Viridiplantae,,PC/SM,PC/SM,Glycerophospholipids|Sphingolipids,MS2_diagnostic,Bronze,2
A15_126776,Streptophyta,Viridiplantae,MGDG(16:2_18:3),MGDG,MGDG,Glycerolipids,LipidSearch,Bronze,3
A15_1133,Streptophyta,Viridiplantae,TG(14:1_4:0)+O:(s),TG,TG,Glycerolipids,LipidSearch,Bronze,3
A15_139712,Streptophyta,Viridiplantae,,,,,none,Unidentified,0
A15_13406,Streptophyta,Viridiplantae,,PC/SM,PC/SM,Glycerophospholipids|Sphingolipids,MS2_diagnostic,Bronze,2
A15_219265,Streptophyta,Viridiplantae,CmE(22:6),CmE,CmE,Sterol lipids,LipidSearch,Gold,4
A15_74703,Streptophyta,Viridiplantae,,PC/SM,PC/SM,Glycerophospholipids|Sphingolipids,MS2_diagnostic,Bronze,2
A15_223194,Streptophyta,Viridiplantae,,Ubiquinone,Ubiquinone,Prenol lipids,MS2_diagnostic,Bronze,2
A15_13366,Bacillota,Bacteria,,,,,none,Unidentified,0
A15_14591,Bacillota,Bacteria,,,,,none,Unidentified,0
A15_27716,Streptophyta,Viridiplantae,TG(18:4_4:0_4:0),TG,TG,Glycerolipids,LipidSearch,Bronze,3
A15_213166,Streptophyta,Viridiplantae,,,,,none,Unidentified,0
A15_88050,Streptophyta,Viridiplantae,DG(6:0_21:3),DG,DG,Glycerolipids,LipidSearch,Gold,4
A15_161556,Streptophyta,Viridiplantae,,PC/SM,PC/SM,Glycerophospholipids|Sphingolipids,MS2_diagnostic,Bronze,2
A15_4251,Streptophyta,Viridiplantae,TG(18:1),TG,TG,Glycerolipids,LipidSearch,Bronze,3
A15_60788,Streptophyta,Viridiplantae,,,,,none,Unidentified,0
A15_125900,Ascomycota,Fungi,,,,,none,Unidentified,0
A15_76822,Streptophyta,Viridiplantae,,,,,none,Unidentified,0
A15_161503,Streptophyta,Viridiplantae,,,,,none,Unidentified,0
A15_14242,Streptophyta,Viridiplantae,,PC/SM,PC/SM,Glycerophospholipids|Sphingolipids,MS2_diagnostic,Bronze,2
A15_14896,Streptophyta,Viridiplantae,,,,,none,Unidentified,0
A15_166475,Streptophyta,Viridiplantae,TG(4:0_18:1_18:1)+O:(s),TG,TG,Glycerolipids,LipidSearch,Bronze,3
A15_59128,Streptophyta,Viridiplantae,,,,,none,Unidentified,0
A15_62528,Streptophyta,Viridiplantae,,,,,none,Unidentified,0
A15_48233,Streptophyta,Viridiplantae,,,,,none,Unidentified,0
A15_77049,Streptophyta,Viridiplantae,PG(18:2_18:2),PG,PG,Glycerophospholipids,LipidSearch,Gold,4
A15_140224,Bacillota,Bacteria,DG(P-15:2_18:1),DG,DG,Glycerolipids,LipidSearch,Bronze,3
A15_38034,Streptophyta,Viridiplantae,TG(14:1_18:2),TG,TG,Glycerolipids,LipidSearch,Bronze,3
A15_85961,Streptophyta,Viridiplantae,,,,,none,Unidentified,0
A15_85521,Streptophyta,Viridiplantae,TG(16:1_18:4),TG,TG,Glycerolipids,LipidSearch,Bronze,3
A15_86375,Streptophyta,Viridiplantae,TG(16:1_18:4),TG,TG,Glycerolipids,LipidSearch,Bronze,3
A15_116988,Streptophyta,Viridiplantae,,,,,none,Unidentified,0
A15_100286,Streptophyta,Viridiplantae,TG(18:1_18:4),TG,TG,Glycerolipids,LipidSearch,Bronze,3
A15_99299,Streptophyta,Viridiplantae,TG(18:1_18:4),TG,TG,Glycerolipids,LipidSearch,Bronze,3
A15_200145,Streptophyta,Viridiplantae,DG(15:0_24:1),DG,DG,Glycerolipids,LipidSearch,Bronze,3
A15_14542,Ascomycota,Fungi,LPC(20:5),LPC,LPC,Glycerophospholipids,LipidSearch,Bronze,3
A15_46831,Streptophyta,Viridiplantae,,,,,none,Unidentified,0
A15_43212,Streptophyta,Viridiplantae,,,,,none,Unidentified,0
A15_161762,Streptophyta,Viridiplantae,DG(16:1_18:3),DG,DG,Glycerolipids,LipidSearch,Gold,4
A15_196372,Streptophyta,Viridiplantae,Cer(d16:2_24:1)+O:(s),Cer,Cer,Sphingolipids,LipidSearch,Bronze,3
A15_99520,Streptophyta,Viridiplantae,,,,,none,Unidentified,0
A15_224267,Streptophyta,Viridiplantae,MePC(39:8),MePC,MePC,Glycerophospholipids,LipidSearch,Bronze,3
A15_163703,Pseudomonadota,Bacteria,TG(38:10_8:0),TG,TG,Glycerolipids,LipidSearch,Gold,4
A15_153686,Bacillota,Bacteria,,,,,none,Unidentified,0
A15_155333,Bacillota,Bacteria,,,,,none,Unidentified,0
A15_110633,Streptophyta,Viridiplantae,DGDG(18:3_18:3),DGDG,DGDG,Glycerolipids,LipidSearch,Bronze,3
A15_122465,Streptophyta,Viridiplantae,DG(P-18:4_18:3),DG,DG,Glycerolipids,LipidSearch,Bronze,3
A15_14382,Basidiomycota,Fungi,,,,,none,Unidentified,0
A15_56524,Streptophyta,Viridiplantae,,Terpenoid,Terpenoid,Prenol lipids,MS2_diagnostic,Bronze,2
A15_219374,Discosea,Protists,,,,,none,Unidentified,0
A15_217512,Discosea,Protists,,,,,none,Unidentified,0
A15_137865,Bacillota,Bacteria,,,,,none,Unidentified,0
A15_21009,Streptophyta,Viridiplantae,TG(25:7_2:0_2:0),TG,TG,Glycerolipids,LipidSearch,Bronze,3
A15_11808,Streptophyta,Viridiplantae,,PC/SM,PC/SM,Glycerophospholipids|Sphingolipids,MS2_diagnostic,Bronze,2
A15_149711,Streptophyta,Viridiplantae,DG(P-15:2_23:3),DG,DG,Glycerolipids,LipidSearch,Bronze,3
A15_108223,Streptophyta,Viridiplantae,DGDG(17:3_18:3),DGDG,DGDG,Glycerolipids,LipidSearch,Gold,4
A15_107482,Streptophyta,Viridiplantae,,,,,none,Unidentified,0
A15_180063,Streptophyta,Viridiplantae,,,,,none,Unidentified,0
A15_104730,Streptophyta,Viridiplantae,,PC/SM,PC/SM,Glycerophospholipids|Sphingolipids,MS2_diagnostic,Bronze,2
A15_118947,Streptophyta,Viridiplantae,,,,,none,Unidentified,0
A15_125020,Streptophyta,Viridiplantae,,,,,none,Unidentified,0
A15_176619,Streptophyta,Viridiplantae,PI(20:4_18:0),PI,PI,Glycerophospholipids,LipidSearch,Gold,4
A15_151022,Streptophyta,Viridiplantae,,PC/SM,PC/SM,Glycerophospholipids|Sphingolipids,MS2_diagnostic,Bronze,2
A15_89344,Streptophyta,Viridiplantae,,,,,none,Unidentified,0
A15_133417,Streptophyta,Viridiplantae,,,,,none,Unidentified,0
A15_78300,Ascomycota,Fungi,TG(13:1_6:0_6:0),TG,TG,Glycerolipids,LipidSearch,Bronze,3
A15_55393,Basidiomycota,Fungi,PS(O-10:0_14:1),PS,PS,Glycerophospholipids,LipidSearch,Bronze,3
A15_64587,Streptophyta,Viridiplantae,,,,,none,Unidentified,0
A15_16043,Streptophyta,Viridiplantae,,PC/SM,PC/SM,Glycerophospholipids|Sphingolipids,MS2_diagnostic,Bronze,2
A15_160820,Streptophyta,Viridiplantae,DG(16:1_18:3),DG,DG,Glycerolipids,LipidSearch,Gold,4
A15_114719,Bacillota,Bacteria,,,,,none,Unidentified,0
A15_78665,Streptophyta,Viridiplantae,,,,,none,Unidentified,0
A15_217045,Streptophyta,Viridiplantae,DG(O-24:6_20:2),DG,DG,Glycerolipids,LipidSearch,Bronze,3
A15_43704,Ascomycota,Fungi,MG(P-25:8),MG,MG,Glycerolipids,LipidSearch,Bronze,3
A15_126273,Streptophyta,Viridiplantae,,Terpenoid,Terpenoid,Prenol lipids,MS2_diagnostic,Bronze,2
A15_118351,Bacillota,Bacteria,,,,,none,Unidentified,0
A15_169860,Streptophyta,Viridiplantae,,,,,none,Unidentified,0
A15_138605,Pseudomonadota,Bacteria,,,,,none,Unidentified,0
A15_61518,Streptophyta,Viridiplantae,,Terpenoid,Terpenoid,Prenol lipids,MS2_diagnostic,Bronze,2
A15_15584,Ascomycota,Fungi,,,,,none,Unidentified,0
A15_66591,Streptophyta,Viridiplantae,,,,,none,Unidentified,0
A15_118015,Streptophyta,Viridiplantae,,,,,none,Unidentified,0
A15_45785,Streptophyta,Viridiplantae,PG(P-15:2_12:0),PG,PG,Glycerophospholipids,LipidSearch,Bronze,3
A15_57628,Basidiomycota,Fungi,TG(48:11)+OO:(s),TG,TG,Glycerolipids,LipidSearch,Bronze,3
A15_82858,Streptophyta,Viridiplantae,,Terpenoid,Terpenoid,Prenol lipids,MS2_diagnostic,Bronze,2
A15_151730,Basidiomycota,Fungi,DG(O-16:1_18:1),DG,DG,Glycerolipids,LipidSearch,Bronze,3
A15_3265,Streptophyta,Viridiplantae,,Terpenoid,Terpenoid,Prenol lipids,MS2_diagnostic,Bronze,2
A15_53069,Streptophyta,Viridiplantae,,,,,none,Unidentified,0
A15_54708,Streptophyta,Viridiplantae,,,,,none,Unidentified,0
A15_34847,Streptophyta,Viridiplantae,,Terpenoid,Terpenoid,Prenol lipids,MS2_diagnostic,Bronze,2
A15_103265,Streptophyta,Viridiplantae,TG(18:1_18:2)+O:(s),TG,TG,Glycerolipids,LipidSearch,Gold,4
A15_203658,Bacillota,Bacteria,,,,,none,Unidentified,0
A15_63317,Streptophyta,Viridiplantae,,PC/SM,PC/SM,Glycerophospholipids|Sphingolipids,MS2_diagnostic,Bronze,2
A15_135538,Streptophyta,Viridiplantae,DG(15:2_16:0),DG,DG,Glycerolipids,LipidSearch,Gold,4
A15_1668,Streptophyta,Viridiplantae,,,,,none,Unidentified,0
A15_171881,Streptophyta,Viridiplantae,,PC/SM,PC/SM,Glycerophospholipids|Sphingolipids,MS2_diagnostic,Bronze,2
A15_140731,Bacillota,Bacteria,,,,,none,Unidentified,0
A15_189206,Streptophyta,Viridiplantae,DG(37:6),DG,DG,Glycerolipids,LipidSearch,Bronze,3
A15_56284,Streptophyta,Viridiplantae,,,,,none,Unidentified,0
A15_191792,Streptophyta,Viridiplantae,AcHexStE(7:0),AcHexStE,AcHexStE,Sterol lipids,LipidSearch,Bronze,3
A15_168852,Pseudomonadota,Bacteria,PE(15:0_20:4),PE,PE,Glycerophospholipids,LipidSearch,Gold,4
A15_171131,Pseudomonadota,Bacteria,PE(15:0_20:4),PE,PE,Glycerophospholipids,LipidSearch,Gold,4
A15_166898,Pseudomonadota,Bacteria,PE(15:0_20:4),PE,PE,Glycerophospholipids,LipidSearch,Gold,4
A15_36650,Streptophyta,Viridiplantae,,Sterol,Sterol,Sterol lipids,MS2_diagnostic,Bronze,2
A15_214557,Streptophyta,Viridiplantae,,,,,none,Unidentified,0
A15_106232,Streptophyta,Viridiplantae,DG(P-7:0_19:3),DG,DG,Glycerolipids,LipidSearch,Gold,4
A15_41339,Methanobacteriota,Archaea,,,,,none,Unidentified,0
A15_137683,Ascomycota,Fungi,,,,,none,Unidentified,0
A15_126161,Streptophyta,Viridiplantae,DG(15:2_16:0),DG,DG,Glycerolipids,LipidSearch,Gold,4
A15_15535,Streptophyta,Viridiplantae,DG(P-7:0_13:1),DG,DG,Glycerolipids,LipidSearch,Bronze,3
A15_123498,Ascomycota,Fungi,TG(18:2_16:0),TG,TG,Glycerolipids,LipidSearch,Bronze,3
A15_101624,Streptophyta,Viridiplantae,,,,,none,Unidentified,0
A15_121561,Streptophyta,Viridiplantae,DG(P-13:1_20:2),DG,DG,Glycerolipids,LipidSearch,Bronze,3
A15_193576,Streptophyta,Viridiplantae,,Ceramide,Ceramide,Sphingolipids,MS2_diagnostic,Bronze,2
A15_23850,Methanobacteriota,Archaea,,,,,none,Unidentified,0
A15_127252,Streptophyta,Viridiplantae,MGDG(18:3_18:3),MGDG,MGDG,Glycerolipids,LipidSearch,Gold,4
A15_177160,Methanobacteriota,Archaea,,,,,none,Unidentified,0
A15_105961,Streptophyta,Viridiplantae,,,,,none,Unidentified,0
A15_21661,Streptophyta,Viridiplantae,,,,,none,Unidentified,0
A15_151557,Streptophyta,Viridiplantae,DG(18:1_20:5),DG,DG,Glycerolipids,LipidSearch,Gold,4
A15_22531,Streptophyta,Viridiplantae,,PC/SM,PC/SM,Glycerophospholipids|Sphingolipids,MS2_diagnostic,Bronze,2
A15_208852,Streptophyta,Viridiplantae,,,,,none,Unidentified,0
A15_12944,Streptophyta,Viridiplantae,WE(O-23:4),WE,WE,Fatty acyls,LipidSearch,Bronze,3
A15_147634,Streptophyta,Viridiplantae,PC(18:2_16:0),PC,PC,Glycerophospholipids,LipidSearch,Gold,4
A15_17547,Streptophyta,Viridiplantae,,Terpenoid,Terpenoid,Prenol lipids,MS2_diagnostic,Bronze,2
A15_107623,Streptophyta,Viridiplantae,DG(16:2_16:3),DG,DG,Glycerolipids,LipidSearch,Gold,4
A15_75293,Streptophyta,Viridiplantae,,,,,none,Unidentified,0
A15_154632,Streptophyta,Viridiplantae,,,,,none,Unidentified,0
A15_151472,Streptophyta,Viridiplantae,TG(22:5_18:3_18:4)+OO:(s),TG,TG,Glycerolipids,LipidSearch,Bronze,3
A15_151738,Streptophyta,Viridiplantae,,,,,none,Unidentified,0
A15_57028,Streptophyta,Viridiplantae,,PC/SM,PC/SM,Glycerophospholipids|Sphingolipids,MS2_diagnostic,Bronze,2
A15_160841,Streptophyta,Viridiplantae,,,,,none,Unidentified,0
A15_177886,Streptophyta,Viridiplantae,,,,,none,Unidentified,0
A15_141132,Bacillota,Bacteria,BisMePA(32:5),BisMePA,BisMePA,Glycerophospholipids,LipidSearch,Bronze,3
A15_182298,Streptophyta,Viridiplantae,,,,,none,Unidentified,0
A15_82064,Streptophyta,Viridiplantae,TG(18:2_18:3)+O:(s),TG,TG,Glycerolipids,LipidSearch,Bronze,3
A15_101400,Basidiomycota,Fungi,Hex1Cer(d18:1_15:1)+O:(s),Hex1Cer,HexCer,Sphingolipids,LipidSearch,Gold,4
A15_89216,Basidiomycota,Fungi,,,,,none,Unidentified,0
A15_141469,Streptophyta,Viridiplantae,PI(18:1_18:1),PI,PI,Glycerophospholipids,LipidSearch,Gold,4
A15_142199,Streptophyta,Viridiplantae,PI(18:1_18:1),PI,PI,Glycerophospholipids,LipidSearch,Gold,4
A15_143038,Streptophyta,Viridiplantae,PI(18:1_18:1),PI,PI,Glycerophospholipids,LipidSearch,Gold,4
A15_168219,Streptophyta,Viridiplantae,,,,,none,Unidentified,0
A15_88222,Streptophyta,Viridiplantae,TG(21:0_16:3)+OO:(s),TG,TG,Glycerolipids,LipidSearch,Bronze,3
A15_173992,Pseudomonadota,Bacteria,PC(34:1),PC,PC,Glycerophospholipids,LipidSearch,Bronze,3
A15_166762,Streptophyta,Viridiplantae,,,,,none,Unidentified,0
A15_163112,Streptophyta,Viridiplantae,,,,,none,Unidentified,0
A15_10361,Methanobacteriota,Archaea,,,,,none,Unidentified,0
A15_163491,Streptophyta,Viridiplantae,,Ubiquinone,Ubiquinone,Prenol lipids,MS2_diagnostic,Bronze,2
A15_102261,Streptophyta,Viridiplantae,TG(20:2_18:3)+O:(s),TG,TG,Glycerolipids,LipidSearch,Bronze,3
A15_74516,Streptophyta,Viridiplantae,,,,,none,Unidentified,0
A15_209007,Streptophyta,Viridiplantae,TG(34:2_18:3)+OO:(s),TG,TG,Glycerolipids,LipidSearch,Gold,4
A15_89955,Streptophyta,Viridiplantae,,,,,none,Unidentified,0
A15_64955,Streptophyta,Viridiplantae,TG(28:6_6:0_6:0)+O:(s),TG,TG,Glycerolipids,LipidSearch,Bronze,3
A15_184270,Streptophyta,Viridiplantae,,Ubiquinone,Ubiquinone,Prenol lipids,MS2_diagnostic,Bronze,2
A15_139079,Streptophyta,Viridiplantae,DG(O-13:1_23:4),DG,DG,Glycerolipids,LipidSearch,Bronze,3
A15_136547,Bacillota,Bacteria,PG(16:1_15:0),PG,PG,Glycerophospholipids,LipidSearch,Gold,4
A15_133264,Streptophyta,Viridiplantae,PC(O-25:7_13:1),PC,PC,Glycerophospholipids,LipidSearch,Bronze,3
A15_4290,Streptophyta,Viridiplantae,,,,,none,Unidentified,0
A15_128326,Streptophyta,Viridiplantae,,Terpenoid,Terpenoid,Prenol lipids,MS2_diagnostic,Bronze,2
A15_146960,Pseudomonadota,Bacteria,PE(16:1_14:0),PE,PE,Glycerophospholipids,LipidSearch,Gold,4
A15_184345,Streptophyta,Viridiplantae,DGDG(10:0_22:1),DGDG,DGDG,Glycerolipids,LipidSearch,Bronze,3
A15_165481,Ascomycota,Fungi,,,,,none,Unidentified,0
A15_24244,Streptophyta,Viridiplantae,MG(18:3),MG,MG,Glycerolipids,LipidSearch,Gold,4
A15_97214,Bacillota,Bacteria,TG(17:2_17:0)+OO:(s),TG,TG,Glycerolipids,LipidSearch,Bronze,3
A15_134022,Streptophyta,Viridiplantae,PG(O-16:3_21:3),PG,PG,Glycerophospholipids,LipidSearch,Bronze,3
A15_107466,Ascomycota,Fungi,PG(P-18:4_19:0),PG,PG,Glycerophospholipids,LipidSearch,Bronze,3
A15_173846,Streptophyta,Viridiplantae,,Terpenoid,Terpenoid,Prenol lipids,MS2_diagnostic,Bronze,2
A15_26698,Streptophyta,Viridiplantae,,PC/SM,PC/SM,Glycerophospholipids|Sphingolipids,MS2_diagnostic,Bronze,2
A15_182155,Streptophyta,Viridiplantae,,Ceramide,Ceramide,Sphingolipids,MS2_diagnostic,Bronze,2
A15_176459,Methanobacteriota,Archaea,,,,,none,Unidentified,0
A15_187378,Bacillota,Bacteria,,,,,none,Unidentified,0
A15_61254,Basidiomycota,Fungi,TG(48:11)+OO:(s),TG,TG,Glycerolipids,LipidSearch,Bronze,3
A15_26305,Pseudomonadota,Bacteria,,,,,none,Unidentified,0
A15_25367,Pseudomonadota,Bacteria,,,,,none,Unidentified,0
A15_53177,Streptophyta,Viridiplantae,,,,,none,Unidentified,0
A15_70687,Streptophyta,Viridiplantae,,,,,none,Unidentified,0
A15_19630,Streptophyta,Viridiplantae,,,,,none,Unidentified,0
A15_149119,Bacillota,Bacteria,DG(O-15:2_14:0),DG,DG,Glycerolipids,LipidSearch,Bronze,3
A15_152948,Bacillota,Bacteria,DG(O-15:2_14:0),DG,DG,Glycerolipids,LipidSearch,Bronze,3
A15_218362,Streptophyta,Viridiplantae,,,,,none,Unidentified,0
A15_24725,Streptophyta,Viridiplantae,,,,,none,Unidentified,0
A15_59693,Streptophyta,Viridiplantae,,,,,none,Unidentified,0
A15_223710,Streptophyta,Viridiplantae,,,,,none,Unidentified,0
A15_134776,Basidiomycota,Fungi,DG(O-17:3_18:3),DG,DG,Glycerolipids,LipidSearch,Bronze,3
A15_126709,Basidiomycota,Fungi,,,,,none,Unidentified,0
A15_133049,Basidiomycota,Fungi,DG(O-17:3_18:3),DG,DG,Glycerolipids,LipidSearch,Bronze,3
A15_130392,Basidiomycota,Fungi,DG(O-17:3_18:3),DG,DG,Glycerolipids,LipidSearch,Bronze,3
A15_176732,Streptophyta,Viridiplantae,Hex1Cer(d18:2_20:1),Hex1Cer,HexCer,Sphingolipids,LipidSearch,Gold,4
A15_173164,Streptophyta,Viridiplantae,,,,,none,Unidentified,0
A15_92562,Streptophyta,Viridiplantae,,,,,none,Unidentified,0
A15_131098,Streptophyta,Viridiplantae,TG(19:2_16:0)+O:(s),TG,TG,Glycerolipids,LipidSearch,Gold,4
A15_98286,Streptophyta,Viridiplantae,TG(18:3_18:2),TG,TG,Glycerolipids,LipidSearch,Bronze,3
A15_120738,Streptophyta,Viridiplantae,DG(P-18:4_16:0),DG,DG,Glycerolipids,LipidSearch,Bronze,3
A15_173361,Streptophyta,Viridiplantae,DG(O-18:1_18:2),DG,DG,Glycerolipids,LipidSearch,Bronze,3
A15_58246,Streptophyta,Viridiplantae,,PC/SM,PC/SM,Glycerophospholipids|Sphingolipids,MS2_diagnostic,Bronze,2
A15_121890,Ascomycota,Fungi,TG(18:1_18:2),TG,TG,Glycerolipids,LipidSearch,Bronze,3
A15_189724,Streptophyta,Viridiplantae,,PC/SM,PC/SM,Glycerophospholipids|Sphingolipids,MS2_diagnostic,Bronze,2
A15_193302,Streptophyta,Viridiplantae,,PC/SM,PC/SM,Glycerophospholipids|Sphingolipids,MS2_diagnostic,Bronze,2
A15_194063,Streptophyta,Viridiplantae,,PE,PE,Glycerophospholipids,MS2_diagnostic,Bronze,2
A15_191667,Streptophyta,Viridiplantae,,PC/SM,PC/SM,Glycerophospholipids|Sphingolipids,MS2_diagnostic,Bronze,2
A15_154232,Bacillota,Bacteria,,,,,none,Unidentified,0
A15_191902,Streptophyta,Viridiplantae,PI(19:2_18:2),PI,PI,Glycerophospholipids,LipidSearch,Bronze,3
A15_30986,Basidiomycota,Fungi,DG(23:6_2:0),DG,DG,Glycerolipids,LipidSearch,Gold,4
A15_131020,Streptophyta,Viridiplantae,,,,,none,Unidentified,0
A15_13482,Streptophyta,Viridiplantae,,PC/SM,PC/SM,Glycerophospholipids|Sphingolipids,MS2_diagnostic,Bronze,2
A15_56809,Mucoromycota,Fungi,,,,,none,Unidentified,0
A15_160230,Streptophyta,Viridiplantae,DG(16:0_18:3),DG,DG,Glycerolipids,LipidSearch,Gold,4
A15_160888,Streptophyta,Viridiplantae,DGDG(16:0_18:2),DGDG,DGDG,Glycerolipids,LipidSearch,Gold,4
A15_158548,Streptophyta,Viridiplantae,,Sterol,Sterol,Sterol lipids,MS2_diagnostic,Bronze,2
A15_61667,Streptophyta,Viridiplantae,,,,,none,Unidentified,0
A15_138772,Pseudomonadota,Bacteria,PG(O-36:5),PG,PG,Glycerophospholipids,LipidSearch,Bronze,3
A15_114963,Streptophyta,Viridiplantae,TG(18:0_18:4),TG,TG,Glycerolipids,LipidSearch,Gold,4
A15_37142,Ascomycota,Fungi,DG(25:6),DG,DG,Glycerolipids,LipidSearch,Bronze,3
A15_35908,Ascomycota,Fungi,DG(25:6),DG,DG,Glycerolipids,LipidSearch,Bronze,3
A15_24420,Basidiomycota,Fungi,DG(P-25:6),DG,DG,Glycerolipids,LipidSearch,Bronze,3
A15_150343,Streptophyta,Viridiplantae,,,,,none,Unidentified,0
A15_139169,Heterolobosea,Protists,,PC/SM,PC/SM,Glycerophospholipids|Sphingolipids,MS2_diagnostic,Bronze,2
A15_74506,Streptophyta,Viridiplantae,,DGTS,DGTS,Betaine lipids,MS2_diagnostic,Bronze,2
A15_88683,Streptophyta,Viridiplantae,DGDG(16:3_17:3),DGDG,DGDG,Glycerolipids,LipidSearch,Gold,4
A15_123449,Ascomycota,Fungi,,,,,none,Unidentified,0
A15_168684,Streptophyta,Viridiplantae,TG(18:3_18:3_18:4)+OO:(s),TG,TG,Glycerolipids,LipidSearch,Gold,4
A15_20711,Mucoromycota,Fungi,PC(19:2),PC,PC,Glycerophospholipids,LipidSearch,Bronze,3
A15_102943,Basidiomycota,Fungi,,,,,none,Unidentified,0
A15_100966,Basidiomycota,Fungi,,,,,none,Unidentified,0
A15_202758,Streptophyta,Viridiplantae,TG(18:2_18:2_18:3)+OO:(s),TG,TG,Glycerolipids,LipidSearch,Gold,4
A15_119606,Streptophyta,Viridiplantae,,Terpenoid,Terpenoid,Prenol lipids,MS2_diagnostic,Bronze,2
A15_30684,Streptophyta,Viridiplantae,,PC/SM,PC/SM,Glycerophospholipids|Sphingolipids,MS2_diagnostic,Bronze,2
A15_201399,Streptophyta,Viridiplantae,Cer(d18:2_22:2),Cer,Cer,Sphingolipids,LipidSearch,Bronze,3
A15_204223,Streptophyta,Viridiplantae,Cer(d18:2_22:2),Cer,Cer,Sphingolipids,LipidSearch,Bronze,3
A15_202960,Streptophyta,Viridiplantae,Cer(d18:2_22:2),Cer,Cer,Sphingolipids,LipidSearch,Bronze,3
A15_199858,Streptophyta,Viridiplantae,Cer(d18:2_22:2),Cer,Cer,Sphingolipids,LipidSearch,Bronze,3
A15_197910,Streptophyta,Viridiplantae,Cer(d18:2_22:2),Cer,Cer,Sphingolipids,LipidSearch,Bronze,3
A15_105953,Streptophyta,Viridiplantae,,Terpenoid,Terpenoid,Prenol lipids,MS2_diagnostic,Bronze,2
A15_132508,Streptophyta,Viridiplantae,,,,,none,Unidentified,0
A15_211302,Streptophyta,Viridiplantae,TG(36:9_27:6),TG,TG,Glycerolipids,LipidSearch,Bronze,3
A15_17990,Streptophyta,Viridiplantae,,PC/SM,PC/SM,Glycerophospholipids|Sphingolipids,MS2_diagnostic,Bronze,2
A15_157552,Pseudomonadota,Bacteria,TG(46:10),TG,TG,Glycerolipids,LipidSearch,Bronze,3
A15_41448,Streptophyta,Viridiplantae,,PC/SM,PC/SM,Glycerophospholipids|Sphingolipids,MS2_diagnostic,Bronze,2
A15_37896,Streptophyta,Viridiplantae,,PS,PS,Glycerophospholipids,MS2_diagnostic,Bronze,2
A15_33939,Streptophyta,Viridiplantae,,PC/SM,PC/SM,Glycerophospholipids|Sphingolipids,MS2_diagnostic,Bronze,2
A15_206657,Discosea,Protists,,,,,none,Unidentified,0
A15_132226,Streptophyta,Viridiplantae,DG(P-18:4_16:1),DG,DG,Glycerolipids,LipidSearch,Bronze,3
A15_166438,Streptophyta,Viridiplantae,,Terpenoid,Terpenoid,Prenol lipids,MS2_diagnostic,Bronze,2
A15_127881,Streptophyta,Viridiplantae,TG(O-10:0_6:0_22:6),TG,TG,Glycerolipids,LipidSearch,Bronze,3
A15_172090,Streptophyta,Viridiplantae,,PC/SM,PC/SM,Glycerophospholipids|Sphingolipids,MS2_diagnostic,Bronze,2
A15_123956,Streptophyta,Viridiplantae,,,,,none,Unidentified,0
A15_110754,Streptophyta,Viridiplantae,,,,,none,Unidentified,0
A15_86691,Ascomycota,Fungi,,,,,none,Unidentified,0
A15_2607,Streptophyta,Viridiplantae,,,,,none,Unidentified,0
A15_119198,Streptophyta,Viridiplantae,DG(18:3_18:4),DG,DG,Glycerolipids,LipidSearch,Gold,4
A15_62058,Streptophyta,Viridiplantae,DG(18:3_18:4),DG,DG,Glycerolipids,LipidSearch,Gold,4
A15_83586,Streptophyta,Viridiplantae,,,,,none,Unidentified,0
A15_107942,Streptophyta,Viridiplantae,,Terpenoid,Terpenoid,Prenol lipids,MS2_diagnostic,Bronze,2
A15_190681,Streptophyta,Viridiplantae,PI(22:6_18:1),PI,PI,Glycerophospholipids,LipidSearch,Bronze,3
A15_1337,Streptophyta,Viridiplantae,,Terpenoid,Terpenoid,Prenol lipids,MS2_diagnostic,Bronze,2
A15_211162,Streptophyta,Viridiplantae,,,,,none,Unidentified,0
A15_141461,Streptophyta,Viridiplantae,,,,,none,Unidentified,0
A15_147129,Streptophyta,Viridiplantae,MGDG(20:4_20:4),MGDG,MGDG,Glycerolipids,LipidSearch,Gold,4
A15_107543,Streptophyta,Viridiplantae,DG(O-24:4),DG,DG,Glycerolipids,LipidSearch,Bronze,3
A15_103359,Streptophyta,Viridiplantae,,Terpenoid,Terpenoid,Prenol lipids,MS2_diagnostic,Bronze,2
A15_214068,Bacillota,Bacteria,,,,,none,Unidentified,0
A15_187498,Streptophyta,Viridiplantae,PI(22:6_18:1),PI,PI,Glycerophospholipids,LipidSearch,Bronze,3
A15_129258,Streptophyta,Viridiplantae,,Terpenoid,Terpenoid,Prenol lipids,MS2_diagnostic,Bronze,2
A15_152086,Streptophyta,Viridiplantae,,PC/SM,PC/SM,Glycerophospholipids|Sphingolipids,MS2_diagnostic,Bronze,2
A15_150248,Streptophyta,Viridiplantae,,PC/SM,PC/SM,Glycerophospholipids|Sphingolipids,MS2_diagnostic,Bronze,2
A15_168539,Streptophyta,Viridiplantae,,PC/SM,PC/SM,Glycerophospholipids|Sphingolipids,MS2_diagnostic,Bronze,2
A15_186235,Streptophyta,Viridiplantae,DG(O-37:8),DG,DG,Glycerolipids,LipidSearch,Bronze,3
A15_142526,Streptophyta,Viridiplantae,,,,,none,Unidentified,0
A15_83214,Streptophyta,Viridiplantae,,PC/SM,PC/SM,Glycerophospholipids|Sphingolipids,MS2_diagnostic,Bronze,2
A15_207174,Streptophyta,Viridiplantae,,Ceramide,Ceramide,Sphingolipids,MS2_diagnostic,Bronze,2
A15_109574,Streptophyta,Viridiplantae,,,,,none,Unidentified,0
A15_85867,Streptophyta,Viridiplantae,,,,,none,Unidentified,0
A15_98862,Streptophyta,Viridiplantae,,PC/SM,PC/SM,Glycerophospholipids|Sphingolipids,MS2_diagnostic,Bronze,2
A15_79415,Streptophyta,Viridiplantae,DG(16:3_16:3),DG,DG,Glycerolipids,LipidSearch,Gold,4
A15_142915,Streptophyta,Viridiplantae,,,,,none,Unidentified,0
A15_77423,Streptophyta,Viridiplantae,,PC/SM,PC/SM,Glycerophospholipids|Sphingolipids,MS2_diagnostic,Bronze,2
A15_181595,Basidiomycota,Fungi,,,,,none,Unidentified,0
A15_100186,Streptophyta,Viridiplantae,TG(16:2_18:2),TG,TG,Glycerolipids,LipidSearch,Bronze,3
A15_33848,Streptophyta,Viridiplantae,,,,,none,Unidentified,0
A15_77216,Streptophyta,Viridiplantae,,,,,none,Unidentified,0
A15_125598,Streptophyta,Viridiplantae,,Terpenoid,Terpenoid,Prenol lipids,MS2_diagnostic,Bronze,2
A15_148603,Streptophyta,Viridiplantae,DGDG(16:0_18:3),DGDG,DGDG,Glycerolipids,LipidSearch,Gold,4
A15_172412,Bacillota,Bacteria,,,,,none,Unidentified,0
A15_65933,Streptophyta,Viridiplantae,TG(15:0_18:4),TG,TG,Glycerolipids,LipidSearch,Bronze,3
A15_83708,Streptophyta,Viridiplantae,,,,,none,Unidentified,0
A15_182917,Actinomycetota,Bacteria,,,,,none,Unidentified,0
A15_48622,Streptophyta,Viridiplantae,,,,,none,Unidentified,0
A15_110631,Streptophyta,Viridiplantae,,Terpenoid,Terpenoid,Prenol lipids,MS2_diagnostic,Bronze,2
A15_120881,Streptophyta,Viridiplantae,,,,,none,Unidentified,0
A15_123355,Streptophyta,Viridiplantae,,Sterol,Sterol,Sterol lipids,MS2_diagnostic,Bronze,2
A15_207617,Streptophyta,Viridiplantae,TG(36:5_16:0)+O:(s),TG,TG,Glycerolipids,LipidSearch,Gold,4
A15_166261,Streptophyta,Viridiplantae,DG(18:1_28:6),DG,DG,Glycerolipids,LipidSearch,Bronze,3
A15_23369,Streptophyta,Viridiplantae,,Terpenoid,Terpenoid,Prenol lipids,MS2_diagnostic,Bronze,2
A15_212856,Streptophyta,Viridiplantae,,,,,none,Unidentified,0
A15_124109,Streptophyta,Viridiplantae,,,,,none,Unidentified,0
A15_66500,Streptophyta,Viridiplantae,,,,,none,Unidentified,0
A15_92302,Basidiomycota,Fungi,,,,,none,Unidentified,0
A15_58322,Streptophyta,Viridiplantae,TG(17:0_4:0_4:0),TG,TG,Glycerolipids,LipidSearch,Bronze,3
A15_211896,Streptophyta,Viridiplantae,,Terpenoid,Terpenoid,Prenol lipids,MS2_diagnostic,Bronze,2
A15_78188,Bacillota,Bacteria,WE(O-26:2),WE,WE,Fatty acyls,LipidSearch,Bronze,3
A15_47625,Streptophyta,Viridiplantae,,Terpenoid,Terpenoid,Prenol lipids,MS2_diagnostic,Bronze,2
A15_85973,Streptophyta,Viridiplantae,,,,,none,Unidentified,0
A15_79676,Ascomycota,Fungi,,,,,none,Unidentified,0
A15_221698,Streptophyta,Viridiplantae,DG(O-44:7),DG,DG,Glycerolipids,LipidSearch,Bronze,3
A15_224168,Bacillota,Bacteria,TG(10:0_14:0_16:0),TG,TG,Glycerolipids,LipidSearch,Gold,4
A15_70602,Basidiomycota,Fungi,DG(P-25:6),DG,DG,Glycerolipids,LipidSearch,Bronze,3
A15_117582,Streptophyta,Viridiplantae,,PC/SM,PC/SM,Glycerophospholipids|Sphingolipids,MS2_diagnostic,Bronze,2
A15_123488,Streptophyta,Viridiplantae,MGDG(20:5_20:5),MGDG,MGDG,Glycerolipids,LipidSearch,Gold,4
A15_16597,Streptophyta,Viridiplantae,,,,,none,Unidentified,0
A15_208063,Streptophyta,Viridiplantae,DG(O-28:8_16:1),DG,DG,Glycerolipids,LipidSearch,Bronze,3
A15_36707,Streptophyta,Viridiplantae,,PC/SM,PC/SM,Glycerophospholipids|Sphingolipids,MS2_diagnostic,Bronze,2
A15_114645,Streptophyta,Viridiplantae,,,,,none,Unidentified,0
A15_86326,Streptophyta,Viridiplantae,TG(3:0_8:0_16:0),TG,TG,Glycerolipids,LipidSearch,Gold,4
A15_129864,Streptophyta,Viridiplantae,,Terpenoid,Terpenoid,Prenol lipids,MS2_diagnostic,Bronze,2
A15_170102,Streptophyta,Viridiplantae,TG(16:1_18:2_18:3),TG,TG,Glycerolipids,LipidSearch,Gold,4
A15_61160,Streptophyta,Viridiplantae,,,,,none,Unidentified,0
A15_223193,Streptophyta,Viridiplantae,,Ubiquinone,Ubiquinone,Prenol lipids,MS2_diagnostic,Bronze,2
A15_169055,Streptophyta,Viridiplantae,,GDGT/Archaeol,GDGT/Archaeol,Archaeal lipids,MS2_diagnostic,Bronze,2
A15_138540,Streptophyta,Viridiplantae,DG(P-18:4_16:0),DG,DG,Glycerolipids,LipidSearch,Bronze,3
A15_18586,Basidiomycota,Fungi,,,,,none,Unidentified,0
A15_112654,Pseudomonadota,Bacteria,,,,,none,Unidentified,0
A15_107389,Pseudomonadota,Bacteria,,,,,none,Unidentified,0
A15_150335,Streptophyta,Viridiplantae,,,,,none,Unidentified,0
A15_97625,Streptophyta,Viridiplantae,,PC/SM,PC/SM,Glycerophospholipids|Sphingolipids,MS2_diagnostic,Bronze,2
A15_61983,Streptophyta,Viridiplantae,TG(15:0_18:4),TG,TG,Glycerolipids,LipidSearch,Bronze,3
A15_60743,Streptophyta,Viridiplantae,,,,,none,Unidentified,0
A15_140259,Streptophyta,Viridiplantae,,,,,none,Unidentified,0
A15_217072,Streptophyta,Viridiplantae,DG(O-23:1_20:6),DG,DG,Glycerolipids,LipidSearch,Bronze,3
A15_98847,Streptophyta,Viridiplantae,,Terpenoid,Terpenoid,Prenol lipids,MS2_diagnostic,Bronze,2
A15_117039,Streptophyta,Viridiplantae,,Terpenoid,Terpenoid,Prenol lipids,MS2_diagnostic,Bronze,2
A15_138434,Streptophyta,Viridiplantae,,,,,none,Unidentified,0
A15_152229,Streptophyta,Viridiplantae,PG(16:1_18:1),PG,PG,Glycerophospholipids,LipidSearch,Gold,4
A15_2340,Streptophyta,Viridiplantae,,Terpenoid,Terpenoid,Prenol lipids,MS2_diagnostic,Bronze,2
A15_94370,Streptophyta,Viridiplantae,TG(18:3_16:0)+OO:(s),TG,TG,Glycerolipids,LipidSearch,Gold,4
A15_156668,Streptophyta,Viridiplantae,DG(P-15:2_19:1),DG,DG,Glycerolipids,LipidSearch,Bronze,3
A15_104896,Streptophyta,Viridiplantae,,PC/SM,PC/SM,Glycerophospholipids|Sphingolipids,MS2_diagnostic,Bronze,2
A15_152325,Bacillota,Bacteria,PE(18:2_15:0),PE,PE,Glycerophospholipids,LipidSearch,Gold,4
A15_64859,Streptophyta,Viridiplantae,TG(21:3_4:0_4:0),TG,TG,Glycerolipids,LipidSearch,Bronze,3
A15_176994,Streptophyta,Viridiplantae,,Terpenoid,Terpenoid,Prenol lipids,MS2_diagnostic,Bronze,2
A15_166436,Streptophyta,Viridiplantae,,Ceramide,Ceramide,Sphingolipids,MS2_diagnostic,Bronze,2
A15_117216,Streptophyta,Viridiplantae,,Terpenoid,Terpenoid,Prenol lipids,MS2_diagnostic,Bronze,2
A15_139174,Bacillota,Bacteria,PE(33:3),PE,PE,Glycerophospholipids,LipidSearch,Bronze,3
A15_138196,Bacillota,Bacteria,PE(33:3),PE,PE,Glycerophospholipids,LipidSearch,Bronze,3
A15_139053,Bacillota,Bacteria,PE(33:3),PE,PE,Glycerophospholipids,LipidSearch,Bronze,3
A15_204431,Streptophyta,Viridiplantae,TG(49:15_18:3),TG,TG,Glycerolipids,LipidSearch,Bronze,3
A15_131891,Streptophyta,Viridiplantae,BisMePA(31:3),BisMePA,BisMePA,Glycerophospholipids,LipidSearch,Bronze,3
A15_89136,Streptophyta,Viridiplantae,,,,,none,Unidentified,0
A15_51215,Ascomycota,Fungi,,,,,none,Unidentified,0
A15_117413,Streptophyta,Viridiplantae,PC(P-25:8_13:0),PC,PC,Glycerophospholipids,LipidSearch,Bronze,3
A15_102560,Streptophyta,Viridiplantae,Hex1Cer(d16:2_19:2)+O:(s),Hex1Cer,HexCer,Sphingolipids,LipidSearch,Gold,4
A15_74861,Streptophyta,Viridiplantae,TG(6:0_9:0_18:4),TG,TG,Glycerolipids,LipidSearch,Gold,4
A15_174077,Streptophyta,Viridiplantae,DG(P-17:3_18:1),DG,DG,Glycerolipids,LipidSearch,Bronze,3
A15_1267,Streptophyta,Viridiplantae,,,,,none,Unidentified,0
A15_6138,Bacillota,Bacteria,,,,,none,Unidentified,0
A15_10327,Bacillota,Bacteria,,,,,none,Unidentified,0
A15_8025,Bacillota,Bacteria,,,,,none,Unidentified,0
A15_148608,Streptophyta,Viridiplantae,PE(16:1_16:1),PE,PE,Glycerophospholipids,LipidSearch,Gold,4
A15_79437,Streptophyta,Viridiplantae,,PC/SM,PC/SM,Glycerophospholipids|Sphingolipids,MS2_diagnostic,Bronze,2
A15_18141,Basidiomycota,Fungi,,,,,none,Unidentified,0
A15_118157,Streptophyta,Viridiplantae,DG(16:2_18:3),DG,DG,Glycerolipids,LipidSearch,Gold,4
A15_115741,Streptophyta,Viridiplantae,DG(16:2_18:3),DG,DG,Glycerolipids,LipidSearch,Gold,4
A15_32711,Streptophyta,Viridiplantae,,,,,none,Unidentified,0
A15_31106,Streptophyta,Viridiplantae,,PC/SM,PC/SM,Glycerophospholipids|Sphingolipids,MS2_diagnostic,Bronze,2
A15_110187,Streptophyta,Viridiplantae,DG(O-16:2_18:3),DG,DG,Glycerolipids,LipidSearch,Bronze,3
A15_90615,Streptophyta,Viridiplantae,,,,,none,Unidentified,0
A15_90791,Streptophyta,Viridiplantae,PG(19:3_18:2),PG,PG,Glycerophospholipids,LipidSearch,Bronze,3
A15_150541,Streptophyta,Viridiplantae,PA(16:0_18:3),PA,PA,Glycerophospholipids,LipidSearch,Gold,4
A15_212394,Bacillota,Bacteria,,,,,none,Unidentified,0
A15_214844,Bacillota,Bacteria,,,,,none,Unidentified,0
A15_214109,Bacillota,Bacteria,,,,,none,Unidentified,0
A15_210761,Bacillota,Bacteria,,,,,none,Unidentified,0
A15_47643,Streptophyta,Viridiplantae,,,,,none,Unidentified,0
A15_78634,Streptophyta,Viridiplantae,PG(16:1_18:4),PG,PG,Glycerophospholipids,LipidSearch,Gold,4
A15_73694,Streptophyta,Viridiplantae,TG(6:0_9:0_18:4),TG,TG,Glycerolipids,LipidSearch,Gold,4
A15_59643,Basidiomycota,Fungi,TG(48:11)+OO:(s),TG,TG,Glycerolipids,LipidSearch,Bronze,3
A15_48150,Streptophyta,Viridiplantae,PG(P-15:2_12:0),PG,PG,Glycerophospholipids,LipidSearch,Bronze,3
A15_173618,Mucoromycota,Fungi,,,,,none,Unidentified,0
A15_44911,Streptophyta,Viridiplantae,,Terpenoid,Terpenoid,Prenol lipids,MS2_diagnostic,Bronze,2
A15_24952,Pseudomonadota,Bacteria,,,,,none,Unidentified,0
A15_23636,Pseudomonadota,Bacteria,,,,,none,Unidentified,0
A15_60794,Basidiomycota,Fungi,,,,,none,Unidentified,0
A15_62991,Basidiomycota,Fungi,,,,,none,Unidentified,0
A15_161405,Streptophyta,Viridiplantae,PA(25:0_16:0),PA,PA,Glycerophospholipids,LipidSearch,Bronze,3
A15_168682,Streptophyta,Viridiplantae,,Sterol,Sterol,Sterol lipids,MS2_diagnostic,Bronze,2
A15_70336,Streptophyta,Viridiplantae,DG(18:3_14:2),DG,DG,Glycerolipids,LipidSearch,Bronze,3
A15_68228,Streptophyta,Viridiplantae,DG(18:3_14:2),DG,DG,Glycerolipids,LipidSearch,Bronze,3
A15_73642,Streptophyta,Viridiplantae,DG(14:2_18:3),DG,DG,Glycerolipids,LipidSearch,Gold,4
A15_164517,Pseudomonadota,Bacteria,DG(O-13:0_19:0),DG,DG,Glycerolipids,LipidSearch,Bronze,3
A15_144690,Bacillota,Bacteria,PE(14:0_15:0),PE,PE,Glycerophospholipids,LipidSearch,Gold,4
A15_14384,Streptophyta,Viridiplantae,,Terpenoid,Terpenoid,Prenol lipids,MS2_diagnostic,Bronze,2
A15_220943,Streptophyta,Viridiplantae,,Sterol,Sterol,Sterol lipids,MS2_diagnostic,Bronze,2
A15_83375,Streptophyta,Viridiplantae,PG(18:1_18:3),PG,PG,Glycerophospholipids,LipidSearch,Bronze,3
A15_72567,Streptophyta,Viridiplantae,PG(16:1_18:4),PG,PG,Glycerophospholipids,LipidSearch,Gold,4
A15_42789,Streptophyta,Viridiplantae,,PC/SM,PC/SM,Glycerophospholipids|Sphingolipids,MS2_diagnostic,Bronze,2
A15_48340,Basidiomycota,Fungi,WE(O-26:5),WE,WE,Fatty acyls,LipidSearch,Bronze,3
A15_106668,Streptophyta,Viridiplantae,DG(18:4_18:4),DG,DG,Glycerolipids,LipidSearch,Gold,4
A15_39806,Streptophyta,Viridiplantae,,,,,none,Unidentified,0
A15_51926,Streptophyta,Viridiplantae,TG(25:6_9:0)+OO:(s),TG,TG,Glycerolipids,LipidSearch,Bronze,3
A15_128079,Streptophyta,Viridiplantae,DGDG(14:0_18:3),DGDG,DGDG,Glycerolipids,LipidSearch,Gold,4
A15_161666,Streptophyta,Viridiplantae,PC(31:0),PC,PC,Glycerophospholipids,LipidSearch,Bronze,3
A15_162313,Streptophyta,Viridiplantae,PC(31:0),PC,PC,Glycerophospholipids,LipidSearch,Bronze,3
A15_64346,Streptophyta,Viridiplantae,,,,,none,Unidentified,0
A15_123132,Streptophyta,Viridiplantae,DGDG(14:0_18:3),DGDG,DGDG,Glycerolipids,LipidSearch,Bronze,3
A15_27573,Basidiomycota,Fungi,,,,,none,Unidentified,0
A15_16105,Basidiomycota,Fungi,,,,,none,Unidentified,0
A15_5097,Streptophyta,Viridiplantae,,Terpenoid,Terpenoid,Prenol lipids,MS2_diagnostic,Bronze,2
A15_221122,Streptophyta,Viridiplantae,,,,,none,Unidentified,0
A15_193504,Streptophyta,Viridiplantae,TG(18:3_18:3_18:4)+O:(s),TG,TG,Glycerolipids,LipidSearch,Bronze,3
A15_138176,Streptophyta,Viridiplantae,,,,,none,Unidentified,0
A15_182230,Actinomycetota,Bacteria,,,,,none,Unidentified,0
A15_54213,Streptophyta,Viridiplantae,,,,,none,Unidentified,0
A15_129487,Streptophyta,Viridiplantae,DG(18:3_20:4),DG,DG,Glycerolipids,LipidSearch,Gold,4
A15_164139,Streptophyta,Viridiplantae,,,,,none,Unidentified,0
A15_65371,Streptophyta,Viridiplantae,DG(P-7:0_19:3),DG,DG,Glycerolipids,LipidSearch,Gold,4
A15_122700,Streptophyta,Viridiplantae,MGDG(18:3_18:3),MGDG,MGDG,Glycerolipids,LipidSearch,Gold,4
A15_81237,Streptophyta,Viridiplantae,,,,,none,Unidentified,0
A15_4447,Streptophyta,Viridiplantae,,,,,none,Unidentified,0
A15_113194,Actinomycetota,Bacteria,,,,,none,Unidentified,0
A15_112320,Actinomycetota,Bacteria,,,,,none,Unidentified,0
A15_102060,Streptophyta,Viridiplantae,PC(34:4),PC,PC,Glycerophospholipids,LipidSearch,Bronze,3
A15_71687,Streptophyta,Viridiplantae,TG(6:0_9:0_18:4),TG,TG,Glycerolipids,LipidSearch,Gold,4
A15_165794,Streptophyta,Viridiplantae,,Terpenoid,Terpenoid,Prenol lipids,MS2_diagnostic,Bronze,2
A15_87261,Basidiomycota,Fungi,,,,,none,Unidentified,0
A15_64987,Streptophyta,Viridiplantae,,PC/SM,PC/SM,Glycerophospholipids|Sphingolipids,MS2_diagnostic,Bronze,2
A15_87187,Streptophyta,Viridiplantae,,Terpenoid,Terpenoid,Prenol lipids,MS2_diagnostic,Bronze,2
A15_51842,Streptophyta,Viridiplantae,,Terpenoid,Terpenoid,Prenol lipids,MS2_diagnostic,Bronze,2
A15_129677,Streptophyta,Viridiplantae,,,,,none,Unidentified,0
A15_218843,Streptophyta,Viridiplantae,TG(29:8_18:3_18:4),TG,TG,Glycerolipids,LipidSearch,Bronze,3
A15_174291,Streptophyta,Viridiplantae,,,,,none,Unidentified,0
A15_205156,Streptophyta,Viridiplantae,,,,,none,Unidentified,0
A15_185044,Streptophyta,Viridiplantae,,,,,none,Unidentified,0
A15_147844,Streptophyta,Viridiplantae,DG(15:1_16:0),DG,DG,Glycerolipids,LipidSearch,Gold,4
A15_108358,Streptophyta,Viridiplantae,,,,,none,Unidentified,0
A15_105006,Streptophyta,Viridiplantae,,,,,none,Unidentified,0
A15_86981,Streptophyta,Viridiplantae,,PC/SM,PC/SM,Glycerophospholipids|Sphingolipids,MS2_diagnostic,Bronze,2
A15_184118,Ascomycota,Fungi,TG(36:1_5:0)+OO:(s),TG,TG,Glycerolipids,LipidSearch,Bronze,3
A15_182693,Ascomycota,Fungi,TG(36:1_5:0)+OO:(s),TG,TG,Glycerolipids,LipidSearch,Bronze,3
A15_113764,Streptophyta,Viridiplantae,TG(18:2_20:2)+O:(s),TG,TG,Glycerolipids,LipidSearch,Bronze,3
A15_145308,Streptophyta,Viridiplantae,DG(18:2_18:3),DG,DG,Glycerolipids,LipidSearch,Gold,4
A15_125021,Streptophyta,Viridiplantae,,,,,none,Unidentified,0
A15_137169,Streptophyta,Viridiplantae,,,,,none,Unidentified,0
A15_143953,Streptophyta,Viridiplantae,,Terpenoid,Terpenoid,Prenol lipids,MS2_diagnostic,Bronze,2
A15_106913,Streptophyta,Viridiplantae,,,,,none,Unidentified,0
A15_184714,Ascomycota,Fungi,Cer(d16:1_20:0),Cer,Cer,Sphingolipids,LipidSearch,Bronze,3
A15_181201,Ascomycota,Fungi,WE(O-36:3),WE,WE,Fatty acyls,LipidSearch,Bronze,3
A15_60870,Streptophyta,Viridiplantae,,,,,none,Unidentified,0
A15_139198,Streptophyta,Viridiplantae,PE(20:5_20:5),PE,PE,Glycerophospholipids,LipidSearch,Gold,4
A15_121178,Streptophyta,Viridiplantae,,Terpenoid,Terpenoid,Prenol lipids,MS2_diagnostic,Bronze,2
A15_68839,Streptophyta,Viridiplantae,,PC/SM,PC/SM,Glycerophospholipids|Sphingolipids,MS2_diagnostic,Bronze,2
A15_146601,Streptophyta,Viridiplantae,,,,,none,Unidentified,0
A15_58830,Streptophyta,Viridiplantae,,Terpenoid,Terpenoid,Prenol lipids,MS2_diagnostic,Bronze,2
A15_105592,Streptophyta,Viridiplantae,,Terpenoid,Terpenoid,Prenol lipids,MS2_diagnostic,Bronze,2
A15_204922,Streptophyta,Viridiplantae,,Sterol,Sterol,Sterol lipids,MS2_diagnostic,Bronze,2
A15_82922,Streptophyta,Viridiplantae,,,,,none,Unidentified,0
A15_110727,Streptophyta,Viridiplantae,,Terpenoid,Terpenoid,Prenol lipids,MS2_diagnostic,Bronze,2
A15_15301,Streptophyta,Viridiplantae,,Terpenoid,Terpenoid,Prenol lipids,MS2_diagnostic,Bronze,2
A15_140277,Basidiomycota,Fungi,PA(18:2_18:2),PA,PA,Glycerophospholipids,LipidSearch,Gold,4
A15_106748,Streptophyta,Viridiplantae,DGDG(18:3_18:4),DGDG,DGDG,Glycerolipids,LipidSearch,Bronze,3
A15_40962,Ascomycota,Fungi,,,,,none,Unidentified,0
A15_53068,Streptophyta,Viridiplantae,,,,,none,Unidentified,0
A15_100580,Streptophyta,Viridiplantae,,,,,none,Unidentified,0
A15_79188,Streptophyta,Viridiplantae,,PC/SM,PC/SM,Glycerophospholipids|Sphingolipids,MS2_diagnostic,Bronze,2
A15_114644,Bacillota,Bacteria,,,,,none,Unidentified,0
A15_117364,Bacillota,Bacteria,,,,,none,Unidentified,0
A15_178822,Streptophyta,Viridiplantae,TG(34:3_22:5)+O:(s),TG,TG,Glycerolipids,LipidSearch,Bronze,3
A15_142874,Pseudomonadota,Bacteria,PG(O-17:2_18:1),PG,PG,Glycerophospholipids,LipidSearch,Bronze,3
A15_169273,Basidiomycota,Fungi,TG(7:0_16:0_20:6)+O:(s),TG,TG,Glycerolipids,LipidSearch,Bronze,3
A15_167662,Basidiomycota,Fungi,TG(7:0_16:0_20:6)+O:(s),TG,TG,Glycerolipids,LipidSearch,Bronze,3
A15_165921,Basidiomycota,Fungi,TG(7:0_16:0_20:6)+O:(s),TG,TG,Glycerolipids,LipidSearch,Bronze,3
A15_112952,Basidiomycota,Fungi,TG(18:0_18:2)+O:(s),TG,TG,Glycerolipids,LipidSearch,Gold,4
A15_89009,Streptophyta,Viridiplantae,,Terpenoid,Terpenoid,Prenol lipids,MS2_diagnostic,Bronze,2
A15_172840,Streptophyta,Viridiplantae,TG(49:15_18:3)+OO:(s),TG,TG,Glycerolipids,LipidSearch,Bronze,3
A15_46432,Streptophyta,Viridiplantae,,Terpenoid,Terpenoid,Prenol lipids,MS2_diagnostic,Bronze,2
A15_87642,Streptophyta,Viridiplantae,,Terpenoid,Terpenoid,Prenol lipids,MS2_diagnostic,Bronze,2
A15_72016,Streptophyta,Viridiplantae,,PC/SM,PC/SM,Glycerophospholipids|Sphingolipids,MS2_diagnostic,Bronze,2
A15_141208,Ascomycota,Fungi,TG(18:1_16:0),TG,TG,Glycerolipids,LipidSearch,Bronze,3
A15_150587,Bacillota,Bacteria,PG(15:0_16:0),PG,PG,Glycerophospholipids,LipidSearch,Gold,4
A15_128208,Streptophyta,Viridiplantae,,,,,none,Unidentified,0
A15_150814,Streptophyta,Viridiplantae,,,,,none,Unidentified,0
A15_63840,Pseudomonadota,Bacteria,,,,,none,Unidentified,0
A15_26470,Pseudomonadota,Bacteria,WE(O-6:0_12:1),WE,WE,Fatty acyls,LipidSearch,Bronze,3
A15_25019,Pseudomonadota,Bacteria,WE(O-6:0_12:1),WE,WE,Fatty acyls,LipidSearch,Bronze,3
A15_28543,Pseudomonadota,Bacteria,WE(O-6:0_12:1),WE,WE,Fatty acyls,LipidSearch,Bronze,3
A15_105706,Streptophyta,Viridiplantae,,PC/SM,PC/SM,Glycerophospholipids|Sphingolipids,MS2_diagnostic,Bronze,2
A15_14124,Streptophyta,Viridiplantae,MG(18:3),MG,MG,Glycerolipids,LipidSearch,Gold,4
A15_77955,Streptophyta,Viridiplantae,PA(18:2_18:4),PA,PA,Glycerophospholipids,LipidSearch,Gold,4
A15_26537,Streptophyta,Viridiplantae,,PC/SM,PC/SM,Glycerophospholipids|Sphingolipids,MS2_diagnostic,Bronze,2
A15_11390,Streptophyta,Viridiplantae,,,,,none,Unidentified,0
A15_42272,Streptophyta,Viridiplantae,,,,,none,Unidentified,0
A15_57576,Streptophyta,Viridiplantae,MGDG(34:7),MGDG,MGDG,Glycerolipids,LipidSearch,Bronze,3
A15_176491,Actinomycetota,Bacteria,,,,,none,Unidentified,0
A15_175418,Actinomycetota,Bacteria,,,,,none,Unidentified,0
A15_171888,Actinomycetota,Bacteria,,,,,none,Unidentified,0
A15_80603,Streptophyta,Viridiplantae,,PC/SM,PC/SM,Glycerophospholipids|Sphingolipids,MS2_diagnostic,Bronze,2
A15_138816,Streptophyta,Viridiplantae,DG(16:0_18:3),DG,DG,Glycerolipids,LipidSearch,Gold,4
A15_87056,Streptophyta,Viridiplantae,,PC/SM,PC/SM,Glycerophospholipids|Sphingolipids,MS2_diagnostic,Bronze,2
A15_62333,Streptophyta,Viridiplantae,TG(26:8_13:1)+O:(s),TG,TG,Glycerolipids,LipidSearch,Bronze,3
A15_22086,Streptophyta,Viridiplantae,,SM,SM,Sphingolipids,MS2_diagnostic,Bronze,2
A15_177688,Actinomycetota,Bacteria,PC(34:3),PC,PC,Glycerophospholipids,LipidSearch,Bronze,3
A15_89530,Streptophyta,Viridiplantae,,Terpenoid,Terpenoid,Prenol lipids,MS2_diagnostic,Bronze,2
A15_98424,Streptophyta,Viridiplantae,,,,,none,Unidentified,0
A15_59883,Streptophyta,Viridiplantae,TG(30:4_4:0)+OO:(s),TG,TG,Glycerolipids,LipidSearch,Bronze,3
A15_37304,Streptophyta,Viridiplantae,TG(17:2_4:0_4:0),TG,TG,Glycerolipids,LipidSearch,Bronze,3
A15_93391,Ascomycota,Fungi,,,,,none,Unidentified,0
A15_89294,Ascomycota,Fungi,,,,,none,Unidentified,0
A15_205834,Streptophyta,Viridiplantae,DGDG(8:0_22:1),DGDG,DGDG,Glycerolipids,LipidSearch,Bronze,3
A15_208394,Streptophyta,Viridiplantae,TG(49:15_18:3),TG,TG,Glycerolipids,LipidSearch,Bronze,3
A15_91985,Streptophyta,Viridiplantae,,,,,none,Unidentified,0
A15_174382,Streptophyta,Viridiplantae,DG(16:0_18:3),DG,DG,Glycerolipids,LipidSearch,Gold,4
A15_18126,Basidiomycota,Fungi,,,,,none,Unidentified,0
A15_20226,Streptophyta,Viridiplantae,,,,,none,Unidentified,0
A15_75634,Streptophyta,Viridiplantae,PG(16:1_18:4),PG,PG,Glycerophospholipids,LipidSearch,Gold,4
A15_106263,Streptophyta,Viridiplantae,,Terpenoid,Terpenoid,Prenol lipids,MS2_diagnostic,Bronze,2
A15_192927,Streptophyta,Viridiplantae,,Sterol,Sterol,Sterol lipids,MS2_diagnostic,Bronze,2
A15_125443,Streptophyta,Viridiplantae,DG(P-18:4_16:2),DG,DG,Glycerolipids,LipidSearch,Bronze,3
A15_98145,Basidiomycota,Fungi,,,,,none,Unidentified,0
A15_201669,Streptophyta,Viridiplantae,TG(39:6_13:0)+O:(s),TG,TG,Glycerolipids,LipidSearch,Bronze,3
A15_8968,Streptophyta,Viridiplantae,,,,,none,Unidentified,0
A15_168847,Streptophyta,Viridiplantae,,PC/SM,PC/SM,Glycerophospholipids|Sphingolipids,MS2_diagnostic,Bronze,2
A15_16374,Bacillota,Bacteria,,,,,none,Unidentified,0
A15_97162,Streptophyta,Viridiplantae,,PC/SM,PC/SM,Glycerophospholipids|Sphingolipids,MS2_diagnostic,Bronze,2
A15_129030,Streptophyta,Viridiplantae,TG(9:0_9:0_18:3)+O:(s),TG,TG,Glycerolipids,LipidSearch,Gold,4
A15_59777,Streptophyta,Viridiplantae,,,,,none,Unidentified,0
A15_139819,Bacillota,Bacteria,,,,,none,Unidentified,0
A15_128339,Basidiomycota,Fungi,PE(18:2_18:2),PE,PE,Glycerophospholipids,LipidSearch,Gold,4
A15_20053,Streptophyta,Viridiplantae,,,,,none,Unidentified,0
A15_85045,Streptophyta,Viridiplantae,,Terpenoid,Terpenoid,Prenol lipids,MS2_diagnostic,Bronze,2
A15_12697,Bacillota,Bacteria,,,,,none,Unidentified,0
A15_126202,Ascomycota,Fungi,TG(18:2_16:0),TG,TG,Glycerolipids,LipidSearch,Bronze,3
A15_124803,Ascomycota,Fungi,TG(18:2_16:0),TG,TG,Glycerolipids,LipidSearch,Bronze,3
A15_124530,Streptophyta,Viridiplantae,PG(16:0_16:1),PG,PG,Glycerophospholipids,LipidSearch,Gold,4
A15_185785,Streptophyta,Viridiplantae,TG(16:0_18:2_18:3)+O:(s),TG,TG,Glycerolipids,LipidSearch,Gold,4
A15_79087,Streptophyta,Viridiplantae,,Terpenoid,Terpenoid,Prenol lipids,MS2_diagnostic,Bronze,2
A15_224970,Bacillota,Bacteria,,,,,none,Unidentified,0
A15_147151,Streptophyta,Viridiplantae,PG(16:0_18:2),PG,PG,Glycerophospholipids,LipidSearch,Gold,4
A15_162253,Streptophyta,Viridiplantae,,Terpenoid,Terpenoid,Prenol lipids,MS2_diagnostic,Bronze,2
A15_62820,Streptophyta,Viridiplantae,,,,,none,Unidentified,0
A15_184142,Streptophyta,Viridiplantae,Cer(d18:2_24:1)+O:(s),Cer,Cer,Sphingolipids,LipidSearch,Bronze,3
A15_121094,Bacillota,Bacteria,,,,,none,Unidentified,0
A15_164646,Streptophyta,Viridiplantae,MGDG(18:1_20:4),MGDG,MGDG,Glycerolipids,LipidSearch,Gold,4
A15_150255,Streptophyta,Viridiplantae,,PC/SM,PC/SM,Glycerophospholipids|Sphingolipids,MS2_diagnostic,Bronze,2
A15_154258,Ascomycota,Fungi,,,,,none,Unidentified,0
A15_98676,Bacillota,Bacteria,MGDG(15:0_15:0),MGDG,MGDG,Glycerolipids,LipidSearch,Bronze,3
A15_1863,Streptophyta,Viridiplantae,,,,,none,Unidentified,0
A15_158006,Streptophyta,Viridiplantae,DG(18:2_20:4),DG,DG,Glycerolipids,LipidSearch,Gold,4
A15_167029,Streptophyta,Viridiplantae,DG(O-18:4_16:0),DG,DG,Glycerolipids,LipidSearch,Bronze,3
A15_111335,Streptophyta,Viridiplantae,,Terpenoid,Terpenoid,Prenol lipids,MS2_diagnostic,Bronze,2
A15_123727,Streptophyta,Viridiplantae,TG(18:2_16:1),TG,TG,Glycerolipids,LipidSearch,Gold,4
A15_2709,Streptophyta,Viridiplantae,,,,,none,Unidentified,0
A15_171224,Streptophyta,Viridiplantae,,PC/SM,PC/SM,Glycerophospholipids|Sphingolipids,MS2_diagnostic,Bronze,2
A15_116483,Streptophyta,Viridiplantae,,PE,PE,Glycerophospholipids,MS2_diagnostic,Bronze,2
A15_180532,Bacillota,Bacteria,PE(18:0_15:0),PE,PE,Glycerophospholipids,LipidSearch,Gold,4
A15_63328,Basidiomycota,Fungi,DG(O-25:6),DG,DG,Glycerolipids,LipidSearch,Bronze,3
A15_65642,Basidiomycota,Fungi,,,,,none,Unidentified,0
A15_201584,Streptophyta,Viridiplantae,,,,,none,Unidentified,0
A15_200885,Streptophyta,Viridiplantae,,,,,none,Unidentified,0
A15_55797,Streptophyta,Viridiplantae,TG(11:0_18:3),TG,TG,Glycerolipids,LipidSearch,Bronze,3
A15_181448,Streptophyta,Viridiplantae,,,,,none,Unidentified,0
A15_22371,Streptophyta,Viridiplantae,LPC(20:4),LPC,LPC,Glycerophospholipids,LipidSearch,Bronze,3
A15_89510,Streptophyta,Viridiplantae,PG(21:2_16:2),PG,PG,Glycerophospholipids,LipidSearch,Bronze,3
A15_79410,Bacillota,Bacteria,,,,,none,Unidentified,0
A15_114082,Streptophyta,Viridiplantae,DG(18:2_24:7),DG,DG,Glycerolipids,LipidSearch,Bronze,3
A15_179410,Bacillota,Bacteria,TG(33:1_4:0)+OO:(s),TG,TG,Glycerolipids,LipidSearch,Bronze,3
A15_180472,Bacillota,Bacteria,TG(33:1_4:0)+OO:(s),TG,TG,Glycerolipids,LipidSearch,Bronze,3
A15_144029,Streptophyta,Viridiplantae,DG(16:1_18:3),DG,DG,Glycerolipids,LipidSearch,Gold,4
A15_166747,Ascomycota,Fungi,PA(27:0_16:0),PA,PA,Glycerophospholipids,LipidSearch,Bronze,3
A15_16257,Ascomycota,Fungi,LPC(20:5),LPC,LPC,Glycerophospholipids,LipidSearch,Bronze,3
A15_170249,Ascomycota,Fungi,PA(25:0_18:0),PA,PA,Glycerophospholipids,LipidSearch,Bronze,3
A15_166674,Bacillota,Bacteria,Cer(d18:2_16:0),Cer,Cer,Sphingolipids,LipidSearch,Bronze,3
A15_162289,Bacillota,Bacteria,Cer(d18:2_16:0),Cer,Cer,Sphingolipids,LipidSearch,Bronze,3
A15_167915,Bacillota,Bacteria,Cer(d18:2_16:0),Cer,Cer,Sphingolipids,LipidSearch,Bronze,3
A15_21662,Streptophyta,Viridiplantae,MG(18:2),MG,MG,Glycerolipids,LipidSearch,Gold,4
A15_178968,Streptophyta,Viridiplantae,,,,,none,Unidentified,0
A15_27380,Streptophyta,Viridiplantae,,Terpenoid,Terpenoid,Prenol lipids,MS2_diagnostic,Bronze,2
A15_165526,Streptophyta,Viridiplantae,,PC/SM,PC/SM,Glycerophospholipids|Sphingolipids,MS2_diagnostic,Bronze,2
A15_34503,Basidiomycota,Fungi,DG(25:6),DG,DG,Glycerolipids,LipidSearch,Bronze,3
A15_133237,Streptophyta,Viridiplantae,,,,,none,Unidentified,0
A15_171199,Streptophyta,Viridiplantae,,Terpenoid,Terpenoid,Prenol lipids,MS2_diagnostic,Bronze,2
A15_50955,Streptophyta,Viridiplantae,,PC/SM,PC/SM,Glycerophospholipids|Sphingolipids,MS2_diagnostic,Bronze,2
A15_102925,Streptophyta,Viridiplantae,PG(18:2_18:2),PG,PG,Glycerophospholipids,LipidSearch,Gold,4
A15_53346,Streptophyta,Viridiplantae,,,,,none,Unidentified,0
A15_29103,Mucoromycota,Fungi,LPC(19:2),LPC,LPC,Glycerophospholipids,LipidSearch,Bronze,3
A15_174616,Bacillota,Bacteria,,,,,none,Unidentified,0
A15_84273,Streptophyta,Viridiplantae,,PC/SM,PC/SM,Glycerophospholipids|Sphingolipids,MS2_diagnostic,Bronze,2
A15_54911,Streptophyta,Viridiplantae,,,,,none,Unidentified,0
A15_30581,Streptophyta,Viridiplantae,,,,,none,Unidentified,0
A15_73760,Streptophyta,Viridiplantae,,PC/SM,PC/SM,Glycerophospholipids|Sphingolipids,MS2_diagnostic,Bronze,2
A15_212975,Streptophyta,Viridiplantae,DG(15:0_25:1),DG,DG,Glycerolipids,LipidSearch,Bronze,3
A15_149149,Streptophyta,Viridiplantae,PC(36:5),PC,PC,Glycerophospholipids,LipidSearch,Bronze,3
A15_101487,Streptophyta,Viridiplantae,PG(16:0_16:0),PG,PG,Glycerophospholipids,LipidSearch,Gold,4
A15_142630,Pseudomonadota,Bacteria,PG(O-17:2_16:1),PG,PG,Glycerophospholipids,LipidSearch,Bronze,3
A15_138584,Basidiomycota,Fungi,Cer(d16:0_17:2),Cer,Cer,Sphingolipids,LipidSearch,Bronze,3
A15_26582,Ascomycota,Fungi,,,,,none,Unidentified,0
A15_211096,Streptophyta,Viridiplantae,,,,,none,Unidentified,0
A15_171975,Streptophyta,Viridiplantae,,Terpenoid,Terpenoid,Prenol lipids,MS2_diagnostic,Bronze,2
A15_104598,Bacillota,Bacteria,,,,,none,Unidentified,0
A15_199460,Streptophyta,Viridiplantae,MePC(39:9),MePC,MePC,Glycerophospholipids,LipidSearch,Bronze,3
A15_66026,Streptophyta,Viridiplantae,,,,,none,Unidentified,0
A15_81158,Streptophyta,Viridiplantae,DG(O-26:5),DG,DG,Glycerolipids,LipidSearch,Bronze,3
A15_60807,Basidiomycota,Fungi,,,,,none,Unidentified,0
A15_201919,Streptophyta,Viridiplantae,TG(16:0_18:3_18:3)+O:(s),TG,TG,Glycerolipids,LipidSearch,Gold,4
A15_45816,Streptophyta,Viridiplantae,,PC/SM,PC/SM,Glycerophospholipids|Sphingolipids,MS2_diagnostic,Bronze,2
A15_154880,Streptophyta,Viridiplantae,DG(18:0_18:4),DG,DG,Glycerolipids,LipidSearch,Gold,4
A15_99370,Streptophyta,Viridiplantae,,,,,none,Unidentified,0
A15_7067,Streptophyta,Viridiplantae,,Terpenoid,Terpenoid,Prenol lipids,MS2_diagnostic,Bronze,2
A15_141569,Streptophyta,Viridiplantae,,,,,none,Unidentified,0
A15_120327,Streptophyta,Viridiplantae,PA(22:6_18:1),PA,PA,Glycerophospholipids,LipidSearch,Bronze,3
A15_20755,Streptophyta,Viridiplantae,,Terpenoid,Terpenoid,Prenol lipids,MS2_diagnostic,Bronze,2
A15_49351,Ascomycota,Fungi,,,,,none,Unidentified,0
A15_153,Streptophyta,Viridiplantae,,Terpenoid,Terpenoid,Prenol lipids,MS2_diagnostic,Bronze,2
A15_130733,Streptophyta,Viridiplantae,DG(18:2_18:3),DG,DG,Glycerolipids,LipidSearch,Gold,4
A15_57254,Streptophyta,Viridiplantae,,,,,none,Unidentified,0
A15_87206,Streptophyta,Viridiplantae,,,,,none,Unidentified,0
A15_76697,Streptophyta,Viridiplantae,,,,,none,Unidentified,0
A15_40131,Streptophyta,Viridiplantae,,PC/SM,PC/SM,Glycerophospholipids|Sphingolipids,MS2_diagnostic,Bronze,2
A15_56536,Streptophyta,Viridiplantae,,Terpenoid,Terpenoid,Prenol lipids,MS2_diagnostic,Bronze,2
A15_203729,Streptophyta,Viridiplantae,DG(O-15:1_24:1),DG,DG,Glycerolipids,LipidSearch,Bronze,3
A15_211910,Streptophyta,Viridiplantae,,PC/SM,PC/SM,Glycerophospholipids|Sphingolipids,MS2_diagnostic,Bronze,2
A15_173774,Pseudomonadota,Bacteria,TG(22:4_4:0_18:1)+OO:(s),TG,TG,Glycerolipids,LipidSearch,Bronze,3
A15_174537,Pseudomonadota,Bacteria,TG(22:4_4:0_18:1)+OO:(s),TG,TG,Glycerolipids,LipidSearch,Bronze,3
A15_170787,Pseudomonadota,Bacteria,TG(24:5_4:0_16:0)+OO:(s),TG,TG,Glycerolipids,LipidSearch,Bronze,3
A15_172607,Pseudomonadota,Bacteria,TG(22:4_4:0_18:1)+OO:(s),TG,TG,Glycerolipids,LipidSearch,Bronze,3
A15_174594,Streptophyta,Viridiplantae,,PC/SM,PC/SM,Glycerophospholipids|Sphingolipids,MS2_diagnostic,Bronze,2
A15_53374,Streptophyta,Viridiplantae,,PC/SM,PC/SM,Glycerophospholipids|Sphingolipids,MS2_diagnostic,Bronze,2
A15_87428,Streptophyta,Viridiplantae,TG(P-5:0_22:7_10:0),TG,TG,Glycerolipids,LipidSearch,Bronze,3
A15_7370,Streptophyta,Viridiplantae,,Ceramide,Ceramide,Sphingolipids,MS2_diagnostic,Bronze,2
A15_220041,Streptophyta,Viridiplantae,DG(O-25:6_18:2),DG,DG,Glycerolipids,LipidSearch,Bronze,3
A15_115103,Streptophyta,Viridiplantae,DG(15:2_16:1),DG,DG,Glycerolipids,LipidSearch,Gold,4
A15_202314,Streptophyta,Viridiplantae,TG(49:16_18:3),TG,TG,Glycerolipids,LipidSearch,Gold,4
A15_58407,Streptophyta,Viridiplantae,,,,,none,Unidentified,0
A15_167852,Streptophyta,Viridiplantae,,,,,none,Unidentified,0
A15_150175,Pseudomonadota,Bacteria,TG(26:6_20:5),TG,TG,Glycerolipids,LipidSearch,Bronze,3
A15_2552,Streptophyta,Viridiplantae,TG(22:2_4:0)+O:(s),TG,TG,Glycerolipids,LipidSearch,Bronze,3
A15_161055,Pseudomonadota,Bacteria,PS(35:2),PS,PS,Glycerophospholipids,LipidSearch,Bronze,3
A15_159485,Pseudomonadota,Bacteria,PS(35:2),PS,PS,Glycerophospholipids,LipidSearch,Bronze,3
A15_128845,Streptophyta,Viridiplantae,DG(15:2_16:0),DG,DG,Glycerolipids,LipidSearch,Gold,4
A15_106439,Streptophyta,Viridiplantae,,Terpenoid,Terpenoid,Prenol lipids,MS2_diagnostic,Bronze,2
A15_182770,Streptophyta,Viridiplantae,,,,,none,Unidentified,0
A15_29928,Streptophyta,Viridiplantae,,,,,none,Unidentified,0
A15_98282,Basidiomycota,Fungi,PG(P-18:4_17:1),PG,PG,Glycerophospholipids,LipidSearch,Bronze,3
A15_217421,Methanobacteriota,Archaea,TG(34:0_15:2),TG,TG,Glycerolipids,LipidSearch,Bronze,3
A15_44706,Streptophyta,Viridiplantae,,,,,none,Unidentified,0
A15_113819,Streptophyta,Viridiplantae,,PC/SM,PC/SM,Glycerophospholipids|Sphingolipids,MS2_diagnostic,Bronze,2
A15_47623,Streptophyta,Viridiplantae,,Terpenoid,Terpenoid,Prenol lipids,MS2_diagnostic,Bronze,2
A15_76811,Streptophyta,Viridiplantae,,PC/SM,PC/SM,Glycerophospholipids|Sphingolipids,MS2_diagnostic,Bronze,2
A15_190507,Heterolobosea,Protists,,PC/SM,PC/SM,Glycerophospholipids|Sphingolipids,MS2_diagnostic,Bronze,2
A15_114260,Streptophyta,Viridiplantae,,PC/SM,PC/SM,Glycerophospholipids|Sphingolipids,MS2_diagnostic,Bronze,2
A15_152542,Streptophyta,Viridiplantae,TG(18:1_16:0),TG,TG,Glycerolipids,LipidSearch,Gold,4
A15_155311,Streptophyta,Viridiplantae,TG(18:4_8:0_16:1)+O:(s),TG,TG,Glycerolipids,LipidSearch,Bronze,3
A15_67728,Streptophyta,Viridiplantae,TG(16:1_18:3)+O:(s),TG,TG,Glycerolipids,LipidSearch,Bronze,3
A15_201099,Streptophyta,Viridiplantae,TG(18:3_18:3_18:3)+O:(s),TG,TG,Glycerolipids,LipidSearch,Gold,4
A15_163216,Bacillota,Bacteria,,,,,none,Unidentified,0
A15_161096,Bacillota,Bacteria,,,,,none,Unidentified,0
A15_89783,Streptophyta,Viridiplantae,,Terpenoid,Terpenoid,Prenol lipids,MS2_diagnostic,Bronze,2
A15_156813,Streptophyta,Viridiplantae,,,,,none,Unidentified,0
A15_211961,Streptophyta,Viridiplantae,DG(15:0_25:1),DG,DG,Glycerolipids,LipidSearch,Bronze,3
A15_76756,Streptophyta,Viridiplantae,,PC/SM,PC/SM,Glycerophospholipids|Sphingolipids,MS2_diagnostic,Bronze,2
A15_140344,Streptophyta,Viridiplantae,,Terpenoid,Terpenoid,Prenol lipids,MS2_diagnostic,Bronze,2
A15_187201,Basidiomycota,Fungi,PC(39:2),PC,PC,Glycerophospholipids,LipidSearch,Bronze,3
A15_99766,Streptophyta,Viridiplantae,,,,,none,Unidentified,0
A15_27130,Streptophyta,Viridiplantae,,Terpenoid,Terpenoid,Prenol lipids,MS2_diagnostic,Bronze,2
A15_169489,Streptophyta,Viridiplantae,,,,,none,Unidentified,0
A15_107374,Streptophyta,Viridiplantae,,PC/SM,PC/SM,Glycerophospholipids|Sphingolipids,MS2_diagnostic,Bronze,2
A15_140514,Bacillota,Bacteria,DG(O-13:0_17:2),DG,DG,Glycerolipids,LipidSearch,Bronze,3
A15_129231,Streptophyta,Viridiplantae,,Ceramide,Ceramide,Sphingolipids,MS2_diagnostic,Bronze,2
A15_81926,Streptophyta,Viridiplantae,TG(27:8_4:0_5:0),TG,TG,Glycerolipids,LipidSearch,Bronze,3
A15_37242,Ascomycota,Fungi,LPC(18:2),LPC,LPC,Glycerophospholipids,LipidSearch,Bronze,3
A15_120461,Streptophyta,Viridiplantae,,,,,none,Unidentified,0
A15_171220,Streptophyta,Viridiplantae,TG(23:1_18:2)+O:(s),TG,TG,Glycerolipids,LipidSearch,Bronze,3
A15_217234,Streptophyta,Viridiplantae,,,,,none,Unidentified,0
A15_71749,Streptophyta,Viridiplantae,,PC/SM,PC/SM,Glycerophospholipids|Sphingolipids,MS2_diagnostic,Bronze,2
A15_132447,Streptophyta,Viridiplantae,PG(16:0_18:3),PG,PG,Glycerophospholipids,LipidSearch,Gold,4
A15_27969,Streptophyta,Viridiplantae,,,,,none,Unidentified,0
A15_134684,Streptophyta,Viridiplantae,DGDG(16:2_18:2),DGDG,DGDG,Glycerolipids,LipidSearch,Gold,4
A15_203642,Streptophyta,Viridiplantae,,,,,none,Unidentified,0
A15_211289,Streptophyta,Viridiplantae,,,,,none,Unidentified,0
A15_129005,Streptophyta,Viridiplantae,PG(33:3),PG,PG,Glycerophospholipids,LipidSearch,Bronze,3
A15_142651,Streptophyta,Viridiplantae,,GDGT/Archaeol,GDGT/Archaeol,Archaeal lipids,MS2_diagnostic,Bronze,2
A15_174278,Streptophyta,Viridiplantae,,PC/SM,PC/SM,Glycerophospholipids|Sphingolipids,MS2_diagnostic,Bronze,2
A15_157071,Streptophyta,Viridiplantae,TG(18:4_8:0_16:1)+O:(s),TG,TG,Glycerolipids,LipidSearch,Bronze,3
A15_190027,Streptophyta,Viridiplantae,,PC/SM,PC/SM,Glycerophospholipids|Sphingolipids,MS2_diagnostic,Bronze,2
A15_77284,Streptophyta,Viridiplantae,DG(26:5),DG,DG,Glycerolipids,LipidSearch,Bronze,3
A15_184211,Ascomycota,Fungi,,,,,none,Unidentified,0
A15_161395,Streptophyta,Viridiplantae,,,,,none,Unidentified,0
A15_169209,Streptophyta,Viridiplantae,,,,,none,Unidentified,0
A15_225499,Streptophyta,Viridiplantae,,,,,none,Unidentified,0
A15_104331,Streptophyta,Viridiplantae,PG(15:2_16:0),PG,PG,Glycerophospholipids,LipidSearch,Bronze,3
A15_86761,Streptophyta,Viridiplantae,,,,,none,Unidentified,0
A15_81033,Streptophyta,Viridiplantae,,PC/SM,PC/SM,Glycerophospholipids|Sphingolipids,MS2_diagnostic,Bronze,2
A15_103906,Streptophyta,Viridiplantae,DGDG(16:3_18:3),DGDG,DGDG,Glycerolipids,LipidSearch,Gold,4
A15_154649,Streptophyta,Viridiplantae,PC(40:9),PC,PC,Glycerophospholipids,LipidSearch,Bronze,3
A15_191048,Bacillota,Bacteria,Cer(d18:0_18:0),Cer,Cer,Sphingolipids,LipidSearch,Bronze,3
A15_193628,Bacillota,Bacteria,Cer(d18:0_18:0),Cer,Cer,Sphingolipids,LipidSearch,Bronze,3
A15_192144,Bacillota,Bacteria,Cer(d18:0_18:0),Cer,Cer,Sphingolipids,LipidSearch,Bronze,3
A15_195826,Streptophyta,Viridiplantae,,,,,none,Unidentified,0
A15_138416,Streptophyta,Viridiplantae,,,,,none,Unidentified,0
A15_74933,Ascomycota,Fungi,,,,,none,Unidentified,0
A15_100154,Streptophyta,Viridiplantae,DG(O-31:5),DG,DG,Glycerolipids,LipidSearch,Bronze,3
A15_171196,Streptophyta,Viridiplantae,,Sterol,Sterol,Sterol lipids,MS2_diagnostic,Bronze,2
A15_122624,Streptophyta,Viridiplantae,DG(18:2_18:3),DG,DG,Glycerolipids,LipidSearch,Gold,4
A15_168892,Streptophyta,Viridiplantae,,,,,none,Unidentified,0
A15_147280,Streptophyta,Viridiplantae,,,,,none,Unidentified,0
A15_185220,Pseudomonadota,Bacteria,,,,,none,Unidentified,0
A15_49780,Streptophyta,Viridiplantae,,PC/SM,PC/SM,Glycerophospholipids|Sphingolipids,MS2_diagnostic,Bronze,2
A15_118517,Streptophyta,Viridiplantae,,,,,none,Unidentified,0
A15_182249,Basidiomycota,Fungi,,,,,none,Unidentified,0
A15_57662,Bacillota,Bacteria,,,,,none,Unidentified,0
A15_39268,Streptophyta,Viridiplantae,,,,,none,Unidentified,0
A15_49202,Methanobacteriota,Archaea,,,,,none,Unidentified,0
A15_74091,Streptophyta,Viridiplantae,,PC/SM,PC/SM,Glycerophospholipids|Sphingolipids,MS2_diagnostic,Bronze,2
A15_137990,Streptophyta,Viridiplantae,,Terpenoid,Terpenoid,Prenol lipids,MS2_diagnostic,Bronze,2
A15_144632,Pseudomonadota,Bacteria,PG(O-17:2_19:1),PG,PG,Glycerophospholipids,LipidSearch,Bronze,3
A15_118173,Streptophyta,Viridiplantae,TG(43:7)+O:(s),TG,TG,Glycerolipids,LipidSearch,Bronze,3
A15_31378,Streptophyta,Viridiplantae,,Terpenoid,Terpenoid,Prenol lipids,MS2_diagnostic,Bronze,2
A15_163234,Streptophyta,Viridiplantae,Hex1Cer(d18:2_18:0),Hex1Cer,HexCer,Sphingolipids,LipidSearch,Gold,4
A15_69337,Streptophyta,Viridiplantae,,PC/SM,PC/SM,Glycerophospholipids|Sphingolipids,MS2_diagnostic,Bronze,2
A15_17703,Streptophyta,Viridiplantae,DG(P-5:0_20:5),DG,DG,Glycerolipids,LipidSearch,Bronze,3
A15_213259,Streptophyta,Viridiplantae,TG(18:2_18:2_18:3)+O:(s),TG,TG,Glycerolipids,LipidSearch,Gold,4
A15_66913,Streptophyta,Viridiplantae,,PC/SM,PC/SM,Glycerophospholipids|Sphingolipids,MS2_diagnostic,Bronze,2
A15_206186,Streptophyta,Viridiplantae,,Sterol,Sterol,Sterol lipids,MS2_diagnostic,Bronze,2
A15_184859,Streptophyta,Viridiplantae,,PC/SM,PC/SM,Glycerophospholipids|Sphingolipids,MS2_diagnostic,Bronze,2
A15_117328,Mucoromycota,Fungi,,,,,none,Unidentified,0
A15_121956,Streptophyta,Viridiplantae,DG(18:3_18:4),DG,DG,Glycerolipids,LipidSearch,Gold,4
A15_58254,Streptophyta,Viridiplantae,DG(16:1_18:3),DG,DG,Glycerolipids,LipidSearch,Gold,4
A15_143443,Streptophyta,Viridiplantae,PG(16:0_18:2),PG,PG,Glycerophospholipids,LipidSearch,Gold,4
A15_142305,Streptophyta,Viridiplantae,PG(16:0_18:2),PG,PG,Glycerophospholipids,LipidSearch,Gold,4
A15_142394,Streptophyta,Viridiplantae,DG(18:2_16:3),DG,DG,Glycerolipids,LipidSearch,Gold,4
A15_77277,Streptophyta,Viridiplantae,,PC/SM,PC/SM,Glycerophospholipids|Sphingolipids,MS2_diagnostic,Bronze,2
A15_177515,Bacillota,Bacteria,,,,,none,Unidentified,0
A15_181854,Bacillota,Bacteria,,,,,none,Unidentified,0
A15_150799,Streptophyta,Viridiplantae,,Terpenoid,Terpenoid,Prenol lipids,MS2_diagnostic,Bronze,2
A15_54965,Streptophyta,Viridiplantae,,,,,none,Unidentified,0
A15_107714,Streptophyta,Viridiplantae,Hex1Cer(d16:2_20:2),Hex1Cer,HexCer,Sphingolipids,LipidSearch,Bronze,3
A15_102754,Streptophyta,Viridiplantae,,Terpenoid,Terpenoid,Prenol lipids,MS2_diagnostic,Bronze,2
A15_134900,Streptophyta,Viridiplantae,,,,,none,Unidentified,0
A15_112124,Bacillota,Bacteria,PG(14:1_14:0),PG,PG,Glycerophospholipids,LipidSearch,Gold,4
A15_105628,Streptophyta,Viridiplantae,,,,,none,Unidentified,0
A15_100852,Streptophyta,Viridiplantae,,PC/SM,PC/SM,Glycerophospholipids|Sphingolipids,MS2_diagnostic,Bronze,2
A15_45662,Streptophyta,Viridiplantae,,Terpenoid,Terpenoid,Prenol lipids,MS2_diagnostic,Bronze,2
A15_110611,Basidiomycota,Fungi,PG(P-17:3_21:2),PG,PG,Glycerophospholipids,LipidSearch,Bronze,3
A15_112008,Basidiomycota,Fungi,PG(P-17:3_21:2),PG,PG,Glycerophospholipids,LipidSearch,Bronze,3
A15_194859,Actinomycetota,Bacteria,TG(12:1_16:1_16:1)+OO:(s),TG,TG,Glycerolipids,LipidSearch,Gold,4
A15_192100,Actinomycetota,Bacteria,TG(12:1_16:1_16:1)+OO:(s),TG,TG,Glycerolipids,LipidSearch,Gold,4
A15_114395,Streptophyta,Viridiplantae,,,,,none,Unidentified,0
A15_72294,Streptophyta,Viridiplantae,,PC/SM,PC/SM,Glycerophospholipids|Sphingolipids,MS2_diagnostic,Bronze,2
A15_136699,Streptophyta,Viridiplantae,,Terpenoid,Terpenoid,Prenol lipids,MS2_diagnostic,Bronze,2
A15_136021,Basidiomycota,Fungi,DG(P-15:2_18:1),DG,DG,Glycerolipids,LipidSearch,Bronze,3
A15_144108,Streptophyta,Viridiplantae,TG(18:2_16:0),TG,TG,Glycerolipids,LipidSearch,Gold,4
A15_6503,Streptophyta,Viridiplantae,,Ceramide,Ceramide,Sphingolipids,MS2_diagnostic,Bronze,2
A15_104758,Streptophyta,Viridiplantae,,,,,none,Unidentified,0
A15_39306,Streptophyta,Viridiplantae,,,,,none,Unidentified,0
A15_188187,Streptophyta,Viridiplantae,TG(36:8_16:0)+OO:(s),TG,TG,Glycerolipids,LipidSearch,Gold,4
A15_174718,Streptophyta,Viridiplantae,PC(35:4),PC,PC,Glycerophospholipids,LipidSearch,Bronze,3
A15_174045,Streptophyta,Viridiplantae,TG(37:3_4:0)+OO:(s),TG,TG,Glycerolipids,LipidSearch,Bronze,3
A15_175383,Streptophyta,Viridiplantae,TG(37:3_4:0)+OO:(s),TG,TG,Glycerolipids,LipidSearch,Bronze,3
A15_103076,Streptophyta,Viridiplantae,,Hopanoid,Hopanoid,Prenol lipids,MS2_diagnostic,Bronze,2
A15_172692,Streptophyta,Viridiplantae,,GDGT/Archaeol,GDGT/Archaeol,Archaeal lipids,MS2_diagnostic,Bronze,2
A15_65876,Streptophyta,Viridiplantae,,PC/SM,PC/SM,Glycerophospholipids|Sphingolipids,MS2_diagnostic,Bronze,2
A15_138358,Streptophyta,Viridiplantae,,Terpenoid,Terpenoid,Prenol lipids,MS2_diagnostic,Bronze,2
A15_7031,Streptophyta,Viridiplantae,LPC(14:1),LPC,LPC,Glycerophospholipids,LipidSearch,Bronze,3
A15_122538,Streptophyta,Viridiplantae,,SM,SM,Sphingolipids,MS2_diagnostic,Bronze,2
A15_60849,Basidiomycota,Fungi,DG(P-5:0_20:6),DG,DG,Glycerolipids,LipidSearch,Gold,4
A15_199960,Streptophyta,Viridiplantae,DG(O-15:2_24:1),DG,DG,Glycerolipids,LipidSearch,Bronze,3
A15_43501,Basidiomycota,Fungi,,,,,none,Unidentified,0
A15_207066,Streptophyta,Viridiplantae,,,,,none,Unidentified,0
A15_13728,Streptophyta,Viridiplantae,,Terpenoid,Terpenoid,Prenol lipids,MS2_diagnostic,Bronze,2
A15_116756,Streptophyta,Viridiplantae,,,,,none,Unidentified,0
A15_108858,Streptophyta,Viridiplantae,MG(O-24:5),MG,MG,Glycerolipids,LipidSearch,Bronze,3
A15_95456,Streptophyta,Viridiplantae,,Glycolipid,Glycolipid,Glycerolipids,MS2_diagnostic,Bronze,2
A15_126779,Streptophyta,Viridiplantae,DG(19:3_18:4),DG,DG,Glycerolipids,LipidSearch,Gold,4
A15_184351,Streptophyta,Viridiplantae,,,,,none,Unidentified,0
A15_102902,Streptophyta,Viridiplantae,,Terpenoid,Terpenoid,Prenol lipids,MS2_diagnostic,Bronze,2
A15_68874,Streptophyta,Viridiplantae,DG(O-26:5),DG,DG,Glycerolipids,LipidSearch,Bronze,3
A15_100437,Streptophyta,Viridiplantae,DG(O-5:0_21:5),DG,DG,Glycerolipids,LipidSearch,Bronze,3
A15_216709,Streptophyta,Viridiplantae,TG(49:14_18:3),TG,TG,Glycerolipids,LipidSearch,Gold,4
A15_46619,Ascomycota,Fungi,,,,,none,Unidentified,0
A15_50015,Ascomycota,Fungi,,,,,none,Unidentified,0
A15_165816,Bacillota,Bacteria,PA(16:0_18:1),PA,PA,Glycerophospholipids,LipidSearch,Gold,4
A15_82696,Streptophyta,Viridiplantae,TG(3:0_13:1_18:2),TG,TG,Glycerolipids,LipidSearch,Bronze,3
A15_180401,Streptophyta,Viridiplantae,,PC/SM,PC/SM,Glycerophospholipids|Sphingolipids,MS2_diagnostic,Bronze,2
A15_177020,Streptophyta,Viridiplantae,,PC/SM,PC/SM,Glycerophospholipids|Sphingolipids,MS2_diagnostic,Bronze,2
A15_179202,Streptophyta,Viridiplantae,,PC/SM,PC/SM,Glycerophospholipids|Sphingolipids,MS2_diagnostic,Bronze,2
A15_198377,Streptophyta,Viridiplantae,TG(18:2_18:3_18:4),TG,TG,Glycerolipids,LipidSearch,Bronze,3
A15_103464,Streptophyta,Viridiplantae,DG(11:0_18:2),DG,DG,Glycerolipids,LipidSearch,Bronze,3
A15_121480,Streptophyta,Viridiplantae,,PC/SM,PC/SM,Glycerophospholipids|Sphingolipids,MS2_diagnostic,Bronze,2
A15_177753,Streptophyta,Viridiplantae,TG(36:7_18:4)+OO:(s),TG,TG,Glycerolipids,LipidSearch,Bronze,3
A15_154939,Streptophyta,Viridiplantae,,,,,none,Unidentified,0
A15_185722,Ascomycota,Fungi,PC(O-38:3),PC,PC,Glycerophospholipids,LipidSearch,Bronze,3
A15_180212,Ascomycota,Fungi,PC(O-20:2_18:1),PC,PC,Glycerophospholipids,LipidSearch,Bronze,3
A15_90658,Streptophyta,Viridiplantae,,PC/SM,PC/SM,Glycerophospholipids|Sphingolipids,MS2_diagnostic,Bronze,2
A15_27482,Bacillota,Bacteria,WE(O-20:1),WE,WE,Fatty acyls,LipidSearch,Bronze,3
A15_26604,Bacillota,Bacteria,WE(O-20:1),WE,WE,Fatty acyls,LipidSearch,Bronze,3
A15_52534,Ascomycota,Fungi,,,,,none,Unidentified,0
A15_87697,Streptophyta,Viridiplantae,TG(5:0_22:0),TG,TG,Glycerolipids,LipidSearch,Bronze,3
A15_3325,Streptophyta,Viridiplantae,DG(2:0_16:2),DG,DG,Glycerolipids,LipidSearch,Bronze,3
A15_141035,Basidiomycota,Fungi,Cer(d18:2_17:1),Cer,Cer,Sphingolipids,LipidSearch,Gold,4
A15_10368,Streptophyta,Viridiplantae,,Ceramide,Ceramide,Sphingolipids,MS2_diagnostic,Bronze,2
A15_100418,Bacillota,Bacteria,PG(18:1_16:3),PG,PG,Glycerophospholipids,LipidSearch,Bronze,3
A15_122846,Streptophyta,Viridiplantae,DG(P-18:4_16:1),DG,DG,Glycerolipids,LipidSearch,Bronze,3
A15_197630,Actinomycetota,Bacteria,,,,,none,Unidentified,0
A15_178821,Streptophyta,Viridiplantae,TG(18:3_18:3_18:3)+O:(s),TG,TG,Glycerolipids,LipidSearch,Gold,4
A15_140275,Streptophyta,Viridiplantae,DG(P-15:2_22:5),DG,DG,Glycerolipids,LipidSearch,Bronze,3
A15_54713,Streptophyta,Viridiplantae,,PC/SM,PC/SM,Glycerophospholipids|Sphingolipids,MS2_diagnostic,Bronze,2
A15_106541,Streptophyta,Viridiplantae,,,,,none,Unidentified,0
A15_165986,Mucoromycota,Fungi,DG(O-17:3_16:1),DG,DG,Glycerolipids,LipidSearch,Bronze,3
A15_5662,Streptophyta,Viridiplantae,,Terpenoid,Terpenoid,Prenol lipids,MS2_diagnostic,Bronze,2
A15_115693,Streptophyta,Viridiplantae,,,,,none,Unidentified,0
A15_225161,Bacillota,Bacteria,,,,,none,Unidentified,0
A15_41285,Streptophyta,Viridiplantae,,PC/SM,PC/SM,Glycerophospholipids|Sphingolipids,MS2_diagnostic,Bronze,2
A15_4805,Bacillota,Bacteria,SPH(d16:0),SPH,SPB,Sphingolipids,LipidSearch,Bronze,3
A15_3172,Bacillota,Bacteria,SPH(d16:0),SPH,SPB,Sphingolipids,LipidSearch,Bronze,3
A15_9017,Bacillota,Bacteria,SPH(d16:0),SPH,SPB,Sphingolipids,LipidSearch,Bronze,3
A15_78381,Bacillota,Bacteria,MG(O-27:7),MG,MG,Glycerolipids,LipidSearch,Bronze,3
A15_53877,Streptophyta,Viridiplantae,,PC/SM,PC/SM,Glycerophospholipids|Sphingolipids,MS2_diagnostic,Bronze,2
A15_29806,Streptophyta,Viridiplantae,TG(15:0_2:0_2:0),TG,TG,Glycerolipids,LipidSearch,Gold,4
A15_57537,Streptophyta,Viridiplantae,,,,,none,Unidentified,0
A15_167299,Streptophyta,Viridiplantae,,,,,none,Unidentified,0
A15_107269,Streptophyta,Viridiplantae,DG(18:3_18:4),DG,DG,Glycerolipids,LipidSearch,Gold,4
A15_87120,Streptophyta,Viridiplantae,,PC/SM,PC/SM,Glycerophospholipids|Sphingolipids,MS2_diagnostic,Bronze,2
A15_222158,Streptophyta,Viridiplantae,,Sterol,Sterol,Sterol lipids,MS2_diagnostic,Bronze,2
A15_218959,Streptophyta,Viridiplantae,TG(42:4),TG,TG,Glycerolipids,LipidSearch,Bronze,3
A15_103165,Streptophyta,Viridiplantae,,Terpenoid,Terpenoid,Prenol lipids,MS2_diagnostic,Bronze,2
A15_159937,Actinomycetota,Bacteria,,,,,none,Unidentified,0
A15_95532,Basidiomycota,Fungi,,,,,none,Unidentified,0
A15_67059,Basidiomycota,Fungi,,,,,none,Unidentified,0
A15_71857,Basidiomycota,Fungi,,,,,none,Unidentified,0
A15_1042,Streptophyta,Viridiplantae,,,,,none,Unidentified,0
A15_82975,Streptophyta,Viridiplantae,TG(30:3)+O:(s),TG,TG,Glycerolipids,LipidSearch,Bronze,3
A15_34619,Streptophyta,Viridiplantae,,,,,none,Unidentified,0
A15_53417,Streptophyta,Viridiplantae,,PC/SM,PC/SM,Glycerophospholipids|Sphingolipids,MS2_diagnostic,Bronze,2
A15_166292,Streptophyta,Viridiplantae,TG(6:0_18:2_18:2)+O:(s),TG,TG,Glycerolipids,LipidSearch,Bronze,3
A15_222592,Streptophyta,Viridiplantae,,,,,none,Unidentified,0
A15_58677,Bacillota,Bacteria,,,,,none,Unidentified,0
A15_58894,Streptophyta,Viridiplantae,,,,,none,Unidentified,0
A15_148708,Streptophyta,Viridiplantae,DG(16:0_18:1),DG,DG,Glycerolipids,LipidSearch,Gold,4
A15_163928,Discosea,Protists,,,,,none,Unidentified,0
A15_96354,Streptophyta,Viridiplantae,DG(15:2_18:3),DG,DG,Glycerolipids,LipidSearch,Bronze,3
A15_201848,Streptophyta,Viridiplantae,,,,,none,Unidentified,0
A15_139709,Streptophyta,Viridiplantae,,,,,none,Unidentified,0
A15_177491,Discosea,Protists,DG(20:3_20:4),DG,DG,Glycerolipids,LipidSearch,Gold,4
A15_174081,Discosea,Protists,DG(20:3_20:4),DG,DG,Glycerolipids,LipidSearch,Gold,4
A15_171531,Discosea,Protists,DG(20:3_20:4),DG,DG,Glycerolipids,LipidSearch,Gold,4
A15_111100,Bacillota,Bacteria,,,,,none,Unidentified,0
A15_115518,Streptophyta,Viridiplantae,,,,,none,Unidentified,0
A15_38207,Streptophyta,Viridiplantae,DG(P-5:0_22:5),DG,DG,Glycerolipids,LipidSearch,Gold,4
A15_122155,Streptophyta,Viridiplantae,MGDG(18:3_18:4),MGDG,MGDG,Glycerolipids,LipidSearch,Gold,4
A15_119314,Streptophyta,Viridiplantae,,PC/SM,PC/SM,Glycerophospholipids|Sphingolipids,MS2_diagnostic,Bronze,2
A15_191228,Basidiomycota,Fungi,DG(O-18:4_18:1),DG,DG,Glycerolipids,LipidSearch,Bronze,3
A15_192844,Basidiomycota,Fungi,DG(O-18:4_18:1),DG,DG,Glycerolipids,LipidSearch,Bronze,3
A15_159484,Discosea,Protists,PS(38:4),PS,PS,Glycerophospholipids,LipidSearch,Bronze,3
A15_161291,Discosea,Protists,PS(20:4_18:0),PS,PS,Glycerophospholipids,LipidSearch,Gold,4
A15_162570,Discosea,Protists,PS(20:4_18:0),PS,PS,Glycerophospholipids,LipidSearch,Gold,4
A15_158151,Discosea,Protists,PS(38:4),PS,PS,Glycerophospholipids,LipidSearch,Bronze,3
A15_153336,Discosea,Protists,PG(22:6_16:0),PG,PG,Glycerophospholipids,LipidSearch,Gold,4
A15_144949,Actinomycetota,Bacteria,PC(34:4),PC,PC,Glycerophospholipids,LipidSearch,Bronze,3
A15_47992,Basidiomycota,Fungi,,,,,none,Unidentified,0
A15_50713,Basidiomycota,Fungi,,,,,none,Unidentified,0
A15_180071,Streptophyta,Viridiplantae,TG(18:3_18:3_18:4)+OO:(s),TG,TG,Glycerolipids,LipidSearch,Gold,4
A15_161581,Streptophyta,Viridiplantae,,Terpenoid,Terpenoid,Prenol lipids,MS2_diagnostic,Bronze,2
A15_192727,Streptophyta,Viridiplantae,,,,,none,Unidentified,0
A15_70646,Streptophyta,Viridiplantae,,PC/SM,PC/SM,Glycerophospholipids|Sphingolipids,MS2_diagnostic,Bronze,2
A15_12039,Streptophyta,Viridiplantae,,Terpenoid,Terpenoid,Prenol lipids,MS2_diagnostic,Bronze,2
A15_150295,Streptophyta,Viridiplantae,,,,,none,Unidentified,0
A15_76474,Streptophyta,Viridiplantae,PG(16:1_18:3),PG,PG,Glycerophospholipids,LipidSearch,Gold,4
A15_162032,Streptophyta,Viridiplantae,DG(18:2_18:3),DG,DG,Glycerolipids,LipidSearch,Gold,4
A15_218015,Streptophyta,Viridiplantae,DG(O-44:9),DG,DG,Glycerolipids,LipidSearch,Bronze,3
A15_138109,Streptophyta,Viridiplantae,PC(O-25:7_13:1),PC,PC,Glycerophospholipids,LipidSearch,Bronze,3
A15_155686,Pseudomonadota,Bacteria,,,,,none,Unidentified,0
A15_158730,Pseudomonadota,Bacteria,,,,,none,Unidentified,0
A15_81750,Streptophyta,Viridiplantae,,,,,none,Unidentified,0
A15_136593,Streptophyta,Viridiplantae,MGDG(18:3_20:4),MGDG,MGDG,Glycerolipids,LipidSearch,Gold,4
A15_83238,Actinomycetota,Bacteria,,,,,none,Unidentified,0
A15_39499,Streptophyta,Viridiplantae,,PC/SM,PC/SM,Glycerophospholipids|Sphingolipids,MS2_diagnostic,Bronze,2
A15_115199,Streptophyta,Viridiplantae,PG(22:7_17:3),PG,PG,Glycerophospholipids,LipidSearch,Bronze,3
A15_79524,Streptophyta,Viridiplantae,PS(13:0_18:2),PS,PS,Glycerophospholipids,LipidSearch,Bronze,3
A15_134972,Streptophyta,Viridiplantae,,,,,none,Unidentified,0
A15_80491,Pseudomonadota,Bacteria,,,,,none,Unidentified,0
A15_51491,Bacillota,Bacteria,,,,,none,Unidentified,0
A15_203300,Streptophyta,Viridiplantae,,,,,none,Unidentified,0
A15_108167,Streptophyta,Viridiplantae,,Terpenoid,Terpenoid,Prenol lipids,MS2_diagnostic,Bronze,2
A15_168465,Streptophyta,Viridiplantae,PG(18:2_19:1),PG,PG,Glycerophospholipids,LipidSearch,Gold,4
A15_154345,Streptophyta,Viridiplantae,DG(O-18:4_18:2),DG,DG,Glycerolipids,LipidSearch,Bronze,3
A15_222160,Streptophyta,Viridiplantae,,PC/SM,PC/SM,Glycerophospholipids|Sphingolipids,MS2_diagnostic,Bronze,2
A15_79727,Streptophyta,Viridiplantae,,PC/SM,PC/SM,Glycerophospholipids|Sphingolipids,MS2_diagnostic,Bronze,2
A15_115376,Streptophyta,Viridiplantae,,,,,none,Unidentified,0
A15_221471,Streptophyta,Viridiplantae,,PG,PG,Glycerophospholipids,MS2_diagnostic,Bronze,2
A15_177493,Bacillota,Bacteria,PE(18:0_15:0),PE,PE,Glycerophospholipids,LipidSearch,Gold,4
A15_135317,Streptophyta,Viridiplantae,,Ubiquinone,Ubiquinone,Prenol lipids,MS2_diagnostic,Bronze,2
A15_133896,Streptophyta,Viridiplantae,,Terpenoid,Terpenoid,Prenol lipids,MS2_diagnostic,Bronze,2
A15_137270,Streptophyta,Viridiplantae,DG(O-13:1_23:4),DG,DG,Glycerolipids,LipidSearch,Bronze,3
A15_85224,Streptophyta,Viridiplantae,PA(16:1_18:4),PA,PA,Glycerophospholipids,LipidSearch,Gold,4
A15_134475,Streptophyta,Viridiplantae,,Terpenoid,Terpenoid,Prenol lipids,MS2_diagnostic,Bronze,2
A15_108788,Bacillota,Bacteria,TG(28:1_6:0)+OO:(s),TG,TG,Glycerolipids,LipidSearch,Bronze,3
A15_176209,Streptophyta,Viridiplantae,,,,,none,Unidentified,0
A15_176408,Streptophyta,Viridiplantae,AcHexCmE(12:0),AcHexCmE,AcHexCmE,Sterol lipids,LipidSearch,Gold,4
A15_78597,Streptophyta,Viridiplantae,TG(49:15)+O:(s),TG,TG,Glycerolipids,LipidSearch,Bronze,3
A15_77240,Streptophyta,Viridiplantae,TG(49:15)+O:(s),TG,TG,Glycerolipids,LipidSearch,Bronze,3
A15_67878,Streptophyta,Viridiplantae,TG(15:0_18:4),TG,TG,Glycerolipids,LipidSearch,Bronze,3
A15_76262,Streptophyta,Viridiplantae,,,,,none,Unidentified,0
A15_92423,Streptophyta,Viridiplantae,PC(42:12),PC,PC,Glycerophospholipids,LipidSearch,Bronze,3
A15_142897,Streptophyta,Viridiplantae,,Terpenoid,Terpenoid,Prenol lipids,MS2_diagnostic,Bronze,2
A15_76361,Basidiomycota,Fungi,PS(15:1_18:2),PS,PS,Glycerophospholipids,LipidSearch,Bronze,3
A15_32540,Ascomycota,Fungi,DG(3:0_22:6),DG,DG,Glycerolipids,LipidSearch,Bronze,3
A15_213814,Streptophyta,Viridiplantae,TG(P-15:2_18:4_25:4),TG,TG,Glycerolipids,LipidSearch,Bronze,3
A15_174340,Streptophyta,Viridiplantae,,PC/SM,PC/SM,Glycerophospholipids|Sphingolipids,MS2_diagnostic,Bronze,2
A15_212253,Streptophyta,Viridiplantae,,,,,none,Unidentified,0
A15_72123,Streptophyta,Viridiplantae,,,,,none,Unidentified,0
A15_113372,Mucoromycota,Fungi,,,,,none,Unidentified,0
A15_26269,Streptophyta,Viridiplantae,,Terpenoid,Terpenoid,Prenol lipids,MS2_diagnostic,Bronze,2
A15_170105,Streptophyta,Viridiplantae,,,,,none,Unidentified,0
A15_59092,Streptophyta,Viridiplantae,,Terpenoid,Terpenoid,Prenol lipids,MS2_diagnostic,Bronze,2
A15_181548,Streptophyta,Viridiplantae,PG(26:0_20:2),PG,PG,Glycerophospholipids,LipidSearch,Bronze,3
A15_112266,Streptophyta,Viridiplantae,,Terpenoid,Terpenoid,Prenol lipids,MS2_diagnostic,Bronze,2
A15_143313,Streptophyta,Viridiplantae,,PC/SM,PC/SM,Glycerophospholipids|Sphingolipids,MS2_diagnostic,Bronze,2
A15_58953,Streptophyta,Viridiplantae,,PC/SM,PC/SM,Glycerophospholipids|Sphingolipids,MS2_diagnostic,Bronze,2
A15_206199,Basidiomycota,Fungi,,,,,none,Unidentified,0
A15_30896,Streptophyta,Viridiplantae,,PC/SM,PC/SM,Glycerophospholipids|Sphingolipids,MS2_diagnostic,Bronze,2
A15_115183,Streptophyta,Viridiplantae,PC(18:2_14:0),PC,PC,Glycerophospholipids,LipidSearch,Gold,4
A15_156286,Streptophyta,Viridiplantae,PC(32:1),PC,PC,Glycerophospholipids,LipidSearch,Bronze,3
A15_123753,Bacillota,Bacteria,,,,,none,Unidentified,0
A15_48755,Basidiomycota,Fungi,,,,,none,Unidentified,0
A15_161633,Streptophyta,Viridiplantae,MGDG(16:0_18:3),MGDG,MGDG,Glycerolipids,LipidSearch,Bronze,3
A15_140080,Streptophyta,Viridiplantae,TG(3:0_18:0_15:2)+O:(s),TG,TG,Glycerolipids,LipidSearch,Gold,4
A15_46946,Pseudomonadota,Bacteria,LPG(18:0),LPG,LPG,Glycerophospholipids,LipidSearch,Bronze,3
A15_57214,Streptophyta,Viridiplantae,,,,,none,Unidentified,0
A15_187104,Pseudomonadota,Bacteria,PC(36:5),PC,PC,Glycerophospholipids,LipidSearch,Bronze,3
A15_169289,Streptophyta,Viridiplantae,,,,,none,Unidentified,0
A15_193351,Ascomycota,Fungi,,,,,none,Unidentified,0
A15_146565,Pseudomonadota,Bacteria,PG(15:0_15:0),PG,PG,Glycerophospholipids,LipidSearch,Gold,4
A15_40384,Streptophyta,Viridiplantae,DG(6:0_19:2),DG,DG,Glycerolipids,LipidSearch,Bronze,3
A15_129285,Basidiomycota,Fungi,DG(O-18:4_18:2),DG,DG,Glycerolipids,LipidSearch,Bronze,3
A15_53849,Methanobacteriota,Archaea,,PC/SM,PC/SM,Glycerophospholipids|Sphingolipids,MS2_diagnostic,Bronze,2
A15_13402,Streptophyta,Viridiplantae,TG(23:6_4:0),TG,TG,Glycerolipids,LipidSearch,Bronze,3
A15_12125,Streptophyta,Viridiplantae,TG(23:6_4:0),TG,TG,Glycerolipids,LipidSearch,Bronze,3
A15_178145,Streptophyta,Viridiplantae,WE(O-24:3_18:2),WE,WE,Fatty acyls,LipidSearch,Bronze,3
A15_169265,Streptophyta,Viridiplantae,PG(18:2_19:1),PG,PG,Glycerophospholipids,LipidSearch,Gold,4
A15_220720,Streptophyta,Viridiplantae,TG(16:1_18:3_18:3),TG,TG,Glycerolipids,LipidSearch,Gold,4
A15_122742,Streptophyta,Viridiplantae,TG(18:2_16:0)+O:(s),TG,TG,Glycerolipids,LipidSearch,Gold,4
A15_57216,Streptophyta,Viridiplantae,,,,,none,Unidentified,0
A15_166172,Actinomycetota,Bacteria,,,,,none,Unidentified,0
A15_194654,Streptophyta,Viridiplantae,,,,,none,Unidentified,0
A15_2154,Streptophyta,Viridiplantae,,,,,none,Unidentified,0
A15_117146,Streptophyta,Viridiplantae,TG(7:0_16:0_18:4)+OO:(s),TG,TG,Glycerolipids,LipidSearch,Bronze,3
A15_11478,Streptophyta,Viridiplantae,MG(P-18:4),MG,MG,Glycerolipids,LipidSearch,Bronze,3
A15_176909,Bacillota,Bacteria,DG(O-15:1_16:1),DG,DG,Glycerolipids,LipidSearch,Gold,4
A15_177695,Bacillota,Bacteria,DG(O-15:1_16:1),DG,DG,Glycerolipids,LipidSearch,Gold,4
A15_91634,Streptophyta,Viridiplantae,PG(19:4_18:2),PG,PG,Glycerophospholipids,LipidSearch,Bronze,3
A15_196813,Streptophyta,Viridiplantae,,,,,none,Unidentified,0
A15_87768,Streptophyta,Viridiplantae,,PC/SM,PC/SM,Glycerophospholipids|Sphingolipids,MS2_diagnostic,Bronze,2
A15_125799,Bacillota,Bacteria,TG(18:2_16:0)+O:(s),TG,TG,Glycerolipids,LipidSearch,Bronze,3
A15_119376,Bacillota,Bacteria,TG(18:2_16:0)+O:(s),TG,TG,Glycerolipids,LipidSearch,Bronze,3
A15_120377,Bacillota,Bacteria,TG(18:2_16:0)+O:(s),TG,TG,Glycerolipids,LipidSearch,Bronze,3
A15_75757,Bacillota,Bacteria,WE(O-26:3),WE,WE,Fatty acyls,LipidSearch,Bronze,3
A15_18492,Basidiomycota,Fungi,LPE(18:2),LPE,LPE,Glycerophospholipids,LipidSearch,Gold,4
A15_5584,Streptophyta,Viridiplantae,,Terpenoid,Terpenoid,Prenol lipids,MS2_diagnostic,Bronze,2
A15_46717,Streptophyta,Viridiplantae,,,,,none,Unidentified,0
A15_187202,Actinomycetota,Bacteria,PE(O-40:5),PE,PE,Glycerophospholipids,LipidSearch,Bronze,3
A15_228526,Streptophyta,Viridiplantae,Cer(d45:2),Cer,Cer,Sphingolipids,LipidSearch,Bronze,3
A15_14633,Bacillota,Bacteria,WE(O-18:0),WE,WE,Fatty acyls,LipidSearch,Bronze,3
A15_12843,Bacillota,Bacteria,WE(O-18:0),WE,WE,Fatty acyls,LipidSearch,Bronze,3
A15_6282,Pseudomonadota,Bacteria,,,,,none,Unidentified,0
A15_75404,Ascomycota,Fungi,TG(9:0_16:0)+O:(s),TG,TG,Glycerolipids,LipidSearch,Gold,4
A15_56281,Streptophyta,Viridiplantae,,,,,none,Unidentified,0
A15_42721,Methanobacteriota,Archaea,,,,,none,Unidentified,0
A15_45489,Methanobacteriota,Archaea,,,,,none,Unidentified,0
A15_128141,Streptophyta,Viridiplantae,,,,,none,Unidentified,0
A15_127760,Streptophyta,Viridiplantae,TG(43:7),TG,TG,Glycerolipids,LipidSearch,Bronze,3
A15_59797,Streptophyta,Viridiplantae,,Terpenoid,Terpenoid,Prenol lipids,MS2_diagnostic,Bronze,2
A15_103492,Streptophyta,Viridiplantae,DG(17:3_16:3),DG,DG,Glycerolipids,LipidSearch,Gold,4
A15_184226,Streptophyta,Viridiplantae,PC(40:2),PC,PC,Glycerophospholipids,LipidSearch,Bronze,3
A15_11086,Streptophyta,Viridiplantae,,Terpenoid,Terpenoid,Prenol lipids,MS2_diagnostic,Bronze,2
A15_143204,Streptophyta,Viridiplantae,DG(16:0_18:3),DG,DG,Glycerolipids,LipidSearch,Gold,4
A15_141906,Streptophyta,Viridiplantae,DG(16:0_18:3),DG,DG,Glycerolipids,LipidSearch,Gold,4
A15_222954,Streptophyta,Viridiplantae,,Sterol,Sterol,Sterol lipids,MS2_diagnostic,Bronze,2
A15_168197,Streptophyta,Viridiplantae,,Hopanoid,Hopanoid,Prenol lipids,MS2_diagnostic,Bronze,2
A15_55945,Streptophyta,Viridiplantae,,,,,none,Unidentified,0
A15_168292,Streptophyta,Viridiplantae,TG(23:1_18:2)+O:(s),TG,TG,Glycerolipids,LipidSearch,Bronze,3
A15_97298,Streptophyta,Viridiplantae,DG(O-13:1_18:3),DG,DG,Glycerolipids,LipidSearch,Bronze,3
A15_179105,Ascomycota,Fungi,PC(O-20:2_18:1),PC,PC,Glycerophospholipids,LipidSearch,Bronze,3
A15_119348,Streptophyta,Viridiplantae,,PC/SM,PC/SM,Glycerophospholipids|Sphingolipids,MS2_diagnostic,Bronze,2
A15_184289,Streptophyta,Viridiplantae,DG(19:0_18:1),DG,DG,Glycerolipids,LipidSearch,Gold,4
A15_176708,Streptophyta,Viridiplantae,TG(18:3_16:3_16:3)+O:(s),TG,TG,Glycerolipids,LipidSearch,Gold,4
A15_228168,Bacillota,Bacteria,,,,,none,Unidentified,0
A15_92539,Streptophyta,Viridiplantae,DG(15:2_18:4),DG,DG,Glycerolipids,LipidSearch,Gold,4
A15_89227,Streptophyta,Viridiplantae,TG(22:3_13:1),TG,TG,Glycerolipids,LipidSearch,Bronze,3
A15_133557,Streptophyta,Viridiplantae,PE(16:2_16:1),PE,PE,Glycerophospholipids,LipidSearch,Gold,4
A15_104660,Streptophyta,Viridiplantae,PS(17:2_18:2),PS,PS,Glycerophospholipids,LipidSearch,Gold,4
A15_228620,Actinomycetota,Bacteria,TG(15:0_16:0_18:1),TG,TG,Glycerolipids,LipidSearch,Gold,4
A15_228821,Actinomycetota,Bacteria,TG(15:0_16:0_18:1),TG,TG,Glycerolipids,LipidSearch,Gold,4
A15_228483,Actinomycetota,Bacteria,TG(15:0_16:0_18:1),TG,TG,Glycerolipids,LipidSearch,Gold,4
A15_130935,Bacillota,Bacteria,,,,,none,Unidentified,0
A15_180582,Pseudomonadota,Bacteria,,,,,none,Unidentified,0
A15_179722,Streptophyta,Viridiplantae,,PC/SM,PC/SM,Glycerophospholipids|Sphingolipids,MS2_diagnostic,Bronze,2
A15_185593,Basidiomycota,Fungi,TG(3:0_29:3_18:4)+OO:(s),TG,TG,Glycerolipids,LipidSearch,Bronze,3
A15_21521,Streptophyta,Viridiplantae,,,,,none,Unidentified,0
A15_42335,Streptophyta,Viridiplantae,,Terpenoid,Terpenoid,Prenol lipids,MS2_diagnostic,Bronze,2
A15_8037,Pseudomonadota,Bacteria,,,,,none,Unidentified,0
A15_42787,Streptophyta,Viridiplantae,,,,,none,Unidentified,0
A15_126477,Streptophyta,Viridiplantae,,PC/SM,PC/SM,Glycerophospholipids|Sphingolipids,MS2_diagnostic,Bronze,2
A15_108331,Streptophyta,Viridiplantae,,,,,none,Unidentified,0
A15_166349,Streptophyta,Viridiplantae,TG(22:1_18:3),TG,TG,Glycerolipids,LipidSearch,Bronze,3
A15_47474,Streptophyta,Viridiplantae,,Terpenoid,Terpenoid,Prenol lipids,MS2_diagnostic,Bronze,2
A15_60250,Basidiomycota,Fungi,TG(27:4),TG,TG,Glycerolipids,LipidSearch,Bronze,3
A15_62217,Basidiomycota,Fungi,TG(27:4),TG,TG,Glycerolipids,LipidSearch,Bronze,3
A15_101092,Streptophyta,Viridiplantae,,,,,none,Unidentified,0
A15_57087,Streptophyta,Viridiplantae,,,,,none,Unidentified,0
A15_65542,Streptophyta,Viridiplantae,TG(3:0_4:0_20:1),TG,TG,Glycerolipids,LipidSearch,Bronze,3
A15_168572,Streptophyta,Viridiplantae,DG(P-19:4_18:2),DG,DG,Glycerolipids,LipidSearch,Bronze,3
A15_118587,Streptophyta,Viridiplantae,TG(18:2_16:0)+O:(s),TG,TG,Glycerolipids,LipidSearch,Gold,4
A15_115943,Streptophyta,Viridiplantae,,Terpenoid,Terpenoid,Prenol lipids,MS2_diagnostic,Bronze,2
A15_123412,Bacillota,Bacteria,,,,,none,Unidentified,0
A15_48302,Streptophyta,Viridiplantae,,PC/SM,PC/SM,Glycerophospholipids|Sphingolipids,MS2_diagnostic,Bronze,2
A15_62889,Basidiomycota,Fungi,,,,,none,Unidentified,0
A15_60607,Basidiomycota,Fungi,,,,,none,Unidentified,0
A15_18330,Streptophyta,Viridiplantae,,Terpenoid,Terpenoid,Prenol lipids,MS2_diagnostic,Bronze,2
A15_201847,Streptophyta,Viridiplantae,,,,,none,Unidentified,0
A15_67129,Ascomycota,Fungi,,Terpenoid,Terpenoid,Prenol lipids,MS2_diagnostic,Bronze,2
A15_45788,Streptophyta,Viridiplantae,,Terpenoid,Terpenoid,Prenol lipids,MS2_diagnostic,Bronze,2
A15_193953,Streptophyta,Viridiplantae,,,,,none,Unidentified,0
A15_140121,Streptophyta,Viridiplantae,,PC/SM,PC/SM,Glycerophospholipids|Sphingolipids,MS2_diagnostic,Bronze,2
A15_165648,Pseudomonadota,Bacteria,PG(16:0_18:1),PG,PG,Glycerophospholipids,LipidSearch,Gold,4
A15_160221,Streptophyta,Viridiplantae,LPC(29:0),LPC,LPC,Glycerophospholipids,LipidSearch,Bronze,3
A15_22666,Streptophyta,Viridiplantae,,Terpenoid,Terpenoid,Prenol lipids,MS2_diagnostic,Bronze,2
A15_125445,Streptophyta,Viridiplantae,,Terpenoid,Terpenoid,Prenol lipids,MS2_diagnostic,Bronze,2
A15_207763,Streptophyta,Viridiplantae,,,,,none,Unidentified,0
A15_123905,Streptophyta,Viridiplantae,,,,,none,Unidentified,0
A15_161514,Pseudomonadota,Bacteria,,,,,none,Unidentified,0
A15_205549,Streptophyta,Viridiplantae,,,,,none,Unidentified,0
A15_156143,Streptophyta,Viridiplantae,,,,,none,Unidentified,0
A15_208830,Streptophyta,Viridiplantae,,,,,none,Unidentified,0
A15_185663,Streptophyta,Viridiplantae,Cer(d18:2_18:1),Cer,Cer,Sphingolipids,LipidSearch,Gold,4
A15_182189,Streptophyta,Viridiplantae,,PC/SM,PC/SM,Glycerophospholipids|Sphingolipids,MS2_diagnostic,Bronze,2
A15_2195,Streptophyta,Viridiplantae,PC(20:3),PC,PC,Glycerophospholipids,LipidSearch,Bronze,3
A15_133281,Streptophyta,Viridiplantae,,,,,none,Unidentified,0
A15_108479,Pseudomonadota,Bacteria,TG(43:11)+O:(s),TG,TG,Glycerolipids,LipidSearch,Bronze,3
A15_113820,Bacillota,Bacteria,DG(P-11:0_17:1),DG,DG,Glycerolipids,LipidSearch,Bronze,3
A15_141313,Streptophyta,Viridiplantae,,,,,none,Unidentified,0
A15_33372,Streptophyta,Viridiplantae,,Terpenoid,Terpenoid,Prenol lipids,MS2_diagnostic,Bronze,2
A15_44725,Streptophyta,Viridiplantae,,,,,none,Unidentified,0
A15_220861,Streptophyta,Viridiplantae,,,,,none,Unidentified,0
A15_31649,Streptophyta,Viridiplantae,MG(P-27:8),MG,MG,Glycerolipids,LipidSearch,Bronze,3
A15_161911,Streptophyta,Viridiplantae,,PC/SM,PC/SM,Glycerophospholipids|Sphingolipids,MS2_diagnostic,Bronze,2
A15_108775,Streptophyta,Viridiplantae,,PC/SM,PC/SM,Glycerophospholipids|Sphingolipids,MS2_diagnostic,Bronze,2
A15_42467,Ascomycota,Fungi,,,,,none,Unidentified,0
A15_77345,Streptophyta,Viridiplantae,,PC/SM,PC/SM,Glycerophospholipids|Sphingolipids,MS2_diagnostic,Bronze,2
A15_46838,Streptophyta,Viridiplantae,,,,,none,Unidentified,0
A15_131317,Streptophyta,Viridiplantae,DG(19:3_18:4),DG,DG,Glycerolipids,LipidSearch,Gold,4
A15_90217,Basidiomycota,Fungi,PG(P-18:4_15:1),PG,PG,Glycerophospholipids,LipidSearch,Bronze,3
A15_85868,Basidiomycota,Fungi,PG(P-18:4_15:1),PG,PG,Glycerophospholipids,LipidSearch,Bronze,3
A15_130201,Streptophyta,Viridiplantae,DG(22:3_15:1),DG,DG,Glycerolipids,LipidSearch,Bronze,3
A15_78993,Streptophyta,Viridiplantae,DG(18:2_13:1),DG,DG,Glycerolipids,LipidSearch,Bronze,3
A15_58140,Streptophyta,Viridiplantae,,,,,none,Unidentified,0
A15_125459,Streptophyta,Viridiplantae,PA(16:3_18:1),PA,PA,Glycerophospholipids,LipidSearch,Gold,4
A15_17864,Streptophyta,Viridiplantae,,Terpenoid,Terpenoid,Prenol lipids,MS2_diagnostic,Bronze,2
A15_142718,Bacillota,Bacteria,DG(O-13:0_17:2),DG,DG,Glycerolipids,LipidSearch,Bronze,3
A15_17957,Streptophyta,Viridiplantae,,,,,none,Unidentified,0
A15_66230,Streptophyta,Viridiplantae,,PC/SM,PC/SM,Glycerophospholipids|Sphingolipids,MS2_diagnostic,Bronze,2
A15_142705,Streptophyta,Viridiplantae,PA(16:0_18:3),PA,PA,Glycerophospholipids,LipidSearch,Gold,4
A15_177868,Streptophyta,Viridiplantae,,Terpenoid,Terpenoid,Prenol lipids,MS2_diagnostic,Bronze,2
A15_136281,Streptophyta,Viridiplantae,,,,,none,Unidentified,0
A15_54107,Streptophyta,Viridiplantae,,,,,none,Unidentified,0
A15_104300,Streptophyta,Viridiplantae,,Terpenoid,Terpenoid,Prenol lipids,MS2_diagnostic,Bronze,2
A15_180900,Streptophyta,Viridiplantae,,PC/SM,PC/SM,Glycerophospholipids|Sphingolipids,MS2_diagnostic,Bronze,2
A15_90962,Streptophyta,Viridiplantae,,Terpenoid,Terpenoid,Prenol lipids,MS2_diagnostic,Bronze,2
A15_211466,Streptophyta,Viridiplantae,,,,,none,Unidentified,0
A15_187617,Streptophyta,Viridiplantae,,Terpenoid,Terpenoid,Prenol lipids,MS2_diagnostic,Bronze,2
A15_67694,Streptophyta,Viridiplantae,PG(22:7_16:0),PG,PG,Glycerophospholipids,LipidSearch,Bronze,3
A15_59954,Streptophyta,Viridiplantae,,Terpenoid,Terpenoid,Prenol lipids,MS2_diagnostic,Bronze,2
A15_90494,Streptophyta,Viridiplantae,TG(3:0_6:0_18:0),TG,TG,Glycerolipids,LipidSearch,Gold,4
A15_99392,Basidiomycota,Fungi,PG(P-15:2_23:3),PG,PG,Glycerophospholipids,LipidSearch,Bronze,3
A15_122529,Pseudomonadota,Bacteria,,,,,none,Unidentified,0
A15_3276,Streptophyta,Viridiplantae,,Terpenoid,Terpenoid,Prenol lipids,MS2_diagnostic,Bronze,2
A15_181768,Pseudomonadota,Bacteria,PC(37:2),PC,PC,Glycerophospholipids,LipidSearch,Bronze,3
A15_141910,Actinomycetota,Bacteria,MGDG(18:4_20:5),MGDG,MGDG,Glycerolipids,LipidSearch,Gold,4
A15_51550,Streptophyta,Viridiplantae,,PC/SM,PC/SM,Glycerophospholipids|Sphingolipids,MS2_diagnostic,Bronze,2
A15_60552,Ascomycota,Fungi,,,,,none,Unidentified,0
A15_67475,Ascomycota,Fungi,,,,,none,Unidentified,0
A15_61729,Ascomycota,Fungi,,,,,none,Unidentified,0
A15_63500,Ascomycota,Fungi,,,,,none,Unidentified,0
A15_65192,Ascomycota,Fungi,,,,,none,Unidentified,0
A15_121022,Streptophyta,Viridiplantae,,Terpenoid,Terpenoid,Prenol lipids,MS2_diagnostic,Bronze,2
A15_88311,Streptophyta,Viridiplantae,,,,,none,Unidentified,0
A15_27091,Streptophyta,Viridiplantae,,Terpenoid,Terpenoid,Prenol lipids,MS2_diagnostic,Bronze,2
A15_97950,Streptophyta,Viridiplantae,DG(O-13:1_18:3),DG,DG,Glycerolipids,LipidSearch,Bronze,3
A15_47133,Streptophyta,Viridiplantae,,,,,none,Unidentified,0
A15_136492,Streptophyta,Viridiplantae,,,,,none,Unidentified,0
A15_173772,Streptophyta,Viridiplantae,,PC/SM,PC/SM,Glycerophospholipids|Sphingolipids,MS2_diagnostic,Bronze,2
A15_62044,Streptophyta,Viridiplantae,,PC/SM,PC/SM,Glycerophospholipids|Sphingolipids,MS2_diagnostic,Bronze,2
A15_142434,Streptophyta,Viridiplantae,,PC/SM,PC/SM,Glycerophospholipids|Sphingolipids,MS2_diagnostic,Bronze,2
A15_129249,Streptophyta,Viridiplantae,DG(16:0_18:4),DG,DG,Glycerolipids,LipidSearch,Gold,4
A15_33373,Streptophyta,Viridiplantae,,Terpenoid,Terpenoid,Prenol lipids,MS2_diagnostic,Bronze,2
A15_75383,Streptophyta,Viridiplantae,,PC/SM,PC/SM,Glycerophospholipids|Sphingolipids,MS2_diagnostic,Bronze,2
A15_50244,Streptophyta,Viridiplantae,,,,,none,Unidentified,0
A15_143195,Streptophyta,Viridiplantae,DG(O-13:1_22:4),DG,DG,Glycerolipids,LipidSearch,Bronze,3
A15_119916,Streptophyta,Viridiplantae,,PC/SM,PC/SM,Glycerophospholipids|Sphingolipids,MS2_diagnostic,Bronze,2
A15_63106,Basidiomycota,Fungi,,,,,none,Unidentified,0
A15_103792,Streptophyta,Viridiplantae,TG(33:3)+O:(s),TG,TG,Glycerolipids,LipidSearch,Bronze,3
A15_101686,Streptophyta,Viridiplantae,,PC/SM,PC/SM,Glycerophospholipids|Sphingolipids,MS2_diagnostic,Bronze,2
A15_137596,Streptophyta,Viridiplantae,,,,,none,Unidentified,0
A15_170967,Bacillota,Bacteria,,,,,none,Unidentified,0
A15_169094,Bacillota,Bacteria,,,,,none,Unidentified,0
A15_111470,Streptophyta,Viridiplantae,PI(13:0_16:0),PI,PI,Glycerophospholipids,LipidSearch,Bronze,3
A15_18506,Streptophyta,Viridiplantae,,Terpenoid,Terpenoid,Prenol lipids,MS2_diagnostic,Bronze,2
A15_201224,Streptophyta,Viridiplantae,PI(23:5_16:0),PI,PI,Glycerophospholipids,LipidSearch,Bronze,3
A15_103676,Streptophyta,Viridiplantae,,PC/SM,PC/SM,Glycerophospholipids|Sphingolipids,MS2_diagnostic,Bronze,2
A15_139305,Ascomycota,Fungi,,PC/SM,PC/SM,Glycerophospholipids|Sphingolipids,MS2_diagnostic,Bronze,2
A15_103797,Streptophyta,Viridiplantae,,Glycolipid,Glycolipid,Glycerolipids,MS2_diagnostic,Bronze,2
A15_143834,Streptophyta,Viridiplantae,PI(20:4_16:0),PI,PI,Glycerophospholipids,LipidSearch,Gold,4
A15_125766,Streptophyta,Viridiplantae,DG(18:2_18:4),DG,DG,Glycerolipids,LipidSearch,Gold,4
A15_149249,Streptophyta,Viridiplantae,DG(6:0_29:1),DG,DG,Glycerolipids,LipidSearch,Gold,4
A15_12887,Streptophyta,Viridiplantae,,,,,none,Unidentified,0
A15_36192,Streptophyta,Viridiplantae,,,,,none,Unidentified,0
A15_133682,Streptophyta,Viridiplantae,Cer(d18:1_18:2)+O:(s),Cer,Cer,Sphingolipids,LipidSearch,Bronze,3
A15_170322,Streptophyta,Viridiplantae,TG(54:7)+OO:(s),TG,TG,Glycerolipids,LipidSearch,Bronze,3
A15_60757,Streptophyta,Viridiplantae,,,,,none,Unidentified,0
A15_118008,Streptophyta,Viridiplantae,PI(20:4_18:3),PI,PI,Glycerophospholipids,LipidSearch,Gold,4
A15_61123,Streptophyta,Viridiplantae,TG(19:3_20:6),TG,TG,Glycerolipids,LipidSearch,Bronze,3
A15_98882,Streptophyta,Viridiplantae,,PC/SM,PC/SM,Glycerophospholipids|Sphingolipids,MS2_diagnostic,Bronze,2
A15_142373,Streptophyta,Viridiplantae,DG(16:0_21:5),DG,DG,Glycerolipids,LipidSearch,Bronze,3
A15_13778,Streptophyta,Viridiplantae,BisMeLPA(17:3),BisMeLPA,BisMeLPA,Glycerophospholipids,LipidSearch,Bronze,3
A15_47626,Streptophyta,Viridiplantae,,Terpenoid,Terpenoid,Prenol lipids,MS2_diagnostic,Bronze,2
A15_218309,Streptophyta,Viridiplantae,,Terpenoid,Terpenoid,Prenol lipids,MS2_diagnostic,Bronze,2
A15_83647,Streptophyta,Viridiplantae,,PC/SM,PC/SM,Glycerophospholipids|Sphingolipids,MS2_diagnostic,Bronze,2
A15_178977,Actinomycetota,Bacteria,PC(34:3),PC,PC,Glycerophospholipids,LipidSearch,Bronze,3
A15_77799,Methanobacteriota,Archaea,,,,,none,Unidentified,0
A15_164647,Streptophyta,Viridiplantae,,,,,none,Unidentified,0
A15_162652,Pseudomonadota,Bacteria,,,,,none,Unidentified,0
A15_106309,Streptophyta,Viridiplantae,,,,,none,Unidentified,0
A15_91102,Streptophyta,Viridiplantae,DG(P-22:7_13:1),DG,DG,Glycerolipids,LipidSearch,Bronze,3
A15_196739,Heterolobosea,Protists,,,,,none,Unidentified,0
A15_113821,Streptophyta,Viridiplantae,DG(18:4_18:2),DG,DG,Glycerolipids,LipidSearch,Gold,4
A15_185519,Streptophyta,Viridiplantae,BisMePE(18:3_18:0),BisMePE,BisMePE,Glycerophospholipids,LipidSearch,Gold,4
A15_55011,Streptophyta,Viridiplantae,,,,,none,Unidentified,0
A15_47006,Streptophyta,Viridiplantae,,PC/SM,PC/SM,Glycerophospholipids|Sphingolipids,MS2_diagnostic,Bronze,2
A15_55315,Streptophyta,Viridiplantae,,,,,none,Unidentified,0
A15_129525,Streptophyta,Viridiplantae,,PC/SM,PC/SM,Glycerophospholipids|Sphingolipids,MS2_diagnostic,Bronze,2
A15_74993,Streptophyta,Viridiplantae,PG(26:8_15:2),PG,PG,Glycerophospholipids,LipidSearch,Bronze,3
A15_97644,Streptophyta,Viridiplantae,TG(26:8_13:1),TG,TG,Glycerolipids,LipidSearch,Bronze,3
A15_135978,Streptophyta,Viridiplantae,PE(16:2_16:1),PE,PE,Glycerophospholipids,LipidSearch,Gold,4
A15_38704,Bacillota,Bacteria,,,,,none,Unidentified,0
A15_44662,Bacillota,Bacteria,,,,,none,Unidentified,0
A15_156116,Basidiomycota,Fungi,DG(O-15:1_21:2),DG,DG,Glycerolipids,LipidSearch,Bronze,3
A15_165891,Bacillota,Bacteria,,,,,none,Unidentified,0
A15_154270,Streptophyta,Viridiplantae,,Terpenoid,Terpenoid,Prenol lipids,MS2_diagnostic,Bronze,2
A15_102373,Streptophyta,Viridiplantae,TG(33:3)+O:(s),TG,TG,Glycerolipids,LipidSearch,Bronze,3
A15_74791,Ascomycota,Fungi,,PE,PE,Glycerophospholipids,MS2_diagnostic,Bronze,2
A15_72124,Basidiomycota,Fungi,,,,,none,Unidentified,0
A15_146517,Streptophyta,Viridiplantae,,PC/SM,PC/SM,Glycerophospholipids|Sphingolipids,MS2_diagnostic,Bronze,2
A15_135180,Basidiomycota,Fungi,Cer(d16:1_17:1),Cer,Cer,Sphingolipids,LipidSearch,Bronze,3
A15_17680,Streptophyta,Viridiplantae,,PE,PE,Glycerophospholipids,MS2_diagnostic,Bronze,2
A15_178618,Streptophyta,Viridiplantae,,Terpenoid,Terpenoid,Prenol lipids,MS2_diagnostic,Bronze,2
A15_139935,Streptophyta,Viridiplantae,,,,,none,Unidentified,0
A15_57314,Streptophyta,Viridiplantae,,,,,none,Unidentified,0
A15_151583,Streptophyta,Viridiplantae,PC(O-25:7_15:1),PC,PC,Glycerophospholipids,LipidSearch,Bronze,3
A15_98012,Bacillota,Bacteria,TG(40:10),TG,TG,Glycerolipids,LipidSearch,Bronze,3
A15_95045,Bacillota,Bacteria,TG(40:10),TG,TG,Glycerolipids,LipidSearch,Bronze,3
A15_147212,Streptophyta,Viridiplantae,,,,,none,Unidentified,0
A15_103504,Streptophyta,Viridiplantae,,,,,none,Unidentified,0
A15_112702,Streptophyta,Viridiplantae,,,,,none,Unidentified,0
A15_103718,Streptophyta,Viridiplantae,,PC/SM,PC/SM,Glycerophospholipids|Sphingolipids,MS2_diagnostic,Bronze,2
A15_174846,Pseudomonadota,Bacteria,PG(17:0_17:0),PG,PG,Glycerophospholipids,LipidSearch,Gold,4
A15_195551,Streptophyta,Viridiplantae,TG(29:4_21:2)+OO:(s),TG,TG,Glycerolipids,LipidSearch,Bronze,3
A15_153696,Streptophyta,Viridiplantae,,,,,none,Unidentified,0
A15_76970,Streptophyta,Viridiplantae,PS(13:1_18:1),PS,PS,Glycerophospholipids,LipidSearch,Bronze,3
A15_17066,Streptophyta,Viridiplantae,,PC/SM,PC/SM,Glycerophospholipids|Sphingolipids,MS2_diagnostic,Bronze,2
A15_204833,Basidiomycota,Fungi,,,,,none,Unidentified,0
A15_39979,Streptophyta,Viridiplantae,,,,,none,Unidentified,0
A15_176437,Pseudomonadota,Bacteria,,,,,none,Unidentified,0
A15_141602,Streptophyta,Viridiplantae,MePC(28:2),MePC,MePC,Glycerophospholipids,LipidSearch,Bronze,3
A15_16424,Streptophyta,Viridiplantae,LPE(20:4),LPE,LPE,Glycerophospholipids,LipidSearch,Gold,4
A15_120006,Streptophyta,Viridiplantae,,,,,none,Unidentified,0
A15_146631,Basidiomycota,Fungi,Cer(d18:2_17:1),Cer,Cer,Sphingolipids,LipidSearch,Gold,4
A15_144776,Basidiomycota,Fungi,Cer(d18:2_17:1),Cer,Cer,Sphingolipids,LipidSearch,Gold,4
A15_143264,Basidiomycota,Fungi,Cer(d18:2_17:1),Cer,Cer,Sphingolipids,LipidSearch,Gold,4
A15_11193,Streptophyta,Viridiplantae,,,,,none,Unidentified,0
A15_181137,Streptophyta,Viridiplantae,TG(21:3_29:3)+OO:(s),TG,TG,Glycerolipids,LipidSearch,Gold,4
A15_116462,Streptophyta,Viridiplantae,,,,,none,Unidentified,0
A15_33138,Streptophyta,Viridiplantae,MG(16:0),MG,MG,Glycerolipids,LipidSearch,Gold,4
A15_103638,Streptophyta,Viridiplantae,PG(24:5_16:0),PG,PG,Glycerophospholipids,LipidSearch,Bronze,3
A15_130720,Streptophyta,Viridiplantae,,,,,none,Unidentified,0
A15_1268,Streptophyta,Viridiplantae,,,,,none,Unidentified,0
A15_10444,Streptophyta,Viridiplantae,,Terpenoid,Terpenoid,Prenol lipids,MS2_diagnostic,Bronze,2
A15_204523,Streptophyta,Viridiplantae,,,,,none,Unidentified,0
A15_161935,Streptophyta,Viridiplantae,PE(17:1_15:0),PE,PE,Glycerophospholipids,LipidSearch,Gold,4
A15_203445,Streptophyta,Viridiplantae,,,,,none,Unidentified,0
A15_34071,Streptophyta,Viridiplantae,,,,,none,Unidentified,0
A15_17578,Streptophyta,Viridiplantae,BisMeLPA(17:2),BisMeLPA,BisMeLPA,Glycerophospholipids,LipidSearch,Bronze,3
A15_10590,Streptophyta,Viridiplantae,,,,,none,Unidentified,0
A15_119578,Streptophyta,Viridiplantae,DGDG(18:3_18:3),DGDG,DGDG,Glycerolipids,LipidSearch,Gold,4
A15_30658,Streptophyta,Viridiplantae,PS(8:0_18:0),PS,PS,Glycerophospholipids,LipidSearch,Bronze,3
A15_124275,Streptophyta,Viridiplantae,,PC/SM,PC/SM,Glycerophospholipids|Sphingolipids,MS2_diagnostic,Bronze,2
A15_52663,Basidiomycota,Fungi,MG(O-25:7),MG,MG,Glycerolipids,LipidSearch,Bronze,3
A15_106308,Streptophyta,Viridiplantae,,,,,none,Unidentified,0
A15_29217,Basidiomycota,Fungi,DG(O-24:6),DG,DG,Glycerolipids,LipidSearch,Bronze,3
A15_177277,Streptophyta,Viridiplantae,Cer(d16:1_18:0),Cer,Cer,Sphingolipids,LipidSearch,Gold,4
A15_67573,Streptophyta,Viridiplantae,,PC/SM,PC/SM,Glycerophospholipids|Sphingolipids,MS2_diagnostic,Bronze,2
A15_175379,Pseudomonadota,Bacteria,,,,,none,Unidentified,0
A15_129676,Streptophyta,Viridiplantae,,,,,none,Unidentified,0
A15_51693,Streptophyta,Viridiplantae,TG(36:5)+OO:(s),TG,TG,Glycerolipids,LipidSearch,Bronze,3
A15_56028,Streptophyta,Viridiplantae,,,,,none,Unidentified,0
A15_202170,Streptophyta,Viridiplantae,Cer(d16:1_22:2),Cer,Cer,Sphingolipids,LipidSearch,Gold,4
A15_74824,Streptophyta,Viridiplantae,,Terpenoid,Terpenoid,Prenol lipids,MS2_diagnostic,Bronze,2
A15_181128,Ascomycota,Fungi,,,,,none,Unidentified,0
A15_138444,Bacillota,Bacteria,PE(14:1_15:0),PE,PE,Glycerophospholipids,LipidSearch,Gold,4
A15_211965,Streptophyta,Viridiplantae,TG(16:1_16:3_18:4),TG,TG,Glycerolipids,LipidSearch,Gold,4
A15_29670,Streptophyta,Viridiplantae,TG(20:1_7:0)+OO:(s),TG,TG,Glycerolipids,LipidSearch,Bronze,3
A15_57715,Basidiomycota,Fungi,,,,,none,Unidentified,0
A15_59093,Basidiomycota,Fungi,,,,,none,Unidentified,0
A15_75977,Streptophyta,Viridiplantae,,PC/SM,PC/SM,Glycerophospholipids|Sphingolipids,MS2_diagnostic,Bronze,2
A15_47487,Basidiomycota,Fungi,TG(2:0_5:0_16:1),TG,TG,Glycerolipids,LipidSearch,Bronze,3
A15_54788,Streptophyta,Viridiplantae,TG(20:2_13:1)+OO:(s),TG,TG,Glycerolipids,LipidSearch,Bronze,3
A15_169350,Bacillota,Bacteria,,,,,none,Unidentified,0
A15_85304,Streptophyta,Viridiplantae,PC(P-42:13),PC,PC,Glycerophospholipids,LipidSearch,Bronze,3
A15_57204,Streptophyta,Viridiplantae,,Terpenoid,Terpenoid,Prenol lipids,MS2_diagnostic,Bronze,2
A15_149461,Streptophyta,Viridiplantae,,,,,none,Unidentified,0
A15_105958,Streptophyta,Viridiplantae,DG(14:2_16:2),DG,DG,Glycerolipids,LipidSearch,Gold,4
A15_66267,Bacillota,Bacteria,DG(P-11:0_19:4),DG,DG,Glycerolipids,LipidSearch,Bronze,3
A15_3851,Streptophyta,Viridiplantae,,,,,none,Unidentified,0
A15_48946,Basidiomycota,Fungi,TG(18:2_4:0_4:0)+O:(s),TG,TG,Glycerolipids,LipidSearch,Bronze,3
A15_20208,Streptophyta,Viridiplantae,,,,,none,Unidentified,0
A15_136358,Streptophyta,Viridiplantae,DGDG(14:0_18:2),DGDG,DGDG,Glycerolipids,LipidSearch,Gold,4
A15_70622,Methanobacteriota,Archaea,,,,,none,Unidentified,0
A15_15432,Streptophyta,Viridiplantae,MG(18:3),MG,MG,Glycerolipids,LipidSearch,Gold,4
A15_80469,Streptophyta,Viridiplantae,,PC/SM,PC/SM,Glycerophospholipids|Sphingolipids,MS2_diagnostic,Bronze,2
A15_217986,Streptophyta,Viridiplantae,,,,,none,Unidentified,0
A15_70571,Ascomycota,Fungi,WE(O-26:4),WE,WE,Fatty acyls,LipidSearch,Bronze,3
A15_22110,Streptophyta,Viridiplantae,,Terpenoid,Terpenoid,Prenol lipids,MS2_diagnostic,Bronze,2
A15_48699,Basidiomycota,Fungi,,,,,none,Unidentified,0
A15_157280,Streptophyta,Viridiplantae,,,,,none,Unidentified,0
A15_45418,Basidiomycota,Fungi,,,,,none,Unidentified,0
A15_47315,Basidiomycota,Fungi,,,,,none,Unidentified,0
A15_67415,Streptophyta,Viridiplantae,TG(18:3_18:3)+OO:(s),TG,TG,Glycerolipids,LipidSearch,Gold,4
A15_106501,Streptophyta,Viridiplantae,,Terpenoid,Terpenoid,Prenol lipids,MS2_diagnostic,Bronze,2
A15_102242,Streptophyta,Viridiplantae,,,,,none,Unidentified,0
A15_216214,Bacillota,Bacteria,,,,,none,Unidentified,0
A15_47445,Streptophyta,Viridiplantae,,,,,none,Unidentified,0
A15_194374,Streptophyta,Viridiplantae,PI(19:2_18:2),PI,PI,Glycerophospholipids,LipidSearch,Bronze,3
A15_81469,Streptophyta,Viridiplantae,,,,,none,Unidentified,0
A15_154708,Streptophyta,Viridiplantae,WE(O-38:9),WE,WE,Fatty acyls,LipidSearch,Bronze,3
A15_152967,Streptophyta,Viridiplantae,WE(O-26:8_12:1),WE,WE,Fatty acyls,LipidSearch,Bronze,3
A15_16275,Streptophyta,Viridiplantae,,DGTS,DGTS,Betaine lipids,MS2_diagnostic,Bronze,2
A15_94305,Bacillota,Bacteria,MePC(26:1),MePC,MePC,Glycerophospholipids,LipidSearch,Bronze,3
A15_148339,Streptophyta,Viridiplantae,DG(16:0_29:8),DG,DG,Glycerolipids,LipidSearch,Bronze,3
A15_12827,Streptophyta,Viridiplantae,TG(17:3_2:0_2:0),TG,TG,Glycerolipids,LipidSearch,Bronze,3
A15_182060,Streptophyta,Viridiplantae,,,,,none,Unidentified,0
A15_147368,Streptophyta,Viridiplantae,TG(24:5_18:0)+O:(s),TG,TG,Glycerolipids,LipidSearch,Bronze,3
A15_37786,Basidiomycota,Fungi,DG(P-25:6),DG,DG,Glycerolipids,LipidSearch,Bronze,3
A15_180366,Streptophyta,Viridiplantae,PI(22:3_18:4),PI,PI,Glycerophospholipids,LipidSearch,Bronze,3
A15_152449,Streptophyta,Viridiplantae,,,,,none,Unidentified,0
A15_137597,Streptophyta,Viridiplantae,MGDG(18:2_18:3),MGDG,MGDG,Glycerolipids,LipidSearch,Gold,4
A15_57844,Streptophyta,Viridiplantae,TG(18:2_18:3)+OO:(s),TG,TG,Glycerolipids,LipidSearch,Bronze,3
A15_171688,Streptophyta,Viridiplantae,TG(9:0_18:2_18:3)+O:(s),TG,TG,Glycerolipids,LipidSearch,Bronze,3
A15_205577,Streptophyta,Viridiplantae,,,,,none,Unidentified,0
A15_7287,Basidiomycota,Fungi,DG(4:0_21:5),DG,DG,Glycerolipids,LipidSearch,Bronze,3
A15_56675,Streptophyta,Viridiplantae,,PC/SM,PC/SM,Glycerophospholipids|Sphingolipids,MS2_diagnostic,Bronze,2
A15_70577,Streptophyta,Viridiplantae,,,,,none,Unidentified,0
A15_31212,Streptophyta,Viridiplantae,,,,,none,Unidentified,0
A15_173491,Streptophyta,Viridiplantae,,Terpenoid,Terpenoid,Prenol lipids,MS2_diagnostic,Bronze,2
A15_91552,Streptophyta,Viridiplantae,MG(O-25:6),MG,MG,Glycerolipids,LipidSearch,Bronze,3
A15_44352,Bacillota,Bacteria,,,,,none,Unidentified,0
A15_70455,Streptophyta,Viridiplantae,TG(18:2_4:0_4:0),TG,TG,Glycerolipids,LipidSearch,Bronze,3
A15_186419,Actinomycetota,Bacteria,,,,,none,Unidentified,0
A15_151286,Streptophyta,Viridiplantae,MGDG(18:1_16:2),MGDG,MGDG,Glycerolipids,LipidSearch,Gold,4
A15_100679,Streptophyta,Viridiplantae,PG(O-16:1_20:4),PG,PG,Glycerophospholipids,LipidSearch,Bronze,3
A15_87051,Streptophyta,Viridiplantae,PG(19:4_16:0),PG,PG,Glycerophospholipids,LipidSearch,Bronze,3
A15_71446,Streptophyta,Viridiplantae,,Terpenoid,Terpenoid,Prenol lipids,MS2_diagnostic,Bronze,2
A15_145788,Streptophyta,Viridiplantae,DG(16:1_18:3),DG,DG,Glycerolipids,LipidSearch,Gold,4
A15_122881,Streptophyta,Viridiplantae,DG(P-39:7),DG,DG,Glycerolipids,LipidSearch,Bronze,3
A15_205810,Pseudomonadota,Bacteria,PC(37:1),PC,PC,Glycerophospholipids,LipidSearch,Bronze,3
A15_203935,Pseudomonadota,Bacteria,PC(37:1),PC,PC,Glycerophospholipids,LipidSearch,Bronze,3
A15_89143,Streptophyta,Viridiplantae,,PC/SM,PC/SM,Glycerophospholipids|Sphingolipids,MS2_diagnostic,Bronze,2
A15_13542,Streptophyta,Viridiplantae,,Terpenoid,Terpenoid,Prenol lipids,MS2_diagnostic,Bronze,2
A15_132694,Streptophyta,Viridiplantae,TG(21:0_16:3)+O:(s),TG,TG,Glycerolipids,LipidSearch,Bronze,3
A15_19238,Bacillota,Bacteria,,,,,none,Unidentified,0
A15_24651,Bacillota,Bacteria,,,,,none,Unidentified,0
A15_21968,Bacillota,Bacteria,,,,,none,Unidentified,0
A15_20712,Bacillota,Bacteria,,,,,none,Unidentified,0
A15_125572,Streptophyta,Viridiplantae,DG(15:2_16:0),DG,DG,Glycerolipids,LipidSearch,Gold,4
A15_20433,Bacillota,Bacteria,,,,,none,Unidentified,0
A15_115813,Streptophyta,Viridiplantae,,,,,none,Unidentified,0
A15_213077,Streptophyta,Viridiplantae,,,,,none,Unidentified,0
A15_183022,Streptophyta,Viridiplantae,Cer(d16:1_18:0),Cer,Cer,Sphingolipids,LipidSearch,Gold,4
A15_172017,Bacillota,Bacteria,DG(15:0_16:1),DG,DG,Glycerolipids,LipidSearch,Gold,4
A15_131417,Streptophyta,Viridiplantae,,,,,none,Unidentified,0
A15_102642,Streptophyta,Viridiplantae,,,,,none,Unidentified,0
A15_17924,Streptophyta,Viridiplantae,,PC/SM,PC/SM,Glycerophospholipids|Sphingolipids,MS2_diagnostic,Bronze,2
A15_30423,Basidiomycota,Fungi,,,,,none,Unidentified,0
A15_183583,Pseudomonadota,Bacteria,,,,,none,Unidentified,0
A15_134058,Basidiomycota,Fungi,TG(22:3_18:2)+O:(s),TG,TG,Glycerolipids,LipidSearch,Bronze,3
A15_132742,Basidiomycota,Fungi,TG(22:3_18:2)+O:(s),TG,TG,Glycerolipids,LipidSearch,Bronze,3
A15_11845,Methanobacteriota,Archaea,,,,,none,Unidentified,0
A15_16264,Methanobacteriota,Archaea,,,,,none,Unidentified,0
A15_142854,Streptophyta,Viridiplantae,DG(18:2_18:3),DG,DG,Glycerolipids,LipidSearch,Gold,4
A15_102914,Streptophyta,Viridiplantae,PG(O-15:1_21:5),PG,PG,Glycerophospholipids,LipidSearch,Bronze,3
A15_131275,Streptophyta,Viridiplantae,DG(18:2_18:3),DG,DG,Glycerolipids,LipidSearch,Gold,4
A15_173359,Streptophyta,Viridiplantae,,,,,none,Unidentified,0
A15_55904,Basidiomycota,Fungi,,,,,none,Unidentified,0
A15_57886,Basidiomycota,Fungi,,,,,none,Unidentified,0
A15_42181,Streptophyta,Viridiplantae,,PC/SM,PC/SM,Glycerophospholipids|Sphingolipids,MS2_diagnostic,Bronze,2
A15_115635,Streptophyta,Viridiplantae,,PC/SM,PC/SM,Glycerophospholipids|Sphingolipids,MS2_diagnostic,Bronze,2
A15_64562,Streptophyta,Viridiplantae,,PC/SM,PC/SM,Glycerophospholipids|Sphingolipids,MS2_diagnostic,Bronze,2
A15_59219,Streptophyta,Viridiplantae,,,,,none,Unidentified,0
A15_37449,Ascomycota,Fungi,DG(23:6_2:0),DG,DG,Glycerolipids,LipidSearch,Bronze,3
A15_105176,Streptophyta,Viridiplantae,,Terpenoid,Terpenoid,Prenol lipids,MS2_diagnostic,Bronze,2
A15_161263,Streptophyta,Viridiplantae,,,,,none,Unidentified,0
A15_141940,Streptophyta,Viridiplantae,DG(O-18:4_16:0),DG,DG,Glycerolipids,LipidSearch,Bronze,3
A15_10468,Streptophyta,Viridiplantae,,Terpenoid,Terpenoid,Prenol lipids,MS2_diagnostic,Bronze,2
A15_207248,Bacillota,Bacteria,,,,,none,Unidentified,0
A15_210850,Bacillota,Bacteria,,,,,none,Unidentified,0
A15_102281,Streptophyta,Viridiplantae,,PC/SM,PC/SM,Glycerophospholipids|Sphingolipids,MS2_diagnostic,Bronze,2
A15_44170,Basidiomycota,Fungi,,PC/SM,PC/SM,Glycerophospholipids|Sphingolipids,MS2_diagnostic,Bronze,2
A15_80202,Streptophyta,Viridiplantae,,PC/SM,PC/SM,Glycerophospholipids|Sphingolipids,MS2_diagnostic,Bronze,2
A15_77114,Streptophyta,Viridiplantae,PG(16:1_18:4),PG,PG,Glycerophospholipids,LipidSearch,Gold,4
A15_138842,Bacillota,Bacteria,PC(O-6:0_23:2),PC,PC,Glycerophospholipids,LipidSearch,Bronze,3
A15_163326,Pseudomonadota,Bacteria,PC(15:0_18:1),PC,PC,Glycerophospholipids,LipidSearch,Bronze,3
A15_123437,Streptophyta,Viridiplantae,,,,,none,Unidentified,0
A15_105396,Streptophyta,Viridiplantae,MG(O-23:4),MG,MG,Glycerolipids,LipidSearch,Bronze,3
A15_99007,Streptophyta,Viridiplantae,,PC/SM,PC/SM,Glycerophospholipids|Sphingolipids,MS2_diagnostic,Bronze,2
A15_168744,Streptophyta,Viridiplantae,MGDG(17:1_20:1),MGDG,MGDG,Glycerolipids,LipidSearch,Gold,4
A15_220122,Streptophyta,Viridiplantae,,,,,none,Unidentified,0
A15_191152,Streptophyta,Viridiplantae,TG(32:6_18:2)+O:(s),TG,TG,Glycerolipids,LipidSearch,Gold,4
A15_170776,Streptophyta,Viridiplantae,,GDGT/Archaeol,GDGT/Archaeol,Archaeal lipids,MS2_diagnostic,Bronze,2
A15_57695,Streptophyta,Viridiplantae,,,,,none,Unidentified,0
A15_4736,Streptophyta,Viridiplantae,,DGTS,DGTS,Betaine lipids,MS2_diagnostic,Bronze,2
A15_216505,Streptophyta,Viridiplantae,,Terpenoid,Terpenoid,Prenol lipids,MS2_diagnostic,Bronze,2
A15_194792,Streptophyta,Viridiplantae,Cer(d15:0_23:1)+O:(s),Cer,Cer,Sphingolipids,LipidSearch,Bronze,3
A15_26948,Basidiomycota,Fungi,,,,,none,Unidentified,0
A15_212487,Streptophyta,Viridiplantae,TG(34:2_24:5),TG,TG,Glycerolipids,LipidSearch,Bronze,3
A15_15243,Streptophyta,Viridiplantae,,,,,none,Unidentified,0
A15_171880,Ascomycota,Fungi,,,,,none,Unidentified,0
A15_74276,Streptophyta,Viridiplantae,TG(7:0_9:0_18:3),TG,TG,Glycerolipids,LipidSearch,Gold,4
A15_14417,Streptophyta,Viridiplantae,,DGTS,DGTS,Betaine lipids,MS2_diagnostic,Bronze,2
A15_90325,Streptophyta,Viridiplantae,DG(21:4_5:0),DG,DG,Glycerolipids,LipidSearch,Gold,4
A15_100943,Streptophyta,Viridiplantae,,,,,none,Unidentified,0
A15_66807,Streptophyta,Viridiplantae,MG(O-27:8),MG,MG,Glycerolipids,LipidSearch,Bronze,3
A15_203414,Streptophyta,Viridiplantae,,Terpenoid,Terpenoid,Prenol lipids,MS2_diagnostic,Bronze,2
A15_17439,Streptophyta,Viridiplantae,DG(4:0_21:4),DG,DG,Glycerolipids,LipidSearch,Bronze,3
A15_134075,Streptophyta,Viridiplantae,,,,,none,Unidentified,0
A15_131890,Streptophyta,Viridiplantae,TG(18:3_16:0),TG,TG,Glycerolipids,LipidSearch,Bronze,3
A15_117742,Streptophyta,Viridiplantae,,Terpenoid,Terpenoid,Prenol lipids,MS2_diagnostic,Bronze,2
A15_167644,Streptophyta,Viridiplantae,,,,,none,Unidentified,0
A15_195929,Streptophyta,Viridiplantae,PI(22:4_16:0),PI,PI,Glycerophospholipids,LipidSearch,Bronze,3
A15_96082,Basidiomycota,Fungi,TG(P-15:2_2:0_18:3),TG,TG,Glycerolipids,LipidSearch,Bronze,3
A15_110919,Bacillota,Bacteria,,,,,none,Unidentified,0
A15_163531,Bacillota,Bacteria,PA(16:0_18:1),PA,PA,Glycerophospholipids,LipidSearch,Gold,4
A15_73424,Streptophyta,Viridiplantae,,,,,none,Unidentified,0
A15_179691,Basidiomycota,Fungi,PG(O-33:0),PG,PG,Glycerophospholipids,LipidSearch,Bronze,3
A15_59116,Streptophyta,Viridiplantae,,PC/SM,PC/SM,Glycerophospholipids|Sphingolipids,MS2_diagnostic,Bronze,2
A15_142986,Streptophyta,Viridiplantae,,,,,none,Unidentified,0
A15_196036,Streptophyta,Viridiplantae,,,,,none,Unidentified,0
A15_221451,Streptophyta,Viridiplantae,PI(P-15:2_23:2),PI,PI,Glycerophospholipids,LipidSearch,Bronze,3
A15_149965,Streptophyta,Viridiplantae,,Terpenoid,Terpenoid,Prenol lipids,MS2_diagnostic,Bronze,2
A15_53994,Streptophyta,Viridiplantae,,PC/SM,PC/SM,Glycerophospholipids|Sphingolipids,MS2_diagnostic,Bronze,2
A15_81997,Streptophyta,Viridiplantae,PEt(22:2_18:4),PEt,PEt,Glycerophospholipids,LipidSearch,Bronze,3
A15_131369,Streptophyta,Viridiplantae,,PC/SM,PC/SM,Glycerophospholipids|Sphingolipids,MS2_diagnostic,Bronze,2
A15_150101,Streptophyta,Viridiplantae,DG(O-15:0_17:2),DG,DG,Glycerolipids,LipidSearch,Bronze,3
A15_115976,Streptophyta,Viridiplantae,,,,,none,Unidentified,0
A15_51276,Streptophyta,Viridiplantae,,Terpenoid,Terpenoid,Prenol lipids,MS2_diagnostic,Bronze,2
A15_34158,Streptophyta,Viridiplantae,PS(11:0_16:0),PS,PS,Glycerophospholipids,LipidSearch,Bronze,3
A15_156394,Streptophyta,Viridiplantae,,,,,none,Unidentified,0
A15_110663,Streptophyta,Viridiplantae,,Terpenoid,Terpenoid,Prenol lipids,MS2_diagnostic,Bronze,2
A15_131808,Streptophyta,Viridiplantae,,,,,none,Unidentified,0
A15_31298,Streptophyta,Viridiplantae,,PC/SM,PC/SM,Glycerophospholipids|Sphingolipids,MS2_diagnostic,Bronze,2
A15_79698,Streptophyta,Viridiplantae,,,,,none,Unidentified,0
A15_154109,Actinomycetota,Bacteria,DG(P-15:2_18:0),DG,DG,Glycerolipids,LipidSearch,Bronze,3
A15_140298,Streptophyta,Viridiplantae,,Glycolipid,Glycolipid,Glycerolipids,MS2_diagnostic,Bronze,2
A15_198356,Streptophyta,Viridiplantae,TG(17:2_19:0_16:3)+OO:(s),TG,TG,Glycerolipids,LipidSearch,Gold,4
A15_20730,Streptophyta,Viridiplantae,,,,,none,Unidentified,0
A15_83831,Streptophyta,Viridiplantae,,,,,none,Unidentified,0
A15_190046,Ascomycota,Fungi,,,,,none,Unidentified,0
A15_58828,Streptophyta,Viridiplantae,,Terpenoid,Terpenoid,Prenol lipids,MS2_diagnostic,Bronze,2
A15_91118,Streptophyta,Viridiplantae,,,,,none,Unidentified,0
A15_100283,Streptophyta,Viridiplantae,,Sterol,Sterol,Sterol lipids,MS2_diagnostic,Bronze,2
A15_190200,Bacillota,Bacteria,,,,,none,Unidentified,0
A15_82266,Streptophyta,Viridiplantae,,Terpenoid,Terpenoid,Prenol lipids,MS2_diagnostic,Bronze,2
A15_85479,Streptophyta,Viridiplantae,TG(18:3_18:3)+O:(s),TG,TG,Glycerolipids,LipidSearch,Gold,4
A15_162553,Streptophyta,Viridiplantae,,Terpenoid,Terpenoid,Prenol lipids,MS2_diagnostic,Bronze,2
A15_149595,Pseudomonadota,Bacteria,PG(17:1_15:0),PG,PG,Glycerophospholipids,LipidSearch,Gold,4
A15_109502,Streptophyta,Viridiplantae,,Terpenoid,Terpenoid,Prenol lipids,MS2_diagnostic,Bronze,2
A15_222075,Streptophyta,Viridiplantae,SiE(18:4),SiE,SiE,Sterol lipids,LipidSearch,Gold,4
A15_65204,Streptophyta,Viridiplantae,MGDG(18:3_18:4),MGDG,MGDG,Glycerolipids,LipidSearch,Gold,4
A15_165767,Pseudomonadota,Bacteria,PC(33:1),PC,PC,Glycerophospholipids,LipidSearch,Bronze,3
A15_113116,Streptophyta,Viridiplantae,DG(P-18:4_16:1),DG,DG,Glycerolipids,LipidSearch,Bronze,3
A15_168255,Streptophyta,Viridiplantae,PI(18:0_20:5),PI,PI,Glycerophospholipids,LipidSearch,Gold,4
A15_43300,Streptophyta,Viridiplantae,,PC/SM,PC/SM,Glycerophospholipids|Sphingolipids,MS2_diagnostic,Bronze,2
A15_121469,Streptophyta,Viridiplantae,,,,,none,Unidentified,0
A15_166986,Streptophyta,Viridiplantae,TG(5:0_16:0_18:2)+OO:(s),TG,TG,Glycerolipids,LipidSearch,Bronze,3
A15_27860,Streptophyta,Viridiplantae,,Terpenoid,Terpenoid,Prenol lipids,MS2_diagnostic,Bronze,2
A15_38408,Basidiomycota,Fungi,,,,,none,Unidentified,0
A15_21612,Bacillota,Bacteria,,,,,none,Unidentified,0
A15_20346,Bacillota,Bacteria,,,,,none,Unidentified,0
A15_109021,Streptophyta,Viridiplantae,TG(P-9:0_27:5),TG,TG,Glycerolipids,LipidSearch,Bronze,3
A15_18072,Basidiomycota,Fungi,,,,,none,Unidentified,0
A15_102858,Streptophyta,Viridiplantae,,PC/SM,PC/SM,Glycerophospholipids|Sphingolipids,MS2_diagnostic,Bronze,2
A15_32521,Streptophyta,Viridiplantae,,PS,PS,Glycerophospholipids,MS2_diagnostic,Bronze,2
A15_116362,Streptophyta,Viridiplantae,,Terpenoid,Terpenoid,Prenol lipids,MS2_diagnostic,Bronze,2
A15_65136,Streptophyta,Viridiplantae,,PC/SM,PC/SM,Glycerophospholipids|Sphingolipids,MS2_diagnostic,Bronze,2
A15_79846,Ascomycota,Fungi,,,,,none,Unidentified,0
A15_115247,Streptophyta,Viridiplantae,,,,,none,Unidentified,0
A15_57142,Streptophyta,Viridiplantae,,PC/SM,PC/SM,Glycerophospholipids|Sphingolipids,MS2_diagnostic,Bronze,2
A15_38009,Streptophyta,Viridiplantae,,,,,none,Unidentified,0
A15_175786,Bacillota,Bacteria,,,,,none,Unidentified,0
A15_98194,Streptophyta,Viridiplantae,PG(18:3_16:0),PG,PG,Glycerophospholipids,LipidSearch,Gold,4
A15_215075,Streptophyta,Viridiplantae,DG(O-25:7_18:1),DG,DG,Glycerolipids,LipidSearch,Bronze,3
A15_32724,Streptophyta,Viridiplantae,,,,,none,Unidentified,0
A15_185119,Pseudomonadota,Bacteria,PC(37:2),PC,PC,Glycerophospholipids,LipidSearch,Bronze,3
A15_183462,Pseudomonadota,Bacteria,PC(37:2),PC,PC,Glycerophospholipids,LipidSearch,Bronze,3
A15_212038,Heterolobosea,Protists,,Hopanoid,Hopanoid,Prenol lipids,MS2_diagnostic,Bronze,2
A15_116894,Streptophyta,Viridiplantae,,,,,none,Unidentified,0
A15_170198,Streptophyta,Viridiplantae,PI(16:0_20:3),PI,PI,Glycerophospholipids,LipidSearch,Gold,4
A15_194133,Streptophyta,Viridiplantae,,Terpenoid,Terpenoid,Prenol lipids,MS2_diagnostic,Bronze,2
A15_138182,Streptophyta,Viridiplantae,,,,,none,Unidentified,0
A15_11326,Streptophyta,Viridiplantae,,,,,none,Unidentified,0
A15_207565,Streptophyta,Viridiplantae,,,,,none,Unidentified,0
A15_211577,Streptophyta,Viridiplantae,,,,,none,Unidentified,0
A15_70871,Streptophyta,Viridiplantae,TG(15:1_18:3),TG,TG,Glycerolipids,LipidSearch,Bronze,3
A15_150398,Streptophyta,Viridiplantae,DG(P-15:2_20:1),DG,DG,Glycerolipids,LipidSearch,Gold,4
A15_96806,Streptophyta,Viridiplantae,DG(O-31:5),DG,DG,Glycerolipids,LipidSearch,Bronze,3
A15_9738,Streptophyta,Viridiplantae,,,,,none,Unidentified,0
A15_167040,Streptophyta,Viridiplantae,,Terpenoid,Terpenoid,Prenol lipids,MS2_diagnostic,Bronze,2
A15_218097,Streptophyta,Viridiplantae,DG(P-18:4_18:3),DG,DG,Glycerolipids,LipidSearch,Bronze,3
A15_166347,Streptophyta,Viridiplantae,,,,,none,Unidentified,0
A15_20773,Ascomycota,Fungi,TG(25:6),TG,TG,Glycerolipids,LipidSearch,Bronze,3
A15_143605,Pseudomonadota,Bacteria,PE(14:0_14:0),PE,PE,Glycerophospholipids,LipidSearch,Gold,4
A15_156506,Streptophyta,Viridiplantae,DGDG(17:0_18:3),DGDG,DGDG,Glycerolipids,LipidSearch,Gold,4
A15_43709,Streptophyta,Viridiplantae,,PC/SM,PC/SM,Glycerophospholipids|Sphingolipids,MS2_diagnostic,Bronze,2
A15_40383,Streptophyta,Viridiplantae,DG(P-8:0_18:4),DG,DG,Glycerolipids,LipidSearch,Bronze,3
A15_121592,Streptophyta,Viridiplantae,,Sterol,Sterol,Sterol lipids,MS2_diagnostic,Bronze,2
A15_65135,Streptophyta,Viridiplantae,,PC/SM,PC/SM,Glycerophospholipids|Sphingolipids,MS2_diagnostic,Bronze,2
A15_151713,Streptophyta,Viridiplantae,,Sterol,Sterol,Sterol lipids,MS2_diagnostic,Bronze,2
A15_183641,Ascomycota,Fungi,TG(24:0_17:1)+OO:(s),TG,TG,Glycerolipids,LipidSearch,Bronze,3
A15_220019,Streptophyta,Viridiplantae,TG(18:3_18:3_20:4),TG,TG,Glycerolipids,LipidSearch,Gold,4
A15_162477,Streptophyta,Viridiplantae,DG(18:3_20:3),DG,DG,Glycerolipids,LipidSearch,Gold,4
A15_110490,Streptophyta,Viridiplantae,,,,,none,Unidentified,0
A15_176496,Streptophyta,Viridiplantae,TG(32:5_15:0)+O:(s),TG,TG,Glycerolipids,LipidSearch,Bronze,3
A15_81740,Streptophyta,Viridiplantae,,Terpenoid,Terpenoid,Prenol lipids,MS2_diagnostic,Bronze,2
A15_103689,Streptophyta,Viridiplantae,,,,,none,Unidentified,0
A15_113966,Streptophyta,Viridiplantae,,PC/SM,PC/SM,Glycerophospholipids|Sphingolipids,MS2_diagnostic,Bronze,2
A15_150999,Streptophyta,Viridiplantae,Cer(d18:2_20:4),Cer,Cer,Sphingolipids,LipidSearch,Bronze,3
A15_52035,Methanobacteriota,Archaea,,,,,none,Unidentified,0
A15_101268,Streptophyta,Viridiplantae,,PC/SM,PC/SM,Glycerophospholipids|Sphingolipids,MS2_diagnostic,Bronze,2
A15_29476,Streptophyta,Viridiplantae,MG(16:0),MG,MG,Glycerolipids,LipidSearch,Gold,4
A15_69197,Streptophyta,Viridiplantae,,,,,none,Unidentified,0
A15_85701,Streptophyta,Viridiplantae,,PC/SM,PC/SM,Glycerophospholipids|Sphingolipids,MS2_diagnostic,Bronze,2
A15_132689,Streptophyta,Viridiplantae,DG(P-15:2_18:2),DG,DG,Glycerolipids,LipidSearch,Bronze,3
A15_59236,Streptophyta,Viridiplantae,,PC/SM,PC/SM,Glycerophospholipids|Sphingolipids,MS2_diagnostic,Bronze,2
A15_69677,Streptophyta,Viridiplantae,,PC/SM,PC/SM,Glycerophospholipids|Sphingolipids,MS2_diagnostic,Bronze,2
A15_115769,Basidiomycota,Fungi,TG(28:2_8:0)+O:(s),TG,TG,Glycerolipids,LipidSearch,Bronze,3
A15_33327,Basidiomycota,Fungi,DG(O-24:6),DG,DG,Glycerolipids,LipidSearch,Bronze,3
A15_209996,Streptophyta,Viridiplantae,TG(21:2_13:0_20:3),TG,TG,Glycerolipids,LipidSearch,Bronze,3
A15_165787,Streptophyta,Viridiplantae,,,,,none,Unidentified,0
A15_165207,Streptophyta,Viridiplantae,,,,,none,Unidentified,0
A15_174775,Actinomycetota,Bacteria,,,,,none,Unidentified,0
A15_48888,Streptophyta,Viridiplantae,,,,,none,Unidentified,0
A15_72236,Streptophyta,Viridiplantae,PG(12:0_16:0),PG,PG,Glycerophospholipids,LipidSearch,Bronze,3
A15_190752,Streptophyta,Viridiplantae,,Sterol,Sterol,Sterol lipids,MS2_diagnostic,Bronze,2
A15_198580,Pseudomonadota,Bacteria,,,,,none,Unidentified,0
A15_133089,Streptophyta,Viridiplantae,,,,,none,Unidentified,0
A15_185577,Pseudomonadota,Bacteria,,,,,none,Unidentified,0
A15_168773,Bacillota,Bacteria,TG(32:0_4:0)+OO:(s),TG,TG,Glycerolipids,LipidSearch,Bronze,3
A15_146090,Streptophyta,Viridiplantae,,,,,none,Unidentified,0
A15_109820,Streptophyta,Viridiplantae,,PC/SM,PC/SM,Glycerophospholipids|Sphingolipids,MS2_diagnostic,Bronze,2
A15_39195,Streptophyta,Viridiplantae,TG(15:0_4:0_4:0),TG,TG,Glycerolipids,LipidSearch,Bronze,3
A15_110812,Streptophyta,Viridiplantae,,PC/SM,PC/SM,Glycerophospholipids|Sphingolipids,MS2_diagnostic,Bronze,2
A15_24832,Methanobacteriota,Archaea,PC(24:3_23:4),PC,PC,Glycerophospholipids,LipidSearch,Bronze,3
A15_62556,Streptophyta,Viridiplantae,,,,,none,Unidentified,0
A15_120583,Streptophyta,Viridiplantae,,,,,none,Unidentified,0
A15_31488,Streptophyta,Viridiplantae,,,,,none,Unidentified,0
A15_142538,Basidiomycota,Fungi,DG(P-15:2_21:3),DG,DG,Glycerolipids,LipidSearch,Bronze,3
A15_20881,Streptophyta,Viridiplantae,,SM,SM,Sphingolipids,MS2_diagnostic,Bronze,2
A15_75468,Ascomycota,Fungi,DG(19:4_8:0),DG,DG,Glycerolipids,LipidSearch,Bronze,3
A15_107122,Streptophyta,Viridiplantae,TG(18:1_18:4),TG,TG,Glycerolipids,LipidSearch,Gold,4
A15_87920,Streptophyta,Viridiplantae,,PC/SM,PC/SM,Glycerophospholipids|Sphingolipids,MS2_diagnostic,Bronze,2
A15_157911,Streptophyta,Viridiplantae,DG(P-15:2_20:1),DG,DG,Glycerolipids,LipidSearch,Bronze,3
A15_218964,Streptophyta,Viridiplantae,TG(32:0_19:2),TG,TG,Glycerolipids,LipidSearch,Bronze,3
A15_211414,Streptophyta,Viridiplantae,,,,,none,Unidentified,0
A15_64484,Streptophyta,Viridiplantae,,,,,none,Unidentified,0
A15_12035,Pseudomonadota,Bacteria,,,,,none,Unidentified,0
A15_130709,Streptophyta,Viridiplantae,PG(33:3),PG,PG,Glycerophospholipids,LipidSearch,Bronze,3
A15_149179,Streptophyta,Viridiplantae,,Terpenoid,Terpenoid,Prenol lipids,MS2_diagnostic,Bronze,2
A15_133169,Streptophyta,Viridiplantae,DG(16:2_18:3),DG,DG,Glycerolipids,LipidSearch,Gold,4
A15_68459,Basidiomycota,Fungi,,PC/SM,PC/SM,Glycerophospholipids|Sphingolipids,MS2_diagnostic,Bronze,2
A15_84952,Streptophyta,Viridiplantae,PG(20:4_18:3),PG,PG,Glycerophospholipids,LipidSearch,Bronze,3
A15_87315,Streptophyta,Viridiplantae,PG(20:4_18:3),PG,PG,Glycerophospholipids,LipidSearch,Bronze,3
A15_173813,Pseudomonadota,Bacteria,,,,,none,Unidentified,0
A15_129524,Streptophyta,Viridiplantae,DG(P-15:2_18:2),DG,DG,Glycerolipids,LipidSearch,Gold,4
A15_121969,Streptophyta,Viridiplantae,,,,,none,Unidentified,0
A15_119224,Streptophyta,Viridiplantae,TG(18:3_16:0)+O:(s),TG,TG,Glycerolipids,LipidSearch,Gold,4
A15_96569,Streptophyta,Viridiplantae,,PC/SM,PC/SM,Glycerophospholipids|Sphingolipids,MS2_diagnostic,Bronze,2
A15_200034,Streptophyta,Viridiplantae,TG(O-22:6_18:3_18:4),TG,TG,Glycerolipids,LipidSearch,Bronze,3
A15_94460,Streptophyta,Viridiplantae,,,,,none,Unidentified,0
A15_77715,Streptophyta,Viridiplantae,,,,,none,Unidentified,0
A15_138143,Basidiomycota,Fungi,DG(O-18:4_18:2),DG,DG,Glycerolipids,LipidSearch,Bronze,3
A15_26069,Streptophyta,Viridiplantae,,,,,none,Unidentified,0
A15_16679,Streptophyta,Viridiplantae,LPC(20:4),LPC,LPC,Glycerophospholipids,LipidSearch,Bronze,3
A15_131816,Streptophyta,Viridiplantae,TG(43:7),TG,TG,Glycerolipids,LipidSearch,Bronze,3
A15_176330,Streptophyta,Viridiplantae,Cer(d18:2_20:1),Cer,Cer,Sphingolipids,LipidSearch,Bronze,3
A15_70860,Streptophyta,Viridiplantae,,,,,none,Unidentified,0
A15_183670,Streptophyta,Viridiplantae,,,,,none,Unidentified,0
A15_147838,Streptophyta,Viridiplantae,,,,,none,Unidentified,0
A15_44812,Streptophyta,Viridiplantae,TG(34:5)+OO:(s),TG,TG,Glycerolipids,LipidSearch,Bronze,3
A15_27932,Streptophyta,Viridiplantae,PS(9:0_16:0),PS,PS,Glycerophospholipids,LipidSearch,Bronze,3
A15_2481,Streptophyta,Viridiplantae,,DGTS,DGTS,Betaine lipids,MS2_diagnostic,Bronze,2
A15_191577,Streptophyta,Viridiplantae,,Terpenoid,Terpenoid,Prenol lipids,MS2_diagnostic,Bronze,2
A15_188736,Streptophyta,Viridiplantae,,PC/SM,PC/SM,Glycerophospholipids|Sphingolipids,MS2_diagnostic,Bronze,2
A15_14217,Pseudomonadota,Bacteria,LPG(17:1),LPG,LPG,Glycerophospholipids,LipidSearch,Bronze,3
A15_86642,Streptophyta,Viridiplantae,,,,,none,Unidentified,0
A15_54858,Streptophyta,Viridiplantae,,,,,none,Unidentified,0
A15_60139,Streptophyta,Viridiplantae,,PC/SM,PC/SM,Glycerophospholipids|Sphingolipids,MS2_diagnostic,Bronze,2
A15_148331,Streptophyta,Viridiplantae,PI(18:1_18:2),PI,PI,Glycerophospholipids,LipidSearch,Gold,4
A15_112631,Streptophyta,Viridiplantae,TG(22:3_13:0),TG,TG,Glycerolipids,LipidSearch,Bronze,3
A15_180761,Streptophyta,Viridiplantae,,Terpenoid,Terpenoid,Prenol lipids,MS2_diagnostic,Bronze,2
A15_167814,Streptophyta,Viridiplantae,,,,,none,Unidentified,0
A15_19250,Streptophyta,Viridiplantae,,Terpenoid,Terpenoid,Prenol lipids,MS2_diagnostic,Bronze,2
A15_105207,Streptophyta,Viridiplantae,,PC/SM,PC/SM,Glycerophospholipids|Sphingolipids,MS2_diagnostic,Bronze,2
A15_170493,Streptophyta,Viridiplantae,Cer(d18:2_20:1),Cer,Cer,Sphingolipids,LipidSearch,Bronze,3
A15_80172,Streptophyta,Viridiplantae,,PC/SM,PC/SM,Glycerophospholipids|Sphingolipids,MS2_diagnostic,Bronze,2
A15_77315,Streptophyta,Viridiplantae,TG(3:0_15:2_16:3),TG,TG,Glycerolipids,LipidSearch,Bronze,3
A15_45954,Basidiomycota,Fungi,,,,,none,Unidentified,0
A15_126619,Streptophyta,Viridiplantae,DG(18:3_20:5),DG,DG,Glycerolipids,LipidSearch,Gold,4
A15_84397,Streptophyta,Viridiplantae,MG(O-26:7),MG,MG,Glycerolipids,LipidSearch,Bronze,3
A15_174750,Streptophyta,Viridiplantae,,Terpenoid,Terpenoid,Prenol lipids,MS2_diagnostic,Bronze,2
A15_22163,Streptophyta,Viridiplantae,,Terpenoid,Terpenoid,Prenol lipids,MS2_diagnostic,Bronze,2
A15_178364,Basidiomycota,Fungi,PC(O-41:11),PC,PC,Glycerophospholipids,LipidSearch,Bronze,3
A15_91474,Streptophyta,Viridiplantae,,Terpenoid,Terpenoid,Prenol lipids,MS2_diagnostic,Bronze,2
A15_63856,Streptophyta,Viridiplantae,,,,,none,Unidentified,0
A15_119386,Streptophyta,Viridiplantae,DG(P-18:4_18:2),DG,DG,Glycerolipids,LipidSearch,Bronze,3
A15_160154,Ascomycota,Fungi,Hex1Cer(d42:3)+2O:(s),Hex1Cer,HexCer,Sphingolipids,LipidSearch,Bronze,3
A15_157916,Ascomycota,Fungi,Hex1Cer(d42:3)+2O:(s),Hex1Cer,HexCer,Sphingolipids,LipidSearch,Bronze,3
A15_221546,Streptophyta,Viridiplantae,SiE(18:4),SiE,SiE,Sterol lipids,LipidSearch,Gold,4
A15_28556,Actinomycetota,Bacteria,,,,,none,Unidentified,0
A15_220878,Streptophyta,Viridiplantae,,Sterol,Sterol,Sterol lipids,MS2_diagnostic,Bronze,2
A15_138462,Streptophyta,Viridiplantae,,,,,none,Unidentified,0
A15_15610,Streptophyta,Viridiplantae,,Ceramide,Ceramide,Sphingolipids,MS2_diagnostic,Bronze,2
A15_89997,Streptophyta,Viridiplantae,,,,,none,Unidentified,0
A15_170137,Actinomycetota,Bacteria,DG(15:0_18:2),DG,DG,Glycerolipids,LipidSearch,Gold,4
A15_153652,Pseudomonadota,Bacteria,MGDG(18:0_16:3),MGDG,MGDG,Glycerolipids,LipidSearch,Gold,4
A15_151670,Pseudomonadota,Bacteria,MGDG(18:0_16:3),MGDG,MGDG,Glycerolipids,LipidSearch,Gold,4
A15_13410,Streptophyta,Viridiplantae,DAP(O-8:0),DAP,DAP,Glycerophospholipids,LipidSearch,Bronze,3
A15_143230,Streptophyta,Viridiplantae,PG(16:0_18:2),PG,PG,Glycerophospholipids,LipidSearch,Gold,4
A15_189750,Streptophyta,Viridiplantae,,,,,none,Unidentified,0
A15_33742,Streptophyta,Viridiplantae,DG(30:6),DG,DG,Glycerolipids,LipidSearch,Bronze,3
A15_213811,Streptophyta,Viridiplantae,TG(47:13_18:3),TG,TG,Glycerolipids,LipidSearch,Gold,4
A15_127281,Streptophyta,Viridiplantae,DG(35:5),DG,DG,Glycerolipids,LipidSearch,Bronze,3
A15_96915,Bacillota,Bacteria,MGDG(15:0_15:0),MGDG,MGDG,Glycerolipids,LipidSearch,Bronze,3
A15_71448,Streptophyta,Viridiplantae,TG(7:0_9:0_18:3),TG,TG,Glycerolipids,LipidSearch,Gold,4
A15_202183,Streptophyta,Viridiplantae,,Ceramide,Ceramide,Sphingolipids,MS2_diagnostic,Bronze,2
A15_166580,Streptophyta,Viridiplantae,DG(16:0_18:4),DG,DG,Glycerolipids,LipidSearch,Gold,4
A15_160352,Pseudomonadota,Bacteria,,,,,none,Unidentified,0
A15_60254,Streptophyta,Viridiplantae,,,,,none,Unidentified,0
A15_198548,Streptophyta,Viridiplantae,,,,,none,Unidentified,0
A15_106384,Streptophyta,Viridiplantae,TG(O-6:0_7:0_18:3),TG,TG,Glycerolipids,LipidSearch,Gold,4
A15_210596,Streptophyta,Viridiplantae,,,,,none,Unidentified,0
A15_176047,Streptophyta,Viridiplantae,,GDGT/Archaeol,GDGT/Archaeol,Archaeal lipids,MS2_diagnostic,Bronze,2
A15_50372,Ascomycota,Fungi,,,,,none,Unidentified,0
A15_116701,Streptophyta,Viridiplantae,TG(26:8_20:4),TG,TG,Glycerolipids,LipidSearch,Bronze,3
A15_16672,Methanobacteriota,Archaea,TG(38:6)+OO:(s),TG,TG,Glycerolipids,LipidSearch,Bronze,3
A15_145672,Streptophyta,Viridiplantae,DG(O-18:2_13:0),DG,DG,Glycerolipids,LipidSearch,Bronze,3
A15_26089,Basidiomycota,Fungi,DG(23:6_2:0),DG,DG,Glycerolipids,LipidSearch,Gold,4
A15_23317,Ascomycota,Fungi,,,,,none,Unidentified,0
A15_24289,Ascomycota,Fungi,,,,,none,Unidentified,0
A15_124469,Streptophyta,Viridiplantae,DG(P-18:4_16:1),DG,DG,Glycerolipids,LipidSearch,Bronze,3
A15_115280,Streptophyta,Viridiplantae,MGDG(16:3_18:3),MGDG,MGDG,Glycerolipids,LipidSearch,Bronze,3
A15_176250,Actinomycetota,Bacteria,,,,,none,Unidentified,0
A15_103848,Streptophyta,Viridiplantae,,,,,none,Unidentified,0
A15_112009,Streptophyta,Viridiplantae,,PC/SM,PC/SM,Glycerophospholipids|Sphingolipids,MS2_diagnostic,Bronze,2
A15_165427,Streptophyta,Viridiplantae,,,,,none,Unidentified,0
A15_161704,Streptophyta,Viridiplantae,DG(18:2_18:3),DG,DG,Glycerolipids,LipidSearch,Gold,4
A15_179159,Streptophyta,Viridiplantae,TG(21:1_20:3)+O:(s),TG,TG,Glycerolipids,LipidSearch,Bronze,3
A15_199642,Actinomycetota,Bacteria,Hex1Cer(d43:3)+O:(s),Hex1Cer,HexCer,Sphingolipids,LipidSearch,Bronze,3
A15_12763,Streptophyta,Viridiplantae,,,,,none,Unidentified,0
A15_93998,Streptophyta,Viridiplantae,TG(18:2_16:0),TG,TG,Glycerolipids,LipidSearch,Bronze,3
A15_221665,Streptophyta,Viridiplantae,SM(d36:0),SM,SM,Sphingolipids,LipidSearch,Bronze,3
A15_130693,Streptophyta,Viridiplantae,TG(37:5),TG,TG,Glycerolipids,LipidSearch,Bronze,3
A15_162157,Bacillota,Bacteria,,,,,none,Unidentified,0
A15_163643,Bacillota,Bacteria,,,,,none,Unidentified,0
A15_173545,Basidiomycota,Fungi,,PC/SM,PC/SM,Glycerophospholipids|Sphingolipids,MS2_diagnostic,Bronze,2
A15_173102,Streptophyta,Viridiplantae,,Ubiquinone,Ubiquinone,Prenol lipids,MS2_diagnostic,Bronze,2
A15_174529,Streptophyta,Viridiplantae,,Ubiquinone,Ubiquinone,Prenol lipids,MS2_diagnostic,Bronze,2
A15_148911,Streptophyta,Viridiplantae,,PC/SM,PC/SM,Glycerophospholipids|Sphingolipids,MS2_diagnostic,Bronze,2
A15_199305,Heterolobosea,Protists,,,,,none,Unidentified,0
A15_61537,Streptophyta,Viridiplantae,,PC/SM,PC/SM,Glycerophospholipids|Sphingolipids,MS2_diagnostic,Bronze,2
A15_128532,Streptophyta,Viridiplantae,,Terpenoid,Terpenoid,Prenol lipids,MS2_diagnostic,Bronze,2
A15_167648,Streptophyta,Viridiplantae,PG(16:0_18:1),PG,PG,Glycerophospholipids,LipidSearch,Gold,4
A15_212761,Streptophyta,Viridiplantae,MePC(38:8),MePC,MePC,Glycerophospholipids,LipidSearch,Bronze,3
A15_164281,Streptophyta,Viridiplantae,,,,,none,Unidentified,0
A15_149768,Bacillota,Bacteria,PG(17:0_15:0),PG,PG,Glycerophospholipids,LipidSearch,Gold,4
A15_171823,Streptophyta,Viridiplantae,,GDGT/Archaeol,GDGT/Archaeol,Archaeal lipids,MS2_diagnostic,Bronze,2
A15_122130,Streptophyta,Viridiplantae,DG(16:1_18:3),DG,DG,Glycerolipids,LipidSearch,Gold,4
A15_141608,Streptophyta,Viridiplantae,,Terpenoid,Terpenoid,Prenol lipids,MS2_diagnostic,Bronze,2
A15_84583,Streptophyta,Viridiplantae,,Terpenoid,Terpenoid,Prenol lipids,MS2_diagnostic,Bronze,2
A15_167109,Streptophyta,Viridiplantae,PI(18:0_20:5),PI,PI,Glycerophospholipids,LipidSearch,Gold,4
A15_204394,Streptophyta,Viridiplantae,PC(35:1),PC,PC,Glycerophospholipids,LipidSearch,Bronze,3
A15_202534,Streptophyta,Viridiplantae,PC(35:1),PC,PC,Glycerophospholipids,LipidSearch,Bronze,3
A15_197780,Streptophyta,Viridiplantae,PC(35:1),PC,PC,Glycerophospholipids,LipidSearch,Bronze,3
A15_199820,Streptophyta,Viridiplantae,PC(35:1),PC,PC,Glycerophospholipids,LipidSearch,Bronze,3
A15_148360,Basidiomycota,Fungi,,,,,none,Unidentified,0
A15_2302,Streptophyta,Viridiplantae,,Terpenoid,Terpenoid,Prenol lipids,MS2_diagnostic,Bronze,2
A15_135694,Streptophyta,Viridiplantae,DG(P-11:0_23:3),DG,DG,Glycerolipids,LipidSearch,Bronze,3
A15_157063,Bacillota,Bacteria,PE(15:0_15:0),PE,PE,Glycerophospholipids,LipidSearch,Gold,4
A15_111747,Streptophyta,Viridiplantae,DGDG(16:3_18:3),DGDG,DGDG,Glycerolipids,LipidSearch,Gold,4
A15_175785,Streptophyta,Viridiplantae,TG(15:1_4:0_18:0)+OO:(s),TG,TG,Glycerolipids,LipidSearch,Bronze,3
A15_146014,Streptophyta,Viridiplantae,PC(35:0),PC,PC,Glycerophospholipids,LipidSearch,Bronze,3
A15_184371,Streptophyta,Viridiplantae,,,,,none,Unidentified,0
A15_182990,Streptophyta,Viridiplantae,,Terpenoid,Terpenoid,Prenol lipids,MS2_diagnostic,Bronze,2
A15_153590,Streptophyta,Viridiplantae,DG(16:0_18:3),DG,DG,Glycerolipids,LipidSearch,Gold,4
A15_60667,Basidiomycota,Fungi,,,,,none,Unidentified,0
A15_186362,Streptophyta,Viridiplantae,,Terpenoid,Terpenoid,Prenol lipids,MS2_diagnostic,Bronze,2
A15_47642,Streptophyta,Viridiplantae,,,,,none,Unidentified,0
A15_93389,Streptophyta,Viridiplantae,DG(O-26:5),DG,DG,Glycerolipids,LipidSearch,Bronze,3
A15_93071,Streptophyta,Viridiplantae,TG(18:2_16:1)+OO:(s),TG,TG,Glycerolipids,LipidSearch,Bronze,3
A15_10093,Streptophyta,Viridiplantae,,Terpenoid,Terpenoid,Prenol lipids,MS2_diagnostic,Bronze,2
A15_152503,Streptophyta,Viridiplantae,DG(16:1_29:7),DG,DG,Glycerolipids,LipidSearch,Bronze,3
A15_198027,Ascomycota,Fungi,DG(O-15:0_17:2),DG,DG,Glycerolipids,LipidSearch,Bronze,3
A15_85175,Streptophyta,Viridiplantae,,Terpenoid,Terpenoid,Prenol lipids,MS2_diagnostic,Bronze,2
A15_27495,Streptophyta,Viridiplantae,TG(15:0_2:0_2:0),TG,TG,Glycerolipids,LipidSearch,Gold,4
A15_106141,Streptophyta,Viridiplantae,Hex1Cer(d18:2_16:0)+O:(s),Hex1Cer,HexCer,Sphingolipids,LipidSearch,Gold,4
A15_202821,Streptophyta,Viridiplantae,TG(49:16_18:3),TG,TG,Glycerolipids,LipidSearch,Gold,4
A15_68168,Streptophyta,Viridiplantae,,PC/SM,PC/SM,Glycerophospholipids|Sphingolipids,MS2_diagnostic,Bronze,2
A15_44991,Basidiomycota,Fungi,,,,,none,Unidentified,0
A15_42041,Basidiomycota,Fungi,,,,,none,Unidentified,0
A15_133886,Pseudomonadota,Bacteria,PC(28:0),PC,PC,Glycerophospholipids,LipidSearch,Bronze,3
A15_138107,Pseudomonadota,Bacteria,PC(28:0),PC,PC,Glycerophospholipids,LipidSearch,Bronze,3
A15_136020,Pseudomonadota,Bacteria,PC(28:0),PC,PC,Glycerophospholipids,LipidSearch,Bronze,3
A15_183169,Pseudomonadota,Bacteria,,,,,none,Unidentified,0
A15_193242,Pseudomonadota,Bacteria,,,,,none,Unidentified,0
A15_185470,Pseudomonadota,Bacteria,,,,,none,Unidentified,0
A15_149064,Streptophyta,Viridiplantae,PC(30:2),PC,PC,Glycerophospholipids,LipidSearch,Bronze,3
A15_141698,Streptophyta,Viridiplantae,DGDG(14:0_18:2),DGDG,DGDG,Glycerolipids,LipidSearch,Gold,4
A15_18688,Streptophyta,Viridiplantae,TG(24:3_5:0)+O:(s),TG,TG,Glycerolipids,LipidSearch,Bronze,3
A15_123552,Streptophyta,Viridiplantae,DG(16:1_18:4),DG,DG,Glycerolipids,LipidSearch,Gold,4
A15_214574,Streptophyta,Viridiplantae,TG(O-53:7),TG,TG,Glycerolipids,LipidSearch,Bronze,3
A15_71801,Streptophyta,Viridiplantae,PG(16:1_18:4),PG,PG,Glycerophospholipids,LipidSearch,Gold,4
A15_194665,Bacillota,Bacteria,,,,,none,Unidentified,0
A15_176091,Actinomycetota,Bacteria,TG(12:0_6:0_16:0),TG,TG,Glycerolipids,LipidSearch,Gold,4
A15_177600,Actinomycetota,Bacteria,TG(12:0_6:0_16:0),TG,TG,Glycerolipids,LipidSearch,Gold,4
A15_103670,Streptophyta,Viridiplantae,,PC/SM,PC/SM,Glycerophospholipids|Sphingolipids,MS2_diagnostic,Bronze,2
A15_14412,Streptophyta,Viridiplantae,,,,,none,Unidentified,0
A15_216763,Streptophyta,Viridiplantae,,,,,none,Unidentified,0
A15_98407,Streptophyta,Viridiplantae,TG(18:2_16:0)+OO:(s),TG,TG,Glycerolipids,LipidSearch,Bronze,3
A15_163504,Basidiomycota,Fungi,,,,,none,Unidentified,0
A15_199677,Streptophyta,Viridiplantae,,,,,none,Unidentified,0
A15_159594,Streptophyta,Viridiplantae,WE(O-38:9),WE,WE,Fatty acyls,LipidSearch,Bronze,3
A15_127920,Streptophyta,Viridiplantae,PG(33:3),PG,PG,Glycerophospholipids,LipidSearch,Bronze,3
A15_13982,Streptophyta,Viridiplantae,,,,,none,Unidentified,0
A15_63160,Streptophyta,Viridiplantae,,PC/SM,PC/SM,Glycerophospholipids|Sphingolipids,MS2_diagnostic,Bronze,2
A15_117531,Streptophyta,Viridiplantae,,,,,none,Unidentified,0
A15_99336,Streptophyta,Viridiplantae,,PC/SM,PC/SM,Glycerophospholipids|Sphingolipids,MS2_diagnostic,Bronze,2
A15_14958,Streptophyta,Viridiplantae,MG(P-20:5),MG,MG,Glycerolipids,LipidSearch,Bronze,3
A15_13568,Streptophyta,Viridiplantae,MG(P-20:5),MG,MG,Glycerolipids,LipidSearch,Bronze,3
A15_15977,Streptophyta,Viridiplantae,MG(P-20:5),MG,MG,Glycerolipids,LipidSearch,Bronze,3
A15_106717,Streptophyta,Viridiplantae,PI(18:3_18:3),PI,PI,Glycerophospholipids,LipidSearch,Gold,4
A15_136930,Streptophyta,Viridiplantae,,,,,none,Unidentified,0
A15_27588,Streptophyta,Viridiplantae,,,,,none,Unidentified,0
A15_114323,Streptophyta,Viridiplantae,,PS,PS,Glycerophospholipids,MS2_diagnostic,Bronze,2
A15_23863,Basidiomycota,Fungi,DG(25:5),DG,DG,Glycerolipids,LipidSearch,Bronze,3
A15_172494,Streptophyta,Viridiplantae,,,,,none,Unidentified,0
A15_108264,Streptophyta,Viridiplantae,DG(16:1_18:4),DG,DG,Glycerolipids,LipidSearch,Gold,4
A15_121218,Streptophyta,Viridiplantae,,,,,none,Unidentified,0
A15_119137,Streptophyta,Viridiplantae,,,,,none,Unidentified,0
A15_68361,Basidiomycota,Fungi,DG(7:0_18:1),DG,DG,Glycerolipids,LipidSearch,Bronze,3
A15_213857,Streptophyta,Viridiplantae,,Terpenoid,Terpenoid,Prenol lipids,MS2_diagnostic,Bronze,2
A15_185040,Pseudomonadota,Bacteria,PE(18:1_18:1),PE,PE,Glycerophospholipids,LipidSearch,Gold,4
A15_176446,Pseudomonadota,Bacteria,PG(16:1_18:1),PG,PG,Glycerophospholipids,LipidSearch,Gold,4
A15_172416,Pseudomonadota,Bacteria,PG(16:1_18:1),PG,PG,Glycerophospholipids,LipidSearch,Gold,4
A15_174334,Pseudomonadota,Bacteria,PG(16:1_18:1),PG,PG,Glycerophospholipids,LipidSearch,Gold,4
A15_149089,Streptophyta,Viridiplantae,,,,,none,Unidentified,0
A15_103512,Streptophyta,Viridiplantae,,PC/SM,PC/SM,Glycerophospholipids|Sphingolipids,MS2_diagnostic,Bronze,2
A15_1605,Streptophyta,Viridiplantae,AcCa(16:2),AcCa,AcCa,Fatty acyls,LipidSearch,Gold,4
A15_149930,Streptophyta,Viridiplantae,,,,,none,Unidentified,0
A15_136623,Actinomycetota,Bacteria,DG(O-13:0_17:0),DG,DG,Glycerolipids,LipidSearch,Bronze,3
A15_139311,Actinomycetota,Bacteria,,,,,none,Unidentified,0
A15_137944,Actinomycetota,Bacteria,,,,,none,Unidentified,0
A15_129589,Streptophyta,Viridiplantae,,PC/SM,PC/SM,Glycerophospholipids|Sphingolipids,MS2_diagnostic,Bronze,2
A15_220493,Streptophyta,Viridiplantae,,,,,none,Unidentified,0
A15_178179,Actinomycetota,Bacteria,TG(8:0_18:1_18:1)+OO:(s),TG,TG,Glycerolipids,LipidSearch,Bronze,3
A15_177405,Actinomycetota,Bacteria,TG(8:0_18:1_18:1)+OO:(s),TG,TG,Glycerolipids,LipidSearch,Gold,4
A15_54271,Streptophyta,Viridiplantae,DG(O-26:5),DG,DG,Glycerolipids,LipidSearch,Bronze,3
A15_86649,Streptophyta,Viridiplantae,,PC/SM,PC/SM,Glycerophospholipids|Sphingolipids,MS2_diagnostic,Bronze,2
A15_18895,Streptophyta,Viridiplantae,,,,,none,Unidentified,0
A15_178075,Ascomycota,Fungi,,,,,none,Unidentified,0
A15_1734,Streptophyta,Viridiplantae,,Terpenoid,Terpenoid,Prenol lipids,MS2_diagnostic,Bronze,2
A15_84769,Streptophyta,Viridiplantae,,PC/SM,PC/SM,Glycerophospholipids|Sphingolipids,MS2_diagnostic,Bronze,2
A15_71453,Streptophyta,Viridiplantae,,,,,none,Unidentified,0
A15_131698,Actinomycetota,Bacteria,Hex1Cer(d37:4),Hex1Cer,HexCer,Sphingolipids,LipidSearch,Bronze,3
A15_80150,Streptophyta,Viridiplantae,TG(30:3)+O:(s),TG,TG,Glycerolipids,LipidSearch,Bronze,3
A15_57375,Streptophyta,Viridiplantae,,,,,none,Unidentified,0
A15_10636,Streptophyta,Viridiplantae,,,,,none,Unidentified,0
A15_71807,Streptophyta,Viridiplantae,,PC/SM,PC/SM,Glycerophospholipids|Sphingolipids,MS2_diagnostic,Bronze,2
A15_159655,Streptophyta,Viridiplantae,,PC/SM,PC/SM,Glycerophospholipids|Sphingolipids,MS2_diagnostic,Bronze,2
A15_118843,Streptophyta,Viridiplantae,,,,,none,Unidentified,0
A15_41459,Streptophyta,Viridiplantae,,,,,none,Unidentified,0
A15_127887,Streptophyta,Viridiplantae,,PC/SM,PC/SM,Glycerophospholipids|Sphingolipids,MS2_diagnostic,Bronze,2
A15_21924,Streptophyta,Viridiplantae,,Terpenoid,Terpenoid,Prenol lipids,MS2_diagnostic,Bronze,2
A15_118622,Streptophyta,Viridiplantae,,,,,none,Unidentified,0
A15_41207,Streptophyta,Viridiplantae,,Terpenoid,Terpenoid,Prenol lipids,MS2_diagnostic,Bronze,2
A15_29164,Streptophyta,Viridiplantae,,Terpenoid,Terpenoid,Prenol lipids,MS2_diagnostic,Bronze,2
A15_101761,Streptophyta,Viridiplantae,DG(P-50:15),DG,DG,Glycerolipids,LipidSearch,Bronze,3
A15_21934,Basidiomycota,Fungi,DG(P-25:6),DG,DG,Glycerolipids,LipidSearch,Bronze,3
A15_20398,Basidiomycota,Fungi,DG(P-25:6),DG,DG,Glycerolipids,LipidSearch,Bronze,3
A15_126568,Streptophyta,Viridiplantae,DGDG(16:1_18:3),DGDG,DGDG,Glycerolipids,LipidSearch,Gold,4
A15_148370,Streptophyta,Viridiplantae,,,,,none,Unidentified,0
A15_4246,Streptophyta,Viridiplantae,TG(28:7_2:0)+O:(s),TG,TG,Glycerolipids,LipidSearch,Bronze,3
A15_224184,Bacillota,Bacteria,,,,,none,Unidentified,0
A15_140847,Streptophyta,Viridiplantae,PI(25:0_16:0),PI,PI,Glycerophospholipids,LipidSearch,Bronze,3
A15_161230,Streptophyta,Viridiplantae,,,,,none,Unidentified,0
A15_61309,Streptophyta,Viridiplantae,TG(21:4_15:2),TG,TG,Glycerolipids,LipidSearch,Gold,4
A15_44485,Streptophyta,Viridiplantae,,,,,none,Unidentified,0
A15_34931,Streptophyta,Viridiplantae,,,,,none,Unidentified,0
A15_222512,Streptophyta,Viridiplantae,,,,,none,Unidentified,0
A15_29892,Ascomycota,Fungi,TG(18:2_5:0),TG,TG,Glycerolipids,LipidSearch,Bronze,3
A15_59248,Streptophyta,Viridiplantae,,Terpenoid,Terpenoid,Prenol lipids,MS2_diagnostic,Bronze,2
A15_179039,Streptophyta,Viridiplantae,,,,,none,Unidentified,0
A15_103918,Mucoromycota,Fungi,,,,,none,Unidentified,0
A15_101384,Mucoromycota,Fungi,,,,,none,Unidentified,0
A15_78231,Streptophyta,Viridiplantae,,,,,none,Unidentified,0
A15_67051,Streptophyta,Viridiplantae,,PC/SM,PC/SM,Glycerophospholipids|Sphingolipids,MS2_diagnostic,Bronze,2
A15_6578,Streptophyta,Viridiplantae,,Hopanoid,Hopanoid,Prenol lipids,MS2_diagnostic,Bronze,2
A15_52968,Streptophyta,Viridiplantae,,,,,none,Unidentified,0
A15_157680,Basidiomycota,Fungi,PE(18:1_18:2),PE,PE,Glycerophospholipids,LipidSearch,Gold,4
A15_163546,Streptophyta,Viridiplantae,,,,,none,Unidentified,0
A15_219166,Streptophyta,Viridiplantae,DG(O-25:6_18:2),DG,DG,Glycerolipids,LipidSearch,Bronze,3
A15_52005,Streptophyta,Viridiplantae,,Terpenoid,Terpenoid,Prenol lipids,MS2_diagnostic,Bronze,2
A15_137527,Streptophyta,Viridiplantae,TG(21:3_16:0)+O:(s),TG,TG,Glycerolipids,LipidSearch,Bronze,3
A15_42332,Streptophyta,Viridiplantae,,,,,none,Unidentified,0
A15_118691,Actinomycetota,Bacteria,DG(P-10:0_20:2),DG,DG,Glycerolipids,LipidSearch,Gold,4
A15_199728,Streptophyta,Viridiplantae,,Ubiquinone,Ubiquinone,Prenol lipids,MS2_diagnostic,Bronze,2
A15_55616,Streptophyta,Viridiplantae,,,,,none,Unidentified,0
A15_53957,Streptophyta,Viridiplantae,,PC/SM,PC/SM,Glycerophospholipids|Sphingolipids,MS2_diagnostic,Bronze,2
A15_50670,Streptophyta,Viridiplantae,,PC/SM,PC/SM,Glycerophospholipids|Sphingolipids,MS2_diagnostic,Bronze,2
A15_48810,Streptophyta,Viridiplantae,,PC/SM,PC/SM,Glycerophospholipids|Sphingolipids,MS2_diagnostic,Bronze,2
A15_39017,Basidiomycota,Fungi,DG(P-5:0_20:5),DG,DG,Glycerolipids,LipidSearch,Bronze,3
A15_41314,Basidiomycota,Fungi,DG(P-5:0_20:5),DG,DG,Glycerolipids,LipidSearch,Bronze,3
A15_157197,Streptophyta,Viridiplantae,,Terpenoid,Terpenoid,Prenol lipids,MS2_diagnostic,Bronze,2
A15_126943,Pseudomonadota,Bacteria,DG(O-5:0_23:3),DG,DG,Glycerolipids,LipidSearch,Bronze,3
A15_168578,Streptophyta,Viridiplantae,,PC/SM,PC/SM,Glycerophospholipids|Sphingolipids,MS2_diagnostic,Bronze,2
A15_39336,Streptophyta,Viridiplantae,,,,,none,Unidentified,0
A15_212909,Streptophyta,Viridiplantae,TG(47:13_18:3),TG,TG,Glycerolipids,LipidSearch,Gold,4
A15_115021,Streptophyta,Viridiplantae,DG(18:2_18:4),DG,DG,Glycerolipids,LipidSearch,Gold,4
A15_169892,Streptophyta,Viridiplantae,,,,,none,Unidentified,0
A15_121302,Streptophyta,Viridiplantae,DG(P-18:4_16:1),DG,DG,Glycerolipids,LipidSearch,Bronze,3
A15_130817,Streptophyta,Viridiplantae,,,,,none,Unidentified,0
A15_78353,Streptophyta,Viridiplantae,,PC/SM,PC/SM,Glycerophospholipids|Sphingolipids,MS2_diagnostic,Bronze,2
A15_93818,Streptophyta,Viridiplantae,PA(16:0_18:4),PA,PA,Glycerophospholipids,LipidSearch,Gold,4
A15_171694,Streptophyta,Viridiplantae,PE(18:2_18:1),PE,PE,Glycerophospholipids,LipidSearch,Gold,4
A15_160835,Streptophyta,Viridiplantae,,Sterol,Sterol,Sterol lipids,MS2_diagnostic,Bronze,2
A15_169403,Ascomycota,Fungi,TG(25:1_18:3)+O:(s),TG,TG,Glycerolipids,LipidSearch,Bronze,3
A15_169782,Actinomycetota,Bacteria,PC(33:1),PC,PC,Glycerophospholipids,LipidSearch,Bronze,3
A15_100118,Basidiomycota,Fungi,,,,,none,Unidentified,0
A15_160838,Streptophyta,Viridiplantae,TG(O-61:18),TG,TG,Glycerolipids,LipidSearch,Bronze,3
A15_112948,Streptophyta,Viridiplantae,,Terpenoid,Terpenoid,Prenol lipids,MS2_diagnostic,Bronze,2
A15_156573,Streptophyta,Viridiplantae,PA(16:0_18:3),PA,PA,Glycerophospholipids,LipidSearch,Gold,4
A15_212951,Streptophyta,Viridiplantae,TG(16:3_18:3_18:3),TG,TG,Glycerolipids,LipidSearch,Gold,4
A15_128188,Bacillota,Bacteria,,,,,none,Unidentified,0
A15_127060,Streptophyta,Viridiplantae,,,,,none,Unidentified,0
A15_66054,Basidiomycota,Fungi,,,,,none,Unidentified,0
A15_135969,Actinomycetota,Bacteria,DG(O-5:0_24:0),DG,DG,Glycerolipids,LipidSearch,Bronze,3
A15_127961,Basidiomycota,Fungi,TG(18:0_18:1)+O:(s),TG,TG,Glycerolipids,LipidSearch,Bronze,3
A15_84228,Ascomycota,Fungi,,,,,none,Unidentified,0
A15_85869,Streptophyta,Viridiplantae,,PC/SM,PC/SM,Glycerophospholipids|Sphingolipids,MS2_diagnostic,Bronze,2
A15_166565,Actinomycetota,Bacteria,DGDG(16:0_16:0),DGDG,DGDG,Glycerolipids,LipidSearch,Gold,4
A15_162693,Actinomycetota,Bacteria,DGDG(15:0_17:0),DGDG,DGDG,Glycerolipids,LipidSearch,Gold,4
A15_130372,Streptophyta,Viridiplantae,TG(19:1_15:2),TG,TG,Glycerolipids,LipidSearch,Gold,4
A15_134258,Streptophyta,Viridiplantae,,Terpenoid,Terpenoid,Prenol lipids,MS2_diagnostic,Bronze,2
A15_34197,Methanobacteriota,Archaea,,,,,none,Unidentified,0
A15_94282,Streptophyta,Viridiplantae,TG(2:0_16:0_16:3)+O:(s),TG,TG,Glycerolipids,LipidSearch,Gold,4
A15_185017,Pseudomonadota,Bacteria,,,,,none,Unidentified,0
A15_28073,Streptophyta,Viridiplantae,,PC/SM,PC/SM,Glycerophospholipids|Sphingolipids,MS2_diagnostic,Bronze,2
A15_203309,Streptophyta,Viridiplantae,,,,,none,Unidentified,0
A15_11792,Streptophyta,Viridiplantae,,Terpenoid,Terpenoid,Prenol lipids,MS2_diagnostic,Bronze,2
A15_42995,Bacillota,Bacteria,,,,,none,Unidentified,0
A15_44265,Bacillota,Bacteria,,,,,none,Unidentified,0
A15_201022,Streptophyta,Viridiplantae,TG(44:11_18:3)+OO:(s),TG,TG,Glycerolipids,LipidSearch,Bronze,3
A15_168006,Streptophyta,Viridiplantae,,,,,none,Unidentified,0
A15_181152,Streptophyta,Viridiplantae,PA(16:0_18:1),PA,PA,Glycerophospholipids,LipidSearch,Gold,4
A15_181569,Streptophyta,Viridiplantae,Cer(d16:0_21:1)+O:(s),Cer,Cer,Sphingolipids,LipidSearch,Bronze,3
A15_119271,Streptophyta,Viridiplantae,DG(18:2_18:4),DG,DG,Glycerolipids,LipidSearch,Gold,4
A15_173771,Streptophyta,Viridiplantae,,PC/SM,PC/SM,Glycerophospholipids|Sphingolipids,MS2_diagnostic,Bronze,2
A15_18551,Basidiomycota,Fungi,,,,,none,Unidentified,0
A15_134769,Streptophyta,Viridiplantae,,,,,none,Unidentified,0
A15_117054,Streptophyta,Viridiplantae,,,,,none,Unidentified,0
A15_70474,Streptophyta,Viridiplantae,,PC/SM,PC/SM,Glycerophospholipids|Sphingolipids,MS2_diagnostic,Bronze,2
A15_30301,Streptophyta,Viridiplantae,,Terpenoid,Terpenoid,Prenol lipids,MS2_diagnostic,Bronze,2
A15_122796,Streptophyta,Viridiplantae,,,,,none,Unidentified,0
A15_117482,Streptophyta,Viridiplantae,,Terpenoid,Terpenoid,Prenol lipids,MS2_diagnostic,Bronze,2
A15_183104,Pseudomonadota,Bacteria,PA(16:0_18:1),PA,PA,Glycerophospholipids,LipidSearch,Gold,4
A15_5040,Streptophyta,Viridiplantae,DG(6:0_10:0),DG,DG,Glycerolipids,LipidSearch,Gold,4
A15_142402,Streptophyta,Viridiplantae,,,,,none,Unidentified,0
A15_171060,Streptophyta,Viridiplantae,,Terpenoid,Terpenoid,Prenol lipids,MS2_diagnostic,Bronze,2
A15_127504,Streptophyta,Viridiplantae,,PC/SM,PC/SM,Glycerophospholipids|Sphingolipids,MS2_diagnostic,Bronze,2
A15_97449,Streptophyta,Viridiplantae,,PC/SM,PC/SM,Glycerophospholipids|Sphingolipids,MS2_diagnostic,Bronze,2
A15_105926,Streptophyta,Viridiplantae,TG(18:2_16:1)+O:(s),TG,TG,Glycerolipids,LipidSearch,Gold,4
A15_91669,Streptophyta,Viridiplantae,,PC/SM,PC/SM,Glycerophospholipids|Sphingolipids,MS2_diagnostic,Bronze,2
A15_139482,Streptophyta,Viridiplantae,,Terpenoid,Terpenoid,Prenol lipids,MS2_diagnostic,Bronze,2
A15_111028,Streptophyta,Viridiplantae,DG(16:0_18:3),DG,DG,Glycerolipids,LipidSearch,Gold,4
A15_104888,Streptophyta,Viridiplantae,TG(17:2_16:0)+OO:(s),TG,TG,Glycerolipids,LipidSearch,Bronze,3
A15_60203,Ascomycota,Fungi,MG(O-25:8),MG,MG,Glycerolipids,LipidSearch,Bronze,3
A15_134767,Streptophyta,Viridiplantae,,,,,none,Unidentified,0
A15_178991,Streptophyta,Viridiplantae,MGDG(16:0_18:1),MGDG,MGDG,Glycerolipids,LipidSearch,Bronze,3
A15_61102,Streptophyta,Viridiplantae,,Terpenoid,Terpenoid,Prenol lipids,MS2_diagnostic,Bronze,2
A15_4649,Streptophyta,Viridiplantae,,Terpenoid,Terpenoid,Prenol lipids,MS2_diagnostic,Bronze,2
A15_130952,Actinomycetota,Bacteria,PC(40:9),PC,PC,Glycerophospholipids,LipidSearch,Bronze,3
A15_128946,Actinomycetota,Bacteria,PC(40:9),PC,PC,Glycerophospholipids,LipidSearch,Bronze,3
A15_136650,Basidiomycota,Fungi,,,,,none,Unidentified,0
A15_219356,Streptophyta,Viridiplantae,ChE(18:4),ChE,CE,Sterol lipids,LipidSearch,Gold,4
A15_189142,Ascomycota,Fungi,,,,,none,Unidentified,0
A15_136672,Ascomycota,Fungi,,,,,none,Unidentified,0
A15_139756,Ascomycota,Fungi,TG(23:3_15:2),TG,TG,Glycerolipids,LipidSearch,Gold,4
A15_167691,Mucoromycota,Fungi,DG(P-15:2_18:1),DG,DG,Glycerolipids,LipidSearch,Bronze,3
A15_691,Streptophyta,Viridiplantae,,,,,none,Unidentified,0
A15_161251,Streptophyta,Viridiplantae,,,,,none,Unidentified,0
A15_10844,Streptophyta,Viridiplantae,,Terpenoid,Terpenoid,Prenol lipids,MS2_diagnostic,Bronze,2
A15_161914,Pseudomonadota,Bacteria,MGDG(16:3_18:3),MGDG,MGDG,Glycerolipids,LipidSearch,Bronze,3
A15_187126,Basidiomycota,Fungi,,,,,none,Unidentified,0
A15_63243,Streptophyta,Viridiplantae,,PC/SM,PC/SM,Glycerophospholipids|Sphingolipids,MS2_diagnostic,Bronze,2
A15_548,Streptophyta,Viridiplantae,,,,,none,Unidentified,0
A15_146148,Streptophyta,Viridiplantae,,Terpenoid,Terpenoid,Prenol lipids,MS2_diagnostic,Bronze,2
A15_43453,Streptophyta,Viridiplantae,,PC/SM,PC/SM,Glycerophospholipids|Sphingolipids,MS2_diagnostic,Bronze,2
A15_47115,Streptophyta,Viridiplantae,,PC/SM,PC/SM,Glycerophospholipids|Sphingolipids,MS2_diagnostic,Bronze,2
A15_40260,Streptophyta,Viridiplantae,,PC/SM,PC/SM,Glycerophospholipids|Sphingolipids,MS2_diagnostic,Bronze,2
A15_196942,Ascomycota,Fungi,DG(O-15:1_19:2),DG,DG,Glycerolipids,LipidSearch,Bronze,3
A15_195704,Ascomycota,Fungi,DG(O-15:1_19:2),DG,DG,Glycerolipids,LipidSearch,Bronze,3
A15_96195,Streptophyta,Viridiplantae,,Sterol,Sterol,Sterol lipids,MS2_diagnostic,Bronze,2
A15_101972,Basidiomycota,Fungi,PG(O-17:2_21:4),PG,PG,Glycerophospholipids,LipidSearch,Bronze,3
A15_197224,Bacillota,Bacteria,,,,,none,Unidentified,0
A15_37324,Streptophyta,Viridiplantae,,Terpenoid,Terpenoid,Prenol lipids,MS2_diagnostic,Bronze,2
A15_40906,Basidiomycota,Fungi,,,,,none,Unidentified,0
A15_42150,Basidiomycota,Fungi,,,,,none,Unidentified,0
A15_83745,Streptophyta,Viridiplantae,TG(18:3_18:1)+OO:(s),TG,TG,Glycerolipids,LipidSearch,Gold,4
A15_18837,Streptophyta,Viridiplantae,,PC/SM,PC/SM,Glycerophospholipids|Sphingolipids,MS2_diagnostic,Bronze,2
A15_18687,Streptophyta,Viridiplantae,,,,,none,Unidentified,0
A15_197119,Streptophyta,Viridiplantae,TG(25:1_16:0)+OO:(s),TG,TG,Glycerolipids,LipidSearch,Gold,4
A15_127500,Streptophyta,Viridiplantae,,SM,SM,Sphingolipids,MS2_diagnostic,Bronze,2
A15_62993,Streptophyta,Viridiplantae,,,,,none,Unidentified,0
A15_56302,Streptophyta,Viridiplantae,,PC/SM,PC/SM,Glycerophospholipids|Sphingolipids,MS2_diagnostic,Bronze,2
A15_103101,Streptophyta,Viridiplantae,,,,,none,Unidentified,0
A15_119443,Heterolobosea,Protists,PC(26:0),PC,PC,Glycerophospholipids,LipidSearch,Bronze,3
A15_114901,Heterolobosea,Protists,,PE,PE,Glycerophospholipids,MS2_diagnostic,Bronze,2
A15_51705,Streptophyta,Viridiplantae,,,,,none,Unidentified,0
A15_2237,Streptophyta,Viridiplantae,,Ubiquinone,Ubiquinone,Prenol lipids,MS2_diagnostic,Bronze,2
A15_51446,Basidiomycota,Fungi,DG(P-25:6),DG,DG,Glycerolipids,LipidSearch,Bronze,3
A15_116400,Streptophyta,Viridiplantae,,PC/SM,PC/SM,Glycerophospholipids|Sphingolipids,MS2_diagnostic,Bronze,2
A15_126256,Streptophyta,Viridiplantae,DG(18:4_19:4),DG,DG,Glycerolipids,LipidSearch,Gold,4
A15_34439,Basidiomycota,Fungi,DG(23:6_2:0),DG,DG,Glycerolipids,LipidSearch,Bronze,3
A15_35230,Basidiomycota,Fungi,DG(23:6_2:0),DG,DG,Glycerolipids,LipidSearch,Bronze,3
A15_79124,Streptophyta,Viridiplantae,,Terpenoid,Terpenoid,Prenol lipids,MS2_diagnostic,Bronze,2
A15_102684,Streptophyta,Viridiplantae,PG(O-16:1_20:4),PG,PG,Glycerophospholipids,LipidSearch,Bronze,3
A15_70459,Streptophyta,Viridiplantae,,Terpenoid,Terpenoid,Prenol lipids,MS2_diagnostic,Bronze,2
A15_165689,Streptophyta,Viridiplantae,PI(18:0_20:4),PI,PI,Glycerophospholipids,LipidSearch,Gold,4
A15_115752,Streptophyta,Viridiplantae,,PC/SM,PC/SM,Glycerophospholipids|Sphingolipids,MS2_diagnostic,Bronze,2
A15_208984,Bacillota,Bacteria,,,,,none,Unidentified,0
A15_85789,Streptophyta,Viridiplantae,,PC/SM,PC/SM,Glycerophospholipids|Sphingolipids,MS2_diagnostic,Bronze,2
A15_48662,Streptophyta,Viridiplantae,,,,,none,Unidentified,0
A15_167472,Streptophyta,Viridiplantae,,,,,none,Unidentified,0
A15_213330,Streptophyta,Viridiplantae,TG(36:4_16:0)+OO:(s),TG,TG,Glycerolipids,LipidSearch,Gold,4
A15_15872,Streptophyta,Viridiplantae,,,,,none,Unidentified,0
A15_192559,Pseudomonadota,Bacteria,MePC(33:2),MePC,MePC,Glycerophospholipids,LipidSearch,Bronze,3
A15_63572,Streptophyta,Viridiplantae,,,,,none,Unidentified,0
A15_203497,Actinomycetota,Bacteria,,,,,none,Unidentified,0
A15_206289,Actinomycetota,Bacteria,,,,,none,Unidentified,0
A15_166760,Streptophyta,Viridiplantae,,Sterol,Sterol,Sterol lipids,MS2_diagnostic,Bronze,2
A15_58582,Streptophyta,Viridiplantae,,,,,none,Unidentified,0
A15_170868,Actinomycetota,Bacteria,PC(O-36:4),PC,PC,Glycerophospholipids,LipidSearch,Bronze,3
A15_172435,Actinomycetota,Bacteria,PC(O-36:4),PC,PC,Glycerophospholipids,LipidSearch,Bronze,3
A15_149194,Streptophyta,Viridiplantae,,Terpenoid,Terpenoid,Prenol lipids,MS2_diagnostic,Bronze,2
A15_175392,Pseudomonadota,Bacteria,,,,,none,Unidentified,0
A15_172696,Streptophyta,Viridiplantae,,Sterol,Sterol,Sterol lipids,MS2_diagnostic,Bronze,2
A15_202935,Bacillota,Bacteria,,,,,none,Unidentified,0
A15_59688,Streptophyta,Viridiplantae,,Terpenoid,Terpenoid,Prenol lipids,MS2_diagnostic,Bronze,2
A15_111385,Streptophyta,Viridiplantae,PC(34:3),PC,PC,Glycerophospholipids,LipidSearch,Bronze,3
A15_151072,Actinomycetota,Bacteria,DG(P-15:2_18:0),DG,DG,Glycerolipids,LipidSearch,Bronze,3
A15_33679,Streptophyta,Viridiplantae,,,,,none,Unidentified,0
A15_125449,Ascomycota,Fungi,PG(16:1_18:4),PG,PG,Glycerophospholipids,LipidSearch,Gold,4
A15_183174,Streptophyta,Viridiplantae,WE(O-24:3_18:2),WE,WE,Fatty acyls,LipidSearch,Bronze,3
A15_46794,Basidiomycota,Fungi,WE(O-26:4),WE,WE,Fatty acyls,LipidSearch,Bronze,3
A15_119316,Streptophyta,Viridiplantae,DGDG(18:3_18:3),DGDG,DGDG,Glycerolipids,LipidSearch,Gold,4
A15_41482,Pseudomonadota,Bacteria,LPE(19:1),LPE,LPE,Glycerophospholipids,LipidSearch,Gold,4
A15_43635,Pseudomonadota,Bacteria,LPE(19:1),LPE,LPE,Glycerophospholipids,LipidSearch,Gold,4
A15_138179,Streptophyta,Viridiplantae,,,,,none,Unidentified,0
A15_193356,Streptophyta,Viridiplantae,,,,,none,Unidentified,0
A15_61892,Streptophyta,Viridiplantae,,PC/SM,PC/SM,Glycerophospholipids|Sphingolipids,MS2_diagnostic,Bronze,2
A15_69899,Basidiomycota,Fungi,,,,,none,Unidentified,0
A15_67872,Basidiomycota,Fungi,,,,,none,Unidentified,0
A15_56498,Streptophyta,Viridiplantae,,,,,none,Unidentified,0
A15_136606,Streptophyta,Viridiplantae,,,,,none,Unidentified,0
A15_114873,Streptophyta,Viridiplantae,TG(37:5)+O:(s),TG,TG,Glycerolipids,LipidSearch,Bronze,3
A15_168411,Streptophyta,Viridiplantae,PC(35:2),PC,PC,Glycerophospholipids,LipidSearch,Bronze,3
A15_100787,Streptophyta,Viridiplantae,PC(35:5),PC,PC,Glycerophospholipids,LipidSearch,Bronze,3
A15_54199,Streptophyta,Viridiplantae,,Terpenoid,Terpenoid,Prenol lipids,MS2_diagnostic,Bronze,2
A15_201232,Streptophyta,Viridiplantae,,Hopanoid,Hopanoid,Prenol lipids,MS2_diagnostic,Bronze,2
A15_24015,Basidiomycota,Fungi,,,,,none,Unidentified,0
A15_21255,Basidiomycota,Fungi,LPC(17:2),LPC,LPC,Glycerophospholipids,LipidSearch,Bronze,3
A15_137341,Bacillota,Bacteria,,,,,none,Unidentified,0
A15_28336,Streptophyta,Viridiplantae,,,,,none,Unidentified,0
A15_30681,Streptophyta,Viridiplantae,,PC/SM,PC/SM,Glycerophospholipids|Sphingolipids,MS2_diagnostic,Bronze,2
A15_76038,Streptophyta,Viridiplantae,TG(P-7:0_25:6),TG,TG,Glycerolipids,LipidSearch,Bronze,3
A15_163948,Streptophyta,Viridiplantae,,,,,none,Unidentified,0
A15_190831,Streptophyta,Viridiplantae,,,,,none,Unidentified,0
A15_113511,Streptophyta,Viridiplantae,,,,,none,Unidentified,0
A15_12165,Methanobacteriota,Archaea,TG(23:1)+O:(s),TG,TG,Glycerolipids,LipidSearch,Bronze,3
A15_91508,Streptophyta,Viridiplantae,TG(17:2_20:6),TG,TG,Glycerolipids,LipidSearch,Bronze,3
A15_165100,Streptophyta,Viridiplantae,TG(14:0_18:4_20:4)+OO:(s),TG,TG,Glycerolipids,LipidSearch,Bronze,3
A15_61168,Streptophyta,Viridiplantae,DG(P-5:0_21:6),DG,DG,Glycerolipids,LipidSearch,Gold,4
A15_22479,Methanobacteriota,Archaea,,,,,none,Unidentified,0
A15_95518,Streptophyta,Viridiplantae,,,,,none,Unidentified,0
A15_167256,Streptophyta,Viridiplantae,,,,,none,Unidentified,0
A15_125815,Streptophyta,Viridiplantae,,,,,none,Unidentified,0
A15_33928,Streptophyta,Viridiplantae,TG(26:2_2:0)+OO:(s),TG,TG,Glycerolipids,LipidSearch,Bronze,3
A15_55611,Streptophyta,Viridiplantae,,PC/SM,PC/SM,Glycerophospholipids|Sphingolipids,MS2_diagnostic,Bronze,2
A15_181631,Pseudomonadota,Bacteria,PE(21:0_15:2),PE,PE,Glycerophospholipids,LipidSearch,Gold,4
A15_185784,Pseudomonadota,Bacteria,PE(18:1_18:1),PE,PE,Glycerophospholipids,LipidSearch,Gold,4
A15_169192,Bacillota,Bacteria,,,,,none,Unidentified,0
A15_162232,Bacillota,Bacteria,,,,,none,Unidentified,0
A15_164737,Bacillota,Bacteria,,,,,none,Unidentified,0
A15_163550,Bacillota,Bacteria,,,,,none,Unidentified,0
A15_21984,Streptophyta,Viridiplantae,,PC/SM,PC/SM,Glycerophospholipids|Sphingolipids,MS2_diagnostic,Bronze,2
A15_66214,Streptophyta,Viridiplantae,,,,,none,Unidentified,0
A15_28602,Streptophyta,Viridiplantae,,,,,none,Unidentified,0
A15_104136,Streptophyta,Viridiplantae,,,,,none,Unidentified,0
A15_84203,Streptophyta,Viridiplantae,PG(17:2_18:2),PG,PG,Glycerophospholipids,LipidSearch,Bronze,3
A15_136773,Streptophyta,Viridiplantae,,,,,none,Unidentified,0
A15_114971,Streptophyta,Viridiplantae,PI(22:7_18:2),PI,PI,Glycerophospholipids,LipidSearch,Gold,4
A15_190897,Streptophyta,Viridiplantae,,Terpenoid,Terpenoid,Prenol lipids,MS2_diagnostic,Bronze,2
A15_155891,Basidiomycota,Fungi,PC(33:2),PC,PC,Glycerophospholipids,LipidSearch,Bronze,3
A15_77338,Streptophyta,Viridiplantae,,Terpenoid,Terpenoid,Prenol lipids,MS2_diagnostic,Bronze,2
A15_3074,Streptophyta,Viridiplantae,,Terpenoid,Terpenoid,Prenol lipids,MS2_diagnostic,Bronze,2
A15_22761,Pseudomonadota,Bacteria,LPE(17:1),LPE,LPE,Glycerophospholipids,LipidSearch,Gold,4
A15_10806,Streptophyta,Viridiplantae,,Terpenoid,Terpenoid,Prenol lipids,MS2_diagnostic,Bronze,2
A15_110525,Streptophyta,Viridiplantae,PI(18:3_18:3),PI,PI,Glycerophospholipids,LipidSearch,Gold,4
A15_124433,Streptophyta,Viridiplantae,,PS,PS,Glycerophospholipids,MS2_diagnostic,Bronze,2
A15_184275,Streptophyta,Viridiplantae,Cer(d18:2_18:1),Cer,Cer,Sphingolipids,LipidSearch,Gold,4
A15_35893,Streptophyta,Viridiplantae,,,,,none,Unidentified,0
A15_156984,Streptophyta,Viridiplantae,DGDG(16:0_16:1),DGDG,DGDG,Glycerolipids,LipidSearch,Gold,4
A15_174496,Streptophyta,Viridiplantae,,,,,none,Unidentified,0
A15_88878,Streptophyta,Viridiplantae,TG(16:2_18:2)+OO:(s),TG,TG,Glycerolipids,LipidSearch,Bronze,3
A15_122279,Streptophyta,Viridiplantae,,PC/SM,PC/SM,Glycerophospholipids|Sphingolipids,MS2_diagnostic,Bronze,2
A15_56999,Streptophyta,Viridiplantae,,,,,none,Unidentified,0
A15_80973,Streptophyta,Viridiplantae,DG(21:5_5:0),DG,DG,Glycerolipids,LipidSearch,Bronze,3
A15_101809,Streptophyta,Viridiplantae,TG(3:0_15:2_18:4),TG,TG,Glycerolipids,LipidSearch,Gold,4
A15_180251,Actinomycetota,Bacteria,DG(O-15:1_18:2),DG,DG,Glycerolipids,LipidSearch,Bronze,3
A15_88932,Streptophyta,Viridiplantae,DG(O-5:0_21:5),DG,DG,Glycerolipids,LipidSearch,Bronze,3
A15_172434,Bacillota,Bacteria,PC(O-36:5),PC,PC,Glycerophospholipids,LipidSearch,Bronze,3
A15_171284,Bacillota,Bacteria,PC(O-36:5),PC,PC,Glycerophospholipids,LipidSearch,Bronze,3
A15_171247,Bacillota,Bacteria,PC(O-18:4_18:1),PC,PC,Glycerophospholipids,LipidSearch,Bronze,3
A15_44714,Streptophyta,Viridiplantae,LPC(P-18:0),LPC,LPC,Glycerophospholipids,LipidSearch,Bronze,3
A15_48208,Streptophyta,Viridiplantae,LPC(P-18:0),LPC,LPC,Glycerophospholipids,LipidSearch,Bronze,3
A15_99297,Streptophyta,Viridiplantae,,Terpenoid,Terpenoid,Prenol lipids,MS2_diagnostic,Bronze,2
A15_32076,Streptophyta,Viridiplantae,DG(O-26:6),DG,DG,Glycerolipids,LipidSearch,Bronze,3
A15_127024,Streptophyta,Viridiplantae,,,,,none,Unidentified,0
A15_201596,Streptophyta,Viridiplantae,,,,,none,Unidentified,0
A15_179919,Streptophyta,Viridiplantae,TG(21:1_20:3)+O:(s),TG,TG,Glycerolipids,LipidSearch,Bronze,3
A15_143805,Streptophyta,Viridiplantae,,PC/SM,PC/SM,Glycerophospholipids|Sphingolipids,MS2_diagnostic,Bronze,2
A15_188979,Pseudomonadota,Bacteria,PA(16:0_18:1),PA,PA,Glycerophospholipids,LipidSearch,Gold,4
A15_215755,Streptophyta,Viridiplantae,,,,,none,Unidentified,0
A15_168341,Streptophyta,Viridiplantae,,PC/SM,PC/SM,Glycerophospholipids|Sphingolipids,MS2_diagnostic,Bronze,2
A15_153079,Streptophyta,Viridiplantae,,Terpenoid,Terpenoid,Prenol lipids,MS2_diagnostic,Bronze,2
A15_167489,Streptophyta,Viridiplantae,,,,,none,Unidentified,0
A15_167042,Streptophyta,Viridiplantae,DG(O-34:6),DG,DG,Glycerolipids,LipidSearch,Bronze,3
A15_80761,Streptophyta,Viridiplantae,,Terpenoid,Terpenoid,Prenol lipids,MS2_diagnostic,Bronze,2
A15_134235,Streptophyta,Viridiplantae,DG(16:0_18:4),DG,DG,Glycerolipids,LipidSearch,Gold,4
A15_138026,Basidiomycota,Fungi,TG(2:0_16:0_18:1)+O:(s),TG,TG,Glycerolipids,LipidSearch,Bronze,3
A15_140194,Basidiomycota,Fungi,TG(36:1)+O:(s),TG,TG,Glycerolipids,LipidSearch,Bronze,3
A15_222527,Streptophyta,Viridiplantae,PI(P-15:2_23:2),PI,PI,Glycerophospholipids,LipidSearch,Bronze,3
A15_57280,Streptophyta,Viridiplantae,,Terpenoid,Terpenoid,Prenol lipids,MS2_diagnostic,Bronze,2
A15_49647,Methanobacteriota,Archaea,,,,,none,Unidentified,0
A15_167572,Streptophyta,Viridiplantae,,PC/SM,PC/SM,Glycerophospholipids|Sphingolipids,MS2_diagnostic,Bronze,2
A15_74589,Bacillota,Bacteria,DG(P-11:0_19:4),DG,DG,Glycerolipids,LipidSearch,Bronze,3
A15_196580,Actinomycetota,Bacteria,TG(27:2_18:1)+OO:(s),TG,TG,Glycerolipids,LipidSearch,Gold,4
A15_95506,Streptophyta,Viridiplantae,TG(3:0_6:0_18:0),TG,TG,Glycerolipids,LipidSearch,Gold,4
A15_190542,Streptophyta,Viridiplantae,,Sterol,Sterol,Sterol lipids,MS2_diagnostic,Bronze,2
A15_135472,Basidiomycota,Fungi,,,,,none,Unidentified,0
A15_201911,Streptophyta,Viridiplantae,TG(17:2_19:0_16:3)+OO:(s),TG,TG,Glycerolipids,LipidSearch,Gold,4
A15_13310,Streptophyta,Viridiplantae,,PC/SM,PC/SM,Glycerophospholipids|Sphingolipids,MS2_diagnostic,Bronze,2
A15_16813,Streptophyta,Viridiplantae,,PC/SM,PC/SM,Glycerophospholipids|Sphingolipids,MS2_diagnostic,Bronze,2
A15_14801,Streptophyta,Viridiplantae,,PC/SM,PC/SM,Glycerophospholipids|Sphingolipids,MS2_diagnostic,Bronze,2
A15_41165,Streptophyta,Viridiplantae,,PC/SM,PC/SM,Glycerophospholipids|Sphingolipids,MS2_diagnostic,Bronze,2
A15_33697,Actinomycetota,Bacteria,,,,,none,Unidentified,0
A15_100079,Streptophyta,Viridiplantae,TG(26:8_13:1),TG,TG,Glycerolipids,LipidSearch,Bronze,3
A15_111883,Streptophyta,Viridiplantae,,,,,none,Unidentified,0
A15_36905,Ascomycota,Fungi,,,,,none,Unidentified,0
A15_89547,Streptophyta,Viridiplantae,,,,,none,Unidentified,0
A15_184937,Streptophyta,Viridiplantae,DG(O-50:14),DG,DG,Glycerolipids,LipidSearch,Bronze,3
A15_109900,Streptophyta,Viridiplantae,DG(O-11:0_18:2),DG,DG,Glycerolipids,LipidSearch,Bronze,3
A15_26171,Methanobacteriota,Archaea,,,,,none,Unidentified,0
A15_23914,Methanobacteriota,Archaea,,,,,none,Unidentified,0
A15_165280,Streptophyta,Viridiplantae,,PC/SM,PC/SM,Glycerophospholipids|Sphingolipids,MS2_diagnostic,Bronze,2
A15_32462,Streptophyta,Viridiplantae,DG(O-26:6),DG,DG,Glycerolipids,LipidSearch,Bronze,3
A15_162425,Streptophyta,Viridiplantae,PEt(15:1_16:2),PEt,PEt,Glycerophospholipids,LipidSearch,Bronze,3
A15_124453,Streptophyta,Viridiplantae,DG(P-7:0_19:3),DG,DG,Glycerolipids,LipidSearch,Gold,4
A15_190081,Streptophyta,Viridiplantae,,,,,none,Unidentified,0
A15_72591,Streptophyta,Viridiplantae,,PC/SM,PC/SM,Glycerophospholipids|Sphingolipids,MS2_diagnostic,Bronze,2
A15_124825,Streptophyta,Viridiplantae,,,,,none,Unidentified,0
A15_79137,Streptophyta,Viridiplantae,,,,,none,Unidentified,0
A15_78947,Basidiomycota,Fungi,,,,,none,Unidentified,0
A15_4285,Methanobacteriota,Archaea,,,,,none,Unidentified,0
A15_130995,Streptophyta,Viridiplantae,DG(P-15:2_21:4),DG,DG,Glycerolipids,LipidSearch,Bronze,3
A15_59586,Streptophyta,Viridiplantae,DG(P-15:2_19:3),DG,DG,Glycerolipids,LipidSearch,Bronze,3
A15_137238,Streptophyta,Viridiplantae,DG(18:1_18:3),DG,DG,Glycerolipids,LipidSearch,Gold,4
A15_135987,Streptophyta,Viridiplantae,,,,,none,Unidentified,0
A15_121472,Streptophyta,Viridiplantae,,,,,none,Unidentified,0
A15_111469,Streptophyta,Viridiplantae,,,,,none,Unidentified,0
A15_655,Streptophyta,Viridiplantae,MGDG(18:2),MGDG,MGDG,Glycerolipids,LipidSearch,Bronze,3
A15_167973,Streptophyta,Viridiplantae,,,,,none,Unidentified,0
A15_218459,Bacillota,Bacteria,,,,,none,Unidentified,0
A15_219917,Bacillota,Bacteria,,,,,none,Unidentified,0
A15_219019,Bacillota,Bacteria,,,,,none,Unidentified,0
A15_179010,Ascomycota,Fungi,TG(8:0_17:1_18:1)+OO:(s),TG,TG,Glycerolipids,LipidSearch,Bronze,3
A15_182997,Ascomycota,Fungi,TG(8:0_17:1_18:1)+OO:(s),TG,TG,Glycerolipids,LipidSearch,Bronze,3
A15_180439,Ascomycota,Fungi,TG(8:0_17:1_18:1)+OO:(s),TG,TG,Glycerolipids,LipidSearch,Bronze,3
A15_936,Streptophyta,Viridiplantae,,,,,none,Unidentified,0
A15_71217,Basidiomycota,Fungi,TG(7:0_18:1),TG,TG,Glycerolipids,LipidSearch,Bronze,3
A15_66423,Basidiomycota,Fungi,TG(27:4),TG,TG,Glycerolipids,LipidSearch,Bronze,3
A15_82264,Streptophyta,Viridiplantae,,PC/SM,PC/SM,Glycerophospholipids|Sphingolipids,MS2_diagnostic,Bronze,2
A15_103015,Streptophyta,Viridiplantae,DG(18:3_18:4),DG,DG,Glycerolipids,LipidSearch,Gold,4
A15_89069,Streptophyta,Viridiplantae,TG(17:2_6:0_8:0),TG,TG,Glycerolipids,LipidSearch,Bronze,3
A15_129484,Bacillota,Bacteria,DG(O-9:0_19:2),DG,DG,Glycerolipids,LipidSearch,Bronze,3
A15_55456,Streptophyta,Viridiplantae,,Terpenoid,Terpenoid,Prenol lipids,MS2_diagnostic,Bronze,2
A15_169130,Streptophyta,Viridiplantae,,PC/SM,PC/SM,Glycerophospholipids|Sphingolipids,MS2_diagnostic,Bronze,2
A15_202176,Streptophyta,Viridiplantae,,Terpenoid,Terpenoid,Prenol lipids,MS2_diagnostic,Bronze,2
A15_105660,Streptophyta,Viridiplantae,PG(18:2_18:2),PG,PG,Glycerophospholipids,LipidSearch,Gold,4
A15_103290,Streptophyta,Viridiplantae,WE(O-26:2),WE,WE,Fatty acyls,LipidSearch,Bronze,3
A15_56643,Streptophyta,Viridiplantae,,PC/SM,PC/SM,Glycerophospholipids|Sphingolipids,MS2_diagnostic,Bronze,2
A15_161912,Streptophyta,Viridiplantae,PG(17:0_15:0),PG,PG,Glycerophospholipids,LipidSearch,Gold,4
A15_122717,Streptophyta,Viridiplantae,PC(38:8),PC,PC,Glycerophospholipids,LipidSearch,Bronze,3
A15_123931,Streptophyta,Viridiplantae,PC(38:8),PC,PC,Glycerophospholipids,LipidSearch,Bronze,3
A15_125333,Streptophyta,Viridiplantae,PC(38:8),PC,PC,Glycerophospholipids,LipidSearch,Bronze,3
A15_121953,Streptophyta,Viridiplantae,PC(38:8),PC,PC,Glycerophospholipids,LipidSearch,Bronze,3
A15_104199,Streptophyta,Viridiplantae,,Terpenoid,Terpenoid,Prenol lipids,MS2_diagnostic,Bronze,2
A15_70503,Bacillota,Bacteria,,,,,none,Unidentified,0
A15_114442,Streptophyta,Viridiplantae,DGDG(16:2_18:3),DGDG,DGDG,Glycerolipids,LipidSearch,Gold,4
A15_156846,Basidiomycota,Fungi,Cer(d16:1_18:1),Cer,Cer,Sphingolipids,LipidSearch,Gold,4
A15_114256,Streptophyta,Viridiplantae,Hex1Cer(d34:2)+2O:(s),Hex1Cer,HexCer,Sphingolipids,LipidSearch,Bronze,3
A15_54580,Mucoromycota,Fungi,,,,,none,Unidentified,0
A15_173856,Streptophyta,Viridiplantae,,PC/SM,PC/SM,Glycerophospholipids|Sphingolipids,MS2_diagnostic,Bronze,2
A15_83808,Streptophyta,Viridiplantae,,,,,none,Unidentified,0
A15_150849,Streptophyta,Viridiplantae,,Terpenoid,Terpenoid,Prenol lipids,MS2_diagnostic,Bronze,2
A15_23807,Streptophyta,Viridiplantae,TG(18:4_4:0_4:0),TG,TG,Glycerolipids,LipidSearch,Bronze,3
A15_45319,Methanobacteriota,Archaea,,,,,none,Unidentified,0
A15_180323,Bacillota,Bacteria,DG(15:0_16:1),DG,DG,Glycerolipids,LipidSearch,Bronze,3
A15_171696,Streptophyta,Viridiplantae,,,,,none,Unidentified,0
A15_215885,Streptophyta,Viridiplantae,,Ubiquinone,Ubiquinone,Prenol lipids,MS2_diagnostic,Bronze,2
A15_30530,Streptophyta,Viridiplantae,,PC/SM,PC/SM,Glycerophospholipids|Sphingolipids,MS2_diagnostic,Bronze,2
A15_125615,Streptophyta,Viridiplantae,,Terpenoid,Terpenoid,Prenol lipids,MS2_diagnostic,Bronze,2
A15_112087,Streptophyta,Viridiplantae,,PC/SM,PC/SM,Glycerophospholipids|Sphingolipids,MS2_diagnostic,Bronze,2
A15_99261,Streptophyta,Viridiplantae,,,,,none,Unidentified,0
A15_31901,Streptophyta,Viridiplantae,,,,,none,Unidentified,0
A15_104771,Streptophyta,Viridiplantae,,,,,none,Unidentified,0
A15_83900,Streptophyta,Viridiplantae,,PC/SM,PC/SM,Glycerophospholipids|Sphingolipids,MS2_diagnostic,Bronze,2
A15_67964,Streptophyta,Viridiplantae,TG(15:0_18:4),TG,TG,Glycerolipids,LipidSearch,Bronze,3
A15_73609,Ascomycota,Fungi,,,,,none,Unidentified,0
A15_220444,Streptophyta,Viridiplantae,PG(14:2_25:1),PG,PG,Glycerophospholipids,LipidSearch,Bronze,3
A15_86057,Streptophyta,Viridiplantae,,,,,none,Unidentified,0
A15_161925,Pseudomonadota,Bacteria,PG(17:1_18:1),PG,PG,Glycerophospholipids,LipidSearch,Gold,4
A15_174612,Actinomycetota,Bacteria,,,,,none,Unidentified,0
A15_208328,Streptophyta,Viridiplantae,PI(22:1_16:3),PI,PI,Glycerophospholipids,LipidSearch,Bronze,3
A15_177901,Actinomycetota,Bacteria,,,,,none,Unidentified,0
A15_80806,Streptophyta,Viridiplantae,PG(18:1_18:3),PG,PG,Glycerophospholipids,LipidSearch,Bronze,3
A15_40256,Basidiomycota,Fungi,DG(P-25:6),DG,DG,Glycerolipids,LipidSearch,Bronze,3
A15_220026,Streptophyta,Viridiplantae,,,,,none,Unidentified,0
A15_139830,Streptophyta,Viridiplantae,TG(18:1_16:0),TG,TG,Glycerolipids,LipidSearch,Gold,4
A15_146618,Basidiomycota,Fungi,,,,,none,Unidentified,0
A15_149250,Streptophyta,Viridiplantae,,,,,none,Unidentified,0
A15_101408,Bacillota,Bacteria,,,,,none,Unidentified,0
A15_102806,Bacillota,Bacteria,,,,,none,Unidentified,0
A15_69077,Basidiomycota,Fungi,,,,,none,Unidentified,0
A15_238,Streptophyta,Viridiplantae,,,,,none,Unidentified,0
A15_10440,Bacillota,Bacteria,,,,,none,Unidentified,0
A15_150011,Streptophyta,Viridiplantae,,Sterol,Sterol,Sterol lipids,MS2_diagnostic,Bronze,2
A15_136269,Streptophyta,Viridiplantae,,Terpenoid,Terpenoid,Prenol lipids,MS2_diagnostic,Bronze,2
A15_49475,Streptophyta,Viridiplantae,PG(P-15:2_12:0),PG,PG,Glycerophospholipids,LipidSearch,Bronze,3
A15_59060,Streptophyta,Viridiplantae,,,,,none,Unidentified,0
A15_131415,Streptophyta,Viridiplantae,DG(18:3_18:1),DG,DG,Glycerolipids,LipidSearch,Bronze,3
A15_160706,Streptophyta,Viridiplantae,PG(15:0_17:0),PG,PG,Glycerophospholipids,LipidSearch,Gold,4
A15_159501,Streptophyta,Viridiplantae,PG(15:0_17:0),PG,PG,Glycerophospholipids,LipidSearch,Gold,4
A15_159002,Streptophyta,Viridiplantae,PG(15:0_17:0),PG,PG,Glycerophospholipids,LipidSearch,Gold,4
A15_102231,Ascomycota,Fungi,,,,,none,Unidentified,0
A15_81109,Streptophyta,Viridiplantae,DG(P-4:0_22:2),DG,DG,Glycerolipids,LipidSearch,Bronze,3
A15_158710,Streptophyta,Viridiplantae,,,,,none,Unidentified,0
A15_128382,Streptophyta,Viridiplantae,,,,,none,Unidentified,0
A15_201734,Streptophyta,Viridiplantae,,Ceramide,Ceramide,Sphingolipids,MS2_diagnostic,Bronze,2
A15_12465,Streptophyta,Viridiplantae,,Terpenoid,Terpenoid,Prenol lipids,MS2_diagnostic,Bronze,2
A15_143474,Streptophyta,Viridiplantae,PC(34:4),PC,PC,Glycerophospholipids,LipidSearch,Bronze,3
A15_169203,Streptophyta,Viridiplantae,PI(18:0_20:4),PI,PI,Glycerophospholipids,LipidSearch,Gold,4
A15_99911,Streptophyta,Viridiplantae,,PC/SM,PC/SM,Glycerophospholipids|Sphingolipids,MS2_diagnostic,Bronze,2
A15_214195,Streptophyta,Viridiplantae,DGDG(8:0_23:0),DGDG,DGDG,Glycerolipids,LipidSearch,Bronze,3
A15_149345,Streptophyta,Viridiplantae,DG(18:3_18:3),DG,DG,Glycerolipids,LipidSearch,Gold,4
A15_1741,Streptophyta,Viridiplantae,TG(18:1),TG,TG,Glycerolipids,LipidSearch,Bronze,3
A15_75342,Streptophyta,Viridiplantae,,PC/SM,PC/SM,Glycerophospholipids|Sphingolipids,MS2_diagnostic,Bronze,2
A15_55534,Ascomycota,Fungi,,,,,none,Unidentified,0
A15_159395,Streptophyta,Viridiplantae,DG(P-15:2_19:0),DG,DG,Glycerolipids,LipidSearch,Bronze,3
A15_54721,Streptophyta,Viridiplantae,,Terpenoid,Terpenoid,Prenol lipids,MS2_diagnostic,Bronze,2
A15_122668,Streptophyta,Viridiplantae,PE(18:2_12:0),PE,PE,Glycerophospholipids,LipidSearch,Gold,4
A15_70522,Bacillota,Bacteria,,,,,none,Unidentified,0
A15_34980,Basidiomycota,Fungi,MG(O-25:8),MG,MG,Glycerolipids,LipidSearch,Bronze,3
A15_86809,Streptophyta,Viridiplantae,TG(45:12),TG,TG,Glycerolipids,LipidSearch,Bronze,3
A15_13476,Streptophyta,Viridiplantae,,Terpenoid,Terpenoid,Prenol lipids,MS2_diagnostic,Bronze,2
A15_38356,Streptophyta,Viridiplantae,,,,,none,Unidentified,0
A15_41425,Streptophyta,Viridiplantae,,,,,none,Unidentified,0
A15_158120,Streptophyta,Viridiplantae,DG(P-15:2_19:1),DG,DG,Glycerolipids,LipidSearch,Bronze,3
A15_111861,Streptophyta,Viridiplantae,DG(18:2_18:4),DG,DG,Glycerolipids,LipidSearch,Gold,4
A15_150930,Basidiomycota,Fungi,TG(20:4_18:1),TG,TG,Glycerolipids,LipidSearch,Bronze,3
A15_154007,Basidiomycota,Fungi,TG(20:4_18:1),TG,TG,Glycerolipids,LipidSearch,Bronze,3
A15_155867,Streptophyta,Viridiplantae,DG(18:3_22:5),DG,DG,Glycerolipids,LipidSearch,Gold,4
A15_160077,Streptophyta,Viridiplantae,,,,,none,Unidentified,0
A15_72601,Streptophyta,Viridiplantae,,,,,none,Unidentified,0
A15_20619,Streptophyta,Viridiplantae,,PC/SM,PC/SM,Glycerophospholipids|Sphingolipids,MS2_diagnostic,Bronze,2
A15_124409,Streptophyta,Viridiplantae,TG(18:0_18:3),TG,TG,Glycerolipids,LipidSearch,Bronze,3
A15_119046,Streptophyta,Viridiplantae,TG(18:2_18:3),TG,TG,Glycerolipids,LipidSearch,Gold,4
A15_162256,Streptophyta,Viridiplantae,,Sterol,Sterol,Sterol lipids,MS2_diagnostic,Bronze,2
A15_102723,Streptophyta,Viridiplantae,,PC/SM,PC/SM,Glycerophospholipids|Sphingolipids,MS2_diagnostic,Bronze,2
A15_209985,Methanobacteriota,Archaea,,,,,none,Unidentified,0
A15_121167,Streptophyta,Viridiplantae,,PC/SM,PC/SM,Glycerophospholipids|Sphingolipids,MS2_diagnostic,Bronze,2
A15_131100,Streptophyta,Viridiplantae,PS(16:0_18:2),PS,PS,Glycerophospholipids,LipidSearch,Gold,4
A15_58913,Streptophyta,Viridiplantae,,Terpenoid,Terpenoid,Prenol lipids,MS2_diagnostic,Bronze,2
A15_125935,Ascomycota,Fungi,DG(O-16:1_22:3),DG,DG,Glycerolipids,LipidSearch,Bronze,3
A15_182811,Streptophyta,Viridiplantae,TG(5:0_18:0_18:2)+O:(s),TG,TG,Glycerolipids,LipidSearch,Gold,4
A15_72392,Basidiomycota,Fungi,,,,,none,Unidentified,0
A15_77417,Basidiomycota,Fungi,,,,,none,Unidentified,0
A15_122195,Streptophyta,Viridiplantae,DG(16:1_18:4),DG,DG,Glycerolipids,LipidSearch,Gold,4
A15_157025,Streptophyta,Viridiplantae,,,,,none,Unidentified,0
A15_125927,Streptophyta,Viridiplantae,,,,,none,Unidentified,0
A15_151556,Actinomycetota,Bacteria,DGDG(14:0_16:0),DGDG,DGDG,Glycerolipids,LipidSearch,Gold,4
A15_47703,Basidiomycota,Fungi,,,,,none,Unidentified,0
A15_199202,Streptophyta,Viridiplantae,,,,,none,Unidentified,0
A15_91964,Streptophyta,Viridiplantae,,,,,none,Unidentified,0
A15_36016,Methanobacteriota,Archaea,,,,,none,Unidentified,0
A15_202493,Streptophyta,Viridiplantae,,,,,none,Unidentified,0
A15_169030,Pseudomonadota,Bacteria,,,,,none,Unidentified,0
A15_78017,Ascomycota,Fungi,,PC/SM,PC/SM,Glycerophospholipids|Sphingolipids,MS2_diagnostic,Bronze,2
A15_103320,Streptophyta,Viridiplantae,,PC/SM,PC/SM,Glycerophospholipids|Sphingolipids,MS2_diagnostic,Bronze,2
A15_148169,Streptophyta,Viridiplantae,,,,,none,Unidentified,0
A15_13361,Streptophyta,Viridiplantae,,PS,PS,Glycerophospholipids,MS2_diagnostic,Bronze,2
A15_186318,Pseudomonadota,Bacteria,PA(16:0_18:1),PA,PA,Glycerophospholipids,LipidSearch,Gold,4
A15_114531,Streptophyta,Viridiplantae,,,,,none,Unidentified,0
A15_35146,Streptophyta,Viridiplantae,,PC/SM,PC/SM,Glycerophospholipids|Sphingolipids,MS2_diagnostic,Bronze,2
A15_162070,Streptophyta,Viridiplantae,PG(15:0_17:0),PG,PG,Glycerophospholipids,LipidSearch,Gold,4
A15_29659,Pseudomonadota,Bacteria,,,,,none,Unidentified,0
A15_198347,Basidiomycota,Fungi,DG(P-18:4_18:0),DG,DG,Glycerolipids,LipidSearch,Bronze,3
A15_157034,Streptophyta,Viridiplantae,DG(15:2_20:1),DG,DG,Glycerolipids,LipidSearch,Bronze,3
A15_48746,Streptophyta,Viridiplantae,,PC/SM,PC/SM,Glycerophospholipids|Sphingolipids,MS2_diagnostic,Bronze,2
A15_46426,Streptophyta,Viridiplantae,,PC/SM,PC/SM,Glycerophospholipids|Sphingolipids,MS2_diagnostic,Bronze,2
A15_61116,Streptophyta,Viridiplantae,,Ubiquinone,Ubiquinone,Prenol lipids,MS2_diagnostic,Bronze,2
A15_105372,Streptophyta,Viridiplantae,DGDG(18:3_18:3),DGDG,DGDG,Glycerolipids,LipidSearch,Bronze,3
A15_88845,Streptophyta,Viridiplantae,TG(16:0_16:0)+O:(s),TG,TG,Glycerolipids,LipidSearch,Bronze,3
A15_60892,Streptophyta,Viridiplantae,DG(P-15:2_19:3),DG,DG,Glycerolipids,LipidSearch,Bronze,3
A15_208615,Streptophyta,Viridiplantae,TG(16:2_18:1_18:1)+OO:(s),TG,TG,Glycerolipids,LipidSearch,Gold,4
A15_132378,Streptophyta,Viridiplantae,PC(35:5),PC,PC,Glycerophospholipids,LipidSearch,Bronze,3
A15_131355,Streptophyta,Viridiplantae,,,,,none,Unidentified,0
A15_52084,Streptophyta,Viridiplantae,,Terpenoid,Terpenoid,Prenol lipids,MS2_diagnostic,Bronze,2
A15_89458,Bacillota,Bacteria,,,,,none,Unidentified,0
A15_86729,Bacillota,Bacteria,,,,,none,Unidentified,0
A15_17731,Streptophyta,Viridiplantae,TG(19:4_4:0_4:0),TG,TG,Glycerolipids,LipidSearch,Bronze,3
A15_215063,Streptophyta,Viridiplantae,TG(18:3_18:3_18:4),TG,TG,Glycerolipids,LipidSearch,Gold,4
A15_55347,Streptophyta,Viridiplantae,DG(P-5:0_21:3),DG,DG,Glycerolipids,LipidSearch,Bronze,3
A15_22854,Methanobacteriota,Archaea,,,,,none,Unidentified,0
A15_21453,Methanobacteriota,Archaea,,,,,none,Unidentified,0
A15_24081,Methanobacteriota,Archaea,,,,,none,Unidentified,0
A15_27042,Methanobacteriota,Archaea,,,,,none,Unidentified,0
A15_7540,Actinomycetota,Bacteria,,,,,none,Unidentified,0
A15_52662,Streptophyta,Viridiplantae,,PC/SM,PC/SM,Glycerophospholipids|Sphingolipids,MS2_diagnostic,Bronze,2
A15_56119,Streptophyta,Viridiplantae,,,,,none,Unidentified,0
A15_14207,Streptophyta,Viridiplantae,,Glycolipid,Glycolipid,Glycerolipids,MS2_diagnostic,Bronze,2
A15_48391,Streptophyta,Viridiplantae,,,,,none,Unidentified,0
A15_112323,Streptophyta,Viridiplantae,PG(O-15:1_21:4),PG,PG,Glycerophospholipids,LipidSearch,Bronze,3
A15_142689,Streptophyta,Viridiplantae,MGDG(18:1_16:3),MGDG,MGDG,Glycerolipids,LipidSearch,Gold,4
A15_209770,Streptophyta,Viridiplantae,,Ubiquinone,Ubiquinone,Prenol lipids,MS2_diagnostic,Bronze,2
A15_7014,Streptophyta,Viridiplantae,,Terpenoid,Terpenoid,Prenol lipids,MS2_diagnostic,Bronze,2
A15_94894,Streptophyta,Viridiplantae,,,,,none,Unidentified,0
A15_203793,Streptophyta,Viridiplantae,,,,,none,Unidentified,0
A15_25474,Streptophyta,Viridiplantae,,,,,none,Unidentified,0
A15_91113,Streptophyta,Viridiplantae,,,,,none,Unidentified,0
A15_159676,Streptophyta,Viridiplantae,DG(16:0_18:4),DG,DG,Glycerolipids,LipidSearch,Gold,4
A15_180229,Streptophyta,Viridiplantae,,Sterol,Sterol,Sterol lipids,MS2_diagnostic,Bronze,2
A15_22147,Streptophyta,Viridiplantae,BisMePA(21:4),BisMePA,BisMePA,Glycerophospholipids,LipidSearch,Bronze,3
A15_95165,Streptophyta,Viridiplantae,,Hopanoid,Hopanoid,Prenol lipids,MS2_diagnostic,Bronze,2
A15_50898,Streptophyta,Viridiplantae,TG(46:11)+OO:(s),TG,TG,Glycerolipids,LipidSearch,Bronze,3
A15_145248,Bacillota,Bacteria,,,,,none,Unidentified,0
A15_80537,Ascomycota,Fungi,PG(O-12:0_22:6),PG,PG,Glycerophospholipids,LipidSearch,Bronze,3
A15_112514,Streptophyta,Viridiplantae,,Terpenoid,Terpenoid,Prenol lipids,MS2_diagnostic,Bronze,2
A15_129767,Bacillota,Bacteria,,,,,none,Unidentified,0
A15_128554,Bacillota,Bacteria,,,,,none,Unidentified,0
A15_175406,Streptophyta,Viridiplantae,TG(11:0_18:3_18:3)+O:(s),TG,TG,Glycerolipids,LipidSearch,Bronze,3
A15_47254,Streptophyta,Viridiplantae,,,,,none,Unidentified,0
A15_71763,Streptophyta,Viridiplantae,,PC/SM,PC/SM,Glycerophospholipids|Sphingolipids,MS2_diagnostic,Bronze,2
A15_158367,Bacillota,Bacteria,,,,,none,Unidentified,0
A15_178429,Streptophyta,Viridiplantae,,Hopanoid,Hopanoid,Prenol lipids,MS2_diagnostic,Bronze,2
A15_81322,Streptophyta,Viridiplantae,,PC/SM,PC/SM,Glycerophospholipids|Sphingolipids,MS2_diagnostic,Bronze,2
A15_78096,Streptophyta,Viridiplantae,,,,,none,Unidentified,0
A15_105162,Streptophyta,Viridiplantae,TG(18:2_18:2)+O:(s),TG,TG,Glycerolipids,LipidSearch,Gold,4
A15_75328,Streptophyta,Viridiplantae,,,,,none,Unidentified,0
A15_91427,Streptophyta,Viridiplantae,,,,,none,Unidentified,0
A15_52866,Streptophyta,Viridiplantae,TG(21:4_17:3)+OO:(s),TG,TG,Glycerolipids,LipidSearch,Bronze,3
A15_185949,Streptophyta,Viridiplantae,,Terpenoid,Terpenoid,Prenol lipids,MS2_diagnostic,Bronze,2
A15_58895,Streptophyta,Viridiplantae,,,,,none,Unidentified,0
A15_124177,Streptophyta,Viridiplantae,,,,,none,Unidentified,0
A15_200702,Streptophyta,Viridiplantae,,Ceramide,Ceramide,Sphingolipids,MS2_diagnostic,Bronze,2
A15_30264,Streptophyta,Viridiplantae,,PC/SM,PC/SM,Glycerophospholipids|Sphingolipids,MS2_diagnostic,Bronze,2
A15_176143,Streptophyta,Viridiplantae,MGDG(17:1_22:1),MGDG,MGDG,Glycerolipids,LipidSearch,Gold,4
A15_227936,Bacillota,Bacteria,TG(15:0_15:0_18:1)+D7:(s),TG,TG,Glycerolipids,LipidSearch,Gold,4
A15_228617,Bacillota,Bacteria,TG(15:0_15:0_18:1)+D7:(s),TG,TG,Glycerolipids,LipidSearch,Gold,4
A15_228830,Bacillota,Bacteria,TG(15:0_15:0_18:1)+D7:(s),TG,TG,Glycerolipids,LipidSearch,Gold,4
A15_228174,Bacillota,Bacteria,TG(15:0_15:0_18:1)+D7:(s),TG,TG,Glycerolipids,LipidSearch,Gold,4
A15_227609,Bacillota,Bacteria,TG(15:0_15:0_18:1)+D7:(s),TG,TG,Glycerolipids,LipidSearch,Gold,4
A15_114462,Streptophyta,Viridiplantae,PC(P-44:14),PC,PC,Glycerophospholipids,LipidSearch,Bronze,3
A15_151042,Streptophyta,Viridiplantae,,,,,none,Unidentified,0
A15_170043,Streptophyta,Viridiplantae,,PC/SM,PC/SM,Glycerophospholipids|Sphingolipids,MS2_diagnostic,Bronze,2
A15_52446,Methanobacteriota,Archaea,,,,,none,Unidentified,0
A15_53725,Methanobacteriota,Archaea,,,,,none,Unidentified,0
A15_209313,Streptophyta,Viridiplantae,,,,,none,Unidentified,0
A15_122697,Streptophyta,Viridiplantae,DG(18:2_18:3),DG,DG,Glycerolipids,LipidSearch,Gold,4
A15_41591,Streptophyta,Viridiplantae,,,,,none,Unidentified,0
A15_115846,Streptophyta,Viridiplantae,,PC/SM,PC/SM,Glycerophospholipids|Sphingolipids,MS2_diagnostic,Bronze,2
A15_126498,Streptophyta,Viridiplantae,,Terpenoid,Terpenoid,Prenol lipids,MS2_diagnostic,Bronze,2
A15_183964,Streptophyta,Viridiplantae,Hex1Cer(d42:2)+2O:(s),Hex1Cer,HexCer,Sphingolipids,LipidSearch,Bronze,3
A15_102700,Streptophyta,Viridiplantae,,PC/SM,PC/SM,Glycerophospholipids|Sphingolipids,MS2_diagnostic,Bronze,2
A15_25951,Methanobacteriota,Archaea,,,,,none,Unidentified,0
A15_26826,Methanobacteriota,Archaea,,,,,none,Unidentified,0
A15_211147,Streptophyta,Viridiplantae,,,,,none,Unidentified,0
A15_218087,Streptophyta,Viridiplantae,,,,,none,Unidentified,0
A15_47597,Streptophyta,Viridiplantae,,,,,none,Unidentified,0
A15_116710,Streptophyta,Viridiplantae,,PC/SM,PC/SM,Glycerophospholipids|Sphingolipids,MS2_diagnostic,Bronze,2
A15_103850,Streptophyta,Viridiplantae,,,,,none,Unidentified,0
A15_14358,Streptophyta,Viridiplantae,,,,,none,Unidentified,0
A15_163020,Streptophyta,Viridiplantae,,DGTS,DGTS,Betaine lipids,MS2_diagnostic,Bronze,2
A15_102160,Streptophyta,Viridiplantae,TG(22:4_18:3)+O:(s),TG,TG,Glycerolipids,LipidSearch,Bronze,3
A15_190826,Streptophyta,Viridiplantae,,,,,none,Unidentified,0
A15_179705,Streptophyta,Viridiplantae,TG(O-15:2_16:1_5:0),TG,TG,Glycerolipids,LipidSearch,Gold,4
A15_70652,Streptophyta,Viridiplantae,,,,,none,Unidentified,0
A15_17406,Pseudomonadota,Bacteria,LPG(17:1),LPG,LPG,Glycerophospholipids,LipidSearch,Bronze,3
A15_63368,Streptophyta,Viridiplantae,TG(8:0_16:0)+O:(s),TG,TG,Glycerolipids,LipidSearch,Gold,4
A15_164175,Ascomycota,Fungi,MePC(34:3),MePC,MePC,Glycerophospholipids,LipidSearch,Bronze,3
A15_15329,Streptophyta,Viridiplantae,TG(16:2_4:0_4:0),TG,TG,Glycerolipids,LipidSearch,Bronze,3
A15_223711,Streptophyta,Viridiplantae,,,,,none,Unidentified,0
A15_123989,Streptophyta,Viridiplantae,PI(18:4_16:0),PI,PI,Glycerophospholipids,LipidSearch,Gold,4
A15_62888,Streptophyta,Viridiplantae,,PE,PE,Glycerophospholipids,MS2_diagnostic,Bronze,2
A15_60128,Basidiomycota,Fungi,MG(P-24:6),MG,MG,Glycerolipids,LipidSearch,Bronze,3
A15_170744,Streptophyta,Viridiplantae,,,,,none,Unidentified,0
A15_81026,Basidiomycota,Fungi,PS(18:1_18:3),PS,PS,Glycerophospholipids,LipidSearch,Gold,4
A15_126704,Streptophyta,Viridiplantae,DG(15:2_16:0),DG,DG,Glycerolipids,LipidSearch,Gold,4
A15_164709,Bacillota,Bacteria,,,,,none,Unidentified,0
A15_78239,Streptophyta,Viridiplantae,,,,,none,Unidentified,0
A15_73769,Streptophyta,Viridiplantae,DG(P-17:3_14:1),DG,DG,Glycerolipids,LipidSearch,Bronze,3
A15_170542,Actinomycetota,Bacteria,,,,,none,Unidentified,0
A15_23608,Streptophyta,Viridiplantae,,SM,SM,Sphingolipids,MS2_diagnostic,Bronze,2
A15_18823,Streptophyta,Viridiplantae,,,,,none,Unidentified,0
A15_99994,Streptophyta,Viridiplantae,,PC/SM,PC/SM,Glycerophospholipids|Sphingolipids,MS2_diagnostic,Bronze,2
A15_94606,Streptophyta,Viridiplantae,,,,,none,Unidentified,0
A15_124994,Streptophyta,Viridiplantae,,,,,none,Unidentified,0
A15_224282,Bacillota,Bacteria,TG(P-23:6_21:1),TG,TG,Glycerolipids,LipidSearch,Bronze,3
A15_95334,Streptophyta,Viridiplantae,PC(34:4),PC,PC,Glycerophospholipids,LipidSearch,Bronze,3
A15_74916,Streptophyta,Viridiplantae,,Terpenoid,Terpenoid,Prenol lipids,MS2_diagnostic,Bronze,2
A15_135613,Streptophyta,Viridiplantae,,,,,none,Unidentified,0
A15_170556,Bacillota,Bacteria,PE(P-16:0_18:2),PE,PE,Glycerophospholipids,LipidSearch,Gold,4
A15_168176,Bacillota,Bacteria,PE(P-16:0_18:2),PE,PE,Glycerophospholipids,LipidSearch,Gold,4
A15_182862,Ascomycota,Fungi,,,,,none,Unidentified,0
A15_181099,Ascomycota,Fungi,,,,,none,Unidentified,0
A15_123407,Streptophyta,Viridiplantae,MGDG(33:3),MGDG,MGDG,Glycerolipids,LipidSearch,Bronze,3
A15_163819,Bacillota,Bacteria,,,,,none,Unidentified,0
A15_81421,Streptophyta,Viridiplantae,,PC/SM,PC/SM,Glycerophospholipids|Sphingolipids,MS2_diagnostic,Bronze,2
A15_2931,Streptophyta,Viridiplantae,,Terpenoid,Terpenoid,Prenol lipids,MS2_diagnostic,Bronze,2
A15_71993,Streptophyta,Viridiplantae,,PC/SM,PC/SM,Glycerophospholipids|Sphingolipids,MS2_diagnostic,Bronze,2
A15_206292,Streptophyta,Viridiplantae,,,,,none,Unidentified,0
A15_158009,Streptophyta,Viridiplantae,MePC(38:5),MePC,MePC,Glycerophospholipids,LipidSearch,Bronze,3
A15_58471,Streptophyta,Viridiplantae,DG(P-15:2_19:3),DG,DG,Glycerolipids,LipidSearch,Bronze,3
A15_98172,Streptophyta,Viridiplantae,DG(29:3),DG,DG,Glycerolipids,LipidSearch,Bronze,3
A15_95899,Streptophyta,Viridiplantae,,Terpenoid,Terpenoid,Prenol lipids,MS2_diagnostic,Bronze,2
A15_46599,Streptophyta,Viridiplantae,,,,,none,Unidentified,0
A15_44359,Basidiomycota,Fungi,,,,,none,Unidentified,0
A15_158696,Pseudomonadota,Bacteria,PE(35:5),PE,PE,Glycerophospholipids,LipidSearch,Bronze,3
A15_152520,Pseudomonadota,Bacteria,PE(20:5_15:0),PE,PE,Glycerophospholipids,LipidSearch,Gold,4
A15_13422,Streptophyta,Viridiplantae,,,,,none,Unidentified,0
A15_215153,Streptophyta,Viridiplantae,,,,,none,Unidentified,0
A15_60020,Streptophyta,Viridiplantae,TG(18:2_16:3)+OO:(s),TG,TG,Glycerolipids,LipidSearch,Bronze,3
A15_62891,Streptophyta,Viridiplantae,TG(18:2_16:3)+OO:(s),TG,TG,Glycerolipids,LipidSearch,Bronze,3
A15_66211,Streptophyta,Viridiplantae,TG(18:2_16:3)+OO:(s),TG,TG,Glycerolipids,LipidSearch,Bronze,3
A15_123980,Streptophyta,Viridiplantae,TG(10:0_6:0_18:0),TG,TG,Glycerolipids,LipidSearch,Bronze,3
A15_32471,Methanobacteriota,Archaea,,,,,none,Unidentified,0
A15_33770,Methanobacteriota,Archaea,,,,,none,Unidentified,0
A15_17448,Streptophyta,Viridiplantae,,Terpenoid,Terpenoid,Prenol lipids,MS2_diagnostic,Bronze,2
A15_3061,Streptophyta,Viridiplantae,PEt(O-5:0_12:1),PEt,PEt,Glycerophospholipids,LipidSearch,Bronze,3
A15_134772,Streptophyta,Viridiplantae,,SM,SM,Sphingolipids,MS2_diagnostic,Bronze,2
A15_203062,Bacillota,Bacteria,,,,,none,Unidentified,0
A15_199954,Bacillota,Bacteria,,,,,none,Unidentified,0
A15_204297,Bacillota,Bacteria,,,,,none,Unidentified,0
A15_201294,Bacillota,Bacteria,,,,,none,Unidentified,0
A15_207543,Bacillota,Bacteria,,,,,none,Unidentified,0
A15_183859,Ascomycota,Fungi,DG(O-18:3_18:1),DG,DG,Glycerolipids,LipidSearch,Bronze,3
A15_218316,Streptophyta,Viridiplantae,ChE(18:4),ChE,CE,Sterol lipids,LipidSearch,Gold,4
A15_169125,Bacillota,Bacteria,TG(2:0_15:2_25:7)+O:(s),TG,TG,Glycerolipids,LipidSearch,Bronze,3
A15_118901,Streptophyta,Viridiplantae,,,,,none,Unidentified,0
A15_102314,Streptophyta,Viridiplantae,,,,,none,Unidentified,0
A15_85610,Streptophyta,Viridiplantae,,,,,none,Unidentified,0
A15_71321,Basidiomycota,Fungi,,,,,none,Unidentified,0
A15_68862,Basidiomycota,Fungi,,,,,none,Unidentified,0
A15_66488,Basidiomycota,Fungi,,,,,none,Unidentified,0
A15_35476,Basidiomycota,Fungi,,,,,none,Unidentified,0
A15_64219,Basidiomycota,Fungi,,,,,none,Unidentified,0
A15_88038,Streptophyta,Viridiplantae,PG(21:2_16:2),PG,PG,Glycerophospholipids,LipidSearch,Bronze,3
A15_123504,Streptophyta,Viridiplantae,PG(P-16:3_19:1),PG,PG,Glycerophospholipids,LipidSearch,Bronze,3
A15_47644,Streptophyta,Viridiplantae,,,,,none,Unidentified,0
A15_71152,Streptophyta,Viridiplantae,TG(9:0_9:0_18:3)+OO:(s),TG,TG,Glycerolipids,LipidSearch,Gold,4
A15_55043,Ascomycota,Fungi,,,,,none,Unidentified,0
A15_117964,Streptophyta,Viridiplantae,PE(20:5_20:5),PE,PE,Glycerophospholipids,LipidSearch,Gold,4
A15_20692,Bacillota,Bacteria,,,,,none,Unidentified,0
A15_211966,Streptophyta,Viridiplantae,,,,,none,Unidentified,0
A15_584,Streptophyta,Viridiplantae,,Ceramide,Ceramide,Sphingolipids,MS2_diagnostic,Bronze,2
A15_4581,Streptophyta,Viridiplantae,,,,,none,Unidentified,0
A15_150917,Streptophyta,Viridiplantae,PI(25:0_16:0),PI,PI,Glycerophospholipids,LipidSearch,Bronze,3
A15_164369,Bacillota,Bacteria,,,,,none,Unidentified,0
A15_155319,Ascomycota,Fungi,Hex1Cer(d36:3),Hex1Cer,HexCer,Sphingolipids,LipidSearch,Bronze,3
A15_198324,Streptophyta,Viridiplantae,DG(O-21:3_18:1),DG,DG,Glycerolipids,LipidSearch,Gold,4
A15_111826,Streptophyta,Viridiplantae,TG(O-17:2_2:0_16:3),TG,TG,Glycerolipids,LipidSearch,Bronze,3
A15_169836,Streptophyta,Viridiplantae,DG(15:0_20:1),DG,DG,Glycerolipids,LipidSearch,Gold,4
A15_92656,Streptophyta,Viridiplantae,TG(18:1_15:2),TG,TG,Glycerolipids,LipidSearch,Bronze,3
A15_185427,Basidiomycota,Fungi,DG(O-24:6_18:1),DG,DG,Glycerolipids,LipidSearch,Bronze,3
A15_163378,Streptophyta,Viridiplantae,PC(37:4),PC,PC,Glycerophospholipids,LipidSearch,Bronze,3
A15_106298,Streptophyta,Viridiplantae,TG(O-5:0_2:0_19:3),TG,TG,Glycerolipids,LipidSearch,Gold,4
A15_181191,Streptophyta,Viridiplantae,DG(16:0_18:3),DG,DG,Glycerolipids,LipidSearch,Gold,4
A15_78215,Streptophyta,Viridiplantae,Hex1Cer(d16:0_15:2),Hex1Cer,HexCer,Sphingolipids,LipidSearch,Bronze,3
A15_29528,Basidiomycota,Fungi,,,,,none,Unidentified,0
A15_156620,Basidiomycota,Fungi,PE(16:0_18:2),PE,PE,Glycerophospholipids,LipidSearch,Gold,4
A15_157719,Basidiomycota,Fungi,PE(16:0_18:2),PE,PE,Glycerophospholipids,LipidSearch,Gold,4
A15_70118,Basidiomycota,Fungi,,,,,none,Unidentified,0
A15_48274,Methanobacteriota,Archaea,,,,,none,Unidentified,0
A15_131623,Streptophyta,Viridiplantae,,,,,none,Unidentified,0
A15_28128,Streptophyta,Viridiplantae,,,,,none,Unidentified,0
A15_180728,Basidiomycota,Fungi,PE(16:0_18:1),PE,PE,Glycerophospholipids,LipidSearch,Gold,4
A15_193402,Streptophyta,Viridiplantae,DGDG(8:0_22:1),DGDG,DGDG,Glycerolipids,LipidSearch,Bronze,3
A15_197663,Streptophyta,Viridiplantae,,Terpenoid,Terpenoid,Prenol lipids,MS2_diagnostic,Bronze,2
A15_74087,Streptophyta,Viridiplantae,DG(26:5),DG,DG,Glycerolipids,LipidSearch,Bronze,3
A15_119302,Streptophyta,Viridiplantae,,,,,none,Unidentified,0
A15_132246,Streptophyta,Viridiplantae,TG(18:2_18:1)+O:(s),TG,TG,Glycerolipids,LipidSearch,Gold,4
A15_24849,Streptophyta,Viridiplantae,,PC/SM,PC/SM,Glycerophospholipids|Sphingolipids,MS2_diagnostic,Bronze,2
A15_114165,Streptophyta,Viridiplantae,DG(18:2_18:4),DG,DG,Glycerolipids,LipidSearch,Gold,4
A15_184500,Bacillota,Bacteria,,,,,none,Unidentified,0
A15_176613,Streptophyta,Viridiplantae,DG(P-22:7_20:1),DG,DG,Glycerolipids,LipidSearch,Gold,4
A15_107730,Streptophyta,Viridiplantae,TG(46:13),TG,TG,Glycerolipids,LipidSearch,Bronze,3
A15_57033,Methanobacteriota,Archaea,,,,,none,Unidentified,0
A15_87856,Streptophyta,Viridiplantae,DG(O-26:5),DG,DG,Glycerolipids,LipidSearch,Bronze,3
A15_174398,Basidiomycota,Fungi,PC(40:6),PC,PC,Glycerophospholipids,LipidSearch,Bronze,3
A15_58190,Streptophyta,Viridiplantae,PG(18:2_18:2),PG,PG,Glycerophospholipids,LipidSearch,Gold,4
A15_87908,Basidiomycota,Fungi,,,,,none,Unidentified,0
A15_90966,Basidiomycota,Fungi,PG(P-18:4_15:1),PG,PG,Glycerophospholipids,LipidSearch,Bronze,3
A15_70585,Streptophyta,Viridiplantae,PG(18:2_18:3),PG,PG,Glycerophospholipids,LipidSearch,Gold,4
A15_104484,Streptophyta,Viridiplantae,,PC/SM,PC/SM,Glycerophospholipids|Sphingolipids,MS2_diagnostic,Bronze,2
A15_45728,Methanobacteriota,Archaea,,,,,none,Unidentified,0
A15_107871,Streptophyta,Viridiplantae,,Terpenoid,Terpenoid,Prenol lipids,MS2_diagnostic,Bronze,2
A15_80312,Streptophyta,Viridiplantae,,Terpenoid,Terpenoid,Prenol lipids,MS2_diagnostic,Bronze,2
A15_45838,Streptophyta,Viridiplantae,TG(29:5_6:0)+O:(s),TG,TG,Glycerolipids,LipidSearch,Bronze,3
A15_33208,Streptophyta,Viridiplantae,,,,,none,Unidentified,0
A15_146247,Streptophyta,Viridiplantae,,,,,none,Unidentified,0
A15_103047,Streptophyta,Viridiplantae,PC(O-45:14),PC,PC,Glycerophospholipids,LipidSearch,Bronze,3
A15_48938,Basidiomycota,Fungi,MG(25:8),MG,MG,Glycerolipids,LipidSearch,Bronze,3
A15_33237,Methanobacteriota,Archaea,LPE(18:1)+D7:(s),LPE,LPE,Glycerophospholipids,LipidSearch,Gold,4
A15_76359,Streptophyta,Viridiplantae,TG(3:0_8:0_18:2),TG,TG,Glycerolipids,LipidSearch,Gold,4
A15_106458,Streptophyta,Viridiplantae,DG(6:0_29:4),DG,DG,Glycerolipids,LipidSearch,Gold,4
A15_128544,Streptophyta,Viridiplantae,,,,,none,Unidentified,0
A15_180314,Bacillota,Bacteria,PC(33:3),PC,PC,Glycerophospholipids,LipidSearch,Bronze,3
A15_177812,Bacillota,Bacteria,BisMePA(36:4),BisMePA,BisMePA,Glycerophospholipids,LipidSearch,Bronze,3
A15_91376,Streptophyta,Viridiplantae,,PC/SM,PC/SM,Glycerophospholipids|Sphingolipids,MS2_diagnostic,Bronze,2
A15_155105,Basidiomycota,Fungi,Cer(d16:1_18:1),Cer,Cer,Sphingolipids,LipidSearch,Gold,4
A15_152526,Basidiomycota,Fungi,Cer(d16:1_18:1),Cer,Cer,Sphingolipids,LipidSearch,Gold,4
A15_89968,Streptophyta,Viridiplantae,,PC/SM,PC/SM,Glycerophospholipids|Sphingolipids,MS2_diagnostic,Bronze,2
A15_84286,Streptophyta,Viridiplantae,,,,,none,Unidentified,0
A15_85990,Streptophyta,Viridiplantae,,,,,none,Unidentified,0
A15_210689,Pseudomonadota,Bacteria,DG(14:0_30:5),DG,DG,Glycerolipids,LipidSearch,Bronze,3
A15_169746,Streptophyta,Viridiplantae,TG(27:2_18:3)+O:(s),TG,TG,Glycerolipids,LipidSearch,Bronze,3
A15_57300,Streptophyta,Viridiplantae,,,,,none,Unidentified,0
A15_174376,Actinomycetota,Bacteria,TG(3:0_16:0_17:3),TG,TG,Glycerolipids,LipidSearch,Bronze,3
A15_176809,Actinomycetota,Bacteria,TG(3:0_16:0_17:3),TG,TG,Glycerolipids,LipidSearch,Bronze,3
A15_142841,Actinomycetota,Bacteria,,,,,none,Unidentified,0
A15_121066,Streptophyta,Viridiplantae,TG(28:5_3:0_6:0),TG,TG,Glycerolipids,LipidSearch,Gold,4
A15_7169,Streptophyta,Viridiplantae,,Terpenoid,Terpenoid,Prenol lipids,MS2_diagnostic,Bronze,2
A15_156525,Streptophyta,Viridiplantae,MGDG(16:0_18:3),MGDG,MGDG,Glycerolipids,LipidSearch,Gold,4
A15_74035,Streptophyta,Viridiplantae,TG(15:0_18:4),TG,TG,Glycerolipids,LipidSearch,Bronze,3
A15_156360,Streptophyta,Viridiplantae,,PC/SM,PC/SM,Glycerophospholipids|Sphingolipids,MS2_diagnostic,Bronze,2
A15_110454,Streptophyta,Viridiplantae,DG(15:2_18:2),DG,DG,Glycerolipids,LipidSearch,Bronze,3
A15_162823,Bacillota,Bacteria,,,,,none,Unidentified,0
A15_161508,Bacillota,Bacteria,,,,,none,Unidentified,0
A15_163867,Bacillota,Bacteria,,,,,none,Unidentified,0
A15_42458,Streptophyta,Viridiplantae,,PC/SM,PC/SM,Glycerophospholipids|Sphingolipids,MS2_diagnostic,Bronze,2
A15_44446,Streptophyta,Viridiplantae,,,,,none,Unidentified,0
A15_116869,Streptophyta,Viridiplantae,,PC/SM,PC/SM,Glycerophospholipids|Sphingolipids,MS2_diagnostic,Bronze,2
A15_175228,Actinomycetota,Bacteria,,,,,none,Unidentified,0
A15_176886,Actinomycetota,Bacteria,,,,,none,Unidentified,0
A15_178392,Actinomycetota,Bacteria,,,,,none,Unidentified,0
A15_173985,Actinomycetota,Bacteria,,,,,none,Unidentified,0
A15_133471,Streptophyta,Viridiplantae,,,,,none,Unidentified,0
A15_30631,Streptophyta,Viridiplantae,TG(18:4_4:0_4:0),TG,TG,Glycerolipids,LipidSearch,Bronze,3
A15_141465,Streptophyta,Viridiplantae,,SM,SM,Sphingolipids,MS2_diagnostic,Bronze,2
A15_159349,Streptophyta,Viridiplantae,PG(16:0_18:1),PG,PG,Glycerophospholipids,LipidSearch,Gold,4
A15_166276,Streptophyta,Viridiplantae,,DGTS,DGTS,Betaine lipids,MS2_diagnostic,Bronze,2
A15_145013,Streptophyta,Viridiplantae,,PC/SM,PC/SM,Glycerophospholipids|Sphingolipids,MS2_diagnostic,Bronze,2
A15_77121,Streptophyta,Viridiplantae,,PC/SM,PC/SM,Glycerophospholipids|Sphingolipids,MS2_diagnostic,Bronze,2
A15_15215,Streptophyta,Viridiplantae,,,,,none,Unidentified,0
A15_45490,Streptophyta,Viridiplantae,,PC/SM,PC/SM,Glycerophospholipids|Sphingolipids,MS2_diagnostic,Bronze,2
A15_173914,Streptophyta,Viridiplantae,TG(18:1_20:0),TG,TG,Glycerolipids,LipidSearch,Gold,4
A15_215195,Streptophyta,Viridiplantae,,,,,none,Unidentified,0
A15_128669,Ascomycota,Fungi,,,,,none,Unidentified,0
A15_53682,Ascomycota,Fungi,WE(O-25:3),WE,WE,Fatty acyls,LipidSearch,Bronze,3
A15_165951,Actinomycetota,Bacteria,PC(37:4),PC,PC,Glycerophospholipids,LipidSearch,Bronze,3
A15_164879,Actinomycetota,Bacteria,PC(37:4),PC,PC,Glycerophospholipids,LipidSearch,Bronze,3
A15_161832,Actinomycetota,Bacteria,PC(37:4),PC,PC,Glycerophospholipids,LipidSearch,Bronze,3
A15_163988,Actinomycetota,Bacteria,PC(37:4),PC,PC,Glycerophospholipids,LipidSearch,Bronze,3
A15_92676,Streptophyta,Viridiplantae,,,,,none,Unidentified,0
A15_168675,Streptophyta,Viridiplantae,DG(15:2_26:8),DG,DG,Glycerolipids,LipidSearch,Bronze,3
A15_111264,Streptophyta,Viridiplantae,TG(18:2_18:3),TG,TG,Glycerolipids,LipidSearch,Gold,4
A15_46232,Streptophyta,Viridiplantae,,PC/SM,PC/SM,Glycerophospholipids|Sphingolipids,MS2_diagnostic,Bronze,2
A15_92244,Streptophyta,Viridiplantae,TG(18:2_16:1)+OO:(s),TG,TG,Glycerolipids,LipidSearch,Bronze,3
A15_66939,Streptophyta,Viridiplantae,,PC/SM,PC/SM,Glycerophospholipids|Sphingolipids,MS2_diagnostic,Bronze,2
A15_63602,Streptophyta,Viridiplantae,,PC/SM,PC/SM,Glycerophospholipids|Sphingolipids,MS2_diagnostic,Bronze,2
A15_104610,Streptophyta,Viridiplantae,,Terpenoid,Terpenoid,Prenol lipids,MS2_diagnostic,Bronze,2
A15_16508,Streptophyta,Viridiplantae,,Terpenoid,Terpenoid,Prenol lipids,MS2_diagnostic,Bronze,2
A15_65377,Streptophyta,Viridiplantae,,PC/SM,PC/SM,Glycerophospholipids|Sphingolipids,MS2_diagnostic,Bronze,2
A15_67825,Streptophyta,Viridiplantae,,PC/SM,PC/SM,Glycerophospholipids|Sphingolipids,MS2_diagnostic,Bronze,2
A15_74966,Actinomycetota,Bacteria,,,,,none,Unidentified,0
A15_71727,Actinomycetota,Bacteria,,,,,none,Unidentified,0
A15_73037,Actinomycetota,Bacteria,,,,,none,Unidentified,0
A15_53357,Streptophyta,Viridiplantae,,PC/SM,PC/SM,Glycerophospholipids|Sphingolipids,MS2_diagnostic,Bronze,2
A15_157242,Bacillota,Bacteria,PG(16:1_16:1),PG,PG,Glycerophospholipids,LipidSearch,Gold,4
A15_39418,Streptophyta,Viridiplantae,DG(15:2_18:4),DG,DG,Glycerolipids,LipidSearch,Bronze,3
A15_13069,Streptophyta,Viridiplantae,LPC(20:4),LPC,LPC,Glycerophospholipids,LipidSearch,Bronze,3
A15_14752,Streptophyta,Viridiplantae,LPC(20:4),LPC,LPC,Glycerophospholipids,LipidSearch,Bronze,3
A15_103099,Streptophyta,Viridiplantae,TG(9:0_18:1),TG,TG,Glycerolipids,LipidSearch,Bronze,3
A15_85129,Streptophyta,Viridiplantae,,PE,PE,Glycerophospholipids,MS2_diagnostic,Bronze,2
A15_130283,Streptophyta,Viridiplantae,MGDG(18:2_16:3),MGDG,MGDG,Glycerolipids,LipidSearch,Bronze,3
A15_77519,Streptophyta,Viridiplantae,TG(21:5_6:0_6:0),TG,TG,Glycerolipids,LipidSearch,Bronze,3
A15_38327,Ascomycota,Fungi,,,,,none,Unidentified,0
A15_212952,Streptophyta,Viridiplantae,Co(Q10),Co,CoQ,Prenol lipids,LipidSearch,Gold,4
A15_164609,Streptophyta,Viridiplantae,,,,,none,Unidentified,0
A15_31401,Streptophyta,Viridiplantae,MG(O-26:8),MG,MG,Glycerolipids,LipidSearch,Bronze,3
A15_74401,Streptophyta,Viridiplantae,TG(50:15)+O:(s),TG,TG,Glycerolipids,LipidSearch,Bronze,3
A15_38652,Streptophyta,Viridiplantae,,,,,none,Unidentified,0
A15_104962,Streptophyta,Viridiplantae,,,,,none,Unidentified,0
A15_183937,Bacillota,Bacteria,,,,,none,Unidentified,0
A15_172304,Basidiomycota,Fungi,TG(O-6:0_12:0_15:2),TG,TG,Glycerolipids,LipidSearch,Bronze,3
A15_225713,Bacillota,Bacteria,,,,,none,Unidentified,0
A15_204941,Streptophyta,Viridiplantae,,Terpenoid,Terpenoid,Prenol lipids,MS2_diagnostic,Bronze,2
A15_114067,Streptophyta,Viridiplantae,,Terpenoid,Terpenoid,Prenol lipids,MS2_diagnostic,Bronze,2
A15_161630,Streptophyta,Viridiplantae,PC(14:0_18:1),PC,PC,Glycerophospholipids,LipidSearch,Bronze,3
A15_160337,Streptophyta,Viridiplantae,PC(14:0_18:1),PC,PC,Glycerophospholipids,LipidSearch,Bronze,3
A15_162345,Streptophyta,Viridiplantae,PC(14:0_18:1),PC,PC,Glycerophospholipids,LipidSearch,Bronze,3
A15_61829,Streptophyta,Viridiplantae,TG(14:0_19:3)+OO:(s),TG,TG,Glycerolipids,LipidSearch,Gold,4
A15_147761,Streptophyta,Viridiplantae,TG(36:4_6:0)+OO:(s),TG,TG,Glycerolipids,LipidSearch,Bronze,3
A15_107584,Streptophyta,Viridiplantae,DG(O-26:5),DG,DG,Glycerolipids,LipidSearch,Bronze,3
A15_112495,Streptophyta,Viridiplantae,DG(16:0_18:3),DG,DG,Glycerolipids,LipidSearch,Gold,4
A15_214303,Streptophyta,Viridiplantae,TG(36:4_16:0)+OO:(s),TG,TG,Glycerolipids,LipidSearch,Gold,4
A15_220225,Streptophyta,Viridiplantae,DG(O-25:5_18:1),DG,DG,Glycerolipids,LipidSearch,Bronze,3
A15_181498,Actinomycetota,Bacteria,,,,,none,Unidentified,0
A15_71889,Streptophyta,Viridiplantae,,Terpenoid,Terpenoid,Prenol lipids,MS2_diagnostic,Bronze,2
A15_28986,Streptophyta,Viridiplantae,WE(O-21:2),WE,WE,Fatty acyls,LipidSearch,Bronze,3
A15_91120,Streptophyta,Viridiplantae,,Terpenoid,Terpenoid,Prenol lipids,MS2_diagnostic,Bronze,2
A15_204308,Streptophyta,Viridiplantae,DG(22:1_16:0),DG,DG,Glycerolipids,LipidSearch,Bronze,3
A15_170763,Streptophyta,Viridiplantae,,PC/SM,PC/SM,Glycerophospholipids|Sphingolipids,MS2_diagnostic,Bronze,2
A15_78748,Streptophyta,Viridiplantae,,Terpenoid,Terpenoid,Prenol lipids,MS2_diagnostic,Bronze,2
A15_135695,Basidiomycota,Fungi,TG(2:0_16:0_18:1)+O:(s),TG,TG,Glycerolipids,LipidSearch,Bronze,3
A15_200809,Bacillota,Bacteria,,,,,none,Unidentified,0
A15_7879,Streptophyta,Viridiplantae,,,,,none,Unidentified,0
A15_52030,Streptophyta,Viridiplantae,PS(23:0_6:0),PS,PS,Glycerophospholipids,LipidSearch,Bronze,3
A15_83192,Streptophyta,Viridiplantae,,PC/SM,PC/SM,Glycerophospholipids|Sphingolipids,MS2_diagnostic,Bronze,2
A15_103059,Streptophyta,Viridiplantae,,PC/SM,PC/SM,Glycerophospholipids|Sphingolipids,MS2_diagnostic,Bronze,2
A15_48195,Methanobacteriota,Archaea,,,,,none,Unidentified,0
A15_124004,Streptophyta,Viridiplantae,PG(36:4),PG,PG,Glycerophospholipids,LipidSearch,Bronze,3
A15_106894,Streptophyta,Viridiplantae,,Terpenoid,Terpenoid,Prenol lipids,MS2_diagnostic,Bronze,2
A15_4005,Streptophyta,Viridiplantae,,Terpenoid,Terpenoid,Prenol lipids,MS2_diagnostic,Bronze,2
A15_28603,Basidiomycota,Fungi,,,,,none,Unidentified,0
A15_152074,Streptophyta,Viridiplantae,,PC/SM,PC/SM,Glycerophospholipids|Sphingolipids,MS2_diagnostic,Bronze,2
A15_147301,Streptophyta,Viridiplantae,,PC/SM,PC/SM,Glycerophospholipids|Sphingolipids,MS2_diagnostic,Bronze,2
A15_104104,Pseudomonadota,Bacteria,,,,,none,Unidentified,0
A15_160457,Streptophyta,Viridiplantae,,Terpenoid,Terpenoid,Prenol lipids,MS2_diagnostic,Bronze,2
A15_130287,Streptophyta,Viridiplantae,,,,,none,Unidentified,0
A15_43018,Bacillota,Bacteria,,,,,none,Unidentified,0
A15_44954,Bacillota,Bacteria,,,,,none,Unidentified,0
A15_1477,Streptophyta,Viridiplantae,,Terpenoid,Terpenoid,Prenol lipids,MS2_diagnostic,Bronze,2
A15_119427,Streptophyta,Viridiplantae,DG(15:1_16:0),DG,DG,Glycerolipids,LipidSearch,Bronze,3
A15_168507,Streptophyta,Viridiplantae,,,,,none,Unidentified,0
A15_40428,Ascomycota,Fungi,,,,,none,Unidentified,0
A15_40643,Streptophyta,Viridiplantae,AcCa(16:0),AcCa,AcCa,Fatty acyls,LipidSearch,Gold,4
A15_131937,Streptophyta,Viridiplantae,CerP(d33:0),CerP,CerP,Sphingolipids,LipidSearch,Bronze,3
A15_23736,Streptophyta,Viridiplantae,,,,,none,Unidentified,0
A15_113244,Streptophyta,Viridiplantae,DGDG(18:3_18:3),DGDG,DGDG,Glycerolipids,LipidSearch,Bronze,3
A15_49026,Streptophyta,Viridiplantae,,,,,none,Unidentified,0
A15_135251,Streptophyta,Viridiplantae,MGDG(20:4_20:5),MGDG,MGDG,Glycerolipids,LipidSearch,Gold,4
A15_229547,Actinomycetota,Bacteria,TG(16:0_16:0_17:0),TG,TG,Glycerolipids,LipidSearch,Gold,4
A15_178702,Methanobacteriota,Archaea,,PC/SM,PC/SM,Glycerophospholipids|Sphingolipids,MS2_diagnostic,Bronze,2
A15_175388,Streptophyta,Viridiplantae,PA(25:0_18:0),PA,PA,Glycerophospholipids,LipidSearch,Bronze,3
A15_62924,Pseudomonadota,Bacteria,PG(P-4:0_23:3),PG,PG,Glycerophospholipids,LipidSearch,Bronze,3
A15_109277,Streptophyta,Viridiplantae,,Terpenoid,Terpenoid,Prenol lipids,MS2_diagnostic,Bronze,2
A15_114672,Streptophyta,Viridiplantae,DG(O-25:7_23:6),DG,DG,Glycerolipids,LipidSearch,Bronze,3
A15_148926,Actinomycetota,Bacteria,PS(33:1)+D7:(s),PS,PS,Glycerophospholipids,LipidSearch,Bronze,3
A15_150916,Actinomycetota,Bacteria,PS(33:1)+D7:(s),PS,PS,Glycerophospholipids,LipidSearch,Bronze,3
A15_42114,Streptophyta,Viridiplantae,,DGTS,DGTS,Betaine lipids,MS2_diagnostic,Bronze,2
A15_50945,Basidiomycota,Fungi,,,,,none,Unidentified,0
A15_178126,Actinomycetota,Bacteria,PI(35:0),PI,PI,Glycerophospholipids,LipidSearch,Bronze,3
A15_179316,Actinomycetota,Bacteria,PI(35:0),PI,PI,Glycerophospholipids,LipidSearch,Bronze,3
A15_176900,Actinomycetota,Bacteria,PI(35:0),PI,PI,Glycerophospholipids,LipidSearch,Bronze,3
A15_166343,Methanobacteriota,Archaea,,,,,none,Unidentified,0
A15_168174,Methanobacteriota,Archaea,,,,,none,Unidentified,0
A15_174786,Basidiomycota,Fungi,DG(15:0_18:2),DG,DG,Glycerolipids,LipidSearch,Gold,4
A15_177523,Basidiomycota,Fungi,DG(15:0_18:2),DG,DG,Glycerolipids,LipidSearch,Gold,4
A15_176245,Basidiomycota,Fungi,DG(15:0_18:2),DG,DG,Glycerolipids,LipidSearch,Gold,4
A15_7602,Streptophyta,Viridiplantae,TG(3:0_6:0_9:0),TG,TG,Glycerolipids,LipidSearch,Gold,4
A15_174001,Streptophyta,Viridiplantae,DG(16:0_18:3),DG,DG,Glycerolipids,LipidSearch,Gold,4
A15_169626,Bacillota,Bacteria,,,,,none,Unidentified,0
A15_162817,Bacillota,Bacteria,,,,,none,Unidentified,0
A15_53986,Streptophyta,Viridiplantae,,,,,none,Unidentified,0
A15_134747,Ascomycota,Fungi,PC(38:4),PC,PC,Glycerophospholipids,LipidSearch,Bronze,3
A15_43254,Bacillota,Bacteria,,,,,none,Unidentified,0
A15_222328,Streptophyta,Viridiplantae,SM(d36:0),SM,SM,Sphingolipids,LipidSearch,Bronze,3
A15_9864,Streptophyta,Viridiplantae,,,,,none,Unidentified,0
A15_171098,Streptophyta,Viridiplantae,,PC/SM,PC/SM,Glycerophospholipids|Sphingolipids,MS2_diagnostic,Bronze,2
A15_30846,Streptophyta,Viridiplantae,MePC(18:2),MePC,MePC,Glycerophospholipids,LipidSearch,Bronze,3
A15_93653,Streptophyta,Viridiplantae,TG(3:0_15:2_16:2),TG,TG,Glycerolipids,LipidSearch,Gold,4
A15_68768,Streptophyta,Viridiplantae,,,,,none,Unidentified,0
A15_65546,Streptophyta,Viridiplantae,,PC/SM,PC/SM,Glycerophospholipids|Sphingolipids,MS2_diagnostic,Bronze,2
A15_72836,Streptophyta,Viridiplantae,TG(25:1),TG,TG,Glycerolipids,LipidSearch,Bronze,3
A15_168833,Streptophyta,Viridiplantae,,PC/SM,PC/SM,Glycerophospholipids|Sphingolipids,MS2_diagnostic,Bronze,2
A15_139788,Bacillota,Bacteria,,,,,none,Unidentified,0
A15_44630,Streptophyta,Viridiplantae,,PC/SM,PC/SM,Glycerophospholipids|Sphingolipids,MS2_diagnostic,Bronze,2
A15_167087,Streptophyta,Viridiplantae,,,,,none,Unidentified,0
A15_164506,Bacillota,Bacteria,,,,,none,Unidentified,0
A15_5271,Streptophyta,Viridiplantae,,Terpenoid,Terpenoid,Prenol lipids,MS2_diagnostic,Bronze,2
A15_39892,Streptophyta,Viridiplantae,,Terpenoid,Terpenoid,Prenol lipids,MS2_diagnostic,Bronze,2
A15_44071,Streptophyta,Viridiplantae,TG(16:0_4:0_4:0),TG,TG,Glycerolipids,LipidSearch,Bronze,3
A15_173711,Streptophyta,Viridiplantae,Cer(d16:1_22:2),Cer,Cer,Sphingolipids,LipidSearch,Gold,4
A15_102352,Streptophyta,Viridiplantae,,PC/SM,PC/SM,Glycerophospholipids|Sphingolipids,MS2_diagnostic,Bronze,2
A15_134281,Streptophyta,Viridiplantae,,PC/SM,PC/SM,Glycerophospholipids|Sphingolipids,MS2_diagnostic,Bronze,2
A15_18771,Streptophyta,Viridiplantae,TG(22:5_2:0_2:0),TG,TG,Glycerolipids,LipidSearch,Bronze,3
A15_107972,Bacillota,Bacteria,,,,,none,Unidentified,0
A15_106482,Bacillota,Bacteria,,,,,none,Unidentified,0
A15_109419,Bacillota,Bacteria,,,,,none,Unidentified,0
A15_114528,Bacillota,Bacteria,,,,,none,Unidentified,0
A15_53775,Streptophyta,Viridiplantae,,,,,none,Unidentified,0
A15_168944,Streptophyta,Viridiplantae,DG(20:1_28:7),DG,DG,Glycerolipids,LipidSearch,Bronze,3
A15_199813,Streptophyta,Viridiplantae,PI(23:4_16:0),PI,PI,Glycerophospholipids,LipidSearch,Bronze,3
A15_108717,Streptophyta,Viridiplantae,,,,,none,Unidentified,0
A15_61530,Methanobacteriota,Archaea,,,,,none,Unidentified,0
A15_45048,Streptophyta,Viridiplantae,,,,,none,Unidentified,0
A15_46171,Streptophyta,Viridiplantae,,,,,none,Unidentified,0
A15_137583,Streptophyta,Viridiplantae,PE(16:2_16:1),PE,PE,Glycerophospholipids,LipidSearch,Gold,4
A15_55255,Ascomycota,Fungi,,,,,none,Unidentified,0
A15_122373,Streptophyta,Viridiplantae,DGDG(20:4_18:3),DGDG,DGDG,Glycerolipids,LipidSearch,Gold,4
A15_1760,Streptophyta,Viridiplantae,,DGTS,DGTS,Betaine lipids,MS2_diagnostic,Bronze,2
A15_175831,Pseudomonadota,Bacteria,BisMePA(35:5),BisMePA,BisMePA,Glycerophospholipids,LipidSearch,Bronze,3
A15_219694,Streptophyta,Viridiplantae,DG(O-25:4_18:4),DG,DG,Glycerolipids,LipidSearch,Bronze,3
A15_98705,Streptophyta,Viridiplantae,PG(18:2_18:2),PG,PG,Glycerophospholipids,LipidSearch,Gold,4
A15_109598,Streptophyta,Viridiplantae,PG(20:3_16:0),PG,PG,Glycerophospholipids,LipidSearch,Bronze,3
A15_173481,Streptophyta,Viridiplantae,TG(43:7_15:2)+OO:(s),TG,TG,Glycerolipids,LipidSearch,Bronze,3
A15_97380,Streptophyta,Viridiplantae,,Terpenoid,Terpenoid,Prenol lipids,MS2_diagnostic,Bronze,2
A15_205378,Streptophyta,Viridiplantae,,Ubiquinone,Ubiquinone,Prenol lipids,MS2_diagnostic,Bronze,2
A15_197339,Pseudomonadota,Bacteria,PE(O-34:1),PE,PE,Glycerophospholipids,LipidSearch,Bronze,3
A15_192528,Pseudomonadota,Bacteria,PE(O-16:0_18:1),PE,PE,Glycerophospholipids,LipidSearch,Gold,4
A15_18743,Streptophyta,Viridiplantae,LPC(20:4),LPC,LPC,Glycerophospholipids,LipidSearch,Bronze,3
A15_150423,Streptophyta,Viridiplantae,,PC/SM,PC/SM,Glycerophospholipids|Sphingolipids,MS2_diagnostic,Bronze,2
A15_119433,Streptophyta,Viridiplantae,MGDG(18:3_18:3),MGDG,MGDG,Glycerolipids,LipidSearch,Gold,4
A15_172999,Streptophyta,Viridiplantae,,Hopanoid,Hopanoid,Prenol lipids,MS2_diagnostic,Bronze,2
A15_114992,Streptophyta,Viridiplantae,TG(5:0_14:0_24:5)+OO:(s),TG,TG,Glycerolipids,LipidSearch,Bronze,3
A15_149454,Streptophyta,Viridiplantae,MGDG(18:2_18:3),MGDG,MGDG,Glycerolipids,LipidSearch,Gold,4
A15_46908,Streptophyta,Viridiplantae,,,,,none,Unidentified,0
A15_127200,Streptophyta,Viridiplantae,,,,,none,Unidentified,0
A15_188562,Actinomycetota,Bacteria,,,,,none,Unidentified,0
A15_83476,Streptophyta,Viridiplantae,,,,,none,Unidentified,0
A15_46365,Streptophyta,Viridiplantae,,,,,none,Unidentified,0
A15_66226,Basidiomycota,Fungi,DG(7:0_18:1),DG,DG,Glycerolipids,LipidSearch,Bronze,3
A15_215582,Streptophyta,Viridiplantae,,,,,none,Unidentified,0
A15_171925,Actinomycetota,Bacteria,,,,,none,Unidentified,0
A15_129287,Streptophyta,Viridiplantae,,,,,none,Unidentified,0
A15_66744,Streptophyta,Viridiplantae,,,,,none,Unidentified,0
A15_80598,Streptophyta,Viridiplantae,PS(13:0_18:2),PS,PS,Glycerophospholipids,LipidSearch,Bronze,3
A15_199390,Streptophyta,Viridiplantae,,,,,none,Unidentified,0
A15_64233,Basidiomycota,Fungi,,,,,none,Unidentified,0
A15_62276,Basidiomycota,Fungi,,,,,none,Unidentified,0
A15_192536,Streptophyta,Viridiplantae,,,,,none,Unidentified,0
A15_221079,Streptophyta,Viridiplantae,,Sterol,Sterol,Sterol lipids,MS2_diagnostic,Bronze,2
A15_115393,Streptophyta,Viridiplantae,,,,,none,Unidentified,0
A15_193195,Streptophyta,Viridiplantae,PG(23:0_21:1),PG,PG,Glycerophospholipids,LipidSearch,Bronze,3
A15_185341,Streptophyta,Viridiplantae,,Sterol,Sterol,Sterol lipids,MS2_diagnostic,Bronze,2
A15_121097,Streptophyta,Viridiplantae,,,,,none,Unidentified,0
A15_112535,Streptophyta,Viridiplantae,TG(17:2_16:0)+O:(s),TG,TG,Glycerolipids,LipidSearch,Gold,4
A15_78744,Streptophyta,Viridiplantae,,,,,none,Unidentified,0
A15_162228,Streptophyta,Viridiplantae,,PC/SM,PC/SM,Glycerophospholipids|Sphingolipids,MS2_diagnostic,Bronze,2
A15_83152,Ascomycota,Fungi,,,,,none,Unidentified,0
A15_188920,Actinomycetota,Bacteria,PE(O-40:5),PE,PE,Glycerophospholipids,LipidSearch,Bronze,3
A15_178921,Streptophyta,Viridiplantae,DG(P-22:7_20:1),DG,DG,Glycerolipids,LipidSearch,Gold,4
A15_101980,Streptophyta,Viridiplantae,,Terpenoid,Terpenoid,Prenol lipids,MS2_diagnostic,Bronze,2
A15_48901,Methanobacteriota,Archaea,LPE(18:1)+D7:(s),LPE,LPE,Glycerophospholipids,LipidSearch,Gold,4
A15_121545,Bacillota,Bacteria,TG(3:0_15:2_18:3)+O:(s),TG,TG,Glycerolipids,LipidSearch,Bronze,3
A15_114147,Streptophyta,Viridiplantae,,PC/SM,PC/SM,Glycerophospholipids|Sphingolipids,MS2_diagnostic,Bronze,2
A15_147421,Streptophyta,Viridiplantae,,,,,none,Unidentified,0
A15_55779,Basidiomycota,Fungi,,,,,none,Unidentified,0
A15_120342,Streptophyta,Viridiplantae,MGDG(18:3_18:4),MGDG,MGDG,Glycerolipids,LipidSearch,Gold,4
A15_81020,Streptophyta,Viridiplantae,,,,,none,Unidentified,0
A15_54921,Basidiomycota,Fungi,,,,,none,Unidentified,0
A15_54169,Basidiomycota,Fungi,,,,,none,Unidentified,0
A15_58539,Streptophyta,Viridiplantae,MG(O-27:7),MG,MG,Glycerolipids,LipidSearch,Bronze,3
A15_23437,Methanobacteriota,Archaea,,,,,none,Unidentified,0
A15_136807,Streptophyta,Viridiplantae,,Terpenoid,Terpenoid,Prenol lipids,MS2_diagnostic,Bronze,2
A15_119603,Streptophyta,Viridiplantae,TG(18:2_16:0)+O:(s),TG,TG,Glycerolipids,LipidSearch,Gold,4
A15_154826,Streptophyta,Viridiplantae,,PC/SM,PC/SM,Glycerophospholipids|Sphingolipids,MS2_diagnostic,Bronze,2
A15_149541,Basidiomycota,Fungi,DG(O-13:0_21:2),DG,DG,Glycerolipids,LipidSearch,Bronze,3
A15_150470,Basidiomycota,Fungi,DG(O-17:3_19:2),DG,DG,Glycerolipids,LipidSearch,Bronze,3
A15_42365,Streptophyta,Viridiplantae,TG(28:4_5:0)+O:(s),TG,TG,Glycerolipids,LipidSearch,Bronze,3
A15_77721,Streptophyta,Viridiplantae,,PC/SM,PC/SM,Glycerophospholipids|Sphingolipids,MS2_diagnostic,Bronze,2
A15_68568,Basidiomycota,Fungi,LPC(P-17:2),LPC,LPC,Glycerophospholipids,LipidSearch,Bronze,3
A15_66127,Basidiomycota,Fungi,LPC(P-17:2),LPC,LPC,Glycerophospholipids,LipidSearch,Bronze,3
A15_129608,Streptophyta,Viridiplantae,,SM,SM,Sphingolipids,MS2_diagnostic,Bronze,2
A15_95549,Streptophyta,Viridiplantae,,Terpenoid,Terpenoid,Prenol lipids,MS2_diagnostic,Bronze,2
A15_92941,Streptophyta,Viridiplantae,TG(3:0_6:0_18:1),TG,TG,Glycerolipids,LipidSearch,Gold,4
A15_126357,Streptophyta,Viridiplantae,TG(9:0_9:0_18:3)+O:(s),TG,TG,Glycerolipids,LipidSearch,Gold,4
A15_71250,Streptophyta,Viridiplantae,TG(18:2_16:3)+OO:(s),TG,TG,Glycerolipids,LipidSearch,Gold,4
A15_69041,Streptophyta,Viridiplantae,TG(18:2_16:3)+OO:(s),TG,TG,Glycerolipids,LipidSearch,Bronze,3
A15_57696,Streptophyta,Viridiplantae,,,,,none,Unidentified,0
A15_168226,Basidiomycota,Fungi,DG(O-18:3_18:1),DG,DG,Glycerolipids,LipidSearch,Bronze,3
A15_140004,Streptophyta,Viridiplantae,DG(17:2_18:1),DG,DG,Glycerolipids,LipidSearch,Bronze,3
A15_106533,Streptophyta,Viridiplantae,,PC/SM,PC/SM,Glycerophospholipids|Sphingolipids,MS2_diagnostic,Bronze,2
A15_1666,Streptophyta,Viridiplantae,,,,,none,Unidentified,0
A15_179362,Ascomycota,Fungi,,,,,none,Unidentified,0
A15_113093,Ascomycota,Fungi,,,,,none,Unidentified,0
A15_53829,Streptophyta,Viridiplantae,DG(5:0_19:2),DG,DG,Glycerolipids,LipidSearch,Bronze,3
A15_135044,Bacillota,Bacteria,PI(O-31:2),PI,PI,Glycerophospholipids,LipidSearch,Bronze,3
A15_76641,Ascomycota,Fungi,,,,,none,Unidentified,0
A15_127837,Streptophyta,Viridiplantae,,,,,none,Unidentified,0
A15_202619,Streptophyta,Viridiplantae,TG(39:6_13:0)+O:(s),TG,TG,Glycerolipids,LipidSearch,Bronze,3
A15_193149,Streptophyta,Viridiplantae,,PC/SM,PC/SM,Glycerophospholipids|Sphingolipids,MS2_diagnostic,Bronze,2
A15_107101,Streptophyta,Viridiplantae,DGDG(18:3_18:4),DGDG,DGDG,Glycerolipids,LipidSearch,Gold,4
A15_115449,Ascomycota,Fungi,,PC/SM,PC/SM,Glycerophospholipids|Sphingolipids,MS2_diagnostic,Bronze,2
A15_5749,Streptophyta,Viridiplantae,,,,,none,Unidentified,0
A15_69660,Streptophyta,Viridiplantae,DG(P-17:3_14:1),DG,DG,Glycerolipids,LipidSearch,Bronze,3
A15_114051,Ascomycota,Fungi,PG(20:2_20:3),PG,PG,Glycerophospholipids,LipidSearch,Bronze,3
A15_115288,Streptophyta,Viridiplantae,TG(38:7),TG,TG,Glycerolipids,LipidSearch,Bronze,3
A15_154603,Pseudomonadota,Bacteria,PG(17:1_17:1),PG,PG,Glycerophospholipids,LipidSearch,Gold,4
A15_109675,Streptophyta,Viridiplantae,DG(O-26:4),DG,DG,Glycerolipids,LipidSearch,Bronze,3
A15_87849,Streptophyta,Viridiplantae,,PC/SM,PC/SM,Glycerophospholipids|Sphingolipids,MS2_diagnostic,Bronze,2
A15_204219,Streptophyta,Viridiplantae,TG(32:5_16:0)+O:(s),TG,TG,Glycerolipids,LipidSearch,Gold,4
A15_83628,Streptophyta,Viridiplantae,,,,,none,Unidentified,0
A15_125692,Streptophyta,Viridiplantae,,,,,none,Unidentified,0
A15_32718,Ascomycota,Fungi,DG(25:6),DG,DG,Glycerolipids,LipidSearch,Bronze,3
A15_175135,Streptophyta,Viridiplantae,,PC/SM,PC/SM,Glycerophospholipids|Sphingolipids,MS2_diagnostic,Bronze,2
A15_111471,Streptophyta,Viridiplantae,,PC/SM,PC/SM,Glycerophospholipids|Sphingolipids,MS2_diagnostic,Bronze,2
A15_8845,Streptophyta,Viridiplantae,TG(21:3_6:0)+OO:(s),TG,TG,Glycerolipids,LipidSearch,Gold,4
A15_219589,Streptophyta,Viridiplantae,WE(O-45:7),WE,WE,Fatty acyls,LipidSearch,Bronze,3
A15_75664,Streptophyta,Viridiplantae,,PC/SM,PC/SM,Glycerophospholipids|Sphingolipids,MS2_diagnostic,Bronze,2
A15_43845,Ascomycota,Fungi,,,,,none,Unidentified,0
A15_105281,Streptophyta,Viridiplantae,TG(16:2_16:1),TG,TG,Glycerolipids,LipidSearch,Bronze,3
A15_145865,Basidiomycota,Fungi,,,,,none,Unidentified,0
A15_203890,Actinomycetota,Bacteria,SM(d40:2),SM,SM,Sphingolipids,LipidSearch,Bronze,3
A15_199946,Actinomycetota,Bacteria,SM(d40:2),SM,SM,Sphingolipids,LipidSearch,Bronze,3
A15_202245,Actinomycetota,Bacteria,SM(d40:2),SM,SM,Sphingolipids,LipidSearch,Bronze,3
A15_134646,Actinomycetota,Bacteria,PC(40:9),PC,PC,Glycerophospholipids,LipidSearch,Bronze,3
A15_173329,Actinomycetota,Bacteria,DG(14:0_18:1),DG,DG,Glycerolipids,LipidSearch,Gold,4
A15_177304,Actinomycetota,Bacteria,MGDG(15:0_18:0),MGDG,MGDG,Glycerolipids,LipidSearch,Gold,4
A15_142276,Streptophyta,Viridiplantae,,Terpenoid,Terpenoid,Prenol lipids,MS2_diagnostic,Bronze,2
A15_163680,Bacillota,Bacteria,PE(20:4_14:0),PE,PE,Glycerophospholipids,LipidSearch,Gold,4
A15_1928,Streptophyta,Viridiplantae,,Terpenoid,Terpenoid,Prenol lipids,MS2_diagnostic,Bronze,2
A15_94254,Streptophyta,Viridiplantae,,,,,none,Unidentified,0
A15_25919,Pseudomonadota,Bacteria,MG(O-17:3),MG,MG,Glycerolipids,LipidSearch,Bronze,3
A15_22112,Pseudomonadota,Bacteria,MG(O-17:3),MG,MG,Glycerolipids,LipidSearch,Bronze,3
A15_23470,Pseudomonadota,Bacteria,MG(O-17:3),MG,MG,Glycerolipids,LipidSearch,Bronze,3
A15_151584,Actinomycetota,Bacteria,DGDG(15:0_17:0),DGDG,DGDG,Glycerolipids,LipidSearch,Gold,4
A15_224563,Bacillota,Bacteria,,,,,none,Unidentified,0
A15_88550,Streptophyta,Viridiplantae,TG(26:1_8:0)+OO:(s),TG,TG,Glycerolipids,LipidSearch,Bronze,3
A15_119301,Streptophyta,Viridiplantae,PG(17:0_16:0),PG,PG,Glycerophospholipids,LipidSearch,Bronze,3
A15_26224,Streptophyta,Viridiplantae,,PC/SM,PC/SM,Glycerophospholipids|Sphingolipids,MS2_diagnostic,Bronze,2
A15_42833,Basidiomycota,Fungi,,,,,none,Unidentified,0
A15_1777,Streptophyta,Viridiplantae,,Terpenoid,Terpenoid,Prenol lipids,MS2_diagnostic,Bronze,2
A15_60620,Streptophyta,Viridiplantae,TG(24:7_6:0_6:0),TG,TG,Glycerolipids,LipidSearch,Gold,4
A15_168215,Streptophyta,Viridiplantae,TG(18:3_18:3_20:4),TG,TG,Glycerolipids,LipidSearch,Gold,4
A15_159417,Actinomycetota,Bacteria,PC(37:4),PC,PC,Glycerophospholipids,LipidSearch,Bronze,3
A15_156890,Actinomycetota,Bacteria,PC(37:4),PC,PC,Glycerophospholipids,LipidSearch,Bronze,3
A15_180889,Actinomycetota,Bacteria,PC(33:0),PC,PC,Glycerophospholipids,LipidSearch,Bronze,3
A15_179719,Actinomycetota,Bacteria,PC(33:0),PC,PC,Glycerophospholipids,LipidSearch,Bronze,3
A15_12043,Actinomycetota,Bacteria,,,,,none,Unidentified,0
A15_21600,Actinomycetota,Bacteria,,,,,none,Unidentified,0
A15_116785,Streptophyta,Viridiplantae,DGDG(15:2_18:2),DGDG,DGDG,Glycerolipids,LipidSearch,Gold,4
A15_69244,Streptophyta,Viridiplantae,,PC/SM,PC/SM,Glycerophospholipids|Sphingolipids,MS2_diagnostic,Bronze,2
A15_97216,Streptophyta,Viridiplantae,,Terpenoid,Terpenoid,Prenol lipids,MS2_diagnostic,Bronze,2
A15_93522,Streptophyta,Viridiplantae,,PC/SM,PC/SM,Glycerophospholipids|Sphingolipids,MS2_diagnostic,Bronze,2
A15_84587,Streptophyta,Viridiplantae,,PE,PE,Glycerophospholipids,MS2_diagnostic,Bronze,2
A15_56708,Streptophyta,Viridiplantae,,,,,none,Unidentified,0
A15_168007,Streptophyta,Viridiplantae,,,,,none,Unidentified,0
A15_29326,Streptophyta,Viridiplantae,TG(9:0_21:6)+O:(s),TG,TG,Glycerolipids,LipidSearch,Bronze,3
A15_71216,Streptophyta,Viridiplantae,,PC/SM,PC/SM,Glycerophospholipids|Sphingolipids,MS2_diagnostic,Bronze,2
A15_178326,Streptophyta,Viridiplantae,DG(18:0_17:1),DG,DG,Glycerolipids,LipidSearch,Gold,4
A15_42189,Mucoromycota,Fungi,LPC(20:2),LPC,LPC,Glycerophospholipids,LipidSearch,Bronze,3
A15_114180,Streptophyta,Viridiplantae,,Terpenoid,Terpenoid,Prenol lipids,MS2_diagnostic,Bronze,2
A15_81407,Streptophyta,Viridiplantae,,Terpenoid,Terpenoid,Prenol lipids,MS2_diagnostic,Bronze,2
A15_147489,Actinomycetota,Bacteria,,,,,none,Unidentified,0
A15_76525,Streptophyta,Viridiplantae,,,,,none,Unidentified,0
A15_20855,Methanobacteriota,Archaea,,,,,none,Unidentified,0
A15_25859,Methanobacteriota,Archaea,,,,,none,Unidentified,0
A15_72444,Basidiomycota,Fungi,,,,,none,Unidentified,0
A15_12032,Basidiomycota,Fungi,,,,,none,Unidentified,0
A15_9993,Basidiomycota,Fungi,,,,,none,Unidentified,0
A15_8087,Basidiomycota,Fungi,,,,,none,Unidentified,0
A15_13782,Basidiomycota,Fungi,,,,,none,Unidentified,0
A15_109084,Basidiomycota,Fungi,,,,,none,Unidentified,0
A15_185989,Streptophyta,Viridiplantae,TG(O-5:0_16:0_16:1),TG,TG,Glycerolipids,LipidSearch,Bronze,3
A15_69817,Ascomycota,Fungi,,PC/SM,PC/SM,Glycerophospholipids|Sphingolipids,MS2_diagnostic,Bronze,2
A15_72435,Ascomycota,Fungi,,PC/SM,PC/SM,Glycerophospholipids|Sphingolipids,MS2_diagnostic,Bronze,2
A15_21139,Streptophyta,Viridiplantae,,PC/SM,PC/SM,Glycerophospholipids|Sphingolipids,MS2_diagnostic,Bronze,2
A15_43696,Streptophyta,Viridiplantae,,,,,none,Unidentified,0
A15_167116,Streptophyta,Viridiplantae,,,,,none,Unidentified,0
A15_71378,Streptophyta,Viridiplantae,,PC/SM,PC/SM,Glycerophospholipids|Sphingolipids,MS2_diagnostic,Bronze,2
A15_218190,Streptophyta,Viridiplantae,TG(18:2_18:3_18:4),TG,TG,Glycerolipids,LipidSearch,Gold,4
A15_103417,Ascomycota,Fungi,DG(6:0_20:0),DG,DG,Glycerolipids,LipidSearch,Bronze,3
A15_5620,Streptophyta,Viridiplantae,,Terpenoid,Terpenoid,Prenol lipids,MS2_diagnostic,Bronze,2
A15_168439,Streptophyta,Viridiplantae,,Sterol,Sterol,Sterol lipids,MS2_diagnostic,Bronze,2
A15_136562,Streptophyta,Viridiplantae,PG(16:1_18:1),PG,PG,Glycerophospholipids,LipidSearch,Gold,4
A15_8374,Basidiomycota,Fungi,,,,,none,Unidentified,0
A15_223358,Streptophyta,Viridiplantae,,PC/SM,PC/SM,Glycerophospholipids|Sphingolipids,MS2_diagnostic,Bronze,2
A15_166893,Bacillota,Bacteria,,,,,none,Unidentified,0
A15_202450,Streptophyta,Viridiplantae,,,,,none,Unidentified,0
A15_42058,Streptophyta,Viridiplantae,,,,,none,Unidentified,0
A15_58588,Streptophyta,Viridiplantae,,,,,none,Unidentified,0
A15_54753,Streptophyta,Viridiplantae,,,,,none,Unidentified,0
A15_52816,Streptophyta,Viridiplantae,,PC/SM,PC/SM,Glycerophospholipids|Sphingolipids,MS2_diagnostic,Bronze,2
A15_208344,Streptophyta,Viridiplantae,TG(34:6_16:0)+O:(s),TG,TG,Glycerolipids,LipidSearch,Bronze,3
A15_1340,Streptophyta,Viridiplantae,,,,,none,Unidentified,0
A15_107732,Streptophyta,Viridiplantae,Hex1Cer(d16:2_20:1),Hex1Cer,HexCer,Sphingolipids,LipidSearch,Bronze,3
A15_106017,Streptophyta,Viridiplantae,TG(2:0_15:2_18:2)+O:(s),TG,TG,Glycerolipids,LipidSearch,Bronze,3
A15_167381,Actinomycetota,Bacteria,DG(O-15:1_20:2),DG,DG,Glycerolipids,LipidSearch,Bronze,3
A15_164913,Actinomycetota,Bacteria,DG(O-15:1_20:2),DG,DG,Glycerolipids,LipidSearch,Bronze,3
A15_146186,Pseudomonadota,Bacteria,,,,,none,Unidentified,0
A15_161045,Streptophyta,Viridiplantae,TG(25:4_18:1)+O:(s),TG,TG,Glycerolipids,LipidSearch,Bronze,3
A15_147762,Basidiomycota,Fungi,PA(18:2_18:2),PA,PA,Glycerophospholipids,LipidSearch,Gold,4
A15_119291,Actinomycetota,Bacteria,,,,,none,Unidentified,0
A15_118043,Actinomycetota,Bacteria,,,,,none,Unidentified,0
A15_147235,Streptophyta,Viridiplantae,,Terpenoid,Terpenoid,Prenol lipids,MS2_diagnostic,Bronze,2
A15_31283,Streptophyta,Viridiplantae,,,,,none,Unidentified,0
A15_105778,Streptophyta,Viridiplantae,DGDG(18:3_18:4),DGDG,DGDG,Glycerolipids,LipidSearch,Bronze,3
A15_147124,Streptophyta,Viridiplantae,DG(18:2_28:7),DG,DG,Glycerolipids,LipidSearch,Gold,4
A15_83897,Streptophyta,Viridiplantae,,PC/SM,PC/SM,Glycerophospholipids|Sphingolipids,MS2_diagnostic,Bronze,2
A15_181644,Streptophyta,Viridiplantae,TG(O-5:0_18:3_11:0),TG,TG,Glycerolipids,LipidSearch,Bronze,3
A15_101815,Bacillota,Bacteria,WE(O-28:3),WE,WE,Fatty acyls,LipidSearch,Bronze,3
A15_140440,Streptophyta,Viridiplantae,,Ceramide,Ceramide,Sphingolipids,MS2_diagnostic,Bronze,2
A15_23740,Streptophyta,Viridiplantae,,,,,none,Unidentified,0
A15_152846,Streptophyta,Viridiplantae,,Terpenoid,Terpenoid,Prenol lipids,MS2_diagnostic,Bronze,2
A15_35097,Basidiomycota,Fungi,MG(P-25:8),MG,MG,Glycerolipids,LipidSearch,Bronze,3
A15_139458,Streptophyta,Viridiplantae,DG(16:0_18:3),DG,DG,Glycerolipids,LipidSearch,Gold,4
A15_18034,Streptophyta,Viridiplantae,,,,,none,Unidentified,0
A15_102203,Streptophyta,Viridiplantae,,Terpenoid,Terpenoid,Prenol lipids,MS2_diagnostic,Bronze,2
A15_185902,Actinomycetota,Bacteria,,,,,none,Unidentified,0
A15_170004,Bacillota,Bacteria,,,,,none,Unidentified,0
A15_58805,Streptophyta,Viridiplantae,TG(3:0_6:0_20:4),TG,TG,Glycerolipids,LipidSearch,Gold,4
A15_115619,Streptophyta,Viridiplantae,,,,,none,Unidentified,0
A15_131413,Bacillota,Bacteria,PE(18:1_18:3),PE,PE,Glycerophospholipids,LipidSearch,Gold,4
A15_101743,Streptophyta,Viridiplantae,TG(16:1_2:0_18:4)+O:(s),TG,TG,Glycerolipids,LipidSearch,Bronze,3
A15_179880,Streptophyta,Viridiplantae,,Terpenoid,Terpenoid,Prenol lipids,MS2_diagnostic,Bronze,2
A15_150260,Basidiomycota,Fungi,Cer(d16:1_18:1),Cer,Cer,Sphingolipids,LipidSearch,Gold,4
A15_73518,Streptophyta,Viridiplantae,,PC/SM,PC/SM,Glycerophospholipids|Sphingolipids,MS2_diagnostic,Bronze,2
A15_165261,Bacillota,Bacteria,,,,,none,Unidentified,0
A15_75230,Streptophyta,Viridiplantae,,PC/SM,PC/SM,Glycerophospholipids|Sphingolipids,MS2_diagnostic,Bronze,2
A15_91942,Streptophyta,Viridiplantae,TG(18:1_18:3)+O:(s),TG,TG,Glycerolipids,LipidSearch,Gold,4
A15_158892,Ascomycota,Fungi,PS(16:0_20:4),PS,PS,Glycerophospholipids,LipidSearch,Gold,4
A15_49424,Streptophyta,Viridiplantae,,Terpenoid,Terpenoid,Prenol lipids,MS2_diagnostic,Bronze,2
A15_52235,Ascomycota,Fungi,,,,,none,Unidentified,0
A15_181538,Methanobacteriota,Archaea,,PC/SM,PC/SM,Glycerophospholipids|Sphingolipids,MS2_diagnostic,Bronze,2
A15_66263,Streptophyta,Viridiplantae,,PC/SM,PC/SM,Glycerophospholipids|Sphingolipids,MS2_diagnostic,Bronze,2
A15_23526,Bacillota,Bacteria,,,,,none,Unidentified,0
A15_24400,Bacillota,Bacteria,,,,,none,Unidentified,0
A15_102771,Streptophyta,Viridiplantae,,,,,none,Unidentified,0
A15_115982,Streptophyta,Viridiplantae,TG(6:0_7:0_23:5),TG,TG,Glycerolipids,LipidSearch,Bronze,3
A15_158052,Streptophyta,Viridiplantae,,PC/SM,PC/SM,Glycerophospholipids|Sphingolipids,MS2_diagnostic,Bronze,2
A15_48153,Streptophyta,Viridiplantae,,,,,none,Unidentified,0
A15_1065,Streptophyta,Viridiplantae,,Terpenoid,Terpenoid,Prenol lipids,MS2_diagnostic,Bronze,2
A15_53607,Streptophyta,Viridiplantae,,PC/SM,PC/SM,Glycerophospholipids|Sphingolipids,MS2_diagnostic,Bronze,2
A15_28359,Bacillota,Bacteria,TG(21:2_4:0)+O:(s),TG,TG,Glycerolipids,LipidSearch,Bronze,3
A15_25857,Bacillota,Bacteria,TG(21:2_4:0)+O:(s),TG,TG,Glycerolipids,LipidSearch,Bronze,3
A15_82025,Streptophyta,Viridiplantae,,,,,none,Unidentified,0
A15_33115,Streptophyta,Viridiplantae,,,,,none,Unidentified,0
A15_189375,Methanobacteriota,Archaea,TG(2:0_18:0_18:0),TG,TG,Glycerolipids,LipidSearch,Bronze,3
A15_115980,Actinomycetota,Bacteria,DG(P-10:0_20:2),DG,DG,Glycerolipids,LipidSearch,Gold,4
A15_112856,Actinomycetota,Bacteria,DG(P-10:0_20:2),DG,DG,Glycerolipids,LipidSearch,Gold,4
A15_84776,Basidiomycota,Fungi,,,,,none,Unidentified,0
A15_83265,Basidiomycota,Fungi,,,,,none,Unidentified,0
A15_115940,Streptophyta,Viridiplantae,TG(18:2_18:1)+O:(s),TG,TG,Glycerolipids,LipidSearch,Gold,4
A15_115900,Streptophyta,Viridiplantae,,PC/SM,PC/SM,Glycerophospholipids|Sphingolipids,MS2_diagnostic,Bronze,2
A15_224834,Bacillota,Bacteria,,,,,none,Unidentified,0
A15_68929,Streptophyta,Viridiplantae,,PC/SM,PC/SM,Glycerophospholipids|Sphingolipids,MS2_diagnostic,Bronze,2
A15_227181,Actinomycetota,Bacteria,TG(14:0_15:0_18:1),TG,TG,Glycerolipids,LipidSearch,Gold,4
A15_227369,Actinomycetota,Bacteria,TG(14:0_15:0_18:1),TG,TG,Glycerolipids,LipidSearch,Gold,4
A15_37378,Methanobacteriota,Archaea,,,,,none,Unidentified,0
A15_46199,Methanobacteriota,Archaea,,,,,none,Unidentified,0
A15_106991,Streptophyta,Viridiplantae,,PC/SM,PC/SM,Glycerophospholipids|Sphingolipids,MS2_diagnostic,Bronze,2
A15_82862,Streptophyta,Viridiplantae,,,,,none,Unidentified,0
A15_103027,Pseudomonadota,Bacteria,,,,,none,Unidentified,0
A15_100578,Streptophyta,Viridiplantae,TG(18:1_18:2)+O:(s),TG,TG,Glycerolipids,LipidSearch,Gold,4
A15_73042,Streptophyta,Viridiplantae,,,,,none,Unidentified,0
A15_99658,Streptophyta,Viridiplantae,TG(9:0_18:0)+O:(s),TG,TG,Glycerolipids,LipidSearch,Gold,4
A15_161746,Streptophyta,Viridiplantae,,,,,none,Unidentified,0
A15_91358,Streptophyta,Viridiplantae,MG(O-24:6),MG,MG,Glycerolipids,LipidSearch,Bronze,3
A15_76253,Ascomycota,Fungi,,,,,none,Unidentified,0
A15_185401,Pseudomonadota,Bacteria,TG(36:2_4:0)+OO:(s),TG,TG,Glycerolipids,LipidSearch,Bronze,3
A15_187982,Pseudomonadota,Bacteria,TG(36:2_4:0)+OO:(s),TG,TG,Glycerolipids,LipidSearch,Bronze,3
A15_181514,Pseudomonadota,Bacteria,TG(36:2_4:0)+OO:(s),TG,TG,Glycerolipids,LipidSearch,Bronze,3
A15_171073,Actinomycetota,Bacteria,DG(31:0),DG,DG,Glycerolipids,LipidSearch,Bronze,3
A15_122238,Streptophyta,Viridiplantae,,Terpenoid,Terpenoid,Prenol lipids,MS2_diagnostic,Bronze,2
A15_123911,Streptophyta,Viridiplantae,,Terpenoid,Terpenoid,Prenol lipids,MS2_diagnostic,Bronze,2
A15_50025,Streptophyta,Viridiplantae,,Terpenoid,Terpenoid,Prenol lipids,MS2_diagnostic,Bronze,2
A15_161867,Streptophyta,Viridiplantae,,Terpenoid,Terpenoid,Prenol lipids,MS2_diagnostic,Bronze,2
A15_107529,Bacillota,Bacteria,TG(8:0_15:2_19:4),TG,TG,Glycerolipids,LipidSearch,Gold,4
A15_105895,Bacillota,Bacteria,TG(8:0_15:2_19:4),TG,TG,Glycerolipids,LipidSearch,Gold,4
A15_108060,Bacillota,Bacteria,TG(8:0_15:2_19:4),TG,TG,Glycerolipids,LipidSearch,Gold,4
A15_32770,Streptophyta,Viridiplantae,,,,,none,Unidentified,0
A15_78382,Streptophyta,Viridiplantae,DG(O-27:7),DG,DG,Glycerolipids,LipidSearch,Bronze,3
A15_56984,Streptophyta,Viridiplantae,,PC/SM,PC/SM,Glycerophospholipids|Sphingolipids,MS2_diagnostic,Bronze,2
A15_190880,Streptophyta,Viridiplantae,,,,,none,Unidentified,0
A15_134107,Streptophyta,Viridiplantae,TG(18:2_18:1)+O:(s),TG,TG,Glycerolipids,LipidSearch,Gold,4
A15_26769,Streptophyta,Viridiplantae,,Terpenoid,Terpenoid,Prenol lipids,MS2_diagnostic,Bronze,2
A15_55328,Streptophyta,Viridiplantae,,,,,none,Unidentified,0
A15_81695,Streptophyta,Viridiplantae,,,,,none,Unidentified,0
A15_122790,Streptophyta,Viridiplantae,,,,,none,Unidentified,0
A15_112634,Streptophyta,Viridiplantae,,PC/SM,PC/SM,Glycerophospholipids|Sphingolipids,MS2_diagnostic,Bronze,2
A15_89614,Streptophyta,Viridiplantae,,PC/SM,PC/SM,Glycerophospholipids|Sphingolipids,MS2_diagnostic,Bronze,2
A15_194005,Streptophyta,Viridiplantae,,PE,PE,Glycerophospholipids,MS2_diagnostic,Bronze,2
A15_212915,Streptophyta,Viridiplantae,,,,,none,Unidentified,0
A15_190640,Streptophyta,Viridiplantae,TG(16:0_18:3_18:3),TG,TG,Glycerolipids,LipidSearch,Bronze,3
A15_54187,Ascomycota,Fungi,,,,,none,Unidentified,0
A15_80994,Streptophyta,Viridiplantae,,,,,none,Unidentified,0
A15_45049,Streptophyta,Viridiplantae,,Terpenoid,Terpenoid,Prenol lipids,MS2_diagnostic,Bronze,2
A15_76724,Streptophyta,Viridiplantae,,PC/SM,PC/SM,Glycerophospholipids|Sphingolipids,MS2_diagnostic,Bronze,2
A15_223969,Streptophyta,Viridiplantae,,Sterol,Sterol,Sterol lipids,MS2_diagnostic,Bronze,2
A15_218608,Streptophyta,Viridiplantae,TG(18:2_20:5_20:5),TG,TG,Glycerolipids,LipidSearch,Gold,4
A15_149586,Streptophyta,Viridiplantae,DG(P-18:4_18:3),DG,DG,Glycerolipids,LipidSearch,Bronze,3
A15_2134,Streptophyta,Viridiplantae,,Terpenoid,Terpenoid,Prenol lipids,MS2_diagnostic,Bronze,2
A15_19030,Ascomycota,Fungi,DG(25:6),DG,DG,Glycerolipids,LipidSearch,Bronze,3
A15_21423,Ascomycota,Fungi,DG(25:6),DG,DG,Glycerolipids,LipidSearch,Bronze,3
A15_155622,Actinomycetota,Bacteria,DG(P-15:2_18:0),DG,DG,Glycerolipids,LipidSearch,Bronze,3
A15_211522,Streptophyta,Viridiplantae,MePC(38:8),MePC,MePC,Glycerophospholipids,LipidSearch,Bronze,3
A15_30184,Streptophyta,Viridiplantae,TG(15:0_4:0_4:0),TG,TG,Glycerolipids,LipidSearch,Bronze,3
A15_30007,Streptophyta,Viridiplantae,MG(P-24:6),MG,MG,Glycerolipids,LipidSearch,Bronze,3
A15_214002,Streptophyta,Viridiplantae,DG(O-25:6_18:3),DG,DG,Glycerolipids,LipidSearch,Bronze,3
A15_165372,Streptophyta,Viridiplantae,,,,,none,Unidentified,0
A15_92008,Streptophyta,Viridiplantae,PG(O-12:0_22:5),PG,PG,Glycerophospholipids,LipidSearch,Bronze,3
A15_130387,Bacillota,Bacteria,PG(16:2_15:0),PG,PG,Glycerophospholipids,LipidSearch,Gold,4
A15_133153,Streptophyta,Viridiplantae,,PC/SM,PC/SM,Glycerophospholipids|Sphingolipids,MS2_diagnostic,Bronze,2
A15_122239,Streptophyta,Viridiplantae,DG(O-18:2_20:5),DG,DG,Glycerolipids,LipidSearch,Bronze,3
A15_168232,Ascomycota,Fungi,,,,,none,Unidentified,0
A15_54072,Streptophyta,Viridiplantae,DG(26:3),DG,DG,Glycerolipids,LipidSearch,Bronze,3
A15_141745,Pseudomonadota,Bacteria,PG(16:1_15:0),PG,PG,Glycerophospholipids,LipidSearch,Gold,4
A15_114286,Streptophyta,Viridiplantae,,PC/SM,PC/SM,Glycerophospholipids|Sphingolipids,MS2_diagnostic,Bronze,2
A15_178925,Actinomycetota,Bacteria,PC(34:4),PC,PC,Glycerophospholipids,LipidSearch,Bronze,3
A15_95938,Streptophyta,Viridiplantae,,,,,none,Unidentified,0
A15_70581,Streptophyta,Viridiplantae,TG(50:15)+O:(s),TG,TG,Glycerolipids,LipidSearch,Bronze,3
A15_67576,Streptophyta,Viridiplantae,TG(50:15)+O:(s),TG,TG,Glycerolipids,LipidSearch,Bronze,3
A15_134053,Bacillota,Bacteria,,,,,none,Unidentified,0
A15_58373,Streptophyta,Viridiplantae,,PC/SM,PC/SM,Glycerophospholipids|Sphingolipids,MS2_diagnostic,Bronze,2
A15_22372,Actinomycetota,Bacteria,,,,,none,Unidentified,0
A15_142982,Streptophyta,Viridiplantae,,,,,none,Unidentified,0
A15_30715,Streptophyta,Viridiplantae,,PC/SM,PC/SM,Glycerophospholipids|Sphingolipids,MS2_diagnostic,Bronze,2
A15_37019,Streptophyta,Viridiplantae,,Terpenoid,Terpenoid,Prenol lipids,MS2_diagnostic,Bronze,2
A15_128207,Streptophyta,Viridiplantae,TG(P-4:0_20:4_14:1),TG,TG,Glycerolipids,LipidSearch,Bronze,3
A15_45545,Streptophyta,Viridiplantae,,,,,none,Unidentified,0
A15_168890,Streptophyta,Viridiplantae,PA(34:1),PA,PA,Glycerophospholipids,LipidSearch,Bronze,3
A15_172976,Streptophyta,Viridiplantae,,Ceramide,Ceramide,Sphingolipids,MS2_diagnostic,Bronze,2
A15_80819,Streptophyta,Viridiplantae,,,,,none,Unidentified,0
A15_160289,Actinomycetota,Bacteria,PC(30:0),PC,PC,Glycerophospholipids,LipidSearch,Bronze,3
A15_163061,Actinomycetota,Bacteria,PC(30:0),PC,PC,Glycerophospholipids,LipidSearch,Bronze,3
A15_17179,Bacillota,Bacteria,,,,,none,Unidentified,0
A15_13954,Bacillota,Bacteria,,,,,none,Unidentified,0
A15_15662,Bacillota,Bacteria,,,,,none,Unidentified,0
A15_202651,Streptophyta,Viridiplantae,TG(27:1_22:5)+O:(s),TG,TG,Glycerolipids,LipidSearch,Bronze,3
A15_90857,Basidiomycota,Fungi,TG(20:1_13:0)+O:(s),TG,TG,Glycerolipids,LipidSearch,Bronze,3
A15_95037,Streptophyta,Viridiplantae,TG(18:1_15:2),TG,TG,Glycerolipids,LipidSearch,Bronze,3
A15_22375,Actinomycetota,Bacteria,,,,,none,Unidentified,0
A15_71886,Streptophyta,Viridiplantae,,Terpenoid,Terpenoid,Prenol lipids,MS2_diagnostic,Bronze,2
A15_38491,Basidiomycota,Fungi,,,,,none,Unidentified,0
A15_40997,Basidiomycota,Fungi,,,,,none,Unidentified,0
A15_187837,Streptophyta,Viridiplantae,,Terpenoid,Terpenoid,Prenol lipids,MS2_diagnostic,Bronze,2
A15_100526,Ascomycota,Fungi,PG(P-18:4_19:0),PG,PG,Glycerophospholipids,LipidSearch,Bronze,3
A15_69698,Streptophyta,Viridiplantae,,PC/SM,PC/SM,Glycerophospholipids|Sphingolipids,MS2_diagnostic,Bronze,2
A15_183265,Streptophyta,Viridiplantae,,PC/SM,PC/SM,Glycerophospholipids|Sphingolipids,MS2_diagnostic,Bronze,2
A15_209564,Streptophyta,Viridiplantae,,Hopanoid,Hopanoid,Prenol lipids,MS2_diagnostic,Bronze,2
A15_75939,Streptophyta,Viridiplantae,,PC/SM,PC/SM,Glycerophospholipids|Sphingolipids,MS2_diagnostic,Bronze,2
A15_86327,Streptophyta,Viridiplantae,PG(20:5_16:0),PG,PG,Glycerophospholipids,LipidSearch,Bronze,3
A15_171164,Bacillota,Bacteria,,,,,none,Unidentified,0
A15_169175,Bacillota,Bacteria,,,,,none,Unidentified,0
A15_507,Streptophyta,Viridiplantae,,Terpenoid,Terpenoid,Prenol lipids,MS2_diagnostic,Bronze,2
A15_67871,Streptophyta,Viridiplantae,,PC/SM,PC/SM,Glycerophospholipids|Sphingolipids,MS2_diagnostic,Bronze,2
A15_1069,Streptophyta,Viridiplantae,TG(5:0_13:1),TG,TG,Glycerolipids,LipidSearch,Bronze,3
A15_60446,Streptophyta,Viridiplantae,TG(30:4)+OO:(s),TG,TG,Glycerolipids,LipidSearch,Bronze,3
A15_78475,Streptophyta,Viridiplantae,,SM,SM,Sphingolipids,MS2_diagnostic,Bronze,2
A15_38549,Bacillota,Bacteria,,,,,none,Unidentified,0
A15_86075,Streptophyta,Viridiplantae,,Terpenoid,Terpenoid,Prenol lipids,MS2_diagnostic,Bronze,2
A15_18592,Pseudomonadota,Bacteria,,,,,none,Unidentified,0
A15_51848,Streptophyta,Viridiplantae,MePC(28:6),MePC,MePC,Glycerophospholipids,LipidSearch,Bronze,3
A15_102639,Streptophyta,Viridiplantae,,PC/SM,PC/SM,Glycerophospholipids|Sphingolipids,MS2_diagnostic,Bronze,2
A15_55771,Basidiomycota,Fungi,,,,,none,Unidentified,0
A15_7747,Streptophyta,Viridiplantae,,,,,none,Unidentified,0
A15_86319,Streptophyta,Viridiplantae,,,,,none,Unidentified,0
A15_63288,Streptophyta,Viridiplantae,,Terpenoid,Terpenoid,Prenol lipids,MS2_diagnostic,Bronze,2
A15_180546,Streptophyta,Viridiplantae,,Terpenoid,Terpenoid,Prenol lipids,MS2_diagnostic,Bronze,2
A15_219897,Bacillota,Bacteria,TG(8:0_12:0_18:0),TG,TG,Glycerolipids,LipidSearch,Gold,4
A15_163569,Basidiomycota,Fungi,PC(O-41:12),PC,PC,Glycerophospholipids,LipidSearch,Bronze,3
A15_119346,Streptophyta,Viridiplantae,TG(18:2_18:2),TG,TG,Glycerolipids,LipidSearch,Bronze,3
A15_163494,Bacillota,Bacteria,,,,,none,Unidentified,0
A15_21905,Streptophyta,Viridiplantae,,,,,none,Unidentified,0
A15_170785,Actinomycetota,Bacteria,,,,,none,Unidentified,0
A15_160647,Actinomycetota,Bacteria,MGDG(16:0_16:1),MGDG,MGDG,Glycerolipids,LipidSearch,Gold,4
A15_29836,Basidiomycota,Fungi,DG(P-25:6),DG,DG,Glycerolipids,LipidSearch,Bronze,3
A15_222377,Streptophyta,Viridiplantae,,PC/SM,PC/SM,Glycerophospholipids|Sphingolipids,MS2_diagnostic,Bronze,2
A15_88889,Streptophyta,Viridiplantae,,Terpenoid,Terpenoid,Prenol lipids,MS2_diagnostic,Bronze,2
A15_116490,Streptophyta,Viridiplantae,,,,,none,Unidentified,0
A15_98820,Streptophyta,Viridiplantae,,PC/SM,PC/SM,Glycerophospholipids|Sphingolipids,MS2_diagnostic,Bronze,2
A15_214305,Bacillota,Bacteria,AcHexSiE (11:0),AcHexSiE,AcHexSiE,Sterol lipids,LipidSearch,Bronze,3
A15_212188,Bacillota,Bacteria,,,,,none,Unidentified,0
A15_171038,Streptophyta,Viridiplantae,,,,,none,Unidentified,0
A15_192358,Streptophyta,Viridiplantae,TG(11:0_16:0_18:3)+O:(s),TG,TG,Glycerolipids,LipidSearch,Bronze,3
A15_104053,Streptophyta,Viridiplantae,PG(O-15:1_21:5),PG,PG,Glycerophospholipids,LipidSearch,Bronze,3
A15_184991,Streptophyta,Viridiplantae,PI(24:3_16:0),PI,PI,Glycerophospholipids,LipidSearch,Bronze,3
A15_130324,Streptophyta,Viridiplantae,DG(O-13:1_16:0),DG,DG,Glycerolipids,LipidSearch,Bronze,3
A15_188990,Streptophyta,Viridiplantae,,,,,none,Unidentified,0
A15_5580,Streptophyta,Viridiplantae,,Terpenoid,Terpenoid,Prenol lipids,MS2_diagnostic,Bronze,2
A15_120646,Streptophyta,Viridiplantae,,PC/SM,PC/SM,Glycerophospholipids|Sphingolipids,MS2_diagnostic,Bronze,2
A15_18462,Bacillota,Bacteria,,,,,none,Unidentified,0
A15_123621,Streptophyta,Viridiplantae,PE(34:5),PE,PE,Glycerophospholipids,LipidSearch,Bronze,3
A15_37564,Methanobacteriota,Archaea,,,,,none,Unidentified,0
A15_130191,Streptophyta,Viridiplantae,DG(15:2_18:1),DG,DG,Glycerolipids,LipidSearch,Gold,4
A15_189938,Streptophyta,Viridiplantae,Hex1Cer(d18:2_24:1)+O:(s),Hex1Cer,HexCer,Sphingolipids,LipidSearch,Gold,4
A15_78170,Ascomycota,Fungi,,,,,none,Unidentified,0
A15_40797,Streptophyta,Viridiplantae,,,,,none,Unidentified,0
A15_161104,Actinomycetota,Bacteria,BisMePA(17:1_15:0),BisMePA,BisMePA,Glycerophospholipids,LipidSearch,Bronze,3
A15_164132,Bacillota,Bacteria,,,,,none,Unidentified,0
A15_162325,Bacillota,Bacteria,,,,,none,Unidentified,0
A15_165421,Bacillota,Bacteria,,,,,none,Unidentified,0
A15_151172,Basidiomycota,Fungi,TG(18:1_18:0),TG,TG,Glycerolipids,LipidSearch,Bronze,3
A15_51516,Streptophyta,Viridiplantae,,PC/SM,PC/SM,Glycerophospholipids|Sphingolipids,MS2_diagnostic,Bronze,2
A15_91491,Streptophyta,Viridiplantae,TG(17:2_6:0_8:0),TG,TG,Glycerolipids,LipidSearch,Bronze,3
A15_110342,Streptophyta,Viridiplantae,TG(18:2_18:3),TG,TG,Glycerolipids,LipidSearch,Gold,4
A15_22581,Streptophyta,Viridiplantae,MG(16:0),MG,MG,Glycerolipids,LipidSearch,Gold,4
A15_105797,Streptophyta,Viridiplantae,DG(17:3_16:3),DG,DG,Glycerolipids,LipidSearch,Gold,4
A15_136803,Streptophyta,Viridiplantae,,Terpenoid,Terpenoid,Prenol lipids,MS2_diagnostic,Bronze,2
A15_145467,Basidiomycota,Fungi,PA(18:2_18:2),PA,PA,Glycerophospholipids,LipidSearch,Gold,4
A15_15331,Streptophyta,Viridiplantae,TG(32:4)+OO:(s),TG,TG,Glycerolipids,LipidSearch,Bronze,3
A15_65160,Streptophyta,Viridiplantae,,PC/SM,PC/SM,Glycerophospholipids|Sphingolipids,MS2_diagnostic,Bronze,2
A15_72801,Ascomycota,Fungi,WE(O-26:4),WE,WE,Fatty acyls,LipidSearch,Bronze,3
A15_74550,Ascomycota,Fungi,WE(O-26:4),WE,WE,Fatty acyls,LipidSearch,Bronze,3
A15_20617,Bacillota,Bacteria,,,,,none,Unidentified,0
A15_75502,Streptophyta,Viridiplantae,PG(16:1_18:4),PG,PG,Glycerophospholipids,LipidSearch,Gold,4
A15_181630,Pseudomonadota,Bacteria,PE(P-18:0_20:4),PE,PE,Glycerophospholipids,LipidSearch,Gold,4
A15_100785,Streptophyta,Viridiplantae,PG(P-18:4_17:0),PG,PG,Glycerophospholipids,LipidSearch,Bronze,3
A15_149283,Basidiomycota,Fungi,PA(18:2_18:2),PA,PA,Glycerophospholipids,LipidSearch,Gold,4
A15_19417,Bacillota,Bacteria,,,,,none,Unidentified,0
A15_219398,Streptophyta,Viridiplantae,DG(O-25:5_18:1),DG,DG,Glycerolipids,LipidSearch,Bronze,3
A15_130317,Streptophyta,Viridiplantae,,,,,none,Unidentified,0
A15_85919,Streptophyta,Viridiplantae,,Ubiquinone,Ubiquinone,Prenol lipids,MS2_diagnostic,Bronze,2
A15_86011,Streptophyta,Viridiplantae,MG(26:5),MG,MG,Glycerolipids,LipidSearch,Bronze,3
A15_125456,Streptophyta,Viridiplantae,,,,,none,Unidentified,0
A15_164455,Streptophyta,Viridiplantae,DG(18:3_20:3),DG,DG,Glycerolipids,LipidSearch,Gold,4
A15_105045,Streptophyta,Viridiplantae,,PE,PE,Glycerophospholipids,MS2_diagnostic,Bronze,2
A15_141289,Streptophyta,Viridiplantae,,,,,none,Unidentified,0
A15_9930,Streptophyta,Viridiplantae,,,,,none,Unidentified,0
A15_34807,Streptophyta,Viridiplantae,,,,,none,Unidentified,0
A15_134721,Streptophyta,Viridiplantae,,Terpenoid,Terpenoid,Prenol lipids,MS2_diagnostic,Bronze,2
A15_70259,Streptophyta,Viridiplantae,,,,,none,Unidentified,0
A15_121616,Streptophyta,Viridiplantae,PE(16:2_18:3),PE,PE,Glycerophospholipids,LipidSearch,Gold,4
A15_181190,Streptophyta,Viridiplantae,,,,,none,Unidentified,0
A15_1028,Streptophyta,Viridiplantae,,Terpenoid,Terpenoid,Prenol lipids,MS2_diagnostic,Bronze,2
A15_99687,Streptophyta,Viridiplantae,,,,,none,Unidentified,0
A15_84485,Streptophyta,Viridiplantae,,,,,none,Unidentified,0
A15_93143,Streptophyta,Viridiplantae,PC(24:0),PC,PC,Glycerophospholipids,LipidSearch,Bronze,3
A15_19647,Bacillota,Bacteria,,,,,none,Unidentified,0
A15_102945,Streptophyta,Viridiplantae,,,,,none,Unidentified,0
A15_90560,Streptophyta,Viridiplantae,,,,,none,Unidentified,0
A15_131397,Ascomycota,Fungi,,,,,none,Unidentified,0
A15_202981,Basidiomycota,Fungi,,,,,none,Unidentified,0
A15_146418,Basidiomycota,Fungi,DG(O-18:4_18:2),DG,DG,Glycerolipids,LipidSearch,Bronze,3
A15_144998,Basidiomycota,Fungi,DG(O-18:4_18:2),DG,DG,Glycerolipids,LipidSearch,Bronze,3
A15_5663,Streptophyta,Viridiplantae,,,,,none,Unidentified,0
A15_112151,Streptophyta,Viridiplantae,,,,,none,Unidentified,0
A15_183602,Streptophyta,Viridiplantae,,PG,PG,Glycerophospholipids,MS2_diagnostic,Bronze,2
A15_108494,Streptophyta,Viridiplantae,TG(3:0_28:7_28:7),TG,TG,Glycerolipids,LipidSearch,Bronze,3
A15_50533,Methanobacteriota,Archaea,,,,,none,Unidentified,0
A15_196803,Streptophyta,Viridiplantae,TG(17:2_19:0_16:3)+OO:(s),TG,TG,Glycerolipids,LipidSearch,Gold,4
A15_185867,Streptophyta,Viridiplantae,,,,,none,Unidentified,0
A15_180339,Streptophyta,Viridiplantae,,,,,none,Unidentified,0
A15_148531,Streptophyta,Viridiplantae,TG(26:6_20:5),TG,TG,Glycerolipids,LipidSearch,Bronze,3
A15_36727,Basidiomycota,Fungi,,,,,none,Unidentified,0
A15_40755,Basidiomycota,Fungi,,,,,none,Unidentified,0
A15_38742,Basidiomycota,Fungi,,,,,none,Unidentified,0
A15_111806,Bacillota,Bacteria,,,,,none,Unidentified,0
A15_92025,Streptophyta,Viridiplantae,,,,,none,Unidentified,0
A15_155433,Streptophyta,Viridiplantae,,Ceramide,Ceramide,Sphingolipids,MS2_diagnostic,Bronze,2
A15_202324,Streptophyta,Viridiplantae,DG(O-15:2_24:1),DG,DG,Glycerolipids,LipidSearch,Bronze,3
A15_85270,Streptophyta,Viridiplantae,PG(18:0_18:3),PG,PG,Glycerophospholipids,LipidSearch,Bronze,3
A15_168766,Ascomycota,Fungi,Cer(d18:2_18:1),Cer,Cer,Sphingolipids,LipidSearch,Gold,4
A15_28357,Pseudomonadota,Bacteria,,,,,none,Unidentified,0
A15_26751,Pseudomonadota,Bacteria,,,,,none,Unidentified,0
A15_25161,Pseudomonadota,Bacteria,,,,,none,Unidentified,0
A15_50815,Streptophyta,Viridiplantae,,,,,none,Unidentified,0
A15_55647,Streptophyta,Viridiplantae,,Terpenoid,Terpenoid,Prenol lipids,MS2_diagnostic,Bronze,2
A15_36956,Bacillota,Bacteria,,,,,none,Unidentified,0
A15_39952,Bacillota,Bacteria,,,,,none,Unidentified,0
A15_178144,Bacillota,Bacteria,,,,,none,Unidentified,0
A15_9412,Streptophyta,Viridiplantae,,PI,PI,Glycerophospholipids,MS2_diagnostic,Bronze,2
A15_19150,Pseudomonadota,Bacteria,,,,,none,Unidentified,0
A15_128684,Streptophyta,Viridiplantae,PI(15:0_16:0),PI,PI,Glycerophospholipids,LipidSearch,Gold,4
A15_152078,Streptophyta,Viridiplantae,,,,,none,Unidentified,0
A15_47481,Streptophyta,Viridiplantae,,,,,none,Unidentified,0
A15_98119,Streptophyta,Viridiplantae,,PC/SM,PC/SM,Glycerophospholipids|Sphingolipids,MS2_diagnostic,Bronze,2
A15_205060,Streptophyta,Viridiplantae,DG(O-25:8_18:1),DG,DG,Glycerolipids,LipidSearch,Gold,4
A15_82519,Streptophyta,Viridiplantae,,PC/SM,PC/SM,Glycerophospholipids|Sphingolipids,MS2_diagnostic,Bronze,2
A15_88656,Streptophyta,Viridiplantae,PG(16:2_18:1),PG,PG,Glycerophospholipids,LipidSearch,Bronze,3
A15_80812,Streptophyta,Viridiplantae,PG(16:0_18:3),PG,PG,Glycerophospholipids,LipidSearch,Bronze,3
A15_83986,Streptophyta,Viridiplantae,,PC/SM,PC/SM,Glycerophospholipids|Sphingolipids,MS2_diagnostic,Bronze,2
A15_106608,Streptophyta,Viridiplantae,TG(18:2_16:1)+O:(s),TG,TG,Glycerolipids,LipidSearch,Gold,4
A15_59201,Streptophyta,Viridiplantae,TG(9:0_6:0_18:4),TG,TG,Glycerolipids,LipidSearch,Bronze,3
A15_179535,Actinomycetota,Bacteria,MGDG(15:0_17:0),MGDG,MGDG,Glycerolipids,LipidSearch,Gold,4
A15_123515,Streptophyta,Viridiplantae,,PC/SM,PC/SM,Glycerophospholipids|Sphingolipids,MS2_diagnostic,Bronze,2
A15_30672,Streptophyta,Viridiplantae,,,,,none,Unidentified,0
A15_162366,Actinomycetota,Bacteria,PA(O-24:7_18:1),PA,PA,Glycerophospholipids,LipidSearch,Bronze,3
A15_149704,Streptophyta,Viridiplantae,,PC/SM,PC/SM,Glycerophospholipids|Sphingolipids,MS2_diagnostic,Bronze,2
A15_24034,Methanobacteriota,Archaea,,,,,none,Unidentified,0
A15_141711,Basidiomycota,Fungi,TG(18:1_18:1),TG,TG,Glycerolipids,LipidSearch,Gold,4
A15_55447,Streptophyta,Viridiplantae,,Terpenoid,Terpenoid,Prenol lipids,MS2_diagnostic,Bronze,2
A15_117585,Streptophyta,Viridiplantae,,,,,none,Unidentified,0
A15_170720,Streptophyta,Viridiplantae,,PC/SM,PC/SM,Glycerophospholipids|Sphingolipids,MS2_diagnostic,Bronze,2
A15_7798,Streptophyta,Viridiplantae,,Terpenoid,Terpenoid,Prenol lipids,MS2_diagnostic,Bronze,2
A15_182863,Ascomycota,Fungi,DG(P-15:2_19:0),DG,DG,Glycerolipids,LipidSearch,Bronze,3
A15_181405,Ascomycota,Fungi,DG(P-15:2_19:0),DG,DG,Glycerolipids,LipidSearch,Bronze,3
A15_185060,Ascomycota,Fungi,DG(P-15:2_19:0),DG,DG,Glycerolipids,LipidSearch,Bronze,3
A15_32440,Basidiomycota,Fungi,,,,,none,Unidentified,0
A15_67816,Streptophyta,Viridiplantae,,PC/SM,PC/SM,Glycerophospholipids|Sphingolipids,MS2_diagnostic,Bronze,2
A15_110703,Streptophyta,Viridiplantae,,,,,none,Unidentified,0
A15_1879,Streptophyta,Viridiplantae,TG(14:2_2:0_2:0),TG,TG,Glycerolipids,LipidSearch,Bronze,3
A15_110643,Streptophyta,Viridiplantae,TG(O-6:0_7:0_18:3),TG,TG,Glycerolipids,LipidSearch,Gold,4
A15_123439,Streptophyta,Viridiplantae,PI(16:1_15:0),PI,PI,Glycerophospholipids,LipidSearch,Gold,4
A15_128844,Actinomycetota,Bacteria,TG(19:1_15:2),TG,TG,Glycerolipids,LipidSearch,Gold,4
A15_228491,Bacillota,Bacteria,,,,,none,Unidentified,0
A15_229430,Bacillota,Bacteria,,,,,none,Unidentified,0
A15_84748,Streptophyta,Viridiplantae,TG(3:0_15:2_15:2),TG,TG,Glycerolipids,LipidSearch,Gold,4
A15_186097,Streptophyta,Viridiplantae,Cer(d18:1_20:5),Cer,Cer,Sphingolipids,LipidSearch,Bronze,3
A15_140139,Basidiomycota,Fungi,,Sterol,Sterol,Sterol lipids,MS2_diagnostic,Bronze,2
A15_90732,Streptophyta,Viridiplantae,TG(30:4_2:0)+OO:(s),TG,TG,Glycerolipids,LipidSearch,Gold,4
A15_122386,Streptophyta,Viridiplantae,,Terpenoid,Terpenoid,Prenol lipids,MS2_diagnostic,Bronze,2
A15_58012,Streptophyta,Viridiplantae,,PC/SM,PC/SM,Glycerophospholipids|Sphingolipids,MS2_diagnostic,Bronze,2
A15_199872,Heterolobosea,Protists,,,,,none,Unidentified,0
A15_111894,Streptophyta,Viridiplantae,,,,,none,Unidentified,0
A15_155112,Streptophyta,Viridiplantae,DG(16:1_18:1),DG,DG,Glycerolipids,LipidSearch,Gold,4
A15_56910,Streptophyta,Viridiplantae,,,,,none,Unidentified,0
A15_219622,Streptophyta,Viridiplantae,SiE(23:7),SiE,SiE,Sterol lipids,LipidSearch,Gold,4
A15_59768,Streptophyta,Viridiplantae,,,,,none,Unidentified,0
A15_14947,Streptophyta,Viridiplantae,,Terpenoid,Terpenoid,Prenol lipids,MS2_diagnostic,Bronze,2
A15_108124,Streptophyta,Viridiplantae,MG(P-28:8),MG,MG,Glycerolipids,LipidSearch,Bronze,3
A15_156994,Streptophyta,Viridiplantae,DGDG(16:0_18:2),DGDG,DGDG,Glycerolipids,LipidSearch,Gold,4
A15_86264,Streptophyta,Viridiplantae,,Sterol,Sterol,Sterol lipids,MS2_diagnostic,Bronze,2
A15_120582,Actinomycetota,Bacteria,DG(15:0_15:1),DG,DG,Glycerolipids,LipidSearch,Gold,4
A15_181913,Actinomycetota,Bacteria,DG(16:1_18:1),DG,DG,Glycerolipids,LipidSearch,Gold,4
A15_180140,Actinomycetota,Bacteria,DG(16:1_18:1),DG,DG,Glycerolipids,LipidSearch,Gold,4
A15_184173,Actinomycetota,Bacteria,DG(16:0_18:2),DG,DG,Glycerolipids,LipidSearch,Gold,4
A15_23246,Bacillota,Bacteria,,,,,none,Unidentified,0
A15_24856,Bacillota,Bacteria,,,,,none,Unidentified,0
A15_91702,Streptophyta,Viridiplantae,,Hopanoid,Hopanoid,Prenol lipids,MS2_diagnostic,Bronze,2
A15_77463,Streptophyta,Viridiplantae,,,,,none,Unidentified,0
A15_174580,Actinomycetota,Bacteria,,,,,none,Unidentified,0
A15_173413,Actinomycetota,Bacteria,,,,,none,Unidentified,0
A15_151428,Basidiomycota,Fungi,PC(33:2),PC,PC,Glycerophospholipids,LipidSearch,Bronze,3
A15_152725,Basidiomycota,Fungi,PC(33:2),PC,PC,Glycerophospholipids,LipidSearch,Bronze,3
A15_50567,Streptophyta,Viridiplantae,,PC/SM,PC/SM,Glycerophospholipids|Sphingolipids,MS2_diagnostic,Bronze,2
A15_114159,Streptophyta,Viridiplantae,,,,,none,Unidentified,0
A15_116220,Streptophyta,Viridiplantae,DG(15:2_18:2),DG,DG,Glycerolipids,LipidSearch,Gold,4
A15_222384,Streptophyta,Viridiplantae,,Terpenoid,Terpenoid,Prenol lipids,MS2_diagnostic,Bronze,2
A15_93702,Streptophyta,Viridiplantae,,Terpenoid,Terpenoid,Prenol lipids,MS2_diagnostic,Bronze,2
A15_178550,Streptophyta,Viridiplantae,,,,,none,Unidentified,0
A15_175028,Bacillota,Bacteria,DG(O-15:1_16:1),DG,DG,Glycerolipids,LipidSearch,Gold,4
A15_23678,Methanobacteriota,Archaea,,,,,none,Unidentified,0
A15_24570,Methanobacteriota,Archaea,,,,,none,Unidentified,0
A15_20901,Methanobacteriota,Archaea,,,,,none,Unidentified,0
A15_18765,Methanobacteriota,Archaea,,,,,none,Unidentified,0
A15_227179,Streptophyta,Viridiplantae,,Sterol,Sterol,Sterol lipids,MS2_diagnostic,Bronze,2
A15_133284,Streptophyta,Viridiplantae,TG(15:0_15:0),TG,TG,Glycerolipids,LipidSearch,Gold,4
A15_136142,Streptophyta,Viridiplantae,,,,,none,Unidentified,0
A15_135159,Streptophyta,Viridiplantae,,,,,none,Unidentified,0
A15_168170,Streptophyta,Viridiplantae,Cer(d16:1_16:0),Cer,Cer,Sphingolipids,LipidSearch,Gold,4
A15_145671,Streptophyta,Viridiplantae,TG(18:2_16:0),TG,TG,Glycerolipids,LipidSearch,Gold,4
A15_32723,Streptophyta,Viridiplantae,,,,,none,Unidentified,0
A15_124701,Streptophyta,Viridiplantae,,,,,none,Unidentified,0
A15_44363,Ascomycota,Fungi,PI(27:6_15:0),PI,PI,Glycerophospholipids,LipidSearch,Bronze,3
A15_89005,Streptophyta,Viridiplantae,,,,,none,Unidentified,0
A15_152877,Basidiomycota,Fungi,PC(32:2),PC,PC,Glycerophospholipids,LipidSearch,Bronze,3
A15_189996,Ascomycota,Fungi,,,,,none,Unidentified,0
A15_219513,Bacillota,Bacteria,DG(41:0),DG,DG,Glycerolipids,LipidSearch,Bronze,3
A15_218370,Bacillota,Bacteria,DG(41:0),DG,DG,Glycerolipids,LipidSearch,Bronze,3
A15_169117,Streptophyta,Viridiplantae,,Terpenoid,Terpenoid,Prenol lipids,MS2_diagnostic,Bronze,2
A15_107850,Streptophyta,Viridiplantae,,PC/SM,PC/SM,Glycerophospholipids|Sphingolipids,MS2_diagnostic,Bronze,2
A15_106302,Streptophyta,Viridiplantae,,PC/SM,PC/SM,Glycerophospholipids|Sphingolipids,MS2_diagnostic,Bronze,2
A15_111434,Streptophyta,Viridiplantae,,PC/SM,PC/SM,Glycerophospholipids|Sphingolipids,MS2_diagnostic,Bronze,2
A15_136639,Streptophyta,Viridiplantae,TG(15:0_18:2),TG,TG,Glycerolipids,LipidSearch,Bronze,3
A15_179807,Ascomycota,Fungi,TG(2:0_16:0_18:0),TG,TG,Glycerolipids,LipidSearch,Gold,4
A15_181383,Ascomycota,Fungi,TG(2:0_16:0_18:0),TG,TG,Glycerolipids,LipidSearch,Gold,4
A15_75896,Streptophyta,Viridiplantae,,PC/SM,PC/SM,Glycerophospholipids|Sphingolipids,MS2_diagnostic,Bronze,2
A15_133203,Basidiomycota,Fungi,,,,,none,Unidentified,0
A15_159001,Bacillota,Bacteria,,,,,none,Unidentified,0
A15_37966,Basidiomycota,Fungi,WE(O-26:6),WE,WE,Fatty acyls,LipidSearch,Bronze,3
A15_102268,Streptophyta,Viridiplantae,TG(O-5:0_2:0_19:3),TG,TG,Glycerolipids,LipidSearch,Gold,4
A15_214013,Streptophyta,Viridiplantae,,Sterol,Sterol,Sterol lipids,MS2_diagnostic,Bronze,2
A15_25968,Bacillota,Bacteria,,,,,none,Unidentified,0
A15_19732,Bacillota,Bacteria,,,,,none,Unidentified,0
A15_21522,Bacillota,Bacteria,,,,,none,Unidentified,0
A15_23217,Bacillota,Bacteria,,,,,none,Unidentified,0
A15_115190,Streptophyta,Viridiplantae,,,,,none,Unidentified,0
A15_106262,Streptophyta,Viridiplantae,,Terpenoid,Terpenoid,Prenol lipids,MS2_diagnostic,Bronze,2
A15_110215,Streptophyta,Viridiplantae,TG(18:2_6:0_6:0),TG,TG,Glycerolipids,LipidSearch,Bronze,3
A15_226504,Streptophyta,Viridiplantae,,Sterol,Sterol,Sterol lipids,MS2_diagnostic,Bronze,2
A15_26717,Methanobacteriota,Archaea,,,,,none,Unidentified,0
A15_144247,Streptophyta,Viridiplantae,,Sterol,Sterol,Sterol lipids,MS2_diagnostic,Bronze,2
A15_115636,Streptophyta,Viridiplantae,TG(18:3_16:0)+O:(s),TG,TG,Glycerolipids,LipidSearch,Gold,4
A15_172481,Pseudomonadota,Bacteria,PA(16:0_18:2),PA,PA,Glycerophospholipids,LipidSearch,Gold,4
A15_102792,Streptophyta,Viridiplantae,,,,,none,Unidentified,0
A15_123794,Streptophyta,Viridiplantae,DG(15:2_16:1),DG,DG,Glycerolipids,LipidSearch,Gold,4
A15_22729,Streptophyta,Viridiplantae,,PC/SM,PC/SM,Glycerophospholipids|Sphingolipids,MS2_diagnostic,Bronze,2
A15_84760,Streptophyta,Viridiplantae,PG(13:0_25:6),PG,PG,Glycerophospholipids,LipidSearch,Bronze,3
A15_108493,Streptophyta,Viridiplantae,,Glycolipid,Glycolipid,Glycerolipids,MS2_diagnostic,Bronze,2
A15_117337,Streptophyta,Viridiplantae,DG(O-17:3_18:4),DG,DG,Glycerolipids,LipidSearch,Bronze,3
A15_102452,Streptophyta,Viridiplantae,DG(6:0_19:2),DG,DG,Glycerolipids,LipidSearch,Gold,4
A15_66517,Ascomycota,Fungi,,,,,none,Unidentified,0
A15_81307,Streptophyta,Viridiplantae,TG(10:0_18:2)+O:(s),TG,TG,Glycerolipids,LipidSearch,Gold,4
A15_173162,Streptophyta,Viridiplantae,MGDG(16:0_16:0),MGDG,MGDG,Glycerolipids,LipidSearch,Bronze,3
A15_89417,Mucoromycota,Fungi,PA(18:2_18:3),PA,PA,Glycerophospholipids,LipidSearch,Gold,4
A15_121706,Streptophyta,Viridiplantae,DG(O-16:2_18:2),DG,DG,Glycerolipids,LipidSearch,Bronze,3
A15_87342,Streptophyta,Viridiplantae,PG(22:5_16:0),PG,PG,Glycerophospholipids,LipidSearch,Bronze,3
A15_221833,Bacillota,Bacteria,,,,,none,Unidentified,0
A15_222531,Bacillota,Bacteria,,,,,none,Unidentified,0
A15_219129,Bacillota,Bacteria,,,,,none,Unidentified,0
A15_220511,Bacillota,Bacteria,,,,,none,Unidentified,0
A15_219943,Bacillota,Bacteria,,,,,none,Unidentified,0
A15_176891,Pseudomonadota,Bacteria,PE(18:1_15:0),PE,PE,Glycerophospholipids,LipidSearch,Gold,4
A15_139015,Streptophyta,Viridiplantae,,PC/SM,PC/SM,Glycerophospholipids|Sphingolipids,MS2_diagnostic,Bronze,2
A15_66728,Streptophyta,Viridiplantae,DG(P-6:0_20:6),DG,DG,Glycerolipids,LipidSearch,Bronze,3
A15_68573,Streptophyta,Viridiplantae,DG(P-6:0_20:6),DG,DG,Glycerolipids,LipidSearch,Bronze,3
A15_60597,Streptophyta,Viridiplantae,,Terpenoid,Terpenoid,Prenol lipids,MS2_diagnostic,Bronze,2
A15_188893,Bacillota,Bacteria,,,,,none,Unidentified,0
A15_213540,Streptophyta,Viridiplantae,,,,,none,Unidentified,0
A15_103642,Streptophyta,Viridiplantae,TG(34:4),TG,TG,Glycerolipids,LipidSearch,Bronze,3
A15_157450,Streptophyta,Viridiplantae,PC(31:1),PC,PC,Glycerophospholipids,LipidSearch,Bronze,3
A15_162632,Streptophyta,Viridiplantae,,,,,none,Unidentified,0
A15_169436,Streptophyta,Viridiplantae,,,,,none,Unidentified,0
A15_17691,Streptophyta,Viridiplantae,,PC/SM,PC/SM,Glycerophospholipids|Sphingolipids,MS2_diagnostic,Bronze,2
A15_18189,Streptophyta,Viridiplantae,,,,,none,Unidentified,0
A15_41745,Streptophyta,Viridiplantae,,,,,none,Unidentified,0
A15_164968,Pseudomonadota,Bacteria,,,,,none,Unidentified,0
A15_124738,Streptophyta,Viridiplantae,PEt(22:3_20:5),PEt,PEt,Glycerophospholipids,LipidSearch,Bronze,3
A15_133001,Streptophyta,Viridiplantae,PE(13:1_18:1),PE,PE,Glycerophospholipids,LipidSearch,Gold,4
A15_95554,Streptophyta,Viridiplantae,TG(9:0_6:0_16:1),TG,TG,Glycerolipids,LipidSearch,Bronze,3
A15_97372,Streptophyta,Viridiplantae,TG(9:0_6:0_16:1),TG,TG,Glycerolipids,LipidSearch,Bronze,3
A15_25725,Streptophyta,Viridiplantae,,DGTS,DGTS,Betaine lipids,MS2_diagnostic,Bronze,2
A15_20360,Streptophyta,Viridiplantae,,PC/SM,PC/SM,Glycerophospholipids|Sphingolipids,MS2_diagnostic,Bronze,2
A15_62972,Streptophyta,Viridiplantae,,Terpenoid,Terpenoid,Prenol lipids,MS2_diagnostic,Bronze,2
A15_6580,Pseudomonadota,Bacteria,,,,,none,Unidentified,0
A15_8189,Pseudomonadota,Bacteria,,,,,none,Unidentified,0
A15_107438,Streptophyta,Viridiplantae,,Terpenoid,Terpenoid,Prenol lipids,MS2_diagnostic,Bronze,2
A15_112979,Streptophyta,Viridiplantae,,PC/SM,PC/SM,Glycerophospholipids|Sphingolipids,MS2_diagnostic,Bronze,2
A15_162591,Streptophyta,Viridiplantae,,,,,none,Unidentified,0
A15_170014,Ascomycota,Fungi,TG(22:3_16:0)+O:(s),TG,TG,Glycerolipids,LipidSearch,Bronze,3
A15_42012,Basidiomycota,Fungi,,,,,none,Unidentified,0
A15_111895,Streptophyta,Viridiplantae,,,,,none,Unidentified,0
A15_109669,Streptophyta,Viridiplantae,LPC(24:1),LPC,LPC,Glycerophospholipids,LipidSearch,Bronze,3
A15_63622,Basidiomycota,Fungi,,,,,none,Unidentified,0
A15_126566,Streptophyta,Viridiplantae,,PC/SM,PC/SM,Glycerophospholipids|Sphingolipids,MS2_diagnostic,Bronze,2
A15_15948,Streptophyta,Viridiplantae,,Terpenoid,Terpenoid,Prenol lipids,MS2_diagnostic,Bronze,2
A15_164461,Streptophyta,Viridiplantae,PE(20:4_18:1),PE,PE,Glycerophospholipids,LipidSearch,Gold,4
A15_51177,Streptophyta,Viridiplantae,,,,,none,Unidentified,0
A15_215884,Streptophyta,Viridiplantae,DG(15:1_29:5),DG,DG,Glycerolipids,LipidSearch,Gold,4
A15_175216,Streptophyta,Viridiplantae,Cer(d18:1_16:0),Cer,Cer,Sphingolipids,LipidSearch,Gold,4
A15_109145,Streptophyta,Viridiplantae,,Terpenoid,Terpenoid,Prenol lipids,MS2_diagnostic,Bronze,2
A15_39661,Streptophyta,Viridiplantae,DG(4:0_19:2),DG,DG,Glycerolipids,LipidSearch,Bronze,3
A15_171640,Streptophyta,Viridiplantae,,PC/SM,PC/SM,Glycerophospholipids|Sphingolipids,MS2_diagnostic,Bronze,2
A15_162314,Bacillota,Bacteria,,,,,none,Unidentified,0
A15_164295,Bacillota,Bacteria,,,,,none,Unidentified,0
A15_57339,Streptophyta,Viridiplantae,,Ceramide,Ceramide,Sphingolipids,MS2_diagnostic,Bronze,2
A15_55849,Basidiomycota,Fungi,,,,,none,Unidentified,0
A15_108097,Streptophyta,Viridiplantae,DGDG(18:3_18:4),DGDG,DGDG,Glycerolipids,LipidSearch,Bronze,3
A15_143486,Streptophyta,Viridiplantae,DG(20:4_30:7),DG,DG,Glycerolipids,LipidSearch,Gold,4
A15_85922,Streptophyta,Viridiplantae,,,,,none,Unidentified,0
A15_131877,Streptophyta,Viridiplantae,,Terpenoid,Terpenoid,Prenol lipids,MS2_diagnostic,Bronze,2
A15_137063,Streptophyta,Viridiplantae,PG(O-36:5),PG,PG,Glycerophospholipids,LipidSearch,Bronze,3
A15_35955,Streptophyta,Viridiplantae,,Terpenoid,Terpenoid,Prenol lipids,MS2_diagnostic,Bronze,2
A15_90972,Streptophyta,Viridiplantae,,Terpenoid,Terpenoid,Prenol lipids,MS2_diagnostic,Bronze,2
A15_45138,Streptophyta,Viridiplantae,,Terpenoid,Terpenoid,Prenol lipids,MS2_diagnostic,Bronze,2
A15_133573,Streptophyta,Viridiplantae,PC(17:2_18:2),PC,PC,Glycerophospholipids,LipidSearch,Bronze,3
A15_103380,Streptophyta,Viridiplantae,PG(P-18:4_17:0),PG,PG,Glycerophospholipids,LipidSearch,Bronze,3
A15_84526,Streptophyta,Viridiplantae,PG(16:1_16:3),PG,PG,Glycerophospholipids,LipidSearch,Gold,4
A15_31334,Streptophyta,Viridiplantae,,PC/SM,PC/SM,Glycerophospholipids|Sphingolipids,MS2_diagnostic,Bronze,2
A15_212202,Streptophyta,Viridiplantae,TG(36:4_16:0)+OO:(s),TG,TG,Glycerolipids,LipidSearch,Gold,4
A15_56365,Ascomycota,Fungi,,,,,none,Unidentified,0
A15_18732,Bacillota,Bacteria,,,,,none,Unidentified,0
A15_199912,Streptophyta,Viridiplantae,Cer(d16:0_24:1)+O:(s),Cer,Cer,Sphingolipids,LipidSearch,Bronze,3
A15_172064,Ascomycota,Fungi,,,,,none,Unidentified,0
A15_32878,Pseudomonadota,Bacteria,,,,,none,Unidentified,0
A15_34947,Pseudomonadota,Bacteria,,,,,none,Unidentified,0
A15_91524,Streptophyta,Viridiplantae,,Glycolipid,Glycolipid,Glycerolipids,MS2_diagnostic,Bronze,2
A15_21296,Streptophyta,Viridiplantae,,,,,none,Unidentified,0
A15_70636,Streptophyta,Viridiplantae,,Terpenoid,Terpenoid,Prenol lipids,MS2_diagnostic,Bronze,2
A15_46162,Streptophyta,Viridiplantae,,Terpenoid,Terpenoid,Prenol lipids,MS2_diagnostic,Bronze,2
A15_168735,Streptophyta,Viridiplantae,PA(16:0_16:0),PA,PA,Glycerophospholipids,LipidSearch,Gold,4
A15_118554,Streptophyta,Viridiplantae,,,,,none,Unidentified,0
A15_60152,Streptophyta,Viridiplantae,,Terpenoid,Terpenoid,Prenol lipids,MS2_diagnostic,Bronze,2
A15_105810,Bacillota,Bacteria,,,,,none,Unidentified,0
A15_70919,Streptophyta,Viridiplantae,,PC/SM,PC/SM,Glycerophospholipids|Sphingolipids,MS2_diagnostic,Bronze,2
A15_155155,Streptophyta,Viridiplantae,,,,,none,Unidentified,0
A15_128755,Mucoromycota,Fungi,TG(10:0_6:0_18:0),TG,TG,Glycerolipids,LipidSearch,Bronze,3
A15_134090,Actinomycetota,Bacteria,DG(P-15:2_18:1),DG,DG,Glycerolipids,LipidSearch,Bronze,3
A15_135723,Bacillota,Bacteria,DG(O-5:0_23:0),DG,DG,Glycerolipids,LipidSearch,Bronze,3
A15_50303,Methanobacteriota,Archaea,,,,,none,Unidentified,0
A15_77487,Streptophyta,Viridiplantae,,Terpenoid,Terpenoid,Prenol lipids,MS2_diagnostic,Bronze,2
A15_142946,Streptophyta,Viridiplantae,,Terpenoid,Terpenoid,Prenol lipids,MS2_diagnostic,Bronze,2
A15_92144,Streptophyta,Viridiplantae,,,,,none,Unidentified,0
A15_83759,Streptophyta,Viridiplantae,,PC/SM,PC/SM,Glycerophospholipids|Sphingolipids,MS2_diagnostic,Bronze,2
A15_80729,Streptophyta,Viridiplantae,,PC/SM,PC/SM,Glycerophospholipids|Sphingolipids,MS2_diagnostic,Bronze,2
A15_80390,Streptophyta,Viridiplantae,,,,,none,Unidentified,0
A15_162023,Bacillota,Bacteria,PE(20:4_14:0),PE,PE,Glycerophospholipids,LipidSearch,Gold,4
A15_110051,Streptophyta,Viridiplantae,DG(P-14:2_21:6),DG,DG,Glycerolipids,LipidSearch,Bronze,3
A15_65576,Streptophyta,Viridiplantae,,,,,none,Unidentified,0
A15_78286,Streptophyta,Viridiplantae,TG(18:1_15:2),TG,TG,Glycerolipids,LipidSearch,Bronze,3
A15_166877,Bacillota,Bacteria,,,,,none,Unidentified,0
A15_159054,Bacillota,Bacteria,,,,,none,Unidentified,0
A15_50212,Methanobacteriota,Archaea,,,,,none,Unidentified,0
A15_174848,Streptophyta,Viridiplantae,Cer(d18:2_19:0),Cer,Cer,Sphingolipids,LipidSearch,Bronze,3
A15_116524,Streptophyta,Viridiplantae,,,,,none,Unidentified,0
A15_8814,Bacillota,Bacteria,,,,,none,Unidentified,0
A15_23604,Streptophyta,Viridiplantae,LPA(16:0),LPA,LPA,Glycerophospholipids,LipidSearch,Bronze,3
A15_142044,Streptophyta,Viridiplantae,PA(16:1_18:3),PA,PA,Glycerophospholipids,LipidSearch,Gold,4
A15_216177,Streptophyta,Viridiplantae,TG(16:2_18:2_16:3),TG,TG,Glycerolipids,LipidSearch,Gold,4
A15_162973,Streptophyta,Viridiplantae,,,,,none,Unidentified,0
A15_48301,Streptophyta,Viridiplantae,,PC/SM,PC/SM,Glycerophospholipids|Sphingolipids,MS2_diagnostic,Bronze,2
A15_95270,Streptophyta,Viridiplantae,TG(9:0_9:0_18:4)+O:(s),TG,TG,Glycerolipids,LipidSearch,Gold,4
A15_56137,Basidiomycota,Fungi,,,,,none,Unidentified,0
A15_40722,Basidiomycota,Fungi,,,,,none,Unidentified,0
A15_42945,Basidiomycota,Fungi,,,,,none,Unidentified,0
A15_183186,Streptophyta,Viridiplantae,,,,,none,Unidentified,0
A15_157019,Bacillota,Bacteria,PA(18:2_18:3),PA,PA,Glycerophospholipids,LipidSearch,Gold,4
A15_27525,Streptophyta,Viridiplantae,,PC/SM,PC/SM,Glycerophospholipids|Sphingolipids,MS2_diagnostic,Bronze,2
A15_20637,Basidiomycota,Fungi,LPA(16:0),LPA,LPA,Glycerophospholipids,LipidSearch,Bronze,3
A15_173757,Ascomycota,Fungi,DG(O-20:5_18:0),DG,DG,Glycerolipids,LipidSearch,Bronze,3
A15_46887,Streptophyta,Viridiplantae,,Terpenoid,Terpenoid,Prenol lipids,MS2_diagnostic,Bronze,2
A15_197367,Streptophyta,Viridiplantae,,,,,none,Unidentified,0
A15_124318,Streptophyta,Viridiplantae,PC(35:6),PC,PC,Glycerophospholipids,LipidSearch,Bronze,3
A15_66959,Streptophyta,Viridiplantae,,PC/SM,PC/SM,Glycerophospholipids|Sphingolipids,MS2_diagnostic,Bronze,2
A15_92622,Basidiomycota,Fungi,,,,,none,Unidentified,0
A15_212859,Streptophyta,Viridiplantae,,,,,none,Unidentified,0
A15_28023,Streptophyta,Viridiplantae,PS(9:0_18:2),PS,PS,Glycerophospholipids,LipidSearch,Bronze,3
A15_106889,Streptophyta,Viridiplantae,TG(27:3_9:0)+O:(s),TG,TG,Glycerolipids,LipidSearch,Gold,4
A15_6715,Streptophyta,Viridiplantae,,PC/SM,PC/SM,Glycerophospholipids|Sphingolipids,MS2_diagnostic,Bronze,2
A15_165945,Bacillota,Bacteria,,,,,none,Unidentified,0
A15_164839,Bacillota,Bacteria,,,,,none,Unidentified,0
A15_179494,Streptophyta,Viridiplantae,,,,,none,Unidentified,0
A15_211145,Streptophyta,Viridiplantae,TG(49:14_18:3),TG,TG,Glycerolipids,LipidSearch,Gold,4
A15_58831,Methanobacteriota,Archaea,,,,,none,Unidentified,0
A15_159058,Bacillota,Bacteria,,,,,none,Unidentified,0
A15_154265,Ascomycota,Fungi,,,,,none,Unidentified,0
A15_153086,Ascomycota,Fungi,,,,,none,Unidentified,0
A15_122099,Streptophyta,Viridiplantae,PC(35:6),PC,PC,Glycerophospholipids,LipidSearch,Bronze,3
A15_147748,Basidiomycota,Fungi,PC(36:4),PC,PC,Glycerophospholipids,LipidSearch,Bronze,3
A15_95511,Streptophyta,Viridiplantae,TG(22:3_13:1),TG,TG,Glycerolipids,LipidSearch,Bronze,3
A15_60681,Streptophyta,Viridiplantae,PG(10:0_18:2),PG,PG,Glycerophospholipids,LipidSearch,Bronze,3
A15_47745,Ascomycota,Fungi,LPC(O-16:0),LPC,LPC,Glycerophospholipids,LipidSearch,Bronze,3
A15_44038,Ascomycota,Fungi,LPC(O-16:0),LPC,LPC,Glycerophospholipids,LipidSearch,Bronze,3
A15_49521,Ascomycota,Fungi,,,,,none,Unidentified,0
A15_68592,Basidiomycota,Fungi,TG(3:0_6:0_18:2),TG,TG,Glycerolipids,LipidSearch,Gold,4
A15_62392,Basidiomycota,Fungi,TG(9:0_18:2),TG,TG,Glycerolipids,LipidSearch,Gold,4
A15_218022,Streptophyta,Viridiplantae,,,,,none,Unidentified,0
A15_113134,Streptophyta,Viridiplantae,,PE,PE,Glycerophospholipids,MS2_diagnostic,Bronze,2
A15_95865,Streptophyta,Viridiplantae,,PC/SM,PC/SM,Glycerophospholipids|Sphingolipids,MS2_diagnostic,Bronze,2
A15_16752,Streptophyta,Viridiplantae,,SM,SM,Sphingolipids,MS2_diagnostic,Bronze,2
A15_223872,Streptophyta,Viridiplantae,,,,,none,Unidentified,0
A15_164161,Streptophyta,Viridiplantae,,GDGT/Archaeol,GDGT/Archaeol,Archaeal lipids,MS2_diagnostic,Bronze,2
A15_85682,Streptophyta,Viridiplantae,PG(16:1_16:3),PG,PG,Glycerophospholipids,LipidSearch,Gold,4
A15_87250,Streptophyta,Viridiplantae,,PC/SM,PC/SM,Glycerophospholipids|Sphingolipids,MS2_diagnostic,Bronze,2
A15_23244,Bacillota,Bacteria,,,,,none,Unidentified,0
A15_28926,Bacillota,Bacteria,,,,,none,Unidentified,0
A15_25320,Bacillota,Bacteria,,,,,none,Unidentified,0
A15_39520,Basidiomycota,Fungi,,,,,none,Unidentified,0
A15_64238,Streptophyta,Viridiplantae,,,,,none,Unidentified,0
A15_33551,Basidiomycota,Fungi,MG(O-25:8),MG,MG,Glycerolipids,LipidSearch,Bronze,3
A15_51994,Streptophyta,Viridiplantae,,,,,none,Unidentified,0
A15_224136,Streptophyta,Viridiplantae,,,,,none,Unidentified,0
A15_92080,Streptophyta,Viridiplantae,PG(18:0_18:3),PG,PG,Glycerophospholipids,LipidSearch,Bronze,3
A15_93762,Streptophyta,Viridiplantae,,Terpenoid,Terpenoid,Prenol lipids,MS2_diagnostic,Bronze,2
A15_198055,Streptophyta,Viridiplantae,TG(16:0_20:0_18:4),TG,TG,Glycerolipids,LipidSearch,Bronze,3
A15_159051,Bacillota,Bacteria,,,,,none,Unidentified,0
A15_167345,Bacillota,Bacteria,,,,,none,Unidentified,0
A15_62171,Streptophyta,Viridiplantae,PG(15:2_18:2),PG,PG,Glycerophospholipids,LipidSearch,Bronze,3
A15_65089,Streptophyta,Viridiplantae,,PC/SM,PC/SM,Glycerophospholipids|Sphingolipids,MS2_diagnostic,Bronze,2
A15_102568,Bacillota,Bacteria,,,,,none,Unidentified,0
A15_99800,Streptophyta,Viridiplantae,DGDG(16:3_18:3),DGDG,DGDG,Glycerolipids,LipidSearch,Bronze,3
A15_52580,Streptophyta,Viridiplantae,,,,,none,Unidentified,0
A15_183665,Ascomycota,Fungi,PC(O-38:3),PC,PC,Glycerophospholipids,LipidSearch,Bronze,3
A15_68289,Streptophyta,Viridiplantae,,,,,none,Unidentified,0
A15_27750,Streptophyta,Viridiplantae,,,,,none,Unidentified,0
A15_84374,Streptophyta,Viridiplantae,,,,,none,Unidentified,0
A15_109835,Streptophyta,Viridiplantae,DG(O-15:2_18:4),DG,DG,Glycerolipids,LipidSearch,Bronze,3
A15_117912,Streptophyta,Viridiplantae,,,,,none,Unidentified,0
A15_159725,Streptophyta,Viridiplantae,,,,,none,Unidentified,0
A15_99720,Streptophyta,Viridiplantae,PS(15:1_16:0),PS,PS,Glycerophospholipids,LipidSearch,Bronze,3
A15_115814,Streptophyta,Viridiplantae,TG(18:2_16:1),TG,TG,Glycerolipids,LipidSearch,Gold,4
A15_163301,Streptophyta,Viridiplantae,,,,,none,Unidentified,0
A15_194420,Streptophyta,Viridiplantae,TG(8:0_18:1_18:3)+O:(s),TG,TG,Glycerolipids,LipidSearch,Gold,4
A15_172905,Bacillota,Bacteria,DG(16:1_18:2),DG,DG,Glycerolipids,LipidSearch,Gold,4
A15_130613,Streptophyta,Viridiplantae,,,,,none,Unidentified,0
A15_39325,Basidiomycota,Fungi,MG(O-25:8),MG,MG,Glycerolipids,LipidSearch,Bronze,3
A15_7322,Streptophyta,Viridiplantae,LPG(18:3),LPG,LPG,Glycerophospholipids,LipidSearch,Bronze,3
A15_179504,Streptophyta,Viridiplantae,PC(19:1_16:0),PC,PC,Glycerophospholipids,LipidSearch,Bronze,3
A15_14760,Bacillota,Bacteria,PEt(22:3_3:0),PEt,PEt,Glycerophospholipids,LipidSearch,Bronze,3
A15_16330,Bacillota,Bacteria,PEt(22:3_3:0),PEt,PEt,Glycerophospholipids,LipidSearch,Bronze,3
A15_25093,Bacillota,Bacteria,,,,,none,Unidentified,0
A15_28287,Bacillota,Bacteria,,,,,none,Unidentified,0
A15_22290,Bacillota,Bacteria,,,,,none,Unidentified,0
A15_29134,Bacillota,Bacteria,,,,,none,Unidentified,0
A15_157509,Actinomycetota,Bacteria,PC(30:0),PC,PC,Glycerophospholipids,LipidSearch,Bronze,3
A15_155517,Actinomycetota,Bacteria,PC(30:0),PC,PC,Glycerophospholipids,LipidSearch,Bronze,3
A15_156467,Actinomycetota,Bacteria,PC(30:0),PC,PC,Glycerophospholipids,LipidSearch,Bronze,3
A15_159134,Actinomycetota,Bacteria,PC(30:0),PC,PC,Glycerophospholipids,LipidSearch,Bronze,3
A15_121119,Streptophyta,Viridiplantae,TG(18:2_18:3),TG,TG,Glycerolipids,LipidSearch,Gold,4
A15_30276,Streptophyta,Viridiplantae,,Terpenoid,Terpenoid,Prenol lipids,MS2_diagnostic,Bronze,2
A15_51515,Basidiomycota,Fungi,,,,,none,Unidentified,0
A15_53568,Basidiomycota,Fungi,,,,,none,Unidentified,0
A15_74475,Streptophyta,Viridiplantae,,,,,none,Unidentified,0
A15_132127,Streptophyta,Viridiplantae,PE(20:5_20:5),PE,PE,Glycerophospholipids,LipidSearch,Gold,4
A15_142443,Streptophyta,Viridiplantae,,Terpenoid,Terpenoid,Prenol lipids,MS2_diagnostic,Bronze,2
A15_112816,Streptophyta,Viridiplantae,,,,,none,Unidentified,0
A15_53144,Streptophyta,Viridiplantae,,Ceramide,Ceramide,Sphingolipids,MS2_diagnostic,Bronze,2
A15_35970,Bacillota,Bacteria,,,,,none,Unidentified,0
A15_94136,Streptophyta,Viridiplantae,TG(18:3_18:3),TG,TG,Glycerolipids,LipidSearch,Gold,4
A15_144295,Basidiomycota,Fungi,TG(18:1_18:1),TG,TG,Glycerolipids,LipidSearch,Gold,4
A15_83397,Streptophyta,Viridiplantae,PG(O-11:0_23:5),PG,PG,Glycerophospholipids,LipidSearch,Bronze,3
A15_78124,Streptophyta,Viridiplantae,,Terpenoid,Terpenoid,Prenol lipids,MS2_diagnostic,Bronze,2
A15_82418,Streptophyta,Viridiplantae,TG(21:2_2:0_3:0),TG,TG,Glycerolipids,LipidSearch,Bronze,3
A15_161574,Ascomycota,Fungi,,,,,none,Unidentified,0
A15_87302,Streptophyta,Viridiplantae,,PC/SM,PC/SM,Glycerophospholipids|Sphingolipids,MS2_diagnostic,Bronze,2
A15_55550,Basidiomycota,Fungi,,,,,none,Unidentified,0
A15_207401,Actinomycetota,Bacteria,TG(16:1_16:1_16:1)+OO:(s),TG,TG,Glycerolipids,LipidSearch,Gold,4
A15_116104,Streptophyta,Viridiplantae,,PC/SM,PC/SM,Glycerophospholipids|Sphingolipids,MS2_diagnostic,Bronze,2
A15_172891,Streptophyta,Viridiplantae,,,,,none,Unidentified,0
A15_15100,Streptophyta,Viridiplantae,TG(24:4_2:0)+O:(s),TG,TG,Glycerolipids,LipidSearch,Bronze,3
A15_72615,Methanobacteriota,Archaea,,,,,none,Unidentified,0
A15_73884,Methanobacteriota,Archaea,,,,,none,Unidentified,0
A15_933,Streptophyta,Viridiplantae,TG(22:7_2:0_2:0),TG,TG,Glycerolipids,LipidSearch,Gold,4
A15_26611,Ascomycota,Fungi,,,,,none,Unidentified,0
A15_80258,Streptophyta,Viridiplantae,,,,,none,Unidentified,0
A15_224019,Streptophyta,Viridiplantae,,,,,none,Unidentified,0
A15_35447,Streptophyta,Viridiplantae,,,,,none,Unidentified,0
A15_41479,Methanobacteriota,Archaea,,,,,none,Unidentified,0
A15_42640,Methanobacteriota,Archaea,,,,,none,Unidentified,0
A15_20173,Bacillota,Bacteria,,,,,none,Unidentified,0
A15_24030,Bacillota,Bacteria,,,,,none,Unidentified,0
A15_23205,Bacillota,Bacteria,,,,,none,Unidentified,0
A15_20847,Basidiomycota,Fungi,,,,,none,Unidentified,0
A15_21579,Basidiomycota,Fungi,,Terpenoid,Terpenoid,Prenol lipids,MS2_diagnostic,Bronze,2
A15_73881,Ascomycota,Fungi,,,,,none,Unidentified,0
A15_101197,Bacillota,Bacteria,,,,,none,Unidentified,0
A15_89763,Streptophyta,Viridiplantae,PS(26:8_16:0),PS,PS,Glycerophospholipids,LipidSearch,Bronze,3
A15_38235,Streptophyta,Viridiplantae,,,,,none,Unidentified,0
A15_4364,Bacillota,Bacteria,,,,,none,Unidentified,0
A15_79793,Streptophyta,Viridiplantae,PG(18:2_18:3),PG,PG,Glycerophospholipids,LipidSearch,Gold,4
A15_85550,Basidiomycota,Fungi,TG(18:2_18:2)+O:(s),TG,TG,Glycerolipids,LipidSearch,Bronze,3
A15_168553,Bacillota,Bacteria,,,,,none,Unidentified,0
A15_169921,Bacillota,Bacteria,,,,,none,Unidentified,0
A15_19623,Bacillota,Bacteria,,,,,none,Unidentified,0
A15_104903,Streptophyta,Viridiplantae,,PC/SM,PC/SM,Glycerophospholipids|Sphingolipids,MS2_diagnostic,Bronze,2
A15_122820,Streptophyta,Viridiplantae,,,,,none,Unidentified,0
A15_116373,Streptophyta,Viridiplantae,DGDG(18:3_20:5),DGDG,DGDG,Glycerolipids,LipidSearch,Gold,4
A15_109734,Basidiomycota,Fungi,TG(18:0_18:2)+O:(s),TG,TG,Glycerolipids,LipidSearch,Gold,4
A15_155301,Pseudomonadota,Bacteria,PG(16:1_18:1),PG,PG,Glycerophospholipids,LipidSearch,Gold,4
A15_114146,Streptophyta,Viridiplantae,PI(13:0_16:0),PI,PI,Glycerophospholipids,LipidSearch,Bronze,3
A15_21665,Bacillota,Bacteria,,,,,none,Unidentified,0
A15_27043,Bacillota,Bacteria,,,,,none,Unidentified,0
A15_23689,Bacillota,Bacteria,,,,,none,Unidentified,0
A15_113733,Streptophyta,Viridiplantae,PI(22:7_18:2),PI,PI,Glycerophospholipids,LipidSearch,Gold,4
A15_192877,Streptophyta,Viridiplantae,Cer(d18:2_24:1)+2O:(s),Cer,Cer,Sphingolipids,LipidSearch,Bronze,3
A15_119689,Basidiomycota,Fungi,PC(P-41:12),PC,PC,Glycerophospholipids,LipidSearch,Bronze,3
A15_108063,Streptophyta,Viridiplantae,DG(2:0_22:2),DG,DG,Glycerolipids,LipidSearch,Gold,4
A15_215423,Basidiomycota,Fungi,,,,,none,Unidentified,0
A15_114178,Streptophyta,Viridiplantae,,,,,none,Unidentified,0
A15_31928,Streptophyta,Viridiplantae,,,,,none,Unidentified,0
A15_77811,Streptophyta,Viridiplantae,,,,,none,Unidentified,0
A15_83064,Ascomycota,Fungi,,,,,none,Unidentified,0
A15_20029,Discosea,Protists,PC(21:3),PC,PC,Glycerophospholipids,LipidSearch,Bronze,3
A15_185051,Basidiomycota,Fungi,TG(18:3_18:1_18:1)+OO:(s),TG,TG,Glycerolipids,LipidSearch,Bronze,3
A15_118623,Streptophyta,Viridiplantae,,Terpenoid,Terpenoid,Prenol lipids,MS2_diagnostic,Bronze,2
A15_3507,Streptophyta,Viridiplantae,TG(6:0_6:0_6:0),TG,TG,Glycerolipids,LipidSearch,Bronze,3
A15_83306,Streptophyta,Viridiplantae,,Terpenoid,Terpenoid,Prenol lipids,MS2_diagnostic,Bronze,2
A15_115688,Streptophyta,Viridiplantae,DG(32:7),DG,DG,Glycerolipids,LipidSearch,Bronze,3
A15_216273,Bacillota,Bacteria,,,,,none,Unidentified,0
A15_215102,Bacillota,Bacteria,,,,,none,Unidentified,0
A15_217469,Bacillota,Bacteria,,,,,none,Unidentified,0
A15_218661,Bacillota,Bacteria,,,,,none,Unidentified,0
A15_173649,Streptophyta,Viridiplantae,,PC/SM,PC/SM,Glycerophospholipids|Sphingolipids,MS2_diagnostic,Bronze,2
A15_31082,Streptophyta,Viridiplantae,,PC/SM,PC/SM,Glycerophospholipids|Sphingolipids,MS2_diagnostic,Bronze,2
A15_106167,Streptophyta,Viridiplantae,,Terpenoid,Terpenoid,Prenol lipids,MS2_diagnostic,Bronze,2
A15_210105,Streptophyta,Viridiplantae,,PC/SM,PC/SM,Glycerophospholipids|Sphingolipids,MS2_diagnostic,Bronze,2
A15_127607,Streptophyta,Viridiplantae,,Terpenoid,Terpenoid,Prenol lipids,MS2_diagnostic,Bronze,2
A15_216888,Streptophyta,Viridiplantae,,,,,none,Unidentified,0
A15_119245,Streptophyta,Viridiplantae,,,,,none,Unidentified,0
A15_182529,Methanobacteriota,Archaea,DG(22:1_28:7),DG,DG,Glycerolipids,LipidSearch,Bronze,3
A15_211233,Streptophyta,Viridiplantae,DG(O-15:2_24:0),DG,DG,Glycerolipids,LipidSearch,Bronze,3
A15_93724,Bacillota,Bacteria,,,,,none,Unidentified,0
A15_176352,Actinomycetota,Bacteria,PC(34:3),PC,PC,Glycerophospholipids,LipidSearch,Bronze,3
A15_132497,Streptophyta,Viridiplantae,,,,,none,Unidentified,0
A15_79511,Streptophyta,Viridiplantae,TG(30:3)+O:(s),TG,TG,Glycerolipids,LipidSearch,Bronze,3
A15_30678,Streptophyta,Viridiplantae,,PC/SM,PC/SM,Glycerophospholipids|Sphingolipids,MS2_diagnostic,Bronze,2
A15_84661,Streptophyta,Viridiplantae,,,,,none,Unidentified,0
A15_132537,Streptophyta,Viridiplantae,,Terpenoid,Terpenoid,Prenol lipids,MS2_diagnostic,Bronze,2
A15_121465,Streptophyta,Viridiplantae,BisMePA(30:3),BisMePA,BisMePA,Glycerophospholipids,LipidSearch,Bronze,3
A15_85741,Streptophyta,Viridiplantae,,PC/SM,PC/SM,Glycerophospholipids|Sphingolipids,MS2_diagnostic,Bronze,2
A15_89591,Streptophyta,Viridiplantae,,PC/SM,PC/SM,Glycerophospholipids|Sphingolipids,MS2_diagnostic,Bronze,2
A15_88092,Streptophyta,Viridiplantae,,PC/SM,PC/SM,Glycerophospholipids|Sphingolipids,MS2_diagnostic,Bronze,2
A15_189700,Streptophyta,Viridiplantae,Cer(d18:2_24:1)+O:(s),Cer,Cer,Sphingolipids,LipidSearch,Bronze,3
A15_122035,Streptophyta,Viridiplantae,MGDG(20:5_20:5),MGDG,MGDG,Glycerolipids,LipidSearch,Gold,4
A15_139575,Streptophyta,Viridiplantae,PEt(24:7_16:0),PEt,PEt,Glycerophospholipids,LipidSearch,Bronze,3
A15_37400,Streptophyta,Viridiplantae,,Terpenoid,Terpenoid,Prenol lipids,MS2_diagnostic,Bronze,2
A15_136468,Ascomycota,Fungi,PC(38:4),PC,PC,Glycerophospholipids,LipidSearch,Bronze,3
A15_211464,Streptophyta,Viridiplantae,DG(O-15:1_23:0),DG,DG,Glycerolipids,LipidSearch,Bronze,3
A15_61412,Streptophyta,Viridiplantae,,PC/SM,PC/SM,Glycerophospholipids|Sphingolipids,MS2_diagnostic,Bronze,2
A15_25005,Streptophyta,Viridiplantae,PS(9:0_16:0),PS,PS,Glycerophospholipids,LipidSearch,Bronze,3
A15_171443,Streptophyta,Viridiplantae,TG(25:1_18:3)+O:(s),TG,TG,Glycerolipids,LipidSearch,Bronze,3
A15_180103,Streptophyta,Viridiplantae,,PC/SM,PC/SM,Glycerophospholipids|Sphingolipids,MS2_diagnostic,Bronze,2
A15_109291,Streptophyta,Viridiplantae,TG(30:5_15:2),TG,TG,Glycerolipids,LipidSearch,Bronze,3
A15_7610,Streptophyta,Viridiplantae,,,,,none,Unidentified,0
A15_99040,Streptophyta,Viridiplantae,TG(15:0_16:1),TG,TG,Glycerolipids,LipidSearch,Bronze,3
A15_61377,Ascomycota,Fungi,,,,,none,Unidentified,0
A15_154427,Bacillota,Bacteria,,,,,none,Unidentified,0
A15_25730,Streptophyta,Viridiplantae,PS(9:0_18:2),PS,PS,Glycerophospholipids,LipidSearch,Bronze,3
A15_118147,Streptophyta,Viridiplantae,TG(2:0_18:3_18:3)+O:(s),TG,TG,Glycerolipids,LipidSearch,Bronze,3
A15_105373,Streptophyta,Viridiplantae,DGDG(16:3_18:3),DGDG,DGDG,Glycerolipids,LipidSearch,Bronze,3
A15_201305,Streptophyta,Viridiplantae,,Terpenoid,Terpenoid,Prenol lipids,MS2_diagnostic,Bronze,2
A15_166166,Streptophyta,Viridiplantae,Cer(d18:2_18:1),Cer,Cer,Sphingolipids,LipidSearch,Bronze,3
A15_56525,Streptophyta,Viridiplantae,TG(3:0_15:2_15:2),TG,TG,Glycerolipids,LipidSearch,Bronze,3
A15_158246,Streptophyta,Viridiplantae,,PC/SM,PC/SM,Glycerophospholipids|Sphingolipids,MS2_diagnostic,Bronze,2
A15_44561,Streptophyta,Viridiplantae,,PC/SM,PC/SM,Glycerophospholipids|Sphingolipids,MS2_diagnostic,Bronze,2
A15_118458,Streptophyta,Viridiplantae,DG(O-16:1_16:0),DG,DG,Glycerolipids,LipidSearch,Bronze,3
A15_104456,Streptophyta,Viridiplantae,TG(18:2_16:1)+O:(s),TG,TG,Glycerolipids,LipidSearch,Gold,4
A15_128514,Ascomycota,Fungi,DG(O-16:1_22:3),DG,DG,Glycerolipids,LipidSearch,Bronze,3
A15_142798,Basidiomycota,Fungi,TG(18:1_18:1),TG,TG,Glycerolipids,LipidSearch,Gold,4
A15_54235,Streptophyta,Viridiplantae,,,,,none,Unidentified,0
A15_74170,Methanobacteriota,Archaea,,,,,none,Unidentified,0
A15_72632,Methanobacteriota,Archaea,,,,,none,Unidentified,0
A15_100391,Streptophyta,Viridiplantae,DG(13:0_16:0),DG,DG,Glycerolipids,LipidSearch,Gold,4
A15_92813,Streptophyta,Viridiplantae,,,,,none,Unidentified,0
A15_66786,Streptophyta,Viridiplantae,,Ceramide,Ceramide,Sphingolipids,MS2_diagnostic,Bronze,2
A15_108196,Streptophyta,Viridiplantae,TG(O-10:0_6:0_18:4),TG,TG,Glycerolipids,LipidSearch,Bronze,3
A15_113487,Streptophyta,Viridiplantae,,PC/SM,PC/SM,Glycerophospholipids|Sphingolipids,MS2_diagnostic,Bronze,2
A15_79530,Streptophyta,Viridiplantae,,,,,none,Unidentified,0
A15_141420,Streptophyta,Viridiplantae,,,,,none,Unidentified,0
A15_73267,Streptophyta,Viridiplantae,PG(12:1_28:8),PG,PG,Glycerophospholipids,LipidSearch,Bronze,3
A15_49461,Streptophyta,Viridiplantae,TG(32:5)+OO:(s),TG,TG,Glycerolipids,LipidSearch,Bronze,3
A15_208952,Streptophyta,Viridiplantae,TG(34:2_22:5),TG,TG,Glycerolipids,LipidSearch,Bronze,3
A15_50621,Streptophyta,Viridiplantae,,Terpenoid,Terpenoid,Prenol lipids,MS2_diagnostic,Bronze,2
A15_57590,Streptophyta,Viridiplantae,,PC/SM,PC/SM,Glycerophospholipids|Sphingolipids,MS2_diagnostic,Bronze,2
A15_134145,Bacillota,Bacteria,PG(15:1_15:0),PG,PG,Glycerophospholipids,LipidSearch,Gold,4
A15_149061,Basidiomycota,Fungi,PC(36:4),PC,PC,Glycerophospholipids,LipidSearch,Bronze,3
A15_107251,Streptophyta,Viridiplantae,,PC/SM,PC/SM,Glycerophospholipids|Sphingolipids,MS2_diagnostic,Bronze,2
A15_36638,Methanobacteriota,Archaea,,,,,none,Unidentified,0
A15_121725,Streptophyta,Viridiplantae,,Terpenoid,Terpenoid,Prenol lipids,MS2_diagnostic,Bronze,2
A15_65222,Streptophyta,Viridiplantae,,PC/SM,PC/SM,Glycerophospholipids|Sphingolipids,MS2_diagnostic,Bronze,2
A15_207489,Streptophyta,Viridiplantae,,,,,none,Unidentified,0
A15_61680,Streptophyta,Viridiplantae,,PC/SM,PC/SM,Glycerophospholipids|Sphingolipids,MS2_diagnostic,Bronze,2
A15_57127,Basidiomycota,Fungi,,,,,none,Unidentified,0
A15_58649,Basidiomycota,Fungi,,,,,none,Unidentified,0
A15_56126,Basidiomycota,Fungi,,,,,none,Unidentified,0
A15_141042,Streptophyta,Viridiplantae,DG(18:1_18:3),DG,DG,Glycerolipids,LipidSearch,Gold,4
A15_69273,Streptophyta,Viridiplantae,,,,,none,Unidentified,0
A15_112167,Streptophyta,Viridiplantae,,PC/SM,PC/SM,Glycerophospholipids|Sphingolipids,MS2_diagnostic,Bronze,2
A15_113421,Streptophyta,Viridiplantae,,,,,none,Unidentified,0
A15_92534,Streptophyta,Viridiplantae,TG(3:0_6:0_18:0),TG,TG,Glycerolipids,LipidSearch,Gold,4
A15_68570,Basidiomycota,Fungi,,,,,none,Unidentified,0
A15_45125,Ascomycota,Fungi,,,,,none,Unidentified,0
A15_99722,Streptophyta,Viridiplantae,TG(34:4)+O:(s),TG,TG,Glycerolipids,LipidSearch,Bronze,3
A15_168562,Methanobacteriota,Archaea,,,,,none,Unidentified,0
A15_146959,Streptophyta,Viridiplantae,DG(O-29:3),DG,DG,Glycerolipids,LipidSearch,Bronze,3
A15_152076,Streptophyta,Viridiplantae,,PC/SM,PC/SM,Glycerophospholipids|Sphingolipids,MS2_diagnostic,Bronze,2
A15_157830,Streptophyta,Viridiplantae,PG(17:0_17:1),PG,PG,Glycerophospholipids,LipidSearch,Gold,4
A15_26139,Streptophyta,Viridiplantae,,DGTS,DGTS,Betaine lipids,MS2_diagnostic,Bronze,2
A15_4230,Streptophyta,Viridiplantae,TG(5:0_13:1),TG,TG,Glycerolipids,LipidSearch,Bronze,3
A15_48135,Streptophyta,Viridiplantae,,PC/SM,PC/SM,Glycerophospholipids|Sphingolipids,MS2_diagnostic,Bronze,2
A15_111878,Streptophyta,Viridiplantae,,,,,none,Unidentified,0
A15_106838,Streptophyta,Viridiplantae,,Terpenoid,Terpenoid,Prenol lipids,MS2_diagnostic,Bronze,2
A15_207487,Streptophyta,Viridiplantae,,Terpenoid,Terpenoid,Prenol lipids,MS2_diagnostic,Bronze,2
A15_192977,Bacillota,Bacteria,,,,,none,Unidentified,0
A15_103681,Streptophyta,Viridiplantae,TG(16:1_18:4),TG,TG,Glycerolipids,LipidSearch,Bronze,3
A15_195138,Streptophyta,Viridiplantae,,Terpenoid,Terpenoid,Prenol lipids,MS2_diagnostic,Bronze,2
A15_73292,Streptophyta,Viridiplantae,DG(P-6:0_20:6),DG,DG,Glycerolipids,LipidSearch,Bronze,3
A15_20597,Bacillota,Bacteria,,,,,none,Unidentified,0
A15_17001,Bacillota,Bacteria,,,,,none,Unidentified,0
A15_15496,Bacillota,Bacteria,,,,,none,Unidentified,0
A15_140689,Ascomycota,Fungi,PC(35:5),PC,PC,Glycerophospholipids,LipidSearch,Bronze,3
A15_44721,Bacillota,Bacteria,,,,,none,Unidentified,0
A15_38106,Bacillota,Bacteria,,,,,none,Unidentified,0
A15_129744,Bacillota,Bacteria,WE(O-30:5),WE,WE,Fatty acyls,LipidSearch,Bronze,3
A15_79628,Streptophyta,Viridiplantae,,PC/SM,PC/SM,Glycerophospholipids|Sphingolipids,MS2_diagnostic,Bronze,2
A15_77899,Streptophyta,Viridiplantae,,PC/SM,PC/SM,Glycerophospholipids|Sphingolipids,MS2_diagnostic,Bronze,2
A15_108326,Streptophyta,Viridiplantae,Cer(d16:1_18:1)+O:(s),Cer,Cer,Sphingolipids,LipidSearch,Gold,4
A15_116964,Streptophyta,Viridiplantae,DG(O-13:0_18:3),DG,DG,Glycerolipids,LipidSearch,Bronze,3
A15_104132,Streptophyta,Viridiplantae,,PE,PE,Glycerophospholipids,MS2_diagnostic,Bronze,2
A15_150776,Streptophyta,Viridiplantae,,,,,none,Unidentified,0
A15_107511,Bacillota,Bacteria,,,,,none,Unidentified,0
A15_102234,Bacillota,Bacteria,,,,,none,Unidentified,0
A15_103381,Bacillota,Bacteria,,,,,none,Unidentified,0
A15_137739,Streptophyta,Viridiplantae,,,,,none,Unidentified,0
A15_141675,Streptophyta,Viridiplantae,,,,,none,Unidentified,0
A15_36224,Streptophyta,Viridiplantae,,Terpenoid,Terpenoid,Prenol lipids,MS2_diagnostic,Bronze,2
A15_173196,Pseudomonadota,Bacteria,MGDG(16:0_18:2),MGDG,MGDG,Glycerolipids,LipidSearch,Bronze,3
A15_77897,Streptophyta,Viridiplantae,,,,,none,Unidentified,0
A15_60334,Basidiomycota,Fungi,LPC(P-17:2),LPC,LPC,Glycerophospholipids,LipidSearch,Bronze,3
A15_61877,Basidiomycota,Fungi,LPC(P-17:2),LPC,LPC,Glycerophospholipids,LipidSearch,Bronze,3
A15_64232,Basidiomycota,Fungi,LPC(P-17:2),LPC,LPC,Glycerophospholipids,LipidSearch,Bronze,3
A15_182236,Streptophyta,Viridiplantae,,PE,PE,Glycerophospholipids,MS2_diagnostic,Bronze,2
A15_60989,Streptophyta,Viridiplantae,,,,,none,Unidentified,0
A15_5184,Basidiomycota,Fungi,,,,,none,Unidentified,0
A15_6599,Basidiomycota,Fungi,,,,,none,Unidentified,0
A15_115460,Streptophyta,Viridiplantae,,Glycolipid,Glycolipid,Glycerolipids,MS2_diagnostic,Bronze,2
A15_210625,Streptophyta,Viridiplantae,,,,,none,Unidentified,0
A15_179480,Bacillota,Bacteria,DG(O-25:8_16:3),DG,DG,Glycerolipids,LipidSearch,Bronze,3
A15_181280,Bacillota,Bacteria,DG(O-25:8_16:3),DG,DG,Glycerolipids,LipidSearch,Bronze,3
A15_67430,Streptophyta,Viridiplantae,,,,,none,Unidentified,0
A15_114317,Streptophyta,Viridiplantae,,,,,none,Unidentified,0
A15_99521,Streptophyta,Viridiplantae,,,,,none,Unidentified,0
A15_22984,Streptophyta,Viridiplantae,,PC/SM,PC/SM,Glycerophospholipids|Sphingolipids,MS2_diagnostic,Bronze,2
A15_120742,Streptophyta,Viridiplantae,TG(P-11:0_15:2_5:0),TG,TG,Glycerolipids,LipidSearch,Bronze,3
A15_81944,Streptophyta,Viridiplantae,,,,,none,Unidentified,0
A15_47405,Streptophyta,Viridiplantae,,Terpenoid,Terpenoid,Prenol lipids,MS2_diagnostic,Bronze,2
A15_90096,Streptophyta,Viridiplantae,,,,,none,Unidentified,0
A15_40398,Streptophyta,Viridiplantae,,PC/SM,PC/SM,Glycerophospholipids|Sphingolipids,MS2_diagnostic,Bronze,2
A15_218269,Bacillota,Bacteria,,,,,none,Unidentified,0
A15_141217,Streptophyta,Viridiplantae,Hex1Cer(d18:2_16:1),Hex1Cer,HexCer,Sphingolipids,LipidSearch,Gold,4
A15_17684,Basidiomycota,Fungi,TG(21:5_2:0_2:0),TG,TG,Glycerolipids,LipidSearch,Bronze,3
A15_32069,Methanobacteriota,Archaea,,,,,none,Unidentified,0
A15_159345,Basidiomycota,Fungi,BisMePA(36:4),BisMePA,BisMePA,Glycerophospholipids,LipidSearch,Bronze,3
A15_161717,Basidiomycota,Fungi,BisMePA(36:4),BisMePA,BisMePA,Glycerophospholipids,LipidSearch,Bronze,3
A15_160801,Basidiomycota,Fungi,BisMePA(36:4),BisMePA,BisMePA,Glycerophospholipids,LipidSearch,Bronze,3
A15_10782,Bacillota,Bacteria,,,,,none,Unidentified,0
A15_8429,Bacillota,Bacteria,,,,,none,Unidentified,0
A15_50296,Ascomycota,Fungi,,,,,none,Unidentified,0
A15_100791,Streptophyta,Viridiplantae,,PC/SM,PC/SM,Glycerophospholipids|Sphingolipids,MS2_diagnostic,Bronze,2
A15_174410,Streptophyta,Viridiplantae,,Ubiquinone,Ubiquinone,Prenol lipids,MS2_diagnostic,Bronze,2
A15_229316,Bacillota,Bacteria,TG(15:0_16:0_16:0),TG,TG,Glycerolipids,LipidSearch,Gold,4
A15_147964,Pseudomonadota,Bacteria,DG(P-15:2_18:1),DG,DG,Glycerolipids,LipidSearch,Bronze,3
A15_146317,Pseudomonadota,Bacteria,DG(P-15:2_18:1),DG,DG,Glycerolipids,LipidSearch,Bronze,3
A15_30234,Streptophyta,Viridiplantae,LPG(O-16:0),LPG,LPG,Glycerophospholipids,LipidSearch,Bronze,3
A15_72381,Streptophyta,Viridiplantae,,PC/SM,PC/SM,Glycerophospholipids|Sphingolipids,MS2_diagnostic,Bronze,2
A15_41898,Ascomycota,Fungi,PI(27:6_15:0),PI,PI,Glycerophospholipids,LipidSearch,Bronze,3
A15_42858,Ascomycota,Fungi,DG(23:6_2:0),DG,DG,Glycerolipids,LipidSearch,Bronze,3
A15_70489,Streptophyta,Viridiplantae,,PC/SM,PC/SM,Glycerophospholipids|Sphingolipids,MS2_diagnostic,Bronze,2
A15_96022,Streptophyta,Viridiplantae,,PC/SM,PC/SM,Glycerophospholipids|Sphingolipids,MS2_diagnostic,Bronze,2
A15_91068,Streptophyta,Viridiplantae,TG(27:2_3:0)+O:(s),TG,TG,Glycerolipids,LipidSearch,Bronze,3
A15_205561,Streptophyta,Viridiplantae,DG(O-18:4_16:0),DG,DG,Glycerolipids,LipidSearch,Bronze,3
A15_45720,Ascomycota,Fungi,PEt(O-5:0_14:2),PEt,PEt,Glycerophospholipids,LipidSearch,Bronze,3
A15_35129,Streptophyta,Viridiplantae,,,,,none,Unidentified,0
A15_17573,Bacillota,Bacteria,,,,,none,Unidentified,0
A15_17786,Streptophyta,Viridiplantae,TG(26:7),TG,TG,Glycerolipids,LipidSearch,Bronze,3
A15_214417,Streptophyta,Viridiplantae,TG(18:2_18:2_18:3)+O:(s),TG,TG,Glycerolipids,LipidSearch,Gold,4
A15_67956,Basidiomycota,Fungi,TG(18:1_18:2)+OO:(s),TG,TG,Glycerolipids,LipidSearch,Bronze,3
A15_49356,Streptophyta,Viridiplantae,,Terpenoid,Terpenoid,Prenol lipids,MS2_diagnostic,Bronze,2
A15_177241,Basidiomycota,Fungi,,PC/SM,PC/SM,Glycerophospholipids|Sphingolipids,MS2_diagnostic,Bronze,2
A15_23146,Ascomycota,Fungi,,,,,none,Unidentified,0
A15_180603,Actinomycetota,Bacteria,DG(20:4_20:5),DG,DG,Glycerolipids,LipidSearch,Gold,4
A15_42342,Streptophyta,Viridiplantae,,,,,none,Unidentified,0
A15_103928,Streptophyta,Viridiplantae,TG(18:1_18:4)+O:(s),TG,TG,Glycerolipids,LipidSearch,Bronze,3
A15_102728,Streptophyta,Viridiplantae,TG(5:0_29:2)+O:(s),TG,TG,Glycerolipids,LipidSearch,Bronze,3
A15_30558,Bacillota,Bacteria,,,,,none,Unidentified,0
A15_1513,Pseudomonadota,Bacteria,,,,,none,Unidentified,0
A15_115552,Streptophyta,Viridiplantae,,,,,none,Unidentified,0
A15_178708,Bacillota,Bacteria,,,,,none,Unidentified,0
A15_71470,Streptophyta,Viridiplantae,,PC/SM,PC/SM,Glycerophospholipids|Sphingolipids,MS2_diagnostic,Bronze,2
A15_209205,Streptophyta,Viridiplantae,TG(16:0_16:0_18:4),TG,TG,Glycerolipids,LipidSearch,Gold,4
A15_24897,Streptophyta,Viridiplantae,,Terpenoid,Terpenoid,Prenol lipids,MS2_diagnostic,Bronze,2
A15_175564,Streptophyta,Viridiplantae,,,,,none,Unidentified,0
A15_68571,Streptophyta,Viridiplantae,,,,,none,Unidentified,0
A15_32518,Bacillota,Bacteria,,,,,none,Unidentified,0
A15_124087,Streptophyta,Viridiplantae,DG(18:1_18:4),DG,DG,Glycerolipids,LipidSearch,Gold,4
A15_109757,Streptophyta,Viridiplantae,TG(17:2_16:0)+O:(s),TG,TG,Glycerolipids,LipidSearch,Bronze,3
A15_205988,Streptophyta,Viridiplantae,DG(O-25:8_18:2),DG,DG,Glycerolipids,LipidSearch,Bronze,3
A15_74606,Streptophyta,Viridiplantae,,,,,none,Unidentified,0
A15_130864,Streptophyta,Viridiplantae,TG(18:0_18:3),TG,TG,Glycerolipids,LipidSearch,Bronze,3
A15_1778,Bacillota,Bacteria,,,,,none,Unidentified,0
A15_3814,Bacillota,Bacteria,,,,,none,Unidentified,0
A15_47833,Streptophyta,Viridiplantae,,,,,none,Unidentified,0
A15_31302,Streptophyta,Viridiplantae,,PC/SM,PC/SM,Glycerophospholipids|Sphingolipids,MS2_diagnostic,Bronze,2
A15_60266,Streptophyta,Viridiplantae,TG(18:4_9:0_9:0)+OO:(s),TG,TG,Glycerolipids,LipidSearch,Bronze,3
A15_137706,Streptophyta,Viridiplantae,TG(3:0_18:0_15:2)+O:(s),TG,TG,Glycerolipids,LipidSearch,Gold,4
A15_43459,Bacillota,Bacteria,,,,,none,Unidentified,0
A15_44726,Bacillota,Bacteria,,,,,none,Unidentified,0
A15_41640,Bacillota,Bacteria,,,,,none,Unidentified,0
A15_3816,Bacillota,Bacteria,,,,,none,Unidentified,0
A15_1650,Bacillota,Bacteria,,,,,none,Unidentified,0
A15_161875,Actinomycetota,Bacteria,MGDG(14:0_17:0),MGDG,MGDG,Glycerolipids,LipidSearch,Gold,4
A15_194375,Streptophyta,Viridiplantae,,Ceramide,Ceramide,Sphingolipids,MS2_diagnostic,Bronze,2
A15_105823,Streptophyta,Viridiplantae,,,,,none,Unidentified,0
A15_2138,Streptophyta,Viridiplantae,,,,,none,Unidentified,0
A15_194649,Streptophyta,Viridiplantae,,,,,none,Unidentified,0
A15_217078,Streptophyta,Viridiplantae,,Sterol,Sterol,Sterol lipids,MS2_diagnostic,Bronze,2
A15_194736,Bacillota,Bacteria,DGDG(8:0_22:1),DGDG,DGDG,Glycerolipids,LipidSearch,Bronze,3
A15_197640,Bacillota,Bacteria,PI(20:4_18:1),PI,PI,Glycerophospholipids,LipidSearch,Bronze,3
A15_192324,Bacillota,Bacteria,DGDG(10:0_20:1),DGDG,DGDG,Glycerolipids,LipidSearch,Bronze,3
A15_200412,Bacillota,Bacteria,DGDG(10:0_20:1),DGDG,DGDG,Glycerolipids,LipidSearch,Bronze,3
A15_85020,Streptophyta,Viridiplantae,MG(26:5),MG,MG,Glycerolipids,LipidSearch,Bronze,3
A15_184195,Streptophyta,Viridiplantae,,Ubiquinone,Ubiquinone,Prenol lipids,MS2_diagnostic,Bronze,2
A15_213455,Methanobacteriota,Archaea,,,,,none,Unidentified,0
A15_211671,Methanobacteriota,Archaea,,,,,none,Unidentified,0
A15_51172,Basidiomycota,Fungi,,,,,none,Unidentified,0
A15_49439,Basidiomycota,Fungi,,,,,none,Unidentified,0
A15_39739,Streptophyta,Viridiplantae,,PE,PE,Glycerophospholipids,MS2_diagnostic,Bronze,2
A15_141030,Streptophyta,Viridiplantae,,Terpenoid,Terpenoid,Prenol lipids,MS2_diagnostic,Bronze,2
A15_16448,Bacillota,Bacteria,,,,,none,Unidentified,0
A15_14367,Bacillota,Bacteria,,,,,none,Unidentified,0
A15_18817,Bacillota,Bacteria,,,,,none,Unidentified,0
A15_1944,Bacillota,Bacteria,,,,,none,Unidentified,0
A15_4626,Bacillota,Bacteria,,,,,none,Unidentified,0
A15_155572,Streptophyta,Viridiplantae,TG(22:7_18:3_19:4),TG,TG,Glycerolipids,LipidSearch,Gold,4
A15_98426,Streptophyta,Viridiplantae,,,,,none,Unidentified,0
A15_55134,Streptophyta,Viridiplantae,,,,,none,Unidentified,0
A15_102359,Streptophyta,Viridiplantae,,,,,none,Unidentified,0
A15_105664,Streptophyta,Viridiplantae,,PC/SM,PC/SM,Glycerophospholipids|Sphingolipids,MS2_diagnostic,Bronze,2
A15_61232,Streptophyta,Viridiplantae,,,,,none,Unidentified,0
A15_72325,Streptophyta,Viridiplantae,,PC/SM,PC/SM,Glycerophospholipids|Sphingolipids,MS2_diagnostic,Bronze,2
A15_111139,Streptophyta,Viridiplantae,,,,,none,Unidentified,0
A15_201931,Streptophyta,Viridiplantae,,Terpenoid,Terpenoid,Prenol lipids,MS2_diagnostic,Bronze,2
A15_77917,Streptophyta,Viridiplantae,PG(12:1_28:8),PG,PG,Glycerophospholipids,LipidSearch,Bronze,3
A15_105118,Bacillota,Bacteria,,,,,none,Unidentified,0
A15_60287,Ascomycota,Fungi,,,,,none,Unidentified,0
A15_57531,Ascomycota,Fungi,,,,,none,Unidentified,0
A15_58829,Ascomycota,Fungi,,,,,none,Unidentified,0
A15_120859,Streptophyta,Viridiplantae,DG(15:2_16:1),DG,DG,Glycerolipids,LipidSearch,Gold,4
A15_213914,Streptophyta,Viridiplantae,SiE(17:2),SiE,SiE,Sterol lipids,LipidSearch,Gold,4
A15_12065,Methanobacteriota,Archaea,WE(O-20:2),WE,WE,Fatty acyls,LipidSearch,Bronze,3
A15_157757,Actinomycetota,Bacteria,,,,,none,Unidentified,0
A15_71369,Basidiomycota,Fungi,TG(9:0_15:0),TG,TG,Glycerolipids,LipidSearch,Gold,4
A15_85769,Streptophyta,Viridiplantae,MePC(26:1),MePC,MePC,Glycerophospholipids,LipidSearch,Bronze,3
A15_158894,Bacillota,Bacteria,SM(d36:2)+D9:(s),SM,SM,Sphingolipids,LipidSearch,Bronze,3
A15_163010,Bacillota,Bacteria,SM(d36:2)+D9:(s),SM,SM,Sphingolipids,LipidSearch,Bronze,3
A15_30546,Ascomycota,Fungi,DG(P-25:6),DG,DG,Glycerolipids,LipidSearch,Bronze,3
A15_122886,Streptophyta,Viridiplantae,DG(16:2_18:3),DG,DG,Glycerolipids,LipidSearch,Gold,4
A15_88661,Streptophyta,Viridiplantae,PG(19:4_16:0),PG,PG,Glycerophospholipids,LipidSearch,Bronze,3
A15_172478,Streptophyta,Viridiplantae,,PC/SM,PC/SM,Glycerophospholipids|Sphingolipids,MS2_diagnostic,Bronze,2
A15_139854,Ascomycota,Fungi,,PC/SM,PC/SM,Glycerophospholipids|Sphingolipids,MS2_diagnostic,Bronze,2
A15_142210,Ascomycota,Fungi,,PC/SM,PC/SM,Glycerophospholipids|Sphingolipids,MS2_diagnostic,Bronze,2
A15_144578,Ascomycota,Fungi,,,,,none,Unidentified,0
A15_138774,Ascomycota,Fungi,,PC/SM,PC/SM,Glycerophospholipids|Sphingolipids,MS2_diagnostic,Bronze,2
A15_207856,Streptophyta,Viridiplantae,,,,,none,Unidentified,0
A15_1921,Streptophyta,Viridiplantae,PEt(O-5:0_12:1),PEt,PEt,Glycerophospholipids,LipidSearch,Bronze,3
A15_213188,Streptophyta,Viridiplantae,TG(18:2_18:1_18:2)+OO:(s),TG,TG,Glycerolipids,LipidSearch,Gold,4
A15_111404,Streptophyta,Viridiplantae,TG(15:0_16:1),TG,TG,Glycerolipids,LipidSearch,Bronze,3
A15_221139,Ascomycota,Fungi,,,,,none,Unidentified,0
A15_179152,Pseudomonadota,Bacteria,,,,,none,Unidentified,0
A15_159189,Bacillota,Bacteria,PA(15:0_18:2),PA,PA,Glycerophospholipids,LipidSearch,Gold,4
A15_55746,Streptophyta,Viridiplantae,,,,,none,Unidentified,0
A15_26459,Streptophyta,Viridiplantae,,PC/SM,PC/SM,Glycerophospholipids|Sphingolipids,MS2_diagnostic,Bronze,2
A15_68009,Streptophyta,Viridiplantae,,Terpenoid,Terpenoid,Prenol lipids,MS2_diagnostic,Bronze,2
A15_188089,Streptophyta,Viridiplantae,,PC/SM,PC/SM,Glycerophospholipids|Sphingolipids,MS2_diagnostic,Bronze,2
A15_83408,Streptophyta,Viridiplantae,PG(16:1_16:3),PG,PG,Glycerophospholipids,LipidSearch,Gold,4
A15_186367,Streptophyta,Viridiplantae,TG(9:0_16:0_20:5)+O:(s),TG,TG,Glycerolipids,LipidSearch,Gold,4
A15_152025,Streptophyta,Viridiplantae,,PC/SM,PC/SM,Glycerophospholipids|Sphingolipids,MS2_diagnostic,Bronze,2
A15_115201,Streptophyta,Viridiplantae,,Ceramide,Ceramide,Sphingolipids,MS2_diagnostic,Bronze,2
A15_225872,Bacillota,Bacteria,,,,,none,Unidentified,0
A15_37245,Bacillota,Bacteria,,,,,none,Unidentified,0
A15_34213,Bacillota,Bacteria,,,,,none,Unidentified,0
A15_136453,Basidiomycota,Fungi,PA(36:4),PA,PA,Glycerophospholipids,LipidSearch,Bronze,3
A15_139797,Streptophyta,Viridiplantae,,,,,none,Unidentified,0
A15_108460,Streptophyta,Viridiplantae,TG(27:3_9:0)+O:(s),TG,TG,Glycerolipids,LipidSearch,Gold,4
A15_36182,Methanobacteriota,Archaea,,,,,none,Unidentified,0
A15_124408,Streptophyta,Viridiplantae,,PC/SM,PC/SM,Glycerophospholipids|Sphingolipids,MS2_diagnostic,Bronze,2
A15_80789,Streptophyta,Viridiplantae,,PC/SM,PC/SM,Glycerophospholipids|Sphingolipids,MS2_diagnostic,Bronze,2
A15_53460,Streptophyta,Viridiplantae,,Terpenoid,Terpenoid,Prenol lipids,MS2_diagnostic,Bronze,2
A15_94353,Streptophyta,Viridiplantae,,,,,none,Unidentified,0
A15_42377,Mucoromycota,Fungi,,,,,none,Unidentified,0
A15_51111,Streptophyta,Viridiplantae,,PC/SM,PC/SM,Glycerophospholipids|Sphingolipids,MS2_diagnostic,Bronze,2
A15_52996,Streptophyta,Viridiplantae,,,,,none,Unidentified,0
A15_50024,Streptophyta,Viridiplantae,,Ubiquinone,Ubiquinone,Prenol lipids,MS2_diagnostic,Bronze,2
A15_86244,Streptophyta,Viridiplantae,,,,,none,Unidentified,0
A15_138953,Bacillota,Bacteria,,,,,none,Unidentified,0
A15_50210,Streptophyta,Viridiplantae,,,,,none,Unidentified,0
A15_103932,Streptophyta,Viridiplantae,,,,,none,Unidentified,0
A15_50852,Streptophyta,Viridiplantae,,,,,none,Unidentified,0
A15_123777,Bacillota,Bacteria,MG(O-25:3),MG,MG,Glycerolipids,LipidSearch,Bronze,3
A15_131761,Bacillota,Bacteria,,,,,none,Unidentified,0
A15_126176,Bacillota,Bacteria,MG(O-25:3),MG,MG,Glycerolipids,LipidSearch,Bronze,3
A15_170513,Streptophyta,Viridiplantae,,,,,none,Unidentified,0
A15_33681,Ascomycota,Fungi,LPC(17:1),LPC,LPC,Glycerophospholipids,LipidSearch,Bronze,3
A15_55799,Streptophyta,Viridiplantae,,Terpenoid,Terpenoid,Prenol lipids,MS2_diagnostic,Bronze,2
A15_96086,Streptophyta,Viridiplantae,,PC/SM,PC/SM,Glycerophospholipids|Sphingolipids,MS2_diagnostic,Bronze,2
A15_225503,Ascomycota,Fungi,,,,,none,Unidentified,0
A15_224959,Ascomycota,Fungi,,,,,none,Unidentified,0
A15_225393,Ascomycota,Fungi,,,,,none,Unidentified,0
A15_75615,Basidiomycota,Fungi,,,,,none,Unidentified,0
A15_136631,Streptophyta,Viridiplantae,DG(15:2_16:0),DG,DG,Glycerolipids,LipidSearch,Gold,4
A15_162590,Bacillota,Bacteria,,,,,none,Unidentified,0
A15_222381,Bacillota,Bacteria,TG(18:1_18:1_18:2)+O:(s),TG,TG,Glycerolipids,LipidSearch,Gold,4
A15_176983,Ascomycota,Fungi,,,,,none,Unidentified,0
A15_141613,Basidiomycota,Fungi,,GDGT/Archaeol,GDGT/Archaeol,Archaeal lipids,MS2_diagnostic,Bronze,2
A15_143307,Basidiomycota,Fungi,,,,,none,Unidentified,0
A15_107707,Streptophyta,Viridiplantae,,Terpenoid,Terpenoid,Prenol lipids,MS2_diagnostic,Bronze,2
A15_19213,Pseudomonadota,Bacteria,,,,,none,Unidentified,0
A15_23717,Bacillota,Bacteria,,,,,none,Unidentified,0
A15_27941,Bacillota,Bacteria,,,,,none,Unidentified,0
A15_21912,Bacillota,Bacteria,,,,,none,Unidentified,0
A15_139258,Basidiomycota,Fungi,TG(18:0_18:2),TG,TG,Glycerolipids,LipidSearch,Bronze,3
A15_137486,Basidiomycota,Fungi,TG(18:0_18:2),TG,TG,Glycerolipids,LipidSearch,Bronze,3
A15_146249,Basidiomycota,Fungi,TG(20:4_7:0_16:0)+OO:(s),TG,TG,Glycerolipids,LipidSearch,Bronze,3
A15_99468,Streptophyta,Viridiplantae,PS(17:2_16:0),PS,PS,Glycerophospholipids,LipidSearch,Bronze,3
A15_20734,Bacillota,Bacteria,,,,,none,Unidentified,0
A15_170910,Actinomycetota,Bacteria,,,,,none,Unidentified,0
A15_113317,Streptophyta,Viridiplantae,,PC/SM,PC/SM,Glycerophospholipids|Sphingolipids,MS2_diagnostic,Bronze,2
A15_122117,Streptophyta,Viridiplantae,,,,,none,Unidentified,0
A15_216229,Streptophyta,Viridiplantae,TG(16:2_18:2_16:3),TG,TG,Glycerolipids,LipidSearch,Gold,4
A15_18446,Bacillota,Bacteria,,,,,none,Unidentified,0
A15_205010,Streptophyta,Viridiplantae,TG(39:7_15:2)+OO:(s),TG,TG,Glycerolipids,LipidSearch,Bronze,3
A15_61546,Streptophyta,Viridiplantae,TG(15:0_18:4),TG,TG,Glycerolipids,LipidSearch,Bronze,3
A15_46104,Streptophyta,Viridiplantae,,,,,none,Unidentified,0
A15_19584,Streptophyta,Viridiplantae,,Terpenoid,Terpenoid,Prenol lipids,MS2_diagnostic,Bronze,2
A15_164306,Streptophyta,Viridiplantae,,GDGT/Archaeol,GDGT/Archaeol,Archaeal lipids,MS2_diagnostic,Bronze,2
A15_178500,Streptophyta,Viridiplantae,TG(23:0_16:1)+O:(s),TG,TG,Glycerolipids,LipidSearch,Bronze,3
A15_84462,Streptophyta,Viridiplantae,,Terpenoid,Terpenoid,Prenol lipids,MS2_diagnostic,Bronze,2
A15_59536,Streptophyta,Viridiplantae,,Terpenoid,Terpenoid,Prenol lipids,MS2_diagnostic,Bronze,2
A15_52823,Streptophyta,Viridiplantae,,,,,none,Unidentified,0
A15_186441,Pseudomonadota,Bacteria,TG(27:2_16:1)+OO:(s),TG,TG,Glycerolipids,LipidSearch,Bronze,3
A15_61948,Streptophyta,Viridiplantae,,Terpenoid,Terpenoid,Prenol lipids,MS2_diagnostic,Bronze,2
A15_96526,Bacillota,Bacteria,,,,,none,Unidentified,0
A15_98165,Bacillota,Bacteria,,,,,none,Unidentified,0
A15_100976,Bacillota,Bacteria,,,,,none,Unidentified,0
A15_47879,Streptophyta,Viridiplantae,,PC/SM,PC/SM,Glycerophospholipids|Sphingolipids,MS2_diagnostic,Bronze,2
A15_68893,Actinomycetota,Bacteria,,,,,none,Unidentified,0
A15_163413,Streptophyta,Viridiplantae,DG(P-15:2_17:0),DG,DG,Glycerolipids,LipidSearch,Bronze,3
A15_213374,Streptophyta,Viridiplantae,,,,,none,Unidentified,0
A15_99195,Streptophyta,Viridiplantae,PS(36:4),PS,PS,Glycerophospholipids,LipidSearch,Bronze,3
A15_55468,Streptophyta,Viridiplantae,,Terpenoid,Terpenoid,Prenol lipids,MS2_diagnostic,Bronze,2
A15_21381,Bacillota,Bacteria,,,,,none,Unidentified,0
A15_634,Streptophyta,Viridiplantae,DG(13:1_2:0),DG,DG,Glycerolipids,LipidSearch,Bronze,3
A15_8445,Streptophyta,Viridiplantae,,PC/SM,PC/SM,Glycerophospholipids|Sphingolipids,MS2_diagnostic,Bronze,2
A15_78918,Streptophyta,Viridiplantae,,,,,none,Unidentified,0
A15_182591,Actinomycetota,Bacteria,DG(P-15:2_18:0),DG,DG,Glycerolipids,LipidSearch,Gold,4
A15_183657,Actinomycetota,Bacteria,DG(P-15:2_18:0),DG,DG,Glycerolipids,LipidSearch,Gold,4
A15_65880,Streptophyta,Viridiplantae,TG(O-4:0_6:0_23:6),TG,TG,Glycerolipids,LipidSearch,Bronze,3
A15_136488,Streptophyta,Viridiplantae,TG(3:0_13:0_16:0),TG,TG,Glycerolipids,LipidSearch,Bronze,3
A15_60169,Ascomycota,Fungi,,,,,none,Unidentified,0
A15_20566,Streptophyta,Viridiplantae,,,,,none,Unidentified,0
A15_124049,Streptophyta,Viridiplantae,PC(30:2),PC,PC,Glycerophospholipids,LipidSearch,Bronze,3
A15_125737,Streptophyta,Viridiplantae,PC(30:2),PC,PC,Glycerophospholipids,LipidSearch,Bronze,3
A15_67526,Streptophyta,Viridiplantae,,PE,PE,Glycerophospholipids,MS2_diagnostic,Bronze,2
A15_193808,Streptophyta,Viridiplantae,,,,,none,Unidentified,0
A15_91377,Streptophyta,Viridiplantae,PG(15:2_21:3),PG,PG,Glycerophospholipids,LipidSearch,Bronze,3
A15_114189,Streptophyta,Viridiplantae,DG(15:2_18:2),DG,DG,Glycerolipids,LipidSearch,Gold,4
A15_58506,Streptophyta,Viridiplantae,,Terpenoid,Terpenoid,Prenol lipids,MS2_diagnostic,Bronze,2
A15_79627,Streptophyta,Viridiplantae,TG(2:0_15:1_15:2)+OO:(s),TG,TG,Glycerolipids,LipidSearch,Bronze,3
A15_143152,Streptophyta,Viridiplantae,,,,,none,Unidentified,0
A15_100477,Bacillota,Bacteria,SM(d33:5),SM,SM,Sphingolipids,LipidSearch,Bronze,3
A15_184812,Streptophyta,Viridiplantae,DG(22:1_28:7),DG,DG,Glycerolipids,LipidSearch,Bronze,3
A15_1821,Streptophyta,Viridiplantae,,,,,none,Unidentified,0
A15_20710,Bacillota,Bacteria,,,,,none,Unidentified,0
A15_39320,Streptophyta,Viridiplantae,,Terpenoid,Terpenoid,Prenol lipids,MS2_diagnostic,Bronze,2
A15_24972,Pseudomonadota,Bacteria,,,,,none,Unidentified,0
A15_25989,Streptophyta,Viridiplantae,WE(O-22:4),WE,WE,Fatty acyls,LipidSearch,Bronze,3
A15_100508,Streptophyta,Viridiplantae,PS(18:2_18:3),PS,PS,Glycerophospholipids,LipidSearch,Gold,4
A15_78486,Streptophyta,Viridiplantae,TG(3:0_15:2_18:3),TG,TG,Glycerolipids,LipidSearch,Gold,4
A15_138530,Streptophyta,Viridiplantae,DG(6:0_19:2),DG,DG,Glycerolipids,LipidSearch,Bronze,3
A15_145139,Streptophyta,Viridiplantae,TG(3:0_16:0_15:2),TG,TG,Glycerolipids,LipidSearch,Gold,4
A15_142244,Streptophyta,Viridiplantae,,,,,none,Unidentified,0
A15_143070,Streptophyta,Viridiplantae,,,,,none,Unidentified,0
A15_146133,Streptophyta,Viridiplantae,,,,,none,Unidentified,0
A15_151821,Actinomycetota,Bacteria,DG(20:5_20:5),DG,DG,Glycerolipids,LipidSearch,Gold,4
A15_150137,Actinomycetota,Bacteria,DG(20:5_20:5),DG,DG,Glycerolipids,LipidSearch,Gold,4
A15_153528,Actinomycetota,Bacteria,DG(20:5_20:5),DG,DG,Glycerolipids,LipidSearch,Gold,4
A15_158068,Streptophyta,Viridiplantae,,,,,none,Unidentified,0
A15_82239,Streptophyta,Viridiplantae,,,,,none,Unidentified,0
A15_106847,Streptophyta,Viridiplantae,PS(18:2_18:2),PS,PS,Glycerophospholipids,LipidSearch,Gold,4
A15_37370,Basidiomycota,Fungi,,,,,none,Unidentified,0
A15_122685,Basidiomycota,Fungi,Hex1Cer(d19:1_16:1)+O:(s),Hex1Cer,HexCer,Sphingolipids,LipidSearch,Gold,4
A15_125619,Streptophyta,Viridiplantae,,,,,none,Unidentified,0
A15_63889,Actinomycetota,Bacteria,,,,,none,Unidentified,0
A15_66973,Actinomycetota,Bacteria,,,,,none,Unidentified,0
A15_61644,Actinomycetota,Bacteria,,,,,none,Unidentified,0
A15_59649,Actinomycetota,Bacteria,,,,,none,Unidentified,0
A15_58655,Streptophyta,Viridiplantae,,,,,none,Unidentified,0
A15_72903,Streptophyta,Viridiplantae,DG(P-6:0_20:6),DG,DG,Glycerolipids,LipidSearch,Bronze,3
A15_151533,Bacillota,Bacteria,,,,,none,Unidentified,0
A15_45208,Streptophyta,Viridiplantae,,,,,none,Unidentified,0
A15_133201,Streptophyta,Viridiplantae,,,,,none,Unidentified,0
A15_158545,Streptophyta,Viridiplantae,Cer(d18:2_18:1),Cer,Cer,Sphingolipids,LipidSearch,Bronze,3
A15_24891,Streptophyta,Viridiplantae,,,,,none,Unidentified,0
A15_120355,Streptophyta,Viridiplantae,,Terpenoid,Terpenoid,Prenol lipids,MS2_diagnostic,Bronze,2
A15_27805,Methanobacteriota,Archaea,,,,,none,Unidentified,0
A15_180950,Pseudomonadota,Bacteria,,,,,none,Unidentified,0
A15_38293,Methanobacteriota,Archaea,,,,,none,Unidentified,0
A15_120488,Streptophyta,Viridiplantae,,PC/SM,PC/SM,Glycerophospholipids|Sphingolipids,MS2_diagnostic,Bronze,2
A15_216362,Streptophyta,Viridiplantae,TG(36:4_16:0)+OO:(s),TG,TG,Glycerolipids,LipidSearch,Gold,4
A15_200918,Streptophyta,Viridiplantae,TG(36:4_18:2)+OO:(s),TG,TG,Glycerolipids,LipidSearch,Gold,4
A15_43951,Basidiomycota,Fungi,,Terpenoid,Terpenoid,Prenol lipids,MS2_diagnostic,Bronze,2
A15_47728,Basidiomycota,Fungi,,Terpenoid,Terpenoid,Prenol lipids,MS2_diagnostic,Bronze,2
A15_167815,Streptophyta,Viridiplantae,TG(41:6_15:2)+OO:(s),TG,TG,Glycerolipids,LipidSearch,Bronze,3
A15_226240,Actinomycetota,Bacteria,TG(15:0_16:1_16:1),TG,TG,Glycerolipids,LipidSearch,Gold,4
A15_94431,Streptophyta,Viridiplantae,TG(P-7:0_6:0_18:2),TG,TG,Glycerolipids,LipidSearch,Bronze,3
A15_2467,Pseudomonadota,Bacteria,,,,,none,Unidentified,0
A15_37976,Streptophyta,Viridiplantae,,PC/SM,PC/SM,Glycerophospholipids|Sphingolipids,MS2_diagnostic,Bronze,2
A15_105175,Streptophyta,Viridiplantae,DG(15:1_20:5),DG,DG,Glycerolipids,LipidSearch,Gold,4
A15_160960,Bacillota,Bacteria,,,,,none,Unidentified,0
A15_165852,Bacillota,Bacteria,,,,,none,Unidentified,0
A15_161947,Bacillota,Bacteria,,,,,none,Unidentified,0
A15_109841,Streptophyta,Viridiplantae,,Sterol,Sterol,Sterol lipids,MS2_diagnostic,Bronze,2
A15_105811,Bacillota,Bacteria,,,,,none,Unidentified,0
A15_118363,Bacillota,Bacteria,,,,,none,Unidentified,0
A15_117004,Bacillota,Bacteria,,,,,none,Unidentified,0
A15_125024,Bacillota,Bacteria,,,,,none,Unidentified,0
A15_41184,Streptophyta,Viridiplantae,WE(O-27:4),WE,WE,Fatty acyls,LipidSearch,Bronze,3
A15_143543,Streptophyta,Viridiplantae,,,,,none,Unidentified,0
A15_141162,Streptophyta,Viridiplantae,,,,,none,Unidentified,0
A15_141378,Bacillota,Bacteria,,,,,none,Unidentified,0
A15_26451,Basidiomycota,Fungi,,,,,none,Unidentified,0
A15_27387,Basidiomycota,Fungi,,,,,none,Unidentified,0
A15_71668,Streptophyta,Viridiplantae,,Terpenoid,Terpenoid,Prenol lipids,MS2_diagnostic,Bronze,2
A15_196228,Streptophyta,Viridiplantae,,,,,none,Unidentified,0
A15_96958,Basidiomycota,Fungi,,,,,none,Unidentified,0
A15_137719,Streptophyta,Viridiplantae,,,,,none,Unidentified,0
A15_30310,Streptophyta,Viridiplantae,PG(O-5:0_18:3),PG,PG,Glycerophospholipids,LipidSearch,Bronze,3
A15_129125,Streptophyta,Viridiplantae,,PC/SM,PC/SM,Glycerophospholipids|Sphingolipids,MS2_diagnostic,Bronze,2
A15_64240,Streptophyta,Viridiplantae,DG(P-6:0_20:6),DG,DG,Glycerolipids,LipidSearch,Bronze,3
A15_137638,Streptophyta,Viridiplantae,PC(38:1),PC,PC,Glycerophospholipids,LipidSearch,Bronze,3
A15_141317,Streptophyta,Viridiplantae,PA(25:0_18:2),PA,PA,Glycerophospholipids,LipidSearch,Bronze,3
A15_20903,Methanobacteriota,Archaea,,,,,none,Unidentified,0
A15_32301,Ascomycota,Fungi,,,,,none,Unidentified,0
A15_35237,Ascomycota,Fungi,,,,,none,Unidentified,0
A15_161413,Bacillota,Bacteria,,,,,none,Unidentified,0
A15_165477,Bacillota,Bacteria,,,,,none,Unidentified,0
A15_163952,Bacillota,Bacteria,,,,,none,Unidentified,0
A15_162881,Bacillota,Bacteria,,,,,none,Unidentified,0
A15_168552,Bacillota,Bacteria,,,,,none,Unidentified,0
A15_152232,Streptophyta,Viridiplantae,PS(19:3_18:1),PS,PS,Glycerophospholipids,LipidSearch,Gold,4
A15_151154,Streptophyta,Viridiplantae,PS(19:3_18:1),PS,PS,Glycerophospholipids,LipidSearch,Gold,4
A15_22326,Streptophyta,Viridiplantae,,PC/SM,PC/SM,Glycerophospholipids|Sphingolipids,MS2_diagnostic,Bronze,2
A15_26601,Streptophyta,Viridiplantae,MG(19:4),MG,MG,Glycerolipids,LipidSearch,Bronze,3
A15_118168,Streptophyta,Viridiplantae,DG(O-5:0_21:3),DG,DG,Glycerolipids,LipidSearch,Bronze,3
A15_23503,Methanobacteriota,Archaea,,,,,none,Unidentified,0
A15_75044,Streptophyta,Viridiplantae,MG(O-21:3),MG,MG,Glycerolipids,LipidSearch,Bronze,3
A15_217615,Streptophyta,Viridiplantae,TG(16:0_16:0_18:3)+O:(s),TG,TG,Glycerolipids,LipidSearch,Gold,4
A15_31609,Streptophyta,Viridiplantae,,PC/SM,PC/SM,Glycerophospholipids|Sphingolipids,MS2_diagnostic,Bronze,2
A15_29681,Streptophyta,Viridiplantae,,,,,none,Unidentified,0
A15_190652,Actinomycetota,Bacteria,TG(41:0)+OO:(s),TG,TG,Glycerolipids,LipidSearch,Bronze,3
A15_192113,Actinomycetota,Bacteria,TG(41:0)+OO:(s),TG,TG,Glycerolipids,LipidSearch,Bronze,3
A15_141117,Ascomycota,Fungi,PC(35:4),PC,PC,Glycerophospholipids,LipidSearch,Bronze,3
A15_218409,Streptophyta,Viridiplantae,,,,,none,Unidentified,0
A15_162302,Streptophyta,Viridiplantae,,PC/SM,PC/SM,Glycerophospholipids|Sphingolipids,MS2_diagnostic,Bronze,2
A15_85519,Streptophyta,Viridiplantae,,,,,none,Unidentified,0
A15_168545,Basidiomycota,Fungi,PC(O-20:6_18:1),PC,PC,Glycerophospholipids,LipidSearch,Bronze,3
A15_170983,Basidiomycota,Fungi,PC(O-38:7),PC,PC,Glycerophospholipids,LipidSearch,Bronze,3
A15_175174,Basidiomycota,Fungi,PC(O-38:7),PC,PC,Glycerophospholipids,LipidSearch,Bronze,3
A15_173057,Basidiomycota,Fungi,PC(O-38:7),PC,PC,Glycerophospholipids,LipidSearch,Bronze,3
A15_176483,Basidiomycota,Fungi,PC(O-38:7),PC,PC,Glycerophospholipids,LipidSearch,Bronze,3
A15_170662,Streptophyta,Viridiplantae,,,,,none,Unidentified,0
A15_172306,Streptophyta,Viridiplantae,PC(O-18:1_20:1),PC,PC,Glycerophospholipids,LipidSearch,Bronze,3
A15_144018,Streptophyta,Viridiplantae,,Terpenoid,Terpenoid,Prenol lipids,MS2_diagnostic,Bronze,2
A15_18355,Streptophyta,Viridiplantae,BisMeLPA(17:3),BisMeLPA,BisMeLPA,Glycerophospholipids,LipidSearch,Bronze,3
A15_23536,Streptophyta,Viridiplantae,WE(O-21:2),WE,WE,Fatty acyls,LipidSearch,Bronze,3
A15_144337,Basidiomycota,Fungi,TG(2:0_16:0_18:1),TG,TG,Glycerolipids,LipidSearch,Bronze,3
A15_178178,Methanobacteriota,Archaea,,Ceramide,Ceramide,Sphingolipids,MS2_diagnostic,Bronze,2
A15_176917,Methanobacteriota,Archaea,,Ceramide,Ceramide,Sphingolipids,MS2_diagnostic,Bronze,2
A15_105122,Streptophyta,Viridiplantae,,,,,none,Unidentified,0
A15_149808,Streptophyta,Viridiplantae,PS(19:3_18:1),PS,PS,Glycerophospholipids,LipidSearch,Gold,4
A15_91196,Streptophyta,Viridiplantae,DGDG(33:6),DGDG,DGDG,Glycerolipids,LipidSearch,Bronze,3
A15_31403,Methanobacteriota,Archaea,,PC/SM,PC/SM,Glycerophospholipids|Sphingolipids,MS2_diagnostic,Bronze,2
A15_64176,Streptophyta,Viridiplantae,TG(30:5_6:0)+OO:(s),TG,TG,Glycerolipids,LipidSearch,Gold,4
A15_13359,Streptophyta,Viridiplantae,,,,,none,Unidentified,0
A15_162796,Bacillota,Bacteria,,Terpenoid,Terpenoid,Prenol lipids,MS2_diagnostic,Bronze,2
A15_164757,Bacillota,Bacteria,,Terpenoid,Terpenoid,Prenol lipids,MS2_diagnostic,Bronze,2
A15_122955,Streptophyta,Viridiplantae,DG(O-16:2_18:2),DG,DG,Glycerolipids,LipidSearch,Bronze,3
A15_165176,Bacillota,Bacteria,,,,,none,Unidentified,0
A15_98394,Streptophyta,Viridiplantae,,PC/SM,PC/SM,Glycerophospholipids|Sphingolipids,MS2_diagnostic,Bronze,2
A15_170332,Bacillota,Bacteria,,,,,none,Unidentified,0
A15_163827,Pseudomonadota,Bacteria,TG(46:10_2:0),TG,TG,Glycerolipids,LipidSearch,Bronze,3
A15_214049,Streptophyta,Viridiplantae,DG(22:0_18:3),DG,DG,Glycerolipids,LipidSearch,Gold,4
A15_29910,Ascomycota,Fungi,,,,,none,Unidentified,0
A15_31589,Ascomycota,Fungi,,,,,none,Unidentified,0
A15_75483,Streptophyta,Viridiplantae,TG(21:3_15:2),TG,TG,Glycerolipids,LipidSearch,Gold,4
A15_172149,Bacillota,Bacteria,,,,,none,Unidentified,0
A15_140716,Basidiomycota,Fungi,,,,,none,Unidentified,0
A15_128987,Actinomycetota,Bacteria,DG(O-5:0_24:0),DG,DG,Glycerolipids,LipidSearch,Bronze,3
A15_125928,Actinomycetota,Bacteria,,,,,none,Unidentified,0
A15_198000,Bacillota,Bacteria,DG(16:0_16:0),DG,DG,Glycerolipids,LipidSearch,Bronze,3
A15_72158,Streptophyta,Viridiplantae,DG(18:2_13:1),DG,DG,Glycerolipids,LipidSearch,Bronze,3
A15_32932,Methanobacteriota,Archaea,,,,,none,Unidentified,0
A15_10442,Streptophyta,Viridiplantae,,,,,none,Unidentified,0
A15_216216,Streptophyta,Viridiplantae,TG(34:1_22:6),TG,TG,Glycerolipids,LipidSearch,Bronze,3
A15_115575,Streptophyta,Viridiplantae,,Terpenoid,Terpenoid,Prenol lipids,MS2_diagnostic,Bronze,2
A15_19464,Streptophyta,Viridiplantae,,,,,none,Unidentified,0
A15_17482,Bacillota,Bacteria,,,,,none,Unidentified,0
A15_19370,Bacillota,Bacteria,,,,,none,Unidentified,0
A15_20661,Bacillota,Bacteria,,,,,none,Unidentified,0
A15_54320,Streptophyta,Viridiplantae,,,,,none,Unidentified,0
A15_50946,Basidiomycota,Fungi,,,,,none,Unidentified,0
A15_210146,Streptophyta,Viridiplantae,,Sterol,Sterol,Sterol lipids,MS2_diagnostic,Bronze,2
A15_79022,Streptophyta,Viridiplantae,,PC/SM,PC/SM,Glycerophospholipids|Sphingolipids,MS2_diagnostic,Bronze,2
A15_104436,Streptophyta,Viridiplantae,,,,,none,Unidentified,0
A15_168678,Streptophyta,Viridiplantae,,Sterol,Sterol,Sterol lipids,MS2_diagnostic,Bronze,2
A15_86923,Streptophyta,Viridiplantae,TG(27:2_3:0)+O:(s),TG,TG,Glycerolipids,LipidSearch,Bronze,3
A15_76781,Streptophyta,Viridiplantae,,Terpenoid,Terpenoid,Prenol lipids,MS2_diagnostic,Bronze,2
A15_117466,Streptophyta,Viridiplantae,TG(26:7_20:4),TG,TG,Glycerolipids,LipidSearch,Bronze,3
A15_62850,Streptophyta,Viridiplantae,TG(14:2_4:0_15:2),TG,TG,Glycerolipids,LipidSearch,Bronze,3
A15_89147,Bacillota,Bacteria,DG(O-5:0_14:1),DG,DG,Glycerolipids,LipidSearch,Bronze,3
A15_151993,Pseudomonadota,Bacteria,,,,,none,Unidentified,0
A15_60489,Streptophyta,Viridiplantae,DG(4:0_21:2),DG,DG,Glycerolipids,LipidSearch,Bronze,3
A15_138043,Streptophyta,Viridiplantae,,PC/SM,PC/SM,Glycerophospholipids|Sphingolipids,MS2_diagnostic,Bronze,2
A15_93238,Streptophyta,Viridiplantae,,,,,none,Unidentified,0
A15_79135,Ascomycota,Fungi,PG(P-18:4_15:2),PG,PG,Glycerophospholipids,LipidSearch,Bronze,3
A15_37286,Streptophyta,Viridiplantae,,PC/SM,PC/SM,Glycerophospholipids|Sphingolipids,MS2_diagnostic,Bronze,2
A15_147149,Ascomycota,Fungi,,PC/SM,PC/SM,Glycerophospholipids|Sphingolipids,MS2_diagnostic,Bronze,2
A15_32388,Streptophyta,Viridiplantae,,Terpenoid,Terpenoid,Prenol lipids,MS2_diagnostic,Bronze,2
A15_113436,Streptophyta,Viridiplantae,WE(O-27:2),WE,WE,Fatty acyls,LipidSearch,Bronze,3
A15_4934,Streptophyta,Viridiplantae,,Terpenoid,Terpenoid,Prenol lipids,MS2_diagnostic,Bronze,2
A15_37965,Basidiomycota,Fungi,,,,,none,Unidentified,0
A15_30381,Streptophyta,Viridiplantae,,,,,none,Unidentified,0
A15_116502,Streptophyta,Viridiplantae,,PC/SM,PC/SM,Glycerophospholipids|Sphingolipids,MS2_diagnostic,Bronze,2
A15_175641,Streptophyta,Viridiplantae,PE(18:1_15:0),PE,PE,Glycerophospholipids,LipidSearch,Gold,4
A15_171348,Streptophyta,Viridiplantae,PE(18:1_15:0),PE,PE,Glycerophospholipids,LipidSearch,Gold,4
A15_93598,Streptophyta,Viridiplantae,DG(6:0_19:2),DG,DG,Glycerolipids,LipidSearch,Bronze,3
A15_84752,Streptophyta,Viridiplantae,MG(O-26:6),MG,MG,Glycerolipids,LipidSearch,Bronze,3
A15_85120,Streptophyta,Viridiplantae,DG(O-16:2_18:3),DG,DG,Glycerolipids,LipidSearch,Bronze,3
A15_98366,Streptophyta,Viridiplantae,,Terpenoid,Terpenoid,Prenol lipids,MS2_diagnostic,Bronze,2
A15_68383,Actinomycetota,Bacteria,,,,,none,Unidentified,0
A15_123897,Streptophyta,Viridiplantae,,PC/SM,PC/SM,Glycerophospholipids|Sphingolipids,MS2_diagnostic,Bronze,2
A15_161136,Bacillota,Bacteria,,,,,none,Unidentified,0
A15_162457,Bacillota,Bacteria,,,,,none,Unidentified,0
A15_165643,Bacillota,Bacteria,,,,,none,Unidentified,0
A15_65989,Streptophyta,Viridiplantae,PA(18:3_18:4),PA,PA,Glycerophospholipids,LipidSearch,Gold,4
A15_75336,Streptophyta,Viridiplantae,,PC/SM,PC/SM,Glycerophospholipids|Sphingolipids,MS2_diagnostic,Bronze,2
A15_31893,Bacillota,Bacteria,,,,,none,Unidentified,0
A15_15807,Ascomycota,Fungi,TG(15:1_4:0_4:0),TG,TG,Glycerolipids,LipidSearch,Bronze,3
A15_14675,Ascomycota,Fungi,TG(15:1_4:0_4:0),TG,TG,Glycerolipids,LipidSearch,Bronze,3
A15_112135,Bacillota,Bacteria,,PC/SM,PC/SM,Glycerophospholipids|Sphingolipids,MS2_diagnostic,Bronze,2
A15_20582,Streptophyta,Viridiplantae,,,,,none,Unidentified,0
A15_35622,Streptophyta,Viridiplantae,,Terpenoid,Terpenoid,Prenol lipids,MS2_diagnostic,Bronze,2
A15_74198,Streptophyta,Viridiplantae,PG(P-18:4_15:2),PG,PG,Glycerophospholipids,LipidSearch,Bronze,3
A15_163805,Streptophyta,Viridiplantae,Cer(d18:2_18:2),Cer,Cer,Sphingolipids,LipidSearch,Bronze,3
A15_92130,Streptophyta,Viridiplantae,,,,,none,Unidentified,0
A15_127019,Streptophyta,Viridiplantae,PC(36:8),PC,PC,Glycerophospholipids,LipidSearch,Bronze,3
A15_116859,Streptophyta,Viridiplantae,TG(18:1_23:6)+O:(s),TG,TG,Glycerolipids,LipidSearch,Bronze,3
A15_54920,Streptophyta,Viridiplantae,PEt(23:4_16:3),PEt,PEt,Glycerophospholipids,LipidSearch,Bronze,3
A15_125816,Streptophyta,Viridiplantae,,,,,none,Unidentified,0
A15_213196,Streptophyta,Viridiplantae,,,,,none,Unidentified,0
A15_124826,Streptophyta,Viridiplantae,,,,,none,Unidentified,0
A15_92962,Bacillota,Bacteria,TG(16:2_6:0_15:0)+OO:(s),TG,TG,Glycerolipids,LipidSearch,Bronze,3
A15_93958,Bacillota,Bacteria,TG(16:2_6:0_15:0)+OO:(s),TG,TG,Glycerolipids,LipidSearch,Bronze,3
A15_91830,Bacillota,Bacteria,TG(16:2_6:0_15:0)+OO:(s),TG,TG,Glycerolipids,LipidSearch,Bronze,3
A15_2710,Bacillota,Bacteria,,,,,none,Unidentified,0
A15_163602,Bacillota,Bacteria,PG(17:1_15:0),PG,PG,Glycerophospholipids,LipidSearch,Bronze,3
A15_93900,Bacillota,Bacteria,,,,,none,Unidentified,0
A15_92290,Bacillota,Bacteria,,,,,none,Unidentified,0
A15_159507,Streptophyta,Viridiplantae,PC(38:6),PC,PC,Glycerophospholipids,LipidSearch,Bronze,3
A15_31395,Streptophyta,Viridiplantae,,PC/SM,PC/SM,Glycerophospholipids|Sphingolipids,MS2_diagnostic,Bronze,2
A15_56615,Streptophyta,Viridiplantae,TG(30:4_4:0)+OO:(s),TG,TG,Glycerolipids,LipidSearch,Bronze,3
A15_205452,Streptophyta,Viridiplantae,TG(34:2_23:5),TG,TG,Glycerolipids,LipidSearch,Bronze,3
A15_50026,Streptophyta,Viridiplantae,,DGTS,DGTS,Betaine lipids,MS2_diagnostic,Bronze,2
A15_55743,Streptophyta,Viridiplantae,DG(24:4_2:0),DG,DG,Glycerolipids,LipidSearch,Bronze,3
A15_24572,Bacillota,Bacteria,,,,,none,Unidentified,0
A15_22070,Bacillota,Bacteria,,,,,none,Unidentified,0
A15_168275,Ascomycota,Fungi,PE(20:5_18:1),PE,PE,Glycerophospholipids,LipidSearch,Gold,4
A15_170006,Ascomycota,Fungi,PE(20:5_18:1),PE,PE,Glycerophospholipids,LipidSearch,Gold,4
A15_21630,Basidiomycota,Fungi,WE(O-6:0_12:1),WE,WE,Fatty acyls,LipidSearch,Bronze,3
A15_166476,Streptophyta,Viridiplantae,,,,,none,Unidentified,0
A15_190190,Streptophyta,Viridiplantae,TG(3:0_16:0_18:1)+O:(s),TG,TG,Glycerolipids,LipidSearch,Bronze,3
A15_109810,Streptophyta,Viridiplantae,DG(16:0_18:4),DG,DG,Glycerolipids,LipidSearch,Gold,4
A15_163702,Streptophyta,Viridiplantae,,,,,none,Unidentified,0
A15_101571,Streptophyta,Viridiplantae,TG(15:0_16:1),TG,TG,Glycerolipids,LipidSearch,Bronze,3
A15_185308,Streptophyta,Viridiplantae,,Terpenoid,Terpenoid,Prenol lipids,MS2_diagnostic,Bronze,2
A15_56612,Streptophyta,Viridiplantae,,,,,none,Unidentified,0
A15_2326,Bacillota,Bacteria,,,,,none,Unidentified,0
A15_93283,Bacillota,Bacteria,,,,,none,Unidentified,0
A15_134536,Streptophyta,Viridiplantae,,PC/SM,PC/SM,Glycerophospholipids|Sphingolipids,MS2_diagnostic,Bronze,2
A15_67318,Streptophyta,Viridiplantae,,Terpenoid,Terpenoid,Prenol lipids,MS2_diagnostic,Bronze,2
A15_139144,Streptophyta,Viridiplantae,,,,,none,Unidentified,0
A15_103695,Streptophyta,Viridiplantae,,,,,none,Unidentified,0
A15_118150,Streptophyta,Viridiplantae,,PC/SM,PC/SM,Glycerophospholipids|Sphingolipids,MS2_diagnostic,Bronze,2
A15_165270,Bacillota,Bacteria,PEt(15:1_16:2),PEt,PEt,Glycerophospholipids,LipidSearch,Bronze,3
A15_164062,Bacillota,Bacteria,PEt(15:1_16:2),PEt,PEt,Glycerophospholipids,LipidSearch,Bronze,3
A15_170243,Bacillota,Bacteria,,,,,none,Unidentified,0
A15_166840,Bacillota,Bacteria,PEt(15:1_16:2),PEt,PEt,Glycerophospholipids,LipidSearch,Bronze,3
A15_168908,Bacillota,Bacteria,,,,,none,Unidentified,0
A15_160756,Bacillota,Bacteria,PEt(15:1_16:2),PEt,PEt,Glycerophospholipids,LipidSearch,Bronze,3
A15_24086,Streptophyta,Viridiplantae,,PC/SM,PC/SM,Glycerophospholipids|Sphingolipids,MS2_diagnostic,Bronze,2
A15_145407,Bacillota,Bacteria,,,,,none,Unidentified,0
A15_163334,Methanobacteriota,Archaea,,,,,none,Unidentified,0
A15_145799,Pseudomonadota,Bacteria,PG(16:1_17:1),PG,PG,Glycerophospholipids,LipidSearch,Gold,4
A15_132963,Streptophyta,Viridiplantae,,PC/SM,PC/SM,Glycerophospholipids|Sphingolipids,MS2_diagnostic,Bronze,2
A15_57648,Streptophyta,Viridiplantae,,,,,none,Unidentified,0
A15_134686,Streptophyta,Viridiplantae,PE(13:1_18:1),PE,PE,Glycerophospholipids,LipidSearch,Gold,4
A15_197592,Streptophyta,Viridiplantae,DG(21:1_16:0),DG,DG,Glycerolipids,LipidSearch,Bronze,3
A15_70402,Streptophyta,Viridiplantae,,Terpenoid,Terpenoid,Prenol lipids,MS2_diagnostic,Bronze,2
A15_46472,Streptophyta,Viridiplantae,,Terpenoid,Terpenoid,Prenol lipids,MS2_diagnostic,Bronze,2
A15_98753,Bacillota,Bacteria,,,,,none,Unidentified,0
A15_96491,Bacillota,Bacteria,,,,,none,Unidentified,0
A15_75758,Streptophyta,Viridiplantae,DG(6:0_19:2),DG,DG,Glycerolipids,LipidSearch,Bronze,3
A15_130370,Streptophyta,Viridiplantae,,Ubiquinone,Ubiquinone,Prenol lipids,MS2_diagnostic,Bronze,2
A15_199194,Streptophyta,Viridiplantae,TG(18:3_18:3_18:3)+O:(s),TG,TG,Glycerolipids,LipidSearch,Gold,4
A15_80630,Streptophyta,Viridiplantae,PG(18:2_18:3),PG,PG,Glycerophospholipids,LipidSearch,Gold,4
A15_24478,Streptophyta,Viridiplantae,,Terpenoid,Terpenoid,Prenol lipids,MS2_diagnostic,Bronze,2
A15_62177,Streptophyta,Viridiplantae,,Terpenoid,Terpenoid,Prenol lipids,MS2_diagnostic,Bronze,2
A15_126777,Streptophyta,Viridiplantae,,,,,none,Unidentified,0
A15_93335,Bacillota,Bacteria,,,,,none,Unidentified,0
A15_133760,Streptophyta,Viridiplantae,PC(34:4),PC,PC,Glycerophospholipids,LipidSearch,Bronze,3
A15_189137,Streptophyta,Viridiplantae,,,,,none,Unidentified,0
A15_201481,Streptophyta,Viridiplantae,Cer(d20:0_18:0),Cer,Cer,Sphingolipids,LipidSearch,Bronze,3
A15_36020,Bacillota,Bacteria,,,,,none,Unidentified,0
A15_112302,Streptophyta,Viridiplantae,,PS,PS,Glycerophospholipids,MS2_diagnostic,Bronze,2
A15_93085,Streptophyta,Viridiplantae,,Terpenoid,Terpenoid,Prenol lipids,MS2_diagnostic,Bronze,2
A15_211391,Streptophyta,Viridiplantae,,,,,none,Unidentified,0
A15_5057,Bacillota,Bacteria,,,,,none,Unidentified,0
A15_24995,Streptophyta,Viridiplantae,,PC/SM,PC/SM,Glycerophospholipids|Sphingolipids,MS2_diagnostic,Bronze,2
A15_3838,Streptophyta,Viridiplantae,DG(18:2),DG,DG,Glycerolipids,LipidSearch,Bronze,3
A15_103246,Streptophyta,Viridiplantae,,,,,none,Unidentified,0
A15_169487,Streptophyta,Viridiplantae,PE(18:1_15:0),PE,PE,Glycerophospholipids,LipidSearch,Gold,4
A15_197360,Streptophyta,Viridiplantae,,PC/SM,PC/SM,Glycerophospholipids|Sphingolipids,MS2_diagnostic,Bronze,2
A15_159986,Streptophyta,Viridiplantae,,,,,none,Unidentified,0
A15_63152,Streptophyta,Viridiplantae,TG(24:3_3:0)+O:(s),TG,TG,Glycerolipids,LipidSearch,Bronze,3
A15_87823,Streptophyta,Viridiplantae,,,,,none,Unidentified,0
A15_100788,Streptophyta,Viridiplantae,,PC/SM,PC/SM,Glycerophospholipids|Sphingolipids,MS2_diagnostic,Bronze,2
A15_108526,Streptophyta,Viridiplantae,TG(15:0_16:1),TG,TG,Glycerolipids,LipidSearch,Bronze,3
A15_179466,Streptophyta,Viridiplantae,,,,,none,Unidentified,0
A15_149105,Ascomycota,Fungi,TG(21:1_18:2)+OO:(s),TG,TG,Glycerolipids,LipidSearch,Bronze,3
A15_31813,Bacillota,Bacteria,,,,,none,Unidentified,0
A15_25060,Bacillota,Bacteria,,,,,none,Unidentified,0
A15_26884,Bacillota,Bacteria,,,,,none,Unidentified,0
A15_27990,Bacillota,Bacteria,,,,,none,Unidentified,0
A15_32623,Methanobacteriota,Archaea,,,,,none,Unidentified,0
A15_34232,Methanobacteriota,Archaea,,,,,none,Unidentified,0
A15_86979,Ascomycota,Fungi,TG(18:1_18:2)+OO:(s),TG,TG,Glycerolipids,LipidSearch,Bronze,3
A15_90270,Ascomycota,Fungi,,,,,none,Unidentified,0
A15_60034,Streptophyta,Viridiplantae,TG(18:1_18:3)+OO:(s),TG,TG,Glycerolipids,LipidSearch,Bronze,3
A15_217627,Streptophyta,Viridiplantae,TG(16:0_16:0_16:1),TG,TG,Glycerolipids,LipidSearch,Gold,4
A15_38605,Actinomycetota,Bacteria,PI(O-11:0_13:1),PI,PI,Glycerophospholipids,LipidSearch,Bronze,3
A15_140495,Streptophyta,Viridiplantae,TG(3:0_16:0_15:2),TG,TG,Glycerolipids,LipidSearch,Gold,4
A15_128209,Streptophyta,Viridiplantae,,Ubiquinone,Ubiquinone,Prenol lipids,MS2_diagnostic,Bronze,2
A15_163317,Streptophyta,Viridiplantae,,,,,none,Unidentified,0
A15_83038,Streptophyta,Viridiplantae,PG(20:5_16:0),PG,PG,Glycerophospholipids,LipidSearch,Bronze,3
A15_49302,Streptophyta,Viridiplantae,,Terpenoid,Terpenoid,Prenol lipids,MS2_diagnostic,Bronze,2
A15_170051,Bacillota,Bacteria,,,,,none,Unidentified,0
A15_213600,Streptophyta,Viridiplantae,TG(25:1_18:0)+OO:(s),TG,TG,Glycerolipids,LipidSearch,Bronze,3
A15_51025,Streptophyta,Viridiplantae,,PC/SM,PC/SM,Glycerophospholipids|Sphingolipids,MS2_diagnostic,Bronze,2
A15_180240,Actinomycetota,Bacteria,,,,,none,Unidentified,0
A15_165458,Ascomycota,Fungi,PE(20:5_18:1),PE,PE,Glycerophospholipids,LipidSearch,Gold,4
A15_188114,Bacillota,Bacteria,PC(33:3),PC,PC,Glycerophospholipids,LipidSearch,Bronze,3
A15_75337,Streptophyta,Viridiplantae,PG(20:5_18:2),PG,PG,Glycerophospholipids,LipidSearch,Bronze,3
A15_107912,Streptophyta,Viridiplantae,,,,,none,Unidentified,0
A15_191899,Streptophyta,Viridiplantae,Cer(d14:1_22:0),Cer,Cer,Sphingolipids,LipidSearch,Gold,4
A15_85968,Bacillota,Bacteria,,,,,none,Unidentified,0
A15_38554,Streptophyta,Viridiplantae,,,,,none,Unidentified,0
A15_18231,Streptophyta,Viridiplantae,,Terpenoid,Terpenoid,Prenol lipids,MS2_diagnostic,Bronze,2
A15_177775,Actinomycetota,Bacteria,MGDG(16:0_18:1),MGDG,MGDG,Glycerolipids,LipidSearch,Bronze,3
A15_85760,Streptophyta,Viridiplantae,,,,,none,Unidentified,0
A15_57025,Streptophyta,Viridiplantae,,PC/SM,PC/SM,Glycerophospholipids|Sphingolipids,MS2_diagnostic,Bronze,2
A15_132702,Bacillota,Bacteria,PG(16:1_16:1),PG,PG,Glycerophospholipids,LipidSearch,Gold,4
A15_134059,Bacillota,Bacteria,PG(17:2_15:0),PG,PG,Glycerophospholipids,LipidSearch,Gold,4
A15_172469,Actinomycetota,Bacteria,DG(P-15:2_19:0),DG,DG,Glycerolipids,LipidSearch,Bronze,3
A15_173488,Actinomycetota,Bacteria,DG(P-15:2_19:0),DG,DG,Glycerolipids,LipidSearch,Bronze,3
A15_204176,Streptophyta,Viridiplantae,PC(44:3),PC,PC,Glycerophospholipids,LipidSearch,Bronze,3
A15_157326,Streptophyta,Viridiplantae,,Terpenoid,Terpenoid,Prenol lipids,MS2_diagnostic,Bronze,2
A15_213083,Streptophyta,Viridiplantae,DG(25:7_18:0),DG,DG,Glycerolipids,LipidSearch,Gold,4
A15_173639,Basidiomycota,Fungi,PC(35:2),PC,PC,Glycerophospholipids,LipidSearch,Bronze,3
A15_92659,Streptophyta,Viridiplantae,PG(20:5_16:0),PG,PG,Glycerophospholipids,LipidSearch,Bronze,3
A15_196889,Streptophyta,Viridiplantae,,,,,none,Unidentified,0
A15_90320,Streptophyta,Viridiplantae,,,,,none,Unidentified,0
A15_33247,Basidiomycota,Fungi,,,,,none,Unidentified,0
A15_39859,Streptophyta,Viridiplantae,,,,,none,Unidentified,0
A15_174490,Streptophyta,Viridiplantae,,PC/SM,PC/SM,Glycerophospholipids|Sphingolipids,MS2_diagnostic,Bronze,2
A15_124013,Streptophyta,Viridiplantae,,PC/SM,PC/SM,Glycerophospholipids|Sphingolipids,MS2_diagnostic,Bronze,2
A15_203147,Pseudomonadota,Bacteria,PE(19:1_19:1),PE,PE,Glycerophospholipids,LipidSearch,Gold,4
A15_201285,Pseudomonadota,Bacteria,PE(19:1_19:1),PE,PE,Glycerophospholipids,LipidSearch,Gold,4
A15_161544,Basidiomycota,Fungi,TG(18:0_18:1),TG,TG,Glycerolipids,LipidSearch,Gold,4
A15_188147,Streptophyta,Viridiplantae,TG(9:0_18:2_18:3)+O:(s),TG,TG,Glycerolipids,LipidSearch,Gold,4
A15_155449,Basidiomycota,Fungi,,,,,none,Unidentified,0
A15_6249,Bacillota,Bacteria,,,,,none,Unidentified,0
A15_206859,Streptophyta,Viridiplantae,TG(16:0_16:0_18:4),TG,TG,Glycerolipids,LipidSearch,Gold,4
A15_4009,Streptophyta,Viridiplantae,MG(17:3),MG,MG,Glycerolipids,LipidSearch,Gold,4
A15_215476,Streptophyta,Viridiplantae,,,,,none,Unidentified,0
A15_95718,Streptophyta,Viridiplantae,TG(15:1_16:0),TG,TG,Glycerolipids,LipidSearch,Bronze,3
A15_55602,Basidiomycota,Fungi,WE(O-26:3),WE,WE,Fatty acyls,LipidSearch,Bronze,3
A15_57084,Basidiomycota,Fungi,WE(O-26:3),WE,WE,Fatty acyls,LipidSearch,Bronze,3
A15_180025,Actinomycetota,Bacteria,MGDG(16:0_18:1),MGDG,MGDG,Glycerolipids,LipidSearch,Bronze,3
A15_180783,Ascomycota,Fungi,,,,,none,Unidentified,0
A15_129944,Ascomycota,Fungi,,,,,none,Unidentified,0
A15_65875,Streptophyta,Viridiplantae,,,,,none,Unidentified,0
A15_145438,Streptophyta,Viridiplantae,,,,,none,Unidentified,0
A15_146230,Streptophyta,Viridiplantae,,,,,none,Unidentified,0
A15_66195,Streptophyta,Viridiplantae,,PE,PE,Glycerophospholipids,MS2_diagnostic,Bronze,2
A15_120976,Streptophyta,Viridiplantae,,,,,none,Unidentified,0
A15_73434,Streptophyta,Viridiplantae,,PC/SM,PC/SM,Glycerophospholipids|Sphingolipids,MS2_diagnostic,Bronze,2
A15_25104,Streptophyta,Viridiplantae,,,,,none,Unidentified,0
A15_1389,Bacillota,Bacteria,,,,,none,Unidentified,0
A15_141459,Bacillota,Bacteria,,,,,none,Unidentified,0
A15_139573,Bacillota,Bacteria,,,,,none,Unidentified,0
A15_128244,Bacillota,Bacteria,,,,,none,Unidentified,0
A15_130561,Bacillota,Bacteria,,,,,none,Unidentified,0
A15_126467,Bacillota,Bacteria,,,,,none,Unidentified,0
A15_125160,Bacillota,Bacteria,,,,,none,Unidentified,0
A15_12198,Streptophyta,Viridiplantae,,Terpenoid,Terpenoid,Prenol lipids,MS2_diagnostic,Bronze,2
A15_130230,Streptophyta,Viridiplantae,,PC/SM,PC/SM,Glycerophospholipids|Sphingolipids,MS2_diagnostic,Bronze,2
A15_185234,Streptophyta,Viridiplantae,,Terpenoid,Terpenoid,Prenol lipids,MS2_diagnostic,Bronze,2
A15_63676,Basidiomycota,Fungi,LPC(19:0),LPC,LPC,Glycerophospholipids,LipidSearch,Bronze,3
A15_64677,Basidiomycota,Fungi,LPC(19:0),LPC,LPC,Glycerophospholipids,LipidSearch,Bronze,3
A15_61679,Basidiomycota,Fungi,LPC(19:0),LPC,LPC,Glycerophospholipids,LipidSearch,Bronze,3
A15_38725,Basidiomycota,Fungi,,,,,none,Unidentified,0
A15_40890,Basidiomycota,Fungi,,,,,none,Unidentified,0
A15_30303,Bacillota,Bacteria,,,,,none,Unidentified,0
A15_219759,Bacillota,Bacteria,PG(14:2_25:1),PG,PG,Glycerophospholipids,LipidSearch,Bronze,3
A15_93723,Streptophyta,Viridiplantae,TG(3:0_15:2_15:2),TG,TG,Glycerolipids,LipidSearch,Bronze,3
A15_50289,Ascomycota,Fungi,,,,,none,Unidentified,0
A15_48397,Ascomycota,Fungi,,,,,none,Unidentified,0
A15_5708,Streptophyta,Viridiplantae,,PC/SM,PC/SM,Glycerophospholipids|Sphingolipids,MS2_diagnostic,Bronze,2
A15_55021,Basidiomycota,Fungi,,,,,none,Unidentified,0
A15_57305,Basidiomycota,Fungi,,,,,none,Unidentified,0
A15_150216,Streptophyta,Viridiplantae,,,,,none,Unidentified,0
A15_87181,Streptophyta,Viridiplantae,DG(O-12:1_18:2),DG,DG,Glycerolipids,LipidSearch,Bronze,3
A15_115106,Streptophyta,Viridiplantae,PI(20:5_18:2),PI,PI,Glycerophospholipids,LipidSearch,Gold,4
A15_187272,Streptophyta,Viridiplantae,,,,,none,Unidentified,0
A15_191748,Streptophyta,Viridiplantae,,,,,none,Unidentified,0
A15_46457,Streptophyta,Viridiplantae,,,,,none,Unidentified,0
A15_69981,Streptophyta,Viridiplantae,,,,,none,Unidentified,0
A15_216538,Streptophyta,Viridiplantae,,,,,none,Unidentified,0
A15_2122,Streptophyta,Viridiplantae,,,,,none,Unidentified,0
A15_40329,Streptophyta,Viridiplantae,,PC/SM,PC/SM,Glycerophospholipids|Sphingolipids,MS2_diagnostic,Bronze,2
A15_110543,Streptophyta,Viridiplantae,,,,,none,Unidentified,0
A15_168117,Bacillota,Bacteria,,,,,none,Unidentified,0
A15_218721,Streptophyta,Viridiplantae,,,,,none,Unidentified,0
A15_170314,Streptophyta,Viridiplantae,Cer(d18:1_20:5),Cer,Cer,Sphingolipids,LipidSearch,Bronze,3
A15_140386,Streptophyta,Viridiplantae,,,,,none,Unidentified,0
A15_113910,Streptophyta,Viridiplantae,,PC/SM,PC/SM,Glycerophospholipids|Sphingolipids,MS2_diagnostic,Bronze,2
A15_120157,Bacillota,Bacteria,DAP(O-14:0_O-6:0),DAP,DAP,Glycerophospholipids,LipidSearch,Gold,4
A15_1941,Bacillota,Bacteria,,,,,none,Unidentified,0
A15_214152,Streptophyta,Viridiplantae,ChE(24:6),ChE,CE,Sterol lipids,LipidSearch,Gold,4
A15_1094,Pseudomonadota,Bacteria,,,,,none,Unidentified,0
A15_130635,Bacillota,Bacteria,DG(O-13:0_17:2),DG,DG,Glycerolipids,LipidSearch,Bronze,3
A15_97058,Streptophyta,Viridiplantae,TG(15:1_16:0),TG,TG,Glycerolipids,LipidSearch,Bronze,3
A15_25809,Streptophyta,Viridiplantae,,Terpenoid,Terpenoid,Prenol lipids,MS2_diagnostic,Bronze,2
A15_77384,Streptophyta,Viridiplantae,,Terpenoid,Terpenoid,Prenol lipids,MS2_diagnostic,Bronze,2
A15_70825,Streptophyta,Viridiplantae,,Terpenoid,Terpenoid,Prenol lipids,MS2_diagnostic,Bronze,2
A15_229753,Actinomycetota,Bacteria,TG(16:0_16:0_17:0),TG,TG,Glycerolipids,LipidSearch,Gold,4
A15_229905,Actinomycetota,Bacteria,TG(16:0_16:0_17:0),TG,TG,Glycerolipids,LipidSearch,Gold,4
A15_158815,Bacillota,Bacteria,,,,,none,Unidentified,0
A15_139611,Actinomycetota,Bacteria,,,,,none,Unidentified,0
A15_130582,Streptophyta,Viridiplantae,PC(35:5),PC,PC,Glycerophospholipids,LipidSearch,Bronze,3
A15_63367,Basidiomycota,Fungi,BisMeLPA(18:0),BisMeLPA,BisMeLPA,Glycerophospholipids,LipidSearch,Bronze,3
A15_140061,Bacillota,Bacteria,,,,,none,Unidentified,0
A15_141871,Bacillota,Bacteria,,,,,none,Unidentified,0
A15_19415,Streptophyta,Viridiplantae,WE(O-6:0_12:1),WE,WE,Fatty acyls,LipidSearch,Bronze,3
A15_112054,Streptophyta,Viridiplantae,,,,,none,Unidentified,0
A15_100210,Bacillota,Bacteria,,,,,none,Unidentified,0
A15_97609,Bacillota,Bacteria,,,,,none,Unidentified,0
A15_220792,Bacillota,Bacteria,TG(42:4),TG,TG,Glycerolipids,LipidSearch,Bronze,3
A15_219876,Bacillota,Bacteria,TG(42:4),TG,TG,Glycerolipids,LipidSearch,Bronze,3
A15_221410,Bacillota,Bacteria,TG(42:4),TG,TG,Glycerolipids,LipidSearch,Bronze,3
A15_219474,Bacillota,Bacteria,TG(42:4),TG,TG,Glycerolipids,LipidSearch,Bronze,3
A15_109691,Streptophyta,Viridiplantae,MG(O-23:4),MG,MG,Glycerolipids,LipidSearch,Bronze,3
A15_63928,Streptophyta,Viridiplantae,,PC/SM,PC/SM,Glycerophospholipids|Sphingolipids,MS2_diagnostic,Bronze,2
A15_181858,Pseudomonadota,Bacteria,,,,,none,Unidentified,0
A15_88401,Streptophyta,Viridiplantae,TG(2:0_13:0_18:3),TG,TG,Glycerolipids,LipidSearch,Bronze,3
A15_38315,Streptophyta,Viridiplantae,,,,,none,Unidentified,0
A15_184133,Streptophyta,Viridiplantae,,PC/SM,PC/SM,Glycerophospholipids|Sphingolipids,MS2_diagnostic,Bronze,2
A15_79454,Streptophyta,Viridiplantae,TG(46:13)+OO:(s),TG,TG,Glycerolipids,LipidSearch,Bronze,3
A15_225338,Streptophyta,Viridiplantae,,,,,none,Unidentified,0
A15_131868,Streptophyta,Viridiplantae,PE(32:3),PE,PE,Glycerophospholipids,LipidSearch,Bronze,3
A15_208113,Basidiomycota,Fungi,,,,,none,Unidentified,0
A15_204595,Streptophyta,Viridiplantae,TG(16:3_16:3_18:3),TG,TG,Glycerolipids,LipidSearch,Gold,4
A15_166649,Streptophyta,Viridiplantae,,,,,none,Unidentified,0
A15_83355,Streptophyta,Viridiplantae,DG(P-4:0_22:2),DG,DG,Glycerolipids,LipidSearch,Bronze,3
A15_50551,Streptophyta,Viridiplantae,WE(O-27:3),WE,WE,Fatty acyls,LipidSearch,Bronze,3
A15_46620,Streptophyta,Viridiplantae,,,,,none,Unidentified,0
A15_166710,Streptophyta,Viridiplantae,TG(O-43:13_18:3),TG,TG,Glycerolipids,LipidSearch,Bronze,3
A15_84055,Streptophyta,Viridiplantae,,,,,none,Unidentified,0
A15_75877,Streptophyta,Viridiplantae,,,,,none,Unidentified,0
A15_31385,Streptophyta,Viridiplantae,,Terpenoid,Terpenoid,Prenol lipids,MS2_diagnostic,Bronze,2
A15_94751,Bacillota,Bacteria,SM(d33:5),SM,SM,Sphingolipids,LipidSearch,Bronze,3
A15_18444,Basidiomycota,Fungi,,,,,none,Unidentified,0
A15_20688,Basidiomycota,Fungi,,,,,none,Unidentified,0
A15_30726,Streptophyta,Viridiplantae,,PC/SM,PC/SM,Glycerophospholipids|Sphingolipids,MS2_diagnostic,Bronze,2
A15_115414,Streptophyta,Viridiplantae,,Terpenoid,Terpenoid,Prenol lipids,MS2_diagnostic,Bronze,2
A15_73205,Streptophyta,Viridiplantae,,PC/SM,PC/SM,Glycerophospholipids|Sphingolipids,MS2_diagnostic,Bronze,2
A15_34426,Bacillota,Bacteria,,,,,none,Unidentified,0
A15_27047,Bacillota,Bacteria,,,,,none,Unidentified,0
A15_30567,Bacillota,Bacteria,,,,,none,Unidentified,0
A15_32570,Bacillota,Bacteria,,,,,none,Unidentified,0
A15_25920,Bacillota,Bacteria,,,,,none,Unidentified,0
A15_27915,Bacillota,Bacteria,,,,,none,Unidentified,0
A15_24297,Bacillota,Bacteria,,,,,none,Unidentified,0
A15_155202,Streptophyta,Viridiplantae,,,,,none,Unidentified,0
A15_48974,Streptophyta,Viridiplantae,,,,,none,Unidentified,0
A15_90969,Streptophyta,Viridiplantae,PE(18:3_18:3),PE,PE,Glycerophospholipids,LipidSearch,Gold,4
A15_121994,Streptophyta,Viridiplantae,TG(18:1_23:6)+O:(s),TG,TG,Glycerolipids,LipidSearch,Bronze,3
A15_88888,Streptophyta,Viridiplantae,,PC/SM,PC/SM,Glycerophospholipids|Sphingolipids,MS2_diagnostic,Bronze,2
A15_75605,Streptophyta,Viridiplantae,TG(18:1_15:2),TG,TG,Glycerolipids,LipidSearch,Bronze,3
A15_175973,Streptophyta,Viridiplantae,,,,,none,Unidentified,0
A15_55723,Streptophyta,Viridiplantae,,PE,PE,Glycerophospholipids,MS2_diagnostic,Bronze,2
A15_65490,Streptophyta,Viridiplantae,,,,,none,Unidentified,0
A15_206135,Bacillota,Bacteria,,,,,none,Unidentified,0
A15_208623,Bacillota,Bacteria,,,,,none,Unidentified,0
A15_209506,Bacillota,Bacteria,,,,,none,Unidentified,0
A15_211311,Bacillota,Bacteria,,,,,none,Unidentified,0
A15_207727,Bacillota,Bacteria,,,,,none,Unidentified,0
A15_89976,Ascomycota,Fungi,DG(P-6:0_16:1),DG,DG,Glycerolipids,LipidSearch,Gold,4
A15_161873,Streptophyta,Viridiplantae,DG(P-15:2_17:0),DG,DG,Glycerolipids,LipidSearch,Bronze,3
A15_151731,Ascomycota,Fungi,,,,,none,Unidentified,0
A15_70201,Streptophyta,Viridiplantae,TG(2:0_16:0_18:3)+OO:(s),TG,TG,Glycerolipids,LipidSearch,Bronze,3
A15_207632,Streptophyta,Viridiplantae,TG(16:0_16:0_18:4),TG,TG,Glycerolipids,LipidSearch,Gold,4
A15_111641,Streptophyta,Viridiplantae,MePC(36:7),MePC,MePC,Glycerophospholipids,LipidSearch,Bronze,3
A15_164095,Bacillota,Bacteria,,,,,none,Unidentified,0
A15_165468,Bacillota,Bacteria,,,,,none,Unidentified,0
A15_111604,Streptophyta,Viridiplantae,TG(26:7_20:4),TG,TG,Glycerolipids,LipidSearch,Bronze,3
A15_77940,Streptophyta,Viridiplantae,,Terpenoid,Terpenoid,Prenol lipids,MS2_diagnostic,Bronze,2
A15_218507,Bacillota,Bacteria,DG(O-17:1_20:5),DG,DG,Glycerolipids,LipidSearch,Gold,4
A15_186606,Streptophyta,Viridiplantae,,Sterol,Sterol,Sterol lipids,MS2_diagnostic,Bronze,2
A15_32955,Ascomycota,Fungi,,,,,none,Unidentified,0
A15_29782,Ascomycota,Fungi,,,,,none,Unidentified,0
A15_158866,Streptophyta,Viridiplantae,Cer(d18:1_18:2),Cer,Cer,Sphingolipids,LipidSearch,Gold,4
A15_166604,Actinomycetota,Bacteria,,,,,none,Unidentified,0
A15_146408,Streptophyta,Viridiplantae,PG(18:0_15:0),PG,PG,Glycerophospholipids,LipidSearch,Bronze,3
A15_167191,Ascomycota,Fungi,DG(P-16:3_18:0),DG,DG,Glycerolipids,LipidSearch,Bronze,3
A15_121224,Basidiomycota,Fungi,,,,,none,Unidentified,0
A15_98504,Streptophyta,Viridiplantae,,Ubiquinone,Ubiquinone,Prenol lipids,MS2_diagnostic,Bronze,2
A15_154290,Streptophyta,Viridiplantae,,,,,none,Unidentified,0
A15_149163,Streptophyta,Viridiplantae,,PC/SM,PC/SM,Glycerophospholipids|Sphingolipids,MS2_diagnostic,Bronze,2
A15_136128,Streptophyta,Viridiplantae,TG(3:0_18:0_15:2)+O:(s),TG,TG,Glycerolipids,LipidSearch,Gold,4
A15_61432,Actinomycetota,Bacteria,,,,,none,Unidentified,0
A15_63494,Actinomycetota,Bacteria,,,,,none,Unidentified,0
A15_215151,Streptophyta,Viridiplantae,TG(18:2_16:0_16:0),TG,TG,Glycerolipids,LipidSearch,Bronze,3
A15_215100,Bacillota,Bacteria,,,,,none,Unidentified,0
A15_214170,Bacillota,Bacteria,,,,,none,Unidentified,0
A15_217744,Bacillota,Bacteria,,,,,none,Unidentified,0
A15_213376,Bacillota,Bacteria,,,,,none,Unidentified,0
A15_216840,Bacillota,Bacteria,,,,,none,Unidentified,0
A15_183329,Actinomycetota,Bacteria,DG(O-25:8_16:3),DG,DG,Glycerolipids,LipidSearch,Bronze,3
A15_121019,Streptophyta,Viridiplantae,,,,,none,Unidentified,0
A15_75410,Streptophyta,Viridiplantae,TG(P-8:0_18:2),TG,TG,Glycerolipids,LipidSearch,Bronze,3
A15_65568,Streptophyta,Viridiplantae,,Terpenoid,Terpenoid,Prenol lipids,MS2_diagnostic,Bronze,2
A15_208215,Basidiomycota,Fungi,,,,,none,Unidentified,0
A15_31240,Streptophyta,Viridiplantae,MG(O-27:8),MG,MG,Glycerolipids,LipidSearch,Bronze,3
A15_107998,Streptophyta,Viridiplantae,,,,,none,Unidentified,0
A15_18310,Streptophyta,Viridiplantae,,Terpenoid,Terpenoid,Prenol lipids,MS2_diagnostic,Bronze,2
A15_171099,Basidiomycota,Fungi,PI(38:3),PI,PI,Glycerophospholipids,LipidSearch,Bronze,3
A15_173198,Basidiomycota,Fungi,PI(38:3),PI,PI,Glycerophospholipids,LipidSearch,Bronze,3
A15_71038,Streptophyta,Viridiplantae,,,,,none,Unidentified,0
A15_218255,Streptophyta,Viridiplantae,TG(P-15:2_18:3_23:3),TG,TG,Glycerolipids,LipidSearch,Bronze,3
A15_108570,Streptophyta,Viridiplantae,,Sterol,Sterol,Sterol lipids,MS2_diagnostic,Bronze,2
A15_220069,Streptophyta,Viridiplantae,,PC/SM,PC/SM,Glycerophospholipids|Sphingolipids,MS2_diagnostic,Bronze,2
A15_93780,Ascomycota,Fungi,DG(6:0_21:3),DG,DG,Glycerolipids,LipidSearch,Gold,4
A15_39507,Streptophyta,Viridiplantae,,,,,none,Unidentified,0
A15_36791,Streptophyta,Viridiplantae,,,,,none,Unidentified,0
A15_34530,Streptophyta,Viridiplantae,,Terpenoid,Terpenoid,Prenol lipids,MS2_diagnostic,Bronze,2
A15_66218,Streptophyta,Viridiplantae,,Terpenoid,Terpenoid,Prenol lipids,MS2_diagnostic,Bronze,2
A15_15148,Streptophyta,Viridiplantae,,Terpenoid,Terpenoid,Prenol lipids,MS2_diagnostic,Bronze,2
A15_204640,Streptophyta,Viridiplantae,TG(32:2_16:2)+O:(s),TG,TG,Glycerolipids,LipidSearch,Gold,4
A15_79907,Bacillota,Bacteria,WE(O-28:6),WE,WE,Fatty acyls,LipidSearch,Bronze,3
A15_168995,Methanobacteriota,Archaea,,,,,none,Unidentified,0
A15_44956,Methanobacteriota,Archaea,LPE(18:1)+D7:(s),LPE,LPE,Glycerophospholipids,LipidSearch,Gold,4
A15_42287,Methanobacteriota,Archaea,LPE(18:1)+D7:(s),LPE,LPE,Glycerophospholipids,LipidSearch,Gold,4
A15_46874,Methanobacteriota,Archaea,LPE(18:1)+D7:(s),LPE,LPE,Glycerophospholipids,LipidSearch,Gold,4
A15_62881,Streptophyta,Viridiplantae,,,,,none,Unidentified,0
A15_32994,Streptophyta,Viridiplantae,MG(O-27:8),MG,MG,Glycerolipids,LipidSearch,Bronze,3
A15_221233,Streptophyta,Viridiplantae,TG(36:4_16:0)+O:(s),TG,TG,Glycerolipids,LipidSearch,Gold,4
A15_143414,Bacillota,Bacteria,,,,,none,Unidentified,0
A15_141842,Bacillota,Bacteria,,,,,none,Unidentified,0
A15_151106,Bacillota,Bacteria,,,,,none,Unidentified,0
A15_75623,Streptophyta,Viridiplantae,,PC/SM,PC/SM,Glycerophospholipids|Sphingolipids,MS2_diagnostic,Bronze,2
A15_97018,Bacillota,Bacteria,TG(16:0_16:0)+OO:(s),TG,TG,Glycerolipids,LipidSearch,Bronze,3
A15_143104,Streptophyta,Viridiplantae,TG(18:1_16:0),TG,TG,Glycerolipids,LipidSearch,Gold,4
A15_14081,Streptophyta,Viridiplantae,TG(5:0_20:4),TG,TG,Glycerolipids,LipidSearch,Bronze,3
A15_89914,Bacillota,Bacteria,,,,,none,Unidentified,0
A15_88476,Bacillota,Bacteria,,,,,none,Unidentified,0
A15_74799,Basidiomycota,Fungi,,,,,none,Unidentified,0
A15_106481,Streptophyta,Viridiplantae,PE(18:3_15:0),PE,PE,Glycerophospholipids,LipidSearch,Gold,4
A15_12189,Streptophyta,Viridiplantae,,,,,none,Unidentified,0
A15_180102,Actinomycetota,Bacteria,PC(O-34:2),PC,PC,Glycerophospholipids,LipidSearch,Bronze,3
A15_178591,Actinomycetota,Bacteria,PC(O-34:2),PC,PC,Glycerophospholipids,LipidSearch,Bronze,3
A15_177421,Actinomycetota,Bacteria,PC(O-34:2),PC,PC,Glycerophospholipids,LipidSearch,Bronze,3
A15_92839,Streptophyta,Viridiplantae,,,,,none,Unidentified,0
A15_221392,Streptophyta,Viridiplantae,,,,,none,Unidentified,0
A15_13253,Bacillota,Bacteria,,,,,none,Unidentified,0
A15_17067,Bacillota,Bacteria,,,,,none,Unidentified,0
A15_15228,Bacillota,Bacteria,,,,,none,Unidentified,0
A15_20754,Bacillota,Bacteria,,,,,none,Unidentified,0
A15_22501,Bacillota,Bacteria,,,,,none,Unidentified,0
A15_56105,Methanobacteriota,Archaea,,,,,none,Unidentified,0
A15_55172,Methanobacteriota,Archaea,,,,,none,Unidentified,0
A15_152301,Streptophyta,Viridiplantae,Cer(d18:2_20:4),Cer,Cer,Sphingolipids,LipidSearch,Bronze,3
A15_177880,Streptophyta,Viridiplantae,PC(19:1_16:0),PC,PC,Glycerophospholipids,LipidSearch,Bronze,3
A15_130723,Streptophyta,Viridiplantae,PG(16:2_18:2),PG,PG,Glycerophospholipids,LipidSearch,Gold,4
A15_28934,Bacillota,Bacteria,,,,,none,Unidentified,0
A15_26802,Bacillota,Bacteria,,,,,none,Unidentified,0
A15_31610,Bacillota,Bacteria,,,,,none,Unidentified,0
A15_80807,Streptophyta,Viridiplantae,DG(15:2_18:3),DG,DG,Glycerolipids,LipidSearch,Gold,4
A15_114202,Bacillota,Bacteria,,,,,none,Unidentified,0
A15_191890,Ascomycota,Fungi,DG(O-18:4_16:0),DG,DG,Glycerolipids,LipidSearch,Bronze,3
A15_18994,Streptophyta,Viridiplantae,MG(O-26:8),MG,MG,Glycerolipids,LipidSearch,Bronze,3
A15_59742,Streptophyta,Viridiplantae,,PC/SM,PC/SM,Glycerophospholipids|Sphingolipids,MS2_diagnostic,Bronze,2
A15_88319,Streptophyta,Viridiplantae,TG(27:2_3:0)+O:(s),TG,TG,Glycerolipids,LipidSearch,Bronze,3
A15_147958,Streptophyta,Viridiplantae,PG(18:0_15:0),PG,PG,Glycerophospholipids,LipidSearch,Bronze,3
A15_55173,Streptophyta,Viridiplantae,WE(O-27:3),WE,WE,Fatty acyls,LipidSearch,Bronze,3
A15_209364,Ascomycota,Fungi,,,,,none,Unidentified,0
A15_210665,Ascomycota,Fungi,,Terpenoid,Terpenoid,Prenol lipids,MS2_diagnostic,Bronze,2
A15_212073,Ascomycota,Fungi,,,,,none,Unidentified,0
A15_220986,Streptophyta,Viridiplantae,,Sterol,Sterol,Sterol lipids,MS2_diagnostic,Bronze,2
A15_133501,Streptophyta,Viridiplantae,TG(18:2_16:0)+O:(s),TG,TG,Glycerolipids,LipidSearch,Gold,4
A15_51355,Streptophyta,Viridiplantae,TG(O-4:0_2:0_19:2),TG,TG,Glycerolipids,LipidSearch,Bronze,3
A15_32249,Bacillota,Bacteria,,,,,none,Unidentified,0
A15_27173,Bacillota,Bacteria,,,,,none,Unidentified,0
A15_33002,Bacillota,Bacteria,,,,,none,Unidentified,0
A15_28616,Bacillota,Bacteria,,,,,none,Unidentified,0
A15_131123,Streptophyta,Viridiplantae,PC(35:6),PC,PC,Glycerophospholipids,LipidSearch,Bronze,3
A15_183303,Methanobacteriota,Archaea,,,,,none,Unidentified,0
A15_184501,Methanobacteriota,Archaea,,,,,none,Unidentified,0
A15_222854,Streptophyta,Viridiplantae,,PC/SM,PC/SM,Glycerophospholipids|Sphingolipids,MS2_diagnostic,Bronze,2
A15_165499,Streptophyta,Viridiplantae,,,,,none,Unidentified,0
A15_31853,Streptophyta,Viridiplantae,,PC/SM,PC/SM,Glycerophospholipids|Sphingolipids,MS2_diagnostic,Bronze,2
A15_89954,Streptophyta,Viridiplantae,,,,,none,Unidentified,0
A15_30935,Streptophyta,Viridiplantae,,,,,none,Unidentified,0
A15_128280,Streptophyta,Viridiplantae,,Terpenoid,Terpenoid,Prenol lipids,MS2_diagnostic,Bronze,2
A15_126842,Streptophyta,Viridiplantae,,Terpenoid,Terpenoid,Prenol lipids,MS2_diagnostic,Bronze,2
A15_124339,Streptophyta,Viridiplantae,,PC/SM,PC/SM,Glycerophospholipids|Sphingolipids,MS2_diagnostic,Bronze,2
A15_98638,Streptophyta,Viridiplantae,WE(O-14:1_14:2),WE,WE,Fatty acyls,LipidSearch,Bronze,3
A15_99260,Streptophyta,Viridiplantae,WE(O-14:1_14:2),WE,WE,Fatty acyls,LipidSearch,Bronze,3
A15_94765,Streptophyta,Viridiplantae,WE(O-28:3),WE,WE,Fatty acyls,LipidSearch,Bronze,3
A15_96981,Streptophyta,Viridiplantae,,Hopanoid,Hopanoid,Prenol lipids,MS2_diagnostic,Bronze,2
A15_52102,Streptophyta,Viridiplantae,,,,,none,Unidentified,0
A15_218009,Streptophyta,Viridiplantae,,Terpenoid,Terpenoid,Prenol lipids,MS2_diagnostic,Bronze,2
A15_138691,Ascomycota,Fungi,PC(35:4),PC,PC,Glycerophospholipids,LipidSearch,Bronze,3
A15_77954,Ascomycota,Fungi,,Terpenoid,Terpenoid,Prenol lipids,MS2_diagnostic,Bronze,2
A15_156285,Basidiomycota,Fungi,PC(21:4_18:2),PC,PC,Glycerophospholipids,LipidSearch,Bronze,3
A15_152777,Basidiomycota,Fungi,MGDG(18:2_20:4),MGDG,MGDG,Glycerolipids,LipidSearch,Gold,4
A15_166626,Streptophyta,Viridiplantae,,,,,none,Unidentified,0
A15_145642,Actinomycetota,Bacteria,,,,,none,Unidentified,0
A15_158878,Actinomycetota,Bacteria,DG(P-15:2_18:0),DG,DG,Glycerolipids,LipidSearch,Bronze,3
A15_93044,Streptophyta,Viridiplantae,,Ubiquinone,Ubiquinone,Prenol lipids,MS2_diagnostic,Bronze,2
A15_37255,Methanobacteriota,Archaea,,,,,none,Unidentified,0
A15_61721,Ascomycota,Fungi,,,,,none,Unidentified,0
A15_155073,Streptophyta,Viridiplantae,,,,,none,Unidentified,0
A15_55264,Streptophyta,Viridiplantae,,,,,none,Unidentified,0
A15_124723,Streptophyta,Viridiplantae,,,,,none,Unidentified,0
A15_36789,Streptophyta,Viridiplantae,,,,,none,Unidentified,0
A15_62108,Streptophyta,Viridiplantae,,Terpenoid,Terpenoid,Prenol lipids,MS2_diagnostic,Bronze,2
A15_71490,Streptophyta,Viridiplantae,TG(9:0_16:0)+O:(s),TG,TG,Glycerolipids,LipidSearch,Bronze,3
A15_165907,Streptophyta,Viridiplantae,,,,,none,Unidentified,0
A15_130834,Streptophyta,Viridiplantae,PE(40:10),PE,PE,Glycerophospholipids,LipidSearch,Bronze,3
A15_11588,Streptophyta,Viridiplantae,LPA(16:1),LPA,LPA,Glycerophospholipids,LipidSearch,Bronze,3
A15_168732,Streptophyta,Viridiplantae,,PC/SM,PC/SM,Glycerophospholipids|Sphingolipids,MS2_diagnostic,Bronze,2
A15_159498,Streptophyta,Viridiplantae,,PC/SM,PC/SM,Glycerophospholipids|Sphingolipids,MS2_diagnostic,Bronze,2
A15_162378,Streptophyta,Viridiplantae,,PC/SM,PC/SM,Glycerophospholipids|Sphingolipids,MS2_diagnostic,Bronze,2
A15_160876,Streptophyta,Viridiplantae,,,,,none,Unidentified,0
A15_159715,Streptophyta,Viridiplantae,,PC/SM,PC/SM,Glycerophospholipids|Sphingolipids,MS2_diagnostic,Bronze,2
A15_95228,Streptophyta,Viridiplantae,,,,,none,Unidentified,0
A15_141665,Streptophyta,Viridiplantae,,PC/SM,PC/SM,Glycerophospholipids|Sphingolipids,MS2_diagnostic,Bronze,2
A15_27732,Bacillota,Bacteria,,,,,none,Unidentified,0
A15_32250,Bacillota,Bacteria,,,,,none,Unidentified,0
A15_33122,Bacillota,Bacteria,,,,,none,Unidentified,0
A15_28794,Bacillota,Bacteria,,,,,none,Unidentified,0
A15_217795,Streptophyta,Viridiplantae,TG(16:1_16:1_18:1)+O:(s),TG,TG,Glycerolipids,LipidSearch,Gold,4
A15_175760,Basidiomycota,Fungi,PC(O-41:11),PC,PC,Glycerophospholipids,LipidSearch,Bronze,3
A15_126300,Streptophyta,Viridiplantae,DG(18:2_18:3),DG,DG,Glycerolipids,LipidSearch,Gold,4
A15_148272,Basidiomycota,Fungi,TG(18:1_18:0),TG,TG,Glycerolipids,LipidSearch,Bronze,3
A15_149526,Basidiomycota,Fungi,TG(18:1_18:0),TG,TG,Glycerolipids,LipidSearch,Bronze,3
A15_208204,Streptophyta,Viridiplantae,,Terpenoid,Terpenoid,Prenol lipids,MS2_diagnostic,Bronze,2
A15_17503,Streptophyta,Viridiplantae,,PC/SM,PC/SM,Glycerophospholipids|Sphingolipids,MS2_diagnostic,Bronze,2
A15_114458,Streptophyta,Viridiplantae,,,,,none,Unidentified,0
A15_14762,Streptophyta,Viridiplantae,LPC(20:4),LPC,LPC,Glycerophospholipids,LipidSearch,Bronze,3
A15_13369,Streptophyta,Viridiplantae,LPC(20:4),LPC,LPC,Glycerophospholipids,LipidSearch,Bronze,3
A15_166640,Ascomycota,Fungi,TG(2:0_18:1_18:2)+O:(s),TG,TG,Glycerolipids,LipidSearch,Bronze,3
A15_94921,Streptophyta,Viridiplantae,,PC/SM,PC/SM,Glycerophospholipids|Sphingolipids,MS2_diagnostic,Bronze,2
A15_142404,Ascomycota,Fungi,,,,,none,Unidentified,0
A15_69352,Streptophyta,Viridiplantae,,PC/SM,PC/SM,Glycerophospholipids|Sphingolipids,MS2_diagnostic,Bronze,2
A15_65446,Streptophyta,Viridiplantae,,PC/SM,PC/SM,Glycerophospholipids|Sphingolipids,MS2_diagnostic,Bronze,2
A15_118555,Streptophyta,Viridiplantae,,,,,none,Unidentified,0
A15_37103,Streptophyta,Viridiplantae,,,,,none,Unidentified,0
A15_56468,Streptophyta,Viridiplantae,,PC/SM,PC/SM,Glycerophospholipids|Sphingolipids,MS2_diagnostic,Bronze,2
A15_72415,Streptophyta,Viridiplantae,,PC/SM,PC/SM,Glycerophospholipids|Sphingolipids,MS2_diagnostic,Bronze,2
A15_204546,Streptophyta,Viridiplantae,TG(18:2_18:2_16:3)+O:(s),TG,TG,Glycerolipids,LipidSearch,Gold,4
A15_16612,Streptophyta,Viridiplantae,LPA(16:1),LPA,LPA,Glycerophospholipids,LipidSearch,Bronze,3
A15_55626,Streptophyta,Viridiplantae,,,,,none,Unidentified,0
A15_45786,Streptophyta,Viridiplantae,PS(27:8_18:2),PS,PS,Glycerophospholipids,LipidSearch,Bronze,3
A15_104170,Streptophyta,Viridiplantae,,PC/SM,PC/SM,Glycerophospholipids|Sphingolipids,MS2_diagnostic,Bronze,2
A15_67739,Streptophyta,Viridiplantae,DG(P-15:2_22:4),DG,DG,Glycerolipids,LipidSearch,Bronze,3
A15_35679,Bacillota,Bacteria,,,,,none,Unidentified,0
A15_103424,Streptophyta,Viridiplantae,TG(12:0_6:0_15:2),TG,TG,Glycerolipids,LipidSearch,Bronze,3
A15_199349,Streptophyta,Viridiplantae,TG(36:4_18:2)+OO:(s),TG,TG,Glycerolipids,LipidSearch,Gold,4
A15_169816,Streptophyta,Viridiplantae,,,,,none,Unidentified,0
A15_72341,Streptophyta,Viridiplantae,,,,,none,Unidentified,0
A15_218722,Pseudomonadota,Bacteria,,,,,none,Unidentified,0
A15_93487,Streptophyta,Viridiplantae,,PC/SM,PC/SM,Glycerophospholipids|Sphingolipids,MS2_diagnostic,Bronze,2
A15_42300,Basidiomycota,Fungi,WE(O-22:3),WE,WE,Fatty acyls,LipidSearch,Bronze,3
A15_137387,Streptophyta,Viridiplantae,DG(18:1_18:3),DG,DG,Glycerolipids,LipidSearch,Gold,4
A15_170011,Streptophyta,Viridiplantae,,,,,none,Unidentified,0
A15_55215,Streptophyta,Viridiplantae,,,,,none,Unidentified,0
A15_42834,Pseudomonadota,Bacteria,,,,,none,Unidentified,0
A15_47924,Pseudomonadota,Bacteria,,,,,none,Unidentified,0
A15_81028,Streptophyta,Viridiplantae,,SM,SM,Sphingolipids,MS2_diagnostic,Bronze,2
A15_53146,Streptophyta,Viridiplantae,,Terpenoid,Terpenoid,Prenol lipids,MS2_diagnostic,Bronze,2
A15_174151,Streptophyta,Viridiplantae,PC(O-40:6),PC,PC,Glycerophospholipids,LipidSearch,Bronze,3
A15_32284,Streptophyta,Viridiplantae,,,,,none,Unidentified,0
A15_88717,Streptophyta,Viridiplantae,,,,,none,Unidentified,0
A15_170240,Bacillota,Bacteria,,,,,none,Unidentified,0
A15_168387,Bacillota,Bacteria,,,,,none,Unidentified,0
A15_108831,Streptophyta,Viridiplantae,,PC/SM,PC/SM,Glycerophospholipids|Sphingolipids,MS2_diagnostic,Bronze,2
A15_109955,Bacillota,Bacteria,,,,,none,Unidentified,0
A15_203276,Streptophyta,Viridiplantae,TG(27:2_16:0)+OO:(s),TG,TG,Glycerolipids,LipidSearch,Gold,4
A15_170298,Streptophyta,Viridiplantae,,Terpenoid,Terpenoid,Prenol lipids,MS2_diagnostic,Bronze,2
A15_183492,Actinomycetota,Bacteria,PC(33:0),PC,PC,Glycerophospholipids,LipidSearch,Bronze,3
A15_181730,Actinomycetota,Bacteria,PC(33:0),PC,PC,Glycerophospholipids,LipidSearch,Bronze,3
A15_177412,Actinomycetota,Bacteria,PC(32:0),PC,PC,Glycerophospholipids,LipidSearch,Bronze,3
A15_175624,Actinomycetota,Bacteria,PC(32:0),PC,PC,Glycerophospholipids,LipidSearch,Bronze,3
A15_48388,Streptophyta,Viridiplantae,,,,,none,Unidentified,0
A15_21410,Basidiomycota,Fungi,,,,,none,Unidentified,0
A15_34102,Streptophyta,Viridiplantae,,,,,none,Unidentified,0
A15_161080,Streptophyta,Viridiplantae,,,,,none,Unidentified,0
A15_123320,Actinomycetota,Bacteria,,,,,none,Unidentified,0
A15_107471,Bacillota,Bacteria,,,,,none,Unidentified,0
A15_167551,Streptophyta,Viridiplantae,DG(O-13:1_20:1),DG,DG,Glycerolipids,LipidSearch,Bronze,3
A15_172564,Actinomycetota,Bacteria,PG(19:0_15:0),PG,PG,Glycerophospholipids,LipidSearch,Bronze,3
A15_170748,Actinomycetota,Bacteria,TG(36:5_6:0)+O:(s),TG,TG,Glycerolipids,LipidSearch,Bronze,3
A15_167546,Actinomycetota,Bacteria,TG(36:5_6:0)+O:(s),TG,TG,Glycerolipids,LipidSearch,Bronze,3
A15_93237,Streptophyta,Viridiplantae,,,,,none,Unidentified,0
A15_80252,Streptophyta,Viridiplantae,WE(O-28:6),WE,WE,Fatty acyls,LipidSearch,Bronze,3
A15_9210,Streptophyta,Viridiplantae,LPI(20:4),LPI,LPI,Glycerophospholipids,LipidSearch,Bronze,3
A15_173419,Ascomycota,Fungi,,,,,none,Unidentified,0
A15_117663,Actinomycetota,Bacteria,DG(P-10:0_20:2),DG,DG,Glycerolipids,LipidSearch,Gold,4
A15_55749,Streptophyta,Viridiplantae,,,,,none,Unidentified,0
A15_120026,Actinomycetota,Bacteria,MGDG(18:4_20:5),MGDG,MGDG,Glycerolipids,LipidSearch,Gold,4
A15_90873,Mucoromycota,Fungi,,,,,none,Unidentified,0
A15_31668,Streptophyta,Viridiplantae,,,,,none,Unidentified,0
A15_64979,Streptophyta,Viridiplantae,,PC/SM,PC/SM,Glycerophospholipids|Sphingolipids,MS2_diagnostic,Bronze,2
A15_149899,Bacillota,Bacteria,,,,,none,Unidentified,0
A15_145036,Bacillota,Bacteria,,,,,none,Unidentified,0
A15_45177,Bacillota,Bacteria,,,,,none,Unidentified,0
A15_42852,Bacillota,Bacteria,,,,,none,Unidentified,0
A15_128399,Bacillota,Bacteria,PS(19:3_20:5),PS,PS,Glycerophospholipids,LipidSearch,Bronze,3
A15_6414,Methanobacteriota,Archaea,,,,,none,Unidentified,0
A15_147559,Bacillota,Bacteria,,,,,none,Unidentified,0
A15_125908,Bacillota,Bacteria,,,,,none,Unidentified,0
A15_226382,Actinomycetota,Bacteria,TG(14:0_14:0_16:0),TG,TG,Glycerolipids,LipidSearch,Gold,4
A15_22580,Basidiomycota,Fungi,,,,,none,Unidentified,0
A15_32568,Streptophyta,Viridiplantae,,,,,none,Unidentified,0
A15_148449,Streptophyta,Viridiplantae,DG(15:0_18:2),DG,DG,Glycerolipids,LipidSearch,Bronze,3
A15_62949,Streptophyta,Viridiplantae,,Terpenoid,Terpenoid,Prenol lipids,MS2_diagnostic,Bronze,2
A15_86643,Streptophyta,Viridiplantae,,,,,none,Unidentified,0
A15_87791,Bacillota,Bacteria,,,,,none,Unidentified,0
A15_138667,Bacillota,Bacteria,,,,,none,Unidentified,0
A15_15060,Bacillota,Bacteria,,,,,none,Unidentified,0
A15_13886,Bacillota,Bacteria,,,,,none,Unidentified,0
A15_8488,Bacillota,Bacteria,,,,,none,Unidentified,0
A15_10209,Bacillota,Bacteria,,,,,none,Unidentified,0
A15_161520,Actinomycetota,Bacteria,,,,,none,Unidentified,0
A15_160078,Actinomycetota,Bacteria,,,,,none,Unidentified,0
A15_181173,Actinomycetota,Bacteria,DG(15:2_29:8),DG,DG,Glycerolipids,LipidSearch,Bronze,3
A15_179764,Actinomycetota,Bacteria,DG(15:2_29:8),DG,DG,Glycerolipids,LipidSearch,Bronze,3
A15_178496,Actinomycetota,Bacteria,PC(32:0),PC,PC,Glycerophospholipids,LipidSearch,Bronze,3
A15_107734,Ascomycota,Fungi,PG(25:4_14:0),PG,PG,Glycerophospholipids,LipidSearch,Bronze,3
A15_28815,Bacillota,Bacteria,,,,,none,Unidentified,0
A15_30374,Bacillota,Bacteria,,,,,none,Unidentified,0
A15_27062,Bacillota,Bacteria,,,,,none,Unidentified,0
A15_25721,Bacillota,Bacteria,,,,,none,Unidentified,0
A15_160714,Streptophyta,Viridiplantae,,PC/SM,PC/SM,Glycerophospholipids|Sphingolipids,MS2_diagnostic,Bronze,2
A15_182820,Streptophyta,Viridiplantae,TG(21:1_20:3)+O:(s),TG,TG,Glycerolipids,LipidSearch,Bronze,3
A15_85742,Streptophyta,Viridiplantae,TG(18:4_2:0_16:0)+OO:(s),TG,TG,Glycerolipids,LipidSearch,Bronze,3
A15_47570,Basidiomycota,Fungi,,PE,PE,Glycerophospholipids,MS2_diagnostic,Bronze,2
A15_217247,Bacillota,Bacteria,,,,,none,Unidentified,0
A15_144730,Actinomycetota,Bacteria,PC(32:2),PC,PC,Glycerophospholipids,LipidSearch,Bronze,3
A15_206838,Streptophyta,Viridiplantae,TG(28:5_15:2_15:2),TG,TG,Glycerolipids,LipidSearch,Bronze,3
A15_192199,Actinomycetota,Bacteria,PE(O-40:5),PE,PE,Glycerophospholipids,LipidSearch,Bronze,3
A15_194952,Actinomycetota,Bacteria,PE(P-18:0_22:4),PE,PE,Glycerophospholipids,LipidSearch,Gold,4
A15_193950,Actinomycetota,Bacteria,PE(O-40:5),PE,PE,Glycerophospholipids,LipidSearch,Bronze,3
A15_190463,Actinomycetota,Bacteria,PE(O-40:5),PE,PE,Glycerophospholipids,LipidSearch,Bronze,3
A15_126162,Streptophyta,Viridiplantae,SM(d36:4),SM,SM,Sphingolipids,LipidSearch,Bronze,3
A15_49540,Streptophyta,Viridiplantae,,,,,none,Unidentified,0
A15_110248,Actinomycetota,Bacteria,,,,,none,Unidentified,0
A15_144784,Actinomycetota,Bacteria,PC(29:0),PC,PC,Glycerophospholipids,LipidSearch,Bronze,3
A15_82019,Streptophyta,Viridiplantae,TG(3:0_5:0_16:0),TG,TG,Glycerolipids,LipidSearch,Gold,4
A15_121051,Streptophyta,Viridiplantae,TG(17:0_18:2)+OO:(s),TG,TG,Glycerolipids,LipidSearch,Bronze,3
A15_126367,Streptophyta,Viridiplantae,,Terpenoid,Terpenoid,Prenol lipids,MS2_diagnostic,Bronze,2
A15_156012,Actinomycetota,Bacteria,,,,,none,Unidentified,0
A15_218782,Bacillota,Bacteria,TG(12:0_12:0_14:0),TG,TG,Glycerolipids,LipidSearch,Gold,4
A15_196119,Streptophyta,Viridiplantae,PC(O-38:3),PC,PC,Glycerophospholipids,LipidSearch,Bronze,3
A15_220389,Bacillota,Bacteria,,,,,none,Unidentified,0
A15_222452,Bacillota,Bacteria,,,,,none,Unidentified,0
A15_227512,Bacillota,Bacteria,,,,,none,Unidentified,0
A15_226590,Bacillota,Bacteria,,,,,none,Unidentified,0
A15_227287,Bacillota,Bacteria,,,,,none,Unidentified,0
A15_66492,Streptophyta,Viridiplantae,TG(14:2_4:0_15:2),TG,TG,Glycerolipids,LipidSearch,Bronze,3
A15_72164,Streptophyta,Viridiplantae,,,,,none,Unidentified,0
A15_156301,Streptophyta,Viridiplantae,PG(16:0_16:1),PG,PG,Glycerophospholipids,LipidSearch,Gold,4
A15_209154,Streptophyta,Viridiplantae,,Terpenoid,Terpenoid,Prenol lipids,MS2_diagnostic,Bronze,2
A15_76634,Streptophyta,Viridiplantae,,PC/SM,PC/SM,Glycerophospholipids|Sphingolipids,MS2_diagnostic,Bronze,2
A15_46549,Ascomycota,Fungi,,,,,none,Unidentified,0
A15_123487,Actinomycetota,Bacteria,PI(31:0),PI,PI,Glycerophospholipids,LipidSearch,Bronze,3
A15_111752,Streptophyta,Viridiplantae,MG(O-26:5),MG,MG,Glycerolipids,LipidSearch,Bronze,3
A15_168300,Methanobacteriota,Archaea,PC(O-36:6),PC,PC,Glycerophospholipids,LipidSearch,Bronze,3
A15_157996,Actinomycetota,Bacteria,,,,,none,Unidentified,0
A15_100228,Basidiomycota,Fungi,PG(O-15:1_21:5),PG,PG,Glycerophospholipids,LipidSearch,Bronze,3
A15_152636,Bacillota,Bacteria,,,,,none,Unidentified,0
A15_62532,Streptophyta,Viridiplantae,,Terpenoid,Terpenoid,Prenol lipids,MS2_diagnostic,Bronze,2
A15_186522,Streptophyta,Viridiplantae,TG(21:1_20:3)+O:(s),TG,TG,Glycerolipids,LipidSearch,Bronze,3
A15_163559,Actinomycetota,Bacteria,,,,,none,Unidentified,0
A15_162507,Actinomycetota,Bacteria,MGDG(16:0_16:1),MGDG,MGDG,Glycerolipids,LipidSearch,Gold,4
A15_105581,Streptophyta,Viridiplantae,,PC/SM,PC/SM,Glycerophospholipids|Sphingolipids,MS2_diagnostic,Bronze,2
A15_44901,Bacillota,Bacteria,,,,,none,Unidentified,0
A15_70659,Streptophyta,Viridiplantae,,Terpenoid,Terpenoid,Prenol lipids,MS2_diagnostic,Bronze,2
A15_75055,Streptophyta,Viridiplantae,,Terpenoid,Terpenoid,Prenol lipids,MS2_diagnostic,Bronze,2
A15_164749,Streptophyta,Viridiplantae,,,,,none,Unidentified,0
A15_111019,Streptophyta,Viridiplantae,,Terpenoid,Terpenoid,Prenol lipids,MS2_diagnostic,Bronze,2
A15_174404,Actinomycetota,Bacteria,DG(16:1_16:1),DG,DG,Glycerolipids,LipidSearch,Gold,4
A15_172531,Actinomycetota,Bacteria,DG(16:1_16:1),DG,DG,Glycerolipids,LipidSearch,Gold,4
A15_25387,Streptophyta,Viridiplantae,,Hopanoid,Hopanoid,Prenol lipids,MS2_diagnostic,Bronze,2
A15_212133,Streptophyta,Viridiplantae,Cer(d16:1_22:0),Cer,Cer,Sphingolipids,LipidSearch,Gold,4
A15_163816,Basidiomycota,Fungi,TG(9:0_9:0_18:1)+O:(s),TG,TG,Glycerolipids,LipidSearch,Gold,4
A15_155098,Basidiomycota,Fungi,PC(32:2),PC,PC,Glycerophospholipids,LipidSearch,Bronze,3
A15_221509,Bacillota,Bacteria,PG(14:2_25:1),PG,PG,Glycerophospholipids,LipidSearch,Bronze,3
A15_145195,Streptophyta,Viridiplantae,PC(37:1),PC,PC,Glycerophospholipids,LipidSearch,Bronze,3
A15_58117,Streptophyta,Viridiplantae,,,,,none,Unidentified,0
A15_221096,Pseudomonadota,Bacteria,,,,,none,Unidentified,0
A15_113794,Methanobacteriota,Archaea,,,,,none,Unidentified,0
A15_55862,Streptophyta,Viridiplantae,DG(4:0_22:6),DG,DG,Glycerolipids,LipidSearch,Bronze,3
A15_154094,Bacillota,Bacteria,,,,,none,Unidentified,0
A15_155232,Bacillota,Bacteria,,,,,none,Unidentified,0
A15_116225,Streptophyta,Viridiplantae,WE(O-27:2),WE,WE,Fatty acyls,LipidSearch,Bronze,3
A15_220357,Pseudomonadota,Bacteria,,,,,none,Unidentified,0
A15_219099,Pseudomonadota,Bacteria,,,,,none,Unidentified,0
A15_79520,Streptophyta,Viridiplantae,TG(3:0_5:0_16:0),TG,TG,Glycerolipids,LipidSearch,Gold,4
A15_221649,Streptophyta,Viridiplantae,,PC/SM,PC/SM,Glycerophospholipids|Sphingolipids,MS2_diagnostic,Bronze,2
A15_114417,Streptophyta,Viridiplantae,MePC(36:7),MePC,MePC,Glycerophospholipids,LipidSearch,Bronze,3
A15_30168,Streptophyta,Viridiplantae,,PC/SM,PC/SM,Glycerophospholipids|Sphingolipids,MS2_diagnostic,Bronze,2
A15_22054,Streptophyta,Viridiplantae,,PC/SM,PC/SM,Glycerophospholipids|Sphingolipids,MS2_diagnostic,Bronze,2
A15_39296,Streptophyta,Viridiplantae,,,,,none,Unidentified,0
A15_175776,Actinomycetota,Bacteria,,PC/SM,PC/SM,Glycerophospholipids|Sphingolipids,MS2_diagnostic,Bronze,2
A15_55232,Streptophyta,Viridiplantae,,Terpenoid,Terpenoid,Prenol lipids,MS2_diagnostic,Bronze,2
A15_140679,Streptophyta,Viridiplantae,DG(18:1_18:3),DG,DG,Glycerolipids,LipidSearch,Gold,4
A15_170255,Actinomycetota,Bacteria,DG(15:2_18:0),DG,DG,Glycerolipids,LipidSearch,Gold,4
A15_40846,Methanobacteriota,Archaea,,,,,none,Unidentified,0
A15_123325,Streptophyta,Viridiplantae,,Sterol,Sterol,Sterol lipids,MS2_diagnostic,Bronze,2
A15_216908,Streptophyta,Viridiplantae,TG(16:1_20:5_20:5),TG,TG,Glycerolipids,LipidSearch,Gold,4
A15_168746,Actinomycetota,Bacteria,DG(16:1_16:1),DG,DG,Glycerolipids,LipidSearch,Gold,4
A15_170286,Actinomycetota,Bacteria,DG(16:1_16:1),DG,DG,Glycerolipids,LipidSearch,Gold,4
A15_213923,Streptophyta,Viridiplantae,TG(34:0_23:5),TG,TG,Glycerolipids,LipidSearch,Bronze,3
A15_34027,Streptophyta,Viridiplantae,,PC/SM,PC/SM,Glycerophospholipids|Sphingolipids,MS2_diagnostic,Bronze,2
A15_153769,Bacillota,Bacteria,,,,,none,Unidentified,0
A15_74960,Streptophyta,Viridiplantae,,,,,none,Unidentified,0
A15_19781,Streptophyta,Viridiplantae,,PC/SM,PC/SM,Glycerophospholipids|Sphingolipids,MS2_diagnostic,Bronze,2
A15_166803,Basidiomycota,Fungi,TG(16:1_7:0_18:1)+O:(s),TG,TG,Glycerolipids,LipidSearch,Bronze,3
A15_170820,Basidiomycota,Fungi,,,,,none,Unidentified,0
A15_115001,Streptophyta,Viridiplantae,,,,,none,Unidentified,0
A15_212997,Streptophyta,Viridiplantae,TG(16:0_16:1_18:2)+O:(s),TG,TG,Glycerolipids,LipidSearch,Gold,4
A15_36937,Streptophyta,Viridiplantae,,PC/SM,PC/SM,Glycerophospholipids|Sphingolipids,MS2_diagnostic,Bronze,2
A15_54676,Streptophyta,Viridiplantae,,,,,none,Unidentified,0
A15_50811,Streptophyta,Viridiplantae,,,,,none,Unidentified,0
A15_8581,Streptophyta,Viridiplantae,,Terpenoid,Terpenoid,Prenol lipids,MS2_diagnostic,Bronze,2
A15_155027,Streptophyta,Viridiplantae,PI(18:1_16:0),PI,PI,Glycerophospholipids,LipidSearch,Gold,4
A15_85314,Streptophyta,Viridiplantae,,,,,none,Unidentified,0
A15_113481,Streptophyta,Viridiplantae,MG(O-27:6),MG,MG,Glycerolipids,LipidSearch,Bronze,3
A15_183369,Basidiomycota,Fungi,,,,,none,Unidentified,0
A15_9045,Bacillota,Bacteria,,,,,none,Unidentified,0
A15_7199,Bacillota,Bacteria,,,,,none,Unidentified,0
A15_14163,Bacillota,Bacteria,,,,,none,Unidentified,0
A15_129839,Streptophyta,Viridiplantae,,Terpenoid,Terpenoid,Prenol lipids,MS2_diagnostic,Bronze,2
A15_13802,Streptophyta,Viridiplantae,WE(O-19:1),WE,WE,Fatty acyls,LipidSearch,Bronze,3
A15_150569,Actinomycetota,Bacteria,PC(29:0),PC,PC,Glycerophospholipids,LipidSearch,Bronze,3
A15_148895,Actinomycetota,Bacteria,PC(29:0),PC,PC,Glycerophospholipids,LipidSearch,Bronze,3
A15_146196,Actinomycetota,Bacteria,PC(29:0),PC,PC,Glycerophospholipids,LipidSearch,Bronze,3
A15_90476,Actinomycetota,Bacteria,,,,,none,Unidentified,0
A15_88838,Actinomycetota,Bacteria,,,,,none,Unidentified,0
A15_203349,Streptophyta,Viridiplantae,TG(36:6_16:0)+OO:(s),TG,TG,Glycerolipids,LipidSearch,Gold,4
A15_182361,Streptophyta,Viridiplantae,MGDG(16:0_18:1),MGDG,MGDG,Glycerolipids,LipidSearch,Bronze,3
A15_11121,Streptophyta,Viridiplantae,LPC(15:1),LPC,LPC,Glycerophospholipids,LipidSearch,Bronze,3
A15_204507,Streptophyta,Viridiplantae,Cer(d18:0_19:0),Cer,Cer,Sphingolipids,LipidSearch,Bronze,3
A15_172629,Actinomycetota,Bacteria,,,,,none,Unidentified,0
A15_132671,Bacillota,Bacteria,,PC/SM,PC/SM,Glycerophospholipids|Sphingolipids,MS2_diagnostic,Bronze,2
A15_121387,Bacillota,Bacteria,,,,,none,Unidentified,0
A15_120530,Bacillota,Bacteria,BisMePA(31:4),BisMePA,BisMePA,Glycerophospholipids,LipidSearch,Bronze,3
A15_118440,Bacillota,Bacteria,BisMePA(31:4),BisMePA,BisMePA,Glycerophospholipids,LipidSearch,Bronze,3
