feature_id,source_class,model_class,diagnostic_subclass,diagnostic_confidence,decision
A15_100018,Ceramide,Cer,Ceramide,Medium,no_candidate_within_mass_tolerance
A15_100229,Terpenoid,Terpenoid,Terpenoid,Low,no_accepted_class_rt_model
A15_100283,Sterol,Sterol,Sterol,Medium,no_accepted_class_rt_model
A15_100665,PC/SM,PC/SM,PC/SM,High,no_accepted_class_rt_model
A15_100788,PC/SM,PC/SM,PC/SM,High,no_accepted_class_rt_model
A15_100791,PC/SM,PC/SM,PC/SM,High,no_accepted_class_rt_model
A15_100852,PC/SM,PC/SM,PC/SM,High,no_accepted_class_rt_model
A15_100888,Terpenoid,Terpenoid,Terpenoid,Low,no_accepted_class_rt_model
A15_100890,Terpenoid,Terpenoid,Terpenoid,Medium,no_accepted_class_rt_model
A15_10093,Terpenoid,Terpenoid,Terpenoid,Low,no_accepted_class_rt_model
A15_101184,Terpenoid,Terpenoid,Terpenoid,Medium,no_accepted_class_rt_model
A15_10122,PI,PI,PI,Medium,no_candidate_within_mass_tolerance
A15_101268,PC/SM,PC/SM,PC/SM,High,no_accepted_class_rt_model
A15_101686,PC/SM,PC/SM,PC/SM,High,no_accepted_class_rt_model
A15_10175,Terpenoid,Terpenoid,Terpenoid,Medium,no_accepted_class_rt_model
A15_101980,Terpenoid,Terpenoid,Terpenoid,Medium,no_accepted_class_rt_model
A15_102203,Terpenoid,Terpenoid,Terpenoid,Medium,no_accepted_class_rt_model
A15_102281,PC/SM,PC/SM,PC/SM,High,no_accepted_class_rt_model
A15_10231,Terpenoid,Terpenoid,Terpenoid,Medium,no_accepted_class_rt_model
A15_102315,PC/SM,PC/SM,PC/SM,High,no_accepted_class_rt_model
A15_102352,PC/SM,PC/SM,PC/SM,Medium,no_accepted_class_rt_model
A15_102469,Ubiquinone,Ubiquinone,Ubiquinone,Medium,no_accepted_class_rt_model
A15_1025,Terpenoid,Terpenoid,Terpenoid,Medium,no_accepted_class_rt_model
A15_102639,PC/SM,PC/SM,PC/SM,Medium,no_accepted_class_rt_model
A15_102700,PC/SM,PC/SM,PC/SM,High,no_accepted_class_rt_model
A15_102723,PC/SM,PC/SM,PC/SM,High,no_accepted_class_rt_model
A15_102754,Terpenoid,Terpenoid,Terpenoid,Medium,no_accepted_class_rt_model
A15_1028,Terpenoid,Terpenoid,Terpenoid,Medium,no_accepted_class_rt_model
A15_102858,PC/SM,PC/SM,PC/SM,High,no_accepted_class_rt_model
A15_102902,Terpenoid,Terpenoid,Terpenoid,Medium,no_accepted_class_rt_model
A15_102972,Terpenoid,Terpenoid,Terpenoid,Low,no_accepted_class_rt_model
A15_103042,Terpenoid,Terpenoid,Terpenoid,Medium,no_accepted_class_rt_model
A15_103059,PC/SM,PC/SM,PC/SM,High,no_accepted_class_rt_model
A15_103076,Hopanoid,Hopanoid,Hopanoid,Low,no_accepted_class_rt_model
A15_103165,Terpenoid,Terpenoid,Terpenoid,Medium,no_accepted_class_rt_model
A15_103199,PC/SM,PC/SM,PC/SM,Medium,no_accepted_class_rt_model
A15_103211,Terpenoid,Terpenoid,Terpenoid,Medium,no_accepted_class_rt_model
A15_103320,PC/SM,PC/SM,PC/SM,High,no_accepted_class_rt_model
A15_103341,PC/SM,PC/SM,PC/SM,Medium,no_accepted_class_rt_model
A15_103359,Terpenoid,Terpenoid,Terpenoid,Medium,no_accepted_class_rt_model
A15_103374,PC/SM,PC/SM,PC/SM,High,no_accepted_class_rt_model
A15_103394,PC/SM,PC/SM,PC/SM,High,no_accepted_class_rt_model
A15_103512,PC/SM,PC/SM,PC/SM,High,no_accepted_class_rt_model
A15_103670,PC/SM,PC/SM,PC/SM,High,no_accepted_class_rt_model
A15_103676,PC/SM,PC/SM,PC/SM,High,no_accepted_class_rt_model
A15_10368,Ceramide,Cer,Ceramide,Medium,no_candidate_within_mass_tolerance
A15_103718,PC/SM,PC/SM,PC/SM,Medium,no_accepted_class_rt_model
A15_103785,DGTS,DGTS,DGTS,Medium,no_accepted_class_rt_model
A15_103797,Glycolipid,Glycolipid,Glycolipid,Low,no_accepted_class_rt_model
A15_103840,PC/SM,PC/SM,PC/SM,Medium,no_accepted_class_rt_model
A15_103873,Terpenoid,Terpenoid,Terpenoid,Medium,no_accepted_class_rt_model
A15_104057,Terpenoid,Terpenoid,Terpenoid,Medium,no_accepted_class_rt_model
A15_104132,PE,PE,PE,High,no_candidate_within_mass_tolerance
A15_104170,PC/SM,PC/SM,PC/SM,High,no_accepted_class_rt_model
A15_104182,PC/SM,PC/SM,PC/SM,High,no_accepted_class_rt_model
A15_104199,Terpenoid,Terpenoid,Terpenoid,Medium,no_accepted_class_rt_model
A15_104300,Terpenoid,Terpenoid,Terpenoid,Medium,no_accepted_class_rt_model
A15_104432,DGTS,DGTS,DGTS,Medium,no_accepted_class_rt_model
A15_10444,Terpenoid,Terpenoid,Terpenoid,Medium,no_accepted_class_rt_model
A15_104484,PC/SM,PC/SM,PC/SM,High,no_accepted_class_rt_model
A15_104527,Terpenoid,Terpenoid,Terpenoid,Low,no_accepted_class_rt_model
A15_104533,PC/SM,PC/SM,PC/SM,High,no_accepted_class_rt_model
A15_104554,Terpenoid,Terpenoid,Terpenoid,Low,no_accepted_class_rt_model
A15_104560,Terpenoid,Terpenoid,Terpenoid,Medium,no_accepted_class_rt_model
A15_104610,Terpenoid,Terpenoid,Terpenoid,Medium,no_accepted_class_rt_model
A15_104637,Ubiquinone,Ubiquinone,Ubiquinone,Medium,no_accepted_class_rt_model
A15_10468,Terpenoid,Terpenoid,Terpenoid,Medium,no_accepted_class_rt_model
A15_104728,Terpenoid,Terpenoid,Terpenoid,Medium,no_accepted_class_rt_model
A15_104730,PC/SM,PC/SM,PC/SM,High,no_accepted_class_rt_model
A15_104896,PC/SM,PC/SM,PC/SM,High,no_accepted_class_rt_model
A15_104903,PC/SM,PC/SM,PC/SM,Medium,no_accepted_class_rt_model
A15_105045,PE,PE,PE,Medium,no_candidate_within_mass_tolerance
A15_105176,Terpenoid,Terpenoid,Terpenoid,Medium,no_accepted_class_rt_model
A15_105207,PC/SM,PC/SM,PC/SM,Medium,no_accepted_class_rt_model
A15_105480,Terpenoid,Terpenoid,Terpenoid,Medium,no_accepted_class_rt_model
A15_105574,Sterol,Sterol,Sterol,Medium,no_accepted_class_rt_model
A15_105581,PC/SM,PC/SM,PC/SM,High,no_accepted_class_rt_model
A15_105592,Terpenoid,Terpenoid,Terpenoid,Medium,no_accepted_class_rt_model
A15_105664,PC/SM,PC/SM,PC/SM,High,no_accepted_class_rt_model
A15_105683,PC/SM,PC/SM,PC/SM,Medium,no_accepted_class_rt_model
A15_105706,PC/SM,PC/SM,PC/SM,High,no_accepted_class_rt_model
A15_105779,PC/SM,PC/SM,PC/SM,Medium,no_accepted_class_rt_model
A15_105817,Terpenoid,Terpenoid,Terpenoid,Medium,no_accepted_class_rt_model
A15_105901,PC/SM,PC/SM,PC/SM,Medium,no_accepted_class_rt_model
A15_105953,Terpenoid,Terpenoid,Terpenoid,Medium,no_accepted_class_rt_model
A15_106065,Terpenoid,Terpenoid,Terpenoid,Medium,no_accepted_class_rt_model
A15_106167,Terpenoid,Terpenoid,Terpenoid,Medium,no_accepted_class_rt_model
A15_106262,Terpenoid,Terpenoid,Terpenoid,Medium,no_accepted_class_rt_model
A15_106263,Terpenoid,Terpenoid,Terpenoid,Medium,no_accepted_class_rt_model
A15_106267,Terpenoid,Terpenoid,Terpenoid,Medium,no_accepted_class_rt_model
A15_106302,PC/SM,PC/SM,PC/SM,High,no_accepted_class_rt_model
A15_106439,Terpenoid,Terpenoid,Terpenoid,Medium,no_accepted_class_rt_model
A15_106479,Ubiquinone,Ubiquinone,Ubiquinone,Medium,no_accepted_class_rt_model
A15_1065,Terpenoid,Terpenoid,Terpenoid,Medium,no_accepted_class_rt_model
A15_106501,Terpenoid,Terpenoid,Terpenoid,Medium,no_accepted_class_rt_model
A15_106533,PC/SM,PC/SM,PC/SM,High,no_accepted_class_rt_model
A15_106666,Terpenoid,Terpenoid,Terpenoid,Medium,no_accepted_class_rt_model
A15_106715,Terpenoid,Terpenoid,Terpenoid,Medium,no_accepted_class_rt_model
A15_106838,Terpenoid,Terpenoid,Terpenoid,Low,no_accepted_class_rt_model
A15_106894,Terpenoid,Terpenoid,Terpenoid,Low,no_accepted_class_rt_model
A15_106952,PC/SM,PC/SM,PC/SM,Medium,no_accepted_class_rt_model
A15_106991,PC/SM,PC/SM,PC/SM,Medium,no_accepted_class_rt_model
A15_107251,PC/SM,PC/SM,PC/SM,High,no_accepted_class_rt_model
A15_107374,PC/SM,PC/SM,PC/SM,High,no_accepted_class_rt_model
A15_107438,Terpenoid,Terpenoid,Terpenoid,Medium,no_accepted_class_rt_model
A15_107613,PC/SM,PC/SM,PC/SM,High,no_accepted_class_rt_model
A15_10763,Ceramide,Cer,Ceramide,Medium,no_candidate_within_mass_tolerance
A15_107653,Ceramide,Cer,Ceramide,Medium,no_candidate_within_mass_tolerance
A15_107690,Terpenoid,Terpenoid,Terpenoid,Medium,no_accepted_class_rt_model
A15_107707,Terpenoid,Terpenoid,Terpenoid,Medium,no_accepted_class_rt_model
A15_107850,PC/SM,PC/SM,PC/SM,High,no_accepted_class_rt_model
A15_107871,Terpenoid,Terpenoid,Terpenoid,Medium,no_accepted_class_rt_model
A15_107942,Terpenoid,Terpenoid,Terpenoid,Medium,no_accepted_class_rt_model
A15_107994,PC/SM,PC/SM,PC/SM,Medium,no_accepted_class_rt_model
A15_10806,Terpenoid,Terpenoid,Terpenoid,Medium,no_accepted_class_rt_model
A15_108167,Terpenoid,Terpenoid,Terpenoid,Medium,no_accepted_class_rt_model
A15_108239,PC/SM,PC/SM,PC/SM,High,no_accepted_class_rt_model
A15_108351,PC/SM,PC/SM,PC/SM,Medium,no_accepted_class_rt_model
A15_10844,Terpenoid,Terpenoid,Terpenoid,Medium,no_accepted_class_rt_model
A15_108493,Glycolipid,Glycolipid,Glycolipid,Low,no_accepted_class_rt_model
A15_108570,Sterol,Sterol,Sterol,Medium,no_accepted_class_rt_model
A15_108591,Terpenoid,Terpenoid,Terpenoid,Medium,no_accepted_class_rt_model
A15_108775,PC/SM,PC/SM,PC/SM,High,no_accepted_class_rt_model
A15_108831,PC/SM,PC/SM,PC/SM,High,no_accepted_class_rt_model
A15_10887,PC/SM,PC/SM,PC/SM,Medium,no_accepted_class_rt_model
A15_109133,Terpenoid,Terpenoid,Terpenoid,Medium,no_accepted_class_rt_model
A15_109145,Terpenoid,Terpenoid,Terpenoid,Medium,no_accepted_class_rt_model
A15_109176,Terpenoid,Terpenoid,Terpenoid,Medium,no_accepted_class_rt_model
A15_109183,Terpenoid,Terpenoid,Terpenoid,Medium,no_accepted_class_rt_model
A15_109193,Terpenoid,Terpenoid,Terpenoid,Medium,no_accepted_class_rt_model
A15_109277,Terpenoid,Terpenoid,Terpenoid,Low,no_accepted_class_rt_model
A15_109502,Terpenoid,Terpenoid,Terpenoid,Medium,no_accepted_class_rt_model
A15_109820,PC/SM,PC/SM,PC/SM,High,no_accepted_class_rt_model
A15_109841,Sterol,Sterol,Sterol,Medium,no_accepted_class_rt_model
A15_110085,Terpenoid,Terpenoid,Terpenoid,Medium,no_accepted_class_rt_model
A15_110127,Terpenoid,Terpenoid,Terpenoid,Medium,no_accepted_class_rt_model
A15_110355,Terpenoid,Terpenoid,Terpenoid,Medium,no_accepted_class_rt_model
A15_110357,Terpenoid,Terpenoid,Terpenoid,Medium,no_accepted_class_rt_model
A15_110631,Terpenoid,Terpenoid,Terpenoid,Low,no_accepted_class_rt_model
A15_110663,Terpenoid,Terpenoid,Terpenoid,Medium,no_accepted_class_rt_model
A15_110727,Terpenoid,Terpenoid,Terpenoid,Medium,no_accepted_class_rt_model
A15_110812,PC/SM,PC/SM,PC/SM,Medium,no_accepted_class_rt_model
A15_110851,Terpenoid,Terpenoid,Terpenoid,Medium,no_accepted_class_rt_model
A15_11086,Terpenoid,Terpenoid,Terpenoid,Medium,no_accepted_class_rt_model
A15_110861,Ubiquinone,Ubiquinone,Ubiquinone,Medium,no_accepted_class_rt_model
A15_111019,Terpenoid,Terpenoid,Terpenoid,Medium,no_accepted_class_rt_model
A15_111181,PC/SM,PC/SM,PC/SM,High,no_accepted_class_rt_model
A15_111211,Terpenoid,Terpenoid,Terpenoid,Medium,no_accepted_class_rt_model
A15_111294,Terpenoid,Terpenoid,Terpenoid,Medium,no_accepted_class_rt_model
A15_111335,Terpenoid,Terpenoid,Terpenoid,Low,no_accepted_class_rt_model
A15_111434,PC/SM,PC/SM,PC/SM,High,no_accepted_class_rt_model
A15_111471,PC/SM,PC/SM,PC/SM,Medium,no_accepted_class_rt_model
A15_1115,Terpenoid,Terpenoid,Terpenoid,Medium,no_accepted_class_rt_model
A15_111572,PC/SM,PC/SM,PC/SM,Medium,no_accepted_class_rt_model
A15_111637,SM,SM,SM,High,no_accepted_class_rt_model
A15_112009,PC/SM,PC/SM,PC/SM,High,no_accepted_class_rt_model
A15_112045,Terpenoid,Terpenoid,Terpenoid,Medium,no_accepted_class_rt_model
A15_112073,Ceramide,Cer,Ceramide,Medium,no_candidate_within_mass_tolerance
A15_112087,PC/SM,PC/SM,PC/SM,High,no_accepted_class_rt_model
A15_112092,Terpenoid,Terpenoid,Terpenoid,Low,no_accepted_class_rt_model
A15_112135,PC/SM,PC/SM,PC/SM,Medium,no_accepted_class_rt_model
A15_112145,Terpenoid,Terpenoid,Terpenoid,Medium,no_accepted_class_rt_model
A15_112146,Terpenoid,Terpenoid,Terpenoid,Medium,no_accepted_class_rt_model
A15_112167,PC/SM,PC/SM,PC/SM,High,no_accepted_class_rt_model
A15_112266,Terpenoid,Terpenoid,Terpenoid,Medium,no_accepted_class_rt_model
A15_112302,PS,PS,PS,Medium,no_candidate_within_mass_tolerance
A15_112314,Terpenoid,Terpenoid,Terpenoid,Medium,no_accepted_class_rt_model
A15_112514,Terpenoid,Terpenoid,Terpenoid,Medium,no_accepted_class_rt_model
A15_112634,PC/SM,PC/SM,PC/SM,High,no_accepted_class_rt_model
A15_112729,Terpenoid,Terpenoid,Terpenoid,Medium,no_accepted_class_rt_model
A15_112737,Ceramide,Cer,Ceramide,Medium,no_candidate_within_mass_tolerance
A15_112791,PC/SM,PC/SM,PC/SM,Medium,no_accepted_class_rt_model
A15_112860,Terpenoid,Terpenoid,Terpenoid,Low,no_accepted_class_rt_model
A15_112948,Terpenoid,Terpenoid,Terpenoid,Medium,no_accepted_class_rt_model
A15_112979,PC/SM,PC/SM,PC/SM,Medium,no_accepted_class_rt_model
A15_113134,PE,PE,PE,High,no_candidate_within_mass_tolerance
A15_113317,PC/SM,PC/SM,PC/SM,High,no_accepted_class_rt_model
A15_113487,PC/SM,PC/SM,PC/SM,High,no_accepted_class_rt_model
A15_113727,Ubiquinone,Ubiquinone,Ubiquinone,Medium,no_accepted_class_rt_model
A15_113819,PC/SM,PC/SM,PC/SM,Medium,no_accepted_class_rt_model
A15_113910,PC/SM,PC/SM,PC/SM,High,no_accepted_class_rt_model
A15_113966,PC/SM,PC/SM,PC/SM,High,no_accepted_class_rt_model
A15_114067,Terpenoid,Terpenoid,Terpenoid,Low,no_accepted_class_rt_model
A15_114145,Ceramide,Cer,Ceramide,Medium,no_candidate_within_mass_tolerance
A15_114147,PC/SM,PC/SM,PC/SM,High,no_accepted_class_rt_model
A15_114180,Terpenoid,Terpenoid,Terpenoid,Medium,no_accepted_class_rt_model
A15_114257,Glycolipid,Glycolipid,Glycolipid,Low,no_accepted_class_rt_model
A15_114260,PC/SM,PC/SM,PC/SM,High,no_accepted_class_rt_model
A15_114286,PC/SM,PC/SM,PC/SM,Medium,no_accepted_class_rt_model
A15_114323,PS,PS,PS,Medium,no_candidate_within_mass_tolerance
A15_114504,Terpenoid,Terpenoid,Terpenoid,Medium,no_accepted_class_rt_model
A15_11469,Terpenoid,Terpenoid,Terpenoid,Medium,no_accepted_class_rt_model
A15_114901,PE,PE,PE,High,best_candidate_exceeds_rt_tolerance
A15_114945,PC/SM,PC/SM,PC/SM,Medium,no_accepted_class_rt_model
A15_115201,Ceramide,Cer,Ceramide,Medium,no_candidate_within_mass_tolerance
A15_115400,PC/SM,PC/SM,PC/SM,Medium,no_accepted_class_rt_model
A15_115414,Terpenoid,Terpenoid,Terpenoid,Medium,no_accepted_class_rt_model
A15_115449,PC/SM,PC/SM,PC/SM,High,no_accepted_class_rt_model
A15_115460,Glycolipid,Glycolipid,Glycolipid,Low,no_accepted_class_rt_model
A15_115483,Terpenoid,Terpenoid,Terpenoid,Medium,no_accepted_class_rt_model
A15_115575,Terpenoid,Terpenoid,Terpenoid,Medium,no_accepted_class_rt_model
A15_115635,PC/SM,PC/SM,PC/SM,High,no_accepted_class_rt_model
A15_115752,PC/SM,PC/SM,PC/SM,Medium,no_accepted_class_rt_model
A15_115763,Terpenoid,Terpenoid,Terpenoid,Medium,no_accepted_class_rt_model
A15_115846,PC/SM,PC/SM,PC/SM,High,no_accepted_class_rt_model
A15_115900,PC/SM,PC/SM,PC/SM,High,no_accepted_class_rt_model
A15_115943,Terpenoid,Terpenoid,Terpenoid,Medium,no_accepted_class_rt_model
A15_116104,PC/SM,PC/SM,PC/SM,High,no_accepted_class_rt_model
A15_116190,Terpenoid,Terpenoid,Terpenoid,Medium,no_accepted_class_rt_model
A15_116362,Terpenoid,Terpenoid,Terpenoid,Low,no_accepted_class_rt_model
A15_116400,PC/SM,PC/SM,PC/SM,High,no_accepted_class_rt_model
A15_116483,PE,PE,PE,Medium,no_candidate_within_mass_tolerance
A15_116502,PC/SM,PC/SM,PC/SM,High,no_accepted_class_rt_model
A15_11657,Terpenoid,Terpenoid,Terpenoid,Medium,no_accepted_class_rt_model
A15_116710,PC/SM,PC/SM,PC/SM,High,no_accepted_class_rt_model
A15_116869,PC/SM,PC/SM,PC/SM,High,no_accepted_class_rt_model
A15_117039,Terpenoid,Terpenoid,Terpenoid,Medium,no_accepted_class_rt_model
A15_117216,Terpenoid,Terpenoid,Terpenoid,Medium,no_accepted_class_rt_model
A15_11738,Terpenoid,Terpenoid,Terpenoid,Medium,no_accepted_class_rt_model
A15_117482,Terpenoid,Terpenoid,Terpenoid,Medium,no_accepted_class_rt_model
A15_117582,PC/SM,PC/SM,PC/SM,Medium,no_accepted_class_rt_model
A15_117656,Terpenoid,Terpenoid,Terpenoid,Medium,no_accepted_class_rt_model
A15_117742,Terpenoid,Terpenoid,Terpenoid,Medium,no_accepted_class_rt_model
A15_11792,Terpenoid,Terpenoid,Terpenoid,Medium,no_accepted_class_rt_model
A15_11808,PC/SM,PC/SM,PC/SM,Medium,no_accepted_class_rt_model
A15_118150,PC/SM,PC/SM,PC/SM,High,no_accepted_class_rt_model
A15_118205,Terpenoid,Terpenoid,Terpenoid,Medium,no_accepted_class_rt_model
A15_118264,Terpenoid,Terpenoid,Terpenoid,Medium,no_accepted_class_rt_model
A15_11836,Terpenoid,Terpenoid,Terpenoid,Medium,no_accepted_class_rt_model
A15_118367,Terpenoid,Terpenoid,Terpenoid,Low,no_accepted_class_rt_model
A15_11841,PC/SM,PC/SM,PC/SM,Medium,no_accepted_class_rt_model
A15_118542,Terpenoid,Terpenoid,Terpenoid,Medium,no_accepted_class_rt_model
A15_118544,Terpenoid,Terpenoid,Terpenoid,Medium,no_accepted_class_rt_model
A15_118623,Terpenoid,Terpenoid,Terpenoid,Medium,no_accepted_class_rt_model
A15_11877,PC/SM,PC/SM,PC/SM,High,no_accepted_class_rt_model
A15_118946,Terpenoid,Terpenoid,Terpenoid,Medium,no_accepted_class_rt_model
A15_119189,PC/SM,PC/SM,PC/SM,High,no_accepted_class_rt_model
A15_119314,PC/SM,PC/SM,PC/SM,High,no_accepted_class_rt_model
A15_119348,PC/SM,PC/SM,PC/SM,High,no_accepted_class_rt_model
A15_119592,Terpenoid,Terpenoid,Terpenoid,Medium,no_accepted_class_rt_model
A15_119606,Terpenoid,Terpenoid,Terpenoid,Medium,no_accepted_class_rt_model
A15_119807,Terpenoid,Terpenoid,Terpenoid,Medium,no_accepted_class_rt_model
A15_119916,PC/SM,PC/SM,PC/SM,Medium,no_accepted_class_rt_model
A15_120355,Terpenoid,Terpenoid,Terpenoid,Medium,no_accepted_class_rt_model
A15_12039,Terpenoid,Terpenoid,Terpenoid,Low,no_accepted_class_rt_model
A15_120466,Terpenoid,Terpenoid,Terpenoid,Medium,no_accepted_class_rt_model
A15_120488,PC/SM,PC/SM,PC/SM,High,no_accepted_class_rt_model
A15_120501,Terpenoid,Terpenoid,Terpenoid,Medium,no_accepted_class_rt_model
A15_12052,Terpenoid,Terpenoid,Terpenoid,Medium,no_accepted_class_rt_model
A15_120616,PC/SM,PC/SM,PC/SM,High,no_accepted_class_rt_model
A15_120646,PC/SM,PC/SM,PC/SM,High,no_accepted_class_rt_model
A15_120884,PC/SM,PC/SM,PC/SM,High,no_accepted_class_rt_model
A15_120902,PC/SM,PC/SM,PC/SM,High,no_accepted_class_rt_model
A15_121022,Terpenoid,Terpenoid,Terpenoid,Medium,no_accepted_class_rt_model
A15_121099,Terpenoid,Terpenoid,Terpenoid,Medium,no_accepted_class_rt_model
A15_121167,PC/SM,PC/SM,PC/SM,High,no_accepted_class_rt_model
A15_121178,Terpenoid,Terpenoid,Terpenoid,Low,no_accepted_class_rt_model
A15_121324,PC/SM,PC/SM,PC/SM,High,no_accepted_class_rt_model
A15_121480,PC/SM,PC/SM,PC/SM,High,no_accepted_class_rt_model
A15_121533,PC/SM,PC/SM,PC/SM,High,no_accepted_class_rt_model
A15_121592,Sterol,Sterol,Sterol,Medium,no_accepted_class_rt_model
A15_121725,Terpenoid,Terpenoid,Terpenoid,Low,no_accepted_class_rt_model
A15_12198,Terpenoid,Terpenoid,Terpenoid,Medium,no_accepted_class_rt_model
A15_122125,PC/SM,PC/SM,PC/SM,Medium,no_accepted_class_rt_model
A15_122193,Ubiquinone,Ubiquinone,Ubiquinone,Medium,no_accepted_class_rt_model
A15_122194,Terpenoid,Terpenoid,Terpenoid,Medium,no_accepted_class_rt_model
A15_122238,Terpenoid,Terpenoid,Terpenoid,Medium,no_accepted_class_rt_model
A15_122274,PC/SM,PC/SM,PC/SM,Medium,no_accepted_class_rt_model
A15_122279,PC/SM,PC/SM,PC/SM,High,no_accepted_class_rt_model
A15_122386,Terpenoid,Terpenoid,Terpenoid,Medium,no_accepted_class_rt_model
A15_12239,Terpenoid,Terpenoid,Terpenoid,Medium,no_accepted_class_rt_model
A15_122524,PC/SM,PC/SM,PC/SM,High,no_accepted_class_rt_model
A15_122538,SM,SM,SM,High,no_accepted_class_rt_model
A15_122868,Hopanoid,Hopanoid,Hopanoid,Low,no_accepted_class_rt_model
A15_123325,Sterol,Sterol,Sterol,Medium,no_accepted_class_rt_model
A15_123338,Terpenoid,Terpenoid,Terpenoid,Medium,no_accepted_class_rt_model
A15_123355,Sterol,Sterol,Sterol,Medium,no_accepted_class_rt_model
A15_123514,Terpenoid,Terpenoid,Terpenoid,Low,no_accepted_class_rt_model
A15_123515,PC/SM,PC/SM,PC/SM,High,no_accepted_class_rt_model
A15_12358,Terpenoid,Terpenoid,Terpenoid,Medium,no_accepted_class_rt_model
A15_123726,PC/SM,PC/SM,PC/SM,High,no_accepted_class_rt_model
A15_123897,PC/SM,PC/SM,PC/SM,High,no_accepted_class_rt_model
A15_123911,Terpenoid,Terpenoid,Terpenoid,Medium,no_accepted_class_rt_model
A15_124013,PC/SM,PC/SM,PC/SM,High,no_accepted_class_rt_model
A15_124079,Ceramide,Cer,Ceramide,Medium,no_candidate_within_mass_tolerance
A15_124129,Terpenoid,Terpenoid,Terpenoid,Medium,no_accepted_class_rt_model
A15_124171,Terpenoid,Terpenoid,Terpenoid,Medium,no_accepted_class_rt_model
A15_124275,PC/SM,PC/SM,PC/SM,High,no_accepted_class_rt_model
A15_124339,PC/SM,PC/SM,PC/SM,High,no_accepted_class_rt_model
A15_124408,PC/SM,PC/SM,PC/SM,High,no_accepted_class_rt_model
A15_124433,PS,PS,PS,Medium,no_candidate_within_mass_tolerance
A15_124542,PC/SM,PC/SM,PC/SM,Medium,no_accepted_class_rt_model
A15_124605,Terpenoid,Terpenoid,Terpenoid,Medium,no_accepted_class_rt_model
A15_12465,Terpenoid,Terpenoid,Terpenoid,Low,no_accepted_class_rt_model
A15_124980,PC/SM,PC/SM,PC/SM,High,no_accepted_class_rt_model
A15_125150,PC/SM,PC/SM,PC/SM,High,no_accepted_class_rt_model
A15_125304,Ceramide,Cer,Ceramide,Medium,no_candidate_within_mass_tolerance
A15_125397,Terpenoid,Terpenoid,Terpenoid,Medium,no_accepted_class_rt_model
A15_125445,Terpenoid,Terpenoid,Terpenoid,Medium,no_accepted_class_rt_model
A15_125598,Terpenoid,Terpenoid,Terpenoid,Medium,no_accepted_class_rt_model
A15_125615,Terpenoid,Terpenoid,Terpenoid,Medium,no_accepted_class_rt_model
A15_126245,Terpenoid,Terpenoid,Terpenoid,Medium,no_accepted_class_rt_model
A15_126273,Terpenoid,Terpenoid,Terpenoid,Medium,no_accepted_class_rt_model
A15_126367,Terpenoid,Terpenoid,Terpenoid,Medium,no_accepted_class_rt_model
A15_126387,Terpenoid,Terpenoid,Terpenoid,Low,no_accepted_class_rt_model
A15_126427,PC/SM,PC/SM,PC/SM,Medium,no_accepted_class_rt_model
A15_126477,PC/SM,PC/SM,PC/SM,High,no_accepted_class_rt_model
A15_126498,Terpenoid,Terpenoid,Terpenoid,Medium,no_accepted_class_rt_model
A15_126566,PC/SM,PC/SM,PC/SM,High,no_accepted_class_rt_model
A15_126599,PC/SM,PC/SM,PC/SM,High,no_accepted_class_rt_model
A15_126842,Terpenoid,Terpenoid,Terpenoid,Medium,no_accepted_class_rt_model
A15_127170,Terpenoid,Terpenoid,Terpenoid,Medium,no_accepted_class_rt_model
A15_127305,Terpenoid,Terpenoid,Terpenoid,Low,no_accepted_class_rt_model
A15_12742,Terpenoid,Terpenoid,Terpenoid,Medium,no_accepted_class_rt_model
A15_127500,SM,SM,SM,High,no_accepted_class_rt_model
A15_127504,PC/SM,PC/SM,PC/SM,Medium,no_accepted_class_rt_model
A15_127607,Terpenoid,Terpenoid,Terpenoid,Medium,no_accepted_class_rt_model
A15_127622,PC/SM,PC/SM,PC/SM,Medium,no_accepted_class_rt_model
A15_127770,Terpenoid,Terpenoid,Terpenoid,Low,no_accepted_class_rt_model
A15_12785,PC/SM,PC/SM,PC/SM,Medium,no_accepted_class_rt_model
A15_127887,PC/SM,PC/SM,PC/SM,Medium,no_accepted_class_rt_model
A15_128209,Ubiquinone,Ubiquinone,Ubiquinone,Medium,no_accepted_class_rt_model
A15_128280,Terpenoid,Terpenoid,Terpenoid,Medium,no_accepted_class_rt_model
A15_128326,Terpenoid,Terpenoid,Terpenoid,Medium,no_accepted_class_rt_model
A15_128398,PC/SM,PC/SM,PC/SM,High,no_accepted_class_rt_model
A15_128532,Terpenoid,Terpenoid,Terpenoid,Medium,no_accepted_class_rt_model
A15_129033,Ubiquinone,Ubiquinone,Ubiquinone,Medium,no_accepted_class_rt_model
A15_129125,PC/SM,PC/SM,PC/SM,Medium,no_accepted_class_rt_model
A15_129173,Terpenoid,Terpenoid,Terpenoid,Medium,no_accepted_class_rt_model
A15_129231,Ceramide,Cer,Ceramide,Medium,no_candidate_within_mass_tolerance
A15_129258,Terpenoid,Terpenoid,Terpenoid,Low,no_accepted_class_rt_model
A15_129277,PC/SM,PC/SM,PC/SM,Medium,no_accepted_class_rt_model
A15_129525,PC/SM,PC/SM,PC/SM,High,no_accepted_class_rt_model
A15_129589,PC/SM,PC/SM,PC/SM,Medium,no_accepted_class_rt_model
A15_129608,SM,SM,SM,High,no_accepted_class_rt_model
A15_129828,Terpenoid,Terpenoid,Terpenoid,Medium,no_accepted_class_rt_model
A15_129839,Terpenoid,Terpenoid,Terpenoid,Low,no_accepted_class_rt_model
A15_129864,Terpenoid,Terpenoid,Terpenoid,Low,no_accepted_class_rt_model
A15_130084,Ubiquinone,Ubiquinone,Ubiquinone,Medium,no_accepted_class_rt_model
A15_130230,PC/SM,PC/SM,PC/SM,Medium,no_accepted_class_rt_model
A15_1303,PC/SM,PC/SM,PC/SM,High,no_accepted_class_rt_model
A15_130352,PC/SM,PC/SM,PC/SM,Medium,no_accepted_class_rt_model
A15_130370,Ubiquinone,Ubiquinone,Ubiquinone,Medium,no_accepted_class_rt_model
A15_130428,Ubiquinone,Ubiquinone,Ubiquinone,Medium,no_accepted_class_rt_model
A15_130456,Terpenoid,Terpenoid,Terpenoid,Medium,no_accepted_class_rt_model
A15_130565,Terpenoid,Terpenoid,Terpenoid,Low,no_accepted_class_rt_model
A15_13072,Terpenoid,Terpenoid,Terpenoid,Medium,no_accepted_class_rt_model
A15_131093,Terpenoid,Terpenoid,Terpenoid,Medium,no_accepted_class_rt_model
A15_131229,Terpenoid,Terpenoid,Terpenoid,Medium,no_accepted_class_rt_model
A15_131369,PC/SM,PC/SM,PC/SM,High,no_accepted_class_rt_model
A15_131406,Terpenoid,Terpenoid,Terpenoid,Low,no_accepted_class_rt_model
A15_131877,Terpenoid,Terpenoid,Terpenoid,Medium,no_accepted_class_rt_model
A15_131920,Terpenoid,Terpenoid,Terpenoid,Medium,no_accepted_class_rt_model
A15_131980,PC/SM,PC/SM,PC/SM,High,no_accepted_class_rt_model
A15_132537,Terpenoid,Terpenoid,Terpenoid,Medium,no_accepted_class_rt_model
A15_13256,Terpenoid,Terpenoid,Terpenoid,Medium,no_accepted_class_rt_model
A15_132671,PC/SM,PC/SM,PC/SM,High,no_accepted_class_rt_model
A15_132780,Terpenoid,Terpenoid,Terpenoid,Medium,no_accepted_class_rt_model
A15_132963,PC/SM,PC/SM,PC/SM,High,no_accepted_class_rt_model
A15_1330,Terpenoid,Terpenoid,Terpenoid,Medium,no_accepted_class_rt_model
A15_133018,PC/SM,PC/SM,PC/SM,High,no_accepted_class_rt_model
A15_13310,PC/SM,PC/SM,PC/SM,High,no_accepted_class_rt_model
A15_133153,PC/SM,PC/SM,PC/SM,High,no_accepted_class_rt_model
A15_133236,Ubiquinone,Ubiquinone,Ubiquinone,Medium,no_accepted_class_rt_model
A15_133319,Terpenoid,Terpenoid,Terpenoid,Medium,no_accepted_class_rt_model
A15_133514,PC/SM,PC/SM,PC/SM,Medium,no_accepted_class_rt_model
A15_13361,PS,PS,PS,Medium,no_candidate_within_mass_tolerance
A15_1337,Terpenoid,Terpenoid,Terpenoid,Medium,no_accepted_class_rt_model
A15_133896,Terpenoid,Terpenoid,Terpenoid,Medium,no_accepted_class_rt_model
A15_133944,PC/SM,PC/SM,PC/SM,High,no_accepted_class_rt_model
A15_13406,PC/SM,PC/SM,PC/SM,High,no_accepted_class_rt_model
A15_134258,Terpenoid,Terpenoid,Terpenoid,Medium,no_accepted_class_rt_model
A15_134275,Ubiquinone,Ubiquinone,Ubiquinone,Medium,no_accepted_class_rt_model
A15_134281,PC/SM,PC/SM,PC/SM,High,no_accepted_class_rt_model
A15_1343,PC/SM,PC/SM,PC/SM,High,no_accepted_class_rt_model
A15_134451,PC/SM,PC/SM,PC/SM,High,no_accepted_class_rt_model
A15_134475,Terpenoid,Terpenoid,Terpenoid,Medium,no_accepted_class_rt_model
A15_134536,PC/SM,PC/SM,PC/SM,High,no_accepted_class_rt_model
A15_134562,Ceramide,Cer,Ceramide,Medium,no_candidate_within_mass_tolerance
A15_134721,Terpenoid,Terpenoid,Terpenoid,Medium,no_accepted_class_rt_model
A15_13476,Terpenoid,Terpenoid,Terpenoid,Low,no_accepted_class_rt_model
A15_134772,SM,SM,SM,High,no_accepted_class_rt_model
A15_13482,PC/SM,PC/SM,PC/SM,High,no_accepted_class_rt_model
A15_135051,Terpenoid,Terpenoid,Terpenoid,Low,no_accepted_class_rt_model
A15_135317,Ubiquinone,Ubiquinone,Ubiquinone,Medium,no_accepted_class_rt_model
A15_13533,Terpenoid,Terpenoid,Terpenoid,Medium,no_accepted_class_rt_model
A15_135355,Sterol,Sterol,Sterol,Medium,no_accepted_class_rt_model
A15_13542,Terpenoid,Terpenoid,Terpenoid,Medium,no_accepted_class_rt_model
A15_13587,Terpenoid,Terpenoid,Terpenoid,Medium,no_accepted_class_rt_model
A15_136269,Terpenoid,Terpenoid,Terpenoid,Medium,no_accepted_class_rt_model
A15_136517,Terpenoid,Terpenoid,Terpenoid,Medium,no_accepted_class_rt_model
A15_136699,Terpenoid,Terpenoid,Terpenoid,Medium,no_accepted_class_rt_model
A15_136701,PC/SM,PC/SM,PC/SM,Medium,no_accepted_class_rt_model
A15_136803,Terpenoid,Terpenoid,Terpenoid,Low,no_accepted_class_rt_model
A15_136807,Terpenoid,Terpenoid,Terpenoid,Medium,no_accepted_class_rt_model
A15_136883,Terpenoid,Terpenoid,Terpenoid,Low,no_accepted_class_rt_model
A15_137061,Terpenoid,Terpenoid,Terpenoid,Low,no_accepted_class_rt_model
A15_13728,Terpenoid,Terpenoid,Terpenoid,Medium,no_accepted_class_rt_model
A15_137697,PC/SM,PC/SM,PC/SM,High,no_accepted_class_rt_model
A15_137990,Terpenoid,Terpenoid,Terpenoid,Medium,no_accepted_class_rt_model
A15_137993,Terpenoid,Terpenoid,Terpenoid,Medium,no_accepted_class_rt_model
A15_138043,PC/SM,PC/SM,PC/SM,High,no_accepted_class_rt_model
A15_138113,Terpenoid,Terpenoid,Terpenoid,Low,no_accepted_class_rt_model
A15_138162,Terpenoid,Terpenoid,Terpenoid,Medium,no_accepted_class_rt_model
A15_138192,Ubiquinone,Ubiquinone,Ubiquinone,Medium,no_accepted_class_rt_model
A15_13832,Ceramide,Cer,Ceramide,Medium,no_candidate_within_mass_tolerance
A15_138358,Terpenoid,Terpenoid,Terpenoid,Medium,no_accepted_class_rt_model
A15_138365,PC/SM,PC/SM,PC/SM,High,no_accepted_class_rt_model
A15_138450,PC/SM,PC/SM,PC/SM,High,no_accepted_class_rt_model
A15_138637,PC/SM,PC/SM,PC/SM,High,no_accepted_class_rt_model
A15_138668,Terpenoid,Terpenoid,Terpenoid,Medium,no_accepted_class_rt_model
A15_138774,PC/SM,PC/SM,PC/SM,High,no_accepted_class_rt_model
A15_138819,Terpenoid,Terpenoid,Terpenoid,Medium,no_accepted_class_rt_model
A15_139015,PC/SM,PC/SM,PC/SM,High,no_accepted_class_rt_model
A15_139143,Ceramide,Cer,Ceramide,Medium,no_candidate_within_mass_tolerance
A15_139169,PC/SM,PC/SM,PC/SM,High,no_accepted_class_rt_model
A15_139305,PC/SM,PC/SM,PC/SM,High,no_accepted_class_rt_model
A15_139482,Terpenoid,Terpenoid,Terpenoid,Low,no_accepted_class_rt_model
A15_13955,Terpenoid,Terpenoid,Terpenoid,Medium,no_accepted_class_rt_model
A15_139854,PC/SM,PC/SM,PC/SM,High,no_accepted_class_rt_model
A15_140121,PC/SM,PC/SM,PC/SM,High,no_accepted_class_rt_model
A15_140139,Sterol,Sterol,Sterol,Medium,no_accepted_class_rt_model
A15_140298,Glycolipid,Glycolipid,Glycolipid,Low,no_accepted_class_rt_model
A15_140344,Terpenoid,Terpenoid,Terpenoid,Medium,no_accepted_class_rt_model
A15_140377,Sterol,Sterol,Sterol,Medium,no_accepted_class_rt_model
A15_140440,Ceramide,Cer,Ceramide,Medium,no_candidate_within_mass_tolerance
A15_140595,Terpenoid,Terpenoid,Terpenoid,Medium,no_accepted_class_rt_model
A15_140790,Terpenoid,Terpenoid,Terpenoid,Medium,no_accepted_class_rt_model
A15_140986,Terpenoid,Terpenoid,Terpenoid,Medium,no_accepted_class_rt_model
A15_141030,Terpenoid,Terpenoid,Terpenoid,Medium,no_accepted_class_rt_model
A15_141037,PC/SM,PC/SM,PC/SM,High,no_accepted_class_rt_model
A15_141465,SM,SM,SM,High,no_accepted_class_rt_model
A15_141552,PC/SM,PC/SM,PC/SM,Medium,no_accepted_class_rt_model
A15_141608,Terpenoid,Terpenoid,Terpenoid,Low,no_accepted_class_rt_model
A15_141613,GDGT/Archaeol,GDGT/Archaeol,GDGT/Archaeol,Medium,no_accepted_class_rt_model
A15_141665,PC/SM,PC/SM,PC/SM,High,no_accepted_class_rt_model
A15_141769,Terpenoid,Terpenoid,Terpenoid,Low,no_accepted_class_rt_model
A15_14207,Glycolipid,Glycolipid,Glycolipid,Low,no_accepted_class_rt_model
A15_14219,Terpenoid,Terpenoid,Terpenoid,Medium,no_accepted_class_rt_model
A15_142210,PC/SM,PC/SM,PC/SM,High,no_accepted_class_rt_model
A15_142222,PE,PE,PE,High,candidate_staged_review_only
A15_142271,PC/SM,PC/SM,PC/SM,Medium,no_accepted_class_rt_model
A15_142276,Terpenoid,Terpenoid,Terpenoid,Low,no_accepted_class_rt_model
A15_14242,PC/SM,PC/SM,PC/SM,High,no_accepted_class_rt_model
A15_142434,PC/SM,PC/SM,PC/SM,Medium,no_accepted_class_rt_model
A15_142443,Terpenoid,Terpenoid,Terpenoid,Medium,no_accepted_class_rt_model
A15_14249,Ceramide,Cer,Ceramide,Medium,no_candidate_within_mass_tolerance
A15_142651,GDGT/Archaeol,GDGT/Archaeol,GDGT/Archaeol,Medium,no_accepted_class_rt_model
A15_142811,Terpenoid,Terpenoid,Terpenoid,Medium,no_accepted_class_rt_model
A15_142897,Terpenoid,Terpenoid,Terpenoid,Medium,no_accepted_class_rt_model
A15_142946,Terpenoid,Terpenoid,Terpenoid,Low,no_accepted_class_rt_model
A15_143061,Ceramide,Cer,Ceramide,Medium,no_candidate_within_mass_tolerance
A15_143165,PC/SM,PC/SM,PC/SM,High,no_accepted_class_rt_model
A15_143313,PC/SM,PC/SM,PC/SM,High,no_accepted_class_rt_model
A15_143389,PC/SM,PC/SM,PC/SM,High,no_accepted_class_rt_model
A15_143805,PC/SM,PC/SM,PC/SM,High,no_accepted_class_rt_model
A15_14384,Terpenoid,Terpenoid,Terpenoid,Medium,no_accepted_class_rt_model
A15_143875,PC/SM,PC/SM,PC/SM,Medium,no_accepted_class_rt_model
A15_143932,PC/SM,PC/SM,PC/SM,Medium,no_accepted_class_rt_model
A15_143943,PC/SM,PC/SM,PC/SM,High,no_accepted_class_rt_model
A15_143953,Terpenoid,Terpenoid,Terpenoid,Low,no_accepted_class_rt_model
A15_144018,Terpenoid,Terpenoid,Terpenoid,Medium,no_accepted_class_rt_model
A15_14416,Terpenoid,Terpenoid,Terpenoid,Medium,no_accepted_class_rt_model
A15_14417,DGTS,DGTS,DGTS,Medium,no_accepted_class_rt_model
A15_144247,Sterol,Sterol,Sterol,Medium,no_accepted_class_rt_model
A15_144438,PE,PE,PE,High,no_candidate_within_mass_tolerance
A15_144639,PC/SM,PC/SM,PC/SM,High,no_accepted_class_rt_model
A15_144642,Ceramide,Cer,Ceramide,Medium,no_candidate_within_mass_tolerance
A15_144751,PC/SM,PC/SM,PC/SM,Medium,no_accepted_class_rt_model
A15_144828,PC/SM,PC/SM,PC/SM,High,no_accepted_class_rt_model
A15_144984,Ceramide,Cer,Ceramide,Medium,no_candidate_within_mass_tolerance
A15_145013,PC/SM,PC/SM,PC/SM,High,no_accepted_class_rt_model
A15_145083,PE,PE,PE,High,no_candidate_within_mass_tolerance
A15_145256,Terpenoid,Terpenoid,Terpenoid,Low,no_accepted_class_rt_model
A15_14527,DGTS,DGTS,DGTS,Medium,no_accepted_class_rt_model
A15_14530,PC/SM,PC/SM,PC/SM,High,no_accepted_class_rt_model
A15_145527,PC/SM,PC/SM,PC/SM,High,no_accepted_class_rt_model
A15_146148,Terpenoid,Terpenoid,Terpenoid,Medium,no_accepted_class_rt_model
A15_146517,PC/SM,PC/SM,PC/SM,Medium,no_accepted_class_rt_model
A15_146551,PC/SM,PC/SM,PC/SM,High,no_accepted_class_rt_model
A15_146834,Terpenoid,Terpenoid,Terpenoid,Medium,no_accepted_class_rt_model
A15_147062,Ceramide,Cer,Ceramide,Medium,no_candidate_within_mass_tolerance
A15_147149,PC/SM,PC/SM,PC/SM,High,no_accepted_class_rt_model
A15_147235,Terpenoid,Terpenoid,Terpenoid,Medium,no_accepted_class_rt_model
A15_147301,PC/SM,PC/SM,PC/SM,High,no_accepted_class_rt_model
A15_147521,PC/SM,PC/SM,PC/SM,Medium,no_accepted_class_rt_model
A15_147650,PC/SM,PC/SM,PC/SM,Medium,no_accepted_class_rt_model
A15_1477,Terpenoid,Terpenoid,Terpenoid,Medium,no_accepted_class_rt_model
A15_14800,Terpenoid,Terpenoid,Terpenoid,Medium,no_accepted_class_rt_model
A15_14801,PC/SM,PC/SM,PC/SM,High,no_accepted_class_rt_model
A15_148188,Terpenoid,Terpenoid,Terpenoid,Medium,no_accepted_class_rt_model
A15_148310,PC/SM,PC/SM,PC/SM,High,no_accepted_class_rt_model
A15_148343,PC/SM,PC/SM,PC/SM,High,no_accepted_class_rt_model
A15_148409,Ceramide,Cer,Ceramide,Medium,no_candidate_within_mass_tolerance
A15_14842,Ceramide,Cer,Ceramide,Medium,no_candidate_within_mass_tolerance
A15_148621,Terpenoid,Terpenoid,Terpenoid,Medium,no_accepted_class_rt_model
A15_148878,PC/SM,PC/SM,PC/SM,High,no_accepted_class_rt_model
A15_148911,PC/SM,PC/SM,PC/SM,High,no_accepted_class_rt_model
A15_149163,PC/SM,PC/SM,PC/SM,Medium,no_accepted_class_rt_model
A15_149179,Terpenoid,Terpenoid,Terpenoid,Medium,no_accepted_class_rt_model
A15_149194,Terpenoid,Terpenoid,Terpenoid,Medium,no_accepted_class_rt_model
A15_149208,PC/SM,PC/SM,PC/SM,Medium,no_accepted_class_rt_model
A15_14947,Terpenoid,Terpenoid,Terpenoid,Medium,no_accepted_class_rt_model
A15_149704,PC/SM,PC/SM,PC/SM,High,no_accepted_class_rt_model
A15_149865,PC/SM,PC/SM,PC/SM,Medium,no_accepted_class_rt_model
A15_149965,Terpenoid,Terpenoid,Terpenoid,Medium,no_accepted_class_rt_model
A15_150011,Sterol,Sterol,Sterol,Medium,no_accepted_class_rt_model
A15_150044,PC/SM,PC/SM,PC/SM,High,no_accepted_class_rt_model
A15_150248,PC/SM,PC/SM,PC/SM,High,no_accepted_class_rt_model
A15_150255,PC/SM,PC/SM,PC/SM,High,no_accepted_class_rt_model
A15_150423,PC/SM,PC/SM,PC/SM,Medium,no_accepted_class_rt_model
A15_150567,Ceramide,Cer,Ceramide,Medium,no_candidate_within_mass_tolerance
A15_150599,PE,PE,PE,High,no_candidate_within_mass_tolerance
A15_150799,Terpenoid,Terpenoid,Terpenoid,Medium,no_accepted_class_rt_model
A15_150849,Terpenoid,Terpenoid,Terpenoid,Medium,no_accepted_class_rt_model
A15_151022,PC/SM,PC/SM,PC/SM,High,no_accepted_class_rt_model
A15_15105,DGTS,DGTS,DGTS,Medium,no_accepted_class_rt_model
A15_15148,Terpenoid,Terpenoid,Terpenoid,Medium,no_accepted_class_rt_model
A15_151713,Sterol,Sterol,Sterol,Medium,no_accepted_class_rt_model
A15_152025,PC/SM,PC/SM,PC/SM,High,no_accepted_class_rt_model
A15_152035,PC/SM,PC/SM,PC/SM,High,no_accepted_class_rt_model
A15_152074,PC/SM,PC/SM,PC/SM,High,no_accepted_class_rt_model
A15_152076,PC/SM,PC/SM,PC/SM,Medium,no_accepted_class_rt_model
A15_152086,PC/SM,PC/SM,PC/SM,High,no_accepted_class_rt_model
A15_15282,Terpenoid,Terpenoid,Terpenoid,Medium,no_accepted_class_rt_model
A15_152846,Terpenoid,Terpenoid,Terpenoid,Medium,no_accepted_class_rt_model
A15_152941,Terpenoid,Terpenoid,Terpenoid,Medium,no_accepted_class_rt_model
A15_152946,Ubiquinone,Ubiquinone,Ubiquinone,Medium,no_accepted_class_rt_model
A15_153,Terpenoid,Terpenoid,Terpenoid,Medium,no_accepted_class_rt_model
A15_15301,Terpenoid,Terpenoid,Terpenoid,Low,no_accepted_class_rt_model
A15_153079,Terpenoid,Terpenoid,Terpenoid,Medium,no_accepted_class_rt_model
A15_153412,Terpenoid,Terpenoid,Terpenoid,Medium,no_accepted_class_rt_model
A15_153508,Sterol,Sterol,Sterol,Medium,no_accepted_class_rt_model
A15_15383,Terpenoid,Terpenoid,Terpenoid,Low,no_accepted_class_rt_model
A15_154018,PC/SM,PC/SM,PC/SM,High,no_accepted_class_rt_model
A15_154155,PC/SM,PC/SM,PC/SM,High,no_accepted_class_rt_model
A15_154270,Terpenoid,Terpenoid,Terpenoid,Low,no_accepted_class_rt_model
A15_154659,PG,PG,PG,Medium,no_candidate_within_mass_tolerance
A15_154826,PC/SM,PC/SM,PC/SM,High,no_accepted_class_rt_model
A15_155260,PC/SM,PC/SM,PC/SM,High,no_accepted_class_rt_model
A15_155433,Ceramide,Cer,Ceramide,Medium,no_candidate_within_mass_tolerance
A15_156065,Ubiquinone,Ubiquinone,Ubiquinone,Medium,no_accepted_class_rt_model
A15_15610,Ceramide,Cer,Ceramide,Medium,no_candidate_within_mass_tolerance
A15_156360,PC/SM,PC/SM,PC/SM,Medium,no_accepted_class_rt_model
A15_1567,Glycolipid,Glycolipid,Glycolipid,Low,no_accepted_class_rt_model
A15_156842,Terpenoid,Terpenoid,Terpenoid,Medium,no_accepted_class_rt_model
A15_157197,Terpenoid,Terpenoid,Terpenoid,Low,no_accepted_class_rt_model
A15_157326,Terpenoid,Terpenoid,Terpenoid,Medium,no_accepted_class_rt_model
A15_1574,PC/SM,PC/SM,PC/SM,High,no_accepted_class_rt_model
A15_157667,PC/SM,PC/SM,PC/SM,High,no_accepted_class_rt_model
A15_157677,Terpenoid,Terpenoid,Terpenoid,Medium,no_accepted_class_rt_model
A15_158048,PC/SM,PC/SM,PC/SM,Medium,no_accepted_class_rt_model
A15_158052,PC/SM,PC/SM,PC/SM,High,no_accepted_class_rt_model
A15_158246,PC/SM,PC/SM,PC/SM,High,no_accepted_class_rt_model
A15_158323,GDGT/Archaeol,GDGT/Archaeol,GDGT/Archaeol,Medium,no_accepted_class_rt_model
A15_158548,Sterol,Sterol,Sterol,Medium,no_accepted_class_rt_model
A15_158597,Sterol,Sterol,Sterol,Medium,no_accepted_class_rt_model
A15_158954,Terpenoid,Terpenoid,Terpenoid,Medium,no_accepted_class_rt_model
A15_15948,Terpenoid,Terpenoid,Terpenoid,Medium,no_accepted_class_rt_model
A15_159498,PC/SM,PC/SM,PC/SM,High,no_accepted_class_rt_model
A15_159524,PC/SM,PC/SM,PC/SM,High,no_accepted_class_rt_model
A15_159655,PC/SM,PC/SM,PC/SM,Medium,no_accepted_class_rt_model
A15_159715,PC/SM,PC/SM,PC/SM,High,no_accepted_class_rt_model
A15_159967,PC/SM,PC/SM,PC/SM,Medium,no_accepted_class_rt_model
A15_160251,Terpenoid,Terpenoid,Terpenoid,Medium,no_accepted_class_rt_model
A15_160280,PC/SM,PC/SM,PC/SM,Medium,no_accepted_class_rt_model
A15_16043,PC/SM,PC/SM,PC/SM,High,no_accepted_class_rt_model
A15_160457,Terpenoid,Terpenoid,Terpenoid,Medium,no_accepted_class_rt_model
A15_160465,Terpenoid,Terpenoid,Terpenoid,Medium,no_accepted_class_rt_model
A15_160714,PC/SM,PC/SM,PC/SM,High,no_accepted_class_rt_model
A15_160835,Sterol,Sterol,Sterol,Medium,no_accepted_class_rt_model
A15_160898,PC/SM,PC/SM,PC/SM,High,no_accepted_class_rt_model
A15_161288,PC/SM,PC/SM,PC/SM,High,no_accepted_class_rt_model
A15_161556,PC/SM,PC/SM,PC/SM,High,no_accepted_class_rt_model
A15_161581,Terpenoid,Terpenoid,Terpenoid,Medium,no_accepted_class_rt_model
A15_161711,PC/SM,PC/SM,PC/SM,High,no_accepted_class_rt_model
A15_161867,Terpenoid,Terpenoid,Terpenoid,Medium,no_accepted_class_rt_model
A15_161911,PC/SM,PC/SM,PC/SM,High,no_accepted_class_rt_model
A15_162228,PC/SM,PC/SM,PC/SM,Medium,no_accepted_class_rt_model
A15_162253,Terpenoid,Terpenoid,Terpenoid,Medium,no_accepted_class_rt_model
A15_162256,Sterol,Sterol,Sterol,Medium,no_accepted_class_rt_model
A15_16226,PC/SM,PC/SM,PC/SM,High,no_accepted_class_rt_model
A15_162302,PC/SM,PC/SM,PC/SM,High,no_accepted_class_rt_model
A15_162378,PC/SM,PC/SM,PC/SM,High,no_accepted_class_rt_model
A15_162509,PC/SM,PC/SM,PC/SM,High,no_accepted_class_rt_model
A15_162553,Terpenoid,Terpenoid,Terpenoid,Medium,no_accepted_class_rt_model
A15_16275,DGTS,DGTS,DGTS,Medium,no_accepted_class_rt_model
A15_162796,Terpenoid,Terpenoid,Terpenoid,Medium,no_accepted_class_rt_model
A15_163020,DGTS,DGTS,DGTS,Medium,no_accepted_class_rt_model
A15_163491,Ubiquinone,Ubiquinone,Ubiquinone,Medium,no_accepted_class_rt_model
A15_163631,PC/SM,PC/SM,PC/SM,High,no_accepted_class_rt_model
A15_163685,PC/SM,PC/SM,PC/SM,High,no_accepted_class_rt_model
A15_163939,Terpenoid,Terpenoid,Terpenoid,Medium,no_accepted_class_rt_model
A15_164074,PC/SM,PC/SM,PC/SM,High,no_accepted_class_rt_model
A15_164161,GDGT/Archaeol,GDGT/Archaeol,GDGT/Archaeol,Medium,no_accepted_class_rt_model
A15_164267,PC/SM,PC/SM,PC/SM,Medium,no_accepted_class_rt_model
A15_164306,GDGT/Archaeol,GDGT/Archaeol,GDGT/Archaeol,Medium,no_accepted_class_rt_model
A15_164757,Terpenoid,Terpenoid,Terpenoid,Medium,no_accepted_class_rt_model
A15_16508,Terpenoid,Terpenoid,Terpenoid,Medium,no_accepted_class_rt_model
A15_165120,PC/SM,PC/SM,PC/SM,High,no_accepted_class_rt_model
A15_165280,PC/SM,PC/SM,PC/SM,High,no_accepted_class_rt_model
A15_165296,PC/SM,PC/SM,PC/SM,High,no_accepted_class_rt_model
A15_165526,PC/SM,PC/SM,PC/SM,High,no_accepted_class_rt_model
A15_165794,Terpenoid,Terpenoid,Terpenoid,Medium,no_accepted_class_rt_model
A15_166031,Ubiquinone,Ubiquinone,Ubiquinone,Medium,no_accepted_class_rt_model
A15_16608,Terpenoid,Terpenoid,Terpenoid,Medium,no_accepted_class_rt_model
A15_166276,DGTS,DGTS,DGTS,Medium,no_accepted_class_rt_model
A15_166378,Terpenoid,Terpenoid,Terpenoid,Medium,no_accepted_class_rt_model
A15_166436,Ceramide,Cer,Ceramide,Medium,no_candidate_within_mass_tolerance
A15_166438,Terpenoid,Terpenoid,Terpenoid,Medium,no_accepted_class_rt_model
A15_166442,Terpenoid,Terpenoid,Terpenoid,Medium,no_accepted_class_rt_model
A15_166760,Sterol,Sterol,Sterol,Medium,no_accepted_class_rt_model
A15_166841,Ubiquinone,Ubiquinone,Ubiquinone,Medium,no_accepted_class_rt_model
A15_167040,Terpenoid,Terpenoid,Terpenoid,Low,no_accepted_class_rt_model
A15_167494,Terpenoid,Terpenoid,Terpenoid,Low,no_accepted_class_rt_model
A15_16752,SM,SM,SM,High,no_accepted_class_rt_model
A15_167572,PC/SM,PC/SM,PC/SM,High,no_accepted_class_rt_model
A15_167745,Terpenoid,Terpenoid,Terpenoid,Medium,no_accepted_class_rt_model
A15_16813,PC/SM,PC/SM,PC/SM,High,no_accepted_class_rt_model
A15_168161,PC/SM,PC/SM,PC/SM,High,no_accepted_class_rt_model
A15_168169,Terpenoid,Terpenoid,Terpenoid,Medium,no_accepted_class_rt_model
A15_168197,Hopanoid,Hopanoid,Hopanoid,Low,no_accepted_class_rt_model
A15_168341,PC/SM,PC/SM,PC/SM,High,no_accepted_class_rt_model
A15_168439,Sterol,Sterol,Sterol,Medium,no_accepted_class_rt_model
A15_168539,PC/SM,PC/SM,PC/SM,High,no_accepted_class_rt_model
A15_168578,PC/SM,PC/SM,PC/SM,High,no_accepted_class_rt_model
A15_168678,Sterol,Sterol,Sterol,Medium,no_accepted_class_rt_model
A15_168682,Sterol,Sterol,Sterol,Medium,no_accepted_class_rt_model
A15_168732,PC/SM,PC/SM,PC/SM,High,no_accepted_class_rt_model
A15_168833,PC/SM,PC/SM,PC/SM,High,no_accepted_class_rt_model
A15_168847,PC/SM,PC/SM,PC/SM,Medium,no_accepted_class_rt_model
A15_169055,GDGT/Archaeol,GDGT/Archaeol,GDGT/Archaeol,Medium,no_accepted_class_rt_model
A15_169117,Terpenoid,Terpenoid,Terpenoid,Medium,no_accepted_class_rt_model
A15_169130,PC/SM,PC/SM,PC/SM,High,no_accepted_class_rt_model
A15_16951,Terpenoid,Terpenoid,Terpenoid,Medium,no_accepted_class_rt_model
A15_169554,SM,SM,SM,High,no_accepted_class_rt_model
A15_169625,PC/SM,PC/SM,PC/SM,High,no_accepted_class_rt_model
A15_169652,Terpenoid,Terpenoid,Terpenoid,Medium,no_accepted_class_rt_model
A15_169733,PC/SM,PC/SM,PC/SM,High,no_accepted_class_rt_model
A15_16975,DGTS,DGTS,DGTS,Medium,no_accepted_class_rt_model
A15_169924,Sterol,Sterol,Sterol,Medium,no_accepted_class_rt_model
A15_170043,PC/SM,PC/SM,PC/SM,High,no_accepted_class_rt_model
A15_170298,Terpenoid,Terpenoid,Terpenoid,Medium,no_accepted_class_rt_model
A15_170637,PC/SM,PC/SM,PC/SM,Medium,no_accepted_class_rt_model
A15_17066,PC/SM,PC/SM,PC/SM,Medium,no_accepted_class_rt_model
A15_170720,PC/SM,PC/SM,PC/SM,High,no_accepted_class_rt_model
A15_170763,PC/SM,PC/SM,PC/SM,Medium,no_accepted_class_rt_model
A15_170776,GDGT/Archaeol,GDGT/Archaeol,GDGT/Archaeol,Medium,no_accepted_class_rt_model
A15_170851,Sterol,Sterol,Sterol,Medium,no_accepted_class_rt_model
A15_170936,Terpenoid,Terpenoid,Terpenoid,Medium,no_accepted_class_rt_model
A15_171060,Terpenoid,Terpenoid,Terpenoid,Medium,no_accepted_class_rt_model
A15_171098,PC/SM,PC/SM,PC/SM,High,no_accepted_class_rt_model
A15_171196,Sterol,Sterol,Sterol,Medium,no_accepted_class_rt_model
A15_171199,Terpenoid,Terpenoid,Terpenoid,Medium,no_accepted_class_rt_model
A15_171224,PC/SM,PC/SM,PC/SM,High,no_accepted_class_rt_model
A15_171640,PC/SM,PC/SM,PC/SM,Medium,no_accepted_class_rt_model
A15_171800,PC/SM,PC/SM,PC/SM,High,no_accepted_class_rt_model
A15_171822,GDGT/Archaeol,GDGT/Archaeol,GDGT/Archaeol,Medium,no_accepted_class_rt_model
A15_171823,GDGT/Archaeol,GDGT/Archaeol,GDGT/Archaeol,Medium,no_accepted_class_rt_model
A15_171881,PC/SM,PC/SM,PC/SM,High,no_accepted_class_rt_model
A15_171975,Terpenoid,Terpenoid,Terpenoid,Medium,no_accepted_class_rt_model
A15_172090,PC/SM,PC/SM,PC/SM,High,no_accepted_class_rt_model
A15_172478,PC/SM,PC/SM,PC/SM,High,no_accepted_class_rt_model
A15_172692,GDGT/Archaeol,GDGT/Archaeol,GDGT/Archaeol,Medium,no_accepted_class_rt_model
A15_172696,Sterol,Sterol,Sterol,Medium,no_accepted_class_rt_model
A15_17290,PC/SM,PC/SM,PC/SM,Medium,no_accepted_class_rt_model
A15_172976,Ceramide,Cer,Ceramide,Medium,no_candidate_within_mass_tolerance
A15_172999,Hopanoid,Hopanoid,Hopanoid,Low,no_accepted_class_rt_model
A15_173102,Ubiquinone,Ubiquinone,Ubiquinone,Medium,no_accepted_class_rt_model
A15_173242,Sterol,Sterol,Sterol,Medium,no_accepted_class_rt_model
A15_173374,PC/SM,PC/SM,PC/SM,High,no_accepted_class_rt_model
A15_1734,Terpenoid,Terpenoid,Terpenoid,Medium,no_accepted_class_rt_model
A15_173491,Terpenoid,Terpenoid,Terpenoid,Medium,no_accepted_class_rt_model
A15_173545,PC/SM,PC/SM,PC/SM,High,no_accepted_class_rt_model
A15_173649,PC/SM,PC/SM,PC/SM,Medium,no_accepted_class_rt_model
A15_173771,PC/SM,PC/SM,PC/SM,High,no_accepted_class_rt_model
A15_173772,PC/SM,PC/SM,PC/SM,High,no_accepted_class_rt_model
A15_173846,Terpenoid,Terpenoid,Terpenoid,Low,no_accepted_class_rt_model
A15_173856,PC/SM,PC/SM,PC/SM,High,no_accepted_class_rt_model
A15_174086,PC/SM,PC/SM,PC/SM,Medium,no_accepted_class_rt_model
A15_174094,PC/SM,PC/SM,PC/SM,High,no_accepted_class_rt_model
A15_174278,PC/SM,PC/SM,PC/SM,High,no_accepted_class_rt_model
A15_174339,PC/SM,PC/SM,PC/SM,High,no_accepted_class_rt_model
A15_174340,PC/SM,PC/SM,PC/SM,High,no_accepted_class_rt_model
A15_174410,Ubiquinone,Ubiquinone,Ubiquinone,Medium,no_accepted_class_rt_model
A15_17448,Terpenoid,Terpenoid,Terpenoid,Medium,no_accepted_class_rt_model
A15_174490,PC/SM,PC/SM,PC/SM,High,no_accepted_class_rt_model
A15_174491,PC/SM,PC/SM,PC/SM,High,no_accepted_class_rt_model
A15_174529,Ubiquinone,Ubiquinone,Ubiquinone,Medium,no_accepted_class_rt_model
A15_174558,PC/SM,PC/SM,PC/SM,High,no_accepted_class_rt_model
A15_174594,PC/SM,PC/SM,PC/SM,High,no_accepted_class_rt_model
A15_174750,Terpenoid,Terpenoid,Terpenoid,Low,no_accepted_class_rt_model
A15_174764,Sterol,Sterol,Sterol,Medium,no_accepted_class_rt_model
A15_174873,Terpenoid,Terpenoid,Terpenoid,Medium,no_accepted_class_rt_model
A15_175022,Terpenoid,Terpenoid,Terpenoid,Medium,no_accepted_class_rt_model
A15_17503,PC/SM,PC/SM,PC/SM,High,no_accepted_class_rt_model
A15_175135,PC/SM,PC/SM,PC/SM,High,no_accepted_class_rt_model
A15_17547,Terpenoid,Terpenoid,Terpenoid,Medium,no_accepted_class_rt_model
A15_175566,PC/SM,PC/SM,PC/SM,High,no_accepted_class_rt_model
A15_175629,Terpenoid,Terpenoid,Terpenoid,Medium,no_accepted_class_rt_model
A15_175720,PC/SM,PC/SM,PC/SM,Medium,no_accepted_class_rt_model
A15_175776,PC/SM,PC/SM,PC/SM,High,no_accepted_class_rt_model
A15_175962,PC/SM,PC/SM,PC/SM,High,no_accepted_class_rt_model
A15_1760,DGTS,DGTS,DGTS,Medium,no_accepted_class_rt_model
A15_176047,GDGT/Archaeol,GDGT/Archaeol,GDGT/Archaeol,Medium,no_accepted_class_rt_model
A15_176142,Terpenoid,Terpenoid,Terpenoid,Medium,no_accepted_class_rt_model
A15_176313,GDGT/Archaeol,GDGT/Archaeol,GDGT/Archaeol,Medium,no_accepted_class_rt_model
A15_176713,PC/SM,PC/SM,PC/SM,Medium,no_accepted_class_rt_model
A15_17680,PE,PE,PE,High,no_candidate_within_mass_tolerance
A15_17691,PC/SM,PC/SM,PC/SM,High,no_accepted_class_rt_model
A15_176917,Ceramide,Cer,Ceramide,Medium,no_candidate_within_mass_tolerance
A15_176953,Terpenoid,Terpenoid,Terpenoid,Low,no_accepted_class_rt_model
A15_176986,Terpenoid,Terpenoid,Terpenoid,Medium,no_accepted_class_rt_model
A15_176994,Terpenoid,Terpenoid,Terpenoid,Low,no_accepted_class_rt_model
A15_177020,PC/SM,PC/SM,PC/SM,High,no_accepted_class_rt_model
A15_177123,Terpenoid,Terpenoid,Terpenoid,Low,no_accepted_class_rt_model
A15_177241,PC/SM,PC/SM,PC/SM,High,no_accepted_class_rt_model
A15_177359,PC/SM,PC/SM,PC/SM,High,no_accepted_class_rt_model
A15_177698,Terpenoid,Terpenoid,Terpenoid,Low,no_accepted_class_rt_model
A15_1777,Terpenoid,Terpenoid,Terpenoid,Medium,no_accepted_class_rt_model
A15_177868,Terpenoid,Terpenoid,Terpenoid,Medium,no_accepted_class_rt_model
A15_17789,Terpenoid,Terpenoid,Terpenoid,Medium,no_accepted_class_rt_model
A15_177913,Terpenoid,Terpenoid,Terpenoid,Medium,no_accepted_class_rt_model
A15_178178,Ceramide,Cer,Ceramide,Medium,no_candidate_within_mass_tolerance
A15_178362,PC/SM,PC/SM,PC/SM,High,no_accepted_class_rt_model
A15_178423,Terpenoid,Terpenoid,Terpenoid,Medium,no_accepted_class_rt_model
A15_178429,Hopanoid,Hopanoid,Hopanoid,Low,no_accepted_class_rt_model
A15_178497,Ceramide,Cer,Ceramide,Medium,no_candidate_within_mass_tolerance
A15_178618,Terpenoid,Terpenoid,Terpenoid,Medium,no_accepted_class_rt_model
A15_17864,Terpenoid,Terpenoid,Terpenoid,Medium,no_accepted_class_rt_model
A15_178656,PC/SM,PC/SM,PC/SM,High,no_accepted_class_rt_model
A15_178702,PC/SM,PC/SM,PC/SM,High,no_accepted_class_rt_model
A15_179022,Terpenoid,Terpenoid,Terpenoid,Low,no_accepted_class_rt_model
A15_179029,GDGT/Archaeol,GDGT/Archaeol,GDGT/Archaeol,Medium,no_accepted_class_rt_model
A15_17905,Terpenoid,Terpenoid,Terpenoid,Medium,no_accepted_class_rt_model
A15_179122,PC/SM,PC/SM,PC/SM,High,no_accepted_class_rt_model
A15_179202,PC/SM,PC/SM,PC/SM,High,no_accepted_class_rt_model
A15_17924,PC/SM,PC/SM,PC/SM,High,no_accepted_class_rt_model
A15_179493,Terpenoid,Terpenoid,Terpenoid,Medium,no_accepted_class_rt_model
A15_179654,Terpenoid,Terpenoid,Terpenoid,Medium,no_accepted_class_rt_model
A15_179722,PC/SM,PC/SM,PC/SM,Medium,no_accepted_class_rt_model
A15_179860,PC/SM,PC/SM,PC/SM,High,no_accepted_class_rt_model
A15_179880,Terpenoid,Terpenoid,Terpenoid,Low,no_accepted_class_rt_model
A15_17990,PC/SM,PC/SM,PC/SM,Medium,no_accepted_class_rt_model
A15_180055,Terpenoid,Terpenoid,Terpenoid,Medium,no_accepted_class_rt_model
A15_180057,Terpenoid,Terpenoid,Terpenoid,Medium,no_accepted_class_rt_model
A15_180103,PC/SM,PC/SM,PC/SM,High,no_accepted_class_rt_model
A15_180229,Sterol,Sterol,Sterol,Medium,no_accepted_class_rt_model
A15_180401,PC/SM,PC/SM,PC/SM,High,no_accepted_class_rt_model
A15_180546,Terpenoid,Terpenoid,Terpenoid,Medium,no_accepted_class_rt_model
A15_180571,PC/SM,PC/SM,PC/SM,High,no_accepted_class_rt_model
A15_1807,PC/SM,PC/SM,PC/SM,Medium,no_accepted_class_rt_model
A15_180761,Terpenoid,Terpenoid,Terpenoid,Medium,no_accepted_class_rt_model
A15_180845,PC/SM,PC/SM,PC/SM,Medium,no_accepted_class_rt_model
A15_180900,PC/SM,PC/SM,PC/SM,High,no_accepted_class_rt_model
A15_181538,PC/SM,PC/SM,PC/SM,High,no_accepted_class_rt_model
A15_181655,Terpenoid,Terpenoid,Terpenoid,Low,no_accepted_class_rt_model
A15_181740,GDGT/Archaeol,GDGT/Archaeol,GDGT/Archaeol,Medium,no_accepted_class_rt_model
A15_18204,Terpenoid,Terpenoid,Terpenoid,Low,no_accepted_class_rt_model
A15_182155,Ceramide,Cer,Ceramide,Medium,no_candidate_within_mass_tolerance
A15_182189,PC/SM,PC/SM,PC/SM,High,no_accepted_class_rt_model
A15_182236,PE,PE,PE,Medium,no_candidate_within_mass_tolerance
A15_182301,Terpenoid,Terpenoid,Terpenoid,Low,no_accepted_class_rt_model
A15_18231,Terpenoid,Terpenoid,Terpenoid,Medium,no_accepted_class_rt_model
A15_182990,Terpenoid,Terpenoid,Terpenoid,Low,no_accepted_class_rt_model
A15_18310,Terpenoid,Terpenoid,Terpenoid,Medium,no_accepted_class_rt_model
A15_183265,PC/SM,PC/SM,PC/SM,Medium,no_accepted_class_rt_model
A15_18330,Terpenoid,Terpenoid,Terpenoid,Medium,no_accepted_class_rt_model
A15_183602,PG,PG,PG,Medium,no_candidate_within_mass_tolerance
A15_184133,PC/SM,PC/SM,PC/SM,Medium,no_accepted_class_rt_model
A15_184195,Ubiquinone,Ubiquinone,Ubiquinone,Medium,no_accepted_class_rt_model
A15_184270,Ubiquinone,Ubiquinone,Ubiquinone,Medium,no_accepted_class_rt_model
A15_184622,Terpenoid,Terpenoid,Terpenoid,Medium,no_accepted_class_rt_model
A15_184859,PC/SM,PC/SM,PC/SM,High,no_accepted_class_rt_model
A15_184931,Terpenoid,Terpenoid,Terpenoid,Medium,no_accepted_class_rt_model
A15_18506,Terpenoid,Terpenoid,Terpenoid,Medium,no_accepted_class_rt_model
A15_185234,Terpenoid,Terpenoid,Terpenoid,Low,no_accepted_class_rt_model
A15_185308,Terpenoid,Terpenoid,Terpenoid,Medium,no_accepted_class_rt_model
A15_185341,Sterol,Sterol,Sterol,Medium,no_accepted_class_rt_model
A15_185510,Terpenoid,Terpenoid,Terpenoid,Medium,no_accepted_class_rt_model
A15_185705,Glycolipid,Glycolipid,Glycolipid,Low,no_accepted_class_rt_model
A15_185949,Terpenoid,Terpenoid,Terpenoid,Low,no_accepted_class_rt_model
A15_18604,Terpenoid,Terpenoid,Terpenoid,Medium,no_accepted_class_rt_model
A15_186362,Terpenoid,Terpenoid,Terpenoid,Low,no_accepted_class_rt_model
A15_186407,GDGT/Archaeol,GDGT/Archaeol,GDGT/Archaeol,Medium,no_accepted_class_rt_model
A15_186606,Sterol,Sterol,Sterol,Medium,no_accepted_class_rt_model
A15_18730,PG,PG,PG,Medium,no_candidate_within_mass_tolerance
A15_187617,Terpenoid,Terpenoid,Terpenoid,Medium,no_accepted_class_rt_model
A15_18762,PC/SM,PC/SM,PC/SM,Medium,no_accepted_class_rt_model
A15_187837,Terpenoid,Terpenoid,Terpenoid,Medium,no_accepted_class_rt_model
A15_188089,PC/SM,PC/SM,PC/SM,Medium,no_accepted_class_rt_model
A15_18837,PC/SM,PC/SM,PC/SM,High,no_accepted_class_rt_model
A15_18845,Terpenoid,Terpenoid,Terpenoid,Medium,no_accepted_class_rt_model
A15_188546,Terpenoid,Terpenoid,Terpenoid,Medium,no_accepted_class_rt_model
A15_188585,PC/SM,PC/SM,PC/SM,High,no_accepted_class_rt_model
A15_188736,PC/SM,PC/SM,PC/SM,Medium,no_accepted_class_rt_model
A15_189540,Terpenoid,Terpenoid,Terpenoid,Low,no_accepted_class_rt_model
A15_18961,Terpenoid,Terpenoid,Terpenoid,Medium,no_accepted_class_rt_model
A15_189698,Terpenoid,Terpenoid,Terpenoid,Medium,no_accepted_class_rt_model
A15_189724,PC/SM,PC/SM,PC/SM,High,no_accepted_class_rt_model
A15_190027,PC/SM,PC/SM,PC/SM,High,no_accepted_class_rt_model
A15_190507,PC/SM,PC/SM,PC/SM,High,no_accepted_class_rt_model
A15_19053,PC/SM,PC/SM,PC/SM,Medium,no_accepted_class_rt_model
A15_190542,Sterol,Sterol,Sterol,Medium,no_accepted_class_rt_model
A15_190635,Sterol,Sterol,Sterol,Medium,no_accepted_class_rt_model
A15_190752,Sterol,Sterol,Sterol,Medium,no_accepted_class_rt_model
A15_190897,Terpenoid,Terpenoid,Terpenoid,Low,no_accepted_class_rt_model
A15_191577,Terpenoid,Terpenoid,Terpenoid,Low,no_accepted_class_rt_model
A15_191667,PC/SM,PC/SM,PC/SM,High,no_accepted_class_rt_model
A15_19250,Terpenoid,Terpenoid,Terpenoid,Medium,no_accepted_class_rt_model
A15_19268,Terpenoid,Terpenoid,Terpenoid,Medium,no_accepted_class_rt_model
A15_192736,Terpenoid,Terpenoid,Terpenoid,Medium,no_accepted_class_rt_model
A15_1928,Terpenoid,Terpenoid,Terpenoid,Medium,no_accepted_class_rt_model
A15_192927,Sterol,Sterol,Sterol,Medium,no_accepted_class_rt_model
A15_192961,Hopanoid,Hopanoid,Hopanoid,Low,no_accepted_class_rt_model
A15_193149,PC/SM,PC/SM,PC/SM,Medium,no_accepted_class_rt_model
A15_193302,PC/SM,PC/SM,PC/SM,High,no_accepted_class_rt_model
A15_193576,Ceramide,Cer,Ceramide,Medium,no_candidate_within_mass_tolerance
A15_194005,PE,PE,PE,Medium,no_candidate_within_mass_tolerance
A15_194063,PE,PE,PE,High,no_candidate_within_mass_tolerance
A15_194133,Terpenoid,Terpenoid,Terpenoid,Low,no_accepted_class_rt_model
A15_194375,Ceramide,Cer,Ceramide,Medium,no_candidate_within_mass_tolerance
A15_194602,PC/SM,PC/SM,PC/SM,High,no_accepted_class_rt_model
A15_195138,Terpenoid,Terpenoid,Terpenoid,Medium,no_accepted_class_rt_model
A15_19527,PC/SM,PC/SM,PC/SM,Medium,no_accepted_class_rt_model
A15_195300,Hopanoid,Hopanoid,Hopanoid,Low,no_accepted_class_rt_model
A15_19584,Terpenoid,Terpenoid,Terpenoid,Medium,no_accepted_class_rt_model
A15_196169,Ubiquinone,Ubiquinone,Ubiquinone,Medium,no_accepted_class_rt_model
A15_196319,PC/SM,PC/SM,PC/SM,High,no_accepted_class_rt_model
A15_196688,PC/SM,PC/SM,PC/SM,High,no_accepted_class_rt_model
A15_19679,PC/SM,PC/SM,PC/SM,High,no_accepted_class_rt_model
A15_19706,PC/SM,PC/SM,PC/SM,High,no_accepted_class_rt_model
A15_197198,Terpenoid,Terpenoid,Terpenoid,Medium,no_accepted_class_rt_model
A15_197300,Sterol,Sterol,Sterol,Medium,no_accepted_class_rt_model
A15_197360,PC/SM,PC/SM,PC/SM,High,no_accepted_class_rt_model
A15_19764,PC/SM,PC/SM,PC/SM,High,no_accepted_class_rt_model
A15_197663,Terpenoid,Terpenoid,Terpenoid,Medium,no_accepted_class_rt_model
A15_19781,PC/SM,PC/SM,PC/SM,High,no_accepted_class_rt_model
A15_198743,PC/SM,PC/SM,PC/SM,High,no_accepted_class_rt_model
A15_19886,SM,SM,SM,High,no_accepted_class_rt_model
A15_19893,Ceramide,Cer,Ceramide,Medium,no_candidate_within_mass_tolerance
A15_199094,Sterol,Sterol,Sterol,Medium,no_accepted_class_rt_model
A15_199127,PC/SM,PC/SM,PC/SM,High,no_accepted_class_rt_model
A15_199469,PC/SM,PC/SM,PC/SM,High,no_accepted_class_rt_model
A15_199728,Ubiquinone,Ubiquinone,Ubiquinone,Medium,no_accepted_class_rt_model
A15_200421,Ubiquinone,Ubiquinone,Ubiquinone,Medium,no_accepted_class_rt_model
A15_200467,Ubiquinone,Ubiquinone,Ubiquinone,Medium,no_accepted_class_rt_model
A15_200702,Ceramide,Cer,Ceramide,Medium,no_candidate_within_mass_tolerance
A15_201183,PC/SM,PC/SM,PC/SM,High,no_accepted_class_rt_model
A15_201232,Hopanoid,Hopanoid,Hopanoid,Low,no_accepted_class_rt_model
A15_201305,Terpenoid,Terpenoid,Terpenoid,Medium,no_accepted_class_rt_model
A15_201734,Ceramide,Cer,Ceramide,Medium,no_candidate_within_mass_tolerance
A15_201931,Terpenoid,Terpenoid,Terpenoid,Medium,no_accepted_class_rt_model
A15_202113,Terpenoid,Terpenoid,Terpenoid,Medium,no_accepted_class_rt_model
A15_202176,Terpenoid,Terpenoid,Terpenoid,Medium,no_accepted_class_rt_model
A15_202183,Ceramide,Cer,Ceramide,Medium,no_candidate_within_mass_tolerance
A15_202501,Terpenoid,Terpenoid,Terpenoid,Low,no_accepted_class_rt_model
A15_203414,Terpenoid,Terpenoid,Terpenoid,Low,no_accepted_class_rt_model
A15_20360,PC/SM,PC/SM,PC/SM,High,no_accepted_class_rt_model
A15_20391,PG,PG,PG,Medium,no_candidate_within_mass_tolerance
A15_203939,Terpenoid,Terpenoid,Terpenoid,Low,no_accepted_class_rt_model
A15_204272,Sterol,Sterol,Sterol,Medium,no_accepted_class_rt_model
A15_204306,GDGT/Archaeol,GDGT/Archaeol,GDGT/Archaeol,Medium,no_accepted_class_rt_model
A15_204922,Sterol,Sterol,Sterol,Medium,no_accepted_class_rt_model
A15_204941,Terpenoid,Terpenoid,Terpenoid,Medium,no_accepted_class_rt_model
A15_205212,Sterol,Sterol,Sterol,Medium,no_accepted_class_rt_model
A15_20529,PC/SM,PC/SM,PC/SM,Medium,no_accepted_class_rt_model
A15_205378,Ubiquinone,Ubiquinone,Ubiquinone,Medium,no_accepted_class_rt_model
A15_206185,Ceramide,Cer,Ceramide,Medium,no_candidate_within_mass_tolerance
A15_206186,Sterol,Sterol,Sterol,Medium,no_accepted_class_rt_model
A15_20619,PC/SM,PC/SM,PC/SM,High,no_accepted_class_rt_model
A15_206893,Terpenoid,Terpenoid,Terpenoid,Low,no_accepted_class_rt_model
A15_20691,Terpenoid,Terpenoid,Terpenoid,Medium,no_accepted_class_rt_model
A15_207174,Ceramide,Cer,Ceramide,Medium,no_candidate_within_mass_tolerance
A15_207487,Terpenoid,Terpenoid,Terpenoid,Low,no_accepted_class_rt_model
A15_207542,PC/SM,PC/SM,PC/SM,Medium,no_accepted_class_rt_model
A15_20755,Terpenoid,Terpenoid,Terpenoid,Medium,no_accepted_class_rt_model
A15_208062,Sterol,Sterol,Sterol,Medium,no_accepted_class_rt_model
A15_208204,Terpenoid,Terpenoid,Terpenoid,Low,no_accepted_class_rt_model
A15_208646,PC/SM,PC/SM,PC/SM,High,no_accepted_class_rt_model
A15_20881,SM,SM,SM,High,no_accepted_class_rt_model
A15_209154,Terpenoid,Terpenoid,Terpenoid,Low,no_accepted_class_rt_model
A15_209211,Ubiquinone,Ubiquinone,Ubiquinone,Medium,no_accepted_class_rt_model
A15_209370,Sterol,Sterol,Sterol,Medium,no_accepted_class_rt_model
A15_209564,Hopanoid,Hopanoid,Hopanoid,Low,no_accepted_class_rt_model
A15_209770,Ubiquinone,Ubiquinone,Ubiquinone,Medium,no_accepted_class_rt_model
A15_210105,PC/SM,PC/SM,PC/SM,High,no_accepted_class_rt_model
A15_210146,Sterol,Sterol,Sterol,Medium,no_accepted_class_rt_model
A15_21049,Terpenoid,Terpenoid,Terpenoid,Medium,no_accepted_class_rt_model
A15_210665,Terpenoid,Terpenoid,Terpenoid,Medium,no_accepted_class_rt_model
A15_210855,Ubiquinone,Ubiquinone,Ubiquinone,Medium,no_accepted_class_rt_model
A15_211170,Terpenoid,Terpenoid,Terpenoid,Medium,no_accepted_class_rt_model
A15_211185,PC/SM,PC/SM,PC/SM,Medium,no_accepted_class_rt_model
A15_211284,PC/SM,PC/SM,PC/SM,High,no_accepted_class_rt_model
A15_21139,PC/SM,PC/SM,PC/SM,High,no_accepted_class_rt_model
A15_211701,PG,PG,PG,Medium,no_candidate_within_mass_tolerance
A15_211896,Terpenoid,Terpenoid,Terpenoid,Low,no_accepted_class_rt_model
A15_211910,PC/SM,PC/SM,PC/SM,Medium,no_accepted_class_rt_model
A15_212038,Hopanoid,Hopanoid,Hopanoid,Low,no_accepted_class_rt_model
A15_212123,PC/SM,PC/SM,PC/SM,High,no_accepted_class_rt_model
A15_21276,Terpenoid,Terpenoid,Terpenoid,Medium,no_accepted_class_rt_model
A15_212830,SM,SM,SM,High,no_accepted_class_rt_model
A15_2134,Terpenoid,Terpenoid,Terpenoid,Medium,no_accepted_class_rt_model
A15_213857,Terpenoid,Terpenoid,Terpenoid,Medium,no_accepted_class_rt_model
A15_214013,Sterol,Sterol,Sterol,Medium,no_accepted_class_rt_model
A15_214889,Sterol,Sterol,Sterol,Medium,no_accepted_class_rt_model
A15_215338,PC/SM,PC/SM,PC/SM,High,no_accepted_class_rt_model
A15_21579,Terpenoid,Terpenoid,Terpenoid,Medium,no_accepted_class_rt_model
A15_215885,Ubiquinone,Ubiquinone,Ubiquinone,Medium,no_accepted_class_rt_model
A15_216505,Terpenoid,Terpenoid,Terpenoid,Medium,no_accepted_class_rt_model
A15_216648,Terpenoid,Terpenoid,Terpenoid,Low,no_accepted_class_rt_model
A15_216760,Terpenoid,Terpenoid,Terpenoid,Low,no_accepted_class_rt_model
A15_21690,PC/SM,PC/SM,PC/SM,Medium,no_accepted_class_rt_model
A15_217078,Sterol,Sterol,Sterol,Medium,no_accepted_class_rt_model
A15_217337,PE,PE,PE,Medium,no_candidate_within_mass_tolerance
A15_218009,Terpenoid,Terpenoid,Terpenoid,Low,no_accepted_class_rt_model
A15_218309,Terpenoid,Terpenoid,Terpenoid,Medium,no_accepted_class_rt_model
A15_218439,PC/SM,PC/SM,PC/SM,High,no_accepted_class_rt_model
A15_218502,Sterol,Sterol,Sterol,Medium,no_accepted_class_rt_model
A15_218610,DGTS,DGTS,DGTS,Medium,no_accepted_class_rt_model
A15_218625,Terpenoid,Terpenoid,Terpenoid,Medium,no_accepted_class_rt_model
A15_218877,Sterol,Sterol,Sterol,Medium,no_accepted_class_rt_model
A15_219155,Sterol,Sterol,Sterol,Medium,no_accepted_class_rt_model
A15_219157,Hopanoid,Hopanoid,Hopanoid,Low,no_accepted_class_rt_model
A15_21924,Terpenoid,Terpenoid,Terpenoid,Low,no_accepted_class_rt_model
A15_21976,Terpenoid,Terpenoid,Terpenoid,Low,no_accepted_class_rt_model
A15_21984,PC/SM,PC/SM,PC/SM,Medium,no_accepted_class_rt_model
A15_219865,Ceramide,Cer,Ceramide,Medium,no_candidate_within_mass_tolerance
A15_220069,PC/SM,PC/SM,PC/SM,Medium,no_accepted_class_rt_model
A15_220092,Sterol,Sterol,Sterol,Medium,no_accepted_class_rt_model
A15_220397,Ubiquinone,Ubiquinone,Ubiquinone,Medium,no_accepted_class_rt_model
A15_2204,PC/SM,PC/SM,PC/SM,High,no_accepted_class_rt_model
A15_22054,PC/SM,PC/SM,PC/SM,High,no_accepted_class_rt_model
A15_220683,Ubiquinone,Ubiquinone,Ubiquinone,Medium,no_accepted_class_rt_model
A15_220723,Sterol,Sterol,Sterol,Medium,no_accepted_class_rt_model
A15_22086,SM,SM,SM,High,no_accepted_class_rt_model
A15_220878,Sterol,Sterol,Sterol,Medium,no_accepted_class_rt_model
A15_220943,Sterol,Sterol,Sterol,Medium,no_accepted_class_rt_model
A15_220986,Sterol,Sterol,Sterol,Medium,no_accepted_class_rt_model
A15_221079,Sterol,Sterol,Sterol,Medium,no_accepted_class_rt_model
A15_22110,Terpenoid,Terpenoid,Terpenoid,Medium,no_accepted_class_rt_model
A15_22139,Ceramide,Cer,Ceramide,Medium,no_candidate_within_mass_tolerance
A15_221471,PG,PG,PG,Medium,no_candidate_within_mass_tolerance
A15_22163,Terpenoid,Terpenoid,Terpenoid,Medium,no_accepted_class_rt_model
A15_221649,PC/SM,PC/SM,PC/SM,Medium,no_accepted_class_rt_model
A15_221745,PC/SM,PC/SM,PC/SM,High,no_accepted_class_rt_model
A15_221979,GDGT/Archaeol,GDGT/Archaeol,GDGT/Archaeol,Medium,no_accepted_class_rt_model
A15_222145,GDGT/Archaeol,GDGT/Archaeol,GDGT/Archaeol,Medium,no_accepted_class_rt_model
A15_222158,Sterol,Sterol,Sterol,Medium,no_accepted_class_rt_model
A15_222160,PC/SM,PC/SM,PC/SM,High,no_accepted_class_rt_model
A15_222233,Sterol,Sterol,Sterol,Medium,no_accepted_class_rt_model
A15_222247,GDGT/Archaeol,GDGT/Archaeol,GDGT/Archaeol,Medium,no_accepted_class_rt_model
A15_222377,PC/SM,PC/SM,PC/SM,High,no_accepted_class_rt_model
A15_222384,Terpenoid,Terpenoid,Terpenoid,Medium,no_accepted_class_rt_model
A15_222479,GDGT/Archaeol,GDGT/Archaeol,GDGT/Archaeol,Medium,no_accepted_class_rt_model
A15_222486,PC/SM,PC/SM,PC/SM,Medium,no_accepted_class_rt_model
A15_222534,GDGT/Archaeol,GDGT/Archaeol,GDGT/Archaeol,Medium,no_accepted_class_rt_model
A15_222854,PC/SM,PC/SM,PC/SM,High,no_accepted_class_rt_model
A15_222924,GDGT/Archaeol,GDGT/Archaeol,GDGT/Archaeol,Medium,no_accepted_class_rt_model
A15_222926,GDGT/Archaeol,GDGT/Archaeol,GDGT/Archaeol,Medium,no_accepted_class_rt_model
A15_222947,Sterol,Sterol,Sterol,Medium,no_accepted_class_rt_model
A15_222954,Sterol,Sterol,Sterol,Medium,no_accepted_class_rt_model
A15_223141,GDGT/Archaeol,GDGT/Archaeol,GDGT/Archaeol,Medium,no_accepted_class_rt_model
A15_223183,GDGT/Archaeol,GDGT/Archaeol,GDGT/Archaeol,Medium,no_accepted_class_rt_model
A15_223193,Ubiquinone,Ubiquinone,Ubiquinone,Medium,no_accepted_class_rt_model
A15_223194,Ubiquinone,Ubiquinone,Ubiquinone,Medium,no_accepted_class_rt_model
A15_223204,PC/SM,PC/SM,PC/SM,High,no_accepted_class_rt_model
A15_223230,GDGT/Archaeol,GDGT/Archaeol,GDGT/Archaeol,Medium,no_accepted_class_rt_model
A15_22326,PC/SM,PC/SM,PC/SM,High,no_accepted_class_rt_model
A15_223358,PC/SM,PC/SM,PC/SM,Medium,no_accepted_class_rt_model
A15_223383,Sterol,Sterol,Sterol,Medium,no_accepted_class_rt_model
A15_223550,GDGT/Archaeol,GDGT/Archaeol,GDGT/Archaeol,Medium,no_accepted_class_rt_model
A15_2237,Ubiquinone,Ubiquinone,Ubiquinone,Medium,no_accepted_class_rt_model
A15_223862,Sterol,Sterol,Sterol,Medium,no_accepted_class_rt_model
A15_223868,Sterol,Sterol,Sterol,Medium,no_accepted_class_rt_model
A15_223954,PC/SM,PC/SM,PC/SM,Medium,no_accepted_class_rt_model
A15_223968,Sterol,Sterol,Sterol,Medium,no_accepted_class_rt_model
A15_223969,Sterol,Sterol,Sterol,Medium,no_accepted_class_rt_model
A15_224061,GDGT/Archaeol,GDGT/Archaeol,GDGT/Archaeol,Medium,no_accepted_class_rt_model
A15_224072,GDGT/Archaeol,GDGT/Archaeol,GDGT/Archaeol,Medium,no_accepted_class_rt_model
A15_224119,GDGT/Archaeol,GDGT/Archaeol,GDGT/Archaeol,Medium,no_accepted_class_rt_model
A15_224123,GDGT/Archaeol,GDGT/Archaeol,GDGT/Archaeol,Medium,no_accepted_class_rt_model
A15_224135,Sterol,Sterol,Sterol,Medium,no_accepted_class_rt_model
A15_224158,GDGT/Archaeol,GDGT/Archaeol,GDGT/Archaeol,Medium,no_accepted_class_rt_model
A15_224159,GDGT/Archaeol,GDGT/Archaeol,GDGT/Archaeol,Medium,no_accepted_class_rt_model
A15_224276,Sterol,Sterol,Sterol,Medium,no_accepted_class_rt_model
A15_224289,GDGT/Archaeol,GDGT/Archaeol,GDGT/Archaeol,Medium,no_accepted_class_rt_model
A15_224290,GDGT/Archaeol,GDGT/Archaeol,GDGT/Archaeol,Medium,no_accepted_class_rt_model
A15_224292,GDGT/Archaeol,GDGT/Archaeol,GDGT/Archaeol,Medium,no_accepted_class_rt_model
A15_224550,GDGT/Archaeol,GDGT/Archaeol,GDGT/Archaeol,Medium,no_accepted_class_rt_model
A15_224551,GDGT/Archaeol,GDGT/Archaeol,GDGT/Archaeol,Medium,no_accepted_class_rt_model
A15_224553,Sterol,Sterol,Sterol,Medium,no_accepted_class_rt_model
A15_224605,GDGT/Archaeol,GDGT/Archaeol,GDGT/Archaeol,Medium,no_accepted_class_rt_model
A15_224884,Sterol,Sterol,Sterol,Medium,no_accepted_class_rt_model
A15_224911,Sterol,Sterol,Sterol,Medium,no_accepted_class_rt_model
A15_224960,Sterol,Sterol,Sterol,Medium,no_accepted_class_rt_model
A15_225150,GDGT/Archaeol,GDGT/Archaeol,GDGT/Archaeol,Medium,no_accepted_class_rt_model
A15_22531,PC/SM,PC/SM,PC/SM,High,no_accepted_class_rt_model
A15_225395,GDGT/Archaeol,GDGT/Archaeol,GDGT/Archaeol,Medium,no_accepted_class_rt_model
A15_225478,Sterol,Sterol,Sterol,Medium,no_accepted_class_rt_model
A15_225586,GDGT/Archaeol,GDGT/Archaeol,GDGT/Archaeol,Medium,no_accepted_class_rt_model
A15_225599,GDGT/Archaeol,GDGT/Archaeol,GDGT/Archaeol,Medium,no_accepted_class_rt_model
A15_225624,Sterol,Sterol,Sterol,Medium,no_accepted_class_rt_model
A15_225729,GDGT/Archaeol,GDGT/Archaeol,GDGT/Archaeol,Medium,no_accepted_class_rt_model
A15_225828,GDGT/Archaeol,GDGT/Archaeol,GDGT/Archaeol,Medium,no_accepted_class_rt_model
A15_226014,GDGT/Archaeol,GDGT/Archaeol,GDGT/Archaeol,Medium,no_accepted_class_rt_model
A15_226504,Sterol,Sterol,Sterol,Medium,no_accepted_class_rt_model
A15_22666,Terpenoid,Terpenoid,Terpenoid,Medium,no_accepted_class_rt_model
A15_227179,Sterol,Sterol,Sterol,Medium,no_accepted_class_rt_model
A15_22729,PC/SM,PC/SM,PC/SM,High,no_accepted_class_rt_model
A15_22772,Terpenoid,Terpenoid,Terpenoid,Medium,no_accepted_class_rt_model
A15_22984,PC/SM,PC/SM,PC/SM,High,no_accepted_class_rt_model
A15_2302,Terpenoid,Terpenoid,Terpenoid,Medium,no_accepted_class_rt_model
A15_23038,Terpenoid,Terpenoid,Terpenoid,Medium,no_accepted_class_rt_model
A15_23364,DGTS,DGTS,DGTS,Medium,no_accepted_class_rt_model
A15_23369,Terpenoid,Terpenoid,Terpenoid,Medium,no_accepted_class_rt_model
A15_2340,Terpenoid,Terpenoid,Terpenoid,Medium,no_accepted_class_rt_model
A15_23608,SM,SM,SM,High,no_accepted_class_rt_model
A15_24086,PC/SM,PC/SM,PC/SM,High,no_accepted_class_rt_model
A15_24393,Terpenoid,Terpenoid,Terpenoid,Medium,no_accepted_class_rt_model
A15_24478,Terpenoid,Terpenoid,Terpenoid,Medium,no_accepted_class_rt_model
A15_2481,DGTS,DGTS,DGTS,Medium,no_accepted_class_rt_model
A15_24849,PC/SM,PC/SM,PC/SM,High,no_accepted_class_rt_model
A15_24897,Terpenoid,Terpenoid,Terpenoid,Medium,no_accepted_class_rt_model
A15_24955,Terpenoid,Terpenoid,Terpenoid,Medium,no_accepted_class_rt_model
A15_24995,PC/SM,PC/SM,PC/SM,High,no_accepted_class_rt_model
A15_2507,Terpenoid,Terpenoid,Terpenoid,Medium,no_accepted_class_rt_model
A15_25387,Hopanoid,Hopanoid,Hopanoid,Low,no_accepted_class_rt_model
A15_25708,Terpenoid,Terpenoid,Terpenoid,Medium,no_accepted_class_rt_model
A15_25725,DGTS,DGTS,DGTS,Medium,no_accepted_class_rt_model
A15_25809,Terpenoid,Terpenoid,Terpenoid,Medium,no_accepted_class_rt_model
A15_25879,PC/SM,PC/SM,PC/SM,High,no_accepted_class_rt_model
A15_26139,DGTS,DGTS,DGTS,Medium,no_accepted_class_rt_model
A15_26224,PC/SM,PC/SM,PC/SM,High,no_accepted_class_rt_model
A15_26269,Terpenoid,Terpenoid,Terpenoid,Low,no_accepted_class_rt_model
A15_26459,PC/SM,PC/SM,PC/SM,High,no_accepted_class_rt_model
A15_26537,PC/SM,PC/SM,PC/SM,Medium,no_accepted_class_rt_model
A15_26698,PC/SM,PC/SM,PC/SM,High,no_accepted_class_rt_model
A15_26769,Terpenoid,Terpenoid,Terpenoid,Medium,no_accepted_class_rt_model
A15_27091,Terpenoid,Terpenoid,Terpenoid,Medium,no_accepted_class_rt_model
A15_27130,Terpenoid,Terpenoid,Terpenoid,Medium,no_accepted_class_rt_model
A15_27380,Terpenoid,Terpenoid,Terpenoid,Medium,no_accepted_class_rt_model
A15_27389,PC/SM,PC/SM,PC/SM,High,no_accepted_class_rt_model
A15_27525,PC/SM,PC/SM,PC/SM,High,no_accepted_class_rt_model
A15_27671,PC/SM,PC/SM,PC/SM,High,no_accepted_class_rt_model
A15_27702,SM,SM,SM,High,no_accepted_class_rt_model
A15_27860,Terpenoid,Terpenoid,Terpenoid,Low,no_accepted_class_rt_model
A15_28057,PC/SM,PC/SM,PC/SM,High,no_accepted_class_rt_model
A15_28073,PC/SM,PC/SM,PC/SM,Medium,no_accepted_class_rt_model
A15_28893,Sterol,Sterol,Sterol,Medium,no_accepted_class_rt_model
A15_2895,Terpenoid,Terpenoid,Terpenoid,Medium,no_accepted_class_rt_model
A15_29096,Ceramide,Cer,Ceramide,Medium,no_candidate_within_mass_tolerance
A15_29164,Terpenoid,Terpenoid,Terpenoid,Medium,no_accepted_class_rt_model
A15_29167,Terpenoid,Terpenoid,Terpenoid,Medium,no_accepted_class_rt_model
A15_292,PG,PG,PG,Medium,no_candidate_within_mass_tolerance
A15_2931,Terpenoid,Terpenoid,Terpenoid,Medium,no_accepted_class_rt_model
A15_30037,PC/SM,PC/SM,PC/SM,High,no_accepted_class_rt_model
A15_30168,PC/SM,PC/SM,PC/SM,High,no_accepted_class_rt_model
A15_3024,Terpenoid,Terpenoid,Terpenoid,Low,no_accepted_class_rt_model
A15_30264,PC/SM,PC/SM,PC/SM,High,no_accepted_class_rt_model
A15_30276,Terpenoid,Terpenoid,Terpenoid,Medium,no_accepted_class_rt_model
A15_30301,Terpenoid,Terpenoid,Terpenoid,Medium,no_accepted_class_rt_model
A15_30530,PC/SM,PC/SM,PC/SM,Medium,no_accepted_class_rt_model
A15_30678,PC/SM,PC/SM,PC/SM,High,no_accepted_class_rt_model
A15_30681,PC/SM,PC/SM,PC/SM,High,no_accepted_class_rt_model
A15_30684,PC/SM,PC/SM,PC/SM,High,no_accepted_class_rt_model
A15_30715,PC/SM,PC/SM,PC/SM,High,no_accepted_class_rt_model
A15_30726,PC/SM,PC/SM,PC/SM,High,no_accepted_class_rt_model
A15_30727,Terpenoid,Terpenoid,Terpenoid,Medium,no_accepted_class_rt_model
A15_3074,Terpenoid,Terpenoid,Terpenoid,Medium,no_accepted_class_rt_model
A15_30896,PC/SM,PC/SM,PC/SM,Medium,no_accepted_class_rt_model
A15_30912,Terpenoid,Terpenoid,Terpenoid,Medium,no_accepted_class_rt_model
A15_31082,PC/SM,PC/SM,PC/SM,High,no_accepted_class_rt_model
A15_31106,PC/SM,PC/SM,PC/SM,High,no_accepted_class_rt_model
A15_31298,PC/SM,PC/SM,PC/SM,High,no_accepted_class_rt_model
A15_31302,PC/SM,PC/SM,PC/SM,High,no_accepted_class_rt_model
A15_31334,PC/SM,PC/SM,PC/SM,High,no_accepted_class_rt_model
A15_31378,Terpenoid,Terpenoid,Terpenoid,Medium,no_accepted_class_rt_model
A15_31385,Terpenoid,Terpenoid,Terpenoid,Medium,no_accepted_class_rt_model
A15_31395,PC/SM,PC/SM,PC/SM,High,no_accepted_class_rt_model
A15_31403,PC/SM,PC/SM,PC/SM,High,no_accepted_class_rt_model
A15_31609,PC/SM,PC/SM,PC/SM,Medium,no_accepted_class_rt_model
A15_31853,PC/SM,PC/SM,PC/SM,Medium,no_accepted_class_rt_model
A15_31877,PC/SM,PC/SM,PC/SM,High,no_accepted_class_rt_model
A15_32296,Terpenoid,Terpenoid,Terpenoid,Medium,no_accepted_class_rt_model
A15_32388,Terpenoid,Terpenoid,Terpenoid,Medium,no_accepted_class_rt_model
A15_32521,PS,PS,PS,Medium,no_candidate_within_mass_tolerance
A15_32590,PC/SM,PC/SM,PC/SM,High,no_accepted_class_rt_model
A15_32630,PC/SM,PC/SM,PC/SM,High,no_accepted_class_rt_model
A15_3265,Terpenoid,Terpenoid,Terpenoid,Medium,no_accepted_class_rt_model
A15_3276,Terpenoid,Terpenoid,Terpenoid,Medium,no_accepted_class_rt_model
A15_33360,Terpenoid,Terpenoid,Terpenoid,Medium,no_accepted_class_rt_model
A15_33365,PC/SM,PC/SM,PC/SM,High,no_accepted_class_rt_model
A15_33372,Terpenoid,Terpenoid,Terpenoid,Medium,no_accepted_class_rt_model
A15_33373,Terpenoid,Terpenoid,Terpenoid,Low,no_accepted_class_rt_model
A15_33387,PC/SM,PC/SM,PC/SM,Medium,no_accepted_class_rt_model
A15_33939,PC/SM,PC/SM,PC/SM,Medium,no_accepted_class_rt_model
A15_34027,PC/SM,PC/SM,PC/SM,High,no_accepted_class_rt_model
A15_34530,Terpenoid,Terpenoid,Terpenoid,Low,no_accepted_class_rt_model
A15_34847,Terpenoid,Terpenoid,Terpenoid,Medium,no_accepted_class_rt_model
A15_34996,Terpenoid,Terpenoid,Terpenoid,Medium,no_accepted_class_rt_model
A15_35146,PC/SM,PC/SM,PC/SM,High,no_accepted_class_rt_model
A15_35622,Terpenoid,Terpenoid,Terpenoid,Medium,no_accepted_class_rt_model
A15_35955,Terpenoid,Terpenoid,Terpenoid,Low,no_accepted_class_rt_model
A15_36059,Terpenoid,Terpenoid,Terpenoid,Medium,no_accepted_class_rt_model
A15_36224,Terpenoid,Terpenoid,Terpenoid,Medium,no_accepted_class_rt_model
A15_36505,PC/SM,PC/SM,PC/SM,Medium,no_accepted_class_rt_model
A15_36650,Sterol,Sterol,Sterol,Medium,no_accepted_class_rt_model
A15_36707,PC/SM,PC/SM,PC/SM,Medium,no_accepted_class_rt_model
A15_36937,PC/SM,PC/SM,PC/SM,High,no_accepted_class_rt_model
A15_37019,Terpenoid,Terpenoid,Terpenoid,Medium,no_accepted_class_rt_model
A15_37223,Terpenoid,Terpenoid,Terpenoid,Medium,no_accepted_class_rt_model
A15_37286,PC/SM,PC/SM,PC/SM,High,no_accepted_class_rt_model
A15_37324,Terpenoid,Terpenoid,Terpenoid,Medium,no_accepted_class_rt_model
A15_37400,Terpenoid,Terpenoid,Terpenoid,Medium,no_accepted_class_rt_model
A15_37737,Sterol,Sterol,Sterol,Medium,no_accepted_class_rt_model
A15_37896,PS,PS,PS,Medium,no_candidate_within_mass_tolerance
A15_37976,PC/SM,PC/SM,PC/SM,High,no_accepted_class_rt_model
A15_38103,Terpenoid,Terpenoid,Terpenoid,Medium,no_accepted_class_rt_model
A15_39320,Terpenoid,Terpenoid,Terpenoid,Low,no_accepted_class_rt_model
A15_39499,PC/SM,PC/SM,PC/SM,High,no_accepted_class_rt_model
A15_39684,PC/SM,PC/SM,PC/SM,High,no_accepted_class_rt_model
A15_39694,Terpenoid,Terpenoid,Terpenoid,Low,no_accepted_class_rt_model
A15_39715,PC/SM,PC/SM,PC/SM,High,no_accepted_class_rt_model
A15_39739,PE,PE,PE,Medium,no_candidate_within_mass_tolerance
A15_39798,PC/SM,PC/SM,PC/SM,Medium,no_accepted_class_rt_model
A15_39892,Terpenoid,Terpenoid,Terpenoid,Medium,no_accepted_class_rt_model
A15_4005,Terpenoid,Terpenoid,Terpenoid,Medium,no_accepted_class_rt_model
A15_4010,Terpenoid,Terpenoid,Terpenoid,Medium,no_accepted_class_rt_model
A15_40131,PC/SM,PC/SM,PC/SM,High,no_accepted_class_rt_model
A15_40260,PC/SM,PC/SM,PC/SM,High,no_accepted_class_rt_model
A15_40329,PC/SM,PC/SM,PC/SM,High,no_accepted_class_rt_model
A15_40398,PC/SM,PC/SM,PC/SM,High,no_accepted_class_rt_model
A15_40421,PC/SM,PC/SM,PC/SM,Medium,no_accepted_class_rt_model
A15_40453,PC/SM,PC/SM,PC/SM,Medium,no_accepted_class_rt_model
A15_40777,PC/SM,PC/SM,PC/SM,High,no_accepted_class_rt_model
A15_41165,PC/SM,PC/SM,PC/SM,Medium,no_accepted_class_rt_model
A15_41207,Terpenoid,Terpenoid,Terpenoid,Low,no_accepted_class_rt_model
A15_41285,PC/SM,PC/SM,PC/SM,High,no_accepted_class_rt_model
A15_41448,PC/SM,PC/SM,PC/SM,High,no_accepted_class_rt_model
A15_41688,Terpenoid,Terpenoid,Terpenoid,Medium,no_accepted_class_rt_model
A15_41705,PC/SM,PC/SM,PC/SM,Medium,no_accepted_class_rt_model
A15_4172,Terpenoid,Terpenoid,Terpenoid,Medium,no_accepted_class_rt_model
A15_41850,PC/SM,PC/SM,PC/SM,High,no_accepted_class_rt_model
A15_42114,DGTS,DGTS,DGTS,Medium,no_accepted_class_rt_model
A15_42123,PC/SM,PC/SM,PC/SM,Medium,no_accepted_class_rt_model
A15_42163,PC/SM,PC/SM,PC/SM,Medium,no_accepted_class_rt_model
A15_42181,PC/SM,PC/SM,PC/SM,High,no_accepted_class_rt_model
A15_42335,Terpenoid,Terpenoid,Terpenoid,Medium,no_accepted_class_rt_model
A15_42340,Terpenoid,Terpenoid,Terpenoid,Low,no_accepted_class_rt_model
A15_42446,PC/SM,PC/SM,PC/SM,Medium,no_accepted_class_rt_model
A15_42458,PC/SM,PC/SM,PC/SM,Medium,no_accepted_class_rt_model
A15_42593,PC/SM,PC/SM,PC/SM,High,no_accepted_class_rt_model
A15_42716,PC/SM,PC/SM,PC/SM,High,no_accepted_class_rt_model
A15_42789,PC/SM,PC/SM,PC/SM,Medium,no_accepted_class_rt_model
A15_42867,Terpenoid,Terpenoid,Terpenoid,Medium,no_accepted_class_rt_model
A15_42920,PC/SM,PC/SM,PC/SM,Medium,no_accepted_class_rt_model
A15_42966,PC/SM,PC/SM,PC/SM,High,no_accepted_class_rt_model
A15_43099,PC/SM,PC/SM,PC/SM,High,no_accepted_class_rt_model
A15_43300,PC/SM,PC/SM,PC/SM,High,no_accepted_class_rt_model
A15_43430,Terpenoid,Terpenoid,Terpenoid,Low,no_accepted_class_rt_model
A15_43447,PC/SM,PC/SM,PC/SM,High,no_accepted_class_rt_model
A15_43453,PC/SM,PC/SM,PC/SM,High,no_accepted_class_rt_model
A15_43709,PC/SM,PC/SM,PC/SM,High,no_accepted_class_rt_model
A15_43951,Terpenoid,Terpenoid,Terpenoid,Low,no_accepted_class_rt_model
A15_44121,PC/SM,PC/SM,PC/SM,Medium,no_accepted_class_rt_model
A15_44170,PC/SM,PC/SM,PC/SM,High,no_accepted_class_rt_model
A15_44225,PC/SM,PC/SM,PC/SM,High,no_accepted_class_rt_model
A15_44561,PC/SM,PC/SM,PC/SM,High,no_accepted_class_rt_model
A15_44567,Terpenoid,Terpenoid,Terpenoid,Medium,no_accepted_class_rt_model
A15_44630,PC/SM,PC/SM,PC/SM,High,no_accepted_class_rt_model
A15_44911,Terpenoid,Terpenoid,Terpenoid,Medium,no_accepted_class_rt_model
A15_45049,Terpenoid,Terpenoid,Terpenoid,Medium,no_accepted_class_rt_model
A15_45060,Terpenoid,Terpenoid,Terpenoid,Medium,no_accepted_class_rt_model
A15_45138,Terpenoid,Terpenoid,Terpenoid,Medium,no_accepted_class_rt_model
A15_45174,PC/SM,PC/SM,PC/SM,Medium,no_accepted_class_rt_model
A15_45490,PC/SM,PC/SM,PC/SM,Medium,no_accepted_class_rt_model
A15_45662,Terpenoid,Terpenoid,Terpenoid,Medium,no_accepted_class_rt_model
A15_45734,Terpenoid,Terpenoid,Terpenoid,Medium,no_accepted_class_rt_model
A15_45788,Terpenoid,Terpenoid,Terpenoid,Medium,no_accepted_class_rt_model
A15_45816,PC/SM,PC/SM,PC/SM,High,no_accepted_class_rt_model
A15_45950,Terpenoid,Terpenoid,Terpenoid,Low,no_accepted_class_rt_model
A15_45958,Terpenoid,Terpenoid,Terpenoid,Medium,no_accepted_class_rt_model
A15_46128,Terpenoid,Terpenoid,Terpenoid,Low,no_accepted_class_rt_model
A15_46162,Terpenoid,Terpenoid,Terpenoid,Medium,no_accepted_class_rt_model
A15_4619,Terpenoid,Terpenoid,Terpenoid,Medium,no_accepted_class_rt_model
A15_46232,PC/SM,PC/SM,PC/SM,Medium,no_accepted_class_rt_model
A15_4632,Terpenoid,Terpenoid,Terpenoid,Medium,no_accepted_class_rt_model
A15_46426,PC/SM,PC/SM,PC/SM,Medium,no_accepted_class_rt_model
A15_46432,Terpenoid,Terpenoid,Terpenoid,Medium,no_accepted_class_rt_model
A15_46472,Terpenoid,Terpenoid,Terpenoid,Medium,no_accepted_class_rt_model
A15_4649,Terpenoid,Terpenoid,Terpenoid,Low,no_accepted_class_rt_model
A15_46806,Terpenoid,Terpenoid,Terpenoid,Medium,no_accepted_class_rt_model
A15_46815,PC/SM,PC/SM,PC/SM,Medium,no_accepted_class_rt_model
A15_46887,Terpenoid,Terpenoid,Terpenoid,Medium,no_accepted_class_rt_model
A15_47006,PC/SM,PC/SM,PC/SM,High,no_accepted_class_rt_model
A15_47041,PC/SM,PC/SM,PC/SM,High,no_accepted_class_rt_model
A15_47080,PC/SM,PC/SM,PC/SM,High,no_accepted_class_rt_model
A15_47115,PC/SM,PC/SM,PC/SM,High,no_accepted_class_rt_model
A15_4736,DGTS,DGTS,DGTS,Medium,no_accepted_class_rt_model
A15_47380,PC/SM,PC/SM,PC/SM,Medium,no_accepted_class_rt_model
A15_47405,Terpenoid,Terpenoid,Terpenoid,Medium,no_accepted_class_rt_model
A15_47423,PC/SM,PC/SM,PC/SM,High,no_accepted_class_rt_model
A15_47424,Terpenoid,Terpenoid,Terpenoid,Medium,no_accepted_class_rt_model
A15_47474,Terpenoid,Terpenoid,Terpenoid,Medium,no_accepted_class_rt_model
A15_47570,PE,PE,PE,Medium,no_candidate_within_mass_tolerance
A15_47591,Terpenoid,Terpenoid,Terpenoid,Medium,no_accepted_class_rt_model
A15_47623,Terpenoid,Terpenoid,Terpenoid,Medium,no_accepted_class_rt_model
A15_47624,Terpenoid,Terpenoid,Terpenoid,Medium,no_accepted_class_rt_model
A15_47625,Terpenoid,Terpenoid,Terpenoid,Medium,no_accepted_class_rt_model
A15_47626,Terpenoid,Terpenoid,Terpenoid,Medium,no_accepted_class_rt_model
A15_47627,Terpenoid,Terpenoid,Terpenoid,Medium,no_accepted_class_rt_model
A15_47728,Terpenoid,Terpenoid,Terpenoid,Low,no_accepted_class_rt_model
A15_47879,PC/SM,PC/SM,PC/SM,Medium,no_accepted_class_rt_model
A15_48135,PC/SM,PC/SM,PC/SM,Medium,no_accepted_class_rt_model
A15_48301,PC/SM,PC/SM,PC/SM,Medium,no_accepted_class_rt_model
A15_48302,PC/SM,PC/SM,PC/SM,Medium,no_accepted_class_rt_model
A15_48746,PC/SM,PC/SM,PC/SM,Medium,no_accepted_class_rt_model
A15_48810,PC/SM,PC/SM,PC/SM,High,no_accepted_class_rt_model
A15_4887,Terpenoid,Terpenoid,Terpenoid,Medium,no_accepted_class_rt_model
A15_49150,PC/SM,PC/SM,PC/SM,Medium,no_accepted_class_rt_model
A15_49234,PE,PE,PE,Medium,no_candidate_within_mass_tolerance
A15_49302,Terpenoid,Terpenoid,Terpenoid,Medium,no_accepted_class_rt_model
A15_49320,Terpenoid,Terpenoid,Terpenoid,Low,no_accepted_class_rt_model
A15_4934,Terpenoid,Terpenoid,Terpenoid,Medium,no_accepted_class_rt_model
A15_49356,Terpenoid,Terpenoid,Terpenoid,Medium,no_accepted_class_rt_model
A15_49372,PS,PS,PS,Medium,no_candidate_within_mass_tolerance
A15_49424,Terpenoid,Terpenoid,Terpenoid,Medium,no_accepted_class_rt_model
A15_49641,PC/SM,PC/SM,PC/SM,High,no_accepted_class_rt_model
A15_49775,PC/SM,PC/SM,PC/SM,Medium,no_accepted_class_rt_model
A15_49780,PC/SM,PC/SM,PC/SM,High,no_accepted_class_rt_model
A15_49906,PC/SM,PC/SM,PC/SM,High,no_accepted_class_rt_model
A15_50024,Ubiquinone,Ubiquinone,Ubiquinone,Medium,no_accepted_class_rt_model
A15_50025,Terpenoid,Terpenoid,Terpenoid,Low,no_accepted_class_rt_model
A15_50026,DGTS,DGTS,DGTS,Medium,no_accepted_class_rt_model
A15_50193,Terpenoid,Terpenoid,Terpenoid,Medium,no_accepted_class_rt_model
A15_50398,PC/SM,PC/SM,PC/SM,High,no_accepted_class_rt_model
A15_50456,PC/SM,PC/SM,PC/SM,High,no_accepted_class_rt_model
A15_50567,PC/SM,PC/SM,PC/SM,High,no_accepted_class_rt_model
A15_50621,Terpenoid,Terpenoid,Terpenoid,Low,no_accepted_class_rt_model
A15_50670,PC/SM,PC/SM,PC/SM,High,no_accepted_class_rt_model
A15_507,Terpenoid,Terpenoid,Terpenoid,Low,no_accepted_class_rt_model
A15_50789,DGTS,DGTS,DGTS,Medium,no_accepted_class_rt_model
A15_50955,PC/SM,PC/SM,PC/SM,Medium,no_accepted_class_rt_model
A15_5097,Terpenoid,Terpenoid,Terpenoid,Medium,no_accepted_class_rt_model
A15_51025,PC/SM,PC/SM,PC/SM,High,no_accepted_class_rt_model
A15_51111,PC/SM,PC/SM,PC/SM,High,no_accepted_class_rt_model
A15_51120,PC/SM,PC/SM,PC/SM,High,no_accepted_class_rt_model
A15_51276,Terpenoid,Terpenoid,Terpenoid,Medium,no_accepted_class_rt_model
A15_51291,Terpenoid,Terpenoid,Terpenoid,Medium,no_accepted_class_rt_model
A15_51342,Terpenoid,Terpenoid,Terpenoid,Medium,no_accepted_class_rt_model
A15_51516,PC/SM,PC/SM,PC/SM,Medium,no_accepted_class_rt_model
A15_51550,PC/SM,PC/SM,PC/SM,Medium,no_accepted_class_rt_model
A15_51629,Terpenoid,Terpenoid,Terpenoid,Medium,no_accepted_class_rt_model
A15_51655,Terpenoid,Terpenoid,Terpenoid,Medium,no_accepted_class_rt_model
A15_51712,PC/SM,PC/SM,PC/SM,Medium,no_accepted_class_rt_model
A15_51724,PC/SM,PC/SM,PC/SM,Medium,no_accepted_class_rt_model
A15_51842,Terpenoid,Terpenoid,Terpenoid,Medium,no_accepted_class_rt_model
A15_52005,Terpenoid,Terpenoid,Terpenoid,Medium,no_accepted_class_rt_model
A15_52084,Terpenoid,Terpenoid,Terpenoid,Medium,no_accepted_class_rt_model
A15_52112,Terpenoid,Terpenoid,Terpenoid,Low,no_accepted_class_rt_model
A15_5237,PE,PE,PE,Medium,no_candidate_within_mass_tolerance
A15_52527,PS,PS,PS,Medium,no_candidate_within_mass_tolerance
A15_52662,PC/SM,PC/SM,PC/SM,High,no_accepted_class_rt_model
A15_52682,Terpenoid,Terpenoid,Terpenoid,Medium,no_accepted_class_rt_model
A15_5271,Terpenoid,Terpenoid,Terpenoid,Medium,no_accepted_class_rt_model
A15_52816,PC/SM,PC/SM,PC/SM,Medium,no_accepted_class_rt_model
A15_53105,PC/SM,PC/SM,PC/SM,High,no_accepted_class_rt_model
A15_53144,Ceramide,Cer,Ceramide,Medium,no_candidate_within_mass_tolerance
A15_53146,Terpenoid,Terpenoid,Terpenoid,Medium,no_accepted_class_rt_model
A15_53191,Terpenoid,Terpenoid,Terpenoid,Medium,no_accepted_class_rt_model
A15_53330,PC/SM,PC/SM,PC/SM,Medium,no_accepted_class_rt_model
A15_53357,PC/SM,PC/SM,PC/SM,Medium,no_accepted_class_rt_model
A15_53374,PC/SM,PC/SM,PC/SM,High,no_accepted_class_rt_model
A15_53387,PC/SM,PC/SM,PC/SM,High,no_accepted_class_rt_model
A15_53417,PC/SM,PC/SM,PC/SM,Medium,no_accepted_class_rt_model
A15_53460,Terpenoid,Terpenoid,Terpenoid,Medium,no_accepted_class_rt_model
A15_53539,DGTS,DGTS,DGTS,Medium,no_accepted_class_rt_model
A15_53587,PC/SM,PC/SM,PC/SM,High,no_accepted_class_rt_model
A15_53607,PC/SM,PC/SM,PC/SM,Medium,no_accepted_class_rt_model
A15_5380,Terpenoid,Terpenoid,Terpenoid,Medium,no_accepted_class_rt_model
A15_53811,PC/SM,PC/SM,PC/SM,Medium,no_accepted_class_rt_model
A15_53849,PC/SM,PC/SM,PC/SM,High,no_accepted_class_rt_model
A15_53862,PC/SM,PC/SM,PC/SM,High,no_accepted_class_rt_model
A15_53877,PC/SM,PC/SM,PC/SM,Medium,no_accepted_class_rt_model
A15_53890,Terpenoid,Terpenoid,Terpenoid,Medium,no_accepted_class_rt_model
A15_53957,PC/SM,PC/SM,PC/SM,High,no_accepted_class_rt_model
A15_53994,PC/SM,PC/SM,PC/SM,High,no_accepted_class_rt_model
A15_54190,PC/SM,PC/SM,PC/SM,High,no_accepted_class_rt_model
A15_54199,Terpenoid,Terpenoid,Terpenoid,Low,no_accepted_class_rt_model
A15_54315,Terpenoid,Terpenoid,Terpenoid,Medium,no_accepted_class_rt_model
A15_54713,PC/SM,PC/SM,PC/SM,High,no_accepted_class_rt_model
A15_54721,Terpenoid,Terpenoid,Terpenoid,Medium,no_accepted_class_rt_model
A15_54740,PC/SM,PC/SM,PC/SM,Medium,no_accepted_class_rt_model
A15_55078,PC/SM,PC/SM,PC/SM,High,no_accepted_class_rt_model
A15_55232,Terpenoid,Terpenoid,Terpenoid,Medium,no_accepted_class_rt_model
A15_55447,Terpenoid,Terpenoid,Terpenoid,Medium,no_accepted_class_rt_model
A15_55456,Terpenoid,Terpenoid,Terpenoid,Low,no_accepted_class_rt_model
A15_55468,Terpenoid,Terpenoid,Terpenoid,Low,no_accepted_class_rt_model
A15_55611,PC/SM,PC/SM,PC/SM,Medium,no_accepted_class_rt_model
A15_55647,Terpenoid,Terpenoid,Terpenoid,Medium,no_accepted_class_rt_model
A15_5568,Terpenoid,Terpenoid,Terpenoid,Medium,no_accepted_class_rt_model
A15_55723,PE,PE,PE,High,no_candidate_within_mass_tolerance
A15_55738,PC/SM,PC/SM,PC/SM,High,no_accepted_class_rt_model
A15_55799,Terpenoid,Terpenoid,Terpenoid,Medium,no_accepted_class_rt_model
A15_5580,Terpenoid,Terpenoid,Terpenoid,Medium,no_accepted_class_rt_model
A15_5584,Terpenoid,Terpenoid,Terpenoid,Medium,no_accepted_class_rt_model
A15_55908,PC/SM,PC/SM,PC/SM,High,no_accepted_class_rt_model
A15_56070,PC/SM,PC/SM,PC/SM,High,no_accepted_class_rt_model
A15_5614,Terpenoid,Terpenoid,Terpenoid,Low,no_accepted_class_rt_model
A15_5620,Terpenoid,Terpenoid,Terpenoid,Medium,no_accepted_class_rt_model
A15_56302,PC/SM,PC/SM,PC/SM,Medium,no_accepted_class_rt_model
A15_56468,PC/SM,PC/SM,PC/SM,Medium,no_accepted_class_rt_model
A15_56511,PC/SM,PC/SM,PC/SM,Medium,no_accepted_class_rt_model
A15_56524,Terpenoid,Terpenoid,Terpenoid,Medium,no_accepted_class_rt_model
A15_56536,Terpenoid,Terpenoid,Terpenoid,Low,no_accepted_class_rt_model
A15_56553,Glycolipid,Glycolipid,Glycolipid,Low,no_accepted_class_rt_model
A15_5662,Terpenoid,Terpenoid,Terpenoid,Medium,no_accepted_class_rt_model
A15_56643,PC/SM,PC/SM,PC/SM,High,no_accepted_class_rt_model
A15_56675,PC/SM,PC/SM,PC/SM,High,no_accepted_class_rt_model
A15_56680,PC/SM,PC/SM,PC/SM,Medium,no_accepted_class_rt_model
A15_56984,PC/SM,PC/SM,PC/SM,Medium,no_accepted_class_rt_model
A15_57025,PC/SM,PC/SM,PC/SM,Medium,no_accepted_class_rt_model
A15_57028,PC/SM,PC/SM,PC/SM,Medium,no_accepted_class_rt_model
A15_5708,PC/SM,PC/SM,PC/SM,High,no_accepted_class_rt_model
A15_57142,PC/SM,PC/SM,PC/SM,Medium,no_accepted_class_rt_model
A15_57188,Terpenoid,Terpenoid,Terpenoid,Medium,no_accepted_class_rt_model
A15_57204,Terpenoid,Terpenoid,Terpenoid,Medium,no_accepted_class_rt_model
A15_57280,Terpenoid,Terpenoid,Terpenoid,Medium,no_accepted_class_rt_model
A15_57299,PC/SM,PC/SM,PC/SM,Medium,no_accepted_class_rt_model
A15_5730,Terpenoid,Terpenoid,Terpenoid,Medium,no_accepted_class_rt_model
A15_57339,Ceramide,Cer,Ceramide,Medium,no_candidate_within_mass_tolerance
A15_5755,PC/SM,PC/SM,PC/SM,High,no_accepted_class_rt_model
A15_57590,PC/SM,PC/SM,PC/SM,High,no_accepted_class_rt_model
A15_58012,PC/SM,PC/SM,PC/SM,High,no_accepted_class_rt_model
A15_58246,PC/SM,PC/SM,PC/SM,Medium,no_accepted_class_rt_model
A15_58259,Terpenoid,Terpenoid,Terpenoid,Medium,no_accepted_class_rt_model
A15_5828,PC/SM,PC/SM,PC/SM,High,no_accepted_class_rt_model
A15_58373,PC/SM,PC/SM,PC/SM,Medium,no_accepted_class_rt_model
A15_584,Ceramide,Cer,Ceramide,Medium,no_candidate_within_mass_tolerance
A15_58481,PC/SM,PC/SM,PC/SM,Medium,no_accepted_class_rt_model
A15_58506,Terpenoid,Terpenoid,Terpenoid,Medium,no_accepted_class_rt_model
A15_58548,PC/SM,PC/SM,PC/SM,High,no_accepted_class_rt_model
A15_58623,PC/SM,PC/SM,PC/SM,High,no_accepted_class_rt_model
A15_58686,PC/SM,PC/SM,PC/SM,High,no_accepted_class_rt_model
A15_58800,Terpenoid,Terpenoid,Terpenoid,Medium,no_accepted_class_rt_model
A15_58828,Terpenoid,Terpenoid,Terpenoid,Medium,no_accepted_class_rt_model
A15_58830,Terpenoid,Terpenoid,Terpenoid,Medium,no_accepted_class_rt_model
A15_58870,Terpenoid,Terpenoid,Terpenoid,Medium,no_accepted_class_rt_model
A15_58913,Terpenoid,Terpenoid,Terpenoid,Medium,no_accepted_class_rt_model
A15_58953,PC/SM,PC/SM,PC/SM,Medium,no_accepted_class_rt_model
A15_59061,Terpenoid,Terpenoid,Terpenoid,Low,no_accepted_class_rt_model
A15_59092,Terpenoid,Terpenoid,Terpenoid,Medium,no_accepted_class_rt_model
A15_59116,PC/SM,PC/SM,PC/SM,Medium,no_accepted_class_rt_model
A15_59236,PC/SM,PC/SM,PC/SM,High,no_accepted_class_rt_model
A15_59248,Terpenoid,Terpenoid,Terpenoid,Medium,no_accepted_class_rt_model
A15_59536,Terpenoid,Terpenoid,Terpenoid,Medium,no_accepted_class_rt_model
A15_59570,Terpenoid,Terpenoid,Terpenoid,Medium,no_accepted_class_rt_model
A15_59646,PC/SM,PC/SM,PC/SM,High,no_accepted_class_rt_model
A15_59688,Terpenoid,Terpenoid,Terpenoid,Medium,no_accepted_class_rt_model
A15_59731,PC/SM,PC/SM,PC/SM,High,no_accepted_class_rt_model
A15_59742,PC/SM,PC/SM,PC/SM,High,no_accepted_class_rt_model
A15_59797,Terpenoid,Terpenoid,Terpenoid,Low,no_accepted_class_rt_model
A15_59870,PC/SM,PC/SM,PC/SM,High,no_accepted_class_rt_model
A15_59954,Terpenoid,Terpenoid,Terpenoid,Medium,no_accepted_class_rt_model
A15_60139,PC/SM,PC/SM,PC/SM,High,no_accepted_class_rt_model
A15_60152,Terpenoid,Terpenoid,Terpenoid,Low,no_accepted_class_rt_model
A15_60210,Terpenoid,Terpenoid,Terpenoid,Medium,no_accepted_class_rt_model
A15_60212,Terpenoid,Terpenoid,Terpenoid,Medium,no_accepted_class_rt_model
A15_60364,Terpenoid,Terpenoid,Terpenoid,Medium,no_accepted_class_rt_model
A15_60490,Terpenoid,Terpenoid,Terpenoid,Medium,no_accepted_class_rt_model
A15_60597,Terpenoid,Terpenoid,Terpenoid,Medium,no_accepted_class_rt_model
A15_60663,PC/SM,PC/SM,PC/SM,High,no_accepted_class_rt_model
A15_60879,PC/SM,PC/SM,PC/SM,Medium,no_accepted_class_rt_model
A15_6105,PC/SM,PC/SM,PC/SM,Medium,no_accepted_class_rt_model
A15_61102,Terpenoid,Terpenoid,Terpenoid,Medium,no_accepted_class_rt_model
A15_61116,Ubiquinone,Ubiquinone,Ubiquinone,Medium,no_accepted_class_rt_model
A15_61259,Terpenoid,Terpenoid,Terpenoid,Medium,no_accepted_class_rt_model
A15_61262,Terpenoid,Terpenoid,Terpenoid,Low,no_accepted_class_rt_model
A15_61412,PC/SM,PC/SM,PC/SM,Medium,no_accepted_class_rt_model
A15_61480,Terpenoid,Terpenoid,Terpenoid,Low,no_accepted_class_rt_model
A15_61518,Terpenoid,Terpenoid,Terpenoid,Medium,no_accepted_class_rt_model
A15_61537,PC/SM,PC/SM,PC/SM,High,no_accepted_class_rt_model
A15_61680,PC/SM,PC/SM,PC/SM,High,no_accepted_class_rt_model
A15_61892,PC/SM,PC/SM,PC/SM,High,no_accepted_class_rt_model
A15_61893,Glycolipid,Glycolipid,Glycolipid,Low,no_accepted_class_rt_model
A15_61948,Terpenoid,Terpenoid,Terpenoid,Medium,no_accepted_class_rt_model
A15_61975,PC/SM,PC/SM,PC/SM,Medium,no_accepted_class_rt_model
A15_62044,PC/SM,PC/SM,PC/SM,High,no_accepted_class_rt_model
A15_62062,PC/SM,PC/SM,PC/SM,Medium,no_accepted_class_rt_model
A15_62108,Terpenoid,Terpenoid,Terpenoid,Medium,no_accepted_class_rt_model
A15_62177,Terpenoid,Terpenoid,Terpenoid,Low,no_accepted_class_rt_model
A15_62179,Terpenoid,Terpenoid,Terpenoid,Low,no_accepted_class_rt_model
A15_62244,PC/SM,PC/SM,PC/SM,Medium,no_accepted_class_rt_model
A15_623,Terpenoid,Terpenoid,Terpenoid,Medium,no_accepted_class_rt_model
A15_62337,SM,SM,SM,High,no_accepted_class_rt_model
A15_62532,Terpenoid,Terpenoid,Terpenoid,Medium,no_accepted_class_rt_model
A15_62882,Ceramide,Cer,Ceramide,Medium,no_candidate_within_mass_tolerance
A15_62888,PE,PE,PE,High,no_candidate_within_mass_tolerance
A15_62949,Terpenoid,Terpenoid,Terpenoid,Medium,no_accepted_class_rt_model
A15_62972,Terpenoid,Terpenoid,Terpenoid,Medium,no_accepted_class_rt_model
A15_62989,Terpenoid,Terpenoid,Terpenoid,Medium,no_accepted_class_rt_model
A15_63088,PC/SM,PC/SM,PC/SM,Medium,no_accepted_class_rt_model
A15_63160,PC/SM,PC/SM,PC/SM,High,no_accepted_class_rt_model
A15_63243,PC/SM,PC/SM,PC/SM,Medium,no_accepted_class_rt_model
A15_63288,Terpenoid,Terpenoid,Terpenoid,Low,no_accepted_class_rt_model
A15_63317,PC/SM,PC/SM,PC/SM,High,no_accepted_class_rt_model
A15_63602,PC/SM,PC/SM,PC/SM,High,no_accepted_class_rt_model
A15_6374,DGTS,DGTS,DGTS,Medium,no_accepted_class_rt_model
A15_63928,PC/SM,PC/SM,PC/SM,High,no_accepted_class_rt_model
A15_63977,Terpenoid,Terpenoid,Terpenoid,Medium,no_accepted_class_rt_model
A15_64054,Terpenoid,Terpenoid,Terpenoid,Low,no_accepted_class_rt_model
A15_64562,PC/SM,PC/SM,PC/SM,High,no_accepted_class_rt_model
A15_6460,Terpenoid,Terpenoid,Terpenoid,Medium,no_accepted_class_rt_model
A15_64770,PC/SM,PC/SM,PC/SM,Medium,no_accepted_class_rt_model
A15_64957,PC/SM,PC/SM,PC/SM,High,no_accepted_class_rt_model
A15_64979,PC/SM,PC/SM,PC/SM,High,no_accepted_class_rt_model
A15_64985,PC/SM,PC/SM,PC/SM,High,no_accepted_class_rt_model
A15_64987,PC/SM,PC/SM,PC/SM,High,no_accepted_class_rt_model
A15_65013,PC/SM,PC/SM,PC/SM,High,no_accepted_class_rt_model
A15_6503,Ceramide,Cer,Ceramide,Medium,no_candidate_within_mass_tolerance
A15_65089,PC/SM,PC/SM,PC/SM,Medium,no_accepted_class_rt_model
A15_65135,PC/SM,PC/SM,PC/SM,Medium,no_accepted_class_rt_model
A15_65136,PC/SM,PC/SM,PC/SM,High,no_accepted_class_rt_model
A15_65160,PC/SM,PC/SM,PC/SM,Medium,no_accepted_class_rt_model
A15_65222,PC/SM,PC/SM,PC/SM,Medium,no_accepted_class_rt_model
A15_65245,PC/SM,PC/SM,PC/SM,High,no_accepted_class_rt_model
A15_65377,PC/SM,PC/SM,PC/SM,High,no_accepted_class_rt_model
A15_65386,PC/SM,PC/SM,PC/SM,Medium,no_accepted_class_rt_model
A15_654,Terpenoid,Terpenoid,Terpenoid,Medium,no_accepted_class_rt_model
A15_65446,PC/SM,PC/SM,PC/SM,High,no_accepted_class_rt_model
A15_65546,PC/SM,PC/SM,PC/SM,High,no_accepted_class_rt_model
A15_65568,Terpenoid,Terpenoid,Terpenoid,Medium,no_accepted_class_rt_model
A15_65594,PC/SM,PC/SM,PC/SM,Medium,no_accepted_class_rt_model
A15_6578,Hopanoid,Hopanoid,Hopanoid,Low,no_accepted_class_rt_model
A15_65876,PC/SM,PC/SM,PC/SM,High,no_accepted_class_rt_model
A15_66195,PE,PE,PE,Medium,no_candidate_within_mass_tolerance
A15_66196,PC/SM,PC/SM,PC/SM,High,no_accepted_class_rt_model
A15_66218,Terpenoid,Terpenoid,Terpenoid,Medium,no_accepted_class_rt_model
A15_66230,PC/SM,PC/SM,PC/SM,Medium,no_accepted_class_rt_model
A15_66263,PC/SM,PC/SM,PC/SM,High,no_accepted_class_rt_model
A15_66315,PC/SM,PC/SM,PC/SM,Medium,no_accepted_class_rt_model
A15_66396,Terpenoid,Terpenoid,Terpenoid,Medium,no_accepted_class_rt_model
A15_66550,PC/SM,PC/SM,PC/SM,Medium,no_accepted_class_rt_model
A15_66664,PC/SM,PC/SM,PC/SM,High,no_accepted_class_rt_model
A15_66786,Ceramide,Cer,Ceramide,Medium,no_candidate_within_mass_tolerance
A15_66882,PC/SM,PC/SM,PC/SM,Medium,no_accepted_class_rt_model
A15_66913,PC/SM,PC/SM,PC/SM,High,no_accepted_class_rt_model
A15_66939,PC/SM,PC/SM,PC/SM,Medium,no_accepted_class_rt_model
A15_66959,PC/SM,PC/SM,PC/SM,High,no_accepted_class_rt_model
A15_6697,Ceramide,Cer,Ceramide,Medium,no_candidate_within_mass_tolerance
A15_67051,PC/SM,PC/SM,PC/SM,High,no_accepted_class_rt_model
A15_67126,PC/SM,PC/SM,PC/SM,High,no_accepted_class_rt_model
A15_67129,Terpenoid,Terpenoid,Terpenoid,Medium,no_accepted_class_rt_model
A15_6715,PC/SM,PC/SM,PC/SM,High,no_accepted_class_rt_model
A15_67224,PC/SM,PC/SM,PC/SM,High,no_accepted_class_rt_model
A15_67318,Terpenoid,Terpenoid,Terpenoid,Medium,no_accepted_class_rt_model
A15_67526,PE,PE,PE,High,no_candidate_within_mass_tolerance
A15_67573,PC/SM,PC/SM,PC/SM,High,no_accepted_class_rt_model
A15_67585,PC/SM,PC/SM,PC/SM,High,no_accepted_class_rt_model
A15_67791,PC/SM,PC/SM,PC/SM,Medium,no_accepted_class_rt_model
A15_67816,PC/SM,PC/SM,PC/SM,High,no_accepted_class_rt_model
A15_67825,PC/SM,PC/SM,PC/SM,High,no_accepted_class_rt_model
A15_67836,Terpenoid,Terpenoid,Terpenoid,Medium,no_accepted_class_rt_model
A15_67871,PC/SM,PC/SM,PC/SM,High,no_accepted_class_rt_model
A15_68009,Terpenoid,Terpenoid,Terpenoid,Medium,no_accepted_class_rt_model
A15_68028,PC/SM,PC/SM,PC/SM,High,no_accepted_class_rt_model
A15_68168,PC/SM,PC/SM,PC/SM,Medium,no_accepted_class_rt_model
A15_68271,PC/SM,PC/SM,PC/SM,High,no_accepted_class_rt_model
A15_68378,PC/SM,PC/SM,PC/SM,Medium,no_accepted_class_rt_model
A15_68388,Terpenoid,Terpenoid,Terpenoid,Medium,no_accepted_class_rt_model
A15_68459,PC/SM,PC/SM,PC/SM,High,no_accepted_class_rt_model
A15_68727,PC/SM,PC/SM,PC/SM,High,no_accepted_class_rt_model
A15_68839,PC/SM,PC/SM,PC/SM,Medium,no_accepted_class_rt_model
A15_68929,PC/SM,PC/SM,PC/SM,High,no_accepted_class_rt_model
A15_69025,PC/SM,PC/SM,PC/SM,High,no_accepted_class_rt_model
A15_69056,PC/SM,PC/SM,PC/SM,High,no_accepted_class_rt_model
A15_6912,Ceramide,Cer,Ceramide,Medium,no_candidate_within_mass_tolerance
A15_69141,PC/SM,PC/SM,PC/SM,Medium,no_accepted_class_rt_model
A15_69170,PC/SM,PC/SM,PC/SM,High,no_accepted_class_rt_model
A15_69244,PC/SM,PC/SM,PC/SM,High,no_accepted_class_rt_model
A15_69337,PC/SM,PC/SM,PC/SM,High,no_accepted_class_rt_model
A15_69352,PC/SM,PC/SM,PC/SM,High,no_accepted_class_rt_model
A15_69355,Glycolipid,Glycolipid,Glycolipid,Low,no_accepted_class_rt_model
A15_69677,PC/SM,PC/SM,PC/SM,High,no_accepted_class_rt_model
A15_69698,PC/SM,PC/SM,PC/SM,High,no_accepted_class_rt_model
A15_69736,PC/SM,PC/SM,PC/SM,High,no_accepted_class_rt_model
A15_69817,PC/SM,PC/SM,PC/SM,High,no_accepted_class_rt_model
A15_70122,PC/SM,PC/SM,PC/SM,High,no_accepted_class_rt_model
A15_7014,Terpenoid,Terpenoid,Terpenoid,Low,no_accepted_class_rt_model
A15_7021,Terpenoid,Terpenoid,Terpenoid,Medium,no_accepted_class_rt_model
A15_70402,Terpenoid,Terpenoid,Terpenoid,Medium,no_accepted_class_rt_model
A15_70453,PC/SM,PC/SM,PC/SM,High,no_accepted_class_rt_model
A15_70459,Terpenoid,Terpenoid,Terpenoid,Medium,no_accepted_class_rt_model
A15_70474,PC/SM,PC/SM,PC/SM,High,no_accepted_class_rt_model
A15_70489,PC/SM,PC/SM,PC/SM,High,no_accepted_class_rt_model
A15_7053,Terpenoid,Terpenoid,Terpenoid,Medium,no_accepted_class_rt_model
A15_70636,Terpenoid,Terpenoid,Terpenoid,Medium,no_accepted_class_rt_model
A15_70646,PC/SM,PC/SM,PC/SM,High,no_accepted_class_rt_model
A15_70659,Terpenoid,Terpenoid,Terpenoid,Low,no_accepted_class_rt_model
A15_7067,Terpenoid,Terpenoid,Terpenoid,Medium,no_accepted_class_rt_model
A15_70825,Terpenoid,Terpenoid,Terpenoid,Low,no_accepted_class_rt_model
A15_70919,PC/SM,PC/SM,PC/SM,Medium,no_accepted_class_rt_model
A15_71216,PC/SM,PC/SM,PC/SM,High,no_accepted_class_rt_model
A15_71289,Terpenoid,Terpenoid,Terpenoid,Medium,no_accepted_class_rt_model
A15_71378,PC/SM,PC/SM,PC/SM,High,no_accepted_class_rt_model
A15_7144,Terpenoid,Terpenoid,Terpenoid,Low,no_accepted_class_rt_model
A15_71446,Terpenoid,Terpenoid,Terpenoid,Low,no_accepted_class_rt_model
A15_71470,PC/SM,PC/SM,PC/SM,High,no_accepted_class_rt_model
A15_71668,Terpenoid,Terpenoid,Terpenoid,Low,no_accepted_class_rt_model
A15_7169,Terpenoid,Terpenoid,Terpenoid,Medium,no_accepted_class_rt_model
A15_71749,PC/SM,PC/SM,PC/SM,Medium,no_accepted_class_rt_model
A15_71763,PC/SM,PC/SM,PC/SM,High,no_accepted_class_rt_model
A15_71807,PC/SM,PC/SM,PC/SM,Medium,no_accepted_class_rt_model
A15_71886,Terpenoid,Terpenoid,Terpenoid,Medium,no_accepted_class_rt_model
A15_71889,Terpenoid,Terpenoid,Terpenoid,Medium,no_accepted_class_rt_model
A15_71898,PC/SM,PC/SM,PC/SM,Medium,no_accepted_class_rt_model
A15_7197,Terpenoid,Terpenoid,Terpenoid,Medium,no_accepted_class_rt_model
A15_71993,PC/SM,PC/SM,PC/SM,High,no_accepted_class_rt_model
A15_72016,PC/SM,PC/SM,PC/SM,Medium,no_accepted_class_rt_model
A15_72185,PC/SM,PC/SM,PC/SM,High,no_accepted_class_rt_model
A15_72294,PC/SM,PC/SM,PC/SM,Medium,no_accepted_class_rt_model
A15_72325,PC/SM,PC/SM,PC/SM,Medium,no_accepted_class_rt_model
A15_72378,Terpenoid,Terpenoid,Terpenoid,Medium,no_accepted_class_rt_model
A15_72381,PC/SM,PC/SM,PC/SM,High,no_accepted_class_rt_model
A15_72415,PC/SM,PC/SM,PC/SM,High,no_accepted_class_rt_model
A15_72435,PC/SM,PC/SM,PC/SM,High,no_accepted_class_rt_model
A15_7252,PS,PS,PS,Medium,no_candidate_within_mass_tolerance
A15_72537,PC/SM,PC/SM,PC/SM,High,no_accepted_class_rt_model
A15_72591,PC/SM,PC/SM,PC/SM,Medium,no_accepted_class_rt_model
A15_72750,PC/SM,PC/SM,PC/SM,Medium,no_accepted_class_rt_model
A15_72800,PC/SM,PC/SM,PC/SM,Medium,no_accepted_class_rt_model
A15_7281,Glycolipid,Glycolipid,Glycolipid,Low,no_accepted_class_rt_model
A15_73205,PC/SM,PC/SM,PC/SM,High,no_accepted_class_rt_model
A15_73242,Terpenoid,Terpenoid,Terpenoid,Medium,no_accepted_class_rt_model
A15_7335,PC/SM,PC/SM,PC/SM,Medium,no_accepted_class_rt_model
A15_73434,PC/SM,PC/SM,PC/SM,High,no_accepted_class_rt_model
A15_73518,PC/SM,PC/SM,PC/SM,High,no_accepted_class_rt_model
A15_7370,Ceramide,Cer,Ceramide,Medium,no_candidate_within_mass_tolerance
A15_73760,PC/SM,PC/SM,PC/SM,Medium,no_accepted_class_rt_model
A15_73951,PC/SM,PC/SM,PC/SM,High,no_accepted_class_rt_model
A15_74091,PC/SM,PC/SM,PC/SM,Medium,no_accepted_class_rt_model
A15_74171,PC/SM,PC/SM,PC/SM,Medium,no_accepted_class_rt_model
A15_7443,Terpenoid,Terpenoid,Terpenoid,Medium,no_accepted_class_rt_model
A15_74503,SM,SM,SM,High,no_accepted_class_rt_model
A15_74506,DGTS,DGTS,DGTS,Medium,no_accepted_class_rt_model
A15_74646,Terpenoid,Terpenoid,Terpenoid,Low,no_accepted_class_rt_model
A15_74703,PC/SM,PC/SM,PC/SM,High,no_accepted_class_rt_model
A15_74739,PC/SM,PC/SM,PC/SM,High,no_accepted_class_rt_model
A15_7474,PC/SM,PC/SM,PC/SM,Medium,no_accepted_class_rt_model
A15_74791,PE,PE,PE,Medium,no_candidate_within_mass_tolerance
A15_74824,Terpenoid,Terpenoid,Terpenoid,Medium,no_accepted_class_rt_model
A15_74890,PS,PS,PS,Medium,no_candidate_within_mass_tolerance
A15_74916,Terpenoid,Terpenoid,Terpenoid,Low,no_accepted_class_rt_model
A15_74955,PC/SM,PC/SM,PC/SM,High,no_accepted_class_rt_model
A15_75055,Terpenoid,Terpenoid,Terpenoid,Medium,no_accepted_class_rt_model
A15_75097,Terpenoid,Terpenoid,Terpenoid,Medium,no_accepted_class_rt_model
A15_75230,PC/SM,PC/SM,PC/SM,High,no_accepted_class_rt_model
A15_75336,PC/SM,PC/SM,PC/SM,Medium,no_accepted_class_rt_model
A15_75342,PC/SM,PC/SM,PC/SM,High,no_accepted_class_rt_model
A15_75383,PC/SM,PC/SM,PC/SM,Medium,no_accepted_class_rt_model
A15_7539,PC/SM,PC/SM,PC/SM,High,no_accepted_class_rt_model
A15_75548,Glycolipid,Glycolipid,Glycolipid,Low,no_accepted_class_rt_model
A15_7560,Terpenoid,Terpenoid,Terpenoid,Low,no_accepted_class_rt_model
A15_75623,PC/SM,PC/SM,PC/SM,High,no_accepted_class_rt_model
A15_75664,PC/SM,PC/SM,PC/SM,High,no_accepted_class_rt_model
A15_7568,Ceramide,Cer,Ceramide,Medium,no_candidate_within_mass_tolerance
A15_75714,PC/SM,PC/SM,PC/SM,Medium,no_accepted_class_rt_model
A15_75756,PC/SM,PC/SM,PC/SM,High,no_accepted_class_rt_model
A15_75896,PC/SM,PC/SM,PC/SM,High,no_accepted_class_rt_model
A15_75901,PC/SM,PC/SM,PC/SM,Medium,no_accepted_class_rt_model
A15_75939,PC/SM,PC/SM,PC/SM,Medium,no_accepted_class_rt_model
A15_75977,PC/SM,PC/SM,PC/SM,High,no_accepted_class_rt_model
A15_75996,PC/SM,PC/SM,PC/SM,High,no_accepted_class_rt_model
A15_76145,PC/SM,PC/SM,PC/SM,High,no_accepted_class_rt_model
A15_76210,PC/SM,PC/SM,PC/SM,High,no_accepted_class_rt_model
A15_76534,PC/SM,PC/SM,PC/SM,Medium,no_accepted_class_rt_model
A15_76634,PC/SM,PC/SM,PC/SM,High,no_accepted_class_rt_model
A15_76724,PC/SM,PC/SM,PC/SM,Medium,no_accepted_class_rt_model
A15_76756,PC/SM,PC/SM,PC/SM,High,no_accepted_class_rt_model
A15_76781,Terpenoid,Terpenoid,Terpenoid,Medium,no_accepted_class_rt_model
A15_76811,PC/SM,PC/SM,PC/SM,High,no_accepted_class_rt_model
A15_77051,PC/SM,PC/SM,PC/SM,High,no_accepted_class_rt_model
A15_77121,PC/SM,PC/SM,PC/SM,High,no_accepted_class_rt_model
A15_77146,PC/SM,PC/SM,PC/SM,High,no_accepted_class_rt_model
A15_77277,PC/SM,PC/SM,PC/SM,Medium,no_accepted_class_rt_model
A15_77338,Terpenoid,Terpenoid,Terpenoid,Medium,no_accepted_class_rt_model
A15_77345,PC/SM,PC/SM,PC/SM,Medium,no_accepted_class_rt_model
A15_7737,DGTS,DGTS,DGTS,Medium,no_accepted_class_rt_model
A15_77384,Terpenoid,Terpenoid,Terpenoid,Medium,no_accepted_class_rt_model
A15_77423,PC/SM,PC/SM,PC/SM,Medium,no_accepted_class_rt_model
A15_77465,PC/SM,PC/SM,PC/SM,High,no_accepted_class_rt_model
A15_77487,Terpenoid,Terpenoid,Terpenoid,Low,no_accepted_class_rt_model
A15_77721,PC/SM,PC/SM,PC/SM,High,no_accepted_class_rt_model
A15_77770,PC/SM,PC/SM,PC/SM,Medium,no_accepted_class_rt_model
A15_77899,PC/SM,PC/SM,PC/SM,High,no_accepted_class_rt_model
A15_77940,Terpenoid,Terpenoid,Terpenoid,Medium,no_accepted_class_rt_model
A15_77954,Terpenoid,Terpenoid,Terpenoid,Medium,no_accepted_class_rt_model
A15_7798,Terpenoid,Terpenoid,Terpenoid,Medium,no_accepted_class_rt_model
A15_78017,PC/SM,PC/SM,PC/SM,High,no_accepted_class_rt_model
A15_78056,Terpenoid,Terpenoid,Terpenoid,Medium,no_accepted_class_rt_model
A15_78092,PC/SM,PC/SM,PC/SM,High,no_accepted_class_rt_model
A15_78124,Terpenoid,Terpenoid,Terpenoid,Low,no_accepted_class_rt_model
A15_78353,PC/SM,PC/SM,PC/SM,Medium,no_accepted_class_rt_model
A15_78475,SM,SM,SM,High,no_accepted_class_rt_model
A15_78592,Ubiquinone,Ubiquinone,Ubiquinone,Medium,no_accepted_class_rt_model
A15_78748,Terpenoid,Terpenoid,Terpenoid,Medium,no_accepted_class_rt_model
A15_78869,PC/SM,PC/SM,PC/SM,Medium,no_accepted_class_rt_model
A15_79002,PC/SM,PC/SM,PC/SM,Medium,no_accepted_class_rt_model
A15_79022,PC/SM,PC/SM,PC/SM,High,no_accepted_class_rt_model
A15_79087,Terpenoid,Terpenoid,Terpenoid,Medium,no_accepted_class_rt_model
A15_79115,PC/SM,PC/SM,PC/SM,Medium,no_accepted_class_rt_model
A15_79124,Terpenoid,Terpenoid,Terpenoid,Medium,no_accepted_class_rt_model
A15_79126,PS,PS,PS,Medium,no_candidate_within_mass_tolerance
A15_79188,PC/SM,PC/SM,PC/SM,High,no_accepted_class_rt_model
A15_79311,PC/SM,PC/SM,PC/SM,Medium,no_accepted_class_rt_model
A15_79437,PC/SM,PC/SM,PC/SM,High,no_accepted_class_rt_model
A15_79628,PC/SM,PC/SM,PC/SM,High,no_accepted_class_rt_model
A15_79727,PC/SM,PC/SM,PC/SM,High,no_accepted_class_rt_model
A15_79809,Terpenoid,Terpenoid,Terpenoid,Medium,no_accepted_class_rt_model
A15_80172,PC/SM,PC/SM,PC/SM,High,no_accepted_class_rt_model
A15_80193,DGTS,DGTS,DGTS,Medium,no_accepted_class_rt_model
A15_80195,Terpenoid,Terpenoid,Terpenoid,Medium,no_accepted_class_rt_model
A15_80202,PC/SM,PC/SM,PC/SM,Medium,no_accepted_class_rt_model
A15_80312,Terpenoid,Terpenoid,Terpenoid,Medium,no_accepted_class_rt_model
A15_80469,PC/SM,PC/SM,PC/SM,Medium,no_accepted_class_rt_model
A15_80603,PC/SM,PC/SM,PC/SM,High,no_accepted_class_rt_model
A15_80614,PC/SM,PC/SM,PC/SM,High,no_accepted_class_rt_model
A15_8070,Terpenoid,Terpenoid,Terpenoid,Low,no_accepted_class_rt_model
A15_80729,PC/SM,PC/SM,PC/SM,High,no_accepted_class_rt_model
A15_80761,Terpenoid,Terpenoid,Terpenoid,Low,no_accepted_class_rt_model
A15_80789,PC/SM,PC/SM,PC/SM,High,no_accepted_class_rt_model
A15_80974,Terpenoid,Terpenoid,Terpenoid,Medium,no_accepted_class_rt_model
A15_81028,SM,SM,SM,High,no_accepted_class_rt_model
A15_81033,PC/SM,PC/SM,PC/SM,High,no_accepted_class_rt_model
A15_81215,SM,SM,SM,High,no_accepted_class_rt_model
A15_81222,PC/SM,PC/SM,PC/SM,High,no_accepted_class_rt_model
A15_81322,PC/SM,PC/SM,PC/SM,High,no_accepted_class_rt_model
A15_81354,PC/SM,PC/SM,PC/SM,Medium,no_accepted_class_rt_model
A15_81407,Terpenoid,Terpenoid,Terpenoid,Medium,no_accepted_class_rt_model
A15_81421,PC/SM,PC/SM,PC/SM,Medium,no_accepted_class_rt_model
A15_81735,Terpenoid,Terpenoid,Terpenoid,Medium,no_accepted_class_rt_model
A15_81740,Terpenoid,Terpenoid,Terpenoid,Medium,no_accepted_class_rt_model
A15_81991,Terpenoid,Terpenoid,Terpenoid,Low,no_accepted_class_rt_model
A15_82224,PC/SM,PC/SM,PC/SM,High,no_accepted_class_rt_model
A15_82264,PC/SM,PC/SM,PC/SM,Medium,no_accepted_class_rt_model
A15_82266,Terpenoid,Terpenoid,Terpenoid,Medium,no_accepted_class_rt_model
A15_82447,PE,PE,PE,High,no_candidate_within_mass_tolerance
A15_82519,PC/SM,PC/SM,PC/SM,High,no_accepted_class_rt_model
A15_82629,PC/SM,PC/SM,PC/SM,Medium,no_accepted_class_rt_model
A15_82637,PC/SM,PC/SM,PC/SM,High,no_accepted_class_rt_model
A15_82734,PC/SM,PC/SM,PC/SM,Medium,no_accepted_class_rt_model
A15_82774,Terpenoid,Terpenoid,Terpenoid,Low,no_accepted_class_rt_model
A15_82801,Terpenoid,Terpenoid,Terpenoid,Medium,no_accepted_class_rt_model
A15_82858,Terpenoid,Terpenoid,Terpenoid,Medium,no_accepted_class_rt_model
A15_82886,Terpenoid,Terpenoid,Terpenoid,Medium,no_accepted_class_rt_model
A15_82909,Terpenoid,Terpenoid,Terpenoid,Medium,no_accepted_class_rt_model
A15_83017,Terpenoid,Terpenoid,Terpenoid,Medium,no_accepted_class_rt_model
A15_83076,PC/SM,PC/SM,PC/SM,High,no_accepted_class_rt_model
A15_83191,PC/SM,PC/SM,PC/SM,Medium,no_accepted_class_rt_model
A15_83192,PC/SM,PC/SM,PC/SM,Medium,no_accepted_class_rt_model
A15_83214,PC/SM,PC/SM,PC/SM,High,no_accepted_class_rt_model
A15_83290,PC/SM,PC/SM,PC/SM,High,no_accepted_class_rt_model
A15_83306,Terpenoid,Terpenoid,Terpenoid,Medium,no_accepted_class_rt_model
A15_83647,PC/SM,PC/SM,PC/SM,Medium,no_accepted_class_rt_model
A15_83759,PC/SM,PC/SM,PC/SM,High,no_accepted_class_rt_model
A15_83897,PC/SM,PC/SM,PC/SM,Medium,no_accepted_class_rt_model
A15_83900,PC/SM,PC/SM,PC/SM,High,no_accepted_class_rt_model
A15_83986,PC/SM,PC/SM,PC/SM,High,no_accepted_class_rt_model
A15_84037,PC/SM,PC/SM,PC/SM,Medium,no_accepted_class_rt_model
A15_8421,Terpenoid,Terpenoid,Terpenoid,Medium,no_accepted_class_rt_model
A15_84273,PC/SM,PC/SM,PC/SM,Medium,no_accepted_class_rt_model
A15_8445,PC/SM,PC/SM,PC/SM,High,no_accepted_class_rt_model
A15_84462,Terpenoid,Terpenoid,Terpenoid,Medium,no_accepted_class_rt_model
A15_84490,PC/SM,PC/SM,PC/SM,Medium,no_accepted_class_rt_model
A15_84583,Terpenoid,Terpenoid,Terpenoid,Medium,no_accepted_class_rt_model
A15_84587,PE,PE,PE,High,no_candidate_within_mass_tolerance
A15_84690,Terpenoid,Terpenoid,Terpenoid,Medium,no_accepted_class_rt_model
A15_84768,Terpenoid,Terpenoid,Terpenoid,Low,no_accepted_class_rt_model
A15_84769,PC/SM,PC/SM,PC/SM,High,no_accepted_class_rt_model
A15_84777,PC/SM,PC/SM,PC/SM,Medium,no_accepted_class_rt_model
A15_85045,Terpenoid,Terpenoid,Terpenoid,Medium,no_accepted_class_rt_model
A15_85129,PE,PE,PE,High,no_candidate_within_mass_tolerance
A15_85175,Terpenoid,Terpenoid,Terpenoid,Low,no_accepted_class_rt_model
A15_85215,Glycolipid,Glycolipid,Glycolipid,Low,no_accepted_class_rt_model
A15_85305,PC/SM,PC/SM,PC/SM,High,no_accepted_class_rt_model
A15_85701,PC/SM,PC/SM,PC/SM,Medium,no_accepted_class_rt_model
A15_85741,PC/SM,PC/SM,PC/SM,High,no_accepted_class_rt_model
A15_85751,PC/SM,PC/SM,PC/SM,High,no_accepted_class_rt_model
A15_85789,PC/SM,PC/SM,PC/SM,Medium,no_accepted_class_rt_model
A15_85800,PC/SM,PC/SM,PC/SM,High,no_accepted_class_rt_model
A15_8581,Terpenoid,Terpenoid,Terpenoid,Low,no_accepted_class_rt_model
A15_85869,PC/SM,PC/SM,PC/SM,Medium,no_accepted_class_rt_model
A15_85888,PC/SM,PC/SM,PC/SM,High,no_accepted_class_rt_model
A15_85919,Ubiquinone,Ubiquinone,Ubiquinone,Medium,no_accepted_class_rt_model
A15_86075,Terpenoid,Terpenoid,Terpenoid,Medium,no_accepted_class_rt_model
A15_86264,Sterol,Sterol,Sterol,Medium,no_accepted_class_rt_model
A15_86297,PC/SM,PC/SM,PC/SM,High,no_accepted_class_rt_model
A15_8634,Terpenoid,Terpenoid,Terpenoid,Medium,no_accepted_class_rt_model
A15_86447,PC/SM,PC/SM,PC/SM,High,no_accepted_class_rt_model
A15_86455,PC/SM,PC/SM,PC/SM,Medium,no_accepted_class_rt_model
A15_86511,PC/SM,PC/SM,PC/SM,Medium,no_accepted_class_rt_model
A15_86649,PC/SM,PC/SM,PC/SM,High,no_accepted_class_rt_model
A15_86666,Terpenoid,Terpenoid,Terpenoid,Medium,no_accepted_class_rt_model
A15_86680,Terpenoid,Terpenoid,Terpenoid,Medium,no_accepted_class_rt_model
A15_86699,DGTS,DGTS,DGTS,Medium,no_accepted_class_rt_model
A15_86981,PC/SM,PC/SM,PC/SM,Medium,no_accepted_class_rt_model
A15_87056,PC/SM,PC/SM,PC/SM,High,no_accepted_class_rt_model
A15_87120,PC/SM,PC/SM,PC/SM,High,no_accepted_class_rt_model
A15_8716,Hopanoid,Hopanoid,Hopanoid,Low,no_accepted_class_rt_model
A15_87187,Terpenoid,Terpenoid,Terpenoid,Medium,no_accepted_class_rt_model
A15_87250,PC/SM,PC/SM,PC/SM,High,no_accepted_class_rt_model
A15_87302,PC/SM,PC/SM,PC/SM,High,no_accepted_class_rt_model
A15_87314,PC/SM,PC/SM,PC/SM,High,no_accepted_class_rt_model
A15_87575,PC/SM,PC/SM,PC/SM,High,no_accepted_class_rt_model
A15_87642,Terpenoid,Terpenoid,Terpenoid,Low,no_accepted_class_rt_model
A15_87768,PC/SM,PC/SM,PC/SM,High,no_accepted_class_rt_model
A15_87849,PC/SM,PC/SM,PC/SM,High,no_accepted_class_rt_model
A15_87920,PC/SM,PC/SM,PC/SM,Medium,no_accepted_class_rt_model
A15_87930,Terpenoid,Terpenoid,Terpenoid,Medium,no_accepted_class_rt_model
A15_88092,PC/SM,PC/SM,PC/SM,High,no_accepted_class_rt_model
A15_88210,PC/SM,PC/SM,PC/SM,High,no_accepted_class_rt_model
A15_88408,PC/SM,PC/SM,PC/SM,High,no_accepted_class_rt_model
A15_88443,PC/SM,PC/SM,PC/SM,Medium,no_accepted_class_rt_model
A15_88551,PC/SM,PC/SM,PC/SM,High,no_accepted_class_rt_model
A15_88852,Terpenoid,Terpenoid,Terpenoid,Medium,no_accepted_class_rt_model
A15_8888,Terpenoid,Terpenoid,Terpenoid,Medium,no_accepted_class_rt_model
A15_88888,PC/SM,PC/SM,PC/SM,Medium,no_accepted_class_rt_model
A15_88889,Terpenoid,Terpenoid,Terpenoid,Medium,no_accepted_class_rt_model
A15_88987,PC/SM,PC/SM,PC/SM,High,no_accepted_class_rt_model
A15_89009,Terpenoid,Terpenoid,Terpenoid,Medium,no_accepted_class_rt_model
A15_89143,PC/SM,PC/SM,PC/SM,High,no_accepted_class_rt_model
A15_89151,PC/SM,PC/SM,PC/SM,High,no_accepted_class_rt_model
A15_89156,PC/SM,PC/SM,PC/SM,High,no_accepted_class_rt_model
A15_89178,Terpenoid,Terpenoid,Terpenoid,Medium,no_accepted_class_rt_model
A15_89530,Terpenoid,Terpenoid,Terpenoid,Low,no_accepted_class_rt_model
A15_89591,PC/SM,PC/SM,PC/SM,High,no_accepted_class_rt_model
A15_89614,PC/SM,PC/SM,PC/SM,Medium,no_accepted_class_rt_model
A15_89783,Terpenoid,Terpenoid,Terpenoid,Low,no_accepted_class_rt_model
A15_89968,PC/SM,PC/SM,PC/SM,Medium,no_accepted_class_rt_model
A15_90184,PC/SM,PC/SM,PC/SM,High,no_accepted_class_rt_model
A15_90495,PC/SM,PC/SM,PC/SM,Medium,no_accepted_class_rt_model
A15_90502,PS,PS,PS,Medium,no_candidate_within_mass_tolerance
A15_90658,PC/SM,PC/SM,PC/SM,High,no_accepted_class_rt_model
A15_90665,PC/SM,PC/SM,PC/SM,High,no_accepted_class_rt_model
A15_90686,Ubiquinone,Ubiquinone,Ubiquinone,Medium,no_accepted_class_rt_model
A15_90962,Terpenoid,Terpenoid,Terpenoid,Medium,no_accepted_class_rt_model
A15_90972,Terpenoid,Terpenoid,Terpenoid,Medium,no_accepted_class_rt_model
A15_91110,PC/SM,PC/SM,PC/SM,High,no_accepted_class_rt_model
A15_91120,Terpenoid,Terpenoid,Terpenoid,Medium,no_accepted_class_rt_model
A15_91233,Hopanoid,Hopanoid,Hopanoid,Low,no_accepted_class_rt_model
A15_91289,PC/SM,PC/SM,PC/SM,Medium,no_accepted_class_rt_model
A15_91376,PC/SM,PC/SM,PC/SM,High,no_accepted_class_rt_model
A15_91474,Terpenoid,Terpenoid,Terpenoid,Medium,no_accepted_class_rt_model
A15_91524,Glycolipid,Glycolipid,Glycolipid,Low,no_accepted_class_rt_model
A15_91636,PC/SM,PC/SM,PC/SM,High,no_accepted_class_rt_model
A15_91669,PC/SM,PC/SM,PC/SM,Medium,no_accepted_class_rt_model
A15_91702,Hopanoid,Hopanoid,Hopanoid,Low,no_accepted_class_rt_model
A15_91809,Terpenoid,Terpenoid,Terpenoid,Medium,no_accepted_class_rt_model
A15_91923,Terpenoid,Terpenoid,Terpenoid,Medium,no_accepted_class_rt_model
A15_91938,PC/SM,PC/SM,PC/SM,Medium,no_accepted_class_rt_model
A15_9209,Ceramide,Cer,Ceramide,Medium,no_candidate_within_mass_tolerance
A15_92133,PC/SM,PC/SM,PC/SM,High,no_accepted_class_rt_model
A15_92489,PC/SM,PC/SM,PC/SM,High,no_accepted_class_rt_model
A15_92763,Terpenoid,Terpenoid,Terpenoid,Low,no_accepted_class_rt_model
A15_93044,Ubiquinone,Ubiquinone,Ubiquinone,Medium,no_accepted_class_rt_model
A15_93085,Terpenoid,Terpenoid,Terpenoid,Medium,no_accepted_class_rt_model
A15_93158,PC/SM,PC/SM,PC/SM,Medium,no_accepted_class_rt_model
A15_93273,Terpenoid,Terpenoid,Terpenoid,Low,no_accepted_class_rt_model
A15_9342,Terpenoid,Terpenoid,Terpenoid,Medium,no_accepted_class_rt_model
A15_93487,PC/SM,PC/SM,PC/SM,High,no_accepted_class_rt_model
A15_93522,PC/SM,PC/SM,PC/SM,Medium,no_accepted_class_rt_model
A15_93530,PC/SM,PC/SM,PC/SM,High,no_accepted_class_rt_model
A15_93702,Terpenoid,Terpenoid,Terpenoid,Medium,no_accepted_class_rt_model
A15_93762,Terpenoid,Terpenoid,Terpenoid,Low,no_accepted_class_rt_model
A15_93877,Terpenoid,Terpenoid,Terpenoid,Low,no_accepted_class_rt_model
A15_94034,Terpenoid,Terpenoid,Terpenoid,Medium,no_accepted_class_rt_model
A15_9412,PI,PI,PI,Medium,no_candidate_within_mass_tolerance
A15_94319,Terpenoid,Terpenoid,Terpenoid,Low,no_accepted_class_rt_model
A15_94352,PC/SM,PC/SM,PC/SM,High,no_accepted_class_rt_model
A15_9448,Terpenoid,Terpenoid,Terpenoid,Medium,no_accepted_class_rt_model
A15_9468,Terpenoid,Terpenoid,Terpenoid,Medium,no_accepted_class_rt_model
A15_94753,PE,PE,PE,Medium,no_candidate_within_mass_tolerance
A15_94921,PC/SM,PC/SM,PC/SM,Medium,no_accepted_class_rt_model
A15_94955,PC/SM,PC/SM,PC/SM,High,no_accepted_class_rt_model
A15_95165,Hopanoid,Hopanoid,Hopanoid,Low,no_accepted_class_rt_model
A15_95235,Terpenoid,Terpenoid,Terpenoid,Medium,no_accepted_class_rt_model
A15_95456,Glycolipid,Glycolipid,Glycolipid,Low,no_accepted_class_rt_model
A15_95549,Terpenoid,Terpenoid,Terpenoid,Medium,no_accepted_class_rt_model
A15_95809,PC/SM,PC/SM,PC/SM,Medium,no_accepted_class_rt_model
A15_95818,Terpenoid,Terpenoid,Terpenoid,Medium,no_accepted_class_rt_model
A15_95865,PC/SM,PC/SM,PC/SM,High,no_accepted_class_rt_model
A15_95899,Terpenoid,Terpenoid,Terpenoid,Medium,no_accepted_class_rt_model
A15_96006,Terpenoid,Terpenoid,Terpenoid,Medium,no_accepted_class_rt_model
A15_96022,PC/SM,PC/SM,PC/SM,High,no_accepted_class_rt_model
A15_96030,PC/SM,PC/SM,PC/SM,Medium,no_accepted_class_rt_model
A15_96086,PC/SM,PC/SM,PC/SM,High,no_accepted_class_rt_model
A15_9614,Terpenoid,Terpenoid,Terpenoid,Medium,no_accepted_class_rt_model
A15_96195,Sterol,Sterol,Sterol,Medium,no_accepted_class_rt_model
A15_96569,PC/SM,PC/SM,PC/SM,High,no_accepted_class_rt_model
A15_9663,Terpenoid,Terpenoid,Terpenoid,Medium,no_accepted_class_rt_model
A15_9665,Terpenoid,Terpenoid,Terpenoid,Medium,no_accepted_class_rt_model
A15_96981,Hopanoid,Hopanoid,Hopanoid,Low,no_accepted_class_rt_model
A15_96995,Terpenoid,Terpenoid,Terpenoid,Medium,no_accepted_class_rt_model
A15_97107,PC/SM,PC/SM,PC/SM,High,no_accepted_class_rt_model
A15_97162,PC/SM,PC/SM,PC/SM,High,no_accepted_class_rt_model
A15_97216,Terpenoid,Terpenoid,Terpenoid,Medium,no_accepted_class_rt_model
A15_97292,PC/SM,PC/SM,PC/SM,Medium,no_accepted_class_rt_model
A15_97334,PC/SM,PC/SM,PC/SM,High,no_accepted_class_rt_model
A15_97380,Terpenoid,Terpenoid,Terpenoid,Medium,no_accepted_class_rt_model
A15_97418,PC/SM,PC/SM,PC/SM,High,no_accepted_class_rt_model
A15_97449,PC/SM,PC/SM,PC/SM,Medium,no_accepted_class_rt_model
A15_97625,PC/SM,PC/SM,PC/SM,High,no_accepted_class_rt_model
A15_98119,PC/SM,PC/SM,PC/SM,High,no_accepted_class_rt_model
A15_98187,PC/SM,PC/SM,PC/SM,Medium,no_accepted_class_rt_model
A15_9827,PC/SM,PC/SM,PC/SM,High,no_accepted_class_rt_model
A15_98366,Terpenoid,Terpenoid,Terpenoid,Medium,no_accepted_class_rt_model
A15_98394,PC/SM,PC/SM,PC/SM,High,no_accepted_class_rt_model
A15_98405,PC/SM,PC/SM,PC/SM,High,no_accepted_class_rt_model
A15_9841,DGTS,DGTS,DGTS,Medium,no_accepted_class_rt_model
A15_98466,PC/SM,PC/SM,PC/SM,Medium,no_accepted_class_rt_model
A15_98504,Ubiquinone,Ubiquinone,Ubiquinone,Medium,no_accepted_class_rt_model
A15_98543,Terpenoid,Terpenoid,Terpenoid,Medium,no_accepted_class_rt_model
A15_98592,PC/SM,PC/SM,PC/SM,High,no_accepted_class_rt_model
A15_98660,PC/SM,PC/SM,PC/SM,High,no_accepted_class_rt_model
A15_98820,PC/SM,PC/SM,PC/SM,High,no_accepted_class_rt_model
A15_98847,Terpenoid,Terpenoid,Terpenoid,Medium,no_accepted_class_rt_model
A15_98862,PC/SM,PC/SM,PC/SM,High,no_accepted_class_rt_model
A15_98878,PC/SM,PC/SM,PC/SM,High,no_accepted_class_rt_model
A15_98882,PC/SM,PC/SM,PC/SM,High,no_accepted_class_rt_model
A15_98909,Terpenoid,Terpenoid,Terpenoid,Low,no_accepted_class_rt_model
A15_99007,PC/SM,PC/SM,PC/SM,Medium,no_accepted_class_rt_model
A15_99297,Terpenoid,Terpenoid,Terpenoid,Medium,no_accepted_class_rt_model
A15_99336,PC/SM,PC/SM,PC/SM,High,no_accepted_class_rt_model
A15_99614,Terpenoid,Terpenoid,Terpenoid,Medium,no_accepted_class_rt_model
A15_99815,Terpenoid,Terpenoid,Terpenoid,Low,no_accepted_class_rt_model
A15_99911,PC/SM,PC/SM,PC/SM,High,no_accepted_class_rt_model
A15_99994,PC/SM,PC/SM,PC/SM,High,no_accepted_class_rt_model
A15_OE21-4-POS_11398,Terpenoid,Terpenoid,Terpenoid,Low,no_accepted_class_rt_model
A15_OE21-4-POS_16207,Terpenoid,Terpenoid,Terpenoid,Low,no_accepted_class_rt_model
A15_OE21-4-POS_208894,GDGT/Archaeol,GDGT/Archaeol,GDGT/Archaeol,Medium,no_accepted_class_rt_model
A15_OE21-4-POS_215484,GDGT/Archaeol,GDGT/Archaeol,GDGT/Archaeol,Medium,no_accepted_class_rt_model
A15_OE21-4-POS_229448,GDGT/Archaeol,GDGT/Archaeol,GDGT/Archaeol,Medium,no_accepted_class_rt_model
A15_OE21-4-POS_229449,GDGT/Archaeol,GDGT/Archaeol,GDGT/Archaeol,Medium,no_accepted_class_rt_model
A15_OE21-4-POS_230717,Sterol,Sterol,Sterol,Medium,no_accepted_class_rt_model
A15_OE21-4-POS_231425,Glycolipid,Glycolipid,Glycolipid,Low,no_accepted_class_rt_model
A15_OE21-4-POS_233239,Terpenoid,Terpenoid,Terpenoid,Medium,no_accepted_class_rt_model
A15_OE21-4-POS_27118,PE,PE,PE,Medium,no_candidate_within_mass_tolerance
A15_OE21-4-POS_3961,Terpenoid,Terpenoid,Terpenoid,Medium,no_accepted_class_rt_model
A15_OE21-4-POS_4722,Terpenoid,Terpenoid,Terpenoid,Medium,no_accepted_class_rt_model
A15_OE21-4-POS_5821,Terpenoid,Terpenoid,Terpenoid,Low,no_accepted_class_rt_model
A15_OE21-4-POS_9122,Terpenoid,Terpenoid,Terpenoid,Low,no_accepted_class_rt_model
A15_OE21-4-POS_9653,Terpenoid,Terpenoid,Terpenoid,Medium,no_accepted_class_rt_model
A15_OE21-4-POS_9811,Terpenoid,Terpenoid,Terpenoid,Medium,no_accepted_class_rt_model
A15_OE25-1-ALL_10369,PE,PE,PE,High,no_candidate_within_mass_tolerance
A15_OE25-1-ALL_10458,PC/SM,PC/SM,PC/SM,High,no_accepted_class_rt_model
A15_OE25-1-ALL_10577,PC/SM,PC/SM,PC/SM,High,no_accepted_class_rt_model
A15_OE25-1-ALL_10595,PC/SM,PC/SM,PC/SM,High,no_accepted_class_rt_model
A15_OE25-1-ALL_10602,PC/SM,PC/SM,PC/SM,High,no_accepted_class_rt_model
A15_OE25-1-ALL_10628,PE,PE,PE,High,no_candidate_within_mass_tolerance
A15_OE25-1-ALL_10633,PC/SM,PC/SM,PC/SM,High,no_accepted_class_rt_model
A15_OE25-1-ALL_10646,PC/SM,PC/SM,PC/SM,High,no_accepted_class_rt_model
A15_OE25-1-ALL_10682,PC/SM,PC/SM,PC/SM,Medium,no_accepted_class_rt_model
A15_OE25-1-ALL_10723,PC/SM,PC/SM,PC/SM,High,no_accepted_class_rt_model
A15_OE25-1-ALL_10768,PE,PE,PE,High,no_candidate_within_mass_tolerance
A15_OE25-1-ALL_10933,PC/SM,PC/SM,PC/SM,High,no_accepted_class_rt_model
A15_OE25-1-ALL_10999,PC/SM,PC/SM,PC/SM,High,no_accepted_class_rt_model
A15_OE25-1-ALL_11012,PC/SM,PC/SM,PC/SM,High,no_accepted_class_rt_model
A15_OE25-1-ALL_11017,PC/SM,PC/SM,PC/SM,Medium,no_accepted_class_rt_model
A15_OE25-1-ALL_11227,PC/SM,PC/SM,PC/SM,High,no_accepted_class_rt_model
A15_OE25-1-ALL_11240,SM,SM,SM,High,no_accepted_class_rt_model
A15_OE25-1-ALL_11296,PC/SM,PC/SM,PC/SM,High,no_accepted_class_rt_model
A15_OE25-1-ALL_11469,PC/SM,PC/SM,PC/SM,High,no_accepted_class_rt_model
A15_OE25-1-ALL_11673,PE,PE,PE,High,no_candidate_within_mass_tolerance
A15_OE25-1-ALL_11964,PC/SM,PC/SM,PC/SM,High,no_accepted_class_rt_model
A15_OE25-1-ALL_12585,PC/SM,PC/SM,PC/SM,Medium,no_accepted_class_rt_model
A15_OE25-1-ALL_12655,PC/SM,PC/SM,PC/SM,High,no_accepted_class_rt_model
A15_OE25-1-ALL_12675,PC/SM,PC/SM,PC/SM,High,no_accepted_class_rt_model
A15_OE25-1-ALL_12845,PC/SM,PC/SM,PC/SM,High,no_accepted_class_rt_model
A15_OE25-1-ALL_12981,PC/SM,PC/SM,PC/SM,Medium,no_accepted_class_rt_model
A15_OE25-1-ALL_13395,PC/SM,PC/SM,PC/SM,High,no_accepted_class_rt_model
A15_OE25-1-ALL_13399,PC/SM,PC/SM,PC/SM,High,no_accepted_class_rt_model
A15_OE25-1-ALL_13489,PE,PE,PE,High,no_candidate_within_mass_tolerance
A15_OE25-1-ALL_13587,PC/SM,PC/SM,PC/SM,High,no_accepted_class_rt_model
A15_OE25-1-ALL_13827,PC/SM,PC/SM,PC/SM,High,no_accepted_class_rt_model
A15_OE25-1-ALL_1440,Ceramide,Cer,Ceramide,Medium,no_candidate_within_mass_tolerance
A15_OE25-1-ALL_14452,PE,PE,PE,High,no_candidate_within_mass_tolerance
A15_OE25-1-ALL_14809,Sterol,Sterol,Sterol,Medium,no_accepted_class_rt_model
A15_OE25-1-ALL_15075,PC/SM,PC/SM,PC/SM,High,no_accepted_class_rt_model
A15_OE25-1-ALL_15225,PC/SM,PC/SM,PC/SM,Medium,no_accepted_class_rt_model
A15_OE25-1-ALL_15463,PE,PE,PE,High,no_candidate_within_mass_tolerance
A15_OE25-1-ALL_15649,PC/SM,PC/SM,PC/SM,High,no_accepted_class_rt_model
A15_OE25-1-ALL_15692,PC/SM,PC/SM,PC/SM,High,no_accepted_class_rt_model
A15_OE25-1-ALL_1629,PC/SM,PC/SM,PC/SM,High,no_accepted_class_rt_model
A15_OE25-1-ALL_16562,PE,PE,PE,High,no_candidate_within_mass_tolerance
A15_OE25-1-ALL_16594,PC/SM,PC/SM,PC/SM,High,no_accepted_class_rt_model
A15_OE25-1-ALL_16628,PC/SM,PC/SM,PC/SM,High,no_accepted_class_rt_model
A15_OE25-1-ALL_16643,Terpenoid,Terpenoid,Terpenoid,Low,no_accepted_class_rt_model
A15_OE25-1-ALL_16685,PC/SM,PC/SM,PC/SM,High,no_accepted_class_rt_model
A15_OE25-1-ALL_16711,PC/SM,PC/SM,PC/SM,High,no_accepted_class_rt_model
A15_OE25-1-ALL_16799,Ubiquinone,Ubiquinone,Ubiquinone,Medium,no_accepted_class_rt_model
A15_OE25-1-ALL_16911,PC/SM,PC/SM,PC/SM,Medium,no_accepted_class_rt_model
A15_OE25-1-ALL_17175,PC/SM,PC/SM,PC/SM,High,no_accepted_class_rt_model
A15_OE25-1-ALL_17319,PC/SM,PC/SM,PC/SM,High,no_accepted_class_rt_model
A15_OE25-1-ALL_17357,PC/SM,PC/SM,PC/SM,Medium,no_accepted_class_rt_model
A15_OE25-1-ALL_17373,PC/SM,PC/SM,PC/SM,Medium,no_accepted_class_rt_model
A15_OE25-1-ALL_17479,PC/SM,PC/SM,PC/SM,Medium,no_accepted_class_rt_model
A15_OE25-1-ALL_17546,PC/SM,PC/SM,PC/SM,High,no_accepted_class_rt_model
A15_OE25-1-ALL_17726,PC/SM,PC/SM,PC/SM,High,no_accepted_class_rt_model
A15_OE25-1-ALL_17841,PC/SM,PC/SM,PC/SM,Medium,no_accepted_class_rt_model
A15_OE25-1-ALL_17866,PC/SM,PC/SM,PC/SM,High,no_accepted_class_rt_model
A15_OE25-1-ALL_17927,PE,PE,PE,High,no_candidate_within_mass_tolerance
A15_OE25-1-ALL_18185,PC/SM,PC/SM,PC/SM,Medium,no_accepted_class_rt_model
A15_OE25-1-ALL_18591,PC/SM,PC/SM,PC/SM,High,no_accepted_class_rt_model
A15_OE25-1-ALL_19062,Terpenoid,Terpenoid,Terpenoid,Medium,no_accepted_class_rt_model
A15_OE25-1-ALL_19292,PC/SM,PC/SM,PC/SM,High,no_accepted_class_rt_model
A15_OE25-1-ALL_19306,PC/SM,PC/SM,PC/SM,High,no_accepted_class_rt_model
A15_OE25-1-ALL_19369,PC/SM,PC/SM,PC/SM,High,no_accepted_class_rt_model
A15_OE25-1-ALL_19408,Terpenoid,Terpenoid,Terpenoid,Medium,no_accepted_class_rt_model
A15_OE25-1-ALL_20152,PC/SM,PC/SM,PC/SM,Medium,no_accepted_class_rt_model
A15_OE25-1-ALL_20154,PC/SM,PC/SM,PC/SM,High,no_accepted_class_rt_model
A15_OE25-1-ALL_20723,PC/SM,PC/SM,PC/SM,Medium,no_accepted_class_rt_model
A15_OE25-1-ALL_20845,Sterol,Sterol,Sterol,Medium,no_accepted_class_rt_model
A15_OE25-1-ALL_21007,PC/SM,PC/SM,PC/SM,Medium,no_accepted_class_rt_model
A15_OE25-1-ALL_21112,PC/SM,PC/SM,PC/SM,High,no_accepted_class_rt_model
A15_OE25-1-ALL_21272,Sterol,Sterol,Sterol,Medium,no_accepted_class_rt_model
A15_OE25-1-ALL_22104,PC/SM,PC/SM,PC/SM,High,no_accepted_class_rt_model
A15_OE25-1-ALL_22511,PC/SM,PC/SM,PC/SM,High,no_accepted_class_rt_model
A15_OE25-1-ALL_22514,PC/SM,PC/SM,PC/SM,High,no_accepted_class_rt_model
A15_OE25-1-ALL_22586,PC/SM,PC/SM,PC/SM,High,no_accepted_class_rt_model
A15_OE25-1-ALL_22639,Terpenoid,Terpenoid,Terpenoid,Low,no_accepted_class_rt_model
A15_OE25-1-ALL_22732,PC/SM,PC/SM,PC/SM,Medium,no_accepted_class_rt_model
A15_OE25-1-ALL_2372,Terpenoid,Terpenoid,Terpenoid,Medium,no_accepted_class_rt_model
A15_OE25-1-ALL_2417,Ubiquinone,Ubiquinone,Ubiquinone,Medium,no_accepted_class_rt_model
A15_OE25-1-ALL_24960,PC/SM,PC/SM,PC/SM,High,no_accepted_class_rt_model
A15_OE25-1-ALL_2526,Terpenoid,Terpenoid,Terpenoid,Medium,no_accepted_class_rt_model
A15_OE25-1-ALL_2578,PC/SM,PC/SM,PC/SM,High,no_accepted_class_rt_model
A15_OE25-1-ALL_2580,PC/SM,PC/SM,PC/SM,Medium,no_accepted_class_rt_model
A15_OE25-1-ALL_2581,Ubiquinone,Ubiquinone,Ubiquinone,Medium,no_accepted_class_rt_model
A15_OE25-1-ALL_26180,PC/SM,PC/SM,PC/SM,Medium,no_accepted_class_rt_model
A15_OE25-1-ALL_2661,Terpenoid,Terpenoid,Terpenoid,Medium,no_accepted_class_rt_model
A15_OE25-1-ALL_26825,PC/SM,PC/SM,PC/SM,High,no_accepted_class_rt_model
A15_OE25-1-ALL_2739,Terpenoid,Terpenoid,Terpenoid,Medium,no_accepted_class_rt_model
A15_OE25-1-ALL_27770,Terpenoid,Terpenoid,Terpenoid,Medium,no_accepted_class_rt_model
A15_OE25-1-ALL_2808,Ubiquinone,Ubiquinone,Ubiquinone,Medium,no_accepted_class_rt_model
A15_OE25-1-ALL_28081,PC/SM,PC/SM,PC/SM,High,no_accepted_class_rt_model
A15_OE25-1-ALL_28666,Ceramide,Cer,Ceramide,Medium,no_candidate_within_mass_tolerance
A15_OE25-1-ALL_29122,Terpenoid,Terpenoid,Terpenoid,Medium,no_accepted_class_rt_model
A15_OE25-1-ALL_2969,PG,PG,PG,Medium,no_candidate_within_mass_tolerance
A15_OE25-1-ALL_2982,PC/SM,PC/SM,PC/SM,High,no_accepted_class_rt_model
A15_OE25-1-ALL_29939,Terpenoid,Terpenoid,Terpenoid,Medium,no_accepted_class_rt_model
A15_OE25-1-ALL_30364,Terpenoid,Terpenoid,Terpenoid,Medium,no_accepted_class_rt_model
A15_OE25-1-ALL_3039,PC/SM,PC/SM,PC/SM,Medium,no_accepted_class_rt_model
A15_OE25-1-ALL_31348,Terpenoid,Terpenoid,Terpenoid,Medium,no_accepted_class_rt_model
A15_OE25-1-ALL_31566,Terpenoid,Terpenoid,Terpenoid,Medium,no_accepted_class_rt_model
A15_OE25-1-ALL_31601,PC/SM,PC/SM,PC/SM,High,no_accepted_class_rt_model
A15_OE25-1-ALL_3205,PE,PE,PE,High,no_candidate_within_mass_tolerance
A15_OE25-1-ALL_32136,PC/SM,PC/SM,PC/SM,Medium,no_accepted_class_rt_model
A15_OE25-1-ALL_32767,Terpenoid,Terpenoid,Terpenoid,Low,no_accepted_class_rt_model
A15_OE25-1-ALL_32803,Terpenoid,Terpenoid,Terpenoid,Medium,no_accepted_class_rt_model
A15_OE25-1-ALL_33062,Terpenoid,Terpenoid,Terpenoid,Low,no_accepted_class_rt_model
A15_OE25-1-ALL_33129,Terpenoid,Terpenoid,Terpenoid,Medium,no_accepted_class_rt_model
A15_OE25-1-ALL_33178,PG,PG,PG,Medium,no_candidate_within_mass_tolerance
A15_OE25-1-ALL_33191,PE,PE,PE,Medium,no_candidate_within_mass_tolerance
A15_OE25-1-ALL_33277,Terpenoid,Terpenoid,Terpenoid,Medium,no_accepted_class_rt_model
A15_OE25-1-ALL_33281,PC/SM,PC/SM,PC/SM,Medium,no_accepted_class_rt_model
A15_OE25-1-ALL_33383,Terpenoid,Terpenoid,Terpenoid,Low,no_accepted_class_rt_model
A15_OE25-1-ALL_3379,Hopanoid,Hopanoid,Hopanoid,Low,no_accepted_class_rt_model
A15_OE25-1-ALL_33974,PC/SM,PC/SM,PC/SM,High,no_accepted_class_rt_model
A15_OE25-1-ALL_34289,Terpenoid,Terpenoid,Terpenoid,Low,no_accepted_class_rt_model
A15_OE25-1-ALL_34347,PE,PE,PE,Medium,no_candidate_within_mass_tolerance
A15_OE25-1-ALL_34387,Sterol,Sterol,Sterol,Medium,no_accepted_class_rt_model
A15_OE25-1-ALL_34442,PC/SM,PC/SM,PC/SM,High,no_accepted_class_rt_model
A15_OE25-1-ALL_3479,Terpenoid,Terpenoid,Terpenoid,Medium,no_accepted_class_rt_model
A15_OE25-1-ALL_35122,Ubiquinone,Ubiquinone,Ubiquinone,Medium,no_accepted_class_rt_model
A15_OE25-1-ALL_36507,PC/SM,PC/SM,PC/SM,High,no_accepted_class_rt_model
A15_OE25-1-ALL_36574,Terpenoid,Terpenoid,Terpenoid,Medium,no_accepted_class_rt_model
A15_OE25-1-ALL_3685,PC/SM,PC/SM,PC/SM,Medium,no_accepted_class_rt_model
A15_OE25-1-ALL_37072,PC/SM,PC/SM,PC/SM,High,no_accepted_class_rt_model
A15_OE25-1-ALL_3765,PC/SM,PC/SM,PC/SM,High,no_accepted_class_rt_model
A15_OE25-1-ALL_37806,Terpenoid,Terpenoid,Terpenoid,Medium,no_accepted_class_rt_model
A15_OE25-1-ALL_37902,Ubiquinone,Ubiquinone,Ubiquinone,Medium,no_accepted_class_rt_model
A15_OE25-1-ALL_3797,Terpenoid,Terpenoid,Terpenoid,Medium,no_accepted_class_rt_model
A15_OE25-1-ALL_3800,PC/SM,PC/SM,PC/SM,High,no_accepted_class_rt_model
A15_OE25-1-ALL_3802,PC/SM,PC/SM,PC/SM,High,no_accepted_class_rt_model
A15_OE25-1-ALL_3803,PC/SM,PC/SM,PC/SM,High,no_accepted_class_rt_model
A15_OE25-1-ALL_38033,Terpenoid,Terpenoid,Terpenoid,Low,no_accepted_class_rt_model
A15_OE25-1-ALL_3808,PC/SM,PC/SM,PC/SM,High,no_accepted_class_rt_model
A15_OE25-1-ALL_3812,PC/SM,PC/SM,PC/SM,High,no_accepted_class_rt_model
A15_OE25-1-ALL_38163,Terpenoid,Terpenoid,Terpenoid,Low,no_accepted_class_rt_model
A15_OE25-1-ALL_3948,PC/SM,PC/SM,PC/SM,Medium,no_accepted_class_rt_model
A15_OE25-1-ALL_39620,Terpenoid,Terpenoid,Terpenoid,Medium,no_accepted_class_rt_model
A15_OE25-1-ALL_39650,Terpenoid,Terpenoid,Terpenoid,Medium,no_accepted_class_rt_model
A15_OE25-1-ALL_39946,Terpenoid,Terpenoid,Terpenoid,Medium,no_accepted_class_rt_model
A15_OE25-1-ALL_40012,Hopanoid,Hopanoid,Hopanoid,Low,no_accepted_class_rt_model
A15_OE25-1-ALL_4008,Terpenoid,Terpenoid,Terpenoid,Medium,no_accepted_class_rt_model
A15_OE25-1-ALL_4025,PC/SM,PC/SM,PC/SM,High,no_accepted_class_rt_model
A15_OE25-1-ALL_4078,PC/SM,PC/SM,PC/SM,Medium,no_accepted_class_rt_model
A15_OE25-1-ALL_40912,Ubiquinone,Ubiquinone,Ubiquinone,Medium,no_accepted_class_rt_model
A15_OE25-1-ALL_4108,Terpenoid,Terpenoid,Terpenoid,Medium,no_accepted_class_rt_model
A15_OE25-1-ALL_4134,Terpenoid,Terpenoid,Terpenoid,Medium,no_accepted_class_rt_model
A15_OE25-1-ALL_41595,Hopanoid,Hopanoid,Hopanoid,Low,no_accepted_class_rt_model
A15_OE25-1-ALL_42690,PC/SM,PC/SM,PC/SM,High,no_accepted_class_rt_model
A15_OE25-1-ALL_4304,PC/SM,PC/SM,PC/SM,Medium,no_accepted_class_rt_model
A15_OE25-1-ALL_43993,PC/SM,PC/SM,PC/SM,High,no_accepted_class_rt_model
A15_OE25-1-ALL_44928,PC/SM,PC/SM,PC/SM,High,no_accepted_class_rt_model
A15_OE25-1-ALL_45081,PC/SM,PC/SM,PC/SM,High,no_accepted_class_rt_model
A15_OE25-1-ALL_4538,PC/SM,PC/SM,PC/SM,High,no_accepted_class_rt_model
A15_OE25-1-ALL_45439,PC/SM,PC/SM,PC/SM,High,no_accepted_class_rt_model
A15_OE25-1-ALL_45482,Ubiquinone,Ubiquinone,Ubiquinone,Medium,no_accepted_class_rt_model
A15_OE25-1-ALL_45627,PC/SM,PC/SM,PC/SM,High,no_accepted_class_rt_model
A15_OE25-1-ALL_45699,Terpenoid,Terpenoid,Terpenoid,Medium,no_accepted_class_rt_model
A15_OE25-1-ALL_45894,Hopanoid,Hopanoid,Hopanoid,Low,no_accepted_class_rt_model
A15_OE25-1-ALL_4659,PC/SM,PC/SM,PC/SM,High,no_accepted_class_rt_model
A15_OE25-1-ALL_47579,PC/SM,PC/SM,PC/SM,High,no_accepted_class_rt_model
A15_OE25-1-ALL_47647,PC/SM,PC/SM,PC/SM,Medium,no_accepted_class_rt_model
A15_OE25-1-ALL_48355,PC/SM,PC/SM,PC/SM,High,no_accepted_class_rt_model
A15_OE25-1-ALL_4927,PC/SM,PC/SM,PC/SM,High,no_accepted_class_rt_model
A15_OE25-1-ALL_4943,PC/SM,PC/SM,PC/SM,High,no_accepted_class_rt_model
A15_OE25-1-ALL_5025,PC/SM,PC/SM,PC/SM,High,no_accepted_class_rt_model
A15_OE25-1-ALL_5058,PC/SM,PC/SM,PC/SM,High,no_accepted_class_rt_model
A15_OE25-1-ALL_5261,PC/SM,PC/SM,PC/SM,High,no_accepted_class_rt_model
A15_OE25-1-ALL_5356,Terpenoid,Terpenoid,Terpenoid,Medium,no_accepted_class_rt_model
A15_OE25-1-ALL_5766,PC/SM,PC/SM,PC/SM,High,no_accepted_class_rt_model
A15_OE25-1-ALL_5779,Terpenoid,Terpenoid,Terpenoid,Low,no_accepted_class_rt_model
A15_OE25-1-ALL_5782,PC/SM,PC/SM,PC/SM,High,no_accepted_class_rt_model
A15_OE25-1-ALL_5858,PC/SM,PC/SM,PC/SM,High,no_accepted_class_rt_model
A15_OE25-1-ALL_5918,PE,PE,PE,High,no_candidate_within_mass_tolerance
A15_OE25-1-ALL_6058,PC/SM,PC/SM,PC/SM,High,no_accepted_class_rt_model
A15_OE25-1-ALL_6121,PC/SM,PC/SM,PC/SM,High,no_accepted_class_rt_model
A15_OE25-1-ALL_6130,PC/SM,PC/SM,PC/SM,Medium,no_accepted_class_rt_model
A15_OE25-1-ALL_6181,PC/SM,PC/SM,PC/SM,High,no_accepted_class_rt_model
A15_OE25-1-ALL_6192,PC/SM,PC/SM,PC/SM,High,no_accepted_class_rt_model
A15_OE25-1-ALL_6212,PC/SM,PC/SM,PC/SM,High,no_accepted_class_rt_model
A15_OE25-1-ALL_6226,PE,PE,PE,High,no_candidate_within_mass_tolerance
A15_OE25-1-ALL_6228,PC/SM,PC/SM,PC/SM,High,no_accepted_class_rt_model
A15_OE25-1-ALL_6257,PC/SM,PC/SM,PC/SM,High,no_accepted_class_rt_model
A15_OE25-1-ALL_6485,PC/SM,PC/SM,PC/SM,High,no_accepted_class_rt_model
A15_OE25-1-ALL_6496,PC/SM,PC/SM,PC/SM,Medium,no_accepted_class_rt_model
A15_OE25-1-ALL_6545,PC/SM,PC/SM,PC/SM,High,no_accepted_class_rt_model
A15_OE25-1-ALL_6584,Terpenoid,Terpenoid,Terpenoid,Medium,no_accepted_class_rt_model
A15_OE25-1-ALL_6594,PC/SM,PC/SM,PC/SM,High,no_accepted_class_rt_model
A15_OE25-1-ALL_6875,Terpenoid,Terpenoid,Terpenoid,Medium,no_accepted_class_rt_model
A15_OE25-1-ALL_6946,Terpenoid,Terpenoid,Terpenoid,Medium,no_accepted_class_rt_model
A15_OE25-1-ALL_7753,PE,PE,PE,High,no_candidate_within_mass_tolerance
A15_OE25-1-ALL_7832,PE,PE,PE,High,no_candidate_within_mass_tolerance
A15_OE25-1-ALL_8197,Terpenoid,Terpenoid,Terpenoid,Medium,no_accepted_class_rt_model
A15_OE25-1-ALL_833,PC/SM,PC/SM,PC/SM,High,no_accepted_class_rt_model
A15_OE25-1-ALL_8598,PC/SM,PC/SM,PC/SM,High,no_accepted_class_rt_model
A15_OE25-1-ALL_8750,PC/SM,PC/SM,PC/SM,High,no_accepted_class_rt_model
A15_OE25-1-ALL_8780,PC/SM,PC/SM,PC/SM,High,no_accepted_class_rt_model
A15_OE25-1-ALL_8814,PC/SM,PC/SM,PC/SM,High,no_accepted_class_rt_model
A15_OE25-1-ALL_8815,PC/SM,PC/SM,PC/SM,High,no_accepted_class_rt_model
A15_OE25-1-ALL_8822,PC/SM,PC/SM,PC/SM,High,no_accepted_class_rt_model
A15_OE25-1-ALL_8835,Terpenoid,Terpenoid,Terpenoid,Medium,no_accepted_class_rt_model
A15_OE25-1-ALL_8842,PC/SM,PC/SM,PC/SM,High,no_accepted_class_rt_model
A15_OE25-1-ALL_8848,Ubiquinone,Ubiquinone,Ubiquinone,Medium,no_accepted_class_rt_model
A15_OE25-1-ALL_8855,PC/SM,PC/SM,PC/SM,High,no_accepted_class_rt_model
A15_OE25-1-ALL_8857,Terpenoid,Terpenoid,Terpenoid,Medium,no_accepted_class_rt_model
A15_OE25-1-ALL_8863,PC/SM,PC/SM,PC/SM,High,no_accepted_class_rt_model
A15_OE25-1-ALL_8878,PC/SM,PC/SM,PC/SM,High,no_accepted_class_rt_model
A15_OE25-1-ALL_8888,PC/SM,PC/SM,PC/SM,Medium,no_accepted_class_rt_model
A15_OE25-1-ALL_8905,PC/SM,PC/SM,PC/SM,High,no_accepted_class_rt_model
A15_OE25-1-ALL_8907,PE,PE,PE,High,no_candidate_within_mass_tolerance
A15_OE25-1-ALL_9028,PC/SM,PC/SM,PC/SM,High,no_accepted_class_rt_model
A15_OE25-1-ALL_9050,PC/SM,PC/SM,PC/SM,High,no_accepted_class_rt_model
A15_OE25-1-ALL_9056,PC/SM,PC/SM,PC/SM,High,no_accepted_class_rt_model
A15_OE25-1-ALL_9371,Terpenoid,Terpenoid,Terpenoid,Medium,no_accepted_class_rt_model
A15_OE25-1-ALL_9433,PC/SM,PC/SM,PC/SM,High,no_accepted_class_rt_model
A15_OE25-1-ALL_9460,PC/SM,PC/SM,PC/SM,High,no_accepted_class_rt_model
A15_OE25-1-ALL_9461,PC/SM,PC/SM,PC/SM,High,no_accepted_class_rt_model
A15_OE25-1-ALL_9611,PC/SM,PC/SM,PC/SM,High,no_accepted_class_rt_model
A15_OE25-1-ALL_968,Terpenoid,Terpenoid,Terpenoid,Low,no_accepted_class_rt_model
A15_OE25-1-ALL_9752,PE,PE,PE,Medium,no_candidate_within_mass_tolerance
A15_OE25-1-ALL_9894,PC/SM,PC/SM,PC/SM,High,no_accepted_class_rt_model
