feature_id,phylum,discovery_method,reference_batch,reference_scan,precursor_mz,has_usable_ms2,n_peaks_total,n_peaks_above_threshold,n_diagnostic_fragments,n_neutral_losses,n_diagnostic_total,assigned_class,assigned_subclass,classification_confidence,classification_reasoning,diagnostic_ions_detail,intensity_threshold_pct
A15_100018,Streptophyta,indval_consensus,OE23-POS,100018,751.532616,True,119,42,0,3,3,Sphingolipid,Ceramide,Medium,Sphingoid base fragments,"loss:162.0528(Hexose_loss,100%); loss:180.0634(Hexose+H2O_loss,6%); loss:180.0634(Hexose_ceramide,6%)",5.0
A15_100229,Streptophyta,indval_consensus,OE23-POS,100229,738.551393,True,217,31,4,0,4,Terpenoid,Terpenoid,Low,4 terpenoid fragments → possible terpenoid/isoprenoid,"fragment:133.1011(Diterpene_frag,6%); fragment:135.1168(Diterpene_frag2,13%); fragment:147.1165(C11H15+,8%); fragment:149.1324(Sesterterpene_frag,7%)",5.0
A15_100283,Streptophyta,indval_consensus,OE23-POS,100283,782.534351,True,100,12,1,0,1,Sterol,Sterol,Medium,Sterol dehydration fragments,"fragment:397.3831(Sitosterol_-H2O,11%)",5.0
A15_100665,Streptophyta,indval_consensus,OE23-POS,100665,810.608058,True,20,20,1,0,1,Phospholipid,PC/SM,High,Phosphocholine at 38% → PC or SM,"fragment:184.0736(Phosphocholine_C5H13NO4P,38%)",5.0
A15_100788,Streptophyta,indval_consensus,OE23-POS,100788,771.534168,True,18,7,1,0,1,Phospholipid,PC/SM,High,Phosphocholine at 100% → PC or SM,"fragment:184.0733(Phosphocholine_C5H13NO4P,100%)",5.0
A15_100791,Streptophyta,indval_consensus,OE23-POS,100791,824.580196,True,48,18,1,0,1,Phospholipid,PC/SM,High,Phosphocholine at 70% → PC or SM,"fragment:184.0732(Phosphocholine_C5H13NO4P,70%)",5.0
A15_100852,Streptophyta,indval_consensus,OE23-POS,100852,818.558979,True,36,36,1,0,1,Phospholipid,PC/SM,High,Phosphocholine at 100% → PC or SM,"fragment:184.0732(Phosphocholine_C5H13NO4P,100%)",5.0
A15_100888,Nematoda,composite,OE23-POS,100888,459.302487,True,23,23,4,0,4,Terpenoid,Terpenoid,Low,4 terpenoid fragments → possible terpenoid/isoprenoid,"fragment:69.0707(Isoprene_unit,60%); fragment:81.0704(Monoterpene_frag,63%); fragment:95.0859(Methylcyclohexenyl,70%); fragment:149.1471(Sesterterpene_frag,63%)",5.0
A15_100890,Streptophyta,indval_consensus,OE23-POS,100890,590.446018,True,64,64,10,0,10,Terpenoid,Terpenoid,Medium,10 terpenoid fragments → terpenoid/isoprenoid,"fragment:69.0706(Isoprene_unit,15%); fragment:81.0705(Monoterpene_frag,20%); fragment:95.0861(Methylcyclohexenyl,26%); fragment:109.1019(Sesquiterpene_frag,15%); fragment:121.1016(Sesquiterpene_frag2,10%); fragment:123.1174(Sesquiterpene_frag3,15%); fragment:133.1013(Diterpene_frag,16%); fragment:135.1173(Diterpene_frag2,13%); fragment:147.1174(C11H15+,14%); fragment:161.1323(C12H17+,19%)",5.0
A15_10093,Streptophyta,indval_consensus,OE23-POS,10093,209.153434,True,71,20,4,0,4,Terpenoid,Terpenoid,Low,4 terpenoid fragments → possible terpenoid/isoprenoid,"fragment:69.0705(Isoprene_unit,5%); fragment:81.0705(Monoterpene_frag,8%); fragment:93.0704(Toluenium,6%); fragment:105.0703(Xylene_cation,5%)",5.0
A15_101184,Streptophyta,indval_consensus,OE23-POS,101184,750.55128,True,80,44,7,0,7,Terpenoid,Terpenoid,Medium,7 terpenoid fragments → terpenoid/isoprenoid,"fragment:109.1016(Sesquiterpene_frag,12%); fragment:121.1015(Sesquiterpene_frag2,7%); fragment:123.1170(Sesquiterpene_frag3,8%); fragment:133.1013(Diterpene_frag,9%); fragment:135.1171(Diterpene_frag2,13%); fragment:147.1171(C11H15+,10%); fragment:149.1330(Sesterterpene_frag,5%)",5.0
A15_10122,Streptophyta,indval_consensus,OE23-POS,10122,391.262341,True,151,122,1,0,1,Phospholipid,PI,Medium,Glycerophosphoinositol diagnostic ion,"fragment:241.0081(Glycerophosphoinositol,6%)",5.0
A15_101268,Streptophyta,indval_consensus,OE23-POS,101268,789.54595,True,29,11,1,0,1,Phospholipid,PC/SM,High,Phosphocholine at 57% → PC or SM,"fragment:184.0734(Phosphocholine_C5H13NO4P,57%)",5.0
A15_101686,Streptophyta,indval_consensus,OE23-POS,101686,673.512436,True,17,17,1,0,1,Phospholipid,PC/SM,High,Phosphocholine at 38% → PC or SM,"fragment:184.0732(Phosphocholine_C5H13NO4P,38%)",5.0
A15_10175,Streptophyta,indval_consensus,OE23-POS,10175,697.408308,True,201,33,5,0,5,Terpenoid,Terpenoid,Medium,5 terpenoid fragments → terpenoid/isoprenoid,"fragment:109.1015(Sesquiterpene_frag,10%); fragment:121.1014(Sesquiterpene_frag2,6%); fragment:123.1171(Sesquiterpene_frag3,7%); fragment:135.1168(Diterpene_frag2,5%); fragment:149.1328(Sesterterpene_frag,5%)",5.0
A15_101980,Streptophyta,indval_consensus,OE23-POS,101980,529.386521,True,84,50,15,0,15,Terpenoid,Terpenoid,Medium,15 terpenoid fragments → terpenoid/isoprenoid,"fragment:69.0706(Isoprene_unit,19%); fragment:81.0704(Monoterpene_frag,69%); fragment:93.0704(Toluenium,41%); fragment:95.0859(Methylcyclohexenyl,42%); fragment:105.0701(Xylene_cation,9%); fragment:107.0858(Dimethylcyclohexenyl,30%); fragment:109.1016(Sesquiterpene_frag,18%); fragment:119.0856(C9H11+,9%); fragment:121.1014(Sesquiterpene_frag2,32%); fragment:123.1170(Sesquiterpene_frag3,9%); fragment:133.1014(Diterpene_frag,17%); fragment:135.1168(Diterpene_frag2,30%); fragment:147.1172(C11H15+,9%); fragment:149.1323(Sesterterpene_frag,34%); fragment:161.1326(C12H17+,6%)",5.0
A15_102203,Streptophyta,indval_consensus,OE23-POS,102203,401.34128,True,84,54,16,0,16,Terpenoid,Terpenoid,Medium,16 terpenoid fragments → terpenoid/isoprenoid,"fragment:69.0706(Isoprene_unit,29%); fragment:81.0705(Monoterpene_frag,59%); fragment:93.0703(Toluenium,19%); fragment:95.0860(Methylcyclohexenyl,81%); fragment:105.0704(Xylene_cation,6%); fragment:107.0859(Dimethylcyclohexenyl,100%); fragment:109.1014(Sesquiterpene_frag,33%); fragment:119.0860(C9H11+,12%); fragment:121.1014(Sesquiterpene_frag2,25%); fragment:123.1171(Sesquiterpene_frag3,19%); fragment:133.1013(Diterpene_frag,8%); fragment:135.1165(Diterpene_frag2,23%); fragment:147.1171(C11H15+,13%); fragment:149.1327(Sesterterpene_frag,15%); fragment:161.1321(C12H17+,10%); fragment:175.1482(C13H19+,7%)",5.0
A15_102281,Streptophyta,indval_consensus,OE23-POS,102281,672.506044,True,101,86,1,0,1,Phospholipid,PC/SM,High,Phosphocholine at 22% → PC or SM,"fragment:184.0737(Phosphocholine_C5H13NO4P,22%)",5.0
A15_10231,Arthropoda,composite,OE23-POS,10231,355.202767,True,103,53,13,0,13,Terpenoid,Terpenoid,Medium,13 terpenoid fragments → terpenoid/isoprenoid,"fragment:69.0706(Isoprene_unit,53%); fragment:81.0705(Monoterpene_frag,50%); fragment:93.0703(Toluenium,15%); fragment:95.0860(Methylcyclohexenyl,33%); fragment:105.0703(Xylene_cation,40%); fragment:107.0859(Dimethylcyclohexenyl,14%); fragment:109.1017(Sesquiterpene_frag,21%); fragment:119.0856(C9H11+,7%); fragment:121.1015(Sesquiterpene_frag2,15%); fragment:123.1172(Sesquiterpene_frag3,15%); fragment:133.1013(Diterpene_frag,7%); fragment:135.1170(Diterpene_frag2,7%); fragment:147.1171(C11H15+,9%)",5.0
A15_102315,Streptophyta,indval_consensus,OE23-POS,102315,800.60316,True,48,29,1,0,1,Phospholipid,PC/SM,High,Phosphocholine at 79% → PC or SM,"fragment:184.0733(Phosphocholine_C5H13NO4P,79%)",5.0
A15_102352,Streptophyta,indval_consensus,OE23-POS,102352,857.527269,True,316,49,1,0,1,Phospholipid,PC/SM,Medium,Phosphocholine at 11% → PC or SM,"fragment:184.0735(Phosphocholine_C5H13NO4P,11%)",5.0
A15_102469,Streptophyta,indval_consensus,OE23-POS,102469,640.513653,True,223,48,1,0,1,Quinone,Ubiquinone,Medium,Ubiquinone headgroup fragment,"fragment:197.0809(Ubiquinone_headgroup,37%)",5.0
A15_1025,Streptophyta,indval_consensus,OE23-POS,1025,487.28753,True,166,23,9,0,9,Terpenoid,Terpenoid,Medium,9 terpenoid fragments → terpenoid/isoprenoid,"fragment:69.0706(Isoprene_unit,10%); fragment:81.0705(Monoterpene_frag,10%); fragment:95.0860(Methylcyclohexenyl,11%); fragment:107.0859(Dimethylcyclohexenyl,8%); fragment:109.1016(Sesquiterpene_frag,14%); fragment:119.0856(C9H11+,6%); fragment:121.1015(Sesquiterpene_frag2,7%); fragment:133.1014(Diterpene_frag,6%); fragment:147.1169(C11H15+,9%)",5.0
A15_102639,Streptophyta,indval_consensus,OE23-POS,102639,802.561055,True,83,16,1,0,1,Phospholipid,PC/SM,Medium,Phosphocholine at 9% → PC or SM,"fragment:184.0733(Phosphocholine_C5H13NO4P,9%)",5.0
A15_102700,Streptophyta,indval_consensus,OE23-POS,102700,825.583878,True,26,8,1,0,1,Phospholipid,PC/SM,High,Phosphocholine at 57% → PC or SM,"fragment:184.0733(Phosphocholine_C5H13NO4P,57%)",5.0
A15_102723,Streptophyta,indval_consensus,OE23-POS,102723,673.515362,True,91,78,1,0,1,Phospholipid,PC/SM,High,Phosphocholine at 31% → PC or SM,"fragment:184.0734(Phosphocholine_C5H13NO4P,31%)",5.0
A15_102754,Streptophyta,indval_consensus,OE23-POS,102754,333.241539,True,122,27,15,0,15,Terpenoid,Terpenoid,Medium,15 terpenoid fragments → terpenoid/isoprenoid,"fragment:69.0705(Isoprene_unit,32%); fragment:81.0704(Monoterpene_frag,100%); fragment:93.0703(Toluenium,47%); fragment:95.0859(Methylcyclohexenyl,84%); fragment:105.0702(Xylene_cation,13%); fragment:107.0858(Dimethylcyclohexenyl,27%); fragment:109.1014(Sesquiterpene_frag,36%); fragment:119.0856(C9H11+,13%); fragment:121.1013(Sesquiterpene_frag2,26%); fragment:123.1169(Sesquiterpene_frag3,11%); fragment:133.1012(Diterpene_frag,10%); fragment:135.1168(Diterpene_frag2,16%); fragment:147.1168(C11H15+,7%); fragment:149.1324(Sesterterpene_frag,8%); fragment:161.1320(C12H17+,6%)",5.0
A15_1028,Streptophyta,indval_consensus,OE23-POS,1028,492.314952,True,97,8,5,0,5,Terpenoid,Terpenoid,Medium,5 terpenoid fragments → terpenoid/isoprenoid,"fragment:81.0705(Monoterpene_frag,10%); fragment:95.0858(Methylcyclohexenyl,9%); fragment:107.0862(Dimethylcyclohexenyl,7%); fragment:109.1018(Sesquiterpene_frag,7%); fragment:121.1017(Sesquiterpene_frag2,6%)",5.0
A15_102858,Streptophyta,indval_consensus,OE23-POS,102858,771.535395,True,20,6,1,0,1,Phospholipid,PC/SM,High,Phosphocholine at 100% → PC or SM,"fragment:184.0733(Phosphocholine_C5H13NO4P,100%)",5.0
A15_102902,Streptophyta,indval_consensus,OE23-POS,102902,555.440458,True,47,47,15,0,15,Terpenoid,Terpenoid,Medium,15 terpenoid fragments → terpenoid/isoprenoid,"fragment:69.0705(Isoprene_unit,37%); fragment:81.0704(Monoterpene_frag,100%); fragment:93.0703(Toluenium,61%); fragment:95.0859(Methylcyclohexenyl,56%); fragment:105.0708(Xylene_cation,12%); fragment:107.0858(Dimethylcyclohexenyl,41%); fragment:109.1016(Sesquiterpene_frag,61%); fragment:119.0857(C9H11+,20%); fragment:121.1011(Sesquiterpene_frag2,68%); fragment:123.1170(Sesquiterpene_frag3,28%); fragment:133.1008(Diterpene_frag,20%); fragment:135.1167(Diterpene_frag2,76%); fragment:147.1171(C11H15+,25%); fragment:149.1328(Sesterterpene_frag,54%); fragment:161.1312(C12H17+,18%)",5.0
A15_102972,Streptophyta,indval_consensus,OE23-POS,102972,683.426895,True,139,25,3,0,3,Terpenoid,Terpenoid,Low,3 terpenoid fragments → possible terpenoid/isoprenoid,"fragment:81.0707(Monoterpene_frag,7%); fragment:95.0861(Methylcyclohexenyl,7%); fragment:109.1016(Sesquiterpene_frag,7%)",5.0
A15_103042,Streptophyta,indval_consensus,OE23-POS,103042,673.513608,True,43,35,5,0,5,Terpenoid,Terpenoid,Medium,5 terpenoid fragments → terpenoid/isoprenoid,"fragment:69.0708(Isoprene_unit,5%); fragment:81.0706(Monoterpene_frag,16%); fragment:93.0705(Toluenium,7%); fragment:95.0860(Methylcyclohexenyl,10%); fragment:109.1017(Sesquiterpene_frag,6%)",5.0
A15_103059,Streptophyta,indval_consensus,OE23-POS,103059,836.550802,True,68,24,1,0,1,Phospholipid,PC/SM,High,Phosphocholine at 94% → PC or SM,"fragment:184.0732(Phosphocholine_C5H13NO4P,94%)",5.0
A15_103076,Streptophyta,indval_consensus,OE23-POS,103076,423.361517,True,135,45,1,0,1,Pentacyclic_Triterpenoid,Hopanoid,Low,Hopanoid diagnostic fragments,"fragment:191.1798(Hopane_skeleton,7%)",5.0
A15_103165,Streptophyta,indval_consensus,OE23-POS,103165,634.504786,True,50,48,9,0,9,Terpenoid,Terpenoid,Medium,9 terpenoid fragments → terpenoid/isoprenoid,"fragment:93.0703(Toluenium,7%); fragment:95.0860(Methylcyclohexenyl,9%); fragment:105.0705(Xylene_cation,11%); fragment:107.0859(Dimethylcyclohexenyl,7%); fragment:121.1014(Sesquiterpene_frag2,11%); fragment:123.1160(Sesquiterpene_frag3,7%); fragment:133.1015(Diterpene_frag,7%); fragment:147.1166(C11H15+,6%); fragment:161.1323(C12H17+,7%)",5.0
A15_103199,Streptophyta,indval_consensus,OE23-POS,103199,749.51692,True,31,14,1,0,1,Phospholipid,PC/SM,Medium,Phosphocholine at 18% → PC or SM,"fragment:184.0732(Phosphocholine_C5H13NO4P,18%)",5.0
A15_103211,Streptophyta,indval_consensus,OE23-POS,103211,568.425472,True,88,67,16,0,16,Terpenoid,Terpenoid,Medium,16 terpenoid fragments → terpenoid/isoprenoid,"fragment:81.0705(Monoterpene_frag,43%); fragment:93.0702(Toluenium,25%); fragment:95.0860(Methylcyclohexenyl,40%); fragment:105.0704(Xylene_cation,11%); fragment:107.0860(Dimethylcyclohexenyl,28%); fragment:109.1015(Sesquiterpene_frag,35%); fragment:119.0857(C9H11+,40%); fragment:121.1015(Sesquiterpene_frag2,35%); fragment:123.1171(Sesquiterpene_frag3,21%); fragment:133.1015(Diterpene_frag,31%); fragment:135.1172(Diterpene_frag2,34%); fragment:147.1168(C11H15+,27%); fragment:149.1328(Sesterterpene_frag,15%); fragment:161.1329(C12H17+,13%); fragment:175.1479(C13H19+,26%); fragment:189.1642(Hopane_C14,8%)",5.0
A15_103320,Streptophyta,indval_consensus,OE23-POS,103320,816.571343,True,32,10,1,0,1,Phospholipid,PC/SM,High,Phosphocholine at 100% → PC or SM,"fragment:184.0733(Phosphocholine_C5H13NO4P,100%)",5.0
A15_103341,Streptophyta,indval_consensus,OE23-POS,103341,806.541256,True,101,67,1,0,1,Phospholipid,PC/SM,Medium,Phosphocholine at 14% → PC or SM,"fragment:184.0734(Phosphocholine_C5H13NO4P,14%)",5.0
A15_103359,Streptophyta,indval_consensus,OE23-POS,103359,764.567079,True,430,64,9,0,9,Terpenoid,Terpenoid,Medium,9 terpenoid fragments → terpenoid/isoprenoid,"fragment:109.1015(Sesquiterpene_frag,10%); fragment:121.1016(Sesquiterpene_frag2,11%); fragment:123.1168(Sesquiterpene_frag3,6%); fragment:133.1014(Diterpene_frag,10%); fragment:135.1168(Diterpene_frag2,14%); fragment:147.1169(C11H15+,12%); fragment:149.1325(Sesterterpene_frag,11%); fragment:161.1326(C12H17+,8%); fragment:175.1481(C13H19+,8%)",5.0
A15_103374,Streptophyta,indval_consensus,OE23-POS,103374,773.550368,True,31,10,1,0,1,Phospholipid,PC/SM,High,Phosphocholine at 100% → PC or SM,"fragment:184.0734(Phosphocholine_C5H13NO4P,100%)",5.0
A15_103394,Streptophyta,indval_consensus,OE23-POS,103394,519.403671,True,18,18,1,0,1,Phospholipid,PC/SM,High,Phosphocholine at 25% → PC or SM,"fragment:184.0738(Phosphocholine_C5H13NO4P,25%)",5.0
A15_103512,Streptophyta,indval_consensus,OE23-POS,103512,802.560118,True,75,10,1,0,1,Phospholipid,PC/SM,High,Phosphocholine at 23% → PC or SM,"fragment:184.0732(Phosphocholine_C5H13NO4P,23%)",5.0
A15_103670,Streptophyta,indval_consensus,OE23-POS,103670,567.419701,True,102,66,1,0,1,Phospholipid,PC/SM,High,Phosphocholine at 35% → PC or SM,"fragment:184.0738(Phosphocholine_C5H13NO4P,35%)",5.0
A15_103676,Streptophyta,indval_consensus,OE23-POS,103676,814.557998,True,127,5,1,0,1,Phospholipid,PC/SM,High,Phosphocholine at 100% → PC or SM,"fragment:184.0732(Phosphocholine_C5H13NO4P,100%)",5.0
A15_10368,Streptophyta,indval_consensus,OE23-POS,10368,329.21094,True,123,84,0,2,2,Sphingolipid,Ceramide,Medium,Sphingoid base fragments,"loss:180.0634(Hexose+H2O_loss,7%); loss:180.0634(Hexose_ceramide,7%)",5.0
A15_103718,Streptophyta,indval_consensus,OE23-POS,103718,749.575717,True,19,7,1,0,1,Phospholipid,PC/SM,Medium,Phosphocholine at 9% → PC or SM,"fragment:184.0729(Phosphocholine_C5H13NO4P,9%)",5.0
A15_103785,Streptophyta,indval_consensus,OE23-POS,103785,571.471291,True,62,46,1,0,1,Betaine_Lipid,DGTS,Medium,DGTS headgroup fragment,"fragment:236.1502(DGTS_headgroup,6%)",5.0
A15_103797,Streptophyta,indval_consensus,OE23-POS,103797,497.309862,True,57,57,0,1,1,Glycolipid,Glycolipid,Low,Hexose fragment/neutral loss,"loss:162.0528(Hexose_loss,98%)",5.0
A15_103840,Streptophyta,indval_consensus,OE23-POS,103840,767.585659,True,35,31,1,0,1,Phospholipid,PC/SM,Medium,Phosphocholine at 12% → PC or SM,"fragment:184.0736(Phosphocholine_C5H13NO4P,12%)",5.0
A15_103873,Streptophyta,indval_consensus,OE23-POS,103873,563.427904,True,64,36,10,0,10,Terpenoid,Terpenoid,Medium,10 terpenoid fragments → terpenoid/isoprenoid,"fragment:69.0707(Isoprene_unit,7%); fragment:81.0705(Monoterpene_frag,11%); fragment:93.0706(Toluenium,5%); fragment:95.0858(Methylcyclohexenyl,12%); fragment:107.0857(Dimethylcyclohexenyl,10%); fragment:109.1015(Sesquiterpene_frag,7%); fragment:119.0857(C9H11+,7%); fragment:121.1014(Sesquiterpene_frag2,9%); fragment:123.1171(Sesquiterpene_frag3,6%); fragment:133.1013(Diterpene_frag,8%)",5.0
A15_104057,Mollusca,composite,OE23-POS,104057,597.377655,True,57,57,7,0,7,Terpenoid,Terpenoid,Medium,7 terpenoid fragments → terpenoid/isoprenoid,"fragment:69.0572(Isoprene_unit,11%); fragment:81.0702(Monoterpene_frag,17%); fragment:95.0861(Methylcyclohexenyl,24%); fragment:109.1015(Sesquiterpene_frag,15%); fragment:121.1023(Sesquiterpene_frag2,13%); fragment:133.0863(Diterpene_frag,16%); fragment:135.1167(Diterpene_frag2,12%)",5.0
A15_104132,Streptophyta,indval_consensus,OE23-POS,104132,660.428124,True,30,30,1,1,2,Phospholipid,PE,High,PE headgroup + phosphocholine at 100%,"fragment:184.0734(Phosphocholine_C5H13NO4P,100%); loss:141.0191(Ethanolamine_phosphate,61%)",5.0
A15_104170,Streptophyta,indval_consensus,OE23-POS,104170,802.563174,True,23,23,1,0,1,Phospholipid,PC/SM,High,Phosphocholine at 100% → PC or SM,"fragment:184.0734(Phosphocholine_C5H13NO4P,100%)",5.0
A15_104182,Streptophyta,indval_consensus,OE23-POS,104182,789.511972,True,25,9,1,0,1,Phospholipid,PC/SM,High,Phosphocholine at 100% → PC or SM,"fragment:184.0733(Phosphocholine_C5H13NO4P,100%)",5.0
A15_104199,Streptophyta,indval_consensus,OE23-POS,104199,660.518285,True,49,49,10,0,10,Terpenoid,Terpenoid,Medium,10 terpenoid fragments → terpenoid/isoprenoid,"fragment:93.0707(Toluenium,11%); fragment:95.0864(Methylcyclohexenyl,28%); fragment:105.0705(Xylene_cation,13%); fragment:107.0861(Dimethylcyclohexenyl,12%); fragment:109.1015(Sesquiterpene_frag,100%); fragment:119.0862(C9H11+,10%); fragment:121.1017(Sesquiterpene_frag2,14%); fragment:123.1175(Sesquiterpene_frag3,13%); fragment:135.1176(Diterpene_frag2,12%); fragment:149.1334(Sesterterpene_frag,9%)",5.0
A15_104300,Streptophyta,indval_consensus,OE23-POS,104300,590.446232,True,43,43,6,0,6,Terpenoid,Terpenoid,Medium,6 terpenoid fragments → terpenoid/isoprenoid,"fragment:81.0704(Monoterpene_frag,34%); fragment:95.0860(Methylcyclohexenyl,39%); fragment:107.0859(Dimethylcyclohexenyl,16%); fragment:109.1015(Sesquiterpene_frag,32%); fragment:121.1009(Sesquiterpene_frag2,21%); fragment:135.1168(Diterpene_frag2,25%)",5.0
A15_104432,Streptophyta,indval_consensus,OE23-POS,104432,551.425658,True,86,85,1,0,1,Betaine_Lipid,DGTS,Medium,DGTS headgroup fragment,"fragment:236.1498(DGTS_headgroup,8%)",5.0
A15_10444,Streptophyta,indval_consensus,OE23-POS,10444,631.394561,True,137,60,12,0,12,Terpenoid,Terpenoid,Medium,12 terpenoid fragments → terpenoid/isoprenoid,"fragment:93.0704(Toluenium,8%); fragment:95.0860(Methylcyclohexenyl,13%); fragment:105.0703(Xylene_cation,21%); fragment:107.0859(Dimethylcyclohexenyl,12%); fragment:109.1015(Sesquiterpene_frag,16%); fragment:119.0858(C9H11+,11%); fragment:121.1015(Sesquiterpene_frag2,18%); fragment:123.1173(Sesquiterpene_frag3,6%); fragment:133.1013(Diterpene_frag,13%); fragment:135.1170(Diterpene_frag2,10%); fragment:147.1171(C11H15+,7%); fragment:175.1483(C13H19+,7%)",5.0
A15_104484,Streptophyta,indval_consensus,OE23-POS,104484,748.572167,True,47,22,1,0,1,Phospholipid,PC/SM,High,Phosphocholine at 87% → PC or SM,"fragment:184.0734(Phosphocholine_C5H13NO4P,87%)",5.0
A15_104527,Streptophyta,indval_consensus,OE23-POS,104527,766.582193,True,36,36,3,0,3,Terpenoid,Terpenoid,Low,3 terpenoid fragments → possible terpenoid/isoprenoid,"fragment:109.1020(Sesquiterpene_frag,11%); fragment:121.1019(Sesquiterpene_frag2,11%); fragment:123.1172(Sesquiterpene_frag3,10%)",5.0
A15_104533,Streptophyta,indval_consensus,OE23-POS,104533,580.456595,True,202,60,1,0,1,Phospholipid,PC/SM,High,Phosphocholine at 57% → PC or SM,"fragment:184.0733(Phosphocholine_C5H13NO4P,57%)",5.0
A15_104554,Nematoda,composite,OE23-POS,104554,351.33722,True,29,29,3,0,3,Terpenoid,Terpenoid,Low,3 terpenoid fragments → possible terpenoid/isoprenoid,"fragment:69.0709(Isoprene_unit,33%); fragment:81.0704(Monoterpene_frag,40%); fragment:95.0861(Methylcyclohexenyl,27%)",5.0
A15_104560,Streptophyta,indval_consensus,OE23-POS,104560,645.491579,True,97,34,13,0,13,Terpenoid,Terpenoid,Medium,13 terpenoid fragments → terpenoid/isoprenoid,"fragment:93.0703(Toluenium,8%); fragment:95.0859(Methylcyclohexenyl,16%); fragment:107.0859(Dimethylcyclohexenyl,7%); fragment:109.1014(Sesquiterpene_frag,11%); fragment:119.0858(C9H11+,8%); fragment:121.1013(Sesquiterpene_frag2,15%); fragment:123.1173(Sesquiterpene_frag3,6%); fragment:133.1012(Diterpene_frag,13%); fragment:135.1168(Diterpene_frag2,14%); fragment:147.1168(C11H15+,15%); fragment:149.1328(Sesterterpene_frag,8%); fragment:161.1326(C12H17+,13%); fragment:175.1482(C13H19+,6%)",5.0
A15_104610,Streptophyta,indval_consensus,OE23-POS,104610,613.423949,True,148,106,17,0,17,Terpenoid,Terpenoid,Medium,17 terpenoid fragments → terpenoid/isoprenoid,"fragment:69.0705(Isoprene_unit,25%); fragment:81.0706(Monoterpene_frag,58%); fragment:93.0703(Toluenium,39%); fragment:95.0860(Methylcyclohexenyl,45%); fragment:105.0703(Xylene_cation,28%); fragment:107.0857(Dimethylcyclohexenyl,43%); fragment:109.1016(Sesquiterpene_frag,86%); fragment:119.0857(C9H11+,89%); fragment:121.1013(Sesquiterpene_frag2,80%); fragment:123.1170(Sesquiterpene_frag3,47%); fragment:133.1014(Diterpene_frag,71%); fragment:135.1171(Diterpene_frag2,67%); fragment:147.1168(C11H15+,73%); fragment:149.1324(Sesterterpene_frag,15%); fragment:161.1328(C12H17+,16%); fragment:175.1482(C13H19+,46%); fragment:189.1637(Hopane_C14,12%)",5.0
A15_104637,Streptophyta,indval_consensus,OE23-POS,104637,683.426864,True,47,36,1,0,1,Quinone,Ubiquinone,Medium,Ubiquinone headgroup fragment,"fragment:197.0809(Ubiquinone_headgroup,5%)",5.0
A15_10468,Streptophyta,indval_consensus,OE23-POS,10468,501.319061,True,75,21,9,0,9,Terpenoid,Terpenoid,Medium,9 terpenoid fragments → terpenoid/isoprenoid,"fragment:81.0705(Monoterpene_frag,15%); fragment:93.0704(Toluenium,14%); fragment:95.0860(Methylcyclohexenyl,11%); fragment:105.0703(Xylene_cation,6%); fragment:107.0860(Dimethylcyclohexenyl,10%); fragment:109.1013(Sesquiterpene_frag,6%); fragment:119.0860(C9H11+,9%); fragment:121.1013(Sesquiterpene_frag2,6%); fragment:133.1013(Diterpene_frag,8%)",5.0
A15_104728,Mollusca,composite,OE23-POS,104728,363.2888,True,29,29,9,0,9,Terpenoid,Terpenoid,Medium,9 terpenoid fragments → terpenoid/isoprenoid,"fragment:69.0705(Isoprene_unit,88%); fragment:81.0704(Monoterpene_frag,100%); fragment:95.0861(Methylcyclohexenyl,66%); fragment:107.0853(Dimethylcyclohexenyl,33%); fragment:109.1015(Sesquiterpene_frag,61%); fragment:121.1011(Sesquiterpene_frag2,27%); fragment:123.1169(Sesquiterpene_frag3,30%); fragment:135.1168(Diterpene_frag2,26%); fragment:175.1477(C13H19+,32%)",5.0
A15_104730,Streptophyta,indval_consensus,OE23-POS,104730,738.587338,True,25,25,1,0,1,Phospholipid,PC/SM,High,Phosphocholine at 29% → PC or SM,"fragment:184.0732(Phosphocholine_C5H13NO4P,29%)",5.0
A15_104896,Streptophyta,indval_consensus,OE23-POS,104896,810.607435,True,38,38,1,0,1,Phospholipid,PC/SM,High,Phosphocholine at 73% → PC or SM,"fragment:184.0733(Phosphocholine_C5H13NO4P,73%)",5.0
A15_104903,Streptophyta,indval_consensus,OE23-POS,104903,702.467584,True,213,24,1,0,1,Phospholipid,PC/SM,Medium,Phosphocholine at 12% → PC or SM,"fragment:184.0733(Phosphocholine_C5H13NO4P,12%)",5.0
A15_105045,Streptophyta,indval_consensus,OE23-POS,105045,647.474757,True,63,11,0,1,1,Phospholipid,PE,Medium,PE-specific ions without phosphocholine,"loss:141.0191(Ethanolamine_phosphate,100%)",5.0
A15_105176,Streptophyta,indval_consensus,OE23-POS,105176,621.449377,True,92,44,9,0,9,Terpenoid,Terpenoid,Medium,9 terpenoid fragments → terpenoid/isoprenoid,"fragment:93.0703(Toluenium,7%); fragment:95.0858(Methylcyclohexenyl,8%); fragment:107.0860(Dimethylcyclohexenyl,5%); fragment:109.1017(Sesquiterpene_frag,7%); fragment:121.1013(Sesquiterpene_frag2,7%); fragment:123.1168(Sesquiterpene_frag3,13%); fragment:133.1013(Diterpene_frag,5%); fragment:135.1172(Diterpene_frag2,9%); fragment:149.1326(Sesterterpene_frag,5%)",5.0
A15_105207,Streptophyta,indval_consensus,OE23-POS,105207,774.588148,True,123,48,1,0,1,Phospholipid,PC/SM,Medium,Phosphocholine at 13% → PC or SM,"fragment:184.0730(Phosphocholine_C5H13NO4P,13%)",5.0
A15_105480,Streptophyta,indval_consensus,OE23-POS,105480,643.43216,True,64,22,6,0,6,Terpenoid,Terpenoid,Medium,6 terpenoid fragments → terpenoid/isoprenoid,"fragment:93.0703(Toluenium,15%); fragment:95.0860(Methylcyclohexenyl,7%); fragment:105.0703(Xylene_cation,10%); fragment:107.0860(Dimethylcyclohexenyl,14%); fragment:121.1015(Sesquiterpene_frag2,6%); fragment:133.1018(Diterpene_frag,5%)",5.0
A15_105574,Streptophyta,indval_consensus,OE23-POS,105574,395.366779,True,106,8,2,0,2,Sterol,Sterol,Medium,Sterol dehydration fragments,"fragment:395.3675(Stigmasterol_-H2O,10%); fragment:395.3675(Diplopterol,10%)",5.0
A15_105581,Streptophyta,indval_consensus,OE23-POS,105581,873.531021,True,25,9,1,0,1,Phospholipid,PC/SM,High,Phosphocholine at 100% → PC or SM,"fragment:184.0735(Phosphocholine_C5H13NO4P,100%)",5.0
A15_105592,Streptophyta,indval_consensus,OE23-POS,105592,419.351547,True,55,25,7,0,7,Terpenoid,Terpenoid,Medium,7 terpenoid fragments → terpenoid/isoprenoid,"fragment:69.0706(Isoprene_unit,17%); fragment:81.0705(Monoterpene_frag,9%); fragment:93.0704(Toluenium,7%); fragment:95.0859(Methylcyclohexenyl,6%); fragment:109.1017(Sesquiterpene_frag,7%); fragment:119.0858(C9H11+,26%); fragment:133.1011(Diterpene_frag,8%)",5.0
A15_105664,Streptophyta,indval_consensus,OE23-POS,105664,861.476227,True,83,22,1,0,1,Phospholipid,PC/SM,High,Phosphocholine at 65% → PC or SM,"fragment:184.0732(Phosphocholine_C5H13NO4P,65%)",5.0
A15_105683,Streptophyta,indval_consensus,OE23-POS,105683,581.456914,True,44,44,2,0,2,Phospholipid,PC/SM,Medium,Phosphocholine at 11% → PC or SM,"fragment:184.0736(Phosphocholine_C5H13NO4P,11%); fragment:197.0809(Ubiquinone_headgroup,68%)",5.0
A15_105706,Streptophyta,indval_consensus,OE23-POS,105706,832.525185,True,53,50,1,0,1,Phospholipid,PC/SM,High,Phosphocholine at 36% → PC or SM,"fragment:184.0734(Phosphocholine_C5H13NO4P,36%)",5.0
A15_105779,Streptophyta,indval_consensus,OE23-POS,105779,856.52369,True,79,26,1,0,1,Phospholipid,PC/SM,Medium,Phosphocholine at 10% → PC or SM,"fragment:184.0731(Phosphocholine_C5H13NO4P,10%)",5.0
A15_105817,Streptophyta,indval_consensus,OE23-POS,105817,445.367069,True,68,63,11,0,11,Terpenoid,Terpenoid,Medium,11 terpenoid fragments → terpenoid/isoprenoid,"fragment:69.0706(Isoprene_unit,47%); fragment:81.0704(Monoterpene_frag,35%); fragment:93.0698(Toluenium,8%); fragment:95.0860(Methylcyclohexenyl,38%); fragment:107.0858(Dimethylcyclohexenyl,12%); fragment:109.1014(Sesquiterpene_frag,30%); fragment:121.1014(Sesquiterpene_frag2,15%); fragment:123.1168(Sesquiterpene_frag3,14%); fragment:133.1013(Diterpene_frag,13%); fragment:135.1174(Diterpene_frag2,8%); fragment:149.1316(Sesterterpene_frag,5%)",5.0
A15_105901,Streptophyta,indval_consensus,OE23-POS,105901,806.54132,True,90,37,1,0,1,Phospholipid,PC/SM,Medium,Phosphocholine at 7% → PC or SM,"fragment:184.0744(Phosphocholine_C5H13NO4P,7%)",5.0
A15_105953,Streptophyta,indval_consensus,OE23-POS,105953,551.425611,True,131,54,15,0,15,Terpenoid,Terpenoid,Medium,15 terpenoid fragments → terpenoid/isoprenoid,"fragment:69.0706(Isoprene_unit,35%); fragment:81.0705(Monoterpene_frag,46%); fragment:93.0702(Toluenium,45%); fragment:95.0860(Methylcyclohexenyl,62%); fragment:105.0702(Xylene_cation,28%); fragment:107.0858(Dimethylcyclohexenyl,55%); fragment:109.1014(Sesquiterpene_frag,64%); fragment:119.0857(C9H11+,100%); fragment:121.1013(Sesquiterpene_frag2,68%); fragment:123.1169(Sesquiterpene_frag3,28%); fragment:133.1013(Diterpene_frag,54%); fragment:135.1167(Diterpene_frag2,83%); fragment:147.1170(C11H15+,22%); fragment:161.1328(C12H17+,25%); fragment:175.1481(C13H19+,87%)",5.0
A15_106065,Streptophyta,indval_consensus,OE23-POS,106065,568.426157,True,62,52,15,0,15,Terpenoid,Terpenoid,Medium,15 terpenoid fragments → terpenoid/isoprenoid,"fragment:69.0706(Isoprene_unit,24%); fragment:81.0707(Monoterpene_frag,63%); fragment:93.0704(Toluenium,62%); fragment:95.0860(Methylcyclohexenyl,46%); fragment:105.0703(Xylene_cation,28%); fragment:107.0856(Dimethylcyclohexenyl,97%); fragment:109.1016(Sesquiterpene_frag,81%); fragment:119.0856(C9H11+,97%); fragment:121.1013(Sesquiterpene_frag2,79%); fragment:123.1174(Sesquiterpene_frag3,25%); fragment:133.1012(Diterpene_frag,87%); fragment:135.1169(Diterpene_frag2,88%); fragment:147.1170(C11H15+,55%); fragment:161.1329(C12H17+,15%); fragment:175.1483(C13H19+,69%)",5.0
A15_106167,Streptophyta,indval_consensus,OE23-POS,106167,636.519408,True,63,63,12,0,12,Terpenoid,Terpenoid,Medium,12 terpenoid fragments → terpenoid/isoprenoid,"fragment:93.0708(Toluenium,29%); fragment:95.0864(Methylcyclohexenyl,26%); fragment:105.0700(Xylene_cation,15%); fragment:107.0861(Dimethylcyclohexenyl,21%); fragment:109.1021(Sesquiterpene_frag,26%); fragment:119.0860(C9H11+,16%); fragment:121.1018(Sesquiterpene_frag2,22%); fragment:123.1175(Sesquiterpene_frag3,12%); fragment:133.1020(Diterpene_frag,15%); fragment:135.1176(Diterpene_frag2,13%); fragment:147.1174(C11H15+,15%); fragment:149.1328(Sesterterpene_frag,10%)",5.0
A15_106262,Streptophyta,indval_consensus,OE23-POS,106262,459.36182,True,53,53,16,0,16,Terpenoid,Terpenoid,Medium,16 terpenoid fragments → terpenoid/isoprenoid,"fragment:69.0705(Isoprene_unit,41%); fragment:81.0704(Monoterpene_frag,34%); fragment:93.0703(Toluenium,24%); fragment:95.0861(Methylcyclohexenyl,84%); fragment:105.0701(Xylene_cation,18%); fragment:107.0859(Dimethylcyclohexenyl,43%); fragment:109.1016(Sesquiterpene_frag,83%); fragment:119.0858(C9H11+,84%); fragment:121.1014(Sesquiterpene_frag2,69%); fragment:123.1171(Sesquiterpene_frag3,22%); fragment:133.1012(Diterpene_frag,60%); fragment:135.1168(Diterpene_frag2,100%); fragment:147.1169(C11H15+,24%); fragment:149.1323(Sesterterpene_frag,14%); fragment:161.1321(C12H17+,14%); fragment:175.1481(C13H19+,100%)",5.0
A15_106263,Streptophyta,indval_consensus,OE23-POS,106263,585.429709,True,60,60,15,0,15,Terpenoid,Terpenoid,Medium,15 terpenoid fragments → terpenoid/isoprenoid,"fragment:69.0706(Isoprene_unit,17%); fragment:81.0703(Monoterpene_frag,77%); fragment:93.0703(Toluenium,45%); fragment:95.0859(Methylcyclohexenyl,60%); fragment:105.0704(Xylene_cation,31%); fragment:107.0860(Dimethylcyclohexenyl,47%); fragment:109.1013(Sesquiterpene_frag,97%); fragment:119.0858(C9H11+,77%); fragment:121.1012(Sesquiterpene_frag2,100%); fragment:123.1169(Sesquiterpene_frag3,34%); fragment:133.1011(Diterpene_frag,60%); fragment:135.1170(Diterpene_frag2,57%); fragment:147.1168(C11H15+,79%); fragment:161.1328(C12H17+,30%); fragment:175.1478(C13H19+,34%)",5.0
A15_106267,Streptophyta,indval_consensus,OE23-POS,106267,357.107605,True,32,26,5,0,5,Terpenoid,Terpenoid,Medium,5 terpenoid fragments → terpenoid/isoprenoid,"fragment:69.0706(Isoprene_unit,6%); fragment:81.0707(Monoterpene_frag,12%); fragment:93.0705(Toluenium,9%); fragment:95.0860(Methylcyclohexenyl,10%); fragment:109.1016(Sesquiterpene_frag,9%)",5.0
A15_106302,Streptophyta,indval_consensus,OE23-POS,106302,858.584249,True,16,9,1,0,1,Phospholipid,PC/SM,High,Phosphocholine at 100% → PC or SM,"fragment:184.0734(Phosphocholine_C5H13NO4P,100%)",5.0
A15_106439,Streptophyta,indval_consensus,OE23-POS,106439,567.420014,True,60,60,14,0,14,Terpenoid,Terpenoid,Medium,14 terpenoid fragments → terpenoid/isoprenoid,"fragment:69.0706(Isoprene_unit,12%); fragment:81.0704(Monoterpene_frag,58%); fragment:93.0703(Toluenium,28%); fragment:95.0858(Methylcyclohexenyl,58%); fragment:105.0701(Xylene_cation,18%); fragment:107.0858(Dimethylcyclohexenyl,38%); fragment:109.1014(Sesquiterpene_frag,100%); fragment:119.0857(C9H11+,76%); fragment:121.1011(Sesquiterpene_frag2,54%); fragment:123.1170(Sesquiterpene_frag3,25%); fragment:133.1011(Diterpene_frag,68%); fragment:135.1170(Diterpene_frag2,69%); fragment:147.1170(C11H15+,30%); fragment:175.1479(C13H19+,36%)",5.0
A15_106479,Nematoda,composite,OE23-POS,106479,609.427117,True,53,53,1,0,1,Quinone,Ubiquinone,Medium,Ubiquinone headgroup fragment,"fragment:197.0811(Ubiquinone_headgroup,50%)",5.0
A15_1065,Streptophyta,indval_consensus,OE23-POS,1065,349.198634,True,577,142,16,0,16,Terpenoid,Terpenoid,Medium,16 terpenoid fragments → terpenoid/isoprenoid,"fragment:69.0706(Isoprene_unit,28%); fragment:81.0705(Monoterpene_frag,81%); fragment:93.0703(Toluenium,51%); fragment:95.0860(Methylcyclohexenyl,48%); fragment:105.0703(Xylene_cation,33%); fragment:107.0858(Dimethylcyclohexenyl,37%); fragment:109.1016(Sesquiterpene_frag,40%); fragment:119.0858(C9H11+,35%); fragment:121.1014(Sesquiterpene_frag2,37%); fragment:123.1170(Sesquiterpene_frag3,14%); fragment:133.1012(Diterpene_frag,42%); fragment:135.1169(Diterpene_frag2,30%); fragment:147.1167(C11H15+,34%); fragment:149.1324(Sesterterpene_frag,26%); fragment:161.1325(C12H17+,25%); fragment:175.1479(C13H19+,16%)",5.0
A15_106501,Streptophyta,indval_consensus,OE23-POS,106501,533.418896,True,60,60,13,0,13,Terpenoid,Terpenoid,Medium,13 terpenoid fragments → terpenoid/isoprenoid,"fragment:69.0706(Isoprene_unit,22%); fragment:81.0705(Monoterpene_frag,65%); fragment:93.0703(Toluenium,30%); fragment:95.0860(Methylcyclohexenyl,54%); fragment:105.0699(Xylene_cation,16%); fragment:107.0860(Dimethylcyclohexenyl,18%); fragment:109.1015(Sesquiterpene_frag,30%); fragment:119.0857(C9H11+,25%); fragment:121.1014(Sesquiterpene_frag2,20%); fragment:123.1172(Sesquiterpene_frag3,20%); fragment:133.1010(Diterpene_frag,18%); fragment:135.1170(Diterpene_frag2,24%); fragment:161.1331(C12H17+,10%)",5.0
A15_106533,Streptophyta,indval_consensus,OE23-POS,106533,832.639915,True,87,83,1,0,1,Phospholipid,PC/SM,High,Phosphocholine at 100% → PC or SM,"fragment:184.0732(Phosphocholine_C5H13NO4P,100%)",5.0
A15_106666,Streptophyta,indval_consensus,OE23-POS,106666,307.225997,True,73,37,14,0,14,Terpenoid,Terpenoid,Medium,14 terpenoid fragments → terpenoid/isoprenoid,"fragment:69.0706(Isoprene_unit,35%); fragment:81.0704(Monoterpene_frag,79%); fragment:93.0703(Toluenium,76%); fragment:95.0859(Methylcyclohexenyl,50%); fragment:105.0702(Xylene_cation,13%); fragment:107.0859(Dimethylcyclohexenyl,34%); fragment:109.1014(Sesquiterpene_frag,23%); fragment:119.0859(C9H11+,11%); fragment:121.1015(Sesquiterpene_frag2,23%); fragment:123.1171(Sesquiterpene_frag3,14%); fragment:133.1013(Diterpene_frag,15%); fragment:135.1170(Diterpene_frag2,19%); fragment:147.1173(C11H15+,6%); fragment:149.1325(Sesterterpene_frag,9%)",5.0
A15_106715,Streptophyta,indval_consensus,OE23-POS,106715,429.372482,True,79,18,6,0,6,Terpenoid,Terpenoid,Medium,6 terpenoid fragments → terpenoid/isoprenoid,"fragment:69.0706(Isoprene_unit,12%); fragment:81.0705(Monoterpene_frag,17%); fragment:95.0859(Methylcyclohexenyl,13%); fragment:109.1016(Sesquiterpene_frag,7%); fragment:123.1170(Sesquiterpene_frag3,6%); fragment:135.1171(Diterpene_frag2,5%)",5.0
A15_106838,Streptophyta,indval_consensus,OE23-POS,106838,476.373484,True,45,12,3,0,3,Terpenoid,Terpenoid,Low,3 terpenoid fragments → possible terpenoid/isoprenoid,"fragment:81.0704(Monoterpene_frag,6%); fragment:95.0860(Methylcyclohexenyl,7%); fragment:109.1015(Sesquiterpene_frag,6%)",5.0
A15_106894,Streptophyta,indval_consensus,OE23-POS,106894,393.335507,True,28,28,4,0,4,Terpenoid,Terpenoid,Low,4 terpenoid fragments → possible terpenoid/isoprenoid,"fragment:69.0706(Isoprene_unit,21%); fragment:81.0704(Monoterpene_frag,11%); fragment:95.0858(Methylcyclohexenyl,8%); fragment:133.0861(Diterpene_frag,15%)",5.0
A15_106952,Streptophyta,indval_consensus,OE23-POS,106952,702.529646,True,17,11,1,0,1,Phospholipid,PC/SM,Medium,Phosphocholine at 10% → PC or SM,"fragment:184.0739(Phosphocholine_C5H13NO4P,10%)",5.0
A15_106991,Streptophyta,indval_consensus,OE23-POS,106991,751.532584,True,73,71,1,0,1,Phospholipid,PC/SM,Medium,Phosphocholine at 13% → PC or SM,"fragment:184.0738(Phosphocholine_C5H13NO4P,13%)",5.0
A15_107251,Streptophyta,indval_consensus,OE23-POS,107251,778.534857,True,51,17,1,0,1,Phospholipid,PC/SM,High,Phosphocholine at 99% → PC or SM,"fragment:184.0732(Phosphocholine_C5H13NO4P,99%)",5.0
A15_107374,Streptophyta,indval_consensus,OE23-POS,107374,791.529138,True,24,11,1,0,1,Phospholipid,PC/SM,High,Phosphocholine at 100% → PC or SM,"fragment:184.0734(Phosphocholine_C5H13NO4P,100%)",5.0
A15_107438,Streptophyta,indval_consensus,OE23-POS,107438,377.283519,True,78,61,17,0,17,Terpenoid,Terpenoid,Medium,17 terpenoid fragments → terpenoid/isoprenoid,"fragment:69.0706(Isoprene_unit,100%); fragment:81.0705(Monoterpene_frag,73%); fragment:93.0703(Toluenium,47%); fragment:95.0860(Methylcyclohexenyl,77%); fragment:105.0702(Xylene_cation,40%); fragment:107.0858(Dimethylcyclohexenyl,37%); fragment:109.1014(Sesquiterpene_frag,33%); fragment:119.0858(C9H11+,50%); fragment:121.1014(Sesquiterpene_frag2,35%); fragment:123.1170(Sesquiterpene_frag3,95%); fragment:133.1013(Diterpene_frag,36%); fragment:135.1170(Diterpene_frag2,16%); fragment:147.1169(C11H15+,23%); fragment:149.1325(Sesterterpene_frag,9%); fragment:161.1330(C12H17+,10%); fragment:175.1483(C13H19+,11%); fragment:189.1641(Hopane_C14,8%)",5.0
A15_107613,Streptophyta,indval_consensus,OE23-POS,107613,786.568539,True,127,57,1,0,1,Phospholipid,PC/SM,High,Phosphocholine at 39% → PC or SM,"fragment:184.0734(Phosphocholine_C5H13NO4P,39%)",5.0
A15_10763,Streptophyta,indval_consensus,OE23-POS,10763,598.325616,True,189,27,1,0,1,Sphingolipid,Ceramide,Medium,Sphingoid base fragments,"fragment:264.2401(Sphingoid_d18:1,11%)",5.0
A15_107653,Chlorophyta,composite,OE23-POS,107653,789.496172,True,63,22,0,2,2,Sphingolipid,Ceramide,Medium,Sphingoid base fragments,"loss:180.0634(Hexose+H2O_loss,9%); loss:180.0634(Hexose_ceramide,9%)",5.0
A15_107690,Streptophyta,indval_consensus,OE23-POS,107690,551.425423,True,114,47,15,0,15,Terpenoid,Terpenoid,Medium,15 terpenoid fragments → terpenoid/isoprenoid,"fragment:69.0705(Isoprene_unit,16%); fragment:81.0704(Monoterpene_frag,41%); fragment:93.0703(Toluenium,39%); fragment:95.0860(Methylcyclohexenyl,62%); fragment:105.0702(Xylene_cation,30%); fragment:107.0859(Dimethylcyclohexenyl,49%); fragment:109.1015(Sesquiterpene_frag,54%); fragment:119.0856(C9H11+,100%); fragment:121.1013(Sesquiterpene_frag2,63%); fragment:123.1170(Sesquiterpene_frag3,20%); fragment:133.1011(Diterpene_frag,37%); fragment:135.1168(Diterpene_frag2,72%); fragment:147.1169(C11H15+,23%); fragment:161.1327(C12H17+,13%); fragment:175.1483(C13H19+,70%)",5.0
A15_107707,Streptophyta,indval_consensus,OE23-POS,107707,597.487623,True,26,26,9,0,9,Terpenoid,Terpenoid,Medium,9 terpenoid fragments → terpenoid/isoprenoid,"fragment:69.0706(Isoprene_unit,16%); fragment:81.0704(Monoterpene_frag,24%); fragment:95.0861(Methylcyclohexenyl,45%); fragment:107.0859(Dimethylcyclohexenyl,11%); fragment:109.1019(Sesquiterpene_frag,32%); fragment:121.1012(Sesquiterpene_frag2,19%); fragment:133.1016(Diterpene_frag,22%); fragment:135.1158(Diterpene_frag2,12%); fragment:147.1160(C11H15+,13%)",5.0
A15_107850,Streptophyta,indval_consensus,OE23-POS,107850,858.584284,True,15,15,1,0,1,Phospholipid,PC/SM,High,Phosphocholine at 96% → PC or SM,"fragment:184.0733(Phosphocholine_C5H13NO4P,96%)",5.0
A15_107871,Streptophyta,indval_consensus,OE23-POS,107871,593.458304,True,112,71,13,0,13,Terpenoid,Terpenoid,Medium,13 terpenoid fragments → terpenoid/isoprenoid,"fragment:93.0703(Toluenium,37%); fragment:95.0860(Methylcyclohexenyl,54%); fragment:105.0701(Xylene_cation,11%); fragment:107.0859(Dimethylcyclohexenyl,28%); fragment:109.1017(Sesquiterpene_frag,26%); fragment:119.0858(C9H11+,12%); fragment:121.1014(Sesquiterpene_frag2,36%); fragment:123.1170(Sesquiterpene_frag3,14%); fragment:133.1013(Diterpene_frag,19%); fragment:135.1170(Diterpene_frag2,26%); fragment:147.1170(C11H15+,13%); fragment:149.1324(Sesterterpene_frag,17%); fragment:161.1328(C12H17+,12%)",5.0
A15_107942,Streptophyta,indval_consensus,OE23-POS,107942,568.426144,True,61,61,15,0,15,Terpenoid,Terpenoid,Medium,15 terpenoid fragments → terpenoid/isoprenoid,"fragment:69.0705(Isoprene_unit,39%); fragment:81.0705(Monoterpene_frag,79%); fragment:93.0703(Toluenium,75%); fragment:95.0858(Methylcyclohexenyl,80%); fragment:105.0704(Xylene_cation,39%); fragment:107.0860(Dimethylcyclohexenyl,67%); fragment:109.1014(Sesquiterpene_frag,61%); fragment:119.0858(C9H11+,80%); fragment:121.1014(Sesquiterpene_frag2,100%); fragment:123.1168(Sesquiterpene_frag3,37%); fragment:133.1013(Diterpene_frag,88%); fragment:135.1168(Diterpene_frag2,85%); fragment:147.1170(C11H15+,39%); fragment:149.1330(Sesterterpene_frag,18%); fragment:175.1483(C13H19+,36%)",5.0
A15_107994,Streptophyta,indval_consensus,OE23-POS,107994,746.557254,True,195,10,1,0,1,Phospholipid,PC/SM,Medium,Phosphocholine at 5% → PC or SM,"fragment:184.0732(Phosphocholine_C5H13NO4P,5%)",5.0
A15_10806,Streptophyta,indval_consensus,OE23-POS,10806,349.273117,True,57,57,15,0,15,Terpenoid,Terpenoid,Medium,15 terpenoid fragments → terpenoid/isoprenoid,"fragment:69.0706(Isoprene_unit,71%); fragment:81.0704(Monoterpene_frag,100%); fragment:93.0702(Toluenium,78%); fragment:95.0859(Methylcyclohexenyl,62%); fragment:105.0704(Xylene_cation,43%); fragment:107.0861(Dimethylcyclohexenyl,60%); fragment:109.1015(Sesquiterpene_frag,40%); fragment:119.0859(C9H11+,31%); fragment:121.1015(Sesquiterpene_frag2,43%); fragment:123.1170(Sesquiterpene_frag3,15%); fragment:133.1013(Diterpene_frag,35%); fragment:135.1169(Diterpene_frag2,40%); fragment:147.1167(C11H15+,30%); fragment:149.1328(Sesterterpene_frag,22%); fragment:161.1326(C12H17+,26%)",5.0
A15_108167,Streptophyta,indval_consensus,OE23-POS,108167,307.225992,True,115,29,14,0,14,Terpenoid,Terpenoid,Medium,14 terpenoid fragments → terpenoid/isoprenoid,"fragment:69.0706(Isoprene_unit,26%); fragment:81.0705(Monoterpene_frag,89%); fragment:93.0704(Toluenium,51%); fragment:95.0859(Methylcyclohexenyl,65%); fragment:105.0705(Xylene_cation,10%); fragment:107.0858(Dimethylcyclohexenyl,19%); fragment:109.1015(Sesquiterpene_frag,30%); fragment:119.0856(C9H11+,10%); fragment:121.1012(Sesquiterpene_frag2,27%); fragment:123.1173(Sesquiterpene_frag3,9%); fragment:133.1014(Diterpene_frag,9%); fragment:135.1170(Diterpene_frag2,14%); fragment:147.1168(C11H15+,6%); fragment:149.1334(Sesterterpene_frag,6%)",5.0
A15_108239,Streptophyta,indval_consensus,OE23-POS,108239,812.583594,True,87,77,1,0,1,Phospholipid,PC/SM,High,Phosphocholine at 71% → PC or SM,"fragment:184.0734(Phosphocholine_C5H13NO4P,71%)",5.0
A15_108351,Streptophyta,indval_consensus,OE23-POS,108351,832.525385,True,217,52,1,0,1,Phospholipid,PC/SM,Medium,Phosphocholine at 6% → PC or SM,"fragment:184.0733(Phosphocholine_C5H13NO4P,6%)",5.0
A15_10844,Streptophyta,indval_consensus,OE23-POS,10844,289.21577,True,220,178,17,0,17,Terpenoid,Terpenoid,Medium,17 terpenoid fragments → terpenoid/isoprenoid,"fragment:69.0705(Isoprene_unit,79%); fragment:81.0704(Monoterpene_frag,87%); fragment:93.0703(Toluenium,80%); fragment:95.0859(Methylcyclohexenyl,100%); fragment:105.0702(Xylene_cation,53%); fragment:107.0858(Dimethylcyclohexenyl,73%); fragment:109.1014(Sesquiterpene_frag,91%); fragment:119.0857(C9H11+,44%); fragment:121.1014(Sesquiterpene_frag2,65%); fragment:123.1170(Sesquiterpene_frag3,49%); fragment:133.1012(Diterpene_frag,46%); fragment:135.1167(Diterpene_frag2,36%); fragment:147.1168(C11H15+,49%); fragment:149.1326(Sesterterpene_frag,26%); fragment:161.1326(C12H17+,22%); fragment:175.1484(C13H19+,17%); fragment:189.1635(Hopane_C14,9%)",5.0
A15_108493,Streptophyta,indval_consensus,OE23-POS,108493,449.340708,True,62,39,2,0,2,Glycolipid,Glycolipid,Low,Hexose fragment/neutral loss,"fragment:197.0961(Ubiquinone_headgroup,8%); fragment:225.0909(Hexose-H2O,11%)",5.0
A15_108570,Streptophyta,indval_consensus,OE23-POS,108570,395.366688,True,50,50,2,0,2,Sterol,Sterol,Medium,Sterol dehydration fragments,"fragment:395.3655(Stigmasterol_-H2O,48%); fragment:395.3655(Diplopterol,48%)",5.0
A15_108591,Streptophyta,indval_consensus,OE23-POS,108591,445.36707,True,192,63,10,0,10,Terpenoid,Terpenoid,Medium,10 terpenoid fragments → terpenoid/isoprenoid,"fragment:69.0706(Isoprene_unit,35%); fragment:81.0705(Monoterpene_frag,40%); fragment:93.0704(Toluenium,10%); fragment:95.0859(Methylcyclohexenyl,35%); fragment:107.0860(Dimethylcyclohexenyl,14%); fragment:109.1015(Sesquiterpene_frag,18%); fragment:121.1015(Sesquiterpene_frag2,9%); fragment:123.1170(Sesquiterpene_frag3,13%); fragment:135.1169(Diterpene_frag2,10%); fragment:149.1326(Sesterterpene_frag,13%)",5.0
A15_108775,Streptophyta,indval_consensus,OE23-POS,108775,842.588757,True,66,14,1,0,1,Phospholipid,PC/SM,High,Phosphocholine at 100% → PC or SM,"fragment:184.0733(Phosphocholine_C5H13NO4P,100%)",5.0
A15_108831,Streptophyta,indval_consensus,OE23-POS,108831,669.448353,True,85,17,1,0,1,Phospholipid,PC/SM,High,Phosphocholine at 100% → PC or SM,"fragment:184.0734(Phosphocholine_C5H13NO4P,100%)",5.0
A15_10887,Streptophyta,indval_consensus,OE23-POS,10887,677.368509,True,146,74,1,0,1,Phospholipid,PC/SM,Medium,Phosphocholine at 8% → PC or SM,"fragment:184.0734(Phosphocholine_C5H13NO4P,8%)",5.0
A15_109133,Streptophyta,indval_consensus,OE23-POS,109133,551.425519,True,104,59,17,0,17,Terpenoid,Terpenoid,Medium,17 terpenoid fragments → terpenoid/isoprenoid,"fragment:69.0706(Isoprene_unit,29%); fragment:81.0705(Monoterpene_frag,37%); fragment:93.0705(Toluenium,45%); fragment:95.0859(Methylcyclohexenyl,62%); fragment:105.0703(Xylene_cation,23%); fragment:107.0858(Dimethylcyclohexenyl,56%); fragment:109.1015(Sesquiterpene_frag,70%); fragment:119.0857(C9H11+,100%); fragment:121.1012(Sesquiterpene_frag2,60%); fragment:123.1170(Sesquiterpene_frag3,31%); fragment:133.1012(Diterpene_frag,52%); fragment:135.1169(Diterpene_frag2,66%); fragment:147.1164(C11H15+,21%); fragment:149.1330(Sesterterpene_frag,9%); fragment:161.1327(C12H17+,18%); fragment:175.1483(C13H19+,75%); fragment:189.1640(Hopane_C14,11%)",5.0
A15_109145,Streptophyta,indval_consensus,OE23-POS,109145,741.547985,True,64,25,5,0,5,Terpenoid,Terpenoid,Medium,5 terpenoid fragments → terpenoid/isoprenoid,"fragment:109.1017(Sesquiterpene_frag,5%); fragment:121.1017(Sesquiterpene_frag2,6%); fragment:133.1016(Diterpene_frag,6%); fragment:135.1169(Diterpene_frag2,11%); fragment:149.1326(Sesterterpene_frag,8%)",5.0
A15_109176,Streptophyta,indval_consensus,OE23-POS,109176,307.226009,True,78,28,13,0,13,Terpenoid,Terpenoid,Medium,13 terpenoid fragments → terpenoid/isoprenoid,"fragment:69.0706(Isoprene_unit,31%); fragment:81.0705(Monoterpene_frag,71%); fragment:93.0703(Toluenium,51%); fragment:95.0859(Methylcyclohexenyl,60%); fragment:105.0703(Xylene_cation,14%); fragment:107.0859(Dimethylcyclohexenyl,21%); fragment:109.1015(Sesquiterpene_frag,28%); fragment:119.0859(C9H11+,11%); fragment:121.1015(Sesquiterpene_frag2,22%); fragment:123.1170(Sesquiterpene_frag3,10%); fragment:133.1013(Diterpene_frag,13%); fragment:135.1169(Diterpene_frag2,11%); fragment:147.1171(C11H15+,7%)",5.0
A15_109183,Streptophyta,indval_consensus,OE23-POS,109183,567.440054,True,72,61,16,0,16,Terpenoid,Terpenoid,Medium,16 terpenoid fragments → terpenoid/isoprenoid,"fragment:69.0706(Isoprene_unit,18%); fragment:81.0704(Monoterpene_frag,35%); fragment:93.0703(Toluenium,27%); fragment:95.0860(Methylcyclohexenyl,32%); fragment:105.0701(Xylene_cation,11%); fragment:107.0860(Dimethylcyclohexenyl,24%); fragment:109.1017(Sesquiterpene_frag,28%); fragment:119.0858(C9H11+,19%); fragment:121.1013(Sesquiterpene_frag2,50%); fragment:123.1170(Sesquiterpene_frag3,13%); fragment:133.1013(Diterpene_frag,19%); fragment:135.1169(Diterpene_frag2,21%); fragment:147.1167(C11H15+,16%); fragment:149.1330(Sesterterpene_frag,9%); fragment:161.1332(C12H17+,11%); fragment:175.1471(C13H19+,9%)",5.0
A15_109193,Mollusca,composite,OE23-POS,109193,597.377538,True,70,57,8,0,8,Terpenoid,Terpenoid,Medium,8 terpenoid fragments → terpenoid/isoprenoid,"fragment:81.0704(Monoterpene_frag,7%); fragment:93.0702(Toluenium,12%); fragment:95.0859(Methylcyclohexenyl,21%); fragment:107.0861(Dimethylcyclohexenyl,10%); fragment:109.1016(Sesquiterpene_frag,11%); fragment:121.1012(Sesquiterpene_frag2,12%); fragment:123.1167(Sesquiterpene_frag3,7%); fragment:149.1329(Sesterterpene_frag,8%)",5.0
A15_109277,Streptophyta,indval_consensus,OE23-POS,109277,931.520621,True,59,13,3,0,3,Terpenoid,Terpenoid,Low,3 terpenoid fragments → possible terpenoid/isoprenoid,"fragment:81.0705(Monoterpene_frag,7%); fragment:95.0861(Methylcyclohexenyl,6%); fragment:107.0860(Dimethylcyclohexenyl,6%)",5.0
A15_109502,Streptophyta,indval_consensus,OE23-POS,109502,568.426076,True,102,87,16,0,16,Terpenoid,Terpenoid,Medium,16 terpenoid fragments → terpenoid/isoprenoid,"fragment:69.0707(Isoprene_unit,18%); fragment:81.0704(Monoterpene_frag,50%); fragment:93.0704(Toluenium,48%); fragment:95.0859(Methylcyclohexenyl,49%); fragment:105.0706(Xylene_cation,21%); fragment:107.0858(Dimethylcyclohexenyl,32%); fragment:109.1016(Sesquiterpene_frag,44%); fragment:119.0859(C9H11+,38%); fragment:121.1013(Sesquiterpene_frag2,67%); fragment:123.1175(Sesquiterpene_frag3,13%); fragment:133.1011(Diterpene_frag,37%); fragment:135.1166(Diterpene_frag2,38%); fragment:147.1170(C11H15+,31%); fragment:149.1331(Sesterterpene_frag,17%); fragment:161.1336(C12H17+,13%); fragment:175.1483(C13H19+,26%)",5.0
A15_109820,Streptophyta,indval_consensus,OE23-POS,109820,791.561903,True,52,12,1,0,1,Phospholipid,PC/SM,High,Phosphocholine at 100% → PC or SM,"fragment:184.0733(Phosphocholine_C5H13NO4P,100%)",5.0
A15_109841,Streptophyta,indval_consensus,OE23-POS,109841,395.366571,True,56,42,2,0,2,Sterol,Sterol,Medium,Sterol dehydration fragments,"fragment:395.3692(Stigmasterol_-H2O,35%); fragment:395.3692(Diplopterol,35%)",5.0
A15_110085,Streptophyta,indval_consensus,OE23-POS,110085,529.388069,True,62,52,15,0,15,Terpenoid,Terpenoid,Medium,15 terpenoid fragments → terpenoid/isoprenoid,"fragment:69.0707(Isoprene_unit,22%); fragment:81.0705(Monoterpene_frag,87%); fragment:93.0704(Toluenium,50%); fragment:95.0859(Methylcyclohexenyl,44%); fragment:105.0708(Xylene_cation,13%); fragment:107.0858(Dimethylcyclohexenyl,34%); fragment:109.1016(Sesquiterpene_frag,28%); fragment:119.0861(C9H11+,16%); fragment:121.1014(Sesquiterpene_frag2,34%); fragment:123.1175(Sesquiterpene_frag3,12%); fragment:133.1018(Diterpene_frag,19%); fragment:135.1170(Diterpene_frag2,32%); fragment:147.1172(C11H15+,16%); fragment:149.1327(Sesterterpene_frag,29%); fragment:161.1331(C12H17+,9%)",5.0
A15_110127,Streptophyta,indval_consensus,OE23-POS,110127,567.440079,True,170,60,16,0,16,Terpenoid,Terpenoid,Medium,16 terpenoid fragments → terpenoid/isoprenoid,"fragment:69.0707(Isoprene_unit,6%); fragment:81.0705(Monoterpene_frag,36%); fragment:93.0704(Toluenium,42%); fragment:95.0860(Methylcyclohexenyl,45%); fragment:105.0705(Xylene_cation,18%); fragment:107.0861(Dimethylcyclohexenyl,27%); fragment:109.1015(Sesquiterpene_frag,82%); fragment:119.0859(C9H11+,34%); fragment:121.1014(Sesquiterpene_frag2,72%); fragment:123.1172(Sesquiterpene_frag3,20%); fragment:133.1015(Diterpene_frag,38%); fragment:135.1170(Diterpene_frag2,37%); fragment:147.1170(C11H15+,32%); fragment:149.1328(Sesterterpene_frag,11%); fragment:161.1332(C12H17+,13%); fragment:175.1488(C13H19+,10%)",5.0
A15_110355,Streptophyta,indval_consensus,OE23-POS,110355,562.448822,True,40,29,5,0,5,Terpenoid,Terpenoid,Medium,5 terpenoid fragments → terpenoid/isoprenoid,"fragment:69.0705(Isoprene_unit,6%); fragment:81.0705(Monoterpene_frag,8%); fragment:95.0860(Methylcyclohexenyl,9%); fragment:109.1015(Sesquiterpene_frag,10%); fragment:135.1173(Diterpene_frag2,9%)",5.0
A15_110357,Streptophyta,indval_consensus,OE23-POS,110357,307.225988,True,124,30,13,0,13,Terpenoid,Terpenoid,Medium,13 terpenoid fragments → terpenoid/isoprenoid,"fragment:69.0706(Isoprene_unit,31%); fragment:81.0705(Monoterpene_frag,80%); fragment:93.0704(Toluenium,63%); fragment:95.0860(Methylcyclohexenyl,51%); fragment:105.0702(Xylene_cation,17%); fragment:107.0860(Dimethylcyclohexenyl,27%); fragment:109.1015(Sesquiterpene_frag,18%); fragment:119.0858(C9H11+,13%); fragment:121.1014(Sesquiterpene_frag2,21%); fragment:123.1171(Sesquiterpene_frag3,6%); fragment:133.1014(Diterpene_frag,11%); fragment:135.1169(Diterpene_frag2,11%); fragment:147.1170(C11H15+,8%)",5.0
A15_110631,Streptophyta,indval_consensus,OE23-POS,110631,592.459797,True,159,38,4,0,4,Terpenoid,Terpenoid,Low,4 terpenoid fragments → possible terpenoid/isoprenoid,"fragment:81.0703(Monoterpene_frag,10%); fragment:95.0860(Methylcyclohexenyl,10%); fragment:109.1015(Sesquiterpene_frag,7%); fragment:135.1170(Diterpene_frag2,5%)",5.0
A15_110663,Streptophyta,indval_consensus,OE23-POS,110663,551.42568,True,117,67,16,0,16,Terpenoid,Terpenoid,Medium,16 terpenoid fragments → terpenoid/isoprenoid,"fragment:69.0706(Isoprene_unit,27%); fragment:81.0704(Monoterpene_frag,46%); fragment:93.0703(Toluenium,39%); fragment:95.0858(Methylcyclohexenyl,57%); fragment:105.0703(Xylene_cation,32%); fragment:107.0859(Dimethylcyclohexenyl,50%); fragment:109.1015(Sesquiterpene_frag,65%); fragment:119.0857(C9H11+,100%); fragment:121.1015(Sesquiterpene_frag2,63%); fragment:123.1170(Sesquiterpene_frag3,20%); fragment:133.1012(Diterpene_frag,53%); fragment:135.1168(Diterpene_frag2,78%); fragment:147.1167(C11H15+,24%); fragment:149.1326(Sesterterpene_frag,9%); fragment:161.1327(C12H17+,23%); fragment:175.1480(C13H19+,78%)",5.0
A15_110727,Streptophyta,indval_consensus,OE23-POS,110727,261.220691,True,55,55,15,0,15,Terpenoid,Terpenoid,Medium,15 terpenoid fragments → terpenoid/isoprenoid,"fragment:69.0705(Isoprene_unit,71%); fragment:81.0704(Monoterpene_frag,92%); fragment:93.0703(Toluenium,100%); fragment:95.0859(Methylcyclohexenyl,81%); fragment:105.0701(Xylene_cation,37%); fragment:107.0858(Dimethylcyclohexenyl,70%); fragment:109.1015(Sesquiterpene_frag,39%); fragment:119.0859(C9H11+,48%); fragment:121.1011(Sesquiterpene_frag2,61%); fragment:123.1171(Sesquiterpene_frag3,13%); fragment:133.1013(Diterpene_frag,20%); fragment:135.1168(Diterpene_frag2,43%); fragment:147.1168(C11H15+,14%); fragment:149.1326(Sesterterpene_frag,12%); fragment:175.1481(C13H19+,22%)",5.0
A15_110812,Streptophyta,indval_consensus,OE23-POS,110812,751.532774,True,21,10,1,0,1,Phospholipid,PC/SM,Medium,Phosphocholine at 13% → PC or SM,"fragment:184.0731(Phosphocholine_C5H13NO4P,13%)",5.0
A15_110851,Streptophyta,indval_consensus,OE23-POS,110851,571.4716,True,53,39,14,0,14,Terpenoid,Terpenoid,Medium,14 terpenoid fragments → terpenoid/isoprenoid,"fragment:69.0707(Isoprene_unit,22%); fragment:81.0705(Monoterpene_frag,64%); fragment:93.0702(Toluenium,25%); fragment:95.0859(Methylcyclohexenyl,50%); fragment:107.0858(Dimethylcyclohexenyl,23%); fragment:109.1016(Sesquiterpene_frag,39%); fragment:119.0857(C9H11+,14%); fragment:121.1013(Sesquiterpene_frag2,33%); fragment:123.1174(Sesquiterpene_frag3,17%); fragment:133.1011(Diterpene_frag,15%); fragment:135.1169(Diterpene_frag2,24%); fragment:147.1162(C11H15+,12%); fragment:149.1323(Sesterterpene_frag,11%); fragment:175.1482(C13H19+,11%)",5.0
A15_11086,Streptophyta,indval_consensus,OE23-POS,11086,312.252441,True,64,64,13,0,13,Terpenoid,Terpenoid,Medium,13 terpenoid fragments → terpenoid/isoprenoid,"fragment:69.0706(Isoprene_unit,80%); fragment:81.0704(Monoterpene_frag,77%); fragment:93.0705(Toluenium,47%); fragment:95.0858(Methylcyclohexenyl,60%); fragment:105.0703(Xylene_cation,15%); fragment:107.0861(Dimethylcyclohexenyl,42%); fragment:109.1015(Sesquiterpene_frag,35%); fragment:119.0858(C9H11+,17%); fragment:121.1016(Sesquiterpene_frag2,31%); fragment:123.1173(Sesquiterpene_frag3,20%); fragment:133.1015(Diterpene_frag,12%); fragment:135.1169(Diterpene_frag2,22%); fragment:161.1324(C12H17+,10%)",5.0
A15_110861,Arthropoda,composite,OE23-POS,110861,624.463187,True,173,16,1,0,1,Quinone,Ubiquinone,Medium,Ubiquinone headgroup fragment,"fragment:197.0808(Ubiquinone_headgroup,64%)",5.0
A15_111019,Streptophyta,indval_consensus,OE23-POS,111019,594.508965,True,58,19,8,0,8,Terpenoid,Terpenoid,Medium,8 terpenoid fragments → terpenoid/isoprenoid,"fragment:69.0705(Isoprene_unit,11%); fragment:81.0706(Monoterpene_frag,17%); fragment:95.0860(Methylcyclohexenyl,15%); fragment:109.1013(Sesquiterpene_frag,11%); fragment:121.1022(Sesquiterpene_frag2,6%); fragment:123.1175(Sesquiterpene_frag3,7%); fragment:135.1174(Diterpene_frag2,5%); fragment:149.1332(Sesterterpene_frag,5%)",5.0
A15_111181,Streptophyta,indval_consensus,OE23-POS,111181,818.493941,True,27,27,1,0,1,Phospholipid,PC/SM,High,Phosphocholine at 100% → PC or SM,"fragment:184.0737(Phosphocholine_C5H13NO4P,100%)",5.0
A15_111211,Streptophyta,indval_consensus,OE23-POS,111211,489.357041,True,66,49,14,0,14,Terpenoid,Terpenoid,Medium,14 terpenoid fragments → terpenoid/isoprenoid,"fragment:69.0706(Isoprene_unit,20%); fragment:81.0705(Monoterpene_frag,57%); fragment:93.0704(Toluenium,27%); fragment:95.0859(Methylcyclohexenyl,44%); fragment:105.0700(Xylene_cation,5%); fragment:107.0859(Dimethylcyclohexenyl,21%); fragment:109.1015(Sesquiterpene_frag,100%); fragment:119.0859(C9H11+,27%); fragment:121.1016(Sesquiterpene_frag2,25%); fragment:123.1169(Sesquiterpene_frag3,8%); fragment:133.1009(Diterpene_frag,10%); fragment:135.1168(Diterpene_frag2,27%); fragment:147.1171(C11H15+,8%); fragment:149.1322(Sesterterpene_frag,7%)",5.0
A15_111294,Streptophyta,indval_consensus,OE23-POS,111294,549.450494,True,114,62,14,0,14,Terpenoid,Terpenoid,Medium,14 terpenoid fragments → terpenoid/isoprenoid,"fragment:69.0706(Isoprene_unit,11%); fragment:81.0704(Monoterpene_frag,30%); fragment:93.0704(Toluenium,16%); fragment:95.0860(Methylcyclohexenyl,35%); fragment:105.0703(Xylene_cation,11%); fragment:107.0860(Dimethylcyclohexenyl,15%); fragment:109.1016(Sesquiterpene_frag,19%); fragment:119.0857(C9H11+,13%); fragment:121.1015(Sesquiterpene_frag2,24%); fragment:123.1170(Sesquiterpene_frag3,10%); fragment:133.1013(Diterpene_frag,17%); fragment:135.1168(Diterpene_frag2,7%); fragment:147.1170(C11H15+,13%); fragment:149.1328(Sesterterpene_frag,5%)",5.0
A15_111335,Streptophyta,indval_consensus,OE23-POS,111335,882.539028,True,27,27,4,0,4,Terpenoid,Terpenoid,Low,4 terpenoid fragments → possible terpenoid/isoprenoid,"fragment:95.0860(Methylcyclohexenyl,11%); fragment:109.1016(Sesquiterpene_frag,15%); fragment:175.1475(C13H19+,12%); fragment:203.1787(Triterpene_C15,23%)",5.0
A15_111434,Streptophyta,indval_consensus,OE23-POS,111434,858.583885,True,54,15,1,0,1,Phospholipid,PC/SM,High,Phosphocholine at 100% → PC or SM,"fragment:184.0734(Phosphocholine_C5H13NO4P,100%)",5.0
A15_111471,Streptophyta,indval_consensus,OE23-POS,111471,785.45801,True,64,12,1,0,1,Phospholipid,PC/SM,Medium,Phosphocholine at 14% → PC or SM,"fragment:184.0733(Phosphocholine_C5H13NO4P,14%)",5.0
A15_1115,Streptophyta,indval_consensus,OE23-POS,1115,273.184462,True,313,74,13,0,13,Terpenoid,Terpenoid,Medium,13 terpenoid fragments → terpenoid/isoprenoid,"fragment:69.0706(Isoprene_unit,45%); fragment:81.0705(Monoterpene_frag,79%); fragment:93.0704(Toluenium,52%); fragment:95.0860(Methylcyclohexenyl,42%); fragment:105.0703(Xylene_cation,94%); fragment:107.0859(Dimethylcyclohexenyl,39%); fragment:109.1016(Sesquiterpene_frag,24%); fragment:119.0857(C9H11+,100%); fragment:121.1015(Sesquiterpene_frag2,15%); fragment:133.1013(Diterpene_frag,68%); fragment:135.1169(Diterpene_frag2,11%); fragment:147.1166(C11H15+,34%); fragment:161.1327(C12H17+,6%)",5.0
A15_111572,Streptophyta,indval_consensus,OE23-POS,111572,747.503349,True,90,9,1,1,2,Phospholipid,PC/SM,Medium,Phosphocholine at 6% → PC or SM,"fragment:184.0733(Phosphocholine_C5H13NO4P,6%); loss:162.0528(Hexose_loss,7%)",5.0
A15_111637,Streptophyta,indval_consensus,OE23-POS,111637,765.529953,True,74,44,1,2,3,Sphingolipid,SM,High,Sphingoid base + phosphocholine → SM,"fragment:184.0741(Phosphocholine_C5H13NO4P,13%); loss:180.0634(Hexose+H2O_loss,58%); loss:180.0634(Hexose_ceramide,58%)",5.0
A15_112009,Streptophyta,indval_consensus,OE23-POS,112009,775.56628,True,25,7,1,0,1,Phospholipid,PC/SM,High,Phosphocholine at 100% → PC or SM,"fragment:184.0734(Phosphocholine_C5H13NO4P,100%)",5.0
A15_112045,Streptophyta,indval_consensus,OE23-POS,112045,307.226178,True,109,25,12,0,12,Terpenoid,Terpenoid,Medium,12 terpenoid fragments → terpenoid/isoprenoid,"fragment:69.0706(Isoprene_unit,24%); fragment:81.0705(Monoterpene_frag,82%); fragment:93.0703(Toluenium,51%); fragment:95.0860(Methylcyclohexenyl,45%); fragment:105.0704(Xylene_cation,12%); fragment:107.0861(Dimethylcyclohexenyl,14%); fragment:109.1014(Sesquiterpene_frag,28%); fragment:119.0862(C9H11+,8%); fragment:121.1015(Sesquiterpene_frag2,25%); fragment:133.1016(Diterpene_frag,12%); fragment:135.1173(Diterpene_frag2,12%); fragment:147.1173(C11H15+,6%)",5.0
A15_112073,Streptophyta,indval_consensus,OE23-POS,112073,767.539241,True,242,34,0,2,2,Sphingolipid,Ceramide,Medium,Sphingoid base fragments,"loss:180.0634(Hexose+H2O_loss,43%); loss:180.0634(Hexose_ceramide,43%)",5.0
A15_112087,Streptophyta,indval_consensus,OE23-POS,112087,649.522677,True,39,6,1,0,1,Phospholipid,PC/SM,High,Phosphocholine at 100% → PC or SM,"fragment:184.0733(Phosphocholine_C5H13NO4P,100%)",5.0
A15_112092,Nematoda,composite,OE23-POS,112092,429.288933,True,24,24,3,0,3,Terpenoid,Terpenoid,Low,3 terpenoid fragments → possible terpenoid/isoprenoid,"fragment:69.0704(Isoprene_unit,84%); fragment:81.0699(Monoterpene_frag,55%); fragment:93.0520(Toluenium,56%)",5.0
A15_112135,Bacillota,indval_consensus,OE23-POS,112135,523.412498,True,113,15,1,0,1,Phospholipid,PC/SM,Medium,Phosphocholine at 7% → PC or SM,"fragment:184.0737(Phosphocholine_C5H13NO4P,7%)",5.0
A15_112145,Streptophyta,indval_consensus,OE23-POS,112145,215.179114,True,33,33,10,0,10,Terpenoid,Terpenoid,Medium,10 terpenoid fragments → terpenoid/isoprenoid,"fragment:69.0707(Isoprene_unit,21%); fragment:81.0707(Monoterpene_frag,47%); fragment:93.0705(Toluenium,44%); fragment:95.0865(Methylcyclohexenyl,65%); fragment:105.0706(Xylene_cation,41%); fragment:109.1018(Sesquiterpene_frag,39%); fragment:119.0860(C9H11+,28%); fragment:121.1019(Sesquiterpene_frag2,32%); fragment:133.1016(Diterpene_frag,29%); fragment:135.1174(Diterpene_frag2,27%)",5.0
A15_112146,Streptophyta,indval_consensus,OE23-POS,112146,261.220676,True,63,57,16,0,16,Terpenoid,Terpenoid,Medium,16 terpenoid fragments → terpenoid/isoprenoid,"fragment:69.0707(Isoprene_unit,29%); fragment:81.0704(Monoterpene_frag,90%); fragment:93.0703(Toluenium,100%); fragment:95.0860(Methylcyclohexenyl,67%); fragment:105.0706(Xylene_cation,18%); fragment:107.0858(Dimethylcyclohexenyl,69%); fragment:109.1018(Sesquiterpene_frag,22%); fragment:119.0862(C9H11+,21%); fragment:121.1013(Sesquiterpene_frag2,57%); fragment:123.1172(Sesquiterpene_frag3,10%); fragment:133.1017(Diterpene_frag,19%); fragment:135.1168(Diterpene_frag2,39%); fragment:147.1172(C11H15+,10%); fragment:149.1332(Sesterterpene_frag,24%); fragment:161.1328(C12H17+,10%); fragment:175.1491(C13H19+,5%)",5.0
A15_112167,Streptophyta,indval_consensus,OE23-POS,112167,669.447954,True,63,6,1,0,1,Phospholipid,PC/SM,High,Phosphocholine at 100% → PC or SM,"fragment:184.0733(Phosphocholine_C5H13NO4P,100%)",5.0
A15_112266,Streptophyta,indval_consensus,OE23-POS,112266,233.189656,True,58,44,14,0,14,Terpenoid,Terpenoid,Medium,14 terpenoid fragments → terpenoid/isoprenoid,"fragment:69.0706(Isoprene_unit,27%); fragment:81.0705(Monoterpene_frag,52%); fragment:93.0703(Toluenium,93%); fragment:95.0860(Methylcyclohexenyl,36%); fragment:105.0703(Xylene_cation,22%); fragment:107.0859(Dimethylcyclohexenyl,46%); fragment:109.1015(Sesquiterpene_frag,20%); fragment:119.0860(C9H11+,20%); fragment:121.1014(Sesquiterpene_frag2,42%); fragment:123.1171(Sesquiterpene_frag3,7%); fragment:133.1012(Diterpene_frag,20%); fragment:135.1169(Diterpene_frag2,37%); fragment:147.1168(C11H15+,10%); fragment:149.1327(Sesterterpene_frag,15%)",5.0
A15_112302,Streptophyta,indval_consensus,OE23-POS,112302,627.500464,True,64,64,0,1,1,Phospholipid,PS,Medium,Serine neutral loss,"loss:87.0320(Serine,8%)",5.0
A15_112314,Streptophyta,indval_consensus,OE23-POS,112314,333.241563,True,177,34,15,0,15,Terpenoid,Terpenoid,Medium,15 terpenoid fragments → terpenoid/isoprenoid,"fragment:69.0706(Isoprene_unit,28%); fragment:81.0704(Monoterpene_frag,100%); fragment:93.0703(Toluenium,46%); fragment:95.0859(Methylcyclohexenyl,88%); fragment:105.0702(Xylene_cation,18%); fragment:107.0859(Dimethylcyclohexenyl,31%); fragment:109.1014(Sesquiterpene_frag,44%); fragment:119.0857(C9H11+,20%); fragment:121.1013(Sesquiterpene_frag2,32%); fragment:123.1170(Sesquiterpene_frag3,15%); fragment:133.1012(Diterpene_frag,22%); fragment:135.1168(Diterpene_frag2,21%); fragment:147.1168(C11H15+,11%); fragment:149.1324(Sesterterpene_frag,12%); fragment:161.1323(C12H17+,8%)",5.0
A15_112514,Streptophyta,indval_consensus,OE23-POS,112514,493.405,True,47,47,12,0,12,Terpenoid,Terpenoid,Medium,12 terpenoid fragments → terpenoid/isoprenoid,"fragment:69.0707(Isoprene_unit,16%); fragment:81.0706(Monoterpene_frag,43%); fragment:93.0702(Toluenium,11%); fragment:95.0858(Methylcyclohexenyl,43%); fragment:105.0702(Xylene_cation,9%); fragment:107.0857(Dimethylcyclohexenyl,8%); fragment:109.1017(Sesquiterpene_frag,27%); fragment:121.1016(Sesquiterpene_frag2,20%); fragment:123.1175(Sesquiterpene_frag3,12%); fragment:133.1011(Diterpene_frag,12%); fragment:135.1170(Diterpene_frag2,17%); fragment:149.1325(Sesterterpene_frag,10%)",5.0
A15_112634,Streptophyta,indval_consensus,OE23-POS,112634,773.550273,True,19,6,1,0,1,Phospholipid,PC/SM,High,Phosphocholine at 78% → PC or SM,"fragment:184.0732(Phosphocholine_C5H13NO4P,78%)",5.0
A15_112729,Streptophyta,indval_consensus,OE23-POS,112729,489.357169,True,36,26,9,0,9,Terpenoid,Terpenoid,Medium,9 terpenoid fragments → terpenoid/isoprenoid,"fragment:69.0709(Isoprene_unit,6%); fragment:81.0705(Monoterpene_frag,16%); fragment:95.0861(Methylcyclohexenyl,16%); fragment:105.0698(Xylene_cation,6%); fragment:109.1019(Sesquiterpene_frag,8%); fragment:133.1015(Diterpene_frag,7%); fragment:135.1172(Diterpene_frag2,5%); fragment:147.1171(C11H15+,8%); fragment:161.1333(C12H17+,7%)",5.0
A15_112737,Streptophyta,indval_consensus,OE23-POS,112737,768.541105,True,104,22,0,2,2,Sphingolipid,Ceramide,Medium,Sphingoid base fragments,"loss:180.0634(Hexose+H2O_loss,15%); loss:180.0634(Hexose_ceramide,15%)",5.0
A15_112791,Streptophyta,indval_consensus,OE23-POS,112791,858.539526,True,141,25,1,0,1,Phospholipid,PC/SM,Medium,Phosphocholine at 18% → PC or SM,"fragment:184.0733(Phosphocholine_C5H13NO4P,18%)",5.0
A15_112860,Chlorophyta,composite,OE23-POS,112860,665.417158,True,40,11,3,0,3,Terpenoid,Terpenoid,Low,3 terpenoid fragments → possible terpenoid/isoprenoid,"fragment:95.0859(Methylcyclohexenyl,5%); fragment:121.1010(Sesquiterpene_frag2,5%); fragment:123.1169(Sesquiterpene_frag3,7%)",5.0
A15_112948,Streptophyta,indval_consensus,OE23-POS,112948,670.524476,True,141,32,8,0,8,Terpenoid,Terpenoid,Medium,8 terpenoid fragments → terpenoid/isoprenoid,"fragment:69.0706(Isoprene_unit,6%); fragment:81.0705(Monoterpene_frag,10%); fragment:93.0705(Toluenium,8%); fragment:95.0860(Methylcyclohexenyl,10%); fragment:107.0858(Dimethylcyclohexenyl,6%); fragment:109.1015(Sesquiterpene_frag,5%); fragment:119.0859(C9H11+,6%); fragment:121.1013(Sesquiterpene_frag2,6%)",5.0
A15_112979,Streptophyta,indval_consensus,OE23-POS,112979,582.473141,True,132,36,2,0,2,Phospholipid,PC/SM,Medium,Phosphocholine at 11% → PC or SM,"fragment:184.0730(Phosphocholine_C5H13NO4P,11%); fragment:383.3669(Campesterol_-H2O,10%)",5.0
A15_113134,Streptophyta,indval_consensus,OE23-POS,113134,756.518258,True,145,22,1,1,2,Phospholipid,PE,High,PE headgroup + phosphocholine at 60%,"fragment:184.0733(Phosphocholine_C5H13NO4P,60%); loss:141.0191(Ethanolamine_phosphate,38%)",5.0
A15_113317,Streptophyta,indval_consensus,OE23-POS,113317,858.585048,True,11,11,1,0,1,Phospholipid,PC/SM,High,Phosphocholine at 100% → PC or SM,"fragment:184.0730(Phosphocholine_C5H13NO4P,100%)",5.0
A15_113487,Streptophyta,indval_consensus,OE23-POS,113487,777.576862,True,158,18,1,0,1,Phospholipid,PC/SM,High,Phosphocholine at 100% → PC or SM,"fragment:184.0733(Phosphocholine_C5H13NO4P,100%)",5.0
A15_113727,Arthropoda,composite,OE23-POS,113727,624.463223,True,146,22,2,0,2,Quinone,Ubiquinone,Medium,Ubiquinone headgroup fragment,"fragment:197.0808(Ubiquinone_headgroup,75%); fragment:191.1797(Hopane_skeleton,7%)",5.0
A15_113819,Streptophyta,indval_consensus,OE23-POS,113819,751.590764,True,33,7,1,0,1,Phospholipid,PC/SM,Medium,Phosphocholine at 11% → PC or SM,"fragment:184.0734(Phosphocholine_C5H13NO4P,11%)",5.0
A15_113910,Streptophyta,indval_consensus,OE23-POS,113910,816.604074,True,67,16,1,0,1,Phospholipid,PC/SM,High,Phosphocholine at 100% → PC or SM,"fragment:184.0733(Phosphocholine_C5H13NO4P,100%)",5.0
A15_113966,Streptophyta,indval_consensus,OE23-POS,113966,649.522895,True,26,5,1,0,1,Phospholipid,PC/SM,High,Phosphocholine at 100% → PC or SM,"fragment:184.0733(Phosphocholine_C5H13NO4P,100%)",5.0
A15_114067,Streptophyta,indval_consensus,OE23-POS,114067,636.520251,True,24,24,4,0,4,Terpenoid,Terpenoid,Low,4 terpenoid fragments → possible terpenoid/isoprenoid,"fragment:81.0704(Monoterpene_frag,30%); fragment:95.0859(Methylcyclohexenyl,35%); fragment:109.1014(Sesquiterpene_frag,30%); fragment:135.1169(Diterpene_frag2,22%)",5.0
A15_114145,Streptophyta,indval_consensus,OE23-POS,114145,767.539848,True,93,17,0,2,2,Sphingolipid,Ceramide,Medium,Sphingoid base fragments,"loss:180.0634(Hexose+H2O_loss,16%); loss:180.0634(Hexose_ceramide,16%)",5.0
A15_114147,Streptophyta,indval_consensus,OE23-POS,114147,772.493463,True,21,5,1,0,1,Phospholipid,PC/SM,High,Phosphocholine at 25% → PC or SM,"fragment:184.0733(Phosphocholine_C5H13NO4P,25%)",5.0
A15_114180,Streptophyta,indval_consensus,OE23-POS,114180,601.48174,True,79,73,15,0,15,Terpenoid,Terpenoid,Medium,15 terpenoid fragments → terpenoid/isoprenoid,"fragment:93.0704(Toluenium,22%); fragment:95.0861(Methylcyclohexenyl,48%); fragment:105.0705(Xylene_cation,17%); fragment:107.0856(Dimethylcyclohexenyl,17%); fragment:109.1015(Sesquiterpene_frag,32%); fragment:119.0858(C9H11+,24%); fragment:121.1015(Sesquiterpene_frag2,19%); fragment:123.1170(Sesquiterpene_frag3,15%); fragment:133.1013(Diterpene_frag,23%); fragment:135.1169(Diterpene_frag2,16%); fragment:147.1172(C11H15+,21%); fragment:149.1323(Sesterterpene_frag,12%); fragment:161.1331(C12H17+,9%); fragment:189.1627(Hopane_C14,6%); fragment:203.1793(Triterpene_C15,20%)",5.0
A15_114257,Streptophyta,indval_consensus,OE23-POS,114257,747.501332,True,25,14,0,1,1,Glycolipid,Glycolipid,Low,Hexose fragment/neutral loss,"loss:162.0528(Hexose_loss,20%)",5.0
A15_114260,Streptophyta,indval_consensus,OE23-POS,114260,749.575215,True,17,8,1,0,1,Phospholipid,PC/SM,High,Phosphocholine at 66% → PC or SM,"fragment:184.0733(Phosphocholine_C5H13NO4P,66%)",5.0
A15_114286,Streptophyta,indval_consensus,OE23-POS,114286,785.458709,True,82,13,1,0,1,Phospholipid,PC/SM,Medium,Phosphocholine at 5% → PC or SM,"fragment:184.0745(Phosphocholine_C5H13NO4P,5%)",5.0
A15_114323,Streptophyta,indval_consensus,OE23-POS,114323,954.699107,True,38,38,0,1,1,Phospholipid,PS,Medium,Serine neutral loss,"loss:87.0320(Serine,30%)",5.0
A15_114504,Streptophyta,indval_consensus,OE23-POS,114504,307.226307,True,85,31,14,0,14,Terpenoid,Terpenoid,Medium,14 terpenoid fragments → terpenoid/isoprenoid,"fragment:69.0706(Isoprene_unit,32%); fragment:81.0705(Monoterpene_frag,86%); fragment:93.0704(Toluenium,53%); fragment:95.0859(Methylcyclohexenyl,58%); fragment:105.0705(Xylene_cation,12%); fragment:107.0862(Dimethylcyclohexenyl,18%); fragment:109.1016(Sesquiterpene_frag,22%); fragment:119.0862(C9H11+,7%); fragment:121.1013(Sesquiterpene_frag2,25%); fragment:123.1171(Sesquiterpene_frag3,8%); fragment:133.1015(Diterpene_frag,13%); fragment:135.1171(Diterpene_frag2,14%); fragment:147.1172(C11H15+,6%); fragment:149.1325(Sesterterpene_frag,6%)",5.0
A15_11469,Streptophyta,indval_consensus,OE23-POS,11469,647.430149,True,149,119,14,0,14,Terpenoid,Terpenoid,Medium,14 terpenoid fragments → terpenoid/isoprenoid,"fragment:81.0709(Monoterpene_frag,9%); fragment:93.0705(Toluenium,7%); fragment:95.0859(Methylcyclohexenyl,9%); fragment:105.0703(Xylene_cation,7%); fragment:107.0859(Dimethylcyclohexenyl,9%); fragment:109.1016(Sesquiterpene_frag,13%); fragment:119.0858(C9H11+,12%); fragment:121.1014(Sesquiterpene_frag2,19%); fragment:123.1170(Sesquiterpene_frag3,10%); fragment:133.1014(Diterpene_frag,13%); fragment:135.1168(Diterpene_frag2,9%); fragment:147.1164(C11H15+,6%); fragment:175.1484(C13H19+,8%); fragment:189.1903(Hopane_C14,7%)",5.0
A15_114901,Heterolobosea,indval_consensus,OE23-POS,114901,650.476948,True,76,8,1,1,2,Phospholipid,PE,High,PE headgroup + phosphocholine at 100%,"fragment:184.0732(Phosphocholine_C5H13NO4P,100%); loss:141.0191(Ethanolamine_phosphate,6%)",5.0
A15_114945,Streptophyta,indval_consensus,OE23-POS,114945,690.52981,True,55,55,1,0,1,Phospholipid,PC/SM,Medium,Phosphocholine at 15% → PC or SM,"fragment:184.0738(Phosphocholine_C5H13NO4P,15%)",5.0
A15_115201,Streptophyta,indval_consensus,OE23-POS,115201,757.52333,True,63,24,0,2,2,Sphingolipid,Ceramide,Medium,Sphingoid base fragments,"loss:180.0634(Hexose+H2O_loss,7%); loss:180.0634(Hexose_ceramide,7%)",5.0
A15_115400,Streptophyta,indval_consensus,OE23-POS,115400,832.524006,True,156,32,1,0,1,Phospholipid,PC/SM,Medium,Phosphocholine at 5% → PC or SM,"fragment:184.0734(Phosphocholine_C5H13NO4P,5%)",5.0
A15_115414,Streptophyta,indval_consensus,OE23-POS,115414,791.58585,True,54,48,5,0,5,Terpenoid,Terpenoid,Medium,5 terpenoid fragments → terpenoid/isoprenoid,"fragment:109.1011(Sesquiterpene_frag,10%); fragment:121.1011(Sesquiterpene_frag2,12%); fragment:123.1168(Sesquiterpene_frag3,14%); fragment:133.1004(Diterpene_frag,6%); fragment:135.1166(Diterpene_frag2,22%)",5.0
A15_115449,Ascomycota,indval_consensus,OE23-POS,115449,650.533515,True,90,69,1,0,1,Phospholipid,PC/SM,High,Phosphocholine at 34% → PC or SM,"fragment:184.0732(Phosphocholine_C5H13NO4P,34%)",5.0
A15_115460,Streptophyta,indval_consensus,OE23-POS,115460,867.645571,True,35,15,0,1,1,Glycolipid,Glycolipid,Low,Hexose fragment/neutral loss,"loss:162.0528(Hexose_loss,10%)",5.0
A15_115483,Streptophyta,indval_consensus,OE23-POS,115483,583.472684,True,80,79,13,0,13,Terpenoid,Terpenoid,Medium,13 terpenoid fragments → terpenoid/isoprenoid,"fragment:69.0705(Isoprene_unit,13%); fragment:81.0704(Monoterpene_frag,45%); fragment:93.0702(Toluenium,14%); fragment:95.0861(Methylcyclohexenyl,25%); fragment:105.0705(Xylene_cation,6%); fragment:107.0861(Dimethylcyclohexenyl,13%); fragment:109.1015(Sesquiterpene_frag,18%); fragment:119.0857(C9H11+,9%); fragment:121.1014(Sesquiterpene_frag2,19%); fragment:123.1168(Sesquiterpene_frag3,10%); fragment:135.1170(Diterpene_frag2,12%); fragment:147.1176(C11H15+,6%); fragment:149.1331(Sesterterpene_frag,7%)",5.0
A15_115575,Streptophyta,indval_consensus,OE23-POS,115575,403.299436,True,50,45,15,0,15,Terpenoid,Terpenoid,Medium,15 terpenoid fragments → terpenoid/isoprenoid,"fragment:69.0705(Isoprene_unit,27%); fragment:81.0706(Monoterpene_frag,23%); fragment:93.0703(Toluenium,41%); fragment:95.0861(Methylcyclohexenyl,44%); fragment:105.0703(Xylene_cation,29%); fragment:107.0861(Dimethylcyclohexenyl,26%); fragment:109.1015(Sesquiterpene_frag,24%); fragment:119.0856(C9H11+,32%); fragment:121.1013(Sesquiterpene_frag2,38%); fragment:123.1170(Sesquiterpene_frag3,31%); fragment:133.1013(Diterpene_frag,21%); fragment:135.1169(Diterpene_frag2,10%); fragment:147.1170(C11H15+,15%); fragment:161.1322(C12H17+,7%); fragment:189.1640(Hopane_C14,7%)",5.0
A15_115635,Streptophyta,indval_consensus,OE23-POS,115635,820.521735,True,224,81,2,0,2,Phospholipid,PC/SM,High,Phosphocholine at 74% → PC or SM,"fragment:184.0733(Phosphocholine_C5H13NO4P,74%); fragment:397.3826(Sitosterol_-H2O,17%)",5.0
A15_115752,Streptophyta,indval_consensus,OE23-POS,115752,751.532231,True,30,12,1,0,1,Phospholipid,PC/SM,Medium,Phosphocholine at 11% → PC or SM,"fragment:184.0733(Phosphocholine_C5H13NO4P,11%)",5.0
A15_115763,Streptophyta,indval_consensus,OE23-POS,115763,307.226262,True,40,29,12,0,12,Terpenoid,Terpenoid,Medium,12 terpenoid fragments → terpenoid/isoprenoid,"fragment:69.0706(Isoprene_unit,37%); fragment:81.0705(Monoterpene_frag,87%); fragment:93.0703(Toluenium,59%); fragment:95.0860(Methylcyclohexenyl,45%); fragment:105.0705(Xylene_cation,10%); fragment:107.0860(Dimethylcyclohexenyl,32%); fragment:109.1016(Sesquiterpene_frag,16%); fragment:119.0859(C9H11+,13%); fragment:121.1013(Sesquiterpene_frag2,18%); fragment:123.1175(Sesquiterpene_frag3,6%); fragment:133.1014(Diterpene_frag,8%); fragment:135.1171(Diterpene_frag2,10%)",5.0
A15_115846,Streptophyta,indval_consensus,OE23-POS,115846,673.519405,True,20,8,1,0,1,Phospholipid,PC/SM,High,Phosphocholine at 100% → PC or SM,"fragment:184.0734(Phosphocholine_C5H13NO4P,100%)",5.0
A15_115900,Streptophyta,indval_consensus,OE23-POS,115900,785.458837,True,52,28,1,0,1,Phospholipid,PC/SM,High,Phosphocholine at 61% → PC or SM,"fragment:184.0734(Phosphocholine_C5H13NO4P,61%)",5.0
A15_115943,Streptophyta,indval_consensus,OE23-POS,115943,337.272992,True,58,35,15,0,15,Terpenoid,Terpenoid,Medium,15 terpenoid fragments → terpenoid/isoprenoid,"fragment:69.0706(Isoprene_unit,84%); fragment:81.0704(Monoterpene_frag,100%); fragment:93.0703(Toluenium,32%); fragment:95.0859(Methylcyclohexenyl,87%); fragment:105.0703(Xylene_cation,10%); fragment:107.0859(Dimethylcyclohexenyl,19%); fragment:109.1015(Sesquiterpene_frag,35%); fragment:119.0856(C9H11+,8%); fragment:121.1015(Sesquiterpene_frag2,19%); fragment:123.1171(Sesquiterpene_frag3,13%); fragment:133.1012(Diterpene_frag,10%); fragment:135.1167(Diterpene_frag2,9%); fragment:147.1169(C11H15+,7%); fragment:149.1329(Sesterterpene_frag,5%); fragment:161.1325(C12H17+,6%)",5.0
A15_116104,Streptophyta,indval_consensus,OE23-POS,116104,662.533766,True,26,26,1,0,1,Phospholipid,PC/SM,High,Phosphocholine at 29% → PC or SM,"fragment:184.0739(Phosphocholine_C5H13NO4P,29%)",5.0
A15_116190,Streptophyta,indval_consensus,OE23-POS,116190,569.456131,True,68,32,14,0,14,Terpenoid,Terpenoid,Medium,14 terpenoid fragments → terpenoid/isoprenoid,"fragment:69.0706(Isoprene_unit,8%); fragment:81.0704(Monoterpene_frag,23%); fragment:93.0705(Toluenium,10%); fragment:95.0859(Methylcyclohexenyl,17%); fragment:105.0702(Xylene_cation,5%); fragment:107.0857(Dimethylcyclohexenyl,9%); fragment:109.1015(Sesquiterpene_frag,18%); fragment:119.0858(C9H11+,9%); fragment:121.1014(Sesquiterpene_frag2,18%); fragment:123.1170(Sesquiterpene_frag3,8%); fragment:133.1014(Diterpene_frag,5%); fragment:135.1170(Diterpene_frag2,10%); fragment:147.1172(C11H15+,7%); fragment:149.1328(Sesterterpene_frag,6%)",5.0
A15_116362,Streptophyta,indval_consensus,OE23-POS,116362,697.44173,True,38,19,3,0,3,Terpenoid,Terpenoid,Low,3 terpenoid fragments → possible terpenoid/isoprenoid,"fragment:81.0706(Monoterpene_frag,5%); fragment:95.0862(Methylcyclohexenyl,7%); fragment:123.1176(Sesquiterpene_frag3,5%)",5.0
A15_116400,Streptophyta,indval_consensus,OE23-POS,116400,756.518011,True,19,13,1,0,1,Phospholipid,PC/SM,High,Phosphocholine at 100% → PC or SM,"fragment:184.0733(Phosphocholine_C5H13NO4P,100%)",5.0
A15_116483,Streptophyta,indval_consensus,OE23-POS,116483,649.491581,True,56,9,0,1,1,Phospholipid,PE,Medium,PE-specific ions without phosphocholine,"loss:141.0191(Ethanolamine_phosphate,100%)",5.0
A15_116502,Streptophyta,indval_consensus,OE23-POS,116502,773.550961,True,17,4,1,0,1,Phospholipid,PC/SM,High,Phosphocholine at 62% → PC or SM,"fragment:184.0732(Phosphocholine_C5H13NO4P,62%)",5.0
A15_11657,Streptophyta,indval_consensus,OE23-POS,11657,633.414076,True,399,71,13,0,13,Terpenoid,Terpenoid,Medium,13 terpenoid fragments → terpenoid/isoprenoid,"fragment:81.0706(Monoterpene_frag,9%); fragment:93.0704(Toluenium,9%); fragment:95.0861(Methylcyclohexenyl,13%); fragment:105.0704(Xylene_cation,7%); fragment:107.0860(Dimethylcyclohexenyl,11%); fragment:109.1016(Sesquiterpene_frag,11%); fragment:119.0859(C9H11+,10%); fragment:121.1014(Sesquiterpene_frag2,17%); fragment:123.1171(Sesquiterpene_frag3,7%); fragment:133.1015(Diterpene_frag,16%); fragment:135.1170(Diterpene_frag2,10%); fragment:147.1169(C11H15+,5%); fragment:175.1483(C13H19+,6%)",5.0
A15_116710,Streptophyta,indval_consensus,OE23-POS,116710,661.524901,True,172,13,1,0,1,Phospholipid,PC/SM,High,Phosphocholine at 100% → PC or SM,"fragment:184.0733(Phosphocholine_C5H13NO4P,100%)",5.0
A15_116869,Streptophyta,indval_consensus,OE23-POS,116869,785.458895,True,122,45,1,0,1,Phospholipid,PC/SM,High,Phosphocholine at 57% → PC or SM,"fragment:184.0733(Phosphocholine_C5H13NO4P,57%)",5.0
A15_117039,Streptophyta,indval_consensus,OE23-POS,117039,337.273011,True,61,32,13,0,13,Terpenoid,Terpenoid,Medium,13 terpenoid fragments → terpenoid/isoprenoid,"fragment:69.0706(Isoprene_unit,75%); fragment:81.0704(Monoterpene_frag,100%); fragment:93.0705(Toluenium,34%); fragment:95.0860(Methylcyclohexenyl,85%); fragment:105.0707(Xylene_cation,6%); fragment:107.0861(Dimethylcyclohexenyl,16%); fragment:109.1014(Sesquiterpene_frag,33%); fragment:119.0859(C9H11+,8%); fragment:121.1017(Sesquiterpene_frag2,15%); fragment:123.1172(Sesquiterpene_frag3,16%); fragment:135.1172(Diterpene_frag2,11%); fragment:147.1164(C11H15+,8%); fragment:161.1322(C12H17+,6%)",5.0
A15_117216,Streptophyta,indval_consensus,OE23-POS,117216,307.226267,True,138,26,14,0,14,Terpenoid,Terpenoid,Medium,14 terpenoid fragments → terpenoid/isoprenoid,"fragment:69.0705(Isoprene_unit,35%); fragment:81.0704(Monoterpene_frag,88%); fragment:93.0703(Toluenium,59%); fragment:95.0860(Methylcyclohexenyl,63%); fragment:105.0703(Xylene_cation,14%); fragment:107.0859(Dimethylcyclohexenyl,23%); fragment:109.1015(Sesquiterpene_frag,33%); fragment:119.0859(C9H11+,10%); fragment:121.1014(Sesquiterpene_frag2,28%); fragment:123.1170(Sesquiterpene_frag3,10%); fragment:133.1012(Diterpene_frag,16%); fragment:135.1168(Diterpene_frag2,11%); fragment:147.1169(C11H15+,6%); fragment:149.1326(Sesterterpene_frag,5%)",5.0
A15_11738,Arthropoda,composite,OE23-POS,11738,355.202757,True,190,39,8,0,8,Terpenoid,Terpenoid,Medium,8 terpenoid fragments → terpenoid/isoprenoid,"fragment:69.0705(Isoprene_unit,26%); fragment:81.0704(Monoterpene_frag,22%); fragment:93.0704(Toluenium,6%); fragment:95.0859(Methylcyclohexenyl,18%); fragment:105.0702(Xylene_cation,20%); fragment:109.1015(Sesquiterpene_frag,13%); fragment:121.1013(Sesquiterpene_frag2,8%); fragment:123.1171(Sesquiterpene_frag3,6%)",5.0
A15_117482,Streptophyta,indval_consensus,OE23-POS,117482,612.468151,True,43,43,8,0,8,Terpenoid,Terpenoid,Medium,8 terpenoid fragments → terpenoid/isoprenoid,"fragment:93.0704(Toluenium,58%); fragment:95.0862(Methylcyclohexenyl,72%); fragment:105.0703(Xylene_cation,19%); fragment:107.0858(Dimethylcyclohexenyl,27%); fragment:109.1013(Sesquiterpene_frag,18%); fragment:119.0859(C9H11+,32%); fragment:121.1013(Sesquiterpene_frag2,36%); fragment:133.1014(Diterpene_frag,20%)",5.0
A15_117582,Streptophyta,indval_consensus,OE23-POS,117582,750.554646,True,53,36,1,0,1,Phospholipid,PC/SM,Medium,Phosphocholine at 18% → PC or SM,"fragment:184.0731(Phosphocholine_C5H13NO4P,18%)",5.0
A15_117656,Chlorophyta,composite,OE23-POS,117656,231.174058,True,50,50,12,0,12,Terpenoid,Terpenoid,Medium,12 terpenoid fragments → terpenoid/isoprenoid,"fragment:69.0706(Isoprene_unit,60%); fragment:81.0704(Monoterpene_frag,61%); fragment:93.0703(Toluenium,59%); fragment:95.0860(Methylcyclohexenyl,63%); fragment:105.0704(Xylene_cation,58%); fragment:107.0859(Dimethylcyclohexenyl,36%); fragment:109.1016(Sesquiterpene_frag,97%); fragment:119.0857(C9H11+,50%); fragment:121.1015(Sesquiterpene_frag2,59%); fragment:133.1016(Diterpene_frag,40%); fragment:135.1164(Diterpene_frag2,16%); fragment:147.1169(C11H15+,36%)",5.0
A15_117742,Streptophyta,indval_consensus,OE23-POS,117742,734.529102,True,64,43,11,0,11,Terpenoid,Terpenoid,Medium,11 terpenoid fragments → terpenoid/isoprenoid,"fragment:81.0706(Monoterpene_frag,13%); fragment:95.0861(Methylcyclohexenyl,13%); fragment:109.1018(Sesquiterpene_frag,15%); fragment:119.0860(C9H11+,10%); fragment:121.1014(Sesquiterpene_frag2,15%); fragment:123.1173(Sesquiterpene_frag3,7%); fragment:133.1015(Diterpene_frag,12%); fragment:135.1170(Diterpene_frag2,12%); fragment:147.1173(C11H15+,13%); fragment:149.1328(Sesterterpene_frag,11%); fragment:161.1329(C12H17+,8%)",5.0
A15_11792,Streptophyta,indval_consensus,OE23-POS,11792,453.335276,True,75,70,16,0,16,Terpenoid,Terpenoid,Medium,16 terpenoid fragments → terpenoid/isoprenoid,"fragment:69.0706(Isoprene_unit,30%); fragment:81.0705(Monoterpene_frag,19%); fragment:93.0703(Toluenium,32%); fragment:95.0860(Methylcyclohexenyl,27%); fragment:105.0703(Xylene_cation,6%); fragment:107.0858(Dimethylcyclohexenyl,20%); fragment:109.1017(Sesquiterpene_frag,20%); fragment:119.0861(C9H11+,13%); fragment:121.1013(Sesquiterpene_frag2,16%); fragment:123.1173(Sesquiterpene_frag3,9%); fragment:133.1013(Diterpene_frag,6%); fragment:135.1169(Diterpene_frag2,17%); fragment:147.1169(C11H15+,11%); fragment:149.1317(Sesterterpene_frag,9%); fragment:161.1330(C12H17+,5%); fragment:175.1480(C13H19+,8%)",5.0
A15_11808,Streptophyta,indval_consensus,OE23-POS,11808,699.355281,True,129,12,1,0,1,Phospholipid,PC/SM,Medium,Phosphocholine at 11% → PC or SM,"fragment:184.0732(Phosphocholine_C5H13NO4P,11%)",5.0
A15_118150,Streptophyta,indval_consensus,OE23-POS,118150,776.57528,True,44,22,1,0,1,Phospholipid,PC/SM,High,Phosphocholine at 100% → PC or SM,"fragment:184.0733(Phosphocholine_C5H13NO4P,100%)",5.0
A15_118205,Streptophyta,indval_consensus,OE23-POS,118205,569.455876,True,79,62,16,0,16,Terpenoid,Terpenoid,Medium,16 terpenoid fragments → terpenoid/isoprenoid,"fragment:81.0704(Monoterpene_frag,27%); fragment:93.0704(Toluenium,14%); fragment:95.0860(Methylcyclohexenyl,26%); fragment:105.0700(Xylene_cation,8%); fragment:107.0861(Dimethylcyclohexenyl,17%); fragment:109.1017(Sesquiterpene_frag,17%); fragment:119.0856(C9H11+,9%); fragment:121.1014(Sesquiterpene_frag2,21%); fragment:123.1170(Sesquiterpene_frag3,17%); fragment:133.1012(Diterpene_frag,13%); fragment:135.1173(Diterpene_frag2,16%); fragment:147.1171(C11H15+,10%); fragment:149.1324(Sesterterpene_frag,51%); fragment:161.1329(C12H17+,7%); fragment:175.1486(C13H19+,14%); fragment:189.1628(Hopane_C14,5%)",5.0
A15_118264,Arthropoda,composite,OE23-POS,118264,614.445605,True,369,29,10,0,10,Terpenoid,Terpenoid,Medium,10 terpenoid fragments → terpenoid/isoprenoid,"fragment:93.0702(Toluenium,6%); fragment:95.0859(Methylcyclohexenyl,11%); fragment:107.0858(Dimethylcyclohexenyl,8%); fragment:109.1014(Sesquiterpene_frag,10%); fragment:121.1013(Sesquiterpene_frag2,14%); fragment:123.1169(Sesquiterpene_frag3,7%); fragment:133.1012(Diterpene_frag,5%); fragment:135.1168(Diterpene_frag2,20%); fragment:147.1167(C11H15+,5%); fragment:149.1324(Sesterterpene_frag,16%)",5.0
A15_11836,Streptophyta,indval_consensus,OE23-POS,11836,679.456941,True,106,95,8,0,8,Terpenoid,Terpenoid,Medium,8 terpenoid fragments → terpenoid/isoprenoid,"fragment:81.0705(Monoterpene_frag,21%); fragment:107.0860(Dimethylcyclohexenyl,17%); fragment:109.1015(Sesquiterpene_frag,24%); fragment:119.0859(C9H11+,12%); fragment:121.1014(Sesquiterpene_frag2,25%); fragment:123.1173(Sesquiterpene_frag3,5%); fragment:133.1012(Diterpene_frag,14%); fragment:135.1168(Diterpene_frag2,10%)",5.0
A15_118367,Streptophyta,indval_consensus,OE23-POS,118367,724.571882,True,51,22,3,0,3,Terpenoid,Terpenoid,Low,3 terpenoid fragments → possible terpenoid/isoprenoid,"fragment:81.0713(Monoterpene_frag,7%); fragment:135.1169(Diterpene_frag2,7%); fragment:149.1331(Sesterterpene_frag,7%)",5.0
A15_11841,Streptophyta,indval_consensus,OE23-POS,11841,419.240704,True,81,50,2,0,2,Phospholipid,PC/SM,Medium,Phosphocholine at 11% → PC or SM,"fragment:184.0731(Phosphocholine_C5H13NO4P,11%); fragment:197.0806(Ubiquinone_headgroup,100%)",5.0
A15_118542,Streptophyta,indval_consensus,OE23-POS,118542,337.273009,True,47,31,14,0,14,Terpenoid,Terpenoid,Medium,14 terpenoid fragments → terpenoid/isoprenoid,"fragment:69.0706(Isoprene_unit,71%); fragment:81.0705(Monoterpene_frag,95%); fragment:93.0705(Toluenium,26%); fragment:95.0860(Methylcyclohexenyl,71%); fragment:105.0701(Xylene_cation,7%); fragment:107.0860(Dimethylcyclohexenyl,19%); fragment:109.1016(Sesquiterpene_frag,35%); fragment:119.0857(C9H11+,6%); fragment:121.1013(Sesquiterpene_frag2,15%); fragment:123.1170(Sesquiterpene_frag3,12%); fragment:133.1010(Diterpene_frag,12%); fragment:135.1167(Diterpene_frag2,10%); fragment:147.1171(C11H15+,7%); fragment:161.1325(C12H17+,6%)",5.0
A15_118544,Streptophyta,indval_consensus,OE23-POS,118544,551.424704,True,124,64,17,0,17,Terpenoid,Terpenoid,Medium,17 terpenoid fragments → terpenoid/isoprenoid,"fragment:69.0706(Isoprene_unit,32%); fragment:81.0705(Monoterpene_frag,47%); fragment:93.0703(Toluenium,36%); fragment:95.0860(Methylcyclohexenyl,67%); fragment:105.0704(Xylene_cation,20%); fragment:107.0859(Dimethylcyclohexenyl,50%); fragment:109.1015(Sesquiterpene_frag,79%); fragment:119.0857(C9H11+,100%); fragment:121.1013(Sesquiterpene_frag2,69%); fragment:123.1171(Sesquiterpene_frag3,33%); fragment:133.1012(Diterpene_frag,54%); fragment:135.1170(Diterpene_frag2,82%); fragment:147.1168(C11H15+,22%); fragment:149.1328(Sesterterpene_frag,17%); fragment:161.1330(C12H17+,14%); fragment:175.1481(C13H19+,94%); fragment:189.1636(Hopane_C14,9%)",5.0
A15_118623,Streptophyta,indval_consensus,OE23-POS,118623,333.241791,True,83,36,16,0,16,Terpenoid,Terpenoid,Medium,16 terpenoid fragments → terpenoid/isoprenoid,"fragment:69.0706(Isoprene_unit,34%); fragment:81.0705(Monoterpene_frag,97%); fragment:93.0704(Toluenium,56%); fragment:95.0860(Methylcyclohexenyl,75%); fragment:105.0703(Xylene_cation,24%); fragment:107.0859(Dimethylcyclohexenyl,32%); fragment:109.1015(Sesquiterpene_frag,36%); fragment:119.0857(C9H11+,22%); fragment:121.1014(Sesquiterpene_frag2,28%); fragment:123.1169(Sesquiterpene_frag3,10%); fragment:133.1012(Diterpene_frag,23%); fragment:135.1169(Diterpene_frag2,14%); fragment:147.1169(C11H15+,12%); fragment:149.1324(Sesterterpene_frag,8%); fragment:161.1331(C12H17+,6%); fragment:175.1489(C13H19+,5%)",5.0
A15_11877,Nematoda,composite,OE23-POS,11877,518.26508,True,27,3,1,0,1,Phospholipid,PC/SM,High,Phosphocholine at 100% → PC or SM,"fragment:184.0732(Phosphocholine_C5H13NO4P,100%)",5.0
A15_118946,Streptophyta,indval_consensus,OE23-POS,118946,307.22627,True,89,42,14,0,14,Terpenoid,Terpenoid,Medium,14 terpenoid fragments → terpenoid/isoprenoid,"fragment:69.0706(Isoprene_unit,40%); fragment:81.0704(Monoterpene_frag,95%); fragment:93.0703(Toluenium,50%); fragment:95.0860(Methylcyclohexenyl,62%); fragment:105.0703(Xylene_cation,16%); fragment:107.0858(Dimethylcyclohexenyl,33%); fragment:109.1015(Sesquiterpene_frag,29%); fragment:119.0856(C9H11+,13%); fragment:121.1014(Sesquiterpene_frag2,27%); fragment:123.1171(Sesquiterpene_frag3,11%); fragment:133.1013(Diterpene_frag,12%); fragment:135.1170(Diterpene_frag2,14%); fragment:147.1168(C11H15+,6%); fragment:149.1328(Sesterterpene_frag,5%)",5.0
A15_119189,Streptophyta,indval_consensus,OE23-POS,119189,810.536129,True,35,15,1,0,1,Phospholipid,PC/SM,High,Phosphocholine at 100% → PC or SM,"fragment:184.0733(Phosphocholine_C5H13NO4P,100%)",5.0
A15_119314,Streptophyta,indval_consensus,OE23-POS,119314,704.545402,True,74,7,1,0,1,Phospholipid,PC/SM,High,Phosphocholine at 69% → PC or SM,"fragment:184.0733(Phosphocholine_C5H13NO4P,69%)",5.0
A15_119348,Streptophyta,indval_consensus,OE23-POS,119348,802.49936,True,120,11,1,0,1,Phospholipid,PC/SM,High,Phosphocholine at 100% → PC or SM,"fragment:184.0733(Phosphocholine_C5H13NO4P,100%)",5.0
A15_119592,Streptophyta,indval_consensus,OE23-POS,119592,793.601273,True,71,44,8,0,8,Terpenoid,Terpenoid,Medium,8 terpenoid fragments → terpenoid/isoprenoid,"fragment:121.1010(Sesquiterpene_frag2,6%); fragment:123.1167(Sesquiterpene_frag3,5%); fragment:133.1010(Diterpene_frag,5%); fragment:135.1165(Diterpene_frag2,6%); fragment:147.1169(C11H15+,6%); fragment:149.1325(Sesterterpene_frag,5%); fragment:161.1321(C12H17+,10%); fragment:175.1478(C13H19+,12%)",5.0
A15_119606,Streptophyta,indval_consensus,OE23-POS,119606,568.426016,True,159,91,16,0,16,Terpenoid,Terpenoid,Medium,16 terpenoid fragments → terpenoid/isoprenoid,"fragment:69.0707(Isoprene_unit,25%); fragment:81.0705(Monoterpene_frag,79%); fragment:93.0704(Toluenium,63%); fragment:95.0860(Methylcyclohexenyl,78%); fragment:105.0704(Xylene_cation,33%); fragment:107.0860(Dimethylcyclohexenyl,51%); fragment:109.1016(Sesquiterpene_frag,82%); fragment:119.0858(C9H11+,89%); fragment:121.1015(Sesquiterpene_frag2,100%); fragment:123.1171(Sesquiterpene_frag3,21%); fragment:133.1013(Diterpene_frag,88%); fragment:135.1170(Diterpene_frag2,87%); fragment:147.1170(C11H15+,81%); fragment:149.1327(Sesterterpene_frag,11%); fragment:161.1327(C12H17+,32%); fragment:175.1483(C13H19+,52%)",5.0
A15_119807,Streptophyta,indval_consensus,OE23-POS,119807,634.504584,True,129,81,16,0,16,Terpenoid,Terpenoid,Medium,16 terpenoid fragments → terpenoid/isoprenoid,"fragment:69.0705(Isoprene_unit,32%); fragment:81.0705(Monoterpene_frag,100%); fragment:93.0704(Toluenium,59%); fragment:95.0860(Methylcyclohexenyl,68%); fragment:105.0702(Xylene_cation,39%); fragment:107.0859(Dimethylcyclohexenyl,61%); fragment:109.1017(Sesquiterpene_frag,28%); fragment:119.0858(C9H11+,36%); fragment:121.1015(Sesquiterpene_frag2,38%); fragment:123.1172(Sesquiterpene_frag3,13%); fragment:133.1013(Diterpene_frag,27%); fragment:135.1169(Diterpene_frag2,22%); fragment:147.1167(C11H15+,21%); fragment:149.1325(Sesterterpene_frag,11%); fragment:161.1326(C12H17+,21%); fragment:175.1486(C13H19+,11%)",5.0
A15_119916,Streptophyta,indval_consensus,OE23-POS,119916,748.571935,True,97,10,1,0,1,Phospholipid,PC/SM,Medium,Phosphocholine at 11% → PC or SM,"fragment:184.0733(Phosphocholine_C5H13NO4P,11%)",5.0
A15_120355,Streptophyta,indval_consensus,OE23-POS,120355,501.391584,True,30,30,7,0,7,Terpenoid,Terpenoid,Medium,7 terpenoid fragments → terpenoid/isoprenoid,"fragment:69.0706(Isoprene_unit,28%); fragment:81.0704(Monoterpene_frag,32%); fragment:95.0859(Methylcyclohexenyl,26%); fragment:107.0861(Dimethylcyclohexenyl,15%); fragment:109.1010(Sesquiterpene_frag,32%); fragment:123.1171(Sesquiterpene_frag3,100%); fragment:147.1176(C11H15+,15%)",5.0
A15_12039,Streptophyta,indval_consensus,OE23-POS,12039,620.362263,True,501,26,4,0,4,Terpenoid,Terpenoid,Low,4 terpenoid fragments → possible terpenoid/isoprenoid,"fragment:81.0705(Monoterpene_frag,9%); fragment:95.0860(Methylcyclohexenyl,13%); fragment:109.1015(Sesquiterpene_frag,14%); fragment:123.1172(Sesquiterpene_frag3,8%)",5.0
A15_120466,Streptophyta,indval_consensus,OE23-POS,120466,766.581095,True,90,43,9,0,9,Terpenoid,Terpenoid,Medium,9 terpenoid fragments → terpenoid/isoprenoid,"fragment:109.1015(Sesquiterpene_frag,12%); fragment:119.0857(C9H11+,7%); fragment:121.1015(Sesquiterpene_frag2,11%); fragment:123.1172(Sesquiterpene_frag3,8%); fragment:133.1014(Diterpene_frag,8%); fragment:135.1169(Diterpene_frag2,15%); fragment:147.1171(C11H15+,10%); fragment:149.1327(Sesterterpene_frag,9%); fragment:161.1327(C12H17+,5%)",5.0
A15_120488,Streptophyta,indval_consensus,OE23-POS,120488,782.535306,True,27,9,1,0,1,Phospholipid,PC/SM,High,Phosphocholine at 100% → PC or SM,"fragment:184.0734(Phosphocholine_C5H13NO4P,100%)",5.0
A15_120501,Streptophyta,indval_consensus,OE23-POS,120501,621.492722,True,75,74,12,0,12,Terpenoid,Terpenoid,Medium,12 terpenoid fragments → terpenoid/isoprenoid,"fragment:93.0703(Toluenium,22%); fragment:95.0860(Methylcyclohexenyl,51%); fragment:105.0704(Xylene_cation,14%); fragment:107.0861(Dimethylcyclohexenyl,17%); fragment:109.1014(Sesquiterpene_frag,18%); fragment:119.0857(C9H11+,22%); fragment:121.1016(Sesquiterpene_frag2,27%); fragment:123.1172(Sesquiterpene_frag3,5%); fragment:133.1010(Diterpene_frag,14%); fragment:135.1168(Diterpene_frag2,14%); fragment:147.1170(C11H15+,14%); fragment:161.1329(C12H17+,13%)",5.0
A15_12052,Arthropoda,composite,OE23-POS,12052,371.197588,True,91,19,5,0,5,Terpenoid,Terpenoid,Medium,5 terpenoid fragments → terpenoid/isoprenoid,"fragment:81.0705(Monoterpene_frag,9%); fragment:93.0704(Toluenium,5%); fragment:95.0860(Methylcyclohexenyl,6%); fragment:105.0703(Xylene_cation,31%); fragment:109.1017(Sesquiterpene_frag,6%)",5.0
A15_120616,Arthropoda,composite,OE23-POS,120616,645.528693,True,30,30,1,0,1,Phospholipid,PC/SM,High,Phosphocholine at 31% → PC or SM,"fragment:184.0737(Phosphocholine_C5H13NO4P,31%)",5.0
A15_120646,Streptophyta,indval_consensus,OE23-POS,120646,804.51193,True,27,26,1,0,1,Phospholipid,PC/SM,High,Phosphocholine at 89% → PC or SM,"fragment:184.0734(Phosphocholine_C5H13NO4P,89%)",5.0
A15_120884,Mollusca,composite,OE23-POS,120884,833.473137,True,28,12,1,0,1,Phospholipid,PC/SM,High,Phosphocholine at 21% → PC or SM,"fragment:184.0730(Phosphocholine_C5H13NO4P,21%)",5.0
A15_120902,Nematoda,composite,OE23-POS,120902,798.486478,True,30,17,1,0,1,Phospholipid,PC/SM,High,Phosphocholine at 86% → PC or SM,"fragment:184.0733(Phosphocholine_C5H13NO4P,86%)",5.0
A15_121022,Streptophyta,indval_consensus,OE23-POS,121022,539.28792,True,60,60,14,0,14,Terpenoid,Terpenoid,Medium,14 terpenoid fragments → terpenoid/isoprenoid,"fragment:81.0704(Monoterpene_frag,44%); fragment:93.0703(Toluenium,13%); fragment:95.0859(Methylcyclohexenyl,75%); fragment:105.0702(Xylene_cation,12%); fragment:107.0858(Dimethylcyclohexenyl,25%); fragment:109.1017(Sesquiterpene_frag,45%); fragment:119.0855(C9H11+,23%); fragment:121.1014(Sesquiterpene_frag2,25%); fragment:123.1170(Sesquiterpene_frag3,22%); fragment:133.1013(Diterpene_frag,15%); fragment:135.1168(Diterpene_frag2,16%); fragment:147.1168(C11H15+,11%); fragment:149.1325(Sesterterpene_frag,10%); fragment:175.1482(C13H19+,11%)",5.0
A15_121099,Streptophyta,indval_consensus,OE23-POS,121099,551.424774,True,159,57,16,0,16,Terpenoid,Terpenoid,Medium,16 terpenoid fragments → terpenoid/isoprenoid,"fragment:69.0706(Isoprene_unit,26%); fragment:81.0707(Monoterpene_frag,42%); fragment:93.0704(Toluenium,48%); fragment:95.0860(Methylcyclohexenyl,69%); fragment:105.0704(Xylene_cation,17%); fragment:107.0859(Dimethylcyclohexenyl,49%); fragment:109.1015(Sesquiterpene_frag,64%); fragment:119.0857(C9H11+,100%); fragment:121.1014(Sesquiterpene_frag2,65%); fragment:123.1172(Sesquiterpene_frag3,26%); fragment:133.1012(Diterpene_frag,62%); fragment:135.1168(Diterpene_frag2,83%); fragment:147.1170(C11H15+,23%); fragment:149.1328(Sesterterpene_frag,7%); fragment:161.1328(C12H17+,21%); fragment:175.1480(C13H19+,80%)",5.0
A15_121167,Streptophyta,indval_consensus,OE23-POS,121167,748.571843,True,31,7,2,0,2,Phospholipid,PC/SM,High,Phosphocholine at 22% → PC or SM,"fragment:184.0733(Phosphocholine_C5H13NO4P,22%); fragment:397.3831(Sitosterol_-H2O,7%)",5.0
A15_121178,Streptophyta,indval_consensus,OE23-POS,121178,791.586062,True,69,35,3,0,3,Terpenoid,Terpenoid,Low,3 terpenoid fragments → possible terpenoid/isoprenoid,"fragment:121.1010(Sesquiterpene_frag2,6%); fragment:161.1323(C12H17+,10%); fragment:175.1480(C13H19+,8%)",5.0
A15_121324,Streptophyta,indval_consensus,OE23-POS,121324,751.59027,True,12,4,1,0,1,Phospholipid,PC/SM,High,Phosphocholine at 100% → PC or SM,"fragment:184.0734(Phosphocholine_C5H13NO4P,100%)",5.0
A15_121480,Streptophyta,indval_consensus,OE23-POS,121480,690.529965,True,162,59,1,0,1,Phospholipid,PC/SM,High,Phosphocholine at 20% → PC or SM,"fragment:184.0734(Phosphocholine_C5H13NO4P,20%)",5.0
A15_121533,Nematoda,composite,OE23-POS,121533,797.435109,True,16,16,1,0,1,Phospholipid,PC/SM,High,Phosphocholine at 87% → PC or SM,"fragment:184.0735(Phosphocholine_C5H13NO4P,87%)",5.0
A15_121592,Streptophyta,indval_consensus,OE23-POS,121592,921.572925,True,27,8,1,0,1,Sterol,Sterol,Medium,Sterol dehydration fragments,"fragment:397.3819(Sitosterol_-H2O,9%)",5.0
A15_121725,Streptophyta,indval_consensus,OE23-POS,121725,742.561036,True,70,23,4,0,4,Terpenoid,Terpenoid,Low,4 terpenoid fragments → possible terpenoid/isoprenoid,"fragment:109.1016(Sesquiterpene_frag,6%); fragment:121.1014(Sesquiterpene_frag2,6%); fragment:135.1170(Diterpene_frag2,10%); fragment:149.1326(Sesterterpene_frag,7%)",5.0
A15_12198,Streptophyta,indval_consensus,OE23-POS,12198,718.399735,True,131,86,16,0,16,Terpenoid,Terpenoid,Medium,16 terpenoid fragments → terpenoid/isoprenoid,"fragment:81.0705(Monoterpene_frag,13%); fragment:93.0706(Toluenium,5%); fragment:95.0861(Methylcyclohexenyl,10%); fragment:105.0703(Xylene_cation,17%); fragment:107.0857(Dimethylcyclohexenyl,7%); fragment:109.1016(Sesquiterpene_frag,25%); fragment:119.0858(C9H11+,8%); fragment:121.1015(Sesquiterpene_frag2,21%); fragment:123.1171(Sesquiterpene_frag3,16%); fragment:133.1009(Diterpene_frag,11%); fragment:135.1170(Diterpene_frag2,18%); fragment:147.1173(C11H15+,6%); fragment:149.1328(Sesterterpene_frag,10%); fragment:161.1327(C12H17+,10%); fragment:175.1482(C13H19+,12%); fragment:189.1636(Hopane_C14,6%)",5.0
A15_122125,Streptophyta,indval_consensus,OE23-POS,122125,802.499022,True,116,6,1,0,1,Phospholipid,PC/SM,Medium,Phosphocholine at 13% → PC or SM,"fragment:184.0733(Phosphocholine_C5H13NO4P,13%)",5.0
A15_122193,Arthropoda,composite,OE23-POS,122193,622.450105,True,250,67,1,0,1,Quinone,Ubiquinone,Medium,Ubiquinone headgroup fragment,"fragment:197.0809(Ubiquinone_headgroup,100%)",5.0
A15_122194,Streptophyta,indval_consensus,OE23-POS,122194,569.455884,True,75,21,13,0,13,Terpenoid,Terpenoid,Medium,13 terpenoid fragments → terpenoid/isoprenoid,"fragment:81.0704(Monoterpene_frag,24%); fragment:93.0703(Toluenium,12%); fragment:95.0860(Methylcyclohexenyl,18%); fragment:107.0859(Dimethylcyclohexenyl,12%); fragment:109.1015(Sesquiterpene_frag,32%); fragment:119.0859(C9H11+,8%); fragment:121.1014(Sesquiterpene_frag2,17%); fragment:123.1169(Sesquiterpene_frag3,8%); fragment:133.1012(Diterpene_frag,8%); fragment:135.1169(Diterpene_frag2,11%); fragment:147.1171(C11H15+,6%); fragment:149.1323(Sesterterpene_frag,7%); fragment:161.1320(C12H17+,6%)",5.0
A15_122238,Streptophyta,indval_consensus,OE23-POS,122238,337.272956,True,40,28,12,0,12,Terpenoid,Terpenoid,Medium,12 terpenoid fragments → terpenoid/isoprenoid,"fragment:69.0706(Isoprene_unit,79%); fragment:81.0704(Monoterpene_frag,100%); fragment:93.0704(Toluenium,20%); fragment:95.0859(Methylcyclohexenyl,76%); fragment:105.0705(Xylene_cation,8%); fragment:107.0860(Dimethylcyclohexenyl,19%); fragment:109.1016(Sesquiterpene_frag,29%); fragment:119.0859(C9H11+,8%); fragment:121.1016(Sesquiterpene_frag2,13%); fragment:123.1171(Sesquiterpene_frag3,12%); fragment:133.1014(Diterpene_frag,12%); fragment:135.1170(Diterpene_frag2,9%)",5.0
A15_122274,Nematoda,composite,OE23-POS,122274,773.436361,True,43,43,1,0,1,Phospholipid,PC/SM,Medium,Phosphocholine at 11% → PC or SM,"fragment:184.0729(Phosphocholine_C5H13NO4P,11%)",5.0
A15_122279,Streptophyta,indval_consensus,OE23-POS,122279,800.484829,True,90,24,1,0,1,Phospholipid,PC/SM,High,Phosphocholine at 50% → PC or SM,"fragment:184.0733(Phosphocholine_C5H13NO4P,50%)",5.0
A15_122386,Streptophyta,indval_consensus,OE23-POS,122386,574.449893,True,85,53,15,0,15,Terpenoid,Terpenoid,Medium,15 terpenoid fragments → terpenoid/isoprenoid,"fragment:81.0704(Monoterpene_frag,44%); fragment:93.0702(Toluenium,17%); fragment:95.0860(Methylcyclohexenyl,47%); fragment:105.0704(Xylene_cation,6%); fragment:107.0861(Dimethylcyclohexenyl,15%); fragment:109.1015(Sesquiterpene_frag,30%); fragment:119.0856(C9H11+,9%); fragment:121.1017(Sesquiterpene_frag2,34%); fragment:123.1171(Sesquiterpene_frag3,21%); fragment:133.1014(Diterpene_frag,14%); fragment:135.1166(Diterpene_frag2,29%); fragment:147.1169(C11H15+,8%); fragment:149.1325(Sesterterpene_frag,25%); fragment:161.1322(C12H17+,8%); fragment:175.1482(C13H19+,11%)",5.0
A15_12239,Arthropoda,composite,OE23-POS,12239,383.32838,True,96,31,8,0,8,Terpenoid,Terpenoid,Medium,8 terpenoid fragments → terpenoid/isoprenoid,"fragment:69.0706(Isoprene_unit,15%); fragment:81.0704(Monoterpene_frag,11%); fragment:93.0706(Toluenium,5%); fragment:95.0860(Methylcyclohexenyl,11%); fragment:105.0704(Xylene_cation,10%); fragment:107.0864(Dimethylcyclohexenyl,5%); fragment:109.1016(Sesquiterpene_frag,8%); fragment:123.1172(Sesquiterpene_frag3,5%)",5.0
A15_122524,Streptophyta,indval_consensus,OE23-POS,122524,691.533962,True,30,8,1,0,1,Phospholipid,PC/SM,High,Phosphocholine at 100% → PC or SM,"fragment:184.0733(Phosphocholine_C5H13NO4P,100%)",5.0
A15_122538,Streptophyta,indval_consensus,OE23-POS,122538,769.553775,True,131,32,1,2,3,Sphingolipid,SM,High,Sphingoid base + phosphocholine → SM,"fragment:184.0735(Phosphocholine_C5H13NO4P,8%); loss:180.0634(Hexose+H2O_loss,37%); loss:180.0634(Hexose_ceramide,37%)",5.0
A15_122868,Streptophyta,indval_consensus,OE23-POS,122868,445.36753,True,72,46,1,0,1,Pentacyclic_Triterpenoid,Hopanoid,Low,Hopanoid diagnostic fragments,"fragment:191.1797(Hopane_skeleton,6%)",5.0
A15_123325,Streptophyta,indval_consensus,OE23-POS,123325,585.488009,True,43,32,2,0,2,Sterol,Sterol,Medium,Sterol dehydration fragments,"fragment:395.3548(Stigmasterol_-H2O,7%); fragment:395.3548(Diplopterol,7%)",5.0
A15_123338,Streptophyta,indval_consensus,OE23-POS,123338,569.456715,True,259,12,7,0,7,Terpenoid,Terpenoid,Medium,7 terpenoid fragments → terpenoid/isoprenoid,"fragment:81.0704(Monoterpene_frag,8%); fragment:93.0703(Toluenium,7%); fragment:95.0859(Methylcyclohexenyl,9%); fragment:107.0858(Dimethylcyclohexenyl,6%); fragment:109.1014(Sesquiterpene_frag,26%); fragment:121.1013(Sesquiterpene_frag2,11%); fragment:135.1168(Diterpene_frag2,6%)",5.0
A15_123355,Streptophyta,indval_consensus,OE23-POS,123355,750.554233,True,58,22,1,0,1,Sterol,Sterol,Medium,Sterol dehydration fragments,"fragment:383.3672(Campesterol_-H2O,100%)",5.0
A15_123514,Mollusca,composite,OE23-POS,123514,641.499404,True,25,19,3,0,3,Terpenoid,Terpenoid,Low,3 terpenoid fragments → possible terpenoid/isoprenoid,"fragment:93.0707(Toluenium,7%); fragment:109.1016(Sesquiterpene_frag,8%); fragment:123.1171(Sesquiterpene_frag3,5%)",5.0
A15_123515,Streptophyta,indval_consensus,OE23-POS,123515,781.549155,True,22,8,1,0,1,Phospholipid,PC/SM,High,Phosphocholine at 35% → PC or SM,"fragment:184.0732(Phosphocholine_C5H13NO4P,35%)",5.0
A15_12358,Streptophyta,indval_consensus,OE23-POS,12358,677.368898,True,121,43,8,0,8,Terpenoid,Terpenoid,Medium,8 terpenoid fragments → terpenoid/isoprenoid,"fragment:81.0705(Monoterpene_frag,11%); fragment:95.0859(Methylcyclohexenyl,14%); fragment:105.0701(Xylene_cation,8%); fragment:109.1014(Sesquiterpene_frag,16%); fragment:121.1013(Sesquiterpene_frag2,8%); fragment:123.1169(Sesquiterpene_frag3,13%); fragment:135.1171(Diterpene_frag2,6%); fragment:149.1326(Sesterterpene_frag,8%)",5.0
A15_123726,Streptophyta,indval_consensus,OE23-POS,123726,717.550684,True,41,5,1,0,1,Phospholipid,PC/SM,High,Phosphocholine at 100% → PC or SM,"fragment:184.0734(Phosphocholine_C5H13NO4P,100%)",5.0
A15_123897,Streptophyta,indval_consensus,OE23-POS,123897,693.545603,True,47,14,1,0,1,Phospholipid,PC/SM,High,Phosphocholine at 100% → PC or SM,"fragment:184.0734(Phosphocholine_C5H13NO4P,100%)",5.0
A15_123911,Streptophyta,indval_consensus,OE23-POS,123911,337.27292,True,51,31,13,0,13,Terpenoid,Terpenoid,Medium,13 terpenoid fragments → terpenoid/isoprenoid,"fragment:69.0706(Isoprene_unit,70%); fragment:81.0705(Monoterpene_frag,100%); fragment:93.0703(Toluenium,24%); fragment:95.0860(Methylcyclohexenyl,65%); fragment:105.0705(Xylene_cation,8%); fragment:107.0863(Dimethylcyclohexenyl,12%); fragment:109.1015(Sesquiterpene_frag,27%); fragment:119.0860(C9H11+,12%); fragment:121.1016(Sesquiterpene_frag2,15%); fragment:123.1175(Sesquiterpene_frag3,12%); fragment:133.1020(Diterpene_frag,8%); fragment:135.1177(Diterpene_frag2,8%); fragment:147.1166(C11H15+,6%)",5.0
A15_124013,Streptophyta,indval_consensus,OE23-POS,124013,777.580904,True,40,5,1,0,1,Phospholipid,PC/SM,High,Phosphocholine at 100% → PC or SM,"fragment:184.0734(Phosphocholine_C5H13NO4P,100%)",5.0
A15_124079,Streptophyta,indval_consensus,OE23-POS,124079,767.546305,True,33,32,0,2,2,Sphingolipid,Ceramide,Medium,Sphingoid base fragments,"loss:180.0634(Hexose+H2O_loss,18%); loss:180.0634(Hexose_ceramide,18%)",5.0
A15_124129,Streptophyta,indval_consensus,OE23-POS,124129,445.367151,True,71,50,10,0,10,Terpenoid,Terpenoid,Medium,10 terpenoid fragments → terpenoid/isoprenoid,"fragment:69.0706(Isoprene_unit,85%); fragment:81.0705(Monoterpene_frag,58%); fragment:93.0707(Toluenium,22%); fragment:95.0859(Methylcyclohexenyl,43%); fragment:107.0864(Dimethylcyclohexenyl,22%); fragment:109.1016(Sesquiterpene_frag,36%); fragment:121.1017(Sesquiterpene_frag2,17%); fragment:123.1174(Sesquiterpene_frag3,18%); fragment:135.1171(Diterpene_frag2,13%); fragment:149.1329(Sesterterpene_frag,20%)",5.0
A15_124171,Streptophyta,indval_consensus,OE23-POS,124171,570.457234,True,37,13,7,0,7,Terpenoid,Terpenoid,Medium,7 terpenoid fragments → terpenoid/isoprenoid,"fragment:81.0705(Monoterpene_frag,14%); fragment:93.0705(Toluenium,9%); fragment:95.0859(Methylcyclohexenyl,10%); fragment:107.0861(Dimethylcyclohexenyl,6%); fragment:109.1014(Sesquiterpene_frag,7%); fragment:121.1013(Sesquiterpene_frag2,11%); fragment:135.1172(Diterpene_frag2,5%)",5.0
A15_124275,Streptophyta,indval_consensus,OE23-POS,124275,780.57612,True,16,16,2,0,2,Phospholipid,PC/SM,High,Phosphocholine at 75% → PC or SM,"fragment:184.0732(Phosphocholine_C5H13NO4P,75%); fragment:197.1061(Ubiquinone_headgroup,7%)",5.0
A15_124339,Streptophyta,indval_consensus,OE23-POS,124339,652.567372,True,93,67,1,0,1,Phospholipid,PC/SM,High,Phosphocholine at 60% → PC or SM,"fragment:184.0732(Phosphocholine_C5H13NO4P,60%)",5.0
A15_124408,Streptophyta,indval_consensus,OE23-POS,124408,776.577888,True,110,4,1,0,1,Phospholipid,PC/SM,High,Phosphocholine at 80% → PC or SM,"fragment:184.0733(Phosphocholine_C5H13NO4P,80%)",5.0
A15_124433,Streptophyta,indval_consensus,OE23-POS,124433,970.697655,True,618,83,0,1,1,Phospholipid,PS,Medium,Serine neutral loss,"loss:87.0320(Serine,7%)",5.0
A15_124542,Arthropoda,composite,OE23-POS,124542,847.56685,True,32,9,1,0,1,Phospholipid,PC/SM,Medium,Phosphocholine at 13% → PC or SM,"fragment:184.0733(Phosphocholine_C5H13NO4P,13%)",5.0
A15_124605,Streptophyta,indval_consensus,OE23-POS,124605,313.273111,True,53,22,8,0,8,Terpenoid,Terpenoid,Medium,8 terpenoid fragments → terpenoid/isoprenoid,"fragment:69.0706(Isoprene_unit,24%); fragment:81.0705(Monoterpene_frag,27%); fragment:93.0704(Toluenium,9%); fragment:95.0861(Methylcyclohexenyl,27%); fragment:107.0859(Dimethylcyclohexenyl,6%); fragment:109.1015(Sesquiterpene_frag,18%); fragment:121.1014(Sesquiterpene_frag2,8%); fragment:123.1172(Sesquiterpene_frag3,5%)",5.0
A15_12465,Streptophyta,indval_consensus,OE23-POS,12465,399.271156,True,99,16,4,0,4,Terpenoid,Terpenoid,Low,4 terpenoid fragments → possible terpenoid/isoprenoid,"fragment:69.0706(Isoprene_unit,5%); fragment:81.0706(Monoterpene_frag,6%); fragment:95.0860(Methylcyclohexenyl,6%); fragment:109.1016(Sesquiterpene_frag,6%)",5.0
A15_124980,Nematoda,composite,OE23-POS,124980,737.411911,True,36,36,1,0,1,Phospholipid,PC/SM,High,Phosphocholine at 57% → PC or SM,"fragment:184.0735(Phosphocholine_C5H13NO4P,57%)",5.0
A15_125150,Streptophyta,indval_consensus,OE23-POS,125150,779.541028,True,78,5,1,0,1,Phospholipid,PC/SM,High,Phosphocholine at 35% → PC or SM,"fragment:184.0733(Phosphocholine_C5H13NO4P,35%)",5.0
A15_125304,Streptophyta,indval_consensus,OE23-POS,125304,769.552625,True,111,28,0,2,2,Sphingolipid,Ceramide,Medium,Sphingoid base fragments,"loss:180.0634(Hexose+H2O_loss,39%); loss:180.0634(Hexose_ceramide,39%)",5.0
A15_125397,Mollusca,composite,OE23-POS,125397,363.289028,True,29,29,7,0,7,Terpenoid,Terpenoid,Medium,7 terpenoid fragments → terpenoid/isoprenoid,"fragment:69.0705(Isoprene_unit,100%); fragment:81.0703(Monoterpene_frag,75%); fragment:95.0860(Methylcyclohexenyl,70%); fragment:109.1015(Sesquiterpene_frag,62%); fragment:121.1011(Sesquiterpene_frag2,27%); fragment:123.1171(Sesquiterpene_frag3,47%); fragment:135.1166(Diterpene_frag2,17%)",5.0
A15_125445,Streptophyta,indval_consensus,OE23-POS,125445,540.462898,True,62,20,9,0,9,Terpenoid,Terpenoid,Medium,9 terpenoid fragments → terpenoid/isoprenoid,"fragment:69.0706(Isoprene_unit,8%); fragment:81.0705(Monoterpene_frag,11%); fragment:95.0861(Methylcyclohexenyl,13%); fragment:109.1016(Sesquiterpene_frag,13%); fragment:121.1013(Sesquiterpene_frag2,6%); fragment:123.1169(Sesquiterpene_frag3,11%); fragment:135.1171(Diterpene_frag2,8%); fragment:149.1324(Sesterterpene_frag,9%); fragment:205.1955(Steroid_C15,8%)",5.0
A15_125598,Streptophyta,indval_consensus,OE23-POS,125598,445.367276,True,52,52,14,0,14,Terpenoid,Terpenoid,Medium,14 terpenoid fragments → terpenoid/isoprenoid,"fragment:69.0706(Isoprene_unit,53%); fragment:81.0704(Monoterpene_frag,57%); fragment:93.0708(Toluenium,10%); fragment:95.0859(Methylcyclohexenyl,61%); fragment:105.0704(Xylene_cation,9%); fragment:107.0857(Dimethylcyclohexenyl,19%); fragment:109.1016(Sesquiterpene_frag,36%); fragment:119.0863(C9H11+,9%); fragment:121.1017(Sesquiterpene_frag2,25%); fragment:123.1173(Sesquiterpene_frag3,23%); fragment:135.1167(Diterpene_frag2,15%); fragment:147.1172(C11H15+,12%); fragment:149.1326(Sesterterpene_frag,11%); fragment:161.1320(C12H17+,10%)",5.0
A15_125615,Streptophyta,indval_consensus,OE23-POS,125615,539.287875,True,72,48,10,0,10,Terpenoid,Terpenoid,Medium,10 terpenoid fragments → terpenoid/isoprenoid,"fragment:69.0705(Isoprene_unit,12%); fragment:81.0705(Monoterpene_frag,31%); fragment:93.0704(Toluenium,5%); fragment:95.0859(Methylcyclohexenyl,51%); fragment:107.0858(Dimethylcyclohexenyl,5%); fragment:109.1014(Sesquiterpene_frag,30%); fragment:121.1015(Sesquiterpene_frag2,10%); fragment:123.1170(Sesquiterpene_frag3,26%); fragment:149.1324(Sesterterpene_frag,9%); fragment:205.1968(Steroid_C15,7%)",5.0
A15_126245,Streptophyta,indval_consensus,OE23-POS,126245,431.351544,True,69,31,5,0,5,Terpenoid,Terpenoid,Medium,5 terpenoid fragments → terpenoid/isoprenoid,"fragment:69.0706(Isoprene_unit,13%); fragment:81.0704(Monoterpene_frag,13%); fragment:95.0860(Methylcyclohexenyl,10%); fragment:109.1014(Sesquiterpene_frag,7%); fragment:123.1173(Sesquiterpene_frag3,7%)",5.0
A15_126273,Streptophyta,indval_consensus,OE23-POS,126273,307.226199,True,130,27,13,0,13,Terpenoid,Terpenoid,Medium,13 terpenoid fragments → terpenoid/isoprenoid,"fragment:69.0706(Isoprene_unit,41%); fragment:81.0705(Monoterpene_frag,86%); fragment:93.0704(Toluenium,49%); fragment:95.0860(Methylcyclohexenyl,62%); fragment:105.0703(Xylene_cation,11%); fragment:107.0859(Dimethylcyclohexenyl,17%); fragment:109.1015(Sesquiterpene_frag,24%); fragment:119.0860(C9H11+,7%); fragment:121.1015(Sesquiterpene_frag2,20%); fragment:123.1169(Sesquiterpene_frag3,8%); fragment:133.1013(Diterpene_frag,11%); fragment:135.1169(Diterpene_frag2,12%); fragment:147.1170(C11H15+,5%)",5.0
A15_126367,Streptophyta,indval_consensus,OE23-POS,126367,616.500136,True,46,30,5,0,5,Terpenoid,Terpenoid,Medium,5 terpenoid fragments → terpenoid/isoprenoid,"fragment:95.0860(Methylcyclohexenyl,11%); fragment:109.1018(Sesquiterpene_frag,6%); fragment:121.1013(Sesquiterpene_frag2,8%); fragment:123.1174(Sesquiterpene_frag3,7%); fragment:135.1173(Diterpene_frag2,5%)",5.0
A15_126387,Streptophyta,indval_consensus,OE23-POS,126387,432.354911,True,93,26,4,0,4,Terpenoid,Terpenoid,Low,4 terpenoid fragments → possible terpenoid/isoprenoid,"fragment:69.0706(Isoprene_unit,11%); fragment:81.0704(Monoterpene_frag,11%); fragment:95.0860(Methylcyclohexenyl,11%); fragment:109.1018(Sesquiterpene_frag,6%)",5.0
A15_126427,Streptophyta,indval_consensus,OE23-POS,126427,704.545302,True,39,6,1,0,1,Phospholipid,PC/SM,Medium,Phosphocholine at 8% → PC or SM,"fragment:184.0735(Phosphocholine_C5H13NO4P,8%)",5.0
A15_126477,Streptophyta,indval_consensus,OE23-POS,126477,691.5344,True,28,28,1,0,1,Phospholipid,PC/SM,High,Phosphocholine at 100% → PC or SM,"fragment:184.0731(Phosphocholine_C5H13NO4P,100%)",5.0
A15_126498,Streptophyta,indval_consensus,OE23-POS,126498,640.55176,True,309,55,13,0,13,Terpenoid,Terpenoid,Medium,13 terpenoid fragments → terpenoid/isoprenoid,"fragment:93.0704(Toluenium,18%); fragment:95.0861(Methylcyclohexenyl,30%); fragment:105.0706(Xylene_cation,12%); fragment:107.0861(Dimethylcyclohexenyl,13%); fragment:109.1015(Sesquiterpene_frag,18%); fragment:119.0860(C9H11+,12%); fragment:121.1014(Sesquiterpene_frag2,24%); fragment:123.1173(Sesquiterpene_frag3,7%); fragment:133.1014(Diterpene_frag,17%); fragment:135.1171(Diterpene_frag2,5%); fragment:147.1173(C11H15+,12%); fragment:149.1329(Sesterterpene_frag,8%); fragment:161.1326(C12H17+,6%)",5.0
A15_126566,Streptophyta,indval_consensus,OE23-POS,126566,786.564384,True,38,12,1,0,1,Phospholipid,PC/SM,High,Phosphocholine at 100% → PC or SM,"fragment:184.0733(Phosphocholine_C5H13NO4P,100%)",5.0
A15_126599,Streptophyta,indval_consensus,OE23-POS,126599,779.541305,True,22,5,1,0,1,Phospholipid,PC/SM,High,Phosphocholine at 62% → PC or SM,"fragment:184.0734(Phosphocholine_C5H13NO4P,62%)",5.0
A15_126842,Streptophyta,indval_consensus,OE23-POS,126842,652.56757,True,42,42,15,0,15,Terpenoid,Terpenoid,Medium,15 terpenoid fragments → terpenoid/isoprenoid,"fragment:69.0706(Isoprene_unit,17%); fragment:81.0704(Monoterpene_frag,78%); fragment:93.0702(Toluenium,26%); fragment:95.0859(Methylcyclohexenyl,68%); fragment:107.0861(Dimethylcyclohexenyl,36%); fragment:109.1015(Sesquiterpene_frag,83%); fragment:121.1015(Sesquiterpene_frag2,57%); fragment:123.1169(Sesquiterpene_frag3,33%); fragment:133.1012(Diterpene_frag,29%); fragment:135.1173(Diterpene_frag2,52%); fragment:147.1169(C11H15+,24%); fragment:149.1331(Sesterterpene_frag,38%); fragment:161.1328(C12H17+,33%); fragment:175.1477(C13H19+,15%); fragment:203.1808(Triterpene_C15,18%)",5.0
A15_127170,Ascomycota,indval_consensus,OE23-POS,127170,651.535933,True,101,73,16,0,16,Terpenoid,Terpenoid,Medium,16 terpenoid fragments → terpenoid/isoprenoid,"fragment:93.0702(Toluenium,25%); fragment:95.0859(Methylcyclohexenyl,49%); fragment:105.0703(Xylene_cation,13%); fragment:107.0861(Dimethylcyclohexenyl,24%); fragment:109.1015(Sesquiterpene_frag,44%); fragment:119.0864(C9H11+,19%); fragment:121.1016(Sesquiterpene_frag2,40%); fragment:123.1176(Sesquiterpene_frag3,16%); fragment:133.1016(Diterpene_frag,21%); fragment:135.1169(Diterpene_frag2,29%); fragment:147.1168(C11H15+,30%); fragment:149.1332(Sesterterpene_frag,22%); fragment:161.1318(C12H17+,36%); fragment:175.1488(C13H19+,22%); fragment:189.1645(Hopane_C14,14%); fragment:203.1800(Triterpene_C15,12%)",5.0
A15_127305,Streptophyta,indval_consensus,OE23-POS,127305,1084.762106,True,80,65,3,0,3,Terpenoid,Terpenoid,Low,3 terpenoid fragments → possible terpenoid/isoprenoid,"fragment:107.0705(Dimethylcyclohexenyl,6%); fragment:121.1016(Sesquiterpene_frag2,10%); fragment:123.1171(Sesquiterpene_frag3,6%)",5.0
A15_12742,Streptophyta,indval_consensus,OE23-POS,12742,639.244603,True,301,65,10,0,10,Terpenoid,Terpenoid,Medium,10 terpenoid fragments → terpenoid/isoprenoid,"fragment:93.0702(Toluenium,11%); fragment:95.0859(Methylcyclohexenyl,10%); fragment:105.0702(Xylene_cation,9%); fragment:107.0860(Dimethylcyclohexenyl,13%); fragment:109.1015(Sesquiterpene_frag,9%); fragment:119.0857(C9H11+,8%); fragment:121.1016(Sesquiterpene_frag2,11%); fragment:133.1014(Diterpene_frag,10%); fragment:135.1170(Diterpene_frag2,8%); fragment:147.1170(C11H15+,7%)",5.0
A15_127500,Streptophyta,indval_consensus,OE23-POS,127500,795.571262,True,69,23,1,2,3,Sphingolipid,SM,High,Sphingoid base + phosphocholine → SM,"fragment:184.0726(Phosphocholine_C5H13NO4P,6%); loss:180.0634(Hexose+H2O_loss,41%); loss:180.0634(Hexose_ceramide,41%)",5.0
A15_127504,Streptophyta,indval_consensus,OE23-POS,127504,780.575684,True,133,17,1,0,1,Phospholipid,PC/SM,Medium,Phosphocholine at 5% → PC or SM,"fragment:184.0735(Phosphocholine_C5H13NO4P,5%)",5.0
A15_127607,Streptophyta,indval_consensus,OE23-POS,127607,607.472264,True,37,37,8,0,8,Terpenoid,Terpenoid,Medium,8 terpenoid fragments → terpenoid/isoprenoid,"fragment:81.0705(Monoterpene_frag,83%); fragment:95.0863(Methylcyclohexenyl,52%); fragment:105.0705(Xylene_cation,28%); fragment:107.0859(Dimethylcyclohexenyl,48%); fragment:109.1017(Sesquiterpene_frag,63%); fragment:121.1014(Sesquiterpene_frag2,31%); fragment:135.1171(Diterpene_frag2,30%); fragment:149.1330(Sesterterpene_frag,27%)",5.0
A15_127622,Streptophyta,indval_consensus,OE23-POS,127622,851.546801,True,45,10,1,0,1,Phospholipid,PC/SM,Medium,Phosphocholine at 6% → PC or SM,"fragment:184.0732(Phosphocholine_C5H13NO4P,6%)",5.0
A15_127770,Streptophyta,indval_consensus,OE23-POS,127770,432.354906,True,37,29,4,0,4,Terpenoid,Terpenoid,Low,4 terpenoid fragments → possible terpenoid/isoprenoid,"fragment:69.0705(Isoprene_unit,12%); fragment:81.0705(Monoterpene_frag,16%); fragment:95.0860(Methylcyclohexenyl,14%); fragment:109.1016(Sesquiterpene_frag,9%)",5.0
A15_12785,Streptophyta,indval_consensus,OE23-POS,12785,537.302359,True,74,12,1,0,1,Phospholipid,PC/SM,Medium,Phosphocholine at 8% → PC or SM,"fragment:184.0734(Phosphocholine_C5H13NO4P,8%)",5.0
A15_127887,Streptophyta,indval_consensus,OE23-POS,127887,741.564172,True,35,14,1,0,1,Phospholipid,PC/SM,Medium,Phosphocholine at 10% → PC or SM,"fragment:184.0724(Phosphocholine_C5H13NO4P,10%)",5.0
A15_128209,Streptophyta,indval_consensus,OE23-POS,128209,649.522404,True,19,19,1,0,1,Quinone,Ubiquinone,Medium,Ubiquinone headgroup fragment,"fragment:197.0811(Ubiquinone_headgroup,29%)",5.0
A15_128280,Streptophyta,indval_consensus,OE23-POS,128280,652.567687,True,33,33,12,0,12,Terpenoid,Terpenoid,Medium,12 terpenoid fragments → terpenoid/isoprenoid,"fragment:69.0706(Isoprene_unit,25%); fragment:81.0705(Monoterpene_frag,67%); fragment:93.0705(Toluenium,27%); fragment:95.0861(Methylcyclohexenyl,100%); fragment:107.0857(Dimethylcyclohexenyl,29%); fragment:109.1019(Sesquiterpene_frag,51%); fragment:121.1016(Sesquiterpene_frag2,59%); fragment:123.1173(Sesquiterpene_frag3,42%); fragment:135.1169(Diterpene_frag2,51%); fragment:147.1166(C11H15+,28%); fragment:149.1328(Sesterterpene_frag,26%); fragment:161.1331(C12H17+,27%)",5.0
A15_128326,Streptophyta,indval_consensus,OE23-POS,128326,337.272973,True,77,35,14,0,14,Terpenoid,Terpenoid,Medium,14 terpenoid fragments → terpenoid/isoprenoid,"fragment:69.0706(Isoprene_unit,78%); fragment:81.0704(Monoterpene_frag,100%); fragment:93.0702(Toluenium,23%); fragment:95.0860(Methylcyclohexenyl,75%); fragment:105.0704(Xylene_cation,7%); fragment:107.0860(Dimethylcyclohexenyl,20%); fragment:109.1015(Sesquiterpene_frag,36%); fragment:119.0858(C9H11+,11%); fragment:121.1017(Sesquiterpene_frag2,16%); fragment:123.1171(Sesquiterpene_frag3,17%); fragment:133.1016(Diterpene_frag,12%); fragment:135.1170(Diterpene_frag2,10%); fragment:147.1170(C11H15+,8%); fragment:149.1325(Sesterterpene_frag,9%)",5.0
A15_128398,Ascomycota,indval_consensus,OE23-POS,128398,777.581098,True,57,3,1,0,1,Phospholipid,PC/SM,High,Phosphocholine at 100% → PC or SM,"fragment:184.0733(Phosphocholine_C5H13NO4P,100%)",5.0
A15_128532,Streptophyta,indval_consensus,OE23-POS,128532,309.241819,True,47,33,14,0,14,Terpenoid,Terpenoid,Medium,14 terpenoid fragments → terpenoid/isoprenoid,"fragment:69.0706(Isoprene_unit,81%); fragment:81.0705(Monoterpene_frag,100%); fragment:93.0706(Toluenium,21%); fragment:95.0860(Methylcyclohexenyl,63%); fragment:105.0706(Xylene_cation,11%); fragment:107.0863(Dimethylcyclohexenyl,12%); fragment:109.1014(Sesquiterpene_frag,24%); fragment:119.0860(C9H11+,8%); fragment:121.1015(Sesquiterpene_frag2,10%); fragment:123.1174(Sesquiterpene_frag3,12%); fragment:133.1017(Diterpene_frag,15%); fragment:135.1174(Diterpene_frag2,11%); fragment:147.1174(C11H15+,6%); fragment:161.1327(C12H17+,5%)",5.0
A15_129033,Streptophyta,indval_consensus,OE23-POS,129033,590.483402,True,61,61,1,0,1,Quinone,Ubiquinone,Medium,Ubiquinone headgroup fragment,"fragment:197.0808(Ubiquinone_headgroup,99%)",5.0
A15_129125,Streptophyta,indval_consensus,OE23-POS,129125,649.522504,True,60,60,1,0,1,Phospholipid,PC/SM,Medium,Phosphocholine at 17% → PC or SM,"fragment:184.0733(Phosphocholine_C5H13NO4P,17%)",5.0
A15_129173,Streptophyta,indval_consensus,OE23-POS,129173,333.241856,True,65,32,14,0,14,Terpenoid,Terpenoid,Medium,14 terpenoid fragments → terpenoid/isoprenoid,"fragment:69.0706(Isoprene_unit,33%); fragment:81.0705(Monoterpene_frag,100%); fragment:93.0704(Toluenium,42%); fragment:95.0860(Methylcyclohexenyl,72%); fragment:105.0704(Xylene_cation,24%); fragment:107.0859(Dimethylcyclohexenyl,27%); fragment:109.1015(Sesquiterpene_frag,37%); fragment:119.0860(C9H11+,20%); fragment:121.1014(Sesquiterpene_frag2,30%); fragment:123.1173(Sesquiterpene_frag3,12%); fragment:133.1013(Diterpene_frag,32%); fragment:135.1170(Diterpene_frag2,20%); fragment:147.1170(C11H15+,11%); fragment:149.1325(Sesterterpene_frag,9%)",5.0
A15_129231,Streptophyta,indval_consensus,OE23-POS,129231,795.571507,True,119,23,0,2,2,Sphingolipid,Ceramide,Medium,Sphingoid base fragments,"loss:180.0634(Hexose+H2O_loss,43%); loss:180.0634(Hexose_ceramide,43%)",5.0
A15_129258,Streptophyta,indval_consensus,OE23-POS,129258,430.377442,True,49,29,4,0,4,Terpenoid,Terpenoid,Low,4 terpenoid fragments → possible terpenoid/isoprenoid,"fragment:69.0705(Isoprene_unit,13%); fragment:81.0704(Monoterpene_frag,7%); fragment:95.0861(Methylcyclohexenyl,8%); fragment:109.1013(Sesquiterpene_frag,8%)",5.0
A15_129277,Streptophyta,indval_consensus,OE23-POS,129277,693.545744,True,38,25,1,0,1,Phospholipid,PC/SM,Medium,Phosphocholine at 8% → PC or SM,"fragment:184.0734(Phosphocholine_C5H13NO4P,8%)",5.0
A15_129525,Streptophyta,indval_consensus,OE23-POS,129525,819.570509,True,43,28,1,0,1,Phospholipid,PC/SM,High,Phosphocholine at 100% → PC or SM,"fragment:184.0733(Phosphocholine_C5H13NO4P,100%)",5.0
A15_129589,Streptophyta,indval_consensus,OE23-POS,129589,704.544956,True,167,4,1,0,1,Phospholipid,PC/SM,Medium,Phosphocholine at 7% → PC or SM,"fragment:184.0733(Phosphocholine_C5H13NO4P,7%)",5.0
A15_129608,Streptophyta,indval_consensus,OE23-POS,129608,810.570067,True,117,50,3,0,3,Sphingolipid,SM,High,Sphingoid base + phosphocholine → SM,"fragment:184.0735(Phosphocholine_C5H13NO4P,37%); fragment:264.2393(Sphingoid_d18:1,6%); fragment:197.0809(Ubiquinone_headgroup,6%)",5.0
A15_129828,Chlorophyta,composite,OE23-POS,129828,305.210849,True,109,46,15,0,15,Terpenoid,Terpenoid,Medium,15 terpenoid fragments → terpenoid/isoprenoid,"fragment:69.0705(Isoprene_unit,41%); fragment:81.0704(Monoterpene_frag,71%); fragment:93.0703(Toluenium,81%); fragment:95.0859(Methylcyclohexenyl,59%); fragment:105.0701(Xylene_cation,31%); fragment:107.0858(Dimethylcyclohexenyl,32%); fragment:109.1015(Sesquiterpene_frag,18%); fragment:119.0859(C9H11+,28%); fragment:121.1012(Sesquiterpene_frag2,27%); fragment:123.1169(Sesquiterpene_frag3,11%); fragment:133.1011(Diterpene_frag,21%); fragment:135.1171(Diterpene_frag2,13%); fragment:147.1173(C11H15+,12%); fragment:149.1326(Sesterterpene_frag,8%); fragment:161.1324(C12H17+,5%)",5.0
A15_129839,Streptophyta,indval_consensus,OE23-POS,129839,980.586174,True,65,35,3,0,3,Terpenoid,Terpenoid,Low,3 terpenoid fragments → possible terpenoid/isoprenoid,"fragment:81.0706(Monoterpene_frag,6%); fragment:109.1015(Sesquiterpene_frag,8%); fragment:123.1174(Sesquiterpene_frag3,5%)",5.0
A15_129864,Streptophyta,indval_consensus,OE23-POS,129864,432.354799,True,52,24,4,0,4,Terpenoid,Terpenoid,Low,4 terpenoid fragments → possible terpenoid/isoprenoid,"fragment:69.0706(Isoprene_unit,13%); fragment:81.0703(Monoterpene_frag,12%); fragment:95.0859(Methylcyclohexenyl,13%); fragment:109.1015(Sesquiterpene_frag,5%)",5.0
A15_130084,Arthropoda,composite,OE23-POS,130084,590.428809,True,48,48,1,0,1,Quinone,Ubiquinone,Medium,Ubiquinone headgroup fragment,"fragment:197.0810(Ubiquinone_headgroup,63%)",5.0
A15_130230,Streptophyta,indval_consensus,OE23-POS,130230,786.493157,True,56,7,1,0,1,Phospholipid,PC/SM,Medium,Phosphocholine at 15% → PC or SM,"fragment:184.0733(Phosphocholine_C5H13NO4P,15%)",5.0
A15_1303,Arthropoda,composite,OE23-POS,1303,518.239027,True,151,25,1,0,1,Phospholipid,PC/SM,High,Phosphocholine at 39% → PC or SM,"fragment:184.0731(Phosphocholine_C5H13NO4P,39%)",5.0
A15_130352,Nematoda,composite,OE23-POS,130352,686.181965,True,42,29,1,0,1,Phospholipid,PC/SM,Medium,Phosphocholine at 10% → PC or SM,"fragment:184.0741(Phosphocholine_C5H13NO4P,10%)",5.0
A15_130370,Streptophyta,indval_consensus,OE23-POS,130370,810.56835,True,32,24,1,0,1,Quinone,Ubiquinone,Medium,Ubiquinone headgroup fragment,"fragment:197.0813(Ubiquinone_headgroup,17%)",5.0
A15_130428,Streptophyta,indval_consensus,OE23-POS,130428,625.519732,True,68,52,1,0,1,Quinone,Ubiquinone,Medium,Ubiquinone headgroup fragment,"fragment:197.0808(Ubiquinone_headgroup,18%)",5.0
A15_130456,Arthropoda,composite,OE23-POS,130456,575.40924,True,66,44,14,0,14,Terpenoid,Terpenoid,Medium,14 terpenoid fragments → terpenoid/isoprenoid,"fragment:69.0706(Isoprene_unit,25%); fragment:81.0704(Monoterpene_frag,100%); fragment:93.0704(Toluenium,10%); fragment:95.0861(Methylcyclohexenyl,70%); fragment:107.0860(Dimethylcyclohexenyl,16%); fragment:109.1015(Sesquiterpene_frag,65%); fragment:121.1015(Sesquiterpene_frag2,39%); fragment:123.1171(Sesquiterpene_frag3,30%); fragment:133.1012(Diterpene_frag,7%); fragment:135.1171(Diterpene_frag2,16%); fragment:147.1168(C11H15+,12%); fragment:149.1327(Sesterterpene_frag,36%); fragment:161.1323(C12H17+,6%); fragment:175.1485(C13H19+,8%)",5.0
A15_130565,Streptophyta,indval_consensus,OE23-POS,130565,432.35475,True,83,22,4,0,4,Terpenoid,Terpenoid,Low,4 terpenoid fragments → possible terpenoid/isoprenoid,"fragment:69.0706(Isoprene_unit,9%); fragment:81.0705(Monoterpene_frag,12%); fragment:95.0860(Methylcyclohexenyl,10%); fragment:109.1013(Sesquiterpene_frag,7%)",5.0
A15_13072,Arthropoda,composite,OE23-POS,13072,363.336849,True,98,31,14,0,14,Terpenoid,Terpenoid,Medium,14 terpenoid fragments → terpenoid/isoprenoid,"fragment:69.0706(Isoprene_unit,15%); fragment:81.0705(Monoterpene_frag,19%); fragment:93.0704(Toluenium,16%); fragment:95.0859(Methylcyclohexenyl,15%); fragment:105.0703(Xylene_cation,11%); fragment:107.0858(Dimethylcyclohexenyl,10%); fragment:109.1015(Sesquiterpene_frag,9%); fragment:119.0858(C9H11+,10%); fragment:121.1017(Sesquiterpene_frag2,12%); fragment:133.1013(Diterpene_frag,11%); fragment:135.1169(Diterpene_frag2,5%); fragment:147.1170(C11H15+,7%); fragment:175.1483(C13H19+,5%); fragment:203.1795(Triterpene_C15,10%)",5.0
A15_131093,Streptophyta,indval_consensus,OE23-POS,131093,309.241797,True,78,35,13,0,13,Terpenoid,Terpenoid,Medium,13 terpenoid fragments → terpenoid/isoprenoid,"fragment:69.0706(Isoprene_unit,80%); fragment:81.0704(Monoterpene_frag,100%); fragment:93.0704(Toluenium,28%); fragment:95.0860(Methylcyclohexenyl,68%); fragment:105.0703(Xylene_cation,11%); fragment:107.0859(Dimethylcyclohexenyl,15%); fragment:109.1014(Sesquiterpene_frag,28%); fragment:119.0858(C9H11+,14%); fragment:121.1014(Sesquiterpene_frag2,19%); fragment:123.1171(Sesquiterpene_frag3,15%); fragment:133.1011(Diterpene_frag,9%); fragment:135.1171(Diterpene_frag2,13%); fragment:147.1172(C11H15+,8%)",5.0
A15_131229,Mollusca,composite,OE23-POS,131229,611.488936,True,47,30,6,0,6,Terpenoid,Terpenoid,Medium,6 terpenoid fragments → terpenoid/isoprenoid,"fragment:69.0705(Isoprene_unit,7%); fragment:81.0706(Monoterpene_frag,15%); fragment:95.0860(Methylcyclohexenyl,13%); fragment:109.1016(Sesquiterpene_frag,11%); fragment:123.1166(Sesquiterpene_frag3,6%); fragment:133.0855(Diterpene_frag,9%)",5.0
A15_131369,Streptophyta,indval_consensus,OE23-POS,131369,780.575178,True,29,8,1,0,1,Phospholipid,PC/SM,High,Phosphocholine at 100% → PC or SM,"fragment:184.0731(Phosphocholine_C5H13NO4P,100%)",5.0
A15_131406,Nematoda,composite,OE23-POS,131406,311.330453,True,52,16,3,0,3,Terpenoid,Terpenoid,Low,3 terpenoid fragments → possible terpenoid/isoprenoid,"fragment:69.0706(Isoprene_unit,100%); fragment:81.0705(Monoterpene_frag,6%); fragment:95.0859(Methylcyclohexenyl,5%)",5.0
A15_131877,Streptophyta,indval_consensus,OE23-POS,131877,636.519766,True,312,129,15,0,15,Terpenoid,Terpenoid,Medium,15 terpenoid fragments → terpenoid/isoprenoid,"fragment:81.0707(Monoterpene_frag,7%); fragment:93.0704(Toluenium,37%); fragment:95.0860(Methylcyclohexenyl,47%); fragment:105.0702(Xylene_cation,20%); fragment:107.0859(Dimethylcyclohexenyl,35%); fragment:109.1015(Sesquiterpene_frag,30%); fragment:119.0857(C9H11+,22%); fragment:121.1013(Sesquiterpene_frag2,21%); fragment:123.1172(Sesquiterpene_frag3,13%); fragment:133.1013(Diterpene_frag,23%); fragment:135.1171(Diterpene_frag2,15%); fragment:147.1166(C11H15+,15%); fragment:149.1328(Sesterterpene_frag,10%); fragment:161.1326(C12H17+,8%); fragment:175.1486(C13H19+,7%)",5.0
A15_131920,Streptophyta,indval_consensus,OE23-POS,131920,545.455892,True,139,48,14,0,14,Terpenoid,Terpenoid,Medium,14 terpenoid fragments → terpenoid/isoprenoid,"fragment:69.0706(Isoprene_unit,24%); fragment:81.0704(Monoterpene_frag,60%); fragment:93.0704(Toluenium,11%); fragment:95.0859(Methylcyclohexenyl,45%); fragment:107.0860(Dimethylcyclohexenyl,9%); fragment:109.1016(Sesquiterpene_frag,28%); fragment:119.0858(C9H11+,6%); fragment:121.1015(Sesquiterpene_frag2,26%); fragment:123.1173(Sesquiterpene_frag3,23%); fragment:133.1012(Diterpene_frag,7%); fragment:135.1170(Diterpene_frag2,24%); fragment:147.1171(C11H15+,7%); fragment:149.1328(Sesterterpene_frag,11%); fragment:161.1328(C12H17+,6%)",5.0
A15_131980,Streptophyta,indval_consensus,OE23-POS,131980,784.556175,True,109,19,1,0,1,Phospholipid,PC/SM,High,Phosphocholine at 20% → PC or SM,"fragment:184.0733(Phosphocholine_C5H13NO4P,20%)",5.0
A15_132537,Streptophyta,indval_consensus,OE23-POS,132537,606.479543,True,70,48,10,0,10,Terpenoid,Terpenoid,Medium,10 terpenoid fragments → terpenoid/isoprenoid,"fragment:93.0705(Toluenium,5%); fragment:95.0863(Methylcyclohexenyl,10%); fragment:107.0864(Dimethylcyclohexenyl,8%); fragment:109.1020(Sesquiterpene_frag,10%); fragment:121.1017(Sesquiterpene_frag2,10%); fragment:123.1166(Sesquiterpene_frag3,16%); fragment:135.1164(Diterpene_frag2,16%); fragment:147.1172(C11H15+,10%); fragment:149.1325(Sesterterpene_frag,25%); fragment:175.1487(C13H19+,11%)",5.0
A15_13256,Arthropoda,composite,OE23-POS,13256,414.308273,True,101,101,15,0,15,Terpenoid,Terpenoid,Medium,15 terpenoid fragments → terpenoid/isoprenoid,"fragment:69.0706(Isoprene_unit,76%); fragment:81.0705(Monoterpene_frag,63%); fragment:93.0704(Toluenium,35%); fragment:95.0861(Methylcyclohexenyl,46%); fragment:105.0705(Xylene_cation,31%); fragment:107.0859(Dimethylcyclohexenyl,49%); fragment:109.1016(Sesquiterpene_frag,100%); fragment:119.0857(C9H11+,45%); fragment:121.1013(Sesquiterpene_frag2,28%); fragment:123.1171(Sesquiterpene_frag3,17%); fragment:133.1016(Diterpene_frag,24%); fragment:135.1171(Diterpene_frag2,21%); fragment:147.1171(C11H15+,15%); fragment:149.1324(Sesterterpene_frag,16%); fragment:189.1638(Hopane_C14,18%)",5.0
A15_132671,Bacillota,indval_consensus,OE23-POS,132671,686.533602,True,43,5,1,0,1,Phospholipid,PC/SM,High,Phosphocholine at 100% → PC or SM,"fragment:184.0733(Phosphocholine_C5H13NO4P,100%)",5.0
A15_132780,Streptophyta,indval_consensus,OE23-POS,132780,549.487066,True,133,47,12,0,12,Terpenoid,Terpenoid,Medium,12 terpenoid fragments → terpenoid/isoprenoid,"fragment:69.0706(Isoprene_unit,63%); fragment:81.0705(Monoterpene_frag,64%); fragment:93.0704(Toluenium,10%); fragment:95.0860(Methylcyclohexenyl,55%); fragment:107.0861(Dimethylcyclohexenyl,9%); fragment:109.1016(Sesquiterpene_frag,29%); fragment:119.0858(C9H11+,10%); fragment:121.1014(Sesquiterpene_frag2,26%); fragment:123.1170(Sesquiterpene_frag3,27%); fragment:133.1014(Diterpene_frag,7%); fragment:135.1168(Diterpene_frag2,16%); fragment:149.1326(Sesterterpene_frag,6%)",5.0
A15_132963,Streptophyta,indval_consensus,OE23-POS,132963,807.593189,True,25,6,1,0,1,Phospholipid,PC/SM,High,Phosphocholine at 100% → PC or SM,"fragment:184.0733(Phosphocholine_C5H13NO4P,100%)",5.0
A15_1330,Streptophyta,indval_consensus,OE23-POS,1330,564.335998,True,532,111,17,0,17,Terpenoid,Terpenoid,Medium,17 terpenoid fragments → terpenoid/isoprenoid,"fragment:69.0706(Isoprene_unit,13%); fragment:81.0704(Monoterpene_frag,41%); fragment:93.0703(Toluenium,51%); fragment:95.0859(Methylcyclohexenyl,37%); fragment:105.0702(Xylene_cation,23%); fragment:107.0858(Dimethylcyclohexenyl,36%); fragment:109.1015(Sesquiterpene_frag,33%); fragment:119.0857(C9H11+,35%); fragment:121.1013(Sesquiterpene_frag2,71%); fragment:123.1169(Sesquiterpene_frag3,9%); fragment:133.1012(Diterpene_frag,43%); fragment:135.1168(Diterpene_frag2,29%); fragment:147.1167(C11H15+,33%); fragment:149.1325(Sesterterpene_frag,27%); fragment:161.1324(C12H17+,20%); fragment:175.1479(C13H19+,10%); fragment:189.1638(Hopane_C14,7%)",5.0
A15_133018,Streptophyta,indval_consensus,OE23-POS,133018,706.560509,True,52,6,1,0,1,Phospholipid,PC/SM,High,Phosphocholine at 42% → PC or SM,"fragment:184.0732(Phosphocholine_C5H13NO4P,42%)",5.0
A15_13310,Streptophyta,indval_consensus,OE23-POS,13310,545.342676,True,80,7,1,0,1,Phospholipid,PC/SM,High,Phosphocholine at 100% → PC or SM,"fragment:184.0733(Phosphocholine_C5H13NO4P,100%)",5.0
A15_133153,Streptophyta,indval_consensus,OE23-POS,133153,772.549139,True,79,7,1,0,1,Phospholipid,PC/SM,High,Phosphocholine at 100% → PC or SM,"fragment:184.0733(Phosphocholine_C5H13NO4P,100%)",5.0
A15_133236,Arthropoda,composite,OE23-POS,133236,590.429014,True,68,68,1,0,1,Quinone,Ubiquinone,Medium,Ubiquinone headgroup fragment,"fragment:197.0807(Ubiquinone_headgroup,58%)",5.0
A15_133319,Chlorophyta,composite,OE23-POS,133319,547.395209,True,48,47,14,0,14,Terpenoid,Terpenoid,Medium,14 terpenoid fragments → terpenoid/isoprenoid,"fragment:69.0706(Isoprene_unit,16%); fragment:81.0706(Monoterpene_frag,27%); fragment:93.0705(Toluenium,9%); fragment:95.0862(Methylcyclohexenyl,30%); fragment:105.0704(Xylene_cation,6%); fragment:107.0859(Dimethylcyclohexenyl,9%); fragment:109.1018(Sesquiterpene_frag,26%); fragment:119.1135(C9H11+,11%); fragment:121.1013(Sesquiterpene_frag2,87%); fragment:123.1172(Sesquiterpene_frag3,23%); fragment:133.1015(Diterpene_frag,24%); fragment:135.1177(Diterpene_frag2,31%); fragment:147.1179(C11H15+,13%); fragment:149.1328(Sesterterpene_frag,12%)",5.0
A15_133514,Streptophyta,indval_consensus,OE23-POS,133514,694.561205,True,22,22,1,0,1,Phospholipid,PC/SM,Medium,Phosphocholine at 12% → PC or SM,"fragment:184.0736(Phosphocholine_C5H13NO4P,12%)",5.0
A15_13361,Streptophyta,indval_consensus,OE23-POS,13361,712.498244,True,309,27,0,1,1,Phospholipid,PS,Medium,Serine neutral loss,"loss:87.0320(Serine,6%)",5.0
A15_1337,Streptophyta,indval_consensus,OE23-POS,1337,349.236819,True,113,113,15,0,15,Terpenoid,Terpenoid,Medium,15 terpenoid fragments → terpenoid/isoprenoid,"fragment:69.0706(Isoprene_unit,64%); fragment:81.0704(Monoterpene_frag,61%); fragment:93.0704(Toluenium,43%); fragment:95.0860(Methylcyclohexenyl,58%); fragment:105.0702(Xylene_cation,32%); fragment:107.0859(Dimethylcyclohexenyl,31%); fragment:109.1015(Sesquiterpene_frag,28%); fragment:119.0858(C9H11+,33%); fragment:121.1014(Sesquiterpene_frag2,34%); fragment:133.1014(Diterpene_frag,26%); fragment:135.1172(Diterpene_frag2,16%); fragment:147.1170(C11H15+,23%); fragment:149.1325(Sesterterpene_frag,14%); fragment:161.1329(C12H17+,11%); fragment:175.1484(C13H19+,10%)",5.0
A15_133896,Streptophyta,indval_consensus,OE23-POS,133896,623.503473,True,158,62,16,0,16,Terpenoid,Terpenoid,Medium,16 terpenoid fragments → terpenoid/isoprenoid,"fragment:69.0706(Isoprene_unit,23%); fragment:81.0704(Monoterpene_frag,44%); fragment:93.0704(Toluenium,20%); fragment:95.0860(Methylcyclohexenyl,53%); fragment:105.0703(Xylene_cation,5%); fragment:107.0859(Dimethylcyclohexenyl,24%); fragment:109.1015(Sesquiterpene_frag,21%); fragment:119.0857(C9H11+,17%); fragment:121.1013(Sesquiterpene_frag2,20%); fragment:123.1169(Sesquiterpene_frag3,14%); fragment:133.1013(Diterpene_frag,18%); fragment:135.1170(Diterpene_frag2,16%); fragment:147.1172(C11H15+,12%); fragment:149.1331(Sesterterpene_frag,16%); fragment:161.1323(C12H17+,13%); fragment:203.1794(Triterpene_C15,5%)",5.0
A15_133944,Heterolobosea,composite,OE23-POS,133944,778.589009,True,31,6,1,0,1,Phospholipid,PC/SM,High,Phosphocholine at 100% → PC or SM,"fragment:184.0734(Phosphocholine_C5H13NO4P,100%)",5.0
A15_13406,Streptophyta,indval_consensus,OE23-POS,13406,519.347581,True,123,7,2,0,2,Phospholipid,PC/SM,High,Phosphocholine at 51% → PC or SM,"fragment:184.0733(Phosphocholine_C5H13NO4P,51%); fragment:236.1491(DGTS_headgroup,49%)",5.0
A15_134258,Streptophyta,indval_consensus,OE23-POS,134258,547.471724,True,88,29,9,0,9,Terpenoid,Terpenoid,Medium,9 terpenoid fragments → terpenoid/isoprenoid,"fragment:81.0705(Monoterpene_frag,38%); fragment:93.0704(Toluenium,5%); fragment:95.0860(Methylcyclohexenyl,35%); fragment:107.0861(Dimethylcyclohexenyl,5%); fragment:109.1015(Sesquiterpene_frag,24%); fragment:121.1014(Sesquiterpene_frag2,15%); fragment:123.1169(Sesquiterpene_frag3,16%); fragment:135.1169(Diterpene_frag2,16%); fragment:149.1329(Sesterterpene_frag,7%)",5.0
A15_134275,Streptophyta,indval_consensus,OE23-POS,134275,590.483564,True,57,41,1,0,1,Quinone,Ubiquinone,Medium,Ubiquinone headgroup fragment,"fragment:197.0810(Ubiquinone_headgroup,34%)",5.0
A15_134281,Streptophyta,indval_consensus,OE23-POS,134281,807.59472,True,22,9,1,0,1,Phospholipid,PC/SM,High,Phosphocholine at 100% → PC or SM,"fragment:184.0733(Phosphocholine_C5H13NO4P,100%)",5.0
A15_1343,Streptophyta,indval_consensus,OE23-POS,1343,553.298284,True,32,9,1,0,1,Phospholipid,PC/SM,High,Phosphocholine at 84% → PC or SM,"fragment:184.0733(Phosphocholine_C5H13NO4P,84%)",5.0
A15_134451,Streptophyta,indval_consensus,OE23-POS,134451,706.560585,True,103,8,1,0,1,Phospholipid,PC/SM,High,Phosphocholine at 25% → PC or SM,"fragment:184.0734(Phosphocholine_C5H13NO4P,25%)",5.0
A15_134475,Streptophyta,indval_consensus,OE23-POS,134475,309.241795,True,98,35,13,0,13,Terpenoid,Terpenoid,Medium,13 terpenoid fragments → terpenoid/isoprenoid,"fragment:69.0706(Isoprene_unit,91%); fragment:81.0704(Monoterpene_frag,100%); fragment:93.0705(Toluenium,20%); fragment:95.0860(Methylcyclohexenyl,61%); fragment:105.0703(Xylene_cation,9%); fragment:107.0860(Dimethylcyclohexenyl,13%); fragment:109.1016(Sesquiterpene_frag,27%); fragment:119.0857(C9H11+,11%); fragment:121.1015(Sesquiterpene_frag2,12%); fragment:123.1167(Sesquiterpene_frag3,19%); fragment:133.1013(Diterpene_frag,9%); fragment:135.1170(Diterpene_frag2,13%); fragment:161.1327(C12H17+,7%)",5.0
A15_134536,Streptophyta,indval_consensus,OE23-POS,134536,792.596478,True,58,17,1,0,1,Phospholipid,PC/SM,High,Phosphocholine at 100% → PC or SM,"fragment:184.0733(Phosphocholine_C5H13NO4P,100%)",5.0
A15_134562,Streptophyta,indval_consensus,OE23-POS,134562,795.577941,True,53,53,0,2,2,Sphingolipid,Ceramide,Medium,Sphingoid base fragments,"loss:180.0634(Hexose+H2O_loss,21%); loss:180.0634(Hexose_ceramide,21%)",5.0
A15_134721,Streptophyta,indval_consensus,OE23-POS,134721,638.534489,True,209,63,13,0,13,Terpenoid,Terpenoid,Medium,13 terpenoid fragments → terpenoid/isoprenoid,"fragment:69.0706(Isoprene_unit,7%); fragment:81.0704(Monoterpene_frag,10%); fragment:93.0704(Toluenium,21%); fragment:95.0861(Methylcyclohexenyl,38%); fragment:105.0705(Xylene_cation,9%); fragment:107.0861(Dimethylcyclohexenyl,14%); fragment:109.1016(Sesquiterpene_frag,17%); fragment:119.0859(C9H11+,20%); fragment:121.1016(Sesquiterpene_frag2,23%); fragment:123.1172(Sesquiterpene_frag3,12%); fragment:133.1017(Diterpene_frag,16%); fragment:135.1172(Diterpene_frag2,8%); fragment:147.1172(C11H15+,12%)",5.0
A15_13476,Streptophyta,indval_consensus,OE23-POS,13476,399.271417,True,105,17,4,0,4,Terpenoid,Terpenoid,Low,4 terpenoid fragments → possible terpenoid/isoprenoid,"fragment:69.0705(Isoprene_unit,7%); fragment:81.0705(Monoterpene_frag,8%); fragment:95.0859(Methylcyclohexenyl,7%); fragment:109.1015(Sesquiterpene_frag,6%)",5.0
A15_134772,Streptophyta,indval_consensus,OE23-POS,134772,795.570077,True,78,21,1,2,3,Sphingolipid,SM,High,Sphingoid base + phosphocholine → SM,"fragment:184.0732(Phosphocholine_C5H13NO4P,9%); loss:180.0634(Hexose+H2O_loss,47%); loss:180.0634(Hexose_ceramide,47%)",5.0
A15_13482,Streptophyta,indval_consensus,OE23-POS,13482,719.444819,True,19,19,1,0,1,Phospholipid,PC/SM,High,Phosphocholine at 34% → PC or SM,"fragment:184.0728(Phosphocholine_C5H13NO4P,34%)",5.0
A15_135051,Streptophyta,indval_consensus,OE23-POS,135051,522.452903,True,125,13,4,0,4,Terpenoid,Terpenoid,Low,4 terpenoid fragments → possible terpenoid/isoprenoid,"fragment:81.0704(Monoterpene_frag,10%); fragment:95.0859(Methylcyclohexenyl,11%); fragment:109.1015(Sesquiterpene_frag,11%); fragment:123.1170(Sesquiterpene_frag3,8%)",5.0
A15_135317,Streptophyta,indval_consensus,OE23-POS,135317,623.503276,True,102,3,1,0,1,Quinone,Ubiquinone,Medium,Ubiquinone headgroup fragment,"fragment:197.0808(Ubiquinone_headgroup,9%)",5.0
A15_13533,Streptophyta,indval_consensus,OE23-POS,13533,387.252199,True,178,76,15,0,15,Terpenoid,Terpenoid,Medium,15 terpenoid fragments → terpenoid/isoprenoid,"fragment:69.0706(Isoprene_unit,18%); fragment:81.0705(Monoterpene_frag,37%); fragment:93.0703(Toluenium,41%); fragment:95.0860(Methylcyclohexenyl,28%); fragment:105.0702(Xylene_cation,35%); fragment:107.0858(Dimethylcyclohexenyl,24%); fragment:109.1015(Sesquiterpene_frag,16%); fragment:119.0858(C9H11+,36%); fragment:121.1014(Sesquiterpene_frag2,17%); fragment:123.1172(Sesquiterpene_frag3,8%); fragment:133.1013(Diterpene_frag,11%); fragment:135.1169(Diterpene_frag2,7%); fragment:147.1167(C11H15+,8%); fragment:149.1326(Sesterterpene_frag,6%); fragment:161.1324(C12H17+,6%)",5.0
A15_135355,Streptophyta,indval_consensus,OE23-POS,135355,905.540639,True,83,32,1,0,1,Sterol,Sterol,Medium,Sterol dehydration fragments,"fragment:383.3676(Campesterol_-H2O,7%)",5.0
A15_13542,Streptophyta,indval_consensus,OE23-POS,13542,465.261112,True,142,27,6,0,6,Terpenoid,Terpenoid,Medium,6 terpenoid fragments → terpenoid/isoprenoid,"fragment:69.0706(Isoprene_unit,16%); fragment:81.0706(Monoterpene_frag,14%); fragment:95.0860(Methylcyclohexenyl,11%); fragment:109.1016(Sesquiterpene_frag,9%); fragment:121.1015(Sesquiterpene_frag2,9%); fragment:135.1169(Diterpene_frag2,6%)",5.0
A15_13587,Streptophyta,indval_consensus,OE23-POS,13587,271.205146,True,105,86,16,0,16,Terpenoid,Terpenoid,Medium,16 terpenoid fragments → terpenoid/isoprenoid,"fragment:69.0706(Isoprene_unit,76%); fragment:81.0704(Monoterpene_frag,79%); fragment:93.0703(Toluenium,44%); fragment:95.0860(Methylcyclohexenyl,100%); fragment:105.0703(Xylene_cation,39%); fragment:107.0857(Dimethylcyclohexenyl,52%); fragment:109.1015(Sesquiterpene_frag,50%); fragment:119.0859(C9H11+,40%); fragment:121.1013(Sesquiterpene_frag2,40%); fragment:123.1170(Sesquiterpene_frag3,33%); fragment:133.1013(Diterpene_frag,38%); fragment:135.1168(Diterpene_frag2,42%); fragment:147.1168(C11H15+,45%); fragment:149.1322(Sesterterpene_frag,24%); fragment:161.1324(C12H17+,16%); fragment:175.1483(C13H19+,15%)",5.0
A15_136269,Streptophyta,indval_consensus,OE23-POS,136269,572.4743,True,69,13,5,0,5,Terpenoid,Terpenoid,Medium,5 terpenoid fragments → terpenoid/isoprenoid,"fragment:81.0704(Monoterpene_frag,22%); fragment:95.0859(Methylcyclohexenyl,16%); fragment:109.1014(Sesquiterpene_frag,9%); fragment:121.1015(Sesquiterpene_frag2,5%); fragment:123.1170(Sesquiterpene_frag3,8%)",5.0
A15_136517,Streptophyta,indval_consensus,OE23-POS,136517,539.288175,True,56,50,8,0,8,Terpenoid,Terpenoid,Medium,8 terpenoid fragments → terpenoid/isoprenoid,"fragment:69.0706(Isoprene_unit,25%); fragment:81.0705(Monoterpene_frag,56%); fragment:95.0860(Methylcyclohexenyl,55%); fragment:109.1014(Sesquiterpene_frag,44%); fragment:119.0859(C9H11+,6%); fragment:121.1018(Sesquiterpene_frag2,9%); fragment:123.1171(Sesquiterpene_frag3,28%); fragment:135.1166(Diterpene_frag2,8%)",5.0
A15_136699,Streptophyta,indval_consensus,OE23-POS,136699,313.273131,True,71,19,8,0,8,Terpenoid,Terpenoid,Medium,8 terpenoid fragments → terpenoid/isoprenoid,"fragment:69.0706(Isoprene_unit,19%); fragment:81.0704(Monoterpene_frag,22%); fragment:93.0704(Toluenium,7%); fragment:95.0860(Methylcyclohexenyl,27%); fragment:107.0861(Dimethylcyclohexenyl,6%); fragment:109.1015(Sesquiterpene_frag,12%); fragment:121.1015(Sesquiterpene_frag2,6%); fragment:123.1172(Sesquiterpene_frag3,8%)",5.0
A15_136701,Arthropoda,composite,OE23-POS,136701,697.500297,True,22,22,1,0,1,Phospholipid,PC/SM,Medium,Phosphocholine at 13% → PC or SM,"fragment:184.0739(Phosphocholine_C5H13NO4P,13%)",5.0
A15_136803,Streptophyta,indval_consensus,OE23-POS,136803,411.361587,True,40,17,4,0,4,Terpenoid,Terpenoid,Low,4 terpenoid fragments → possible terpenoid/isoprenoid,"fragment:69.0706(Isoprene_unit,14%); fragment:81.0704(Monoterpene_frag,15%); fragment:95.0859(Methylcyclohexenyl,13%); fragment:109.1018(Sesquiterpene_frag,10%)",5.0
A15_136807,Streptophyta,indval_consensus,OE23-POS,136807,507.403938,True,64,39,11,0,11,Terpenoid,Terpenoid,Medium,11 terpenoid fragments → terpenoid/isoprenoid,"fragment:69.0706(Isoprene_unit,22%); fragment:81.0705(Monoterpene_frag,72%); fragment:93.0703(Toluenium,27%); fragment:95.0861(Methylcyclohexenyl,44%); fragment:107.0860(Dimethylcyclohexenyl,13%); fragment:109.1013(Sesquiterpene_frag,24%); fragment:121.1015(Sesquiterpene_frag2,18%); fragment:123.1171(Sesquiterpene_frag3,13%); fragment:133.1015(Diterpene_frag,10%); fragment:135.1168(Diterpene_frag2,13%); fragment:149.1325(Sesterterpene_frag,29%)",5.0
A15_136883,Streptophyta,indval_consensus,OE23-POS,136883,609.487116,True,112,16,3,0,3,Terpenoid,Terpenoid,Low,3 terpenoid fragments → possible terpenoid/isoprenoid,"fragment:81.0704(Monoterpene_frag,7%); fragment:95.0859(Methylcyclohexenyl,8%); fragment:109.1015(Sesquiterpene_frag,6%)",5.0
A15_137061,Streptophyta,indval_consensus,OE23-POS,137061,429.372252,True,86,28,4,0,4,Terpenoid,Terpenoid,Low,4 terpenoid fragments → possible terpenoid/isoprenoid,"fragment:69.0705(Isoprene_unit,20%); fragment:81.0706(Monoterpene_frag,15%); fragment:95.0862(Methylcyclohexenyl,14%); fragment:109.1016(Sesquiterpene_frag,7%)",5.0
A15_13728,Streptophyta,indval_consensus,OE23-POS,13728,409.273237,True,82,13,7,0,7,Terpenoid,Terpenoid,Medium,7 terpenoid fragments → terpenoid/isoprenoid,"fragment:81.0704(Monoterpene_frag,8%); fragment:93.0704(Toluenium,8%); fragment:95.0862(Methylcyclohexenyl,6%); fragment:105.0703(Xylene_cation,6%); fragment:107.0859(Dimethylcyclohexenyl,5%); fragment:109.1015(Sesquiterpene_frag,100%); fragment:119.0860(C9H11+,5%)",5.0
A15_137697,Nematoda,composite,OE23-POS,137697,739.42724,True,22,22,1,0,1,Phospholipid,PC/SM,High,Phosphocholine at 38% → PC or SM,"fragment:184.0739(Phosphocholine_C5H13NO4P,38%)",5.0
A15_137990,Streptophyta,indval_consensus,OE23-POS,137990,317.210366,True,79,32,9,0,9,Terpenoid,Terpenoid,Medium,9 terpenoid fragments → terpenoid/isoprenoid,"fragment:69.0706(Isoprene_unit,7%); fragment:81.0705(Monoterpene_frag,18%); fragment:93.0704(Toluenium,16%); fragment:95.0859(Methylcyclohexenyl,10%); fragment:105.0703(Xylene_cation,17%); fragment:107.0858(Dimethylcyclohexenyl,8%); fragment:119.0856(C9H11+,8%); fragment:133.1008(Diterpene_frag,10%); fragment:147.1172(C11H15+,6%)",5.0
A15_137993,Arthropoda,composite,OE23-POS,137993,622.450444,True,52,18,6,0,6,Terpenoid,Terpenoid,Medium,6 terpenoid fragments → terpenoid/isoprenoid,"fragment:93.0703(Toluenium,5%); fragment:95.0860(Methylcyclohexenyl,16%); fragment:109.1014(Sesquiterpene_frag,10%); fragment:121.1012(Sesquiterpene_frag2,5%); fragment:123.1172(Sesquiterpene_frag3,6%); fragment:135.1170(Diterpene_frag2,5%)",5.0
A15_138043,Streptophyta,indval_consensus,OE23-POS,138043,842.588932,True,15,15,1,0,1,Phospholipid,PC/SM,High,Phosphocholine at 100% → PC or SM,"fragment:184.0731(Phosphocholine_C5H13NO4P,100%)",5.0
A15_138113,Streptophyta,indval_consensus,OE23-POS,138113,572.474397,True,77,11,4,0,4,Terpenoid,Terpenoid,Low,4 terpenoid fragments → possible terpenoid/isoprenoid,"fragment:81.0705(Monoterpene_frag,17%); fragment:95.0860(Methylcyclohexenyl,13%); fragment:109.1015(Sesquiterpene_frag,7%); fragment:123.1169(Sesquiterpene_frag3,6%)",5.0
A15_138162,Streptophyta,indval_consensus,OE23-POS,138162,445.366852,True,64,64,11,0,11,Terpenoid,Terpenoid,Medium,11 terpenoid fragments → terpenoid/isoprenoid,"fragment:69.0707(Isoprene_unit,64%); fragment:81.0705(Monoterpene_frag,53%); fragment:93.0704(Toluenium,11%); fragment:95.0859(Methylcyclohexenyl,49%); fragment:107.0855(Dimethylcyclohexenyl,10%); fragment:109.1017(Sesquiterpene_frag,31%); fragment:121.1015(Sesquiterpene_frag2,10%); fragment:123.1173(Sesquiterpene_frag3,23%); fragment:135.1167(Diterpene_frag2,11%); fragment:149.1325(Sesterterpene_frag,18%); fragment:189.1856(Hopane_C14,7%)",5.0
A15_138192,Arthropoda,composite,OE23-POS,138192,624.464798,True,52,51,2,0,2,Quinone,Ubiquinone,Medium,Ubiquinone headgroup fragment,"fragment:197.0807(Ubiquinone_headgroup,11%); fragment:191.1796(Hopane_skeleton,8%)",5.0
A15_13832,Streptophyta,indval_consensus,OE23-POS,13832,598.325873,True,68,17,1,0,1,Sphingolipid,Ceramide,Medium,Sphingoid base fragments,"fragment:264.2398(Sphingoid_d18:1,11%)",5.0
A15_138358,Streptophyta,indval_consensus,OE23-POS,138358,313.27313,True,48,17,6,0,6,Terpenoid,Terpenoid,Medium,6 terpenoid fragments → terpenoid/isoprenoid,"fragment:69.0705(Isoprene_unit,20%); fragment:81.0704(Monoterpene_frag,26%); fragment:93.0705(Toluenium,6%); fragment:95.0859(Methylcyclohexenyl,22%); fragment:109.1015(Sesquiterpene_frag,18%); fragment:123.1174(Sesquiterpene_frag3,7%)",5.0
A15_138365,Chlorophyta,composite,OE23-POS,138365,815.494093,True,26,26,1,0,1,Phospholipid,PC/SM,High,Phosphocholine at 100% → PC or SM,"fragment:184.0732(Phosphocholine_C5H13NO4P,100%)",5.0
A15_138450,Streptophyta,indval_consensus,OE23-POS,138450,783.594942,True,75,15,1,0,1,Phospholipid,PC/SM,High,Phosphocholine at 100% → PC or SM,"fragment:184.0734(Phosphocholine_C5H13NO4P,100%)",5.0
A15_138637,Heterolobosea,composite,OE23-POS,138637,728.557216,True,39,16,1,0,1,Phospholipid,PC/SM,High,Phosphocholine at 37% → PC or SM,"fragment:184.0733(Phosphocholine_C5H13NO4P,37%)",5.0
A15_138668,Streptophyta,indval_consensus,OE23-POS,138668,309.24171,True,122,25,10,0,10,Terpenoid,Terpenoid,Medium,10 terpenoid fragments → terpenoid/isoprenoid,"fragment:69.0705(Isoprene_unit,100%); fragment:81.0704(Monoterpene_frag,74%); fragment:93.0703(Toluenium,25%); fragment:95.0859(Methylcyclohexenyl,53%); fragment:107.0859(Dimethylcyclohexenyl,16%); fragment:109.1014(Sesquiterpene_frag,23%); fragment:121.1013(Sesquiterpene_frag2,27%); fragment:123.1169(Sesquiterpene_frag3,8%); fragment:135.1167(Diterpene_frag2,21%); fragment:149.1323(Sesterterpene_frag,7%)",5.0
A15_138774,Ascomycota,indval_consensus,OE23-POS,138774,785.515152,True,22,22,1,0,1,Phospholipid,PC/SM,High,Phosphocholine at 100% → PC or SM,"fragment:184.0732(Phosphocholine_C5H13NO4P,100%)",5.0
A15_138819,Streptophyta,indval_consensus,OE23-POS,138819,337.27292,True,99,37,12,0,12,Terpenoid,Terpenoid,Medium,12 terpenoid fragments → terpenoid/isoprenoid,"fragment:69.0706(Isoprene_unit,82%); fragment:81.0705(Monoterpene_frag,85%); fragment:93.0703(Toluenium,19%); fragment:95.0860(Methylcyclohexenyl,76%); fragment:105.0701(Xylene_cation,6%); fragment:107.0858(Dimethylcyclohexenyl,16%); fragment:109.1016(Sesquiterpene_frag,25%); fragment:119.0860(C9H11+,6%); fragment:121.1014(Sesquiterpene_frag2,13%); fragment:123.1172(Sesquiterpene_frag3,14%); fragment:133.1013(Diterpene_frag,9%); fragment:161.1319(C12H17+,5%)",5.0
A15_139015,Streptophyta,indval_consensus,OE23-POS,139015,785.492904,True,77,21,1,0,1,Phospholipid,PC/SM,High,Phosphocholine at 69% → PC or SM,"fragment:184.0734(Phosphocholine_C5H13NO4P,69%)",5.0
A15_139143,Streptophyta,indval_consensus,OE23-POS,139143,769.560721,True,33,22,0,2,2,Sphingolipid,Ceramide,Medium,Sphingoid base fragments,"loss:180.0634(Hexose+H2O_loss,99%); loss:180.0634(Hexose_ceramide,99%)",5.0
A15_139169,Heterolobosea,indval_consensus,OE23-POS,139169,850.601546,True,25,7,1,0,1,Phospholipid,PC/SM,High,Phosphocholine at 33% → PC or SM,"fragment:184.0735(Phosphocholine_C5H13NO4P,33%)",5.0
A15_139305,Ascomycota,indval_consensus,OE23-POS,139305,827.598163,True,46,11,1,0,1,Phospholipid,PC/SM,High,Phosphocholine at 100% → PC or SM,"fragment:184.0733(Phosphocholine_C5H13NO4P,100%)",5.0
A15_139482,Streptophyta,indval_consensus,OE23-POS,139482,411.361556,True,60,12,4,0,4,Terpenoid,Terpenoid,Low,4 terpenoid fragments → possible terpenoid/isoprenoid,"fragment:69.0705(Isoprene_unit,9%); fragment:81.0705(Monoterpene_frag,34%); fragment:95.0861(Methylcyclohexenyl,8%); fragment:109.1015(Sesquiterpene_frag,6%)",5.0
A15_13955,Nematoda,composite,OE23-POS,13955,449.344903,True,81,15,7,0,7,Terpenoid,Terpenoid,Medium,7 terpenoid fragments → terpenoid/isoprenoid,"fragment:81.0705(Monoterpene_frag,20%); fragment:93.0704(Toluenium,12%); fragment:95.0860(Methylcyclohexenyl,17%); fragment:107.0858(Dimethylcyclohexenyl,8%); fragment:109.1015(Sesquiterpene_frag,7%); fragment:121.1014(Sesquiterpene_frag2,9%); fragment:135.1171(Diterpene_frag2,6%)",5.0
A15_139854,Ascomycota,indval_consensus,OE23-POS,139854,785.515545,True,27,13,1,0,1,Phospholipid,PC/SM,High,Phosphocholine at 66% → PC or SM,"fragment:184.0733(Phosphocholine_C5H13NO4P,66%)",5.0
A15_140121,Streptophyta,indval_consensus,OE23-POS,140121,678.565479,True,43,6,1,0,1,Phospholipid,PC/SM,High,Phosphocholine at 100% → PC or SM,"fragment:184.0732(Phosphocholine_C5H13NO4P,100%)",5.0
A15_140139,Basidiomycota,indval_consensus,OE23-POS,140139,635.522173,True,58,52,2,0,2,Sterol,Sterol,Medium,Sterol dehydration fragments,"fragment:395.3727(Stigmasterol_-H2O,5%); fragment:395.3727(Diplopterol,5%)",5.0
A15_140298,Streptophyta,indval_consensus,OE23-POS,140298,960.66008,True,23,23,0,1,1,Glycolipid,Glycolipid,Low,Hexose fragment/neutral loss,"loss:162.0528(Hexose_loss,100%)",5.0
A15_140344,Streptophyta,indval_consensus,OE23-POS,140344,574.490426,True,35,13,5,0,5,Terpenoid,Terpenoid,Medium,5 terpenoid fragments → terpenoid/isoprenoid,"fragment:81.0705(Monoterpene_frag,8%); fragment:93.0704(Toluenium,7%); fragment:95.0860(Methylcyclohexenyl,15%); fragment:107.0859(Dimethylcyclohexenyl,7%); fragment:121.1015(Sesquiterpene_frag2,7%)",5.0
A15_140377,Streptophyta,indval_consensus,OE23-POS,140377,917.543485,True,344,7,1,0,1,Sterol,Sterol,Medium,Sterol dehydration fragments,"fragment:397.3827(Sitosterol_-H2O,7%)",5.0
A15_140440,Streptophyta,indval_consensus,OE23-POS,140440,794.613834,True,59,44,1,0,1,Sphingolipid,Ceramide,Medium,Sphingoid base fragments,"fragment:264.2411(Sphingoid_d18:1,10%)",5.0
A15_140595,Arthropoda,composite,OE23-POS,140595,575.409981,True,43,43,13,0,13,Terpenoid,Terpenoid,Medium,13 terpenoid fragments → terpenoid/isoprenoid,"fragment:69.0705(Isoprene_unit,39%); fragment:81.0706(Monoterpene_frag,64%); fragment:93.0703(Toluenium,16%); fragment:95.0859(Methylcyclohexenyl,51%); fragment:107.0861(Dimethylcyclohexenyl,16%); fragment:109.1014(Sesquiterpene_frag,41%); fragment:119.0859(C9H11+,17%); fragment:121.1014(Sesquiterpene_frag2,39%); fragment:123.1171(Sesquiterpene_frag3,31%); fragment:133.1015(Diterpene_frag,13%); fragment:135.1168(Diterpene_frag2,29%); fragment:149.1330(Sesterterpene_frag,10%); fragment:203.1791(Triterpene_C15,11%)",5.0
A15_140790,Streptophyta,indval_consensus,OE23-POS,140790,337.272932,True,54,39,12,0,12,Terpenoid,Terpenoid,Medium,12 terpenoid fragments → terpenoid/isoprenoid,"fragment:69.0706(Isoprene_unit,87%); fragment:81.0704(Monoterpene_frag,100%); fragment:93.0705(Toluenium,26%); fragment:95.0859(Methylcyclohexenyl,77%); fragment:107.0860(Dimethylcyclohexenyl,18%); fragment:109.1015(Sesquiterpene_frag,30%); fragment:119.0858(C9H11+,8%); fragment:121.1016(Sesquiterpene_frag2,20%); fragment:123.1174(Sesquiterpene_frag3,12%); fragment:133.1013(Diterpene_frag,10%); fragment:135.1167(Diterpene_frag2,7%); fragment:147.1174(C11H15+,13%)",5.0
A15_140986,Streptophyta,indval_consensus,OE23-POS,140986,313.273047,True,75,14,5,0,5,Terpenoid,Terpenoid,Medium,5 terpenoid fragments → terpenoid/isoprenoid,"fragment:69.0706(Isoprene_unit,20%); fragment:81.0704(Monoterpene_frag,24%); fragment:95.0860(Methylcyclohexenyl,24%); fragment:109.1017(Sesquiterpene_frag,12%); fragment:123.1174(Sesquiterpene_frag3,5%)",5.0
A15_141030,Streptophyta,indval_consensus,OE23-POS,141030,411.361481,True,119,34,11,0,11,Terpenoid,Terpenoid,Medium,11 terpenoid fragments → terpenoid/isoprenoid,"fragment:69.0705(Isoprene_unit,85%); fragment:81.0704(Monoterpene_frag,46%); fragment:93.0705(Toluenium,9%); fragment:95.0859(Methylcyclohexenyl,23%); fragment:107.0858(Dimethylcyclohexenyl,12%); fragment:109.1014(Sesquiterpene_frag,18%); fragment:119.0859(C9H11+,9%); fragment:121.1016(Sesquiterpene_frag2,8%); fragment:123.1170(Sesquiterpene_frag3,8%); fragment:135.1169(Diterpene_frag2,10%); fragment:149.1325(Sesterterpene_frag,9%)",5.0
A15_141037,Streptophyta,indval_consensus,OE23-POS,141037,766.618136,True,93,27,1,0,1,Phospholipid,PC/SM,High,Phosphocholine at 41% → PC or SM,"fragment:184.0733(Phosphocholine_C5H13NO4P,41%)",5.0
A15_141465,Streptophyta,indval_consensus,OE23-POS,141465,771.567211,True,59,24,1,2,3,Sphingolipid,SM,High,Sphingoid base + phosphocholine → SM,"fragment:184.0732(Phosphocholine_C5H13NO4P,6%); loss:180.0634(Hexose+H2O_loss,35%); loss:180.0634(Hexose_ceramide,35%)",5.0
A15_141552,Streptophyta,indval_consensus,OE23-POS,141552,891.561738,True,37,35,1,0,1,Phospholipid,PC/SM,Medium,Phosphocholine at 7% → PC or SM,"fragment:184.0742(Phosphocholine_C5H13NO4P,7%)",5.0
A15_141608,Streptophyta,indval_consensus,OE23-POS,141608,397.345988,True,34,11,3,0,3,Terpenoid,Terpenoid,Low,3 terpenoid fragments → possible terpenoid/isoprenoid,"fragment:69.0705(Isoprene_unit,100%); fragment:81.0704(Monoterpene_frag,6%); fragment:109.1013(Sesquiterpene_frag,6%)",5.0
A15_141613,Basidiomycota,indval_consensus,OE23-POS,141613,670.560244,True,33,15,1,0,1,Archaeal_Lipid,GDGT/Archaeol,Medium,1 archaeal lipid diagnostic fragments,"fragment:669.5511(GDGT_variant,11%)",5.0
A15_141665,Streptophyta,indval_consensus,OE23-POS,141665,678.565839,True,76,49,1,0,1,Phospholipid,PC/SM,High,Phosphocholine at 78% → PC or SM,"fragment:184.0734(Phosphocholine_C5H13NO4P,78%)",5.0
A15_141769,Streptophyta,indval_consensus,OE23-POS,141769,574.490195,True,39,12,4,0,4,Terpenoid,Terpenoid,Low,4 terpenoid fragments → possible terpenoid/isoprenoid,"fragment:81.0705(Monoterpene_frag,23%); fragment:95.0860(Methylcyclohexenyl,21%); fragment:109.1015(Sesquiterpene_frag,9%); fragment:123.1168(Sesquiterpene_frag3,6%)",5.0
A15_14207,Streptophyta,indval_consensus,OE23-POS,14207,405.261651,True,215,98,0,1,1,Glycolipid,Glycolipid,Low,Hexose fragment/neutral loss,"loss:162.0528(Hexose_loss,11%)",5.0
A15_14219,Streptophyta,indval_consensus,OE23-POS,14219,537.30242,True,224,17,11,0,11,Terpenoid,Terpenoid,Medium,11 terpenoid fragments → terpenoid/isoprenoid,"fragment:81.0705(Monoterpene_frag,11%); fragment:93.0704(Toluenium,8%); fragment:95.0861(Methylcyclohexenyl,12%); fragment:107.0859(Dimethylcyclohexenyl,10%); fragment:109.1016(Sesquiterpene_frag,8%); fragment:119.0857(C9H11+,5%); fragment:121.1016(Sesquiterpene_frag2,12%); fragment:133.1013(Diterpene_frag,6%); fragment:135.1170(Diterpene_frag2,11%); fragment:147.1171(C11H15+,5%); fragment:149.1328(Sesterterpene_frag,6%)",5.0
A15_142210,Ascomycota,indval_consensus,OE23-POS,142210,785.515121,True,25,10,1,0,1,Phospholipid,PC/SM,High,Phosphocholine at 49% → PC or SM,"fragment:184.0733(Phosphocholine_C5H13NO4P,49%)",5.0
A15_142222,Heterolobosea,indval_consensus,OE23-POS,142222,690.49921,True,33,7,1,1,2,Phospholipid,PE,High,PE headgroup + phosphocholine at 11%,"fragment:184.0731(Phosphocholine_C5H13NO4P,11%); loss:141.0191(Ethanolamine_phosphate,18%)",5.0
A15_142271,Streptophyta,indval_consensus,OE23-POS,142271,733.579494,True,28,5,1,0,1,Phospholipid,PC/SM,Medium,Phosphocholine at 13% → PC or SM,"fragment:184.0731(Phosphocholine_C5H13NO4P,13%)",5.0
A15_142276,Streptophyta,indval_consensus,OE23-POS,142276,672.551928,True,33,33,4,0,4,Terpenoid,Terpenoid,Low,4 terpenoid fragments → possible terpenoid/isoprenoid,"fragment:81.0708(Monoterpene_frag,9%); fragment:95.0858(Methylcyclohexenyl,10%); fragment:105.0702(Xylene_cation,7%); fragment:149.1327(Sesterterpene_frag,9%)",5.0
A15_14242,Streptophyta,indval_consensus,OE23-POS,14242,497.30942,True,102,102,2,1,3,Phospholipid,PC/SM,High,Phosphocholine at 81% → PC or SM,"fragment:184.0735(Phosphocholine_C5H13NO4P,81%); fragment:236.1502(DGTS_headgroup,11%); loss:162.0528(Hexose_loss,29%)",5.0
A15_142434,Streptophyta,indval_consensus,OE23-POS,142434,824.555505,True,89,27,1,0,1,Phospholipid,PC/SM,Medium,Phosphocholine at 6% → PC or SM,"fragment:184.0734(Phosphocholine_C5H13NO4P,6%)",5.0
A15_142443,Streptophyta,indval_consensus,OE23-POS,142443,309.205653,True,118,75,12,0,12,Terpenoid,Terpenoid,Medium,12 terpenoid fragments → terpenoid/isoprenoid,"fragment:69.0706(Isoprene_unit,21%); fragment:81.0705(Monoterpene_frag,45%); fragment:93.0704(Toluenium,32%); fragment:95.0860(Methylcyclohexenyl,26%); fragment:105.0702(Xylene_cation,32%); fragment:107.0858(Dimethylcyclohexenyl,33%); fragment:109.1015(Sesquiterpene_frag,16%); fragment:119.0858(C9H11+,73%); fragment:121.1015(Sesquiterpene_frag2,17%); fragment:133.1014(Diterpene_frag,43%); fragment:135.1169(Diterpene_frag2,8%); fragment:147.1168(C11H15+,14%)",5.0
A15_14249,Streptophyta,indval_consensus,OE23-POS,14249,535.357555,True,192,74,0,2,2,Sphingolipid,Ceramide,Medium,Sphingoid base fragments,"loss:180.0634(Hexose+H2O_loss,16%); loss:180.0634(Hexose_ceramide,16%)",5.0
A15_142651,Streptophyta,indval_consensus,OE23-POS,142651,938.706167,True,104,59,1,0,1,Archaeal_Lipid,GDGT/Archaeol,Medium,1 archaeal lipid diagnostic fragments,"fragment:595.5112(Archaeol_core,5%)",5.0
A15_142811,Streptophyta,indval_consensus,OE23-POS,142811,429.372205,True,81,29,5,0,5,Terpenoid,Terpenoid,Medium,5 terpenoid fragments → terpenoid/isoprenoid,"fragment:69.0704(Isoprene_unit,8%); fragment:81.0705(Monoterpene_frag,15%); fragment:95.0859(Methylcyclohexenyl,17%); fragment:109.1012(Sesquiterpene_frag,10%); fragment:123.1173(Sesquiterpene_frag3,8%)",5.0
A15_142897,Streptophyta,indval_consensus,OE23-POS,142897,337.272897,True,184,35,16,0,16,Terpenoid,Terpenoid,Medium,16 terpenoid fragments → terpenoid/isoprenoid,"fragment:69.0706(Isoprene_unit,71%); fragment:81.0704(Monoterpene_frag,100%); fragment:93.0704(Toluenium,22%); fragment:95.0860(Methylcyclohexenyl,64%); fragment:105.0704(Xylene_cation,8%); fragment:107.0859(Dimethylcyclohexenyl,16%); fragment:109.1015(Sesquiterpene_frag,33%); fragment:119.0856(C9H11+,8%); fragment:121.1016(Sesquiterpene_frag2,13%); fragment:123.1170(Sesquiterpene_frag3,12%); fragment:133.1013(Diterpene_frag,8%); fragment:135.1168(Diterpene_frag2,9%); fragment:147.1168(C11H15+,10%); fragment:149.1326(Sesterterpene_frag,13%); fragment:161.1325(C12H17+,7%); fragment:175.1478(C13H19+,5%)",5.0
A15_142946,Streptophyta,indval_consensus,OE23-POS,142946,933.536837,True,36,35,4,0,4,Terpenoid,Terpenoid,Low,4 terpenoid fragments → possible terpenoid/isoprenoid,"fragment:81.0707(Monoterpene_frag,8%); fragment:95.0862(Methylcyclohexenyl,8%); fragment:109.1023(Sesquiterpene_frag,6%); fragment:135.1170(Diterpene_frag2,6%)",5.0
A15_143061,Streptophyta,indval_consensus,OE23-POS,143061,797.586851,True,55,16,0,2,2,Sphingolipid,Ceramide,Medium,Sphingoid base fragments,"loss:180.0634(Hexose+H2O_loss,36%); loss:180.0634(Hexose_ceramide,36%)",5.0
A15_143165,Mollusca,composite,OE23-POS,143165,870.566988,True,23,6,1,0,1,Phospholipid,PC/SM,High,Phosphocholine at 92% → PC or SM,"fragment:184.0733(Phosphocholine_C5H13NO4P,92%)",5.0
A15_143313,Streptophyta,indval_consensus,OE23-POS,143313,783.594797,True,31,5,1,0,1,Phospholipid,PC/SM,High,Phosphocholine at 100% → PC or SM,"fragment:184.0732(Phosphocholine_C5H13NO4P,100%)",5.0
A15_143389,Heterolobosea,indval_consensus,OE23-POS,143389,788.577966,True,13,2,1,0,1,Phospholipid,PC/SM,High,Phosphocholine at 83% → PC or SM,"fragment:184.0733(Phosphocholine_C5H13NO4P,83%)",5.0
A15_143805,Streptophyta,indval_consensus,OE23-POS,143805,755.539394,True,49,3,1,0,1,Phospholipid,PC/SM,High,Phosphocholine at 100% → PC or SM,"fragment:184.0732(Phosphocholine_C5H13NO4P,100%)",5.0
A15_14384,Streptophyta,indval_consensus,OE23-POS,14384,354.271286,True,98,53,16,0,16,Terpenoid,Terpenoid,Medium,16 terpenoid fragments → terpenoid/isoprenoid,"fragment:69.0706(Isoprene_unit,23%); fragment:81.0705(Monoterpene_frag,100%); fragment:93.0704(Toluenium,48%); fragment:95.0860(Methylcyclohexenyl,73%); fragment:105.0703(Xylene_cation,14%); fragment:107.0859(Dimethylcyclohexenyl,43%); fragment:109.1016(Sesquiterpene_frag,37%); fragment:119.0857(C9H11+,17%); fragment:121.1014(Sesquiterpene_frag2,43%); fragment:123.1167(Sesquiterpene_frag3,21%); fragment:133.1010(Diterpene_frag,13%); fragment:135.1169(Diterpene_frag2,35%); fragment:147.1168(C11H15+,20%); fragment:149.1324(Sesterterpene_frag,26%); fragment:161.1325(C12H17+,15%); fragment:175.1486(C13H19+,6%)",5.0
A15_143875,Streptophyta,indval_consensus,OE23-POS,143875,758.591275,True,119,18,1,0,1,Phospholipid,PC/SM,Medium,Phosphocholine at 11% → PC or SM,"fragment:184.0729(Phosphocholine_C5H13NO4P,11%)",5.0
A15_143932,Nematoda,composite,OE23-POS,143932,984.616527,True,32,5,1,0,1,Phospholipid,PC/SM,Medium,Phosphocholine at 11% → PC or SM,"fragment:184.0732(Phosphocholine_C5H13NO4P,11%)",5.0
A15_143943,Streptophyta,indval_consensus,OE23-POS,143943,833.58748,True,38,6,1,0,1,Phospholipid,PC/SM,High,Phosphocholine at 37% → PC or SM,"fragment:184.0733(Phosphocholine_C5H13NO4P,37%)",5.0
A15_143953,Streptophyta,indval_consensus,OE23-POS,143953,409.346062,True,103,16,4,0,4,Terpenoid,Terpenoid,Low,4 terpenoid fragments → possible terpenoid/isoprenoid,"fragment:69.0706(Isoprene_unit,66%); fragment:81.0705(Monoterpene_frag,30%); fragment:95.0859(Methylcyclohexenyl,16%); fragment:109.1016(Sesquiterpene_frag,11%)",5.0
A15_144018,Streptophyta,indval_consensus,OE23-POS,144018,533.455225,True,75,75,12,0,12,Terpenoid,Terpenoid,Medium,12 terpenoid fragments → terpenoid/isoprenoid,"fragment:69.0706(Isoprene_unit,100%); fragment:81.0705(Monoterpene_frag,49%); fragment:93.0707(Toluenium,10%); fragment:95.0859(Methylcyclohexenyl,57%); fragment:107.0855(Dimethylcyclohexenyl,8%); fragment:109.1015(Sesquiterpene_frag,35%); fragment:119.0857(C9H11+,6%); fragment:121.1013(Sesquiterpene_frag2,34%); fragment:123.1171(Sesquiterpene_frag3,21%); fragment:135.1170(Diterpene_frag2,20%); fragment:147.1166(C11H15+,13%); fragment:149.1327(Sesterterpene_frag,15%)",5.0
A15_14416,Streptophyta,indval_consensus,OE23-POS,14416,261.220869,True,159,42,15,0,15,Terpenoid,Terpenoid,Medium,15 terpenoid fragments → terpenoid/isoprenoid,"fragment:69.0706(Isoprene_unit,29%); fragment:81.0705(Monoterpene_frag,78%); fragment:93.0704(Toluenium,100%); fragment:95.0860(Methylcyclohexenyl,59%); fragment:105.0703(Xylene_cation,22%); fragment:107.0859(Dimethylcyclohexenyl,73%); fragment:109.1015(Sesquiterpene_frag,22%); fragment:119.0859(C9H11+,18%); fragment:121.1014(Sesquiterpene_frag2,46%); fragment:123.1171(Sesquiterpene_frag3,8%); fragment:133.1014(Diterpene_frag,20%); fragment:135.1170(Diterpene_frag2,42%); fragment:147.1171(C11H15+,10%); fragment:149.1328(Sesterterpene_frag,25%); fragment:161.1330(C12H17+,14%)",5.0
A15_14417,Streptophyta,indval_consensus,OE23-POS,14417,599.409683,True,195,65,1,0,1,Betaine_Lipid,DGTS,Medium,DGTS headgroup fragment,"fragment:236.1493(DGTS_headgroup,8%)",5.0
A15_144247,Streptophyta,indval_consensus,OE23-POS,144247,917.542604,True,77,11,1,0,1,Sterol,Sterol,Medium,Sterol dehydration fragments,"fragment:397.3822(Sitosterol_-H2O,6%)",5.0
A15_144438,Streptophyta,indval_consensus,OE23-POS,144438,791.527085,True,58,10,1,1,2,Phospholipid,PE,High,PE headgroup + phosphocholine at 22%,"fragment:184.0733(Phosphocholine_C5H13NO4P,22%); loss:141.0191(Ethanolamine_phosphate,9%)",5.0
A15_144639,Streptophyta,indval_consensus,OE23-POS,144639,748.520416,True,62,12,1,0,1,Phospholipid,PC/SM,High,Phosphocholine at 100% → PC or SM,"fragment:184.0732(Phosphocholine_C5H13NO4P,100%)",5.0
A15_144642,Streptophyta,indval_consensus,OE23-POS,144642,934.637485,True,40,17,0,3,3,Sphingolipid,Ceramide,Medium,Sphingoid base fragments,"loss:162.0528(Hexose_loss,91%); loss:180.0634(Hexose+H2O_loss,7%); loss:180.0634(Hexose_ceramide,7%)",5.0
A15_144751,Streptophyta,indval_consensus,OE23-POS,144751,759.595128,True,36,7,1,0,1,Phospholipid,PC/SM,Medium,Phosphocholine at 10% → PC or SM,"fragment:184.0735(Phosphocholine_C5H13NO4P,10%)",5.0
A15_144828,Heterolobosea,indval_consensus,OE23-POS,144828,788.577836,True,247,16,1,0,1,Phospholipid,PC/SM,High,Phosphocholine at 100% → PC or SM,"fragment:184.0733(Phosphocholine_C5H13NO4P,100%)",5.0
A15_144984,Streptophyta,indval_consensus,OE23-POS,144984,1630.10434,True,48,27,0,2,2,Sphingolipid,Ceramide,Medium,Sphingoid base fragments,"loss:180.0634(Hexose+H2O_loss,37%); loss:180.0634(Hexose_ceramide,37%)",5.0
A15_145013,Streptophyta,indval_consensus,OE23-POS,145013,784.592733,True,78,24,1,0,1,Phospholipid,PC/SM,High,Phosphocholine at 96% → PC or SM,"fragment:184.0732(Phosphocholine_C5H13NO4P,96%)",5.0
A15_145083,Streptophyta,indval_consensus,OE23-POS,145083,689.494044,True,40,6,1,1,2,Phospholipid,PE,High,PE headgroup + phosphocholine at 100%,"fragment:184.0733(Phosphocholine_C5H13NO4P,100%); loss:141.0191(Ethanolamine_phosphate,9%)",5.0
A15_145256,Streptophyta,indval_consensus,OE23-POS,145256,313.273008,True,188,15,4,0,4,Terpenoid,Terpenoid,Low,4 terpenoid fragments → possible terpenoid/isoprenoid,"fragment:69.0706(Isoprene_unit,17%); fragment:81.0705(Monoterpene_frag,17%); fragment:95.0860(Methylcyclohexenyl,21%); fragment:109.1015(Sesquiterpene_frag,9%)",5.0
A15_14527,Streptophyta,indval_consensus,OE23-POS,14527,654.457087,True,66,14,1,0,1,Betaine_Lipid,DGTS,Medium,DGTS headgroup fragment,"fragment:236.1490(DGTS_headgroup,10%)",5.0
A15_14530,Streptophyta,indval_consensus,OE23-POS,14530,559.359848,True,26,26,1,0,1,Phospholipid,PC/SM,High,Phosphocholine at 72% → PC or SM,"fragment:184.0734(Phosphocholine_C5H13NO4P,72%)",5.0
A15_145527,Streptophyta,indval_consensus,OE23-POS,145527,833.58712,True,36,7,1,0,1,Phospholipid,PC/SM,High,Phosphocholine at 69% → PC or SM,"fragment:184.0734(Phosphocholine_C5H13NO4P,69%)",5.0
A15_146148,Streptophyta,indval_consensus,OE23-POS,146148,411.361437,True,35,35,8,0,8,Terpenoid,Terpenoid,Medium,8 terpenoid fragments → terpenoid/isoprenoid,"fragment:69.0706(Isoprene_unit,37%); fragment:81.0704(Monoterpene_frag,28%); fragment:93.0706(Toluenium,6%); fragment:95.0860(Methylcyclohexenyl,21%); fragment:107.0858(Dimethylcyclohexenyl,6%); fragment:109.1016(Sesquiterpene_frag,18%); fragment:121.1008(Sesquiterpene_frag2,8%); fragment:123.1172(Sesquiterpene_frag3,8%)",5.0
A15_146517,Streptophyta,indval_consensus,OE23-POS,146517,812.588049,True,39,37,2,0,2,Phospholipid,PC/SM,Medium,Phosphocholine at 8% → PC or SM,"fragment:184.0731(Phosphocholine_C5H13NO4P,8%); fragment:171.0017(Glycerophosphoglycerol,6%)",5.0
A15_146551,Heterolobosea,composite,OE23-POS,146551,689.527569,True,46,4,1,0,1,Phospholipid,PC/SM,High,Phosphocholine at 100% → PC or SM,"fragment:184.0733(Phosphocholine_C5H13NO4P,100%)",5.0
A15_146834,Arthropoda,composite,OE23-POS,146834,598.45658,True,91,43,15,0,15,Terpenoid,Terpenoid,Medium,15 terpenoid fragments → terpenoid/isoprenoid,"fragment:69.0708(Isoprene_unit,8%); fragment:81.0704(Monoterpene_frag,17%); fragment:93.0704(Toluenium,14%); fragment:95.0861(Methylcyclohexenyl,35%); fragment:105.0703(Xylene_cation,8%); fragment:107.0861(Dimethylcyclohexenyl,11%); fragment:109.1017(Sesquiterpene_frag,19%); fragment:119.0860(C9H11+,8%); fragment:121.1016(Sesquiterpene_frag2,13%); fragment:123.1171(Sesquiterpene_frag3,14%); fragment:133.1012(Diterpene_frag,8%); fragment:135.1172(Diterpene_frag2,8%); fragment:147.1170(C11H15+,7%); fragment:149.1330(Sesterterpene_frag,10%); fragment:161.1328(C12H17+,6%)",5.0
A15_147062,Nematoda,composite,OE23-POS,147062,558.50906,True,68,17,2,0,2,Sphingolipid,Ceramide,Medium,Sphingoid base fragments,"fragment:264.2688(Sphingoid_d18:1,9%); fragment:282.2791(Sphingoid_d18:1+H2O,23%)",5.0
A15_147149,Ascomycota,indval_consensus,OE23-POS,147149,805.554801,True,66,3,1,0,1,Phospholipid,PC/SM,High,Phosphocholine at 85% → PC or SM,"fragment:184.0733(Phosphocholine_C5H13NO4P,85%)",5.0
A15_147235,Streptophyta,indval_consensus,OE23-POS,147235,638.535059,True,155,132,15,0,15,Terpenoid,Terpenoid,Medium,15 terpenoid fragments → terpenoid/isoprenoid,"fragment:69.0706(Isoprene_unit,100%); fragment:81.0705(Monoterpene_frag,99%); fragment:93.0703(Toluenium,75%); fragment:95.0859(Methylcyclohexenyl,72%); fragment:105.0705(Xylene_cation,31%); fragment:107.0858(Dimethylcyclohexenyl,40%); fragment:109.1015(Sesquiterpene_frag,68%); fragment:119.0859(C9H11+,36%); fragment:121.1015(Sesquiterpene_frag2,42%); fragment:123.1173(Sesquiterpene_frag3,19%); fragment:133.1013(Diterpene_frag,28%); fragment:135.1171(Diterpene_frag2,19%); fragment:147.1171(C11H15+,28%); fragment:149.1330(Sesterterpene_frag,17%); fragment:161.1332(C12H17+,11%)",5.0
A15_147301,Streptophyta,indval_consensus,OE23-POS,147301,831.571132,True,12,4,1,0,1,Phospholipid,PC/SM,High,Phosphocholine at 100% → PC or SM,"fragment:184.0732(Phosphocholine_C5H13NO4P,100%)",5.0
A15_147521,Streptophyta,indval_consensus,OE23-POS,147521,694.560802,True,161,4,1,0,1,Phospholipid,PC/SM,Medium,Phosphocholine at 18% → PC or SM,"fragment:184.0731(Phosphocholine_C5H13NO4P,18%)",5.0
A15_147650,Streptophyta,indval_consensus,OE23-POS,147650,706.560237,True,35,4,1,0,1,Phospholipid,PC/SM,Medium,Phosphocholine at 10% → PC or SM,"fragment:184.0732(Phosphocholine_C5H13NO4P,10%)",5.0
A15_1477,Streptophyta,indval_consensus,OE23-POS,1477,347.183151,True,299,109,15,0,15,Terpenoid,Terpenoid,Medium,15 terpenoid fragments → terpenoid/isoprenoid,"fragment:69.0706(Isoprene_unit,52%); fragment:81.0705(Monoterpene_frag,100%); fragment:93.0703(Toluenium,57%); fragment:95.0860(Methylcyclohexenyl,50%); fragment:105.0704(Xylene_cation,30%); fragment:107.0859(Dimethylcyclohexenyl,59%); fragment:109.1015(Sesquiterpene_frag,53%); fragment:119.0858(C9H11+,36%); fragment:121.1015(Sesquiterpene_frag2,41%); fragment:123.1169(Sesquiterpene_frag3,8%); fragment:133.1014(Diterpene_frag,37%); fragment:135.1168(Diterpene_frag2,26%); fragment:147.1168(C11H15+,27%); fragment:149.1326(Sesterterpene_frag,37%); fragment:161.1330(C12H17+,18%)",5.0
A15_14800,Streptophyta,indval_consensus,OE23-POS,14800,237.184573,True,71,15,5,0,5,Terpenoid,Terpenoid,Medium,5 terpenoid fragments → terpenoid/isoprenoid,"fragment:69.0706(Isoprene_unit,6%); fragment:81.0705(Monoterpene_frag,10%); fragment:93.0704(Toluenium,5%); fragment:95.0860(Methylcyclohexenyl,6%); fragment:107.0859(Dimethylcyclohexenyl,5%)",5.0
A15_14801,Streptophyta,indval_consensus,OE23-POS,14801,545.342538,True,157,5,1,0,1,Phospholipid,PC/SM,High,Phosphocholine at 100% → PC or SM,"fragment:184.0733(Phosphocholine_C5H13NO4P,100%)",5.0
A15_148188,Streptophyta,indval_consensus,OE23-POS,148188,539.287662,True,83,44,5,0,5,Terpenoid,Terpenoid,Medium,5 terpenoid fragments → terpenoid/isoprenoid,"fragment:69.0705(Isoprene_unit,9%); fragment:81.0705(Monoterpene_frag,38%); fragment:95.0859(Methylcyclohexenyl,43%); fragment:109.1015(Sesquiterpene_frag,34%); fragment:123.1169(Sesquiterpene_frag3,16%)",5.0
A15_148310,Streptophyta,indval_consensus,OE23-POS,148310,746.591799,True,32,8,1,0,1,Phospholipid,PC/SM,High,Phosphocholine at 100% → PC or SM,"fragment:184.0733(Phosphocholine_C5H13NO4P,100%)",5.0
A15_148343,Streptophyta,indval_consensus,OE23-POS,148343,758.591493,True,165,8,1,0,1,Phospholipid,PC/SM,High,Phosphocholine at 32% → PC or SM,"fragment:184.0733(Phosphocholine_C5H13NO4P,32%)",5.0
A15_148409,Bacillota,composite,OE23-POS,148409,540.497541,True,60,37,1,0,1,Sphingolipid,Ceramide,Medium,Sphingoid base fragments,"fragment:264.2686(Sphingoid_d18:1,7%)",5.0
A15_14842,Streptophyta,indval_consensus,OE23-POS,14842,696.415111,True,249,24,1,0,1,Sphingolipid,Ceramide,Medium,Sphingoid base fragments,"fragment:264.2399(Sphingoid_d18:1,17%)",5.0
A15_148621,Streptophyta,indval_consensus,OE23-POS,148621,411.361392,True,117,25,8,0,8,Terpenoid,Terpenoid,Medium,8 terpenoid fragments → terpenoid/isoprenoid,"fragment:69.0705(Isoprene_unit,27%); fragment:81.0704(Monoterpene_frag,39%); fragment:95.0860(Methylcyclohexenyl,24%); fragment:109.1014(Sesquiterpene_frag,17%); fragment:121.1015(Sesquiterpene_frag2,6%); fragment:123.1172(Sesquiterpene_frag3,8%); fragment:135.1170(Diterpene_frag2,7%); fragment:203.1800(Triterpene_C15,5%)",5.0
A15_148878,Streptophyta,indval_consensus,OE23-POS,148878,833.58741,True,20,5,1,0,1,Phospholipid,PC/SM,High,Phosphocholine at 28% → PC or SM,"fragment:184.0733(Phosphocholine_C5H13NO4P,28%)",5.0
A15_148911,Streptophyta,indval_consensus,OE23-POS,148911,767.630189,True,127,24,1,0,1,Phospholipid,PC/SM,High,Phosphocholine at 100% → PC or SM,"fragment:184.0733(Phosphocholine_C5H13NO4P,100%)",5.0
A15_149163,Streptophyta,indval_consensus,OE23-POS,149163,847.603399,True,37,10,1,0,1,Phospholipid,PC/SM,Medium,Phosphocholine at 11% → PC or SM,"fragment:184.0735(Phosphocholine_C5H13NO4P,11%)",5.0
A15_149179,Streptophyta,indval_consensus,OE23-POS,149179,565.482139,True,97,26,8,0,8,Terpenoid,Terpenoid,Medium,8 terpenoid fragments → terpenoid/isoprenoid,"fragment:81.0705(Monoterpene_frag,32%); fragment:95.0860(Methylcyclohexenyl,34%); fragment:107.0857(Dimethylcyclohexenyl,8%); fragment:109.1015(Sesquiterpene_frag,28%); fragment:121.1014(Sesquiterpene_frag2,15%); fragment:123.1170(Sesquiterpene_frag3,16%); fragment:135.1170(Diterpene_frag2,21%); fragment:149.1328(Sesterterpene_frag,9%)",5.0
A15_149194,Streptophyta,indval_consensus,OE23-POS,149194,622.540491,True,197,100,16,0,16,Terpenoid,Terpenoid,Medium,16 terpenoid fragments → terpenoid/isoprenoid,"fragment:69.0706(Isoprene_unit,42%); fragment:81.0706(Monoterpene_frag,42%); fragment:93.0704(Toluenium,28%); fragment:95.0860(Methylcyclohexenyl,48%); fragment:105.0702(Xylene_cation,16%); fragment:107.0860(Dimethylcyclohexenyl,25%); fragment:109.1015(Sesquiterpene_frag,29%); fragment:119.0858(C9H11+,23%); fragment:121.1014(Sesquiterpene_frag2,32%); fragment:123.1172(Sesquiterpene_frag3,10%); fragment:133.1013(Diterpene_frag,21%); fragment:135.1171(Diterpene_frag2,16%); fragment:147.1169(C11H15+,17%); fragment:149.1324(Sesterterpene_frag,12%); fragment:161.1329(C12H17+,6%); fragment:175.1486(C13H19+,6%)",5.0
A15_149208,Streptophyta,indval_consensus,OE23-POS,149208,746.591615,True,116,14,1,0,1,Phospholipid,PC/SM,Medium,Phosphocholine at 6% → PC or SM,"fragment:184.0734(Phosphocholine_C5H13NO4P,6%)",5.0
A15_14947,Streptophyta,indval_consensus,OE23-POS,14947,557.298558,True,86,67,14,0,14,Terpenoid,Terpenoid,Medium,14 terpenoid fragments → terpenoid/isoprenoid,"fragment:81.0704(Monoterpene_frag,30%); fragment:93.0702(Toluenium,12%); fragment:95.0859(Methylcyclohexenyl,27%); fragment:107.0860(Dimethylcyclohexenyl,10%); fragment:109.1012(Sesquiterpene_frag,23%); fragment:119.0859(C9H11+,10%); fragment:121.1017(Sesquiterpene_frag2,18%); fragment:123.1171(Sesquiterpene_frag3,14%); fragment:133.1013(Diterpene_frag,18%); fragment:135.1167(Diterpene_frag2,13%); fragment:147.1170(C11H15+,9%); fragment:149.1328(Sesterterpene_frag,10%); fragment:161.1319(C12H17+,10%); fragment:175.1479(C13H19+,12%)",5.0
A15_149704,Streptophyta,indval_consensus,OE23-POS,149704,773.58273,True,37,11,1,0,1,Phospholipid,PC/SM,High,Phosphocholine at 100% → PC or SM,"fragment:184.0733(Phosphocholine_C5H13NO4P,100%)",5.0
A15_149865,Streptophyta,indval_consensus,OE23-POS,149865,864.585029,True,139,32,1,0,1,Phospholipid,PC/SM,Medium,Phosphocholine at 6% → PC or SM,"fragment:184.0732(Phosphocholine_C5H13NO4P,6%)",5.0
A15_149965,Streptophyta,indval_consensus,OE23-POS,149965,291.195031,True,103,61,12,0,12,Terpenoid,Terpenoid,Medium,12 terpenoid fragments → terpenoid/isoprenoid,"fragment:69.0706(Isoprene_unit,24%); fragment:81.0705(Monoterpene_frag,100%); fragment:93.0704(Toluenium,42%); fragment:95.0860(Methylcyclohexenyl,31%); fragment:105.0703(Xylene_cation,36%); fragment:107.0859(Dimethylcyclohexenyl,35%); fragment:109.1016(Sesquiterpene_frag,14%); fragment:119.0858(C9H11+,57%); fragment:121.1015(Sesquiterpene_frag2,18%); fragment:133.1014(Diterpene_frag,16%); fragment:135.1170(Diterpene_frag2,9%); fragment:147.1169(C11H15+,8%)",5.0
A15_150011,Streptophyta,indval_consensus,OE23-POS,150011,395.36643,True,87,39,2,0,2,Sterol,Sterol,Medium,Sterol dehydration fragments,"fragment:395.3692(Stigmasterol_-H2O,41%); fragment:395.3692(Diplopterol,41%)",5.0
A15_150044,Streptophyta,indval_consensus,OE23-POS,150044,784.606811,True,211,14,1,0,1,Phospholipid,PC/SM,High,Phosphocholine at 100% → PC or SM,"fragment:184.0733(Phosphocholine_C5H13NO4P,100%)",5.0
A15_150248,Streptophyta,indval_consensus,OE23-POS,150248,833.587172,True,42,5,1,0,1,Phospholipid,PC/SM,High,Phosphocholine at 30% → PC or SM,"fragment:184.0733(Phosphocholine_C5H13NO4P,30%)",5.0
A15_150255,Streptophyta,indval_consensus,OE23-POS,150255,726.587305,True,97,7,1,0,1,Phospholipid,PC/SM,High,Phosphocholine at 77% → PC or SM,"fragment:184.0733(Phosphocholine_C5H13NO4P,77%)",5.0
A15_150423,Streptophyta,indval_consensus,OE23-POS,150423,1514.103692,True,23,7,1,0,1,Phospholipid,PC/SM,Medium,Phosphocholine at 6% → PC or SM,"fragment:184.0735(Phosphocholine_C5H13NO4P,6%)",5.0
A15_150567,Streptophyta,indval_consensus,OE23-POS,150567,539.288195,True,109,60,1,0,1,Sphingolipid,Ceramide,Medium,Sphingoid base fragments,"fragment:264.2689(Sphingoid_d18:1,9%)",5.0
A15_150599,Streptophyta,indval_consensus,OE23-POS,150599,767.540413,True,58,10,1,1,2,Phospholipid,PE,High,PE headgroup + phosphocholine at 100%,"fragment:184.0733(Phosphocholine_C5H13NO4P,100%); loss:141.0191(Ethanolamine_phosphate,12%)",5.0
A15_150799,Streptophyta,indval_consensus,OE23-POS,150799,430.377462,True,54,28,5,0,5,Terpenoid,Terpenoid,Medium,5 terpenoid fragments → terpenoid/isoprenoid,"fragment:69.0704(Isoprene_unit,11%); fragment:81.0705(Monoterpene_frag,14%); fragment:95.0861(Methylcyclohexenyl,13%); fragment:109.1016(Sesquiterpene_frag,7%); fragment:123.1170(Sesquiterpene_frag3,6%)",5.0
A15_150849,Streptophyta,indval_consensus,OE23-POS,150849,938.707265,True,158,158,17,0,17,Terpenoid,Terpenoid,Medium,17 terpenoid fragments → terpenoid/isoprenoid,"fragment:69.0706(Isoprene_unit,12%); fragment:81.0705(Monoterpene_frag,40%); fragment:93.0702(Toluenium,36%); fragment:95.0860(Methylcyclohexenyl,39%); fragment:105.0702(Xylene_cation,15%); fragment:107.0859(Dimethylcyclohexenyl,29%); fragment:109.1016(Sesquiterpene_frag,36%); fragment:119.0859(C9H11+,23%); fragment:121.1013(Sesquiterpene_frag2,58%); fragment:123.1170(Sesquiterpene_frag3,11%); fragment:133.1014(Diterpene_frag,26%); fragment:135.1170(Diterpene_frag2,31%); fragment:147.1170(C11H15+,27%); fragment:149.1326(Sesterterpene_frag,27%); fragment:161.1327(C12H17+,22%); fragment:175.1487(C13H19+,17%); fragment:189.1636(Hopane_C14,11%)",5.0
A15_151022,Streptophyta,indval_consensus,OE23-POS,151022,758.559653,True,18,4,1,0,1,Phospholipid,PC/SM,High,Phosphocholine at 100% → PC or SM,"fragment:184.0734(Phosphocholine_C5H13NO4P,100%)",5.0
A15_15105,Streptophyta,indval_consensus,OE23-POS,15105,524.345694,True,29,23,1,0,1,Betaine_Lipid,DGTS,Medium,DGTS headgroup fragment,"fragment:236.1498(DGTS_headgroup,61%)",5.0
A15_15148,Streptophyta,indval_consensus,OE23-POS,15148,426.298655,True,126,37,12,0,12,Terpenoid,Terpenoid,Medium,12 terpenoid fragments → terpenoid/isoprenoid,"fragment:69.0706(Isoprene_unit,14%); fragment:81.0705(Monoterpene_frag,27%); fragment:93.0704(Toluenium,12%); fragment:95.0860(Methylcyclohexenyl,15%); fragment:105.0704(Xylene_cation,6%); fragment:107.0860(Dimethylcyclohexenyl,10%); fragment:109.1015(Sesquiterpene_frag,10%); fragment:121.1014(Sesquiterpene_frag2,15%); fragment:123.1171(Sesquiterpene_frag3,6%); fragment:133.1015(Diterpene_frag,6%); fragment:135.1168(Diterpene_frag2,12%); fragment:149.1324(Sesterterpene_frag,7%)",5.0
A15_151713,Streptophyta,indval_consensus,OE23-POS,151713,395.366331,True,72,59,2,0,2,Sterol,Sterol,Medium,Sterol dehydration fragments,"fragment:395.3676(Stigmasterol_-H2O,81%); fragment:395.3676(Diplopterol,81%)",5.0
A15_152025,Streptophyta,indval_consensus,OE23-POS,152025,726.587297,True,96,6,1,0,1,Phospholipid,PC/SM,High,Phosphocholine at 66% → PC or SM,"fragment:184.0733(Phosphocholine_C5H13NO4P,66%)",5.0
A15_152035,Nematoda,composite,OE23-POS,152035,790.64379,True,31,31,1,0,1,Phospholipid,PC/SM,High,Phosphocholine at 41% → PC or SM,"fragment:184.0733(Phosphocholine_C5H13NO4P,41%)",5.0
A15_152074,Streptophyta,indval_consensus,OE23-POS,152074,831.570934,True,18,4,1,0,1,Phospholipid,PC/SM,High,Phosphocholine at 61% → PC or SM,"fragment:184.0733(Phosphocholine_C5H13NO4P,61%)",5.0
A15_152076,Streptophyta,indval_consensus,OE23-POS,152076,749.532713,True,28,10,1,0,1,Phospholipid,PC/SM,Medium,Phosphocholine at 17% → PC or SM,"fragment:184.0729(Phosphocholine_C5H13NO4P,17%)",5.0
A15_152086,Streptophyta,indval_consensus,OE23-POS,152086,833.586968,True,20,5,1,0,1,Phospholipid,PC/SM,High,Phosphocholine at 36% → PC or SM,"fragment:184.0735(Phosphocholine_C5H13NO4P,36%)",5.0
A15_15282,Chlorophyta,composite,OE23-POS,15282,616.367552,True,126,75,14,0,14,Terpenoid,Terpenoid,Medium,14 terpenoid fragments → terpenoid/isoprenoid,"fragment:81.0706(Monoterpene_frag,10%); fragment:93.0705(Toluenium,13%); fragment:95.0860(Methylcyclohexenyl,19%); fragment:105.0703(Xylene_cation,14%); fragment:107.0859(Dimethylcyclohexenyl,14%); fragment:109.1016(Sesquiterpene_frag,25%); fragment:119.0858(C9H11+,19%); fragment:121.1014(Sesquiterpene_frag2,32%); fragment:123.1169(Sesquiterpene_frag3,13%); fragment:133.1013(Diterpene_frag,18%); fragment:135.1170(Diterpene_frag2,19%); fragment:147.1168(C11H15+,12%); fragment:161.1586(C12H17+,9%); fragment:175.1481(C13H19+,11%)",5.0
A15_152846,Streptophyta,indval_consensus,OE23-POS,152846,604.531466,True,137,29,6,0,6,Terpenoid,Terpenoid,Medium,6 terpenoid fragments → terpenoid/isoprenoid,"fragment:81.0704(Monoterpene_frag,7%); fragment:93.0704(Toluenium,6%); fragment:95.0860(Methylcyclohexenyl,7%); fragment:107.0860(Dimethylcyclohexenyl,8%); fragment:109.1016(Sesquiterpene_frag,7%); fragment:121.1015(Sesquiterpene_frag2,5%)",5.0
A15_152941,Streptophyta,indval_consensus,OE23-POS,152941,940.72165,True,82,82,12,0,12,Terpenoid,Terpenoid,Medium,12 terpenoid fragments → terpenoid/isoprenoid,"fragment:81.0706(Monoterpene_frag,13%); fragment:93.0703(Toluenium,9%); fragment:95.0859(Methylcyclohexenyl,13%); fragment:105.0710(Xylene_cation,7%); fragment:107.0860(Dimethylcyclohexenyl,18%); fragment:109.1017(Sesquiterpene_frag,9%); fragment:119.0862(C9H11+,9%); fragment:121.1016(Sesquiterpene_frag2,17%); fragment:133.1021(Diterpene_frag,7%); fragment:135.1171(Diterpene_frag2,11%); fragment:149.1323(Sesterterpene_frag,9%); fragment:161.1322(C12H17+,7%)",5.0
A15_152946,Arthropoda,composite,OE23-POS,152946,589.425315,True,81,43,1,0,1,Quinone,Ubiquinone,Medium,Ubiquinone headgroup fragment,"fragment:197.0809(Ubiquinone_headgroup,60%)",5.0
A15_153,Streptophyta,indval_consensus,OE23-POS,153,315.085726,True,132,35,7,0,7,Terpenoid,Terpenoid,Medium,7 terpenoid fragments → terpenoid/isoprenoid,"fragment:69.0706(Isoprene_unit,11%); fragment:81.0704(Monoterpene_frag,16%); fragment:93.0704(Toluenium,8%); fragment:95.0860(Methylcyclohexenyl,17%); fragment:107.0856(Dimethylcyclohexenyl,6%); fragment:109.1015(Sesquiterpene_frag,12%); fragment:121.1011(Sesquiterpene_frag2,8%)",5.0
A15_15301,Streptophyta,indval_consensus,OE23-POS,15301,620.362407,True,110,22,4,0,4,Terpenoid,Terpenoid,Low,4 terpenoid fragments → possible terpenoid/isoprenoid,"fragment:81.0704(Monoterpene_frag,10%); fragment:95.0860(Methylcyclohexenyl,11%); fragment:109.1015(Sesquiterpene_frag,15%); fragment:123.1170(Sesquiterpene_frag3,8%)",5.0
A15_153079,Streptophyta,indval_consensus,OE23-POS,153079,938.707071,True,156,92,11,0,11,Terpenoid,Terpenoid,Medium,11 terpenoid fragments → terpenoid/isoprenoid,"fragment:81.0705(Monoterpene_frag,21%); fragment:93.0706(Toluenium,46%); fragment:95.0860(Methylcyclohexenyl,28%); fragment:107.0861(Dimethylcyclohexenyl,7%); fragment:109.1015(Sesquiterpene_frag,30%); fragment:119.0857(C9H11+,12%); fragment:121.1014(Sesquiterpene_frag2,40%); fragment:133.1017(Diterpene_frag,11%); fragment:135.1171(Diterpene_frag2,10%); fragment:149.1329(Sesterterpene_frag,22%); fragment:161.1328(C12H17+,5%)",5.0
A15_153412,Streptophyta,indval_consensus,OE23-POS,153412,311.257486,True,158,32,10,0,10,Terpenoid,Terpenoid,Medium,10 terpenoid fragments → terpenoid/isoprenoid,"fragment:69.0706(Isoprene_unit,98%); fragment:81.0704(Monoterpene_frag,84%); fragment:93.0703(Toluenium,20%); fragment:95.0860(Methylcyclohexenyl,56%); fragment:107.0859(Dimethylcyclohexenyl,15%); fragment:109.1016(Sesquiterpene_frag,27%); fragment:121.1014(Sesquiterpene_frag2,21%); fragment:123.1173(Sesquiterpene_frag3,13%); fragment:135.1172(Diterpene_frag2,14%); fragment:149.1331(Sesterterpene_frag,5%)",5.0
A15_153508,Streptophyta,indval_consensus,OE23-POS,153508,901.545618,True,294,11,3,0,3,Sterol,Sterol,Medium,Sterol dehydration fragments,"fragment:395.3670(Stigmasterol_-H2O,7%); fragment:397.3826(Sitosterol_-H2O,8%); fragment:395.3670(Diplopterol,7%)",5.0
A15_15383,Streptophyta,indval_consensus,OE23-POS,15383,435.288578,True,297,11,4,0,4,Terpenoid,Terpenoid,Low,4 terpenoid fragments → possible terpenoid/isoprenoid,"fragment:81.0705(Monoterpene_frag,5%); fragment:93.0703(Toluenium,9%); fragment:95.0860(Methylcyclohexenyl,5%); fragment:121.1015(Sesquiterpene_frag2,5%)",5.0
A15_154018,Streptophyta,indval_consensus,OE23-POS,154018,760.596434,True,64,10,1,0,1,Phospholipid,PC/SM,High,Phosphocholine at 100% → PC or SM,"fragment:184.0732(Phosphocholine_C5H13NO4P,100%)",5.0
A15_154155,Arthropoda,composite,OE23-POS,154155,690.564171,True,19,5,1,0,1,Phospholipid,PC/SM,High,Phosphocholine at 100% → PC or SM,"fragment:184.0733(Phosphocholine_C5H13NO4P,100%)",5.0
A15_154270,Streptophyta,indval_consensus,OE23-POS,154270,313.273061,True,147,13,4,0,4,Terpenoid,Terpenoid,Low,4 terpenoid fragments → possible terpenoid/isoprenoid,"fragment:69.0706(Isoprene_unit,16%); fragment:81.0705(Monoterpene_frag,20%); fragment:95.0860(Methylcyclohexenyl,21%); fragment:109.1016(Sesquiterpene_frag,8%)",5.0
A15_154659,Arthropoda,composite,OE23-POS,154659,597.448989,True,60,60,2,0,2,Phospholipid,PG,Medium,Glycerophosphoglycerol diagnostic ions,"fragment:152.9926(Glycerophosphoglycerol-H2O,10%); fragment:191.1799(Hopane_skeleton,13%)",5.0
A15_154826,Streptophyta,indval_consensus,OE23-POS,154826,733.582265,True,49,4,1,0,1,Phospholipid,PC/SM,High,Phosphocholine at 100% → PC or SM,"fragment:184.0733(Phosphocholine_C5H13NO4P,100%)",5.0
A15_155260,Heterolobosea,indval_consensus,OE23-POS,155260,698.545764,True,79,17,1,0,1,Phospholipid,PC/SM,High,Phosphocholine at 99% → PC or SM,"fragment:184.0734(Phosphocholine_C5H13NO4P,99%)",5.0
A15_155433,Streptophyta,indval_consensus,OE23-POS,155433,795.575313,True,31,5,0,2,2,Sphingolipid,Ceramide,Medium,Sphingoid base fragments,"loss:180.0634(Hexose+H2O_loss,5%); loss:180.0634(Hexose_ceramide,5%)",5.0
A15_156065,Arthropoda,composite,OE23-POS,156065,589.425251,True,43,43,1,0,1,Quinone,Ubiquinone,Medium,Ubiquinone headgroup fragment,"fragment:197.0810(Ubiquinone_headgroup,100%)",5.0
A15_15610,Streptophyta,indval_consensus,OE23-POS,15610,341.20961,True,134,120,1,2,3,Sphingolipid,Ceramide,Medium,Sphingoid base fragments,"fragment:282.2787(Sphingoid_d18:1+H2O,43%); loss:180.0634(Hexose+H2O_loss,17%); loss:180.0634(Hexose_ceramide,17%)",5.0
A15_156360,Streptophyta,indval_consensus,OE23-POS,156360,736.59857,True,13,5,1,0,1,Phospholipid,PC/SM,Medium,Phosphocholine at 6% → PC or SM,"fragment:184.0736(Phosphocholine_C5H13NO4P,6%)",5.0
A15_1567,Streptophyta,indval_consensus,OE23-POS,1567,421.256964,True,131,91,0,1,1,Glycolipid,Glycolipid,Low,Hexose fragment/neutral loss,"loss:162.0528(Hexose_loss,44%)",5.0
A15_156842,Streptophyta,indval_consensus,OE23-POS,156842,337.272962,True,198,37,13,0,13,Terpenoid,Terpenoid,Medium,13 terpenoid fragments → terpenoid/isoprenoid,"fragment:69.0706(Isoprene_unit,98%); fragment:81.0705(Monoterpene_frag,100%); fragment:93.0702(Toluenium,26%); fragment:95.0860(Methylcyclohexenyl,82%); fragment:105.0702(Xylene_cation,10%); fragment:107.0859(Dimethylcyclohexenyl,14%); fragment:109.1016(Sesquiterpene_frag,31%); fragment:119.0858(C9H11+,8%); fragment:121.1014(Sesquiterpene_frag2,13%); fragment:123.1172(Sesquiterpene_frag3,10%); fragment:133.1015(Diterpene_frag,12%); fragment:147.1171(C11H15+,6%); fragment:149.1329(Sesterterpene_frag,6%)",5.0
A15_157197,Streptophyta,indval_consensus,OE23-POS,157197,313.273046,True,98,14,4,0,4,Terpenoid,Terpenoid,Low,4 terpenoid fragments → possible terpenoid/isoprenoid,"fragment:69.0706(Isoprene_unit,11%); fragment:81.0704(Monoterpene_frag,19%); fragment:95.0860(Methylcyclohexenyl,19%); fragment:109.1015(Sesquiterpene_frag,12%)",5.0
A15_157326,Streptophyta,indval_consensus,OE23-POS,157326,571.510169,True,104,59,15,0,15,Terpenoid,Terpenoid,Medium,15 terpenoid fragments → terpenoid/isoprenoid,"fragment:81.0705(Monoterpene_frag,50%); fragment:93.0704(Toluenium,21%); fragment:95.0860(Methylcyclohexenyl,43%); fragment:105.0703(Xylene_cation,16%); fragment:107.0857(Dimethylcyclohexenyl,17%); fragment:109.1017(Sesquiterpene_frag,29%); fragment:119.0859(C9H11+,21%); fragment:121.1014(Sesquiterpene_frag2,26%); fragment:123.1174(Sesquiterpene_frag3,13%); fragment:133.1013(Diterpene_frag,20%); fragment:135.1168(Diterpene_frag2,24%); fragment:147.1166(C11H15+,19%); fragment:149.1327(Sesterterpene_frag,16%); fragment:161.1330(C12H17+,14%); fragment:175.1486(C13H19+,7%)",5.0
A15_1574,Streptophyta,indval_consensus,OE23-POS,1574,572.379261,True,158,143,2,0,2,Phospholipid,PC/SM,High,Phosphocholine at 35% → PC or SM,"fragment:184.0730(Phosphocholine_C5H13NO4P,35%); fragment:236.1491(DGTS_headgroup,34%)",5.0
A15_157667,Streptophyta,indval_consensus,OE23-POS,157667,778.629119,True,136,17,1,0,1,Phospholipid,PC/SM,High,Phosphocholine at 74% → PC or SM,"fragment:184.0734(Phosphocholine_C5H13NO4P,74%)",5.0
A15_157677,Streptophyta,indval_consensus,OE23-POS,157677,576.506459,True,44,14,5,0,5,Terpenoid,Terpenoid,Medium,5 terpenoid fragments → terpenoid/isoprenoid,"fragment:81.0704(Monoterpene_frag,19%); fragment:95.0860(Methylcyclohexenyl,21%); fragment:109.1015(Sesquiterpene_frag,12%); fragment:121.1014(Sesquiterpene_frag2,5%); fragment:123.1170(Sesquiterpene_frag3,6%)",5.0
A15_158048,Streptophyta,indval_consensus,OE23-POS,158048,737.60184,True,40,5,1,0,1,Phospholipid,PC/SM,Medium,Phosphocholine at 16% → PC or SM,"fragment:184.0734(Phosphocholine_C5H13NO4P,16%)",5.0
A15_158052,Streptophyta,indval_consensus,OE23-POS,158052,773.581459,True,19,8,1,0,1,Phospholipid,PC/SM,High,Phosphocholine at 100% → PC or SM,"fragment:184.0734(Phosphocholine_C5H13NO4P,100%)",5.0
A15_158246,Streptophyta,indval_consensus,OE23-POS,158246,759.592485,True,35,8,1,0,1,Phospholipid,PC/SM,High,Phosphocholine at 100% → PC or SM,"fragment:184.0733(Phosphocholine_C5H13NO4P,100%)",5.0
A15_158323,Streptophyta,indval_consensus,OE23-POS,158323,788.586666,True,195,13,1,0,1,Archaeal_Lipid,GDGT/Archaeol,Medium,1 archaeal lipid diagnostic fragments,"fragment:595.5306(Archaeol_core,6%)",5.0
A15_158548,Streptophyta,indval_consensus,OE23-POS,158548,395.366568,True,159,35,2,0,2,Sterol,Sterol,Medium,Sterol dehydration fragments,"fragment:395.3681(Stigmasterol_-H2O,40%); fragment:395.3681(Diplopterol,40%)",5.0
A15_158597,Streptophyta,indval_consensus,OE23-POS,158597,917.54189,True,234,16,1,0,1,Sterol,Sterol,Medium,Sterol dehydration fragments,"fragment:397.3829(Sitosterol_-H2O,5%)",5.0
A15_158954,Streptophyta,indval_consensus,OE23-POS,158954,652.569353,True,73,59,18,0,18,Terpenoid,Terpenoid,Medium,18 terpenoid fragments → terpenoid/isoprenoid,"fragment:69.0706(Isoprene_unit,36%); fragment:81.0705(Monoterpene_frag,100%); fragment:93.0703(Toluenium,44%); fragment:95.0860(Methylcyclohexenyl,85%); fragment:105.0705(Xylene_cation,17%); fragment:107.0859(Dimethylcyclohexenyl,45%); fragment:109.1014(Sesquiterpene_frag,71%); fragment:119.0857(C9H11+,23%); fragment:121.1014(Sesquiterpene_frag2,63%); fragment:123.1170(Sesquiterpene_frag3,30%); fragment:133.1013(Diterpene_frag,26%); fragment:135.1168(Diterpene_frag2,43%); fragment:147.1167(C11H15+,23%); fragment:149.1328(Sesterterpene_frag,40%); fragment:161.1324(C12H17+,47%); fragment:175.1487(C13H19+,14%); fragment:189.1648(Hopane_C14,21%); fragment:203.1807(Triterpene_C15,16%)",5.0
A15_15948,Streptophyta,indval_consensus,OE23-POS,15948,530.415656,True,40,24,11,0,11,Terpenoid,Terpenoid,Medium,11 terpenoid fragments → terpenoid/isoprenoid,"fragment:81.0705(Monoterpene_frag,18%); fragment:93.0704(Toluenium,6%); fragment:95.0861(Methylcyclohexenyl,17%); fragment:109.1016(Sesquiterpene_frag,22%); fragment:121.1015(Sesquiterpene_frag2,10%); fragment:123.1168(Sesquiterpene_frag3,10%); fragment:133.1009(Diterpene_frag,6%); fragment:135.1172(Diterpene_frag2,11%); fragment:147.1175(C11H15+,7%); fragment:149.1326(Sesterterpene_frag,13%); fragment:161.1327(C12H17+,6%)",5.0
A15_159498,Streptophyta,indval_consensus,OE23-POS,159498,718.593225,True,36,9,1,0,1,Phospholipid,PC/SM,High,Phosphocholine at 100% → PC or SM,"fragment:184.0734(Phosphocholine_C5H13NO4P,100%)",5.0
A15_159524,Nematoda,composite,OE23-POS,159524,780.488849,True,47,2,1,0,1,Phospholipid,PC/SM,High,Phosphocholine at 65% → PC or SM,"fragment:184.0733(Phosphocholine_C5H13NO4P,65%)",5.0
A15_159655,Streptophyta,indval_consensus,OE23-POS,159655,814.602835,True,83,21,2,0,2,Phospholipid,PC/SM,Medium,Phosphocholine at 18% → PC or SM,"fragment:184.0733(Phosphocholine_C5H13NO4P,18%); fragment:653.5897(GDGT_core,24%)",5.0
A15_159715,Streptophyta,indval_consensus,OE23-POS,159715,718.593338,True,139,13,1,0,1,Phospholipid,PC/SM,High,Phosphocholine at 91% → PC or SM,"fragment:184.0733(Phosphocholine_C5H13NO4P,91%)",5.0
A15_159967,Nematoda,composite,OE23-POS,159967,778.64199,True,60,36,1,0,1,Phospholipid,PC/SM,Medium,Phosphocholine at 17% → PC or SM,"fragment:184.0729(Phosphocholine_C5H13NO4P,17%)",5.0
A15_160251,Streptophyta,indval_consensus,OE23-POS,160251,445.36707,True,173,43,10,0,10,Terpenoid,Terpenoid,Medium,10 terpenoid fragments → terpenoid/isoprenoid,"fragment:69.0706(Isoprene_unit,66%); fragment:81.0704(Monoterpene_frag,50%); fragment:93.0705(Toluenium,14%); fragment:95.0861(Methylcyclohexenyl,39%); fragment:107.0859(Dimethylcyclohexenyl,17%); fragment:109.1014(Sesquiterpene_frag,26%); fragment:121.1017(Sesquiterpene_frag2,9%); fragment:123.1173(Sesquiterpene_frag3,17%); fragment:135.1172(Diterpene_frag2,15%); fragment:149.1328(Sesterterpene_frag,19%)",5.0
A15_160280,Streptophyta,indval_consensus,OE23-POS,160280,778.62935,True,135,19,1,0,1,Phospholipid,PC/SM,Medium,Phosphocholine at 12% → PC or SM,"fragment:184.0731(Phosphocholine_C5H13NO4P,12%)",5.0
A15_16043,Streptophyta,indval_consensus,OE23-POS,16043,523.381219,True,93,21,2,0,2,Phospholipid,PC/SM,High,Phosphocholine at 87% → PC or SM,"fragment:184.0733(Phosphocholine_C5H13NO4P,87%); fragment:236.1491(DGTS_headgroup,67%)",5.0
A15_160457,Streptophyta,indval_consensus,OE23-POS,160457,862.675524,True,87,82,17,0,17,Terpenoid,Terpenoid,Medium,17 terpenoid fragments → terpenoid/isoprenoid,"fragment:69.0707(Isoprene_unit,6%); fragment:81.0704(Monoterpene_frag,35%); fragment:93.0706(Toluenium,10%); fragment:95.0860(Methylcyclohexenyl,28%); fragment:107.0859(Dimethylcyclohexenyl,26%); fragment:109.1013(Sesquiterpene_frag,38%); fragment:119.0859(C9H11+,6%); fragment:121.1014(Sesquiterpene_frag2,20%); fragment:123.1168(Sesquiterpene_frag3,12%); fragment:133.1011(Diterpene_frag,12%); fragment:135.1170(Diterpene_frag2,33%); fragment:147.1171(C11H15+,23%); fragment:149.1329(Sesterterpene_frag,23%); fragment:161.1328(C12H17+,35%); fragment:175.1483(C13H19+,20%); fragment:189.1640(Hopane_C14,14%); fragment:203.1805(Triterpene_C15,14%)",5.0
A15_160465,Streptophyta,indval_consensus,OE23-POS,160465,957.720426,True,58,36,5,0,5,Terpenoid,Terpenoid,Medium,5 terpenoid fragments → terpenoid/isoprenoid,"fragment:133.1012(Diterpene_frag,6%); fragment:135.1171(Diterpene_frag2,7%); fragment:147.1169(C11H15+,6%); fragment:149.1326(Sesterterpene_frag,6%); fragment:161.1322(C12H17+,5%)",5.0
A15_160714,Streptophyta,indval_consensus,OE23-POS,160714,757.580618,True,60,11,1,0,1,Phospholipid,PC/SM,High,Phosphocholine at 49% → PC or SM,"fragment:184.0733(Phosphocholine_C5H13NO4P,49%)",5.0
A15_160835,Streptophyta,indval_consensus,OE23-POS,160835,884.659151,True,130,46,3,0,3,Sterol,Sterol,Medium,Sterol dehydration fragments,"fragment:395.3673(Stigmasterol_-H2O,71%); fragment:397.3830(Sitosterol_-H2O,60%); fragment:395.3673(Diplopterol,71%)",5.0
A15_160898,Streptophyta,indval_consensus,OE23-POS,160898,786.622405,True,74,15,2,0,2,Phospholipid,PC/SM,High,Phosphocholine at 40% → PC or SM,"fragment:184.0733(Phosphocholine_C5H13NO4P,40%); fragment:595.5310(Archaeol_core,9%)",5.0
A15_161288,Heterolobosea,indval_consensus,OE23-POS,161288,761.579299,True,94,10,1,0,1,Phospholipid,PC/SM,High,Phosphocholine at 100% → PC or SM,"fragment:184.0733(Phosphocholine_C5H13NO4P,100%)",5.0
A15_161556,Streptophyta,indval_consensus,OE23-POS,161556,787.625814,True,156,9,1,0,1,Phospholipid,PC/SM,High,Phosphocholine at 100% → PC or SM,"fragment:184.0733(Phosphocholine_C5H13NO4P,100%)",5.0
A15_161581,Streptophyta,indval_consensus,OE23-POS,161581,337.27295,True,60,35,14,0,14,Terpenoid,Terpenoid,Medium,14 terpenoid fragments → terpenoid/isoprenoid,"fragment:69.0706(Isoprene_unit,62%); fragment:81.0705(Monoterpene_frag,100%); fragment:93.0704(Toluenium,33%); fragment:95.0860(Methylcyclohexenyl,79%); fragment:105.0703(Xylene_cation,8%); fragment:107.0859(Dimethylcyclohexenyl,18%); fragment:109.1015(Sesquiterpene_frag,29%); fragment:119.0860(C9H11+,11%); fragment:121.1015(Sesquiterpene_frag2,13%); fragment:123.1171(Sesquiterpene_frag3,16%); fragment:133.1012(Diterpene_frag,12%); fragment:135.1172(Diterpene_frag2,13%); fragment:147.1173(C11H15+,7%); fragment:149.1329(Sesterterpene_frag,5%)",5.0
A15_161711,Nematoda,composite,OE23-POS,161711,804.657342,True,64,20,1,0,1,Phospholipid,PC/SM,High,Phosphocholine at 47% → PC or SM,"fragment:184.0732(Phosphocholine_C5H13NO4P,47%)",5.0
A15_161867,Streptophyta,indval_consensus,OE23-POS,161867,571.471803,True,128,47,10,0,10,Terpenoid,Terpenoid,Medium,10 terpenoid fragments → terpenoid/isoprenoid,"fragment:69.0706(Isoprene_unit,22%); fragment:81.0706(Monoterpene_frag,26%); fragment:93.0705(Toluenium,24%); fragment:95.0862(Methylcyclohexenyl,28%); fragment:107.0861(Dimethylcyclohexenyl,15%); fragment:109.1017(Sesquiterpene_frag,11%); fragment:121.1014(Sesquiterpene_frag2,16%); fragment:123.1173(Sesquiterpene_frag3,9%); fragment:135.1172(Diterpene_frag2,9%); fragment:149.1327(Sesterterpene_frag,8%)",5.0
A15_161911,Streptophyta,indval_consensus,OE23-POS,161911,737.602272,True,40,5,1,0,1,Phospholipid,PC/SM,High,Phosphocholine at 25% → PC or SM,"fragment:184.0732(Phosphocholine_C5H13NO4P,25%)",5.0
A15_162228,Streptophyta,indval_consensus,OE23-POS,162228,788.589246,True,67,24,1,0,1,Phospholipid,PC/SM,Medium,Phosphocholine at 11% → PC or SM,"fragment:184.0735(Phosphocholine_C5H13NO4P,11%)",5.0
A15_162253,Streptophyta,indval_consensus,OE23-POS,162253,411.361375,True,77,26,9,0,9,Terpenoid,Terpenoid,Medium,9 terpenoid fragments → terpenoid/isoprenoid,"fragment:69.0705(Isoprene_unit,65%); fragment:81.0705(Monoterpene_frag,37%); fragment:95.0859(Methylcyclohexenyl,17%); fragment:107.0858(Dimethylcyclohexenyl,9%); fragment:109.1016(Sesquiterpene_frag,13%); fragment:121.1017(Sesquiterpene_frag2,7%); fragment:123.1172(Sesquiterpene_frag3,8%); fragment:135.1168(Diterpene_frag2,9%); fragment:149.1329(Sesterterpene_frag,9%)",5.0
A15_162256,Streptophyta,indval_consensus,OE23-POS,162256,413.377181,True,34,17,2,0,2,Sterol,Sterol,Medium,Sterol dehydration fragments,"fragment:395.3663(Stigmasterol_-H2O,6%); fragment:395.3663(Diplopterol,6%)",5.0
A15_16226,Streptophyta,indval_consensus,OE23-POS,16226,720.446632,True,29,7,1,0,1,Phospholipid,PC/SM,High,Phosphocholine at 100% → PC or SM,"fragment:184.0734(Phosphocholine_C5H13NO4P,100%)",5.0
A15_162302,Streptophyta,indval_consensus,OE23-POS,162302,762.615918,True,55,9,1,0,1,Phospholipid,PC/SM,High,Phosphocholine at 100% → PC or SM,"fragment:184.0733(Phosphocholine_C5H13NO4P,100%)",5.0
A15_162378,Streptophyta,indval_consensus,OE23-POS,162378,718.592955,True,91,8,1,0,1,Phospholipid,PC/SM,High,Phosphocholine at 54% → PC or SM,"fragment:184.0734(Phosphocholine_C5H13NO4P,54%)",5.0
A15_162509,Heterolobosea,indval_consensus,OE23-POS,162509,761.579072,True,55,9,1,0,1,Phospholipid,PC/SM,High,Phosphocholine at 100% → PC or SM,"fragment:184.0733(Phosphocholine_C5H13NO4P,100%)",5.0
A15_162553,Streptophyta,indval_consensus,OE23-POS,162553,940.723018,True,106,87,10,0,10,Terpenoid,Terpenoid,Medium,10 terpenoid fragments → terpenoid/isoprenoid,"fragment:81.0705(Monoterpene_frag,32%); fragment:93.0704(Toluenium,16%); fragment:95.0859(Methylcyclohexenyl,32%); fragment:107.0864(Dimethylcyclohexenyl,14%); fragment:109.1017(Sesquiterpene_frag,23%); fragment:119.0858(C9H11+,10%); fragment:121.1015(Sesquiterpene_frag2,32%); fragment:135.1169(Diterpene_frag2,22%); fragment:147.1169(C11H15+,21%); fragment:189.1632(Hopane_C14,5%)",5.0
A15_16275,Streptophyta,indval_consensus,OE23-POS,16275,525.38727,True,28,13,1,0,1,Betaine_Lipid,DGTS,Medium,DGTS headgroup fragment,"fragment:236.1490(DGTS_headgroup,35%)",5.0
A15_162796,Bacillota,indval_consensus,OE23-POS,162796,682.486162,True,74,34,11,0,11,Terpenoid,Terpenoid,Medium,11 terpenoid fragments → terpenoid/isoprenoid,"fragment:95.0858(Methylcyclohexenyl,13%); fragment:105.0705(Xylene_cation,9%); fragment:107.0860(Dimethylcyclohexenyl,8%); fragment:109.1016(Sesquiterpene_frag,6%); fragment:119.0855(C9H11+,9%); fragment:121.1014(Sesquiterpene_frag2,9%); fragment:123.1171(Sesquiterpene_frag3,6%); fragment:133.1011(Diterpene_frag,9%); fragment:161.1326(C12H17+,6%); fragment:189.1640(Hopane_C14,7%); fragment:203.1797(Triterpene_C15,23%)",5.0
A15_163020,Streptophyta,indval_consensus,OE23-POS,163020,474.378497,True,24,24,1,0,1,Betaine_Lipid,DGTS,Medium,DGTS headgroup fragment,"fragment:236.1500(DGTS_headgroup,47%)",5.0
A15_163491,Streptophyta,indval_consensus,OE23-POS,163491,944.69796,True,90,30,1,0,1,Quinone,Ubiquinone,Medium,Ubiquinone headgroup fragment,"fragment:197.0809(Ubiquinone_headgroup,100%)",5.0
A15_163631,Streptophyta,indval_consensus,OE23-POS,163631,963.669946,True,23,9,1,0,1,Phospholipid,PC/SM,High,Phosphocholine at 54% → PC or SM,"fragment:184.0733(Phosphocholine_C5H13NO4P,54%)",5.0
A15_163685,Nematoda,composite,OE23-POS,163685,792.658234,True,32,12,1,0,1,Phospholipid,PC/SM,High,Phosphocholine at 65% → PC or SM,"fragment:184.0734(Phosphocholine_C5H13NO4P,65%)",5.0
A15_163939,Chlorophyta,composite,OE23-POS,163939,830.662148,True,40,32,11,0,11,Terpenoid,Terpenoid,Medium,11 terpenoid fragments → terpenoid/isoprenoid,"fragment:119.0852(C9H11+,12%); fragment:121.1008(Sesquiterpene_frag2,18%); fragment:123.1166(Sesquiterpene_frag3,10%); fragment:133.1006(Diterpene_frag,19%); fragment:135.1165(Diterpene_frag2,14%); fragment:147.1166(C11H15+,6%); fragment:149.1323(Sesterterpene_frag,13%); fragment:161.1320(C12H17+,13%); fragment:175.1477(C13H19+,13%); fragment:189.1644(Hopane_C14,5%); fragment:203.1793(Triterpene_C15,7%)",5.0
A15_164074,Streptophyta,indval_consensus,OE23-POS,164074,762.614315,True,24,6,1,0,1,Phospholipid,PC/SM,High,Phosphocholine at 100% → PC or SM,"fragment:184.0733(Phosphocholine_C5H13NO4P,100%)",5.0
A15_164161,Streptophyta,indval_consensus,OE23-POS,164161,595.471044,True,49,49,1,0,1,Archaeal_Lipid,GDGT/Archaeol,Medium,1 archaeal lipid diagnostic fragments,"fragment:595.5291(Archaeol_core,30%)",5.0
A15_164267,Streptophyta,indval_consensus,OE23-POS,164267,761.61111,True,77,6,1,0,1,Phospholipid,PC/SM,Medium,Phosphocholine at 10% → PC or SM,"fragment:184.0733(Phosphocholine_C5H13NO4P,10%)",5.0
A15_164306,Streptophyta,indval_consensus,OE23-POS,164306,938.706532,True,252,103,1,0,1,Archaeal_Lipid,GDGT/Archaeol,Medium,1 archaeal lipid diagnostic fragments,"fragment:595.5468(Archaeol_core,26%)",5.0
A15_164757,Bacillota,indval_consensus,OE23-POS,164757,682.486159,True,68,29,11,0,11,Terpenoid,Terpenoid,Medium,11 terpenoid fragments → terpenoid/isoprenoid,"fragment:95.0859(Methylcyclohexenyl,12%); fragment:105.0704(Xylene_cation,8%); fragment:107.0860(Dimethylcyclohexenyl,5%); fragment:109.1015(Sesquiterpene_frag,5%); fragment:119.0858(C9H11+,10%); fragment:121.1012(Sesquiterpene_frag2,8%); fragment:133.1012(Diterpene_frag,8%); fragment:135.1166(Diterpene_frag2,6%); fragment:147.1170(C11H15+,6%); fragment:189.1636(Hopane_C14,7%); fragment:203.1795(Triterpene_C15,24%)",5.0
A15_16508,Streptophyta,indval_consensus,OE23-POS,16508,302.247629,True,118,43,16,0,16,Terpenoid,Terpenoid,Medium,16 terpenoid fragments → terpenoid/isoprenoid,"fragment:69.0705(Isoprene_unit,100%); fragment:81.0704(Monoterpene_frag,20%); fragment:93.0702(Toluenium,12%); fragment:95.0859(Methylcyclohexenyl,21%); fragment:105.0703(Xylene_cation,7%); fragment:107.0858(Dimethylcyclohexenyl,15%); fragment:109.1014(Sesquiterpene_frag,17%); fragment:119.0858(C9H11+,11%); fragment:121.1013(Sesquiterpene_frag2,17%); fragment:123.1170(Sesquiterpene_frag3,15%); fragment:133.1010(Diterpene_frag,11%); fragment:135.1167(Diterpene_frag2,15%); fragment:147.1167(C11H15+,11%); fragment:149.1326(Sesterterpene_frag,7%); fragment:161.1326(C12H17+,7%); fragment:175.1481(C13H19+,5%)",5.0
A15_165120,Heterolobosea,indval_consensus,OE23-POS,165120,802.604975,True,137,9,1,0,1,Phospholipid,PC/SM,High,Phosphocholine at 36% → PC or SM,"fragment:184.0733(Phosphocholine_C5H13NO4P,36%)",5.0
A15_165280,Streptophyta,indval_consensus,OE23-POS,165280,907.523221,True,12,12,1,0,1,Phospholipid,PC/SM,High,Phosphocholine at 67% → PC or SM,"fragment:184.0739(Phosphocholine_C5H13NO4P,67%)",5.0
A15_165296,Nematoda,composite,OE23-POS,165296,733.515279,True,60,6,1,0,1,Phospholipid,PC/SM,High,Phosphocholine at 100% → PC or SM,"fragment:184.0733(Phosphocholine_C5H13NO4P,100%)",5.0
A15_165526,Streptophyta,indval_consensus,OE23-POS,165526,768.644761,True,126,19,1,0,1,Phospholipid,PC/SM,High,Phosphocholine at 100% → PC or SM,"fragment:184.0734(Phosphocholine_C5H13NO4P,100%)",5.0
A15_165794,Streptophyta,indval_consensus,OE23-POS,165794,313.273043,True,82,15,6,0,6,Terpenoid,Terpenoid,Medium,6 terpenoid fragments → terpenoid/isoprenoid,"fragment:69.0706(Isoprene_unit,26%); fragment:81.0704(Monoterpene_frag,22%); fragment:93.0704(Toluenium,5%); fragment:95.0860(Methylcyclohexenyl,24%); fragment:109.1015(Sesquiterpene_frag,11%); fragment:123.1172(Sesquiterpene_frag3,6%)",5.0
A15_166031,Streptophyta,indval_consensus,OE23-POS,166031,607.511713,True,64,13,1,0,1,Quinone,Ubiquinone,Medium,Ubiquinone headgroup fragment,"fragment:197.0809(Ubiquinone_headgroup,100%)",5.0
A15_16608,Streptophyta,indval_consensus,OE23-POS,16608,615.404902,True,115,95,15,0,15,Terpenoid,Terpenoid,Medium,15 terpenoid fragments → terpenoid/isoprenoid,"fragment:69.0705(Isoprene_unit,8%); fragment:81.0705(Monoterpene_frag,15%); fragment:93.0704(Toluenium,12%); fragment:95.0859(Methylcyclohexenyl,18%); fragment:105.0701(Xylene_cation,18%); fragment:107.0859(Dimethylcyclohexenyl,19%); fragment:109.1016(Sesquiterpene_frag,32%); fragment:119.0858(C9H11+,16%); fragment:121.1014(Sesquiterpene_frag2,25%); fragment:123.1171(Sesquiterpene_frag3,9%); fragment:133.1013(Diterpene_frag,17%); fragment:135.1168(Diterpene_frag2,17%); fragment:147.1168(C11H15+,14%); fragment:161.1325(C12H17+,7%); fragment:175.1479(C13H19+,13%)",5.0
A15_166276,Streptophyta,indval_consensus,OE23-POS,166276,474.378376,True,25,25,1,0,1,Betaine_Lipid,DGTS,Medium,DGTS headgroup fragment,"fragment:236.1510(DGTS_headgroup,26%)",5.0
A15_166378,Streptophyta,indval_consensus,OE23-POS,166378,583.450133,True,70,70,12,0,12,Terpenoid,Terpenoid,Medium,12 terpenoid fragments → terpenoid/isoprenoid,"fragment:69.0706(Isoprene_unit,15%); fragment:81.0704(Monoterpene_frag,25%); fragment:93.0702(Toluenium,11%); fragment:95.0860(Methylcyclohexenyl,26%); fragment:107.0859(Dimethylcyclohexenyl,16%); fragment:109.1016(Sesquiterpene_frag,17%); fragment:119.0854(C9H11+,21%); fragment:121.1014(Sesquiterpene_frag2,20%); fragment:123.1169(Sesquiterpene_frag3,33%); fragment:133.1004(Diterpene_frag,14%); fragment:135.1169(Diterpene_frag2,11%); fragment:175.1485(C13H19+,11%)",5.0
A15_166436,Streptophyta,indval_consensus,OE23-POS,166436,828.625107,True,74,73,0,2,2,Sphingolipid,Ceramide,Medium,Sphingoid base fragments,"loss:180.0634(Hexose+H2O_loss,11%); loss:180.0634(Hexose_ceramide,11%)",5.0
A15_166438,Streptophyta,indval_consensus,OE23-POS,166438,914.706471,True,138,115,17,0,17,Terpenoid,Terpenoid,Medium,17 terpenoid fragments → terpenoid/isoprenoid,"fragment:69.0707(Isoprene_unit,9%); fragment:81.0704(Monoterpene_frag,26%); fragment:93.0703(Toluenium,20%); fragment:95.0861(Methylcyclohexenyl,21%); fragment:105.0703(Xylene_cation,11%); fragment:107.0860(Dimethylcyclohexenyl,21%); fragment:109.1016(Sesquiterpene_frag,14%); fragment:119.0859(C9H11+,11%); fragment:121.1016(Sesquiterpene_frag2,22%); fragment:123.1177(Sesquiterpene_frag3,6%); fragment:133.1013(Diterpene_frag,11%); fragment:135.1170(Diterpene_frag2,13%); fragment:147.1169(C11H15+,19%); fragment:149.1324(Sesterterpene_frag,7%); fragment:161.1332(C12H17+,13%); fragment:175.1482(C13H19+,9%); fragment:189.1636(Hopane_C14,6%)",5.0
A15_166442,Streptophyta,indval_consensus,OE23-POS,166442,337.272925,True,128,36,13,0,13,Terpenoid,Terpenoid,Medium,13 terpenoid fragments → terpenoid/isoprenoid,"fragment:69.0706(Isoprene_unit,82%); fragment:81.0705(Monoterpene_frag,100%); fragment:93.0704(Toluenium,20%); fragment:95.0860(Methylcyclohexenyl,90%); fragment:107.0858(Dimethylcyclohexenyl,12%); fragment:109.1016(Sesquiterpene_frag,38%); fragment:119.0858(C9H11+,6%); fragment:121.1014(Sesquiterpene_frag2,14%); fragment:123.1171(Sesquiterpene_frag3,13%); fragment:133.1013(Diterpene_frag,13%); fragment:135.1168(Diterpene_frag2,11%); fragment:147.1172(C11H15+,5%); fragment:149.1326(Sesterterpene_frag,6%)",5.0
A15_166760,Streptophyta,indval_consensus,OE23-POS,166760,884.659939,True,124,19,2,0,2,Sterol,Sterol,Medium,Sterol dehydration fragments,"fragment:395.3670(Stigmasterol_-H2O,23%); fragment:395.3670(Diplopterol,23%)",5.0
A15_166841,Chlorophyta,composite,OE23-POS,166841,846.624329,True,105,74,1,0,1,Quinone,Ubiquinone,Medium,Ubiquinone headgroup fragment,"fragment:197.0808(Ubiquinone_headgroup,70%)",5.0
A15_167040,Streptophyta,indval_consensus,OE23-POS,167040,241.215924,True,23,23,4,0,4,Terpenoid,Terpenoid,Low,4 terpenoid fragments → possible terpenoid/isoprenoid,"fragment:69.0706(Isoprene_unit,42%); fragment:81.0704(Monoterpene_frag,87%); fragment:95.0864(Methylcyclohexenyl,86%); fragment:107.0856(Dimethylcyclohexenyl,41%)",5.0
A15_167494,Streptophyta,indval_consensus,OE23-POS,167494,313.273051,True,200,13,4,0,4,Terpenoid,Terpenoid,Low,4 terpenoid fragments → possible terpenoid/isoprenoid,"fragment:69.0706(Isoprene_unit,17%); fragment:81.0704(Monoterpene_frag,17%); fragment:95.0860(Methylcyclohexenyl,18%); fragment:109.1015(Sesquiterpene_frag,10%)",5.0
A15_16752,Streptophyta,indval_consensus,OE23-POS,16752,689.421773,True,96,66,1,2,3,Sphingolipid,SM,High,Sphingoid base + phosphocholine → SM,"fragment:184.0734(Phosphocholine_C5H13NO4P,83%); loss:180.0634(Hexose+H2O_loss,12%); loss:180.0634(Hexose_ceramide,12%)",5.0
A15_167572,Streptophyta,indval_consensus,OE23-POS,167572,761.611521,True,28,6,1,0,1,Phospholipid,PC/SM,High,Phosphocholine at 100% → PC or SM,"fragment:184.0732(Phosphocholine_C5H13NO4P,100%)",5.0
A15_167745,Streptophyta,indval_consensus,OE23-POS,167745,337.272948,True,131,39,14,0,14,Terpenoid,Terpenoid,Medium,14 terpenoid fragments → terpenoid/isoprenoid,"fragment:69.0706(Isoprene_unit,85%); fragment:81.0705(Monoterpene_frag,100%); fragment:93.0704(Toluenium,17%); fragment:95.0860(Methylcyclohexenyl,70%); fragment:105.0702(Xylene_cation,10%); fragment:107.0859(Dimethylcyclohexenyl,15%); fragment:109.1015(Sesquiterpene_frag,33%); fragment:119.0859(C9H11+,7%); fragment:121.1014(Sesquiterpene_frag2,14%); fragment:123.1170(Sesquiterpene_frag3,13%); fragment:133.1014(Diterpene_frag,7%); fragment:135.1171(Diterpene_frag2,9%); fragment:147.1169(C11H15+,6%); fragment:149.1324(Sesterterpene_frag,10%)",5.0
A15_16813,Streptophyta,indval_consensus,OE23-POS,16813,545.342603,True,34,6,1,0,1,Phospholipid,PC/SM,High,Phosphocholine at 61% → PC or SM,"fragment:184.0733(Phosphocholine_C5H13NO4P,61%)",5.0
A15_168161,Heterolobosea,indval_consensus,OE23-POS,168161,802.605156,True,51,9,1,0,1,Phospholipid,PC/SM,High,Phosphocholine at 80% → PC or SM,"fragment:184.0732(Phosphocholine_C5H13NO4P,80%)",5.0
A15_168169,Streptophyta,indval_consensus,OE23-POS,168169,583.450202,True,397,105,18,0,18,Terpenoid,Terpenoid,Medium,18 terpenoid fragments → terpenoid/isoprenoid,"fragment:69.0706(Isoprene_unit,17%); fragment:81.0705(Monoterpene_frag,14%); fragment:93.0703(Toluenium,9%); fragment:95.0861(Methylcyclohexenyl,36%); fragment:105.0703(Xylene_cation,7%); fragment:107.0860(Dimethylcyclohexenyl,17%); fragment:109.1016(Sesquiterpene_frag,17%); fragment:119.0859(C9H11+,25%); fragment:121.1015(Sesquiterpene_frag2,30%); fragment:123.1171(Sesquiterpene_frag3,26%); fragment:133.1013(Diterpene_frag,12%); fragment:135.1170(Diterpene_frag2,15%); fragment:147.1171(C11H15+,10%); fragment:149.1325(Sesterterpene_frag,11%); fragment:161.1325(C12H17+,9%); fragment:175.1484(C13H19+,11%); fragment:189.1639(Hopane_C14,8%); fragment:203.1809(Triterpene_C15,12%)",5.0
A15_168197,Streptophyta,indval_consensus,OE23-POS,168197,636.572209,True,167,61,1,0,1,Pentacyclic_Triterpenoid,Hopanoid,Low,Hopanoid diagnostic fragments,"fragment:191.1792(Hopane_skeleton,15%)",5.0
A15_168341,Streptophyta,indval_consensus,OE23-POS,168341,934.732022,True,51,51,1,0,1,Phospholipid,PC/SM,High,Phosphocholine at 24% → PC or SM,"fragment:184.0737(Phosphocholine_C5H13NO4P,24%)",5.0
A15_168439,Streptophyta,indval_consensus,OE23-POS,168439,868.662346,True,89,47,3,0,3,Sterol,Sterol,Medium,Sterol dehydration fragments,"fragment:395.3670(Stigmasterol_-H2O,69%); fragment:397.3817(Sitosterol_-H2O,20%); fragment:395.3670(Diplopterol,69%)",5.0
A15_168539,Streptophyta,indval_consensus,OE23-POS,168539,749.611822,True,67,9,1,0,1,Phospholipid,PC/SM,High,Phosphocholine at 100% → PC or SM,"fragment:184.0733(Phosphocholine_C5H13NO4P,100%)",5.0
A15_168578,Streptophyta,indval_consensus,OE23-POS,168578,795.662456,True,231,19,2,0,2,Phospholipid,PC/SM,High,Phosphocholine at 100% → PC or SM,"fragment:184.0733(Phosphocholine_C5H13NO4P,100%); fragment:653.5475(GDGT_core,5%)",5.0
A15_168678,Streptophyta,indval_consensus,OE23-POS,168678,821.626418,True,68,26,2,0,2,Sterol,Sterol,Medium,Sterol dehydration fragments,"fragment:383.3669(Campesterol_-H2O,100%); fragment:397.3826(Sitosterol_-H2O,5%)",5.0
A15_168682,Streptophyta,indval_consensus,OE23-POS,168682,875.567757,True,25,25,1,0,1,Sterol,Sterol,Medium,Sterol dehydration fragments,"fragment:383.3673(Campesterol_-H2O,21%)",5.0
A15_168732,Streptophyta,indval_consensus,OE23-POS,168732,821.625286,True,35,5,1,0,1,Phospholipid,PC/SM,High,Phosphocholine at 91% → PC or SM,"fragment:184.0734(Phosphocholine_C5H13NO4P,91%)",5.0
A15_168833,Streptophyta,indval_consensus,OE23-POS,168833,796.66538,True,198,9,1,0,1,Phospholipid,PC/SM,High,Phosphocholine at 90% → PC or SM,"fragment:184.0732(Phosphocholine_C5H13NO4P,90%)",5.0
A15_168847,Streptophyta,indval_consensus,OE23-POS,168847,886.675812,True,60,50,4,0,4,Phospholipid,PC/SM,Medium,Phosphocholine at 7% → PC or SM,"fragment:184.0724(Phosphocholine_C5H13NO4P,7%); fragment:395.3637(Stigmasterol_-H2O,7%); fragment:397.3827(Sitosterol_-H2O,100%); fragment:395.3637(Diplopterol,7%)",5.0
A15_169055,Streptophyta,indval_consensus,OE23-POS,169055,939.670739,True,39,16,1,0,1,Archaeal_Lipid,GDGT/Archaeol,Medium,1 archaeal lipid diagnostic fragments,"fragment:595.5292(Archaeol_core,19%)",5.0
A15_169117,Streptophyta,indval_consensus,OE23-POS,169117,641.552234,True,44,40,14,0,14,Terpenoid,Terpenoid,Medium,14 terpenoid fragments → terpenoid/isoprenoid,"fragment:69.0706(Isoprene_unit,10%); fragment:81.0704(Monoterpene_frag,31%); fragment:93.0701(Toluenium,6%); fragment:95.0861(Methylcyclohexenyl,26%); fragment:105.0704(Xylene_cation,8%); fragment:107.0858(Dimethylcyclohexenyl,9%); fragment:109.1015(Sesquiterpene_frag,15%); fragment:119.0854(C9H11+,11%); fragment:123.1173(Sesquiterpene_frag3,13%); fragment:133.1013(Diterpene_frag,7%); fragment:135.1169(Diterpene_frag2,9%); fragment:147.1178(C11H15+,6%); fragment:161.1332(C12H17+,6%); fragment:203.1791(Triterpene_C15,12%)",5.0
A15_169130,Streptophyta,indval_consensus,OE23-POS,169130,735.598285,True,28,10,1,0,1,Phospholipid,PC/SM,High,Phosphocholine at 100% → PC or SM,"fragment:184.0733(Phosphocholine_C5H13NO4P,100%)",5.0
A15_16951,Streptophyta,indval_consensus,OE23-POS,16951,694.48891,True,129,23,6,0,6,Terpenoid,Terpenoid,Medium,6 terpenoid fragments → terpenoid/isoprenoid,"fragment:107.0860(Dimethylcyclohexenyl,5%); fragment:109.1017(Sesquiterpene_frag,9%); fragment:121.1014(Sesquiterpene_frag2,6%); fragment:123.1170(Sesquiterpene_frag3,5%); fragment:135.1170(Diterpene_frag2,7%); fragment:149.1327(Sesterterpene_frag,6%)",5.0
A15_169554,Streptophyta,indval_consensus,OE23-POS,169554,775.627778,True,35,23,3,0,3,Sphingolipid,SM,High,Sphingoid base + phosphocholine → SM,"fragment:184.0735(Phosphocholine_C5H13NO4P,38%); fragment:264.2399(Sphingoid_d18:1,7%); fragment:595.5262(Archaeol_core,5%)",5.0
A15_169625,Heterolobosea,indval_consensus,OE23-POS,169625,802.605204,True,34,34,1,0,1,Phospholipid,PC/SM,High,Phosphocholine at 100% → PC or SM,"fragment:184.0735(Phosphocholine_C5H13NO4P,100%)",5.0
A15_169652,Streptophyta,indval_consensus,OE23-POS,169652,510.488048,True,68,35,7,0,7,Terpenoid,Terpenoid,Medium,7 terpenoid fragments → terpenoid/isoprenoid,"fragment:69.0707(Isoprene_unit,12%); fragment:81.0704(Monoterpene_frag,16%); fragment:95.0860(Methylcyclohexenyl,22%); fragment:109.1016(Sesquiterpene_frag,11%); fragment:121.1011(Sesquiterpene_frag2,10%); fragment:123.1169(Sesquiterpene_frag3,10%); fragment:135.1172(Diterpene_frag2,8%)",5.0
A15_169733,Streptophyta,indval_consensus,OE23-POS,169733,787.628108,True,46,11,1,0,1,Phospholipid,PC/SM,High,Phosphocholine at 100% → PC or SM,"fragment:184.0732(Phosphocholine_C5H13NO4P,100%)",5.0
A15_16975,Streptophyta,indval_consensus,OE23-POS,16975,495.348365,True,31,5,1,0,1,Betaine_Lipid,DGTS,Medium,DGTS headgroup fragment,"fragment:236.1490(DGTS_headgroup,27%)",5.0
A15_169924,Streptophyta,indval_consensus,OE23-POS,169924,887.530735,True,145,12,1,0,1,Sterol,Sterol,Medium,Sterol dehydration fragments,"fragment:397.3826(Sitosterol_-H2O,100%)",5.0
A15_170043,Streptophyta,indval_consensus,OE23-POS,170043,795.662382,True,82,11,1,0,1,Phospholipid,PC/SM,High,Phosphocholine at 100% → PC or SM,"fragment:184.0733(Phosphocholine_C5H13NO4P,100%)",5.0
A15_170298,Streptophyta,indval_consensus,OE23-POS,170298,515.482854,True,74,44,13,0,13,Terpenoid,Terpenoid,Medium,13 terpenoid fragments → terpenoid/isoprenoid,"fragment:81.0704(Monoterpene_frag,54%); fragment:93.0702(Toluenium,11%); fragment:95.0859(Methylcyclohexenyl,44%); fragment:107.0860(Dimethylcyclohexenyl,16%); fragment:109.1015(Sesquiterpene_frag,27%); fragment:119.0861(C9H11+,11%); fragment:121.1014(Sesquiterpene_frag2,22%); fragment:123.1170(Sesquiterpene_frag3,17%); fragment:133.1013(Diterpene_frag,18%); fragment:135.1169(Diterpene_frag2,24%); fragment:147.1170(C11H15+,15%); fragment:149.1326(Sesterterpene_frag,10%); fragment:203.1798(Triterpene_C15,18%)",5.0
A15_170637,Streptophyta,indval_consensus,OE23-POS,170637,787.628101,True,43,5,1,0,1,Phospholipid,PC/SM,Medium,Phosphocholine at 11% → PC or SM,"fragment:184.0733(Phosphocholine_C5H13NO4P,11%)",5.0
A15_17066,Streptophyta,indval_consensus,OE23-POS,17066,633.414577,True,168,13,1,0,1,Phospholipid,PC/SM,Medium,Phosphocholine at 16% → PC or SM,"fragment:184.0734(Phosphocholine_C5H13NO4P,16%)",5.0
A15_170720,Streptophyta,indval_consensus,OE23-POS,170720,747.603011,True,44,6,1,0,1,Phospholipid,PC/SM,High,Phosphocholine at 100% → PC or SM,"fragment:184.0733(Phosphocholine_C5H13NO4P,100%)",5.0
A15_170763,Streptophyta,indval_consensus,OE23-POS,170763,918.737196,True,94,94,1,0,1,Phospholipid,PC/SM,Medium,Phosphocholine at 19% → PC or SM,"fragment:184.0720(Phosphocholine_C5H13NO4P,19%)",5.0
A15_170776,Streptophyta,indval_consensus,OE23-POS,170776,934.732203,True,73,25,1,0,1,Archaeal_Lipid,GDGT/Archaeol,Medium,1 archaeal lipid diagnostic fragments,"fragment:595.5361(Archaeol_core,44%)",5.0
A15_170851,Streptophyta,indval_consensus,OE23-POS,170851,886.676014,True,109,6,1,0,1,Sterol,Sterol,Medium,Sterol dehydration fragments,"fragment:397.3825(Sitosterol_-H2O,47%)",5.0
A15_170936,Streptophyta,indval_consensus,OE23-POS,170936,932.717733,True,109,55,11,0,11,Terpenoid,Terpenoid,Medium,11 terpenoid fragments → terpenoid/isoprenoid,"fragment:69.0705(Isoprene_unit,17%); fragment:81.0704(Monoterpene_frag,27%); fragment:93.0705(Toluenium,29%); fragment:95.0860(Methylcyclohexenyl,33%); fragment:107.0858(Dimethylcyclohexenyl,21%); fragment:109.1015(Sesquiterpene_frag,28%); fragment:119.0857(C9H11+,10%); fragment:121.1013(Sesquiterpene_frag2,38%); fragment:135.1159(Diterpene_frag2,11%); fragment:147.1170(C11H15+,15%); fragment:149.1328(Sesterterpene_frag,14%)",5.0
A15_171060,Streptophyta,indval_consensus,OE23-POS,171060,613.51771,True,58,47,17,0,17,Terpenoid,Terpenoid,Medium,17 terpenoid fragments → terpenoid/isoprenoid,"fragment:69.0709(Isoprene_unit,15%); fragment:81.0703(Monoterpene_frag,36%); fragment:93.0705(Toluenium,13%); fragment:95.0859(Methylcyclohexenyl,42%); fragment:107.0860(Dimethylcyclohexenyl,9%); fragment:109.1018(Sesquiterpene_frag,28%); fragment:119.0861(C9H11+,11%); fragment:121.1018(Sesquiterpene_frag2,10%); fragment:123.1174(Sesquiterpene_frag3,18%); fragment:133.1019(Diterpene_frag,11%); fragment:135.1173(Diterpene_frag2,9%); fragment:147.1169(C11H15+,6%); fragment:149.1333(Sesterterpene_frag,9%); fragment:161.1334(C12H17+,5%); fragment:175.1487(C13H19+,10%); fragment:189.1636(Hopane_C14,5%); fragment:203.1802(Triterpene_C15,20%)",5.0
A15_171098,Streptophyta,indval_consensus,OE23-POS,171098,761.613324,True,111,9,1,0,1,Phospholipid,PC/SM,High,Phosphocholine at 100% → PC or SM,"fragment:184.0733(Phosphocholine_C5H13NO4P,100%)",5.0
A15_171196,Streptophyta,indval_consensus,OE23-POS,171196,889.691738,True,107,9,1,0,1,Sterol,Sterol,Medium,Sterol dehydration fragments,"fragment:397.3829(Sitosterol_-H2O,20%)",5.0
A15_171199,Streptophyta,indval_consensus,OE23-POS,171199,958.731541,True,56,56,14,0,14,Terpenoid,Terpenoid,Medium,14 terpenoid fragments → terpenoid/isoprenoid,"fragment:69.0704(Isoprene_unit,9%); fragment:81.0705(Monoterpene_frag,28%); fragment:93.0703(Toluenium,22%); fragment:95.0858(Methylcyclohexenyl,28%); fragment:105.0705(Xylene_cation,7%); fragment:107.0859(Dimethylcyclohexenyl,16%); fragment:109.1017(Sesquiterpene_frag,30%); fragment:119.0857(C9H11+,15%); fragment:121.1015(Sesquiterpene_frag2,30%); fragment:133.1013(Diterpene_frag,15%); fragment:135.1171(Diterpene_frag2,12%); fragment:147.1171(C11H15+,19%); fragment:149.1327(Sesterterpene_frag,10%); fragment:161.1329(C12H17+,9%)",5.0
A15_171224,Streptophyta,indval_consensus,OE23-POS,171224,780.642168,True,40,13,1,0,1,Phospholipid,PC/SM,High,Phosphocholine at 100% → PC or SM,"fragment:184.0733(Phosphocholine_C5H13NO4P,100%)",5.0
A15_171640,Streptophyta,indval_consensus,OE23-POS,171640,746.594625,True,55,23,1,0,1,Phospholipid,PC/SM,Medium,Phosphocholine at 11% → PC or SM,"fragment:184.0732(Phosphocholine_C5H13NO4P,11%)",5.0
A15_171800,Heterolobosea,indval_consensus,OE23-POS,171800,802.605481,True,34,16,1,0,1,Phospholipid,PC/SM,High,Phosphocholine at 66% → PC or SM,"fragment:184.0731(Phosphocholine_C5H13NO4P,66%)",5.0
A15_171822,Streptophyta,indval_consensus,OE23-POS,171822,935.55062,True,100,10,1,0,1,Archaeal_Lipid,GDGT/Archaeol,Medium,1 archaeal lipid diagnostic fragments,"fragment:595.5304(Archaeol_core,35%)",5.0
A15_171823,Streptophyta,indval_consensus,OE23-POS,171823,936.558706,True,40,14,1,0,1,Archaeal_Lipid,GDGT/Archaeol,Medium,1 archaeal lipid diagnostic fragments,"fragment:595.5316(Archaeol_core,52%)",5.0
A15_171881,Streptophyta,indval_consensus,OE23-POS,171881,746.626841,True,25,7,1,0,1,Phospholipid,PC/SM,High,Phosphocholine at 100% → PC or SM,"fragment:184.0733(Phosphocholine_C5H13NO4P,100%)",5.0
A15_171975,Streptophyta,indval_consensus,OE23-POS,171975,901.545608,True,85,20,6,0,6,Terpenoid,Terpenoid,Medium,6 terpenoid fragments → terpenoid/isoprenoid,"fragment:81.0706(Monoterpene_frag,11%); fragment:95.0863(Methylcyclohexenyl,10%); fragment:109.1017(Sesquiterpene_frag,10%); fragment:121.1017(Sesquiterpene_frag2,9%); fragment:135.1172(Diterpene_frag2,8%); fragment:149.1329(Sesterterpene_frag,7%)",5.0
A15_172090,Streptophyta,indval_consensus,OE23-POS,172090,745.592432,True,31,8,1,0,1,Phospholipid,PC/SM,High,Phosphocholine at 54% → PC or SM,"fragment:184.0733(Phosphocholine_C5H13NO4P,54%)",5.0
A15_172478,Streptophyta,indval_consensus,OE23-POS,172478,747.607163,True,17,5,1,0,1,Phospholipid,PC/SM,High,Phosphocholine at 100% → PC or SM,"fragment:184.0733(Phosphocholine_C5H13NO4P,100%)",5.0
A15_172692,Streptophyta,indval_consensus,OE23-POS,172692,703.567565,True,87,87,1,0,1,Archaeal_Lipid,GDGT/Archaeol,Medium,1 archaeal lipid diagnostic fragments,"fragment:669.5599(GDGT_variant,8%)",5.0
A15_172696,Streptophyta,indval_consensus,OE23-POS,172696,861.551448,True,42,24,1,0,1,Sterol,Sterol,Medium,Sterol dehydration fragments,"fragment:397.3839(Sitosterol_-H2O,9%)",5.0
A15_17290,Streptophyta,indval_consensus,OE23-POS,17290,623.249968,True,56,16,1,0,1,Phospholipid,PC/SM,Medium,Phosphocholine at 15% → PC or SM,"fragment:184.0732(Phosphocholine_C5H13NO4P,15%)",5.0
A15_172976,Streptophyta,indval_consensus,OE23-POS,172976,768.645286,True,122,31,2,0,2,Sphingolipid,Ceramide,Medium,Sphingoid base fragments,"fragment:264.2397(Sphingoid_d18:1,7%); fragment:595.5295(Archaeol_core,44%)",5.0
A15_172999,Streptophyta,indval_consensus,OE23-POS,172999,409.382558,True,84,48,1,0,1,Pentacyclic_Triterpenoid,Hopanoid,Low,Hopanoid diagnostic fragments,"fragment:191.1792(Hopane_skeleton,20%)",5.0
A15_173102,Streptophyta,indval_consensus,OE23-POS,173102,623.501841,True,87,69,1,0,1,Quinone,Ubiquinone,Medium,Ubiquinone headgroup fragment,"fragment:197.0822(Ubiquinone_headgroup,13%)",5.0
A15_173242,Streptophyta,indval_consensus,OE23-POS,173242,916.72277,True,180,75,1,0,1,Sterol,Sterol,Medium,Sterol dehydration fragments,"fragment:397.3834(Sitosterol_-H2O,6%)",5.0
A15_173374,Streptophyta,indval_consensus,OE23-POS,173374,770.626623,True,78,48,4,0,4,Phospholipid,PC/SM,High,Phosphocholine at 100% → PC or SM,"fragment:184.0735(Phosphocholine_C5H13NO4P,100%); fragment:395.3655(Stigmasterol_-H2O,8%); fragment:191.1801(Hopane_skeleton,11%); fragment:395.3655(Diplopterol,8%)",5.0
A15_1734,Streptophyta,indval_consensus,OE23-POS,1734,365.193645,True,217,54,10,0,10,Terpenoid,Terpenoid,Medium,10 terpenoid fragments → terpenoid/isoprenoid,"fragment:69.0706(Isoprene_unit,11%); fragment:81.0705(Monoterpene_frag,19%); fragment:93.0704(Toluenium,32%); fragment:95.0860(Methylcyclohexenyl,12%); fragment:105.0703(Xylene_cation,13%); fragment:107.0858(Dimethylcyclohexenyl,18%); fragment:109.1014(Sesquiterpene_frag,8%); fragment:119.0856(C9H11+,6%); fragment:121.1015(Sesquiterpene_frag2,11%); fragment:133.1012(Diterpene_frag,7%)",5.0
A15_173491,Streptophyta,indval_consensus,OE23-POS,173491,553.498226,True,59,59,18,0,18,Terpenoid,Terpenoid,Medium,18 terpenoid fragments → terpenoid/isoprenoid,"fragment:69.0706(Isoprene_unit,50%); fragment:81.0705(Monoterpene_frag,65%); fragment:93.0703(Toluenium,33%); fragment:95.0860(Methylcyclohexenyl,100%); fragment:105.0703(Xylene_cation,36%); fragment:107.0860(Dimethylcyclohexenyl,38%); fragment:109.1015(Sesquiterpene_frag,53%); fragment:119.0859(C9H11+,48%); fragment:121.1016(Sesquiterpene_frag2,74%); fragment:123.1171(Sesquiterpene_frag3,71%); fragment:133.1012(Diterpene_frag,42%); fragment:135.1168(Diterpene_frag2,23%); fragment:147.1174(C11H15+,30%); fragment:149.1328(Sesterterpene_frag,18%); fragment:161.1332(C12H17+,14%); fragment:175.1478(C13H19+,26%); fragment:189.1636(Hopane_C14,24%); fragment:203.1785(Triterpene_C15,16%)",5.0
A15_173545,Basidiomycota,indval_consensus,OE23-POS,173545,944.752946,True,36,36,1,0,1,Phospholipid,PC/SM,High,Phosphocholine at 25% → PC or SM,"fragment:184.0724(Phosphocholine_C5H13NO4P,25%)",5.0
A15_173649,Streptophyta,indval_consensus,OE23-POS,173649,746.595276,True,71,14,1,0,1,Phospholipid,PC/SM,Medium,Phosphocholine at 11% → PC or SM,"fragment:184.0735(Phosphocholine_C5H13NO4P,11%)",5.0
A15_173771,Streptophyta,indval_consensus,OE23-POS,173771,782.661008,True,31,9,1,0,1,Phospholipid,PC/SM,High,Phosphocholine at 32% → PC or SM,"fragment:184.0734(Phosphocholine_C5H13NO4P,32%)",5.0
A15_173772,Streptophyta,indval_consensus,OE23-POS,173772,774.623854,True,158,20,1,0,1,Phospholipid,PC/SM,High,Phosphocholine at 37% → PC or SM,"fragment:184.0734(Phosphocholine_C5H13NO4P,37%)",5.0
A15_173846,Streptophyta,indval_consensus,OE23-POS,173846,1070.785919,True,105,54,3,0,3,Terpenoid,Terpenoid,Low,3 terpenoid fragments → possible terpenoid/isoprenoid,"fragment:93.0704(Toluenium,6%); fragment:95.0859(Methylcyclohexenyl,6%); fragment:121.1016(Sesquiterpene_frag2,11%)",5.0
A15_173856,Streptophyta,indval_consensus,OE23-POS,173856,816.620236,True,36,8,1,0,1,Phospholipid,PC/SM,High,Phosphocholine at 63% → PC or SM,"fragment:184.0733(Phosphocholine_C5H13NO4P,63%)",5.0
A15_174086,Streptophyta,indval_consensus,OE23-POS,174086,747.600992,True,31,14,1,0,1,Phospholipid,PC/SM,Medium,Phosphocholine at 6% → PC or SM,"fragment:184.0739(Phosphocholine_C5H13NO4P,6%)",5.0
A15_174094,Streptophyta,indval_consensus,OE23-POS,174094,747.601477,True,28,7,1,0,1,Phospholipid,PC/SM,High,Phosphocholine at 100% → PC or SM,"fragment:184.0733(Phosphocholine_C5H13NO4P,100%)",5.0
A15_174278,Streptophyta,indval_consensus,OE23-POS,174278,758.625222,True,126,2,1,0,1,Phospholipid,PC/SM,High,Phosphocholine at 100% → PC or SM,"fragment:184.0734(Phosphocholine_C5H13NO4P,100%)",5.0
A15_174339,Streptophyta,indval_consensus,OE23-POS,174339,745.592377,True,192,15,1,0,1,Phospholipid,PC/SM,High,Phosphocholine at 100% → PC or SM,"fragment:184.0733(Phosphocholine_C5H13NO4P,100%)",5.0
A15_174340,Streptophyta,indval_consensus,OE23-POS,174340,761.613483,True,80,6,1,0,1,Phospholipid,PC/SM,High,Phosphocholine at 100% → PC or SM,"fragment:184.0733(Phosphocholine_C5H13NO4P,100%)",5.0
A15_174410,Streptophyta,indval_consensus,OE23-POS,174410,928.702133,True,144,25,1,0,1,Quinone,Ubiquinone,Medium,Ubiquinone headgroup fragment,"fragment:197.0808(Ubiquinone_headgroup,100%)",5.0
A15_17448,Streptophyta,indval_consensus,OE23-POS,17448,600.341749,True,97,49,11,0,11,Terpenoid,Terpenoid,Medium,11 terpenoid fragments → terpenoid/isoprenoid,"fragment:93.0704(Toluenium,12%); fragment:95.0860(Methylcyclohexenyl,16%); fragment:105.0700(Xylene_cation,7%); fragment:107.0859(Dimethylcyclohexenyl,15%); fragment:109.1015(Sesquiterpene_frag,15%); fragment:119.0858(C9H11+,15%); fragment:121.1012(Sesquiterpene_frag2,22%); fragment:133.1014(Diterpene_frag,12%); fragment:135.1170(Diterpene_frag2,15%); fragment:147.1167(C11H15+,8%); fragment:175.1482(C13H19+,8%)",5.0
A15_174490,Streptophyta,indval_consensus,OE23-POS,174490,821.625935,True,29,5,1,0,1,Phospholipid,PC/SM,High,Phosphocholine at 89% → PC or SM,"fragment:184.0733(Phosphocholine_C5H13NO4P,89%)",5.0
A15_174491,Arthropoda,composite,OE23-POS,174491,789.576396,True,58,8,1,0,1,Phospholipid,PC/SM,High,Phosphocholine at 100% → PC or SM,"fragment:184.0734(Phosphocholine_C5H13NO4P,100%)",5.0
A15_174529,Streptophyta,indval_consensus,OE23-POS,174529,623.501761,True,33,33,1,0,1,Quinone,Ubiquinone,Medium,Ubiquinone headgroup fragment,"fragment:197.0807(Ubiquinone_headgroup,48%)",5.0
A15_174558,Streptophyta,indval_consensus,OE23-POS,174558,746.628114,True,26,8,1,0,1,Phospholipid,PC/SM,High,Phosphocholine at 100% → PC or SM,"fragment:184.0733(Phosphocholine_C5H13NO4P,100%)",5.0
A15_174594,Streptophyta,indval_consensus,OE23-POS,174594,736.608389,True,46,37,1,0,1,Phospholipid,PC/SM,High,Phosphocholine at 47% → PC or SM,"fragment:184.0732(Phosphocholine_C5H13NO4P,47%)",5.0
A15_174750,Streptophyta,indval_consensus,OE23-POS,174750,944.752578,True,78,78,3,0,3,Terpenoid,Terpenoid,Low,3 terpenoid fragments → possible terpenoid/isoprenoid,"fragment:81.0704(Monoterpene_frag,26%); fragment:109.1017(Sesquiterpene_frag,20%); fragment:121.1014(Sesquiterpene_frag2,15%)",5.0
A15_174764,Streptophyta,indval_consensus,OE23-POS,174764,868.662269,True,158,21,3,1,4,Sterol,Sterol,Medium,Sterol dehydration fragments,"fragment:395.3672(Stigmasterol_-H2O,20%); fragment:397.3828(Sitosterol_-H2O,100%); fragment:395.3672(Diplopterol,20%); loss:162.0528(Hexose_loss,17%)",5.0
A15_174873,Streptophyta,indval_consensus,OE23-POS,174873,271.241588,True,83,44,17,0,17,Terpenoid,Terpenoid,Medium,17 terpenoid fragments → terpenoid/isoprenoid,"fragment:69.0706(Isoprene_unit,76%); fragment:81.0705(Monoterpene_frag,100%); fragment:93.0703(Toluenium,36%); fragment:95.0860(Methylcyclohexenyl,95%); fragment:105.0703(Xylene_cation,28%); fragment:107.0860(Dimethylcyclohexenyl,43%); fragment:109.1015(Sesquiterpene_frag,58%); fragment:119.0857(C9H11+,34%); fragment:121.1014(Sesquiterpene_frag2,34%); fragment:123.1170(Sesquiterpene_frag3,23%); fragment:133.1014(Diterpene_frag,28%); fragment:135.1171(Diterpene_frag2,20%); fragment:147.1169(C11H15+,32%); fragment:149.1327(Sesterterpene_frag,25%); fragment:161.1326(C12H17+,31%); fragment:175.1484(C13H19+,19%); fragment:189.1637(Hopane_C14,12%)",5.0
A15_175022,Streptophyta,indval_consensus,OE23-POS,175022,527.48242,True,65,32,17,0,17,Terpenoid,Terpenoid,Medium,17 terpenoid fragments → terpenoid/isoprenoid,"fragment:69.0707(Isoprene_unit,12%); fragment:81.0705(Monoterpene_frag,15%); fragment:93.0706(Toluenium,6%); fragment:95.0860(Methylcyclohexenyl,25%); fragment:105.0704(Xylene_cation,6%); fragment:107.0858(Dimethylcyclohexenyl,8%); fragment:109.1015(Sesquiterpene_frag,100%); fragment:119.0859(C9H11+,9%); fragment:121.1014(Sesquiterpene_frag2,11%); fragment:123.1169(Sesquiterpene_frag3,11%); fragment:133.1015(Diterpene_frag,8%); fragment:135.1170(Diterpene_frag2,15%); fragment:147.1169(C11H15+,11%); fragment:149.1326(Sesterterpene_frag,10%); fragment:161.1325(C12H17+,12%); fragment:175.1485(C13H19+,10%); fragment:189.1640(Hopane_C14,10%)",5.0
A15_17503,Streptophyta,indval_consensus,OE23-POS,17503,696.421324,True,70,4,1,0,1,Phospholipid,PC/SM,High,Phosphocholine at 100% → PC or SM,"fragment:184.0733(Phosphocholine_C5H13NO4P,100%)",5.0
A15_175135,Streptophyta,indval_consensus,OE23-POS,175135,746.59557,True,65,19,1,0,1,Phospholipid,PC/SM,High,Phosphocholine at 100% → PC or SM,"fragment:184.0733(Phosphocholine_C5H13NO4P,100%)",5.0
A15_17547,Streptophyta,indval_consensus,OE23-POS,17547,532.347221,True,97,14,7,0,7,Terpenoid,Terpenoid,Medium,7 terpenoid fragments → terpenoid/isoprenoid,"fragment:81.0704(Monoterpene_frag,9%); fragment:95.0859(Methylcyclohexenyl,8%); fragment:109.1017(Sesquiterpene_frag,8%); fragment:121.1015(Sesquiterpene_frag2,7%); fragment:123.1169(Sesquiterpene_frag3,8%); fragment:135.1170(Diterpene_frag2,6%); fragment:149.1324(Sesterterpene_frag,7%)",5.0
A15_175566,Streptophyta,indval_consensus,OE23-POS,175566,745.592385,True,55,12,1,0,1,Phospholipid,PC/SM,High,Phosphocholine at 100% → PC or SM,"fragment:184.0733(Phosphocholine_C5H13NO4P,100%)",5.0
A15_175629,Streptophyta,indval_consensus,OE23-POS,175629,271.241581,True,102,51,17,0,17,Terpenoid,Terpenoid,Medium,17 terpenoid fragments → terpenoid/isoprenoid,"fragment:69.0706(Isoprene_unit,82%); fragment:81.0705(Monoterpene_frag,100%); fragment:93.0704(Toluenium,35%); fragment:95.0860(Methylcyclohexenyl,92%); fragment:105.0702(Xylene_cation,33%); fragment:107.0859(Dimethylcyclohexenyl,52%); fragment:109.1015(Sesquiterpene_frag,74%); fragment:119.0858(C9H11+,53%); fragment:121.1014(Sesquiterpene_frag2,37%); fragment:123.1170(Sesquiterpene_frag3,47%); fragment:133.1013(Diterpene_frag,37%); fragment:135.1170(Diterpene_frag2,34%); fragment:147.1167(C11H15+,58%); fragment:149.1325(Sesterterpene_frag,27%); fragment:161.1323(C12H17+,32%); fragment:175.1483(C13H19+,30%); fragment:189.1635(Hopane_C14,18%)",5.0
A15_175720,Streptophyta,indval_consensus,OE23-POS,175720,746.628245,True,59,43,1,0,1,Phospholipid,PC/SM,Medium,Phosphocholine at 6% → PC or SM,"fragment:184.0741(Phosphocholine_C5H13NO4P,6%)",5.0
A15_175776,Actinomycetota,indval_consensus,OE23-POS,175776,721.555754,True,59,11,1,0,1,Phospholipid,PC/SM,High,Phosphocholine at 100% → PC or SM,"fragment:184.0733(Phosphocholine_C5H13NO4P,100%)",5.0
A15_175962,Streptophyta,indval_consensus,OE23-POS,175962,789.642116,True,63,5,1,0,1,Phospholipid,PC/SM,High,Phosphocholine at 100% → PC or SM,"fragment:184.0732(Phosphocholine_C5H13NO4P,100%)",5.0
A15_1760,Streptophyta,indval_consensus,OE23-POS,1760,483.27316,True,148,145,1,1,2,Betaine_Lipid,DGTS,Medium,DGTS headgroup fragment,"fragment:236.1488(DGTS_headgroup,57%); loss:162.0528(Hexose_loss,48%)",5.0
A15_176047,Streptophyta,indval_consensus,OE23-POS,176047,936.558705,True,37,22,1,0,1,Archaeal_Lipid,GDGT/Archaeol,Medium,1 archaeal lipid diagnostic fragments,"fragment:595.5289(Archaeol_core,37%)",5.0
A15_176142,Streptophyta,indval_consensus,OE23-POS,176142,830.648015,True,42,42,9,0,9,Terpenoid,Terpenoid,Medium,9 terpenoid fragments → terpenoid/isoprenoid,"fragment:81.0705(Monoterpene_frag,21%); fragment:95.0862(Methylcyclohexenyl,21%); fragment:105.0709(Xylene_cation,9%); fragment:107.0864(Dimethylcyclohexenyl,16%); fragment:109.1023(Sesquiterpene_frag,9%); fragment:119.0867(C9H11+,7%); fragment:121.1020(Sesquiterpene_frag2,10%); fragment:135.1174(Diterpene_frag2,9%); fragment:161.1332(C12H17+,10%)",5.0
A15_176313,Nematoda,composite,OE23-POS,176313,936.617781,True,37,19,1,0,1,Archaeal_Lipid,GDGT/Archaeol,Medium,1 archaeal lipid diagnostic fragments,"fragment:595.5321(Archaeol_core,10%)",5.0
A15_176713,Nematoda,composite,OE23-POS,176713,832.688614,True,39,16,1,0,1,Phospholipid,PC/SM,Medium,Phosphocholine at 16% → PC or SM,"fragment:184.0732(Phosphocholine_C5H13NO4P,16%)",5.0
A15_17680,Streptophyta,indval_consensus,OE23-POS,17680,467.277517,True,118,34,1,1,2,Phospholipid,PE,High,PE headgroup + phosphocholine at 11%,"fragment:184.0738(Phosphocholine_C5H13NO4P,11%); loss:141.0191(Ethanolamine_phosphate,11%)",5.0
A15_17691,Streptophyta,indval_consensus,OE23-POS,17691,481.34989,True,121,7,1,0,1,Phospholipid,PC/SM,High,Phosphocholine at 48% → PC or SM,"fragment:184.0733(Phosphocholine_C5H13NO4P,48%)",5.0
A15_176917,Methanobacteriota,indval_consensus,OE23-POS,176917,537.534936,True,17,17,1,0,1,Sphingolipid,Ceramide,Medium,Sphingoid base fragments,"fragment:282.2751(Sphingoid_d18:1+H2O,73%)",5.0
A15_176953,Streptophyta,indval_consensus,OE23-POS,176953,938.70737,True,247,82,6,0,6,Terpenoid,Terpenoid,Low,6 terpenoid fragments in complex spectrum (82 peaks) → possible terpenoid,"fragment:69.0705(Isoprene_unit,7%); fragment:81.0704(Monoterpene_frag,9%); fragment:95.0860(Methylcyclohexenyl,8%); fragment:109.1015(Sesquiterpene_frag,5%); fragment:133.1010(Diterpene_frag,6%); fragment:147.1161(C11H15+,8%)",5.0
A15_176986,Streptophyta,indval_consensus,OE23-POS,176986,584.561021,True,30,21,5,0,5,Terpenoid,Terpenoid,Medium,5 terpenoid fragments → terpenoid/isoprenoid,"fragment:81.0704(Monoterpene_frag,12%); fragment:95.0860(Methylcyclohexenyl,11%); fragment:109.1016(Sesquiterpene_frag,8%); fragment:121.1016(Sesquiterpene_frag2,6%); fragment:123.1170(Sesquiterpene_frag3,5%)",5.0
A15_176994,Streptophyta,indval_consensus,OE23-POS,176994,898.712622,True,120,31,4,0,4,Terpenoid,Terpenoid,Low,4 terpenoid fragments → possible terpenoid/isoprenoid,"fragment:133.1012(Diterpene_frag,6%); fragment:135.1167(Diterpene_frag2,8%); fragment:147.1168(C11H15+,8%); fragment:161.1322(C12H17+,6%)",5.0
A15_177020,Streptophyta,indval_consensus,OE23-POS,177020,758.625929,True,76,2,1,0,1,Phospholipid,PC/SM,High,Phosphocholine at 97% → PC or SM,"fragment:184.0733(Phosphocholine_C5H13NO4P,97%)",5.0
A15_177123,Chlorophyta,composite,OE23-POS,177123,1020.715477,True,119,33,4,0,4,Terpenoid,Terpenoid,Low,4 terpenoid fragments → possible terpenoid/isoprenoid,"fragment:95.0860(Methylcyclohexenyl,7%); fragment:109.1014(Sesquiterpene_frag,11%); fragment:121.1017(Sesquiterpene_frag2,5%); fragment:147.1169(C11H15+,5%)",5.0
A15_177241,Basidiomycota,indval_consensus,OE23-POS,177241,784.641408,True,69,2,1,0,1,Phospholipid,PC/SM,High,Phosphocholine at 82% → PC or SM,"fragment:184.0733(Phosphocholine_C5H13NO4P,82%)",5.0
A15_177359,Streptophyta,indval_consensus,OE23-POS,177359,745.59212,True,37,10,1,0,1,Phospholipid,PC/SM,High,Phosphocholine at 49% → PC or SM,"fragment:184.0733(Phosphocholine_C5H13NO4P,49%)",5.0
A15_177698,Nematoda,composite,OE23-POS,177698,658.582829,True,223,19,4,0,4,Terpenoid,Terpenoid,Low,4 terpenoid fragments → possible terpenoid/isoprenoid,"fragment:95.0860(Methylcyclohexenyl,6%); fragment:109.1014(Sesquiterpene_frag,5%); fragment:121.1014(Sesquiterpene_frag2,6%); fragment:135.1168(Diterpene_frag2,6%)",5.0
A15_1777,Streptophyta,indval_consensus,OE23-POS,1777,335.219713,True,490,144,18,0,18,Terpenoid,Terpenoid,Medium,18 terpenoid fragments → terpenoid/isoprenoid,"fragment:69.0706(Isoprene_unit,30%); fragment:81.0704(Monoterpene_frag,45%); fragment:93.0703(Toluenium,33%); fragment:95.0860(Methylcyclohexenyl,62%); fragment:105.0702(Xylene_cation,24%); fragment:107.0859(Dimethylcyclohexenyl,38%); fragment:109.1014(Sesquiterpene_frag,34%); fragment:119.0857(C9H11+,28%); fragment:121.1013(Sesquiterpene_frag2,32%); fragment:123.1170(Sesquiterpene_frag3,23%); fragment:133.1013(Diterpene_frag,38%); fragment:135.1169(Diterpene_frag2,38%); fragment:147.1169(C11H15+,25%); fragment:149.1326(Sesterterpene_frag,16%); fragment:161.1327(C12H17+,12%); fragment:175.1480(C13H19+,46%); fragment:189.1640(Hopane_C14,11%); fragment:203.1790(Triterpene_C15,9%)",5.0
A15_177868,Streptophyta,indval_consensus,OE23-POS,177868,271.241591,True,118,55,17,0,17,Terpenoid,Terpenoid,Medium,17 terpenoid fragments → terpenoid/isoprenoid,"fragment:69.0706(Isoprene_unit,67%); fragment:81.0704(Monoterpene_frag,78%); fragment:93.0703(Toluenium,48%); fragment:95.0860(Methylcyclohexenyl,100%); fragment:105.0702(Xylene_cation,32%); fragment:107.0858(Dimethylcyclohexenyl,67%); fragment:109.1015(Sesquiterpene_frag,47%); fragment:119.0857(C9H11+,40%); fragment:121.1013(Sesquiterpene_frag2,63%); fragment:123.1170(Sesquiterpene_frag3,47%); fragment:133.1012(Diterpene_frag,37%); fragment:135.1169(Diterpene_frag2,85%); fragment:147.1168(C11H15+,67%); fragment:149.1324(Sesterterpene_frag,65%); fragment:161.1325(C12H17+,18%); fragment:175.1481(C13H19+,18%); fragment:189.1641(Hopane_C14,8%)",5.0
A15_17789,Streptophyta,indval_consensus,OE23-POS,17789,569.420797,True,241,136,16,0,16,Terpenoid,Terpenoid,Medium,16 terpenoid fragments → terpenoid/isoprenoid,"fragment:69.0705(Isoprene_unit,14%); fragment:81.0705(Monoterpene_frag,44%); fragment:93.0704(Toluenium,31%); fragment:95.0861(Methylcyclohexenyl,37%); fragment:105.0701(Xylene_cation,17%); fragment:107.0858(Dimethylcyclohexenyl,41%); fragment:109.1015(Sesquiterpene_frag,26%); fragment:119.0858(C9H11+,23%); fragment:121.1014(Sesquiterpene_frag2,38%); fragment:123.1171(Sesquiterpene_frag3,9%); fragment:133.1013(Diterpene_frag,28%); fragment:135.1171(Diterpene_frag2,20%); fragment:147.1169(C11H15+,24%); fragment:149.1325(Sesterterpene_frag,10%); fragment:161.1326(C12H17+,14%); fragment:175.1485(C13H19+,8%)",5.0
A15_177913,Streptophyta,indval_consensus,OE23-POS,177913,901.546266,True,40,13,7,0,7,Terpenoid,Terpenoid,Medium,7 terpenoid fragments → terpenoid/isoprenoid,"fragment:81.0704(Monoterpene_frag,7%); fragment:95.0859(Methylcyclohexenyl,9%); fragment:109.1015(Sesquiterpene_frag,11%); fragment:121.1014(Sesquiterpene_frag2,6%); fragment:123.1174(Sesquiterpene_frag3,7%); fragment:147.1167(C11H15+,6%); fragment:149.1324(Sesterterpene_frag,6%)",5.0
A15_178178,Methanobacteriota,indval_consensus,OE23-POS,178178,537.534934,True,54,54,1,0,1,Sphingolipid,Ceramide,Medium,Sphingoid base fragments,"fragment:282.2786(Sphingoid_d18:1+H2O,53%)",5.0
A15_178362,Streptophyta,indval_consensus,OE23-POS,178362,746.627369,True,50,11,1,0,1,Phospholipid,PC/SM,High,Phosphocholine at 100% → PC or SM,"fragment:184.0733(Phosphocholine_C5H13NO4P,100%)",5.0
A15_178423,Streptophyta,indval_consensus,OE23-POS,178423,295.226447,True,109,58,16,0,16,Terpenoid,Terpenoid,Medium,16 terpenoid fragments → terpenoid/isoprenoid,"fragment:69.0705(Isoprene_unit,94%); fragment:81.0704(Monoterpene_frag,100%); fragment:93.0703(Toluenium,65%); fragment:95.0860(Methylcyclohexenyl,51%); fragment:105.0703(Xylene_cation,28%); fragment:107.0858(Dimethylcyclohexenyl,48%); fragment:109.1014(Sesquiterpene_frag,39%); fragment:119.0858(C9H11+,23%); fragment:121.1012(Sesquiterpene_frag2,27%); fragment:123.1168(Sesquiterpene_frag3,16%); fragment:133.1012(Diterpene_frag,26%); fragment:135.1169(Diterpene_frag2,18%); fragment:147.1166(C11H15+,18%); fragment:149.1324(Sesterterpene_frag,14%); fragment:161.1322(C12H17+,15%); fragment:175.1482(C13H19+,5%)",5.0
A15_178429,Streptophyta,indval_consensus,OE23-POS,178429,425.37769,True,71,45,1,0,1,Pentacyclic_Triterpenoid,Hopanoid,Low,Hopanoid diagnostic fragments,"fragment:191.1800(Hopane_skeleton,9%)",5.0
A15_178497,Nematoda,composite,OE23-POS,178497,599.561475,True,35,34,1,0,1,Sphingolipid,Ceramide,Medium,Sphingoid base fragments,"fragment:282.2808(Sphingoid_d18:1+H2O,10%)",5.0
A15_178618,Streptophyta,indval_consensus,OE23-POS,178618,510.487772,True,116,21,5,0,5,Terpenoid,Terpenoid,Medium,5 terpenoid fragments → terpenoid/isoprenoid,"fragment:69.0705(Isoprene_unit,7%); fragment:81.0704(Monoterpene_frag,15%); fragment:95.0861(Methylcyclohexenyl,13%); fragment:109.1017(Sesquiterpene_frag,7%); fragment:123.1171(Sesquiterpene_frag3,7%)",5.0
A15_17864,Streptophyta,indval_consensus,OE23-POS,17864,409.273076,True,316,42,11,0,11,Terpenoid,Terpenoid,Medium,11 terpenoid fragments → terpenoid/isoprenoid,"fragment:69.0706(Isoprene_unit,10%); fragment:81.0705(Monoterpene_frag,18%); fragment:93.0704(Toluenium,21%); fragment:95.0860(Methylcyclohexenyl,19%); fragment:105.0702(Xylene_cation,23%); fragment:107.0859(Dimethylcyclohexenyl,14%); fragment:109.1015(Sesquiterpene_frag,100%); fragment:119.0857(C9H11+,17%); fragment:121.1014(Sesquiterpene_frag2,14%); fragment:133.1014(Diterpene_frag,7%); fragment:147.1169(C11H15+,15%)",5.0
A15_178656,Streptophyta,indval_consensus,OE23-POS,178656,745.592117,True,80,11,1,0,1,Phospholipid,PC/SM,High,Phosphocholine at 100% → PC or SM,"fragment:184.0733(Phosphocholine_C5H13NO4P,100%)",5.0
A15_178702,Methanobacteriota,indval_consensus,OE23-POS,178702,821.603071,True,45,13,1,0,1,Phospholipid,PC/SM,High,Phosphocholine at 91% → PC or SM,"fragment:184.0734(Phosphocholine_C5H13NO4P,91%)",5.0
A15_179022,Streptophyta,indval_consensus,OE23-POS,179022,996.712434,True,67,28,3,0,3,Terpenoid,Terpenoid,Low,3 terpenoid fragments → possible terpenoid/isoprenoid,"fragment:123.1169(Sesquiterpene_frag3,5%); fragment:135.1175(Diterpene_frag2,7%); fragment:149.1331(Sesterterpene_frag,7%)",5.0
A15_179029,Streptophyta,indval_consensus,OE23-POS,179029,935.551008,True,44,20,1,0,1,Archaeal_Lipid,GDGT/Archaeol,Medium,1 archaeal lipid diagnostic fragments,"fragment:595.5296(Archaeol_core,45%)",5.0
A15_17905,Chlorophyta,composite,OE23-POS,17905,648.432687,True,80,43,10,0,10,Terpenoid,Terpenoid,Medium,10 terpenoid fragments → terpenoid/isoprenoid,"fragment:93.0704(Toluenium,9%); fragment:95.0858(Methylcyclohexenyl,14%); fragment:105.0703(Xylene_cation,6%); fragment:107.0859(Dimethylcyclohexenyl,8%); fragment:109.1017(Sesquiterpene_frag,11%); fragment:119.0861(C9H11+,10%); fragment:121.1013(Sesquiterpene_frag2,16%); fragment:123.1171(Sesquiterpene_frag3,5%); fragment:133.1014(Diterpene_frag,10%); fragment:147.1173(C11H15+,6%)",5.0
A15_179122,Streptophyta,indval_consensus,OE23-POS,179122,788.639044,True,15,5,1,0,1,Phospholipid,PC/SM,High,Phosphocholine at 100% → PC or SM,"fragment:184.0733(Phosphocholine_C5H13NO4P,100%)",5.0
A15_179202,Streptophyta,indval_consensus,OE23-POS,179202,758.625605,True,24,2,1,0,1,Phospholipid,PC/SM,High,Phosphocholine at 100% → PC or SM,"fragment:184.0732(Phosphocholine_C5H13NO4P,100%)",5.0
A15_17924,Streptophyta,indval_consensus,OE23-POS,17924,639.430818,True,123,83,1,0,1,Phospholipid,PC/SM,High,Phosphocholine at 57% → PC or SM,"fragment:184.0733(Phosphocholine_C5H13NO4P,57%)",5.0
A15_179493,Streptophyta,indval_consensus,OE23-POS,179493,611.501876,True,50,50,10,0,10,Terpenoid,Terpenoid,Medium,10 terpenoid fragments → terpenoid/isoprenoid,"fragment:69.0704(Isoprene_unit,30%); fragment:81.0704(Monoterpene_frag,42%); fragment:93.0701(Toluenium,16%); fragment:95.0861(Methylcyclohexenyl,41%); fragment:109.1017(Sesquiterpene_frag,35%); fragment:121.1010(Sesquiterpene_frag2,25%); fragment:123.1173(Sesquiterpene_frag3,20%); fragment:135.1170(Diterpene_frag2,23%); fragment:147.1170(C11H15+,27%); fragment:149.1322(Sesterterpene_frag,21%)",5.0
A15_179654,Streptophyta,indval_consensus,OE23-POS,179654,553.499138,True,164,21,11,0,11,Terpenoid,Terpenoid,Medium,11 terpenoid fragments → terpenoid/isoprenoid,"fragment:81.0704(Monoterpene_frag,10%); fragment:93.0703(Toluenium,6%); fragment:95.0860(Methylcyclohexenyl,16%); fragment:107.0859(Dimethylcyclohexenyl,6%); fragment:109.1014(Sesquiterpene_frag,9%); fragment:119.0858(C9H11+,7%); fragment:121.1014(Sesquiterpene_frag2,14%); fragment:123.1170(Sesquiterpene_frag3,6%); fragment:133.1012(Diterpene_frag,7%); fragment:135.1168(Diterpene_frag2,6%); fragment:147.1169(C11H15+,7%)",5.0
A15_179722,Streptophyta,indval_consensus,OE23-POS,179722,749.593322,True,33,13,1,0,1,Phospholipid,PC/SM,Medium,Phosphocholine at 6% → PC or SM,"fragment:184.0731(Phosphocholine_C5H13NO4P,6%)",5.0
A15_179860,Streptophyta,indval_consensus,OE23-POS,179860,763.596588,True,38,8,1,0,1,Phospholipid,PC/SM,High,Phosphocholine at 100% → PC or SM,"fragment:184.0732(Phosphocholine_C5H13NO4P,100%)",5.0
A15_179880,Streptophyta,indval_consensus,OE23-POS,179880,313.27311,True,78,14,4,0,4,Terpenoid,Terpenoid,Low,4 terpenoid fragments → possible terpenoid/isoprenoid,"fragment:69.0706(Isoprene_unit,16%); fragment:81.0705(Monoterpene_frag,17%); fragment:95.0861(Methylcyclohexenyl,23%); fragment:109.1015(Sesquiterpene_frag,11%)",5.0
A15_17990,Streptophyta,indval_consensus,OE23-POS,17990,523.381241,True,55,10,2,0,2,Phospholipid,PC/SM,Medium,Phosphocholine at 13% → PC or SM,"fragment:184.0734(Phosphocholine_C5H13NO4P,13%); fragment:236.1490(DGTS_headgroup,68%)",5.0
A15_180055,Streptophyta,indval_consensus,OE23-POS,180055,293.210764,True,92,62,14,0,14,Terpenoid,Terpenoid,Medium,14 terpenoid fragments → terpenoid/isoprenoid,"fragment:69.0706(Isoprene_unit,70%); fragment:81.0705(Monoterpene_frag,100%); fragment:93.0704(Toluenium,66%); fragment:95.0859(Methylcyclohexenyl,75%); fragment:105.0703(Xylene_cation,43%); fragment:107.0859(Dimethylcyclohexenyl,43%); fragment:109.1015(Sesquiterpene_frag,21%); fragment:119.0857(C9H11+,41%); fragment:121.1014(Sesquiterpene_frag2,31%); fragment:123.1176(Sesquiterpene_frag3,10%); fragment:133.1012(Diterpene_frag,31%); fragment:135.1173(Diterpene_frag2,14%); fragment:147.1167(C11H15+,17%); fragment:161.1325(C12H17+,6%)",5.0
A15_180057,Streptophyta,indval_consensus,OE23-POS,180057,571.510524,True,82,69,15,0,15,Terpenoid,Terpenoid,Medium,15 terpenoid fragments → terpenoid/isoprenoid,"fragment:69.0705(Isoprene_unit,62%); fragment:81.0705(Monoterpene_frag,58%); fragment:93.0704(Toluenium,18%); fragment:95.0861(Methylcyclohexenyl,66%); fragment:105.0702(Xylene_cation,6%); fragment:107.0859(Dimethylcyclohexenyl,15%); fragment:109.1017(Sesquiterpene_frag,36%); fragment:119.0854(C9H11+,17%); fragment:121.1014(Sesquiterpene_frag2,37%); fragment:123.1170(Sesquiterpene_frag3,22%); fragment:133.1011(Diterpene_frag,20%); fragment:135.1171(Diterpene_frag2,19%); fragment:147.1167(C11H15+,9%); fragment:149.1326(Sesterterpene_frag,12%); fragment:161.1324(C12H17+,17%)",5.0
A15_180103,Streptophyta,indval_consensus,OE23-POS,180103,745.591948,True,36,12,1,0,1,Phospholipid,PC/SM,High,Phosphocholine at 40% → PC or SM,"fragment:184.0733(Phosphocholine_C5H13NO4P,40%)",5.0
A15_180229,Streptophyta,indval_consensus,OE23-POS,180229,628.530858,True,30,21,1,0,1,Sterol,Sterol,Medium,Sterol dehydration fragments,"fragment:397.3830(Sitosterol_-H2O,100%)",5.0
A15_180401,Streptophyta,indval_consensus,OE23-POS,180401,758.625538,True,41,11,1,0,1,Phospholipid,PC/SM,High,Phosphocholine at 100% → PC or SM,"fragment:184.0733(Phosphocholine_C5H13NO4P,100%)",5.0
A15_180546,Streptophyta,indval_consensus,OE23-POS,180546,796.675691,True,98,15,5,0,5,Terpenoid,Terpenoid,Medium,5 terpenoid fragments → terpenoid/isoprenoid,"fragment:81.0704(Monoterpene_frag,8%); fragment:95.0860(Methylcyclohexenyl,7%); fragment:109.1015(Sesquiterpene_frag,10%); fragment:121.1014(Sesquiterpene_frag2,6%); fragment:135.1171(Diterpene_frag2,7%)",5.0
A15_180571,Streptophyta,indval_consensus,OE23-POS,180571,789.642478,True,25,5,1,0,1,Phospholipid,PC/SM,High,Phosphocholine at 100% → PC or SM,"fragment:184.0733(Phosphocholine_C5H13NO4P,100%)",5.0
A15_1807,Arthropoda,composite,OE23-POS,1807,501.327988,True,107,19,1,0,1,Phospholipid,PC/SM,Medium,Phosphocholine at 10% → PC or SM,"fragment:184.0739(Phosphocholine_C5H13NO4P,10%)",5.0
A15_180761,Streptophyta,indval_consensus,OE23-POS,180761,610.576063,True,57,57,12,0,12,Terpenoid,Terpenoid,Medium,12 terpenoid fragments → terpenoid/isoprenoid,"fragment:69.0707(Isoprene_unit,65%); fragment:81.0705(Monoterpene_frag,63%); fragment:93.0703(Toluenium,38%); fragment:95.0861(Methylcyclohexenyl,65%); fragment:105.0701(Xylene_cation,25%); fragment:107.0856(Dimethylcyclohexenyl,25%); fragment:109.1015(Sesquiterpene_frag,39%); fragment:121.1010(Sesquiterpene_frag2,64%); fragment:123.1170(Sesquiterpene_frag3,22%); fragment:133.1011(Diterpene_frag,25%); fragment:135.1172(Diterpene_frag2,25%); fragment:149.1330(Sesterterpene_frag,22%)",5.0
A15_180845,Streptophyta,indval_consensus,OE23-POS,180845,788.640097,True,96,17,1,0,1,Phospholipid,PC/SM,Medium,Phosphocholine at 5% → PC or SM,"fragment:184.0737(Phosphocholine_C5H13NO4P,5%)",5.0
A15_180900,Streptophyta,indval_consensus,OE23-POS,180900,721.644953,True,19,7,1,0,1,Phospholipid,PC/SM,High,Phosphocholine at 100% → PC or SM,"fragment:184.0733(Phosphocholine_C5H13NO4P,100%)",5.0
A15_181538,Methanobacteriota,indval_consensus,OE23-POS,181538,825.618177,True,16,8,1,0,1,Phospholipid,PC/SM,High,Phosphocholine at 96% → PC or SM,"fragment:184.0733(Phosphocholine_C5H13NO4P,96%)",5.0
A15_181655,Streptophyta,indval_consensus,OE23-POS,181655,647.572673,True,40,28,3,0,3,Terpenoid,Terpenoid,Low,3 terpenoid fragments → possible terpenoid/isoprenoid,"fragment:81.0706(Monoterpene_frag,11%); fragment:109.1012(Sesquiterpene_frag,6%); fragment:121.1014(Sesquiterpene_frag2,6%)",5.0
A15_181740,Streptophyta,indval_consensus,OE23-POS,181740,595.506946,True,32,22,1,0,1,Archaeal_Lipid,GDGT/Archaeol,Medium,1 archaeal lipid diagnostic fragments,"fragment:595.5084(Archaeol_core,93%)",5.0
A15_18204,Streptophyta,indval_consensus,OE23-POS,18204,828.506615,True,52,52,4,0,4,Terpenoid,Terpenoid,Low,4 terpenoid fragments → possible terpenoid/isoprenoid,"fragment:81.0703(Monoterpene_frag,28%); fragment:95.0862(Methylcyclohexenyl,18%); fragment:107.0851(Dimethylcyclohexenyl,34%); fragment:121.1020(Sesquiterpene_frag2,32%)",5.0
A15_182155,Streptophyta,indval_consensus,OE23-POS,182155,581.527292,True,24,9,1,0,1,Sphingolipid,Ceramide,Medium,Sphingoid base fragments,"fragment:264.2680(Sphingoid_d18:1,18%)",5.0
A15_182189,Streptophyta,indval_consensus,OE23-POS,182189,763.628243,True,37,9,1,0,1,Phospholipid,PC/SM,High,Phosphocholine at 100% → PC or SM,"fragment:184.0735(Phosphocholine_C5H13NO4P,100%)",5.0
A15_182236,Streptophyta,indval_consensus,OE23-POS,182236,697.554477,True,16,16,0,1,1,Phospholipid,PE,Medium,PE-specific ions without phosphocholine,"loss:141.0191(Ethanolamine_phosphate,100%)",5.0
A15_182301,Streptophyta,indval_consensus,OE23-POS,182301,974.725807,True,48,30,3,0,3,Terpenoid,Terpenoid,Low,3 terpenoid fragments → possible terpenoid/isoprenoid,"fragment:109.1015(Sesquiterpene_frag,8%); fragment:121.1013(Sesquiterpene_frag2,6%); fragment:135.1177(Diterpene_frag2,5%)",5.0
A15_18231,Streptophyta,indval_consensus,OE23-POS,18231,392.314853,True,52,20,7,0,7,Terpenoid,Terpenoid,Medium,7 terpenoid fragments → terpenoid/isoprenoid,"fragment:69.0706(Isoprene_unit,24%); fragment:81.0704(Monoterpene_frag,17%); fragment:93.0704(Toluenium,5%); fragment:95.0860(Methylcyclohexenyl,13%); fragment:109.1017(Sesquiterpene_frag,6%); fragment:121.1014(Sesquiterpene_frag2,13%); fragment:135.1169(Diterpene_frag2,9%)",5.0
A15_182990,Streptophyta,indval_consensus,OE23-POS,182990,574.556119,True,73,21,3,0,3,Terpenoid,Terpenoid,Low,3 terpenoid fragments → possible terpenoid/isoprenoid,"fragment:81.0704(Monoterpene_frag,13%); fragment:95.0858(Methylcyclohexenyl,16%); fragment:109.1013(Sesquiterpene_frag,6%)",5.0
A15_18310,Streptophyta,indval_consensus,OE23-POS,18310,311.257363,True,237,24,7,0,7,Terpenoid,Terpenoid,Medium,7 terpenoid fragments → terpenoid/isoprenoid,"fragment:69.0706(Isoprene_unit,45%); fragment:81.0704(Monoterpene_frag,44%); fragment:93.0703(Toluenium,8%); fragment:95.0859(Methylcyclohexenyl,37%); fragment:107.0857(Dimethylcyclohexenyl,7%); fragment:109.1015(Sesquiterpene_frag,18%); fragment:121.1014(Sesquiterpene_frag2,6%)",5.0
A15_183265,Streptophyta,indval_consensus,OE23-POS,183265,865.526238,True,160,23,1,0,1,Phospholipid,PC/SM,Medium,Phosphocholine at 8% → PC or SM,"fragment:184.0731(Phosphocholine_C5H13NO4P,8%)",5.0
A15_18330,Streptophyta,indval_consensus,OE23-POS,18330,1018.593428,True,256,39,11,0,11,Terpenoid,Terpenoid,Medium,11 terpenoid fragments → terpenoid/isoprenoid,"fragment:81.0707(Monoterpene_frag,10%); fragment:93.0707(Toluenium,9%); fragment:95.0862(Methylcyclohexenyl,8%); fragment:107.0860(Dimethylcyclohexenyl,6%); fragment:109.1018(Sesquiterpene_frag,6%); fragment:119.0860(C9H11+,7%); fragment:121.1016(Sesquiterpene_frag2,17%); fragment:133.1018(Diterpene_frag,5%); fragment:135.1173(Diterpene_frag2,6%); fragment:147.1171(C11H15+,6%); fragment:161.1327(C12H17+,5%)",5.0
A15_183602,Streptophyta,indval_consensus,OE23-POS,183602,917.578273,True,51,14,1,0,1,Phospholipid,PG,Medium,Glycerophosphoglycerol diagnostic ions,"fragment:170.9936(Glycerophosphoglycerol,6%)",5.0
A15_184133,Streptophyta,indval_consensus,OE23-POS,184133,944.75302,True,92,64,1,0,1,Phospholipid,PC/SM,Medium,Phosphocholine at 8% → PC or SM,"fragment:184.0731(Phosphocholine_C5H13NO4P,8%)",5.0
A15_184195,Streptophyta,indval_consensus,OE23-POS,184195,912.694961,True,39,16,1,0,1,Quinone,Ubiquinone,Medium,Ubiquinone headgroup fragment,"fragment:197.0809(Ubiquinone_headgroup,21%)",5.0
A15_184270,Streptophyta,indval_consensus,OE23-POS,184270,595.472301,True,60,30,1,0,1,Quinone,Ubiquinone,Medium,Ubiquinone headgroup fragment,"fragment:197.0809(Ubiquinone_headgroup,100%)",5.0
A15_184622,Streptophyta,indval_consensus,OE23-POS,184622,275.200268,True,74,52,14,0,14,Terpenoid,Terpenoid,Medium,14 terpenoid fragments → terpenoid/isoprenoid,"fragment:69.0706(Isoprene_unit,40%); fragment:81.0705(Monoterpene_frag,83%); fragment:93.0703(Toluenium,70%); fragment:95.0859(Methylcyclohexenyl,36%); fragment:105.0702(Xylene_cation,100%); fragment:107.0859(Dimethylcyclohexenyl,52%); fragment:109.1016(Sesquiterpene_frag,27%); fragment:119.0857(C9H11+,68%); fragment:121.1013(Sesquiterpene_frag2,25%); fragment:133.1013(Diterpene_frag,58%); fragment:135.1173(Diterpene_frag2,15%); fragment:147.1166(C11H15+,32%); fragment:149.1331(Sesterterpene_frag,10%); fragment:161.1335(C12H17+,6%)",5.0
A15_184859,Streptophyta,indval_consensus,OE23-POS,184859,721.645071,True,26,8,1,0,1,Phospholipid,PC/SM,High,Phosphocholine at 100% → PC or SM,"fragment:184.0733(Phosphocholine_C5H13NO4P,100%)",5.0
A15_184931,Streptophyta,indval_consensus,OE23-POS,184931,293.21079,True,127,45,14,0,14,Terpenoid,Terpenoid,Medium,14 terpenoid fragments → terpenoid/isoprenoid,"fragment:69.0707(Isoprene_unit,25%); fragment:81.0705(Monoterpene_frag,78%); fragment:93.0704(Toluenium,54%); fragment:95.0860(Methylcyclohexenyl,38%); fragment:105.0704(Xylene_cation,38%); fragment:107.0859(Dimethylcyclohexenyl,48%); fragment:109.1017(Sesquiterpene_frag,18%); fragment:119.0858(C9H11+,41%); fragment:121.1013(Sesquiterpene_frag2,22%); fragment:133.1014(Diterpene_frag,29%); fragment:135.1173(Diterpene_frag2,12%); fragment:147.1174(C11H15+,15%); fragment:149.1330(Sesterterpene_frag,5%); fragment:161.1328(C12H17+,5%)",5.0
A15_18506,Streptophyta,indval_consensus,OE23-POS,18506,307.226323,True,106,74,16,0,16,Terpenoid,Terpenoid,Medium,16 terpenoid fragments → terpenoid/isoprenoid,"fragment:69.0705(Isoprene_unit,63%); fragment:81.0705(Monoterpene_frag,100%); fragment:93.0703(Toluenium,33%); fragment:95.0860(Methylcyclohexenyl,65%); fragment:105.0703(Xylene_cation,16%); fragment:107.0859(Dimethylcyclohexenyl,33%); fragment:109.1016(Sesquiterpene_frag,34%); fragment:119.0860(C9H11+,19%); fragment:121.1016(Sesquiterpene_frag2,21%); fragment:123.1168(Sesquiterpene_frag3,12%); fragment:133.1014(Diterpene_frag,19%); fragment:135.1170(Diterpene_frag2,11%); fragment:147.1168(C11H15+,13%); fragment:149.1328(Sesterterpene_frag,7%); fragment:161.1322(C12H17+,6%); fragment:175.1482(C13H19+,6%)",5.0
A15_185234,Streptophyta,indval_consensus,OE23-POS,185234,628.530762,True,52,11,3,0,3,Terpenoid,Terpenoid,Low,3 terpenoid fragments → possible terpenoid/isoprenoid,"fragment:81.0705(Monoterpene_frag,7%); fragment:95.0860(Methylcyclohexenyl,6%); fragment:109.1014(Sesquiterpene_frag,6%)",5.0
A15_185308,Streptophyta,indval_consensus,OE23-POS,185308,598.576411,True,38,38,9,0,9,Terpenoid,Terpenoid,Medium,9 terpenoid fragments → terpenoid/isoprenoid,"fragment:69.0705(Isoprene_unit,15%); fragment:81.0705(Monoterpene_frag,22%); fragment:95.0860(Methylcyclohexenyl,21%); fragment:107.0858(Dimethylcyclohexenyl,14%); fragment:109.1017(Sesquiterpene_frag,21%); fragment:119.0859(C9H11+,8%); fragment:121.1010(Sesquiterpene_frag2,15%); fragment:123.1171(Sesquiterpene_frag3,13%); fragment:147.1168(C11H15+,11%)",5.0
A15_185341,Streptophyta,indval_consensus,OE23-POS,185341,612.503983,True,56,33,2,0,2,Sterol,Sterol,Medium,Sterol dehydration fragments,"fragment:369.3513(Cholesterol_-H2O,100%); fragment:369.3513(Hopanol,100%)",5.0
A15_185510,Streptophyta,indval_consensus,OE23-POS,185510,571.50905,True,88,38,11,0,11,Terpenoid,Terpenoid,Medium,11 terpenoid fragments → terpenoid/isoprenoid,"fragment:69.0706(Isoprene_unit,12%); fragment:81.0704(Monoterpene_frag,21%); fragment:93.0704(Toluenium,8%); fragment:95.0860(Methylcyclohexenyl,17%); fragment:107.0859(Dimethylcyclohexenyl,17%); fragment:109.1016(Sesquiterpene_frag,14%); fragment:119.0858(C9H11+,9%); fragment:121.1013(Sesquiterpene_frag2,14%); fragment:133.1012(Diterpene_frag,8%); fragment:135.1171(Diterpene_frag2,6%); fragment:147.1169(C11H15+,6%)",5.0
A15_185705,Streptophyta,indval_consensus,OE23-POS,185705,903.562118,True,24,23,1,0,1,Glycolipid,Glycolipid,Low,Hexose fragment/neutral loss,"fragment:243.1020(Hexose_fragment,7%)",5.0
A15_185949,Streptophyta,indval_consensus,OE23-POS,185949,921.757914,True,134,47,4,0,4,Terpenoid,Terpenoid,Low,4 terpenoid fragments → possible terpenoid/isoprenoid,"fragment:133.1016(Diterpene_frag,8%); fragment:135.1163(Diterpene_frag2,9%); fragment:147.1162(C11H15+,7%); fragment:149.1324(Sesterterpene_frag,6%)",5.0
A15_18604,Streptophyta,indval_consensus,OE23-POS,18604,349.251919,True,150,49,15,0,15,Terpenoid,Terpenoid,Medium,15 terpenoid fragments → terpenoid/isoprenoid,"fragment:69.0705(Isoprene_unit,24%); fragment:81.0704(Monoterpene_frag,29%); fragment:93.0703(Toluenium,29%); fragment:95.0859(Methylcyclohexenyl,37%); fragment:105.0702(Xylene_cation,21%); fragment:107.0858(Dimethylcyclohexenyl,26%); fragment:109.1015(Sesquiterpene_frag,29%); fragment:119.0857(C9H11+,33%); fragment:121.1013(Sesquiterpene_frag2,40%); fragment:123.1171(Sesquiterpene_frag3,8%); fragment:133.1012(Diterpene_frag,25%); fragment:135.1170(Diterpene_frag2,14%); fragment:147.1169(C11H15+,8%); fragment:161.1329(C12H17+,5%); fragment:175.1484(C13H19+,6%)",5.0
A15_186362,Streptophyta,indval_consensus,OE23-POS,186362,635.57161,True,25,25,3,0,3,Terpenoid,Terpenoid,Low,3 terpenoid fragments → possible terpenoid/isoprenoid,"fragment:69.0706(Isoprene_unit,17%); fragment:81.0705(Monoterpene_frag,29%); fragment:135.1202(Diterpene_frag2,14%)",5.0
A15_186407,Streptophyta,indval_consensus,OE23-POS,186407,669.555973,True,24,5,1,0,1,Archaeal_Lipid,GDGT/Archaeol,Medium,1 archaeal lipid diagnostic fragments,"fragment:669.5535(GDGT_variant,100%)",5.0
A15_186606,Streptophyta,indval_consensus,OE23-POS,186606,616.566566,True,89,89,3,0,3,Sterol,Sterol,Medium,Sterol dehydration fragments,"fragment:369.3506(Cholesterol_-H2O,19%); fragment:191.1803(Hopane_skeleton,17%); fragment:369.3506(Hopanol,19%)",5.0
A15_18730,Nematoda,composite,OE23-POS,18730,406.238217,True,29,14,1,0,1,Phospholipid,PG,Medium,Glycerophosphoglycerol diagnostic ions,"fragment:152.9827(Glycerophosphoglycerol-H2O,10%)",5.0
A15_187617,Streptophyta,indval_consensus,OE23-POS,187617,271.241645,True,92,44,17,0,17,Terpenoid,Terpenoid,Medium,17 terpenoid fragments → terpenoid/isoprenoid,"fragment:69.0706(Isoprene_unit,93%); fragment:81.0705(Monoterpene_frag,100%); fragment:93.0705(Toluenium,39%); fragment:95.0860(Methylcyclohexenyl,99%); fragment:105.0702(Xylene_cation,38%); fragment:107.0859(Dimethylcyclohexenyl,60%); fragment:109.1016(Sesquiterpene_frag,77%); fragment:119.0857(C9H11+,43%); fragment:121.1014(Sesquiterpene_frag2,47%); fragment:123.1170(Sesquiterpene_frag3,43%); fragment:133.1012(Diterpene_frag,32%); fragment:135.1171(Diterpene_frag2,31%); fragment:147.1168(C11H15+,62%); fragment:149.1325(Sesterterpene_frag,28%); fragment:161.1325(C12H17+,43%); fragment:175.1484(C13H19+,38%); fragment:189.1639(Hopane_C14,24%)",5.0
A15_18762,Arthropoda,composite,OE23-POS,18762,524.315508,True,80,6,1,0,1,Phospholipid,PC/SM,Medium,Phosphocholine at 8% → PC or SM,"fragment:184.0733(Phosphocholine_C5H13NO4P,8%)",5.0
A15_187837,Streptophyta,indval_consensus,OE23-POS,187837,411.361902,True,75,63,18,0,18,Terpenoid,Terpenoid,Medium,18 terpenoid fragments → terpenoid/isoprenoid,"fragment:69.0706(Isoprene_unit,58%); fragment:81.0705(Monoterpene_frag,100%); fragment:93.0703(Toluenium,28%); fragment:95.0860(Methylcyclohexenyl,65%); fragment:105.0702(Xylene_cation,25%); fragment:107.0857(Dimethylcyclohexenyl,22%); fragment:109.1016(Sesquiterpene_frag,26%); fragment:119.0859(C9H11+,20%); fragment:121.1014(Sesquiterpene_frag2,25%); fragment:123.1170(Sesquiterpene_frag3,21%); fragment:133.1012(Diterpene_frag,14%); fragment:135.1166(Diterpene_frag2,23%); fragment:147.1165(C11H15+,18%); fragment:149.1328(Sesterterpene_frag,18%); fragment:161.1326(C12H17+,13%); fragment:175.1488(C13H19+,9%); fragment:189.1642(Hopane_C14,9%); fragment:203.1796(Triterpene_C15,7%)",5.0
A15_188089,Streptophyta,indval_consensus,OE23-POS,188089,748.610333,True,63,19,1,0,1,Phospholipid,PC/SM,Medium,Phosphocholine at 7% → PC or SM,"fragment:184.0731(Phosphocholine_C5H13NO4P,7%)",5.0
A15_18837,Streptophyta,indval_consensus,OE23-POS,18837,672.415259,True,40,40,1,0,1,Phospholipid,PC/SM,High,Phosphocholine at 49% → PC or SM,"fragment:184.0744(Phosphocholine_C5H13NO4P,49%)",5.0
A15_18845,Streptophyta,indval_consensus,OE23-POS,18845,455.314544,True,114,20,9,0,9,Terpenoid,Terpenoid,Medium,9 terpenoid fragments → terpenoid/isoprenoid,"fragment:81.0705(Monoterpene_frag,7%); fragment:93.0703(Toluenium,10%); fragment:95.0860(Methylcyclohexenyl,7%); fragment:107.0861(Dimethylcyclohexenyl,14%); fragment:109.1016(Sesquiterpene_frag,5%); fragment:121.1013(Sesquiterpene_frag2,7%); fragment:133.1013(Diterpene_frag,9%); fragment:135.1169(Diterpene_frag2,22%); fragment:149.1327(Sesterterpene_frag,6%)",5.0
A15_188546,Streptophyta,indval_consensus,OE23-POS,188546,906.717352,True,157,81,14,0,14,Terpenoid,Terpenoid,Medium,14 terpenoid fragments → terpenoid/isoprenoid,"fragment:81.0705(Monoterpene_frag,12%); fragment:93.0703(Toluenium,5%); fragment:95.0859(Methylcyclohexenyl,14%); fragment:107.0858(Dimethylcyclohexenyl,6%); fragment:109.1014(Sesquiterpene_frag,18%); fragment:119.0859(C9H11+,6%); fragment:121.1015(Sesquiterpene_frag2,16%); fragment:123.1171(Sesquiterpene_frag3,8%); fragment:133.1012(Diterpene_frag,6%); fragment:135.1170(Diterpene_frag2,11%); fragment:147.1168(C11H15+,8%); fragment:149.1325(Sesterterpene_frag,11%); fragment:161.1329(C12H17+,7%); fragment:175.1488(C13H19+,6%)",5.0
A15_188585,Arthropoda,composite,OE23-POS,188585,685.563515,True,106,6,1,0,1,Phospholipid,PC/SM,High,Phosphocholine at 100% → PC or SM,"fragment:184.0732(Phosphocholine_C5H13NO4P,100%)",5.0
A15_188736,Streptophyta,indval_consensus,OE23-POS,188736,687.605393,True,78,43,1,0,1,Phospholipid,PC/SM,Medium,Phosphocholine at 18% → PC or SM,"fragment:184.0741(Phosphocholine_C5H13NO4P,18%)",5.0
A15_189540,Streptophyta,indval_consensus,OE23-POS,189540,393.350585,True,35,22,4,0,4,Terpenoid,Terpenoid,Low,4 terpenoid fragments → possible terpenoid/isoprenoid,"fragment:69.0707(Isoprene_unit,6%); fragment:95.0860(Methylcyclohexenyl,5%); fragment:107.0707(Dimethylcyclohexenyl,6%); fragment:133.0860(Diterpene_frag,10%)",5.0
A15_18961,Streptophyta,indval_consensus,OE23-POS,18961,261.220865,True,129,52,18,0,18,Terpenoid,Terpenoid,Medium,18 terpenoid fragments → terpenoid/isoprenoid,"fragment:69.0705(Isoprene_unit,37%); fragment:81.0704(Monoterpene_frag,100%); fragment:93.0703(Toluenium,38%); fragment:95.0859(Methylcyclohexenyl,95%); fragment:105.0702(Xylene_cation,24%); fragment:107.0858(Dimethylcyclohexenyl,48%); fragment:109.1014(Sesquiterpene_frag,37%); fragment:119.0856(C9H11+,28%); fragment:121.1013(Sesquiterpene_frag2,34%); fragment:123.1169(Sesquiterpene_frag3,25%); fragment:133.1011(Diterpene_frag,23%); fragment:135.1168(Diterpene_frag2,28%); fragment:147.1168(C11H15+,18%); fragment:149.1324(Sesterterpene_frag,13%); fragment:161.1320(C12H17+,15%); fragment:175.1481(C13H19+,7%); fragment:189.1642(Hopane_C14,5%); fragment:203.1790(Triterpene_C15,12%)",5.0
A15_189698,Streptophyta,indval_consensus,OE23-POS,189698,571.47213,True,63,38,12,0,12,Terpenoid,Terpenoid,Medium,12 terpenoid fragments → terpenoid/isoprenoid,"fragment:69.0706(Isoprene_unit,35%); fragment:81.0704(Monoterpene_frag,28%); fragment:93.0703(Toluenium,15%); fragment:95.0860(Methylcyclohexenyl,26%); fragment:107.0860(Dimethylcyclohexenyl,9%); fragment:109.1014(Sesquiterpene_frag,16%); fragment:119.0857(C9H11+,9%); fragment:121.1014(Sesquiterpene_frag2,22%); fragment:123.1175(Sesquiterpene_frag3,8%); fragment:133.1014(Diterpene_frag,8%); fragment:135.1170(Diterpene_frag2,9%); fragment:149.1326(Sesterterpene_frag,6%)",5.0
A15_189724,Streptophyta,indval_consensus,OE23-POS,189724,747.607184,True,61,12,1,0,1,Phospholipid,PC/SM,High,Phosphocholine at 100% → PC or SM,"fragment:184.0734(Phosphocholine_C5H13NO4P,100%)",5.0
A15_190027,Streptophyta,indval_consensus,OE23-POS,190027,749.616833,True,55,4,1,0,1,Phospholipid,PC/SM,High,Phosphocholine at 100% → PC or SM,"fragment:184.0734(Phosphocholine_C5H13NO4P,100%)",5.0
A15_190507,Heterolobosea,indval_consensus,OE23-POS,190507,804.623884,True,40,11,1,0,1,Phospholipid,PC/SM,High,Phosphocholine at 88% → PC or SM,"fragment:184.0734(Phosphocholine_C5H13NO4P,88%)",5.0
A15_19053,Streptophyta,indval_consensus,OE23-POS,19053,667.275334,True,112,44,1,0,1,Phospholipid,PC/SM,Medium,Phosphocholine at 6% → PC or SM,"fragment:184.0734(Phosphocholine_C5H13NO4P,6%)",5.0
A15_190542,Streptophyta,indval_consensus,OE23-POS,190542,600.501358,True,66,45,1,0,1,Sterol,Sterol,Medium,Sterol dehydration fragments,"fragment:397.3825(Sitosterol_-H2O,100%)",5.0
A15_190635,Streptophyta,indval_consensus,OE23-POS,190635,593.455861,True,115,54,2,0,2,Sterol,Sterol,Medium,Sterol dehydration fragments,"fragment:383.3665(Campesterol_-H2O,10%); fragment:191.1799(Hopane_skeleton,5%)",5.0
A15_190752,Streptophyta,indval_consensus,OE23-POS,190752,612.503807,True,58,31,2,0,2,Sterol,Sterol,Medium,Sterol dehydration fragments,"fragment:369.3512(Cholesterol_-H2O,100%); fragment:369.3512(Hopanol,100%)",5.0
A15_190897,Streptophyta,indval_consensus,OE23-POS,190897,1048.800609,True,70,55,3,0,3,Terpenoid,Terpenoid,Low,3 terpenoid fragments → possible terpenoid/isoprenoid,"fragment:81.0705(Monoterpene_frag,6%); fragment:95.0858(Methylcyclohexenyl,6%); fragment:121.1013(Sesquiterpene_frag2,8%)",5.0
A15_191577,Streptophyta,indval_consensus,OE23-POS,191577,687.605305,True,53,37,3,0,3,Terpenoid,Terpenoid,Low,3 terpenoid fragments → possible terpenoid/isoprenoid,"fragment:81.0705(Monoterpene_frag,7%); fragment:95.0860(Methylcyclohexenyl,6%); fragment:109.1017(Sesquiterpene_frag,9%)",5.0
A15_191667,Streptophyta,indval_consensus,OE23-POS,191667,747.60764,True,125,8,1,0,1,Phospholipid,PC/SM,High,Phosphocholine at 25% → PC or SM,"fragment:184.0733(Phosphocholine_C5H13NO4P,25%)",5.0
A15_19250,Streptophyta,indval_consensus,OE23-POS,19250,409.272876,True,90,36,10,0,10,Terpenoid,Terpenoid,Medium,10 terpenoid fragments → terpenoid/isoprenoid,"fragment:81.0704(Monoterpene_frag,20%); fragment:93.0701(Toluenium,20%); fragment:95.0859(Methylcyclohexenyl,15%); fragment:105.0702(Xylene_cation,22%); fragment:107.0860(Dimethylcyclohexenyl,11%); fragment:109.1015(Sesquiterpene_frag,100%); fragment:119.0857(C9H11+,18%); fragment:121.1013(Sesquiterpene_frag2,9%); fragment:133.1013(Diterpene_frag,13%); fragment:147.1170(C11H15+,14%)",5.0
A15_19268,Streptophyta,indval_consensus,OE23-POS,19268,367.262812,True,96,90,15,0,15,Terpenoid,Terpenoid,Medium,15 terpenoid fragments → terpenoid/isoprenoid,"fragment:69.0706(Isoprene_unit,49%); fragment:81.0704(Monoterpene_frag,72%); fragment:93.0703(Toluenium,85%); fragment:95.0860(Methylcyclohexenyl,71%); fragment:105.0702(Xylene_cation,58%); fragment:107.0858(Dimethylcyclohexenyl,81%); fragment:109.1014(Sesquiterpene_frag,91%); fragment:119.0857(C9H11+,100%); fragment:121.1015(Sesquiterpene_frag2,96%); fragment:123.1171(Sesquiterpene_frag3,22%); fragment:133.1011(Diterpene_frag,62%); fragment:135.1168(Diterpene_frag2,36%); fragment:147.1169(C11H15+,27%); fragment:161.1327(C12H17+,11%); fragment:175.1482(C13H19+,20%)",5.0
A15_192736,Streptophyta,indval_consensus,OE23-POS,192736,295.226554,True,177,43,14,0,14,Terpenoid,Terpenoid,Medium,14 terpenoid fragments → terpenoid/isoprenoid,"fragment:69.0706(Isoprene_unit,37%); fragment:81.0705(Monoterpene_frag,76%); fragment:93.0704(Toluenium,74%); fragment:95.0860(Methylcyclohexenyl,43%); fragment:105.0704(Xylene_cation,20%); fragment:107.0859(Dimethylcyclohexenyl,40%); fragment:109.1015(Sesquiterpene_frag,23%); fragment:119.0857(C9H11+,17%); fragment:121.1014(Sesquiterpene_frag2,34%); fragment:133.1011(Diterpene_frag,18%); fragment:135.1169(Diterpene_frag2,33%); fragment:147.1170(C11H15+,9%); fragment:149.1328(Sesterterpene_frag,8%); fragment:161.1326(C12H17+,13%)",5.0
A15_1928,Streptophyta,indval_consensus,OE23-POS,1928,359.21951,True,341,155,18,0,18,Terpenoid,Terpenoid,Medium,18 terpenoid fragments → terpenoid/isoprenoid,"fragment:69.0706(Isoprene_unit,54%); fragment:81.0704(Monoterpene_frag,100%); fragment:93.0703(Toluenium,85%); fragment:95.0859(Methylcyclohexenyl,90%); fragment:105.0701(Xylene_cation,47%); fragment:107.0858(Dimethylcyclohexenyl,91%); fragment:109.1014(Sesquiterpene_frag,74%); fragment:119.0857(C9H11+,61%); fragment:121.1013(Sesquiterpene_frag2,79%); fragment:123.1168(Sesquiterpene_frag3,23%); fragment:133.1011(Diterpene_frag,57%); fragment:135.1167(Diterpene_frag2,50%); fragment:147.1167(C11H15+,51%); fragment:149.1323(Sesterterpene_frag,34%); fragment:161.1323(C12H17+,21%); fragment:175.1478(C13H19+,15%); fragment:189.1640(Hopane_C14,6%); fragment:203.1804(Triterpene_C15,5%)",5.0
A15_192927,Streptophyta,indval_consensus,OE23-POS,192927,920.753891,True,139,65,1,0,1,Sterol,Sterol,Medium,Sterol dehydration fragments,"fragment:397.3835(Sitosterol_-H2O,6%)",5.0
A15_192961,Streptophyta,indval_consensus,OE23-POS,192961,277.21588,True,73,61,1,0,1,Pentacyclic_Triterpenoid,Hopanoid,Low,Hopanoid diagnostic fragments,"fragment:191.1938(Hopane_skeleton,6%)",5.0
A15_193149,Streptophyta,indval_consensus,OE23-POS,193149,521.491999,True,94,77,1,0,1,Phospholipid,PC/SM,Medium,Phosphocholine at 8% → PC or SM,"fragment:184.0740(Phosphocholine_C5H13NO4P,8%)",5.0
A15_193302,Streptophyta,indval_consensus,OE23-POS,193302,747.607576,True,42,10,1,0,1,Phospholipid,PC/SM,High,Phosphocholine at 57% → PC or SM,"fragment:184.0733(Phosphocholine_C5H13NO4P,57%)",5.0
A15_193576,Streptophyta,indval_consensus,OE23-POS,193576,668.618439,True,67,33,2,0,2,Sphingolipid,Ceramide,Medium,Sphingoid base fragments,"fragment:282.2803(Sphingoid_d18:1+H2O,6%); fragment:383.3738(Campesterol_-H2O,5%)",5.0
A15_194005,Streptophyta,indval_consensus,OE23-POS,194005,705.545829,True,45,43,0,1,1,Phospholipid,PE,Medium,PE-specific ions without phosphocholine,"loss:141.0191(Ethanolamine_phosphate,8%)",5.0
A15_194063,Streptophyta,indval_consensus,OE23-POS,194063,747.607409,True,48,26,1,1,2,Phospholipid,PE,High,PE headgroup + phosphocholine at 28%,"fragment:184.0734(Phosphocholine_C5H13NO4P,28%); loss:141.0191(Ethanolamine_phosphate,77%)",5.0
A15_194133,Streptophyta,indval_consensus,OE23-POS,194133,749.616322,True,26,26,4,0,4,Terpenoid,Terpenoid,Low,4 terpenoid fragments → possible terpenoid/isoprenoid,"fragment:81.0704(Monoterpene_frag,29%); fragment:95.0859(Methylcyclohexenyl,12%); fragment:107.0857(Dimethylcyclohexenyl,8%); fragment:135.1161(Diterpene_frag2,10%)",5.0
A15_194375,Streptophyta,indval_consensus,OE23-POS,194375,565.566324,True,65,65,1,0,1,Sphingolipid,Ceramide,Medium,Sphingoid base fragments,"fragment:282.2783(Sphingoid_d18:1+H2O,45%)",5.0
A15_194602,Streptophyta,indval_consensus,OE23-POS,194602,761.650547,True,24,4,1,0,1,Phospholipid,PC/SM,High,Phosphocholine at 100% → PC or SM,"fragment:184.0733(Phosphocholine_C5H13NO4P,100%)",5.0
A15_195138,Streptophyta,indval_consensus,OE23-POS,195138,846.645581,True,33,33,11,0,11,Terpenoid,Terpenoid,Medium,11 terpenoid fragments → terpenoid/isoprenoid,"fragment:81.0708(Monoterpene_frag,51%); fragment:93.0707(Toluenium,20%); fragment:95.0865(Methylcyclohexenyl,55%); fragment:109.1018(Sesquiterpene_frag,83%); fragment:121.1016(Sesquiterpene_frag2,28%); fragment:123.1174(Sesquiterpene_frag3,32%); fragment:135.1175(Diterpene_frag2,54%); fragment:149.1337(Sesterterpene_frag,42%); fragment:175.1491(C13H19+,19%); fragment:189.1642(Hopane_C14,31%); fragment:203.1804(Triterpene_C15,27%)",5.0
A15_19527,Streptophyta,indval_consensus,OE23-POS,19527,848.498627,True,78,26,1,0,1,Phospholipid,PC/SM,Medium,Phosphocholine at 10% → PC or SM,"fragment:184.0729(Phosphocholine_C5H13NO4P,10%)",5.0
A15_195300,Streptophyta,indval_consensus,OE23-POS,195300,407.366793,True,63,49,1,0,1,Pentacyclic_Triterpenoid,Hopanoid,Low,Hopanoid diagnostic fragments,"fragment:191.1793(Hopane_skeleton,7%)",5.0
A15_19584,Streptophyta,indval_consensus,OE23-POS,19584,311.257381,True,82,49,13,0,13,Terpenoid,Terpenoid,Medium,13 terpenoid fragments → terpenoid/isoprenoid,"fragment:69.0706(Isoprene_unit,100%); fragment:81.0705(Monoterpene_frag,74%); fragment:93.0704(Toluenium,20%); fragment:95.0860(Methylcyclohexenyl,55%); fragment:105.0705(Xylene_cation,6%); fragment:107.0859(Dimethylcyclohexenyl,17%); fragment:109.1016(Sesquiterpene_frag,20%); fragment:119.0859(C9H11+,6%); fragment:121.1016(Sesquiterpene_frag2,22%); fragment:123.1170(Sesquiterpene_frag3,10%); fragment:133.1015(Diterpene_frag,5%); fragment:135.1171(Diterpene_frag2,18%); fragment:149.1330(Sesterterpene_frag,7%)",5.0
A15_196169,Streptophyta,indval_consensus,OE23-POS,196169,842.687087,True,99,4,1,0,1,Quinone,Ubiquinone,Medium,Ubiquinone headgroup fragment,"fragment:197.0816(Ubiquinone_headgroup,11%)",5.0
A15_196319,Streptophyta,indval_consensus,OE23-POS,196319,832.699804,True,18,9,1,0,1,Phospholipid,PC/SM,High,Phosphocholine at 88% → PC or SM,"fragment:184.0734(Phosphocholine_C5H13NO4P,88%)",5.0
A15_196688,Streptophyta,indval_consensus,OE23-POS,196688,761.650822,True,24,5,1,0,1,Phospholipid,PC/SM,High,Phosphocholine at 100% → PC or SM,"fragment:184.0733(Phosphocholine_C5H13NO4P,100%)",5.0
A15_19679,Arthropoda,composite,OE23-POS,19679,668.311284,True,18,18,1,0,1,Phospholipid,PC/SM,High,Phosphocholine at 22% → PC or SM,"fragment:184.0732(Phosphocholine_C5H13NO4P,22%)",5.0
A15_19706,Streptophyta,indval_consensus,OE23-POS,19706,639.430456,True,14,14,1,0,1,Phospholipid,PC/SM,High,Phosphocholine at 100% → PC or SM,"fragment:184.0732(Phosphocholine_C5H13NO4P,100%)",5.0
A15_197198,Arthropoda,composite,OE23-POS,197198,619.547635,True,81,81,13,0,13,Terpenoid,Terpenoid,Medium,13 terpenoid fragments → terpenoid/isoprenoid,"fragment:69.0706(Isoprene_unit,16%); fragment:81.0704(Monoterpene_frag,30%); fragment:95.0859(Methylcyclohexenyl,43%); fragment:107.0858(Dimethylcyclohexenyl,15%); fragment:109.1015(Sesquiterpene_frag,44%); fragment:119.0854(C9H11+,12%); fragment:121.1013(Sesquiterpene_frag2,46%); fragment:123.1170(Sesquiterpene_frag3,68%); fragment:135.1170(Diterpene_frag2,27%); fragment:147.1170(C11H15+,17%); fragment:149.1325(Sesterterpene_frag,53%); fragment:175.1485(C13H19+,11%); fragment:189.1634(Hopane_C14,15%)",5.0
A15_197300,Streptophyta,indval_consensus,OE23-POS,197300,397.382311,True,67,59,3,0,3,Sterol,Sterol,Medium,Sterol dehydration fragments,"fragment:395.3686(Stigmasterol_-H2O,30%); fragment:397.3832(Sitosterol_-H2O,80%); fragment:395.3686(Diplopterol,30%)",5.0
A15_197360,Streptophyta,indval_consensus,OE23-POS,197360,829.678739,True,47,13,1,0,1,Phospholipid,PC/SM,High,Phosphocholine at 100% → PC or SM,"fragment:184.0733(Phosphocholine_C5H13NO4P,100%)",5.0
A15_19764,Arthropoda,composite,OE23-POS,19764,670.326666,True,57,9,1,0,1,Phospholipid,PC/SM,High,Phosphocholine at 100% → PC or SM,"fragment:184.0733(Phosphocholine_C5H13NO4P,100%)",5.0
A15_197663,Streptophyta,indval_consensus,OE23-POS,197663,916.722567,True,93,40,11,0,11,Terpenoid,Terpenoid,Medium,11 terpenoid fragments → terpenoid/isoprenoid,"fragment:81.0705(Monoterpene_frag,18%); fragment:95.0861(Methylcyclohexenyl,15%); fragment:107.0859(Dimethylcyclohexenyl,8%); fragment:109.1018(Sesquiterpene_frag,12%); fragment:119.0856(C9H11+,6%); fragment:121.1016(Sesquiterpene_frag2,13%); fragment:123.1172(Sesquiterpene_frag3,9%); fragment:135.1171(Diterpene_frag2,7%); fragment:149.1326(Sesterterpene_frag,10%); fragment:161.1325(C12H17+,6%); fragment:189.1641(Hopane_C14,6%)",5.0
A15_19781,Streptophyta,indval_consensus,OE23-POS,19781,582.377484,True,28,5,1,0,1,Phospholipid,PC/SM,High,Phosphocholine at 100% → PC or SM,"fragment:184.0733(Phosphocholine_C5H13NO4P,100%)",5.0
A15_198743,Streptophyta,indval_consensus,OE23-POS,198743,832.700189,True,32,10,1,0,1,Phospholipid,PC/SM,High,Phosphocholine at 87% → PC or SM,"fragment:184.0731(Phosphocholine_C5H13NO4P,87%)",5.0
A15_19886,Streptophyta,indval_consensus,OE23-POS,19886,771.504318,True,95,30,1,3,4,Sphingolipid,SM,High,Sphingoid base + phosphocholine → SM,"fragment:184.0737(Phosphocholine_C5H13NO4P,7%); loss:162.0528(Hexose_loss,100%); loss:180.0634(Hexose+H2O_loss,6%); loss:180.0634(Hexose_ceramide,6%)",5.0
A15_19893,Streptophyta,indval_consensus,OE23-POS,19893,933.55494,True,80,31,0,3,3,Sphingolipid,Ceramide,Medium,Sphingoid base fragments,"loss:162.0528(Hexose_loss,49%); loss:180.0634(Hexose+H2O_loss,9%); loss:180.0634(Hexose_ceramide,9%)",5.0
A15_199094,Streptophyta,indval_consensus,OE23-POS,199094,395.366656,True,115,52,3,0,3,Sterol,Sterol,Medium,Sterol dehydration fragments,"fragment:395.3675(Stigmasterol_-H2O,66%); fragment:397.3836(Sitosterol_-H2O,30%); fragment:395.3675(Diplopterol,66%)",5.0
A15_199127,Heterolobosea,composite,OE23-POS,199127,802.738493,True,34,9,1,0,1,Phospholipid,PC/SM,High,Phosphocholine at 100% → PC or SM,"fragment:184.0733(Phosphocholine_C5H13NO4P,100%)",5.0
A15_199469,Streptophyta,indval_consensus,OE23-POS,199469,761.651996,True,26,5,1,0,1,Phospholipid,PC/SM,High,Phosphocholine at 100% → PC or SM,"fragment:184.0734(Phosphocholine_C5H13NO4P,100%)",5.0
A15_199728,Streptophyta,indval_consensus,OE23-POS,199728,675.602863,True,124,25,1,0,1,Quinone,Ubiquinone,Medium,Ubiquinone headgroup fragment,"fragment:197.0810(Ubiquinone_headgroup,5%)",5.0
A15_200421,Nematoda,composite,OE23-POS,200421,981.679005,True,18,13,1,0,1,Quinone,Ubiquinone,Medium,Ubiquinone headgroup fragment,"fragment:197.0813(Ubiquinone_headgroup,8%)",5.0
A15_200467,Streptophyta,indval_consensus,OE23-POS,200467,863.532136,True,33,33,1,0,1,Quinone,Ubiquinone,Medium,Ubiquinone headgroup fragment,"fragment:197.0807(Ubiquinone_headgroup,22%)",5.0
A15_200702,Streptophyta,indval_consensus,OE23-POS,200702,668.618946,True,83,42,2,0,2,Sphingolipid,Ceramide,Medium,Sphingoid base fragments,"fragment:282.2779(Sphingoid_d18:1+H2O,8%); fragment:397.3821(Sitosterol_-H2O,9%)",5.0
A15_201183,Streptophyta,indval_consensus,OE23-POS,201183,761.651822,True,72,10,1,0,1,Phospholipid,PC/SM,High,Phosphocholine at 100% → PC or SM,"fragment:184.0732(Phosphocholine_C5H13NO4P,100%)",5.0
A15_201232,Streptophyta,indval_consensus,OE23-POS,201232,922.76989,True,53,53,1,0,1,Pentacyclic_Triterpenoid,Hopanoid,Low,Hopanoid diagnostic fragments,"fragment:191.1576(Hopane_skeleton,6%)",5.0
A15_201305,Streptophyta,indval_consensus,OE23-POS,201305,847.681078,True,29,29,7,0,7,Terpenoid,Terpenoid,Medium,7 terpenoid fragments → terpenoid/isoprenoid,"fragment:81.0704(Monoterpene_frag,9%); fragment:95.0859(Methylcyclohexenyl,13%); fragment:107.0861(Dimethylcyclohexenyl,13%); fragment:109.1015(Sesquiterpene_frag,17%); fragment:121.1012(Sesquiterpene_frag2,13%); fragment:147.1165(C11H15+,9%); fragment:149.1331(Sesterterpene_frag,12%)",5.0
A15_201734,Streptophyta,indval_consensus,OE23-POS,201734,953.753884,True,62,40,1,0,1,Sphingolipid,Ceramide,Medium,Sphingoid base fragments,"fragment:282.2807(Sphingoid_d18:1+H2O,26%)",5.0
A15_201931,Streptophyta,indval_consensus,OE23-POS,201931,575.503325,True,58,28,8,0,8,Terpenoid,Terpenoid,Medium,8 terpenoid fragments → terpenoid/isoprenoid,"fragment:69.0706(Isoprene_unit,15%); fragment:81.0704(Monoterpene_frag,28%); fragment:95.0859(Methylcyclohexenyl,30%); fragment:109.1015(Sesquiterpene_frag,22%); fragment:121.1015(Sesquiterpene_frag2,7%); fragment:123.1173(Sesquiterpene_frag3,12%); fragment:149.1330(Sesterterpene_frag,7%); fragment:161.1315(C12H17+,6%)",5.0
A15_202113,Streptophyta,indval_consensus,OE23-POS,202113,765.616537,True,150,17,7,0,7,Terpenoid,Terpenoid,Medium,7 terpenoid fragments → terpenoid/isoprenoid,"fragment:81.0705(Monoterpene_frag,10%); fragment:95.0860(Methylcyclohexenyl,17%); fragment:109.1016(Sesquiterpene_frag,14%); fragment:121.1017(Sesquiterpene_frag2,7%); fragment:123.1172(Sesquiterpene_frag3,10%); fragment:135.1169(Diterpene_frag2,6%); fragment:149.1329(Sesterterpene_frag,6%)",5.0
A15_202176,Streptophyta,indval_consensus,OE23-POS,202176,885.736546,True,51,48,9,0,9,Terpenoid,Terpenoid,Medium,9 terpenoid fragments → terpenoid/isoprenoid,"fragment:123.1164(Sesquiterpene_frag3,22%); fragment:133.1009(Diterpene_frag,12%); fragment:135.1164(Diterpene_frag2,18%); fragment:147.1166(C11H15+,11%); fragment:149.1321(Sesterterpene_frag,28%); fragment:161.1327(C12H17+,16%); fragment:175.1486(C13H19+,14%); fragment:189.1633(Hopane_C14,13%); fragment:203.1783(Triterpene_C15,11%)",5.0
A15_202183,Streptophyta,indval_consensus,OE23-POS,202183,1002.752968,True,23,21,1,0,1,Sphingolipid,Ceramide,Medium,Sphingoid base fragments,"fragment:282.2801(Sphingoid_d18:1+H2O,17%)",5.0
A15_202501,Nematoda,composite,OE23-POS,202501,542.514044,True,67,19,3,0,3,Terpenoid,Terpenoid,Low,3 terpenoid fragments → possible terpenoid/isoprenoid,"fragment:69.0705(Isoprene_unit,22%); fragment:81.0705(Monoterpene_frag,7%); fragment:95.0860(Methylcyclohexenyl,7%)",5.0
A15_203414,Streptophyta,indval_consensus,OE23-POS,203414,1002.753235,True,155,71,4,0,4,Terpenoid,Terpenoid,Low,4 terpenoid fragments → possible terpenoid/isoprenoid,"fragment:95.0858(Methylcyclohexenyl,6%); fragment:109.1017(Sesquiterpene_frag,7%); fragment:121.1013(Sesquiterpene_frag2,6%); fragment:135.1172(Diterpene_frag2,5%)",5.0
A15_20360,Streptophyta,indval_consensus,OE23-POS,20360,521.363088,True,85,9,2,0,2,Phospholipid,PC/SM,High,Phosphocholine at 69% → PC or SM,"fragment:184.0733(Phosphocholine_C5H13NO4P,69%); fragment:236.1490(DGTS_headgroup,17%)",5.0
A15_20391,Nematoda,composite,OE23-POS,20391,417.11241,True,41,6,1,0,1,Phospholipid,PG,Medium,Glycerophosphoglycerol diagnostic ions,"fragment:152.9828(Glycerophosphoglycerol-H2O,9%)",5.0
A15_203939,Nematoda,composite,OE23-POS,203939,662.547462,True,57,34,4,0,4,Terpenoid,Terpenoid,Low,4 terpenoid fragments → possible terpenoid/isoprenoid,"fragment:95.0862(Methylcyclohexenyl,5%); fragment:121.1015(Sesquiterpene_frag2,6%); fragment:135.1167(Diterpene_frag2,6%); fragment:203.1794(Triterpene_C15,6%)",5.0
A15_204272,Streptophyta,indval_consensus,OE23-POS,204272,397.382442,True,134,55,3,0,3,Sterol,Sterol,Medium,Sterol dehydration fragments,"fragment:395.3681(Stigmasterol_-H2O,14%); fragment:397.3848(Sitosterol_-H2O,35%); fragment:395.3681(Diplopterol,14%)",5.0
A15_204306,Nematoda,composite,OE23-POS,204306,1293.129592,True,21,10,1,0,1,Archaeal_Lipid,GDGT/Archaeol,Medium,1 archaeal lipid diagnostic fragments,"fragment:669.5416(GDGT_variant,98%)",5.0
A15_204922,Streptophyta,indval_consensus,OE23-POS,204922,395.36679,True,51,51,2,0,2,Sterol,Sterol,Medium,Sterol dehydration fragments,"fragment:395.3676(Stigmasterol_-H2O,91%); fragment:395.3676(Diplopterol,91%)",5.0
A15_204941,Streptophyta,indval_consensus,OE23-POS,204941,663.608746,True,50,44,5,0,5,Terpenoid,Terpenoid,Medium,5 terpenoid fragments → terpenoid/isoprenoid,"fragment:93.0705(Toluenium,5%); fragment:95.0861(Methylcyclohexenyl,5%); fragment:107.0855(Dimethylcyclohexenyl,5%); fragment:121.1026(Sesquiterpene_frag2,6%); fragment:123.1175(Sesquiterpene_frag3,6%)",5.0
A15_205212,Streptophyta,indval_consensus,OE23-POS,205212,383.366696,True,78,78,1,0,1,Sterol,Sterol,Medium,Sterol dehydration fragments,"fragment:383.3669(Campesterol_-H2O,93%)",5.0
A15_20529,Streptophyta,indval_consensus,OE23-POS,20529,615.40473,True,149,124,1,0,1,Phospholipid,PC/SM,Medium,Phosphocholine at 8% → PC or SM,"fragment:184.0735(Phosphocholine_C5H13NO4P,8%)",5.0
A15_205378,Streptophyta,indval_consensus,OE23-POS,205378,861.674807,True,34,34,1,0,1,Quinone,Ubiquinone,Medium,Ubiquinone headgroup fragment,"fragment:197.0807(Ubiquinone_headgroup,100%)",5.0
A15_206185,Streptophyta,indval_consensus,OE23-POS,206185,696.649707,True,38,37,4,0,4,Sphingolipid,Ceramide,Medium,Sphingoid base fragments,"fragment:282.2801(Sphingoid_d18:1+H2O,15%); fragment:369.3514(Cholesterol_-H2O,17%); fragment:397.3824(Sitosterol_-H2O,8%); fragment:369.3514(Hopanol,17%)",5.0
A15_206186,Streptophyta,indval_consensus,OE23-POS,206186,740.615868,True,155,7,3,0,3,Sterol,Sterol,Medium,Sterol dehydration fragments,"fragment:395.3673(Stigmasterol_-H2O,12%); fragment:397.3827(Sitosterol_-H2O,100%); fragment:395.3673(Diplopterol,12%)",5.0
A15_20619,Streptophyta,indval_consensus,OE23-POS,20619,664.3442,True,38,38,1,0,1,Phospholipid,PC/SM,High,Phosphocholine at 64% → PC or SM,"fragment:184.0737(Phosphocholine_C5H13NO4P,64%)",5.0
A15_206893,Nematoda,composite,OE23-POS,206893,525.487087,True,82,20,3,0,3,Terpenoid,Terpenoid,Low,3 terpenoid fragments → possible terpenoid/isoprenoid,"fragment:69.0705(Isoprene_unit,23%); fragment:81.0705(Monoterpene_frag,8%); fragment:133.0863(Diterpene_frag,6%)",5.0
A15_20691,Streptophyta,indval_consensus,OE23-POS,20691,473.326059,True,95,52,15,0,15,Terpenoid,Terpenoid,Medium,15 terpenoid fragments → terpenoid/isoprenoid,"fragment:69.0706(Isoprene_unit,8%); fragment:81.0706(Monoterpene_frag,16%); fragment:93.0705(Toluenium,8%); fragment:95.0860(Methylcyclohexenyl,21%); fragment:105.0700(Xylene_cation,5%); fragment:107.0858(Dimethylcyclohexenyl,11%); fragment:109.1014(Sesquiterpene_frag,15%); fragment:119.0856(C9H11+,7%); fragment:121.1015(Sesquiterpene_frag2,9%); fragment:123.1171(Sesquiterpene_frag3,9%); fragment:133.1014(Diterpene_frag,10%); fragment:135.1172(Diterpene_frag2,12%); fragment:147.1169(C11H15+,11%); fragment:149.1328(Sesterterpene_frag,7%); fragment:161.1324(C12H17+,14%)",5.0
A15_207174,Streptophyta,indval_consensus,OE23-POS,207174,670.634266,True,80,27,2,0,2,Sphingolipid,Ceramide,Medium,Sphingoid base fragments,"fragment:282.2796(Sphingoid_d18:1+H2O,17%); fragment:397.3816(Sitosterol_-H2O,19%)",5.0
A15_207487,Streptophyta,indval_consensus,OE23-POS,207487,863.682221,True,67,22,3,0,3,Terpenoid,Terpenoid,Low,3 terpenoid fragments → possible terpenoid/isoprenoid,"fragment:119.0851(C9H11+,5%); fragment:121.1006(Sesquiterpene_frag2,8%); fragment:161.1316(C12H17+,8%)",5.0
A15_207542,Mollusca,composite,OE23-POS,207542,703.5275,True,18,18,1,0,1,Phospholipid,PC/SM,Medium,Phosphocholine at 10% → PC or SM,"fragment:184.0747(Phosphocholine_C5H13NO4P,10%)",5.0
A15_20755,Streptophyta,indval_consensus,OE23-POS,20755,471.308828,True,113,27,9,0,9,Terpenoid,Terpenoid,Medium,9 terpenoid fragments → terpenoid/isoprenoid,"fragment:69.0707(Isoprene_unit,5%); fragment:81.0704(Monoterpene_frag,15%); fragment:93.0704(Toluenium,5%); fragment:95.0860(Methylcyclohexenyl,17%); fragment:107.0861(Dimethylcyclohexenyl,7%); fragment:109.1016(Sesquiterpene_frag,9%); fragment:121.1014(Sesquiterpene_frag2,5%); fragment:123.1170(Sesquiterpene_frag3,7%); fragment:135.1170(Diterpene_frag2,7%)",5.0
A15_208062,Streptophyta,indval_consensus,OE23-POS,208062,687.571936,True,53,53,3,0,3,Sterol,Sterol,Medium,Sterol dehydration fragments,"fragment:395.3634(Stigmasterol_-H2O,10%); fragment:397.3835(Sitosterol_-H2O,100%); fragment:395.3634(Diplopterol,10%)",5.0
A15_208204,Streptophyta,indval_consensus,OE23-POS,208204,647.540957,True,37,11,3,0,3,Terpenoid,Terpenoid,Low,3 terpenoid fragments → possible terpenoid/isoprenoid,"fragment:69.0705(Isoprene_unit,11%); fragment:81.0705(Monoterpene_frag,5%); fragment:95.0863(Methylcyclohexenyl,7%)",5.0
A15_208646,Heterolobosea,composite,OE23-POS,208646,803.741146,True,50,35,2,0,2,Phospholipid,PC/SM,High,Phosphocholine at 44% → PC or SM,"fragment:184.0734(Phosphocholine_C5H13NO4P,44%); fragment:191.1797(Hopane_skeleton,11%)",5.0
A15_20881,Streptophyta,indval_consensus,OE23-POS,20881,534.362887,True,411,36,2,0,2,Sphingolipid,SM,High,Sphingoid base + phosphocholine → SM,"fragment:184.0733(Phosphocholine_C5H13NO4P,19%); fragment:264.2404(Sphingoid_d18:1,19%)",5.0
A15_209154,Streptophyta,indval_consensus,OE23-POS,209154,927.746876,True,70,51,4,0,4,Terpenoid,Terpenoid,Low,4 terpenoid fragments → possible terpenoid/isoprenoid,"fragment:135.1164(Diterpene_frag2,5%); fragment:147.1166(C11H15+,7%); fragment:149.1320(Sesterterpene_frag,6%); fragment:161.1315(C12H17+,5%)",5.0
A15_209211,Streptophyta,indval_consensus,OE23-POS,209211,899.566823,True,36,21,1,0,1,Quinone,Ubiquinone,Medium,Ubiquinone headgroup fragment,"fragment:197.0811(Ubiquinone_headgroup,26%)",5.0
A15_209370,Streptophyta,indval_consensus,OE23-POS,209370,397.382432,True,126,81,3,0,3,Sterol,Sterol,Medium,Sterol dehydration fragments,"fragment:395.3677(Stigmasterol_-H2O,17%); fragment:397.3832(Sitosterol_-H2O,99%); fragment:395.3677(Diplopterol,17%)",5.0
A15_209564,Streptophyta,indval_consensus,OE23-POS,209564,869.55719,True,34,34,1,0,1,Pentacyclic_Triterpenoid,Hopanoid,Low,Hopanoid diagnostic fragments,"fragment:191.1798(Hopane_skeleton,12%)",5.0
A15_209770,Streptophyta,indval_consensus,OE23-POS,209770,911.750606,True,36,27,1,0,1,Quinone,Ubiquinone,Medium,Ubiquinone headgroup fragment,"fragment:197.0805(Ubiquinone_headgroup,37%)",5.0
A15_210105,Streptophyta,indval_consensus,OE23-POS,210105,862.687272,True,20,20,1,0,1,Phospholipid,PC/SM,High,Phosphocholine at 25% → PC or SM,"fragment:184.0716(Phosphocholine_C5H13NO4P,25%)",5.0
A15_210146,Streptophyta,indval_consensus,OE23-POS,210146,909.523853,True,97,56,2,0,2,Sterol,Sterol,Medium,Sterol dehydration fragments,"fragment:395.3690(Stigmasterol_-H2O,16%); fragment:395.3690(Diplopterol,16%)",5.0
A15_21049,Arthropoda,composite,OE23-POS,21049,417.336042,True,63,26,9,0,9,Terpenoid,Terpenoid,Medium,9 terpenoid fragments → terpenoid/isoprenoid,"fragment:69.0705(Isoprene_unit,10%); fragment:81.0704(Monoterpene_frag,15%); fragment:93.0705(Toluenium,9%); fragment:95.0859(Methylcyclohexenyl,15%); fragment:107.0861(Dimethylcyclohexenyl,8%); fragment:109.1016(Sesquiterpene_frag,11%); fragment:119.0857(C9H11+,6%); fragment:121.1015(Sesquiterpene_frag2,8%); fragment:133.1018(Diterpene_frag,11%)",5.0
A15_210665,Ascomycota,indval_consensus,OE23-POS,210665,577.518365,True,94,23,6,0,6,Terpenoid,Terpenoid,Medium,6 terpenoid fragments → terpenoid/isoprenoid,"fragment:69.0705(Isoprene_unit,13%); fragment:81.0705(Monoterpene_frag,23%); fragment:95.0860(Methylcyclohexenyl,20%); fragment:109.1016(Sesquiterpene_frag,16%); fragment:123.1171(Sesquiterpene_frag3,9%); fragment:135.1169(Diterpene_frag2,7%)",5.0
A15_210855,Streptophyta,indval_consensus,OE23-POS,210855,893.553354,True,374,11,1,0,1,Quinone,Ubiquinone,Medium,Ubiquinone headgroup fragment,"fragment:197.0807(Ubiquinone_headgroup,9%)",5.0
A15_211170,Chlorophyta,composite,OE23-POS,211170,565.423511,True,29,29,11,0,11,Terpenoid,Terpenoid,Medium,11 terpenoid fragments → terpenoid/isoprenoid,"fragment:69.0707(Isoprene_unit,22%); fragment:81.0704(Monoterpene_frag,54%); fragment:93.0704(Toluenium,47%); fragment:95.0860(Methylcyclohexenyl,35%); fragment:107.0856(Dimethylcyclohexenyl,16%); fragment:109.1016(Sesquiterpene_frag,30%); fragment:119.0859(C9H11+,19%); fragment:121.1017(Sesquiterpene_frag2,64%); fragment:133.1014(Diterpene_frag,25%); fragment:135.1171(Diterpene_frag2,28%); fragment:147.1170(C11H15+,24%)",5.0
A15_211185,Streptophyta,indval_consensus,OE23-POS,211185,856.543786,True,41,40,2,0,2,Phospholipid,PC/SM,Medium,Phosphocholine at 14% → PC or SM,"fragment:184.0734(Phosphocholine_C5H13NO4P,14%); fragment:397.3826(Sitosterol_-H2O,100%)",5.0
A15_211284,Arthropoda,composite,OE23-POS,211284,739.610638,True,46,17,3,0,3,Phospholipid,PC/SM,High,Phosphocholine at 100% → PC or SM,"fragment:184.0732(Phosphocholine_C5H13NO4P,100%); fragment:369.3562(Cholesterol_-H2O,5%); fragment:369.3562(Hopanol,5%)",5.0
A15_21139,Streptophyta,indval_consensus,OE23-POS,21139,616.344916,True,139,47,1,1,2,Phospholipid,PC/SM,High,Phosphocholine at 49% → PC or SM,"fragment:184.0733(Phosphocholine_C5H13NO4P,49%); loss:162.0528(Hexose_loss,7%)",5.0
A15_211701,Nematoda,composite,OE23-POS,211701,696.662034,True,20,20,1,0,1,Phospholipid,PG,Medium,Glycerophosphoglycerol diagnostic ions,"fragment:170.9765(Glycerophosphoglycerol,20%)",5.0
A15_211896,Streptophyta,indval_consensus,OE23-POS,211896,887.751723,True,92,64,6,0,6,Terpenoid,Terpenoid,Low,6 terpenoid fragments in complex spectrum (64 peaks) → possible terpenoid,"fragment:123.1163(Sesquiterpene_frag3,5%); fragment:133.1009(Diterpene_frag,7%); fragment:147.1163(C11H15+,6%); fragment:161.1321(C12H17+,5%); fragment:189.1645(Hopane_C14,5%); fragment:203.1781(Triterpene_C15,6%)",5.0
A15_211910,Streptophyta,indval_consensus,OE23-POS,211910,893.55341,True,141,14,1,0,1,Phospholipid,PC/SM,Medium,Phosphocholine at 19% → PC or SM,"fragment:184.0734(Phosphocholine_C5H13NO4P,19%)",5.0
A15_212038,Heterolobosea,indval_consensus,OE23-POS,212038,779.597572,True,64,55,1,0,1,Pentacyclic_Triterpenoid,Hopanoid,Low,Hopanoid diagnostic fragments,"fragment:191.1798(Hopane_skeleton,11%)",5.0
A15_212123,Streptophyta,indval_consensus,OE23-POS,212123,869.555515,True,34,34,2,0,2,Phospholipid,PC/SM,High,Phosphocholine at 31% → PC or SM,"fragment:184.0735(Phosphocholine_C5H13NO4P,31%); fragment:191.1792(Hopane_skeleton,31%)",5.0
A15_21276,Streptophyta,indval_consensus,OE23-POS,21276,349.251906,True,75,74,16,0,16,Terpenoid,Terpenoid,Medium,16 terpenoid fragments → terpenoid/isoprenoid,"fragment:69.0706(Isoprene_unit,49%); fragment:81.0704(Monoterpene_frag,80%); fragment:93.0705(Toluenium,61%); fragment:95.0860(Methylcyclohexenyl,57%); fragment:105.0702(Xylene_cation,36%); fragment:107.0857(Dimethylcyclohexenyl,59%); fragment:109.1015(Sesquiterpene_frag,65%); fragment:119.0858(C9H11+,65%); fragment:121.1013(Sesquiterpene_frag2,100%); fragment:123.1172(Sesquiterpene_frag3,14%); fragment:133.1012(Diterpene_frag,39%); fragment:135.1173(Diterpene_frag2,20%); fragment:147.1172(C11H15+,19%); fragment:149.1322(Sesterterpene_frag,7%); fragment:161.1328(C12H17+,11%); fragment:175.1480(C13H19+,11%)",5.0
A15_212830,Nematoda,composite,OE23-POS,212830,828.697321,True,49,32,2,2,4,Sphingolipid,SM,High,Sphingoid base + phosphocholine → SM,"fragment:184.0731(Phosphocholine_C5H13NO4P,33%); fragment:197.0811(Ubiquinone_headgroup,7%); loss:180.0634(Hexose+H2O_loss,83%); loss:180.0634(Hexose_ceramide,83%)",5.0
A15_2134,Streptophyta,indval_consensus,OE23-POS,2134,219.17411,True,113,30,10,0,10,Terpenoid,Terpenoid,Medium,10 terpenoid fragments → terpenoid/isoprenoid,"fragment:69.0705(Isoprene_unit,23%); fragment:81.0704(Monoterpene_frag,11%); fragment:93.0702(Toluenium,6%); fragment:105.0702(Xylene_cation,10%); fragment:107.0856(Dimethylcyclohexenyl,7%); fragment:119.0857(C9H11+,14%); fragment:121.1014(Sesquiterpene_frag2,14%); fragment:133.1012(Diterpene_frag,11%); fragment:161.1324(C12H17+,9%); fragment:218.2113(RDA_triterpene,54%)",5.0
A15_213857,Streptophyta,indval_consensus,OE23-POS,213857,750.64032,True,22,22,6,0,6,Terpenoid,Terpenoid,Medium,6 terpenoid fragments → terpenoid/isoprenoid,"fragment:81.0705(Monoterpene_frag,16%); fragment:95.0860(Methylcyclohexenyl,17%); fragment:109.1015(Sesquiterpene_frag,14%); fragment:149.1329(Sesterterpene_frag,9%); fragment:203.1798(Triterpene_C15,17%); fragment:205.1954(Steroid_C15,8%)",5.0
A15_214013,Streptophyta,indval_consensus,OE23-POS,214013,735.600441,True,27,27,1,0,1,Sterol,Sterol,Medium,Sterol dehydration fragments,"fragment:397.3801(Sitosterol_-H2O,10%)",5.0
A15_214889,Streptophyta,indval_consensus,OE23-POS,214889,383.366758,True,58,58,1,0,1,Sterol,Sterol,Medium,Sterol dehydration fragments,"fragment:383.3671(Campesterol_-H2O,100%)",5.0
A15_215338,Arthropoda,composite,OE23-POS,215338,798.697441,True,127,79,2,0,2,Phospholipid,PC/SM,High,Phosphocholine at 62% → PC or SM,"fragment:184.0732(Phosphocholine_C5H13NO4P,62%); fragment:191.1799(Hopane_skeleton,14%)",5.0
A15_21579,Basidiomycota,indval_consensus,OE23-POS,21579,321.241265,True,146,36,12,0,12,Terpenoid,Terpenoid,Medium,12 terpenoid fragments → terpenoid/isoprenoid,"fragment:69.0706(Isoprene_unit,20%); fragment:81.0704(Monoterpene_frag,18%); fragment:93.0703(Toluenium,13%); fragment:95.0860(Methylcyclohexenyl,14%); fragment:105.0703(Xylene_cation,11%); fragment:107.0859(Dimethylcyclohexenyl,8%); fragment:109.1016(Sesquiterpene_frag,6%); fragment:119.0858(C9H11+,9%); fragment:121.1013(Sesquiterpene_frag2,6%); fragment:123.1170(Sesquiterpene_frag3,7%); fragment:133.1013(Diterpene_frag,10%); fragment:147.1168(C11H15+,5%)",5.0
A15_215885,Streptophyta,indval_consensus,OE23-POS,215885,893.554197,True,41,8,1,0,1,Quinone,Ubiquinone,Medium,Ubiquinone headgroup fragment,"fragment:197.0807(Ubiquinone_headgroup,8%)",5.0
A15_216505,Streptophyta,indval_consensus,OE23-POS,216505,293.210805,True,36,36,8,0,8,Terpenoid,Terpenoid,Medium,8 terpenoid fragments → terpenoid/isoprenoid,"fragment:69.0705(Isoprene_unit,19%); fragment:81.0704(Monoterpene_frag,29%); fragment:93.0702(Toluenium,11%); fragment:95.0859(Methylcyclohexenyl,17%); fragment:105.0701(Xylene_cation,12%); fragment:107.0861(Dimethylcyclohexenyl,22%); fragment:109.1017(Sesquiterpene_frag,17%); fragment:121.1012(Sesquiterpene_frag2,12%)",5.0
A15_216648,Nematoda,composite,OE23-POS,216648,553.519182,True,50,23,3,0,3,Terpenoid,Terpenoid,Low,3 terpenoid fragments → possible terpenoid/isoprenoid,"fragment:81.0705(Monoterpene_frag,12%); fragment:95.0858(Methylcyclohexenyl,7%); fragment:109.1010(Sesquiterpene_frag,7%)",5.0
A15_216760,Nematoda,composite,OE23-POS,216760,570.546087,True,92,23,3,0,3,Terpenoid,Terpenoid,Low,3 terpenoid fragments → possible terpenoid/isoprenoid,"fragment:69.0705(Isoprene_unit,19%); fragment:81.0704(Monoterpene_frag,9%); fragment:95.0860(Methylcyclohexenyl,5%)",5.0
A15_21690,Streptophyta,indval_consensus,OE23-POS,21690,651.281277,True,208,16,1,0,1,Phospholipid,PC/SM,Medium,Phosphocholine at 12% → PC or SM,"fragment:184.0731(Phosphocholine_C5H13NO4P,12%)",5.0
A15_217078,Streptophyta,indval_consensus,OE23-POS,217078,751.63787,True,49,32,1,0,1,Sterol,Sterol,Medium,Sterol dehydration fragments,"fragment:397.3830(Sitosterol_-H2O,13%)",5.0
A15_217337,Streptophyta,indval_consensus,OE23-POS,217337,397.38248,True,101,78,5,0,5,Phospholipid,PE,Medium,PE-specific ions without phosphocholine,"fragment:196.0576(Glycerophosphoethanolamine,7%); fragment:395.3666(Stigmasterol_-H2O,15%); fragment:397.3832(Sitosterol_-H2O,93%); fragment:191.1791(Hopane_skeleton,10%); fragment:395.3666(Diplopterol,15%)",5.0
A15_218009,Streptophyta,indval_consensus,OE23-POS,218009,735.603073,True,85,85,3,0,3,Terpenoid,Terpenoid,Low,3 terpenoid fragments → possible terpenoid/isoprenoid,"fragment:69.0706(Isoprene_unit,15%); fragment:81.0707(Monoterpene_frag,9%); fragment:109.1198(Sesquiterpene_frag,9%)",5.0
A15_218309,Streptophyta,indval_consensus,OE23-POS,218309,747.607371,True,71,71,8,0,8,Terpenoid,Terpenoid,Medium,8 terpenoid fragments → terpenoid/isoprenoid,"fragment:81.0706(Monoterpene_frag,40%); fragment:95.0862(Methylcyclohexenyl,19%); fragment:109.1018(Sesquiterpene_frag,21%); fragment:119.0863(C9H11+,11%); fragment:121.1013(Sesquiterpene_frag2,14%); fragment:123.1166(Sesquiterpene_frag3,11%); fragment:135.1175(Diterpene_frag2,14%); fragment:149.1326(Sesterterpene_frag,16%)",5.0
A15_218439,Streptophyta,indval_consensus,OE23-POS,218439,871.573241,True,63,41,2,0,2,Phospholipid,PC/SM,High,Phosphocholine at 34% → PC or SM,"fragment:184.0738(Phosphocholine_C5H13NO4P,34%); fragment:191.1794(Hopane_skeleton,6%)",5.0
A15_218502,Streptophyta,indval_consensus,OE23-POS,218502,397.38253,True,67,67,2,0,2,Sterol,Sterol,Medium,Sterol dehydration fragments,"fragment:397.3843(Sitosterol_-H2O,96%); fragment:197.0820(Ubiquinone_headgroup,21%)",5.0
A15_218610,Nematoda,composite,OE23-POS,218610,996.768102,True,44,44,1,0,1,Betaine_Lipid,DGTS,Medium,DGTS headgroup fragment,"fragment:236.1494(DGTS_headgroup,13%)",5.0
A15_218625,Mollusca,composite,OE23-POS,218625,383.330834,True,43,43,8,0,8,Terpenoid,Terpenoid,Medium,8 terpenoid fragments → terpenoid/isoprenoid,"fragment:69.0705(Isoprene_unit,17%); fragment:81.0704(Monoterpene_frag,57%); fragment:95.0859(Methylcyclohexenyl,21%); fragment:107.0860(Dimethylcyclohexenyl,10%); fragment:109.1017(Sesquiterpene_frag,13%); fragment:121.1019(Sesquiterpene_frag2,10%); fragment:135.1173(Diterpene_frag2,8%); fragment:149.1322(Sesterterpene_frag,6%)",5.0
A15_218877,Streptophyta,indval_consensus,OE23-POS,218877,726.638219,True,83,7,3,0,3,Sterol,Sterol,Medium,Sterol dehydration fragments,"fragment:395.3675(Stigmasterol_-H2O,8%); fragment:397.3825(Sitosterol_-H2O,100%); fragment:395.3675(Diplopterol,8%)",5.0
A15_219155,Streptophyta,indval_consensus,OE23-POS,219155,397.382529,True,67,60,3,0,3,Sterol,Sterol,Medium,Sterol dehydration fragments,"fragment:395.3661(Stigmasterol_-H2O,8%); fragment:397.3827(Sitosterol_-H2O,100%); fragment:395.3661(Diplopterol,8%)",5.0
A15_219157,Streptophyta,indval_consensus,OE23-POS,219157,750.639709,True,61,27,1,0,1,Pentacyclic_Triterpenoid,Hopanoid,Low,Hopanoid diagnostic fragments,"fragment:191.1801(Hopane_skeleton,8%)",5.0
A15_21924,Streptophyta,indval_consensus,OE23-POS,21924,364.283377,True,96,12,3,0,3,Terpenoid,Terpenoid,Low,3 terpenoid fragments → possible terpenoid/isoprenoid,"fragment:69.0706(Isoprene_unit,9%); fragment:81.0704(Monoterpene_frag,8%); fragment:95.0859(Methylcyclohexenyl,7%)",5.0
A15_21976,Streptophyta,indval_consensus,OE23-POS,21976,1018.593739,True,44,44,3,0,3,Terpenoid,Terpenoid,Low,3 terpenoid fragments → possible terpenoid/isoprenoid,"fragment:81.0704(Monoterpene_frag,13%); fragment:109.1020(Sesquiterpene_frag,10%); fragment:121.1013(Sesquiterpene_frag2,14%)",5.0
A15_21984,Streptophyta,indval_consensus,OE23-POS,21984,655.388918,True,167,94,1,0,1,Phospholipid,PC/SM,Medium,Phosphocholine at 6% → PC or SM,"fragment:184.0739(Phosphocholine_C5H13NO4P,6%)",5.0
A15_219865,Nematoda,composite,OE23-POS,219865,969.694561,True,28,27,1,0,1,Sphingolipid,Ceramide,Medium,Sphingoid base fragments,"fragment:282.2805(Sphingoid_d18:1+H2O,18%)",5.0
A15_220069,Streptophyta,indval_consensus,OE23-POS,220069,675.5705,True,50,50,1,0,1,Phospholipid,PC/SM,Medium,Phosphocholine at 13% → PC or SM,"fragment:184.0747(Phosphocholine_C5H13NO4P,13%)",5.0
A15_220092,Streptophyta,indval_consensus,OE23-POS,220092,397.382409,True,59,59,1,0,1,Sterol,Sterol,Medium,Sterol dehydration fragments,"fragment:397.3824(Sitosterol_-H2O,67%)",5.0
A15_220397,Streptophyta,indval_consensus,OE23-POS,220397,814.57148,True,113,10,1,0,1,Quinone,Ubiquinone,Medium,Ubiquinone headgroup fragment,"fragment:197.0808(Ubiquinone_headgroup,100%)",5.0
A15_2204,Streptophyta,indval_consensus,OE23-POS,2204,530.332322,True,68,68,1,0,1,Phospholipid,PC/SM,High,Phosphocholine at 25% → PC or SM,"fragment:184.0736(Phosphocholine_C5H13NO4P,25%)",5.0
A15_22054,Streptophyta,indval_consensus,OE23-POS,22054,582.377409,True,28,5,1,0,1,Phospholipid,PC/SM,High,Phosphocholine at 100% → PC or SM,"fragment:184.0732(Phosphocholine_C5H13NO4P,100%)",5.0
A15_220683,Streptophyta,indval_consensus,OE23-POS,220683,813.567694,True,219,16,1,0,1,Quinone,Ubiquinone,Medium,Ubiquinone headgroup fragment,"fragment:197.0809(Ubiquinone_headgroup,56%)",5.0
A15_220723,Streptophyta,composite,OE23-POS,220723,706.613486,True,36,36,4,0,4,Sterol,Sterol,Medium,Sterol dehydration fragments,"fragment:383.3628(Campesterol_-H2O,17%); fragment:395.3667(Stigmasterol_-H2O,85%); fragment:397.3829(Sitosterol_-H2O,100%); fragment:395.3667(Diplopterol,85%)",5.0
A15_22086,Streptophyta,indval_consensus,OE23-POS,22086,517.336065,True,78,36,2,2,4,Sphingolipid,SM,High,Sphingoid base + phosphocholine → SM,"fragment:184.0733(Phosphocholine_C5H13NO4P,100%); fragment:264.2404(Sphingoid_d18:1,14%); loss:180.0634(Hexose+H2O_loss,25%); loss:180.0634(Hexose_ceramide,25%)",5.0
A15_220878,Streptophyta,indval_consensus,OE23-POS,220878,694.613277,True,63,30,1,0,1,Sterol,Sterol,Medium,Sterol dehydration fragments,"fragment:383.3672(Campesterol_-H2O,100%)",5.0
A15_220943,Streptophyta,indval_consensus,OE23-POS,220943,381.351146,True,143,25,1,0,1,Sterol,Sterol,Medium,Sterol dehydration fragments,"fragment:383.3661(Campesterol_-H2O,9%)",5.0
A15_220986,Streptophyta,indval_consensus,OE23-POS,220986,709.627022,True,19,19,3,0,3,Sterol,Sterol,Medium,Sterol dehydration fragments,"fragment:369.3505(Cholesterol_-H2O,100%); fragment:397.3822(Sitosterol_-H2O,20%); fragment:369.3505(Hopanol,100%)",5.0
A15_221079,Streptophyta,indval_consensus,OE23-POS,221079,687.570368,True,44,44,2,0,2,Sterol,Sterol,Medium,Sterol dehydration fragments,"fragment:369.3512(Cholesterol_-H2O,100%); fragment:369.3512(Hopanol,100%)",5.0
A15_22110,Streptophyta,indval_consensus,OE23-POS,22110,361.272895,True,205,52,15,0,15,Terpenoid,Terpenoid,Medium,15 terpenoid fragments → terpenoid/isoprenoid,"fragment:69.0705(Isoprene_unit,41%); fragment:81.0705(Monoterpene_frag,100%); fragment:93.0704(Toluenium,34%); fragment:95.0860(Methylcyclohexenyl,65%); fragment:105.0703(Xylene_cation,26%); fragment:107.0857(Dimethylcyclohexenyl,29%); fragment:109.1015(Sesquiterpene_frag,9%); fragment:119.0859(C9H11+,28%); fragment:121.1014(Sesquiterpene_frag2,11%); fragment:123.1168(Sesquiterpene_frag3,28%); fragment:133.1013(Diterpene_frag,17%); fragment:135.1170(Diterpene_frag2,17%); fragment:147.1170(C11H15+,13%); fragment:149.1327(Sesterterpene_frag,5%); fragment:161.1324(C12H17+,11%)",5.0
A15_22139,Arthropoda,composite,OE23-POS,22139,341.304542,True,135,72,2,0,2,Sphingolipid,Ceramide,Medium,Sphingoid base fragments,"fragment:264.2402(Sphingoid_d18:1,5%); fragment:282.2510(Sphingoid_d18:1+H2O,17%)",5.0
A15_221471,Streptophyta,indval_consensus,OE23-POS,221471,895.745632,True,23,23,1,0,1,Phospholipid,PG,Medium,Glycerophosphoglycerol diagnostic ions,"fragment:170.9816(Glycerophosphoglycerol,16%)",5.0
A15_22163,Streptophyta,indval_consensus,OE23-POS,22163,245.2259,True,47,47,17,0,17,Terpenoid,Terpenoid,Medium,17 terpenoid fragments → terpenoid/isoprenoid,"fragment:69.0705(Isoprene_unit,67%); fragment:81.0705(Monoterpene_frag,100%); fragment:93.0703(Toluenium,78%); fragment:95.0860(Methylcyclohexenyl,94%); fragment:105.0701(Xylene_cation,37%); fragment:107.0860(Dimethylcyclohexenyl,57%); fragment:109.1020(Sesquiterpene_frag,26%); fragment:119.0858(C9H11+,51%); fragment:121.1013(Sesquiterpene_frag2,62%); fragment:123.1175(Sesquiterpene_frag3,16%); fragment:133.1013(Diterpene_frag,64%); fragment:135.1172(Diterpene_frag2,21%); fragment:147.1173(C11H15+,32%); fragment:149.1329(Sesterterpene_frag,16%); fragment:161.1329(C12H17+,62%); fragment:175.1491(C13H19+,30%); fragment:189.1646(Hopane_C14,12%)",5.0
A15_221649,Streptophyta,indval_consensus,OE23-POS,221649,675.570633,True,42,42,3,0,3,Phospholipid,PC/SM,Medium,Phosphocholine at 13% → PC or SM,"fragment:184.0741(Phosphocholine_C5H13NO4P,13%); fragment:369.3487(Cholesterol_-H2O,20%); fragment:369.3487(Hopanol,20%)",5.0
A15_221745,Mollusca,composite,OE23-POS,221745,766.634412,True,21,17,3,0,3,Phospholipid,PC/SM,High,Phosphocholine at 33% → PC or SM,"fragment:184.0732(Phosphocholine_C5H13NO4P,33%); fragment:369.3513(Cholesterol_-H2O,100%); fragment:369.3513(Hopanol,100%)",5.0
A15_221979,Nematoda,composite,OE23-POS,221979,1569.051235,True,61,14,1,0,1,Archaeal_Lipid,GDGT/Archaeol,Medium,1 archaeal lipid diagnostic fragments,"fragment:653.5498(GDGT_core,22%)",5.0
A15_222145,Nematoda,composite,OE23-POS,222145,1528.022768,True,23,23,1,0,1,Archaeal_Lipid,GDGT/Archaeol,Medium,1 archaeal lipid diagnostic fragments,"fragment:653.5457(GDGT_core,65%)",5.0
A15_222158,Streptophyta,indval_consensus,OE23-POS,222158,713.583882,True,101,15,3,0,3,Sterol,Sterol,Medium,Sterol dehydration fragments,"fragment:369.3508(Cholesterol_-H2O,9%); fragment:383.3669(Campesterol_-H2O,100%); fragment:369.3508(Hopanol,9%)",5.0
A15_222160,Streptophyta,indval_consensus,OE23-POS,222160,868.732484,True,59,57,2,0,2,Phospholipid,PC/SM,High,Phosphocholine at 43% → PC or SM,"fragment:184.0732(Phosphocholine_C5H13NO4P,43%); fragment:191.1799(Hopane_skeleton,6%)",5.0
A15_222233,Streptophyta,indval_consensus,OE23-POS,222233,395.366695,True,101,56,3,0,3,Sterol,Sterol,Medium,Sterol dehydration fragments,"fragment:395.3668(Stigmasterol_-H2O,58%); fragment:397.3830(Sitosterol_-H2O,74%); fragment:395.3668(Diplopterol,58%)",5.0
A15_222247,Nematoda,composite,OE23-POS,222247,1550.008499,True,29,16,1,0,1,Archaeal_Lipid,GDGT/Archaeol,Medium,1 archaeal lipid diagnostic fragments,"fragment:653.5477(GDGT_core,11%)",5.0
A15_222377,Streptophyta,indval_consensus,OE23-POS,222377,763.670214,True,55,55,2,0,2,Phospholipid,PC/SM,High,Phosphocholine at 100% → PC or SM,"fragment:184.0733(Phosphocholine_C5H13NO4P,100%); fragment:191.1773(Hopane_skeleton,9%)",5.0
A15_222384,Streptophyta,indval_consensus,OE23-POS,222384,381.351165,True,69,42,12,0,12,Terpenoid,Terpenoid,Medium,12 terpenoid fragments → terpenoid/isoprenoid,"fragment:69.0706(Isoprene_unit,100%); fragment:81.0705(Monoterpene_frag,23%); fragment:95.0860(Methylcyclohexenyl,22%); fragment:107.0857(Dimethylcyclohexenyl,10%); fragment:109.1015(Sesquiterpene_frag,19%); fragment:121.1016(Sesquiterpene_frag2,8%); fragment:123.1174(Sesquiterpene_frag3,6%); fragment:133.1015(Diterpene_frag,8%); fragment:135.1169(Diterpene_frag2,10%); fragment:147.1168(C11H15+,15%); fragment:149.1328(Sesterterpene_frag,6%); fragment:161.1324(C12H17+,14%)",5.0
A15_222479,Nematoda,composite,OE23-POS,222479,1544.040846,True,22,15,1,0,1,Archaeal_Lipid,GDGT/Archaeol,Medium,1 archaeal lipid diagnostic fragments,"fragment:653.5428(GDGT_core,5%)",5.0
A15_222486,Mollusca,composite,OE23-POS,222486,792.631946,True,29,29,1,0,1,Phospholipid,PC/SM,Medium,Phosphocholine at 20% → PC or SM,"fragment:184.0744(Phosphocholine_C5H13NO4P,20%)",5.0
A15_222534,Nematoda,composite,OE23-POS,222534,651.534853,True,17,17,1,0,1,Archaeal_Lipid,GDGT/Archaeol,Medium,1 archaeal lipid diagnostic fragments,"fragment:653.5489(GDGT_core,33%)",5.0
A15_222854,Streptophyta,indval_consensus,OE23-POS,222854,869.740608,True,26,12,1,0,1,Phospholipid,PC/SM,High,Phosphocholine at 52% → PC or SM,"fragment:184.0732(Phosphocholine_C5H13NO4P,52%)",5.0
A15_222924,Nematoda,composite,OE23-POS,222924,1528.024743,True,22,22,1,0,1,Archaeal_Lipid,GDGT/Archaeol,Medium,1 archaeal lipid diagnostic fragments,"fragment:653.5529(GDGT_core,62%)",5.0
A15_222926,Nematoda,composite,OE23-POS,222926,1550.005278,True,25,17,1,0,1,Archaeal_Lipid,GDGT/Archaeol,Medium,1 archaeal lipid diagnostic fragments,"fragment:653.5482(GDGT_core,12%)",5.0
A15_222947,Streptophyta,indval_consensus,OE23-POS,222947,383.367,True,64,64,1,0,1,Sterol,Sterol,Medium,Sterol dehydration fragments,"fragment:383.3672(Campesterol_-H2O,80%)",5.0
A15_222954,Streptophyta,indval_consensus,OE23-POS,222954,723.641952,True,27,6,1,0,1,Sterol,Sterol,Medium,Sterol dehydration fragments,"fragment:397.3818(Sitosterol_-H2O,14%)",5.0
A15_223141,Nematoda,composite,OE23-POS,223141,1552.025371,True,15,13,1,0,1,Archaeal_Lipid,GDGT/Archaeol,Medium,1 archaeal lipid diagnostic fragments,"fragment:653.5539(GDGT_core,19%)",5.0
A15_223183,Nematoda,composite,OE23-POS,223183,1569.054741,True,47,10,1,0,1,Archaeal_Lipid,GDGT/Archaeol,Medium,1 archaeal lipid diagnostic fragments,"fragment:653.5513(GDGT_core,11%)",5.0
A15_223193,Streptophyta,indval_consensus,OE23-POS,223193,813.567795,True,72,12,1,0,1,Quinone,Ubiquinone,Medium,Ubiquinone headgroup fragment,"fragment:197.0808(Ubiquinone_headgroup,100%)",5.0
A15_223194,Streptophyta,indval_consensus,OE23-POS,223194,814.571465,True,39,18,1,0,1,Quinone,Ubiquinone,Medium,Ubiquinone headgroup fragment,"fragment:197.0807(Ubiquinone_headgroup,100%)",5.0
A15_223204,Nematoda,composite,OE23-POS,223204,790.613711,True,22,22,1,0,1,Phospholipid,PC/SM,High,Phosphocholine at 25% → PC or SM,"fragment:184.0740(Phosphocholine_C5H13NO4P,25%)",5.0
A15_223230,Nematoda,composite,OE23-POS,223230,1553.031762,True,22,12,1,0,1,Archaeal_Lipid,GDGT/Archaeol,Medium,1 archaeal lipid diagnostic fragments,"fragment:653.5461(GDGT_core,19%)",5.0
A15_22326,Streptophyta,indval_consensus,OE23-POS,22326,694.43114,True,15,3,1,0,1,Phospholipid,PC/SM,High,Phosphocholine at 100% → PC or SM,"fragment:184.0732(Phosphocholine_C5H13NO4P,100%)",5.0
A15_223358,Streptophyta,indval_consensus,OE23-POS,223358,869.741026,True,48,36,1,0,1,Phospholipid,PC/SM,Medium,Phosphocholine at 14% → PC or SM,"fragment:184.0729(Phosphocholine_C5H13NO4P,14%)",5.0
A15_223383,Streptophyta,indval_consensus,OE23-POS,223383,397.382515,True,54,54,2,0,2,Sterol,Sterol,Medium,Sterol dehydration fragments,"fragment:397.3827(Sitosterol_-H2O,73%); fragment:225.0841(Hexose-H2O,14%)",5.0
A15_223550,Nematoda,composite,OE23-POS,223550,1571.066836,True,39,12,1,0,1,Archaeal_Lipid,GDGT/Archaeol,Medium,1 archaeal lipid diagnostic fragments,"fragment:653.5499(GDGT_core,48%)",5.0
A15_2237,Streptophyta,indval_consensus,OE23-POS,2237,392.278091,True,146,47,1,0,1,Quinone,Ubiquinone,Medium,Ubiquinone headgroup fragment,"fragment:197.0809(Ubiquinone_headgroup,18%)",5.0
A15_223862,Streptophyta,indval_consensus,OE23-POS,223862,397.382502,True,93,71,4,0,4,Sterol,Sterol,Medium,Sterol dehydration fragments,"fragment:395.3667(Stigmasterol_-H2O,25%); fragment:397.3832(Sitosterol_-H2O,84%); fragment:191.1816(Hopane_skeleton,8%); fragment:395.3667(Diplopterol,25%)",5.0
A15_223868,Streptophyta,indval_consensus,OE23-POS,223868,737.656246,True,28,4,1,0,1,Sterol,Sterol,Medium,Sterol dehydration fragments,"fragment:397.3834(Sitosterol_-H2O,25%)",5.0
A15_223954,Streptophyta,composite,OE23-POS,223954,736.644441,True,64,23,3,0,3,Phospholipid,PC/SM,Medium,Phosphocholine at 6% → PC or SM,"fragment:184.0734(Phosphocholine_C5H13NO4P,6%); fragment:369.3487(Cholesterol_-H2O,5%); fragment:369.3487(Hopanol,5%)",5.0
A15_223968,Streptophyta,indval_consensus,OE23-POS,223968,677.586464,True,58,28,1,0,1,Sterol,Sterol,Medium,Sterol dehydration fragments,"fragment:383.3671(Campesterol_-H2O,100%)",5.0
A15_223969,Streptophyta,indval_consensus,OE23-POS,223969,694.612905,True,60,60,2,0,2,Sterol,Sterol,Medium,Sterol dehydration fragments,"fragment:383.3659(Campesterol_-H2O,51%); fragment:397.3828(Sitosterol_-H2O,87%)",5.0
A15_224061,Nematoda,composite,OE23-POS,224061,1530.038796,True,23,23,1,0,1,Archaeal_Lipid,GDGT/Archaeol,Medium,1 archaeal lipid diagnostic fragments,"fragment:653.5494(GDGT_core,100%)",5.0
A15_224072,Nematoda,composite,OE23-POS,224072,1548.068402,True,49,21,1,0,1,Archaeal_Lipid,GDGT/Archaeol,Medium,1 archaeal lipid diagnostic fragments,"fragment:653.5482(GDGT_core,24%)",5.0
A15_224119,Nematoda,composite,OE23-POS,224119,1546.055923,True,29,14,1,0,1,Archaeal_Lipid,GDGT/Archaeol,Medium,1 archaeal lipid diagnostic fragments,"fragment:653.5485(GDGT_core,11%)",5.0
A15_224123,Nematoda,composite,OE23-POS,224123,1545.055478,True,46,15,1,0,1,Archaeal_Lipid,GDGT/Archaeol,Medium,1 archaeal lipid diagnostic fragments,"fragment:653.5491(GDGT_core,18%)",5.0
A15_224135,Streptophyta,indval_consensus,OE23-POS,224135,678.590585,True,36,13,1,0,1,Sterol,Sterol,Medium,Sterol dehydration fragments,"fragment:383.3674(Campesterol_-H2O,69%)",5.0
A15_224158,Nematoda,composite,OE23-POS,224158,1528.029783,True,21,21,1,0,1,Archaeal_Lipid,GDGT/Archaeol,Medium,1 archaeal lipid diagnostic fragments,"fragment:653.5477(GDGT_core,31%)",5.0
A15_224159,Nematoda,composite,OE23-POS,224159,1550.005044,True,21,13,1,0,1,Archaeal_Lipid,GDGT/Archaeol,Medium,1 archaeal lipid diagnostic fragments,"fragment:653.5443(GDGT_core,13%)",5.0
A15_224276,Streptophyta,indval_consensus,OE23-POS,224276,395.366742,True,65,65,3,0,3,Sterol,Sterol,Medium,Sterol dehydration fragments,"fragment:395.3679(Stigmasterol_-H2O,32%); fragment:397.3835(Sitosterol_-H2O,24%); fragment:395.3679(Diplopterol,32%)",5.0
A15_224289,Nematoda,composite,OE23-POS,224289,1556.052976,True,18,18,1,0,1,Archaeal_Lipid,GDGT/Archaeol,Medium,1 archaeal lipid diagnostic fragments,"fragment:653.5504(GDGT_core,100%)",5.0
A15_224290,Nematoda,composite,OE23-POS,224290,1573.079342,True,28,13,1,0,1,Archaeal_Lipid,GDGT/Archaeol,Medium,1 archaeal lipid diagnostic fragments,"fragment:653.5507(GDGT_core,61%)",5.0
A15_224292,Nematoda,composite,OE23-POS,224292,1578.033191,True,15,15,1,0,1,Archaeal_Lipid,GDGT/Archaeol,Medium,1 archaeal lipid diagnostic fragments,"fragment:653.5471(GDGT_core,20%)",5.0
A15_224550,Nematoda,composite,OE23-POS,224550,1571.070285,True,63,10,1,0,1,Archaeal_Lipid,GDGT/Archaeol,Medium,1 archaeal lipid diagnostic fragments,"fragment:653.5496(GDGT_core,32%)",5.0
A15_224551,Nematoda,composite,OE23-POS,224551,651.534823,True,21,21,1,0,1,Archaeal_Lipid,GDGT/Archaeol,Medium,1 archaeal lipid diagnostic fragments,"fragment:653.5526(GDGT_core,24%)",5.0
A15_224553,Streptophyta,indval_consensus,OE23-POS,224553,397.38252,True,85,85,3,0,3,Sterol,Sterol,Medium,Sterol dehydration fragments,"fragment:395.3673(Stigmasterol_-H2O,17%); fragment:397.3829(Sitosterol_-H2O,65%); fragment:395.3673(Diplopterol,17%)",5.0
A15_224605,Nematoda,composite,OE23-POS,224605,1547.065572,True,31,15,1,0,1,Archaeal_Lipid,GDGT/Archaeol,Medium,1 archaeal lipid diagnostic fragments,"fragment:653.5496(GDGT_core,46%)",5.0
A15_224884,Streptophyta,indval_consensus,OE23-POS,224884,735.642241,True,45,23,1,0,1,Sterol,Sterol,Medium,Sterol dehydration fragments,"fragment:397.3831(Sitosterol_-H2O,13%)",5.0
A15_224911,Mollusca,composite,OE23-POS,224911,687.570002,True,17,17,2,0,2,Sterol,Sterol,Medium,Sterol dehydration fragments,"fragment:369.3486(Cholesterol_-H2O,36%); fragment:369.3486(Hopanol,36%)",5.0
A15_224960,Streptophyta,indval_consensus,OE23-POS,224960,691.602138,True,75,16,1,0,1,Sterol,Sterol,Medium,Sterol dehydration fragments,"fragment:397.3826(Sitosterol_-H2O,100%)",5.0
A15_225150,Nematoda,composite,OE23-POS,225150,1550.084896,True,18,18,1,0,1,Archaeal_Lipid,GDGT/Archaeol,Medium,1 archaeal lipid diagnostic fragments,"fragment:653.5560(GDGT_core,19%)",5.0
A15_22531,Streptophyta,indval_consensus,OE23-POS,22531,672.417845,True,286,8,1,0,1,Phospholipid,PC/SM,High,Phosphocholine at 21% → PC or SM,"fragment:184.0733(Phosphocholine_C5H13NO4P,21%)",5.0
A15_225395,Nematoda,composite,OE23-POS,225395,1547.069187,True,46,45,1,0,1,Archaeal_Lipid,GDGT/Archaeol,Medium,1 archaeal lipid diagnostic fragments,"fragment:653.5498(GDGT_core,49%)",5.0
A15_225478,Streptophyta,indval_consensus,OE23-POS,225478,397.382487,True,95,95,3,0,3,Sterol,Sterol,Medium,Sterol dehydration fragments,"fragment:395.3676(Stigmasterol_-H2O,21%); fragment:397.3828(Sitosterol_-H2O,45%); fragment:395.3676(Diplopterol,21%)",5.0
A15_225586,Nematoda,composite,OE23-POS,225586,1575.095769,True,24,24,1,0,1,Archaeal_Lipid,GDGT/Archaeol,Medium,1 archaeal lipid diagnostic fragments,"fragment:653.5585(GDGT_core,49%)",5.0
A15_225599,Nematoda,composite,OE23-POS,225599,1574.08899,True,18,18,1,0,1,Archaeal_Lipid,GDGT/Archaeol,Medium,1 archaeal lipid diagnostic fragments,"fragment:653.5486(GDGT_core,89%)",5.0
A15_225624,Streptophyta,indval_consensus,OE23-POS,225624,395.366713,True,52,52,2,0,2,Sterol,Sterol,Medium,Sterol dehydration fragments,"fragment:395.3687(Stigmasterol_-H2O,32%); fragment:395.3687(Diplopterol,32%)",5.0
A15_225729,Nematoda,composite,OE23-POS,225729,1573.08512,True,43,23,1,0,1,Archaeal_Lipid,GDGT/Archaeol,Medium,1 archaeal lipid diagnostic fragments,"fragment:653.5510(GDGT_core,62%)",5.0
A15_225828,Nematoda,composite,OE23-POS,225828,1549.079387,True,31,26,1,0,1,Archaeal_Lipid,GDGT/Archaeol,Medium,1 archaeal lipid diagnostic fragments,"fragment:653.5555(GDGT_core,22%)",5.0
A15_226014,Nematoda,composite,OE23-POS,226014,1575.098168,True,18,18,1,0,1,Archaeal_Lipid,GDGT/Archaeol,Medium,1 archaeal lipid diagnostic fragments,"fragment:653.5509(GDGT_core,67%)",5.0
A15_226504,Streptophyta,indval_consensus,OE23-POS,226504,696.628105,True,36,36,1,0,1,Sterol,Sterol,Medium,Sterol dehydration fragments,"fragment:383.3669(Campesterol_-H2O,48%)",5.0
A15_22666,Streptophyta,indval_consensus,OE23-POS,22666,410.266499,True,237,20,5,0,5,Terpenoid,Terpenoid,Medium,5 terpenoid fragments → terpenoid/isoprenoid,"fragment:69.0706(Isoprene_unit,7%); fragment:81.0705(Monoterpene_frag,13%); fragment:95.0860(Methylcyclohexenyl,19%); fragment:109.1015(Sesquiterpene_frag,10%); fragment:123.1170(Sesquiterpene_frag3,6%)",5.0
A15_227179,Streptophyta,indval_consensus,OE23-POS,227179,710.643908,True,73,73,3,0,3,Sterol,Sterol,Medium,Sterol dehydration fragments,"fragment:395.3691(Stigmasterol_-H2O,20%); fragment:397.3827(Sitosterol_-H2O,58%); fragment:395.3691(Diplopterol,20%)",5.0
A15_22729,Streptophyta,indval_consensus,OE23-POS,22729,666.397852,True,36,36,1,0,1,Phospholipid,PC/SM,High,Phosphocholine at 100% → PC or SM,"fragment:184.0733(Phosphocholine_C5H13NO4P,100%)",5.0
A15_22772,Streptophyta,indval_consensus,OE23-POS,22772,261.220927,True,84,36,15,0,15,Terpenoid,Terpenoid,Medium,15 terpenoid fragments → terpenoid/isoprenoid,"fragment:69.0706(Isoprene_unit,33%); fragment:81.0705(Monoterpene_frag,89%); fragment:93.0703(Toluenium,100%); fragment:95.0860(Methylcyclohexenyl,63%); fragment:105.0703(Xylene_cation,26%); fragment:107.0858(Dimethylcyclohexenyl,48%); fragment:109.1015(Sesquiterpene_frag,27%); fragment:119.0858(C9H11+,26%); fragment:121.1014(Sesquiterpene_frag2,49%); fragment:123.1172(Sesquiterpene_frag3,8%); fragment:133.1014(Diterpene_frag,21%); fragment:135.1169(Diterpene_frag2,29%); fragment:147.1169(C11H15+,13%); fragment:149.1326(Sesterterpene_frag,17%); fragment:161.1323(C12H17+,11%)",5.0
A15_22984,Streptophyta,indval_consensus,OE23-POS,22984,481.349566,True,77,9,1,0,1,Phospholipid,PC/SM,High,Phosphocholine at 71% → PC or SM,"fragment:184.0733(Phosphocholine_C5H13NO4P,71%)",5.0
A15_2302,Streptophyta,indval_consensus,OE23-POS,2302,366.26316,True,223,46,12,0,12,Terpenoid,Terpenoid,Medium,12 terpenoid fragments → terpenoid/isoprenoid,"fragment:69.0705(Isoprene_unit,11%); fragment:81.0704(Monoterpene_frag,26%); fragment:93.0703(Toluenium,17%); fragment:95.0860(Methylcyclohexenyl,15%); fragment:105.0706(Xylene_cation,7%); fragment:107.0857(Dimethylcyclohexenyl,18%); fragment:109.1015(Sesquiterpene_frag,10%); fragment:119.0857(C9H11+,10%); fragment:121.1015(Sesquiterpene_frag2,12%); fragment:133.1018(Diterpene_frag,10%); fragment:135.1173(Diterpene_frag2,6%); fragment:147.1175(C11H15+,9%)",5.0
A15_23038,Streptophyta,indval_consensus,OE23-POS,23038,375.267843,True,218,73,15,0,15,Terpenoid,Terpenoid,Medium,15 terpenoid fragments → terpenoid/isoprenoid,"fragment:69.0706(Isoprene_unit,24%); fragment:81.0705(Monoterpene_frag,77%); fragment:93.0703(Toluenium,75%); fragment:95.0860(Methylcyclohexenyl,76%); fragment:105.0702(Xylene_cation,60%); fragment:107.0859(Dimethylcyclohexenyl,51%); fragment:109.1015(Sesquiterpene_frag,38%); fragment:119.0858(C9H11+,86%); fragment:121.1014(Sesquiterpene_frag2,100%); fragment:123.1172(Sesquiterpene_frag3,12%); fragment:133.1014(Diterpene_frag,51%); fragment:135.1171(Diterpene_frag2,20%); fragment:147.1171(C11H15+,31%); fragment:161.1325(C12H17+,6%); fragment:175.1484(C13H19+,7%)",5.0
A15_23364,Streptophyta,indval_consensus,OE23-POS,23364,349.251956,True,65,65,1,0,1,Betaine_Lipid,DGTS,Medium,DGTS headgroup fragment,"fragment:236.1508(DGTS_headgroup,8%)",5.0
A15_23369,Streptophyta,indval_consensus,OE23-POS,23369,599.409723,True,118,107,13,0,13,Terpenoid,Terpenoid,Medium,13 terpenoid fragments → terpenoid/isoprenoid,"fragment:81.0704(Monoterpene_frag,14%); fragment:93.0706(Toluenium,13%); fragment:95.0860(Methylcyclohexenyl,27%); fragment:105.0700(Xylene_cation,12%); fragment:107.0860(Dimethylcyclohexenyl,23%); fragment:109.1015(Sesquiterpene_frag,20%); fragment:119.0858(C9H11+,22%); fragment:121.1016(Sesquiterpene_frag2,29%); fragment:123.1172(Sesquiterpene_frag3,15%); fragment:133.1015(Diterpene_frag,28%); fragment:135.1171(Diterpene_frag2,26%); fragment:147.1171(C11H15+,14%); fragment:175.1482(C13H19+,16%)",5.0
A15_2340,Streptophyta,indval_consensus,OE23-POS,2340,257.189527,True,191,81,14,0,14,Terpenoid,Terpenoid,Medium,14 terpenoid fragments → terpenoid/isoprenoid,"fragment:69.0706(Isoprene_unit,37%); fragment:81.0704(Monoterpene_frag,50%); fragment:93.0703(Toluenium,35%); fragment:95.0859(Methylcyclohexenyl,42%); fragment:105.0702(Xylene_cation,26%); fragment:107.0858(Dimethylcyclohexenyl,33%); fragment:109.1013(Sesquiterpene_frag,23%); fragment:119.0857(C9H11+,29%); fragment:121.1013(Sesquiterpene_frag2,37%); fragment:123.1170(Sesquiterpene_frag3,8%); fragment:133.1012(Diterpene_frag,25%); fragment:135.1169(Diterpene_frag2,15%); fragment:147.1170(C11H15+,11%); fragment:161.1321(C12H17+,8%)",5.0
A15_23608,Streptophyta,indval_consensus,OE23-POS,23608,534.362878,True,86,53,2,0,2,Sphingolipid,SM,High,Sphingoid base + phosphocholine → SM,"fragment:184.0734(Phosphocholine_C5H13NO4P,62%); fragment:264.2407(Sphingoid_d18:1,24%)",5.0
A15_24086,Streptophyta,indval_consensus,OE23-POS,24086,499.347755,True,76,10,1,0,1,Phospholipid,PC/SM,High,Phosphocholine at 74% → PC or SM,"fragment:184.0733(Phosphocholine_C5H13NO4P,74%)",5.0
A15_24393,Streptophyta,indval_consensus,OE23-POS,24393,639.430222,True,65,37,9,0,9,Terpenoid,Terpenoid,Medium,9 terpenoid fragments → terpenoid/isoprenoid,"fragment:69.0706(Isoprene_unit,10%); fragment:81.0704(Monoterpene_frag,8%); fragment:95.0859(Methylcyclohexenyl,9%); fragment:105.0702(Xylene_cation,10%); fragment:121.1014(Sesquiterpene_frag2,7%); fragment:123.1170(Sesquiterpene_frag3,6%); fragment:135.1170(Diterpene_frag2,6%); fragment:147.1173(C11H15+,6%); fragment:149.1327(Sesterterpene_frag,7%)",5.0
A15_24478,Streptophyta,indval_consensus,OE23-POS,24478,393.278009,True,161,74,15,0,15,Terpenoid,Terpenoid,Medium,15 terpenoid fragments → terpenoid/isoprenoid,"fragment:69.0705(Isoprene_unit,37%); fragment:81.0705(Monoterpene_frag,84%); fragment:93.0703(Toluenium,100%); fragment:95.0860(Methylcyclohexenyl,73%); fragment:105.0701(Xylene_cation,41%); fragment:107.0858(Dimethylcyclohexenyl,74%); fragment:109.1016(Sesquiterpene_frag,41%); fragment:119.0857(C9H11+,97%); fragment:121.1014(Sesquiterpene_frag2,70%); fragment:123.1171(Sesquiterpene_frag3,19%); fragment:133.1013(Diterpene_frag,54%); fragment:135.1169(Diterpene_frag2,36%); fragment:147.1168(C11H15+,33%); fragment:161.1326(C12H17+,16%); fragment:175.1480(C13H19+,36%)",5.0
A15_2481,Streptophyta,indval_consensus,OE23-POS,2481,548.339351,True,43,15,1,0,1,Betaine_Lipid,DGTS,Medium,DGTS headgroup fragment,"fragment:236.1489(DGTS_headgroup,60%)",5.0
A15_24849,Streptophyta,indval_consensus,OE23-POS,24849,694.431343,True,114,56,1,0,1,Phospholipid,PC/SM,High,Phosphocholine at 36% → PC or SM,"fragment:184.0734(Phosphocholine_C5H13NO4P,36%)",5.0
A15_24897,Streptophyta,indval_consensus,OE23-POS,24897,393.239687,True,152,24,8,0,8,Terpenoid,Terpenoid,Medium,8 terpenoid fragments → terpenoid/isoprenoid,"fragment:69.0706(Isoprene_unit,18%); fragment:81.0704(Monoterpene_frag,29%); fragment:93.0703(Toluenium,6%); fragment:95.0859(Methylcyclohexenyl,37%); fragment:109.1015(Sesquiterpene_frag,17%); fragment:121.1015(Sesquiterpene_frag2,6%); fragment:123.1170(Sesquiterpene_frag3,7%); fragment:133.0860(Diterpene_frag,5%)",5.0
A15_24955,Streptophyta,indval_consensus,OE23-POS,24955,625.265035,True,154,46,8,0,8,Terpenoid,Terpenoid,Medium,8 terpenoid fragments → terpenoid/isoprenoid,"fragment:81.0705(Monoterpene_frag,7%); fragment:93.0704(Toluenium,7%); fragment:95.0860(Methylcyclohexenyl,11%); fragment:107.0859(Dimethylcyclohexenyl,7%); fragment:109.1017(Sesquiterpene_frag,9%); fragment:121.1015(Sesquiterpene_frag2,8%); fragment:135.1169(Diterpene_frag2,7%); fragment:147.1171(C11H15+,5%)",5.0
A15_24995,Streptophyta,indval_consensus,OE23-POS,24995,508.345771,True,171,95,1,0,1,Phospholipid,PC/SM,High,Phosphocholine at 24% → PC or SM,"fragment:184.0733(Phosphocholine_C5H13NO4P,24%)",5.0
A15_2507,Streptophyta,indval_consensus,OE23-POS,2507,253.179366,True,146,10,5,0,5,Terpenoid,Terpenoid,Medium,5 terpenoid fragments → terpenoid/isoprenoid,"fragment:69.0706(Isoprene_unit,6%); fragment:81.0704(Monoterpene_frag,6%); fragment:95.0860(Methylcyclohexenyl,6%); fragment:121.1013(Sesquiterpene_frag2,6%); fragment:123.1170(Sesquiterpene_frag3,5%)",5.0
A15_25387,Streptophyta,indval_consensus,OE23-POS,25387,321.241448,True,157,81,1,0,1,Pentacyclic_Triterpenoid,Hopanoid,Low,Hopanoid diagnostic fragments,"fragment:191.1796(Hopane_skeleton,7%)",5.0
A15_25708,Streptophyta,indval_consensus,OE23-POS,25708,483.347982,True,99,55,14,0,14,Terpenoid,Terpenoid,Medium,14 terpenoid fragments → terpenoid/isoprenoid,"fragment:69.0706(Isoprene_unit,11%); fragment:81.0707(Monoterpene_frag,25%); fragment:93.0704(Toluenium,15%); fragment:95.0860(Methylcyclohexenyl,28%); fragment:105.0703(Xylene_cation,12%); fragment:107.0859(Dimethylcyclohexenyl,41%); fragment:109.1015(Sesquiterpene_frag,40%); fragment:119.0859(C9H11+,10%); fragment:121.1014(Sesquiterpene_frag2,15%); fragment:123.1168(Sesquiterpene_frag3,12%); fragment:133.1014(Diterpene_frag,8%); fragment:135.1173(Diterpene_frag2,10%); fragment:147.1169(C11H15+,29%); fragment:161.1330(C12H17+,7%)",5.0
A15_25725,Streptophyta,indval_consensus,OE23-POS,25725,534.378218,True,16,13,1,0,1,Betaine_Lipid,DGTS,Medium,DGTS headgroup fragment,"fragment:236.1489(DGTS_headgroup,55%)",5.0
A15_25809,Streptophyta,indval_consensus,OE23-POS,25809,259.2053,True,58,29,14,0,14,Terpenoid,Terpenoid,Medium,14 terpenoid fragments → terpenoid/isoprenoid,"fragment:69.0705(Isoprene_unit,20%); fragment:81.0704(Monoterpene_frag,79%); fragment:93.0703(Toluenium,13%); fragment:95.0859(Methylcyclohexenyl,100%); fragment:105.0704(Xylene_cation,7%); fragment:107.0861(Dimethylcyclohexenyl,17%); fragment:109.1016(Sesquiterpene_frag,17%); fragment:119.0853(C9H11+,11%); fragment:121.1015(Sesquiterpene_frag2,9%); fragment:123.1173(Sesquiterpene_frag3,6%); fragment:133.1010(Diterpene_frag,17%); fragment:135.1170(Diterpene_frag2,7%); fragment:147.1171(C11H15+,7%); fragment:149.1328(Sesterterpene_frag,7%)",5.0
A15_25879,Mollusca,composite,OE23-POS,25879,574.286755,True,26,3,1,0,1,Phospholipid,PC/SM,High,Phosphocholine at 100% → PC or SM,"fragment:184.0733(Phosphocholine_C5H13NO4P,100%)",5.0
A15_26139,Streptophyta,indval_consensus,OE23-POS,26139,496.359808,True,22,9,1,0,1,Betaine_Lipid,DGTS,Medium,DGTS headgroup fragment,"fragment:236.1498(DGTS_headgroup,10%)",5.0
A15_26224,Streptophyta,indval_consensus,OE23-POS,26224,545.384022,True,54,9,1,0,1,Phospholipid,PC/SM,High,Phosphocholine at 77% → PC or SM,"fragment:184.0732(Phosphocholine_C5H13NO4P,77%)",5.0
A15_26269,Streptophyta,indval_consensus,OE23-POS,26269,663.464621,True,29,27,3,0,3,Terpenoid,Terpenoid,Low,3 terpenoid fragments → possible terpenoid/isoprenoid,"fragment:109.1015(Sesquiterpene_frag,6%); fragment:119.0852(C9H11+,7%); fragment:121.1017(Sesquiterpene_frag2,8%)",5.0
A15_26459,Streptophyta,indval_consensus,OE23-POS,26459,664.418586,True,14,6,1,0,1,Phospholipid,PC/SM,High,Phosphocholine at 100% → PC or SM,"fragment:184.0732(Phosphocholine_C5H13NO4P,100%)",5.0
A15_26537,Streptophyta,indval_consensus,OE23-POS,26537,824.551777,True,40,19,1,0,1,Phospholipid,PC/SM,Medium,Phosphocholine at 14% → PC or SM,"fragment:184.0735(Phosphocholine_C5H13NO4P,14%)",5.0
A15_26698,Streptophyta,indval_consensus,OE23-POS,26698,840.546502,True,190,121,1,0,1,Phospholipid,PC/SM,High,Phosphocholine at 100% → PC or SM,"fragment:184.0734(Phosphocholine_C5H13NO4P,100%)",5.0
A15_26769,Streptophyta,indval_consensus,OE23-POS,26769,615.440276,True,136,118,14,0,14,Terpenoid,Terpenoid,Medium,14 terpenoid fragments → terpenoid/isoprenoid,"fragment:81.0706(Monoterpene_frag,12%); fragment:93.0703(Toluenium,17%); fragment:95.0860(Methylcyclohexenyl,22%); fragment:105.0703(Xylene_cation,12%); fragment:107.0860(Dimethylcyclohexenyl,33%); fragment:109.1016(Sesquiterpene_frag,22%); fragment:119.0860(C9H11+,23%); fragment:121.1015(Sesquiterpene_frag2,31%); fragment:123.1172(Sesquiterpene_frag3,14%); fragment:133.1016(Diterpene_frag,21%); fragment:135.1171(Diterpene_frag2,25%); fragment:147.1171(C11H15+,17%); fragment:161.1327(C12H17+,9%); fragment:175.1483(C13H19+,17%)",5.0
A15_27091,Streptophyta,indval_consensus,OE23-POS,27091,375.267883,True,208,78,15,0,15,Terpenoid,Terpenoid,Medium,15 terpenoid fragments → terpenoid/isoprenoid,"fragment:69.0706(Isoprene_unit,37%); fragment:81.0704(Monoterpene_frag,86%); fragment:93.0703(Toluenium,100%); fragment:95.0860(Methylcyclohexenyl,73%); fragment:105.0702(Xylene_cation,60%); fragment:107.0858(Dimethylcyclohexenyl,59%); fragment:109.1015(Sesquiterpene_frag,47%); fragment:119.0858(C9H11+,81%); fragment:121.1014(Sesquiterpene_frag2,100%); fragment:123.1170(Sesquiterpene_frag3,13%); fragment:133.1014(Diterpene_frag,49%); fragment:135.1169(Diterpene_frag2,24%); fragment:147.1169(C11H15+,32%); fragment:161.1327(C12H17+,8%); fragment:175.1483(C13H19+,14%)",5.0
A15_27130,Streptophyta,indval_consensus,OE23-POS,27130,451.283156,True,79,59,13,0,13,Terpenoid,Terpenoid,Medium,13 terpenoid fragments → terpenoid/isoprenoid,"fragment:69.0706(Isoprene_unit,11%); fragment:81.0705(Monoterpene_frag,25%); fragment:93.0704(Toluenium,24%); fragment:95.0861(Methylcyclohexenyl,19%); fragment:105.0704(Xylene_cation,10%); fragment:107.0859(Dimethylcyclohexenyl,22%); fragment:109.1016(Sesquiterpene_frag,26%); fragment:119.0854(C9H11+,10%); fragment:121.1017(Sesquiterpene_frag2,21%); fragment:123.1164(Sesquiterpene_frag3,6%); fragment:133.1007(Diterpene_frag,6%); fragment:135.1172(Diterpene_frag2,7%); fragment:147.1172(C11H15+,11%)",5.0
A15_27380,Streptophyta,indval_consensus,OE23-POS,27380,616.442202,True,140,66,12,0,12,Terpenoid,Terpenoid,Medium,12 terpenoid fragments → terpenoid/isoprenoid,"fragment:93.0704(Toluenium,17%); fragment:95.0861(Methylcyclohexenyl,13%); fragment:105.0704(Xylene_cation,19%); fragment:107.0860(Dimethylcyclohexenyl,25%); fragment:109.1016(Sesquiterpene_frag,18%); fragment:119.0858(C9H11+,21%); fragment:121.1013(Sesquiterpene_frag2,27%); fragment:123.1169(Sesquiterpene_frag3,5%); fragment:133.1013(Diterpene_frag,19%); fragment:135.1170(Diterpene_frag2,14%); fragment:147.1170(C11H15+,6%); fragment:175.1486(C13H19+,12%)",5.0
A15_27389,Streptophyta,indval_consensus,OE23-POS,27389,829.507832,True,56,21,1,0,1,Phospholipid,PC/SM,High,Phosphocholine at 100% → PC or SM,"fragment:184.0733(Phosphocholine_C5H13NO4P,100%)",5.0
A15_27525,Streptophyta,indval_consensus,OE23-POS,27525,664.418581,True,39,3,1,0,1,Phospholipid,PC/SM,High,Phosphocholine at 100% → PC or SM,"fragment:184.0733(Phosphocholine_C5H13NO4P,100%)",5.0
A15_27671,Streptophyta,indval_consensus,OE23-POS,27671,762.514713,True,64,20,1,0,1,Phospholipid,PC/SM,High,Phosphocholine at 29% → PC or SM,"fragment:184.0733(Phosphocholine_C5H13NO4P,29%)",5.0
A15_27702,Streptophyta,indval_consensus,OE23-POS,27702,771.504253,True,78,43,1,3,4,Sphingolipid,SM,High,Sphingoid base + phosphocholine → SM,"fragment:184.0735(Phosphocholine_C5H13NO4P,5%); loss:162.0528(Hexose_loss,100%); loss:180.0634(Hexose+H2O_loss,13%); loss:180.0634(Hexose_ceramide,13%)",5.0
A15_27860,Streptophyta,indval_consensus,OE23-POS,27860,694.487526,True,63,13,3,0,3,Terpenoid,Terpenoid,Low,3 terpenoid fragments → possible terpenoid/isoprenoid,"fragment:81.0705(Monoterpene_frag,5%); fragment:109.1013(Sesquiterpene_frag,6%); fragment:121.1016(Sesquiterpene_frag2,6%)",5.0
A15_28057,Streptophyta,indval_consensus,OE23-POS,28057,607.254775,True,28,8,1,0,1,Phospholipid,PC/SM,High,Phosphocholine at 27% → PC or SM,"fragment:184.0732(Phosphocholine_C5H13NO4P,27%)",5.0
A15_28073,Streptophyta,indval_consensus,OE23-POS,28073,728.424554,True,115,33,1,0,1,Phospholipid,PC/SM,Medium,Phosphocholine at 7% → PC or SM,"fragment:184.0734(Phosphocholine_C5H13NO4P,7%)",5.0
A15_28893,Arthropoda,composite,OE23-POS,28893,368.371215,True,113,8,2,0,2,Sterol,Sterol,Medium,Sterol dehydration fragments,"fragment:369.3547(Cholesterol_-H2O,13%); fragment:369.3547(Hopanol,13%)",5.0
A15_2895,Streptophyta,indval_consensus,OE23-POS,2895,647.394666,True,160,73,12,0,12,Terpenoid,Terpenoid,Medium,12 terpenoid fragments → terpenoid/isoprenoid,"fragment:93.0704(Toluenium,16%); fragment:95.0860(Methylcyclohexenyl,17%); fragment:105.0704(Xylene_cation,8%); fragment:107.0859(Dimethylcyclohexenyl,18%); fragment:109.1016(Sesquiterpene_frag,19%); fragment:119.0859(C9H11+,14%); fragment:121.1015(Sesquiterpene_frag2,25%); fragment:123.1175(Sesquiterpene_frag3,9%); fragment:133.1012(Diterpene_frag,16%); fragment:135.1173(Diterpene_frag2,9%); fragment:147.1175(C11H15+,8%); fragment:175.1485(C13H19+,8%)",5.0
A15_29096,Streptophyta,indval_consensus,OE23-POS,29096,983.575377,True,63,16,0,2,2,Sphingolipid,Ceramide,Medium,Sphingoid base fragments,"loss:180.0634(Hexose+H2O_loss,5%); loss:180.0634(Hexose_ceramide,5%)",5.0
A15_29164,Streptophyta,indval_consensus,OE23-POS,29164,483.366534,True,134,49,10,0,10,Terpenoid,Terpenoid,Medium,10 terpenoid fragments → terpenoid/isoprenoid,"fragment:69.0705(Isoprene_unit,21%); fragment:81.0704(Monoterpene_frag,34%); fragment:93.0703(Toluenium,12%); fragment:95.0858(Methylcyclohexenyl,45%); fragment:107.0858(Dimethylcyclohexenyl,15%); fragment:109.1015(Sesquiterpene_frag,23%); fragment:121.1014(Sesquiterpene_frag2,9%); fragment:123.1172(Sesquiterpene_frag3,12%); fragment:133.1014(Diterpene_frag,15%); fragment:147.1168(C11H15+,6%)",5.0
A15_29167,Streptophyta,indval_consensus,OE23-POS,29167,375.267984,True,95,61,15,0,15,Terpenoid,Terpenoid,Medium,15 terpenoid fragments → terpenoid/isoprenoid,"fragment:69.0706(Isoprene_unit,26%); fragment:81.0704(Monoterpene_frag,70%); fragment:93.0703(Toluenium,86%); fragment:95.0860(Methylcyclohexenyl,62%); fragment:105.0702(Xylene_cation,60%); fragment:107.0860(Dimethylcyclohexenyl,52%); fragment:109.1014(Sesquiterpene_frag,31%); fragment:119.0857(C9H11+,73%); fragment:121.1014(Sesquiterpene_frag2,100%); fragment:123.1175(Sesquiterpene_frag3,10%); fragment:133.1011(Diterpene_frag,43%); fragment:135.1170(Diterpene_frag2,18%); fragment:147.1168(C11H15+,21%); fragment:161.1331(C12H17+,10%); fragment:175.1487(C13H19+,7%)",5.0
A15_292,Chlorophyta,composite,OE23-POS,292,690.333583,True,145,25,1,0,1,Phospholipid,PG,Medium,Glycerophosphoglycerol diagnostic ions,"fragment:171.0296(Glycerophosphoglycerol,6%)",5.0
A15_2931,Streptophyta,indval_consensus,OE23-POS,2931,354.262838,True,134,40,14,0,14,Terpenoid,Terpenoid,Medium,14 terpenoid fragments → terpenoid/isoprenoid,"fragment:69.0706(Isoprene_unit,15%); fragment:81.0704(Monoterpene_frag,25%); fragment:93.0703(Toluenium,14%); fragment:95.0861(Methylcyclohexenyl,19%); fragment:105.0702(Xylene_cation,11%); fragment:107.0857(Dimethylcyclohexenyl,10%); fragment:109.1015(Sesquiterpene_frag,13%); fragment:119.0857(C9H11+,8%); fragment:121.1013(Sesquiterpene_frag2,10%); fragment:123.1174(Sesquiterpene_frag3,6%); fragment:133.1012(Diterpene_frag,6%); fragment:135.1171(Diterpene_frag2,6%); fragment:147.1174(C11H15+,5%); fragment:149.1330(Sesterterpene_frag,5%)",5.0
A15_30037,Streptophyta,indval_consensus,OE23-POS,30037,694.48755,True,328,101,1,1,2,Phospholipid,PC/SM,High,Phosphocholine at 40% → PC or SM,"fragment:184.0734(Phosphocholine_C5H13NO4P,40%); loss:87.0320(Serine,5%)",5.0
A15_30168,Streptophyta,indval_consensus,OE23-POS,30168,608.393405,True,40,2,1,0,1,Phospholipid,PC/SM,High,Phosphocholine at 100% → PC or SM,"fragment:184.0733(Phosphocholine_C5H13NO4P,100%)",5.0
A15_3024,Streptophyta,indval_consensus,OE23-POS,3024,627.280418,True,180,15,3,0,3,Terpenoid,Terpenoid,Low,3 terpenoid fragments → possible terpenoid/isoprenoid,"fragment:109.1014(Sesquiterpene_frag,7%); fragment:121.1014(Sesquiterpene_frag2,7%); fragment:123.1171(Sesquiterpene_frag3,5%)",5.0
A15_30264,Streptophyta,indval_consensus,OE23-POS,30264,829.506499,True,64,14,1,0,1,Phospholipid,PC/SM,High,Phosphocholine at 100% → PC or SM,"fragment:184.0733(Phosphocholine_C5H13NO4P,100%)",5.0
A15_30276,Streptophyta,indval_consensus,OE23-POS,30276,393.2972,True,86,39,12,0,12,Terpenoid,Terpenoid,Medium,12 terpenoid fragments → terpenoid/isoprenoid,"fragment:69.0706(Isoprene_unit,42%); fragment:81.0704(Monoterpene_frag,17%); fragment:93.0704(Toluenium,12%); fragment:95.0859(Methylcyclohexenyl,18%); fragment:105.0702(Xylene_cation,5%); fragment:107.0859(Dimethylcyclohexenyl,8%); fragment:109.1016(Sesquiterpene_frag,9%); fragment:119.0858(C9H11+,9%); fragment:121.1014(Sesquiterpene_frag2,7%); fragment:123.1169(Sesquiterpene_frag3,7%); fragment:133.1015(Diterpene_frag,7%); fragment:135.1170(Diterpene_frag2,6%)",5.0
A15_30301,Streptophyta,indval_consensus,OE23-POS,30301,259.205095,True,74,62,16,0,16,Terpenoid,Terpenoid,Medium,16 terpenoid fragments → terpenoid/isoprenoid,"fragment:69.0706(Isoprene_unit,100%); fragment:81.0705(Monoterpene_frag,55%); fragment:93.0703(Toluenium,37%); fragment:95.0860(Methylcyclohexenyl,45%); fragment:105.0702(Xylene_cation,34%); fragment:107.0858(Dimethylcyclohexenyl,36%); fragment:109.1013(Sesquiterpene_frag,32%); fragment:119.0857(C9H11+,63%); fragment:121.1013(Sesquiterpene_frag2,31%); fragment:123.1168(Sesquiterpene_frag3,29%); fragment:133.1012(Diterpene_frag,54%); fragment:135.1174(Diterpene_frag2,8%); fragment:147.1168(C11H15+,32%); fragment:161.1323(C12H17+,35%); fragment:175.1481(C13H19+,86%); fragment:189.1648(Hopane_C14,5%)",5.0
A15_30530,Streptophyta,indval_consensus,OE23-POS,30530,625.26536,True,111,26,1,1,2,Phospholipid,PC/SM,Medium,Phosphocholine at 7% → PC or SM,"fragment:184.0733(Phosphocholine_C5H13NO4P,7%); loss:87.0320(Serine,11%)",5.0
A15_30678,Streptophyta,indval_consensus,OE23-POS,30678,822.540613,True,287,37,1,1,2,Phospholipid,PC/SM,High,Phosphocholine at 22% → PC or SM,"fragment:184.0734(Phosphocholine_C5H13NO4P,22%); loss:87.0320(Serine,7%)",5.0
A15_30681,Streptophyta,indval_consensus,OE23-POS,30681,828.502353,True,233,11,1,0,1,Phospholipid,PC/SM,High,Phosphocholine at 56% → PC or SM,"fragment:184.0733(Phosphocholine_C5H13NO4P,56%)",5.0
A15_30684,Streptophyta,indval_consensus,OE23-POS,30684,842.559523,True,36,36,1,0,1,Phospholipid,PC/SM,High,Phosphocholine at 54% → PC or SM,"fragment:184.0737(Phosphocholine_C5H13NO4P,54%)",5.0
A15_30715,Streptophyta,indval_consensus,OE23-POS,30715,844.530902,True,73,46,1,0,1,Phospholipid,PC/SM,High,Phosphocholine at 100% → PC or SM,"fragment:184.0734(Phosphocholine_C5H13NO4P,100%)",5.0
A15_30726,Streptophyta,indval_consensus,OE23-POS,30726,724.455233,True,14,14,1,0,1,Phospholipid,PC/SM,High,Phosphocholine at 100% → PC or SM,"fragment:184.0732(Phosphocholine_C5H13NO4P,100%)",5.0
A15_30727,Mollusca,composite,OE23-POS,30727,368.324757,True,62,54,11,0,11,Terpenoid,Terpenoid,Medium,11 terpenoid fragments → terpenoid/isoprenoid,"fragment:69.0706(Isoprene_unit,100%); fragment:81.0705(Monoterpene_frag,73%); fragment:93.0703(Toluenium,22%); fragment:95.0859(Methylcyclohexenyl,68%); fragment:105.0709(Xylene_cation,6%); fragment:107.0860(Dimethylcyclohexenyl,18%); fragment:109.1016(Sesquiterpene_frag,33%); fragment:121.1014(Sesquiterpene_frag2,33%); fragment:123.1170(Sesquiterpene_frag3,16%); fragment:135.1167(Diterpene_frag2,31%); fragment:149.1329(Sesterterpene_frag,12%)",5.0
A15_3074,Streptophyta,indval_consensus,OE23-POS,3074,320.25801,True,163,20,12,0,12,Terpenoid,Terpenoid,Medium,12 terpenoid fragments → terpenoid/isoprenoid,"fragment:69.0705(Isoprene_unit,8%); fragment:81.0705(Monoterpene_frag,15%); fragment:93.0703(Toluenium,12%); fragment:95.0860(Methylcyclohexenyl,10%); fragment:105.0703(Xylene_cation,7%); fragment:107.0859(Dimethylcyclohexenyl,11%); fragment:109.1014(Sesquiterpene_frag,6%); fragment:119.0857(C9H11+,9%); fragment:121.1014(Sesquiterpene_frag2,8%); fragment:133.1011(Diterpene_frag,8%); fragment:135.1168(Diterpene_frag2,7%); fragment:147.1167(C11H15+,6%)",5.0
A15_30896,Streptophyta,indval_consensus,OE23-POS,30896,510.363568,True,179,23,1,0,1,Phospholipid,PC/SM,Medium,Phosphocholine at 7% → PC or SM,"fragment:184.0734(Phosphocholine_C5H13NO4P,7%)",5.0
A15_30912,Streptophyta,indval_consensus,OE23-POS,30912,393.277818,True,129,62,15,0,15,Terpenoid,Terpenoid,Medium,15 terpenoid fragments → terpenoid/isoprenoid,"fragment:69.0706(Isoprene_unit,22%); fragment:81.0705(Monoterpene_frag,46%); fragment:93.0704(Toluenium,55%); fragment:95.0860(Methylcyclohexenyl,44%); fragment:105.0702(Xylene_cation,39%); fragment:107.0858(Dimethylcyclohexenyl,43%); fragment:109.1015(Sesquiterpene_frag,30%); fragment:119.0858(C9H11+,57%); fragment:121.1014(Sesquiterpene_frag2,34%); fragment:123.1169(Sesquiterpene_frag3,11%); fragment:133.1011(Diterpene_frag,38%); fragment:135.1168(Diterpene_frag2,25%); fragment:147.1168(C11H15+,21%); fragment:161.1322(C12H17+,7%); fragment:175.1479(C13H19+,16%)",5.0
A15_31082,Streptophyta,indval_consensus,OE23-POS,31082,696.504299,True,240,186,1,1,2,Phospholipid,PC/SM,High,Phosphocholine at 38% → PC or SM,"fragment:184.0733(Phosphocholine_C5H13NO4P,38%); loss:87.0320(Serine,8%)",5.0
A15_31106,Streptophyta,indval_consensus,OE23-POS,31106,551.264764,True,48,28,1,0,1,Phospholipid,PC/SM,High,Phosphocholine at 61% → PC or SM,"fragment:184.0733(Phosphocholine_C5H13NO4P,61%)",5.0
A15_31298,Streptophyta,indval_consensus,OE23-POS,31298,666.435605,True,55,20,1,0,1,Phospholipid,PC/SM,High,Phosphocholine at 100% → PC or SM,"fragment:184.0734(Phosphocholine_C5H13NO4P,100%)",5.0
A15_31302,Streptophyta,indval_consensus,OE23-POS,31302,701.459207,True,225,13,1,0,1,Phospholipid,PC/SM,High,Phosphocholine at 100% → PC or SM,"fragment:184.0733(Phosphocholine_C5H13NO4P,100%)",5.0
A15_31334,Streptophyta,indval_consensus,OE23-POS,31334,847.515048,True,59,14,1,0,1,Phospholipid,PC/SM,High,Phosphocholine at 42% → PC or SM,"fragment:184.0734(Phosphocholine_C5H13NO4P,42%)",5.0
A15_31378,Streptophyta,indval_consensus,OE23-POS,31378,364.282671,True,93,31,7,0,7,Terpenoid,Terpenoid,Medium,7 terpenoid fragments → terpenoid/isoprenoid,"fragment:69.0706(Isoprene_unit,8%); fragment:81.0706(Monoterpene_frag,10%); fragment:93.0703(Toluenium,6%); fragment:95.0861(Methylcyclohexenyl,11%); fragment:107.0858(Dimethylcyclohexenyl,6%); fragment:109.1015(Sesquiterpene_frag,5%); fragment:121.1014(Sesquiterpene_frag2,6%)",5.0
A15_31385,Streptophyta,indval_consensus,OE23-POS,31385,447.250016,True,110,54,12,0,12,Terpenoid,Terpenoid,Medium,12 terpenoid fragments → terpenoid/isoprenoid,"fragment:69.0706(Isoprene_unit,33%); fragment:81.0705(Monoterpene_frag,28%); fragment:93.0704(Toluenium,19%); fragment:95.0859(Methylcyclohexenyl,33%); fragment:107.0861(Dimethylcyclohexenyl,13%); fragment:109.1015(Sesquiterpene_frag,20%); fragment:119.0863(C9H11+,6%); fragment:121.1015(Sesquiterpene_frag2,23%); fragment:123.1174(Sesquiterpene_frag3,9%); fragment:135.1173(Diterpene_frag2,18%); fragment:147.1170(C11H15+,5%); fragment:149.1327(Sesterterpene_frag,8%)",5.0
A15_31395,Streptophyta,indval_consensus,OE23-POS,31395,845.502212,True,35,15,1,0,1,Phospholipid,PC/SM,High,Phosphocholine at 100% → PC or SM,"fragment:184.0734(Phosphocholine_C5H13NO4P,100%)",5.0
A15_31403,Methanobacteriota,indval_consensus,OE23-POS,31403,546.399061,True,53,7,1,0,1,Phospholipid,PC/SM,High,Phosphocholine at 100% → PC or SM,"fragment:184.0733(Phosphocholine_C5H13NO4P,100%)",5.0
A15_31609,Streptophyta,indval_consensus,OE23-POS,31609,489.356655,True,47,46,1,0,1,Phospholipid,PC/SM,Medium,Phosphocholine at 7% → PC or SM,"fragment:184.0742(Phosphocholine_C5H13NO4P,7%)",5.0
A15_31853,Streptophyta,indval_consensus,OE23-POS,31853,518.416685,True,94,9,1,0,1,Phospholipid,PC/SM,Medium,Phosphocholine at 9% → PC or SM,"fragment:184.0733(Phosphocholine_C5H13NO4P,9%)",5.0
A15_31877,Streptophyta,indval_consensus,OE23-POS,31877,549.249395,True,78,12,1,0,1,Phospholipid,PC/SM,High,Phosphocholine at 59% → PC or SM,"fragment:184.0734(Phosphocholine_C5H13NO4P,59%)",5.0
A15_32296,Streptophyta,indval_consensus,OE23-POS,32296,615.404306,True,311,17,7,0,7,Terpenoid,Terpenoid,Medium,7 terpenoid fragments → terpenoid/isoprenoid,"fragment:107.0860(Dimethylcyclohexenyl,7%); fragment:109.1017(Sesquiterpene_frag,7%); fragment:119.0860(C9H11+,8%); fragment:121.1015(Sesquiterpene_frag2,10%); fragment:133.1015(Diterpene_frag,6%); fragment:135.1171(Diterpene_frag2,6%); fragment:175.1484(C13H19+,6%)",5.0
A15_32388,Streptophyta,indval_consensus,OE23-POS,32388,401.28394,True,163,98,14,0,14,Terpenoid,Terpenoid,Medium,14 terpenoid fragments → terpenoid/isoprenoid,"fragment:69.0706(Isoprene_unit,31%); fragment:81.0705(Monoterpene_frag,42%); fragment:93.0704(Toluenium,75%); fragment:95.0860(Methylcyclohexenyl,34%); fragment:105.0703(Xylene_cation,59%); fragment:107.0860(Dimethylcyclohexenyl,48%); fragment:109.1015(Sesquiterpene_frag,26%); fragment:119.0857(C9H11+,84%); fragment:121.1012(Sesquiterpene_frag2,27%); fragment:133.1012(Diterpene_frag,94%); fragment:135.1168(Diterpene_frag2,32%); fragment:147.1168(C11H15+,21%); fragment:161.1325(C12H17+,7%); fragment:175.1481(C13H19+,23%)",5.0
A15_32521,Streptophyta,indval_consensus,OE23-POS,32521,625.265384,True,385,14,0,1,1,Phospholipid,PS,Medium,Serine neutral loss,"loss:87.0320(Serine,7%)",5.0
A15_32590,Streptophyta,indval_consensus,OE23-POS,32590,842.514215,True,92,31,1,0,1,Phospholipid,PC/SM,High,Phosphocholine at 47% → PC or SM,"fragment:184.0734(Phosphocholine_C5H13NO4P,47%)",5.0
A15_32630,Streptophyta,indval_consensus,OE23-POS,32630,688.418647,True,32,23,1,0,1,Phospholipid,PC/SM,High,Phosphocholine at 100% → PC or SM,"fragment:184.0732(Phosphocholine_C5H13NO4P,100%)",5.0
A15_3265,Streptophyta,indval_consensus,OE23-POS,3265,251.200121,True,116,45,13,0,13,Terpenoid,Terpenoid,Medium,13 terpenoid fragments → terpenoid/isoprenoid,"fragment:69.0706(Isoprene_unit,44%); fragment:81.0705(Monoterpene_frag,100%); fragment:93.0703(Toluenium,40%); fragment:95.0860(Methylcyclohexenyl,39%); fragment:105.0702(Xylene_cation,21%); fragment:107.0859(Dimethylcyclohexenyl,34%); fragment:109.1014(Sesquiterpene_frag,23%); fragment:119.0857(C9H11+,21%); fragment:121.1013(Sesquiterpene_frag2,25%); fragment:123.1166(Sesquiterpene_frag3,7%); fragment:133.1010(Diterpene_frag,15%); fragment:135.1170(Diterpene_frag2,8%); fragment:147.1170(C11H15+,9%)",5.0
A15_3276,Streptophyta,indval_consensus,OE23-POS,3276,259.205254,True,165,9,5,0,5,Terpenoid,Terpenoid,Medium,5 terpenoid fragments → terpenoid/isoprenoid,"fragment:81.0705(Monoterpene_frag,7%); fragment:93.0703(Toluenium,5%); fragment:95.0860(Methylcyclohexenyl,6%); fragment:105.0702(Xylene_cation,6%); fragment:119.0858(C9H11+,7%)",5.0
A15_33360,Arthropoda,composite,OE23-POS,33360,439.236576,True,49,32,5,0,5,Terpenoid,Terpenoid,Medium,5 terpenoid fragments → terpenoid/isoprenoid,"fragment:69.0706(Isoprene_unit,9%); fragment:81.0704(Monoterpene_frag,14%); fragment:95.0859(Methylcyclohexenyl,13%); fragment:109.1020(Sesquiterpene_frag,8%); fragment:133.0861(Diterpene_frag,56%)",5.0
A15_33365,Streptophyta,indval_consensus,OE23-POS,33365,636.423713,True,103,18,1,0,1,Phospholipid,PC/SM,High,Phosphocholine at 100% → PC or SM,"fragment:184.0733(Phosphocholine_C5H13NO4P,100%)",5.0
A15_33372,Streptophyta,indval_consensus,OE23-POS,33372,616.441446,True,19,19,7,0,7,Terpenoid,Terpenoid,Medium,7 terpenoid fragments → terpenoid/isoprenoid,"fragment:81.0705(Monoterpene_frag,13%); fragment:107.0860(Dimethylcyclohexenyl,20%); fragment:109.1016(Sesquiterpene_frag,13%); fragment:119.0857(C9H11+,11%); fragment:121.1014(Sesquiterpene_frag2,17%); fragment:133.1007(Diterpene_frag,14%); fragment:175.1468(C13H19+,9%)",5.0
A15_33373,Streptophyta,indval_consensus,OE23-POS,33373,630.458583,True,28,28,3,0,3,Terpenoid,Terpenoid,Low,3 terpenoid fragments → possible terpenoid/isoprenoid,"fragment:109.1012(Sesquiterpene_frag,15%); fragment:121.1014(Sesquiterpene_frag2,13%); fragment:133.1008(Diterpene_frag,11%)",5.0
A15_33387,Streptophyta,indval_consensus,OE23-POS,33387,688.418327,True,51,42,1,0,1,Phospholipid,PC/SM,Medium,Phosphocholine at 19% → PC or SM,"fragment:184.0739(Phosphocholine_C5H13NO4P,19%)",5.0
A15_33939,Streptophyta,indval_consensus,OE23-POS,33939,799.459504,True,22,18,1,0,1,Phospholipid,PC/SM,Medium,Phosphocholine at 18% → PC or SM,"fragment:184.0735(Phosphocholine_C5H13NO4P,18%)",5.0
A15_34027,Streptophyta,indval_consensus,OE23-POS,34027,802.522608,True,15,12,1,0,1,Phospholipid,PC/SM,High,Phosphocholine at 72% → PC or SM,"fragment:184.0736(Phosphocholine_C5H13NO4P,72%)",5.0
A15_34530,Streptophyta,indval_consensus,OE23-POS,34530,455.314205,True,63,35,4,0,4,Terpenoid,Terpenoid,Low,4 terpenoid fragments → possible terpenoid/isoprenoid,"fragment:69.0707(Isoprene_unit,9%); fragment:81.0706(Monoterpene_frag,9%); fragment:95.0860(Methylcyclohexenyl,8%); fragment:109.1022(Sesquiterpene_frag,7%)",5.0
A15_34847,Streptophyta,indval_consensus,OE23-POS,34847,435.289579,True,119,99,15,0,15,Terpenoid,Terpenoid,Medium,15 terpenoid fragments → terpenoid/isoprenoid,"fragment:69.0706(Isoprene_unit,30%); fragment:81.0705(Monoterpene_frag,55%); fragment:93.0704(Toluenium,42%); fragment:95.0859(Methylcyclohexenyl,45%); fragment:105.0703(Xylene_cation,31%); fragment:107.0860(Dimethylcyclohexenyl,49%); fragment:109.1015(Sesquiterpene_frag,57%); fragment:119.0857(C9H11+,100%); fragment:121.1015(Sesquiterpene_frag2,51%); fragment:123.1170(Sesquiterpene_frag3,20%); fragment:133.1011(Diterpene_frag,58%); fragment:135.1170(Diterpene_frag2,48%); fragment:147.1172(C11H15+,25%); fragment:161.1324(C12H17+,9%); fragment:175.1484(C13H19+,25%)",5.0
A15_34996,Streptophyta,indval_consensus,OE23-POS,34996,840.547093,True,90,90,10,0,10,Terpenoid,Terpenoid,Medium,10 terpenoid fragments → terpenoid/isoprenoid,"fragment:81.0705(Monoterpene_frag,26%); fragment:93.0703(Toluenium,15%); fragment:95.0862(Methylcyclohexenyl,13%); fragment:107.0858(Dimethylcyclohexenyl,16%); fragment:109.1018(Sesquiterpene_frag,12%); fragment:119.0851(C9H11+,15%); fragment:121.1016(Sesquiterpene_frag2,23%); fragment:135.1169(Diterpene_frag2,12%); fragment:147.1182(C11H15+,11%); fragment:149.1322(Sesterterpene_frag,16%)",5.0
A15_35146,Streptophyta,indval_consensus,OE23-POS,35146,638.439695,True,165,17,1,0,1,Phospholipid,PC/SM,High,Phosphocholine at 100% → PC or SM,"fragment:184.0733(Phosphocholine_C5H13NO4P,100%)",5.0
A15_35622,Streptophyta,indval_consensus,OE23-POS,35622,662.462323,True,61,61,12,0,12,Terpenoid,Terpenoid,Medium,12 terpenoid fragments → terpenoid/isoprenoid,"fragment:93.0704(Toluenium,13%); fragment:95.0861(Methylcyclohexenyl,21%); fragment:105.0703(Xylene_cation,13%); fragment:107.0858(Dimethylcyclohexenyl,7%); fragment:109.1016(Sesquiterpene_frag,23%); fragment:119.0856(C9H11+,17%); fragment:121.1013(Sesquiterpene_frag2,17%); fragment:123.1170(Sesquiterpene_frag3,15%); fragment:133.1010(Diterpene_frag,14%); fragment:135.1174(Diterpene_frag2,12%); fragment:147.1169(C11H15+,9%); fragment:161.1325(C12H17+,9%)",5.0
A15_35955,Streptophyta,indval_consensus,OE23-POS,35955,313.273121,True,82,19,4,0,4,Terpenoid,Terpenoid,Low,4 terpenoid fragments → possible terpenoid/isoprenoid,"fragment:69.0706(Isoprene_unit,18%); fragment:81.0706(Monoterpene_frag,19%); fragment:95.0860(Methylcyclohexenyl,22%); fragment:109.1016(Sesquiterpene_frag,13%)",5.0
A15_36059,Streptophyta,indval_consensus,OE23-POS,36059,592.292588,True,109,26,7,0,7,Terpenoid,Terpenoid,Medium,7 terpenoid fragments → terpenoid/isoprenoid,"fragment:81.0704(Monoterpene_frag,10%); fragment:93.0704(Toluenium,5%); fragment:95.0860(Methylcyclohexenyl,7%); fragment:107.0860(Dimethylcyclohexenyl,7%); fragment:109.1017(Sesquiterpene_frag,7%); fragment:135.1171(Diterpene_frag2,5%); fragment:147.1172(C11H15+,6%)",5.0
A15_36224,Streptophyta,indval_consensus,OE23-POS,36224,401.284102,True,54,54,14,0,14,Terpenoid,Terpenoid,Medium,14 terpenoid fragments → terpenoid/isoprenoid,"fragment:69.0706(Isoprene_unit,29%); fragment:81.0705(Monoterpene_frag,43%); fragment:93.0703(Toluenium,62%); fragment:95.0861(Methylcyclohexenyl,25%); fragment:105.0703(Xylene_cation,41%); fragment:107.0859(Dimethylcyclohexenyl,45%); fragment:109.1016(Sesquiterpene_frag,21%); fragment:119.0858(C9H11+,75%); fragment:121.1016(Sesquiterpene_frag2,22%); fragment:133.1011(Diterpene_frag,88%); fragment:135.1173(Diterpene_frag2,25%); fragment:147.1169(C11H15+,22%); fragment:161.1331(C12H17+,9%); fragment:175.1480(C13H19+,19%)",5.0
A15_36505,Streptophyta,indval_consensus,OE23-POS,36505,838.52771,True,243,128,1,0,1,Phospholipid,PC/SM,Medium,Phosphocholine at 16% → PC or SM,"fragment:184.0734(Phosphocholine_C5H13NO4P,16%)",5.0
A15_36650,Streptophyta,indval_consensus,OE23-POS,36650,696.503836,True,25,25,2,0,2,Sterol,Sterol,Medium,Sterol dehydration fragments,"fragment:395.3706(Stigmasterol_-H2O,11%); fragment:395.3706(Diplopterol,11%)",5.0
A15_36707,Streptophyta,indval_consensus,OE23-POS,36707,625.265976,True,102,6,1,0,1,Phospholipid,PC/SM,Medium,Phosphocholine at 5% → PC or SM,"fragment:184.0735(Phosphocholine_C5H13NO4P,5%)",5.0
A15_36937,Streptophyta,indval_consensus,OE23-POS,36937,580.361036,True,13,13,1,0,1,Phospholipid,PC/SM,High,Phosphocholine at 100% → PC or SM,"fragment:184.0727(Phosphocholine_C5H13NO4P,100%)",5.0
A15_37019,Streptophyta,indval_consensus,OE23-POS,37019,459.345515,True,59,55,15,0,15,Terpenoid,Terpenoid,Medium,15 terpenoid fragments → terpenoid/isoprenoid,"fragment:69.0705(Isoprene_unit,45%); fragment:81.0704(Monoterpene_frag,46%); fragment:93.0702(Toluenium,13%); fragment:95.0859(Methylcyclohexenyl,50%); fragment:105.0703(Xylene_cation,7%); fragment:107.0859(Dimethylcyclohexenyl,20%); fragment:109.1011(Sesquiterpene_frag,32%); fragment:119.0861(C9H11+,10%); fragment:121.1014(Sesquiterpene_frag2,21%); fragment:123.1170(Sesquiterpene_frag3,14%); fragment:135.1170(Diterpene_frag2,17%); fragment:147.1168(C11H15+,12%); fragment:149.1323(Sesterterpene_frag,26%); fragment:161.1328(C12H17+,11%); fragment:175.1476(C13H19+,7%)",5.0
A15_37223,Streptophyta,indval_consensus,OE23-POS,37223,633.414215,True,185,122,16,0,16,Terpenoid,Terpenoid,Medium,16 terpenoid fragments → terpenoid/isoprenoid,"fragment:81.0707(Monoterpene_frag,10%); fragment:93.0704(Toluenium,17%); fragment:95.0860(Methylcyclohexenyl,24%); fragment:105.0705(Xylene_cation,15%); fragment:107.0859(Dimethylcyclohexenyl,20%); fragment:109.1016(Sesquiterpene_frag,23%); fragment:119.0857(C9H11+,15%); fragment:121.1015(Sesquiterpene_frag2,21%); fragment:123.1170(Sesquiterpene_frag3,7%); fragment:133.1014(Diterpene_frag,22%); fragment:135.1171(Diterpene_frag2,14%); fragment:147.1169(C11H15+,20%); fragment:149.1326(Sesterterpene_frag,6%); fragment:161.1331(C12H17+,9%); fragment:175.1487(C13H19+,9%); fragment:189.1642(Hopane_C14,10%)",5.0
A15_37286,Streptophyta,indval_consensus,OE23-POS,37286,798.491915,True,19,5,1,0,1,Phospholipid,PC/SM,High,Phosphocholine at 100% → PC or SM,"fragment:184.0733(Phosphocholine_C5H13NO4P,100%)",5.0
A15_37324,Streptophyta,indval_consensus,OE23-POS,37324,467.350247,True,125,57,14,0,14,Terpenoid,Terpenoid,Medium,14 terpenoid fragments → terpenoid/isoprenoid,"fragment:69.0706(Isoprene_unit,14%); fragment:81.0704(Monoterpene_frag,22%); fragment:93.0704(Toluenium,17%); fragment:95.0860(Methylcyclohexenyl,42%); fragment:105.0705(Xylene_cation,6%); fragment:107.0858(Dimethylcyclohexenyl,30%); fragment:109.1015(Sesquiterpene_frag,76%); fragment:119.0861(C9H11+,10%); fragment:121.1013(Sesquiterpene_frag2,29%); fragment:123.1173(Sesquiterpene_frag3,8%); fragment:133.1015(Diterpene_frag,12%); fragment:135.1172(Diterpene_frag2,9%); fragment:147.1174(C11H15+,9%); fragment:149.1329(Sesterterpene_frag,6%)",5.0
A15_37400,Streptophyta,indval_consensus,OE23-POS,37400,396.347085,True,74,31,8,0,8,Terpenoid,Terpenoid,Medium,8 terpenoid fragments → terpenoid/isoprenoid,"fragment:69.0706(Isoprene_unit,31%); fragment:81.0706(Monoterpene_frag,17%); fragment:93.0705(Toluenium,5%); fragment:95.0859(Methylcyclohexenyl,13%); fragment:105.0703(Xylene_cation,5%); fragment:107.0861(Dimethylcyclohexenyl,5%); fragment:109.1017(Sesquiterpene_frag,10%); fragment:121.1014(Sesquiterpene_frag2,7%)",5.0
A15_37737,Mollusca,composite,OE23-POS,37737,555.326882,True,28,12,2,0,2,Sterol,Sterol,Medium,Sterol dehydration fragments,"fragment:369.3268(Cholesterol_-H2O,15%); fragment:369.3268(Hopanol,15%)",5.0
A15_37896,Streptophyta,indval_consensus,OE23-POS,37896,799.459469,True,35,7,0,1,1,Phospholipid,PS,Medium,Serine neutral loss,"loss:87.0320(Serine,8%)",5.0
A15_37976,Streptophyta,indval_consensus,OE23-POS,37976,717.432966,True,120,120,1,0,1,Phospholipid,PC/SM,High,Phosphocholine at 50% → PC or SM,"fragment:184.0733(Phosphocholine_C5H13NO4P,50%)",5.0
A15_38103,Streptophyta,indval_consensus,OE23-POS,38103,435.288908,True,49,49,13,0,13,Terpenoid,Terpenoid,Medium,13 terpenoid fragments → terpenoid/isoprenoid,"fragment:69.0705(Isoprene_unit,13%); fragment:81.0705(Monoterpene_frag,27%); fragment:93.0706(Toluenium,16%); fragment:95.0860(Methylcyclohexenyl,27%); fragment:105.0702(Xylene_cation,16%); fragment:107.0861(Dimethylcyclohexenyl,19%); fragment:109.1017(Sesquiterpene_frag,22%); fragment:119.0857(C9H11+,37%); fragment:121.1013(Sesquiterpene_frag2,27%); fragment:123.1170(Sesquiterpene_frag3,9%); fragment:133.1012(Diterpene_frag,13%); fragment:135.1169(Diterpene_frag2,13%); fragment:175.1481(C13H19+,15%)",5.0
A15_39320,Streptophyta,indval_consensus,OE23-POS,39320,565.349989,True,114,20,4,0,4,Terpenoid,Terpenoid,Low,4 terpenoid fragments → possible terpenoid/isoprenoid,"fragment:81.0705(Monoterpene_frag,9%); fragment:95.0860(Methylcyclohexenyl,10%); fragment:109.1015(Sesquiterpene_frag,19%); fragment:119.0859(C9H11+,6%)",5.0
A15_39499,Streptophyta,indval_consensus,OE23-POS,39499,553.425913,True,87,87,1,0,1,Phospholipid,PC/SM,High,Phosphocholine at 82% → PC or SM,"fragment:184.0734(Phosphocholine_C5H13NO4P,82%)",5.0
A15_39684,Streptophyta,indval_consensus,OE23-POS,39684,539.265589,True,182,16,1,0,1,Phospholipid,PC/SM,High,Phosphocholine at 23% → PC or SM,"fragment:184.0733(Phosphocholine_C5H13NO4P,23%)",5.0
A15_39694,Streptophyta,indval_consensus,OE23-POS,39694,958.574874,True,54,48,4,0,4,Terpenoid,Terpenoid,Low,4 terpenoid fragments → possible terpenoid/isoprenoid,"fragment:93.0703(Toluenium,9%); fragment:109.1016(Sesquiterpene_frag,5%); fragment:121.1013(Sesquiterpene_frag2,16%); fragment:135.1171(Diterpene_frag2,6%)",5.0
A15_39715,Streptophyta,indval_consensus,OE23-POS,39715,633.414348,True,119,69,1,0,1,Phospholipid,PC/SM,High,Phosphocholine at 30% → PC or SM,"fragment:184.0732(Phosphocholine_C5H13NO4P,30%)",5.0
A15_39739,Streptophyta,indval_consensus,OE23-POS,39739,620.414444,True,37,19,0,1,1,Phospholipid,PE,Medium,PE-specific ions without phosphocholine,"loss:141.0191(Ethanolamine_phosphate,61%)",5.0
A15_39798,Streptophyta,indval_consensus,OE23-POS,39798,627.424226,True,161,79,1,0,1,Phospholipid,PC/SM,Medium,Phosphocholine at 6% → PC or SM,"fragment:184.0735(Phosphocholine_C5H13NO4P,6%)",5.0
A15_39892,Streptophyta,indval_consensus,OE23-POS,39892,409.272983,True,54,26,10,0,10,Terpenoid,Terpenoid,Medium,10 terpenoid fragments → terpenoid/isoprenoid,"fragment:81.0703(Monoterpene_frag,16%); fragment:93.0704(Toluenium,16%); fragment:95.0859(Methylcyclohexenyl,16%); fragment:105.0703(Xylene_cation,13%); fragment:107.0860(Dimethylcyclohexenyl,11%); fragment:109.1015(Sesquiterpene_frag,15%); fragment:119.0857(C9H11+,11%); fragment:121.1013(Sesquiterpene_frag2,16%); fragment:147.1165(C11H15+,10%); fragment:161.1326(C12H17+,6%)",5.0
A15_4005,Streptophyta,indval_consensus,OE23-POS,4005,337.235726,True,434,29,10,0,10,Terpenoid,Terpenoid,Medium,10 terpenoid fragments → terpenoid/isoprenoid,"fragment:69.0706(Isoprene_unit,9%); fragment:81.0704(Monoterpene_frag,16%); fragment:93.0704(Toluenium,8%); fragment:95.0859(Methylcyclohexenyl,11%); fragment:107.0859(Dimethylcyclohexenyl,7%); fragment:109.1015(Sesquiterpene_frag,6%); fragment:121.1013(Sesquiterpene_frag2,7%); fragment:135.1168(Diterpene_frag2,8%); fragment:147.1170(C11H15+,6%); fragment:203.1795(Triterpene_C15,8%)",5.0
A15_4010,Nematoda,composite,OE23-POS,4010,301.070592,True,117,15,6,0,6,Terpenoid,Terpenoid,Medium,6 terpenoid fragments → terpenoid/isoprenoid,"fragment:69.0706(Isoprene_unit,8%); fragment:81.0705(Monoterpene_frag,12%); fragment:93.0703(Toluenium,5%); fragment:95.0860(Methylcyclohexenyl,11%); fragment:109.1014(Sesquiterpene_frag,8%); fragment:123.1171(Sesquiterpene_frag3,6%)",5.0
A15_40131,Streptophyta,indval_consensus,OE23-POS,40131,634.408047,True,71,58,1,0,1,Phospholipid,PC/SM,High,Phosphocholine at 87% → PC or SM,"fragment:184.0734(Phosphocholine_C5H13NO4P,87%)",5.0
A15_40260,Streptophyta,indval_consensus,OE23-POS,40260,686.438363,True,154,10,1,0,1,Phospholipid,PC/SM,High,Phosphocholine at 100% → PC or SM,"fragment:184.0733(Phosphocholine_C5H13NO4P,100%)",5.0
A15_40329,Streptophyta,indval_consensus,OE23-POS,40329,449.302466,True,60,44,1,0,1,Phospholipid,PC/SM,High,Phosphocholine at 29% → PC or SM,"fragment:184.0735(Phosphocholine_C5H13NO4P,29%)",5.0
A15_40398,Streptophyta,indval_consensus,OE23-POS,40398,594.376205,True,34,34,1,0,1,Phospholipid,PC/SM,High,Phosphocholine at 100% → PC or SM,"fragment:184.0732(Phosphocholine_C5H13NO4P,100%)",5.0
A15_40421,Arthropoda,composite,OE23-POS,40421,466.299692,True,43,24,1,0,1,Phospholipid,PC/SM,Medium,Phosphocholine at 10% → PC or SM,"fragment:184.0969(Phosphocholine_C5H13NO4P,10%)",5.0
A15_40453,Chlorophyta,composite,OE23-POS,40453,652.390734,True,58,31,1,0,1,Phospholipid,PC/SM,Medium,Phosphocholine at 18% → PC or SM,"fragment:184.0736(Phosphocholine_C5H13NO4P,18%)",5.0
A15_40777,Streptophyta,indval_consensus,OE23-POS,40777,549.24993,True,31,10,1,0,1,Phospholipid,PC/SM,High,Phosphocholine at 60% → PC or SM,"fragment:184.0732(Phosphocholine_C5H13NO4P,60%)",5.0
A15_41165,Streptophyta,indval_consensus,OE23-POS,41165,667.312818,True,82,4,1,0,1,Phospholipid,PC/SM,Medium,Phosphocholine at 12% → PC or SM,"fragment:184.0733(Phosphocholine_C5H13NO4P,12%)",5.0
A15_41207,Streptophyta,indval_consensus,OE23-POS,41207,623.249514,True,192,21,4,0,4,Terpenoid,Terpenoid,Low,4 terpenoid fragments → possible terpenoid/isoprenoid,"fragment:93.0705(Toluenium,7%); fragment:95.0859(Methylcyclohexenyl,7%); fragment:121.1016(Sesquiterpene_frag2,7%); fragment:135.1170(Diterpene_frag2,6%)",5.0
A15_41285,Streptophyta,indval_consensus,OE23-POS,41285,827.491237,True,91,22,1,0,1,Phospholipid,PC/SM,High,Phosphocholine at 42% → PC or SM,"fragment:184.0734(Phosphocholine_C5H13NO4P,42%)",5.0
A15_41448,Streptophyta,indval_consensus,OE23-POS,41448,799.459648,True,154,25,1,0,1,Phospholipid,PC/SM,High,Phosphocholine at 20% → PC or SM,"fragment:184.0734(Phosphocholine_C5H13NO4P,20%)",5.0
A15_41688,Streptophyta,indval_consensus,OE23-POS,41688,599.433297,True,68,67,13,0,13,Terpenoid,Terpenoid,Medium,13 terpenoid fragments → terpenoid/isoprenoid,"fragment:93.0703(Toluenium,18%); fragment:95.0860(Methylcyclohexenyl,25%); fragment:105.0702(Xylene_cation,12%); fragment:107.0859(Dimethylcyclohexenyl,20%); fragment:109.1015(Sesquiterpene_frag,23%); fragment:119.0856(C9H11+,30%); fragment:121.1013(Sesquiterpene_frag2,31%); fragment:123.1163(Sesquiterpene_frag3,7%); fragment:133.1014(Diterpene_frag,21%); fragment:135.1171(Diterpene_frag2,22%); fragment:147.1170(C11H15+,14%); fragment:161.1327(C12H17+,6%); fragment:175.1484(C13H19+,19%)",5.0
A15_41705,Streptophyta,indval_consensus,OE23-POS,41705,600.446737,True,137,34,1,0,1,Phospholipid,PC/SM,Medium,Phosphocholine at 16% → PC or SM,"fragment:184.0732(Phosphocholine_C5H13NO4P,16%)",5.0
A15_4172,Streptophyta,indval_consensus,OE23-POS,4172,487.341995,True,59,59,13,0,13,Terpenoid,Terpenoid,Medium,13 terpenoid fragments → terpenoid/isoprenoid,"fragment:69.0706(Isoprene_unit,18%); fragment:81.0706(Monoterpene_frag,24%); fragment:93.0704(Toluenium,30%); fragment:95.0860(Methylcyclohexenyl,32%); fragment:105.0702(Xylene_cation,11%); fragment:107.0860(Dimethylcyclohexenyl,36%); fragment:109.1014(Sesquiterpene_frag,34%); fragment:119.0855(C9H11+,21%); fragment:121.1014(Sesquiterpene_frag2,19%); fragment:133.1013(Diterpene_frag,19%); fragment:147.1167(C11H15+,24%); fragment:161.1327(C12H17+,14%); fragment:175.1483(C13H19+,12%)",5.0
A15_41850,Arthropoda,composite,OE23-POS,41850,644.376729,True,231,54,1,0,1,Phospholipid,PC/SM,High,Phosphocholine at 53% → PC or SM,"fragment:184.0734(Phosphocholine_C5H13NO4P,53%)",5.0
A15_42114,Streptophyta,indval_consensus,OE23-POS,42114,473.362319,True,70,4,1,0,1,Betaine_Lipid,DGTS,Medium,DGTS headgroup fragment,"fragment:236.1487(DGTS_headgroup,28%)",5.0
A15_42123,Arthropoda,composite,OE23-POS,42123,528.289996,True,25,5,1,0,1,Phospholipid,PC/SM,Medium,Phosphocholine at 6% → PC or SM,"fragment:184.0738(Phosphocholine_C5H13NO4P,6%)",5.0
A15_42163,Streptophyta,indval_consensus,OE23-POS,42163,790.549627,True,122,27,1,0,1,Phospholipid,PC/SM,Medium,Phosphocholine at 18% → PC or SM,"fragment:184.0732(Phosphocholine_C5H13NO4P,18%)",5.0
A15_42181,Streptophyta,indval_consensus,OE23-POS,42181,838.520285,True,50,17,1,0,1,Phospholipid,PC/SM,High,Phosphocholine at 33% → PC or SM,"fragment:184.0733(Phosphocholine_C5H13NO4P,33%)",5.0
A15_42335,Streptophyta,indval_consensus,OE23-POS,42335,435.288573,True,118,44,12,0,12,Terpenoid,Terpenoid,Medium,12 terpenoid fragments → terpenoid/isoprenoid,"fragment:69.0706(Isoprene_unit,37%); fragment:81.0705(Monoterpene_frag,14%); fragment:93.0704(Toluenium,15%); fragment:95.0860(Methylcyclohexenyl,13%); fragment:105.0701(Xylene_cation,13%); fragment:107.0858(Dimethylcyclohexenyl,12%); fragment:109.1015(Sesquiterpene_frag,10%); fragment:119.0858(C9H11+,19%); fragment:121.1014(Sesquiterpene_frag2,10%); fragment:123.1170(Sesquiterpene_frag3,6%); fragment:133.1013(Diterpene_frag,9%); fragment:135.1170(Diterpene_frag2,7%)",5.0
A15_42340,Streptophyta,indval_consensus,OE23-POS,42340,629.456182,True,59,38,4,0,4,Terpenoid,Terpenoid,Low,4 terpenoid fragments → possible terpenoid/isoprenoid,"fragment:95.0861(Methylcyclohexenyl,6%); fragment:109.1014(Sesquiterpene_frag,7%); fragment:121.1015(Sesquiterpene_frag2,11%); fragment:135.1176(Diterpene_frag2,9%)",5.0
A15_42446,Streptophyta,indval_consensus,OE23-POS,42446,678.493354,True,113,11,1,0,1,Phospholipid,PC/SM,Medium,Phosphocholine at 14% → PC or SM,"fragment:184.0734(Phosphocholine_C5H13NO4P,14%)",5.0
A15_42458,Streptophyta,indval_consensus,OE23-POS,42458,652.477965,True,49,13,1,0,1,Phospholipid,PC/SM,Medium,Phosphocholine at 11% → PC or SM,"fragment:184.0736(Phosphocholine_C5H13NO4P,11%)",5.0
A15_42593,Streptophyta,indval_consensus,OE23-POS,42593,633.414287,True,80,74,1,0,1,Phospholipid,PC/SM,High,Phosphocholine at 28% → PC or SM,"fragment:184.0737(Phosphocholine_C5H13NO4P,28%)",5.0
A15_42716,Arthropoda,composite,OE23-POS,42716,638.337294,True,100,13,1,0,1,Phospholipid,PC/SM,High,Phosphocholine at 77% → PC or SM,"fragment:184.0734(Phosphocholine_C5H13NO4P,77%)",5.0
A15_42789,Streptophyta,indval_consensus,OE23-POS,42789,862.499587,True,104,19,1,0,1,Phospholipid,PC/SM,Medium,Phosphocholine at 6% → PC or SM,"fragment:184.0732(Phosphocholine_C5H13NO4P,6%)",5.0
A15_42867,Streptophyta,indval_consensus,OE23-POS,42867,621.270353,True,170,60,12,0,12,Terpenoid,Terpenoid,Medium,12 terpenoid fragments → terpenoid/isoprenoid,"fragment:93.0704(Toluenium,11%); fragment:95.0860(Methylcyclohexenyl,19%); fragment:105.0704(Xylene_cation,6%); fragment:107.0860(Dimethylcyclohexenyl,14%); fragment:109.1015(Sesquiterpene_frag,14%); fragment:119.0857(C9H11+,10%); fragment:121.1014(Sesquiterpene_frag2,19%); fragment:123.1172(Sesquiterpene_frag3,5%); fragment:133.1015(Diterpene_frag,9%); fragment:135.1167(Diterpene_frag2,13%); fragment:147.1170(C11H15+,10%); fragment:149.1328(Sesterterpene_frag,11%)",5.0
A15_42920,Streptophyta,indval_consensus,OE23-POS,42920,510.377108,True,109,12,1,0,1,Phospholipid,PC/SM,Medium,Phosphocholine at 18% → PC or SM,"fragment:184.0734(Phosphocholine_C5H13NO4P,18%)",5.0
A15_42966,Arthropoda,composite,OE23-POS,42966,549.339236,True,29,9,1,0,1,Phospholipid,PC/SM,High,Phosphocholine at 100% → PC or SM,"fragment:184.0732(Phosphocholine_C5H13NO4P,100%)",5.0
A15_43099,Streptophyta,indval_consensus,OE23-POS,43099,666.456012,True,68,30,1,0,1,Phospholipid,PC/SM,High,Phosphocholine at 45% → PC or SM,"fragment:184.0732(Phosphocholine_C5H13NO4P,45%)",5.0
A15_43300,Streptophyta,indval_consensus,OE23-POS,43300,799.46027,True,206,20,1,0,1,Phospholipid,PC/SM,High,Phosphocholine at 62% → PC or SM,"fragment:184.0734(Phosphocholine_C5H13NO4P,62%)",5.0
A15_43430,Streptophyta,indval_consensus,OE23-POS,43430,599.40891,True,151,21,4,0,4,Terpenoid,Terpenoid,Low,4 terpenoid fragments → possible terpenoid/isoprenoid,"fragment:93.0705(Toluenium,5%); fragment:107.0861(Dimethylcyclohexenyl,6%); fragment:121.1014(Sesquiterpene_frag2,10%); fragment:133.0859(Diterpene_frag,74%)",5.0
A15_43447,Streptophyta,indval_consensus,OE23-POS,43447,694.488237,True,34,10,1,0,1,Phospholipid,PC/SM,High,Phosphocholine at 100% → PC or SM,"fragment:184.0733(Phosphocholine_C5H13NO4P,100%)",5.0
A15_43453,Streptophyta,indval_consensus,OE23-POS,43453,686.438068,True,69,10,1,0,1,Phospholipid,PC/SM,High,Phosphocholine at 100% → PC or SM,"fragment:184.0733(Phosphocholine_C5H13NO4P,100%)",5.0
A15_43709,Streptophyta,indval_consensus,OE23-POS,43709,653.297199,True,120,40,1,0,1,Phospholipid,PC/SM,High,Phosphocholine at 40% → PC or SM,"fragment:184.0732(Phosphocholine_C5H13NO4P,40%)",5.0
A15_43951,Basidiomycota,indval_consensus,OE23-POS,43951,431.314186,True,47,11,3,0,3,Terpenoid,Terpenoid,Low,3 terpenoid fragments → possible terpenoid/isoprenoid,"fragment:69.0708(Isoprene_unit,11%); fragment:81.0707(Monoterpene_frag,8%); fragment:95.0863(Methylcyclohexenyl,8%)",5.0
A15_44121,Streptophyta,indval_consensus,OE23-POS,44121,607.254321,True,146,8,1,0,1,Phospholipid,PC/SM,Medium,Phosphocholine at 5% → PC or SM,"fragment:184.0732(Phosphocholine_C5H13NO4P,5%)",5.0
A15_44170,Basidiomycota,indval_consensus,OE23-POS,44170,700.451162,True,23,17,1,0,1,Phospholipid,PC/SM,High,Phosphocholine at 50% → PC or SM,"fragment:184.0736(Phosphocholine_C5H13NO4P,50%)",5.0
A15_44225,Streptophyta,indval_consensus,OE23-POS,44225,854.512294,True,12,6,1,0,1,Phospholipid,PC/SM,High,Phosphocholine at 25% → PC or SM,"fragment:184.0734(Phosphocholine_C5H13NO4P,25%)",5.0
A15_44561,Streptophyta,indval_consensus,OE23-POS,44561,638.403832,True,40,5,1,0,1,Phospholipid,PC/SM,High,Phosphocholine at 70% → PC or SM,"fragment:184.0734(Phosphocholine_C5H13NO4P,70%)",5.0
A15_44567,Streptophyta,indval_consensus,OE23-POS,44567,601.44832,True,118,65,12,0,12,Terpenoid,Terpenoid,Medium,12 terpenoid fragments → terpenoid/isoprenoid,"fragment:93.0704(Toluenium,19%); fragment:95.0860(Methylcyclohexenyl,16%); fragment:105.0704(Xylene_cation,13%); fragment:107.0858(Dimethylcyclohexenyl,15%); fragment:109.1015(Sesquiterpene_frag,15%); fragment:119.0857(C9H11+,23%); fragment:121.1015(Sesquiterpene_frag2,29%); fragment:123.1171(Sesquiterpene_frag3,9%); fragment:133.1014(Diterpene_frag,18%); fragment:135.1171(Diterpene_frag2,11%); fragment:147.1171(C11H15+,8%); fragment:175.1480(C13H19+,9%)",5.0
A15_44630,Streptophyta,indval_consensus,OE23-POS,44630,762.491541,True,24,15,1,0,1,Phospholipid,PC/SM,High,Phosphocholine at 87% → PC or SM,"fragment:184.0733(Phosphocholine_C5H13NO4P,87%)",5.0
A15_44911,Streptophyta,indval_consensus,OE23-POS,44911,600.446319,True,152,40,10,0,10,Terpenoid,Terpenoid,Medium,10 terpenoid fragments → terpenoid/isoprenoid,"fragment:93.0706(Toluenium,10%); fragment:95.0862(Methylcyclohexenyl,11%); fragment:107.0860(Dimethylcyclohexenyl,11%); fragment:109.1018(Sesquiterpene_frag,10%); fragment:119.0861(C9H11+,9%); fragment:121.1015(Sesquiterpene_frag2,15%); fragment:133.1015(Diterpene_frag,10%); fragment:135.1171(Diterpene_frag2,7%); fragment:147.1173(C11H15+,7%); fragment:175.1482(C13H19+,5%)",5.0
A15_45049,Streptophyta,indval_consensus,OE23-POS,45049,394.243622,True,41,17,6,0,6,Terpenoid,Terpenoid,Medium,6 terpenoid fragments → terpenoid/isoprenoid,"fragment:69.0706(Isoprene_unit,11%); fragment:81.0705(Monoterpene_frag,19%); fragment:95.0860(Methylcyclohexenyl,22%); fragment:109.1015(Sesquiterpene_frag,12%); fragment:123.1173(Sesquiterpene_frag3,5%); fragment:133.0858(Diterpene_frag,11%)",5.0
A15_45060,Streptophyta,indval_consensus,OE23-POS,45060,447.286915,True,59,56,11,0,11,Terpenoid,Terpenoid,Medium,11 terpenoid fragments → terpenoid/isoprenoid,"fragment:69.0706(Isoprene_unit,86%); fragment:81.0705(Monoterpene_frag,41%); fragment:95.0862(Methylcyclohexenyl,56%); fragment:107.0859(Dimethylcyclohexenyl,37%); fragment:109.1016(Sesquiterpene_frag,51%); fragment:119.0860(C9H11+,26%); fragment:121.1015(Sesquiterpene_frag2,23%); fragment:123.1173(Sesquiterpene_frag3,10%); fragment:135.1164(Diterpene_frag2,10%); fragment:149.1336(Sesterterpene_frag,25%); fragment:203.1792(Triterpene_C15,19%)",5.0
A15_45138,Streptophyta,indval_consensus,OE23-POS,45138,662.462623,True,70,30,9,0,9,Terpenoid,Terpenoid,Medium,9 terpenoid fragments → terpenoid/isoprenoid,"fragment:81.0707(Monoterpene_frag,6%); fragment:93.0706(Toluenium,7%); fragment:95.0862(Methylcyclohexenyl,6%); fragment:107.0863(Dimethylcyclohexenyl,8%); fragment:109.1015(Sesquiterpene_frag,29%); fragment:121.1021(Sesquiterpene_frag2,8%); fragment:123.1172(Sesquiterpene_frag3,5%); fragment:133.1014(Diterpene_frag,6%); fragment:135.1173(Diterpene_frag2,7%)",5.0
A15_45174,Streptophyta,indval_consensus,OE23-POS,45174,794.503493,True,260,55,1,0,1,Phospholipid,PC/SM,Medium,Phosphocholine at 12% → PC or SM,"fragment:184.0733(Phosphocholine_C5H13NO4P,12%)",5.0
A15_45490,Streptophyta,indval_consensus,OE23-POS,45490,638.462658,True,100,21,1,0,1,Phospholipid,PC/SM,Medium,Phosphocholine at 17% → PC or SM,"fragment:184.0733(Phosphocholine_C5H13NO4P,17%)",5.0
A15_45662,Streptophyta,indval_consensus,OE23-POS,45662,301.215307,True,122,30,10,0,10,Terpenoid,Terpenoid,Medium,10 terpenoid fragments → terpenoid/isoprenoid,"fragment:69.0705(Isoprene_unit,18%); fragment:81.0705(Monoterpene_frag,67%); fragment:93.0703(Toluenium,43%); fragment:95.0861(Methylcyclohexenyl,16%); fragment:105.0702(Xylene_cation,25%); fragment:107.0858(Dimethylcyclohexenyl,19%); fragment:119.0858(C9H11+,18%); fragment:121.1016(Sesquiterpene_frag2,8%); fragment:133.1014(Diterpene_frag,7%); fragment:147.1172(C11H15+,6%)",5.0
A15_45734,Streptophyta,indval_consensus,OE23-POS,45734,599.408825,True,60,50,8,0,8,Terpenoid,Terpenoid,Medium,8 terpenoid fragments → terpenoid/isoprenoid,"fragment:93.0704(Toluenium,10%); fragment:95.0860(Methylcyclohexenyl,9%); fragment:105.0703(Xylene_cation,7%); fragment:107.0857(Dimethylcyclohexenyl,7%); fragment:109.1014(Sesquiterpene_frag,11%); fragment:119.0855(C9H11+,12%); fragment:121.1017(Sesquiterpene_frag2,18%); fragment:133.1014(Diterpene_frag,15%)",5.0
A15_45788,Streptophyta,indval_consensus,OE23-POS,45788,614.462666,True,125,32,10,0,10,Terpenoid,Terpenoid,Medium,10 terpenoid fragments → terpenoid/isoprenoid,"fragment:93.0706(Toluenium,5%); fragment:95.0860(Methylcyclohexenyl,7%); fragment:107.0861(Dimethylcyclohexenyl,7%); fragment:109.1014(Sesquiterpene_frag,13%); fragment:119.0858(C9H11+,12%); fragment:121.1015(Sesquiterpene_frag2,10%); fragment:133.1017(Diterpene_frag,11%); fragment:135.1171(Diterpene_frag2,10%); fragment:147.1171(C11H15+,8%); fragment:175.1485(C13H19+,9%)",5.0
A15_45816,Streptophyta,indval_consensus,OE23-POS,45816,718.463637,True,22,21,1,0,1,Phospholipid,PC/SM,High,Phosphocholine at 100% → PC or SM,"fragment:184.0732(Phosphocholine_C5H13NO4P,100%)",5.0
A15_45950,Arthropoda,composite,OE23-POS,45950,405.335939,True,51,13,4,0,4,Terpenoid,Terpenoid,Low,4 terpenoid fragments → possible terpenoid/isoprenoid,"fragment:81.0706(Monoterpene_frag,8%); fragment:95.0860(Methylcyclohexenyl,7%); fragment:105.0703(Xylene_cation,16%); fragment:109.1015(Sesquiterpene_frag,100%)",5.0
A15_45958,Streptophyta,indval_consensus,OE23-POS,45958,855.516191,True,87,50,7,0,7,Terpenoid,Terpenoid,Medium,7 terpenoid fragments → terpenoid/isoprenoid,"fragment:119.0852(C9H11+,6%); fragment:121.1010(Sesquiterpene_frag2,9%); fragment:133.1010(Diterpene_frag,8%); fragment:135.1166(Diterpene_frag2,9%); fragment:147.1163(C11H15+,8%); fragment:149.1324(Sesterterpene_frag,7%); fragment:161.1321(C12H17+,5%)",5.0
A15_46128,Streptophyta,indval_consensus,OE23-POS,46128,854.512029,True,228,37,3,0,3,Terpenoid,Terpenoid,Low,3 terpenoid fragments → possible terpenoid/isoprenoid,"fragment:119.0852(C9H11+,8%); fragment:121.1018(Sesquiterpene_frag2,11%); fragment:147.1166(C11H15+,10%)",5.0
A15_46162,Streptophyta,indval_consensus,OE23-POS,46162,888.510448,True,167,50,7,0,7,Terpenoid,Terpenoid,Medium,7 terpenoid fragments → terpenoid/isoprenoid,"fragment:81.0705(Monoterpene_frag,11%); fragment:95.0860(Methylcyclohexenyl,15%); fragment:107.0861(Dimethylcyclohexenyl,11%); fragment:109.1015(Sesquiterpene_frag,13%); fragment:121.1015(Sesquiterpene_frag2,25%); fragment:135.1173(Diterpene_frag2,11%); fragment:149.1326(Sesterterpene_frag,11%)",5.0
A15_4619,Streptophyta,indval_consensus,OE23-POS,4619,333.242133,True,143,74,15,0,15,Terpenoid,Terpenoid,Medium,15 terpenoid fragments → terpenoid/isoprenoid,"fragment:69.0706(Isoprene_unit,22%); fragment:81.0705(Monoterpene_frag,49%); fragment:93.0703(Toluenium,25%); fragment:95.0861(Methylcyclohexenyl,37%); fragment:105.0702(Xylene_cation,16%); fragment:107.0859(Dimethylcyclohexenyl,19%); fragment:109.1016(Sesquiterpene_frag,17%); fragment:119.0859(C9H11+,14%); fragment:121.1013(Sesquiterpene_frag2,16%); fragment:123.1171(Sesquiterpene_frag3,7%); fragment:133.1014(Diterpene_frag,20%); fragment:135.1172(Diterpene_frag2,9%); fragment:147.1166(C11H15+,9%); fragment:149.1326(Sesterterpene_frag,6%); fragment:161.1323(C12H17+,5%)",5.0
A15_46232,Streptophyta,indval_consensus,OE23-POS,46232,666.455809,True,56,8,1,0,1,Phospholipid,PC/SM,Medium,Phosphocholine at 5% → PC or SM,"fragment:184.0734(Phosphocholine_C5H13NO4P,5%)",5.0
A15_4632,Streptophyta,indval_consensus,OE23-POS,4632,405.262949,True,72,69,12,0,12,Terpenoid,Terpenoid,Medium,12 terpenoid fragments → terpenoid/isoprenoid,"fragment:69.0706(Isoprene_unit,11%); fragment:81.0705(Monoterpene_frag,26%); fragment:93.0704(Toluenium,37%); fragment:95.0862(Methylcyclohexenyl,28%); fragment:105.0705(Xylene_cation,17%); fragment:107.0858(Dimethylcyclohexenyl,15%); fragment:109.1016(Sesquiterpene_frag,29%); fragment:119.0863(C9H11+,14%); fragment:121.1015(Sesquiterpene_frag2,12%); fragment:147.1172(C11H15+,8%); fragment:149.1325(Sesterterpene_frag,11%); fragment:161.1324(C12H17+,13%)",5.0
A15_46426,Streptophyta,indval_consensus,OE23-POS,46426,623.285315,True,141,27,1,0,1,Phospholipid,PC/SM,Medium,Phosphocholine at 15% → PC or SM,"fragment:184.0735(Phosphocholine_C5H13NO4P,15%)",5.0
A15_46432,Streptophyta,indval_consensus,OE23-POS,46432,1002.596911,True,121,121,10,0,10,Terpenoid,Terpenoid,Medium,10 terpenoid fragments → terpenoid/isoprenoid,"fragment:81.0704(Monoterpene_frag,23%); fragment:93.0707(Toluenium,17%); fragment:95.0861(Methylcyclohexenyl,15%); fragment:107.0860(Dimethylcyclohexenyl,13%); fragment:109.1015(Sesquiterpene_frag,23%); fragment:119.0861(C9H11+,11%); fragment:121.1013(Sesquiterpene_frag2,22%); fragment:133.1015(Diterpene_frag,12%); fragment:135.1175(Diterpene_frag2,9%); fragment:147.1181(C11H15+,7%)",5.0
A15_46472,Streptophyta,indval_consensus,OE23-POS,46472,387.25187,True,40,26,12,0,12,Terpenoid,Terpenoid,Medium,12 terpenoid fragments → terpenoid/isoprenoid,"fragment:69.0706(Isoprene_unit,9%); fragment:81.0706(Monoterpene_frag,17%); fragment:95.0860(Methylcyclohexenyl,12%); fragment:105.0703(Xylene_cation,16%); fragment:107.0860(Dimethylcyclohexenyl,10%); fragment:109.1016(Sesquiterpene_frag,12%); fragment:119.0857(C9H11+,5%); fragment:121.1014(Sesquiterpene_frag2,13%); fragment:123.1169(Sesquiterpene_frag3,6%); fragment:135.1173(Diterpene_frag2,7%); fragment:149.1324(Sesterterpene_frag,6%); fragment:161.1328(C12H17+,7%)",5.0
A15_4649,Streptophyta,indval_consensus,OE23-POS,4649,635.414684,True,177,31,3,0,3,Terpenoid,Terpenoid,Low,3 terpenoid fragments → possible terpenoid/isoprenoid,"fragment:95.0863(Methylcyclohexenyl,6%); fragment:109.1018(Sesquiterpene_frag,5%); fragment:121.1018(Sesquiterpene_frag2,6%)",5.0
A15_46806,Mollusca,composite,OE23-POS,46806,393.336281,True,112,105,16,0,16,Terpenoid,Terpenoid,Medium,16 terpenoid fragments → terpenoid/isoprenoid,"fragment:69.0706(Isoprene_unit,95%); fragment:81.0704(Monoterpene_frag,100%); fragment:93.0704(Toluenium,26%); fragment:95.0859(Methylcyclohexenyl,93%); fragment:105.0699(Xylene_cation,9%); fragment:107.0859(Dimethylcyclohexenyl,23%); fragment:109.1015(Sesquiterpene_frag,54%); fragment:119.0861(C9H11+,12%); fragment:121.1015(Sesquiterpene_frag2,24%); fragment:123.1170(Sesquiterpene_frag3,22%); fragment:133.1010(Diterpene_frag,17%); fragment:135.1173(Diterpene_frag2,13%); fragment:147.1168(C11H15+,11%); fragment:149.1328(Sesterterpene_frag,8%); fragment:161.1330(C12H17+,14%); fragment:175.1489(C13H19+,10%)",5.0
A15_46815,Arthropoda,composite,OE23-POS,46815,621.310499,True,223,8,1,0,1,Phospholipid,PC/SM,Medium,Phosphocholine at 19% → PC or SM,"fragment:184.0733(Phosphocholine_C5H13NO4P,19%)",5.0
A15_46887,Streptophyta,indval_consensus,OE23-POS,46887,616.478229,True,129,46,11,0,11,Terpenoid,Terpenoid,Medium,11 terpenoid fragments → terpenoid/isoprenoid,"fragment:93.0704(Toluenium,8%); fragment:95.0859(Methylcyclohexenyl,12%); fragment:105.0703(Xylene_cation,7%); fragment:107.0861(Dimethylcyclohexenyl,10%); fragment:109.1017(Sesquiterpene_frag,9%); fragment:119.0858(C9H11+,12%); fragment:121.1015(Sesquiterpene_frag2,16%); fragment:133.1013(Diterpene_frag,8%); fragment:135.1172(Diterpene_frag2,7%); fragment:147.1171(C11H15+,7%); fragment:175.1481(C13H19+,11%)",5.0
A15_47006,Streptophyta,indval_consensus,OE23-POS,47006,678.492969,True,26,12,1,0,1,Phospholipid,PC/SM,High,Phosphocholine at 100% → PC or SM,"fragment:184.0731(Phosphocholine_C5H13NO4P,100%)",5.0
A15_47041,Arthropoda,composite,OE23-POS,47041,638.337197,True,92,22,1,0,1,Phospholipid,PC/SM,High,Phosphocholine at 100% → PC or SM,"fragment:184.0732(Phosphocholine_C5H13NO4P,100%)",5.0
A15_47080,Streptophyta,indval_consensus,OE23-POS,47080,625.264936,True,211,19,1,0,1,Phospholipid,PC/SM,High,Phosphocholine at 36% → PC or SM,"fragment:184.0734(Phosphocholine_C5H13NO4P,36%)",5.0
A15_47115,Streptophyta,indval_consensus,OE23-POS,47115,686.438354,True,37,8,1,0,1,Phospholipid,PC/SM,High,Phosphocholine at 100% → PC or SM,"fragment:184.0732(Phosphocholine_C5H13NO4P,100%)",5.0
A15_4736,Streptophyta,indval_consensus,OE23-POS,4736,469.294941,True,115,54,1,0,1,Betaine_Lipid,DGTS,Medium,DGTS headgroup fragment,"fragment:236.1494(DGTS_headgroup,22%)",5.0
A15_47380,Streptophyta,indval_consensus,OE23-POS,47380,623.248948,True,168,32,1,0,1,Phospholipid,PC/SM,Medium,Phosphocholine at 5% → PC or SM,"fragment:184.0735(Phosphocholine_C5H13NO4P,5%)",5.0
A15_47405,Streptophyta,indval_consensus,OE23-POS,47405,631.230235,True,90,42,11,0,11,Terpenoid,Terpenoid,Medium,11 terpenoid fragments → terpenoid/isoprenoid,"fragment:81.0703(Monoterpene_frag,12%); fragment:93.0704(Toluenium,8%); fragment:95.0860(Methylcyclohexenyl,10%); fragment:107.0858(Dimethylcyclohexenyl,10%); fragment:109.1014(Sesquiterpene_frag,11%); fragment:119.0856(C9H11+,10%); fragment:121.1012(Sesquiterpene_frag2,16%); fragment:133.1014(Diterpene_frag,12%); fragment:135.1166(Diterpene_frag2,9%); fragment:147.1172(C11H15+,6%); fragment:175.1478(C13H19+,6%)",5.0
A15_47423,Streptophyta,indval_consensus,OE23-POS,47423,838.523585,True,30,22,1,0,1,Phospholipid,PC/SM,High,Phosphocholine at 100% → PC or SM,"fragment:184.0733(Phosphocholine_C5H13NO4P,100%)",5.0
A15_47424,Streptophyta,indval_consensus,OE23-POS,47424,578.248538,True,38,38,9,0,9,Terpenoid,Terpenoid,Medium,9 terpenoid fragments → terpenoid/isoprenoid,"fragment:81.0705(Monoterpene_frag,74%); fragment:93.0704(Toluenium,60%); fragment:95.0860(Methylcyclohexenyl,66%); fragment:105.0702(Xylene_cation,35%); fragment:107.0860(Dimethylcyclohexenyl,58%); fragment:109.1012(Sesquiterpene_frag,59%); fragment:123.1171(Sesquiterpene_frag3,31%); fragment:133.1014(Diterpene_frag,55%); fragment:149.1328(Sesterterpene_frag,38%)",5.0
A15_47474,Streptophyta,indval_consensus,OE23-POS,47474,301.215161,True,124,28,8,0,8,Terpenoid,Terpenoid,Medium,8 terpenoid fragments → terpenoid/isoprenoid,"fragment:69.0706(Isoprene_unit,21%); fragment:81.0705(Monoterpene_frag,77%); fragment:93.0704(Toluenium,41%); fragment:95.0861(Methylcyclohexenyl,18%); fragment:105.0702(Xylene_cation,27%); fragment:107.0859(Dimethylcyclohexenyl,15%); fragment:119.0857(C9H11+,18%); fragment:133.1014(Diterpene_frag,6%)",5.0
A15_47570,Basidiomycota,indval_consensus,OE23-POS,47570,481.311828,True,32,14,0,1,1,Phospholipid,PE,Medium,PE-specific ions without phosphocholine,"loss:141.0191(Ethanolamine_phosphate,18%)",5.0
A15_47591,Chlorophyta,composite,OE23-POS,47591,760.500624,True,193,53,10,0,10,Terpenoid,Terpenoid,Medium,10 terpenoid fragments → terpenoid/isoprenoid,"fragment:95.0858(Methylcyclohexenyl,6%); fragment:107.0859(Dimethylcyclohexenyl,5%); fragment:109.1016(Sesquiterpene_frag,8%); fragment:119.0856(C9H11+,6%); fragment:121.1015(Sesquiterpene_frag2,10%); fragment:123.1168(Sesquiterpene_frag3,7%); fragment:133.1012(Diterpene_frag,9%); fragment:135.1171(Diterpene_frag2,7%); fragment:147.1171(C11H15+,10%); fragment:161.1322(C12H17+,6%)",5.0
A15_47623,Streptophyta,indval_consensus,OE23-POS,47623,565.403966,True,151,134,16,0,16,Terpenoid,Terpenoid,Medium,16 terpenoid fragments → terpenoid/isoprenoid,"fragment:69.0706(Isoprene_unit,19%); fragment:81.0706(Monoterpene_frag,37%); fragment:93.0704(Toluenium,34%); fragment:95.0861(Methylcyclohexenyl,44%); fragment:105.0703(Xylene_cation,26%); fragment:107.0860(Dimethylcyclohexenyl,44%); fragment:109.1016(Sesquiterpene_frag,50%); fragment:119.0860(C9H11+,68%); fragment:121.1015(Sesquiterpene_frag2,66%); fragment:123.1170(Sesquiterpene_frag3,30%); fragment:133.1013(Diterpene_frag,71%); fragment:135.1171(Diterpene_frag2,72%); fragment:147.1169(C11H15+,31%); fragment:149.1328(Sesterterpene_frag,11%); fragment:161.1327(C12H17+,16%); fragment:175.1484(C13H19+,40%)",5.0
A15_47624,Streptophyta,indval_consensus,OE23-POS,47624,583.414744,True,104,64,15,0,15,Terpenoid,Terpenoid,Medium,15 terpenoid fragments → terpenoid/isoprenoid,"fragment:69.0705(Isoprene_unit,15%); fragment:81.0705(Monoterpene_frag,13%); fragment:93.0704(Toluenium,24%); fragment:95.0861(Methylcyclohexenyl,27%); fragment:105.0704(Xylene_cation,11%); fragment:107.0859(Dimethylcyclohexenyl,26%); fragment:109.1017(Sesquiterpene_frag,25%); fragment:119.0857(C9H11+,35%); fragment:121.1015(Sesquiterpene_frag2,40%); fragment:123.1172(Sesquiterpene_frag3,9%); fragment:133.1013(Diterpene_frag,28%); fragment:135.1168(Diterpene_frag2,19%); fragment:147.1172(C11H15+,14%); fragment:161.1330(C12H17+,13%); fragment:175.1488(C13H19+,11%)",5.0
A15_47625,Streptophyta,indval_consensus,OE23-POS,47625,599.408768,True,66,43,11,0,11,Terpenoid,Terpenoid,Medium,11 terpenoid fragments → terpenoid/isoprenoid,"fragment:93.0703(Toluenium,7%); fragment:95.0861(Methylcyclohexenyl,12%); fragment:107.0860(Dimethylcyclohexenyl,18%); fragment:109.1015(Sesquiterpene_frag,9%); fragment:119.0859(C9H11+,14%); fragment:121.1018(Sesquiterpene_frag2,16%); fragment:123.1173(Sesquiterpene_frag3,8%); fragment:133.1014(Diterpene_frag,14%); fragment:135.1169(Diterpene_frag2,9%); fragment:147.1169(C11H15+,5%); fragment:175.1486(C13H19+,5%)",5.0
A15_47626,Streptophyta,indval_consensus,OE23-POS,47626,601.423944,True,75,21,8,0,8,Terpenoid,Terpenoid,Medium,8 terpenoid fragments → terpenoid/isoprenoid,"fragment:93.0706(Toluenium,10%); fragment:95.0862(Methylcyclohexenyl,5%); fragment:107.0860(Dimethylcyclohexenyl,11%); fragment:109.1019(Sesquiterpene_frag,7%); fragment:119.0860(C9H11+,11%); fragment:121.1016(Sesquiterpene_frag2,13%); fragment:133.1019(Diterpene_frag,7%); fragment:135.1172(Diterpene_frag2,9%)",5.0
A15_47627,Streptophyta,indval_consensus,OE23-POS,47627,616.261391,True,38,25,8,0,8,Terpenoid,Terpenoid,Medium,8 terpenoid fragments → terpenoid/isoprenoid,"fragment:95.0860(Methylcyclohexenyl,7%); fragment:107.0860(Dimethylcyclohexenyl,9%); fragment:109.1017(Sesquiterpene_frag,8%); fragment:119.0855(C9H11+,8%); fragment:121.1013(Sesquiterpene_frag2,9%); fragment:133.1012(Diterpene_frag,9%); fragment:135.1165(Diterpene_frag2,5%); fragment:175.1488(C13H19+,7%)",5.0
A15_47728,Basidiomycota,indval_consensus,OE23-POS,47728,431.314362,True,20,20,4,0,4,Terpenoid,Terpenoid,Low,4 terpenoid fragments → possible terpenoid/isoprenoid,"fragment:69.0706(Isoprene_unit,10%); fragment:81.0704(Monoterpene_frag,14%); fragment:105.0705(Xylene_cation,15%); fragment:109.1013(Sesquiterpene_frag,13%)",5.0
A15_47879,Streptophyta,indval_consensus,OE23-POS,47879,510.377585,True,48,14,1,0,1,Phospholipid,PC/SM,Medium,Phosphocholine at 14% → PC or SM,"fragment:184.0729(Phosphocholine_C5H13NO4P,14%)",5.0
A15_48135,Streptophyta,indval_consensus,OE23-POS,48135,692.472703,True,55,36,1,0,1,Phospholipid,PC/SM,Medium,Phosphocholine at 10% → PC or SM,"fragment:184.0739(Phosphocholine_C5H13NO4P,10%)",5.0
A15_48301,Streptophyta,indval_consensus,OE23-POS,48301,775.459918,True,30,7,1,0,1,Phospholipid,PC/SM,Medium,Phosphocholine at 6% → PC or SM,"fragment:184.0732(Phosphocholine_C5H13NO4P,6%)",5.0
A15_48302,Streptophyta,indval_consensus,OE23-POS,48302,790.550001,True,37,12,1,0,1,Phospholipid,PC/SM,Medium,Phosphocholine at 18% → PC or SM,"fragment:184.0732(Phosphocholine_C5H13NO4P,18%)",5.0
A15_48746,Streptophyta,indval_consensus,OE23-POS,48746,623.285338,True,63,8,1,0,1,Phospholipid,PC/SM,Medium,Phosphocholine at 13% → PC or SM,"fragment:184.0732(Phosphocholine_C5H13NO4P,13%)",5.0
A15_48810,Streptophyta,indval_consensus,OE23-POS,48810,794.504084,True,110,97,1,0,1,Phospholipid,PC/SM,High,Phosphocholine at 25% → PC or SM,"fragment:184.0735(Phosphocholine_C5H13NO4P,25%)",5.0
A15_4887,Streptophyta,indval_consensus,OE23-POS,4887,253.179331,True,85,17,7,0,7,Terpenoid,Terpenoid,Medium,7 terpenoid fragments → terpenoid/isoprenoid,"fragment:69.0706(Isoprene_unit,7%); fragment:81.0705(Monoterpene_frag,8%); fragment:95.0861(Methylcyclohexenyl,7%); fragment:107.0859(Dimethylcyclohexenyl,6%); fragment:109.1015(Sesquiterpene_frag,5%); fragment:121.1016(Sesquiterpene_frag2,6%); fragment:123.1173(Sesquiterpene_frag3,6%)",5.0
A15_49150,Streptophyta,indval_consensus,OE23-POS,49150,734.459768,True,153,44,1,0,1,Phospholipid,PC/SM,Medium,Phosphocholine at 7% → PC or SM,"fragment:184.0733(Phosphocholine_C5H13NO4P,7%)",5.0
A15_49234,Streptophyta,indval_consensus,OE23-POS,49234,720.446186,True,30,15,0,1,1,Phospholipid,PE,Medium,PE-specific ions without phosphocholine,"loss:141.0191(Ethanolamine_phosphate,26%)",5.0
A15_49302,Streptophyta,indval_consensus,OE23-POS,49302,618.453175,True,114,40,11,0,11,Terpenoid,Terpenoid,Medium,11 terpenoid fragments → terpenoid/isoprenoid,"fragment:93.0704(Toluenium,11%); fragment:95.0860(Methylcyclohexenyl,8%); fragment:105.0702(Xylene_cation,5%); fragment:107.0858(Dimethylcyclohexenyl,12%); fragment:109.1014(Sesquiterpene_frag,15%); fragment:119.0857(C9H11+,12%); fragment:121.1011(Sesquiterpene_frag2,13%); fragment:133.1013(Diterpene_frag,10%); fragment:135.1170(Diterpene_frag2,8%); fragment:147.1169(C11H15+,7%); fragment:175.1483(C13H19+,7%)",5.0
A15_49320,Streptophyta,indval_consensus,OE23-POS,49320,986.604618,True,76,68,4,0,4,Terpenoid,Terpenoid,Low,4 terpenoid fragments → possible terpenoid/isoprenoid,"fragment:81.0704(Monoterpene_frag,7%); fragment:95.0862(Methylcyclohexenyl,6%); fragment:109.1015(Sesquiterpene_frag,8%); fragment:121.1016(Sesquiterpene_frag2,10%)",5.0
A15_4934,Streptophyta,indval_consensus,OE23-POS,4934,321.241968,True,225,22,10,0,10,Terpenoid,Terpenoid,Medium,10 terpenoid fragments → terpenoid/isoprenoid,"fragment:69.0706(Isoprene_unit,7%); fragment:81.0704(Monoterpene_frag,10%); fragment:93.0703(Toluenium,7%); fragment:95.0859(Methylcyclohexenyl,13%); fragment:107.0858(Dimethylcyclohexenyl,10%); fragment:109.1015(Sesquiterpene_frag,8%); fragment:119.0856(C9H11+,6%); fragment:121.1013(Sesquiterpene_frag2,14%); fragment:133.1012(Diterpene_frag,8%); fragment:135.1168(Diterpene_frag2,6%)",5.0
A15_49356,Streptophyta,indval_consensus,OE23-POS,49356,632.473343,True,86,33,9,0,9,Terpenoid,Terpenoid,Medium,9 terpenoid fragments → terpenoid/isoprenoid,"fragment:93.0706(Toluenium,7%); fragment:95.0862(Methylcyclohexenyl,9%); fragment:107.0861(Dimethylcyclohexenyl,10%); fragment:109.1016(Sesquiterpene_frag,17%); fragment:119.0861(C9H11+,8%); fragment:121.1013(Sesquiterpene_frag2,15%); fragment:123.1173(Sesquiterpene_frag3,5%); fragment:133.1016(Diterpene_frag,8%); fragment:135.1173(Diterpene_frag2,7%)",5.0
A15_49372,Streptophyta,indval_consensus,OE23-POS,49372,639.28026,True,105,19,0,1,1,Phospholipid,PS,Medium,Serine neutral loss,"loss:87.0320(Serine,18%)",5.0
A15_49424,Streptophyta,indval_consensus,OE23-POS,49424,630.459053,True,45,26,8,0,8,Terpenoid,Terpenoid,Medium,8 terpenoid fragments → terpenoid/isoprenoid,"fragment:95.0859(Methylcyclohexenyl,5%); fragment:107.0856(Dimethylcyclohexenyl,7%); fragment:109.1015(Sesquiterpene_frag,6%); fragment:121.1015(Sesquiterpene_frag2,11%); fragment:133.1010(Diterpene_frag,12%); fragment:135.1166(Diterpene_frag2,10%); fragment:147.1168(C11H15+,6%); fragment:175.1486(C13H19+,7%)",5.0
A15_49641,Streptophyta,indval_consensus,OE23-POS,49641,694.488516,True,295,80,1,0,1,Phospholipid,PC/SM,High,Phosphocholine at 100% → PC or SM,"fragment:184.0733(Phosphocholine_C5H13NO4P,100%)",5.0
A15_49775,Streptophyta,indval_consensus,OE23-POS,49775,623.248953,True,88,57,1,0,1,Phospholipid,PC/SM,Medium,Phosphocholine at 9% → PC or SM,"fragment:184.0735(Phosphocholine_C5H13NO4P,9%)",5.0
A15_49780,Streptophyta,indval_consensus,OE23-POS,49780,814.523172,True,38,31,1,0,1,Phospholipid,PC/SM,High,Phosphocholine at 100% → PC or SM,"fragment:184.0732(Phosphocholine_C5H13NO4P,100%)",5.0
A15_49906,Streptophyta,indval_consensus,OE23-POS,49906,696.50385,True,66,24,1,0,1,Phospholipid,PC/SM,High,Phosphocholine at 41% → PC or SM,"fragment:184.0735(Phosphocholine_C5H13NO4P,41%)",5.0
A15_50024,Streptophyta,indval_consensus,OE23-POS,50024,664.477463,True,128,58,1,0,1,Quinone,Ubiquinone,Medium,Ubiquinone headgroup fragment,"fragment:197.0807(Ubiquinone_headgroup,6%)",5.0
A15_50025,Streptophyta,indval_consensus,OE23-POS,50025,642.492935,True,47,47,3,0,3,Terpenoid,Terpenoid,Low,3 terpenoid fragments → possible terpenoid/isoprenoid,"fragment:81.0705(Monoterpene_frag,19%); fragment:95.0860(Methylcyclohexenyl,15%); fragment:109.1016(Sesquiterpene_frag,15%)",5.0
A15_50026,Streptophyta,indval_consensus,OE23-POS,50026,499.339091,True,60,52,1,0,1,Betaine_Lipid,DGTS,Medium,DGTS headgroup fragment,"fragment:236.1496(DGTS_headgroup,24%)",5.0
A15_50193,Chlorophyta,composite,OE23-POS,50193,576.426062,True,58,58,18,0,18,Terpenoid,Terpenoid,Medium,18 terpenoid fragments → terpenoid/isoprenoid,"fragment:69.0706(Isoprene_unit,21%); fragment:81.0704(Monoterpene_frag,42%); fragment:93.0702(Toluenium,26%); fragment:95.0861(Methylcyclohexenyl,41%); fragment:105.0702(Xylene_cation,11%); fragment:107.0860(Dimethylcyclohexenyl,19%); fragment:109.1014(Sesquiterpene_frag,33%); fragment:119.0860(C9H11+,16%); fragment:121.1014(Sesquiterpene_frag2,28%); fragment:123.1173(Sesquiterpene_frag3,13%); fragment:133.1014(Diterpene_frag,18%); fragment:135.1169(Diterpene_frag2,17%); fragment:147.1169(C11H15+,25%); fragment:149.1323(Sesterterpene_frag,14%); fragment:161.1319(C12H17+,15%); fragment:175.1489(C13H19+,10%); fragment:189.1641(Hopane_C14,15%); fragment:203.1797(Triterpene_C15,19%)",5.0
A15_50398,Arthropoda,composite,OE23-POS,50398,621.310607,True,158,25,1,0,1,Phospholipid,PC/SM,High,Phosphocholine at 26% → PC or SM,"fragment:184.0734(Phosphocholine_C5H13NO4P,26%)",5.0
A15_50456,Streptophyta,indval_consensus,OE23-POS,50456,801.475262,True,35,6,1,0,1,Phospholipid,PC/SM,High,Phosphocholine at 64% → PC or SM,"fragment:184.0734(Phosphocholine_C5H13NO4P,64%)",5.0
A15_50567,Streptophyta,indval_consensus,OE23-POS,50567,666.456142,True,41,14,1,0,1,Phospholipid,PC/SM,High,Phosphocholine at 37% → PC or SM,"fragment:184.0731(Phosphocholine_C5H13NO4P,37%)",5.0
A15_50621,Streptophyta,indval_consensus,OE23-POS,50621,313.273513,True,34,16,4,0,4,Terpenoid,Terpenoid,Low,4 terpenoid fragments → possible terpenoid/isoprenoid,"fragment:69.0706(Isoprene_unit,21%); fragment:81.0705(Monoterpene_frag,26%); fragment:95.0859(Methylcyclohexenyl,21%); fragment:109.1015(Sesquiterpene_frag,10%)",5.0
A15_50670,Streptophyta,indval_consensus,OE23-POS,50670,794.504563,True,70,70,1,0,1,Phospholipid,PC/SM,High,Phosphocholine at 28% → PC or SM,"fragment:184.0737(Phosphocholine_C5H13NO4P,28%)",5.0
A15_507,Streptophyta,indval_consensus,OE23-POS,507,714.492122,True,116,19,3,0,3,Terpenoid,Terpenoid,Low,3 terpenoid fragments → possible terpenoid/isoprenoid,"fragment:95.0861(Methylcyclohexenyl,5%); fragment:109.1015(Sesquiterpene_frag,7%); fragment:121.1016(Sesquiterpene_frag2,10%)",5.0
A15_50789,Streptophyta,indval_consensus,OE23-POS,50789,547.433855,True,33,17,1,0,1,Betaine_Lipid,DGTS,Medium,DGTS headgroup fragment,"fragment:236.1503(DGTS_headgroup,13%)",5.0
A15_50955,Streptophyta,indval_consensus,OE23-POS,50955,609.270582,True,105,11,1,0,1,Phospholipid,PC/SM,Medium,Phosphocholine at 8% → PC or SM,"fragment:184.0733(Phosphocholine_C5H13NO4P,8%)",5.0
A15_5097,Streptophyta,indval_consensus,OE23-POS,5097,317.173216,True,172,58,15,0,15,Terpenoid,Terpenoid,Medium,15 terpenoid fragments → terpenoid/isoprenoid,"fragment:69.0706(Isoprene_unit,26%); fragment:81.0704(Monoterpene_frag,39%); fragment:93.0704(Toluenium,26%); fragment:95.0859(Methylcyclohexenyl,37%); fragment:105.0702(Xylene_cation,20%); fragment:107.0858(Dimethylcyclohexenyl,24%); fragment:109.1014(Sesquiterpene_frag,15%); fragment:119.0856(C9H11+,21%); fragment:121.1015(Sesquiterpene_frag2,15%); fragment:133.1011(Diterpene_frag,14%); fragment:135.1168(Diterpene_frag2,9%); fragment:147.1168(C11H15+,12%); fragment:149.1329(Sesterterpene_frag,5%); fragment:161.1330(C12H17+,6%); fragment:175.1482(C13H19+,6%)",5.0
A15_51025,Streptophyta,indval_consensus,OE23-POS,51025,636.423004,True,83,4,1,0,1,Phospholipid,PC/SM,High,Phosphocholine at 100% → PC or SM,"fragment:184.0733(Phosphocholine_C5H13NO4P,100%)",5.0
A15_51111,Streptophyta,indval_consensus,OE23-POS,51111,664.477626,True,117,111,1,0,1,Phospholipid,PC/SM,High,Phosphocholine at 41% → PC or SM,"fragment:184.0733(Phosphocholine_C5H13NO4P,41%)",5.0
A15_51120,Streptophyta,indval_consensus,OE23-POS,51120,730.465698,True,13,13,1,0,1,Phospholipid,PC/SM,High,Phosphocholine at 100% → PC or SM,"fragment:184.0740(Phosphocholine_C5H13NO4P,100%)",5.0
A15_51276,Streptophyta,indval_consensus,OE23-POS,51276,536.392554,True,75,48,15,0,15,Terpenoid,Terpenoid,Medium,15 terpenoid fragments → terpenoid/isoprenoid,"fragment:69.0708(Isoprene_unit,9%); fragment:81.0704(Monoterpene_frag,27%); fragment:93.0701(Toluenium,16%); fragment:95.0862(Methylcyclohexenyl,18%); fragment:105.0707(Xylene_cation,8%); fragment:107.0863(Dimethylcyclohexenyl,13%); fragment:109.1011(Sesquiterpene_frag,17%); fragment:119.0859(C9H11+,5%); fragment:121.1013(Sesquiterpene_frag2,46%); fragment:123.1174(Sesquiterpene_frag3,10%); fragment:133.1010(Diterpene_frag,7%); fragment:135.1172(Diterpene_frag2,12%); fragment:147.1173(C11H15+,12%); fragment:149.1332(Sesterterpene_frag,7%); fragment:161.1329(C12H17+,9%)",5.0
A15_51291,Streptophyta,indval_consensus,OE23-POS,51291,415.299134,True,90,65,15,0,15,Terpenoid,Terpenoid,Medium,15 terpenoid fragments → terpenoid/isoprenoid,"fragment:69.0706(Isoprene_unit,36%); fragment:81.0705(Monoterpene_frag,69%); fragment:93.0705(Toluenium,70%); fragment:95.0860(Methylcyclohexenyl,73%); fragment:105.0703(Xylene_cation,34%); fragment:107.0859(Dimethylcyclohexenyl,52%); fragment:109.1016(Sesquiterpene_frag,54%); fragment:119.0856(C9H11+,86%); fragment:121.1015(Sesquiterpene_frag2,100%); fragment:123.1171(Sesquiterpene_frag3,13%); fragment:133.1013(Diterpene_frag,48%); fragment:135.1171(Diterpene_frag2,33%); fragment:147.1174(C11H15+,20%); fragment:161.1328(C12H17+,13%); fragment:175.1483(C13H19+,12%)",5.0
A15_51342,Streptophyta,indval_consensus,OE23-POS,51342,615.464906,True,43,43,10,0,10,Terpenoid,Terpenoid,Medium,10 terpenoid fragments → terpenoid/isoprenoid,"fragment:93.0705(Toluenium,8%); fragment:95.0862(Methylcyclohexenyl,12%); fragment:105.0703(Xylene_cation,7%); fragment:109.1017(Sesquiterpene_frag,9%); fragment:119.0861(C9H11+,12%); fragment:121.1017(Sesquiterpene_frag2,20%); fragment:123.1172(Sesquiterpene_frag3,6%); fragment:133.1019(Diterpene_frag,12%); fragment:135.1165(Diterpene_frag2,7%); fragment:175.1482(C13H19+,10%)",5.0
A15_51516,Streptophyta,indval_consensus,OE23-POS,51516,775.459882,True,126,15,1,0,1,Phospholipid,PC/SM,Medium,Phosphocholine at 7% → PC or SM,"fragment:184.0734(Phosphocholine_C5H13NO4P,7%)",5.0
A15_51550,Streptophyta,indval_consensus,OE23-POS,51550,752.493828,True,57,16,1,0,1,Phospholipid,PC/SM,Medium,Phosphocholine at 10% → PC or SM,"fragment:184.0736(Phosphocholine_C5H13NO4P,10%)",5.0
A15_51629,Streptophyta,indval_consensus,OE23-POS,51629,610.273743,True,37,13,5,0,5,Terpenoid,Terpenoid,Medium,5 terpenoid fragments → terpenoid/isoprenoid,"fragment:95.0859(Methylcyclohexenyl,6%); fragment:107.0862(Dimethylcyclohexenyl,6%); fragment:109.1016(Sesquiterpene_frag,5%); fragment:133.1017(Diterpene_frag,7%); fragment:135.1172(Diterpene_frag2,10%)",5.0
A15_51655,Streptophyta,indval_consensus,OE23-POS,51655,600.446449,True,69,69,12,0,12,Terpenoid,Terpenoid,Medium,12 terpenoid fragments → terpenoid/isoprenoid,"fragment:81.0706(Monoterpene_frag,19%); fragment:93.0702(Toluenium,14%); fragment:95.0862(Methylcyclohexenyl,17%); fragment:105.0705(Xylene_cation,10%); fragment:107.0861(Dimethylcyclohexenyl,12%); fragment:109.1020(Sesquiterpene_frag,17%); fragment:119.0859(C9H11+,13%); fragment:121.1015(Sesquiterpene_frag2,21%); fragment:123.1171(Sesquiterpene_frag3,9%); fragment:133.1016(Diterpene_frag,8%); fragment:135.1173(Diterpene_frag2,13%); fragment:147.1171(C11H15+,7%)",5.0
A15_51712,Streptophyta,indval_consensus,OE23-POS,51712,757.450736,True,141,11,1,0,1,Phospholipid,PC/SM,Medium,Phosphocholine at 13% → PC or SM,"fragment:184.0734(Phosphocholine_C5H13NO4P,13%)",5.0
A15_51724,Streptophyta,indval_consensus,OE23-POS,51724,623.249988,True,83,12,1,0,1,Phospholipid,PC/SM,Medium,Phosphocholine at 11% → PC or SM,"fragment:184.0732(Phosphocholine_C5H13NO4P,11%)",5.0
A15_51842,Streptophyta,indval_consensus,OE23-POS,51842,599.408842,True,139,72,12,0,12,Terpenoid,Terpenoid,Medium,12 terpenoid fragments → terpenoid/isoprenoid,"fragment:93.0704(Toluenium,15%); fragment:95.0860(Methylcyclohexenyl,23%); fragment:105.0704(Xylene_cation,13%); fragment:107.0859(Dimethylcyclohexenyl,25%); fragment:109.1014(Sesquiterpene_frag,26%); fragment:119.0857(C9H11+,26%); fragment:121.1014(Sesquiterpene_frag2,31%); fragment:123.1173(Sesquiterpene_frag3,7%); fragment:133.1013(Diterpene_frag,16%); fragment:135.1170(Diterpene_frag2,18%); fragment:147.1169(C11H15+,17%); fragment:175.1476(C13H19+,16%)",5.0
A15_52005,Streptophyta,indval_consensus,OE23-POS,52005,393.240549,True,48,47,12,0,12,Terpenoid,Terpenoid,Medium,12 terpenoid fragments → terpenoid/isoprenoid,"fragment:69.0707(Isoprene_unit,45%); fragment:81.0706(Monoterpene_frag,49%); fragment:93.0702(Toluenium,10%); fragment:95.0859(Methylcyclohexenyl,23%); fragment:107.0707(Dimethylcyclohexenyl,7%); fragment:109.1016(Sesquiterpene_frag,21%); fragment:121.1017(Sesquiterpene_frag2,16%); fragment:123.1169(Sesquiterpene_frag3,12%); fragment:133.1012(Diterpene_frag,7%); fragment:135.1172(Diterpene_frag2,9%); fragment:147.1171(C11H15+,8%); fragment:149.1320(Sesterterpene_frag,13%)",5.0
A15_52084,Streptophyta,indval_consensus,OE23-POS,52084,433.30959,True,65,65,15,0,15,Terpenoid,Terpenoid,Medium,15 terpenoid fragments → terpenoid/isoprenoid,"fragment:69.0706(Isoprene_unit,35%); fragment:81.0704(Monoterpene_frag,67%); fragment:93.0702(Toluenium,70%); fragment:95.0859(Methylcyclohexenyl,83%); fragment:105.0704(Xylene_cation,72%); fragment:107.0858(Dimethylcyclohexenyl,75%); fragment:109.1015(Sesquiterpene_frag,73%); fragment:119.0858(C9H11+,100%); fragment:121.1014(Sesquiterpene_frag2,94%); fragment:123.1170(Sesquiterpene_frag3,30%); fragment:133.1013(Diterpene_frag,60%); fragment:135.1169(Diterpene_frag2,35%); fragment:147.1166(C11H15+,22%); fragment:161.1331(C12H17+,17%); fragment:175.1485(C13H19+,31%)",5.0
A15_52112,Chlorophyta,composite,OE23-POS,52112,760.500364,True,35,35,4,0,4,Terpenoid,Terpenoid,Low,4 terpenoid fragments → possible terpenoid/isoprenoid,"fragment:81.0705(Monoterpene_frag,24%); fragment:95.0862(Methylcyclohexenyl,15%); fragment:109.1014(Sesquiterpene_frag,21%); fragment:133.1012(Diterpene_frag,17%)",5.0
A15_5237,Streptophyta,indval_consensus,OE23-POS,5237,318.205878,True,134,117,1,2,3,Phospholipid,PE,Medium,PE-specific ions without phosphocholine,"fragment:191.1782(Hopane_skeleton,6%); loss:141.0191(Ethanolamine_phosphate,16%); loss:87.0320(Serine,8%)",5.0
A15_52527,Streptophyta,indval_consensus,OE23-POS,52527,639.281318,True,349,26,0,1,1,Phospholipid,PS,Medium,Serine neutral loss,"loss:87.0320(Serine,18%)",5.0
A15_52662,Streptophyta,indval_consensus,OE23-POS,52662,854.511126,True,30,30,1,0,1,Phospholipid,PC/SM,High,Phosphocholine at 39% → PC or SM,"fragment:184.0732(Phosphocholine_C5H13NO4P,39%)",5.0
A15_52682,Mollusca,composite,OE23-POS,52682,393.336115,True,128,35,11,0,11,Terpenoid,Terpenoid,Medium,11 terpenoid fragments → terpenoid/isoprenoid,"fragment:69.0706(Isoprene_unit,87%); fragment:81.0705(Monoterpene_frag,97%); fragment:93.0705(Toluenium,21%); fragment:95.0860(Methylcyclohexenyl,86%); fragment:107.0858(Dimethylcyclohexenyl,14%); fragment:109.1015(Sesquiterpene_frag,47%); fragment:119.0859(C9H11+,11%); fragment:121.1016(Sesquiterpene_frag2,18%); fragment:123.1170(Sesquiterpene_frag3,13%); fragment:133.1016(Diterpene_frag,15%); fragment:135.1168(Diterpene_frag2,10%)",5.0
A15_5271,Streptophyta,indval_consensus,OE23-POS,5271,343.225912,True,267,80,16,0,16,Terpenoid,Terpenoid,Medium,16 terpenoid fragments → terpenoid/isoprenoid,"fragment:69.0706(Isoprene_unit,19%); fragment:81.0704(Monoterpene_frag,30%); fragment:93.0703(Toluenium,27%); fragment:95.0859(Methylcyclohexenyl,27%); fragment:105.0702(Xylene_cation,19%); fragment:107.0858(Dimethylcyclohexenyl,21%); fragment:109.1015(Sesquiterpene_frag,100%); fragment:119.0857(C9H11+,13%); fragment:121.1013(Sesquiterpene_frag2,16%); fragment:123.1168(Sesquiterpene_frag3,11%); fragment:133.1013(Diterpene_frag,13%); fragment:135.1168(Diterpene_frag2,9%); fragment:147.1168(C11H15+,9%); fragment:149.1325(Sesterterpene_frag,7%); fragment:161.1322(C12H17+,6%); fragment:175.1482(C13H19+,7%)",5.0
A15_52816,Streptophyta,indval_consensus,OE23-POS,52816,794.504738,True,289,80,1,0,1,Phospholipid,PC/SM,Medium,Phosphocholine at 9% → PC or SM,"fragment:184.0732(Phosphocholine_C5H13NO4P,9%)",5.0
A15_53105,Streptophyta,indval_consensus,OE23-POS,53105,801.475141,True,13,13,1,0,1,Phospholipid,PC/SM,High,Phosphocholine at 34% → PC or SM,"fragment:184.0739(Phosphocholine_C5H13NO4P,34%)",5.0
A15_53144,Streptophyta,indval_consensus,OE23-POS,53144,589.38739,True,112,44,0,3,3,Sphingolipid,Ceramide,Medium,Sphingoid base fragments,"loss:162.0528(Hexose_loss,7%); loss:180.0634(Hexose+H2O_loss,6%); loss:180.0634(Hexose_ceramide,6%)",5.0
A15_53146,Streptophyta,indval_consensus,OE23-POS,53146,655.397144,True,81,81,14,0,14,Terpenoid,Terpenoid,Medium,14 terpenoid fragments → terpenoid/isoprenoid,"fragment:81.0706(Monoterpene_frag,13%); fragment:93.0704(Toluenium,12%); fragment:95.0859(Methylcyclohexenyl,18%); fragment:105.0700(Xylene_cation,7%); fragment:107.0857(Dimethylcyclohexenyl,9%); fragment:109.1013(Sesquiterpene_frag,12%); fragment:119.0858(C9H11+,7%); fragment:121.1017(Sesquiterpene_frag2,9%); fragment:123.1170(Sesquiterpene_frag3,20%); fragment:133.1008(Diterpene_frag,9%); fragment:135.1172(Diterpene_frag2,12%); fragment:147.1171(C11H15+,13%); fragment:149.1326(Sesterterpene_frag,22%); fragment:175.1485(C13H19+,13%)",5.0
A15_53191,Streptophyta,indval_consensus,OE23-POS,53191,614.462708,True,123,20,7,0,7,Terpenoid,Terpenoid,Medium,7 terpenoid fragments → terpenoid/isoprenoid,"fragment:95.0861(Methylcyclohexenyl,5%); fragment:109.1014(Sesquiterpene_frag,7%); fragment:119.0859(C9H11+,7%); fragment:121.1014(Sesquiterpene_frag2,12%); fragment:133.1013(Diterpene_frag,8%); fragment:135.1168(Diterpene_frag2,6%); fragment:175.1482(C13H19+,6%)",5.0
A15_53330,Streptophyta,indval_consensus,OE23-POS,53330,681.512629,True,66,64,1,0,1,Phospholipid,PC/SM,Medium,Phosphocholine at 14% → PC or SM,"fragment:184.0729(Phosphocholine_C5H13NO4P,14%)",5.0
A15_53357,Streptophyta,indval_consensus,OE23-POS,53357,621.269567,True,134,58,1,0,1,Phospholipid,PC/SM,Medium,Phosphocholine at 6% → PC or SM,"fragment:184.0731(Phosphocholine_C5H13NO4P,6%)",5.0
A15_53374,Streptophyta,indval_consensus,OE23-POS,53374,888.512917,True,35,35,1,0,1,Phospholipid,PC/SM,High,Phosphocholine at 23% → PC or SM,"fragment:184.0731(Phosphocholine_C5H13NO4P,23%)",5.0
A15_53387,Streptophyta,indval_consensus,OE23-POS,53387,840.542193,True,13,13,1,0,1,Phospholipid,PC/SM,High,Phosphocholine at 100% → PC or SM,"fragment:184.0732(Phosphocholine_C5H13NO4P,100%)",5.0
A15_53417,Streptophyta,indval_consensus,OE23-POS,53417,757.450448,True,75,7,1,0,1,Phospholipid,PC/SM,Medium,Phosphocholine at 10% → PC or SM,"fragment:184.0732(Phosphocholine_C5H13NO4P,10%)",5.0
A15_53460,Streptophyta,indval_consensus,OE23-POS,53460,313.273345,True,95,37,10,0,10,Terpenoid,Terpenoid,Medium,10 terpenoid fragments → terpenoid/isoprenoid,"fragment:69.0706(Isoprene_unit,21%); fragment:81.0705(Monoterpene_frag,36%); fragment:93.0703(Toluenium,16%); fragment:95.0859(Methylcyclohexenyl,35%); fragment:105.0703(Xylene_cation,10%); fragment:107.0859(Dimethylcyclohexenyl,8%); fragment:109.1014(Sesquiterpene_frag,13%); fragment:119.0858(C9H11+,7%); fragment:121.1016(Sesquiterpene_frag2,6%); fragment:123.1169(Sesquiterpene_frag3,8%)",5.0
A15_53539,Streptophyta,indval_consensus,OE23-POS,53539,601.448227,True,98,85,1,0,1,Betaine_Lipid,DGTS,Medium,DGTS headgroup fragment,"fragment:236.1513(DGTS_headgroup,5%)",5.0
A15_53587,Streptophyta,indval_consensus,OE23-POS,53587,678.467935,True,62,15,1,0,1,Phospholipid,PC/SM,High,Phosphocholine at 100% → PC or SM,"fragment:184.0734(Phosphocholine_C5H13NO4P,100%)",5.0
A15_53607,Streptophyta,indval_consensus,OE23-POS,53607,726.515982,True,21,5,1,0,1,Phospholipid,PC/SM,Medium,Phosphocholine at 16% → PC or SM,"fragment:184.0730(Phosphocholine_C5H13NO4P,16%)",5.0
A15_5380,Streptophyta,indval_consensus,OE23-POS,5380,283.205248,True,375,95,17,0,17,Terpenoid,Terpenoid,Medium,17 terpenoid fragments → terpenoid/isoprenoid,"fragment:69.0706(Isoprene_unit,27%); fragment:81.0704(Monoterpene_frag,42%); fragment:93.0703(Toluenium,25%); fragment:95.0859(Methylcyclohexenyl,34%); fragment:105.0702(Xylene_cation,23%); fragment:107.0858(Dimethylcyclohexenyl,38%); fragment:109.1015(Sesquiterpene_frag,23%); fragment:119.0857(C9H11+,24%); fragment:121.1013(Sesquiterpene_frag2,24%); fragment:123.1170(Sesquiterpene_frag3,11%); fragment:133.1013(Diterpene_frag,20%); fragment:135.1167(Diterpene_frag2,13%); fragment:147.1168(C11H15+,15%); fragment:149.1325(Sesterterpene_frag,7%); fragment:161.1325(C12H17+,5%); fragment:175.1483(C13H19+,8%); fragment:189.1638(Hopane_C14,8%)",5.0
A15_53811,Streptophyta,indval_consensus,OE23-POS,53811,694.488394,True,69,17,1,0,1,Phospholipid,PC/SM,Medium,Phosphocholine at 6% → PC or SM,"fragment:184.0731(Phosphocholine_C5H13NO4P,6%)",5.0
A15_53849,Methanobacteriota,indval_consensus,OE23-POS,53849,554.420458,True,54,35,1,0,1,Phospholipid,PC/SM,High,Phosphocholine at 70% → PC or SM,"fragment:184.0732(Phosphocholine_C5H13NO4P,70%)",5.0
A15_53862,Streptophyta,indval_consensus,OE23-POS,53862,829.506665,True,124,95,1,0,1,Phospholipid,PC/SM,High,Phosphocholine at 50% → PC or SM,"fragment:184.0733(Phosphocholine_C5H13NO4P,50%)",5.0
A15_53877,Streptophyta,indval_consensus,OE23-POS,53877,650.462193,True,208,7,1,0,1,Phospholipid,PC/SM,Medium,Phosphocholine at 9% → PC or SM,"fragment:184.0733(Phosphocholine_C5H13NO4P,9%)",5.0
A15_53890,Streptophyta,indval_consensus,OE23-POS,53890,415.299265,True,87,87,15,0,15,Terpenoid,Terpenoid,Medium,15 terpenoid fragments → terpenoid/isoprenoid,"fragment:69.0706(Isoprene_unit,32%); fragment:81.0705(Monoterpene_frag,53%); fragment:93.0704(Toluenium,87%); fragment:95.0859(Methylcyclohexenyl,79%); fragment:105.0703(Xylene_cation,46%); fragment:107.0859(Dimethylcyclohexenyl,61%); fragment:109.1015(Sesquiterpene_frag,73%); fragment:119.0858(C9H11+,82%); fragment:121.1014(Sesquiterpene_frag2,100%); fragment:123.1170(Sesquiterpene_frag3,18%); fragment:133.1013(Diterpene_frag,48%); fragment:135.1171(Diterpene_frag2,32%); fragment:147.1169(C11H15+,24%); fragment:161.1329(C12H17+,9%); fragment:175.1486(C13H19+,16%)",5.0
A15_53957,Streptophyta,indval_consensus,OE23-POS,53957,794.502886,True,17,17,1,0,1,Phospholipid,PC/SM,High,Phosphocholine at 100% → PC or SM,"fragment:184.0733(Phosphocholine_C5H13NO4P,100%)",5.0
A15_53994,Streptophyta,indval_consensus,OE23-POS,53994,679.472008,True,80,25,1,0,1,Phospholipid,PC/SM,High,Phosphocholine at 100% → PC or SM,"fragment:184.0734(Phosphocholine_C5H13NO4P,100%)",5.0
A15_54190,Streptophyta,indval_consensus,OE23-POS,54190,801.475197,True,31,31,1,0,1,Phospholipid,PC/SM,High,Phosphocholine at 40% → PC or SM,"fragment:184.0737(Phosphocholine_C5H13NO4P,40%)",5.0
A15_54199,Streptophyta,indval_consensus,OE23-POS,54199,607.254264,True,183,31,4,0,4,Terpenoid,Terpenoid,Low,4 terpenoid fragments → possible terpenoid/isoprenoid,"fragment:93.0703(Toluenium,5%); fragment:95.0859(Methylcyclohexenyl,7%); fragment:107.0860(Dimethylcyclohexenyl,6%); fragment:121.1013(Sesquiterpene_frag2,6%)",5.0
A15_54315,Mollusca,composite,OE23-POS,54315,393.335999,True,102,32,10,0,10,Terpenoid,Terpenoid,Medium,10 terpenoid fragments → terpenoid/isoprenoid,"fragment:69.0706(Isoprene_unit,100%); fragment:81.0705(Monoterpene_frag,35%); fragment:93.0706(Toluenium,9%); fragment:95.0860(Methylcyclohexenyl,26%); fragment:107.0860(Dimethylcyclohexenyl,7%); fragment:109.1015(Sesquiterpene_frag,18%); fragment:121.1015(Sesquiterpene_frag2,7%); fragment:123.1176(Sesquiterpene_frag3,10%); fragment:135.1171(Diterpene_frag2,9%); fragment:147.1173(C11H15+,6%)",5.0
A15_54713,Streptophyta,indval_consensus,OE23-POS,54713,720.479361,True,16,5,1,0,1,Phospholipid,PC/SM,High,Phosphocholine at 100% → PC or SM,"fragment:184.0732(Phosphocholine_C5H13NO4P,100%)",5.0
A15_54721,Streptophyta,indval_consensus,OE23-POS,54721,620.451866,True,309,161,15,0,15,Terpenoid,Terpenoid,Medium,15 terpenoid fragments → terpenoid/isoprenoid,"fragment:69.0706(Isoprene_unit,27%); fragment:81.0706(Monoterpene_frag,43%); fragment:93.0704(Toluenium,35%); fragment:95.0860(Methylcyclohexenyl,41%); fragment:105.0703(Xylene_cation,21%); fragment:107.0859(Dimethylcyclohexenyl,33%); fragment:109.1015(Sesquiterpene_frag,25%); fragment:119.0858(C9H11+,22%); fragment:121.1014(Sesquiterpene_frag2,49%); fragment:123.1171(Sesquiterpene_frag3,13%); fragment:133.1014(Diterpene_frag,28%); fragment:135.1169(Diterpene_frag2,25%); fragment:147.1169(C11H15+,30%); fragment:149.1325(Sesterterpene_frag,14%); fragment:161.1327(C12H17+,15%)",5.0
A15_54740,Streptophyta,indval_consensus,OE23-POS,54740,609.4503,True,73,17,1,0,1,Phospholipid,PC/SM,Medium,Phosphocholine at 11% → PC or SM,"fragment:184.0734(Phosphocholine_C5H13NO4P,11%)",5.0
A15_55078,Streptophyta,indval_consensus,OE23-POS,55078,722.519689,True,17,14,1,0,1,Phospholipid,PC/SM,High,Phosphocholine at 25% → PC or SM,"fragment:184.0738(Phosphocholine_C5H13NO4P,25%)",5.0
A15_55232,Streptophyta,indval_consensus,OE23-POS,55232,431.31456,True,22,22,8,0,8,Terpenoid,Terpenoid,Medium,8 terpenoid fragments → terpenoid/isoprenoid,"fragment:69.0705(Isoprene_unit,69%); fragment:81.0704(Monoterpene_frag,58%); fragment:95.0861(Methylcyclohexenyl,92%); fragment:107.0859(Dimethylcyclohexenyl,45%); fragment:109.1015(Sesquiterpene_frag,100%); fragment:133.0863(Diterpene_frag,37%); fragment:135.1175(Diterpene_frag2,27%); fragment:149.1319(Sesterterpene_frag,21%)",5.0
A15_55447,Streptophyta,indval_consensus,OE23-POS,55447,564.447663,True,68,41,10,0,10,Terpenoid,Terpenoid,Medium,10 terpenoid fragments → terpenoid/isoprenoid,"fragment:81.0705(Monoterpene_frag,16%); fragment:93.0704(Toluenium,7%); fragment:95.0859(Methylcyclohexenyl,14%); fragment:105.0702(Xylene_cation,5%); fragment:107.0863(Dimethylcyclohexenyl,9%); fragment:109.1017(Sesquiterpene_frag,12%); fragment:121.1014(Sesquiterpene_frag2,10%); fragment:133.1020(Diterpene_frag,6%); fragment:135.1175(Diterpene_frag2,9%); fragment:147.1168(C11H15+,7%)",5.0
A15_55456,Streptophyta,indval_consensus,OE23-POS,55456,453.356062,True,79,20,4,0,4,Terpenoid,Terpenoid,Low,4 terpenoid fragments → possible terpenoid/isoprenoid,"fragment:69.0705(Isoprene_unit,5%); fragment:81.0705(Monoterpene_frag,5%); fragment:95.0860(Methylcyclohexenyl,6%); fragment:109.1016(Sesquiterpene_frag,5%)",5.0
A15_55468,Streptophyta,indval_consensus,OE23-POS,55468,744.538582,True,49,23,4,0,4,Terpenoid,Terpenoid,Low,4 terpenoid fragments → possible terpenoid/isoprenoid,"fragment:121.1013(Sesquiterpene_frag2,6%); fragment:133.1012(Diterpene_frag,5%); fragment:135.1173(Diterpene_frag2,7%); fragment:147.1172(C11H15+,8%)",5.0
A15_55611,Streptophyta,indval_consensus,OE23-POS,55611,705.433726,True,59,18,1,0,1,Phospholipid,PC/SM,Medium,Phosphocholine at 13% → PC or SM,"fragment:184.0735(Phosphocholine_C5H13NO4P,13%)",5.0
A15_55647,Streptophyta,indval_consensus,OE23-POS,55647,604.45787,True,134,28,11,0,11,Terpenoid,Terpenoid,Medium,11 terpenoid fragments → terpenoid/isoprenoid,"fragment:81.0705(Monoterpene_frag,11%); fragment:93.0706(Toluenium,8%); fragment:95.0860(Methylcyclohexenyl,11%); fragment:107.0859(Dimethylcyclohexenyl,10%); fragment:109.1018(Sesquiterpene_frag,9%); fragment:119.0859(C9H11+,7%); fragment:121.1014(Sesquiterpene_frag2,15%); fragment:133.1014(Diterpene_frag,9%); fragment:135.1168(Diterpene_frag2,16%); fragment:147.1174(C11H15+,6%); fragment:149.1328(Sesterterpene_frag,10%)",5.0
A15_5568,Streptophyta,indval_consensus,OE23-POS,5568,259.205259,True,119,72,14,0,14,Terpenoid,Terpenoid,Medium,14 terpenoid fragments → terpenoid/isoprenoid,"fragment:69.0706(Isoprene_unit,53%); fragment:81.0705(Monoterpene_frag,77%); fragment:93.0704(Toluenium,86%); fragment:95.0860(Methylcyclohexenyl,65%); fragment:105.0702(Xylene_cation,100%); fragment:107.0858(Dimethylcyclohexenyl,57%); fragment:109.1015(Sesquiterpene_frag,21%); fragment:119.0857(C9H11+,70%); fragment:121.1014(Sesquiterpene_frag2,48%); fragment:133.1012(Diterpene_frag,72%); fragment:135.1169(Diterpene_frag2,26%); fragment:147.1168(C11H15+,38%); fragment:149.1326(Sesterterpene_frag,17%); fragment:161.1329(C12H17+,18%)",5.0
A15_55723,Streptophyta,indval_consensus,OE23-POS,55723,608.41558,True,75,23,1,1,2,Phospholipid,PE,High,PE headgroup + phosphocholine at 22%,"fragment:184.0735(Phosphocholine_C5H13NO4P,22%); loss:141.0191(Ethanolamine_phosphate,14%)",5.0
A15_55738,Mollusca,composite,OE23-POS,55738,538.291707,True,29,29,1,0,1,Phospholipid,PC/SM,High,Phosphocholine at 53% → PC or SM,"fragment:184.0733(Phosphocholine_C5H13NO4P,53%)",5.0
A15_55799,Streptophyta,indval_consensus,OE23-POS,55799,666.49321,True,61,42,7,0,7,Terpenoid,Terpenoid,Medium,7 terpenoid fragments → terpenoid/isoprenoid,"fragment:69.0704(Isoprene_unit,11%); fragment:81.0704(Monoterpene_frag,13%); fragment:93.0707(Toluenium,8%); fragment:95.0860(Methylcyclohexenyl,21%); fragment:109.1014(Sesquiterpene_frag,21%); fragment:121.1017(Sesquiterpene_frag2,10%); fragment:123.1164(Sesquiterpene_frag3,17%)",5.0
A15_5580,Streptophyta,indval_consensus,OE23-POS,5580,307.2262,True,262,40,9,0,9,Terpenoid,Terpenoid,Medium,9 terpenoid fragments → terpenoid/isoprenoid,"fragment:69.0706(Isoprene_unit,9%); fragment:81.0704(Monoterpene_frag,13%); fragment:93.0703(Toluenium,12%); fragment:95.0860(Methylcyclohexenyl,10%); fragment:107.0859(Dimethylcyclohexenyl,9%); fragment:109.1015(Sesquiterpene_frag,6%); fragment:119.0857(C9H11+,7%); fragment:121.1014(Sesquiterpene_frag2,6%); fragment:123.1169(Sesquiterpene_frag3,5%)",5.0
A15_5584,Streptophyta,indval_consensus,OE23-POS,5584,221.153337,True,139,54,14,0,14,Terpenoid,Terpenoid,Medium,14 terpenoid fragments → terpenoid/isoprenoid,"fragment:69.0706(Isoprene_unit,38%); fragment:81.0704(Monoterpene_frag,45%); fragment:93.0704(Toluenium,36%); fragment:95.0859(Methylcyclohexenyl,37%); fragment:105.0702(Xylene_cation,29%); fragment:107.0858(Dimethylcyclohexenyl,42%); fragment:109.1015(Sesquiterpene_frag,13%); fragment:119.0857(C9H11+,39%); fragment:121.1014(Sesquiterpene_frag2,28%); fragment:133.1011(Diterpene_frag,41%); fragment:135.1168(Diterpene_frag2,34%); fragment:147.1168(C11H15+,6%); fragment:161.1324(C12H17+,48%); fragment:175.1485(C13H19+,6%)",5.0
A15_55908,Streptophyta,indval_consensus,OE23-POS,55908,829.506793,True,47,42,1,0,1,Phospholipid,PC/SM,High,Phosphocholine at 41% → PC or SM,"fragment:184.0733(Phosphocholine_C5H13NO4P,41%)",5.0
A15_56070,Streptophyta,indval_consensus,OE23-POS,56070,801.475226,True,17,17,1,0,1,Phospholipid,PC/SM,High,Phosphocholine at 37% → PC or SM,"fragment:184.0737(Phosphocholine_C5H13NO4P,37%)",5.0
A15_5614,Chlorophyta,composite,OE23-POS,5614,650.352012,True,37,13,4,0,4,Terpenoid,Terpenoid,Low,4 terpenoid fragments → possible terpenoid/isoprenoid,"fragment:81.0704(Monoterpene_frag,6%); fragment:107.0855(Dimethylcyclohexenyl,7%); fragment:109.1013(Sesquiterpene_frag,5%); fragment:121.1012(Sesquiterpene_frag2,6%)",5.0
A15_5620,Streptophyta,indval_consensus,OE23-POS,5620,413.23115,True,93,62,13,0,13,Terpenoid,Terpenoid,Medium,13 terpenoid fragments → terpenoid/isoprenoid,"fragment:69.0707(Isoprene_unit,17%); fragment:81.0705(Monoterpene_frag,22%); fragment:93.0706(Toluenium,18%); fragment:95.0859(Methylcyclohexenyl,22%); fragment:105.0702(Xylene_cation,41%); fragment:107.0858(Dimethylcyclohexenyl,11%); fragment:109.1015(Sesquiterpene_frag,15%); fragment:119.0859(C9H11+,12%); fragment:121.1018(Sesquiterpene_frag2,8%); fragment:123.1173(Sesquiterpene_frag3,9%); fragment:133.1015(Diterpene_frag,8%); fragment:135.1168(Diterpene_frag2,8%); fragment:161.1317(C12H17+,6%)",5.0
A15_56302,Streptophyta,indval_consensus,OE23-POS,56302,778.511085,True,57,32,1,0,1,Phospholipid,PC/SM,Medium,Phosphocholine at 7% → PC or SM,"fragment:184.0740(Phosphocholine_C5H13NO4P,7%)",5.0
A15_56468,Streptophyta,indval_consensus,OE23-POS,56468,848.507415,True,25,16,1,0,1,Phospholipid,PC/SM,Medium,Phosphocholine at 9% → PC or SM,"fragment:184.0738(Phosphocholine_C5H13NO4P,9%)",5.0
A15_56511,Streptophyta,indval_consensus,OE23-POS,56511,778.546157,True,103,18,1,0,1,Phospholipid,PC/SM,Medium,Phosphocholine at 10% → PC or SM,"fragment:184.0733(Phosphocholine_C5H13NO4P,10%)",5.0
A15_56524,Streptophyta,indval_consensus,OE23-POS,56524,517.389217,True,64,64,14,0,14,Terpenoid,Terpenoid,Medium,14 terpenoid fragments → terpenoid/isoprenoid,"fragment:69.0706(Isoprene_unit,19%); fragment:81.0704(Monoterpene_frag,43%); fragment:93.0703(Toluenium,22%); fragment:95.0861(Methylcyclohexenyl,33%); fragment:107.0859(Dimethylcyclohexenyl,20%); fragment:109.1014(Sesquiterpene_frag,20%); fragment:119.0859(C9H11+,9%); fragment:121.1012(Sesquiterpene_frag2,23%); fragment:123.1170(Sesquiterpene_frag3,11%); fragment:133.1014(Diterpene_frag,16%); fragment:135.1168(Diterpene_frag2,14%); fragment:147.1165(C11H15+,16%); fragment:149.1326(Sesterterpene_frag,9%); fragment:161.1331(C12H17+,10%)",5.0
A15_56536,Streptophyta,indval_consensus,OE23-POS,56536,980.613681,True,102,74,4,0,4,Terpenoid,Terpenoid,Low,4 terpenoid fragments → possible terpenoid/isoprenoid,"fragment:81.0708(Monoterpene_frag,7%); fragment:93.0704(Toluenium,7%); fragment:107.0860(Dimethylcyclohexenyl,7%); fragment:119.0860(C9H11+,7%)",5.0
A15_56553,Streptophyta,indval_consensus,OE23-POS,56553,745.485891,True,30,11,0,1,1,Glycolipid,Glycolipid,Low,Hexose fragment/neutral loss,"loss:162.0528(Hexose_loss,21%)",5.0
A15_5662,Streptophyta,indval_consensus,OE23-POS,5662,492.315872,True,85,38,6,0,6,Terpenoid,Terpenoid,Medium,6 terpenoid fragments → terpenoid/isoprenoid,"fragment:81.0706(Monoterpene_frag,5%); fragment:105.0702(Xylene_cation,29%); fragment:107.0857(Dimethylcyclohexenyl,13%); fragment:109.1015(Sesquiterpene_frag,51%); fragment:123.1169(Sesquiterpene_frag3,9%); fragment:133.1013(Diterpene_frag,24%)",5.0
A15_56643,Streptophyta,indval_consensus,OE23-POS,56643,746.493937,True,41,12,1,0,1,Phospholipid,PC/SM,High,Phosphocholine at 22% → PC or SM,"fragment:184.0732(Phosphocholine_C5H13NO4P,22%)",5.0
A15_56675,Streptophyta,indval_consensus,OE23-POS,56675,806.550812,True,95,9,1,0,1,Phospholipid,PC/SM,High,Phosphocholine at 32% → PC or SM,"fragment:184.0733(Phosphocholine_C5H13NO4P,32%)",5.0
A15_56680,Streptophyta,indval_consensus,OE23-POS,56680,824.551839,True,164,80,1,0,1,Phospholipid,PC/SM,Medium,Phosphocholine at 5% → PC or SM,"fragment:184.0738(Phosphocholine_C5H13NO4P,5%)",5.0
A15_56984,Streptophyta,indval_consensus,OE23-POS,56984,494.383437,True,50,50,1,0,1,Phospholipid,PC/SM,Medium,Phosphocholine at 14% → PC or SM,"fragment:184.0739(Phosphocholine_C5H13NO4P,14%)",5.0
A15_57025,Streptophyta,indval_consensus,OE23-POS,57025,636.446473,True,58,13,1,0,1,Phospholipid,PC/SM,Medium,Phosphocholine at 12% → PC or SM,"fragment:184.0732(Phosphocholine_C5H13NO4P,12%)",5.0
A15_57028,Streptophyta,indval_consensus,OE23-POS,57028,682.523237,True,23,21,1,0,1,Phospholipid,PC/SM,Medium,Phosphocholine at 11% → PC or SM,"fragment:184.0742(Phosphocholine_C5H13NO4P,11%)",5.0
A15_5708,Streptophyta,indval_consensus,OE23-POS,5708,579.284263,True,68,67,1,0,1,Phospholipid,PC/SM,High,Phosphocholine at 28% → PC or SM,"fragment:184.0735(Phosphocholine_C5H13NO4P,28%)",5.0
A15_57142,Streptophyta,indval_consensus,OE23-POS,57142,662.46318,True,60,28,1,0,1,Phospholipid,PC/SM,Medium,Phosphocholine at 7% → PC or SM,"fragment:184.0737(Phosphocholine_C5H13NO4P,7%)",5.0
A15_57188,Streptophyta,indval_consensus,OE23-POS,57188,565.404365,True,120,105,16,0,16,Terpenoid,Terpenoid,Medium,16 terpenoid fragments → terpenoid/isoprenoid,"fragment:69.0706(Isoprene_unit,18%); fragment:81.0705(Monoterpene_frag,45%); fragment:93.0704(Toluenium,48%); fragment:95.0861(Methylcyclohexenyl,56%); fragment:105.0702(Xylene_cation,30%); fragment:107.0858(Dimethylcyclohexenyl,62%); fragment:109.1015(Sesquiterpene_frag,59%); fragment:119.0858(C9H11+,80%); fragment:121.1014(Sesquiterpene_frag2,100%); fragment:123.1171(Sesquiterpene_frag3,26%); fragment:133.1013(Diterpene_frag,73%); fragment:135.1171(Diterpene_frag2,100%); fragment:147.1170(C11H15+,28%); fragment:149.1329(Sesterterpene_frag,13%); fragment:161.1327(C12H17+,22%); fragment:175.1482(C13H19+,65%)",5.0
A15_57204,Streptophyta,indval_consensus,OE23-POS,57204,415.299346,True,66,66,15,0,15,Terpenoid,Terpenoid,Medium,15 terpenoid fragments → terpenoid/isoprenoid,"fragment:69.0706(Isoprene_unit,42%); fragment:81.0705(Monoterpene_frag,54%); fragment:93.0704(Toluenium,64%); fragment:95.0861(Methylcyclohexenyl,77%); fragment:105.0702(Xylene_cation,49%); fragment:107.0859(Dimethylcyclohexenyl,58%); fragment:109.1015(Sesquiterpene_frag,55%); fragment:119.0858(C9H11+,85%); fragment:121.1015(Sesquiterpene_frag2,100%); fragment:123.1173(Sesquiterpene_frag3,16%); fragment:133.1012(Diterpene_frag,45%); fragment:135.1170(Diterpene_frag2,27%); fragment:147.1166(C11H15+,24%); fragment:161.1323(C12H17+,8%); fragment:175.1485(C13H19+,24%)",5.0
A15_57280,Streptophyta,indval_consensus,OE23-POS,57280,492.36798,True,55,20,6,0,6,Terpenoid,Terpenoid,Medium,6 terpenoid fragments → terpenoid/isoprenoid,"fragment:69.0705(Isoprene_unit,6%); fragment:81.0704(Monoterpene_frag,18%); fragment:95.0859(Methylcyclohexenyl,21%); fragment:109.1016(Sesquiterpene_frag,11%); fragment:121.1015(Sesquiterpene_frag2,7%); fragment:135.1170(Diterpene_frag2,5%)",5.0
A15_57299,Streptophyta,indval_consensus,OE23-POS,57299,801.475487,True,57,43,1,0,1,Phospholipid,PC/SM,Medium,Phosphocholine at 11% → PC or SM,"fragment:184.0738(Phosphocholine_C5H13NO4P,11%)",5.0
A15_5730,Streptophyta,indval_consensus,OE23-POS,5730,385.236853,True,111,98,15,0,15,Terpenoid,Terpenoid,Medium,15 terpenoid fragments → terpenoid/isoprenoid,"fragment:69.0706(Isoprene_unit,27%); fragment:81.0705(Monoterpene_frag,51%); fragment:93.0704(Toluenium,28%); fragment:95.0858(Methylcyclohexenyl,38%); fragment:105.0703(Xylene_cation,32%); fragment:107.0858(Dimethylcyclohexenyl,29%); fragment:109.1017(Sesquiterpene_frag,29%); fragment:119.0861(C9H11+,20%); fragment:121.1016(Sesquiterpene_frag2,21%); fragment:123.1173(Sesquiterpene_frag3,12%); fragment:133.1014(Diterpene_frag,19%); fragment:135.1169(Diterpene_frag2,11%); fragment:147.1175(C11H15+,9%); fragment:161.1328(C12H17+,10%); fragment:175.1495(C13H19+,6%)",5.0
A15_57339,Streptophyta,indval_consensus,OE23-POS,57339,785.482491,True,46,21,0,2,2,Sphingolipid,Ceramide,Medium,Sphingoid base fragments,"loss:180.0634(Hexose+H2O_loss,8%); loss:180.0634(Hexose_ceramide,8%)",5.0
A15_5755,Arthropoda,composite,OE23-POS,5755,571.243625,True,103,27,1,0,1,Phospholipid,PC/SM,High,Phosphocholine at 35% → PC or SM,"fragment:184.0733(Phosphocholine_C5H13NO4P,35%)",5.0
A15_57590,Streptophyta,indval_consensus,OE23-POS,57590,808.568064,True,67,13,1,0,1,Phospholipid,PC/SM,High,Phosphocholine at 100% → PC or SM,"fragment:184.0733(Phosphocholine_C5H13NO4P,100%)",5.0
A15_58012,Streptophyta,indval_consensus,OE23-POS,58012,804.53463,True,109,15,1,0,1,Phospholipid,PC/SM,High,Phosphocholine at 100% → PC or SM,"fragment:184.0734(Phosphocholine_C5H13NO4P,100%)",5.0
A15_58246,Streptophyta,indval_consensus,OE23-POS,58246,622.468429,True,31,31,1,0,1,Phospholipid,PC/SM,Medium,Phosphocholine at 17% → PC or SM,"fragment:184.0730(Phosphocholine_C5H13NO4P,17%)",5.0
A15_58259,Mollusca,composite,OE23-POS,58259,381.336378,True,40,40,5,0,5,Terpenoid,Terpenoid,Medium,5 terpenoid fragments → terpenoid/isoprenoid,"fragment:69.0706(Isoprene_unit,76%); fragment:81.0706(Monoterpene_frag,50%); fragment:93.0703(Toluenium,18%); fragment:95.0860(Methylcyclohexenyl,34%); fragment:109.1013(Sesquiterpene_frag,20%)",5.0
A15_5828,Arthropoda,composite,OE23-POS,5828,594.295397,True,94,22,1,0,1,Phospholipid,PC/SM,High,Phosphocholine at 100% → PC or SM,"fragment:184.0734(Phosphocholine_C5H13NO4P,100%)",5.0
A15_58373,Streptophyta,indval_consensus,OE23-POS,58373,650.462075,True,150,9,1,0,1,Phospholipid,PC/SM,Medium,Phosphocholine at 8% → PC or SM,"fragment:184.0736(Phosphocholine_C5H13NO4P,8%)",5.0
A15_584,Streptophyta,indval_consensus,OE23-POS,584,329.172607,True,334,56,0,2,2,Sphingolipid,Ceramide,Medium,Sphingoid base fragments,"loss:180.0634(Hexose+H2O_loss,7%); loss:180.0634(Hexose_ceramide,7%)",5.0
A15_58481,Streptophyta,indval_consensus,OE23-POS,58481,565.424117,True,19,19,1,0,1,Phospholipid,PC/SM,Medium,Phosphocholine at 17% → PC or SM,"fragment:184.0738(Phosphocholine_C5H13NO4P,17%)",5.0
A15_58506,Streptophyta,indval_consensus,OE23-POS,58506,453.356227,True,41,23,6,0,6,Terpenoid,Terpenoid,Medium,6 terpenoid fragments → terpenoid/isoprenoid,"fragment:69.0707(Isoprene_unit,7%); fragment:81.0707(Monoterpene_frag,10%); fragment:95.0862(Methylcyclohexenyl,8%); fragment:109.1021(Sesquiterpene_frag,6%); fragment:121.1015(Sesquiterpene_frag2,7%); fragment:133.0863(Diterpene_frag,12%)",5.0
A15_58548,Streptophyta,indval_consensus,OE23-POS,58548,801.475448,True,77,46,1,0,1,Phospholipid,PC/SM,High,Phosphocholine at 38% → PC or SM,"fragment:184.0734(Phosphocholine_C5H13NO4P,38%)",5.0
A15_58623,Streptophyta,indval_consensus,OE23-POS,58623,796.517507,True,85,85,1,0,1,Phospholipid,PC/SM,High,Phosphocholine at 40% → PC or SM,"fragment:184.0733(Phosphocholine_C5H13NO4P,40%)",5.0
A15_58686,Chlorophyta,composite,OE23-POS,58686,623.250362,True,22,22,1,0,1,Phospholipid,PC/SM,High,Phosphocholine at 74% → PC or SM,"fragment:184.0727(Phosphocholine_C5H13NO4P,74%)",5.0
A15_58800,Streptophyta,indval_consensus,OE23-POS,58800,623.28668,True,125,69,12,0,12,Terpenoid,Terpenoid,Medium,12 terpenoid fragments → terpenoid/isoprenoid,"fragment:69.0705(Isoprene_unit,6%); fragment:81.0704(Monoterpene_frag,8%); fragment:93.0703(Toluenium,11%); fragment:95.0859(Methylcyclohexenyl,15%); fragment:107.0860(Dimethylcyclohexenyl,12%); fragment:109.1017(Sesquiterpene_frag,14%); fragment:119.0856(C9H11+,6%); fragment:121.1016(Sesquiterpene_frag2,11%); fragment:133.1010(Diterpene_frag,8%); fragment:135.1171(Diterpene_frag2,6%); fragment:147.1166(C11H15+,5%); fragment:149.1331(Sesterterpene_frag,5%)",5.0
A15_58828,Streptophyta,indval_consensus,OE23-POS,58828,583.414588,True,122,112,15,0,15,Terpenoid,Terpenoid,Medium,15 terpenoid fragments → terpenoid/isoprenoid,"fragment:69.0705(Isoprene_unit,23%); fragment:81.0705(Monoterpene_frag,39%); fragment:93.0704(Toluenium,39%); fragment:95.0861(Methylcyclohexenyl,64%); fragment:105.0702(Xylene_cation,36%); fragment:107.0858(Dimethylcyclohexenyl,64%); fragment:109.1015(Sesquiterpene_frag,46%); fragment:119.0859(C9H11+,60%); fragment:121.1015(Sesquiterpene_frag2,94%); fragment:123.1174(Sesquiterpene_frag3,22%); fragment:133.1016(Diterpene_frag,39%); fragment:135.1170(Diterpene_frag2,34%); fragment:147.1171(C11H15+,41%); fragment:161.1328(C12H17+,16%); fragment:175.1482(C13H19+,25%)",5.0
A15_58830,Streptophyta,indval_consensus,OE23-POS,58830,489.356008,True,76,20,5,0,5,Terpenoid,Terpenoid,Medium,5 terpenoid fragments → terpenoid/isoprenoid,"fragment:69.0705(Isoprene_unit,6%); fragment:81.0706(Monoterpene_frag,7%); fragment:95.0861(Methylcyclohexenyl,7%); fragment:109.1017(Sesquiterpene_frag,5%); fragment:121.1013(Sesquiterpene_frag2,6%)",5.0
A15_58870,Streptophyta,indval_consensus,OE23-POS,58870,615.257127,True,107,52,12,0,12,Terpenoid,Terpenoid,Medium,12 terpenoid fragments → terpenoid/isoprenoid,"fragment:93.0703(Toluenium,8%); fragment:95.0860(Methylcyclohexenyl,13%); fragment:105.0701(Xylene_cation,8%); fragment:107.0860(Dimethylcyclohexenyl,14%); fragment:109.1014(Sesquiterpene_frag,28%); fragment:119.0858(C9H11+,13%); fragment:121.1012(Sesquiterpene_frag2,20%); fragment:123.1168(Sesquiterpene_frag3,6%); fragment:133.1014(Diterpene_frag,13%); fragment:135.1170(Diterpene_frag2,12%); fragment:147.1167(C11H15+,6%); fragment:175.1485(C13H19+,8%)",5.0
A15_58913,Streptophyta,indval_consensus,OE23-POS,58913,601.425983,True,277,101,15,0,15,Terpenoid,Terpenoid,Medium,15 terpenoid fragments → terpenoid/isoprenoid,"fragment:69.0706(Isoprene_unit,20%); fragment:81.0704(Monoterpene_frag,25%); fragment:93.0705(Toluenium,35%); fragment:95.0860(Methylcyclohexenyl,39%); fragment:105.0703(Xylene_cation,18%); fragment:107.0858(Dimethylcyclohexenyl,56%); fragment:109.1015(Sesquiterpene_frag,75%); fragment:119.0857(C9H11+,51%); fragment:121.1013(Sesquiterpene_frag2,57%); fragment:123.1171(Sesquiterpene_frag3,9%); fragment:133.1013(Diterpene_frag,37%); fragment:135.1169(Diterpene_frag2,39%); fragment:147.1169(C11H15+,33%); fragment:161.1329(C12H17+,16%); fragment:175.1483(C13H19+,45%)",5.0
A15_58953,Streptophyta,indval_consensus,OE23-POS,58953,757.448847,True,52,6,1,0,1,Phospholipid,PC/SM,Medium,Phosphocholine at 7% → PC or SM,"fragment:184.0731(Phosphocholine_C5H13NO4P,7%)",5.0
A15_59061,Nematoda,composite,OE23-POS,59061,380.349549,True,58,58,4,0,4,Terpenoid,Terpenoid,Low,4 terpenoid fragments → possible terpenoid/isoprenoid,"fragment:69.0705(Isoprene_unit,11%); fragment:81.0705(Monoterpene_frag,8%); fragment:95.0862(Methylcyclohexenyl,10%); fragment:133.0859(Diterpene_frag,9%)",5.0
A15_59092,Streptophyta,indval_consensus,OE23-POS,59092,602.426707,True,50,31,12,0,12,Terpenoid,Terpenoid,Medium,12 terpenoid fragments → terpenoid/isoprenoid,"fragment:93.0702(Toluenium,9%); fragment:95.0860(Methylcyclohexenyl,9%); fragment:105.0703(Xylene_cation,8%); fragment:107.0858(Dimethylcyclohexenyl,12%); fragment:109.1016(Sesquiterpene_frag,23%); fragment:119.0860(C9H11+,12%); fragment:121.1012(Sesquiterpene_frag2,24%); fragment:123.1171(Sesquiterpene_frag3,8%); fragment:133.1013(Diterpene_frag,11%); fragment:135.1172(Diterpene_frag2,7%); fragment:147.1173(C11H15+,8%); fragment:175.1484(C13H19+,5%)",5.0
A15_59116,Streptophyta,indval_consensus,OE23-POS,59116,754.545613,True,39,22,1,0,1,Phospholipid,PC/SM,Medium,Phosphocholine at 7% → PC or SM,"fragment:184.0731(Phosphocholine_C5H13NO4P,7%)",5.0
A15_59236,Streptophyta,indval_consensus,OE23-POS,59236,696.504147,True,183,98,1,1,2,Phospholipid,PC/SM,High,Phosphocholine at 35% → PC or SM,"fragment:184.0732(Phosphocholine_C5H13NO4P,35%); loss:87.0320(Serine,5%)",5.0
A15_59248,Streptophyta,indval_consensus,OE23-POS,59248,599.447915,True,51,51,14,0,14,Terpenoid,Terpenoid,Medium,14 terpenoid fragments → terpenoid/isoprenoid,"fragment:69.0708(Isoprene_unit,20%); fragment:81.0706(Monoterpene_frag,92%); fragment:93.0709(Toluenium,46%); fragment:95.0860(Methylcyclohexenyl,33%); fragment:105.0707(Xylene_cation,43%); fragment:107.0861(Dimethylcyclohexenyl,81%); fragment:109.1014(Sesquiterpene_frag,100%); fragment:119.0863(C9H11+,69%); fragment:121.1021(Sesquiterpene_frag2,66%); fragment:123.1173(Sesquiterpene_frag3,30%); fragment:133.1018(Diterpene_frag,90%); fragment:135.1175(Diterpene_frag2,76%); fragment:147.1177(C11H15+,49%); fragment:175.1490(C13H19+,30%)",5.0
A15_59536,Streptophyta,indval_consensus,OE23-POS,59536,617.382325,True,76,34,10,0,10,Terpenoid,Terpenoid,Medium,10 terpenoid fragments → terpenoid/isoprenoid,"fragment:81.0705(Monoterpene_frag,21%); fragment:93.0707(Toluenium,11%); fragment:95.0864(Methylcyclohexenyl,11%); fragment:107.0862(Dimethylcyclohexenyl,9%); fragment:109.1020(Sesquiterpene_frag,9%); fragment:119.0862(C9H11+,7%); fragment:121.1017(Sesquiterpene_frag2,11%); fragment:133.1020(Diterpene_frag,5%); fragment:135.1173(Diterpene_frag2,7%); fragment:147.1174(C11H15+,7%)",5.0
A15_59570,Mollusca,composite,OE23-POS,59570,393.335987,True,60,30,11,0,11,Terpenoid,Terpenoid,Medium,11 terpenoid fragments → terpenoid/isoprenoid,"fragment:69.0705(Isoprene_unit,100%); fragment:81.0704(Monoterpene_frag,51%); fragment:93.0702(Toluenium,10%); fragment:95.0859(Methylcyclohexenyl,52%); fragment:105.0703(Xylene_cation,6%); fragment:107.0858(Dimethylcyclohexenyl,11%); fragment:109.1014(Sesquiterpene_frag,22%); fragment:121.1014(Sesquiterpene_frag2,16%); fragment:123.1171(Sesquiterpene_frag3,9%); fragment:133.1011(Diterpene_frag,6%); fragment:135.1169(Diterpene_frag2,12%)",5.0
A15_59646,Streptophyta,indval_consensus,OE23-POS,59646,840.54144,True,20,20,1,0,1,Phospholipid,PC/SM,High,Phosphocholine at 100% → PC or SM,"fragment:184.0733(Phosphocholine_C5H13NO4P,100%)",5.0
A15_59688,Streptophyta,indval_consensus,OE23-POS,59688,607.25446,True,125,24,8,0,8,Terpenoid,Terpenoid,Medium,8 terpenoid fragments → terpenoid/isoprenoid,"fragment:93.0705(Toluenium,6%); fragment:95.0861(Methylcyclohexenyl,7%); fragment:107.0859(Dimethylcyclohexenyl,16%); fragment:109.1016(Sesquiterpene_frag,7%); fragment:121.1015(Sesquiterpene_frag2,8%); fragment:133.1017(Diterpene_frag,8%); fragment:135.1171(Diterpene_frag2,5%); fragment:147.1169(C11H15+,6%)",5.0
A15_59731,Streptophyta,indval_consensus,OE23-POS,59731,829.506996,True,95,15,1,0,1,Phospholipid,PC/SM,High,Phosphocholine at 30% → PC or SM,"fragment:184.0731(Phosphocholine_C5H13NO4P,30%)",5.0
A15_59742,Streptophyta,indval_consensus,OE23-POS,59742,666.435771,True,31,4,1,0,1,Phospholipid,PC/SM,High,Phosphocholine at 100% → PC or SM,"fragment:184.0733(Phosphocholine_C5H13NO4P,100%)",5.0
A15_59797,Streptophyta,indval_consensus,OE23-POS,59797,866.526872,True,126,68,5,0,5,Terpenoid,Terpenoid,Low,5 terpenoid fragments in complex spectrum (68 peaks) → possible terpenoid,"fragment:81.0705(Monoterpene_frag,6%); fragment:95.0864(Methylcyclohexenyl,6%); fragment:107.0856(Dimethylcyclohexenyl,5%); fragment:121.1012(Sesquiterpene_frag2,7%); fragment:133.1015(Diterpene_frag,7%)",5.0
A15_59870,Arthropoda,composite,OE23-POS,59870,659.286766,True,103,7,1,0,1,Phospholipid,PC/SM,High,Phosphocholine at 74% → PC or SM,"fragment:184.0733(Phosphocholine_C5H13NO4P,74%)",5.0
A15_59954,Streptophyta,indval_consensus,OE23-POS,59954,599.447146,True,131,127,13,0,13,Terpenoid,Terpenoid,Medium,13 terpenoid fragments → terpenoid/isoprenoid,"fragment:93.0705(Toluenium,23%); fragment:95.0860(Methylcyclohexenyl,36%); fragment:105.0704(Xylene_cation,23%); fragment:107.0858(Dimethylcyclohexenyl,51%); fragment:109.1015(Sesquiterpene_frag,60%); fragment:119.0859(C9H11+,57%); fragment:121.1013(Sesquiterpene_frag2,54%); fragment:123.1170(Sesquiterpene_frag3,15%); fragment:133.1013(Diterpene_frag,34%); fragment:135.1168(Diterpene_frag2,37%); fragment:147.1169(C11H15+,35%); fragment:161.1332(C12H17+,10%); fragment:175.1486(C13H19+,32%)",5.0
A15_60139,Streptophyta,indval_consensus,OE23-POS,60139,786.525901,True,15,13,1,0,1,Phospholipid,PC/SM,High,Phosphocholine at 100% → PC or SM,"fragment:184.0734(Phosphocholine_C5H13NO4P,100%)",5.0
A15_60152,Streptophyta,indval_consensus,OE23-POS,60152,648.483297,True,29,16,3,0,3,Terpenoid,Terpenoid,Low,3 terpenoid fragments → possible terpenoid/isoprenoid,"fragment:109.1014(Sesquiterpene_frag,12%); fragment:119.0859(C9H11+,5%); fragment:123.1173(Sesquiterpene_frag3,9%)",5.0
A15_60210,Arthropoda,composite,OE23-POS,60210,486.295947,True,94,37,8,0,8,Terpenoid,Terpenoid,Medium,8 terpenoid fragments → terpenoid/isoprenoid,"fragment:69.0706(Isoprene_unit,8%); fragment:81.0704(Monoterpene_frag,27%); fragment:95.0859(Methylcyclohexenyl,23%); fragment:109.1015(Sesquiterpene_frag,20%); fragment:121.1014(Sesquiterpene_frag2,8%); fragment:123.1169(Sesquiterpene_frag3,13%); fragment:135.1169(Diterpene_frag2,8%); fragment:149.1328(Sesterterpene_frag,6%)",5.0
A15_60212,Streptophyta,indval_consensus,OE23-POS,60212,986.604137,True,151,67,9,0,9,Terpenoid,Terpenoid,Medium,9 terpenoid fragments → terpenoid/isoprenoid,"fragment:81.0705(Monoterpene_frag,8%); fragment:93.0705(Toluenium,9%); fragment:95.0860(Methylcyclohexenyl,5%); fragment:107.0860(Dimethylcyclohexenyl,5%); fragment:109.1017(Sesquiterpene_frag,9%); fragment:121.1014(Sesquiterpene_frag2,16%); fragment:123.1169(Sesquiterpene_frag3,7%); fragment:135.1171(Diterpene_frag2,7%); fragment:161.1315(C12H17+,5%)",5.0
A15_60364,Streptophyta,indval_consensus,OE23-POS,60364,415.299287,True,46,46,14,0,14,Terpenoid,Terpenoid,Medium,14 terpenoid fragments → terpenoid/isoprenoid,"fragment:69.0706(Isoprene_unit,34%); fragment:81.0703(Monoterpene_frag,48%); fragment:93.0703(Toluenium,62%); fragment:95.0860(Methylcyclohexenyl,58%); fragment:105.0702(Xylene_cation,34%); fragment:107.0857(Dimethylcyclohexenyl,61%); fragment:109.1016(Sesquiterpene_frag,53%); fragment:119.0859(C9H11+,76%); fragment:121.1015(Sesquiterpene_frag2,79%); fragment:123.1173(Sesquiterpene_frag3,18%); fragment:133.1013(Diterpene_frag,44%); fragment:135.1168(Diterpene_frag2,28%); fragment:147.1167(C11H15+,14%); fragment:175.1491(C13H19+,13%)",5.0
A15_60490,Streptophyta,indval_consensus,OE23-POS,60490,489.356044,True,44,19,7,0,7,Terpenoid,Terpenoid,Medium,7 terpenoid fragments → terpenoid/isoprenoid,"fragment:69.0704(Isoprene_unit,5%); fragment:81.0704(Monoterpene_frag,9%); fragment:93.0705(Toluenium,8%); fragment:95.0859(Methylcyclohexenyl,8%); fragment:109.1015(Sesquiterpene_frag,9%); fragment:121.1011(Sesquiterpene_frag2,6%); fragment:123.1171(Sesquiterpene_frag3,7%)",5.0
A15_60597,Streptophyta,indval_consensus,OE23-POS,60597,601.425387,True,132,14,7,0,7,Terpenoid,Terpenoid,Medium,7 terpenoid fragments → terpenoid/isoprenoid,"fragment:81.0705(Monoterpene_frag,6%); fragment:95.0859(Methylcyclohexenyl,7%); fragment:107.0860(Dimethylcyclohexenyl,6%); fragment:109.1015(Sesquiterpene_frag,100%); fragment:119.0859(C9H11+,8%); fragment:121.1013(Sesquiterpene_frag2,9%); fragment:135.1170(Diterpene_frag2,7%)",5.0
A15_60663,Streptophyta,indval_consensus,OE23-POS,60663,615.257191,True,112,50,1,0,1,Phospholipid,PC/SM,High,Phosphocholine at 68% → PC or SM,"fragment:184.0734(Phosphocholine_C5H13NO4P,68%)",5.0
A15_60879,Streptophyta,indval_consensus,OE23-POS,60879,856.525924,True,69,69,1,0,1,Phospholipid,PC/SM,Medium,Phosphocholine at 17% → PC or SM,"fragment:184.0742(Phosphocholine_C5H13NO4P,17%)",5.0
A15_6105,Streptophyta,indval_consensus,OE23-POS,6105,596.310306,True,325,28,1,0,1,Phospholipid,PC/SM,Medium,Phosphocholine at 12% → PC or SM,"fragment:184.0732(Phosphocholine_C5H13NO4P,12%)",5.0
A15_61102,Streptophyta,indval_consensus,OE23-POS,61102,492.36786,True,64,47,11,0,11,Terpenoid,Terpenoid,Medium,11 terpenoid fragments → terpenoid/isoprenoid,"fragment:69.0705(Isoprene_unit,8%); fragment:81.0705(Monoterpene_frag,20%); fragment:93.0706(Toluenium,6%); fragment:95.0858(Methylcyclohexenyl,23%); fragment:109.1016(Sesquiterpene_frag,12%); fragment:121.1015(Sesquiterpene_frag2,9%); fragment:123.1170(Sesquiterpene_frag3,6%); fragment:135.1173(Diterpene_frag2,13%); fragment:147.1166(C11H15+,5%); fragment:149.1328(Sesterterpene_frag,5%); fragment:161.1336(C12H17+,7%)",5.0
A15_61116,Streptophyta,indval_consensus,OE23-POS,61116,597.432261,True,76,76,1,0,1,Quinone,Ubiquinone,Medium,Ubiquinone headgroup fragment,"fragment:197.0800(Ubiquinone_headgroup,11%)",5.0
A15_61259,Streptophyta,indval_consensus,OE23-POS,61259,796.5178,True,60,60,7,0,7,Terpenoid,Terpenoid,Medium,7 terpenoid fragments → terpenoid/isoprenoid,"fragment:81.0704(Monoterpene_frag,18%); fragment:95.0858(Methylcyclohexenyl,17%); fragment:107.0857(Dimethylcyclohexenyl,14%); fragment:109.1019(Sesquiterpene_frag,17%); fragment:121.1014(Sesquiterpene_frag2,24%); fragment:135.1171(Diterpene_frag2,23%); fragment:147.1163(C11H15+,15%)",5.0
A15_61262,Streptophyta,indval_consensus,OE23-POS,61262,986.603998,True,95,45,3,0,3,Terpenoid,Terpenoid,Low,3 terpenoid fragments → possible terpenoid/isoprenoid,"fragment:93.0703(Toluenium,6%); fragment:109.1017(Sesquiterpene_frag,7%); fragment:121.1013(Sesquiterpene_frag2,20%)",5.0
A15_61412,Streptophyta,indval_consensus,OE23-POS,61412,804.562218,True,100,21,1,0,1,Phospholipid,PC/SM,Medium,Phosphocholine at 5% → PC or SM,"fragment:184.0732(Phosphocholine_C5H13NO4P,5%)",5.0
A15_61480,Streptophyta,indval_consensus,OE23-POS,61480,710.52008,True,34,34,3,0,3,Terpenoid,Terpenoid,Low,3 terpenoid fragments → possible terpenoid/isoprenoid,"fragment:93.0706(Toluenium,7%); fragment:109.1014(Sesquiterpene_frag,8%); fragment:133.0859(Diterpene_frag,12%)",5.0
A15_61518,Streptophyta,indval_consensus,OE23-POS,61518,662.499694,True,102,90,17,0,17,Terpenoid,Terpenoid,Medium,17 terpenoid fragments → terpenoid/isoprenoid,"fragment:69.0706(Isoprene_unit,6%); fragment:81.0704(Monoterpene_frag,22%); fragment:93.0705(Toluenium,11%); fragment:95.0860(Methylcyclohexenyl,22%); fragment:105.0703(Xylene_cation,11%); fragment:107.0861(Dimethylcyclohexenyl,24%); fragment:109.1016(Sesquiterpene_frag,19%); fragment:119.0852(C9H11+,6%); fragment:121.1016(Sesquiterpene_frag2,22%); fragment:123.1171(Sesquiterpene_frag3,8%); fragment:133.1011(Diterpene_frag,16%); fragment:135.1170(Diterpene_frag2,17%); fragment:147.1164(C11H15+,9%); fragment:149.1326(Sesterterpene_frag,6%); fragment:161.1326(C12H17+,14%); fragment:175.1476(C13H19+,6%); fragment:189.1641(Hopane_C14,11%)",5.0
A15_61537,Streptophyta,indval_consensus,OE23-POS,61537,695.343689,True,99,31,1,0,1,Phospholipid,PC/SM,High,Phosphocholine at 100% → PC or SM,"fragment:184.0733(Phosphocholine_C5H13NO4P,100%)",5.0
A15_61680,Streptophyta,indval_consensus,OE23-POS,61680,802.520983,True,62,13,1,0,1,Phospholipid,PC/SM,High,Phosphocholine at 100% → PC or SM,"fragment:184.0732(Phosphocholine_C5H13NO4P,100%)",5.0
A15_61892,Streptophyta,indval_consensus,OE23-POS,61892,784.511897,True,150,11,1,0,1,Phospholipid,PC/SM,High,Phosphocholine at 77% → PC or SM,"fragment:184.0733(Phosphocholine_C5H13NO4P,77%)",5.0
A15_61893,Streptophyta,indval_consensus,OE23-POS,61893,745.486348,True,62,11,0,1,1,Glycolipid,Glycolipid,Low,Hexose fragment/neutral loss,"loss:162.0528(Hexose_loss,17%)",5.0
A15_61948,Streptophyta,indval_consensus,OE23-POS,61948,457.329851,True,75,23,6,0,6,Terpenoid,Terpenoid,Medium,6 terpenoid fragments → terpenoid/isoprenoid,"fragment:81.0705(Monoterpene_frag,13%); fragment:95.0860(Methylcyclohexenyl,17%); fragment:107.0859(Dimethylcyclohexenyl,5%); fragment:109.1015(Sesquiterpene_frag,13%); fragment:121.1015(Sesquiterpene_frag2,6%); fragment:123.1172(Sesquiterpene_frag3,10%)",5.0
A15_61975,Streptophyta,indval_consensus,OE23-POS,61975,801.478155,True,95,17,1,0,1,Phospholipid,PC/SM,Medium,Phosphocholine at 8% → PC or SM,"fragment:184.0736(Phosphocholine_C5H13NO4P,8%)",5.0
A15_62044,Streptophyta,indval_consensus,OE23-POS,62044,678.468139,True,149,25,1,0,1,Phospholipid,PC/SM,High,Phosphocholine at 100% → PC or SM,"fragment:184.0733(Phosphocholine_C5H13NO4P,100%)",5.0
A15_62062,Streptophyta,indval_consensus,OE23-POS,62062,773.517888,True,109,44,1,1,2,Phospholipid,PC/SM,Medium,Phosphocholine at 18% → PC or SM,"fragment:184.0732(Phosphocholine_C5H13NO4P,18%); loss:162.0528(Hexose_loss,18%)",5.0
A15_62108,Streptophyta,indval_consensus,OE23-POS,62108,397.345923,True,156,27,14,0,14,Terpenoid,Terpenoid,Medium,14 terpenoid fragments → terpenoid/isoprenoid,"fragment:69.0706(Isoprene_unit,25%); fragment:81.0705(Monoterpene_frag,100%); fragment:93.0703(Toluenium,10%); fragment:95.0860(Methylcyclohexenyl,30%); fragment:107.0857(Dimethylcyclohexenyl,10%); fragment:109.1015(Sesquiterpene_frag,25%); fragment:119.0861(C9H11+,8%); fragment:121.1012(Sesquiterpene_frag2,22%); fragment:123.1171(Sesquiterpene_frag3,11%); fragment:133.1012(Diterpene_frag,9%); fragment:135.1168(Diterpene_frag2,12%); fragment:147.1167(C11H15+,8%); fragment:149.1326(Sesterterpene_frag,8%); fragment:161.1326(C12H17+,7%)",5.0
A15_62177,Streptophyta,indval_consensus,OE23-POS,62177,453.355322,True,71,19,3,0,3,Terpenoid,Terpenoid,Low,3 terpenoid fragments → possible terpenoid/isoprenoid,"fragment:69.0705(Isoprene_unit,5%); fragment:81.0704(Monoterpene_frag,7%); fragment:95.0859(Methylcyclohexenyl,7%)",5.0
A15_62179,Streptophyta,indval_consensus,OE23-POS,62179,631.398926,True,85,10,3,0,3,Terpenoid,Terpenoid,Low,3 terpenoid fragments → possible terpenoid/isoprenoid,"fragment:81.0705(Monoterpene_frag,8%); fragment:95.0863(Methylcyclohexenyl,6%); fragment:107.0861(Dimethylcyclohexenyl,6%)",5.0
A15_62244,Streptophyta,indval_consensus,OE23-POS,62244,565.424059,True,32,26,1,0,1,Phospholipid,PC/SM,Medium,Phosphocholine at 11% → PC or SM,"fragment:184.0733(Phosphocholine_C5H13NO4P,11%)",5.0
A15_623,Streptophyta,indval_consensus,OE23-POS,623,435.2887,True,84,84,12,0,12,Terpenoid,Terpenoid,Medium,12 terpenoid fragments → terpenoid/isoprenoid,"fragment:69.0704(Isoprene_unit,8%); fragment:81.0705(Monoterpene_frag,29%); fragment:93.0704(Toluenium,39%); fragment:95.0858(Methylcyclohexenyl,32%); fragment:105.0705(Xylene_cation,21%); fragment:107.0858(Dimethylcyclohexenyl,39%); fragment:109.1014(Sesquiterpene_frag,36%); fragment:119.0857(C9H11+,36%); fragment:121.1013(Sesquiterpene_frag2,49%); fragment:133.1013(Diterpene_frag,18%); fragment:135.1168(Diterpene_frag2,9%); fragment:147.1165(C11H15+,12%)",5.0
A15_62337,Streptophyta,indval_consensus,OE23-POS,62337,565.404983,True,100,59,1,2,3,Sphingolipid,SM,High,Sphingoid base + phosphocholine → SM,"fragment:184.0732(Phosphocholine_C5H13NO4P,100%); loss:180.0634(Hexose+H2O_loss,6%); loss:180.0634(Hexose_ceramide,6%)",5.0
A15_62532,Streptophyta,indval_consensus,OE23-POS,62532,417.336078,True,71,25,7,0,7,Terpenoid,Terpenoid,Medium,7 terpenoid fragments → terpenoid/isoprenoid,"fragment:69.0706(Isoprene_unit,10%); fragment:81.0705(Monoterpene_frag,11%); fragment:95.0859(Methylcyclohexenyl,15%); fragment:109.1015(Sesquiterpene_frag,8%); fragment:119.0858(C9H11+,6%); fragment:123.1171(Sesquiterpene_frag3,7%); fragment:135.1173(Diterpene_frag2,6%)",5.0
A15_62882,Streptophyta,indval_consensus,OE23-POS,62882,779.51388,True,23,8,0,2,2,Sphingolipid,Ceramide,Medium,Sphingoid base fragments,"loss:180.0634(Hexose+H2O_loss,6%); loss:180.0634(Hexose_ceramide,6%)",5.0
A15_62888,Streptophyta,indval_consensus,OE23-POS,62888,706.490392,True,41,31,1,1,2,Phospholipid,PE,High,PE headgroup + phosphocholine at 85%,"fragment:184.0731(Phosphocholine_C5H13NO4P,85%); loss:141.0191(Ethanolamine_phosphate,12%)",5.0
A15_62949,Streptophyta,indval_consensus,OE23-POS,62949,627.402313,True,78,59,9,0,9,Terpenoid,Terpenoid,Medium,9 terpenoid fragments → terpenoid/isoprenoid,"fragment:69.0708(Isoprene_unit,6%); fragment:81.0705(Monoterpene_frag,13%); fragment:93.0703(Toluenium,9%); fragment:95.0861(Methylcyclohexenyl,10%); fragment:107.0859(Dimethylcyclohexenyl,5%); fragment:109.1016(Sesquiterpene_frag,8%); fragment:119.0856(C9H11+,7%); fragment:121.1016(Sesquiterpene_frag2,7%); fragment:135.1172(Diterpene_frag2,6%)",5.0
A15_62972,Streptophyta,indval_consensus,OE23-POS,62972,601.425634,True,132,124,16,0,16,Terpenoid,Terpenoid,Medium,16 terpenoid fragments → terpenoid/isoprenoid,"fragment:69.0706(Isoprene_unit,15%); fragment:81.0705(Monoterpene_frag,38%); fragment:93.0704(Toluenium,31%); fragment:95.0860(Methylcyclohexenyl,43%); fragment:105.0702(Xylene_cation,15%); fragment:107.0856(Dimethylcyclohexenyl,61%); fragment:109.1014(Sesquiterpene_frag,99%); fragment:119.0859(C9H11+,63%); fragment:121.1014(Sesquiterpene_frag2,58%); fragment:123.1172(Sesquiterpene_frag3,15%); fragment:133.1013(Diterpene_frag,28%); fragment:135.1170(Diterpene_frag2,35%); fragment:147.1170(C11H15+,30%); fragment:149.1325(Sesterterpene_frag,15%); fragment:161.1329(C12H17+,9%); fragment:175.1481(C13H19+,36%)",5.0
A15_62989,Streptophyta,indval_consensus,OE23-POS,62989,583.414548,True,111,87,16,0,16,Terpenoid,Terpenoid,Medium,16 terpenoid fragments → terpenoid/isoprenoid,"fragment:69.0706(Isoprene_unit,28%); fragment:81.0706(Monoterpene_frag,32%); fragment:93.0702(Toluenium,36%); fragment:95.0860(Methylcyclohexenyl,39%); fragment:105.0703(Xylene_cation,12%); fragment:107.0856(Dimethylcyclohexenyl,36%); fragment:109.1016(Sesquiterpene_frag,100%); fragment:119.0859(C9H11+,36%); fragment:121.1015(Sesquiterpene_frag2,72%); fragment:123.1171(Sesquiterpene_frag3,14%); fragment:133.1014(Diterpene_frag,30%); fragment:135.1167(Diterpene_frag2,32%); fragment:147.1171(C11H15+,19%); fragment:149.1326(Sesterterpene_frag,10%); fragment:161.1326(C12H17+,8%); fragment:175.1483(C13H19+,58%)",5.0
A15_63088,Streptophyta,indval_consensus,OE23-POS,63088,692.474569,True,81,65,1,0,1,Phospholipid,PC/SM,Medium,Phosphocholine at 13% → PC or SM,"fragment:184.0738(Phosphocholine_C5H13NO4P,13%)",5.0
A15_63160,Streptophyta,indval_consensus,OE23-POS,63160,790.521723,True,90,13,1,0,1,Phospholipid,PC/SM,High,Phosphocholine at 43% → PC or SM,"fragment:184.0734(Phosphocholine_C5H13NO4P,43%)",5.0
A15_63243,Streptophyta,indval_consensus,OE23-POS,63243,752.491487,True,111,15,1,0,1,Phospholipid,PC/SM,Medium,Phosphocholine at 13% → PC or SM,"fragment:184.0731(Phosphocholine_C5H13NO4P,13%)",5.0
A15_63288,Streptophyta,indval_consensus,OE23-POS,63288,597.431994,True,53,53,6,0,6,Terpenoid,Terpenoid,Low,6 terpenoid fragments in complex spectrum (53 peaks) → possible terpenoid,"fragment:81.0704(Monoterpene_frag,29%); fragment:95.0861(Methylcyclohexenyl,19%); fragment:109.1013(Sesquiterpene_frag,16%); fragment:121.1009(Sesquiterpene_frag2,9%); fragment:123.1173(Sesquiterpene_frag3,10%); fragment:149.1320(Sesterterpene_frag,21%)",5.0
A15_63317,Streptophyta,indval_consensus,OE23-POS,63317,680.50906,True,67,10,1,0,1,Phospholipid,PC/SM,High,Phosphocholine at 60% → PC or SM,"fragment:184.0733(Phosphocholine_C5H13NO4P,60%)",5.0
A15_63602,Streptophyta,indval_consensus,OE23-POS,63602,807.555131,True,23,7,1,0,1,Phospholipid,PC/SM,High,Phosphocholine at 51% → PC or SM,"fragment:184.0732(Phosphocholine_C5H13NO4P,51%)",5.0
A15_6374,Streptophyta,indval_consensus,OE23-POS,6374,509.272824,True,138,28,1,0,1,Betaine_Lipid,DGTS,Medium,DGTS headgroup fragment,"fragment:236.1495(DGTS_headgroup,16%)",5.0
A15_63928,Streptophyta,indval_consensus,OE23-POS,63928,802.521374,True,206,19,1,0,1,Phospholipid,PC/SM,High,Phosphocholine at 46% → PC or SM,"fragment:184.0733(Phosphocholine_C5H13NO4P,46%)",5.0
A15_63977,Streptophyta,indval_consensus,OE23-POS,63977,986.604042,True,248,44,6,0,6,Terpenoid,Terpenoid,Medium,6 terpenoid fragments → terpenoid/isoprenoid,"fragment:81.0706(Monoterpene_frag,8%); fragment:107.0859(Dimethylcyclohexenyl,5%); fragment:109.1017(Sesquiterpene_frag,6%); fragment:119.0858(C9H11+,5%); fragment:121.1017(Sesquiterpene_frag2,14%); fragment:149.1328(Sesterterpene_frag,6%)",5.0
A15_64054,Streptophyta,indval_consensus,OE23-POS,64054,642.493457,True,119,18,3,0,3,Terpenoid,Terpenoid,Low,3 terpenoid fragments → possible terpenoid/isoprenoid,"fragment:109.1015(Sesquiterpene_frag,100%); fragment:119.0858(C9H11+,10%); fragment:121.1014(Sesquiterpene_frag2,8%)",5.0
A15_64562,Streptophyta,indval_consensus,OE23-POS,64562,664.478737,True,21,21,1,0,1,Phospholipid,PC/SM,High,Phosphocholine at 100% → PC or SM,"fragment:184.0727(Phosphocholine_C5H13NO4P,100%)",5.0
A15_6460,Nematoda,composite,OE23-POS,6460,414.059375,True,30,30,6,0,6,Terpenoid,Terpenoid,Medium,6 terpenoid fragments → terpenoid/isoprenoid,"fragment:69.0706(Isoprene_unit,27%); fragment:81.0705(Monoterpene_frag,43%); fragment:95.0852(Methylcyclohexenyl,18%); fragment:109.1017(Sesquiterpene_frag,35%); fragment:119.0857(C9H11+,100%); fragment:121.1014(Sesquiterpene_frag2,17%)",5.0
A15_64770,Streptophyta,indval_consensus,OE23-POS,64770,773.517744,True,168,55,1,1,2,Phospholipid,PC/SM,Medium,Phosphocholine at 15% → PC or SM,"fragment:184.0735(Phosphocholine_C5H13NO4P,15%); loss:162.0528(Hexose_loss,74%)",5.0
A15_64957,Streptophyta,indval_consensus,OE23-POS,64957,755.508925,True,90,90,2,0,2,Phospholipid,PC/SM,High,Phosphocholine at 48% → PC or SM,"fragment:184.0729(Phosphocholine_C5H13NO4P,48%); fragment:383.3668(Campesterol_-H2O,8%)",5.0
A15_64979,Streptophyta,indval_consensus,OE23-POS,64979,640.394357,True,23,23,2,0,2,Phospholipid,PC/SM,High,Phosphocholine at 26% → PC or SM,"fragment:184.0735(Phosphocholine_C5H13NO4P,26%); fragment:197.0808(Ubiquinone_headgroup,100%)",5.0
A15_64985,Streptophyta,indval_consensus,OE23-POS,64985,722.461352,True,20,12,1,0,1,Phospholipid,PC/SM,High,Phosphocholine at 100% → PC or SM,"fragment:184.0734(Phosphocholine_C5H13NO4P,100%)",5.0
A15_64987,Streptophyta,indval_consensus,OE23-POS,64987,549.249421,True,82,12,1,0,1,Phospholipid,PC/SM,High,Phosphocholine at 24% → PC or SM,"fragment:184.0733(Phosphocholine_C5H13NO4P,24%)",5.0
A15_65013,Streptophyta,indval_consensus,OE23-POS,65013,593.275358,True,119,13,1,0,1,Phospholipid,PC/SM,High,Phosphocholine at 27% → PC or SM,"fragment:184.0734(Phosphocholine_C5H13NO4P,27%)",5.0
A15_6503,Streptophyta,indval_consensus,OE23-POS,6503,487.28931,True,158,99,2,3,5,Sphingolipid,Ceramide,Medium,Sphingoid base fragments,"fragment:236.1491(DGTS_headgroup,6%); fragment:191.1793(Hopane_skeleton,24%); loss:162.0528(Hexose_loss,8%); loss:180.0634(Hexose+H2O_loss,16%); loss:180.0634(Hexose_ceramide,16%)",5.0
A15_65089,Streptophyta,indval_consensus,OE23-POS,65089,654.190006,True,52,16,1,0,1,Phospholipid,PC/SM,Medium,Phosphocholine at 5% → PC or SM,"fragment:184.0737(Phosphocholine_C5H13NO4P,5%)",5.0
A15_65135,Streptophyta,indval_consensus,OE23-POS,65135,803.52493,True,16,6,1,0,1,Phospholipid,PC/SM,Medium,Phosphocholine at 8% → PC or SM,"fragment:184.0730(Phosphocholine_C5H13NO4P,8%)",5.0
A15_65136,Streptophyta,indval_consensus,OE23-POS,65136,794.532608,True,171,35,1,0,1,Phospholipid,PC/SM,High,Phosphocholine at 100% → PC or SM,"fragment:184.0733(Phosphocholine_C5H13NO4P,100%)",5.0
A15_65160,Streptophyta,indval_consensus,OE23-POS,65160,679.473513,True,13,13,1,0,1,Phospholipid,PC/SM,Medium,Phosphocholine at 11% → PC or SM,"fragment:184.0742(Phosphocholine_C5H13NO4P,11%)",5.0
A15_65222,Streptophyta,indval_consensus,OE23-POS,65222,759.465439,True,42,13,1,0,1,Phospholipid,PC/SM,Medium,Phosphocholine at 11% → PC or SM,"fragment:184.0734(Phosphocholine_C5H13NO4P,11%)",5.0
A15_65245,Streptophyta,indval_consensus,OE23-POS,65245,695.343603,True,158,64,1,0,1,Phospholipid,PC/SM,High,Phosphocholine at 76% → PC or SM,"fragment:184.0733(Phosphocholine_C5H13NO4P,76%)",5.0
A15_65377,Streptophyta,indval_consensus,OE23-POS,65377,852.537692,True,76,10,1,0,1,Phospholipid,PC/SM,High,Phosphocholine at 96% → PC or SM,"fragment:184.0734(Phosphocholine_C5H13NO4P,96%)",5.0
A15_65386,Streptophyta,indval_consensus,OE23-POS,65386,802.521086,True,43,6,1,0,1,Phospholipid,PC/SM,Medium,Phosphocholine at 13% → PC or SM,"fragment:184.0734(Phosphocholine_C5H13NO4P,13%)",5.0
A15_654,Streptophyta,indval_consensus,OE23-POS,654,546.325039,True,90,90,14,0,14,Terpenoid,Terpenoid,Medium,14 terpenoid fragments → terpenoid/isoprenoid,"fragment:81.0704(Monoterpene_frag,41%); fragment:93.0703(Toluenium,30%); fragment:95.0860(Methylcyclohexenyl,30%); fragment:105.0704(Xylene_cation,16%); fragment:107.0860(Dimethylcyclohexenyl,39%); fragment:109.1016(Sesquiterpene_frag,20%); fragment:119.0857(C9H11+,43%); fragment:121.1012(Sesquiterpene_frag2,29%); fragment:133.1012(Diterpene_frag,26%); fragment:135.1171(Diterpene_frag2,20%); fragment:147.1172(C11H15+,23%); fragment:149.1325(Sesterterpene_frag,12%); fragment:161.1329(C12H17+,12%); fragment:175.1482(C13H19+,7%)",5.0
A15_65446,Streptophyta,indval_consensus,OE23-POS,65446,706.465769,True,18,18,1,0,1,Phospholipid,PC/SM,High,Phosphocholine at 100% → PC or SM,"fragment:184.0734(Phosphocholine_C5H13NO4P,100%)",5.0
A15_65546,Streptophyta,indval_consensus,OE23-POS,65546,718.464725,True,30,30,1,0,1,Phospholipid,PC/SM,High,Phosphocholine at 100% → PC or SM,"fragment:184.0732(Phosphocholine_C5H13NO4P,100%)",5.0
A15_65568,Streptophyta,indval_consensus,OE23-POS,65568,674.520844,True,150,72,9,0,9,Terpenoid,Terpenoid,Medium,9 terpenoid fragments → terpenoid/isoprenoid,"fragment:81.0705(Monoterpene_frag,13%); fragment:93.0702(Toluenium,7%); fragment:95.0860(Methylcyclohexenyl,12%); fragment:107.0859(Dimethylcyclohexenyl,7%); fragment:109.1017(Sesquiterpene_frag,10%); fragment:121.1017(Sesquiterpene_frag2,8%); fragment:123.1170(Sesquiterpene_frag3,5%); fragment:135.1172(Diterpene_frag2,6%); fragment:147.1165(C11H15+,5%)",5.0
A15_65594,Streptophyta,indval_consensus,OE23-POS,65594,672.504013,True,32,20,1,0,1,Phospholipid,PC/SM,Medium,Phosphocholine at 8% → PC or SM,"fragment:184.0727(Phosphocholine_C5H13NO4P,8%)",5.0
A15_6578,Streptophyta,indval_consensus,OE23-POS,6578,504.315294,True,218,63,1,0,1,Pentacyclic_Triterpenoid,Hopanoid,Low,Hopanoid diagnostic fragments,"fragment:191.1791(Hopane_skeleton,14%)",5.0
A15_65876,Streptophyta,indval_consensus,OE23-POS,65876,565.404714,True,69,12,1,0,1,Phospholipid,PC/SM,High,Phosphocholine at 39% → PC or SM,"fragment:184.0732(Phosphocholine_C5H13NO4P,39%)",5.0
A15_66195,Streptophyta,indval_consensus,OE23-POS,66195,761.481219,True,64,22,0,3,3,Phospholipid,PE,Medium,PE-specific ions without phosphocholine,"loss:141.0191(Ethanolamine_phosphate,7%); loss:180.0634(Hexose+H2O_loss,16%); loss:180.0634(Hexose_ceramide,16%)",5.0
A15_66196,Streptophyta,indval_consensus,OE23-POS,66196,824.550932,True,49,37,1,0,1,Phospholipid,PC/SM,High,Phosphocholine at 100% → PC or SM,"fragment:184.0734(Phosphocholine_C5H13NO4P,100%)",5.0
A15_66218,Streptophyta,indval_consensus,OE23-POS,66218,627.402059,True,42,30,9,0,9,Terpenoid,Terpenoid,Medium,9 terpenoid fragments → terpenoid/isoprenoid,"fragment:69.0707(Isoprene_unit,6%); fragment:81.0704(Monoterpene_frag,6%); fragment:95.0860(Methylcyclohexenyl,9%); fragment:107.0861(Dimethylcyclohexenyl,6%); fragment:109.1014(Sesquiterpene_frag,12%); fragment:121.1011(Sesquiterpene_frag2,7%); fragment:123.1169(Sesquiterpene_frag3,5%); fragment:133.1015(Diterpene_frag,8%); fragment:135.1173(Diterpene_frag2,7%)",5.0
A15_66230,Streptophyta,indval_consensus,OE23-POS,66230,754.50877,True,100,33,1,0,1,Phospholipid,PC/SM,Medium,Phosphocholine at 12% → PC or SM,"fragment:184.0732(Phosphocholine_C5H13NO4P,12%)",5.0
A15_66263,Streptophyta,indval_consensus,OE23-POS,66263,521.419783,True,19,19,1,0,1,Phospholipid,PC/SM,High,Phosphocholine at 72% → PC or SM,"fragment:184.0733(Phosphocholine_C5H13NO4P,72%)",5.0
A15_66315,Streptophyta,indval_consensus,OE23-POS,66315,778.510153,True,140,27,1,0,1,Phospholipid,PC/SM,Medium,Phosphocholine at 8% → PC or SM,"fragment:184.0734(Phosphocholine_C5H13NO4P,8%)",5.0
A15_66396,Chlorophyta,composite,OE23-POS,66396,580.407231,True,70,42,16,0,16,Terpenoid,Terpenoid,Medium,16 terpenoid fragments → terpenoid/isoprenoid,"fragment:81.0704(Monoterpene_frag,22%); fragment:93.0704(Toluenium,17%); fragment:95.0858(Methylcyclohexenyl,25%); fragment:105.0705(Xylene_cation,9%); fragment:107.0861(Dimethylcyclohexenyl,12%); fragment:109.1017(Sesquiterpene_frag,14%); fragment:119.0859(C9H11+,14%); fragment:121.1015(Sesquiterpene_frag2,24%); fragment:123.1174(Sesquiterpene_frag3,7%); fragment:133.1011(Diterpene_frag,20%); fragment:135.1168(Diterpene_frag2,18%); fragment:147.1170(C11H15+,19%); fragment:149.1326(Sesterterpene_frag,11%); fragment:161.1326(C12H17+,15%); fragment:175.1485(C13H19+,6%); fragment:189.1645(Hopane_C14,6%)",5.0
A15_66550,Streptophyta,indval_consensus,OE23-POS,66550,634.468578,True,44,43,1,0,1,Phospholipid,PC/SM,Medium,Phosphocholine at 19% → PC or SM,"fragment:184.0733(Phosphocholine_C5H13NO4P,19%)",5.0
A15_66664,Streptophyta,indval_consensus,OE23-POS,66664,829.505528,True,46,23,1,0,1,Phospholipid,PC/SM,High,Phosphocholine at 32% → PC or SM,"fragment:184.0730(Phosphocholine_C5H13NO4P,32%)",5.0
A15_66786,Streptophyta,indval_consensus,OE23-POS,66786,711.421994,True,74,29,1,0,1,Sphingolipid,Ceramide,Medium,Sphingoid base fragments,"fragment:282.2798(Sphingoid_d18:1+H2O,27%)",5.0
A15_66882,Streptophyta,indval_consensus,OE23-POS,66882,755.511044,True,28,11,1,0,1,Phospholipid,PC/SM,Medium,Phosphocholine at 7% → PC or SM,"fragment:184.0737(Phosphocholine_C5H13NO4P,7%)",5.0
A15_66913,Streptophyta,indval_consensus,OE23-POS,66913,794.532624,True,113,6,1,0,1,Phospholipid,PC/SM,High,Phosphocholine at 100% → PC or SM,"fragment:184.0733(Phosphocholine_C5H13NO4P,100%)",5.0
A15_66939,Streptophyta,indval_consensus,OE23-POS,66939,675.317933,True,153,28,1,0,1,Phospholipid,PC/SM,Medium,Phosphocholine at 7% → PC or SM,"fragment:184.0737(Phosphocholine_C5H13NO4P,7%)",5.0
A15_66959,Streptophyta,indval_consensus,OE23-POS,66959,812.542593,True,90,20,1,0,1,Phospholipid,PC/SM,High,Phosphocholine at 100% → PC or SM,"fragment:184.0733(Phosphocholine_C5H13NO4P,100%)",5.0
A15_6697,Nematoda,composite,OE23-POS,6697,420.141265,True,26,3,0,2,2,Sphingolipid,Ceramide,Medium,Sphingoid base fragments,"loss:180.0634(Hexose+H2O_loss,7%); loss:180.0634(Hexose_ceramide,7%)",5.0
A15_67051,Streptophyta,indval_consensus,OE23-POS,67051,691.435979,True,33,33,1,0,1,Phospholipid,PC/SM,High,Phosphocholine at 97% → PC or SM,"fragment:184.0725(Phosphocholine_C5H13NO4P,97%)",5.0
A15_67126,Streptophyta,indval_consensus,OE23-POS,67126,790.522499,True,21,10,1,0,1,Phospholipid,PC/SM,High,Phosphocholine at 100% → PC or SM,"fragment:184.0733(Phosphocholine_C5H13NO4P,100%)",5.0
A15_67129,Ascomycota,indval_consensus,OE23-POS,67129,457.367238,True,47,47,13,0,13,Terpenoid,Terpenoid,Medium,13 terpenoid fragments → terpenoid/isoprenoid,"fragment:69.0706(Isoprene_unit,40%); fragment:81.0704(Monoterpene_frag,43%); fragment:95.0859(Methylcyclohexenyl,53%); fragment:107.0859(Dimethylcyclohexenyl,37%); fragment:109.1015(Sesquiterpene_frag,74%); fragment:119.0861(C9H11+,19%); fragment:121.1015(Sesquiterpene_frag2,38%); fragment:123.1173(Sesquiterpene_frag3,22%); fragment:133.1013(Diterpene_frag,25%); fragment:135.1169(Diterpene_frag2,28%); fragment:147.1172(C11H15+,21%); fragment:149.1324(Sesterterpene_frag,22%); fragment:175.1483(C13H19+,26%)",5.0
A15_6715,Streptophyta,indval_consensus,OE23-POS,6715,719.444975,True,18,18,1,0,1,Phospholipid,PC/SM,High,Phosphocholine at 78% → PC or SM,"fragment:184.0735(Phosphocholine_C5H13NO4P,78%)",5.0
A15_67224,Streptophyta,indval_consensus,OE23-POS,67224,719.344016,True,174,45,1,0,1,Phospholipid,PC/SM,High,Phosphocholine at 26% → PC or SM,"fragment:184.0734(Phosphocholine_C5H13NO4P,26%)",5.0
A15_67318,Streptophyta,indval_consensus,OE23-POS,67318,543.402933,True,85,18,5,0,5,Terpenoid,Terpenoid,Medium,5 terpenoid fragments → terpenoid/isoprenoid,"fragment:81.0704(Monoterpene_frag,8%); fragment:107.0862(Dimethylcyclohexenyl,5%); fragment:109.1014(Sesquiterpene_frag,6%); fragment:121.1016(Sesquiterpene_frag2,5%); fragment:135.1167(Diterpene_frag2,5%)",5.0
A15_67526,Streptophyta,indval_consensus,OE23-POS,67526,662.43966,True,71,14,1,1,2,Phospholipid,PE,High,PE headgroup + phosphocholine at 30%,"fragment:184.0732(Phosphocholine_C5H13NO4P,30%); loss:141.0191(Ethanolamine_phosphate,19%)",5.0
A15_67573,Streptophyta,indval_consensus,OE23-POS,67573,790.552525,True,92,36,1,0,1,Phospholipid,PC/SM,High,Phosphocholine at 94% → PC or SM,"fragment:184.0733(Phosphocholine_C5H13NO4P,94%)",5.0
A15_67585,Arthropoda,composite,OE23-POS,67585,694.433067,True,39,8,1,0,1,Phospholipid,PC/SM,High,Phosphocholine at 100% → PC or SM,"fragment:184.0734(Phosphocholine_C5H13NO4P,100%)",5.0
A15_67791,Streptophyta,indval_consensus,OE23-POS,67791,796.517166,True,96,57,1,0,1,Phospholipid,PC/SM,Medium,Phosphocholine at 13% → PC or SM,"fragment:184.0738(Phosphocholine_C5H13NO4P,13%)",5.0
A15_67816,Streptophyta,indval_consensus,OE23-POS,67816,718.46492,True,27,5,1,0,1,Phospholipid,PC/SM,High,Phosphocholine at 100% → PC or SM,"fragment:184.0732(Phosphocholine_C5H13NO4P,100%)",5.0
A15_67825,Streptophyta,indval_consensus,OE23-POS,67825,852.537876,True,20,20,1,0,1,Phospholipid,PC/SM,High,Phosphocholine at 82% → PC or SM,"fragment:184.0730(Phosphocholine_C5H13NO4P,82%)",5.0
A15_67836,Streptophyta,indval_consensus,OE23-POS,67836,583.41471,True,46,46,16,0,16,Terpenoid,Terpenoid,Medium,16 terpenoid fragments → terpenoid/isoprenoid,"fragment:69.0706(Isoprene_unit,10%); fragment:81.0706(Monoterpene_frag,15%); fragment:93.0704(Toluenium,16%); fragment:95.0860(Methylcyclohexenyl,25%); fragment:105.0706(Xylene_cation,10%); fragment:107.0859(Dimethylcyclohexenyl,21%); fragment:109.1015(Sesquiterpene_frag,23%); fragment:119.0858(C9H11+,27%); fragment:121.1015(Sesquiterpene_frag2,31%); fragment:123.1164(Sesquiterpene_frag3,11%); fragment:133.1014(Diterpene_frag,22%); fragment:135.1171(Diterpene_frag2,25%); fragment:147.1164(C11H15+,16%); fragment:149.1330(Sesterterpene_frag,7%); fragment:161.1329(C12H17+,9%); fragment:175.1481(C13H19+,15%)",5.0
A15_67871,Streptophyta,indval_consensus,OE23-POS,67871,716.485363,True,91,12,1,0,1,Phospholipid,PC/SM,High,Phosphocholine at 100% → PC or SM,"fragment:184.0733(Phosphocholine_C5H13NO4P,100%)",5.0
A15_68009,Streptophyta,indval_consensus,OE23-POS,68009,397.34611,True,69,54,18,0,18,Terpenoid,Terpenoid,Medium,18 terpenoid fragments → terpenoid/isoprenoid,"fragment:69.0706(Isoprene_unit,48%); fragment:81.0704(Monoterpene_frag,100%); fragment:93.0705(Toluenium,14%); fragment:95.0860(Methylcyclohexenyl,64%); fragment:105.0701(Xylene_cation,5%); fragment:107.0861(Dimethylcyclohexenyl,17%); fragment:109.1015(Sesquiterpene_frag,36%); fragment:119.0858(C9H11+,12%); fragment:121.1014(Sesquiterpene_frag2,31%); fragment:123.1172(Sesquiterpene_frag3,20%); fragment:133.1014(Diterpene_frag,12%); fragment:135.1173(Diterpene_frag2,18%); fragment:147.1172(C11H15+,15%); fragment:149.1328(Sesterterpene_frag,14%); fragment:161.1330(C12H17+,15%); fragment:175.1487(C13H19+,8%); fragment:189.1647(Hopane_C14,8%); fragment:203.1803(Triterpene_C15,8%)",5.0
A15_68028,Arthropoda,composite,OE23-POS,68028,698.436918,True,97,31,1,0,1,Phospholipid,PC/SM,High,Phosphocholine at 31% → PC or SM,"fragment:184.0733(Phosphocholine_C5H13NO4P,31%)",5.0
A15_68168,Streptophyta,indval_consensus,OE23-POS,68168,565.424093,True,27,12,1,0,1,Phospholipid,PC/SM,Medium,Phosphocholine at 20% → PC or SM,"fragment:184.0739(Phosphocholine_C5H13NO4P,20%)",5.0
A15_68271,Streptophyta,indval_consensus,OE23-POS,68271,778.509992,True,22,22,1,0,1,Phospholipid,PC/SM,High,Phosphocholine at 42% → PC or SM,"fragment:184.0738(Phosphocholine_C5H13NO4P,42%)",5.0
A15_68378,Streptophyta,indval_consensus,OE23-POS,68378,785.48048,True,38,15,1,0,1,Phospholipid,PC/SM,Medium,Phosphocholine at 6% → PC or SM,"fragment:184.0748(Phosphocholine_C5H13NO4P,6%)",5.0
A15_68388,Arthropoda,composite,OE23-POS,68388,405.29777,True,87,33,10,0,10,Terpenoid,Terpenoid,Medium,10 terpenoid fragments → terpenoid/isoprenoid,"fragment:69.0705(Isoprene_unit,100%); fragment:81.0704(Monoterpene_frag,24%); fragment:95.0860(Methylcyclohexenyl,22%); fragment:105.0701(Xylene_cation,16%); fragment:107.0860(Dimethylcyclohexenyl,9%); fragment:109.1014(Sesquiterpene_frag,18%); fragment:121.1015(Sesquiterpene_frag2,10%); fragment:123.1170(Sesquiterpene_frag3,11%); fragment:135.1172(Diterpene_frag2,8%); fragment:149.1328(Sesterterpene_frag,8%)",5.0
A15_68459,Basidiomycota,indval_consensus,OE23-POS,68459,732.480132,True,17,17,1,0,1,Phospholipid,PC/SM,High,Phosphocholine at 100% → PC or SM,"fragment:184.0731(Phosphocholine_C5H13NO4P,100%)",5.0
A15_68727,Streptophyta,indval_consensus,OE23-POS,68727,565.404548,True,43,12,1,0,1,Phospholipid,PC/SM,High,Phosphocholine at 40% → PC or SM,"fragment:184.0734(Phosphocholine_C5H13NO4P,40%)",5.0
A15_68839,Streptophyta,indval_consensus,OE23-POS,68839,682.52432,True,55,55,1,0,1,Phospholipid,PC/SM,Medium,Phosphocholine at 12% → PC or SM,"fragment:184.0720(Phosphocholine_C5H13NO4P,12%)",5.0
A15_68929,Streptophyta,indval_consensus,OE23-POS,68929,636.423369,True,80,24,1,0,1,Phospholipid,PC/SM,High,Phosphocholine at 100% → PC or SM,"fragment:184.0732(Phosphocholine_C5H13NO4P,100%)",5.0
A15_69025,Streptophyta,indval_consensus,OE23-POS,69025,803.490483,True,50,24,1,0,1,Phospholipid,PC/SM,High,Phosphocholine at 100% → PC or SM,"fragment:184.0733(Phosphocholine_C5H13NO4P,100%)",5.0
A15_69056,Streptophyta,indval_consensus,OE23-POS,69056,829.505556,True,78,33,1,0,1,Phospholipid,PC/SM,High,Phosphocholine at 89% → PC or SM,"fragment:184.0733(Phosphocholine_C5H13NO4P,89%)",5.0
A15_6912,Streptophyta,indval_consensus,OE23-POS,6912,329.210983,True,145,127,0,2,2,Sphingolipid,Ceramide,Medium,Sphingoid base fragments,"loss:180.0634(Hexose+H2O_loss,8%); loss:180.0634(Hexose_ceramide,8%)",5.0
A15_69141,Streptophyta,indval_consensus,OE23-POS,69141,762.550904,True,105,40,1,0,1,Phospholipid,PC/SM,Medium,Phosphocholine at 9% → PC or SM,"fragment:184.0737(Phosphocholine_C5H13NO4P,9%)",5.0
A15_69170,Streptophyta,indval_consensus,OE23-POS,69170,813.510228,True,55,12,1,0,1,Phospholipid,PC/SM,High,Phosphocholine at 100% → PC or SM,"fragment:184.0733(Phosphocholine_C5H13NO4P,100%)",5.0
A15_69244,Streptophyta,indval_consensus,OE23-POS,69244,702.469219,True,46,7,1,0,1,Phospholipid,PC/SM,High,Phosphocholine at 100% → PC or SM,"fragment:184.0733(Phosphocholine_C5H13NO4P,100%)",5.0
A15_69337,Streptophyta,indval_consensus,OE23-POS,69337,794.533624,True,42,11,1,0,1,Phospholipid,PC/SM,High,Phosphocholine at 100% → PC or SM,"fragment:184.0733(Phosphocholine_C5H13NO4P,100%)",5.0
A15_69352,Streptophyta,indval_consensus,OE23-POS,69352,706.465896,True,31,5,1,0,1,Phospholipid,PC/SM,High,Phosphocholine at 100% → PC or SM,"fragment:184.0733(Phosphocholine_C5H13NO4P,100%)",5.0
A15_69355,Streptophyta,indval_consensus,OE23-POS,69355,745.486238,True,33,20,0,1,1,Glycolipid,Glycolipid,Low,Hexose fragment/neutral loss,"loss:162.0528(Hexose_loss,18%)",5.0
A15_69677,Streptophyta,indval_consensus,OE23-POS,69677,662.44018,True,12,12,1,0,1,Phospholipid,PC/SM,High,Phosphocholine at 100% → PC or SM,"fragment:184.0732(Phosphocholine_C5H13NO4P,100%)",5.0
A15_69698,Streptophyta,indval_consensus,OE23-POS,69698,679.473419,True,37,35,1,0,1,Phospholipid,PC/SM,High,Phosphocholine at 76% → PC or SM,"fragment:184.0734(Phosphocholine_C5H13NO4P,76%)",5.0
A15_69736,Streptophyta,indval_consensus,OE23-POS,69736,778.510145,True,68,67,1,0,1,Phospholipid,PC/SM,High,Phosphocholine at 43% → PC or SM,"fragment:184.0739(Phosphocholine_C5H13NO4P,43%)",5.0
A15_69817,Ascomycota,indval_consensus,OE23-POS,69817,703.474923,True,75,49,1,0,1,Phospholipid,PC/SM,High,Phosphocholine at 100% → PC or SM,"fragment:184.0733(Phosphocholine_C5H13NO4P,100%)",5.0
A15_70122,Streptophyta,indval_consensus,OE23-POS,70122,784.51263,True,36,33,1,0,1,Phospholipid,PC/SM,High,Phosphocholine at 100% → PC or SM,"fragment:184.0733(Phosphocholine_C5H13NO4P,100%)",5.0
A15_7014,Streptophyta,indval_consensus,OE23-POS,7014,209.153425,True,184,20,4,0,4,Terpenoid,Terpenoid,Low,4 terpenoid fragments → possible terpenoid/isoprenoid,"fragment:69.0706(Isoprene_unit,7%); fragment:81.0704(Monoterpene_frag,9%); fragment:93.0703(Toluenium,6%); fragment:95.0860(Methylcyclohexenyl,5%)",5.0
A15_7021,Streptophyta,indval_consensus,OE23-POS,7021,435.288519,True,85,16,8,0,8,Terpenoid,Terpenoid,Medium,8 terpenoid fragments → terpenoid/isoprenoid,"fragment:81.0704(Monoterpene_frag,8%); fragment:93.0703(Toluenium,9%); fragment:95.0860(Methylcyclohexenyl,8%); fragment:105.0706(Xylene_cation,5%); fragment:109.1017(Sesquiterpene_frag,9%); fragment:119.0859(C9H11+,9%); fragment:121.1011(Sesquiterpene_frag2,7%); fragment:133.1018(Diterpene_frag,6%)",5.0
A15_70402,Streptophyta,indval_consensus,OE23-POS,70402,609.413666,True,275,57,12,0,12,Terpenoid,Terpenoid,Medium,12 terpenoid fragments → terpenoid/isoprenoid,"fragment:93.0704(Toluenium,7%); fragment:95.0861(Methylcyclohexenyl,12%); fragment:105.0703(Xylene_cation,6%); fragment:107.0859(Dimethylcyclohexenyl,8%); fragment:109.1016(Sesquiterpene_frag,9%); fragment:119.0858(C9H11+,5%); fragment:121.1015(Sesquiterpene_frag2,12%); fragment:133.1013(Diterpene_frag,14%); fragment:135.1169(Diterpene_frag2,7%); fragment:147.1168(C11H15+,9%); fragment:149.1324(Sesterterpene_frag,6%); fragment:161.1327(C12H17+,7%)",5.0
A15_70453,Streptophyta,indval_consensus,OE23-POS,70453,798.531147,True,95,57,1,0,1,Phospholipid,PC/SM,High,Phosphocholine at 100% → PC or SM,"fragment:184.0733(Phosphocholine_C5H13NO4P,100%)",5.0
A15_70459,Streptophyta,indval_consensus,OE23-POS,70459,669.433916,True,32,32,5,0,5,Terpenoid,Terpenoid,Medium,5 terpenoid fragments → terpenoid/isoprenoid,"fragment:81.0704(Monoterpene_frag,18%); fragment:93.0704(Toluenium,8%); fragment:95.0857(Methylcyclohexenyl,9%); fragment:107.0857(Dimethylcyclohexenyl,10%); fragment:123.1171(Sesquiterpene_frag3,9%)",5.0
A15_70474,Streptophyta,indval_consensus,OE23-POS,70474,716.485298,True,213,39,1,0,1,Phospholipid,PC/SM,High,Phosphocholine at 100% → PC or SM,"fragment:184.0733(Phosphocholine_C5H13NO4P,100%)",5.0
A15_70489,Streptophyta,indval_consensus,OE23-POS,70489,759.465363,True,64,21,1,0,1,Phospholipid,PC/SM,High,Phosphocholine at 29% → PC or SM,"fragment:184.0736(Phosphocholine_C5H13NO4P,29%)",5.0
A15_7053,Streptophyta,indval_consensus,OE23-POS,7053,546.326718,True,64,64,15,0,15,Terpenoid,Terpenoid,Medium,15 terpenoid fragments → terpenoid/isoprenoid,"fragment:69.0705(Isoprene_unit,13%); fragment:81.0706(Monoterpene_frag,41%); fragment:93.0702(Toluenium,13%); fragment:95.0861(Methylcyclohexenyl,36%); fragment:105.0702(Xylene_cation,13%); fragment:107.0860(Dimethylcyclohexenyl,12%); fragment:109.1015(Sesquiterpene_frag,33%); fragment:119.0860(C9H11+,22%); fragment:121.1016(Sesquiterpene_frag2,23%); fragment:123.1171(Sesquiterpene_frag3,19%); fragment:133.1015(Diterpene_frag,14%); fragment:135.1170(Diterpene_frag2,21%); fragment:147.1168(C11H15+,20%); fragment:149.1328(Sesterterpene_frag,22%); fragment:161.1326(C12H17+,10%)",5.0
A15_70636,Streptophyta,indval_consensus,OE23-POS,70636,912.569873,True,131,65,13,0,13,Terpenoid,Terpenoid,Medium,13 terpenoid fragments → terpenoid/isoprenoid,"fragment:69.0706(Isoprene_unit,8%); fragment:81.0705(Monoterpene_frag,33%); fragment:93.0704(Toluenium,16%); fragment:95.0860(Methylcyclohexenyl,28%); fragment:105.0703(Xylene_cation,14%); fragment:107.0860(Dimethylcyclohexenyl,16%); fragment:109.1016(Sesquiterpene_frag,28%); fragment:119.0855(C9H11+,7%); fragment:121.1016(Sesquiterpene_frag2,33%); fragment:133.1011(Diterpene_frag,11%); fragment:135.1172(Diterpene_frag2,9%); fragment:147.1167(C11H15+,12%); fragment:161.1326(C12H17+,6%)",5.0
A15_70646,Streptophyta,indval_consensus,OE23-POS,70646,790.522023,True,35,34,1,0,1,Phospholipid,PC/SM,High,Phosphocholine at 100% → PC or SM,"fragment:184.0732(Phosphocholine_C5H13NO4P,100%)",5.0
A15_70659,Streptophyta,indval_consensus,OE23-POS,70659,458.398394,True,30,20,4,0,4,Terpenoid,Terpenoid,Low,4 terpenoid fragments → possible terpenoid/isoprenoid,"fragment:69.0705(Isoprene_unit,8%); fragment:81.0703(Monoterpene_frag,9%); fragment:95.0858(Methylcyclohexenyl,9%); fragment:121.1015(Sesquiterpene_frag2,5%)",5.0
A15_7067,Streptophyta,indval_consensus,OE23-POS,7067,502.299822,True,76,72,17,0,17,Terpenoid,Terpenoid,Medium,17 terpenoid fragments → terpenoid/isoprenoid,"fragment:69.0709(Isoprene_unit,11%); fragment:81.0708(Monoterpene_frag,16%); fragment:93.0703(Toluenium,11%); fragment:95.0860(Methylcyclohexenyl,26%); fragment:105.0706(Xylene_cation,7%); fragment:107.0862(Dimethylcyclohexenyl,14%); fragment:109.1014(Sesquiterpene_frag,31%); fragment:119.0861(C9H11+,13%); fragment:121.1018(Sesquiterpene_frag2,23%); fragment:123.1178(Sesquiterpene_frag3,8%); fragment:133.1011(Diterpene_frag,28%); fragment:135.1172(Diterpene_frag2,17%); fragment:147.1162(C11H15+,35%); fragment:149.1328(Sesterterpene_frag,13%); fragment:175.1489(C13H19+,8%); fragment:189.1637(Hopane_C14,39%); fragment:203.1802(Triterpene_C15,26%)",5.0
A15_70825,Streptophyta,indval_consensus,OE23-POS,70825,411.360985,True,94,12,3,0,3,Terpenoid,Terpenoid,Low,3 terpenoid fragments → possible terpenoid/isoprenoid,"fragment:69.0706(Isoprene_unit,10%); fragment:81.0704(Monoterpene_frag,9%); fragment:95.0858(Methylcyclohexenyl,6%)",5.0
A15_70919,Streptophyta,indval_consensus,OE23-POS,70919,675.317479,True,41,25,1,0,1,Phospholipid,PC/SM,Medium,Phosphocholine at 20% → PC or SM,"fragment:184.0737(Phosphocholine_C5H13NO4P,20%)",5.0
A15_71216,Streptophyta,indval_consensus,OE23-POS,71216,700.452315,True,45,45,1,0,1,Phospholipid,PC/SM,High,Phosphocholine at 100% → PC or SM,"fragment:184.0732(Phosphocholine_C5H13NO4P,100%)",5.0
A15_71289,Streptophyta,indval_consensus,OE23-POS,71289,664.479682,True,107,78,13,0,13,Terpenoid,Terpenoid,Medium,13 terpenoid fragments → terpenoid/isoprenoid,"fragment:69.0706(Isoprene_unit,16%); fragment:81.0705(Monoterpene_frag,100%); fragment:93.0704(Toluenium,72%); fragment:95.0861(Methylcyclohexenyl,46%); fragment:105.0703(Xylene_cation,35%); fragment:107.0861(Dimethylcyclohexenyl,50%); fragment:109.1015(Sesquiterpene_frag,18%); fragment:119.0859(C9H11+,34%); fragment:121.1015(Sesquiterpene_frag2,18%); fragment:133.1015(Diterpene_frag,20%); fragment:135.1169(Diterpene_frag2,11%); fragment:147.1170(C11H15+,15%); fragment:161.1338(C12H17+,8%)",5.0
A15_71378,Streptophyta,indval_consensus,OE23-POS,71378,621.452932,True,84,69,1,0,1,Phospholipid,PC/SM,High,Phosphocholine at 100% → PC or SM,"fragment:184.0733(Phosphocholine_C5H13NO4P,100%)",5.0
A15_7144,Streptophyta,indval_consensus,OE23-POS,7144,611.28608,True,168,9,3,0,3,Terpenoid,Terpenoid,Low,3 terpenoid fragments → possible terpenoid/isoprenoid,"fragment:81.0705(Monoterpene_frag,6%); fragment:93.0705(Toluenium,6%); fragment:107.0859(Dimethylcyclohexenyl,5%)",5.0
A15_71446,Streptophyta,indval_consensus,OE23-POS,71446,564.426349,True,66,6,3,0,3,Terpenoid,Terpenoid,Low,3 terpenoid fragments → possible terpenoid/isoprenoid,"fragment:81.0705(Monoterpene_frag,6%); fragment:95.0859(Methylcyclohexenyl,7%); fragment:109.1015(Sesquiterpene_frag,6%)",5.0
A15_71470,Streptophyta,indval_consensus,OE23-POS,71470,802.521349,True,26,26,1,0,1,Phospholipid,PC/SM,High,Phosphocholine at 100% → PC or SM,"fragment:184.0732(Phosphocholine_C5H13NO4P,100%)",5.0
A15_71668,Streptophyta,indval_consensus,OE23-POS,71668,716.549484,True,57,36,3,0,3,Terpenoid,Terpenoid,Low,3 terpenoid fragments → possible terpenoid/isoprenoid,"fragment:109.1017(Sesquiterpene_frag,8%); fragment:123.1168(Sesquiterpene_frag3,10%); fragment:133.0860(Diterpene_frag,51%)",5.0
A15_7169,Streptophyta,indval_consensus,OE23-POS,7169,421.293981,True,135,21,7,0,7,Terpenoid,Terpenoid,Medium,7 terpenoid fragments → terpenoid/isoprenoid,"fragment:69.0705(Isoprene_unit,14%); fragment:81.0704(Monoterpene_frag,19%); fragment:95.0859(Methylcyclohexenyl,19%); fragment:107.0859(Dimethylcyclohexenyl,6%); fragment:109.1014(Sesquiterpene_frag,15%); fragment:121.1015(Sesquiterpene_frag2,6%); fragment:123.1168(Sesquiterpene_frag3,8%)",5.0
A15_71749,Streptophyta,indval_consensus,OE23-POS,71749,745.486588,True,33,33,1,1,2,Phospholipid,PC/SM,Medium,Phosphocholine at 11% → PC or SM,"fragment:184.0736(Phosphocholine_C5H13NO4P,11%); loss:162.0528(Hexose_loss,100%)",5.0
A15_71763,Streptophyta,indval_consensus,OE23-POS,71763,565.24492,True,76,12,1,0,1,Phospholipid,PC/SM,High,Phosphocholine at 37% → PC or SM,"fragment:184.0732(Phosphocholine_C5H13NO4P,37%)",5.0
A15_71807,Streptophyta,indval_consensus,OE23-POS,71807,896.569823,True,140,43,1,0,1,Phospholipid,PC/SM,Medium,Phosphocholine at 8% → PC or SM,"fragment:184.0744(Phosphocholine_C5H13NO4P,8%)",5.0
A15_71886,Streptophyta,indval_consensus,OE23-POS,71886,549.248858,True,67,30,9,0,9,Terpenoid,Terpenoid,Medium,9 terpenoid fragments → terpenoid/isoprenoid,"fragment:69.0707(Isoprene_unit,9%); fragment:81.0706(Monoterpene_frag,11%); fragment:95.0861(Methylcyclohexenyl,9%); fragment:107.0862(Dimethylcyclohexenyl,5%); fragment:121.1016(Sesquiterpene_frag2,10%); fragment:123.1170(Sesquiterpene_frag3,6%); fragment:135.1169(Diterpene_frag2,6%); fragment:147.1166(C11H15+,5%); fragment:149.1331(Sesterterpene_frag,6%)",5.0
A15_71889,Streptophyta,indval_consensus,OE23-POS,71889,425.340976,True,145,33,11,0,11,Terpenoid,Terpenoid,Medium,11 terpenoid fragments → terpenoid/isoprenoid,"fragment:69.0705(Isoprene_unit,100%); fragment:81.0704(Monoterpene_frag,27%); fragment:93.0705(Toluenium,7%); fragment:95.0859(Methylcyclohexenyl,31%); fragment:107.0859(Dimethylcyclohexenyl,13%); fragment:109.1015(Sesquiterpene_frag,25%); fragment:121.1016(Sesquiterpene_frag2,10%); fragment:123.1170(Sesquiterpene_frag3,12%); fragment:135.1168(Diterpene_frag2,8%); fragment:149.1328(Sesterterpene_frag,7%); fragment:161.1327(C12H17+,6%)",5.0
A15_71898,Streptophyta,indval_consensus,OE23-POS,71898,709.536484,True,18,18,1,0,1,Phospholipid,PC/SM,Medium,Phosphocholine at 15% → PC or SM,"fragment:184.0738(Phosphocholine_C5H13NO4P,15%)",5.0
A15_7197,Streptophyta,indval_consensus,OE23-POS,7197,425.267573,True,131,92,14,0,14,Terpenoid,Terpenoid,Medium,14 terpenoid fragments → terpenoid/isoprenoid,"fragment:69.0708(Isoprene_unit,16%); fragment:81.0705(Monoterpene_frag,38%); fragment:93.0704(Toluenium,22%); fragment:95.0861(Methylcyclohexenyl,40%); fragment:105.0703(Xylene_cation,30%); fragment:107.0858(Dimethylcyclohexenyl,54%); fragment:109.1015(Sesquiterpene_frag,100%); fragment:119.0856(C9H11+,20%); fragment:121.1011(Sesquiterpene_frag2,27%); fragment:123.1172(Sesquiterpene_frag3,19%); fragment:133.1015(Diterpene_frag,24%); fragment:135.1175(Diterpene_frag2,9%); fragment:147.1172(C11H15+,7%); fragment:161.1329(C12H17+,7%)",5.0
A15_71993,Streptophyta,indval_consensus,OE23-POS,71993,695.343197,True,65,26,1,0,1,Phospholipid,PC/SM,High,Phosphocholine at 100% → PC or SM,"fragment:184.0733(Phosphocholine_C5H13NO4P,100%)",5.0
A15_72016,Streptophyta,indval_consensus,OE23-POS,72016,807.538521,True,19,8,1,0,1,Phospholipid,PC/SM,Medium,Phosphocholine at 20% → PC or SM,"fragment:184.0736(Phosphocholine_C5H13NO4P,20%)",5.0
A15_72185,Streptophyta,indval_consensus,OE23-POS,72185,813.510471,True,20,20,1,0,1,Phospholipid,PC/SM,High,Phosphocholine at 88% → PC or SM,"fragment:184.0735(Phosphocholine_C5H13NO4P,88%)",5.0
A15_72294,Streptophyta,indval_consensus,OE23-POS,72294,607.254335,True,166,37,1,0,1,Phospholipid,PC/SM,Medium,Phosphocholine at 16% → PC or SM,"fragment:184.0732(Phosphocholine_C5H13NO4P,16%)",5.0
A15_72325,Streptophyta,indval_consensus,OE23-POS,72325,629.2734,True,102,94,1,0,1,Phospholipid,PC/SM,Medium,Phosphocholine at 15% → PC or SM,"fragment:184.0742(Phosphocholine_C5H13NO4P,15%)",5.0
A15_72378,Streptophyta,indval_consensus,OE23-POS,72378,986.604441,True,88,41,5,0,5,Terpenoid,Terpenoid,Medium,5 terpenoid fragments → terpenoid/isoprenoid,"fragment:81.0707(Monoterpene_frag,6%); fragment:95.0862(Methylcyclohexenyl,5%); fragment:121.1016(Sesquiterpene_frag2,11%); fragment:147.1163(C11H15+,5%); fragment:149.1336(Sesterterpene_frag,5%)",5.0
A15_72381,Streptophyta,indval_consensus,OE23-POS,72381,702.469259,True,21,6,1,0,1,Phospholipid,PC/SM,High,Phosphocholine at 100% → PC or SM,"fragment:184.0733(Phosphocholine_C5H13NO4P,100%)",5.0
A15_72415,Streptophyta,indval_consensus,OE23-POS,72415,567.402857,True,41,16,1,0,1,Phospholipid,PC/SM,High,Phosphocholine at 95% → PC or SM,"fragment:184.0735(Phosphocholine_C5H13NO4P,95%)",5.0
A15_72435,Ascomycota,indval_consensus,OE23-POS,72435,703.474304,True,70,13,1,0,1,Phospholipid,PC/SM,High,Phosphocholine at 21% → PC or SM,"fragment:184.0734(Phosphocholine_C5H13NO4P,21%)",5.0
A15_7252,Streptophyta,indval_consensus,OE23-POS,7252,407.257234,True,294,12,0,1,1,Phospholipid,PS,Medium,Serine neutral loss,"loss:87.0320(Serine,16%)",5.0
A15_72537,Streptophyta,indval_consensus,OE23-POS,72537,565.40464,True,116,9,1,0,1,Phospholipid,PC/SM,High,Phosphocholine at 31% → PC or SM,"fragment:184.0733(Phosphocholine_C5H13NO4P,31%)",5.0
A15_72591,Streptophyta,indval_consensus,OE23-POS,72591,773.517242,True,34,18,1,1,2,Phospholipid,PC/SM,Medium,Phosphocholine at 10% → PC or SM,"fragment:184.0729(Phosphocholine_C5H13NO4P,10%); loss:162.0528(Hexose_loss,7%)",5.0
A15_72750,Streptophyta,indval_consensus,OE23-POS,72750,780.560605,True,144,38,1,0,1,Phospholipid,PC/SM,Medium,Phosphocholine at 12% → PC or SM,"fragment:184.0733(Phosphocholine_C5H13NO4P,12%)",5.0
A15_72800,Streptophyta,indval_consensus,OE23-POS,72800,593.275433,True,92,16,1,0,1,Phospholipid,PC/SM,Medium,Phosphocholine at 11% → PC or SM,"fragment:184.0734(Phosphocholine_C5H13NO4P,11%)",5.0
A15_7281,Streptophyta,indval_consensus,OE23-POS,7281,295.189957,True,195,55,1,0,1,Glycolipid,Glycolipid,Low,Hexose fragment/neutral loss,"fragment:225.1023(Hexose-H2O,7%)",5.0
A15_73205,Streptophyta,indval_consensus,OE23-POS,73205,854.552426,True,39,39,1,0,1,Phospholipid,PC/SM,High,Phosphocholine at 100% → PC or SM,"fragment:184.0734(Phosphocholine_C5H13NO4P,100%)",5.0
A15_73242,Streptophyta,indval_consensus,OE23-POS,73242,646.468703,True,195,51,11,0,11,Terpenoid,Terpenoid,Medium,11 terpenoid fragments → terpenoid/isoprenoid,"fragment:69.0706(Isoprene_unit,9%); fragment:81.0704(Monoterpene_frag,19%); fragment:93.0704(Toluenium,12%); fragment:95.0860(Methylcyclohexenyl,12%); fragment:105.0704(Xylene_cation,9%); fragment:109.1017(Sesquiterpene_frag,9%); fragment:119.0858(C9H11+,5%); fragment:121.1013(Sesquiterpene_frag2,5%); fragment:133.1015(Diterpene_frag,6%); fragment:135.1170(Diterpene_frag2,13%); fragment:147.1170(C11H15+,6%)",5.0
A15_7335,Streptophyta,indval_consensus,OE23-POS,7335,856.454781,True,104,22,1,0,1,Phospholipid,PC/SM,Medium,Phosphocholine at 6% → PC or SM,"fragment:184.0732(Phosphocholine_C5H13NO4P,6%)",5.0
A15_73434,Streptophyta,indval_consensus,OE23-POS,73434,845.480338,True,19,19,1,0,1,Phospholipid,PC/SM,High,Phosphocholine at 52% → PC or SM,"fragment:184.0734(Phosphocholine_C5H13NO4P,52%)",5.0
A15_73518,Streptophyta,indval_consensus,OE23-POS,73518,719.343966,True,32,32,1,0,1,Phospholipid,PC/SM,High,Phosphocholine at 100% → PC or SM,"fragment:184.0732(Phosphocholine_C5H13NO4P,100%)",5.0
A15_7370,Streptophyta,indval_consensus,OE23-POS,7370,315.194206,True,204,99,0,2,2,Sphingolipid,Ceramide,Medium,Sphingoid base fragments,"loss:180.0634(Hexose+H2O_loss,16%); loss:180.0634(Hexose_ceramide,16%)",5.0
A15_73760,Streptophyta,indval_consensus,OE23-POS,73760,658.524418,True,75,8,1,0,1,Phospholipid,PC/SM,Medium,Phosphocholine at 14% → PC or SM,"fragment:184.0731(Phosphocholine_C5H13NO4P,14%)",5.0
A15_73951,Streptophyta,indval_consensus,OE23-POS,73951,664.47961,True,169,126,1,0,1,Phospholipid,PC/SM,High,Phosphocholine at 52% → PC or SM,"fragment:184.0737(Phosphocholine_C5H13NO4P,52%)",5.0
A15_74091,Streptophyta,indval_consensus,OE23-POS,74091,632.490214,True,19,19,1,0,1,Phospholipid,PC/SM,Medium,Phosphocholine at 8% → PC or SM,"fragment:184.0741(Phosphocholine_C5H13NO4P,8%)",5.0
A15_74171,Streptophyta,indval_consensus,OE23-POS,74171,654.494023,True,34,31,1,0,1,Phospholipid,PC/SM,Medium,Phosphocholine at 13% → PC or SM,"fragment:184.0735(Phosphocholine_C5H13NO4P,13%)",5.0
A15_7443,Arthropoda,composite,OE23-POS,7443,399.192716,True,149,55,10,0,10,Terpenoid,Terpenoid,Medium,10 terpenoid fragments → terpenoid/isoprenoid,"fragment:69.0706(Isoprene_unit,7%); fragment:81.0706(Monoterpene_frag,12%); fragment:93.0704(Toluenium,9%); fragment:95.0861(Methylcyclohexenyl,10%); fragment:105.0702(Xylene_cation,15%); fragment:107.0859(Dimethylcyclohexenyl,12%); fragment:109.1015(Sesquiterpene_frag,9%); fragment:119.0857(C9H11+,6%); fragment:121.1013(Sesquiterpene_frag2,6%); fragment:133.1014(Diterpene_frag,5%)",5.0
A15_74503,Nematoda,composite,OE23-POS,74503,550.281905,True,29,17,2,0,2,Sphingolipid,SM,High,Sphingoid base + phosphocholine → SM,"fragment:184.0733(Phosphocholine_C5H13NO4P,14%); fragment:252.2687(Sphingoid_d18:0,5%)",5.0
A15_74506,Streptophyta,indval_consensus,OE23-POS,74506,969.599338,True,17,17,1,0,1,Betaine_Lipid,DGTS,Medium,DGTS headgroup fragment,"fragment:236.1765(DGTS_headgroup,20%)",5.0
A15_74646,Chlorophyta,composite,OE23-POS,74646,838.581783,True,35,35,3,0,3,Terpenoid,Terpenoid,Low,3 terpenoid fragments → possible terpenoid/isoprenoid,"fragment:81.0704(Monoterpene_frag,9%); fragment:93.0705(Toluenium,10%); fragment:147.1164(C11H15+,10%)",5.0
A15_74703,Streptophyta,indval_consensus,OE23-POS,74703,813.510324,True,76,32,1,0,1,Phospholipid,PC/SM,High,Phosphocholine at 42% → PC or SM,"fragment:184.0732(Phosphocholine_C5H13NO4P,42%)",5.0
A15_74739,Streptophyta,indval_consensus,OE23-POS,74739,565.404699,True,99,99,1,0,1,Phospholipid,PC/SM,High,Phosphocholine at 24% → PC or SM,"fragment:184.0737(Phosphocholine_C5H13NO4P,24%)",5.0
A15_7474,Arthropoda,composite,OE23-POS,7474,538.243778,True,71,14,1,0,1,Phospholipid,PC/SM,Medium,Phosphocholine at 9% → PC or SM,"fragment:184.0732(Phosphocholine_C5H13NO4P,9%)",5.0
A15_74791,Ascomycota,indval_consensus,OE23-POS,74791,537.375046,True,31,5,2,1,3,Phospholipid,PE,Medium,PE-specific ions without phosphocholine,"fragment:395.3519(Stigmasterol_-H2O,100%); fragment:395.3519(Diplopterol,100%); loss:141.0191(Ethanolamine_phosphate,35%)",5.0
A15_74824,Streptophyta,indval_consensus,OE23-POS,74824,629.273279,True,72,36,11,0,11,Terpenoid,Terpenoid,Medium,11 terpenoid fragments → terpenoid/isoprenoid,"fragment:81.0705(Monoterpene_frag,12%); fragment:93.0703(Toluenium,6%); fragment:95.0859(Methylcyclohexenyl,12%); fragment:107.0858(Dimethylcyclohexenyl,9%); fragment:109.1014(Sesquiterpene_frag,12%); fragment:119.0858(C9H11+,8%); fragment:121.1013(Sesquiterpene_frag2,10%); fragment:133.1012(Diterpene_frag,9%); fragment:147.1162(C11H15+,6%); fragment:149.1322(Sesterterpene_frag,6%); fragment:175.1484(C13H19+,7%)",5.0
A15_74890,Streptophyta,indval_consensus,OE23-POS,74890,803.492621,True,30,11,0,1,1,Phospholipid,PS,Medium,Serine neutral loss,"loss:87.0320(Serine,5%)",5.0
A15_74916,Streptophyta,indval_consensus,OE23-POS,74916,642.493101,True,195,24,3,0,3,Terpenoid,Terpenoid,Low,3 terpenoid fragments → possible terpenoid/isoprenoid,"fragment:109.1015(Sesquiterpene_frag,100%); fragment:119.0859(C9H11+,6%); fragment:121.1015(Sesquiterpene_frag2,5%)",5.0
A15_74955,Streptophyta,indval_consensus,OE23-POS,74955,808.558405,True,99,67,1,0,1,Phospholipid,PC/SM,High,Phosphocholine at 20% → PC or SM,"fragment:184.0732(Phosphocholine_C5H13NO4P,20%)",5.0
A15_75055,Streptophyta,indval_consensus,OE23-POS,75055,458.398321,True,112,60,18,0,18,Terpenoid,Terpenoid,Medium,18 terpenoid fragments → terpenoid/isoprenoid,"fragment:69.0706(Isoprene_unit,33%); fragment:81.0705(Monoterpene_frag,100%); fragment:93.0703(Toluenium,55%); fragment:95.0860(Methylcyclohexenyl,97%); fragment:105.0702(Xylene_cation,47%); fragment:107.0858(Dimethylcyclohexenyl,42%); fragment:109.1015(Sesquiterpene_frag,68%); fragment:119.0857(C9H11+,38%); fragment:121.1014(Sesquiterpene_frag2,67%); fragment:123.1168(Sesquiterpene_frag3,36%); fragment:133.1014(Diterpene_frag,23%); fragment:135.1168(Diterpene_frag2,44%); fragment:147.1166(C11H15+,24%); fragment:149.1325(Sesterterpene_frag,44%); fragment:161.1325(C12H17+,36%); fragment:175.1484(C13H19+,26%); fragment:189.1635(Hopane_C14,17%); fragment:203.1798(Triterpene_C15,11%)",5.0
A15_75097,Streptophyta,indval_consensus,OE23-POS,75097,608.293848,True,102,36,10,0,10,Terpenoid,Terpenoid,Medium,10 terpenoid fragments → terpenoid/isoprenoid,"fragment:93.0707(Toluenium,8%); fragment:95.0859(Methylcyclohexenyl,13%); fragment:107.0862(Dimethylcyclohexenyl,8%); fragment:109.1018(Sesquiterpene_frag,7%); fragment:119.0858(C9H11+,6%); fragment:121.1016(Sesquiterpene_frag2,10%); fragment:133.1017(Diterpene_frag,7%); fragment:135.1174(Diterpene_frag2,9%); fragment:149.1328(Sesterterpene_frag,7%); fragment:161.1328(C12H17+,6%)",5.0
A15_75230,Streptophyta,indval_consensus,OE23-POS,75230,706.465593,True,25,22,1,0,1,Phospholipid,PC/SM,High,Phosphocholine at 100% → PC or SM,"fragment:184.0733(Phosphocholine_C5H13NO4P,100%)",5.0
A15_75336,Streptophyta,indval_consensus,OE23-POS,75336,783.465758,True,48,23,1,0,1,Phospholipid,PC/SM,Medium,Phosphocholine at 15% → PC or SM,"fragment:184.0745(Phosphocholine_C5H13NO4P,15%)",5.0
A15_75342,Streptophyta,indval_consensus,OE23-POS,75342,553.424648,True,60,60,1,0,1,Phospholipid,PC/SM,High,Phosphocholine at 76% → PC or SM,"fragment:184.0733(Phosphocholine_C5H13NO4P,76%)",5.0
A15_75383,Streptophyta,indval_consensus,OE23-POS,75383,696.504076,True,117,40,1,0,1,Phospholipid,PC/SM,Medium,Phosphocholine at 9% → PC or SM,"fragment:184.0733(Phosphocholine_C5H13NO4P,9%)",5.0
A15_7539,Streptophyta,indval_consensus,OE23-POS,7539,489.261409,True,87,87,1,0,1,Phospholipid,PC/SM,High,Phosphocholine at 33% → PC or SM,"fragment:184.0736(Phosphocholine_C5H13NO4P,33%)",5.0
A15_75548,Streptophyta,indval_consensus,OE23-POS,75548,747.502815,True,27,27,0,1,1,Glycolipid,Glycolipid,Low,Hexose fragment/neutral loss,"loss:162.0528(Hexose_loss,55%)",5.0
A15_7560,Streptophyta,indval_consensus,OE23-POS,7560,317.173203,True,64,14,4,0,4,Terpenoid,Terpenoid,Low,4 terpenoid fragments → possible terpenoid/isoprenoid,"fragment:69.0705(Isoprene_unit,6%); fragment:81.0705(Monoterpene_frag,9%); fragment:95.0860(Methylcyclohexenyl,8%); fragment:109.1015(Sesquiterpene_frag,6%)",5.0
A15_75623,Streptophyta,indval_consensus,OE23-POS,75623,716.48595,True,117,11,1,0,1,Phospholipid,PC/SM,High,Phosphocholine at 100% → PC or SM,"fragment:184.0732(Phosphocholine_C5H13NO4P,100%)",5.0
A15_75664,Streptophyta,indval_consensus,OE23-POS,75664,794.533503,True,42,10,1,0,1,Phospholipid,PC/SM,High,Phosphocholine at 100% → PC or SM,"fragment:184.0733(Phosphocholine_C5H13NO4P,100%)",5.0
A15_7568,Streptophyta,indval_consensus,OE23-POS,7568,277.179219,True,100,61,0,2,2,Sphingolipid,Ceramide,Medium,Sphingoid base fragments,"loss:180.0634(Hexose+H2O_loss,13%); loss:180.0634(Hexose_ceramide,13%)",5.0
A15_75714,Streptophyta,indval_consensus,OE23-POS,75714,798.570986,True,100,16,1,0,1,Phospholipid,PC/SM,Medium,Phosphocholine at 10% → PC or SM,"fragment:184.0734(Phosphocholine_C5H13NO4P,10%)",5.0
A15_75756,Streptophyta,indval_consensus,OE23-POS,75756,800.544774,True,15,15,1,0,1,Phospholipid,PC/SM,High,Phosphocholine at 100% → PC or SM,"fragment:184.0732(Phosphocholine_C5H13NO4P,100%)",5.0
A15_75896,Streptophyta,indval_consensus,OE23-POS,75896,684.455687,True,23,13,1,0,1,Phospholipid,PC/SM,High,Phosphocholine at 41% → PC or SM,"fragment:184.0730(Phosphocholine_C5H13NO4P,41%)",5.0
A15_75901,Streptophyta,indval_consensus,OE23-POS,75901,593.275417,True,155,9,1,0,1,Phospholipid,PC/SM,Medium,Phosphocholine at 19% → PC or SM,"fragment:184.0732(Phosphocholine_C5H13NO4P,19%)",5.0
A15_75939,Streptophyta,indval_consensus,OE23-POS,75939,774.526339,True,39,15,1,0,1,Phospholipid,PC/SM,Medium,Phosphocholine at 12% → PC or SM,"fragment:184.0735(Phosphocholine_C5H13NO4P,12%)",5.0
A15_75977,Streptophyta,indval_consensus,OE23-POS,75977,543.403357,True,21,21,1,0,1,Phospholipid,PC/SM,High,Phosphocholine at 94% → PC or SM,"fragment:184.0739(Phosphocholine_C5H13NO4P,94%)",5.0
A15_75996,Streptophyta,indval_consensus,OE23-POS,75996,813.51055,True,85,49,1,0,1,Phospholipid,PC/SM,High,Phosphocholine at 69% → PC or SM,"fragment:184.0733(Phosphocholine_C5H13NO4P,69%)",5.0
A15_76145,Streptophyta,indval_consensus,OE23-POS,76145,773.517433,True,61,27,1,0,1,Phospholipid,PC/SM,High,Phosphocholine at 21% → PC or SM,"fragment:184.0734(Phosphocholine_C5H13NO4P,21%)",5.0
A15_76210,Streptophyta,indval_consensus,OE23-POS,76210,806.54433,True,254,51,1,1,2,Phospholipid,PC/SM,High,Phosphocholine at 34% → PC or SM,"fragment:184.0733(Phosphocholine_C5H13NO4P,34%); loss:87.0320(Serine,7%)",5.0
A15_76534,Streptophyta,indval_consensus,OE23-POS,76534,811.49735,True,39,8,1,0,1,Phospholipid,PC/SM,Medium,Phosphocholine at 17% → PC or SM,"fragment:184.0733(Phosphocholine_C5H13NO4P,17%)",5.0
A15_76634,Streptophyta,indval_consensus,OE23-POS,76634,786.52688,True,28,11,1,0,1,Phospholipid,PC/SM,High,Phosphocholine at 100% → PC or SM,"fragment:184.0734(Phosphocholine_C5H13NO4P,100%)",5.0
A15_76724,Streptophyta,indval_consensus,OE23-POS,76724,703.453647,True,77,77,1,0,1,Phospholipid,PC/SM,Medium,Phosphocholine at 9% → PC or SM,"fragment:184.0738(Phosphocholine_C5H13NO4P,9%)",5.0
A15_76756,Streptophyta,indval_consensus,OE23-POS,76756,866.526679,True,101,101,1,0,1,Phospholipid,PC/SM,High,Phosphocholine at 21% → PC or SM,"fragment:184.0737(Phosphocholine_C5H13NO4P,21%)",5.0
A15_76781,Streptophyta,indval_consensus,OE23-POS,76781,583.414859,True,164,24,11,0,11,Terpenoid,Terpenoid,Medium,11 terpenoid fragments → terpenoid/isoprenoid,"fragment:81.0706(Monoterpene_frag,7%); fragment:93.0704(Toluenium,6%); fragment:95.0860(Methylcyclohexenyl,9%); fragment:107.0859(Dimethylcyclohexenyl,11%); fragment:109.1015(Sesquiterpene_frag,10%); fragment:119.0858(C9H11+,12%); fragment:121.1014(Sesquiterpene_frag2,15%); fragment:133.1012(Diterpene_frag,10%); fragment:135.1169(Diterpene_frag2,7%); fragment:147.1170(C11H15+,6%); fragment:175.1484(C13H19+,7%)",5.0
A15_76811,Streptophyta,indval_consensus,OE23-POS,76811,565.404986,True,54,54,1,0,1,Phospholipid,PC/SM,High,Phosphocholine at 21% → PC or SM,"fragment:184.0741(Phosphocholine_C5H13NO4P,21%)",5.0
A15_77051,Streptophyta,indval_consensus,OE23-POS,77051,808.558434,True,119,69,1,0,1,Phospholipid,PC/SM,High,Phosphocholine at 28% → PC or SM,"fragment:184.0733(Phosphocholine_C5H13NO4P,28%)",5.0
A15_77121,Streptophyta,indval_consensus,OE23-POS,77121,553.424857,True,40,40,1,0,1,Phospholipid,PC/SM,High,Phosphocholine at 81% → PC or SM,"fragment:184.0740(Phosphocholine_C5H13NO4P,81%)",5.0
A15_77146,Streptophyta,indval_consensus,OE23-POS,77146,720.479002,True,112,85,1,0,1,Phospholipid,PC/SM,High,Phosphocholine at 21% → PC or SM,"fragment:184.0733(Phosphocholine_C5H13NO4P,21%)",5.0
A15_77277,Streptophyta,indval_consensus,OE23-POS,77277,696.503858,True,51,46,1,0,1,Phospholipid,PC/SM,Medium,Phosphocholine at 13% → PC or SM,"fragment:184.0744(Phosphocholine_C5H13NO4P,13%)",5.0
A15_77338,Streptophyta,indval_consensus,OE23-POS,77338,629.273227,True,52,50,8,0,8,Terpenoid,Terpenoid,Medium,8 terpenoid fragments → terpenoid/isoprenoid,"fragment:81.0705(Monoterpene_frag,8%); fragment:95.0860(Methylcyclohexenyl,16%); fragment:107.0860(Dimethylcyclohexenyl,9%); fragment:109.1017(Sesquiterpene_frag,18%); fragment:119.0858(C9H11+,9%); fragment:121.1015(Sesquiterpene_frag2,18%); fragment:123.1173(Sesquiterpene_frag3,11%); fragment:135.1163(Diterpene_frag2,12%)",5.0
A15_77345,Streptophyta,indval_consensus,OE23-POS,77345,745.486599,True,79,43,1,1,2,Phospholipid,PC/SM,Medium,Phosphocholine at 7% → PC or SM,"fragment:184.0736(Phosphocholine_C5H13NO4P,7%); loss:162.0528(Hexose_loss,10%)",5.0
A15_7737,Streptophyta,indval_consensus,OE23-POS,7737,447.250906,True,101,79,1,0,1,Betaine_Lipid,DGTS,Medium,DGTS headgroup fragment,"fragment:236.1490(DGTS_headgroup,33%)",5.0
A15_77384,Streptophyta,indval_consensus,OE23-POS,77384,411.361166,True,64,32,8,0,8,Terpenoid,Terpenoid,Medium,8 terpenoid fragments → terpenoid/isoprenoid,"fragment:69.0705(Isoprene_unit,21%); fragment:81.0704(Monoterpene_frag,24%); fragment:95.0861(Methylcyclohexenyl,21%); fragment:109.1016(Sesquiterpene_frag,14%); fragment:121.1016(Sesquiterpene_frag2,12%); fragment:123.1171(Sesquiterpene_frag3,5%); fragment:135.1171(Diterpene_frag2,11%); fragment:149.1328(Sesterterpene_frag,6%)",5.0
A15_77423,Streptophyta,indval_consensus,OE23-POS,77423,829.506235,True,153,29,1,0,1,Phospholipid,PC/SM,Medium,Phosphocholine at 15% → PC or SM,"fragment:184.0735(Phosphocholine_C5H13NO4P,15%)",5.0
A15_77465,Streptophyta,indval_consensus,OE23-POS,77465,686.51946,True,22,15,1,0,1,Phospholipid,PC/SM,High,Phosphocholine at 39% → PC or SM,"fragment:184.0733(Phosphocholine_C5H13NO4P,39%)",5.0
A15_77487,Streptophyta,indval_consensus,OE23-POS,77487,642.492964,True,115,23,3,0,3,Terpenoid,Terpenoid,Low,3 terpenoid fragments → possible terpenoid/isoprenoid,"fragment:95.0859(Methylcyclohexenyl,6%); fragment:109.1016(Sesquiterpene_frag,7%); fragment:133.1017(Diterpene_frag,6%)",5.0
A15_77721,Streptophyta,indval_consensus,OE23-POS,77721,866.528187,True,98,80,1,0,1,Phospholipid,PC/SM,High,Phosphocholine at 71% → PC or SM,"fragment:184.0735(Phosphocholine_C5H13NO4P,71%)",5.0
A15_77770,Streptophyta,indval_consensus,OE23-POS,77770,567.420269,True,89,62,1,0,1,Phospholipid,PC/SM,Medium,Phosphocholine at 7% → PC or SM,"fragment:184.0740(Phosphocholine_C5H13NO4P,7%)",5.0
A15_77899,Streptophyta,indval_consensus,OE23-POS,77899,702.469005,True,65,7,1,0,1,Phospholipid,PC/SM,High,Phosphocholine at 100% → PC or SM,"fragment:184.0733(Phosphocholine_C5H13NO4P,100%)",5.0
A15_77940,Streptophyta,indval_consensus,OE23-POS,77940,581.399364,True,84,21,7,0,7,Terpenoid,Terpenoid,Medium,7 terpenoid fragments → terpenoid/isoprenoid,"fragment:81.0705(Monoterpene_frag,5%); fragment:93.0704(Toluenium,6%); fragment:107.0859(Dimethylcyclohexenyl,7%); fragment:109.1015(Sesquiterpene_frag,100%); fragment:119.0861(C9H11+,10%); fragment:121.1013(Sesquiterpene_frag2,6%); fragment:133.1014(Diterpene_frag,6%)",5.0
A15_77954,Ascomycota,indval_consensus,OE23-POS,77954,393.289843,True,54,24,5,0,5,Terpenoid,Terpenoid,Medium,5 terpenoid fragments → terpenoid/isoprenoid,"fragment:69.0706(Isoprene_unit,84%); fragment:81.0707(Monoterpene_frag,16%); fragment:93.0702(Toluenium,7%); fragment:95.0860(Methylcyclohexenyl,14%); fragment:109.1016(Sesquiterpene_frag,9%)",5.0
A15_7798,Streptophyta,indval_consensus,OE23-POS,7798,257.189542,True,99,39,10,0,10,Terpenoid,Terpenoid,Medium,10 terpenoid fragments → terpenoid/isoprenoid,"fragment:69.0705(Isoprene_unit,13%); fragment:81.0704(Monoterpene_frag,17%); fragment:93.0703(Toluenium,16%); fragment:95.0859(Methylcyclohexenyl,15%); fragment:105.0700(Xylene_cation,14%); fragment:107.0858(Dimethylcyclohexenyl,16%); fragment:109.1014(Sesquiterpene_frag,21%); fragment:119.0858(C9H11+,11%); fragment:121.1013(Sesquiterpene_frag2,20%); fragment:133.1012(Diterpene_frag,12%)",5.0
A15_78017,Ascomycota,indval_consensus,OE23-POS,78017,728.485205,True,10,10,1,0,1,Phospholipid,PC/SM,High,Phosphocholine at 100% → PC or SM,"fragment:184.0733(Phosphocholine_C5H13NO4P,100%)",5.0
A15_78056,Streptophyta,indval_consensus,OE23-POS,78056,962.603976,True,106,106,12,0,12,Terpenoid,Terpenoid,Medium,12 terpenoid fragments → terpenoid/isoprenoid,"fragment:81.0705(Monoterpene_frag,23%); fragment:93.0703(Toluenium,17%); fragment:95.0859(Methylcyclohexenyl,19%); fragment:107.0859(Dimethylcyclohexenyl,23%); fragment:109.1015(Sesquiterpene_frag,11%); fragment:119.0858(C9H11+,13%); fragment:121.1014(Sesquiterpene_frag2,21%); fragment:133.1013(Diterpene_frag,17%); fragment:135.1173(Diterpene_frag2,13%); fragment:147.1172(C11H15+,13%); fragment:161.1327(C12H17+,12%); fragment:175.1494(C13H19+,9%)",5.0
A15_78092,Streptophyta,indval_consensus,OE23-POS,78092,706.524378,True,54,53,1,0,1,Phospholipid,PC/SM,High,Phosphocholine at 68% → PC or SM,"fragment:184.0731(Phosphocholine_C5H13NO4P,68%)",5.0
A15_78124,Streptophyta,indval_consensus,OE23-POS,78124,726.469098,True,228,43,4,0,4,Terpenoid,Terpenoid,Low,4 terpenoid fragments → possible terpenoid/isoprenoid,"fragment:107.0858(Dimethylcyclohexenyl,5%); fragment:121.1015(Sesquiterpene_frag2,5%); fragment:147.1170(C11H15+,5%); fragment:161.1327(C12H17+,6%)",5.0
A15_78353,Streptophyta,indval_consensus,OE23-POS,78353,807.580987,True,43,20,1,0,1,Phospholipid,PC/SM,Medium,Phosphocholine at 8% → PC or SM,"fragment:184.0734(Phosphocholine_C5H13NO4P,8%)",5.0
A15_78475,Streptophyta,indval_consensus,OE23-POS,78475,792.504459,True,99,51,1,2,3,Sphingolipid,SM,High,Sphingoid base + phosphocholine → SM,"fragment:184.0733(Phosphocholine_C5H13NO4P,34%); loss:180.0634(Hexose+H2O_loss,21%); loss:180.0634(Hexose_ceramide,21%)",5.0
A15_78592,Chlorophyta,composite,OE23-POS,78592,407.258121,True,79,73,1,0,1,Quinone,Ubiquinone,Medium,Ubiquinone headgroup fragment,"fragment:197.0960(Ubiquinone_headgroup,8%)",5.0
A15_78748,Streptophyta,indval_consensus,OE23-POS,78748,549.248827,True,92,13,6,0,6,Terpenoid,Terpenoid,Medium,6 terpenoid fragments → terpenoid/isoprenoid,"fragment:81.0703(Monoterpene_frag,6%); fragment:95.0858(Methylcyclohexenyl,7%); fragment:109.1018(Sesquiterpene_frag,5%); fragment:121.1014(Sesquiterpene_frag2,6%); fragment:123.1172(Sesquiterpene_frag3,6%); fragment:135.1166(Diterpene_frag2,5%)",5.0
A15_78869,Streptophyta,indval_consensus,OE23-POS,78869,773.517444,True,79,24,1,1,2,Phospholipid,PC/SM,Medium,Phosphocholine at 17% → PC or SM,"fragment:184.0731(Phosphocholine_C5H13NO4P,17%); loss:162.0528(Hexose_loss,23%)",5.0
A15_79002,Streptophyta,indval_consensus,OE23-POS,79002,567.420359,True,66,66,1,0,1,Phospholipid,PC/SM,Medium,Phosphocholine at 9% → PC or SM,"fragment:184.0746(Phosphocholine_C5H13NO4P,9%)",5.0
A15_79022,Streptophyta,indval_consensus,OE23-POS,79022,776.505238,True,85,47,1,0,1,Phospholipid,PC/SM,High,Phosphocholine at 69% → PC or SM,"fragment:184.0733(Phosphocholine_C5H13NO4P,69%)",5.0
A15_79087,Streptophyta,indval_consensus,OE23-POS,79087,607.254678,True,137,45,13,0,13,Terpenoid,Terpenoid,Medium,13 terpenoid fragments → terpenoid/isoprenoid,"fragment:81.0705(Monoterpene_frag,10%); fragment:93.0705(Toluenium,5%); fragment:95.0860(Methylcyclohexenyl,11%); fragment:107.0859(Dimethylcyclohexenyl,9%); fragment:109.1015(Sesquiterpene_frag,8%); fragment:119.0859(C9H11+,6%); fragment:121.1014(Sesquiterpene_frag2,9%); fragment:123.1170(Sesquiterpene_frag3,11%); fragment:133.1014(Diterpene_frag,6%); fragment:135.1169(Diterpene_frag2,10%); fragment:147.1166(C11H15+,6%); fragment:149.1319(Sesterterpene_frag,11%); fragment:175.1485(C13H19+,7%)",5.0
A15_79115,Streptophyta,indval_consensus,OE23-POS,79115,674.520328,True,23,4,1,0,1,Phospholipid,PC/SM,Medium,Phosphocholine at 17% → PC or SM,"fragment:184.0734(Phosphocholine_C5H13NO4P,17%)",5.0
A15_79124,Streptophyta,indval_consensus,OE23-POS,79124,411.361611,True,59,59,15,0,15,Terpenoid,Terpenoid,Medium,15 terpenoid fragments → terpenoid/isoprenoid,"fragment:69.0706(Isoprene_unit,57%); fragment:81.0705(Monoterpene_frag,67%); fragment:93.0704(Toluenium,27%); fragment:95.0860(Methylcyclohexenyl,85%); fragment:105.0701(Xylene_cation,29%); fragment:107.0859(Dimethylcyclohexenyl,26%); fragment:109.1016(Sesquiterpene_frag,45%); fragment:119.0862(C9H11+,17%); fragment:121.1014(Sesquiterpene_frag2,28%); fragment:123.1170(Sesquiterpene_frag3,20%); fragment:133.1017(Diterpene_frag,19%); fragment:135.1173(Diterpene_frag2,23%); fragment:147.1172(C11H15+,31%); fragment:149.1328(Sesterterpene_frag,16%); fragment:161.1329(C12H17+,12%)",5.0
A15_79126,Streptophyta,indval_consensus,OE23-POS,79126,806.542994,True,302,37,0,1,1,Phospholipid,PS,Medium,Serine neutral loss,"loss:87.0320(Serine,9%)",5.0
A15_79188,Streptophyta,indval_consensus,OE23-POS,79188,811.499898,True,396,51,1,0,1,Phospholipid,PC/SM,High,Phosphocholine at 100% → PC or SM,"fragment:184.0733(Phosphocholine_C5H13NO4P,100%)",5.0
A15_79311,Chlorophyta,composite,OE23-POS,79311,696.480828,True,34,8,1,0,1,Phospholipid,PC/SM,Medium,Phosphocholine at 7% → PC or SM,"fragment:184.0736(Phosphocholine_C5H13NO4P,7%)",5.0
A15_79437,Streptophyta,indval_consensus,OE23-POS,79437,774.526741,True,46,34,1,1,2,Phospholipid,PC/SM,High,Phosphocholine at 28% → PC or SM,"fragment:184.0735(Phosphocholine_C5H13NO4P,28%); loss:162.0528(Hexose_loss,26%)",5.0
A15_79628,Streptophyta,indval_consensus,OE23-POS,79628,702.468992,True,61,5,1,0,1,Phospholipid,PC/SM,High,Phosphocholine at 100% → PC or SM,"fragment:184.0733(Phosphocholine_C5H13NO4P,100%)",5.0
A15_79727,Streptophyta,indval_consensus,OE23-POS,79727,577.281001,True,34,14,1,0,1,Phospholipid,PC/SM,High,Phosphocholine at 25% → PC or SM,"fragment:184.0734(Phosphocholine_C5H13NO4P,25%)",5.0
A15_79809,Streptophyta,indval_consensus,OE23-POS,79809,607.290743,True,152,34,12,0,12,Terpenoid,Terpenoid,Medium,12 terpenoid fragments → terpenoid/isoprenoid,"fragment:69.0707(Isoprene_unit,5%); fragment:81.0707(Monoterpene_frag,12%); fragment:93.0706(Toluenium,8%); fragment:95.0861(Methylcyclohexenyl,12%); fragment:107.0860(Dimethylcyclohexenyl,10%); fragment:109.1018(Sesquiterpene_frag,9%); fragment:119.0861(C9H11+,7%); fragment:121.1017(Sesquiterpene_frag2,15%); fragment:133.1016(Diterpene_frag,8%); fragment:135.1173(Diterpene_frag2,10%); fragment:147.1171(C11H15+,8%); fragment:149.1329(Sesterterpene_frag,5%)",5.0
A15_80172,Streptophyta,indval_consensus,OE23-POS,80172,722.494914,True,41,9,1,0,1,Phospholipid,PC/SM,High,Phosphocholine at 100% → PC or SM,"fragment:184.0732(Phosphocholine_C5H13NO4P,100%)",5.0
A15_80193,Streptophyta,indval_consensus,OE23-POS,80193,565.405185,True,81,30,1,0,1,Betaine_Lipid,DGTS,Medium,DGTS headgroup fragment,"fragment:236.1368(DGTS_headgroup,9%)",5.0
A15_80195,Streptophyta,indval_consensus,OE23-POS,80195,583.415188,True,113,29,11,0,11,Terpenoid,Terpenoid,Medium,11 terpenoid fragments → terpenoid/isoprenoid,"fragment:81.0704(Monoterpene_frag,8%); fragment:93.0704(Toluenium,8%); fragment:95.0860(Methylcyclohexenyl,8%); fragment:105.0702(Xylene_cation,6%); fragment:107.0860(Dimethylcyclohexenyl,9%); fragment:109.1015(Sesquiterpene_frag,15%); fragment:119.0858(C9H11+,8%); fragment:121.1014(Sesquiterpene_frag2,16%); fragment:133.1014(Diterpene_frag,8%); fragment:135.1170(Diterpene_frag2,6%); fragment:175.1482(C13H19+,6%)",5.0
A15_80202,Streptophyta,indval_consensus,OE23-POS,80202,674.520243,True,23,22,1,0,1,Phospholipid,PC/SM,Medium,Phosphocholine at 8% → PC or SM,"fragment:184.0737(Phosphocholine_C5H13NO4P,8%)",5.0
A15_80312,Streptophyta,indval_consensus,OE23-POS,80312,411.36128,True,68,35,7,0,7,Terpenoid,Terpenoid,Medium,7 terpenoid fragments → terpenoid/isoprenoid,"fragment:69.0706(Isoprene_unit,37%); fragment:81.0705(Monoterpene_frag,16%); fragment:95.0861(Methylcyclohexenyl,14%); fragment:109.1014(Sesquiterpene_frag,14%); fragment:121.1012(Sesquiterpene_frag2,7%); fragment:123.1170(Sesquiterpene_frag3,6%); fragment:135.1166(Diterpene_frag2,6%)",5.0
A15_80469,Streptophyta,indval_consensus,OE23-POS,80469,567.420272,True,76,64,1,0,1,Phospholipid,PC/SM,Medium,Phosphocholine at 5% → PC or SM,"fragment:184.0734(Phosphocholine_C5H13NO4P,5%)",5.0
A15_80603,Streptophyta,indval_consensus,OE23-POS,80603,811.497804,True,111,10,1,0,1,Phospholipid,PC/SM,High,Phosphocholine at 53% → PC or SM,"fragment:184.0733(Phosphocholine_C5H13NO4P,53%)",5.0
A15_80614,Streptophyta,indval_consensus,OE23-POS,80614,785.481084,True,40,34,1,0,1,Phospholipid,PC/SM,High,Phosphocholine at 51% → PC or SM,"fragment:184.0734(Phosphocholine_C5H13NO4P,51%)",5.0
A15_8070,Arthropoda,composite,OE23-POS,8070,420.237834,True,97,18,3,0,3,Terpenoid,Terpenoid,Low,3 terpenoid fragments → possible terpenoid/isoprenoid,"fragment:81.0704(Monoterpene_frag,8%); fragment:105.0703(Xylene_cation,100%); fragment:123.1170(Sesquiterpene_frag3,25%)",5.0
A15_80729,Streptophyta,indval_consensus,OE23-POS,80729,768.518117,True,33,33,1,0,1,Phospholipid,PC/SM,High,Phosphocholine at 83% → PC or SM,"fragment:184.0735(Phosphocholine_C5H13NO4P,83%)",5.0
A15_80761,Streptophyta,indval_consensus,OE23-POS,80761,627.237028,True,127,31,4,0,4,Terpenoid,Terpenoid,Low,4 terpenoid fragments → possible terpenoid/isoprenoid,"fragment:81.0705(Monoterpene_frag,5%); fragment:95.0860(Methylcyclohexenyl,8%); fragment:109.1016(Sesquiterpene_frag,6%); fragment:121.1017(Sesquiterpene_frag2,5%)",5.0
A15_80789,Streptophyta,indval_consensus,OE23-POS,80789,757.523338,True,38,38,2,0,2,Phospholipid,PC/SM,High,Phosphocholine at 76% → PC or SM,"fragment:184.0736(Phosphocholine_C5H13NO4P,76%); fragment:152.9822(Glycerophosphoglycerol-H2O,47%)",5.0
A15_80974,Streptophyta,indval_consensus,OE23-POS,80974,612.469689,True,36,20,7,0,7,Terpenoid,Terpenoid,Medium,7 terpenoid fragments → terpenoid/isoprenoid,"fragment:93.0704(Toluenium,6%); fragment:95.0860(Methylcyclohexenyl,9%); fragment:107.0859(Dimethylcyclohexenyl,6%); fragment:109.1017(Sesquiterpene_frag,7%); fragment:119.0858(C9H11+,7%); fragment:121.1017(Sesquiterpene_frag2,7%); fragment:135.1168(Diterpene_frag2,6%)",5.0
A15_81028,Streptophyta,indval_consensus,OE23-POS,81028,804.493082,True,25,25,3,0,3,Sphingolipid,SM,High,Sphingoid base + phosphocholine → SM,"fragment:184.0731(Phosphocholine_C5H13NO4P,100%); fragment:264.2969(Sphingoid_d18:1,14%); fragment:669.5733(GDGT_variant,17%)",5.0
A15_81033,Streptophyta,indval_consensus,OE23-POS,81033,787.49611,True,27,12,1,0,1,Phospholipid,PC/SM,High,Phosphocholine at 100% → PC or SM,"fragment:184.0731(Phosphocholine_C5H13NO4P,100%)",5.0
A15_81215,Streptophyta,indval_consensus,OE23-POS,81215,773.517517,True,191,38,1,3,4,Sphingolipid,SM,High,Sphingoid base + phosphocholine → SM,"fragment:184.0740(Phosphocholine_C5H13NO4P,7%); loss:162.0528(Hexose_loss,100%); loss:180.0634(Hexose+H2O_loss,9%); loss:180.0634(Hexose_ceramide,9%)",5.0
A15_81222,Streptophyta,indval_consensus,OE23-POS,81222,667.454828,True,140,85,1,0,1,Phospholipid,PC/SM,High,Phosphocholine at 59% → PC or SM,"fragment:184.0732(Phosphocholine_C5H13NO4P,59%)",5.0
A15_81322,Streptophyta,indval_consensus,OE23-POS,81322,800.54413,True,78,43,1,0,1,Phospholipid,PC/SM,High,Phosphocholine at 76% → PC or SM,"fragment:184.0733(Phosphocholine_C5H13NO4P,76%)",5.0
A15_81354,Streptophyta,indval_consensus,OE23-POS,81354,866.528899,True,50,50,1,0,1,Phospholipid,PC/SM,Medium,Phosphocholine at 16% → PC or SM,"fragment:184.0733(Phosphocholine_C5H13NO4P,16%)",5.0
A15_81407,Streptophyta,indval_consensus,OE23-POS,81407,411.361813,True,36,36,13,0,13,Terpenoid,Terpenoid,Medium,13 terpenoid fragments → terpenoid/isoprenoid,"fragment:69.0704(Isoprene_unit,58%); fragment:81.0704(Monoterpene_frag,79%); fragment:95.0860(Methylcyclohexenyl,100%); fragment:107.0857(Dimethylcyclohexenyl,39%); fragment:109.1014(Sesquiterpene_frag,70%); fragment:121.1011(Sesquiterpene_frag2,43%); fragment:123.1170(Sesquiterpene_frag3,52%); fragment:133.1015(Diterpene_frag,29%); fragment:135.1173(Diterpene_frag2,50%); fragment:147.1165(C11H15+,45%); fragment:149.1324(Sesterterpene_frag,64%); fragment:161.1329(C12H17+,57%); fragment:175.1483(C13H19+,51%)",5.0
A15_81421,Streptophyta,indval_consensus,OE23-POS,81421,742.466446,True,15,5,1,0,1,Phospholipid,PC/SM,Medium,Phosphocholine at 14% → PC or SM,"fragment:184.0734(Phosphocholine_C5H13NO4P,14%)",5.0
A15_81735,Nematoda,composite,OE23-POS,81735,365.320421,True,44,38,8,0,8,Terpenoid,Terpenoid,Medium,8 terpenoid fragments → terpenoid/isoprenoid,"fragment:69.0706(Isoprene_unit,100%); fragment:81.0705(Monoterpene_frag,16%); fragment:95.0861(Methylcyclohexenyl,16%); fragment:107.0859(Dimethylcyclohexenyl,8%); fragment:121.1016(Sesquiterpene_frag2,7%); fragment:133.1009(Diterpene_frag,11%); fragment:149.1329(Sesterterpene_frag,7%); fragment:175.1621(C13H19+,6%)",5.0
A15_81740,Streptophyta,indval_consensus,OE23-POS,81740,405.128443,True,37,27,6,0,6,Terpenoid,Terpenoid,Medium,6 terpenoid fragments → terpenoid/isoprenoid,"fragment:69.0705(Isoprene_unit,7%); fragment:81.0704(Monoterpene_frag,11%); fragment:93.0705(Toluenium,8%); fragment:95.0860(Methylcyclohexenyl,10%); fragment:105.0703(Xylene_cation,16%); fragment:109.1015(Sesquiterpene_frag,7%)",5.0
A15_81991,Nematoda,composite,OE23-POS,81991,413.324839,True,26,26,3,0,3,Terpenoid,Terpenoid,Low,3 terpenoid fragments → possible terpenoid/isoprenoid,"fragment:69.0707(Isoprene_unit,86%); fragment:95.0863(Methylcyclohexenyl,19%); fragment:105.0701(Xylene_cation,17%)",5.0
A15_82224,Streptophyta,indval_consensus,OE23-POS,82224,555.440078,True,33,33,1,0,1,Phospholipid,PC/SM,High,Phosphocholine at 37% → PC or SM,"fragment:184.0733(Phosphocholine_C5H13NO4P,37%)",5.0
A15_82264,Streptophyta,indval_consensus,OE23-POS,82264,694.524538,True,49,47,1,0,1,Phospholipid,PC/SM,Medium,Phosphocholine at 9% → PC or SM,"fragment:184.0738(Phosphocholine_C5H13NO4P,9%)",5.0
A15_82266,Streptophyta,indval_consensus,OE23-POS,82266,598.467779,True,203,53,12,0,12,Terpenoid,Terpenoid,Medium,12 terpenoid fragments → terpenoid/isoprenoid,"fragment:81.0705(Monoterpene_frag,13%); fragment:93.0704(Toluenium,14%); fragment:95.0859(Methylcyclohexenyl,19%); fragment:105.0703(Xylene_cation,6%); fragment:107.0860(Dimethylcyclohexenyl,10%); fragment:109.1016(Sesquiterpene_frag,8%); fragment:119.0857(C9H11+,9%); fragment:121.1013(Sesquiterpene_frag2,15%); fragment:133.1012(Diterpene_frag,7%); fragment:135.1168(Diterpene_frag2,7%); fragment:147.1166(C11H15+,7%); fragment:149.1326(Sesterterpene_frag,6%)",5.0
A15_82447,Streptophyta,indval_consensus,OE23-POS,82447,812.503987,True,27,11,1,1,2,Phospholipid,PE,High,PE headgroup + phosphocholine at 82%,"fragment:184.0736(Phosphocholine_C5H13NO4P,82%); loss:141.0191(Ethanolamine_phosphate,12%)",5.0
A15_82519,Streptophyta,indval_consensus,OE23-POS,82519,762.525627,True,13,6,1,0,1,Phospholipid,PC/SM,High,Phosphocholine at 34% → PC or SM,"fragment:184.0733(Phosphocholine_C5H13NO4P,34%)",5.0
A15_82629,Streptophyta,indval_consensus,OE23-POS,82629,565.405369,True,74,73,1,0,1,Phospholipid,PC/SM,Medium,Phosphocholine at 15% → PC or SM,"fragment:184.0724(Phosphocholine_C5H13NO4P,15%)",5.0
A15_82637,Streptophyta,indval_consensus,OE23-POS,82637,813.511491,True,44,13,1,0,1,Phospholipid,PC/SM,High,Phosphocholine at 100% → PC or SM,"fragment:184.0734(Phosphocholine_C5H13NO4P,100%)",5.0
A15_82734,Streptophyta,indval_consensus,OE23-POS,82734,829.506493,True,42,17,1,0,1,Phospholipid,PC/SM,Medium,Phosphocholine at 13% → PC or SM,"fragment:184.0732(Phosphocholine_C5H13NO4P,13%)",5.0
A15_82774,Streptophyta,indval_consensus,OE23-POS,82774,964.618825,True,164,81,5,0,5,Terpenoid,Terpenoid,Low,5 terpenoid fragments in complex spectrum (81 peaks) → possible terpenoid,"fragment:81.0705(Monoterpene_frag,9%); fragment:95.0860(Methylcyclohexenyl,8%); fragment:107.0859(Dimethylcyclohexenyl,6%); fragment:109.1015(Sesquiterpene_frag,6%); fragment:121.1014(Sesquiterpene_frag2,9%)",5.0
A15_82801,Streptophyta,indval_consensus,OE23-POS,82801,988.61885,True,139,70,10,0,10,Terpenoid,Terpenoid,Medium,10 terpenoid fragments → terpenoid/isoprenoid,"fragment:81.0706(Monoterpene_frag,9%); fragment:93.0704(Toluenium,9%); fragment:95.0860(Methylcyclohexenyl,9%); fragment:107.0860(Dimethylcyclohexenyl,8%); fragment:109.1014(Sesquiterpene_frag,7%); fragment:119.0863(C9H11+,5%); fragment:121.1015(Sesquiterpene_frag2,16%); fragment:133.1012(Diterpene_frag,9%); fragment:135.1166(Diterpene_frag2,6%); fragment:147.1168(C11H15+,7%)",5.0
A15_82858,Streptophyta,indval_consensus,OE23-POS,82858,620.453378,True,48,48,13,0,13,Terpenoid,Terpenoid,Medium,13 terpenoid fragments → terpenoid/isoprenoid,"fragment:69.0708(Isoprene_unit,11%); fragment:81.0705(Monoterpene_frag,25%); fragment:93.0706(Toluenium,9%); fragment:95.0859(Methylcyclohexenyl,38%); fragment:107.0860(Dimethylcyclohexenyl,14%); fragment:109.1015(Sesquiterpene_frag,35%); fragment:119.0857(C9H11+,13%); fragment:121.1015(Sesquiterpene_frag2,29%); fragment:123.1168(Sesquiterpene_frag3,17%); fragment:133.1011(Diterpene_frag,12%); fragment:135.1172(Diterpene_frag2,20%); fragment:149.1326(Sesterterpene_frag,12%); fragment:175.1480(C13H19+,12%)",5.0
A15_82886,Streptophyta,indval_consensus,OE23-POS,82886,477.3567,True,49,49,13,0,13,Terpenoid,Terpenoid,Medium,13 terpenoid fragments → terpenoid/isoprenoid,"fragment:69.0706(Isoprene_unit,34%); fragment:81.0704(Monoterpene_frag,29%); fragment:93.0702(Toluenium,12%); fragment:95.0860(Methylcyclohexenyl,49%); fragment:107.0862(Dimethylcyclohexenyl,13%); fragment:109.1015(Sesquiterpene_frag,45%); fragment:119.0857(C9H11+,12%); fragment:121.1014(Sesquiterpene_frag2,20%); fragment:123.1170(Sesquiterpene_frag3,26%); fragment:135.1170(Diterpene_frag2,27%); fragment:147.1166(C11H15+,12%); fragment:149.1327(Sesterterpene_frag,30%); fragment:205.1948(Steroid_C15,14%)",5.0
A15_82909,Streptophyta,indval_consensus,OE23-POS,82909,639.462515,True,58,46,5,0,5,Terpenoid,Terpenoid,Medium,5 terpenoid fragments → terpenoid/isoprenoid,"fragment:95.0859(Methylcyclohexenyl,13%); fragment:121.1010(Sesquiterpene_frag2,7%); fragment:123.1166(Sesquiterpene_frag3,7%); fragment:135.1166(Diterpene_frag2,8%); fragment:147.1166(C11H15+,5%)",5.0
A15_83017,Streptophyta,indval_consensus,OE23-POS,83017,567.420197,True,97,65,16,0,16,Terpenoid,Terpenoid,Medium,16 terpenoid fragments → terpenoid/isoprenoid,"fragment:69.0706(Isoprene_unit,13%); fragment:81.0705(Monoterpene_frag,20%); fragment:93.0703(Toluenium,28%); fragment:95.0859(Methylcyclohexenyl,25%); fragment:105.0704(Xylene_cation,12%); fragment:107.0859(Dimethylcyclohexenyl,37%); fragment:109.1015(Sesquiterpene_frag,44%); fragment:119.0856(C9H11+,50%); fragment:121.1013(Sesquiterpene_frag2,100%); fragment:123.1172(Sesquiterpene_frag3,19%); fragment:133.1010(Diterpene_frag,23%); fragment:135.1169(Diterpene_frag2,80%); fragment:147.1171(C11H15+,15%); fragment:149.1320(Sesterterpene_frag,5%); fragment:161.1327(C12H17+,9%); fragment:175.1484(C13H19+,17%)",5.0
A15_83076,Streptophyta,indval_consensus,OE23-POS,83076,816.540035,True,28,26,1,0,1,Phospholipid,PC/SM,High,Phosphocholine at 78% → PC or SM,"fragment:184.0734(Phosphocholine_C5H13NO4P,78%)",5.0
A15_83191,Streptophyta,indval_consensus,OE23-POS,83191,780.560442,True,64,33,1,0,1,Phospholipid,PC/SM,Medium,Phosphocholine at 11% → PC or SM,"fragment:184.0732(Phosphocholine_C5H13NO4P,11%)",5.0
A15_83192,Streptophyta,indval_consensus,OE23-POS,83192,807.580763,True,36,11,1,0,1,Phospholipid,PC/SM,Medium,Phosphocholine at 9% → PC or SM,"fragment:184.0740(Phosphocholine_C5H13NO4P,9%)",5.0
A15_83214,Streptophyta,indval_consensus,OE23-POS,83214,812.502821,True,23,9,1,0,1,Phospholipid,PC/SM,High,Phosphocholine at 100% → PC or SM,"fragment:184.0734(Phosphocholine_C5H13NO4P,100%)",5.0
A15_83290,Streptophyta,indval_consensus,OE23-POS,83290,811.496734,True,102,12,1,0,1,Phospholipid,PC/SM,High,Phosphocholine at 100% → PC or SM,"fragment:184.0733(Phosphocholine_C5H13NO4P,100%)",5.0
A15_83306,Streptophyta,indval_consensus,OE23-POS,83306,501.355188,True,23,17,5,0,5,Terpenoid,Terpenoid,Medium,5 terpenoid fragments → terpenoid/isoprenoid,"fragment:69.0705(Isoprene_unit,11%); fragment:81.0705(Monoterpene_frag,12%); fragment:95.0860(Methylcyclohexenyl,12%); fragment:107.0858(Dimethylcyclohexenyl,6%); fragment:109.1017(Sesquiterpene_frag,6%)",5.0
A15_83647,Streptophyta,indval_consensus,OE23-POS,83647,806.578096,True,61,17,1,0,1,Phospholipid,PC/SM,Medium,Phosphocholine at 10% → PC or SM,"fragment:184.0733(Phosphocholine_C5H13NO4P,10%)",5.0
A15_83759,Streptophyta,indval_consensus,OE23-POS,83759,763.495404,True,19,19,1,0,1,Phospholipid,PC/SM,High,Phosphocholine at 73% → PC or SM,"fragment:184.0736(Phosphocholine_C5H13NO4P,73%)",5.0
A15_83897,Streptophyta,indval_consensus,OE23-POS,83897,674.520068,True,70,7,1,0,1,Phospholipid,PC/SM,Medium,Phosphocholine at 8% → PC or SM,"fragment:184.0733(Phosphocholine_C5H13NO4P,8%)",5.0
A15_83900,Streptophyta,indval_consensus,OE23-POS,83900,527.409652,True,16,16,1,0,1,Phospholipid,PC/SM,High,Phosphocholine at 42% → PC or SM,"fragment:184.0732(Phosphocholine_C5H13NO4P,42%)",5.0
A15_83986,Streptophyta,indval_consensus,OE23-POS,83986,762.52588,True,14,14,1,0,1,Phospholipid,PC/SM,High,Phosphocholine at 56% → PC or SM,"fragment:184.0734(Phosphocholine_C5H13NO4P,56%)",5.0
A15_84037,Streptophyta,indval_consensus,OE23-POS,84037,607.291404,True,71,29,1,0,1,Phospholipid,PC/SM,Medium,Phosphocholine at 8% → PC or SM,"fragment:184.0736(Phosphocholine_C5H13NO4P,8%)",5.0
A15_8421,Streptophyta,indval_consensus,OE23-POS,8421,425.267563,True,163,80,12,0,12,Terpenoid,Terpenoid,Medium,12 terpenoid fragments → terpenoid/isoprenoid,"fragment:69.0706(Isoprene_unit,9%); fragment:81.0704(Monoterpene_frag,19%); fragment:93.0704(Toluenium,28%); fragment:95.0858(Methylcyclohexenyl,31%); fragment:105.0703(Xylene_cation,18%); fragment:107.0858(Dimethylcyclohexenyl,61%); fragment:109.1015(Sesquiterpene_frag,21%); fragment:119.0858(C9H11+,21%); fragment:121.1016(Sesquiterpene_frag2,14%); fragment:133.1012(Diterpene_frag,13%); fragment:135.1170(Diterpene_frag2,8%); fragment:147.1173(C11H15+,8%)",5.0
A15_84273,Streptophyta,indval_consensus,OE23-POS,84273,804.539495,True,234,15,1,0,1,Phospholipid,PC/SM,Medium,Phosphocholine at 18% → PC or SM,"fragment:184.0734(Phosphocholine_C5H13NO4P,18%)",5.0
A15_8445,Streptophyta,indval_consensus,OE23-POS,8445,719.444897,True,19,19,1,0,1,Phospholipid,PC/SM,High,Phosphocholine at 94% → PC or SM,"fragment:184.0732(Phosphocholine_C5H13NO4P,94%)",5.0
A15_84462,Streptophyta,indval_consensus,OE23-POS,84462,691.348122,True,26,26,6,0,6,Terpenoid,Terpenoid,Medium,6 terpenoid fragments → terpenoid/isoprenoid,"fragment:69.0707(Isoprene_unit,14%); fragment:81.0706(Monoterpene_frag,25%); fragment:95.0858(Methylcyclohexenyl,10%); fragment:107.0862(Dimethylcyclohexenyl,22%); fragment:109.1014(Sesquiterpene_frag,10%); fragment:147.1174(C11H15+,12%)",5.0
A15_84490,Chlorophyta,composite,OE23-POS,84490,950.54848,True,34,34,1,0,1,Phospholipid,PC/SM,Medium,Phosphocholine at 10% → PC or SM,"fragment:184.0739(Phosphocholine_C5H13NO4P,10%)",5.0
A15_84583,Streptophyta,indval_consensus,OE23-POS,84583,569.45633,True,111,84,15,0,15,Terpenoid,Terpenoid,Medium,15 terpenoid fragments → terpenoid/isoprenoid,"fragment:69.0708(Isoprene_unit,33%); fragment:81.0706(Monoterpene_frag,44%); fragment:93.0704(Toluenium,28%); fragment:95.0862(Methylcyclohexenyl,44%); fragment:105.0704(Xylene_cation,23%); fragment:107.0861(Dimethylcyclohexenyl,20%); fragment:109.1018(Sesquiterpene_frag,20%); fragment:119.0860(C9H11+,31%); fragment:121.1014(Sesquiterpene_frag2,26%); fragment:123.1170(Sesquiterpene_frag3,8%); fragment:133.1014(Diterpene_frag,26%); fragment:135.1170(Diterpene_frag2,14%); fragment:147.1172(C11H15+,16%); fragment:149.1325(Sesterterpene_frag,7%); fragment:161.1327(C12H17+,11%)",5.0
A15_84587,Streptophyta,indval_consensus,OE23-POS,84587,763.495499,True,36,19,1,1,2,Phospholipid,PE,High,PE headgroup + phosphocholine at 38%,"fragment:184.0733(Phosphocholine_C5H13NO4P,38%); loss:141.0191(Ethanolamine_phosphate,6%)",5.0
A15_84690,Bacillota,composite,OE23-POS,84690,413.266026,True,157,34,8,0,8,Terpenoid,Terpenoid,Medium,8 terpenoid fragments → terpenoid/isoprenoid,"fragment:69.0706(Isoprene_unit,56%); fragment:81.0704(Monoterpene_frag,21%); fragment:95.0860(Methylcyclohexenyl,20%); fragment:107.0861(Dimethylcyclohexenyl,7%); fragment:109.1015(Sesquiterpene_frag,12%); fragment:121.1013(Sesquiterpene_frag2,7%); fragment:123.1171(Sesquiterpene_frag3,7%); fragment:135.1168(Diterpene_frag2,6%)",5.0
A15_84768,Streptophyta,indval_consensus,OE23-POS,84768,687.42175,True,69,50,4,0,4,Terpenoid,Terpenoid,Low,4 terpenoid fragments → possible terpenoid/isoprenoid,"fragment:81.0706(Monoterpene_frag,19%); fragment:95.0859(Methylcyclohexenyl,12%); fragment:109.1011(Sesquiterpene_frag,10%); fragment:149.1199(Sesterterpene_frag,11%)",5.0
A15_84769,Streptophyta,indval_consensus,OE23-POS,84769,813.546674,True,42,11,1,0,1,Phospholipid,PC/SM,High,Phosphocholine at 67% → PC or SM,"fragment:184.0733(Phosphocholine_C5H13NO4P,67%)",5.0
A15_84777,Streptophyta,indval_consensus,OE23-POS,84777,702.470172,True,84,43,1,0,1,Phospholipid,PC/SM,Medium,Phosphocholine at 14% → PC or SM,"fragment:184.0732(Phosphocholine_C5H13NO4P,14%)",5.0
A15_85045,Streptophyta,indval_consensus,OE23-POS,85045,667.432143,True,172,32,6,0,6,Terpenoid,Terpenoid,Medium,6 terpenoid fragments → terpenoid/isoprenoid,"fragment:81.0705(Monoterpene_frag,12%); fragment:93.0704(Toluenium,7%); fragment:95.0861(Methylcyclohexenyl,8%); fragment:105.0703(Xylene_cation,5%); fragment:161.1326(C12H17+,8%); fragment:175.1484(C13H19+,9%)",5.0
A15_85129,Streptophyta,indval_consensus,OE23-POS,85129,788.503698,True,34,12,1,1,2,Phospholipid,PE,High,PE headgroup + phosphocholine at 100%,"fragment:184.0733(Phosphocholine_C5H13NO4P,100%); loss:141.0191(Ethanolamine_phosphate,21%)",5.0
A15_85175,Streptophyta,indval_consensus,OE23-POS,85175,766.522269,True,22,12,4,0,4,Terpenoid,Terpenoid,Low,4 terpenoid fragments → possible terpenoid/isoprenoid,"fragment:81.0705(Monoterpene_frag,7%); fragment:95.0864(Methylcyclohexenyl,6%); fragment:107.0859(Dimethylcyclohexenyl,6%); fragment:109.1017(Sesquiterpene_frag,7%)",5.0
A15_85215,Bacillota,composite,OE23-POS,85215,429.239873,True,35,35,0,1,1,Glycolipid,Glycolipid,Low,Hexose fragment/neutral loss,"loss:162.0528(Hexose_loss,15%)",5.0
A15_85305,Streptophyta,indval_consensus,OE23-POS,85305,866.530272,True,63,63,1,0,1,Phospholipid,PC/SM,High,Phosphocholine at 34% → PC or SM,"fragment:184.0734(Phosphocholine_C5H13NO4P,34%)",5.0
A15_85701,Streptophyta,indval_consensus,OE23-POS,85701,722.555387,True,72,13,1,0,1,Phospholipid,PC/SM,Medium,Phosphocholine at 5% → PC or SM,"fragment:184.0733(Phosphocholine_C5H13NO4P,5%)",5.0
A15_85741,Streptophyta,indval_consensus,OE23-POS,85741,704.484405,True,52,4,1,0,1,Phospholipid,PC/SM,High,Phosphocholine at 100% → PC or SM,"fragment:184.0733(Phosphocholine_C5H13NO4P,100%)",5.0
A15_85751,Streptophyta,indval_consensus,OE23-POS,85751,789.512133,True,19,19,1,0,1,Phospholipid,PC/SM,High,Phosphocholine at 100% → PC or SM,"fragment:184.0736(Phosphocholine_C5H13NO4P,100%)",5.0
A15_85789,Streptophyta,indval_consensus,OE23-POS,85789,567.420623,True,103,49,1,0,1,Phospholipid,PC/SM,Medium,Phosphocholine at 7% → PC or SM,"fragment:184.0737(Phosphocholine_C5H13NO4P,7%)",5.0
A15_85800,Streptophyta,indval_consensus,OE23-POS,85800,806.541942,True,40,40,1,0,1,Phospholipid,PC/SM,High,Phosphocholine at 49% → PC or SM,"fragment:184.0741(Phosphocholine_C5H13NO4P,49%)",5.0
A15_8581,Streptophyta,indval_consensus,OE23-POS,8581,601.373213,True,64,9,3,0,3,Terpenoid,Terpenoid,Low,3 terpenoid fragments → possible terpenoid/isoprenoid,"fragment:81.0706(Monoterpene_frag,7%); fragment:95.0861(Methylcyclohexenyl,6%); fragment:109.1015(Sesquiterpene_frag,6%)",5.0
A15_85869,Streptophyta,indval_consensus,OE23-POS,85869,787.496295,True,106,9,1,0,1,Phospholipid,PC/SM,Medium,Phosphocholine at 7% → PC or SM,"fragment:184.0734(Phosphocholine_C5H13NO4P,7%)",5.0
A15_85888,Streptophyta,indval_consensus,OE23-POS,85888,816.540012,True,69,24,1,0,1,Phospholipid,PC/SM,High,Phosphocholine at 100% → PC or SM,"fragment:184.0734(Phosphocholine_C5H13NO4P,100%)",5.0
A15_85919,Streptophyta,indval_consensus,OE23-POS,85919,625.445755,True,30,30,1,0,1,Quinone,Ubiquinone,Medium,Ubiquinone headgroup fragment,"fragment:197.0806(Ubiquinone_headgroup,100%)",5.0
A15_86075,Streptophyta,indval_consensus,OE23-POS,86075,507.40384,True,54,54,12,0,12,Terpenoid,Terpenoid,Medium,12 terpenoid fragments → terpenoid/isoprenoid,"fragment:69.0705(Isoprene_unit,30%); fragment:81.0704(Monoterpene_frag,94%); fragment:93.0703(Toluenium,48%); fragment:95.0861(Methylcyclohexenyl,100%); fragment:105.0704(Xylene_cation,15%); fragment:107.0860(Dimethylcyclohexenyl,29%); fragment:109.1015(Sesquiterpene_frag,45%); fragment:121.1015(Sesquiterpene_frag2,38%); fragment:123.1174(Sesquiterpene_frag3,23%); fragment:133.1012(Diterpene_frag,18%); fragment:135.1168(Diterpene_frag2,26%); fragment:149.1323(Sesterterpene_frag,35%)",5.0
A15_86264,Streptophyta,indval_consensus,OE23-POS,86264,483.381412,True,71,66,2,0,2,Sterol,Sterol,Medium,Sterol dehydration fragments,"fragment:395.3688(Stigmasterol_-H2O,12%); fragment:395.3688(Diplopterol,12%)",5.0
A15_86297,Streptophyta,indval_consensus,OE23-POS,86297,811.496863,True,103,18,1,0,1,Phospholipid,PC/SM,High,Phosphocholine at 21% → PC or SM,"fragment:184.0733(Phosphocholine_C5H13NO4P,21%)",5.0
A15_8634,Streptophyta,indval_consensus,OE23-POS,8634,614.390438,True,69,30,11,0,11,Terpenoid,Terpenoid,Medium,11 terpenoid fragments → terpenoid/isoprenoid,"fragment:69.0705(Isoprene_unit,7%); fragment:81.0705(Monoterpene_frag,17%); fragment:93.0703(Toluenium,16%); fragment:95.0862(Methylcyclohexenyl,14%); fragment:105.0704(Xylene_cation,7%); fragment:107.0859(Dimethylcyclohexenyl,18%); fragment:109.1015(Sesquiterpene_frag,8%); fragment:119.0858(C9H11+,10%); fragment:121.1017(Sesquiterpene_frag2,6%); fragment:133.1014(Diterpene_frag,9%); fragment:147.1173(C11H15+,6%)",5.0
A15_86447,Streptophyta,indval_consensus,OE23-POS,86447,763.496137,True,17,17,1,0,1,Phospholipid,PC/SM,High,Phosphocholine at 100% → PC or SM,"fragment:184.0735(Phosphocholine_C5H13NO4P,100%)",5.0
A15_86455,Streptophyta,indval_consensus,OE23-POS,86455,829.505633,True,58,24,1,0,1,Phospholipid,PC/SM,Medium,Phosphocholine at 15% → PC or SM,"fragment:184.0734(Phosphocholine_C5H13NO4P,15%)",5.0
A15_86511,Streptophyta,indval_consensus,OE23-POS,86511,706.524948,True,31,8,1,0,1,Phospholipid,PC/SM,Medium,Phosphocholine at 7% → PC or SM,"fragment:184.0733(Phosphocholine_C5H13NO4P,7%)",5.0
A15_86649,Streptophyta,indval_consensus,OE23-POS,86649,746.53292,True,50,7,1,0,1,Phospholipid,PC/SM,High,Phosphocholine at 100% → PC or SM,"fragment:184.0733(Phosphocholine_C5H13NO4P,100%)",5.0
A15_86666,Streptophyta,indval_consensus,OE23-POS,86666,665.518069,True,59,28,7,0,7,Terpenoid,Terpenoid,Medium,7 terpenoid fragments → terpenoid/isoprenoid,"fragment:93.0703(Toluenium,8%); fragment:95.0860(Methylcyclohexenyl,9%); fragment:105.0702(Xylene_cation,6%); fragment:107.0858(Dimethylcyclohexenyl,7%); fragment:121.1015(Sesquiterpene_frag2,6%); fragment:133.1011(Diterpene_frag,5%); fragment:161.1326(C12H17+,8%)",5.0
A15_86680,Streptophyta,indval_consensus,OE23-POS,86680,498.415151,True,55,55,12,0,12,Terpenoid,Terpenoid,Medium,12 terpenoid fragments → terpenoid/isoprenoid,"fragment:69.0705(Isoprene_unit,18%); fragment:81.0704(Monoterpene_frag,28%); fragment:95.0860(Methylcyclohexenyl,31%); fragment:107.0858(Dimethylcyclohexenyl,7%); fragment:109.1015(Sesquiterpene_frag,26%); fragment:121.1012(Sesquiterpene_frag2,19%); fragment:123.1168(Sesquiterpene_frag3,17%); fragment:135.1170(Diterpene_frag2,23%); fragment:147.1170(C11H15+,21%); fragment:149.1325(Sesterterpene_frag,29%); fragment:161.1325(C12H17+,12%); fragment:189.1626(Hopane_C14,7%)",5.0
A15_86699,Chlorophyta,composite,OE23-POS,86699,487.358381,True,74,47,1,0,1,Betaine_Lipid,DGTS,Medium,DGTS headgroup fragment,"fragment:236.1489(DGTS_headgroup,67%)",5.0
A15_86981,Streptophyta,indval_consensus,OE23-POS,86981,722.494774,True,92,65,1,1,2,Phospholipid,PC/SM,Medium,Phosphocholine at 10% → PC or SM,"fragment:184.0740(Phosphocholine_C5H13NO4P,10%); loss:162.0528(Hexose_loss,11%)",5.0
A15_87056,Streptophyta,indval_consensus,OE23-POS,87056,804.53891,True,41,10,1,0,1,Phospholipid,PC/SM,High,Phosphocholine at 100% → PC or SM,"fragment:184.0733(Phosphocholine_C5H13NO4P,100%)",5.0
A15_87120,Streptophyta,indval_consensus,OE23-POS,87120,782.537017,True,38,34,1,0,1,Phospholipid,PC/SM,High,Phosphocholine at 100% → PC or SM,"fragment:184.0734(Phosphocholine_C5H13NO4P,100%)",5.0
A15_8716,Chlorophyta,composite,OE23-POS,8716,507.255883,True,114,15,1,0,1,Pentacyclic_Triterpenoid,Hopanoid,Low,Hopanoid diagnostic fragments,"fragment:191.1793(Hopane_skeleton,6%)",5.0
A15_87187,Streptophyta,indval_consensus,OE23-POS,87187,712.53567,True,28,28,5,0,5,Terpenoid,Terpenoid,Medium,5 terpenoid fragments → terpenoid/isoprenoid,"fragment:69.0540(Isoprene_unit,6%); fragment:107.0862(Dimethylcyclohexenyl,9%); fragment:109.1016(Sesquiterpene_frag,11%); fragment:123.1164(Sesquiterpene_frag3,6%); fragment:135.1169(Diterpene_frag2,9%)",5.0
A15_87250,Streptophyta,indval_consensus,OE23-POS,87250,856.569544,True,42,42,1,0,1,Phospholipid,PC/SM,High,Phosphocholine at 100% → PC or SM,"fragment:184.0736(Phosphocholine_C5H13NO4P,100%)",5.0
A15_87302,Streptophyta,indval_consensus,OE23-POS,87302,762.525717,True,21,5,1,0,1,Phospholipid,PC/SM,High,Phosphocholine at 32% → PC or SM,"fragment:184.0733(Phosphocholine_C5H13NO4P,32%)",5.0
A15_87314,Streptophyta,indval_consensus,OE23-POS,87314,800.546062,True,102,59,1,0,1,Phospholipid,PC/SM,High,Phosphocholine at 100% → PC or SM,"fragment:184.0734(Phosphocholine_C5H13NO4P,100%)",5.0
A15_87575,Streptophyta,indval_consensus,OE23-POS,87575,811.496664,True,56,10,1,0,1,Phospholipid,PC/SM,High,Phosphocholine at 52% → PC or SM,"fragment:184.0732(Phosphocholine_C5H13NO4P,52%)",5.0
A15_87642,Streptophyta,indval_consensus,OE23-POS,87642,431.351295,True,64,6,3,0,3,Terpenoid,Terpenoid,Low,3 terpenoid fragments → possible terpenoid/isoprenoid,"fragment:69.0705(Isoprene_unit,8%); fragment:81.0705(Monoterpene_frag,5%); fragment:95.0860(Methylcyclohexenyl,5%)",5.0
A15_87768,Streptophyta,indval_consensus,OE23-POS,87768,787.4971,True,41,39,1,0,1,Phospholipid,PC/SM,High,Phosphocholine at 100% → PC or SM,"fragment:184.0732(Phosphocholine_C5H13NO4P,100%)",5.0
A15_87849,Streptophyta,indval_consensus,OE23-POS,87849,555.440081,True,24,24,1,0,1,Phospholipid,PC/SM,High,Phosphocholine at 100% → PC or SM,"fragment:184.0736(Phosphocholine_C5H13NO4P,100%)",5.0
A15_87920,Streptophyta,indval_consensus,OE23-POS,87920,747.501733,True,35,11,1,0,1,Phospholipid,PC/SM,Medium,Phosphocholine at 12% → PC or SM,"fragment:184.0735(Phosphocholine_C5H13NO4P,12%)",5.0
A15_87930,Streptophyta,indval_consensus,OE23-POS,87930,671.427571,True,71,56,8,0,8,Terpenoid,Terpenoid,Medium,8 terpenoid fragments → terpenoid/isoprenoid,"fragment:69.0706(Isoprene_unit,11%); fragment:81.0705(Monoterpene_frag,17%); fragment:93.0704(Toluenium,7%); fragment:95.0859(Methylcyclohexenyl,13%); fragment:107.0861(Dimethylcyclohexenyl,11%); fragment:109.1017(Sesquiterpene_frag,7%); fragment:119.0857(C9H11+,7%); fragment:121.1018(Sesquiterpene_frag2,7%)",5.0
A15_88092,Streptophyta,indval_consensus,OE23-POS,88092,704.484544,True,36,36,1,0,1,Phospholipid,PC/SM,High,Phosphocholine at 100% → PC or SM,"fragment:184.0730(Phosphocholine_C5H13NO4P,100%)",5.0
A15_88210,Streptophyta,indval_consensus,OE23-POS,88210,782.537113,True,17,17,1,0,1,Phospholipid,PC/SM,High,Phosphocholine at 100% → PC or SM,"fragment:184.0734(Phosphocholine_C5H13NO4P,100%)",5.0
A15_88408,Streptophyta,indval_consensus,OE23-POS,88408,806.542426,True,72,25,1,0,1,Phospholipid,PC/SM,High,Phosphocholine at 57% → PC or SM,"fragment:184.0733(Phosphocholine_C5H13NO4P,57%)",5.0
A15_88443,Streptophyta,indval_consensus,OE23-POS,88443,778.582402,True,76,30,1,0,1,Phospholipid,PC/SM,Medium,Phosphocholine at 5% → PC or SM,"fragment:184.0733(Phosphocholine_C5H13NO4P,5%)",5.0
A15_88551,Streptophyta,indval_consensus,OE23-POS,88551,791.521881,True,24,16,1,0,1,Phospholipid,PC/SM,High,Phosphocholine at 100% → PC or SM,"fragment:184.0732(Phosphocholine_C5H13NO4P,100%)",5.0
A15_88852,Streptophyta,indval_consensus,OE23-POS,88852,1014.632622,True,62,62,8,0,8,Terpenoid,Terpenoid,Medium,8 terpenoid fragments → terpenoid/isoprenoid,"fragment:81.0705(Monoterpene_frag,22%); fragment:93.0705(Toluenium,13%); fragment:95.0862(Methylcyclohexenyl,17%); fragment:107.0859(Dimethylcyclohexenyl,15%); fragment:109.1016(Sesquiterpene_frag,11%); fragment:121.1010(Sesquiterpene_frag2,14%); fragment:133.1017(Diterpene_frag,11%); fragment:135.1171(Diterpene_frag2,15%)",5.0
A15_8888,Streptophyta,indval_consensus,OE23-POS,8888,247.168795,True,78,50,13,0,13,Terpenoid,Terpenoid,Medium,13 terpenoid fragments → terpenoid/isoprenoid,"fragment:69.0706(Isoprene_unit,51%); fragment:81.0705(Monoterpene_frag,25%); fragment:93.0705(Toluenium,24%); fragment:95.0860(Methylcyclohexenyl,21%); fragment:105.0705(Xylene_cation,19%); fragment:107.0860(Dimethylcyclohexenyl,27%); fragment:109.1016(Sesquiterpene_frag,19%); fragment:119.0858(C9H11+,18%); fragment:121.1015(Sesquiterpene_frag2,19%); fragment:133.1011(Diterpene_frag,9%); fragment:135.1169(Diterpene_frag2,8%); fragment:147.1169(C11H15+,9%); fragment:161.1322(C12H17+,19%)",5.0
A15_88888,Streptophyta,indval_consensus,OE23-POS,88888,693.452562,True,62,62,1,0,1,Phospholipid,PC/SM,Medium,Phosphocholine at 20% → PC or SM,"fragment:184.0731(Phosphocholine_C5H13NO4P,20%)",5.0
A15_88889,Streptophyta,indval_consensus,OE23-POS,88889,275.200344,True,30,30,9,0,9,Terpenoid,Terpenoid,Medium,9 terpenoid fragments → terpenoid/isoprenoid,"fragment:69.0705(Isoprene_unit,50%); fragment:81.0705(Monoterpene_frag,97%); fragment:95.0860(Methylcyclohexenyl,71%); fragment:105.0703(Xylene_cation,76%); fragment:109.1015(Sesquiterpene_frag,53%); fragment:119.0855(C9H11+,53%); fragment:121.1017(Sesquiterpene_frag2,70%); fragment:133.1012(Diterpene_frag,45%); fragment:147.1165(C11H15+,45%)",5.0
A15_88987,Streptophyta,indval_consensus,OE23-POS,88987,603.461773,True,40,40,1,0,1,Phospholipid,PC/SM,High,Phosphocholine at 91% → PC or SM,"fragment:184.0731(Phosphocholine_C5H13NO4P,91%)",5.0
A15_89009,Streptophyta,indval_consensus,OE23-POS,89009,546.435944,True,56,56,13,0,13,Terpenoid,Terpenoid,Medium,13 terpenoid fragments → terpenoid/isoprenoid,"fragment:69.0705(Isoprene_unit,10%); fragment:81.0705(Monoterpene_frag,25%); fragment:93.0704(Toluenium,17%); fragment:95.0861(Methylcyclohexenyl,25%); fragment:107.0861(Dimethylcyclohexenyl,14%); fragment:109.1017(Sesquiterpene_frag,16%); fragment:119.0860(C9H11+,6%); fragment:121.1010(Sesquiterpene_frag2,10%); fragment:123.1171(Sesquiterpene_frag3,7%); fragment:133.1013(Diterpene_frag,12%); fragment:135.1171(Diterpene_frag2,9%); fragment:147.1172(C11H15+,7%); fragment:149.1332(Sesterterpene_frag,6%)",5.0
A15_89143,Streptophyta,indval_consensus,OE23-POS,89143,770.531897,True,17,10,1,0,1,Phospholipid,PC/SM,High,Phosphocholine at 100% → PC or SM,"fragment:184.0734(Phosphocholine_C5H13NO4P,100%)",5.0
A15_89151,Streptophyta,indval_consensus,OE23-POS,89151,787.497023,True,51,11,1,0,1,Phospholipid,PC/SM,High,Phosphocholine at 57% → PC or SM,"fragment:184.0732(Phosphocholine_C5H13NO4P,57%)",5.0
A15_89156,Streptophyta,indval_consensus,OE23-POS,89156,789.51075,True,29,11,1,0,1,Phospholipid,PC/SM,High,Phosphocholine at 75% → PC or SM,"fragment:184.0734(Phosphocholine_C5H13NO4P,75%)",5.0
A15_89178,Chlorophyta,composite,OE23-POS,89178,391.263093,True,57,54,11,0,11,Terpenoid,Terpenoid,Medium,11 terpenoid fragments → terpenoid/isoprenoid,"fragment:69.0706(Isoprene_unit,19%); fragment:81.0704(Monoterpene_frag,30%); fragment:93.0701(Toluenium,7%); fragment:95.0860(Methylcyclohexenyl,17%); fragment:105.0704(Xylene_cation,13%); fragment:107.0860(Dimethylcyclohexenyl,9%); fragment:109.1014(Sesquiterpene_frag,11%); fragment:119.0857(C9H11+,14%); fragment:121.1015(Sesquiterpene_frag2,15%); fragment:123.1170(Sesquiterpene_frag3,47%); fragment:133.1012(Diterpene_frag,13%)",5.0
A15_89530,Streptophyta,indval_consensus,OE23-POS,89530,431.351308,True,30,7,4,0,4,Terpenoid,Terpenoid,Low,4 terpenoid fragments → possible terpenoid/isoprenoid,"fragment:69.0707(Isoprene_unit,7%); fragment:81.0704(Monoterpene_frag,7%); fragment:95.0861(Methylcyclohexenyl,6%); fragment:109.1015(Sesquiterpene_frag,8%)",5.0
A15_89591,Streptophyta,indval_consensus,OE23-POS,89591,704.484335,True,21,21,1,0,1,Phospholipid,PC/SM,High,Phosphocholine at 100% → PC or SM,"fragment:184.0734(Phosphocholine_C5H13NO4P,100%)",5.0
A15_89614,Streptophyta,indval_consensus,OE23-POS,89614,810.569664,True,17,17,1,0,1,Phospholipid,PC/SM,Medium,Phosphocholine at 9% → PC or SM,"fragment:184.0734(Phosphocholine_C5H13NO4P,9%)",5.0
A15_89783,Streptophyta,indval_consensus,OE23-POS,89783,684.539125,True,83,32,4,0,4,Terpenoid,Terpenoid,Low,4 terpenoid fragments → possible terpenoid/isoprenoid,"fragment:95.0861(Methylcyclohexenyl,7%); fragment:107.0861(Dimethylcyclohexenyl,7%); fragment:121.1013(Sesquiterpene_frag2,5%); fragment:161.1329(C12H17+,7%)",5.0
A15_89968,Streptophyta,indval_consensus,OE23-POS,89968,501.355403,True,45,24,1,0,1,Phospholipid,PC/SM,Medium,Phosphocholine at 11% → PC or SM,"fragment:184.0735(Phosphocholine_C5H13NO4P,11%)",5.0
A15_90184,Streptophyta,indval_consensus,OE23-POS,90184,813.511118,True,33,11,1,0,1,Phospholipid,PC/SM,High,Phosphocholine at 80% → PC or SM,"fragment:184.0732(Phosphocholine_C5H13NO4P,80%)",5.0
A15_90495,Chlorophyta,composite,OE23-POS,90495,734.4833,True,79,18,1,0,1,Phospholipid,PC/SM,Medium,Phosphocholine at 9% → PC or SM,"fragment:184.0737(Phosphocholine_C5H13NO4P,9%)",5.0
A15_90502,Chlorophyta,composite,OE23-POS,90502,812.56532,True,38,14,0,1,1,Phospholipid,PS,Medium,Serine neutral loss,"loss:87.0320(Serine,5%)",5.0
A15_90658,Streptophyta,indval_consensus,OE23-POS,90658,747.501427,True,57,22,1,1,2,Phospholipid,PC/SM,High,Phosphocholine at 55% → PC or SM,"fragment:184.0734(Phosphocholine_C5H13NO4P,55%); loss:162.0528(Hexose_loss,9%)",5.0
A15_90665,Streptophyta,indval_consensus,OE23-POS,90665,789.510606,True,18,18,1,0,1,Phospholipid,PC/SM,High,Phosphocholine at 87% → PC or SM,"fragment:184.0725(Phosphocholine_C5H13NO4P,87%)",5.0
A15_90686,Chlorophyta,composite,OE23-POS,90686,645.450854,True,50,14,1,0,1,Quinone,Ubiquinone,Medium,Ubiquinone headgroup fragment,"fragment:197.0812(Ubiquinone_headgroup,10%)",5.0
A15_90962,Streptophyta,indval_consensus,OE23-POS,90962,619.436259,True,50,50,10,0,10,Terpenoid,Terpenoid,Medium,10 terpenoid fragments → terpenoid/isoprenoid,"fragment:69.0709(Isoprene_unit,11%); fragment:81.0704(Monoterpene_frag,42%); fragment:93.0708(Toluenium,13%); fragment:95.0864(Methylcyclohexenyl,30%); fragment:107.0860(Dimethylcyclohexenyl,18%); fragment:109.1019(Sesquiterpene_frag,27%); fragment:121.1019(Sesquiterpene_frag2,29%); fragment:135.1178(Diterpene_frag2,25%); fragment:149.1329(Sesterterpene_frag,11%); fragment:175.1487(C13H19+,9%)",5.0
A15_90972,Streptophyta,indval_consensus,OE23-POS,90972,884.54879,True,121,48,8,0,8,Terpenoid,Terpenoid,Medium,8 terpenoid fragments → terpenoid/isoprenoid,"fragment:81.0706(Monoterpene_frag,9%); fragment:93.0704(Toluenium,8%); fragment:95.0862(Methylcyclohexenyl,8%); fragment:107.0858(Dimethylcyclohexenyl,9%); fragment:121.1015(Sesquiterpene_frag2,7%); fragment:135.1168(Diterpene_frag2,5%); fragment:147.1166(C11H15+,6%); fragment:161.1327(C12H17+,5%)",5.0
A15_91110,Streptophyta,indval_consensus,OE23-POS,91110,789.510739,True,54,14,1,0,1,Phospholipid,PC/SM,High,Phosphocholine at 68% → PC or SM,"fragment:184.0733(Phosphocholine_C5H13NO4P,68%)",5.0
A15_91120,Streptophyta,indval_consensus,OE23-POS,91120,427.356785,True,26,26,5,0,5,Terpenoid,Terpenoid,Medium,5 terpenoid fragments → terpenoid/isoprenoid,"fragment:69.0707(Isoprene_unit,23%); fragment:81.0704(Monoterpene_frag,16%); fragment:95.0860(Methylcyclohexenyl,17%); fragment:109.1015(Sesquiterpene_frag,18%); fragment:149.1318(Sesterterpene_frag,9%)",5.0
A15_91233,Mollusca,composite,OE23-POS,91233,385.346857,True,91,53,1,0,1,Pentacyclic_Triterpenoid,Hopanoid,Low,Hopanoid diagnostic fragments,"fragment:191.1802(Hopane_skeleton,6%)",5.0
A15_91289,Streptophyta,indval_consensus,OE23-POS,91289,724.512271,True,107,16,1,0,1,Phospholipid,PC/SM,Medium,Phosphocholine at 7% → PC or SM,"fragment:184.0734(Phosphocholine_C5H13NO4P,7%)",5.0
A15_91376,Streptophyta,indval_consensus,OE23-POS,91376,772.512216,True,37,15,1,0,1,Phospholipid,PC/SM,High,Phosphocholine at 100% → PC or SM,"fragment:184.0734(Phosphocholine_C5H13NO4P,100%)",5.0
A15_91474,Streptophyta,indval_consensus,OE23-POS,91474,688.49935,True,72,59,7,0,7,Terpenoid,Terpenoid,Medium,7 terpenoid fragments → terpenoid/isoprenoid,"fragment:81.0706(Monoterpene_frag,24%); fragment:93.0706(Toluenium,12%); fragment:95.0861(Methylcyclohexenyl,22%); fragment:105.0702(Xylene_cation,10%); fragment:109.1014(Sesquiterpene_frag,24%); fragment:121.1015(Sesquiterpene_frag2,10%); fragment:135.1174(Diterpene_frag2,17%)",5.0
A15_91524,Streptophyta,indval_consensus,OE23-POS,91524,757.522609,True,26,26,1,0,1,Glycolipid,Glycolipid,Low,Hexose fragment/neutral loss,"fragment:225.0713(Hexose-H2O,77%)",5.0
A15_91636,Streptophyta,indval_consensus,OE23-POS,91636,826.563849,True,90,90,2,0,2,Phospholipid,PC/SM,High,Phosphocholine at 26% → PC or SM,"fragment:184.0741(Phosphocholine_C5H13NO4P,26%); fragment:243.0701(Hexose_fragment,20%)",5.0
A15_91669,Streptophyta,indval_consensus,OE23-POS,91669,808.592815,True,55,33,1,0,1,Phospholipid,PC/SM,Medium,Phosphocholine at 9% → PC or SM,"fragment:184.0733(Phosphocholine_C5H13NO4P,9%)",5.0
A15_91702,Streptophyta,indval_consensus,OE23-POS,91702,403.356504,True,87,60,1,0,1,Pentacyclic_Triterpenoid,Hopanoid,Low,Hopanoid diagnostic fragments,"fragment:191.1796(Hopane_skeleton,11%)",5.0
A15_91809,Chlorophyta,composite,OE23-POS,91809,584.438811,True,94,85,17,0,17,Terpenoid,Terpenoid,Medium,17 terpenoid fragments → terpenoid/isoprenoid,"fragment:81.0705(Monoterpene_frag,39%); fragment:93.0703(Toluenium,24%); fragment:95.0860(Methylcyclohexenyl,48%); fragment:105.0704(Xylene_cation,18%); fragment:107.0861(Dimethylcyclohexenyl,26%); fragment:109.1014(Sesquiterpene_frag,68%); fragment:119.0855(C9H11+,32%); fragment:121.1015(Sesquiterpene_frag2,37%); fragment:123.1171(Sesquiterpene_frag3,14%); fragment:133.1012(Diterpene_frag,24%); fragment:135.1167(Diterpene_frag2,13%); fragment:147.1165(C11H15+,29%); fragment:149.1325(Sesterterpene_frag,15%); fragment:161.1326(C12H17+,11%); fragment:175.1477(C13H19+,14%); fragment:189.1637(Hopane_C14,14%); fragment:203.1792(Triterpene_C15,11%)",5.0
A15_91923,Streptophyta,indval_consensus,OE23-POS,91923,738.551827,True,151,28,6,0,6,Terpenoid,Terpenoid,Medium,6 terpenoid fragments → terpenoid/isoprenoid,"fragment:109.1016(Sesquiterpene_frag,7%); fragment:121.1015(Sesquiterpene_frag2,6%); fragment:133.1013(Diterpene_frag,6%); fragment:135.1168(Diterpene_frag2,11%); fragment:147.1168(C11H15+,8%); fragment:149.1325(Sesterterpene_frag,9%)",5.0
A15_91938,Streptophyta,indval_consensus,OE23-POS,91938,848.520527,True,67,51,1,0,1,Phospholipid,PC/SM,Medium,Phosphocholine at 10% → PC or SM,"fragment:184.0737(Phosphocholine_C5H13NO4P,10%)",5.0
A15_9209,Streptophyta,indval_consensus,OE23-POS,9209,277.179471,True,61,30,0,2,2,Sphingolipid,Ceramide,Medium,Sphingoid base fragments,"loss:180.0634(Hexose+H2O_loss,8%); loss:180.0634(Hexose_ceramide,8%)",5.0
A15_92133,Chlorophyta,composite,OE23-POS,92133,841.602612,True,32,32,1,0,1,Phospholipid,PC/SM,High,Phosphocholine at 100% → PC or SM,"fragment:184.0731(Phosphocholine_C5H13NO4P,100%)",5.0
A15_92489,Streptophyta,indval_consensus,OE23-POS,92489,787.496113,True,114,54,1,0,1,Phospholipid,PC/SM,High,Phosphocholine at 47% → PC or SM,"fragment:184.0734(Phosphocholine_C5H13NO4P,47%)",5.0
A15_92763,Streptophyta,indval_consensus,OE23-POS,92763,734.520026,True,61,12,4,0,4,Terpenoid,Terpenoid,Low,4 terpenoid fragments → possible terpenoid/isoprenoid,"fragment:121.1015(Sesquiterpene_frag2,6%); fragment:133.1013(Diterpene_frag,6%); fragment:135.1170(Diterpene_frag2,8%); fragment:149.1327(Sesterterpene_frag,5%)",5.0
A15_93044,Streptophyta,indval_consensus,OE23-POS,93044,697.468219,True,18,18,1,0,1,Quinone,Ubiquinone,Medium,Ubiquinone headgroup fragment,"fragment:197.0808(Ubiquinone_headgroup,100%)",5.0
A15_93085,Streptophyta,indval_consensus,OE23-POS,93085,603.481425,True,90,33,10,0,10,Terpenoid,Terpenoid,Medium,10 terpenoid fragments → terpenoid/isoprenoid,"fragment:93.0705(Toluenium,8%); fragment:95.0859(Methylcyclohexenyl,11%); fragment:107.0861(Dimethylcyclohexenyl,9%); fragment:109.1014(Sesquiterpene_frag,13%); fragment:119.0859(C9H11+,13%); fragment:121.1015(Sesquiterpene_frag2,12%); fragment:123.1170(Sesquiterpene_frag3,7%); fragment:133.1012(Diterpene_frag,11%); fragment:135.1169(Diterpene_frag2,7%); fragment:147.1170(C11H15+,5%)",5.0
A15_93158,Streptophyta,indval_consensus,OE23-POS,93158,808.55577,True,108,47,1,0,1,Phospholipid,PC/SM,Medium,Phosphocholine at 8% → PC or SM,"fragment:184.0734(Phosphocholine_C5H13NO4P,8%)",5.0
A15_93273,Streptophyta,indval_consensus,OE23-POS,93273,704.484242,True,62,25,3,0,3,Terpenoid,Terpenoid,Low,3 terpenoid fragments → possible terpenoid/isoprenoid,"fragment:81.0706(Monoterpene_frag,13%); fragment:135.1165(Diterpene_frag2,5%); fragment:161.1325(C12H17+,8%)",5.0
A15_9342,Arthropoda,composite,OE23-POS,9342,383.32841,True,109,49,12,0,12,Terpenoid,Terpenoid,Medium,12 terpenoid fragments → terpenoid/isoprenoid,"fragment:69.0706(Isoprene_unit,23%); fragment:81.0704(Monoterpene_frag,22%); fragment:93.0705(Toluenium,8%); fragment:95.0861(Methylcyclohexenyl,18%); fragment:105.0702(Xylene_cation,8%); fragment:107.0859(Dimethylcyclohexenyl,5%); fragment:109.1016(Sesquiterpene_frag,13%); fragment:121.1015(Sesquiterpene_frag2,9%); fragment:123.1170(Sesquiterpene_frag3,9%); fragment:135.1169(Diterpene_frag2,9%); fragment:147.1135(C11H15+,8%); fragment:149.1327(Sesterterpene_frag,7%)",5.0
A15_93487,Streptophyta,indval_consensus,OE23-POS,93487,860.541813,True,75,25,1,0,1,Phospholipid,PC/SM,High,Phosphocholine at 100% → PC or SM,"fragment:184.0733(Phosphocholine_C5H13NO4P,100%)",5.0
A15_93522,Streptophyta,indval_consensus,OE23-POS,93522,721.484332,True,34,20,1,0,1,Phospholipid,PC/SM,Medium,Phosphocholine at 16% → PC or SM,"fragment:184.0731(Phosphocholine_C5H13NO4P,16%)",5.0
A15_93530,Bacillota,composite,OE23-POS,93530,690.470215,True,37,3,1,0,1,Phospholipid,PC/SM,High,Phosphocholine at 100% → PC or SM,"fragment:184.0733(Phosphocholine_C5H13NO4P,100%)",5.0
A15_93702,Streptophyta,indval_consensus,OE23-POS,93702,275.200286,True,73,45,14,0,14,Terpenoid,Terpenoid,Medium,14 terpenoid fragments → terpenoid/isoprenoid,"fragment:69.0705(Isoprene_unit,34%); fragment:81.0704(Monoterpene_frag,43%); fragment:93.0703(Toluenium,34%); fragment:95.0859(Methylcyclohexenyl,29%); fragment:105.0702(Xylene_cation,100%); fragment:107.0859(Dimethylcyclohexenyl,40%); fragment:109.1018(Sesquiterpene_frag,14%); fragment:119.0857(C9H11+,63%); fragment:121.1015(Sesquiterpene_frag2,11%); fragment:123.1173(Sesquiterpene_frag3,5%); fragment:133.1012(Diterpene_frag,84%); fragment:135.1172(Diterpene_frag2,13%); fragment:147.1167(C11H15+,65%); fragment:161.1330(C12H17+,6%)",5.0
A15_93762,Streptophyta,indval_consensus,OE23-POS,93762,259.205234,True,73,13,4,0,4,Terpenoid,Terpenoid,Low,4 terpenoid fragments → possible terpenoid/isoprenoid,"fragment:69.0705(Isoprene_unit,9%); fragment:81.0704(Monoterpene_frag,90%); fragment:95.0859(Methylcyclohexenyl,100%); fragment:109.1014(Sesquiterpene_frag,10%)",5.0
A15_93877,Chlorophyta,composite,OE23-POS,93877,794.554814,True,22,22,3,0,3,Terpenoid,Terpenoid,Low,3 terpenoid fragments → possible terpenoid/isoprenoid,"fragment:81.0705(Monoterpene_frag,10%); fragment:93.0705(Toluenium,9%); fragment:135.1171(Diterpene_frag2,8%)",5.0
A15_94034,Streptophyta,indval_consensus,OE23-POS,94034,738.551552,True,165,21,6,0,6,Terpenoid,Terpenoid,Medium,6 terpenoid fragments → terpenoid/isoprenoid,"fragment:109.1015(Sesquiterpene_frag,6%); fragment:121.1014(Sesquiterpene_frag2,7%); fragment:133.1011(Diterpene_frag,8%); fragment:135.1170(Diterpene_frag2,9%); fragment:147.1169(C11H15+,7%); fragment:149.1322(Sesterterpene_frag,6%)",5.0
A15_9412,Streptophyta,indval_consensus,OE23-POS,9412,243.21031,True,99,94,1,0,1,Phospholipid,PI,Medium,Glycerophosphoinositol diagnostic ion,"fragment:241.0361(Glycerophosphoinositol,6%)",5.0
A15_94319,Streptophyta,indval_consensus,OE23-POS,94319,669.447345,True,169,20,4,0,4,Terpenoid,Terpenoid,Low,4 terpenoid fragments → possible terpenoid/isoprenoid,"fragment:81.0704(Monoterpene_frag,6%); fragment:147.1167(C11H15+,7%); fragment:161.1326(C12H17+,12%); fragment:175.1485(C13H19+,7%)",5.0
A15_94352,Streptophyta,indval_consensus,OE23-POS,94352,818.558051,True,40,38,1,0,1,Phospholipid,PC/SM,High,Phosphocholine at 100% → PC or SM,"fragment:184.0733(Phosphocholine_C5H13NO4P,100%)",5.0
A15_9448,Streptophyta,indval_consensus,OE23-POS,9448,694.399548,True,632,20,5,0,5,Terpenoid,Terpenoid,Medium,5 terpenoid fragments → terpenoid/isoprenoid,"fragment:81.0705(Monoterpene_frag,6%); fragment:93.0552(Toluenium,8%); fragment:95.0861(Methylcyclohexenyl,7%); fragment:109.1017(Sesquiterpene_frag,9%); fragment:123.1172(Sesquiterpene_frag3,5%)",5.0
A15_9468,Streptophyta,indval_consensus,OE23-POS,9468,665.441144,True,152,70,12,0,12,Terpenoid,Terpenoid,Medium,12 terpenoid fragments → terpenoid/isoprenoid,"fragment:81.0705(Monoterpene_frag,5%); fragment:93.0706(Toluenium,10%); fragment:95.0861(Methylcyclohexenyl,11%); fragment:105.0701(Xylene_cation,7%); fragment:107.0860(Dimethylcyclohexenyl,9%); fragment:109.1016(Sesquiterpene_frag,15%); fragment:119.0859(C9H11+,15%); fragment:121.1015(Sesquiterpene_frag2,24%); fragment:123.1173(Sesquiterpene_frag3,8%); fragment:133.1014(Diterpene_frag,17%); fragment:135.1172(Diterpene_frag2,7%); fragment:147.1173(C11H15+,6%)",5.0
A15_94753,Arthropoda,composite,OE23-POS,94753,572.33305,True,55,27,0,1,1,Phospholipid,PE,Medium,PE-specific ions without phosphocholine,"loss:141.0191(Ethanolamine_phosphate,7%)",5.0
A15_94921,Streptophyta,indval_consensus,OE23-POS,94921,667.433091,True,48,43,1,0,1,Phospholipid,PC/SM,Medium,Phosphocholine at 18% → PC or SM,"fragment:184.0733(Phosphocholine_C5H13NO4P,18%)",5.0
A15_94955,Streptophyta,indval_consensus,OE23-POS,94955,704.484052,True,9,8,1,0,1,Phospholipid,PC/SM,High,Phosphocholine at 100% → PC or SM,"fragment:184.0732(Phosphocholine_C5H13NO4P,100%)",5.0
A15_95165,Streptophyta,indval_consensus,OE23-POS,95165,501.355242,True,74,61,1,0,1,Pentacyclic_Triterpenoid,Hopanoid,Low,Hopanoid diagnostic fragments,"fragment:191.1799(Hopane_skeleton,9%)",5.0
A15_95235,Chlorophyta,composite,OE23-POS,95235,645.450055,True,95,95,14,0,14,Terpenoid,Terpenoid,Medium,14 terpenoid fragments → terpenoid/isoprenoid,"fragment:69.0706(Isoprene_unit,12%); fragment:81.0704(Monoterpene_frag,34%); fragment:93.0704(Toluenium,20%); fragment:95.0859(Methylcyclohexenyl,77%); fragment:105.0704(Xylene_cation,16%); fragment:107.0857(Dimethylcyclohexenyl,23%); fragment:109.1014(Sesquiterpene_frag,54%); fragment:119.0855(C9H11+,20%); fragment:121.1014(Sesquiterpene_frag2,50%); fragment:123.1171(Sesquiterpene_frag3,25%); fragment:133.1008(Diterpene_frag,37%); fragment:135.1174(Diterpene_frag2,20%); fragment:147.1166(C11H15+,8%); fragment:161.1326(C12H17+,14%)",5.0
A15_95456,Streptophyta,indval_consensus,OE23-POS,95456,751.533519,True,54,54,0,1,1,Glycolipid,Glycolipid,Low,Hexose fragment/neutral loss,"loss:162.0528(Hexose_loss,90%)",5.0
A15_95549,Streptophyta,indval_consensus,OE23-POS,95549,485.360819,True,35,35,14,0,14,Terpenoid,Terpenoid,Medium,14 terpenoid fragments → terpenoid/isoprenoid,"fragment:69.0706(Isoprene_unit,13%); fragment:81.0704(Monoterpene_frag,49%); fragment:95.0860(Methylcyclohexenyl,56%); fragment:107.0860(Dimethylcyclohexenyl,20%); fragment:109.1013(Sesquiterpene_frag,46%); fragment:119.0855(C9H11+,13%); fragment:121.1014(Sesquiterpene_frag2,45%); fragment:123.1173(Sesquiterpene_frag3,13%); fragment:133.1012(Diterpene_frag,15%); fragment:135.1168(Diterpene_frag2,23%); fragment:149.1322(Sesterterpene_frag,22%); fragment:161.1326(C12H17+,17%); fragment:175.1470(C13H19+,13%); fragment:189.1635(Hopane_C14,19%)",5.0
A15_95809,Streptophyta,indval_consensus,OE23-POS,95809,723.558533,True,51,15,1,0,1,Phospholipid,PC/SM,Medium,Phosphocholine at 11% → PC or SM,"fragment:184.0732(Phosphocholine_C5H13NO4P,11%)",5.0
A15_95818,Streptophyta,indval_consensus,OE23-POS,95818,567.440674,True,93,81,15,0,15,Terpenoid,Terpenoid,Medium,15 terpenoid fragments → terpenoid/isoprenoid,"fragment:81.0705(Monoterpene_frag,60%); fragment:93.0704(Toluenium,47%); fragment:95.0860(Methylcyclohexenyl,55%); fragment:105.0703(Xylene_cation,33%); fragment:107.0858(Dimethylcyclohexenyl,52%); fragment:109.1015(Sesquiterpene_frag,59%); fragment:119.0857(C9H11+,85%); fragment:121.1014(Sesquiterpene_frag2,100%); fragment:123.1171(Sesquiterpene_frag3,20%); fragment:133.1012(Diterpene_frag,67%); fragment:135.1171(Diterpene_frag2,63%); fragment:147.1169(C11H15+,59%); fragment:149.1327(Sesterterpene_frag,13%); fragment:161.1326(C12H17+,17%); fragment:175.1480(C13H19+,34%)",5.0
A15_95865,Streptophyta,indval_consensus,OE23-POS,95865,791.526337,True,25,14,1,0,1,Phospholipid,PC/SM,High,Phosphocholine at 98% → PC or SM,"fragment:184.0733(Phosphocholine_C5H13NO4P,98%)",5.0
A15_95899,Streptophyta,indval_consensus,OE23-POS,95899,407.366695,True,90,15,6,0,6,Terpenoid,Terpenoid,Medium,6 terpenoid fragments → terpenoid/isoprenoid,"fragment:69.0706(Isoprene_unit,13%); fragment:81.0705(Monoterpene_frag,15%); fragment:95.0860(Methylcyclohexenyl,10%); fragment:107.0858(Dimethylcyclohexenyl,7%); fragment:109.1015(Sesquiterpene_frag,8%); fragment:121.1013(Sesquiterpene_frag2,9%)",5.0
A15_96006,Streptophyta,indval_consensus,OE23-POS,96006,381.351114,True,82,46,15,0,15,Terpenoid,Terpenoid,Medium,15 terpenoid fragments → terpenoid/isoprenoid,"fragment:69.0706(Isoprene_unit,24%); fragment:81.0705(Monoterpene_frag,100%); fragment:93.0704(Toluenium,18%); fragment:95.0860(Methylcyclohexenyl,38%); fragment:105.0703(Xylene_cation,25%); fragment:107.0859(Dimethylcyclohexenyl,19%); fragment:109.1016(Sesquiterpene_frag,25%); fragment:119.0858(C9H11+,12%); fragment:121.1014(Sesquiterpene_frag2,12%); fragment:123.1172(Sesquiterpene_frag3,14%); fragment:133.1012(Diterpene_frag,46%); fragment:135.1169(Diterpene_frag2,8%); fragment:147.1170(C11H15+,30%); fragment:149.1326(Sesterterpene_frag,9%); fragment:161.1322(C12H17+,15%)",5.0
A15_96022,Streptophyta,indval_consensus,OE23-POS,96022,519.40284,True,16,16,1,0,1,Phospholipid,PC/SM,High,Phosphocholine at 30% → PC or SM,"fragment:184.0735(Phosphocholine_C5H13NO4P,30%)",5.0
A15_96030,Streptophyta,indval_consensus,OE23-POS,96030,720.540416,True,31,31,1,0,1,Phospholipid,PC/SM,Medium,Phosphocholine at 8% → PC or SM,"fragment:184.0739(Phosphocholine_C5H13NO4P,8%)",5.0
A15_96086,Streptophyta,indval_consensus,OE23-POS,96086,861.479491,True,45,19,1,0,1,Phospholipid,PC/SM,High,Phosphocholine at 100% → PC or SM,"fragment:184.0733(Phosphocholine_C5H13NO4P,100%)",5.0
A15_9614,Streptophyta,indval_consensus,OE23-POS,9614,414.284885,True,67,27,11,0,11,Terpenoid,Terpenoid,Medium,11 terpenoid fragments → terpenoid/isoprenoid,"fragment:81.0704(Monoterpene_frag,16%); fragment:93.0703(Toluenium,10%); fragment:95.0859(Methylcyclohexenyl,16%); fragment:107.0860(Dimethylcyclohexenyl,7%); fragment:109.1017(Sesquiterpene_frag,10%); fragment:119.0856(C9H11+,11%); fragment:121.1014(Sesquiterpene_frag2,13%); fragment:123.1171(Sesquiterpene_frag3,5%); fragment:133.1014(Diterpene_frag,6%); fragment:135.1169(Diterpene_frag2,17%); fragment:149.1323(Sesterterpene_frag,12%)",5.0
A15_96195,Streptophyta,indval_consensus,OE23-POS,96195,573.450446,True,31,31,2,0,2,Sterol,Sterol,Medium,Sterol dehydration fragments,"fragment:369.3353(Cholesterol_-H2O,35%); fragment:369.3353(Hopanol,35%)",5.0
A15_96569,Streptophyta,indval_consensus,OE23-POS,96569,643.454238,True,61,9,1,0,1,Phospholipid,PC/SM,High,Phosphocholine at 100% → PC or SM,"fragment:184.0733(Phosphocholine_C5H13NO4P,100%)",5.0
A15_9663,Streptophyta,indval_consensus,OE23-POS,9663,654.457255,True,394,163,16,0,16,Terpenoid,Terpenoid,Medium,16 terpenoid fragments → terpenoid/isoprenoid,"fragment:69.0706(Isoprene_unit,15%); fragment:81.0705(Monoterpene_frag,32%); fragment:93.0704(Toluenium,31%); fragment:95.0860(Methylcyclohexenyl,24%); fragment:105.0702(Xylene_cation,17%); fragment:107.0860(Dimethylcyclohexenyl,27%); fragment:109.1015(Sesquiterpene_frag,20%); fragment:119.0858(C9H11+,22%); fragment:121.1015(Sesquiterpene_frag2,28%); fragment:123.1171(Sesquiterpene_frag3,7%); fragment:133.1012(Diterpene_frag,18%); fragment:135.1170(Diterpene_frag2,14%); fragment:147.1168(C11H15+,17%); fragment:149.1326(Sesterterpene_frag,10%); fragment:161.1327(C12H17+,7%); fragment:175.1485(C13H19+,5%)",5.0
A15_9665,Streptophyta,indval_consensus,OE23-POS,9665,419.240867,True,158,56,13,0,13,Terpenoid,Terpenoid,Medium,13 terpenoid fragments → terpenoid/isoprenoid,"fragment:69.0706(Isoprene_unit,12%); fragment:81.0705(Monoterpene_frag,21%); fragment:93.0704(Toluenium,13%); fragment:95.0859(Methylcyclohexenyl,18%); fragment:105.0703(Xylene_cation,8%); fragment:107.0859(Dimethylcyclohexenyl,11%); fragment:109.1016(Sesquiterpene_frag,17%); fragment:119.0858(C9H11+,12%); fragment:121.1015(Sesquiterpene_frag2,12%); fragment:123.1170(Sesquiterpene_frag3,8%); fragment:133.1014(Diterpene_frag,8%); fragment:135.1170(Diterpene_frag2,10%); fragment:147.1171(C11H15+,8%)",5.0
A15_96981,Streptophyta,indval_consensus,OE23-POS,96981,441.372328,True,130,128,1,0,1,Pentacyclic_Triterpenoid,Hopanoid,Low,Hopanoid diagnostic fragments,"fragment:191.1797(Hopane_skeleton,17%)",5.0
A15_96995,Arthropoda,composite,OE23-POS,96995,572.332553,True,39,38,11,0,11,Terpenoid,Terpenoid,Medium,11 terpenoid fragments → terpenoid/isoprenoid,"fragment:81.0704(Monoterpene_frag,17%); fragment:93.0705(Toluenium,7%); fragment:95.0860(Methylcyclohexenyl,16%); fragment:105.0700(Xylene_cation,6%); fragment:107.0857(Dimethylcyclohexenyl,8%); fragment:109.1009(Sesquiterpene_frag,8%); fragment:119.0858(C9H11+,7%); fragment:123.1172(Sesquiterpene_frag3,7%); fragment:133.0863(Diterpene_frag,29%); fragment:135.1173(Diterpene_frag2,9%); fragment:147.1158(C11H15+,7%)",5.0
A15_97107,Streptophyta,indval_consensus,OE23-POS,97107,832.522887,True,37,36,1,0,1,Phospholipid,PC/SM,High,Phosphocholine at 100% → PC or SM,"fragment:184.0736(Phosphocholine_C5H13NO4P,100%)",5.0
A15_97162,Streptophyta,indval_consensus,OE23-POS,97162,812.585285,True,44,8,1,0,1,Phospholipid,PC/SM,High,Phosphocholine at 40% → PC or SM,"fragment:184.0733(Phosphocholine_C5H13NO4P,40%)",5.0
A15_97216,Streptophyta,indval_consensus,OE23-POS,97216,567.441335,True,92,50,15,0,15,Terpenoid,Terpenoid,Medium,15 terpenoid fragments → terpenoid/isoprenoid,"fragment:81.0705(Monoterpene_frag,30%); fragment:93.0703(Toluenium,23%); fragment:95.0859(Methylcyclohexenyl,31%); fragment:105.0703(Xylene_cation,14%); fragment:107.0859(Dimethylcyclohexenyl,21%); fragment:109.1016(Sesquiterpene_frag,61%); fragment:119.0858(C9H11+,34%); fragment:121.1013(Sesquiterpene_frag2,41%); fragment:123.1171(Sesquiterpene_frag3,15%); fragment:133.1013(Diterpene_frag,33%); fragment:135.1169(Diterpene_frag2,26%); fragment:147.1169(C11H15+,20%); fragment:149.1325(Sesterterpene_frag,7%); fragment:161.1327(C12H17+,8%); fragment:175.1483(C13H19+,16%)",5.0
A15_97292,Streptophyta,indval_consensus,OE23-POS,97292,723.558254,True,35,14,1,0,1,Phospholipid,PC/SM,Medium,Phosphocholine at 16% → PC or SM,"fragment:184.0739(Phosphocholine_C5H13NO4P,16%)",5.0
A15_97334,Streptophyta,indval_consensus,OE23-POS,97334,813.511771,True,65,8,1,0,1,Phospholipid,PC/SM,High,Phosphocholine at 100% → PC or SM,"fragment:184.0733(Phosphocholine_C5H13NO4P,100%)",5.0
A15_97380,Streptophyta,indval_consensus,OE23-POS,97380,585.429832,True,82,82,15,0,15,Terpenoid,Terpenoid,Medium,15 terpenoid fragments → terpenoid/isoprenoid,"fragment:69.0706(Isoprene_unit,39%); fragment:81.0705(Monoterpene_frag,62%); fragment:93.0704(Toluenium,52%); fragment:95.0859(Methylcyclohexenyl,63%); fragment:105.0696(Xylene_cation,23%); fragment:107.0858(Dimethylcyclohexenyl,56%); fragment:109.1016(Sesquiterpene_frag,100%); fragment:119.0857(C9H11+,95%); fragment:121.1013(Sesquiterpene_frag2,99%); fragment:123.1172(Sesquiterpene_frag3,32%); fragment:133.1014(Diterpene_frag,37%); fragment:135.1170(Diterpene_frag2,74%); fragment:147.1168(C11H15+,60%); fragment:161.1324(C12H17+,13%); fragment:175.1482(C13H19+,91%)",5.0
A15_97418,Streptophyta,indval_consensus,OE23-POS,97418,776.540854,True,35,35,1,0,1,Phospholipid,PC/SM,High,Phosphocholine at 100% → PC or SM,"fragment:184.0732(Phosphocholine_C5H13NO4P,100%)",5.0
A15_97449,Streptophyta,indval_consensus,OE23-POS,97449,543.439446,True,19,19,1,0,1,Phospholipid,PC/SM,Medium,Phosphocholine at 16% → PC or SM,"fragment:184.0741(Phosphocholine_C5H13NO4P,16%)",5.0
A15_97625,Streptophyta,indval_consensus,OE23-POS,97625,789.512081,True,102,20,1,0,1,Phospholipid,PC/SM,High,Phosphocholine at 100% → PC or SM,"fragment:184.0733(Phosphocholine_C5H13NO4P,100%)",5.0
A15_98119,Streptophyta,indval_consensus,OE23-POS,98119,861.478585,True,74,16,1,0,1,Phospholipid,PC/SM,High,Phosphocholine at 79% → PC or SM,"fragment:184.0734(Phosphocholine_C5H13NO4P,79%)",5.0
A15_98187,Streptophyta,indval_consensus,OE23-POS,98187,567.420096,True,168,78,3,0,3,Phospholipid,PC/SM,Medium,Phosphocholine at 13% → PC or SM,"fragment:184.0732(Phosphocholine_C5H13NO4P,13%); fragment:369.3619(Cholesterol_-H2O,7%); fragment:369.3619(Hopanol,7%)",5.0
A15_9827,Streptophyta,indval_consensus,OE23-POS,9827,699.355295,True,300,63,2,0,2,Phospholipid,PC/SM,High,Phosphocholine at 23% → PC or SM,"fragment:184.0733(Phosphocholine_C5H13NO4P,23%); fragment:152.9830(Glycerophosphoglycerol-H2O,6%)",5.0
A15_98366,Streptophyta,indval_consensus,OE23-POS,98366,978.64917,True,80,40,10,0,10,Terpenoid,Terpenoid,Medium,10 terpenoid fragments → terpenoid/isoprenoid,"fragment:81.0704(Monoterpene_frag,11%); fragment:93.0703(Toluenium,12%); fragment:95.0858(Methylcyclohexenyl,10%); fragment:107.0859(Dimethylcyclohexenyl,6%); fragment:109.1015(Sesquiterpene_frag,8%); fragment:119.0856(C9H11+,6%); fragment:121.1014(Sesquiterpene_frag2,14%); fragment:123.1175(Sesquiterpene_frag3,5%); fragment:133.1014(Diterpene_frag,9%); fragment:135.1171(Diterpene_frag2,6%)",5.0
A15_98394,Streptophyta,indval_consensus,OE23-POS,98394,824.579793,True,51,20,1,0,1,Phospholipid,PC/SM,High,Phosphocholine at 100% → PC or SM,"fragment:184.0732(Phosphocholine_C5H13NO4P,100%)",5.0
A15_98405,Streptophyta,indval_consensus,OE23-POS,98405,810.608574,True,84,68,1,0,1,Phospholipid,PC/SM,High,Phosphocholine at 63% → PC or SM,"fragment:184.0735(Phosphocholine_C5H13NO4P,63%)",5.0
A15_9841,Streptophyta,indval_consensus,OE23-POS,9841,615.404901,True,260,129,1,0,1,Betaine_Lipid,DGTS,Medium,DGTS headgroup fragment,"fragment:236.1500(DGTS_headgroup,9%)",5.0
A15_98466,Streptophyta,indval_consensus,OE23-POS,98466,722.555641,True,115,22,1,0,1,Phospholipid,PC/SM,Medium,Phosphocholine at 7% → PC or SM,"fragment:184.0736(Phosphocholine_C5H13NO4P,7%)",5.0
A15_98504,Streptophyta,indval_consensus,OE23-POS,98504,583.471501,True,43,43,1,0,1,Quinone,Ubiquinone,Medium,Ubiquinone headgroup fragment,"fragment:197.0810(Ubiquinone_headgroup,100%)",5.0
A15_98543,Streptophyta,indval_consensus,OE23-POS,98543,663.502461,True,44,44,13,0,13,Terpenoid,Terpenoid,Medium,13 terpenoid fragments → terpenoid/isoprenoid,"fragment:69.0705(Isoprene_unit,41%); fragment:81.0705(Monoterpene_frag,85%); fragment:93.0703(Toluenium,56%); fragment:95.0859(Methylcyclohexenyl,67%); fragment:107.0860(Dimethylcyclohexenyl,72%); fragment:109.1015(Sesquiterpene_frag,46%); fragment:119.0863(C9H11+,39%); fragment:121.1014(Sesquiterpene_frag2,89%); fragment:133.1014(Diterpene_frag,49%); fragment:135.1172(Diterpene_frag2,35%); fragment:147.1171(C11H15+,47%); fragment:149.1326(Sesterterpene_frag,40%); fragment:161.1322(C12H17+,27%)",5.0
A15_98592,Streptophyta,indval_consensus,OE23-POS,98592,790.583414,True,224,52,1,0,1,Phospholipid,PC/SM,High,Phosphocholine at 92% → PC or SM,"fragment:184.0733(Phosphocholine_C5H13NO4P,92%)",5.0
A15_98660,Streptophyta,indval_consensus,OE23-POS,98660,720.540435,True,135,27,1,0,1,Phospholipid,PC/SM,High,Phosphocholine at 22% → PC or SM,"fragment:184.0734(Phosphocholine_C5H13NO4P,22%)",5.0
A15_98820,Streptophyta,indval_consensus,OE23-POS,98820,796.594916,True,20,10,1,0,1,Phospholipid,PC/SM,High,Phosphocholine at 100% → PC or SM,"fragment:184.0734(Phosphocholine_C5H13NO4P,100%)",5.0
A15_98847,Streptophyta,indval_consensus,OE23-POS,98847,393.351096,True,62,51,16,0,16,Terpenoid,Terpenoid,Medium,16 terpenoid fragments → terpenoid/isoprenoid,"fragment:69.0706(Isoprene_unit,73%); fragment:81.0704(Monoterpene_frag,100%); fragment:93.0703(Toluenium,13%); fragment:95.0859(Methylcyclohexenyl,52%); fragment:105.0704(Xylene_cation,10%); fragment:107.0858(Dimethylcyclohexenyl,25%); fragment:109.1015(Sesquiterpene_frag,35%); fragment:119.0858(C9H11+,6%); fragment:121.1013(Sesquiterpene_frag2,11%); fragment:123.1166(Sesquiterpene_frag3,17%); fragment:133.1011(Diterpene_frag,28%); fragment:135.1168(Diterpene_frag2,12%); fragment:147.1166(C11H15+,27%); fragment:149.1326(Sesterterpene_frag,10%); fragment:161.1325(C12H17+,15%); fragment:175.1481(C13H19+,8%)",5.0
A15_98862,Streptophyta,indval_consensus,OE23-POS,98862,749.516898,True,43,16,1,0,1,Phospholipid,PC/SM,High,Phosphocholine at 84% → PC or SM,"fragment:184.0733(Phosphocholine_C5H13NO4P,84%)",5.0
A15_98878,Streptophyta,indval_consensus,OE23-POS,98878,830.509245,True,31,31,1,0,1,Phospholipid,PC/SM,High,Phosphocholine at 74% → PC or SM,"fragment:184.0736(Phosphocholine_C5H13NO4P,74%)",5.0
A15_98882,Streptophyta,indval_consensus,OE23-POS,98882,673.514622,True,30,30,1,0,1,Phospholipid,PC/SM,High,Phosphocholine at 33% → PC or SM,"fragment:184.0733(Phosphocholine_C5H13NO4P,33%)",5.0
A15_98909,Streptophyta,indval_consensus,OE23-POS,98909,405.128907,True,75,28,4,0,4,Terpenoid,Terpenoid,Low,4 terpenoid fragments → possible terpenoid/isoprenoid,"fragment:81.0705(Monoterpene_frag,6%); fragment:105.0703(Xylene_cation,6%); fragment:121.1015(Sesquiterpene_frag2,5%); fragment:149.1325(Sesterterpene_frag,6%)",5.0
A15_99007,Streptophyta,indval_consensus,OE23-POS,99007,761.499209,True,58,16,1,0,1,Phospholipid,PC/SM,Medium,Phosphocholine at 14% → PC or SM,"fragment:184.0733(Phosphocholine_C5H13NO4P,14%)",5.0
A15_99297,Streptophyta,indval_consensus,OE23-POS,99297,643.494906,True,72,50,9,0,9,Terpenoid,Terpenoid,Medium,9 terpenoid fragments → terpenoid/isoprenoid,"fragment:81.0704(Monoterpene_frag,22%); fragment:93.0705(Toluenium,12%); fragment:95.0858(Methylcyclohexenyl,11%); fragment:107.0859(Dimethylcyclohexenyl,9%); fragment:109.1015(Sesquiterpene_frag,9%); fragment:119.0858(C9H11+,12%); fragment:121.1017(Sesquiterpene_frag2,10%); fragment:133.1018(Diterpene_frag,9%); fragment:147.1168(C11H15+,10%)",5.0
A15_99336,Streptophyta,indval_consensus,OE23-POS,99336,774.587333,True,32,26,1,0,1,Phospholipid,PC/SM,High,Phosphocholine at 100% → PC or SM,"fragment:184.0733(Phosphocholine_C5H13NO4P,100%)",5.0
A15_99614,Streptophyta,indval_consensus,OE23-POS,99614,522.416514,True,78,26,5,0,5,Terpenoid,Terpenoid,Medium,5 terpenoid fragments → terpenoid/isoprenoid,"fragment:69.0706(Isoprene_unit,23%); fragment:81.0705(Monoterpene_frag,55%); fragment:95.0860(Methylcyclohexenyl,77%); fragment:109.1015(Sesquiterpene_frag,44%); fragment:123.1171(Sesquiterpene_frag3,32%)",5.0
A15_99815,Streptophyta,indval_consensus,OE23-POS,99815,954.614306,True,77,38,3,0,3,Terpenoid,Terpenoid,Low,3 terpenoid fragments → possible terpenoid/isoprenoid,"fragment:95.0858(Methylcyclohexenyl,5%); fragment:109.1016(Sesquiterpene_frag,9%); fragment:123.1170(Sesquiterpene_frag3,6%)",5.0
A15_99911,Streptophyta,indval_consensus,OE23-POS,99911,789.513466,True,48,14,1,0,1,Phospholipid,PC/SM,High,Phosphocholine at 100% → PC or SM,"fragment:184.0733(Phosphocholine_C5H13NO4P,100%)",5.0
A15_99994,Streptophyta,indval_consensus,OE23-POS,99994,789.545789,True,22,9,1,0,1,Phospholipid,PC/SM,High,Phosphocholine at 61% → PC or SM,"fragment:184.0732(Phosphocholine_C5H13NO4P,61%)",5.0
A15_OE21-4-POS_11398,Thermoproteota,composite,OE21-4-POS,11398,385.156638,True,58,44,3,0,3,Terpenoid,Terpenoid,Low,3 terpenoid fragments → possible terpenoid/isoprenoid,"fragment:69.0704(Isoprene_unit,5%); fragment:95.0859(Methylcyclohexenyl,8%); fragment:109.1011(Sesquiterpene_frag,5%)",5.0
A15_OE21-4-POS_16207,Thermoproteota,composite,OE21-4-POS,16207,412.144624,True,17,17,4,0,4,Terpenoid,Terpenoid,Low,4 terpenoid fragments → possible terpenoid/isoprenoid,"fragment:69.0706(Isoprene_unit,11%); fragment:95.0856(Methylcyclohexenyl,9%); fragment:133.1020(Diterpene_frag,9%); fragment:135.1015(Diterpene_frag2,9%)",5.0
A15_OE21-4-POS_208894,Thermoproteota,composite,OE21-4-POS,208894,907.665766,True,17,14,1,1,2,Archaeal_Lipid,GDGT/Archaeol,Medium,1 archaeal lipid diagnostic fragments,"fragment:743.6077(GDGT_fragment,53%); loss:162.0528(Hexose_loss,11%)",5.0
A15_OE21-4-POS_215484,Thermoproteota,composite,OE21-4-POS,215484,669.43476,True,32,32,1,0,1,Archaeal_Lipid,GDGT/Archaeol,Medium,1 archaeal lipid diagnostic fragments,"fragment:653.5641(GDGT_core,67%)",5.0
A15_OE21-4-POS_229448,Thermoproteota,composite,OE21-4-POS,229448,743.609869,True,94,14,1,0,1,Archaeal_Lipid,GDGT/Archaeol,Medium,1 archaeal lipid diagnostic fragments,"fragment:743.6172(GDGT_fragment,42%)",5.0
A15_OE21-4-POS_229449,Thermoproteota,composite,OE21-4-POS,229449,744.6108,True,18,18,1,0,1,Archaeal_Lipid,GDGT/Archaeol,Medium,1 archaeal lipid diagnostic fragments,"fragment:743.6082(GDGT_fragment,100%)",5.0
A15_OE21-4-POS_230717,Thermoproteota,composite,OE21-4-POS,230717,722.627185,True,22,13,2,0,2,Sterol,Sterol,Medium,Sterol dehydration fragments,"fragment:369.3513(Cholesterol_-H2O,5%); fragment:369.3513(Hopanol,5%)",5.0
A15_OE21-4-POS_231425,Thermoproteota,composite,OE21-4-POS,231425,683.449858,True,46,46,0,1,1,Glycolipid,Glycolipid,Low,Hexose fragment/neutral loss,"loss:162.0528(Hexose_loss,10%)",5.0
A15_OE21-4-POS_233239,Thermoproteota,composite,OE21-4-POS,233239,738.652803,True,91,22,5,0,5,Terpenoid,Terpenoid,Medium,5 terpenoid fragments → terpenoid/isoprenoid,"fragment:81.0704(Monoterpene_frag,15%); fragment:95.0859(Methylcyclohexenyl,10%); fragment:109.1015(Sesquiterpene_frag,13%); fragment:123.1168(Sesquiterpene_frag3,8%); fragment:149.1325(Sesterterpene_frag,6%)",5.0
A15_OE21-4-POS_27118,Thermoproteota,composite,OE21-4-POS,27118,500.19934,True,54,30,0,1,1,Phospholipid,PE,Medium,PE-specific ions without phosphocholine,"loss:141.0191(Ethanolamine_phosphate,7%)",5.0
A15_OE21-4-POS_3961,Thermoproteota,composite,OE21-4-POS,3961,337.057374,True,42,42,7,0,7,Terpenoid,Terpenoid,Medium,7 terpenoid fragments → terpenoid/isoprenoid,"fragment:69.0706(Isoprene_unit,13%); fragment:81.0705(Monoterpene_frag,13%); fragment:93.0704(Toluenium,15%); fragment:95.0857(Methylcyclohexenyl,13%); fragment:105.0702(Xylene_cation,21%); fragment:107.0856(Dimethylcyclohexenyl,12%); fragment:109.1023(Sesquiterpene_frag,9%)",5.0
A15_OE21-4-POS_4722,Thermoproteota,composite,OE21-4-POS,4722,291.058084,True,52,38,5,0,5,Terpenoid,Terpenoid,Medium,5 terpenoid fragments → terpenoid/isoprenoid,"fragment:69.0706(Isoprene_unit,18%); fragment:81.0705(Monoterpene_frag,9%); fragment:95.0861(Methylcyclohexenyl,9%); fragment:107.0707(Dimethylcyclohexenyl,9%); fragment:109.1016(Sesquiterpene_frag,7%)",5.0
A15_OE21-4-POS_5821,Thermoproteota,composite,OE21-4-POS,5821,443.088029,True,67,28,4,0,4,Terpenoid,Terpenoid,Low,4 terpenoid fragments → possible terpenoid/isoprenoid,"fragment:81.0705(Monoterpene_frag,6%); fragment:109.1017(Sesquiterpene_frag,5%); fragment:119.0860(C9H11+,6%); fragment:133.0857(Diterpene_frag,5%)",5.0
A15_OE21-4-POS_9122,Thermoproteota,composite,OE21-4-POS,9122,382.133684,True,38,28,4,0,4,Terpenoid,Terpenoid,Low,4 terpenoid fragments → possible terpenoid/isoprenoid,"fragment:69.0453(Isoprene_unit,7%); fragment:81.0702(Monoterpene_frag,6%); fragment:109.1016(Sesquiterpene_frag,5%); fragment:133.1128(Diterpene_frag,5%)",5.0
A15_OE21-4-POS_9653,Thermoproteota,composite,OE21-4-POS,9653,323.142848,True,48,48,6,0,6,Terpenoid,Terpenoid,Medium,6 terpenoid fragments → terpenoid/isoprenoid,"fragment:69.0705(Isoprene_unit,22%); fragment:95.0858(Methylcyclohexenyl,30%); fragment:105.0706(Xylene_cation,18%); fragment:107.0708(Dimethylcyclohexenyl,29%); fragment:121.1012(Sesquiterpene_frag2,16%); fragment:135.1164(Diterpene_frag2,17%)",5.0
A15_OE21-4-POS_9811,Thermoproteota,composite,OE21-4-POS,9811,321.102042,True,50,30,6,0,6,Terpenoid,Terpenoid,Medium,6 terpenoid fragments → terpenoid/isoprenoid,"fragment:69.0705(Isoprene_unit,6%); fragment:81.0702(Monoterpene_frag,7%); fragment:95.0859(Methylcyclohexenyl,7%); fragment:107.0706(Dimethylcyclohexenyl,12%); fragment:109.1012(Sesquiterpene_frag,6%); fragment:119.0707(C9H11+,7%)",5.0
A15_OE25-1-ALL_10369,Evosea,composite,OE25-1-ALL,10369,716.449811,True,35,35,1,1,2,Phospholipid,PE,High,PE headgroup + phosphocholine at 65%,"fragment:184.0732(Phosphocholine_C5H13NO4P,65%); loss:141.0191(Ethanolamine_phosphate,100%)",5.0
A15_OE25-1-ALL_10458,Evosea,composite,OE25-1-ALL,10458,663.570381,True,36,13,1,0,1,Phospholipid,PC/SM,High,Phosphocholine at 21% → PC or SM,"fragment:184.0731(Phosphocholine_C5H13NO4P,21%)",5.0
A15_OE25-1-ALL_10577,Evosea,composite,OE25-1-ALL,10577,782.53206,True,27,13,1,0,1,Phospholipid,PC/SM,High,Phosphocholine at 68% → PC or SM,"fragment:184.0732(Phosphocholine_C5H13NO4P,68%)",5.0
A15_OE25-1-ALL_10595,Evosea,composite,OE25-1-ALL,10595,720.517167,True,118,6,1,0,1,Phospholipid,PC/SM,High,Phosphocholine at 100% → PC or SM,"fragment:184.0731(Phosphocholine_C5H13NO4P,100%)",5.0
A15_OE25-1-ALL_10602,Evosea,composite,OE25-1-ALL,10602,780.47834,True,29,16,1,0,1,Phospholipid,PC/SM,High,Phosphocholine at 100% → PC or SM,"fragment:184.0731(Phosphocholine_C5H13NO4P,100%)",5.0
A15_OE25-1-ALL_10628,Evosea,composite,OE25-1-ALL,10628,752.484041,True,73,73,1,1,2,Phospholipid,PE,High,PE headgroup + phosphocholine at 76%,"fragment:184.0732(Phosphocholine_C5H13NO4P,76%); loss:141.0191(Ethanolamine_phosphate,15%)",5.0
A15_OE25-1-ALL_10633,Evosea,composite,OE25-1-ALL,10633,822.524505,True,46,46,1,0,1,Phospholipid,PC/SM,High,Phosphocholine at 22% → PC or SM,"fragment:184.0732(Phosphocholine_C5H13NO4P,22%)",5.0
A15_OE25-1-ALL_10646,Evosea,composite,OE25-1-ALL,10646,793.483409,True,62,48,1,0,1,Phospholipid,PC/SM,High,Phosphocholine at 51% → PC or SM,"fragment:184.0733(Phosphocholine_C5H13NO4P,51%)",5.0
A15_OE25-1-ALL_10682,Evosea,composite,OE25-1-ALL,10682,511.472068,True,104,24,1,0,1,Phospholipid,PC/SM,Medium,Phosphocholine at 7% → PC or SM,"fragment:184.0732(Phosphocholine_C5H13NO4P,7%)",5.0
A15_OE25-1-ALL_10723,Evosea,composite,OE25-1-ALL,10723,808.548053,True,30,24,2,0,2,Phospholipid,PC/SM,High,Phosphocholine at 100% → PC or SM,"fragment:184.0729(Phosphocholine_C5H13NO4P,100%); fragment:197.0803(Ubiquinone_headgroup,8%)",5.0
A15_OE25-1-ALL_10768,Evosea,composite,OE25-1-ALL,10768,682.465445,True,29,29,1,1,2,Phospholipid,PE,High,PE headgroup + phosphocholine at 9%,"fragment:184.0737(Phosphocholine_C5H13NO4P,9%); loss:141.0191(Ethanolamine_phosphate,14%)",5.0
A15_OE25-1-ALL_10933,Evosea,composite,OE25-1-ALL,10933,694.501036,True,27,27,1,0,1,Phospholipid,PC/SM,High,Phosphocholine at 100% → PC or SM,"fragment:184.0732(Phosphocholine_C5H13NO4P,100%)",5.0
A15_OE25-1-ALL_10999,Evosea,composite,OE25-1-ALL,10999,816.523199,True,35,35,1,0,1,Phospholipid,PC/SM,High,Phosphocholine at 25% → PC or SM,"fragment:184.0728(Phosphocholine_C5H13NO4P,25%)",5.0
A15_OE25-1-ALL_11012,Evosea,composite,OE25-1-ALL,11012,799.496427,True,108,12,1,0,1,Phospholipid,PC/SM,High,Phosphocholine at 26% → PC or SM,"fragment:184.0732(Phosphocholine_C5H13NO4P,26%)",5.0
A15_OE25-1-ALL_11017,Evosea,composite,OE25-1-ALL,11017,539.466775,True,76,60,2,0,2,Phospholipid,PC/SM,Medium,Phosphocholine at 11% → PC or SM,"fragment:184.0730(Phosphocholine_C5H13NO4P,11%); fragment:397.3659(Sitosterol_-H2O,6%)",5.0
A15_OE25-1-ALL_11227,Evosea,composite,OE25-1-ALL,11227,791.467297,True,27,27,1,0,1,Phospholipid,PC/SM,High,Phosphocholine at 37% → PC or SM,"fragment:184.0732(Phosphocholine_C5H13NO4P,37%)",5.0
A15_OE25-1-ALL_11240,Evosea,composite,OE25-1-ALL,11240,751.474251,True,163,163,2,0,2,Sphingolipid,SM,High,Sphingoid base + phosphocholine → SM,"fragment:184.0730(Phosphocholine_C5H13NO4P,43%); fragment:282.2854(Sphingoid_d18:1+H2O,13%)",5.0
A15_OE25-1-ALL_11296,Evosea,composite,OE25-1-ALL,11296,808.547537,True,209,12,1,0,1,Phospholipid,PC/SM,High,Phosphocholine at 100% → PC or SM,"fragment:184.0731(Phosphocholine_C5H13NO4P,100%)",5.0
A15_OE25-1-ALL_11469,Evosea,composite,OE25-1-ALL,11469,734.532312,True,39,37,1,0,1,Phospholipid,PC/SM,High,Phosphocholine at 100% → PC or SM,"fragment:184.0729(Phosphocholine_C5H13NO4P,100%)",5.0
A15_OE25-1-ALL_11673,Evosea,composite,OE25-1-ALL,11673,692.448812,True,63,63,1,1,2,Phospholipid,PE,High,PE headgroup + phosphocholine at 100%,"fragment:184.0730(Phosphocholine_C5H13NO4P,100%); loss:141.0191(Ethanolamine_phosphate,100%)",5.0
A15_OE25-1-ALL_11964,Evosea,composite,OE25-1-ALL,11964,852.573932,True,49,49,1,0,1,Phospholipid,PC/SM,High,Phosphocholine at 100% → PC or SM,"fragment:184.0731(Phosphocholine_C5H13NO4P,100%)",5.0
A15_OE25-1-ALL_12585,Evosea,composite,OE25-1-ALL,12585,850.556083,True,22,10,1,0,1,Phospholipid,PC/SM,Medium,Phosphocholine at 11% → PC or SM,"fragment:184.0732(Phosphocholine_C5H13NO4P,11%)",5.0
A15_OE25-1-ALL_12655,Evosea,composite,OE25-1-ALL,12655,810.561311,True,17,13,1,0,1,Phospholipid,PC/SM,High,Phosphocholine at 100% → PC or SM,"fragment:184.0732(Phosphocholine_C5H13NO4P,100%)",5.0
A15_OE25-1-ALL_12675,Evosea,composite,OE25-1-ALL,12675,852.573479,True,61,61,1,0,1,Phospholipid,PC/SM,High,Phosphocholine at 100% → PC or SM,"fragment:184.0731(Phosphocholine_C5H13NO4P,100%)",5.0
A15_OE25-1-ALL_12845,Evosea,composite,OE25-1-ALL,12845,808.54707,True,30,30,2,0,2,Phospholipid,PC/SM,High,Phosphocholine at 100% → PC or SM,"fragment:184.0733(Phosphocholine_C5H13NO4P,100%); fragment:197.0813(Ubiquinone_headgroup,12%)",5.0
A15_OE25-1-ALL_12981,Evosea,composite,OE25-1-ALL,12981,722.434101,True,23,10,1,0,1,Phospholipid,PC/SM,Medium,Phosphocholine at 8% → PC or SM,"fragment:184.0729(Phosphocholine_C5H13NO4P,8%)",5.0
A15_OE25-1-ALL_13395,Evosea,composite,OE25-1-ALL,13395,694.537474,True,55,14,1,0,1,Phospholipid,PC/SM,High,Phosphocholine at 100% → PC or SM,"fragment:184.0731(Phosphocholine_C5H13NO4P,100%)",5.0
A15_OE25-1-ALL_13399,Evosea,composite,OE25-1-ALL,13399,692.421885,True,19,19,1,0,1,Phospholipid,PC/SM,High,Phosphocholine at 37% → PC or SM,"fragment:184.0732(Phosphocholine_C5H13NO4P,37%)",5.0
A15_OE25-1-ALL_13489,Evosea,composite,OE25-1-ALL,13489,834.524637,True,33,9,1,1,2,Phospholipid,PE,High,PE headgroup + phosphocholine at 49%,"fragment:184.0730(Phosphocholine_C5H13NO4P,49%); loss:141.0191(Ethanolamine_phosphate,7%)",5.0
A15_OE25-1-ALL_13587,Evosea,composite,OE25-1-ALL,13587,836.57928,True,174,13,1,0,1,Phospholipid,PC/SM,High,Phosphocholine at 100% → PC or SM,"fragment:184.0731(Phosphocholine_C5H13NO4P,100%)",5.0
A15_OE25-1-ALL_13827,Evosea,composite,OE25-1-ALL,13827,872.599408,True,52,52,1,0,1,Phospholipid,PC/SM,High,Phosphocholine at 100% → PC or SM,"fragment:184.0731(Phosphocholine_C5H13NO4P,100%)",5.0
A15_OE25-1-ALL_1440,Evosea,composite,OE25-1-ALL,1440,266.21104,True,146,111,1,0,1,Sphingolipid,Ceramide,Medium,Sphingoid base fragments,"fragment:264.2690(Sphingoid_d18:1,5%)",5.0
A15_OE25-1-ALL_14452,Evosea,composite,OE25-1-ALL,14452,822.524641,True,12,8,1,1,2,Phospholipid,PE,High,PE headgroup + phosphocholine at 44%,"fragment:184.0732(Phosphocholine_C5H13NO4P,44%); loss:141.0191(Ethanolamine_phosphate,7%)",5.0
A15_OE25-1-ALL_14809,Evosea,composite,OE25-1-ALL,14809,570.391526,True,72,27,1,0,1,Sterol,Sterol,Medium,Sterol dehydration fragments,"fragment:397.3821(Sitosterol_-H2O,7%)",5.0
A15_OE25-1-ALL_15075,Evosea,composite,OE25-1-ALL,15075,880.606117,True,8,8,1,0,1,Phospholipid,PC/SM,High,Phosphocholine at 100% → PC or SM,"fragment:184.0733(Phosphocholine_C5H13NO4P,100%)",5.0
A15_OE25-1-ALL_15225,Evosea,composite,OE25-1-ALL,15225,717.468917,True,40,13,1,0,1,Phospholipid,PC/SM,Medium,Phosphocholine at 8% → PC or SM,"fragment:184.0732(Phosphocholine_C5H13NO4P,8%)",5.0
A15_OE25-1-ALL_15463,Evosea,composite,OE25-1-ALL,15463,810.52505,True,63,59,1,1,2,Phospholipid,PE,High,PE headgroup + phosphocholine at 57%,"fragment:184.0730(Phosphocholine_C5H13NO4P,57%); loss:141.0191(Ethanolamine_phosphate,6%)",5.0
A15_OE25-1-ALL_15649,Evosea,composite,OE25-1-ALL,15649,836.579248,True,103,23,1,0,1,Phospholipid,PC/SM,High,Phosphocholine at 73% → PC or SM,"fragment:184.0731(Phosphocholine_C5H13NO4P,73%)",5.0
A15_OE25-1-ALL_15692,Evosea,composite,OE25-1-ALL,15692,838.593125,True,17,17,1,0,1,Phospholipid,PC/SM,High,Phosphocholine at 100% → PC or SM,"fragment:184.0731(Phosphocholine_C5H13NO4P,100%)",5.0
A15_OE25-1-ALL_1629,Evosea,composite,OE25-1-ALL,1629,592.36059,True,98,7,1,0,1,Phospholipid,PC/SM,High,Phosphocholine at 100% → PC or SM,"fragment:184.0731(Phosphocholine_C5H13NO4P,100%)",5.0
A15_OE25-1-ALL_16562,Evosea,composite,OE25-1-ALL,16562,834.583734,True,107,41,1,1,2,Phospholipid,PE,High,PE headgroup + phosphocholine at 17%,"fragment:184.0733(Phosphocholine_C5H13NO4P,17%); loss:141.0191(Ethanolamine_phosphate,19%)",5.0
A15_OE25-1-ALL_16594,Evosea,composite,OE25-1-ALL,16594,882.620881,True,182,8,1,0,1,Phospholipid,PC/SM,High,Phosphocholine at 100% → PC or SM,"fragment:184.0731(Phosphocholine_C5H13NO4P,100%)",5.0
A15_OE25-1-ALL_16628,Evosea,composite,OE25-1-ALL,16628,803.422859,True,28,24,1,0,1,Phospholipid,PC/SM,High,Phosphocholine at 33% → PC or SM,"fragment:184.0726(Phosphocholine_C5H13NO4P,33%)",5.0
A15_OE25-1-ALL_16643,Evosea,composite,OE25-1-ALL,16643,426.832467,True,46,36,4,0,4,Terpenoid,Terpenoid,Low,4 terpenoid fragments → possible terpenoid/isoprenoid,"fragment:69.0704(Isoprene_unit,8%); fragment:81.0703(Monoterpene_frag,6%); fragment:95.0860(Methylcyclohexenyl,7%); fragment:133.0857(Diterpene_frag,74%)",5.0
A15_OE25-1-ALL_16685,Evosea,composite,OE25-1-ALL,16685,864.609894,True,54,23,1,0,1,Phospholipid,PC/SM,High,Phosphocholine at 100% → PC or SM,"fragment:184.0730(Phosphocholine_C5H13NO4P,100%)",5.0
A15_OE25-1-ALL_16711,Evosea,composite,OE25-1-ALL,16711,781.436913,True,110,18,1,0,1,Phospholipid,PC/SM,High,Phosphocholine at 72% → PC or SM,"fragment:184.0731(Phosphocholine_C5H13NO4P,72%)",5.0
A15_OE25-1-ALL_16799,Evosea,composite,OE25-1-ALL,16799,708.467131,True,24,18,1,0,1,Quinone,Ubiquinone,Medium,Ubiquinone headgroup fragment,"fragment:197.0814(Ubiquinone_headgroup,6%)",5.0
A15_OE25-1-ALL_16911,Evosea,composite,OE25-1-ALL,16911,717.469021,True,36,16,1,0,1,Phospholipid,PC/SM,Medium,Phosphocholine at 8% → PC or SM,"fragment:184.0735(Phosphocholine_C5H13NO4P,8%)",5.0
A15_OE25-1-ALL_17175,Evosea,composite,OE25-1-ALL,17175,817.465477,True,25,25,1,0,1,Phospholipid,PC/SM,High,Phosphocholine at 46% → PC or SM,"fragment:184.0731(Phosphocholine_C5H13NO4P,46%)",5.0
A15_OE25-1-ALL_17319,Evosea,composite,OE25-1-ALL,17319,770.541871,True,36,13,1,0,1,Phospholipid,PC/SM,High,Phosphocholine at 97% → PC or SM,"fragment:184.0730(Phosphocholine_C5H13NO4P,97%)",5.0
A15_OE25-1-ALL_17357,Evosea,composite,OE25-1-ALL,17357,858.40123,True,85,16,1,0,1,Phospholipid,PC/SM,Medium,Phosphocholine at 19% → PC or SM,"fragment:184.0734(Phosphocholine_C5H13NO4P,19%)",5.0
A15_OE25-1-ALL_17373,Evosea,composite,OE25-1-ALL,17373,1499.049696,True,29,6,1,0,1,Phospholipid,PC/SM,Medium,Phosphocholine at 5% → PC or SM,"fragment:184.0732(Phosphocholine_C5H13NO4P,5%)",5.0
A15_OE25-1-ALL_17479,Evosea,composite,OE25-1-ALL,17479,1100.245692,True,41,13,1,0,1,Phospholipid,PC/SM,Medium,Phosphocholine at 13% → PC or SM,"fragment:184.0730(Phosphocholine_C5H13NO4P,13%)",5.0
A15_OE25-1-ALL_17546,Evosea,composite,OE25-1-ALL,17546,771.546082,True,34,19,1,0,1,Phospholipid,PC/SM,High,Phosphocholine at 29% → PC or SM,"fragment:184.0730(Phosphocholine_C5H13NO4P,29%)",5.0
A15_OE25-1-ALL_17726,Evosea,composite,OE25-1-ALL,17726,852.493259,True,17,17,1,0,1,Phospholipid,PC/SM,High,Phosphocholine at 84% → PC or SM,"fragment:184.0731(Phosphocholine_C5H13NO4P,84%)",5.0
A15_OE25-1-ALL_17841,Evosea,composite,OE25-1-ALL,17841,858.508691,True,23,14,1,0,1,Phospholipid,PC/SM,Medium,Phosphocholine at 10% → PC or SM,"fragment:184.0730(Phosphocholine_C5H13NO4P,10%)",5.0
A15_OE25-1-ALL_17866,Evosea,composite,OE25-1-ALL,17866,771.545714,True,41,21,1,0,1,Phospholipid,PC/SM,High,Phosphocholine at 41% → PC or SM,"fragment:184.0730(Phosphocholine_C5H13NO4P,41%)",5.0
A15_OE25-1-ALL_17927,Evosea,composite,OE25-1-ALL,17927,770.539056,True,44,19,1,1,2,Phospholipid,PE,High,PE headgroup + phosphocholine at 92%,"fragment:184.0731(Phosphocholine_C5H13NO4P,92%); loss:141.0191(Ethanolamine_phosphate,5%)",5.0
A15_OE25-1-ALL_18185,Evosea,composite,OE25-1-ALL,18185,833.46406,True,54,54,2,0,2,Phospholipid,PC/SM,Medium,Phosphocholine at 14% → PC or SM,"fragment:184.0735(Phosphocholine_C5H13NO4P,14%); fragment:197.0787(Ubiquinone_headgroup,9%)",5.0
A15_OE25-1-ALL_18591,Evosea,composite,OE25-1-ALL,18591,751.492309,True,59,11,1,0,1,Phospholipid,PC/SM,High,Phosphocholine at 69% → PC or SM,"fragment:184.0730(Phosphocholine_C5H13NO4P,69%)",5.0
A15_OE25-1-ALL_19062,Evosea,composite,OE25-1-ALL,19062,323.25753,True,107,44,13,0,13,Terpenoid,Terpenoid,Medium,13 terpenoid fragments → terpenoid/isoprenoid,"fragment:69.0705(Isoprene_unit,32%); fragment:81.0703(Monoterpene_frag,47%); fragment:93.0702(Toluenium,10%); fragment:95.0859(Methylcyclohexenyl,44%); fragment:105.0701(Xylene_cation,7%); fragment:107.0854(Dimethylcyclohexenyl,9%); fragment:109.1014(Sesquiterpene_frag,22%); fragment:119.0857(C9H11+,8%); fragment:121.1013(Sesquiterpene_frag2,12%); fragment:123.1169(Sesquiterpene_frag3,9%); fragment:133.1011(Diterpene_frag,13%); fragment:135.1168(Diterpene_frag2,7%); fragment:147.1167(C11H15+,6%)",5.0
A15_OE25-1-ALL_19292,Evosea,composite,OE25-1-ALL,19292,779.48246,True,180,11,1,0,1,Phospholipid,PC/SM,High,Phosphocholine at 100% → PC or SM,"fragment:184.0731(Phosphocholine_C5H13NO4P,100%)",5.0
A15_OE25-1-ALL_19306,Evosea,composite,OE25-1-ALL,19306,795.452973,True,18,6,1,0,1,Phospholipid,PC/SM,High,Phosphocholine at 57% → PC or SM,"fragment:184.0731(Phosphocholine_C5H13NO4P,57%)",5.0
A15_OE25-1-ALL_19369,Evosea,composite,OE25-1-ALL,19369,884.636682,True,78,17,1,0,1,Phospholipid,PC/SM,High,Phosphocholine at 100% → PC or SM,"fragment:184.0731(Phosphocholine_C5H13NO4P,100%)",5.0
A15_OE25-1-ALL_19408,Evosea,composite,OE25-1-ALL,19408,323.257542,True,90,33,10,0,10,Terpenoid,Terpenoid,Medium,10 terpenoid fragments → terpenoid/isoprenoid,"fragment:69.0706(Isoprene_unit,22%); fragment:81.0704(Monoterpene_frag,32%); fragment:93.0702(Toluenium,8%); fragment:95.0858(Methylcyclohexenyl,28%); fragment:107.0858(Dimethylcyclohexenyl,9%); fragment:109.1013(Sesquiterpene_frag,18%); fragment:119.0858(C9H11+,6%); fragment:121.1015(Sesquiterpene_frag2,7%); fragment:133.1009(Diterpene_frag,8%); fragment:147.1166(C11H15+,5%)",5.0
A15_OE25-1-ALL_20152,Evosea,composite,OE25-1-ALL,20152,872.418626,True,16,16,1,0,1,Phospholipid,PC/SM,Medium,Phosphocholine at 16% → PC or SM,"fragment:184.0730(Phosphocholine_C5H13NO4P,16%)",5.0
A15_OE25-1-ALL_20154,Evosea,composite,OE25-1-ALL,20154,732.488541,True,24,6,1,0,1,Phospholipid,PC/SM,High,Phosphocholine at 100% → PC or SM,"fragment:184.0731(Phosphocholine_C5H13NO4P,100%)",5.0
A15_OE25-1-ALL_20723,Evosea,composite,OE25-1-ALL,20723,872.417835,True,18,18,1,0,1,Phospholipid,PC/SM,Medium,Phosphocholine at 13% → PC or SM,"fragment:184.0715(Phosphocholine_C5H13NO4P,13%)",5.0
A15_OE25-1-ALL_20845,Evosea,composite,OE25-1-ALL,20845,512.385642,True,80,35,1,0,1,Sterol,Sterol,Medium,Sterol dehydration fragments,"fragment:397.3834(Sitosterol_-H2O,20%)",5.0
A15_OE25-1-ALL_21007,Evosea,composite,OE25-1-ALL,21007,772.51896,True,48,8,1,0,1,Phospholipid,PC/SM,Medium,Phosphocholine at 7% → PC or SM,"fragment:184.0730(Phosphocholine_C5H13NO4P,7%)",5.0
A15_OE25-1-ALL_21112,Evosea,composite,OE25-1-ALL,21112,809.468225,True,41,17,2,0,2,Phospholipid,PC/SM,High,Phosphocholine at 89% → PC or SM,"fragment:184.0731(Phosphocholine_C5H13NO4P,89%); fragment:197.0806(Ubiquinone_headgroup,11%)",5.0
A15_OE25-1-ALL_21272,Evosea,composite,OE25-1-ALL,21272,512.385662,True,123,32,1,0,1,Sterol,Sterol,Medium,Sterol dehydration fragments,"fragment:397.3820(Sitosterol_-H2O,16%)",5.0
A15_OE25-1-ALL_22104,Evosea,composite,OE25-1-ALL,22104,808.544852,True,28,5,1,0,1,Phospholipid,PC/SM,High,Phosphocholine at 100% → PC or SM,"fragment:184.0729(Phosphocholine_C5H13NO4P,100%)",5.0
A15_OE25-1-ALL_22511,Evosea,composite,OE25-1-ALL,22511,756.613534,True,19,5,1,0,1,Phospholipid,PC/SM,High,Phosphocholine at 100% → PC or SM,"fragment:184.0731(Phosphocholine_C5H13NO4P,100%)",5.0
A15_OE25-1-ALL_22514,Evosea,composite,OE25-1-ALL,22514,755.088141,True,18,5,1,0,1,Phospholipid,PC/SM,High,Phosphocholine at 100% → PC or SM,"fragment:184.0730(Phosphocholine_C5H13NO4P,100%)",5.0
A15_OE25-1-ALL_22586,Evosea,composite,OE25-1-ALL,22586,741.502054,True,57,5,1,0,1,Phospholipid,PC/SM,High,Phosphocholine at 100% → PC or SM,"fragment:184.0730(Phosphocholine_C5H13NO4P,100%)",5.0
A15_OE25-1-ALL_22639,Evosea,composite,OE25-1-ALL,22639,225.531843,True,131,12,3,0,3,Terpenoid,Terpenoid,Low,3 terpenoid fragments → possible terpenoid/isoprenoid,"fragment:81.0704(Monoterpene_frag,7%); fragment:93.0702(Toluenium,6%); fragment:95.0858(Methylcyclohexenyl,5%)",5.0
A15_OE25-1-ALL_22732,Evosea,composite,OE25-1-ALL,22732,1142.798034,True,27,14,1,0,1,Phospholipid,PC/SM,Medium,Phosphocholine at 12% → PC or SM,"fragment:184.0735(Phosphocholine_C5H13NO4P,12%)",5.0
A15_OE25-1-ALL_2372,Evosea,composite,OE25-1-ALL,2372,347.219009,True,60,60,9,0,9,Terpenoid,Terpenoid,Medium,9 terpenoid fragments → terpenoid/isoprenoid,"fragment:69.0704(Isoprene_unit,13%); fragment:81.0704(Monoterpene_frag,12%); fragment:93.0702(Toluenium,8%); fragment:95.0858(Methylcyclohexenyl,21%); fragment:105.0699(Xylene_cation,8%); fragment:107.0859(Dimethylcyclohexenyl,11%); fragment:109.1017(Sesquiterpene_frag,10%); fragment:121.1011(Sesquiterpene_frag2,9%); fragment:135.1165(Diterpene_frag2,9%)",5.0
A15_OE25-1-ALL_2417,Evosea,composite,OE25-1-ALL,2417,363.192682,True,58,58,1,0,1,Quinone,Ubiquinone,Medium,Ubiquinone headgroup fragment,"fragment:197.0804(Ubiquinone_headgroup,27%)",5.0
A15_OE25-1-ALL_24960,Evosea,composite,OE25-1-ALL,24960,811.566676,True,33,7,1,0,1,Phospholipid,PC/SM,High,Phosphocholine at 100% → PC or SM,"fragment:184.0732(Phosphocholine_C5H13NO4P,100%)",5.0
A15_OE25-1-ALL_2526,Evosea,composite,OE25-1-ALL,2526,369.274323,True,37,30,6,0,6,Terpenoid,Terpenoid,Medium,6 terpenoid fragments → terpenoid/isoprenoid,"fragment:69.0703(Isoprene_unit,6%); fragment:81.0705(Monoterpene_frag,11%); fragment:93.0700(Toluenium,6%); fragment:95.0858(Methylcyclohexenyl,7%); fragment:107.0856(Dimethylcyclohexenyl,5%); fragment:133.0859(Diterpene_frag,8%)",5.0
A15_OE25-1-ALL_2578,Evosea,composite,OE25-1-ALL,2578,620.391617,True,72,11,1,0,1,Phospholipid,PC/SM,High,Phosphocholine at 53% → PC or SM,"fragment:184.0732(Phosphocholine_C5H13NO4P,53%)",5.0
A15_OE25-1-ALL_2580,Evosea,composite,OE25-1-ALL,2580,463.244956,True,196,58,2,0,2,Phospholipid,PC/SM,Medium,Phosphocholine at 7% → PC or SM,"fragment:184.0734(Phosphocholine_C5H13NO4P,7%); fragment:197.0806(Ubiquinone_headgroup,35%)",5.0
A15_OE25-1-ALL_2581,Evosea,composite,OE25-1-ALL,2581,445.234361,True,111,111,1,0,1,Quinone,Ubiquinone,Medium,Ubiquinone headgroup fragment,"fragment:197.0804(Ubiquinone_headgroup,72%)",5.0
A15_OE25-1-ALL_26180,Evosea,composite,OE25-1-ALL,26180,1542.077046,True,39,11,1,0,1,Phospholipid,PC/SM,Medium,Phosphocholine at 7% → PC or SM,"fragment:184.0730(Phosphocholine_C5H13NO4P,7%)",5.0
A15_OE25-1-ALL_2661,Evosea,composite,OE25-1-ALL,2661,409.294196,True,50,50,12,0,12,Terpenoid,Terpenoid,Medium,12 terpenoid fragments → terpenoid/isoprenoid,"fragment:69.0704(Isoprene_unit,21%); fragment:81.0703(Monoterpene_frag,20%); fragment:93.0701(Toluenium,14%); fragment:95.0856(Methylcyclohexenyl,20%); fragment:105.0703(Xylene_cation,20%); fragment:107.0859(Dimethylcyclohexenyl,12%); fragment:109.1020(Sesquiterpene_frag,14%); fragment:121.1015(Sesquiterpene_frag2,18%); fragment:123.1166(Sesquiterpene_frag3,10%); fragment:133.0856(Diterpene_frag,26%); fragment:135.1166(Diterpene_frag2,9%); fragment:161.1320(C12H17+,12%)",5.0
A15_OE25-1-ALL_26825,Evosea,composite,OE25-1-ALL,26825,836.577859,True,24,5,1,0,1,Phospholipid,PC/SM,High,Phosphocholine at 84% → PC or SM,"fragment:184.0731(Phosphocholine_C5H13NO4P,84%)",5.0
A15_OE25-1-ALL_2739,Evosea,composite,OE25-1-ALL,2739,323.305011,True,111,28,8,0,8,Terpenoid,Terpenoid,Medium,8 terpenoid fragments → terpenoid/isoprenoid,"fragment:69.0705(Isoprene_unit,7%); fragment:81.0704(Monoterpene_frag,9%); fragment:95.0858(Methylcyclohexenyl,10%); fragment:107.0858(Dimethylcyclohexenyl,9%); fragment:109.1013(Sesquiterpene_frag,14%); fragment:121.1013(Sesquiterpene_frag2,6%); fragment:123.1170(Sesquiterpene_frag3,11%); fragment:149.1322(Sesterterpene_frag,23%)",5.0
A15_OE25-1-ALL_27770,Evosea,composite,OE25-1-ALL,27770,561.522842,True,92,21,6,0,6,Terpenoid,Terpenoid,Medium,6 terpenoid fragments → terpenoid/isoprenoid,"fragment:81.0703(Monoterpene_frag,22%); fragment:95.0858(Methylcyclohexenyl,22%); fragment:109.1013(Sesquiterpene_frag,15%); fragment:121.1010(Sesquiterpene_frag2,7%); fragment:123.1168(Sesquiterpene_frag3,9%); fragment:135.1167(Diterpene_frag2,6%)",5.0
A15_OE25-1-ALL_2808,Evosea,composite,OE25-1-ALL,2808,433.37763,True,56,15,1,0,1,Quinone,Ubiquinone,Medium,Ubiquinone headgroup fragment,"fragment:197.0809(Ubiquinone_headgroup,6%)",5.0
A15_OE25-1-ALL_28081,Evosea,composite,OE25-1-ALL,28081,775.529912,True,119,7,1,0,1,Phospholipid,PC/SM,High,Phosphocholine at 67% → PC or SM,"fragment:184.0730(Phosphocholine_C5H13NO4P,67%)",5.0
A15_OE25-1-ALL_28666,Evosea,composite,OE25-1-ALL,28666,586.538685,True,70,14,1,0,1,Sphingolipid,Ceramide,Medium,Sphingoid base fragments,"fragment:282.2784(Sphingoid_d18:1+H2O,7%)",5.0
A15_OE25-1-ALL_29122,Evosea,composite,OE25-1-ALL,29122,561.523733,True,80,17,5,0,5,Terpenoid,Terpenoid,Medium,5 terpenoid fragments → terpenoid/isoprenoid,"fragment:69.0704(Isoprene_unit,6%); fragment:81.0704(Monoterpene_frag,8%); fragment:95.0858(Methylcyclohexenyl,9%); fragment:109.1014(Sesquiterpene_frag,5%); fragment:133.0858(Diterpene_frag,5%)",5.0
A15_OE25-1-ALL_2969,Evosea,composite,OE25-1-ALL,2969,271.11431,True,60,39,2,3,5,Phospholipid,PG,Medium,Glycerophosphoglycerol diagnostic ions,"fragment:152.9824(Glycerophosphoglycerol-H2O,7%); fragment:225.0743(Hexose-H2O,9%); loss:162.0528(Hexose_loss,6%); loss:180.0634(Hexose+H2O_loss,14%); loss:180.0634(Hexose_ceramide,14%)",5.0
A15_OE25-1-ALL_2982,Evosea,composite,OE25-1-ALL,2982,550.360188,True,98,7,1,0,1,Phospholipid,PC/SM,High,Phosphocholine at 70% → PC or SM,"fragment:184.0731(Phosphocholine_C5H13NO4P,70%)",5.0
A15_OE25-1-ALL_29939,Evosea,composite,OE25-1-ALL,29939,213.176038,True,35,35,7,0,7,Terpenoid,Terpenoid,Medium,7 terpenoid fragments → terpenoid/isoprenoid,"fragment:69.0704(Isoprene_unit,31%); fragment:81.0704(Monoterpene_frag,83%); fragment:93.0701(Toluenium,52%); fragment:95.0857(Methylcyclohexenyl,57%); fragment:107.0856(Dimethylcyclohexenyl,19%); fragment:109.1013(Sesquiterpene_frag,24%); fragment:119.0854(C9H11+,32%)",5.0
A15_OE25-1-ALL_30364,Evosea,composite,OE25-1-ALL,30364,533.4915,True,83,48,11,0,11,Terpenoid,Terpenoid,Medium,11 terpenoid fragments → terpenoid/isoprenoid,"fragment:69.0704(Isoprene_unit,58%); fragment:81.0703(Monoterpene_frag,100%); fragment:93.0703(Toluenium,38%); fragment:95.0858(Methylcyclohexenyl,79%); fragment:107.0857(Dimethylcyclohexenyl,38%); fragment:109.1013(Sesquiterpene_frag,50%); fragment:121.1012(Sesquiterpene_frag2,64%); fragment:123.1168(Sesquiterpene_frag3,32%); fragment:133.0858(Diterpene_frag,6%); fragment:135.1167(Diterpene_frag2,54%); fragment:149.1323(Sesterterpene_frag,24%)",5.0
A15_OE25-1-ALL_3039,Evosea,composite,OE25-1-ALL,3039,624.204883,True,41,5,1,0,1,Phospholipid,PC/SM,Medium,Phosphocholine at 5% → PC or SM,"fragment:184.0730(Phosphocholine_C5H13NO4P,5%)",5.0
A15_OE25-1-ALL_31348,Evosea,composite,OE25-1-ALL,31348,564.542307,True,54,20,6,0,6,Terpenoid,Terpenoid,Medium,6 terpenoid fragments → terpenoid/isoprenoid,"fragment:81.0703(Monoterpene_frag,22%); fragment:95.0858(Methylcyclohexenyl,29%); fragment:109.1014(Sesquiterpene_frag,17%); fragment:121.1014(Sesquiterpene_frag2,7%); fragment:123.1171(Sesquiterpene_frag3,8%); fragment:135.1170(Diterpene_frag2,8%)",5.0
A15_OE25-1-ALL_31566,Evosea,composite,OE25-1-ALL,31566,949.573328,True,73,14,6,0,6,Terpenoid,Terpenoid,Medium,6 terpenoid fragments → terpenoid/isoprenoid,"fragment:81.0702(Monoterpene_frag,9%); fragment:95.0858(Methylcyclohexenyl,9%); fragment:109.1013(Sesquiterpene_frag,9%); fragment:121.1010(Sesquiterpene_frag2,6%); fragment:123.1167(Sesquiterpene_frag3,5%); fragment:149.1319(Sesterterpene_frag,5%)",5.0
A15_OE25-1-ALL_31601,Evosea,composite,OE25-1-ALL,31601,753.582521,True,20,8,1,0,1,Phospholipid,PC/SM,High,Phosphocholine at 100% → PC or SM,"fragment:184.0729(Phosphocholine_C5H13NO4P,100%)",5.0
A15_OE25-1-ALL_3205,Evosea,composite,OE25-1-ALL,3205,477.260741,True,120,70,2,1,3,Phospholipid,PE,High,PE headgroup + phosphocholine at 10%,"fragment:184.0732(Phosphocholine_C5H13NO4P,10%); fragment:197.0809(Ubiquinone_headgroup,10%); loss:141.0191(Ethanolamine_phosphate,11%)",5.0
A15_OE25-1-ALL_32136,Evosea,composite,OE25-1-ALL,32136,1498.11719,True,57,16,1,0,1,Phospholipid,PC/SM,Medium,Phosphocholine at 7% → PC or SM,"fragment:184.0733(Phosphocholine_C5H13NO4P,7%)",5.0
A15_OE25-1-ALL_32767,Evosea,composite,OE25-1-ALL,32767,577.554233,True,147,18,3,0,3,Terpenoid,Terpenoid,Low,3 terpenoid fragments → possible terpenoid/isoprenoid,"fragment:69.0704(Isoprene_unit,5%); fragment:81.0703(Monoterpene_frag,6%); fragment:95.0858(Methylcyclohexenyl,7%)",5.0
A15_OE25-1-ALL_32803,Evosea,composite,OE25-1-ALL,32803,615.533902,True,116,31,10,0,10,Terpenoid,Terpenoid,Medium,10 terpenoid fragments → terpenoid/isoprenoid,"fragment:69.0704(Isoprene_unit,11%); fragment:81.0703(Monoterpene_frag,19%); fragment:95.0858(Methylcyclohexenyl,24%); fragment:109.1013(Sesquiterpene_frag,16%); fragment:121.1013(Sesquiterpene_frag2,9%); fragment:123.1169(Sesquiterpene_frag3,11%); fragment:133.0858(Diterpene_frag,13%); fragment:135.1170(Diterpene_frag2,6%); fragment:149.1322(Sesterterpene_frag,5%); fragment:161.1324(C12H17+,6%)",5.0
A15_OE25-1-ALL_33062,Evosea,composite,OE25-1-ALL,33062,577.55426,True,83,17,3,0,3,Terpenoid,Terpenoid,Low,3 terpenoid fragments → possible terpenoid/isoprenoid,"fragment:81.0703(Monoterpene_frag,10%); fragment:95.0858(Methylcyclohexenyl,8%); fragment:109.1013(Sesquiterpene_frag,5%)",5.0
A15_OE25-1-ALL_33129,Evosea,composite,OE25-1-ALL,33129,547.507957,True,221,48,11,0,11,Terpenoid,Terpenoid,Medium,11 terpenoid fragments → terpenoid/isoprenoid,"fragment:69.0705(Isoprene_unit,61%); fragment:81.0703(Monoterpene_frag,90%); fragment:93.0702(Toluenium,34%); fragment:95.0858(Methylcyclohexenyl,87%); fragment:107.0856(Dimethylcyclohexenyl,37%); fragment:109.1013(Sesquiterpene_frag,53%); fragment:121.1012(Sesquiterpene_frag2,62%); fragment:123.1168(Sesquiterpene_frag3,17%); fragment:135.1167(Diterpene_frag2,58%); fragment:149.1322(Sesterterpene_frag,22%); fragment:205.1943(Steroid_C15,5%)",5.0
A15_OE25-1-ALL_33178,Evosea,composite,OE25-1-ALL,33178,1377.050791,True,34,9,1,0,1,Phospholipid,PG,Medium,Glycerophosphoglycerol diagnostic ions,"fragment:153.0088(Glycerophosphoglycerol-H2O,5%)",5.0
A15_OE25-1-ALL_33191,Evosea,composite,OE25-1-ALL,33191,466.292174,True,123,9,0,1,1,Phospholipid,PE,Medium,PE-specific ions without phosphocholine,"loss:141.0191(Ethanolamine_phosphate,100%)",5.0
A15_OE25-1-ALL_33277,Evosea,composite,OE25-1-ALL,33277,710.508517,True,162,31,10,0,10,Terpenoid,Terpenoid,Medium,10 terpenoid fragments → terpenoid/isoprenoid,"fragment:81.0704(Monoterpene_frag,22%); fragment:95.0859(Methylcyclohexenyl,21%); fragment:107.0858(Dimethylcyclohexenyl,6%); fragment:109.1014(Sesquiterpene_frag,17%); fragment:121.1011(Sesquiterpene_frag2,13%); fragment:123.1170(Sesquiterpene_frag3,9%); fragment:135.1170(Diterpene_frag2,8%); fragment:147.1166(C11H15+,6%); fragment:149.1324(Sesterterpene_frag,11%); fragment:203.1795(Triterpene_C15,5%)",5.0
A15_OE25-1-ALL_33281,Evosea,composite,OE25-1-ALL,33281,1487.123326,True,40,12,1,0,1,Phospholipid,PC/SM,Medium,Phosphocholine at 5% → PC or SM,"fragment:184.0729(Phosphocholine_C5H13NO4P,5%)",5.0
A15_OE25-1-ALL_33383,Evosea,composite,OE25-1-ALL,33383,364.260262,True,34,17,3,0,3,Terpenoid,Terpenoid,Low,3 terpenoid fragments → possible terpenoid/isoprenoid,"fragment:69.0705(Isoprene_unit,8%); fragment:95.0860(Methylcyclohexenyl,7%); fragment:133.0860(Diterpene_frag,6%)",5.0
A15_OE25-1-ALL_3379,Evosea,composite,OE25-1-ALL,3379,397.305403,True,120,77,1,0,1,Pentacyclic_Triterpenoid,Hopanoid,Low,Hopanoid diagnostic fragments,"fragment:191.1793(Hopane_skeleton,17%)",5.0
A15_OE25-1-ALL_33974,Evosea,composite,OE25-1-ALL,33974,817.593113,True,45,12,1,0,1,Phospholipid,PC/SM,High,Phosphocholine at 43% → PC or SM,"fragment:184.0731(Phosphocholine_C5H13NO4P,43%)",5.0
A15_OE25-1-ALL_34289,Evosea,composite,OE25-1-ALL,34289,364.260237,True,109,23,4,0,4,Terpenoid,Terpenoid,Low,4 terpenoid fragments → possible terpenoid/isoprenoid,"fragment:69.0704(Isoprene_unit,9%); fragment:95.0859(Methylcyclohexenyl,5%); fragment:107.0703(Dimethylcyclohexenyl,5%); fragment:133.0858(Diterpene_frag,14%)",5.0
A15_OE25-1-ALL_34347,Evosea,composite,OE25-1-ALL,34347,480.307959,True,166,20,0,1,1,Phospholipid,PE,Medium,PE-specific ions without phosphocholine,"loss:141.0191(Ethanolamine_phosphate,100%)",5.0
A15_OE25-1-ALL_34387,Evosea,composite,OE25-1-ALL,34387,462.297033,True,100,92,2,0,2,Sterol,Sterol,Medium,Sterol dehydration fragments,"fragment:369.3626(Cholesterol_-H2O,6%); fragment:369.3626(Hopanol,6%)",5.0
A15_OE25-1-ALL_34442,Evosea,composite,OE25-1-ALL,34442,740.498995,True,61,13,1,0,1,Phospholipid,PC/SM,High,Phosphocholine at 100% → PC or SM,"fragment:184.0732(Phosphocholine_C5H13NO4P,100%)",5.0
A15_OE25-1-ALL_3479,Evosea,composite,OE25-1-ALL,3479,324.260628,True,94,44,13,0,13,Terpenoid,Terpenoid,Medium,13 terpenoid fragments → terpenoid/isoprenoid,"fragment:69.0705(Isoprene_unit,50%); fragment:81.0704(Monoterpene_frag,65%); fragment:93.0703(Toluenium,16%); fragment:95.0858(Methylcyclohexenyl,59%); fragment:105.0702(Xylene_cation,10%); fragment:107.0856(Dimethylcyclohexenyl,11%); fragment:109.1015(Sesquiterpene_frag,30%); fragment:119.0856(C9H11+,14%); fragment:121.1011(Sesquiterpene_frag2,14%); fragment:123.1167(Sesquiterpene_frag3,9%); fragment:133.1009(Diterpene_frag,11%); fragment:135.1167(Diterpene_frag2,11%); fragment:149.1321(Sesterterpene_frag,6%)",5.0
A15_OE25-1-ALL_35122,Evosea,composite,OE25-1-ALL,35122,645.524069,True,125,116,2,0,2,Quinone,Ubiquinone,Medium,Ubiquinone headgroup fragment,"fragment:197.0805(Ubiquinone_headgroup,26%); fragment:191.1792(Hopane_skeleton,19%)",5.0
A15_OE25-1-ALL_36507,Evosea,composite,OE25-1-ALL,36507,759.554658,True,36,5,1,0,1,Phospholipid,PC/SM,High,Phosphocholine at 100% → PC or SM,"fragment:184.0731(Phosphocholine_C5H13NO4P,100%)",5.0
A15_OE25-1-ALL_36574,Evosea,composite,OE25-1-ALL,36574,419.255317,True,41,22,8,0,8,Terpenoid,Terpenoid,Medium,8 terpenoid fragments → terpenoid/isoprenoid,"fragment:69.0705(Isoprene_unit,18%); fragment:81.0705(Monoterpene_frag,16%); fragment:95.0859(Methylcyclohexenyl,16%); fragment:109.1014(Sesquiterpene_frag,11%); fragment:121.1013(Sesquiterpene_frag2,8%); fragment:133.0856(Diterpene_frag,7%); fragment:135.1167(Diterpene_frag2,8%); fragment:149.1328(Sesterterpene_frag,6%)",5.0
A15_OE25-1-ALL_3685,Evosea,composite,OE25-1-ALL,3685,957.59283,True,20,14,1,0,1,Phospholipid,PC/SM,Medium,Phosphocholine at 6% → PC or SM,"fragment:184.0719(Phosphocholine_C5H13NO4P,6%)",5.0
A15_OE25-1-ALL_37072,Evosea,composite,OE25-1-ALL,37072,764.55541,True,31,20,2,0,2,Phospholipid,PC/SM,High,Phosphocholine at 100% → PC or SM,"fragment:184.0731(Phosphocholine_C5H13NO4P,100%); fragment:197.0807(Ubiquinone_headgroup,10%)",5.0
A15_OE25-1-ALL_3765,Evosea,composite,OE25-1-ALL,3765,509.33085,True,186,17,1,0,1,Phospholipid,PC/SM,High,Phosphocholine at 43% → PC or SM,"fragment:184.0730(Phosphocholine_C5H13NO4P,43%)",5.0
A15_OE25-1-ALL_37806,Evosea,composite,OE25-1-ALL,37806,701.56995,True,99,56,11,0,11,Terpenoid,Terpenoid,Medium,11 terpenoid fragments → terpenoid/isoprenoid,"fragment:81.0706(Monoterpene_frag,6%); fragment:95.0859(Methylcyclohexenyl,12%); fragment:107.0859(Dimethylcyclohexenyl,9%); fragment:109.1014(Sesquiterpene_frag,16%); fragment:119.0857(C9H11+,6%); fragment:121.1010(Sesquiterpene_frag2,10%); fragment:123.1167(Sesquiterpene_frag3,8%); fragment:133.0857(Diterpene_frag,14%); fragment:135.1169(Diterpene_frag2,8%); fragment:147.1167(C11H15+,7%); fragment:149.1329(Sesterterpene_frag,9%)",5.0
A15_OE25-1-ALL_37902,Evosea,composite,OE25-1-ALL,37902,662.579292,True,73,27,1,0,1,Quinone,Ubiquinone,Medium,Ubiquinone headgroup fragment,"fragment:197.0808(Ubiquinone_headgroup,6%)",5.0
A15_OE25-1-ALL_3797,Evosea,composite,OE25-1-ALL,3797,339.372463,True,190,46,15,0,15,Terpenoid,Terpenoid,Medium,15 terpenoid fragments → terpenoid/isoprenoid,"fragment:69.0704(Isoprene_unit,45%); fragment:81.0703(Monoterpene_frag,77%); fragment:93.0701(Toluenium,20%); fragment:95.0858(Methylcyclohexenyl,77%); fragment:105.0700(Xylene_cation,9%); fragment:107.0857(Dimethylcyclohexenyl,15%); fragment:109.1013(Sesquiterpene_frag,40%); fragment:119.0855(C9H11+,11%); fragment:121.1011(Sesquiterpene_frag2,17%); fragment:123.1168(Sesquiterpene_frag3,18%); fragment:133.1009(Diterpene_frag,12%); fragment:135.1169(Diterpene_frag2,7%); fragment:147.1163(C11H15+,8%); fragment:149.1325(Sesterterpene_frag,5%); fragment:161.1320(C12H17+,10%)",5.0
A15_OE25-1-ALL_3800,Evosea,composite,OE25-1-ALL,3800,554.344465,True,40,35,1,0,1,Phospholipid,PC/SM,High,Phosphocholine at 41% → PC or SM,"fragment:184.0729(Phosphocholine_C5H13NO4P,41%)",5.0
A15_OE25-1-ALL_3802,Evosea,composite,OE25-1-ALL,3802,492.280427,True,165,4,1,0,1,Phospholipid,PC/SM,High,Phosphocholine at 100% → PC or SM,"fragment:184.0730(Phosphocholine_C5H13NO4P,100%)",5.0
A15_OE25-1-ALL_3803,Evosea,composite,OE25-1-ALL,3803,510.289872,True,30,3,1,0,1,Phospholipid,PC/SM,High,Phosphocholine at 100% → PC or SM,"fragment:184.0731(Phosphocholine_C5H13NO4P,100%)",5.0
A15_OE25-1-ALL_38033,Evosea,composite,OE25-1-ALL,38033,905.586152,True,70,10,3,0,3,Terpenoid,Terpenoid,Low,3 terpenoid fragments → possible terpenoid/isoprenoid,"fragment:81.0703(Monoterpene_frag,7%); fragment:95.0857(Methylcyclohexenyl,6%); fragment:109.1013(Sesquiterpene_frag,8%)",5.0
A15_OE25-1-ALL_3808,Evosea,composite,OE25-1-ALL,3808,493.282744,True,73,4,1,0,1,Phospholipid,PC/SM,High,Phosphocholine at 100% → PC or SM,"fragment:184.0731(Phosphocholine_C5H13NO4P,100%)",5.0
A15_OE25-1-ALL_3812,Evosea,composite,OE25-1-ALL,3812,547.233298,True,59,15,1,0,1,Phospholipid,PC/SM,High,Phosphocholine at 72% → PC or SM,"fragment:184.0731(Phosphocholine_C5H13NO4P,72%)",5.0
A15_OE25-1-ALL_38163,Evosea,composite,OE25-1-ALL,38163,873.55958,True,33,11,3,0,3,Terpenoid,Terpenoid,Low,3 terpenoid fragments → possible terpenoid/isoprenoid,"fragment:81.0701(Monoterpene_frag,7%); fragment:95.0859(Methylcyclohexenyl,5%); fragment:109.1014(Sesquiterpene_frag,9%)",5.0
A15_OE25-1-ALL_3948,Evosea,composite,OE25-1-ALL,3948,1028.617884,True,44,9,1,0,1,Phospholipid,PC/SM,Medium,Phosphocholine at 12% → PC or SM,"fragment:184.0726(Phosphocholine_C5H13NO4P,12%)",5.0
A15_OE25-1-ALL_39620,Evosea,composite,OE25-1-ALL,39620,295.093421,True,69,66,8,0,8,Terpenoid,Terpenoid,Medium,8 terpenoid fragments → terpenoid/isoprenoid,"fragment:69.0704(Isoprene_unit,11%); fragment:81.0703(Monoterpene_frag,12%); fragment:93.0702(Toluenium,6%); fragment:95.0858(Methylcyclohexenyl,18%); fragment:109.1017(Sesquiterpene_frag,8%); fragment:119.0852(C9H11+,8%); fragment:133.1012(Diterpene_frag,6%); fragment:135.1167(Diterpene_frag2,9%)",5.0
A15_OE25-1-ALL_39650,Evosea,composite,OE25-1-ALL,39650,355.15076,True,34,34,6,0,6,Terpenoid,Terpenoid,Medium,6 terpenoid fragments → terpenoid/isoprenoid,"fragment:69.0704(Isoprene_unit,30%); fragment:81.0702(Monoterpene_frag,18%); fragment:95.0858(Methylcyclohexenyl,17%); fragment:107.0858(Dimethylcyclohexenyl,7%); fragment:109.1014(Sesquiterpene_frag,17%); fragment:133.0858(Diterpene_frag,13%)",5.0
A15_OE25-1-ALL_39946,Evosea,composite,OE25-1-ALL,39946,296.077466,True,48,37,11,0,11,Terpenoid,Terpenoid,Medium,11 terpenoid fragments → terpenoid/isoprenoid,"fragment:69.0705(Isoprene_unit,19%); fragment:81.0703(Monoterpene_frag,12%); fragment:93.0700(Toluenium,6%); fragment:95.0859(Methylcyclohexenyl,17%); fragment:107.0858(Dimethylcyclohexenyl,7%); fragment:109.1017(Sesquiterpene_frag,11%); fragment:119.0860(C9H11+,8%); fragment:121.1014(Sesquiterpene_frag2,11%); fragment:123.1173(Sesquiterpene_frag3,6%); fragment:133.1013(Diterpene_frag,6%); fragment:135.1171(Diterpene_frag2,8%)",5.0
A15_OE25-1-ALL_40012,Evosea,composite,OE25-1-ALL,40012,699.534258,True,67,65,1,0,1,Pentacyclic_Triterpenoid,Hopanoid,Low,Hopanoid diagnostic fragments,"fragment:191.1797(Hopane_skeleton,8%)",5.0
A15_OE25-1-ALL_4008,Evosea,composite,OE25-1-ALL,4008,340.29175,True,146,58,12,0,12,Terpenoid,Terpenoid,Medium,12 terpenoid fragments → terpenoid/isoprenoid,"fragment:69.0705(Isoprene_unit,100%); fragment:81.0704(Monoterpene_frag,87%); fragment:93.0703(Toluenium,17%); fragment:95.0859(Methylcyclohexenyl,78%); fragment:107.0856(Dimethylcyclohexenyl,14%); fragment:109.1013(Sesquiterpene_frag,33%); fragment:119.0855(C9H11+,7%); fragment:121.1012(Sesquiterpene_frag2,18%); fragment:123.1168(Sesquiterpene_frag3,15%); fragment:133.1010(Diterpene_frag,6%); fragment:135.1165(Diterpene_frag2,10%); fragment:149.1325(Sesterterpene_frag,11%)",5.0
A15_OE25-1-ALL_4025,Evosea,composite,OE25-1-ALL,4025,1001.582159,True,70,14,1,0,1,Phospholipid,PC/SM,High,Phosphocholine at 26% → PC or SM,"fragment:184.0730(Phosphocholine_C5H13NO4P,26%)",5.0
A15_OE25-1-ALL_4078,Evosea,composite,OE25-1-ALL,4078,1116.601774,True,20,8,1,0,1,Phospholipid,PC/SM,Medium,Phosphocholine at 9% → PC or SM,"fragment:184.0735(Phosphocholine_C5H13NO4P,9%)",5.0
A15_OE25-1-ALL_40912,Evosea,composite,OE25-1-ALL,40912,619.50555,True,94,7,1,0,1,Quinone,Ubiquinone,Medium,Ubiquinone headgroup fragment,"fragment:197.0809(Ubiquinone_headgroup,10%)",5.0
A15_OE25-1-ALL_4108,Evosea,composite,OE25-1-ALL,4108,461.266207,True,67,41,5,0,5,Terpenoid,Terpenoid,Medium,5 terpenoid fragments → terpenoid/isoprenoid,"fragment:69.0705(Isoprene_unit,10%); fragment:81.0705(Monoterpene_frag,6%); fragment:95.0859(Methylcyclohexenyl,10%); fragment:109.1014(Sesquiterpene_frag,6%); fragment:133.0860(Diterpene_frag,8%)",5.0
A15_OE25-1-ALL_4134,Evosea,composite,OE25-1-ALL,4134,245.22574,True,57,44,12,0,12,Terpenoid,Terpenoid,Medium,12 terpenoid fragments → terpenoid/isoprenoid,"fragment:69.0704(Isoprene_unit,7%); fragment:81.0703(Monoterpene_frag,18%); fragment:93.0700(Toluenium,8%); fragment:95.0858(Methylcyclohexenyl,16%); fragment:105.0701(Xylene_cation,9%); fragment:107.0856(Dimethylcyclohexenyl,14%); fragment:109.1014(Sesquiterpene_frag,10%); fragment:119.0855(C9H11+,11%); fragment:121.1012(Sesquiterpene_frag2,12%); fragment:133.1008(Diterpene_frag,9%); fragment:135.1170(Diterpene_frag2,6%); fragment:175.1471(C13H19+,7%)",5.0
A15_OE25-1-ALL_41595,Evosea,composite,OE25-1-ALL,41595,873.556356,True,130,61,1,0,1,Pentacyclic_Triterpenoid,Hopanoid,Low,Hopanoid diagnostic fragments,"fragment:191.1791(Hopane_skeleton,10%)",5.0
A15_OE25-1-ALL_42690,Evosea,composite,OE25-1-ALL,42690,783.607768,True,185,15,2,0,2,Phospholipid,PC/SM,High,Phosphocholine at 100% → PC or SM,"fragment:184.0730(Phosphocholine_C5H13NO4P,100%); fragment:225.0905(Hexose-H2O,14%)",5.0
A15_OE25-1-ALL_4304,Evosea,composite,OE25-1-ALL,4304,989.654239,True,27,27,1,0,1,Phospholipid,PC/SM,Medium,Phosphocholine at 13% → PC or SM,"fragment:184.0738(Phosphocholine_C5H13NO4P,13%)",5.0
A15_OE25-1-ALL_43993,Evosea,composite,OE25-1-ALL,43993,785.622527,True,46,14,1,0,1,Phospholipid,PC/SM,High,Phosphocholine at 100% → PC or SM,"fragment:184.0729(Phosphocholine_C5H13NO4P,100%)",5.0
A15_OE25-1-ALL_44928,Evosea,composite,OE25-1-ALL,44928,747.62978,True,80,58,1,0,1,Phospholipid,PC/SM,High,Phosphocholine at 56% → PC or SM,"fragment:184.0732(Phosphocholine_C5H13NO4P,56%)",5.0
A15_OE25-1-ALL_45081,Evosea,composite,OE25-1-ALL,45081,747.628474,True,36,36,2,0,2,Phospholipid,PC/SM,High,Phosphocholine at 91% → PC or SM,"fragment:184.0729(Phosphocholine_C5H13NO4P,91%); fragment:197.0797(Ubiquinone_headgroup,11%)",5.0
A15_OE25-1-ALL_4538,Evosea,composite,OE25-1-ALL,4538,798.978813,True,8,8,1,0,1,Phospholipid,PC/SM,High,Phosphocholine at 90% → PC or SM,"fragment:184.0727(Phosphocholine_C5H13NO4P,90%)",5.0
A15_OE25-1-ALL_45439,Evosea,composite,OE25-1-ALL,45439,731.633529,True,86,23,1,0,1,Phospholipid,PC/SM,High,Phosphocholine at 24% → PC or SM,"fragment:184.0733(Phosphocholine_C5H13NO4P,24%)",5.0
A15_OE25-1-ALL_45482,Evosea,composite,OE25-1-ALL,45482,793.680651,True,50,43,1,0,1,Quinone,Ubiquinone,Medium,Ubiquinone headgroup fragment,"fragment:197.0808(Ubiquinone_headgroup,7%)",5.0
A15_OE25-1-ALL_45627,Evosea,composite,OE25-1-ALL,45627,731.634212,True,30,30,1,0,1,Phospholipid,PC/SM,High,Phosphocholine at 47% → PC or SM,"fragment:184.0733(Phosphocholine_C5H13NO4P,47%)",5.0
A15_OE25-1-ALL_45699,Evosea,composite,OE25-1-ALL,45699,955.822624,True,83,17,8,0,8,Terpenoid,Terpenoid,Medium,8 terpenoid fragments → terpenoid/isoprenoid,"fragment:81.0704(Monoterpene_frag,19%); fragment:95.0859(Methylcyclohexenyl,17%); fragment:109.1014(Sesquiterpene_frag,15%); fragment:121.1013(Sesquiterpene_frag2,8%); fragment:123.1169(Sesquiterpene_frag3,6%); fragment:135.1168(Diterpene_frag2,6%); fragment:149.1325(Sesterterpene_frag,10%); fragment:203.1797(Triterpene_C15,5%)",5.0
A15_OE25-1-ALL_45894,Evosea,composite,OE25-1-ALL,45894,955.822522,True,40,18,1,0,1,Pentacyclic_Triterpenoid,Hopanoid,Low,Hopanoid diagnostic fragments,"fragment:191.1797(Hopane_skeleton,5%)",5.0
A15_OE25-1-ALL_4659,Evosea,composite,OE25-1-ALL,4659,524.347997,True,64,7,1,0,1,Phospholipid,PC/SM,High,Phosphocholine at 100% → PC or SM,"fragment:184.0731(Phosphocholine_C5H13NO4P,100%)",5.0
A15_OE25-1-ALL_47579,Evosea,composite,OE25-1-ALL,47579,788.541984,True,37,37,1,0,1,Phospholipid,PC/SM,High,Phosphocholine at 59% → PC or SM,"fragment:184.0730(Phosphocholine_C5H13NO4P,59%)",5.0
A15_OE25-1-ALL_47647,Evosea,composite,OE25-1-ALL,47647,802.6494,True,111,22,1,0,1,Phospholipid,PC/SM,Medium,Phosphocholine at 6% → PC or SM,"fragment:184.0733(Phosphocholine_C5H13NO4P,6%)",5.0
A15_OE25-1-ALL_48355,Evosea,composite,OE25-1-ALL,48355,774.527452,True,42,42,2,0,2,Phospholipid,PC/SM,High,Phosphocholine at 100% → PC or SM,"fragment:184.0732(Phosphocholine_C5H13NO4P,100%); fragment:191.1783(Hopane_skeleton,9%)",5.0
A15_OE25-1-ALL_4927,Evosea,composite,OE25-1-ALL,4927,512.350695,True,69,13,1,0,1,Phospholipid,PC/SM,High,Phosphocholine at 66% → PC or SM,"fragment:184.0731(Phosphocholine_C5H13NO4P,66%)",5.0
A15_OE25-1-ALL_4943,Evosea,composite,OE25-1-ALL,4943,552.37749,True,63,9,1,0,1,Phospholipid,PC/SM,High,Phosphocholine at 40% → PC or SM,"fragment:184.0730(Phosphocholine_C5H13NO4P,40%)",5.0
A15_OE25-1-ALL_5025,Evosea,composite,OE25-1-ALL,5025,505.292788,True,175,22,1,0,1,Phospholipid,PC/SM,High,Phosphocholine at 91% → PC or SM,"fragment:184.0731(Phosphocholine_C5H13NO4P,91%)",5.0
A15_OE25-1-ALL_5058,Evosea,composite,OE25-1-ALL,5058,495.290846,True,32,4,1,0,1,Phospholipid,PC/SM,High,Phosphocholine at 100% → PC or SM,"fragment:184.0730(Phosphocholine_C5H13NO4P,100%)",5.0
A15_OE25-1-ALL_5261,Evosea,composite,OE25-1-ALL,5261,512.297195,True,37,18,1,0,1,Phospholipid,PC/SM,High,Phosphocholine at 48% → PC or SM,"fragment:184.0730(Phosphocholine_C5H13NO4P,48%)",5.0
A15_OE25-1-ALL_5356,Evosea,composite,OE25-1-ALL,5356,353.304339,True,119,81,11,0,11,Terpenoid,Terpenoid,Medium,11 terpenoid fragments → terpenoid/isoprenoid,"fragment:69.0705(Isoprene_unit,72%); fragment:81.0703(Monoterpene_frag,56%); fragment:93.0703(Toluenium,16%); fragment:95.0858(Methylcyclohexenyl,53%); fragment:107.0858(Dimethylcyclohexenyl,11%); fragment:109.1012(Sesquiterpene_frag,28%); fragment:119.0857(C9H11+,7%); fragment:121.1012(Sesquiterpene_frag2,20%); fragment:123.1168(Sesquiterpene_frag3,14%); fragment:135.1166(Diterpene_frag2,17%); fragment:149.1325(Sesterterpene_frag,7%)",5.0
A15_OE25-1-ALL_5766,Evosea,composite,OE25-1-ALL,5766,513.335652,True,100,25,1,0,1,Phospholipid,PC/SM,High,Phosphocholine at 27% → PC or SM,"fragment:184.0733(Phosphocholine_C5H13NO4P,27%)",5.0
A15_OE25-1-ALL_5779,Evosea,composite,OE25-1-ALL,5779,383.271905,True,41,21,3,0,3,Terpenoid,Terpenoid,Low,3 terpenoid fragments → possible terpenoid/isoprenoid,"fragment:69.0704(Isoprene_unit,6%); fragment:95.0854(Methylcyclohexenyl,6%); fragment:133.0857(Diterpene_frag,54%)",5.0
A15_OE25-1-ALL_5782,Evosea,composite,OE25-1-ALL,5782,551.291328,True,25,17,1,0,1,Phospholipid,PC/SM,High,Phosphocholine at 100% → PC or SM,"fragment:184.0730(Phosphocholine_C5H13NO4P,100%)",5.0
A15_OE25-1-ALL_5858,Evosea,composite,OE25-1-ALL,5858,704.448824,True,192,3,1,0,1,Phospholipid,PC/SM,High,Phosphocholine at 100% → PC or SM,"fragment:184.0731(Phosphocholine_C5H13NO4P,100%)",5.0
A15_OE25-1-ALL_5918,Evosea,composite,OE25-1-ALL,5918,509.306841,True,103,10,1,1,2,Phospholipid,PE,High,PE headgroup + phosphocholine at 95%,"fragment:184.0731(Phosphocholine_C5H13NO4P,95%); loss:141.0191(Ethanolamine_phosphate,5%)",5.0
A15_OE25-1-ALL_6058,Evosea,composite,OE25-1-ALL,6058,621.332864,True,209,27,1,0,1,Phospholipid,PC/SM,High,Phosphocholine at 38% → PC or SM,"fragment:184.0730(Phosphocholine_C5H13NO4P,38%)",5.0
A15_OE25-1-ALL_6121,Evosea,composite,OE25-1-ALL,6121,772.47523,True,22,22,1,0,1,Phospholipid,PC/SM,High,Phosphocholine at 100% → PC or SM,"fragment:184.0730(Phosphocholine_C5H13NO4P,100%)",5.0
A15_OE25-1-ALL_6130,Evosea,composite,OE25-1-ALL,6130,572.310961,True,86,16,1,0,1,Phospholipid,PC/SM,Medium,Phosphocholine at 7% → PC or SM,"fragment:184.0733(Phosphocholine_C5H13NO4P,7%)",5.0
A15_OE25-1-ALL_6181,Evosea,composite,OE25-1-ALL,6181,546.295543,True,30,9,1,0,1,Phospholipid,PC/SM,High,Phosphocholine at 100% → PC or SM,"fragment:184.0731(Phosphocholine_C5H13NO4P,100%)",5.0
A15_OE25-1-ALL_6192,Evosea,composite,OE25-1-ALL,6192,676.453996,True,62,6,1,0,1,Phospholipid,PC/SM,High,Phosphocholine at 37% → PC or SM,"fragment:184.0730(Phosphocholine_C5H13NO4P,37%)",5.0
A15_OE25-1-ALL_6212,Evosea,composite,OE25-1-ALL,6212,712.393695,True,17,17,1,0,1,Phospholipid,PC/SM,High,Phosphocholine at 28% → PC or SM,"fragment:184.0726(Phosphocholine_C5H13NO4P,28%)",5.0
A15_OE25-1-ALL_6226,Evosea,composite,OE25-1-ALL,6226,632.392018,True,80,24,1,1,2,Phospholipid,PE,High,PE headgroup + phosphocholine at 58%,"fragment:184.0731(Phosphocholine_C5H13NO4P,58%); loss:141.0191(Ethanolamine_phosphate,100%)",5.0
A15_OE25-1-ALL_6228,Evosea,composite,OE25-1-ALL,6228,677.45781,True,36,8,1,0,1,Phospholipid,PC/SM,High,Phosphocholine at 31% → PC or SM,"fragment:184.0729(Phosphocholine_C5H13NO4P,31%)",5.0
A15_OE25-1-ALL_6257,Evosea,composite,OE25-1-ALL,6257,675.442199,True,36,6,1,0,1,Phospholipid,PC/SM,High,Phosphocholine at 38% → PC or SM,"fragment:184.0729(Phosphocholine_C5H13NO4P,38%)",5.0
A15_OE25-1-ALL_6485,Evosea,composite,OE25-1-ALL,6485,726.430427,True,14,14,1,0,1,Phospholipid,PC/SM,High,Phosphocholine at 30% → PC or SM,"fragment:184.0737(Phosphocholine_C5H13NO4P,30%)",5.0
A15_OE25-1-ALL_6496,Evosea,composite,OE25-1-ALL,6496,482.261554,True,184,12,1,0,1,Phospholipid,PC/SM,Medium,Phosphocholine at 10% → PC or SM,"fragment:184.0731(Phosphocholine_C5H13NO4P,10%)",5.0
A15_OE25-1-ALL_6545,Evosea,composite,OE25-1-ALL,6545,522.250315,True,91,7,1,0,1,Phospholipid,PC/SM,High,Phosphocholine at 90% → PC or SM,"fragment:184.0730(Phosphocholine_C5H13NO4P,90%)",5.0
A15_OE25-1-ALL_6584,Evosea,composite,OE25-1-ALL,6584,266.283767,True,68,68,8,0,8,Terpenoid,Terpenoid,Medium,8 terpenoid fragments → terpenoid/isoprenoid,"fragment:69.0705(Isoprene_unit,38%); fragment:81.0703(Monoterpene_frag,32%); fragment:93.0703(Toluenium,16%); fragment:95.0859(Methylcyclohexenyl,32%); fragment:105.0697(Xylene_cation,9%); fragment:107.0859(Dimethylcyclohexenyl,10%); fragment:109.1012(Sesquiterpene_frag,15%); fragment:133.0861(Diterpene_frag,13%)",5.0
A15_OE25-1-ALL_6594,Evosea,composite,OE25-1-ALL,6594,689.354812,True,36,36,1,0,1,Phospholipid,PC/SM,High,Phosphocholine at 38% → PC or SM,"fragment:184.0734(Phosphocholine_C5H13NO4P,38%)",5.0
A15_OE25-1-ALL_6875,Evosea,composite,OE25-1-ALL,6875,300.325824,True,47,24,5,0,5,Terpenoid,Terpenoid,Medium,5 terpenoid fragments → terpenoid/isoprenoid,"fragment:69.0704(Isoprene_unit,19%); fragment:81.0705(Monoterpene_frag,7%); fragment:95.0859(Methylcyclohexenyl,11%); fragment:109.1013(Sesquiterpene_frag,9%); fragment:133.0857(Diterpene_frag,31%)",5.0
A15_OE25-1-ALL_6946,Evosea,composite,OE25-1-ALL,6946,327.288942,True,85,37,5,0,5,Terpenoid,Terpenoid,Medium,5 terpenoid fragments → terpenoid/isoprenoid,"fragment:69.0705(Isoprene_unit,12%); fragment:81.0704(Monoterpene_frag,10%); fragment:95.0859(Methylcyclohexenyl,16%); fragment:109.1016(Sesquiterpene_frag,11%); fragment:133.0857(Diterpene_frag,15%)",5.0
A15_OE25-1-ALL_7753,Evosea,composite,OE25-1-ALL,7753,523.322913,True,108,20,1,1,2,Phospholipid,PE,High,PE headgroup + phosphocholine at 100%,"fragment:184.0731(Phosphocholine_C5H13NO4P,100%); loss:141.0191(Ethanolamine_phosphate,27%)",5.0
A15_OE25-1-ALL_7832,Evosea,composite,OE25-1-ALL,7832,758.460428,True,57,57,1,1,2,Phospholipid,PE,High,PE headgroup + phosphocholine at 100%,"fragment:184.0731(Phosphocholine_C5H13NO4P,100%); loss:141.0191(Ethanolamine_phosphate,61%)",5.0
A15_OE25-1-ALL_8197,Evosea,composite,OE25-1-ALL,8197,344.261613,True,144,38,6,0,6,Terpenoid,Terpenoid,Medium,6 terpenoid fragments → terpenoid/isoprenoid,"fragment:69.0705(Isoprene_unit,20%); fragment:81.0703(Monoterpene_frag,24%); fragment:95.0859(Methylcyclohexenyl,29%); fragment:109.1013(Sesquiterpene_frag,17%); fragment:123.1167(Sesquiterpene_frag3,7%); fragment:133.0858(Diterpene_frag,52%)",5.0
A15_OE25-1-ALL_833,Evosea,composite,OE25-1-ALL,833,564.329629,True,48,21,1,0,1,Phospholipid,PC/SM,High,Phosphocholine at 94% → PC or SM,"fragment:184.0730(Phosphocholine_C5H13NO4P,94%)",5.0
A15_OE25-1-ALL_8598,Evosea,composite,OE25-1-ALL,8598,754.463493,True,24,24,1,0,1,Phospholipid,PC/SM,High,Phosphocholine at 100% → PC or SM,"fragment:184.0735(Phosphocholine_C5H13NO4P,100%)",5.0
A15_OE25-1-ALL_8750,Evosea,composite,OE25-1-ALL,8750,760.523307,True,29,29,1,0,1,Phospholipid,PC/SM,High,Phosphocholine at 100% → PC or SM,"fragment:184.0733(Phosphocholine_C5H13NO4P,100%)",5.0
A15_OE25-1-ALL_8780,Evosea,composite,OE25-1-ALL,8780,692.485842,True,205,5,1,0,1,Phospholipid,PC/SM,High,Phosphocholine at 100% → PC or SM,"fragment:184.0731(Phosphocholine_C5H13NO4P,100%)",5.0
A15_OE25-1-ALL_8814,Evosea,composite,OE25-1-ALL,8814,666.470376,True,45,28,1,0,1,Phospholipid,PC/SM,High,Phosphocholine at 34% → PC or SM,"fragment:184.0724(Phosphocholine_C5H13NO4P,34%)",5.0
A15_OE25-1-ALL_8815,Evosea,composite,OE25-1-ALL,8815,740.425095,True,75,12,1,0,1,Phospholipid,PC/SM,High,Phosphocholine at 30% → PC or SM,"fragment:184.0733(Phosphocholine_C5H13NO4P,30%)",5.0
A15_OE25-1-ALL_8822,Evosea,composite,OE25-1-ALL,8822,754.463223,True,70,70,1,0,1,Phospholipid,PC/SM,High,Phosphocholine at 100% → PC or SM,"fragment:184.0732(Phosphocholine_C5H13NO4P,100%)",5.0
A15_OE25-1-ALL_8835,Evosea,composite,OE25-1-ALL,8835,255.943813,True,27,27,8,0,8,Terpenoid,Terpenoid,Medium,8 terpenoid fragments → terpenoid/isoprenoid,"fragment:69.0704(Isoprene_unit,55%); fragment:81.0703(Monoterpene_frag,77%); fragment:93.0701(Toluenium,29%); fragment:95.0858(Methylcyclohexenyl,65%); fragment:107.0857(Dimethylcyclohexenyl,31%); fragment:109.1013(Sesquiterpene_frag,39%); fragment:121.1013(Sesquiterpene_frag2,26%); fragment:133.1013(Diterpene_frag,32%)",5.0
A15_OE25-1-ALL_8842,Evosea,composite,OE25-1-ALL,8842,576.295174,True,21,5,1,0,1,Phospholipid,PC/SM,High,Phosphocholine at 100% → PC or SM,"fragment:184.0731(Phosphocholine_C5H13NO4P,100%)",5.0
A15_OE25-1-ALL_8848,Evosea,composite,OE25-1-ALL,8848,500.310981,True,38,13,1,0,1,Quinone,Ubiquinone,Medium,Ubiquinone headgroup fragment,"fragment:197.0800(Ubiquinone_headgroup,6%)",5.0
A15_OE25-1-ALL_8855,Evosea,composite,OE25-1-ALL,8855,689.458097,True,23,13,1,0,1,Phospholipid,PC/SM,High,Phosphocholine at 100% → PC or SM,"fragment:184.0730(Phosphocholine_C5H13NO4P,100%)",5.0
A15_OE25-1-ALL_8857,Evosea,composite,OE25-1-ALL,8857,296.970532,True,56,43,7,0,7,Terpenoid,Terpenoid,Medium,7 terpenoid fragments → terpenoid/isoprenoid,"fragment:69.0704(Isoprene_unit,9%); fragment:81.0703(Monoterpene_frag,13%); fragment:93.0707(Toluenium,5%); fragment:95.0859(Methylcyclohexenyl,18%); fragment:109.1014(Sesquiterpene_frag,7%); fragment:121.1014(Sesquiterpene_frag2,6%); fragment:133.0858(Diterpene_frag,19%)",5.0
A15_OE25-1-ALL_8863,Evosea,composite,OE25-1-ALL,8863,537.335785,True,183,20,1,0,1,Phospholipid,PC/SM,High,Phosphocholine at 100% → PC or SM,"fragment:184.0731(Phosphocholine_C5H13NO4P,100%)",5.0
A15_OE25-1-ALL_8878,Evosea,composite,OE25-1-ALL,8878,575.291574,True,65,4,1,0,1,Phospholipid,PC/SM,High,Phosphocholine at 100% → PC or SM,"fragment:184.0731(Phosphocholine_C5H13NO4P,100%)",5.0
A15_OE25-1-ALL_8888,Evosea,composite,OE25-1-ALL,8888,581.373092,True,56,18,2,0,2,Phospholipid,PC/SM,Medium,Phosphocholine at 9% → PC or SM,"fragment:184.0728(Phosphocholine_C5H13NO4P,9%); fragment:197.0802(Ubiquinone_headgroup,5%)",5.0
A15_OE25-1-ALL_8905,Evosea,composite,OE25-1-ALL,8905,860.564538,True,13,13,1,0,1,Phospholipid,PC/SM,High,Phosphocholine at 90% → PC or SM,"fragment:184.0724(Phosphocholine_C5H13NO4P,90%)",5.0
A15_OE25-1-ALL_8907,Evosea,composite,OE25-1-ALL,8907,678.434295,True,38,30,1,1,2,Phospholipid,PE,High,PE headgroup + phosphocholine at 60%,"fragment:184.0733(Phosphocholine_C5H13NO4P,60%); loss:141.0191(Ethanolamine_phosphate,100%)",5.0
A15_OE25-1-ALL_9028,Evosea,composite,OE25-1-ALL,9028,706.501851,True,59,8,1,0,1,Phospholipid,PC/SM,High,Phosphocholine at 100% → PC or SM,"fragment:184.0731(Phosphocholine_C5H13NO4P,100%)",5.0
A15_OE25-1-ALL_9050,Evosea,composite,OE25-1-ALL,9050,718.501964,True,29,4,1,0,1,Phospholipid,PC/SM,High,Phosphocholine at 100% → PC or SM,"fragment:184.0731(Phosphocholine_C5H13NO4P,100%)",5.0
A15_OE25-1-ALL_9056,Evosea,composite,OE25-1-ALL,9056,780.517357,True,31,24,1,0,1,Phospholipid,PC/SM,High,Phosphocholine at 100% → PC or SM,"fragment:184.0731(Phosphocholine_C5H13NO4P,100%)",5.0
A15_OE25-1-ALL_9371,Evosea,composite,OE25-1-ALL,9371,363.28929,True,64,34,5,0,5,Terpenoid,Terpenoid,Medium,5 terpenoid fragments → terpenoid/isoprenoid,"fragment:69.0706(Isoprene_unit,12%); fragment:81.0701(Monoterpene_frag,5%); fragment:95.0856(Methylcyclohexenyl,7%); fragment:109.1013(Sesquiterpene_frag,5%); fragment:133.0859(Diterpene_frag,18%)",5.0
A15_OE25-1-ALL_9433,Evosea,composite,OE25-1-ALL,9433,734.496329,True,46,11,1,0,1,Phospholipid,PC/SM,High,Phosphocholine at 100% → PC or SM,"fragment:184.0732(Phosphocholine_C5H13NO4P,100%)",5.0
A15_OE25-1-ALL_9460,Evosea,composite,OE25-1-ALL,9460,780.51728,True,38,12,1,0,1,Phospholipid,PC/SM,High,Phosphocholine at 100% → PC or SM,"fragment:184.0731(Phosphocholine_C5H13NO4P,100%)",5.0
A15_OE25-1-ALL_9461,Evosea,composite,OE25-1-ALL,9461,680.486068,True,34,4,1,0,1,Phospholipid,PC/SM,High,Phosphocholine at 100% → PC or SM,"fragment:184.0731(Phosphocholine_C5H13NO4P,100%)",5.0
A15_OE25-1-ALL_9611,Evosea,composite,OE25-1-ALL,9611,706.501615,True,148,4,1,0,1,Phospholipid,PC/SM,High,Phosphocholine at 100% → PC or SM,"fragment:184.0731(Phosphocholine_C5H13NO4P,100%)",5.0
A15_OE25-1-ALL_968,Evosea,composite,OE25-1-ALL,968,278.174666,True,298,41,4,0,4,Terpenoid,Terpenoid,Low,4 terpenoid fragments → possible terpenoid/isoprenoid,"fragment:69.0702(Isoprene_unit,8%); fragment:81.0703(Monoterpene_frag,5%); fragment:93.0702(Toluenium,6%); fragment:95.0859(Methylcyclohexenyl,6%)",5.0
A15_OE25-1-ALL_9752,Evosea,composite,OE25-1-ALL,9752,667.437622,True,34,10,0,1,1,Phospholipid,PE,Medium,PE-specific ions without phosphocholine,"loss:141.0191(Ethanolamine_phosphate,39%)",5.0
A15_OE25-1-ALL_9894,Evosea,composite,OE25-1-ALL,9894,732.516953,True,47,7,1,0,1,Phospholipid,PC/SM,High,Phosphocholine at 100% → PC or SM,"fragment:184.0732(Phosphocholine_C5H13NO4P,100%)",5.0
