feature_id,consensus_mz,consensus_rt,phylum,kingdom,discovery_method,biomarker_quality,biomarker_tier,annotation_tier,ms2_cached_class,ms2_cache_assigned,new_with_assigned_ms2_cache,new_without_current_annotation,processed_recovered_consensus_ms2_spectrum,processed_legacy_atlas,processed_harmonization_table,processed_ms2_classifier,processed_sirius_formula,processed_sirius_canopus,processed_dreams_atlas,processed_dreams_indval,processed_ms2lda_atlas,processed_ms2lda_indval,processed_fastmasst_atlas_summary,processed_fastmasst_atlas_cache,processed_fastmasst_indval_cache,processed_indval_ms2_spectrum,annotation_harmonized_annotation,annotation_ms2_assigned_class,annotation_sirius_formula,annotation_sirius_canopus,annotation_dreams_hit,annotation_fastmasst_hit,any_recovered_processing,any_recovered_annotation_evidence,needs_annotation_pipeline
A15_100073,856.523757,9.7497,Streptophyta,Viridiplantae,indval_consensus,IndVal,CrossBatch_Consensus,Unidentified,,,False,True,True,False,True,False,False,False,False,False,False,False,False,False,False,False,False,False,False,False,False,False,True,False,True
A15_100211,948.623437,9.7314,Streptophyta,Viridiplantae,indval_consensus,IndVal,CrossBatch_Consensus,Unidentified,Unknown,False,False,True,True,False,True,False,False,False,False,False,False,False,False,False,False,False,False,False,False,False,False,False,True,False,True
A15_100266,782.576082,9.5098,Streptophyta,Viridiplantae,indval_consensus,IndVal,CrossBatch_Consensus,Unidentified,,,False,True,True,False,True,False,False,False,False,False,False,False,False,False,False,False,False,False,False,False,False,False,True,False,True
A15_100580,688.513812,9.5873,Streptophyta,Viridiplantae,indval_consensus,IndVal,CrossBatch_Consensus,Unidentified,,,False,True,False,False,True,False,False,False,False,False,False,False,False,False,False,False,False,False,False,False,False,False,True,False,True
A15_100674,947.612676,9.6581,Streptophyta,Viridiplantae,indval_consensus,IndVal,CrossBatch_Consensus,Bronze,Phosphatidylcholine/Sphingomyelin,True,True,False,True,False,True,False,False,False,False,False,False,False,False,False,False,False,False,False,False,False,False,False,True,False,True
A15_100805,954.613984,9.5933,Streptophyta,Viridiplantae,indval_consensus,IndVal,CrossBatch_Consensus,Unidentified,,,False,True,True,False,True,False,False,False,False,False,False,False,False,False,False,False,False,False,False,False,False,False,True,False,True
A15_100856,476.329412,9.6871,Nematoda,Animalia,composite,Platinum,Platinum,Unidentified,,,False,True,True,False,True,False,False,False,False,False,False,False,False,False,False,False,False,False,False,False,False,False,True,False,True
A15_100889,503.340277,9.6885,Nematoda,Animalia,composite,Platinum,Platinum,Unidentified,,,False,True,True,False,True,False,False,False,False,False,False,False,False,False,False,False,False,False,False,False,False,False,True,False,True
A15_100943,722.555972,9.675,Streptophyta,Viridiplantae,indval_consensus,IndVal,CrossBatch_Consensus,Unidentified,,,False,True,True,False,True,False,False,False,False,False,False,False,False,False,False,False,False,False,False,False,False,False,True,False,True
A15_10102,392.290579,2.1971,Arthropoda,Animalia,composite,Platinum,Platinum,Unidentified,,,False,True,True,False,True,False,False,False,False,False,False,False,False,False,False,False,False,False,False,False,False,False,True,False,True
A15_101083,946.607633,9.8,Streptophyta,Viridiplantae,indval_consensus,IndVal,CrossBatch_Consensus,Unidentified,,,False,True,True,False,True,False,False,False,False,False,False,False,False,False,False,False,False,False,False,False,False,False,True,False,True
A15_101274,974.640147,9.7767,Streptophyta,Viridiplantae,indval_consensus,IndVal,CrossBatch_Consensus,Unidentified,,,False,True,True,False,True,False,False,False,False,False,False,False,False,False,False,False,False,False,False,False,False,False,True,False,True
A15_101392,670.471828,9.7429,Arthropoda,Animalia,composite,Platinum,Platinum,Unidentified,,,False,True,True,False,True,False,False,False,False,False,False,False,False,False,False,False,False,False,False,False,False,False,True,False,True
A15_101624,641.416832,9.8403,Streptophyta,Viridiplantae,indval_consensus,IndVal,CrossBatch_Consensus,Unidentified,,,False,True,True,False,True,False,False,False,False,False,False,False,False,False,False,False,False,False,False,False,False,False,True,False,True
A15_10186,606.399263,2.1953,Streptophyta,Viridiplantae,indval_consensus,IndVal,CrossBatch_Consensus,Unidentified,,,False,True,True,False,True,False,False,False,False,False,False,False,False,False,False,False,False,False,False,False,False,False,True,False,True
A15_101989,720.540462,9.8104,Streptophyta,Viridiplantae,indval_consensus,IndVal,CrossBatch_Consensus,Unidentified,,,False,True,True,False,True,False,False,False,False,False,False,False,False,False,False,False,False,False,False,False,False,False,True,False,True
A15_102141,947.509689,9.9874,Streptophyta,Viridiplantae,indval_consensus,IndVal,CrossBatch_Consensus,Bronze,Phosphatidylcholine/Sphingomyelin,True,True,False,True,False,True,False,False,False,False,False,False,False,False,False,False,False,False,False,False,False,False,False,True,False,True
A15_102242,604.460171,9.7771,Streptophyta,Viridiplantae,indval_consensus,IndVal,CrossBatch_Consensus,Unidentified,,,False,True,True,False,True,False,False,False,False,False,False,False,False,False,False,False,False,False,False,False,False,False,True,False,True
A15_102314,780.5214,9.8554,Streptophyta,Viridiplantae,indval_consensus,IndVal,CrossBatch_Consensus,Unidentified,,,False,True,True,False,True,False,False,False,False,False,False,False,False,False,False,False,False,False,False,False,False,False,True,False,True
A15_102359,929.592144,9.9318,Streptophyta,Viridiplantae,indval_consensus,IndVal,CrossBatch_Consensus,Unidentified,,,False,True,True,False,True,False,False,False,False,False,False,False,False,False,False,False,False,False,False,False,False,False,True,False,True
A15_102381,765.569437,9.763,Streptophyta,Viridiplantae,indval_consensus,IndVal,CrossBatch_Consensus,Bronze,Phosphatidylcholine/Sphingomyelin,True,True,False,True,False,True,False,False,False,False,False,False,False,False,False,False,False,False,False,False,False,False,False,True,False,True
A15_102638,780.597739,9.9584,Streptophyta,Viridiplantae,indval_consensus,IndVal,CrossBatch_Consensus,Unidentified,Unknown,False,False,True,True,False,True,False,False,False,False,False,False,False,False,False,False,False,False,False,False,False,False,False,True,False,True
A15_102642,824.583473,9.7707,Streptophyta,Viridiplantae,indval_consensus,IndVal,CrossBatch_Consensus,Unidentified,,,False,True,True,False,True,False,False,False,False,False,False,False,False,False,False,False,False,False,False,False,False,False,True,False,True
A15_102771,794.572486,9.8294,Streptophyta,Viridiplantae,indval_consensus,IndVal,CrossBatch_Consensus,Unidentified,,,False,True,True,False,True,False,False,False,False,False,False,False,False,False,False,False,False,False,False,False,False,False,True,False,True
A15_102792,749.575481,10.1271,Streptophyta,Viridiplantae,indval_consensus,IndVal,CrossBatch_Consensus,Unidentified,,,False,True,True,False,True,False,False,False,False,False,False,False,False,False,False,False,False,False,False,False,False,False,True,False,True
A15_102945,693.450685,10.0778,Streptophyta,Viridiplantae,indval_consensus,IndVal,CrossBatch_Consensus,Unidentified,,,False,True,True,False,True,False,False,False,False,False,False,False,False,False,False,False,False,False,False,False,False,False,True,False,True
A15_10303,818.542078,2.2197,Chlorophyta,Viridiplantae,composite,Platinum,Platinum,Unidentified,,,False,True,True,False,True,False,False,False,False,False,False,False,False,False,False,False,False,False,False,False,False,False,True,False,True
A15_103101,769.601055,10.0504,Streptophyta,Viridiplantae,indval_consensus,IndVal,CrossBatch_Consensus,Unidentified,,,False,True,True,False,True,False,False,False,False,False,False,False,False,False,False,False,False,False,False,False,False,False,True,False,True
A15_103246,768.596463,10.1062,Streptophyta,Viridiplantae,indval_consensus,IndVal,CrossBatch_Consensus,Unidentified,Unknown,False,False,True,True,False,True,False,False,False,False,False,False,False,False,False,False,False,False,False,False,False,False,False,True,False,True
A15_103279,766.581771,9.9919,Streptophyta,Viridiplantae,indval_consensus,IndVal,CrossBatch_Consensus,Unidentified,,,False,True,True,False,True,False,False,False,False,False,False,False,False,False,False,False,False,False,False,False,False,False,True,False,True
A15_103327,948.622725,9.9404,Streptophyta,Viridiplantae,indval_consensus,IndVal,CrossBatch_Consensus,Unidentified,,,False,True,True,False,True,False,False,False,False,False,False,False,False,False,False,False,False,False,False,False,False,False,True,False,True
A15_103504,1088.635351,9.8411,Streptophyta,Viridiplantae,indval_consensus,IndVal,CrossBatch_Consensus,Unidentified,,,False,True,True,False,True,False,False,False,False,False,False,False,False,False,False,False,False,False,False,False,False,False,True,False,True
A15_103623,856.52392,10.0708,Streptophyta,Viridiplantae,indval_consensus,IndVal,CrossBatch_Consensus,Unidentified,,,False,True,True,False,True,False,False,False,False,False,False,False,False,False,False,False,False,False,False,False,False,False,True,False,True
A15_103689,806.50877,10.1456,Streptophyta,Viridiplantae,indval_consensus,IndVal,CrossBatch_Consensus,Unidentified,,,False,True,True,False,True,False,False,False,False,False,False,False,False,False,False,False,False,False,False,False,False,False,True,False,True
A15_103695,755.470147,10.0834,Streptophyta,Viridiplantae,indval_consensus,IndVal,CrossBatch_Consensus,Unidentified,,,False,True,True,False,True,False,False,False,False,False,False,False,False,False,False,False,False,False,False,False,False,False,True,False,True
A15_103848,953.577806,9.9082,Streptophyta,Viridiplantae,indval_consensus,IndVal,CrossBatch_Consensus,Unidentified,,,False,True,True,False,True,False,False,False,False,False,False,False,False,False,False,False,False,False,False,False,False,False,True,False,True
A15_103850,969.574781,9.8756,Streptophyta,Viridiplantae,indval_consensus,IndVal,CrossBatch_Consensus,Unidentified,,,False,True,True,False,True,False,False,False,False,False,False,False,False,False,False,False,False,False,False,False,False,False,True,False,True
A15_103862,946.60734,10.0034,Streptophyta,Viridiplantae,indval_consensus,IndVal,CrossBatch_Consensus,Unidentified,,,False,True,True,False,True,False,False,False,False,False,False,False,False,False,False,False,False,False,False,False,False,False,True,False,True
A15_103932,951.563069,9.8883,Streptophyta,Viridiplantae,indval_consensus,IndVal,CrossBatch_Consensus,Unidentified,,,False,True,True,False,True,False,False,False,False,False,False,False,False,False,False,False,False,False,False,False,False,False,True,False,True
A15_103960,800.603021,10.1383,Streptophyta,Viridiplantae,indval_consensus,IndVal,CrossBatch_Consensus,Unidentified,,,False,True,True,False,True,False,False,False,False,False,False,False,False,False,False,False,False,False,False,False,False,False,True,False,True
A15_104136,722.556208,9.9898,Streptophyta,Viridiplantae,indval_consensus,IndVal,CrossBatch_Consensus,Unidentified,,,False,True,True,False,True,False,False,False,False,False,False,False,False,False,False,False,False,False,False,False,False,False,True,False,True
A15_1042,421.21952,1.6228,Streptophyta,Viridiplantae,indval_consensus,IndVal,CrossBatch_Consensus,Unidentified,,,False,True,False,False,True,False,False,False,False,False,False,False,False,False,False,False,False,False,False,False,False,False,True,False,True
A15_10421,547.242267,2.019,Mollusca,Animalia,composite,Platinum,Platinum,Unidentified,,,False,True,False,False,True,False,False,False,False,False,False,False,False,False,False,False,False,False,False,False,False,False,True,False,True
A15_104246,568.42553,10.0994,Streptophyta,Viridiplantae,indval_consensus,IndVal,CrossBatch_Consensus,Bronze,Glycerolipid (DG/TG),True,True,False,True,False,True,False,False,False,False,False,False,False,False,False,False,False,False,False,False,False,False,False,True,False,True
A15_104301,704.483848,9.9888,Streptophyta,Viridiplantae,indval_consensus,IndVal,CrossBatch_Consensus,Unidentified,,,False,True,True,False,True,False,False,False,False,False,False,False,False,False,False,False,False,False,False,False,False,False,True,False,True
A15_104326,672.506136,10.0584,Streptophyta,Viridiplantae,indval_consensus,IndVal,CrossBatch_Consensus,Unidentified,,,False,True,True,False,True,False,False,False,False,False,False,False,False,False,False,False,False,False,False,False,False,False,True,False,True
A15_104330,964.618779,9.8733,Streptophyta,Viridiplantae,indval_consensus,IndVal,CrossBatch_Consensus,Unidentified,,,False,True,True,False,True,False,False,False,False,False,False,False,False,False,False,False,False,False,False,False,False,False,True,False,True
A15_104407,723.558176,9.901,Streptophyta,Viridiplantae,indval_consensus,IndVal,CrossBatch_Consensus,Unidentified,,,False,True,True,False,True,False,False,False,False,False,False,False,False,False,False,False,False,False,False,False,False,False,True,False,True
A15_10442,527.261446,2.2807,Streptophyta,Viridiplantae,indval_consensus,IndVal,CrossBatch_Consensus,Unidentified,,,False,True,False,False,True,False,False,False,False,False,False,False,False,False,False,False,False,False,False,False,False,False,True,False,True
A15_104435,775.531523,9.8838,Streptophyta,Viridiplantae,indval_consensus,IndVal,CrossBatch_Consensus,Unidentified,,,False,True,True,False,True,False,False,False,False,False,False,False,False,False,False,False,False,False,False,False,False,False,True,False,True
A15_104436,810.605346,10.0188,Streptophyta,Viridiplantae,indval_consensus,IndVal,CrossBatch_Consensus,Unidentified,Unknown,False,False,True,True,False,True,False,False,False,False,False,False,False,False,False,False,False,False,False,False,False,False,False,True,False,True
A15_104493,947.509538,10.0566,Streptophyta,Viridiplantae,indval_consensus,IndVal,CrossBatch_Consensus,Unidentified,,,False,True,True,False,True,False,False,False,False,False,False,False,False,False,False,False,False,False,False,False,False,False,True,False,True
A15_104758,531.441016,9.9572,Streptophyta,Viridiplantae,indval_consensus,IndVal,CrossBatch_Consensus,Unidentified,,,False,True,True,False,True,False,False,False,False,False,False,False,False,False,False,False,False,False,False,False,False,False,True,False,True
A15_104771,477.393463,10.0617,Streptophyta,Viridiplantae,indval_consensus,IndVal,CrossBatch_Consensus,Unidentified,,,False,True,False,False,True,False,False,False,False,False,False,False,False,False,False,False,False,False,False,False,False,False,True,False,True
A15_104860,765.531331,10.3133,Streptophyta,Viridiplantae,indval_consensus,IndVal,CrossBatch_Consensus,Unidentified,Unknown,False,False,True,True,False,True,False,False,False,False,False,False,False,False,False,False,False,False,False,False,False,False,False,True,False,True
A15_104960,653.512871,10.1081,Chlorophyta,Viridiplantae,composite,Platinum,Platinum,Unidentified,,,False,True,False,False,True,False,False,False,False,False,False,False,False,False,False,False,False,False,False,False,False,False,True,False,True
A15_105006,790.58247,10.0754,Streptophyta,Viridiplantae,indval_consensus,IndVal,CrossBatch_Consensus,Unidentified,,,False,True,True,False,True,False,False,False,False,False,False,False,False,False,False,False,False,False,False,False,False,False,True,False,True
A15_105036,806.508652,10.2139,Streptophyta,Viridiplantae,indval_consensus,IndVal,CrossBatch_Consensus,Unidentified,,,False,True,True,False,True,False,False,False,False,False,False,False,False,False,False,False,False,False,False,False,False,False,True,False,True
A15_105047,767.585253,10.1063,Streptophyta,Viridiplantae,indval_consensus,IndVal,CrossBatch_Consensus,Unidentified,Unknown,False,False,True,True,False,True,False,False,False,False,False,False,False,False,False,False,False,False,False,False,False,False,False,True,False,True
A15_105122,812.583797,9.9848,Streptophyta,Viridiplantae,indval_consensus,IndVal,CrossBatch_Consensus,Unidentified,,,False,True,False,False,True,False,False,False,False,False,False,False,False,False,False,False,False,False,False,False,False,False,True,False,True
A15_105202,948.623786,10.2078,Streptophyta,Viridiplantae,indval_consensus,IndVal,CrossBatch_Consensus,Bronze,Acylglycerol/Glycerophospholipid,True,True,False,True,False,True,False,False,False,False,False,False,False,False,False,False,False,False,False,False,False,False,False,True,False,True
A15_105567,762.58662,10.3414,Streptophyta,Viridiplantae,indval_consensus,IndVal,CrossBatch_Consensus,Unidentified,,,False,True,True,False,True,False,False,False,False,False,False,False,False,False,False,False,False,False,False,False,False,False,True,False,True
A15_105628,761.583743,10.1752,Streptophyta,Viridiplantae,indval_consensus,IndVal,CrossBatch_Consensus,Unidentified,,,False,True,True,False,True,False,False,False,False,False,False,False,False,False,False,False,False,False,False,False,False,False,True,False,True
A15_105751,702.529622,10.2545,Streptophyta,Viridiplantae,indval_consensus,IndVal,CrossBatch_Consensus,Unidentified,,,False,True,True,False,True,False,False,False,False,False,False,False,False,False,False,False,False,False,False,False,False,False,True,False,True
A15_105823,540.462263,10.0565,Streptophyta,Viridiplantae,indval_consensus,IndVal,CrossBatch_Consensus,Unidentified,,,False,True,False,False,True,False,False,False,False,False,False,False,False,False,False,False,False,False,False,False,False,False,True,False,True
A15_10590,405.261589,2.35,Streptophyta,Viridiplantae,indval_consensus,IndVal,CrossBatch_Consensus,Unidentified,,,False,True,False,False,True,False,False,False,False,False,False,False,False,False,False,False,False,False,False,False,False,False,True,False,True
A15_105961,722.556057,10.1688,Streptophyta,Viridiplantae,indval_consensus,IndVal,CrossBatch_Consensus,Unidentified,,,False,True,True,False,True,False,False,False,False,False,False,False,False,False,False,False,False,False,False,False,False,False,True,False,True
A15_106308,761.58374,10.2029,Streptophyta,Viridiplantae,indval_consensus,IndVal,CrossBatch_Consensus,Unidentified,,,False,True,True,False,True,False,False,False,False,False,False,False,False,False,False,False,False,False,False,False,False,False,True,False,True
A15_106309,762.586738,10.3505,Streptophyta,Viridiplantae,indval_consensus,IndVal,CrossBatch_Consensus,Unidentified,,,False,True,True,False,True,False,False,False,False,False,False,False,False,False,False,False,False,False,False,False,False,False,True,False,True
A15_106330,724.571563,10.2092,Streptophyta,Viridiplantae,indval_consensus,IndVal,CrossBatch_Consensus,Unidentified,,,False,True,True,False,True,False,False,False,False,False,False,False,False,False,False,False,False,False,False,False,False,False,True,False,True
A15_106396,389.13367,10.4531,Streptophyta,Viridiplantae,indval_consensus,IndVal,CrossBatch_Consensus,Unidentified,,,False,True,True,False,True,False,False,False,False,False,False,False,False,False,False,False,False,False,False,False,False,False,True,False,True
A15_106507,953.564053,10.3296,Streptophyta,Viridiplantae,indval_consensus,IndVal,CrossBatch_Consensus,Unidentified,,,False,True,True,False,True,False,False,False,False,False,False,False,False,False,False,False,False,False,False,False,False,False,True,False,True
A15_106535,667.431095,10.3294,Streptophyta,Viridiplantae,indval_consensus,IndVal,CrossBatch_Consensus,Unidentified,,,False,True,True,False,True,False,False,False,False,False,False,False,False,False,False,False,False,False,False,False,False,False,True,False,True
A15_106541,448.377932,10.4595,Streptophyta,Viridiplantae,indval_consensus,IndVal,CrossBatch_Consensus,Unidentified,,,False,True,True,False,True,False,False,False,False,False,False,False,False,False,False,False,False,False,False,False,False,False,True,False,True
A15_106618,775.532905,10.128,Streptophyta,Viridiplantae,indval_consensus,IndVal,CrossBatch_Consensus,Bronze,Phosphatidylcholine/Sphingomyelin,True,True,False,True,False,True,False,False,False,False,False,False,False,False,False,False,False,False,False,False,False,False,False,True,False,True
A15_106656,850.615769,10.4678,Chlorophyta,Viridiplantae,composite,Platinum,Platinum,Unidentified,,,False,True,True,False,True,False,False,False,False,False,False,False,False,False,False,False,False,False,False,False,False,False,True,False,True
A15_106913,723.559256,10.4427,Streptophyta,Viridiplantae,indval_consensus,IndVal,CrossBatch_Consensus,Unidentified,Unknown,False,False,True,True,False,True,False,False,False,False,False,False,False,False,False,False,False,False,False,False,False,False,False,True,False,True
A15_107286,974.638828,10.1632,Streptophyta,Viridiplantae,indval_consensus,IndVal,CrossBatch_Consensus,Unidentified,,,False,True,True,False,True,False,False,False,False,False,False,False,False,False,False,False,False,False,False,False,False,False,True,False,True
A15_107482,761.583095,10.2687,Streptophyta,Viridiplantae,indval_consensus,IndVal,CrossBatch_Consensus,Unidentified,,,False,True,True,False,True,False,False,False,False,False,False,False,False,False,False,False,False,False,False,False,False,False,True,False,True
A15_107538,620.489201,10.2785,Streptophyta,Viridiplantae,indval_consensus,IndVal,CrossBatch_Consensus,Unidentified,,,False,True,False,False,True,False,False,False,False,False,False,False,False,False,False,False,False,False,False,False,False,False,True,False,True
A15_107675,416.373338,10.3749,Nematoda,Animalia,composite,Platinum,Platinum,Unidentified,,,False,True,True,False,True,False,False,False,False,False,False,False,False,False,False,False,False,False,False,False,False,False,True,False,True
A15_107912,563.42876,10.3784,Streptophyta,Viridiplantae,indval_consensus,IndVal,CrossBatch_Consensus,Unidentified,,,False,True,False,False,True,False,False,False,False,False,False,False,False,False,False,False,False,False,False,False,False,False,True,False,True
A15_107998,494.4927,10.5329,Streptophyta,Viridiplantae,indval_consensus,IndVal,CrossBatch_Consensus,Unidentified,,,False,True,True,False,True,False,False,False,False,False,False,False,False,False,False,False,False,False,False,False,False,False,True,False,True
A15_108169,652.088241,10.4194,Nematoda,Animalia,composite,Platinum,Platinum,Unidentified,,,False,True,True,False,True,False,False,False,False,False,False,False,False,False,False,False,False,False,False,False,False,False,True,False,True
A15_108266,966.634035,10.5787,Streptophyta,Viridiplantae,indval_consensus,IndVal,CrossBatch_Consensus,Unidentified,,,False,True,True,False,True,False,False,False,False,False,False,False,False,False,False,False,False,False,False,False,False,False,True,False,True
A15_108331,764.566253,10.389,Streptophyta,Viridiplantae,indval_consensus,IndVal,CrossBatch_Consensus,Unidentified,,,False,True,True,False,True,False,False,False,False,False,False,False,False,False,False,False,False,False,False,False,False,False,True,False,True
A15_108358,1127.616338,10.4093,Streptophyta,Viridiplantae,indval_consensus,IndVal,CrossBatch_Consensus,Bronze,Sphingolipid,True,True,False,True,False,True,False,False,False,False,False,False,False,False,False,False,False,False,False,False,False,False,False,True,False,True
A15_108379,376.012352,10.4443,Nematoda,Animalia,composite,Platinum,Platinum,Unidentified,,,False,True,True,False,True,False,False,False,False,False,False,False,False,False,False,False,False,False,False,False,False,False,True,False,True
A15_108380,607.043184,10.4443,Nematoda,Animalia,composite,Platinum,Platinum,Unidentified,,,False,True,True,False,True,False,False,False,False,False,False,False,False,False,False,False,False,False,False,False,False,False,True,False,True
A15_108381,608.049498,10.4443,Nematoda,Animalia,composite,Platinum,Platinum,Unidentified,,,False,True,True,False,True,False,False,False,False,False,False,False,False,False,False,False,False,False,False,False,False,False,True,False,True
A15_108382,610.046807,10.4443,Nematoda,Animalia,composite,Platinum,Platinum,Unidentified,,,False,True,True,False,True,False,False,False,False,False,False,False,False,False,False,False,False,False,False,False,False,False,True,False,True
A15_108383,654.085782,10.4443,Nematoda,Animalia,composite,Platinum,Platinum,Unidentified,,,False,True,True,False,True,False,False,False,False,False,False,False,False,False,False,False,False,False,False,False,False,False,True,False,True
A15_108495,951.64182,10.7379,Streptophyta,Viridiplantae,indval_consensus,IndVal,CrossBatch_Consensus,Unidentified,,,False,True,True,False,True,False,False,False,False,False,False,False,False,False,False,False,False,False,False,False,False,False,True,False,True
A15_108717,714.52945,10.2142,Streptophyta,Viridiplantae,indval_consensus,IndVal,CrossBatch_Consensus,Bronze,Phosphatidylcholine/Sphingomyelin,True,True,False,True,False,True,False,False,False,False,False,False,False,False,False,False,False,False,False,False,False,False,False,True,False,True
A15_109196,950.63764,10.7647,Streptophyta,Viridiplantae,indval_consensus,IndVal,CrossBatch_Consensus,Unidentified,,,False,True,True,False,True,False,False,False,False,False,False,False,False,False,False,False,False,False,False,False,False,False,True,False,True
A15_109224,767.585077,10.5198,Streptophyta,Viridiplantae,indval_consensus,IndVal,CrossBatch_Consensus,Unidentified,,,False,True,True,False,True,False,False,False,False,False,False,False,False,False,False,False,False,False,False,False,False,False,True,False,True
A15_109292,766.581859,10.6037,Streptophyta,Viridiplantae,indval_consensus,IndVal,CrossBatch_Consensus,Unidentified,,,False,True,True,False,True,False,False,False,False,False,False,False,False,False,False,False,False,False,False,False,False,False,True,False,True
A15_109574,948.623794,10.5299,Streptophyta,Viridiplantae,indval_consensus,IndVal,CrossBatch_Consensus,Unidentified,Unknown,False,False,True,True,False,True,False,False,False,False,False,False,False,False,False,False,False,False,False,False,False,False,False,True,False,True
A15_109587,807.512531,10.6803,Streptophyta,Viridiplantae,indval_consensus,IndVal,CrossBatch_Consensus,Unidentified,,,False,True,True,False,True,False,False,False,False,False,False,False,False,False,False,False,False,False,False,False,False,False,True,False,True
A15_109968,726.586774,10.6752,Streptophyta,Viridiplantae,indval_consensus,IndVal,CrossBatch_Consensus,Unidentified,,,False,True,True,False,True,False,False,False,False,False,False,False,False,False,False,False,False,False,False,False,False,False,True,False,True
A15_109972,803.543765,10.6312,Chlorophyta,Viridiplantae,composite,Platinum,Platinum,Unidentified,,,False,True,True,False,True,False,False,False,False,False,False,False,False,False,False,False,False,False,False,False,False,False,True,False,True
A15_110194,747.501144,10.7923,Streptophyta,Viridiplantae,indval_consensus,IndVal,CrossBatch_Consensus,Unidentified,,,False,True,True,False,True,False,False,False,False,False,False,False,False,False,False,False,False,False,False,False,False,False,True,False,True
A15_110258,690.52965,10.7596,Streptophyta,Viridiplantae,indval_consensus,IndVal,CrossBatch_Consensus,Unidentified,,,False,True,True,False,True,False,False,False,False,False,False,False,False,False,False,False,False,False,False,False,False,False,True,False,True
A15_110490,1114.651493,10.4821,Streptophyta,Viridiplantae,indval_consensus,IndVal,CrossBatch_Consensus,Unidentified,,,False,True,True,False,True,False,False,False,False,False,False,False,False,False,False,False,False,False,False,False,False,False,True,False,True
A15_110543,624.483905,10.4803,Streptophyta,Viridiplantae,indval_consensus,IndVal,CrossBatch_Consensus,Unidentified,,,False,True,False,False,True,False,False,False,False,False,False,False,False,False,False,False,False,False,False,False,False,False,True,False,True
A15_110703,728.545137,10.7632,Streptophyta,Viridiplantae,indval_consensus,IndVal,CrossBatch_Consensus,Unidentified,,,False,True,True,False,True,False,False,False,False,False,False,False,False,False,False,False,False,False,False,False,False,False,True,False,True
A15_110734,725.57523,10.8152,Streptophyta,Viridiplantae,indval_consensus,IndVal,CrossBatch_Consensus,Bronze,Phosphatidylcholine/Sphingomyelin,True,True,False,True,False,True,False,False,False,False,False,False,False,False,False,False,False,False,False,False,False,False,False,True,False,True
A15_110754,545.4189,10.6886,Streptophyta,Viridiplantae,indval_consensus,IndVal,CrossBatch_Consensus,Unidentified,,,False,True,False,False,True,False,False,False,False,False,False,False,False,False,False,False,False,False,False,False,False,False,True,False,True
A15_110859,948.623894,10.9225,Streptophyta,Viridiplantae,indval_consensus,IndVal,CrossBatch_Consensus,Unidentified,,,False,True,True,False,True,False,False,False,False,False,False,False,False,False,False,False,False,False,False,False,False,False,True,False,True
A15_111122,731.552508,10.7625,Streptophyta,Viridiplantae,indval_consensus,IndVal,CrossBatch_Consensus,Unidentified,Unknown,False,False,True,True,False,True,False,False,False,False,False,False,False,False,False,False,False,False,False,False,False,False,False,True,False,True
A15_111139,669.448219,10.6645,Streptophyta,Viridiplantae,indval_consensus,IndVal,CrossBatch_Consensus,Unidentified,,,False,True,True,False,True,False,False,False,False,False,False,False,False,False,False,False,False,False,False,False,False,False,True,False,True
A15_111338,951.641869,10.841,Streptophyta,Viridiplantae,indval_consensus,IndVal,CrossBatch_Consensus,Unidentified,,,False,True,True,False,True,False,False,False,False,False,False,False,False,False,False,False,False,False,False,False,False,False,True,False,True
A15_111469,1515.978931,11.0163,Streptophyta,Viridiplantae,indval_consensus,IndVal,CrossBatch_Consensus,Unidentified,,,False,True,True,False,True,False,False,False,False,False,False,False,False,False,False,False,False,False,False,False,False,False,True,False,True
A15_111511,950.637845,10.8461,Streptophyta,Viridiplantae,indval_consensus,IndVal,CrossBatch_Consensus,Unidentified,Unknown,False,False,True,True,False,True,False,False,False,False,False,False,False,False,False,False,False,False,False,False,False,False,False,True,False,True
A15_111878,728.545137,10.7933,Streptophyta,Viridiplantae,indval_consensus,IndVal,CrossBatch_Consensus,Unidentified,,,False,True,True,False,True,False,False,False,False,False,False,False,False,False,False,False,False,False,False,False,False,False,True,False,True
A15_111883,723.558095,10.991,Streptophyta,Viridiplantae,indval_consensus,IndVal,CrossBatch_Consensus,Unidentified,,,False,True,True,False,True,False,False,False,False,False,False,False,False,False,False,False,False,False,False,False,False,False,True,False,True
A15_111893,805.555525,10.8701,Streptophyta,Viridiplantae,indval_consensus,IndVal,CrossBatch_Consensus,Unidentified,,,False,True,True,False,True,False,False,False,False,False,False,False,False,False,False,False,False,False,False,False,False,False,True,False,True
A15_111894,1511.024864,10.8758,Streptophyta,Viridiplantae,indval_consensus,IndVal,CrossBatch_Consensus,Unidentified,,,False,True,True,False,True,False,False,False,False,False,False,False,False,False,False,False,False,False,False,False,False,False,True,False,True
A15_111895,1512.029606,11.039,Streptophyta,Viridiplantae,indval_consensus,IndVal,CrossBatch_Consensus,Unidentified,Unknown,False,False,True,True,False,True,False,False,False,False,False,False,False,False,False,False,False,False,False,False,False,False,False,True,False,True
A15_11193,209.153416,2.3351,Streptophyta,Viridiplantae,indval_consensus,IndVal,CrossBatch_Consensus,Unidentified,,,False,True,True,False,True,False,False,False,False,False,False,False,False,False,False,False,False,False,False,False,False,False,True,False,True
A15_112054,1675.095227,10.9042,Streptophyta,Viridiplantae,indval_consensus,IndVal,CrossBatch_Consensus,Unidentified,,,False,True,True,False,True,False,False,False,False,False,False,False,False,False,False,False,False,False,False,False,False,False,True,False,True
A15_112151,1515.044791,10.9776,Streptophyta,Viridiplantae,indval_consensus,IndVal,CrossBatch_Consensus,Unidentified,,,False,True,True,False,True,False,False,False,False,False,False,False,False,False,False,False,False,False,False,False,False,False,True,False,True
A15_112640,905.54263,10.9174,Streptophyta,Viridiplantae,indval_consensus,IndVal,CrossBatch_Consensus,Unidentified,,,False,True,True,False,True,False,False,False,False,False,False,False,False,False,False,False,False,False,False,False,False,False,True,False,True
A15_112702,742.582188,10.9948,Streptophyta,Viridiplantae,indval_consensus,IndVal,CrossBatch_Consensus,Unidentified,Unknown,False,False,True,True,False,True,False,False,False,False,False,False,False,False,False,False,False,False,False,False,False,False,False,True,False,True
A15_112816,772.572297,11.0515,Streptophyta,Viridiplantae,indval_consensus,IndVal,CrossBatch_Consensus,Unidentified,,,False,True,True,False,True,False,False,False,False,False,False,False,False,False,False,False,False,False,False,False,False,False,True,False,True
A15_112862,774.492499,10.9328,Chlorophyta,Viridiplantae,composite,Platinum,Platinum,Unidentified,,,False,True,True,False,True,False,False,False,False,False,False,False,False,False,False,False,False,False,False,False,False,False,True,False,True
A15_11304,611.285727,2.1514,Streptophyta,Viridiplantae,indval_consensus,IndVal,CrossBatch_Consensus,Unidentified,Unknown,False,False,True,True,False,True,False,False,False,False,False,False,False,False,False,False,False,False,False,False,False,False,False,True,False,True
A15_11326,399.250969,2.3322,Streptophyta,Viridiplantae,indval_consensus,IndVal,CrossBatch_Consensus,Unidentified,,,False,True,False,False,True,False,False,False,False,False,False,False,False,False,False,False,False,False,False,False,False,False,True,False,True
A15_113421,669.447149,10.975,Streptophyta,Viridiplantae,indval_consensus,IndVal,CrossBatch_Consensus,Unidentified,,,False,True,True,False,True,False,False,False,False,False,False,False,False,False,False,False,False,False,False,False,False,False,True,False,True
A15_113458,837.47831,10.9826,Chlorophyta,Viridiplantae,composite,Platinum,Diamond,Unidentified,,,False,True,True,False,True,False,False,False,False,False,False,False,False,False,False,False,False,False,False,False,False,False,True,False,True
A15_113462,612.164335,10.9871,Nematoda,Animalia,composite,Platinum,Platinum,Unidentified,,,False,True,True,False,True,False,False,False,False,False,False,False,False,False,False,False,False,False,False,False,False,False,True,False,True
A15_113463,613.164345,10.9871,Nematoda,Animalia,composite,Platinum,Platinum,Unidentified,,,False,True,True,False,True,False,False,False,False,False,False,False,False,False,False,False,False,False,False,False,False,False,True,False,True
A15_113511,1676.098627,11.2123,Streptophyta,Viridiplantae,indval_consensus,IndVal,CrossBatch_Consensus,Unidentified,,,False,True,True,False,True,False,False,False,False,False,False,False,False,False,False,False,False,False,False,False,False,False,True,False,True
A15_11361,455.314502,2.3212,Streptophyta,Viridiplantae,indval_consensus,IndVal,CrossBatch_Consensus,Unidentified,,,False,True,False,False,True,False,False,False,False,False,False,False,False,False,False,False,False,False,False,False,False,False,True,False,True
A15_113656,785.481871,11.1764,Chlorophyta,Viridiplantae,composite,Platinum,Platinum,Unidentified,,,False,True,True,False,True,False,False,False,False,False,False,False,False,False,False,False,False,False,False,False,False,False,True,False,True
A15_113773,850.615552,10.843,Chlorophyta,Viridiplantae,composite,Platinum,Platinum,Unidentified,,,False,True,True,False,True,False,False,False,False,False,False,False,False,False,False,False,False,False,False,False,False,False,True,False,True
A15_113774,892.579693,10.9885,Chlorophyta,Viridiplantae,composite,Platinum,Diamond,Unidentified,,,False,True,True,False,True,False,False,False,False,False,False,False,False,False,False,False,False,False,False,False,False,False,True,False,True
A15_113837,722.555962,11.0062,Streptophyta,Viridiplantae,indval_consensus,IndVal,CrossBatch_Consensus,Unidentified,,,False,True,True,False,True,False,False,False,False,False,False,False,False,False,False,False,False,False,False,False,False,False,True,False,True
A15_113852,614.162476,10.9871,Nematoda,Animalia,composite,Platinum,Platinum,Unidentified,,,False,True,True,False,True,False,False,False,False,False,False,False,False,False,False,False,False,False,False,False,False,False,True,False,True
A15_11390,728.508396,2.2801,Streptophyta,Viridiplantae,indval_consensus,IndVal,CrossBatch_Consensus,Bronze,Phosphatidylcholine/Sphingomyelin,True,True,False,True,False,True,False,False,False,False,False,False,False,False,False,False,False,False,False,False,False,False,False,True,False,True
A15_113930,768.541104,11.0481,Streptophyta,Viridiplantae,indval_consensus,IndVal,CrossBatch_Consensus,Bronze,Phosphatidylcholine/Sphingomyelin,True,True,False,True,False,True,False,False,False,False,False,False,False,False,False,False,False,False,False,False,False,False,False,True,False,True
A15_114025,948.623136,11.1028,Streptophyta,Viridiplantae,indval_consensus,IndVal,CrossBatch_Consensus,Unidentified,,,False,True,True,False,True,False,False,False,False,False,False,False,False,False,False,False,False,False,False,False,False,False,True,False,True
A15_114135,1056.732084,10.8504,Streptophyta,Viridiplantae,indval_consensus,IndVal,CrossBatch_Consensus,Unidentified,,,False,True,True,False,True,False,False,False,False,False,False,False,False,False,False,False,False,False,False,False,False,False,True,False,True
A15_114159,1511.026509,11.2016,Streptophyta,Viridiplantae,indval_consensus,IndVal,CrossBatch_Consensus,Unidentified,Unknown,False,False,True,True,False,True,False,False,False,False,False,False,False,False,False,False,False,False,False,False,False,False,False,True,False,True
A15_114178,1515.981706,11.1269,Streptophyta,Viridiplantae,indval_consensus,IndVal,CrossBatch_Consensus,Unidentified,Unknown,False,False,True,True,False,True,False,False,False,False,False,False,False,False,False,False,False,False,False,False,False,False,False,True,False,True
A15_114317,757.522574,11.1246,Streptophyta,Viridiplantae,indval_consensus,IndVal,CrossBatch_Consensus,Unidentified,,,False,True,False,False,True,False,False,False,False,False,False,False,False,False,False,False,False,False,False,False,False,False,True,False,True
A15_114395,583.472365,11.1124,Streptophyta,Viridiplantae,indval_consensus,IndVal,CrossBatch_Consensus,Unidentified,,,False,True,True,False,True,False,False,False,False,False,False,False,False,False,False,False,False,False,False,False,False,False,True,False,True
A15_114458,782.536381,11.1014,Streptophyta,Viridiplantae,indval_consensus,IndVal,CrossBatch_Consensus,Unidentified,,,False,True,True,False,True,False,False,False,False,False,False,False,False,False,False,False,False,False,False,False,False,False,True,False,True
A15_114531,1676.098792,11.2362,Streptophyta,Viridiplantae,indval_consensus,IndVal,CrossBatch_Consensus,Unidentified,,,False,True,True,False,True,False,False,False,False,False,False,False,False,False,False,False,False,False,False,False,False,False,True,False,True
A15_114645,805.554926,11.1279,Streptophyta,Viridiplantae,indval_consensus,IndVal,CrossBatch_Consensus,Bronze,Phosphatidylethanolamine,True,True,False,True,False,True,False,False,False,False,False,False,False,False,False,False,False,False,False,False,False,False,False,True,False,True
A15_114896,724.571423,11.14,Streptophyta,Viridiplantae,indval_consensus,IndVal,CrossBatch_Consensus,Unidentified,,,False,True,True,False,True,False,False,False,False,False,False,False,False,False,False,False,False,False,False,False,False,False,True,False,True
A15_115001,549.41266,11.1039,Streptophyta,Viridiplantae,indval_consensus,IndVal,CrossBatch_Consensus,Unidentified,,,False,True,True,False,True,False,False,False,False,False,False,False,False,False,False,False,False,False,False,False,False,False,True,False,True
A15_115190,832.559326,11.2151,Streptophyta,Viridiplantae,indval_consensus,IndVal,CrossBatch_Consensus,Unidentified,,,False,True,True,False,True,False,False,False,False,False,False,False,False,False,False,False,False,False,False,False,False,False,True,False,True
A15_115247,939.546751,11.2221,Streptophyta,Viridiplantae,indval_consensus,IndVal,CrossBatch_Consensus,Unidentified,,,False,True,True,False,True,False,False,False,False,False,False,False,False,False,False,False,False,False,False,False,False,False,True,False,True
A15_115376,582.472574,11.1976,Streptophyta,Viridiplantae,indval_consensus,IndVal,CrossBatch_Consensus,Unidentified,,,False,True,True,False,True,False,False,False,False,False,False,False,False,False,False,False,False,False,False,False,False,False,True,False,True
A15_115393,636.518905,10.9438,Streptophyta,Viridiplantae,indval_consensus,IndVal,CrossBatch_Consensus,Unidentified,,,False,True,True,False,True,False,False,False,False,False,False,False,False,False,False,False,False,False,False,False,False,False,True,False,True
A15_115518,937.569985,11.191,Streptophyta,Viridiplantae,indval_consensus,IndVal,CrossBatch_Consensus,Unidentified,Unknown,False,False,True,True,False,True,False,False,False,False,False,False,False,False,False,False,False,False,False,False,False,False,False,True,False,True
A15_115552,921.53359,11.2357,Streptophyta,Viridiplantae,indval_consensus,IndVal,CrossBatch_Consensus,Unidentified,,,False,True,True,False,True,False,False,False,False,False,False,False,False,False,False,False,False,False,False,False,False,False,True,False,True
A15_115619,775.591601,11.2038,Streptophyta,Viridiplantae,indval_consensus,IndVal,CrossBatch_Consensus,Unidentified,,,False,True,True,False,True,False,False,False,False,False,False,False,False,False,False,False,False,False,False,False,False,False,True,False,True
A15_115693,731.5528,10.9697,Streptophyta,Viridiplantae,indval_consensus,IndVal,CrossBatch_Consensus,Unidentified,Unknown,False,False,True,True,False,True,False,False,False,False,False,False,False,False,False,False,False,False,False,False,False,False,False,True,False,True
A15_115785,788.483364,11.3423,Streptophyta,Viridiplantae,indval_consensus,IndVal,CrossBatch_Consensus,Bronze,Acylglycerol/Glycerophospholipid,True,True,False,True,False,True,False,False,False,False,False,False,False,False,False,False,False,False,False,False,False,False,False,True,False,True
A15_115813,956.597773,10.9824,Streptophyta,Viridiplantae,indval_consensus,IndVal,CrossBatch_Consensus,Unidentified,,,False,True,True,False,True,False,False,False,False,False,False,False,False,False,False,False,False,False,False,False,False,False,True,False,True
A15_115960,384.289671,11.2112,Nematoda,Animalia,composite,Platinum,Platinum,Unidentified,,,False,True,True,False,True,False,False,False,False,False,False,False,False,False,False,False,False,False,False,False,False,False,True,False,True
A15_116259,821.525611,11.3819,Streptophyta,Viridiplantae,indval_consensus,IndVal,CrossBatch_Consensus,Unidentified,,,False,True,True,False,True,False,False,False,False,False,False,False,False,False,False,False,False,False,False,False,False,False,True,False,True
A15_116462,958.626679,11.3156,Streptophyta,Viridiplantae,indval_consensus,IndVal,CrossBatch_Consensus,Unidentified,,,False,True,True,False,True,False,False,False,False,False,False,False,False,False,False,False,False,False,False,False,False,False,True,False,True
A15_116490,752.601168,11.394,Streptophyta,Viridiplantae,indval_consensus,IndVal,CrossBatch_Consensus,Unidentified,,,False,True,True,False,True,False,False,False,False,False,False,False,False,False,False,False,False,False,False,False,False,False,True,False,True
A15_116524,1647.058742,11.4253,Streptophyta,Viridiplantae,indval_consensus,IndVal,CrossBatch_Consensus,Unidentified,,,False,True,True,False,True,False,False,False,False,False,False,False,False,False,False,False,False,False,False,False,False,False,True,False,True
A15_116756,747.501074,11.1339,Streptophyta,Viridiplantae,indval_consensus,IndVal,CrossBatch_Consensus,Unidentified,,,False,True,True,False,True,False,False,False,False,False,False,False,False,False,False,False,False,False,False,False,False,False,True,False,True
A15_116822,939.546383,11.257,Streptophyta,Viridiplantae,indval_consensus,IndVal,CrossBatch_Consensus,Bronze,Phosphatidylcholine/Sphingomyelin,True,True,False,True,False,True,False,False,False,False,False,False,False,False,False,False,False,False,False,False,False,False,False,True,False,True
A15_116894,940.552301,11.2058,Streptophyta,Viridiplantae,indval_consensus,IndVal,CrossBatch_Consensus,Unidentified,,,False,True,True,False,True,False,False,False,False,False,False,False,False,False,False,False,False,False,False,False,False,False,True,False,True
A15_116988,751.590362,11.3666,Streptophyta,Viridiplantae,indval_consensus,IndVal,CrossBatch_Consensus,Unidentified,,,False,True,True,False,True,False,False,False,False,False,False,False,False,False,False,False,False,False,False,False,False,False,True,False,True
A15_117054,921.573137,11.486,Streptophyta,Viridiplantae,indval_consensus,IndVal,CrossBatch_Consensus,Unidentified,,,False,True,True,False,True,False,False,False,False,False,False,False,False,False,False,False,False,False,False,False,False,False,True,False,True
A15_117516,917.541664,11.4106,Streptophyta,Viridiplantae,indval_consensus,IndVal,CrossBatch_Consensus,Unidentified,,,False,True,True,False,True,False,False,False,False,False,False,False,False,False,False,False,False,False,False,False,False,False,True,False,True
A15_117531,755.564246,11.6058,Streptophyta,Viridiplantae,indval_consensus,IndVal,CrossBatch_Consensus,Unidentified,,,False,True,True,False,True,False,False,False,False,False,False,False,False,False,False,False,False,False,False,False,False,False,True,False,True
A15_117585,975.541587,11.6339,Streptophyta,Viridiplantae,indval_consensus,IndVal,CrossBatch_Consensus,Unidentified,,,False,True,False,False,True,False,False,False,False,False,False,False,False,False,False,False,False,False,False,False,False,False,True,False,True
A15_117657,957.622989,11.6441,Streptophyta,Viridiplantae,indval_consensus,IndVal,CrossBatch_Consensus,Unidentified,,,False,True,True,False,True,False,False,False,False,False,False,False,False,False,False,False,False,False,False,False,False,False,True,False,True
A15_11786,405.274585,2.321,Arthropoda,Animalia,composite,Platinum,Platinum,Unidentified,,,False,True,False,False,True,False,False,False,False,False,False,False,False,False,False,False,False,False,False,False,False,False,True,False,True
A15_117912,742.581016,11.3494,Streptophyta,Viridiplantae,indval_consensus,IndVal,CrossBatch_Consensus,Unidentified,,,False,True,True,False,True,False,False,False,False,False,False,False,False,False,False,False,False,False,False,False,False,False,True,False,True
A15_117948,576.466715,11.3651,Streptophyta,Viridiplantae,indval_consensus,IndVal,CrossBatch_Consensus,Unidentified,,,False,True,True,False,True,False,False,False,False,False,False,False,False,False,False,False,False,False,False,False,False,False,True,False,True
A15_118015,929.599943,11.3184,Streptophyta,Viridiplantae,indval_consensus,IndVal,CrossBatch_Consensus,Unidentified,,,False,True,True,False,True,False,False,False,False,False,False,False,False,False,False,False,False,False,False,False,False,False,True,False,True
A15_11806,385.163928,2.4877,Arthropoda,Animalia,composite,Platinum,Platinum,Unidentified,,,False,True,True,False,True,False,False,False,False,False,False,False,False,False,False,False,False,False,False,False,False,False,True,False,True
A15_118365,886.529012,11.4518,Nematoda,Animalia,composite,Platinum,Platinum,Unidentified,,,False,True,True,False,True,False,False,False,False,False,False,False,False,False,False,False,False,False,False,False,False,False,True,False,True
A15_118517,698.534022,11.3493,Streptophyta,Viridiplantae,indval_consensus,IndVal,CrossBatch_Consensus,Unidentified,,,False,True,False,False,True,False,False,False,False,False,False,False,False,False,False,False,False,False,False,False,False,False,True,False,True
A15_118555,1512.029044,11.3269,Streptophyta,Viridiplantae,indval_consensus,IndVal,CrossBatch_Consensus,Unidentified,,,False,True,True,False,True,False,False,False,False,False,False,False,False,False,False,False,False,False,False,False,False,False,True,False,True
A15_118571,419.351184,11.6854,Streptophyta,Viridiplantae,indval_consensus,IndVal,CrossBatch_Consensus,Unidentified,,,False,True,True,False,True,False,False,False,False,False,False,False,False,False,False,False,False,False,False,False,False,False,True,False,True
A15_118622,937.568843,11.454,Streptophyta,Viridiplantae,indval_consensus,IndVal,CrossBatch_Consensus,Unidentified,,,False,True,True,False,True,False,False,False,False,False,False,False,False,False,False,False,False,False,False,False,False,False,True,False,True
A15_118843,769.601467,11.6235,Streptophyta,Viridiplantae,indval_consensus,IndVal,CrossBatch_Consensus,Unidentified,Unknown,False,False,True,True,False,True,False,False,False,False,False,False,False,False,False,False,False,False,False,False,False,False,False,True,False,True
A15_118889,891.484573,11.49,Nematoda,Animalia,composite,Platinum,Platinum,Unidentified,,,False,True,True,False,True,False,False,False,False,False,False,False,False,False,False,False,False,False,False,False,False,False,True,False,True
A15_118901,768.597463,11.6056,Streptophyta,Viridiplantae,indval_consensus,IndVal,CrossBatch_Consensus,Unidentified,,,False,True,True,False,True,False,False,False,False,False,False,False,False,False,False,False,False,False,False,False,False,False,True,False,True
A15_119030,301.117685,11.7096,Streptophyta,Viridiplantae,indval_consensus,IndVal,CrossBatch_Consensus,Unidentified,,,False,True,True,False,True,False,False,False,False,False,False,False,False,False,False,False,False,False,False,False,False,False,True,False,True
A15_119087,792.598939,11.5421,Streptophyta,Viridiplantae,indval_consensus,IndVal,CrossBatch_Consensus,Unidentified,,,False,True,True,False,True,False,False,False,False,False,False,False,False,False,False,False,False,False,False,False,False,False,True,False,True
A15_119137,764.601643,11.5114,Streptophyta,Viridiplantae,indval_consensus,IndVal,CrossBatch_Consensus,Unidentified,,,False,True,True,False,True,False,False,False,False,False,False,False,False,False,False,False,False,False,False,False,False,False,True,False,True
A15_119245,1036.774513,11.4473,Streptophyta,Viridiplantae,indval_consensus,IndVal,CrossBatch_Consensus,Unidentified,,,False,True,True,False,True,False,False,False,False,False,False,False,False,False,False,False,False,False,False,False,False,False,True,False,True
A15_119302,755.564147,11.6591,Streptophyta,Viridiplantae,indval_consensus,IndVal,CrossBatch_Consensus,Unidentified,,,False,True,True,False,True,False,False,False,False,False,False,False,False,False,False,False,False,False,False,False,False,False,True,False,True
A15_119861,684.505571,11.5322,Chlorophyta,Viridiplantae,composite,Platinum,Platinum,Unidentified,,,False,True,True,False,True,False,False,False,False,False,False,False,False,False,False,False,False,False,False,False,False,False,True,False,True
A15_120006,505.388292,11.5352,Streptophyta,Viridiplantae,indval_consensus,IndVal,CrossBatch_Consensus,Unidentified,,,False,True,True,False,True,False,False,False,False,False,False,False,False,False,False,False,False,False,False,False,False,False,True,False,True
A15_120030,975.541501,11.7396,Streptophyta,Viridiplantae,indval_consensus,IndVal,CrossBatch_Consensus,Unidentified,,,False,True,False,False,True,False,False,False,False,False,False,False,False,False,False,False,False,False,False,False,False,False,True,False,True
A15_120461,704.545414,11.796,Streptophyta,Viridiplantae,indval_consensus,IndVal,CrossBatch_Consensus,Unidentified,,,False,True,True,False,True,False,False,False,False,False,False,False,False,False,False,False,False,False,False,False,False,False,True,False,True
A15_120583,540.463255,11.8273,Streptophyta,Viridiplantae,indval_consensus,IndVal,CrossBatch_Consensus,Unidentified,,,False,True,True,False,True,False,False,False,False,False,False,False,False,False,False,False,False,False,False,False,False,False,True,False,True
A15_120852,600.508604,11.6741,Mollusca,Animalia,composite,Platinum,Platinum,Unidentified,,,False,True,True,False,True,False,False,False,False,False,False,False,False,False,False,False,False,False,False,False,False,False,True,False,True
A15_120862,1078.714072,11.6902,Nematoda,Animalia,composite,Platinum,Platinum,Unidentified,,,False,True,True,False,True,False,False,False,False,False,False,False,False,False,False,False,False,False,False,False,False,False,True,False,True
A15_120881,1116.667643,11.5797,Streptophyta,Viridiplantae,indval_consensus,IndVal,CrossBatch_Consensus,Unidentified,,,False,True,True,False,True,False,False,False,False,False,False,False,False,False,False,False,False,False,False,False,False,False,True,False,True
A15_120976,531.44041,11.7131,Streptophyta,Viridiplantae,indval_consensus,IndVal,CrossBatch_Consensus,Unidentified,,,False,True,False,False,True,False,False,False,False,False,False,False,False,False,False,False,False,False,False,False,False,False,True,False,True
A15_121019,1084.762445,11.8739,Streptophyta,Viridiplantae,indval_consensus,IndVal,CrossBatch_Consensus,Unidentified,,,False,True,True,False,True,False,False,False,False,False,False,False,False,False,False,False,False,False,False,False,False,False,True,False,True
A15_121058,494.493215,11.6904,Nematoda,Animalia,composite,Platinum,Platinum,Unidentified,,,False,True,True,False,True,False,False,False,False,False,False,False,False,False,False,False,False,False,False,False,False,False,True,False,True
A15_121097,782.539055,11.8775,Streptophyta,Viridiplantae,indval_consensus,IndVal,CrossBatch_Consensus,Unidentified,,,False,True,True,False,True,False,False,False,False,False,False,False,False,False,False,False,False,False,False,False,False,False,True,False,True
A15_121177,790.58197,11.647,Streptophyta,Viridiplantae,indval_consensus,IndVal,CrossBatch_Consensus,Unidentified,,,False,True,True,False,True,False,False,False,False,False,False,False,False,False,False,False,False,False,False,False,False,False,True,False,True
A15_121218,764.602171,11.7626,Streptophyta,Viridiplantae,indval_consensus,IndVal,CrossBatch_Consensus,Unidentified,,,False,True,True,False,True,False,False,False,False,False,False,False,False,False,False,False,False,False,False,False,False,False,True,False,True
A15_121469,621.490957,11.8148,Streptophyta,Viridiplantae,indval_consensus,IndVal,CrossBatch_Consensus,Unidentified,,,False,True,False,False,True,False,False,False,False,False,False,False,False,False,False,False,False,False,False,False,False,False,True,False,True
A15_121472,953.554441,11.8021,Streptophyta,Viridiplantae,indval_consensus,IndVal,CrossBatch_Consensus,Unidentified,,,False,True,True,False,True,False,False,False,False,False,False,False,False,False,False,False,False,False,False,False,False,False,True,False,True
A15_12189,527.261365,2.3238,Streptophyta,Viridiplantae,indval_consensus,IndVal,CrossBatch_Consensus,Unidentified,,,False,True,False,False,True,False,False,False,False,False,False,False,False,False,False,False,False,False,False,False,False,False,True,False,True
A15_121967,957.622255,11.7931,Streptophyta,Viridiplantae,indval_consensus,IndVal,CrossBatch_Consensus,Unidentified,Unknown,False,False,True,True,False,True,False,False,False,False,False,False,False,False,False,False,False,False,False,False,False,False,False,True,False,True
A15_121969,751.590397,11.8555,Streptophyta,Viridiplantae,indval_consensus,IndVal,CrossBatch_Consensus,Bronze,Glycerolipid (DG/TG),True,True,False,True,False,True,False,False,False,False,False,False,False,False,False,False,False,False,False,False,False,False,False,True,False,True
A15_122117,905.540118,11.7428,Streptophyta,Viridiplantae,indval_consensus,IndVal,CrossBatch_Consensus,Unidentified,,,False,True,True,False,True,False,False,False,False,False,False,False,False,False,False,False,False,False,False,False,False,False,True,False,True
A15_122126,803.502671,11.8546,Streptophyta,Viridiplantae,indval_consensus,IndVal,CrossBatch_Consensus,Unidentified,,,False,True,True,False,True,False,False,False,False,False,False,False,False,False,False,False,False,False,False,False,False,False,True,False,True
A15_122149,795.418539,11.7868,Nematoda,Animalia,composite,Platinum,Platinum,Unidentified,,,False,True,True,False,True,False,False,False,False,False,False,False,False,False,False,False,False,False,False,False,False,False,True,False,True
A15_122237,785.458672,11.921,Chlorophyta,Viridiplantae,composite,Platinum,Platinum,Unidentified,,,False,True,True,False,True,False,False,False,False,False,False,False,False,False,False,False,False,False,False,False,False,False,True,False,True
A15_122369,1092.729732,11.7801,Nematoda,Animalia,composite,Platinum,Platinum,Unidentified,,,False,True,True,False,True,False,False,False,False,False,False,False,False,False,False,False,False,False,False,False,False,False,True,False,True
A15_122790,704.545464,11.8852,Streptophyta,Viridiplantae,indval_consensus,IndVal,CrossBatch_Consensus,Unidentified,,,False,True,True,False,True,False,False,False,False,False,False,False,False,False,False,False,False,False,False,False,False,False,True,False,True
A15_122796,949.566343,11.6962,Streptophyta,Viridiplantae,indval_consensus,IndVal,CrossBatch_Consensus,Unidentified,,,False,True,True,False,True,False,False,False,False,False,False,False,False,False,False,False,False,False,False,False,False,False,True,False,True
A15_122797,956.716805,11.8517,Streptophyta,Viridiplantae,indval_consensus,IndVal,CrossBatch_Consensus,Unidentified,,,False,True,True,False,True,False,False,False,False,False,False,False,False,False,False,False,False,False,False,False,False,False,True,False,True
A15_122820,834.571449,11.6928,Streptophyta,Viridiplantae,indval_consensus,IndVal,CrossBatch_Consensus,Unidentified,,,False,True,True,False,True,False,False,False,False,False,False,False,False,False,False,False,False,False,False,False,False,False,True,False,True
A15_123437,838.640876,11.9653,Streptophyta,Viridiplantae,indval_consensus,IndVal,CrossBatch_Consensus,Unidentified,,,False,True,True,False,True,False,False,False,False,False,False,False,False,False,False,False,False,False,False,False,False,False,True,False,True
A15_123905,641.476766,12.0335,Streptophyta,Viridiplantae,indval_consensus,IndVal,CrossBatch_Consensus,Unidentified,,,False,True,True,False,True,False,False,False,False,False,False,False,False,False,False,False,False,False,False,False,False,False,True,False,True
A15_123956,745.498788,11.7571,Streptophyta,Viridiplantae,indval_consensus,IndVal,CrossBatch_Consensus,Unidentified,,,False,True,True,False,True,False,False,False,False,False,False,False,False,False,False,False,False,False,False,False,False,False,True,False,True
A15_124026,1651.044836,12.0797,Streptophyta,Viridiplantae,indval_consensus,IndVal,CrossBatch_Consensus,Unidentified,,,False,True,False,False,True,False,False,False,False,False,False,False,False,False,False,False,False,False,False,False,False,False,True,False,True
A15_124086,834.539181,12.0671,Streptophyta,Viridiplantae,indval_consensus,IndVal,CrossBatch_Consensus,Unidentified,,,False,True,True,False,True,False,False,False,False,False,False,False,False,False,False,False,False,False,False,False,False,False,True,False,True
A15_124109,765.530584,12.0055,Streptophyta,Viridiplantae,indval_consensus,IndVal,CrossBatch_Consensus,Unidentified,,,False,True,True,False,True,False,False,False,False,False,False,False,False,False,False,False,False,False,False,False,False,False,True,False,True
A15_124115,540.462767,11.9881,Streptophyta,Viridiplantae,indval_consensus,IndVal,CrossBatch_Consensus,Unidentified,,,False,True,True,False,True,False,False,False,False,False,False,False,False,False,False,False,False,False,False,False,False,False,True,False,True
A15_124177,452.372965,12.0775,Streptophyta,Viridiplantae,indval_consensus,IndVal,CrossBatch_Consensus,Unidentified,,,False,True,True,False,True,False,False,False,False,False,False,False,False,False,False,False,False,False,False,False,False,False,True,False,True
A15_124179,762.522346,11.9712,Streptophyta,Viridiplantae,indval_consensus,IndVal,CrossBatch_Consensus,Unidentified,,,False,True,True,False,True,False,False,False,False,False,False,False,False,False,False,False,False,False,False,False,False,False,True,False,True
A15_124187,1668.07085,12.0945,Streptophyta,Viridiplantae,indval_consensus,IndVal,CrossBatch_Consensus,Unidentified,,,False,True,False,False,True,False,False,False,False,False,False,False,False,False,False,False,False,False,False,False,False,False,True,False,True
A15_124293,1557.037479,11.7333,Streptophyta,Viridiplantae,indval_consensus,IndVal,CrossBatch_Consensus,Unidentified,,,False,True,True,False,True,False,False,False,False,False,False,False,False,False,False,False,False,False,False,False,False,False,True,False,True
A15_124356,837.543633,12.1041,Streptophyta,Viridiplantae,indval_consensus,IndVal,CrossBatch_Consensus,Bronze,Phosphatidylcholine/Sphingomyelin,True,True,False,True,False,True,False,False,False,False,False,False,False,False,False,False,False,False,False,False,False,False,False,True,False,True
A15_124534,1092.729492,11.9027,Nematoda,Animalia,composite,Platinum,Platinum,Unidentified,,,False,True,True,False,True,False,False,False,False,False,False,False,False,False,False,False,False,False,False,False,False,False,True,False,True
A15_12461,694.399482,2.3471,Streptophyta,Viridiplantae,indval_consensus,IndVal,CrossBatch_Consensus,Bronze,Phosphatidylcholine/Sphingomyelin,True,True,False,True,False,True,False,False,False,False,False,False,False,False,False,False,False,False,False,False,False,False,False,True,False,True
A15_124701,1584.055177,12.0984,Streptophyta,Viridiplantae,indval_consensus,IndVal,CrossBatch_Consensus,Unidentified,,,False,True,True,False,True,False,False,False,False,False,False,False,False,False,False,False,False,False,False,False,False,False,True,False,True
A15_124723,1084.76228,12.0476,Streptophyta,Viridiplantae,indval_consensus,IndVal,CrossBatch_Consensus,Unidentified,,,False,True,True,False,True,False,False,False,False,False,False,False,False,False,False,False,False,False,False,False,False,False,True,False,True
A15_124742,380.330496,12.0062,Nematoda,Animalia,composite,Platinum,Platinum,Unidentified,,,False,True,True,False,True,False,False,False,False,False,False,False,False,False,False,False,False,False,False,False,False,False,True,False,True
A15_124825,1510.025668,12.1731,Streptophyta,Viridiplantae,indval_consensus,IndVal,CrossBatch_Consensus,Unidentified,,,False,True,True,False,True,False,False,False,False,False,False,False,False,False,False,False,False,False,False,False,False,False,True,False,True
A15_124826,1516.060939,12.1146,Streptophyta,Viridiplantae,indval_consensus,IndVal,CrossBatch_Consensus,Unidentified,,,False,True,True,False,True,False,False,False,False,False,False,False,False,False,False,False,False,False,False,False,False,False,True,False,True
A15_124939,1577.016547,12.1266,Streptophyta,Viridiplantae,indval_consensus,IndVal,CrossBatch_Consensus,Bronze,Phosphatidylcholine/Sphingomyelin,True,True,False,True,False,True,False,False,False,False,False,False,False,False,False,False,False,False,False,False,False,False,False,True,False,True
A15_124994,1652.049061,12.1163,Streptophyta,Viridiplantae,indval_consensus,IndVal,CrossBatch_Consensus,Unidentified,,,False,True,True,False,True,False,False,False,False,False,False,False,False,False,False,False,False,False,False,False,False,False,True,False,True
A15_125020,1685.09629,11.995,Streptophyta,Viridiplantae,indval_consensus,IndVal,CrossBatch_Consensus,Unidentified,,,False,True,False,False,True,False,False,False,False,False,False,False,False,False,False,False,False,False,False,False,False,False,True,False,True
A15_125021,1686.100866,11.9863,Streptophyta,Viridiplantae,indval_consensus,IndVal,CrossBatch_Consensus,Unidentified,,,False,True,True,False,True,False,False,False,False,False,False,False,False,False,False,False,False,False,False,False,False,False,True,False,True
A15_125202,1578.021795,12.2931,Streptophyta,Viridiplantae,indval_consensus,IndVal,CrossBatch_Consensus,Unidentified,Unknown,False,False,True,True,False,True,False,False,False,False,False,False,False,False,False,False,False,False,False,False,False,False,False,True,False,True
A15_125349,834.539714,12.1393,Streptophyta,Viridiplantae,indval_consensus,IndVal,CrossBatch_Consensus,Bronze,Phosphatidylcholine/Sphingomyelin,True,True,False,True,False,True,False,False,False,False,False,False,False,False,False,False,False,False,False,False,False,False,False,True,False,True
A15_125456,1515.057099,12.3018,Streptophyta,Viridiplantae,indval_consensus,IndVal,CrossBatch_Consensus,Unidentified,,,False,True,True,False,True,False,False,False,False,False,False,False,False,False,False,False,False,False,False,False,False,False,True,False,True
A15_125619,1669.073659,12.1561,Streptophyta,Viridiplantae,indval_consensus,IndVal,CrossBatch_Consensus,Unidentified,,,False,True,True,False,True,False,False,False,False,False,False,False,False,False,False,False,False,False,False,False,False,False,True,False,True
A15_125668,1056.631199,12.1383,Nematoda,Animalia,composite,Platinum,Platinum,Unidentified,,,False,True,True,False,True,False,False,False,False,False,False,False,False,False,False,False,False,False,False,False,False,False,True,False,True
A15_125692,1651.046343,12.1671,Streptophyta,Viridiplantae,indval_consensus,IndVal,CrossBatch_Consensus,Unidentified,,,False,True,True,False,True,False,False,False,False,False,False,False,False,False,False,False,False,False,False,False,False,False,True,False,True
A15_125815,1510.025841,12.2193,Streptophyta,Viridiplantae,indval_consensus,IndVal,CrossBatch_Consensus,Unidentified,,,False,True,True,False,True,False,False,False,False,False,False,False,False,False,False,False,False,False,False,False,False,False,True,False,True
A15_125816,1516.060288,12.1679,Streptophyta,Viridiplantae,indval_consensus,IndVal,CrossBatch_Consensus,Unidentified,Unknown,False,False,True,True,False,True,False,False,False,False,False,False,False,False,False,False,False,False,False,False,False,False,False,True,False,True
A15_125927,1084.76189,12.3975,Streptophyta,Viridiplantae,indval_consensus,IndVal,CrossBatch_Consensus,Unidentified,,,False,True,True,False,True,False,False,False,False,False,False,False,False,False,False,False,False,False,False,False,False,False,True,False,True
A15_126311,626.436532,12.1878,Nematoda,Animalia,composite,Platinum,Platinum,Unidentified,,,False,True,True,False,True,False,False,False,False,False,False,False,False,False,False,False,False,False,False,False,False,False,True,False,True
A15_126685,954.699115,12.1687,Streptophyta,Viridiplantae,indval_consensus,IndVal,CrossBatch_Consensus,Unidentified,,,False,True,True,False,True,False,False,False,False,False,False,False,False,False,False,False,False,False,False,False,False,False,True,False,True
A15_126714,1056.631358,12.1878,Nematoda,Animalia,composite,Platinum,Platinum,Unidentified,,,False,True,True,False,True,False,False,False,False,False,False,False,False,False,False,False,False,False,False,False,False,False,True,False,True
A15_126777,1680.130554,12.2258,Streptophyta,Viridiplantae,indval_consensus,IndVal,CrossBatch_Consensus,Unidentified,,,False,True,True,False,True,False,False,False,False,False,False,False,False,False,False,False,False,False,False,False,False,False,True,False,True
A15_1268,323.184201,1.6326,Streptophyta,Viridiplantae,indval_consensus,IndVal,CrossBatch_Consensus,Bronze,Glycolipid,True,True,False,False,False,True,False,False,False,False,False,False,False,False,False,False,False,False,False,False,False,False,False,True,False,True
A15_127024,758.538678,12.3196,Streptophyta,Viridiplantae,indval_consensus,IndVal,CrossBatch_Consensus,Unidentified,,,False,True,True,False,True,False,False,False,False,False,False,False,False,False,False,False,False,False,False,False,False,False,True,False,True
A15_127060,933.536618,12.3584,Streptophyta,Viridiplantae,indval_consensus,IndVal,CrossBatch_Consensus,Unidentified,,,False,True,True,False,True,False,False,False,False,False,False,False,False,False,False,False,False,False,False,False,False,False,True,False,True
A15_127200,921.572587,12.3602,Streptophyta,Viridiplantae,indval_consensus,IndVal,CrossBatch_Consensus,Unidentified,,,False,True,True,False,True,False,False,False,False,False,False,False,False,False,False,False,False,False,False,False,False,False,True,False,True
A15_12763,654.457063,2.3303,Streptophyta,Viridiplantae,indval_consensus,IndVal,CrossBatch_Consensus,Unidentified,,,False,True,True,False,True,False,False,False,False,False,False,False,False,False,False,False,False,False,False,False,False,False,True,False,True
A15_127837,1584.051482,12.4046,Streptophyta,Viridiplantae,indval_consensus,IndVal,CrossBatch_Consensus,Bronze,Phosphatidylcholine/Sphingomyelin,True,True,False,True,False,True,False,False,False,False,False,False,False,False,False,False,False,False,False,False,False,False,False,True,False,True
A15_128100,1683.056326,12.4926,Streptophyta,Viridiplantae,indval_consensus,IndVal,CrossBatch_Consensus,Unidentified,,,False,True,True,False,True,False,False,False,False,False,False,False,False,False,False,False,False,False,False,False,False,False,True,False,True
A15_128140,575.409794,12.3432,Arthropoda,Animalia,composite,Platinum,Platinum,Unidentified,,,False,True,False,False,True,False,False,False,False,False,False,False,False,False,False,False,False,False,False,False,False,False,True,False,True
A15_128141,810.569809,12.3751,Streptophyta,Viridiplantae,indval_consensus,IndVal,CrossBatch_Consensus,Unidentified,Unknown,False,False,True,True,False,True,False,False,False,False,False,False,False,False,False,False,False,False,False,False,False,False,False,True,False,True
A15_128156,936.550513,12.3613,Chlorophyta,Viridiplantae,composite,Platinum,Platinum,Unidentified,,,False,True,True,False,True,False,False,False,False,False,False,False,False,False,False,False,False,False,False,False,False,False,True,False,True
A15_128194,823.451928,12.3486,Nematoda,Animalia,composite,Platinum,Platinum,Unidentified,,,False,True,True,False,True,False,False,False,False,False,False,False,False,False,False,False,False,False,False,False,False,False,True,False,True
A15_128208,642.510022,12.3176,Streptophyta,Viridiplantae,indval_consensus,IndVal,CrossBatch_Consensus,Unidentified,,,False,True,True,False,True,False,False,False,False,False,False,False,False,False,False,False,False,False,False,False,False,False,True,False,True
A15_128382,822.537935,12.4228,Streptophyta,Viridiplantae,indval_consensus,IndVal,CrossBatch_Consensus,Unidentified,,,False,True,True,False,True,False,False,False,False,False,False,False,False,False,False,False,False,False,False,False,False,False,True,False,True
A15_128418,1120.754912,12.3909,Nematoda,Animalia,composite,Platinum,Platinum,Unidentified,,,False,True,True,False,True,False,False,False,False,False,False,False,False,False,False,False,False,False,False,False,False,False,True,False,True
A15_128479,935.550738,12.6165,Streptophyta,Viridiplantae,indval_consensus,IndVal,CrossBatch_Consensus,Unidentified,,,False,True,True,False,True,False,False,False,False,False,False,False,False,False,False,False,False,False,False,False,False,False,True,False,True
A15_128544,899.530182,12.5651,Streptophyta,Viridiplantae,indval_consensus,IndVal,CrossBatch_Consensus,Unidentified,,,False,True,True,False,True,False,False,False,False,False,False,False,False,False,False,False,False,False,False,False,False,False,True,False,True
A15_128777,1625.067706,12.6594,Streptophyta,Viridiplantae,indval_consensus,IndVal,CrossBatch_Consensus,Unidentified,,,False,True,True,False,True,False,False,False,False,False,False,False,False,False,False,False,False,False,False,False,False,False,True,False,True
A15_12887,852.490859,2.6581,Streptophyta,Viridiplantae,indval_consensus,IndVal,CrossBatch_Consensus,Unidentified,,,False,True,True,False,True,False,False,False,False,False,False,False,False,False,False,False,False,False,False,False,False,False,True,False,True
A15_129079,731.563622,12.3799,Streptophyta,Viridiplantae,indval_consensus,IndVal,CrossBatch_Consensus,Unidentified,,,False,True,True,False,True,False,False,False,False,False,False,False,False,False,False,False,False,False,False,False,False,False,True,False,True
A15_129287,1084.761716,12.5441,Streptophyta,Viridiplantae,indval_consensus,IndVal,CrossBatch_Consensus,Unidentified,,,False,True,True,False,True,False,False,False,False,False,False,False,False,False,False,False,False,False,False,False,False,False,True,False,True
A15_129415,813.490235,12.3868,Streptophyta,Viridiplantae,indval_consensus,IndVal,CrossBatch_Consensus,Unidentified,,,False,True,False,False,True,False,False,False,False,False,False,False,False,False,False,False,False,False,False,False,False,False,True,False,True
A15_129475,625.520864,12.5353,Streptophyta,Viridiplantae,indval_consensus,IndVal,CrossBatch_Consensus,Unidentified,Unknown,False,False,True,True,False,True,False,False,False,False,False,False,False,False,False,False,False,False,False,False,False,False,False,True,False,True
A15_129612,1568.092484,12.6678,Streptophyta,Viridiplantae,indval_consensus,IndVal,CrossBatch_Consensus,Unidentified,,,False,True,True,False,True,False,False,False,False,False,False,False,False,False,False,False,False,False,False,False,False,False,True,False,True
A15_129653,1567.088994,12.6142,Streptophyta,Viridiplantae,indval_consensus,IndVal,CrossBatch_Consensus,Unidentified,,,False,True,True,False,True,False,False,False,False,False,False,False,False,False,False,False,False,False,False,False,False,False,True,False,True
A15_129676,792.597488,12.5762,Streptophyta,Viridiplantae,indval_consensus,IndVal,CrossBatch_Consensus,Unidentified,,,False,True,True,False,True,False,False,False,False,False,False,False,False,False,False,False,False,False,False,False,False,False,True,False,True
A15_129677,793.600806,12.5454,Streptophyta,Viridiplantae,indval_consensus,IndVal,CrossBatch_Consensus,Unidentified,,,False,True,True,False,True,False,False,False,False,False,False,False,False,False,False,False,False,False,False,False,False,False,True,False,True
A15_129985,1573.044687,12.692,Streptophyta,Viridiplantae,indval_consensus,IndVal,CrossBatch_Consensus,Bronze,Phosphatidylcholine/Sphingomyelin,True,True,False,True,False,True,False,False,False,False,False,False,False,False,False,False,False,False,False,False,False,False,False,True,False,True
A15_130287,724.570534,12.5065,Streptophyta,Viridiplantae,indval_consensus,IndVal,CrossBatch_Consensus,Unidentified,,,False,True,True,False,True,False,False,False,False,False,False,False,False,False,False,False,False,False,False,False,False,False,True,False,True
A15_130299,1732.160261,12.8081,Streptophyta,Viridiplantae,indval_consensus,IndVal,CrossBatch_Consensus,Unidentified,,,False,True,True,False,True,False,False,False,False,False,False,False,False,False,False,False,False,False,False,False,False,False,True,False,True
A15_130613,1533.071178,12.7005,Streptophyta,Viridiplantae,indval_consensus,IndVal,CrossBatch_Consensus,Unidentified,,,False,True,True,False,True,False,False,False,False,False,False,False,False,False,False,False,False,False,False,False,False,False,True,False,True
A15_130720,757.580139,12.6956,Streptophyta,Viridiplantae,indval_consensus,IndVal,CrossBatch_Consensus,Unidentified,,,False,True,True,False,True,False,False,False,False,False,False,False,False,False,False,False,False,False,False,False,False,False,True,False,True
A15_130817,917.542802,12.6586,Streptophyta,Viridiplantae,indval_consensus,IndVal,CrossBatch_Consensus,Unidentified,,,False,True,True,False,True,False,False,False,False,False,False,False,False,False,False,False,False,False,False,False,False,False,True,False,True
A15_131020,1084.761093,12.6215,Streptophyta,Viridiplantae,indval_consensus,IndVal,CrossBatch_Consensus,Unidentified,Unknown,False,False,True,True,False,True,False,False,False,False,False,False,False,False,False,False,False,False,False,False,False,False,False,True,False,True
A15_131283,958.628961,12.6265,Chlorophyta,Viridiplantae,composite,Platinum,Platinum,Unidentified,,,False,True,True,False,True,False,False,False,False,False,False,False,False,False,False,False,False,False,False,False,False,False,True,False,True
A15_131405,269.283514,12.6108,Nematoda,Animalia,composite,Platinum,Platinum,Unidentified,,,False,True,True,False,True,False,False,False,False,False,False,False,False,False,False,False,False,False,False,False,False,False,True,False,True
A15_131417,758.583879,12.7198,Streptophyta,Viridiplantae,indval_consensus,IndVal,CrossBatch_Consensus,Unidentified,Unknown,False,False,True,True,False,True,False,False,False,False,False,False,False,False,False,False,False,False,False,False,False,False,False,True,False,True
A15_131437,922.622847,12.6501,Chlorophyta,Viridiplantae,composite,Platinum,Diamond,Unidentified,,,False,True,True,False,True,False,False,False,False,False,False,False,False,False,False,False,False,False,False,False,False,False,True,False,True
A15_131623,933.575611,12.7292,Streptophyta,Viridiplantae,indval_consensus,IndVal,CrossBatch_Consensus,Unidentified,,,False,True,True,False,True,False,False,False,False,False,False,False,False,False,False,False,False,False,False,False,False,False,True,False,True
A15_131808,759.586694,12.7246,Streptophyta,Viridiplantae,indval_consensus,IndVal,CrossBatch_Consensus,Unidentified,,,False,True,True,False,True,False,False,False,False,False,False,False,False,False,False,False,False,False,False,False,False,False,True,False,True
A15_132016,1092.728001,12.6726,Nematoda,Animalia,composite,Platinum,Platinum,Unidentified,,,False,True,True,False,True,False,False,False,False,False,False,False,False,False,False,False,False,False,False,False,False,False,True,False,True
A15_132240,1118.744387,12.7055,Nematoda,Animalia,composite,Platinum,Platinum,Unidentified,,,False,True,True,False,True,False,False,False,False,False,False,False,False,False,False,False,False,False,False,False,False,False,True,False,True
A15_1324,710.393365,1.67,Streptophyta,Viridiplantae,indval_consensus,IndVal,CrossBatch_Consensus,Unidentified,,,False,True,True,False,True,False,False,False,False,False,False,False,False,False,False,False,False,False,False,False,False,False,True,False,True
A15_132410,870.58995,12.7982,Chlorophyta,Viridiplantae,composite,Platinum,Diamond,Unidentified,,,False,True,True,False,True,False,False,False,False,False,False,False,False,False,False,False,False,False,False,False,False,False,True,False,True
A15_132497,785.492168,12.7462,Streptophyta,Viridiplantae,indval_consensus,IndVal,CrossBatch_Consensus,Unidentified,,,False,True,True,False,True,False,False,False,False,False,False,False,False,False,False,False,False,False,False,False,False,False,True,False,True
A15_132761,724.571413,13.0155,Streptophyta,Viridiplantae,indval_consensus,IndVal,CrossBatch_Consensus,Unidentified,,,False,True,True,False,True,False,False,False,False,False,False,False,False,False,False,False,False,False,False,False,False,False,True,False,True
A15_132918,813.545015,12.7245,Streptophyta,Viridiplantae,indval_consensus,IndVal,CrossBatch_Consensus,Unidentified,,,False,True,True,False,True,False,False,False,False,False,False,False,False,False,False,False,False,False,False,False,False,False,True,False,True
A15_133089,706.503067,12.834,Streptophyta,Viridiplantae,indval_consensus,IndVal,CrossBatch_Consensus,Unidentified,,,False,True,False,False,True,False,False,False,False,False,False,False,False,False,False,False,False,False,False,False,False,False,True,False,True
A15_1331,251.163735,1.6318,Streptophyta,Viridiplantae,indval_consensus,IndVal,CrossBatch_Consensus,Unidentified,,,False,True,False,False,True,False,False,False,False,False,False,False,False,False,False,False,False,False,False,False,False,False,True,False,True
A15_133151,727.53498,12.7473,Chlorophyta,Viridiplantae,composite,Platinum,Platinum,Unidentified,,,False,True,True,False,True,False,False,False,False,False,False,False,False,False,False,False,False,False,False,False,False,False,True,False,True
A15_133201,792.596913,12.8799,Streptophyta,Viridiplantae,indval_consensus,IndVal,CrossBatch_Consensus,Unidentified,Unknown,False,False,True,True,False,True,False,False,False,False,False,False,False,False,False,False,False,False,False,False,False,False,False,True,False,True
A15_133237,744.578496,12.7632,Streptophyta,Viridiplantae,indval_consensus,IndVal,CrossBatch_Consensus,Unidentified,Unknown,False,False,True,True,False,True,False,False,False,False,False,False,False,False,False,False,False,False,False,False,False,False,False,True,False,True
A15_133281,793.600754,12.8277,Streptophyta,Viridiplantae,indval_consensus,IndVal,CrossBatch_Consensus,Bronze,Glycerolipid (DG/TG),True,True,False,True,False,True,False,False,False,False,False,False,False,False,False,False,False,False,False,False,False,False,False,True,False,True
A15_133417,933.575579,12.7788,Streptophyta,Viridiplantae,indval_consensus,IndVal,CrossBatch_Consensus,Unidentified,,,False,True,True,False,True,False,False,False,False,False,False,False,False,False,False,False,False,False,False,False,False,False,True,False,True
A15_133418,905.539745,12.9771,Streptophyta,Viridiplantae,indval_consensus,IndVal,CrossBatch_Consensus,Unidentified,,,False,True,True,False,True,False,False,False,False,False,False,False,False,False,False,False,False,False,False,False,False,False,True,False,True
A15_133471,1084.761545,12.7156,Streptophyta,Viridiplantae,indval_consensus,IndVal,CrossBatch_Consensus,Unidentified,,,False,True,True,False,True,False,False,False,False,False,False,False,False,False,False,False,False,False,False,False,False,False,True,False,True
A15_133508,693.545892,12.8933,Streptophyta,Viridiplantae,indval_consensus,IndVal,CrossBatch_Consensus,Unidentified,Unknown,False,False,True,False,False,True,False,False,False,False,False,False,False,False,False,False,False,False,False,False,False,False,False,True,False,True
A15_13359,652.382215,2.5193,Streptophyta,Viridiplantae,indval_consensus,IndVal,CrossBatch_Consensus,Unidentified,,,False,True,False,False,True,False,False,False,False,False,False,False,False,False,False,False,False,False,False,False,False,False,True,False,True
A15_133613,937.567679,12.8101,Streptophyta,Viridiplantae,indval_consensus,IndVal,CrossBatch_Consensus,Unidentified,,,False,True,True,False,True,False,False,False,False,False,False,False,False,False,False,False,False,False,False,False,False,False,True,False,True
A15_133748,903.562281,13.0233,Streptophyta,Viridiplantae,indval_consensus,IndVal,CrossBatch_Consensus,Unidentified,Unknown,False,False,True,True,False,True,False,False,False,False,False,False,False,False,False,False,False,False,False,False,False,False,False,True,False,True
A15_134075,609.487532,12.833,Streptophyta,Viridiplantae,indval_consensus,IndVal,CrossBatch_Consensus,Unidentified,,,False,True,False,False,True,False,False,False,False,False,False,False,False,False,False,False,False,False,False,False,False,False,True,False,True
A15_13422,655.458446,2.6554,Streptophyta,Viridiplantae,indval_consensus,IndVal,CrossBatch_Consensus,Unidentified,,,False,True,False,False,True,False,False,False,False,False,False,False,False,False,False,False,False,False,False,False,False,False,True,False,True
A15_13423,659.413474,2.3467,Streptophyta,Viridiplantae,indval_consensus,IndVal,CrossBatch_Consensus,Unidentified,,,False,True,True,False,True,False,False,False,False,False,False,False,False,False,False,False,False,False,False,False,False,False,True,False,True
A15_134767,746.556561,12.8536,Streptophyta,Viridiplantae,indval_consensus,IndVal,CrossBatch_Consensus,Unidentified,,,False,True,True,False,True,False,False,False,False,False,False,False,False,False,False,False,False,False,False,False,False,False,True,False,True
A15_134769,772.54921,12.9628,Streptophyta,Viridiplantae,indval_consensus,IndVal,CrossBatch_Consensus,Unidentified,,,False,True,True,False,True,False,False,False,False,False,False,False,False,False,False,False,False,False,False,False,False,False,True,False,True
A15_134808,797.433206,12.9504,Nematoda,Animalia,composite,Platinum,Platinum,Unidentified,,,False,True,True,False,True,False,False,False,False,False,False,False,False,False,False,False,False,False,False,False,False,False,True,False,True
A15_134972,1473.015293,13.0768,Streptophyta,Viridiplantae,indval_consensus,IndVal,CrossBatch_Consensus,Unidentified,,,False,True,True,False,True,False,False,False,False,False,False,False,False,False,False,False,False,False,False,False,False,False,True,False,True
A15_135103,919.557275,13.2004,Streptophyta,Viridiplantae,indval_consensus,IndVal,CrossBatch_Consensus,Unidentified,,,False,True,True,False,True,False,False,False,False,False,False,False,False,False,False,False,False,False,False,False,False,False,True,False,True
A15_135159,839.558204,13.1149,Streptophyta,Viridiplantae,indval_consensus,IndVal,CrossBatch_Consensus,Unidentified,,,False,True,True,False,True,False,False,False,False,False,False,False,False,False,False,False,False,False,False,False,False,False,True,False,True
A15_1353,569.29314,1.6564,Streptophyta,Viridiplantae,indval_consensus,IndVal,CrossBatch_Consensus,Unidentified,,,False,True,False,False,True,False,False,False,False,False,False,False,False,False,False,False,False,False,False,False,False,False,True,False,True
A15_135424,498.357359,12.9713,Nematoda,Animalia,composite,Platinum,Platinum,Unidentified,,,False,True,True,False,True,False,False,False,False,False,False,False,False,False,False,False,False,False,False,False,False,False,True,False,True
A15_135613,1655.075503,13.1155,Streptophyta,Viridiplantae,indval_consensus,IndVal,CrossBatch_Consensus,Bronze,Phosphatidylcholine/Sphingomyelin,True,True,False,True,False,True,False,False,False,False,False,False,False,False,False,False,False,False,False,False,False,False,False,True,False,True
A15_135987,447.382937,13.0998,Streptophyta,Viridiplantae,indval_consensus,IndVal,CrossBatch_Consensus,Unidentified,,,False,True,True,False,True,False,False,False,False,False,False,False,False,False,False,False,False,False,False,False,False,False,True,False,True
A15_13613,864.493953,2.5077,Streptophyta,Viridiplantae,indval_consensus,IndVal,CrossBatch_Consensus,Unidentified,,,False,True,True,False,True,False,False,False,False,False,False,False,False,False,False,False,False,False,False,False,False,False,True,False,True
A15_136142,1672.098022,13.1386,Streptophyta,Viridiplantae,indval_consensus,IndVal,CrossBatch_Consensus,Unidentified,,,False,True,True,False,True,False,False,False,False,False,False,False,False,False,False,False,False,False,False,False,False,False,True,False,True
A15_136151,946.628784,12.9916,Chlorophyta,Viridiplantae,composite,Platinum,Platinum,Unidentified,,,False,True,True,False,True,False,False,False,False,False,False,False,False,False,False,False,False,False,False,False,False,False,True,False,True
A15_136267,1142.817065,12.8714,Nematoda,Animalia,composite,Platinum,Platinum,Unidentified,,,False,True,True,False,True,False,False,False,False,False,False,False,False,False,False,False,False,False,False,False,False,False,True,False,True
A15_136281,1656.079839,13.2154,Streptophyta,Viridiplantae,indval_consensus,IndVal,CrossBatch_Consensus,Unidentified,,,False,True,True,False,True,False,False,False,False,False,False,False,False,False,False,False,False,False,False,False,False,False,True,False,True
A15_136465,921.572466,13.1648,Streptophyta,Viridiplantae,indval_consensus,IndVal,CrossBatch_Consensus,Unidentified,Unknown,False,False,True,True,False,True,False,False,False,False,False,False,False,False,False,False,False,False,False,False,False,False,False,True,False,True
A15_136492,744.5784,13.2327,Streptophyta,Viridiplantae,indval_consensus,IndVal,CrossBatch_Consensus,Unidentified,,,False,True,True,False,True,False,False,False,False,False,False,False,False,False,False,False,False,False,False,False,False,False,True,False,True
A15_136606,1094.683023,13.0372,Streptophyta,Viridiplantae,indval_consensus,IndVal,CrossBatch_Consensus,Unidentified,,,False,True,True,False,True,False,False,False,False,False,False,False,False,False,False,False,False,False,False,False,False,False,True,False,True
A15_136773,1690.132603,13.1508,Streptophyta,Viridiplantae,indval_consensus,IndVal,CrossBatch_Consensus,Bronze,Phosphatidylcholine/Sphingomyelin,True,True,False,True,False,True,False,False,False,False,False,False,False,False,False,False,False,False,False,False,False,False,False,True,False,True
A15_136930,1084.761371,12.7925,Streptophyta,Viridiplantae,indval_consensus,IndVal,CrossBatch_Consensus,Unidentified,,,False,True,True,False,True,False,False,False,False,False,False,False,False,False,False,False,False,False,False,False,False,False,True,False,True
A15_137066,1508.0217,13.0403,Streptophyta,Viridiplantae,indval_consensus,IndVal,CrossBatch_Consensus,Unidentified,,,False,True,True,False,True,False,False,False,False,False,False,False,False,False,False,False,False,False,False,False,False,False,True,False,True
A15_137169,746.501775,13.0631,Streptophyta,Viridiplantae,indval_consensus,IndVal,CrossBatch_Consensus,Unidentified,Unknown,False,False,True,True,False,True,False,False,False,False,False,False,False,False,False,False,False,False,False,False,False,False,False,True,False,True
A15_137178,786.56808,13.0915,Streptophyta,Viridiplantae,indval_consensus,IndVal,CrossBatch_Consensus,Unidentified,,,False,True,True,False,True,False,False,False,False,False,False,False,False,False,False,False,False,False,False,False,False,False,True,False,True
A15_137209,1070.646647,13.1123,Nematoda,Animalia,composite,Platinum,Platinum,Unidentified,,,False,True,True,False,True,False,False,False,False,False,False,False,False,False,False,False,False,False,False,False,False,False,True,False,True
A15_137212,1625.065481,12.9604,Streptophyta,Viridiplantae,indval_consensus,IndVal,CrossBatch_Consensus,Unidentified,,,False,True,True,False,True,False,False,False,False,False,False,False,False,False,False,False,False,False,False,False,False,False,True,False,True
A15_137225,919.557532,13.275,Streptophyta,Viridiplantae,indval_consensus,IndVal,CrossBatch_Consensus,Bronze,Phosphatidylcholine/Sphingomyelin,True,True,False,True,False,True,False,False,False,False,False,False,False,False,False,False,False,False,False,False,False,False,False,True,False,True
A15_137269,733.579159,13.2556,Streptophyta,Viridiplantae,indval_consensus,IndVal,CrossBatch_Consensus,Unidentified,,,False,True,True,False,True,False,False,False,False,False,False,False,False,False,False,False,False,False,False,False,False,False,True,False,True
A15_137719,1539.043606,13.0339,Streptophyta,Viridiplantae,indval_consensus,IndVal,CrossBatch_Consensus,Unidentified,,,False,True,True,False,True,False,False,False,False,False,False,False,False,False,False,False,False,False,False,False,False,False,True,False,True
A15_137739,899.528536,13.3278,Streptophyta,Viridiplantae,indval_consensus,IndVal,CrossBatch_Consensus,Unidentified,,,False,True,True,False,True,False,False,False,False,False,False,False,False,False,False,False,False,False,False,False,False,False,True,False,True
A15_13800,553.276862,2.5695,Streptophyta,Viridiplantae,indval_consensus,IndVal,CrossBatch_Consensus,Unidentified,,,False,True,False,False,True,False,False,False,False,False,False,False,False,False,False,False,False,False,False,False,False,False,True,False,True
A15_138000,1581.046085,13.2523,Streptophyta,Viridiplantae,indval_consensus,IndVal,CrossBatch_Consensus,Unidentified,,,False,True,True,False,True,False,False,False,False,False,False,False,False,False,False,False,False,False,False,False,False,False,True,False,True
A15_138176,937.567763,13.2215,Streptophyta,Viridiplantae,indval_consensus,IndVal,CrossBatch_Consensus,Unidentified,,,False,True,True,False,True,False,False,False,False,False,False,False,False,False,False,False,False,False,False,False,False,False,True,False,True
A15_138179,732.576391,13.3438,Streptophyta,Viridiplantae,indval_consensus,IndVal,CrossBatch_Consensus,Unidentified,Unknown,False,False,True,True,False,True,False,False,False,False,False,False,False,False,False,False,False,False,False,False,False,False,False,True,False,True
A15_138182,1489.99539,12.985,Streptophyta,Viridiplantae,indval_consensus,IndVal,CrossBatch_Consensus,Unidentified,,,False,True,False,False,True,False,False,False,False,False,False,False,False,False,False,False,False,False,False,False,False,False,True,False,True
A15_138213,1507.018777,13.0716,Streptophyta,Viridiplantae,indval_consensus,IndVal,CrossBatch_Consensus,Unidentified,,,False,True,True,False,True,False,False,False,False,False,False,False,False,False,False,False,False,False,False,False,False,False,True,False,True
A15_138416,1490.998294,13.0741,Streptophyta,Viridiplantae,indval_consensus,IndVal,CrossBatch_Consensus,Unidentified,,,False,True,True,False,True,False,False,False,False,False,False,False,False,False,False,False,False,False,False,False,False,False,True,False,True
A15_138434,921.57289,13.3066,Streptophyta,Viridiplantae,indval_consensus,IndVal,CrossBatch_Consensus,Unidentified,,,False,True,True,False,True,False,False,False,False,False,False,False,False,False,False,False,False,False,False,False,False,False,True,False,True
A15_138462,529.42495,13.3844,Streptophyta,Viridiplantae,indval_consensus,IndVal,CrossBatch_Consensus,Unidentified,,,False,True,True,False,True,False,False,False,False,False,False,False,False,False,False,False,False,False,False,False,False,False,True,False,True
A15_138499,694.561294,13.1058,Streptophyta,Viridiplantae,indval_consensus,IndVal,CrossBatch_Consensus,Unidentified,,,False,True,True,False,True,False,False,False,False,False,False,False,False,False,False,False,False,False,False,False,False,False,True,False,True
A15_138535,933.534974,13.1745,Streptophyta,Viridiplantae,indval_consensus,IndVal,CrossBatch_Consensus,Bronze,Phosphatidylcholine/Sphingomyelin,True,True,False,True,False,True,False,False,False,False,False,False,False,False,False,False,False,False,False,False,False,False,False,True,False,True
A15_138661,785.599687,13.4198,Streptophyta,Viridiplantae,indval_consensus,IndVal,CrossBatch_Consensus,Unidentified,,,False,True,True,False,True,False,False,False,False,False,False,False,False,False,False,False,False,False,False,False,False,False,True,False,True
A15_138856,919.559143,13.1583,Streptophyta,Viridiplantae,indval_consensus,IndVal,CrossBatch_Consensus,Unidentified,,,False,True,True,False,True,False,False,False,False,False,False,False,False,False,False,False,False,False,False,False,False,False,True,False,True
A15_139144,1520.092807,13.2099,Streptophyta,Viridiplantae,indval_consensus,IndVal,CrossBatch_Consensus,Unidentified,,,False,True,True,False,True,False,False,False,False,False,False,False,False,False,False,False,False,False,False,False,False,False,True,False,True
A15_139187,917.543213,13.3591,Streptophyta,Viridiplantae,indval_consensus,IndVal,CrossBatch_Consensus,Unidentified,,,False,True,True,False,True,False,False,False,False,False,False,False,False,False,False,False,False,False,False,False,False,False,True,False,True
A15_139628,967.580942,13.2968,Chlorophyta,Viridiplantae,composite,Platinum,Platinum,Unidentified,,,False,True,True,False,True,False,False,False,False,False,False,False,False,False,False,False,False,False,False,False,False,False,True,False,True
A15_139709,685.553537,13.4291,Streptophyta,Viridiplantae,indval_consensus,IndVal,CrossBatch_Consensus,Unidentified,,,False,True,True,False,True,False,False,False,False,False,False,False,False,False,False,False,False,False,False,False,False,False,True,False,True
A15_139712,921.572695,13.3326,Streptophyta,Viridiplantae,indval_consensus,IndVal,CrossBatch_Consensus,Unidentified,,,False,True,True,False,True,False,False,False,False,False,False,False,False,False,False,False,False,False,False,False,False,False,True,False,True
A15_139797,625.481904,13.466,Streptophyta,Viridiplantae,indval_consensus,IndVal,CrossBatch_Consensus,Unidentified,,,False,True,False,False,True,False,False,False,False,False,False,False,False,False,False,False,False,False,False,False,False,False,True,False,True
A15_139813,733.579282,13.3041,Streptophyta,Viridiplantae,indval_consensus,IndVal,CrossBatch_Consensus,Bronze,Glycerolipid (DG/TG),True,True,False,True,False,True,False,False,False,False,False,False,False,False,False,False,False,False,False,False,False,False,False,True,False,True
A15_13982,1051.617678,2.566,Streptophyta,Viridiplantae,indval_consensus,IndVal,CrossBatch_Consensus,Unidentified,,,False,True,True,False,True,False,False,False,False,False,False,False,False,False,False,False,False,False,False,False,False,False,True,False,True
A15_139935,761.557584,13.2453,Streptophyta,Viridiplantae,indval_consensus,IndVal,CrossBatch_Consensus,Unidentified,,,False,True,True,False,True,False,False,False,False,False,False,False,False,False,False,False,False,False,False,False,False,False,True,False,True
A15_140051,750.605856,13.3499,Nematoda,Animalia,composite,Platinum,Platinum,Unidentified,,,False,True,True,False,True,False,False,False,False,False,False,False,False,False,False,False,False,False,False,False,False,False,True,False,True
A15_140131,706.560531,13.3904,Streptophyta,Viridiplantae,indval_consensus,IndVal,CrossBatch_Consensus,Unidentified,,,False,True,True,False,True,False,False,False,False,False,False,False,False,False,False,False,False,False,False,False,False,False,True,False,True
A15_140259,760.553166,13.3704,Streptophyta,Viridiplantae,indval_consensus,IndVal,CrossBatch_Consensus,Unidentified,,,False,True,True,False,True,False,False,False,False,False,False,False,False,False,False,False,False,False,False,False,False,False,True,False,True
A15_140386,920.560893,13.382,Streptophyta,Viridiplantae,indval_consensus,IndVal,CrossBatch_Consensus,Unidentified,,,False,True,True,False,True,False,False,False,False,False,False,False,False,False,False,False,False,False,False,False,False,False,True,False,True
A15_140609,919.558548,13.381,Streptophyta,Viridiplantae,indval_consensus,IndVal,CrossBatch_Consensus,Unidentified,,,False,True,True,False,True,False,False,False,False,False,False,False,False,False,False,False,False,False,False,False,False,False,True,False,True
A15_140611,1327.994566,13.3657,Nematoda,Animalia,composite,Platinum,Platinum,Unidentified,,,False,True,False,False,True,False,False,False,False,False,False,False,False,False,False,False,False,False,False,False,False,False,True,False,True
A15_14080,1046.662519,2.6142,Streptophyta,Viridiplantae,indval_consensus,IndVal,CrossBatch_Consensus,Unidentified,,,False,True,True,False,True,False,False,False,False,False,False,False,False,False,False,False,False,False,False,False,False,False,True,False,True
A15_141162,1518.051592,13.601,Streptophyta,Viridiplantae,indval_consensus,IndVal,CrossBatch_Consensus,Unidentified,,,False,True,True,False,True,False,False,False,False,False,False,False,False,False,False,False,False,False,False,False,False,False,True,False,True
A15_141289,608.495689,13.6246,Streptophyta,Viridiplantae,indval_consensus,IndVal,CrossBatch_Consensus,Unidentified,,,False,True,True,False,True,False,False,False,False,False,False,False,False,False,False,False,False,False,False,False,False,False,True,False,True
A15_141313,798.536652,13.4421,Streptophyta,Viridiplantae,indval_consensus,IndVal,CrossBatch_Consensus,Unidentified,,,False,True,True,False,True,False,False,False,False,False,False,False,False,False,False,False,False,False,False,False,False,False,True,False,True
A15_141365,901.561921,13.4649,Arthropoda,Animalia,composite,Platinum,Platinum,Unidentified,,,False,True,True,False,True,False,False,False,False,False,False,False,False,False,False,False,False,False,False,False,False,False,True,False,True
A15_141420,1523.018939,13.5918,Streptophyta,Viridiplantae,indval_consensus,IndVal,CrossBatch_Consensus,Unidentified,,,False,True,True,False,True,False,False,False,False,False,False,False,False,False,False,False,False,False,False,False,False,False,True,False,True
A15_141461,671.464332,13.3641,Streptophyta,Viridiplantae,indval_consensus,IndVal,CrossBatch_Consensus,Unidentified,,,False,True,True,False,True,False,False,False,False,False,False,False,False,False,False,False,False,False,False,False,False,False,True,False,True
A15_141643,918.54497,13.6038,Streptophyta,Viridiplantae,indval_consensus,IndVal,CrossBatch_Consensus,Unidentified,Unknown,False,False,True,True,False,True,False,False,False,False,False,False,False,False,False,False,False,False,False,False,False,False,False,True,False,True
A15_141675,899.529494,13.5651,Streptophyta,Viridiplantae,indval_consensus,IndVal,CrossBatch_Consensus,Unidentified,,,False,True,True,False,True,False,False,False,False,False,False,False,False,False,False,False,False,False,False,False,False,False,True,False,True
A15_141692,412.320599,13.5247,Nematoda,Animalia,composite,Platinum,Platinum,Unidentified,,,False,True,True,False,True,False,False,False,False,False,False,False,False,False,False,False,False,False,False,False,False,False,True,False,True
A15_141887,1725.132994,13.5211,Chlorophyta,Viridiplantae,composite,Platinum,Platinum,Unidentified,,,False,True,True,False,True,False,False,False,False,False,False,False,False,False,False,False,False,False,False,False,False,False,True,False,True
A15_142244,917.543266,13.5169,Streptophyta,Viridiplantae,indval_consensus,IndVal,CrossBatch_Consensus,Unidentified,,,False,True,True,False,True,False,False,False,False,False,False,False,False,False,False,False,False,False,False,False,False,False,True,False,True
A15_142561,982.603383,13.5579,Chlorophyta,Viridiplantae,composite,Platinum,Platinum,Unidentified,,,False,True,True,False,True,False,False,False,False,False,False,False,False,False,False,False,False,False,False,False,False,False,True,False,True
A15_142616,694.560998,13.5318,Streptophyta,Viridiplantae,indval_consensus,IndVal,CrossBatch_Consensus,Unidentified,,,False,True,True,False,True,False,False,False,False,False,False,False,False,False,False,False,False,False,False,False,False,False,True,False,True
A15_142691,891.560999,13.7142,Streptophyta,Viridiplantae,indval_consensus,IndVal,CrossBatch_Consensus,Unidentified,,,False,True,True,False,True,False,False,False,False,False,False,False,False,False,False,False,False,False,False,False,False,False,True,False,True
A15_142955,1478.11505,13.6534,Mollusca,Animalia,composite,Platinum,Platinum,Unidentified,,,False,True,True,False,True,False,False,False,False,False,False,False,False,False,False,False,False,False,False,False,False,False,True,False,True
A15_142982,921.571105,13.5528,Streptophyta,Viridiplantae,indval_consensus,IndVal,CrossBatch_Consensus,Unidentified,,,False,True,True,False,True,False,False,False,False,False,False,False,False,False,False,False,False,False,False,False,False,False,True,False,True
A15_142986,951.569211,13.8342,Streptophyta,Viridiplantae,indval_consensus,IndVal,CrossBatch_Consensus,Bronze,Acylglycerol/Glycerophospholipid,True,True,False,True,False,True,False,False,False,False,False,False,False,False,False,False,False,False,False,False,False,False,False,True,False,True
A15_143062,1572.123814,13.9303,Streptophyta,Viridiplantae,indval_consensus,IndVal,CrossBatch_Consensus,Unidentified,,,False,True,True,False,True,False,False,False,False,False,False,False,False,False,False,False,False,False,False,False,False,False,True,False,True
A15_143070,917.542689,13.6362,Streptophyta,Viridiplantae,indval_consensus,IndVal,CrossBatch_Consensus,Unidentified,,,False,True,True,False,True,False,False,False,False,False,False,False,False,False,False,False,False,False,False,False,False,False,True,False,True
A15_143152,1578.077929,13.7727,Streptophyta,Viridiplantae,indval_consensus,IndVal,CrossBatch_Consensus,Unidentified,,,False,True,False,False,True,False,False,False,False,False,False,False,False,False,False,False,False,False,False,False,False,False,True,False,True
A15_143307,670.560404,13.6776,Basidiomycota,Fungi,indval_consensus,IndVal,CrossBatch_Consensus,Bronze,Phosphatidylcholine/Sphingomyelin,True,True,False,True,False,True,False,False,False,False,False,False,False,False,False,False,False,False,False,False,False,False,False,True,False,True
A15_143413,759.596645,13.6895,Streptophyta,Viridiplantae,indval_consensus,IndVal,CrossBatch_Consensus,Unidentified,,,False,True,True,False,True,False,False,False,False,False,False,False,False,False,False,False,False,False,False,False,False,False,True,False,True
A15_143543,1518.050329,13.7961,Streptophyta,Viridiplantae,indval_consensus,IndVal,CrossBatch_Consensus,Unidentified,,,False,True,True,False,True,False,False,False,False,False,False,False,False,False,False,False,False,False,False,False,False,False,True,False,True
A15_143775,795.576327,13.4458,Streptophyta,Viridiplantae,indval_consensus,IndVal,CrossBatch_Consensus,Unidentified,,,False,True,False,False,True,False,False,False,False,False,False,False,False,False,False,False,False,False,False,False,False,False,True,False,True
A15_143891,1120.760178,13.6782,Nematoda,Animalia,composite,Platinum,Diamond,Unidentified,,,False,True,True,False,True,False,False,False,False,False,False,False,False,False,False,False,False,False,False,False,False,False,True,False,True
A15_143913,924.635273,13.6911,Chlorophyta,Viridiplantae,composite,Platinum,Platinum,Unidentified,,,False,True,True,False,True,False,False,False,False,False,False,False,False,False,False,False,False,False,False,False,False,False,True,False,True
A15_143918,799.530862,13.8907,Streptophyta,Viridiplantae,indval_consensus,IndVal,CrossBatch_Consensus,Unidentified,,,False,True,True,False,True,False,False,False,False,False,False,False,False,False,False,False,False,False,False,False,False,False,True,False,True
A15_14412,674.412475,2.3947,Streptophyta,Viridiplantae,indval_consensus,IndVal,CrossBatch_Consensus,Unidentified,,,False,True,True,False,True,False,False,False,False,False,False,False,False,False,False,False,False,False,False,False,False,False,True,False,True
A15_144122,891.561174,13.7338,Streptophyta,Viridiplantae,indval_consensus,IndVal,CrossBatch_Consensus,Unidentified,Unknown,False,False,True,True,False,True,False,False,False,False,False,False,False,False,False,False,False,False,False,False,False,False,False,True,False,True
A15_144162,1142.820847,13.7459,Nematoda,Animalia,composite,Platinum,Platinum,Unidentified,,,False,True,True,False,True,False,False,False,False,False,False,False,False,False,False,False,False,False,False,False,False,False,True,False,True
A15_144186,760.599366,13.8334,Streptophyta,Viridiplantae,indval_consensus,IndVal,CrossBatch_Consensus,Unidentified,,,False,True,True,False,True,False,False,False,False,False,False,False,False,False,False,False,False,False,False,False,False,False,True,False,True
A15_144240,959.649153,13.8819,Streptophyta,Viridiplantae,indval_consensus,IndVal,CrossBatch_Consensus,Unidentified,,,False,True,True,False,True,False,False,False,False,False,False,False,False,False,False,False,False,False,False,False,False,False,True,False,True
A15_144349,1629.100714,13.7511,Streptophyta,Viridiplantae,indval_consensus,IndVal,CrossBatch_Consensus,Unidentified,,,False,True,False,False,True,False,False,False,False,False,False,False,False,False,False,False,False,False,False,False,False,False,True,False,True
A15_144418,919.557586,13.7805,Streptophyta,Viridiplantae,indval_consensus,IndVal,CrossBatch_Consensus,Unidentified,,,False,True,True,False,True,False,False,False,False,False,False,False,False,False,False,False,False,False,False,False,False,False,True,False,True
A15_144665,789.580901,13.7033,Streptophyta,Viridiplantae,indval_consensus,IndVal,CrossBatch_Consensus,Unidentified,,,False,True,True,False,True,False,False,False,False,False,False,False,False,False,False,False,False,False,False,False,False,False,True,False,True
A15_144738,1168.832269,13.7682,Nematoda,Animalia,composite,Platinum,Platinum,Unidentified,,,False,True,True,False,True,False,False,False,False,False,False,False,False,False,False,False,False,False,False,False,False,False,True,False,True
A15_144760,761.602841,13.8595,Streptophyta,Viridiplantae,indval_consensus,IndVal,CrossBatch_Consensus,Unidentified,,,False,True,True,False,True,False,False,False,False,False,False,False,False,False,False,False,False,False,False,False,False,False,True,False,True
A15_144788,786.570735,13.657,Streptophyta,Viridiplantae,indval_consensus,IndVal,CrossBatch_Consensus,Unidentified,,,False,True,True,False,True,False,False,False,False,False,False,False,False,False,False,False,False,False,False,False,False,False,True,False,True
A15_145171,938.587589,13.9277,Streptophyta,Viridiplantae,indval_consensus,IndVal,CrossBatch_Consensus,Unidentified,,,False,True,True,False,True,False,False,False,False,False,False,False,False,False,False,False,False,False,False,False,False,False,True,False,True
A15_145438,1587.116649,13.9255,Streptophyta,Viridiplantae,indval_consensus,IndVal,CrossBatch_Consensus,Unidentified,,,False,True,True,False,True,False,False,False,False,False,False,False,False,False,False,False,False,False,False,False,False,False,True,False,True
A15_145530,1679.136777,13.9379,Streptophyta,Viridiplantae,indval_consensus,IndVal,CrossBatch_Consensus,Unidentified,,,False,True,True,False,True,False,False,False,False,False,False,False,False,False,False,False,False,False,False,False,False,False,True,False,True
A15_145743,935.550379,13.9849,Streptophyta,Viridiplantae,indval_consensus,IndVal,CrossBatch_Consensus,Unidentified,,,False,True,True,False,True,False,False,False,False,False,False,False,False,False,False,False,False,False,False,False,False,False,True,False,True
A15_145822,733.579447,13.9462,Streptophyta,Viridiplantae,indval_consensus,IndVal,CrossBatch_Consensus,Unidentified,Unknown,False,False,True,True,False,True,False,False,False,False,False,False,False,False,False,False,False,False,False,False,False,False,False,True,False,True
A15_146090,889.548076,13.8404,Streptophyta,Viridiplantae,indval_consensus,IndVal,CrossBatch_Consensus,Unidentified,,,False,True,True,False,True,False,False,False,False,False,False,False,False,False,False,False,False,False,False,False,False,False,True,False,True
A15_146133,917.542703,13.7089,Streptophyta,Viridiplantae,indval_consensus,IndVal,CrossBatch_Consensus,Unidentified,Unknown,False,False,True,True,False,True,False,False,False,False,False,False,False,False,False,False,False,False,False,False,False,False,False,True,False,True
A15_146143,1120.760487,13.8925,Nematoda,Animalia,composite,Platinum,Platinum,Unidentified,,,False,True,True,False,True,False,False,False,False,False,False,False,False,False,False,False,False,False,False,False,False,False,True,False,True
A15_146230,1587.116935,13.9405,Streptophyta,Viridiplantae,indval_consensus,IndVal,CrossBatch_Consensus,Unidentified,,,False,True,True,False,True,False,False,False,False,False,False,False,False,False,False,False,False,False,False,False,False,False,True,False,True
A15_146247,891.560364,13.9392,Streptophyta,Viridiplantae,indval_consensus,IndVal,CrossBatch_Consensus,Unidentified,,,False,True,True,False,True,False,False,False,False,False,False,False,False,False,False,False,False,False,False,False,False,False,True,False,True
A15_146291,922.626766,13.9043,Chlorophyta,Viridiplantae,composite,Platinum,Platinum,Unidentified,,,False,True,True,False,True,False,False,False,False,False,False,False,False,False,False,False,False,False,False,False,False,False,True,False,True
A15_147080,934.732795,13.9762,Streptophyta,Viridiplantae,indval_consensus,IndVal,CrossBatch_Consensus,Unidentified,,,False,True,True,False,True,False,False,False,False,False,False,False,False,False,False,False,False,False,False,False,False,False,True,False,True
A15_147181,1630.103437,14.0203,Streptophyta,Viridiplantae,indval_consensus,IndVal,CrossBatch_Consensus,Unidentified,,,False,True,True,False,True,False,False,False,False,False,False,False,False,False,False,False,False,False,False,False,False,False,True,False,True
A15_147212,759.594823,14.1625,Streptophyta,Viridiplantae,indval_consensus,IndVal,CrossBatch_Consensus,Unidentified,,,False,True,True,False,True,False,False,False,False,False,False,False,False,False,False,False,False,False,False,False,False,False,True,False,True
A15_147280,921.571023,14.1234,Streptophyta,Viridiplantae,indval_consensus,IndVal,CrossBatch_Consensus,Unidentified,,,False,True,True,False,True,False,False,False,False,False,False,False,False,False,False,False,False,False,False,False,False,False,True,False,True
A15_147421,1629.100693,13.8229,Streptophyta,Viridiplantae,indval_consensus,IndVal,CrossBatch_Consensus,Unidentified,,,False,True,True,False,True,False,False,False,False,False,False,False,False,False,False,False,False,False,False,False,False,False,True,False,True
A15_147838,889.546072,14.154,Streptophyta,Viridiplantae,indval_consensus,IndVal,CrossBatch_Consensus,Unidentified,,,False,True,True,False,True,False,False,False,False,False,False,False,False,False,False,False,False,False,False,False,False,False,True,False,True
A15_148169,776.615082,14.0367,Streptophyta,Viridiplantae,indval_consensus,IndVal,CrossBatch_Consensus,Unidentified,,,False,True,True,False,True,False,False,False,False,False,False,False,False,False,False,False,False,False,False,False,False,False,True,False,True
A15_14872,620.362431,2.6039,Streptophyta,Viridiplantae,indval_consensus,IndVal,CrossBatch_Consensus,Unidentified,,,False,True,True,False,True,False,False,False,False,False,False,False,False,False,False,False,False,False,False,False,False,False,True,False,True
A15_14896,830.522307,2.3997,Streptophyta,Viridiplantae,indval_consensus,IndVal,CrossBatch_Consensus,Unidentified,,,False,True,True,False,True,False,False,False,False,False,False,False,False,False,False,False,False,False,False,False,False,False,True,False,True
A15_149089,927.528844,14.1029,Streptophyta,Viridiplantae,indval_consensus,IndVal,CrossBatch_Consensus,Unidentified,,,False,True,True,False,True,False,False,False,False,False,False,False,False,False,False,False,False,False,False,False,False,False,True,False,True
A15_149118,772.60903,14.2497,Streptophyta,Viridiplantae,indval_consensus,IndVal,CrossBatch_Consensus,Unidentified,,,False,True,True,False,True,False,False,False,False,False,False,False,False,False,False,False,False,False,False,False,False,False,True,False,True
A15_14916,610.334648,2.5892,Arthropoda,Animalia,composite,Platinum,Platinum,Unidentified,,,False,True,True,False,True,False,False,False,False,False,False,False,False,False,False,False,False,False,False,False,False,False,True,False,True
A15_149250,635.464726,14.3698,Streptophyta,Viridiplantae,indval_consensus,IndVal,CrossBatch_Consensus,Unidentified,,,False,True,False,False,True,False,False,False,False,False,False,False,False,False,False,False,False,False,False,False,False,False,True,False,True
A15_149461,932.717334,14.0284,Streptophyta,Viridiplantae,indval_consensus,IndVal,CrossBatch_Consensus,Unidentified,,,False,True,True,False,True,False,False,False,False,False,False,False,False,False,False,False,False,False,False,False,False,False,True,False,True
A15_149528,905.580253,14.2785,Streptophyta,Viridiplantae,indval_consensus,IndVal,CrossBatch_Consensus,Unidentified,,,False,True,True,False,True,False,False,False,False,False,False,False,False,False,False,False,False,False,False,False,False,False,True,False,True
A15_149930,1538.11362,14.3264,Streptophyta,Viridiplantae,indval_consensus,IndVal,CrossBatch_Consensus,Unidentified,,,False,True,True,False,True,False,False,False,False,False,False,False,False,False,False,False,False,False,False,False,False,False,True,False,True
A15_149997,1572.12621,14.1754,Mollusca,Animalia,composite,Platinum,Diamond,Unidentified,,,False,True,True,False,True,False,False,False,False,False,False,False,False,False,False,False,False,False,False,False,False,False,True,False,True
A15_150216,1513.103165,14.3336,Streptophyta,Viridiplantae,indval_consensus,IndVal,CrossBatch_Consensus,Unidentified,,,False,True,True,False,True,False,False,False,False,False,False,False,False,False,False,False,False,False,False,False,False,False,True,False,True
A15_150295,734.591449,14.4974,Streptophyta,Viridiplantae,indval_consensus,IndVal,CrossBatch_Consensus,Unidentified,,,False,True,True,False,True,False,False,False,False,False,False,False,False,False,False,False,False,False,False,False,False,False,True,False,True
A15_150335,1512.098144,14.3792,Streptophyta,Viridiplantae,indval_consensus,IndVal,CrossBatch_Consensus,Unidentified,,,False,True,True,False,True,False,False,False,False,False,False,False,False,False,False,False,False,False,False,False,False,False,True,False,True
A15_150343,785.611191,14.5497,Streptophyta,Viridiplantae,indval_consensus,IndVal,CrossBatch_Consensus,Unidentified,,,False,True,True,False,True,False,False,False,False,False,False,False,False,False,False,False,False,False,False,False,False,False,True,False,True
A15_150572,672.519262,14.257,Arthropoda,Animalia,composite,Platinum,Platinum,Unidentified,,,False,True,True,False,True,False,False,False,False,False,False,False,False,False,False,False,False,False,False,False,False,False,True,False,True
A15_150776,737.60191,14.5315,Streptophyta,Viridiplantae,indval_consensus,IndVal,CrossBatch_Consensus,Unidentified,,,False,True,True,False,True,False,False,False,False,False,False,False,False,False,False,False,False,False,False,False,False,False,True,False,True
A15_150814,841.574459,14.4537,Streptophyta,Viridiplantae,indval_consensus,IndVal,CrossBatch_Consensus,Unidentified,,,False,True,False,False,True,False,False,False,False,False,False,False,False,False,False,False,False,False,False,False,False,False,True,False,True
A15_150938,901.545992,14.3451,Streptophyta,Viridiplantae,indval_consensus,IndVal,CrossBatch_Consensus,Unidentified,,,False,True,True,False,True,False,False,False,False,False,False,False,False,False,False,False,False,False,False,False,False,False,True,False,True
A15_151042,905.580074,14.3432,Streptophyta,Viridiplantae,indval_consensus,IndVal,CrossBatch_Consensus,Unidentified,Unknown,False,False,True,True,False,True,False,False,False,False,False,False,False,False,False,False,False,False,False,False,False,False,False,True,False,True
A15_151213,930.70263,14.4973,Streptophyta,Viridiplantae,indval_consensus,IndVal,CrossBatch_Consensus,Unidentified,,,False,True,True,False,True,False,False,False,False,False,False,False,False,False,False,False,False,False,False,False,False,False,True,False,True
A15_151328,936.643223,14.3485,Chlorophyta,Viridiplantae,composite,Platinum,Diamond,Unidentified,,,False,True,True,False,True,False,False,False,False,False,False,False,False,False,False,False,False,False,False,False,False,False,True,False,True
A15_15146,480.28024,2.7928,Evosea,Protists,composite,Platinum,Diamond,Unidentified,,,False,True,False,False,True,False,False,False,False,False,False,False,False,False,False,False,False,False,False,False,False,False,True,False,True
A15_151738,1084.765127,14.4571,Streptophyta,Viridiplantae,indval_consensus,IndVal,CrossBatch_Consensus,Unidentified,,,False,True,True,False,True,False,False,False,False,False,False,False,False,False,False,False,False,False,False,False,False,False,True,False,True
A15_151986,708.576151,14.4907,Streptophyta,Viridiplantae,indval_consensus,IndVal,CrossBatch_Consensus,Unidentified,,,False,True,True,False,True,False,False,False,False,False,False,False,False,False,False,False,False,False,False,False,False,False,True,False,True
A15_152013,469.330713,14.4051,Mollusca,Animalia,composite,Platinum,Platinum,Unidentified,,,False,True,True,False,True,False,False,False,False,False,False,False,False,False,False,False,False,False,False,False,False,False,True,False,True
A15_152078,1491.160289,14.5754,Streptophyta,Viridiplantae,indval_consensus,IndVal,CrossBatch_Consensus,Unidentified,,,False,True,True,False,True,False,False,False,False,False,False,False,False,False,False,False,False,False,False,False,False,False,True,False,True
A15_15215,701.37074,2.7885,Streptophyta,Viridiplantae,indval_consensus,IndVal,CrossBatch_Consensus,Unidentified,,,False,True,False,False,True,False,False,False,False,False,False,False,False,False,False,False,False,False,False,False,False,False,True,False,True
A15_152211,741.444004,14.6675,Nematoda,Animalia,composite,Platinum,Platinum,Unidentified,,,False,True,False,False,True,False,False,False,False,False,False,False,False,False,False,False,False,False,False,False,False,False,True,False,True
A15_152449,811.626861,14.4514,Streptophyta,Viridiplantae,indval_consensus,IndVal,CrossBatch_Consensus,Unidentified,,,False,True,True,False,True,False,False,False,False,False,False,False,False,False,False,False,False,False,False,False,False,False,True,False,True
A15_152628,806.614101,14.482,Chlorophyta,Viridiplantae,composite,Platinum,Platinum,Unidentified,,,False,True,True,False,True,False,False,False,False,False,False,False,False,False,False,False,False,False,False,False,False,False,True,False,True
A15_152784,509.475546,14.4302,Arthropoda,Animalia,composite,Platinum,Platinum,Unidentified,,,False,True,True,False,True,False,False,False,False,False,False,False,False,False,False,False,False,False,False,False,False,False,True,False,True
A15_152825,1146.77615,14.4102,Nematoda,Animalia,composite,Platinum,Platinum,Unidentified,,,False,True,False,False,True,False,False,False,False,False,False,False,False,False,False,False,False,False,False,False,False,False,True,False,True
A15_152880,864.585085,14.5695,Streptophyta,Viridiplantae,indval_consensus,IndVal,CrossBatch_Consensus,Unidentified,,,False,True,True,False,True,False,False,False,False,False,False,False,False,False,False,False,False,False,False,False,False,False,True,False,True
A15_152924,917.542472,14.5839,Streptophyta,Viridiplantae,indval_consensus,IndVal,CrossBatch_Consensus,Unidentified,,,False,True,True,False,True,False,False,False,False,False,False,False,False,False,False,False,False,False,False,False,False,False,True,False,True
A15_153209,759.594286,14.6098,Streptophyta,Viridiplantae,indval_consensus,IndVal,CrossBatch_Consensus,Unidentified,,,False,True,True,False,True,False,False,False,False,False,False,False,False,False,False,False,False,False,False,False,False,False,True,False,True
A15_153253,902.549238,14.5006,Streptophyta,Viridiplantae,indval_consensus,IndVal,CrossBatch_Consensus,Unidentified,,,False,True,True,False,True,False,False,False,False,False,False,False,False,False,False,False,False,False,False,False,False,False,True,False,True
A15_153345,948.644894,14.4948,Chlorophyta,Viridiplantae,composite,Platinum,Platinum,Unidentified,,,False,True,True,False,True,False,False,False,False,False,False,False,False,False,False,False,False,False,False,False,False,False,True,False,True
A15_15341,574.324818,2.7326,Streptophyta,Viridiplantae,indval_consensus,IndVal,CrossBatch_Consensus,Unidentified,,,False,True,True,False,True,False,False,False,False,False,False,False,False,False,False,False,False,False,False,False,False,False,True,False,True
A15_153757,905.577463,14.436,Streptophyta,Viridiplantae,indval_consensus,IndVal,CrossBatch_Consensus,Unidentified,,,False,True,True,False,True,False,False,False,False,False,False,False,False,False,False,False,False,False,False,False,False,False,True,False,True
A15_154094,1194.817,14.6192,Bacillota,Bacteria,indval_consensus,IndVal,CrossBatch_Consensus,Unidentified,,,False,True,True,False,True,False,False,False,False,False,False,False,False,False,False,False,False,False,False,False,False,False,True,False,True
A15_154258,734.558534,14.8525,Ascomycota,Fungi,indval_consensus,IndVal,CrossBatch_Consensus,Unidentified,,,False,True,True,False,True,False,False,False,False,False,False,False,False,False,False,False,False,False,False,False,False,False,True,False,True
A15_154290,847.603357,14.4724,Streptophyta,Viridiplantae,indval_consensus,IndVal,CrossBatch_Consensus,Unidentified,,,False,True,True,False,True,False,False,False,False,False,False,False,False,False,False,False,False,False,False,False,False,False,True,False,True
A15_154595,864.585219,14.6019,Streptophyta,Viridiplantae,indval_consensus,IndVal,CrossBatch_Consensus,Unidentified,Unknown,False,False,True,True,False,True,False,False,False,False,False,False,False,False,False,False,False,False,False,False,False,False,False,True,False,True
A15_154632,1084.766047,14.5679,Streptophyta,Viridiplantae,indval_consensus,IndVal,CrossBatch_Consensus,Unidentified,,,False,True,True,False,True,False,False,False,False,False,False,False,False,False,False,False,False,False,False,False,False,False,True,False,True
A15_154686,922.712564,14.5591,Streptophyta,Viridiplantae,indval_consensus,IndVal,CrossBatch_Consensus,Unidentified,,,False,True,True,False,True,False,False,False,False,False,False,False,False,False,False,False,False,False,False,False,False,False,True,False,True
A15_154916,903.563258,14.6554,Streptophyta,Viridiplantae,indval_consensus,IndVal,CrossBatch_Consensus,Unidentified,,,False,True,True,False,True,False,False,False,False,False,False,False,False,False,False,False,False,False,False,False,False,False,True,False,True
A15_155073,763.617233,14.9072,Streptophyta,Viridiplantae,indval_consensus,IndVal,CrossBatch_Consensus,Unidentified,,,False,True,True,False,True,False,False,False,False,False,False,False,False,False,False,False,False,False,False,False,False,False,True,False,True
A15_155155,927.522145,14.5173,Streptophyta,Viridiplantae,indval_consensus,IndVal,CrossBatch_Consensus,Unidentified,,,False,True,True,False,True,False,False,False,False,False,False,False,False,False,False,False,False,False,False,False,False,False,True,False,True
A15_155202,1494.190888,14.9295,Streptophyta,Viridiplantae,indval_consensus,IndVal,CrossBatch_Consensus,Unidentified,,,False,True,True,False,True,False,False,False,False,False,False,False,False,False,False,False,False,False,False,False,False,False,True,False,True
A15_155232,1194.816979,14.6406,Bacillota,Bacteria,indval_consensus,IndVal,CrossBatch_Consensus,Unidentified,,,False,True,True,False,True,False,False,False,False,False,False,False,False,False,False,False,False,False,False,False,False,False,True,False,True
A15_155409,901.545863,14.8152,Streptophyta,Viridiplantae,indval_consensus,IndVal,CrossBatch_Consensus,Unidentified,,,False,True,True,False,True,False,False,False,False,False,False,False,False,False,False,False,False,False,False,False,False,False,True,False,True
A15_155533,1197.872955,14.7196,Nematoda,Animalia,composite,Platinum,Platinum,Unidentified,,,False,True,True,False,True,False,False,False,False,False,False,False,False,False,False,False,False,False,False,False,False,False,True,False,True
A15_156143,1713.204414,14.7691,Streptophyta,Viridiplantae,indval_consensus,IndVal,CrossBatch_Consensus,Unidentified,,,False,True,True,False,True,False,False,False,False,False,False,False,False,False,False,False,False,False,False,False,False,False,True,False,True
A15_156349,891.562155,14.9168,Streptophyta,Viridiplantae,indval_consensus,IndVal,CrossBatch_Consensus,Unidentified,,,False,True,True,False,True,False,False,False,False,False,False,False,False,False,False,False,False,False,False,False,False,False,True,False,True
A15_156394,733.580873,14.6173,Streptophyta,Viridiplantae,indval_consensus,IndVal,CrossBatch_Consensus,Unidentified,,,False,True,True,False,True,False,False,False,False,False,False,False,False,False,False,False,False,False,False,False,False,False,True,False,True
A15_156457,1480.11224,14.7684,Mollusca,Animalia,composite,Platinum,Platinum,Unidentified,,,False,True,True,False,True,False,False,False,False,False,False,False,False,False,False,False,False,False,False,False,False,False,True,False,True
A15_156523,1456.121769,14.7826,Mollusca,Animalia,composite,Platinum,Platinum,Unidentified,,,False,True,True,False,True,False,False,False,False,False,False,False,False,False,False,False,False,False,False,False,False,False,True,False,True
A15_156709,1468.175842,14.8674,Streptophyta,Viridiplantae,indval_consensus,IndVal,CrossBatch_Consensus,Unidentified,,,False,True,True,False,True,False,False,False,False,False,False,False,False,False,False,False,False,False,False,False,False,False,True,False,True
A15_156710,1469.179971,14.8592,Streptophyta,Viridiplantae,indval_consensus,IndVal,CrossBatch_Consensus,Unidentified,,,False,True,True,False,True,False,False,False,False,False,False,False,False,False,False,False,False,False,False,False,False,False,True,False,True
A15_156712,864.585181,14.7266,Streptophyta,Viridiplantae,indval_consensus,IndVal,CrossBatch_Consensus,Unidentified,,,False,True,True,False,True,False,False,False,False,False,False,False,False,False,False,False,False,False,False,False,False,False,True,False,True
A15_156806,735.594711,14.8754,Streptophyta,Viridiplantae,indval_consensus,IndVal,CrossBatch_Consensus,Unidentified,,,False,True,True,False,True,False,False,False,False,False,False,False,False,False,False,False,False,False,False,False,False,False,True,False,True
A15_156813,793.648309,14.9284,Streptophyta,Viridiplantae,indval_consensus,IndVal,CrossBatch_Consensus,Unidentified,,,False,True,True,False,True,False,False,False,False,False,False,False,False,False,False,False,False,False,False,False,False,False,True,False,True
A15_157025,1495.195257,14.9195,Streptophyta,Viridiplantae,indval_consensus,IndVal,CrossBatch_Consensus,Unidentified,,,False,True,True,False,True,False,False,False,False,False,False,False,False,False,False,False,False,False,False,False,False,False,True,False,True
A15_157095,763.575748,14.8584,Streptophyta,Viridiplantae,indval_consensus,IndVal,CrossBatch_Consensus,Unidentified,,,False,True,True,False,True,False,False,False,False,False,False,False,False,False,False,False,False,False,False,False,False,False,True,False,True
A15_157151,708.576603,14.7241,Streptophyta,Viridiplantae,indval_consensus,IndVal,CrossBatch_Consensus,Unidentified,,,False,True,True,False,True,False,False,False,False,False,False,False,False,False,False,False,False,False,False,False,False,False,True,False,True
A15_157174,762.572665,14.879,Streptophyta,Viridiplantae,indval_consensus,IndVal,CrossBatch_Consensus,Unidentified,,,False,True,True,False,True,False,False,False,False,False,False,False,False,False,False,False,False,False,False,False,False,False,True,False,True
A15_157280,933.535196,14.7072,Streptophyta,Viridiplantae,indval_consensus,IndVal,CrossBatch_Consensus,Unidentified,,,False,True,True,False,True,False,False,False,False,False,False,False,False,False,False,False,False,False,False,False,False,False,True,False,True
A15_157291,901.546494,14.9943,Streptophyta,Viridiplantae,indval_consensus,IndVal,CrossBatch_Consensus,Unidentified,,,False,True,True,False,True,False,False,False,False,False,False,False,False,False,False,False,False,False,False,False,False,False,True,False,True
A15_157339,935.648596,15.0249,Streptophyta,Viridiplantae,indval_consensus,IndVal,CrossBatch_Consensus,Unidentified,,,False,True,True,False,True,False,False,False,False,False,False,False,False,False,False,False,False,False,False,False,False,False,True,False,True
A15_157842,1469.180323,14.9445,Streptophyta,Viridiplantae,indval_consensus,IndVal,CrossBatch_Consensus,Unidentified,,,False,True,True,False,True,False,False,False,False,False,False,False,False,False,False,False,False,False,False,False,False,False,True,False,True
A15_157843,1468.176883,14.9464,Streptophyta,Viridiplantae,indval_consensus,IndVal,CrossBatch_Consensus,Unidentified,,,False,True,True,False,True,False,False,False,False,False,False,False,False,False,False,False,False,False,False,False,False,False,True,False,True
A15_157949,917.541834,14.7445,Streptophyta,Viridiplantae,indval_consensus,IndVal,CrossBatch_Consensus,Unidentified,,,False,True,True,False,True,False,False,False,False,False,False,False,False,False,False,False,False,False,False,False,False,False,True,False,True
A15_158068,1465.042191,14.9186,Streptophyta,Viridiplantae,indval_consensus,IndVal,CrossBatch_Consensus,Unidentified,,,False,True,True,False,True,False,False,False,False,False,False,False,False,False,False,False,False,False,False,False,False,False,True,False,True
A15_158186,735.594859,15.0381,Streptophyta,Viridiplantae,indval_consensus,IndVal,CrossBatch_Consensus,Unidentified,,,False,True,True,False,True,False,False,False,False,False,False,False,False,False,False,False,False,False,False,False,False,False,True,False,True
A15_158710,891.523839,14.8324,Streptophyta,Viridiplantae,indval_consensus,IndVal,CrossBatch_Consensus,Unidentified,,,False,True,True,False,True,False,False,False,False,False,False,False,False,False,False,False,False,False,False,False,False,False,True,False,True
A15_15872,719.448718,2.444,Streptophyta,Viridiplantae,indval_consensus,IndVal,CrossBatch_Consensus,Unidentified,,,False,True,True,False,True,False,False,False,False,False,False,False,False,False,False,False,False,False,False,False,False,False,True,False,True
A15_158998,901.545896,15.0001,Streptophyta,Viridiplantae,indval_consensus,IndVal,CrossBatch_Consensus,Unidentified,,,False,True,True,False,True,False,False,False,False,False,False,False,False,False,False,False,False,False,False,False,False,False,True,False,True
A15_159170,1540.065386,15.0066,Nematoda,Animalia,composite,Platinum,Platinum,Unidentified,,,False,True,True,False,True,False,False,False,False,False,False,False,False,False,False,False,False,False,False,False,False,False,True,False,True
A15_159327,1653.120964,15.024,Nematoda,Animalia,composite,Platinum,Platinum,Unidentified,,,False,True,True,False,True,False,False,False,False,False,False,False,False,False,False,False,False,False,False,False,False,False,True,False,True
A15_15950,623.250074,2.7351,Streptophyta,Viridiplantae,indval_consensus,IndVal,CrossBatch_Consensus,Unidentified,,,False,True,True,False,True,False,False,False,False,False,False,False,False,False,False,False,False,False,False,False,False,False,True,False,True
A15_159703,1469.180299,14.9969,Streptophyta,Viridiplantae,indval_consensus,IndVal,CrossBatch_Consensus,Unidentified,,,False,True,True,False,True,False,False,False,False,False,False,False,False,False,False,False,False,False,False,False,False,False,True,False,True
A15_159725,947.5887,15.2445,Streptophyta,Viridiplantae,indval_consensus,IndVal,CrossBatch_Consensus,Unidentified,,,False,True,True,False,True,False,False,False,False,False,False,False,False,False,False,False,False,False,False,False,False,False,True,False,True
A15_159961,1456.175921,15.1168,Streptophyta,Viridiplantae,indval_consensus,IndVal,CrossBatch_Consensus,Unidentified,,,False,True,True,False,True,False,False,False,False,False,False,False,False,False,False,False,False,False,False,False,False,False,True,False,True
A15_159986,1198.728332,15.0407,Streptophyta,Viridiplantae,indval_consensus,IndVal,CrossBatch_Consensus,Unidentified,,,False,True,True,False,True,False,False,False,False,False,False,False,False,False,False,False,False,False,False,False,False,False,True,False,True
A15_160077,1468.176796,15.1363,Streptophyta,Viridiplantae,indval_consensus,IndVal,CrossBatch_Consensus,Unidentified,,,False,True,True,False,True,False,False,False,False,False,False,False,False,False,False,False,False,False,False,False,False,False,True,False,True
A15_160177,430.378686,15.0737,Streptophyta,Viridiplantae,indval_consensus,IndVal,CrossBatch_Consensus,Unidentified,,,False,True,True,False,True,False,False,False,False,False,False,False,False,False,False,False,False,False,False,False,False,False,True,False,True
A15_160407,877.546902,15.0157,Streptophyta,Viridiplantae,indval_consensus,IndVal,CrossBatch_Consensus,Unidentified,,,False,True,True,False,True,False,False,False,False,False,False,False,False,False,False,False,False,False,False,False,False,False,True,False,True
A15_16051,307.226307,2.8407,Streptophyta,Viridiplantae,indval_consensus,IndVal,CrossBatch_Consensus,Bronze,Phosphatidylcholine/Sphingomyelin,True,True,False,False,False,True,False,False,False,False,False,False,False,False,False,False,False,False,False,False,False,False,False,True,False,True
A15_160573,903.561273,15.3023,Streptophyta,Viridiplantae,indval_consensus,IndVal,CrossBatch_Consensus,Unidentified,,,False,True,True,False,True,False,False,False,False,False,False,False,False,False,False,False,False,False,False,False,False,False,True,False,True
A15_160800,901.546303,15.1662,Streptophyta,Viridiplantae,indval_consensus,IndVal,CrossBatch_Consensus,Unidentified,,,False,True,True,False,True,False,False,False,False,False,False,False,False,False,False,False,False,False,False,False,False,False,True,False,True
A15_160841,1001.683771,14.9982,Streptophyta,Viridiplantae,indval_consensus,IndVal,CrossBatch_Consensus,Unidentified,,,False,True,True,False,True,False,False,False,False,False,False,False,False,False,False,False,False,False,False,False,False,False,True,False,True
A15_16094,609.379733,2.6889,Chlorophyta,Viridiplantae,composite,Platinum,Platinum,Unidentified,,,False,True,True,False,True,False,False,False,False,False,False,False,False,False,False,False,False,False,False,False,False,False,True,False,True
A15_161080,1534.11669,15.4467,Streptophyta,Viridiplantae,indval_consensus,IndVal,CrossBatch_Consensus,Unidentified,,,False,True,True,False,True,False,False,False,False,False,False,False,False,False,False,False,False,False,False,False,False,False,True,False,True
A15_161230,1054.728752,15.2857,Streptophyta,Viridiplantae,indval_consensus,IndVal,CrossBatch_Consensus,Unidentified,,,False,True,True,False,True,False,False,False,False,False,False,False,False,False,False,False,False,False,False,False,False,False,True,False,True
A15_161251,759.594711,15.049,Streptophyta,Viridiplantae,indval_consensus,IndVal,CrossBatch_Consensus,Unidentified,,,False,True,True,False,True,False,False,False,False,False,False,False,False,False,False,False,False,False,False,False,False,False,True,False,True
A15_161263,723.595157,15.2669,Streptophyta,Viridiplantae,indval_consensus,IndVal,CrossBatch_Consensus,Unidentified,,,False,True,True,False,True,False,False,False,False,False,False,False,False,False,False,False,False,False,False,False,False,False,True,False,True
A15_161332,405.444969,15.2091,Nematoda,Animalia,composite,Platinum,Platinum,Unidentified,,,False,True,True,False,True,False,False,False,False,False,False,False,False,False,False,False,False,False,False,False,False,False,True,False,True
A15_161395,921.57077,15.1996,Streptophyta,Viridiplantae,indval_consensus,IndVal,CrossBatch_Consensus,Unidentified,,,False,True,True,False,True,False,False,False,False,False,False,False,False,False,False,False,False,False,False,False,False,False,True,False,True
A15_161404,942.569101,15.189,Nematoda,Animalia,composite,Platinum,Diamond,Unidentified,,,False,True,True,False,True,False,False,False,False,False,False,False,False,False,False,False,False,False,False,False,False,False,True,False,True
A15_161464,441.466265,15.2182,Nematoda,Animalia,composite,Platinum,Platinum,Unidentified,,,False,True,True,False,True,False,False,False,False,False,False,False,False,False,False,False,False,False,False,False,False,False,True,False,True
A15_161503,724.515041,15.3561,Streptophyta,Viridiplantae,indval_consensus,IndVal,CrossBatch_Consensus,Unidentified,,,False,True,True,False,True,False,False,False,False,False,False,False,False,False,False,False,False,False,False,False,False,False,True,False,True
A15_161592,917.541284,15.3251,Streptophyta,Viridiplantae,indval_consensus,IndVal,CrossBatch_Consensus,Unidentified,,,False,True,True,False,True,False,False,False,False,False,False,False,False,False,False,False,False,False,False,False,False,False,True,False,True
A15_161625,1576.159632,15.0722,Mollusca,Animalia,composite,Platinum,Diamond,Unidentified,,,False,True,True,False,True,False,False,False,False,False,False,False,False,False,False,False,False,False,False,False,False,False,True,False,True
A15_161652,947.588697,15.3671,Streptophyta,Viridiplantae,indval_consensus,IndVal,CrossBatch_Consensus,Unidentified,,,False,True,True,False,True,False,False,False,False,False,False,False,False,False,False,False,False,False,False,False,False,False,True,False,True
A15_161746,1294.970341,15.5216,Streptophyta,Viridiplantae,indval_consensus,IndVal,CrossBatch_Consensus,Unidentified,,,False,True,True,False,True,False,False,False,False,False,False,False,False,False,False,False,False,False,False,False,False,False,True,False,True
A15_161784,684.576591,15.3939,Streptophyta,Viridiplantae,indval_consensus,IndVal,CrossBatch_Consensus,Unidentified,,,False,True,True,False,True,False,False,False,False,False,False,False,False,False,False,False,False,False,False,False,False,False,True,False,True
A15_162015,903.561177,15.3989,Streptophyta,Viridiplantae,indval_consensus,IndVal,CrossBatch_Consensus,Unidentified,,,False,True,True,False,True,False,False,False,False,False,False,False,False,False,False,False,False,False,False,False,False,False,True,False,True
A15_162242,1174.8068,15.299,Nematoda,Animalia,composite,Platinum,Platinum,Unidentified,,,False,True,True,False,True,False,False,False,False,False,False,False,False,False,False,False,False,False,False,False,False,False,True,False,True
A15_162422,919.555679,15.3192,Streptophyta,Viridiplantae,indval_consensus,IndVal,CrossBatch_Consensus,Unidentified,,,False,True,True,False,True,False,False,False,False,False,False,False,False,False,False,False,False,False,False,False,False,False,True,False,True
A15_162493,711.455326,15.3373,Nematoda,Animalia,composite,Platinum,Platinum,Unidentified,,,False,True,True,False,True,False,False,False,False,False,False,False,False,False,False,False,False,False,False,False,False,False,True,False,True
A15_1625,416.263847,1.6356,Streptophyta,Viridiplantae,indval_consensus,IndVal,CrossBatch_Consensus,Unidentified,,,False,True,False,False,True,False,False,False,False,False,False,False,False,False,False,False,False,False,False,False,False,False,True,False,True
A15_162591,662.499773,15.5656,Streptophyta,Viridiplantae,indval_consensus,IndVal,CrossBatch_Consensus,Unidentified,,,False,True,True,False,True,False,False,False,False,False,False,False,False,False,False,False,False,False,False,False,False,False,True,False,True
A15_162632,852.586266,15.2932,Streptophyta,Viridiplantae,indval_consensus,IndVal,CrossBatch_Consensus,Unidentified,,,False,True,True,False,True,False,False,False,False,False,False,False,False,False,False,False,False,False,False,False,False,False,True,False,True
A15_162973,1294.970136,15.5519,Streptophyta,Viridiplantae,indval_consensus,IndVal,CrossBatch_Consensus,Unidentified,,,False,True,True,False,True,False,False,False,False,False,False,False,False,False,False,False,False,False,False,False,False,False,True,False,True
A15_163112,1468.175236,15.2697,Streptophyta,Viridiplantae,indval_consensus,IndVal,CrossBatch_Consensus,Unidentified,,,False,True,True,False,True,False,False,False,False,False,False,False,False,False,False,False,False,False,False,False,False,False,True,False,True
A15_163132,958.601838,15.3978,Nematoda,Animalia,composite,Platinum,Platinum,Unidentified,,,False,True,True,False,True,False,False,False,False,False,False,False,False,False,False,False,False,False,False,False,False,False,True,False,True
A15_163144,953.526013,15.4348,Streptophyta,Viridiplantae,indval_consensus,IndVal,CrossBatch_Consensus,Unidentified,,,False,True,True,False,True,False,False,False,False,False,False,False,False,False,False,False,False,False,False,False,False,False,True,False,True
A15_163301,746.592439,15.4072,Streptophyta,Viridiplantae,indval_consensus,IndVal,CrossBatch_Consensus,Unidentified,,,False,True,True,False,True,False,False,False,False,False,False,False,False,False,False,False,False,False,False,False,False,False,True,False,True
A15_163546,907.524005,15.4152,Streptophyta,Viridiplantae,indval_consensus,IndVal,CrossBatch_Consensus,Unidentified,,,False,True,True,False,True,False,False,False,False,False,False,False,False,False,False,False,False,False,False,False,False,False,True,False,True
A15_163648,917.541198,15.4477,Streptophyta,Viridiplantae,indval_consensus,IndVal,CrossBatch_Consensus,Unidentified,,,False,True,True,False,True,False,False,False,False,False,False,False,False,False,False,False,False,False,False,False,False,False,True,False,True
A15_163702,1494.190479,15.2524,Streptophyta,Viridiplantae,indval_consensus,IndVal,CrossBatch_Consensus,Unidentified,,,False,True,True,False,True,False,False,False,False,False,False,False,False,False,False,False,False,False,False,False,False,False,True,False,True
A15_163830,901.54575,15.4321,Streptophyta,Viridiplantae,indval_consensus,IndVal,CrossBatch_Consensus,Unidentified,,,False,True,True,False,True,False,False,False,False,False,False,False,False,False,False,False,False,False,False,False,False,False,True,False,True
A15_1639,793.389031,1.8451,Arthropoda,Animalia,composite,Platinum,Diamond,Unidentified,,,False,True,True,False,True,False,False,False,False,False,False,False,False,False,False,False,False,False,False,False,False,False,True,False,True
A15_163948,1520.206728,15.4118,Streptophyta,Viridiplantae,indval_consensus,IndVal,CrossBatch_Consensus,Unidentified,,,False,True,True,False,True,False,False,False,False,False,False,False,False,False,False,False,False,False,False,False,False,False,True,False,True
A15_163958,917.72662,15.523,Streptophyta,Viridiplantae,indval_consensus,IndVal,CrossBatch_Consensus,Unidentified,,,False,True,True,False,True,False,False,False,False,False,False,False,False,False,False,False,False,False,False,False,False,False,True,False,True
A15_164139,916.722095,15.7098,Streptophyta,Viridiplantae,indval_consensus,IndVal,CrossBatch_Consensus,Unidentified,,,False,True,True,False,True,False,False,False,False,False,False,False,False,False,False,False,False,False,False,False,False,False,True,False,True
A15_164149,1543.150678,15.5898,Mucoromycota,Fungi,indval_consensus,IndVal,CrossBatch_Consensus,Unidentified,,,False,True,True,False,True,False,False,False,False,False,False,False,False,False,False,False,False,False,False,False,False,False,True,False,True
A15_164281,710.592623,15.554,Streptophyta,Viridiplantae,indval_consensus,IndVal,CrossBatch_Consensus,Unidentified,,,False,True,True,False,True,False,False,False,False,False,False,False,False,False,False,False,False,False,False,False,False,False,True,False,True
A15_164305,924.728028,15.6249,Streptophyta,Viridiplantae,indval_consensus,IndVal,CrossBatch_Consensus,Unidentified,,,False,True,True,False,True,False,False,False,False,False,False,False,False,False,False,False,False,False,False,False,False,False,True,False,True
A15_164356,903.561535,15.4877,Streptophyta,Viridiplantae,indval_consensus,IndVal,CrossBatch_Consensus,Unidentified,,,False,True,True,False,True,False,False,False,False,False,False,False,False,False,False,False,False,False,False,False,False,False,True,False,True
A15_164609,907.523058,15.6117,Streptophyta,Viridiplantae,indval_consensus,IndVal,CrossBatch_Consensus,Unidentified,,,False,True,True,False,True,False,False,False,False,False,False,False,False,False,False,False,False,False,False,False,False,False,True,False,True
A15_164647,953.526035,15.694,Streptophyta,Viridiplantae,indval_consensus,IndVal,CrossBatch_Consensus,Unidentified,,,False,True,True,False,True,False,False,False,False,False,False,False,False,False,False,False,False,False,False,False,False,False,True,False,True
A15_164744,735.529732,15.5511,Nematoda,Animalia,composite,Platinum,Platinum,Unidentified,,,False,True,True,False,True,False,False,False,False,False,False,False,False,False,False,False,False,False,False,False,False,False,True,False,True
A15_164749,1420.177132,15.7282,Streptophyta,Viridiplantae,indval_consensus,IndVal,CrossBatch_Consensus,Unidentified,,,False,True,True,False,True,False,False,False,False,False,False,False,False,False,False,False,False,False,False,False,False,False,True,False,True
A15_165207,919.595887,15.6237,Streptophyta,Viridiplantae,indval_consensus,IndVal,CrossBatch_Consensus,Unidentified,,,False,True,True,False,True,False,False,False,False,False,False,False,False,False,False,False,False,False,False,False,False,False,True,False,True
A15_165372,763.61903,15.5703,Streptophyta,Viridiplantae,indval_consensus,IndVal,CrossBatch_Consensus,Unidentified,,,False,True,True,False,True,False,False,False,False,False,False,False,False,False,False,False,False,False,False,False,False,False,True,False,True
A15_165393,1543.15089,15.6094,Mucoromycota,Fungi,indval_consensus,IndVal,CrossBatch_Consensus,Unidentified,,,False,True,True,False,True,False,False,False,False,False,False,False,False,False,False,False,False,False,False,False,False,False,True,False,True
A15_165427,903.561699,15.6756,Streptophyta,Viridiplantae,indval_consensus,IndVal,CrossBatch_Consensus,Unidentified,,,False,True,True,False,True,False,False,False,False,False,False,False,False,False,False,False,False,False,False,False,False,False,True,False,True
A15_165499,1446.191599,15.7564,Streptophyta,Viridiplantae,indval_consensus,IndVal,CrossBatch_Consensus,Unidentified,,,False,True,True,False,True,False,False,False,False,False,False,False,False,False,False,False,False,False,False,False,False,False,True,False,True
A15_165508,1140.827826,15.6431,Nematoda,Animalia,composite,Platinum,Platinum,Unidentified,,,False,True,True,False,True,False,False,False,False,False,False,False,False,False,False,False,False,False,False,False,False,False,True,False,True
A15_16551,625.464507,2.7381,Nematoda,Animalia,composite,Platinum,Platinum,Unidentified,,,False,True,True,False,True,False,False,False,False,False,False,False,False,False,False,False,False,False,False,False,False,False,True,False,True
A15_165595,889.545067,15.8533,Streptophyta,Viridiplantae,indval_consensus,IndVal,CrossBatch_Consensus,Unidentified,,,False,True,True,False,True,False,False,False,False,False,False,False,False,False,False,False,False,False,False,False,False,False,True,False,True
A15_165631,710.592932,15.7066,Streptophyta,Viridiplantae,indval_consensus,IndVal,CrossBatch_Consensus,Unidentified,,,False,True,True,False,True,False,False,False,False,False,False,False,False,False,False,False,False,False,False,False,False,False,True,False,True
A15_165787,919.596876,15.4402,Streptophyta,Viridiplantae,indval_consensus,IndVal,CrossBatch_Consensus,Unidentified,,,False,True,True,False,True,False,False,False,False,False,False,False,False,False,False,False,False,False,False,False,False,False,True,False,True
A15_165894,938.640077,15.6087,Nematoda,Animalia,composite,Platinum,Platinum,Unidentified,,,False,True,True,False,True,False,False,False,False,False,False,False,False,False,False,False,False,False,False,False,False,False,True,False,True
A15_165907,1447.197016,15.8204,Streptophyta,Viridiplantae,indval_consensus,IndVal,CrossBatch_Consensus,Unidentified,,,False,True,True,False,True,False,False,False,False,False,False,False,False,False,False,False,False,False,False,False,False,False,True,False,True
A15_16597,817.467298,2.8144,Streptophyta,Viridiplantae,indval_consensus,IndVal,CrossBatch_Consensus,Unidentified,,,False,True,False,False,True,False,False,False,False,False,False,False,False,False,False,False,False,False,False,False,False,False,True,False,True
A15_166192,919.55474,15.7403,Streptophyta,Viridiplantae,indval_consensus,IndVal,CrossBatch_Consensus,Unidentified,,,False,True,True,False,True,False,False,False,False,False,False,False,False,False,False,False,False,False,False,False,False,False,True,False,True
A15_166199,917.541386,15.6385,Streptophyta,Viridiplantae,indval_consensus,IndVal,CrossBatch_Consensus,Unidentified,,,False,True,True,False,True,False,False,False,False,False,False,False,False,False,False,False,False,False,False,False,False,False,True,False,True
A15_166347,889.544961,15.8691,Streptophyta,Viridiplantae,indval_consensus,IndVal,CrossBatch_Consensus,Unidentified,,,False,True,True,False,True,False,False,False,False,False,False,False,False,False,False,False,False,False,False,False,False,False,True,False,True
A15_166476,1644.123127,15.7032,Streptophyta,Viridiplantae,indval_consensus,IndVal,CrossBatch_Consensus,Unidentified,,,False,True,True,False,True,False,False,False,False,False,False,False,False,False,False,False,False,False,False,False,False,False,True,False,True
A15_1666,719.448947,1.7002,Streptophyta,Viridiplantae,indval_consensus,IndVal,CrossBatch_Consensus,Bronze,Phosphatidylcholine/Sphingomyelin,True,True,False,True,False,True,False,False,False,False,False,False,False,False,False,False,False,False,False,False,False,False,False,True,False,True
A15_166626,1446.191745,15.7799,Streptophyta,Viridiplantae,indval_consensus,IndVal,CrossBatch_Consensus,Unidentified,,,False,True,True,False,True,False,False,False,False,False,False,False,False,False,False,False,False,False,False,False,False,False,True,False,True
A15_166649,1447.196914,15.834,Streptophyta,Viridiplantae,indval_consensus,IndVal,CrossBatch_Consensus,Unidentified,,,False,True,True,False,True,False,False,False,False,False,False,False,False,False,False,False,False,False,False,False,False,False,True,False,True
A15_166762,905.579545,15.6772,Streptophyta,Viridiplantae,indval_consensus,IndVal,CrossBatch_Consensus,Unidentified,,,False,True,True,False,True,False,False,False,False,False,False,False,False,False,False,False,False,False,False,False,False,False,True,False,True
A15_166773,635.536283,15.7608,Arthropoda,Animalia,composite,Platinum,Platinum,Unidentified,,,False,True,True,False,True,False,False,False,False,False,False,False,False,False,False,False,False,False,False,False,False,False,True,False,True
A15_1668,675.407429,1.6531,Streptophyta,Viridiplantae,indval_consensus,IndVal,CrossBatch_Consensus,Unidentified,,,False,True,False,False,True,False,False,False,False,False,False,False,False,False,False,False,False,False,False,False,False,False,True,False,True
A15_166829,901.54533,15.7444,Streptophyta,Viridiplantae,indval_consensus,IndVal,CrossBatch_Consensus,Unidentified,,,False,True,True,False,True,False,False,False,False,False,False,False,False,False,False,False,False,False,False,False,False,False,True,False,True
A15_166970,585.487374,15.7554,Arthropoda,Animalia,composite,Platinum,Platinum,Unidentified,,,False,True,True,False,True,False,False,False,False,False,False,False,False,False,False,False,False,False,False,False,False,False,True,False,True
A15_167038,737.610385,15.7247,Streptophyta,Viridiplantae,indval_consensus,IndVal,CrossBatch_Consensus,Unidentified,,,False,True,True,False,True,False,False,False,False,False,False,False,False,False,False,False,False,False,False,False,False,False,True,False,True
A15_167087,920.599656,15.7569,Streptophyta,Viridiplantae,indval_consensus,IndVal,CrossBatch_Consensus,Unidentified,Unknown,False,False,True,True,False,True,False,False,False,False,False,False,False,False,False,False,False,False,False,False,False,False,False,True,False,True
A15_167116,906.581762,15.8644,Streptophyta,Viridiplantae,indval_consensus,IndVal,CrossBatch_Consensus,Unidentified,,,False,True,True,False,True,False,False,False,False,False,False,False,False,False,False,False,False,False,False,False,False,False,True,False,True
A15_167256,1473.211913,16.0325,Streptophyta,Viridiplantae,indval_consensus,IndVal,CrossBatch_Consensus,Unidentified,,,False,True,True,False,True,False,False,False,False,False,False,False,False,False,False,False,False,False,False,False,False,False,True,False,True
A15_167263,636.534979,15.7968,Arthropoda,Animalia,composite,Platinum,Platinum,Unidentified,,,False,True,True,False,True,False,False,False,False,False,False,False,False,False,False,False,False,False,False,False,False,False,True,False,True
A15_167299,905.538859,15.983,Streptophyta,Viridiplantae,indval_consensus,IndVal,CrossBatch_Consensus,Unidentified,,,False,True,True,False,True,False,False,False,False,False,False,False,False,False,False,False,False,False,False,False,False,False,True,False,True
A15_167472,1472.207287,15.9598,Streptophyta,Viridiplantae,indval_consensus,IndVal,CrossBatch_Consensus,Unidentified,,,False,True,True,False,True,False,False,False,False,False,False,False,False,False,False,False,False,False,False,False,False,False,True,False,True
A15_167489,919.597153,15.8635,Streptophyta,Viridiplantae,indval_consensus,IndVal,CrossBatch_Consensus,Unidentified,,,False,True,True,False,True,False,False,False,False,False,False,False,False,False,False,False,False,False,False,False,False,False,True,False,True
A15_167607,920.636091,15.7979,Chlorophyta,Viridiplantae,composite,Platinum,Platinum,Unidentified,,,False,True,True,False,True,False,False,False,False,False,False,False,False,False,False,False,False,False,False,False,False,False,True,False,True
A15_167644,903.562246,15.8989,Streptophyta,Viridiplantae,indval_consensus,IndVal,CrossBatch_Consensus,Unidentified,,,False,True,True,False,True,False,False,False,False,False,False,False,False,False,False,False,False,False,False,False,False,False,True,False,True
A15_167814,917.541318,15.8588,Streptophyta,Viridiplantae,indval_consensus,IndVal,CrossBatch_Consensus,Unidentified,,,False,True,True,False,True,False,False,False,False,False,False,False,False,False,False,False,False,False,False,False,False,False,True,False,True
A15_167852,734.593164,15.7595,Streptophyta,Viridiplantae,indval_consensus,IndVal,CrossBatch_Consensus,Unidentified,,,False,True,True,False,True,False,False,False,False,False,False,False,False,False,False,False,False,False,False,False,False,False,True,False,True
A15_167962,889.544518,15.9037,Streptophyta,Viridiplantae,indval_consensus,IndVal,CrossBatch_Consensus,Unidentified,,,False,True,True,False,True,False,False,False,False,False,False,False,False,False,False,False,False,False,False,False,False,False,True,False,True
A15_167973,1472.207366,15.9777,Streptophyta,Viridiplantae,indval_consensus,IndVal,CrossBatch_Consensus,Unidentified,,,False,True,True,False,True,False,False,False,False,False,False,False,False,False,False,False,False,False,False,False,False,False,True,False,True
A15_167978,887.530524,16.0579,Streptophyta,Viridiplantae,indval_consensus,IndVal,CrossBatch_Consensus,Unidentified,,,False,True,True,False,True,False,False,False,False,False,False,False,False,False,False,False,False,False,False,False,False,False,True,False,True
A15_168006,1494.185678,15.93,Streptophyta,Viridiplantae,indval_consensus,IndVal,CrossBatch_Consensus,Unidentified,,,False,True,True,False,True,False,False,False,False,False,False,False,False,False,False,False,False,False,False,False,False,False,True,False,True
A15_168007,1496.203489,15.8989,Streptophyta,Viridiplantae,indval_consensus,IndVal,CrossBatch_Consensus,Unidentified,,,False,True,True,False,True,False,False,False,False,False,False,False,False,False,False,False,False,False,False,False,False,False,True,False,True
A15_168219,1071.71163,15.5843,Streptophyta,Viridiplantae,indval_consensus,IndVal,CrossBatch_Consensus,Unidentified,,,False,True,True,False,True,False,False,False,False,False,False,False,False,False,False,False,False,False,False,False,False,False,True,False,True
A15_168377,905.579308,15.7165,Streptophyta,Viridiplantae,indval_consensus,IndVal,CrossBatch_Consensus,Unidentified,,,False,True,True,False,True,False,False,False,False,False,False,False,False,False,False,False,False,False,False,False,False,False,True,False,True
A15_168380,710.592584,15.8263,Streptophyta,Viridiplantae,indval_consensus,IndVal,CrossBatch_Consensus,Unidentified,,,False,True,True,False,True,False,False,False,False,False,False,False,False,False,False,False,False,False,False,False,False,False,True,False,True
A15_168507,735.596573,15.8068,Streptophyta,Viridiplantae,indval_consensus,IndVal,CrossBatch_Consensus,Unidentified,,,False,True,True,False,True,False,False,False,False,False,False,False,False,False,False,False,False,False,False,False,False,False,True,False,True
A15_168667,919.554925,15.8675,Streptophyta,Viridiplantae,indval_consensus,IndVal,CrossBatch_Consensus,Unidentified,,,False,True,True,False,True,False,False,False,False,False,False,False,False,False,False,False,False,False,False,False,False,False,True,False,True
A15_16875,1013.600791,2.7997,Mollusca,Animalia,composite,Platinum,Platinum,Unidentified,,,False,True,True,False,True,False,False,False,False,False,False,False,False,False,False,False,False,False,False,False,False,False,True,False,True
A15_169209,907.523301,15.8678,Streptophyta,Viridiplantae,indval_consensus,IndVal,CrossBatch_Consensus,Unidentified,,,False,True,True,False,True,False,False,False,False,False,False,False,False,False,False,False,False,False,False,False,False,False,True,False,True
A15_169289,874.712193,16.1466,Streptophyta,Viridiplantae,indval_consensus,IndVal,CrossBatch_Consensus,Unidentified,,,False,True,True,False,True,False,False,False,False,False,False,False,False,False,False,False,False,False,False,False,False,False,True,False,True
A15_169436,759.597926,15.9623,Streptophyta,Viridiplantae,indval_consensus,IndVal,CrossBatch_Consensus,Unidentified,,,False,True,True,False,True,False,False,False,False,False,False,False,False,False,False,False,False,False,False,False,False,False,True,False,True
A15_169489,901.545474,15.8372,Streptophyta,Viridiplantae,indval_consensus,IndVal,CrossBatch_Consensus,Unidentified,,,False,True,True,False,True,False,False,False,False,False,False,False,False,False,False,False,False,False,False,False,False,False,True,False,True
A15_169816,931.598353,16.1403,Streptophyta,Viridiplantae,indval_consensus,IndVal,CrossBatch_Consensus,Unidentified,,,False,True,True,False,True,False,False,False,False,False,False,False,False,False,False,False,False,False,False,False,False,False,True,False,True
A15_169860,899.530645,15.9821,Streptophyta,Viridiplantae,indval_consensus,IndVal,CrossBatch_Consensus,Unidentified,,,False,True,True,False,True,False,False,False,False,False,False,False,False,False,False,False,False,False,False,False,False,False,True,False,True
A15_169892,903.562141,15.9322,Streptophyta,Viridiplantae,indval_consensus,IndVal,CrossBatch_Consensus,Unidentified,,,False,True,True,False,True,False,False,False,False,False,False,False,False,False,False,False,False,False,False,False,False,False,True,False,True
A15_170011,1447.197573,15.9737,Streptophyta,Viridiplantae,indval_consensus,IndVal,CrossBatch_Consensus,Unidentified,,,False,True,True,False,True,False,False,False,False,False,False,False,False,False,False,False,False,False,False,False,False,False,True,False,True
A15_170105,924.690745,16.0131,Streptophyta,Viridiplantae,indval_consensus,IndVal,CrossBatch_Consensus,Unidentified,,,False,True,True,False,True,False,False,False,False,False,False,False,False,False,False,False,False,False,False,False,False,False,True,False,True
A15_170222,684.577558,15.9645,Streptophyta,Viridiplantae,indval_consensus,IndVal,CrossBatch_Consensus,Unidentified,,,False,True,True,False,True,False,False,False,False,False,False,False,False,False,False,False,False,False,False,False,False,False,True,False,True
A15_170431,935.550889,16.138,Streptophyta,Viridiplantae,indval_consensus,IndVal,CrossBatch_Consensus,Unidentified,,,False,True,True,False,True,False,False,False,False,False,False,False,False,False,False,False,False,False,False,False,False,False,True,False,True
A15_170513,609.488674,16.022,Streptophyta,Viridiplantae,indval_consensus,IndVal,CrossBatch_Consensus,Unidentified,,,False,True,True,False,True,False,False,False,False,False,False,False,False,False,False,False,False,False,False,False,False,False,True,False,True
A15_170591,824.638154,16.0968,Chlorophyta,Viridiplantae,composite,Platinum,Diamond,Unidentified,,,False,True,True,False,True,False,False,False,False,False,False,False,False,False,False,False,False,False,False,False,False,False,True,False,True
A15_170661,914.612392,16.0681,Arthropoda,Animalia,composite,Platinum,Platinum,Unidentified,,,False,True,True,False,True,False,False,False,False,False,False,False,False,False,False,False,False,False,False,False,False,False,True,False,True
A15_170662,720.608851,16.029,Streptophyta,Viridiplantae,indval_consensus,IndVal,CrossBatch_Consensus,Bronze,Glycerolipid (DG/TG),True,True,False,True,False,True,False,False,False,False,False,False,False,False,False,False,False,False,False,False,False,False,False,True,False,True
A15_170744,907.521528,16.141,Streptophyta,Viridiplantae,indval_consensus,IndVal,CrossBatch_Consensus,Unidentified,,,False,True,True,False,True,False,False,False,False,False,False,False,False,False,False,False,False,False,False,False,False,False,True,False,True
A15_170745,203.45659,16.0721,Nematoda,Animalia,composite,Platinum,Platinum,Unidentified,,,False,True,True,False,True,False,False,False,False,False,False,False,False,False,False,False,False,False,False,False,False,False,True,False,True
A15_171006,563.52274,16.1016,Arthropoda,Animalia,composite,Platinum,Platinum,Unidentified,,,False,True,True,False,True,False,False,False,False,False,False,False,False,False,False,False,False,False,False,False,False,False,True,False,True
A15_171038,1473.211904,16.1105,Streptophyta,Viridiplantae,indval_consensus,IndVal,CrossBatch_Consensus,Unidentified,,,False,True,True,False,True,False,False,False,False,False,False,False,False,False,False,False,False,False,False,False,False,False,True,False,True
A15_171573,881.521742,16.1368,Chlorophyta,Viridiplantae,composite,Platinum,Platinum,Unidentified,,,False,True,True,False,True,False,False,False,False,False,False,False,False,False,False,False,False,False,False,False,False,False,True,False,True
A15_171645,723.595386,16.1653,Streptophyta,Viridiplantae,indval_consensus,IndVal,CrossBatch_Consensus,Unidentified,,,False,True,True,False,True,False,False,False,False,False,False,False,False,False,False,False,False,False,False,False,False,False,True,False,True
A15_171695,756.647406,16.0277,Streptophyta,Viridiplantae,indval_consensus,IndVal,CrossBatch_Consensus,Unidentified,,,False,True,True,False,True,False,False,False,False,False,False,False,False,False,False,False,False,False,False,False,False,False,True,False,True
A15_171696,757.649486,16.1384,Streptophyta,Viridiplantae,indval_consensus,IndVal,CrossBatch_Consensus,Unidentified,,,False,True,True,False,True,False,False,False,False,False,False,False,False,False,False,False,False,False,False,False,False,False,True,False,True
A15_172141,919.55599,16.098,Streptophyta,Viridiplantae,indval_consensus,IndVal,CrossBatch_Consensus,Unidentified,,,False,True,True,False,True,False,False,False,False,False,False,False,False,False,False,False,False,False,False,False,False,False,True,False,True
A15_172149,680.479606,16.2757,Bacillota,Bacteria,indval_consensus,IndVal,CrossBatch_Consensus,Unidentified,,,False,True,True,False,True,False,False,False,False,False,False,False,False,False,False,False,False,False,False,False,False,False,True,False,True
A15_172494,1224.834556,16.0232,Streptophyta,Viridiplantae,indval_consensus,IndVal,CrossBatch_Consensus,Unidentified,,,False,True,True,False,True,False,False,False,False,False,False,False,False,False,False,False,False,False,False,False,False,False,True,False,True
A15_172527,1477.147647,16.2397,Mollusca,Animalia,composite,Platinum,Platinum,Unidentified,,,False,True,True,False,True,False,False,False,False,False,False,False,False,False,False,False,False,False,False,False,False,False,True,False,True
A15_172569,917.540409,16.2159,Streptophyta,Viridiplantae,indval_consensus,IndVal,CrossBatch_Consensus,Unidentified,,,False,True,True,False,True,False,False,False,False,False,False,False,False,False,False,False,False,False,False,False,False,False,True,False,True
A15_172773,901.54614,16.3373,Streptophyta,Viridiplantae,indval_consensus,IndVal,CrossBatch_Consensus,Unidentified,,,False,True,True,False,True,False,False,False,False,False,False,False,False,False,False,False,False,False,False,False,False,False,True,False,True
A15_172826,903.562111,16.1551,Streptophyta,Viridiplantae,indval_consensus,IndVal,CrossBatch_Consensus,Unidentified,,,False,True,True,False,True,False,False,False,False,False,False,False,False,False,False,False,False,False,False,False,False,False,True,False,True
A15_173164,928.703236,16.0218,Streptophyta,Viridiplantae,indval_consensus,IndVal,CrossBatch_Consensus,Unidentified,,,False,True,True,False,True,False,False,False,False,False,False,False,False,False,False,False,False,False,False,False,False,False,True,False,True
A15_173239,777.640036,16.4505,Streptophyta,Viridiplantae,indval_consensus,IndVal,CrossBatch_Consensus,Unidentified,,,False,True,True,False,True,False,False,False,False,False,False,False,False,False,False,False,False,False,False,False,False,False,True,False,True
A15_173359,918.738053,16.1724,Streptophyta,Viridiplantae,indval_consensus,IndVal,CrossBatch_Consensus,Unidentified,,,False,True,True,False,True,False,False,False,False,False,False,False,False,False,False,False,False,False,False,False,False,False,True,False,True
A15_173475,725.611748,16.2724,Streptophyta,Viridiplantae,indval_consensus,IndVal,CrossBatch_Consensus,Unidentified,,,False,True,True,False,True,False,False,False,False,False,False,False,False,False,False,False,False,False,False,False,False,False,True,False,True
A15_173570,1203.971811,16.3699,Streptophyta,Viridiplantae,indval_consensus,IndVal,CrossBatch_Consensus,Unidentified,,,False,True,True,False,True,False,False,False,False,False,False,False,False,False,False,False,False,False,False,False,False,False,True,False,True
A15_173731,901.546267,16.3629,Streptophyta,Viridiplantae,indval_consensus,IndVal,CrossBatch_Consensus,Unidentified,,,False,True,True,False,True,False,False,False,False,False,False,False,False,False,False,False,False,False,False,False,False,False,True,False,True
A15_174128,679.601212,16.4161,Streptophyta,Viridiplantae,indval_consensus,IndVal,CrossBatch_Consensus,Unidentified,,,False,True,True,False,True,False,False,False,False,False,False,False,False,False,False,False,False,False,False,False,False,False,True,False,True
A15_174291,875.636572,16.1171,Streptophyta,Viridiplantae,indval_consensus,IndVal,CrossBatch_Consensus,Unidentified,,,False,True,False,False,True,False,False,False,False,False,False,False,False,False,False,False,False,False,False,False,False,False,True,False,True
A15_174332,919.556303,16.2329,Streptophyta,Viridiplantae,indval_consensus,IndVal,CrossBatch_Consensus,Unidentified,,,False,True,True,False,True,False,False,False,False,False,False,False,False,False,False,False,False,False,False,False,False,False,True,False,True
A15_174496,769.557007,16.2619,Streptophyta,Viridiplantae,indval_consensus,IndVal,CrossBatch_Consensus,Unidentified,,,False,True,True,False,True,False,False,False,False,False,False,False,False,False,False,False,False,False,False,False,False,False,True,False,True
A15_174596,873.582515,16.406,Nematoda,Animalia,composite,Platinum,Platinum,Unidentified,,,False,True,True,False,True,False,False,False,False,False,False,False,False,False,False,False,False,False,False,False,False,False,True,False,True
A15_175023,763.626557,16.338,Streptophyta,Viridiplantae,indval_consensus,IndVal,CrossBatch_Consensus,Unidentified,,,False,True,True,False,True,False,False,False,False,False,False,False,False,False,False,False,False,False,False,False,False,False,True,False,True
A15_175104,901.730984,16.4544,Streptophyta,Viridiplantae,indval_consensus,IndVal,CrossBatch_Consensus,Unidentified,,,False,True,True,False,True,False,False,False,False,False,False,False,False,False,False,False,False,False,False,False,False,False,True,False,True
A15_175105,905.685372,16.1595,Streptophyta,Viridiplantae,indval_consensus,IndVal,CrossBatch_Consensus,Unidentified,,,False,True,True,False,True,False,False,False,False,False,False,False,False,False,False,False,False,False,False,False,False,False,True,False,True
A15_175123,611.502411,16.2119,Streptophyta,Viridiplantae,indval_consensus,IndVal,CrossBatch_Consensus,Unidentified,,,False,True,False,False,True,False,False,False,False,False,False,False,False,False,False,False,False,False,False,False,False,False,True,False,True
A15_175293,1536.171445,16.5484,Mollusca,Animalia,composite,Platinum,Platinum,Unidentified,,,False,True,True,False,True,False,False,False,False,False,False,False,False,False,False,False,False,False,False,False,False,False,True,False,True
A15_175443,901.546521,16.4212,Streptophyta,Viridiplantae,indval_consensus,IndVal,CrossBatch_Consensus,Unidentified,,,False,True,True,False,True,False,False,False,False,False,False,False,False,False,False,False,False,False,False,False,False,False,True,False,True
A15_175564,806.660122,16.4079,Streptophyta,Viridiplantae,indval_consensus,IndVal,CrossBatch_Consensus,Unidentified,,,False,True,True,False,True,False,False,False,False,False,False,False,False,False,False,False,False,False,False,False,False,False,True,False,True
A15_175574,920.56031,16.8345,Streptophyta,Viridiplantae,indval_consensus,IndVal,CrossBatch_Consensus,Unidentified,,,False,True,True,False,True,False,False,False,False,False,False,False,False,False,False,False,False,False,False,False,False,False,True,False,True
A15_175597,917.540463,16.6295,Streptophyta,Viridiplantae,indval_consensus,IndVal,CrossBatch_Consensus,Unidentified,,,False,True,True,False,True,False,False,False,False,False,False,False,False,False,False,False,False,False,False,False,False,False,True,False,True
A15_175701,903.561749,16.2973,Streptophyta,Viridiplantae,indval_consensus,IndVal,CrossBatch_Consensus,Unidentified,,,False,True,True,False,True,False,False,False,False,False,False,False,False,False,False,False,False,False,False,False,False,False,True,False,True
A15_175913,905.575368,16.5208,Streptophyta,Viridiplantae,indval_consensus,IndVal,CrossBatch_Consensus,Unidentified,,,False,True,True,False,True,False,False,False,False,False,False,False,False,False,False,False,False,False,False,False,False,False,True,False,True
A15_175973,784.610189,16.2979,Streptophyta,Viridiplantae,indval_consensus,IndVal,CrossBatch_Consensus,Unidentified,,,False,True,True,False,True,False,False,False,False,False,False,False,False,False,False,False,False,False,False,False,False,False,True,False,True
A15_176131,889.543908,16.4765,Streptophyta,Viridiplantae,indval_consensus,IndVal,CrossBatch_Consensus,Unidentified,,,False,True,True,False,True,False,False,False,False,False,False,False,False,False,False,False,False,False,False,False,False,False,True,False,True
A15_176209,763.626579,16.356,Streptophyta,Viridiplantae,indval_consensus,IndVal,CrossBatch_Consensus,Unidentified,,,False,True,True,False,True,False,False,False,False,False,False,False,False,False,False,False,False,False,False,False,False,False,True,False,True
A15_176283,919.556243,16.5899,Streptophyta,Viridiplantae,indval_consensus,IndVal,CrossBatch_Consensus,Unidentified,,,False,True,True,False,True,False,False,False,False,False,False,False,False,False,False,False,False,False,False,False,False,False,True,False,True
A15_176329,633.55601,16.6669,Streptophyta,Viridiplantae,indval_consensus,IndVal,CrossBatch_Consensus,Unidentified,,,False,True,True,False,True,False,False,False,False,False,False,False,False,False,False,False,False,False,False,False,False,False,True,False,True
A15_176419,1022.721018,16.5794,Chlorophyta,Viridiplantae,composite,Platinum,Diamond,Unidentified,,,False,True,True,False,True,False,False,False,False,False,False,False,False,False,False,False,False,False,False,False,False,False,True,False,True
A15_176951,934.732893,16.6242,Streptophyta,Viridiplantae,indval_consensus,IndVal,CrossBatch_Consensus,Unidentified,,,False,True,True,False,True,False,False,False,False,False,False,False,False,False,False,False,False,False,False,False,False,False,True,False,True
A15_177149,986.763836,16.5835,Streptophyta,Viridiplantae,indval_consensus,IndVal,CrossBatch_Consensus,Unidentified,,,False,True,False,False,True,False,False,False,False,False,False,False,False,False,False,False,False,False,False,False,False,False,True,False,True
A15_177249,707.628859,16.5729,Streptophyta,Viridiplantae,indval_consensus,IndVal,CrossBatch_Consensus,Unidentified,,,False,True,True,False,True,False,False,False,False,False,False,False,False,False,False,False,False,False,False,False,False,False,True,False,True
A15_177556,1180.85675,16.67,Nematoda,Animalia,composite,Platinum,Platinum,Unidentified,,,False,True,True,False,True,False,False,False,False,False,False,False,False,False,False,False,False,False,False,False,False,False,True,False,True
A15_177559,655.539129,16.6037,Streptophyta,Viridiplantae,indval_consensus,IndVal,CrossBatch_Consensus,Bronze,Phosphatidylcholine/Sphingomyelin,True,True,False,True,False,True,False,False,False,False,False,False,False,False,False,False,False,False,False,False,False,False,False,True,False,True
A15_177662,889.543285,16.5079,Streptophyta,Viridiplantae,indval_consensus,IndVal,CrossBatch_Consensus,Unidentified,,,False,True,True,False,True,False,False,False,False,False,False,False,False,False,False,False,False,False,False,False,False,False,True,False,True
A15_177704,919.556279,16.6151,Streptophyta,Viridiplantae,indval_consensus,IndVal,CrossBatch_Consensus,Unidentified,,,False,True,True,False,True,False,False,False,False,False,False,False,False,False,False,False,False,False,False,False,False,False,True,False,True
A15_177752,918.543981,16.7835,Streptophyta,Viridiplantae,indval_consensus,IndVal,CrossBatch_Consensus,Unidentified,,,False,True,True,False,True,False,False,False,False,False,False,False,False,False,False,False,False,False,False,False,False,False,True,False,True
A15_177798,935.550807,16.5853,Streptophyta,Viridiplantae,indval_consensus,IndVal,CrossBatch_Consensus,Unidentified,,,False,True,True,False,True,False,False,False,False,False,False,False,False,False,False,False,False,False,False,False,False,False,True,False,True
A15_177950,917.540398,16.6767,Streptophyta,Viridiplantae,indval_consensus,IndVal,CrossBatch_Consensus,Unidentified,,,False,True,True,False,True,False,False,False,False,False,False,False,False,False,False,False,False,False,False,False,False,False,True,False,True
A15_177977,1243.100935,16.7064,Nematoda,Animalia,composite,Platinum,Platinum,Unidentified,,,False,True,True,False,True,False,False,False,False,False,False,False,False,False,False,False,False,False,False,False,False,False,True,False,True
A15_178110,1588.168908,16.9536,Mollusca,Animalia,composite,Platinum,Platinum,Unidentified,,,False,True,True,False,True,False,False,False,False,False,False,False,False,False,False,False,False,False,False,False,False,False,True,False,True
A15_178139,903.5618,16.6101,Streptophyta,Viridiplantae,indval_consensus,IndVal,CrossBatch_Consensus,Unidentified,,,False,True,True,False,True,False,False,False,False,False,False,False,False,False,False,False,False,False,False,False,False,False,True,False,True
A15_178218,469.49945,16.7157,Nematoda,Animalia,composite,Platinum,Platinum,Unidentified,,,False,True,True,False,True,False,False,False,False,False,False,False,False,False,False,False,False,False,False,False,False,False,True,False,True
A15_178316,433.476844,16.7421,Nematoda,Animalia,composite,Platinum,Platinum,Unidentified,,,False,True,True,False,True,False,False,False,False,False,False,False,False,False,False,False,False,False,False,False,False,False,True,False,True
A15_178550,659.570932,16.8664,Streptophyta,Viridiplantae,indval_consensus,IndVal,CrossBatch_Consensus,Unidentified,,,False,True,True,False,True,False,False,False,False,False,False,False,False,False,False,False,False,False,False,False,False,False,True,False,True
A15_178647,1214.829347,16.5283,Streptophyta,Viridiplantae,indval_consensus,IndVal,CrossBatch_Consensus,Unidentified,,,False,True,True,False,True,False,False,False,False,False,False,False,False,False,False,False,False,False,False,False,False,False,True,False,True
A15_178793,919.556104,16.71,Streptophyta,Viridiplantae,indval_consensus,IndVal,CrossBatch_Consensus,Unidentified,,,False,True,True,False,True,False,False,False,False,False,False,False,False,False,False,False,False,False,False,False,False,False,True,False,True
A15_178820,886.554704,16.4968,Streptophyta,Viridiplantae,indval_consensus,IndVal,CrossBatch_Consensus,Unidentified,,,False,True,True,False,True,False,False,False,False,False,False,False,False,False,False,False,False,False,False,False,False,False,True,False,True
A15_178968,926.704389,16.5817,Streptophyta,Viridiplantae,indval_consensus,IndVal,CrossBatch_Consensus,Unidentified,,,False,True,True,False,True,False,False,False,False,False,False,False,False,False,False,False,False,False,False,False,False,False,True,False,True
A15_179039,918.738425,16.747,Streptophyta,Viridiplantae,indval_consensus,IndVal,CrossBatch_Consensus,Unidentified,,,False,True,True,False,True,False,False,False,False,False,False,False,False,False,False,False,False,False,False,False,False,False,True,False,True
A15_179118,735.597608,16.8589,Streptophyta,Viridiplantae,indval_consensus,IndVal,CrossBatch_Consensus,Bronze,Digalactolipid,True,True,False,True,False,True,False,False,False,False,False,False,False,False,False,False,False,False,False,False,False,False,False,True,False,True
A15_179146,903.561795,16.6441,Streptophyta,Viridiplantae,indval_consensus,IndVal,CrossBatch_Consensus,Unidentified,,,False,True,True,False,True,False,False,False,False,False,False,False,False,False,False,False,False,False,False,False,False,False,True,False,True
A15_179466,777.613648,16.8842,Streptophyta,Viridiplantae,indval_consensus,IndVal,CrossBatch_Consensus,Unidentified,,,False,True,True,False,True,False,False,False,False,False,False,False,False,False,False,False,False,False,False,False,False,False,True,False,True
A15_179469,901.546567,16.8264,Streptophyta,Viridiplantae,indval_consensus,IndVal,CrossBatch_Consensus,Unidentified,,,False,True,True,False,True,False,False,False,False,False,False,False,False,False,False,False,False,False,False,False,False,False,True,False,True
A15_179494,627.476978,16.4271,Streptophyta,Viridiplantae,indval_consensus,IndVal,CrossBatch_Consensus,Unidentified,,,False,True,False,False,True,False,False,False,False,False,False,False,False,False,False,False,False,False,False,False,False,False,True,False,True
A15_179548,1062.78011,16.5689,Streptophyta,Viridiplantae,indval_consensus,IndVal,CrossBatch_Consensus,Unidentified,,,False,True,True,False,True,False,False,False,False,False,False,False,False,False,False,False,False,False,False,False,False,False,True,False,True
A15_179659,921.696714,17.005,Streptophyta,Viridiplantae,indval_consensus,IndVal,CrossBatch_Consensus,Unidentified,,,False,True,True,False,True,False,False,False,False,False,False,False,False,False,False,False,False,False,False,False,False,False,True,False,True
A15_179865,405.445345,16.9048,Nematoda,Animalia,composite,Platinum,Platinum,Unidentified,,,False,True,True,False,True,False,False,False,False,False,False,False,False,False,False,False,False,False,False,False,False,False,True,False,True
A15_179951,763.630995,16.9265,Streptophyta,Viridiplantae,indval_consensus,IndVal,CrossBatch_Consensus,Unidentified,,,False,True,True,False,True,False,False,False,False,False,False,False,False,False,False,False,False,False,False,False,False,False,True,False,True
A15_180010,883.536195,16.8351,Streptophyta,Viridiplantae,indval_consensus,IndVal,CrossBatch_Consensus,Unidentified,,,False,True,True,False,True,False,False,False,False,False,False,False,False,False,False,False,False,False,False,False,False,False,True,False,True
A15_180050,722.628597,16.8989,Streptophyta,Viridiplantae,indval_consensus,IndVal,CrossBatch_Consensus,Unidentified,,,False,True,True,False,True,False,False,False,False,False,False,False,False,False,False,False,False,False,False,False,False,False,True,False,True
A15_180063,692.582805,16.9628,Streptophyta,Viridiplantae,indval_consensus,IndVal,CrossBatch_Consensus,Unidentified,,,False,True,True,False,True,False,False,False,False,False,False,False,False,False,False,False,False,False,False,False,False,False,True,False,True
A15_180082,756.645163,16.9087,Streptophyta,Viridiplantae,indval_consensus,IndVal,CrossBatch_Consensus,Bronze,Phosphatidylcholine/Sphingomyelin,True,True,False,True,False,True,False,False,False,False,False,False,False,False,False,False,False,False,False,False,False,False,False,True,False,True
A15_180136,483.477053,16.929,Nematoda,Animalia,composite,Platinum,Platinum,Unidentified,,,False,True,True,False,True,False,False,False,False,False,False,False,False,False,False,False,False,False,False,False,False,False,True,False,True
A15_180210,693.582795,17.0153,Streptophyta,Viridiplantae,indval_consensus,IndVal,CrossBatch_Consensus,Unidentified,,,False,True,True,False,True,False,False,False,False,False,False,False,False,False,False,False,False,False,False,False,False,False,True,False,True
A15_180339,917.578535,17.0069,Streptophyta,Viridiplantae,indval_consensus,IndVal,CrossBatch_Consensus,Unidentified,,,False,True,True,False,True,False,False,False,False,False,False,False,False,False,False,False,False,False,False,False,False,False,True,False,True
A15_18034,645.434221,2.8903,Streptophyta,Viridiplantae,indval_consensus,IndVal,CrossBatch_Consensus,Unidentified,,,False,True,False,False,True,False,False,False,False,False,False,False,False,False,False,False,False,False,False,False,False,False,True,False,True
A15_180568,1062.780177,16.5931,Streptophyta,Viridiplantae,indval_consensus,IndVal,CrossBatch_Consensus,Unidentified,,,False,True,True,False,True,False,False,False,False,False,False,False,False,False,False,False,False,False,False,False,False,False,True,False,True
A15_180879,903.561362,16.9789,Streptophyta,Viridiplantae,indval_consensus,IndVal,CrossBatch_Consensus,Unidentified,,,False,True,True,False,True,False,False,False,False,False,False,False,False,False,False,False,False,False,False,False,False,False,True,False,True
A15_181128,920.753327,16.956,Ascomycota,Fungi,indval_consensus,IndVal,CrossBatch_Consensus,Unidentified,,,False,True,True,False,True,False,False,False,False,False,False,False,False,False,False,False,False,False,False,False,False,False,True,False,True
A15_181190,941.481329,17.0458,Streptophyta,Viridiplantae,indval_consensus,IndVal,CrossBatch_Consensus,Unidentified,,,False,True,True,False,True,False,False,False,False,False,False,False,False,False,False,False,False,False,False,False,False,False,True,False,True
A15_181266,1155.97067,16.9172,Bacillota,Bacteria,composite,Silver,Silver,Unidentified,,,False,True,True,False,True,False,False,False,False,False,False,False,False,False,False,False,False,False,False,False,False,False,True,False,True
A15_181372,726.623056,16.9398,Streptophyta,Viridiplantae,indval_consensus,IndVal,CrossBatch_Consensus,Unidentified,,,False,True,True,False,True,False,False,False,False,False,False,False,False,False,False,False,False,False,False,False,False,False,True,False,True
A15_181448,661.555473,16.8348,Streptophyta,Viridiplantae,indval_consensus,IndVal,CrossBatch_Consensus,Unidentified,,,False,True,True,False,True,False,False,False,False,False,False,False,False,False,False,False,False,False,False,False,False,False,True,False,True
A15_181688,901.546551,16.9443,Streptophyta,Viridiplantae,indval_consensus,IndVal,CrossBatch_Consensus,Unidentified,,,False,True,True,False,True,False,False,False,False,False,False,False,False,False,False,False,False,False,False,False,False,False,True,False,True
A15_181958,998.72219,16.8767,Streptophyta,Viridiplantae,indval_consensus,IndVal,CrossBatch_Consensus,Unidentified,,,False,True,False,False,True,False,False,False,False,False,False,False,False,False,False,False,False,False,False,False,False,False,True,False,True
A15_182060,917.578203,17.3444,Streptophyta,Viridiplantae,indval_consensus,IndVal,CrossBatch_Consensus,Unidentified,,,False,True,True,False,True,False,False,False,False,False,False,False,False,False,False,False,False,False,False,False,False,False,True,False,True
A15_1821,748.427961,1.8245,Streptophyta,Viridiplantae,indval_consensus,IndVal,CrossBatch_Consensus,Unidentified,,,False,True,False,False,True,False,False,False,False,False,False,False,False,False,False,False,False,False,False,False,False,False,True,False,True
A15_182298,748.610946,17.4021,Streptophyta,Viridiplantae,indval_consensus,IndVal,CrossBatch_Consensus,Unidentified,,,False,True,True,False,True,False,False,False,False,False,False,False,False,False,False,False,False,False,False,False,False,False,True,False,True
A15_182341,903.561508,17.0399,Streptophyta,Viridiplantae,indval_consensus,IndVal,CrossBatch_Consensus,Unidentified,,,False,True,True,False,True,False,False,False,False,False,False,False,False,False,False,False,False,False,False,False,False,False,True,False,True
A15_182510,721.644863,17.0486,Streptophyta,Viridiplantae,indval_consensus,IndVal,CrossBatch_Consensus,Unidentified,,,False,True,True,False,True,False,False,False,False,False,False,False,False,False,False,False,False,False,False,False,False,False,True,False,True
A15_182770,1028.773991,17.0189,Streptophyta,Viridiplantae,indval_consensus,IndVal,CrossBatch_Consensus,Unidentified,,,False,True,False,False,True,False,False,False,False,False,False,False,False,False,False,False,False,False,False,False,False,False,True,False,True
A15_182959,635.571748,17.4228,Streptophyta,Viridiplantae,indval_consensus,IndVal,CrossBatch_Consensus,Unidentified,,,False,True,True,False,True,False,False,False,False,False,False,False,False,False,False,False,False,False,False,False,False,False,True,False,True
A15_183056,1214.828477,17.3457,Streptophyta,Viridiplantae,indval_consensus,IndVal,CrossBatch_Consensus,Unidentified,,,False,True,True,False,True,False,False,False,False,False,False,False,False,False,False,False,False,False,False,False,False,False,True,False,True
A15_183178,721.548137,17.1547,Heterolobosea,Protists,composite,Silver,Silver,Unidentified,,,False,True,True,False,True,False,False,False,False,False,False,False,False,False,False,False,False,False,False,False,False,False,True,False,True
A15_183186,681.618969,16.9388,Streptophyta,Viridiplantae,indval_consensus,IndVal,CrossBatch_Consensus,Unidentified,,,False,True,True,False,True,False,False,False,False,False,False,False,False,False,False,False,False,False,False,False,False,False,True,False,True
A15_183324,883.536348,17.0904,Streptophyta,Viridiplantae,indval_consensus,IndVal,CrossBatch_Consensus,Unidentified,,,False,True,True,False,True,False,False,False,False,False,False,False,False,False,False,False,False,False,False,False,False,False,True,False,True
A15_183453,902.550943,17.2339,Streptophyta,Viridiplantae,indval_consensus,IndVal,CrossBatch_Consensus,Bronze,Glycerolipid (DG/TG),True,True,False,True,False,True,False,False,False,False,False,False,False,False,False,False,False,False,False,False,False,False,False,True,False,True
A15_183670,680.61925,17.1018,Streptophyta,Viridiplantae,indval_consensus,IndVal,CrossBatch_Consensus,Unidentified,,,False,True,True,False,True,False,False,False,False,False,False,False,False,False,False,False,False,False,False,False,False,False,True,False,True
A15_183879,901.546376,17.0714,Streptophyta,Viridiplantae,indval_consensus,IndVal,CrossBatch_Consensus,Unidentified,,,False,True,True,False,True,False,False,False,False,False,False,False,False,False,False,False,False,False,False,False,False,False,True,False,True
A15_184129,903.562079,17.3049,Streptophyta,Viridiplantae,indval_consensus,IndVal,CrossBatch_Consensus,Unidentified,,,False,True,True,False,True,False,False,False,False,False,False,False,False,False,False,False,False,False,False,False,False,False,True,False,True
A15_184135,901.732403,17.4721,Streptophyta,Viridiplantae,indval_consensus,IndVal,CrossBatch_Consensus,Unidentified,,,False,True,True,False,True,False,False,False,False,False,False,False,False,False,False,False,False,False,False,False,False,False,True,False,True
A15_184211,920.752734,17.2955,Ascomycota,Fungi,indval_consensus,IndVal,CrossBatch_Consensus,Unidentified,,,False,True,True,False,True,False,False,False,False,False,False,False,False,False,False,False,False,False,False,False,False,False,True,False,True
A15_184351,616.499958,17.5742,Streptophyta,Viridiplantae,indval_consensus,IndVal,CrossBatch_Consensus,Unidentified,,,False,True,True,False,True,False,False,False,False,False,False,False,False,False,False,False,False,False,False,False,False,False,True,False,True
A15_184371,574.555968,17.0907,Streptophyta,Viridiplantae,indval_consensus,IndVal,CrossBatch_Consensus,Unidentified,,,False,True,True,False,True,False,False,False,False,False,False,False,False,False,False,False,False,False,False,False,False,False,True,False,True
A15_184708,996.71664,17.3641,Chlorophyta,Viridiplantae,composite,Platinum,Platinum,Unidentified,,,False,True,True,False,True,False,False,False,False,False,False,False,False,False,False,False,False,False,False,False,False,False,True,False,True
A15_184885,1214.828571,17.4158,Streptophyta,Viridiplantae,indval_consensus,IndVal,CrossBatch_Consensus,Unidentified,,,False,True,True,False,True,False,False,False,False,False,False,False,False,False,False,False,False,False,False,False,False,False,True,False,True
A15_185044,865.525376,17.2696,Streptophyta,Viridiplantae,indval_consensus,IndVal,CrossBatch_Consensus,Unidentified,,,False,True,True,False,True,False,False,False,False,False,False,False,False,False,False,False,False,False,False,False,False,False,True,False,True
A15_185099,971.654781,17.3773,Chlorophyta,Viridiplantae,composite,Platinum,Platinum,Unidentified,,,False,True,False,False,True,False,False,False,False,False,False,False,False,False,False,False,False,False,False,False,False,False,True,False,True
A15_185447,647.571962,17.5376,Streptophyta,Viridiplantae,indval_consensus,IndVal,CrossBatch_Consensus,Unidentified,,,False,True,True,False,True,False,False,False,False,False,False,False,False,False,False,False,False,False,False,False,False,False,True,False,True
A15_185867,917.578098,17.4433,Streptophyta,Viridiplantae,indval_consensus,IndVal,CrossBatch_Consensus,Unidentified,,,False,True,True,False,True,False,False,False,False,False,False,False,False,False,False,False,False,False,False,False,False,False,True,False,True
A15_186156,901.547479,17.4923,Streptophyta,Viridiplantae,indval_consensus,IndVal,CrossBatch_Consensus,Unidentified,,,False,True,True,False,True,False,False,False,False,False,False,False,False,False,False,False,False,False,False,False,False,False,True,False,True
A15_1863,250.178611,1.6534,Streptophyta,Viridiplantae,indval_consensus,IndVal,CrossBatch_Consensus,Unidentified,,,False,True,True,False,True,False,False,False,False,False,False,False,False,False,False,False,False,False,False,False,False,False,True,False,True
A15_186326,899.715844,17.5819,Streptophyta,Viridiplantae,indval_consensus,IndVal,CrossBatch_Consensus,Unidentified,,,False,True,True,False,True,False,False,False,False,False,False,False,False,False,False,False,False,False,False,False,False,False,True,False,True
A15_186413,886.555713,17.2693,Streptophyta,Viridiplantae,indval_consensus,IndVal,CrossBatch_Consensus,Unidentified,,,False,True,True,False,True,False,False,False,False,False,False,False,False,False,False,False,False,False,False,False,False,False,True,False,True
A15_186457,902.550892,17.5831,Streptophyta,Viridiplantae,indval_consensus,IndVal,CrossBatch_Consensus,Unidentified,,,False,True,True,False,True,False,False,False,False,False,False,False,False,False,False,False,False,False,False,False,False,False,True,False,True
A15_18687,672.415607,3.2453,Streptophyta,Viridiplantae,indval_consensus,IndVal,CrossBatch_Consensus,Bronze,Phosphatidylcholine/Sphingomyelin,True,True,False,True,False,True,False,False,False,False,False,False,False,False,False,False,False,False,False,False,False,False,False,True,False,True
A15_187056,903.562389,17.3872,Streptophyta,Viridiplantae,indval_consensus,IndVal,CrossBatch_Consensus,Unidentified,,,False,True,True,False,True,False,False,False,False,False,False,False,False,False,False,False,False,False,False,False,False,False,True,False,True
A15_187272,998.728492,17.5583,Streptophyta,Viridiplantae,indval_consensus,IndVal,CrossBatch_Consensus,Unidentified,,,False,True,True,False,True,False,False,False,False,False,False,False,False,False,False,False,False,False,False,False,False,False,True,False,True
A15_187574,746.531987,17.5359,Chlorophyta,Viridiplantae,composite,Platinum,Platinum,Unidentified,,,False,True,True,False,True,False,False,False,False,False,False,False,False,False,False,False,False,False,False,False,False,False,True,False,True
A15_187833,919.593362,17.7609,Streptophyta,Viridiplantae,indval_consensus,IndVal,CrossBatch_Consensus,Unidentified,,,False,True,True,False,True,False,False,False,False,False,False,False,False,False,False,False,False,False,False,False,False,False,True,False,True
A15_187843,1008.747748,17.3358,Streptophyta,Viridiplantae,indval_consensus,IndVal,CrossBatch_Consensus,Unidentified,,,False,True,True,False,True,False,False,False,False,False,False,False,False,False,False,False,False,False,False,False,False,False,True,False,True
A15_188046,713.582272,17.6164,Nematoda,Animalia,composite,Platinum,Platinum,Unidentified,,,False,True,True,False,True,False,False,False,False,False,False,False,False,False,False,False,False,False,False,False,False,False,True,False,True
A15_18823,1007.555578,2.7499,Streptophyta,Viridiplantae,indval_consensus,IndVal,CrossBatch_Consensus,Unidentified,,,False,True,False,False,True,False,False,False,False,False,False,False,False,False,False,False,False,False,False,False,False,False,True,False,True
A15_188606,903.562331,17.4158,Streptophyta,Viridiplantae,indval_consensus,IndVal,CrossBatch_Consensus,Unidentified,,,False,True,True,False,True,False,False,False,False,False,False,False,False,False,False,False,False,False,False,False,False,False,True,False,True
A15_188616,888.686726,17.8397,Streptophyta,Viridiplantae,indval_consensus,IndVal,CrossBatch_Consensus,Unidentified,,,False,True,True,False,True,False,False,False,False,False,False,False,False,False,False,False,False,False,False,False,False,False,True,False,True
A15_188731,661.587663,17.935,Streptophyta,Viridiplantae,indval_consensus,IndVal,CrossBatch_Consensus,Unidentified,,,False,True,True,False,True,False,False,False,False,False,False,False,False,False,False,False,False,False,False,False,False,False,True,False,True
A15_188784,1214.828802,17.5588,Streptophyta,Viridiplantae,indval_consensus,IndVal,CrossBatch_Consensus,Unidentified,,,False,True,True,False,True,False,False,False,False,False,False,False,False,False,False,False,False,False,False,False,False,False,True,False,True
A15_188917,917.577347,17.6339,Streptophyta,Viridiplantae,indval_consensus,IndVal,CrossBatch_Consensus,Unidentified,,,False,True,True,False,True,False,False,False,False,False,False,False,False,False,False,False,False,False,False,False,False,False,True,False,True
A15_18895,573.375645,2.8072,Streptophyta,Viridiplantae,indval_consensus,IndVal,CrossBatch_Consensus,Bronze,Phosphatidylcholine/Sphingomyelin,True,True,False,False,False,True,False,False,False,False,False,False,False,False,False,False,False,False,False,False,False,False,False,True,False,True
A15_188990,1775.127096,17.6047,Streptophyta,Viridiplantae,indval_consensus,IndVal,CrossBatch_Consensus,Unidentified,,,False,True,True,False,True,False,False,False,False,False,False,False,False,False,False,False,False,False,False,False,False,False,True,False,True
A15_189137,902.707076,17.6073,Streptophyta,Viridiplantae,indval_consensus,IndVal,CrossBatch_Consensus,Unidentified,,,False,True,True,False,True,False,False,False,False,False,False,False,False,False,False,False,False,False,False,False,False,False,True,False,True
A15_189138,683.570484,17.7829,Streptophyta,Viridiplantae,indval_consensus,IndVal,CrossBatch_Consensus,Unidentified,,,False,True,True,False,True,False,False,False,False,False,False,False,False,False,False,False,False,False,False,False,False,False,True,False,True
A15_189545,719.640398,17.8063,Streptophyta,Viridiplantae,indval_consensus,IndVal,CrossBatch_Consensus,Unidentified,,,False,True,True,False,True,False,False,False,False,False,False,False,False,False,False,False,False,False,False,False,False,False,True,False,True
A15_189750,931.557389,17.8148,Streptophyta,Viridiplantae,indval_consensus,IndVal,CrossBatch_Consensus,Unidentified,,,False,True,True,False,True,False,False,False,False,False,False,False,False,False,False,False,False,False,False,False,False,False,True,False,True
A15_189957,1024.741661,17.7803,Streptophyta,Viridiplantae,indval_consensus,IndVal,CrossBatch_Consensus,Unidentified,,,False,True,True,False,True,False,False,False,False,False,False,False,False,False,False,False,False,False,False,False,False,False,True,False,True
A15_190046,922.76768,17.5047,Ascomycota,Fungi,indval_consensus,IndVal,CrossBatch_Consensus,Unidentified,,,False,True,True,False,True,False,False,False,False,False,False,False,False,False,False,False,False,False,False,False,False,False,True,False,True
A15_190081,1029.701795,17.8071,Streptophyta,Viridiplantae,indval_consensus,IndVal,CrossBatch_Consensus,Unidentified,,,False,True,True,False,True,False,False,False,False,False,False,False,False,False,False,False,False,False,False,False,False,False,True,False,True
A15_19032,702.438545,3.0924,Streptophyta,Viridiplantae,indval_consensus,IndVal,CrossBatch_Consensus,Unidentified,Unknown,False,False,True,True,False,True,False,False,False,False,False,False,False,False,False,False,False,False,False,False,False,False,False,True,False,True
A15_190451,903.56233,17.5346,Streptophyta,Viridiplantae,indval_consensus,IndVal,CrossBatch_Consensus,Unidentified,,,False,True,True,False,True,False,False,False,False,False,False,False,False,False,False,False,False,False,False,False,False,False,True,False,True
A15_190639,872.686307,17.9924,Streptophyta,Viridiplantae,indval_consensus,IndVal,CrossBatch_Consensus,Unidentified,,,False,True,True,False,True,False,False,False,False,False,False,False,False,False,False,False,False,False,False,False,False,False,True,False,True
A15_190694,933.720788,17.8788,Streptophyta,Viridiplantae,indval_consensus,IndVal,CrossBatch_Consensus,Unidentified,,,False,True,True,False,True,False,False,False,False,False,False,False,False,False,False,False,False,False,False,False,False,False,True,False,True
A15_190826,902.587623,17.5052,Streptophyta,Viridiplantae,indval_consensus,IndVal,CrossBatch_Consensus,Unidentified,,,False,True,True,False,True,False,False,False,False,False,False,False,False,False,False,False,False,False,False,False,False,False,True,False,True
A15_190831,649.586172,17.9874,Streptophyta,Viridiplantae,indval_consensus,IndVal,CrossBatch_Consensus,Unidentified,,,False,True,True,False,True,False,False,False,False,False,False,False,False,False,False,False,False,False,False,False,False,False,True,False,True
A15_190880,972.785701,17.4518,Streptophyta,Viridiplantae,indval_consensus,IndVal,CrossBatch_Consensus,Unidentified,,,False,True,True,False,True,False,False,False,False,False,False,False,False,False,False,False,False,False,False,False,False,False,True,False,True
A15_191371,888.570031,17.5564,Streptophyta,Viridiplantae,indval_consensus,IndVal,CrossBatch_Consensus,Unidentified,,,False,True,True,False,True,False,False,False,False,False,False,False,False,False,False,False,False,False,False,False,False,False,True,False,True
A15_191553,1024.742078,18.0892,Streptophyta,Viridiplantae,indval_consensus,IndVal,CrossBatch_Consensus,Unidentified,,,False,True,True,False,True,False,False,False,False,False,False,False,False,False,False,False,False,False,False,False,False,False,True,False,True
A15_191748,991.745868,17.9343,Streptophyta,Viridiplantae,indval_consensus,IndVal,CrossBatch_Consensus,Unidentified,,,False,True,True,False,True,False,False,False,False,False,False,False,False,False,False,False,False,False,False,False,False,False,True,False,True
A15_191790,908.537054,18.1813,Streptophyta,Viridiplantae,indval_consensus,IndVal,CrossBatch_Consensus,Unidentified,,,False,True,True,False,True,False,False,False,False,False,False,False,False,False,False,False,False,False,False,False,False,False,True,False,True
A15_191858,1759.100654,18.1229,Streptophyta,Viridiplantae,indval_consensus,IndVal,CrossBatch_Consensus,Unidentified,,,False,True,True,False,True,False,False,False,False,False,False,False,False,False,False,False,False,False,False,False,False,False,True,False,True
A15_191863,883.535379,17.8045,Streptophyta,Viridiplantae,indval_consensus,IndVal,CrossBatch_Consensus,Unidentified,,,False,True,True,False,True,False,False,False,False,False,False,False,False,False,False,False,False,False,False,False,False,False,True,False,True
A15_191925,901.545752,17.7531,Streptophyta,Viridiplantae,indval_consensus,IndVal,CrossBatch_Consensus,Unidentified,,,False,True,True,False,True,False,False,False,False,False,False,False,False,False,False,False,False,False,False,False,False,False,True,False,True
A15_192158,889.574328,17.5278,Streptophyta,Viridiplantae,indval_consensus,IndVal,CrossBatch_Consensus,Unidentified,,,False,True,True,False,True,False,False,False,False,False,False,False,False,False,False,False,False,False,False,False,False,False,True,False,True
A15_192189,874.555961,18.1225,Streptophyta,Viridiplantae,indval_consensus,IndVal,CrossBatch_Consensus,Unidentified,,,False,True,True,False,True,False,False,False,False,False,False,False,False,False,False,False,False,False,False,False,False,False,True,False,True
A15_192190,919.593064,18.003,Streptophyta,Viridiplantae,indval_consensus,IndVal,CrossBatch_Consensus,Unidentified,,,False,True,True,False,True,False,False,False,False,False,False,False,False,False,False,False,False,False,False,False,False,False,True,False,True
A15_192451,1222.019819,17.949,Nematoda,Animalia,composite,Platinum,Platinum,Unidentified,,,False,True,True,False,True,False,False,False,False,False,False,False,False,False,False,False,False,False,False,False,False,False,True,False,True
A15_192536,921.757941,18.0268,Streptophyta,Viridiplantae,indval_consensus,IndVal,CrossBatch_Consensus,Unidentified,,,False,True,True,False,True,False,False,False,False,False,False,False,False,False,False,False,False,False,False,False,False,False,True,False,True
A15_192666,746.537276,18.0453,Chlorophyta,Viridiplantae,composite,Platinum,Platinum,Unidentified,,,False,True,True,False,True,False,False,False,False,False,False,False,False,False,False,False,False,False,False,False,False,False,True,False,True
A15_192726,1770.097307,18.0634,Streptophyta,Viridiplantae,indval_consensus,IndVal,CrossBatch_Consensus,Unidentified,,,False,True,True,False,True,False,False,False,False,False,False,False,False,False,False,False,False,False,False,False,False,False,True,False,True
A15_192727,1771.100237,18.1734,Streptophyta,Viridiplantae,indval_consensus,IndVal,CrossBatch_Consensus,Unidentified,,,False,True,True,False,True,False,False,False,False,False,False,False,False,False,False,False,False,False,False,False,False,False,True,False,True
A15_192747,1018.762469,18.0604,Streptophyta,Viridiplantae,indval_consensus,IndVal,CrossBatch_Consensus,Unidentified,,,False,True,True,False,True,False,False,False,False,False,False,False,False,False,False,False,False,False,False,False,False,False,True,False,True
A15_192763,631.57831,18.0186,Streptophyta,Viridiplantae,indval_consensus,IndVal,CrossBatch_Consensus,Unidentified,,,False,True,True,False,True,False,False,False,False,False,False,False,False,False,False,False,False,False,False,False,False,False,True,False,True
A15_192822,1299.162485,18.019,Nematoda,Animalia,composite,Platinum,Platinum,Unidentified,,,False,True,False,False,True,False,False,False,False,False,False,False,False,False,False,False,False,False,False,False,False,False,True,False,True
A15_192928,663.551092,18.015,Nematoda,Animalia,composite,Platinum,Platinum,Unidentified,,,False,True,True,False,True,False,False,False,False,False,False,False,False,False,False,False,False,False,False,False,False,False,True,False,True
A15_193019,905.705165,18.0152,Streptophyta,Viridiplantae,indval_consensus,IndVal,CrossBatch_Consensus,Unidentified,,,False,True,True,False,True,False,False,False,False,False,False,False,False,False,False,False,False,False,False,False,False,False,True,False,True
A15_193356,916.721514,18.0407,Streptophyta,Viridiplantae,indval_consensus,IndVal,CrossBatch_Consensus,Unidentified,,,False,True,True,False,True,False,False,False,False,False,False,False,False,False,False,False,False,False,False,False,False,False,True,False,True
A15_193419,903.562142,17.7033,Streptophyta,Viridiplantae,indval_consensus,IndVal,CrossBatch_Consensus,Unidentified,,,False,True,True,False,True,False,False,False,False,False,False,False,False,False,False,False,False,False,False,False,False,False,True,False,True
A15_193505,888.686804,18.068,Streptophyta,Viridiplantae,indval_consensus,IndVal,CrossBatch_Consensus,Unidentified,,,False,True,True,False,True,False,False,False,False,False,False,False,False,False,False,False,False,False,False,False,False,False,True,False,True
A15_193768,1024.741958,18.139,Streptophyta,Viridiplantae,indval_consensus,IndVal,CrossBatch_Consensus,Unidentified,,,False,True,True,False,True,False,False,False,False,False,False,False,False,False,False,False,False,False,False,False,False,False,True,False,True
A15_193808,946.768405,18.1895,Streptophyta,Viridiplantae,indval_consensus,IndVal,CrossBatch_Consensus,Unidentified,,,False,True,True,False,True,False,False,False,False,False,False,False,False,False,False,False,False,False,False,False,False,False,True,False,True
A15_193953,675.602164,18.1156,Streptophyta,Viridiplantae,indval_consensus,IndVal,CrossBatch_Consensus,Unidentified,,,False,True,True,False,True,False,False,False,False,False,False,False,False,False,False,False,False,False,False,False,False,False,True,False,True
A15_194215,1050.75728,18.1716,Streptophyta,Viridiplantae,indval_consensus,IndVal,CrossBatch_Consensus,Unidentified,Unknown,False,False,True,True,False,True,False,False,False,False,False,False,False,False,False,False,False,False,False,False,False,False,False,True,False,True
A15_194421,998.72764,18.2734,Chlorophyta,Viridiplantae,composite,Platinum,Platinum,Unidentified,,,False,True,True,False,True,False,False,False,False,False,False,False,False,False,False,False,False,False,False,False,False,False,True,False,True
A15_19464,600.425909,2.8314,Streptophyta,Viridiplantae,indval_consensus,IndVal,CrossBatch_Consensus,Unidentified,,,False,True,True,False,True,False,False,False,False,False,False,False,False,False,False,False,False,False,False,False,False,False,True,False,True
A15_194649,1022.741862,18.2551,Streptophyta,Viridiplantae,indval_consensus,IndVal,CrossBatch_Consensus,Unidentified,,,False,True,True,False,True,False,False,False,False,False,False,False,False,False,False,False,False,False,False,False,False,False,True,False,True
A15_194654,917.577521,18.0384,Streptophyta,Viridiplantae,indval_consensus,IndVal,CrossBatch_Consensus,Unidentified,,,False,True,True,False,True,False,False,False,False,False,False,False,False,False,False,False,False,False,False,False,False,False,True,False,True
A15_194833,1050.757269,18.1937,Streptophyta,Viridiplantae,indval_consensus,IndVal,CrossBatch_Consensus,Unidentified,,,False,True,True,False,True,False,False,False,False,False,False,False,False,False,False,False,False,False,False,False,False,False,True,False,True
A15_195026,655.547413,18.4579,Nematoda,Animalia,composite,Platinum,Platinum,Unidentified,,,False,True,True,False,True,False,False,False,False,False,False,False,False,False,False,False,False,False,False,False,False,False,True,False,True
A15_195066,483.477049,18.223,Nematoda,Animalia,composite,Platinum,Platinum,Unidentified,,,False,True,True,False,True,False,False,False,False,False,False,False,False,False,False,False,False,False,False,False,False,False,True,False,True
A15_195758,1771.100175,18.2617,Streptophyta,Viridiplantae,indval_consensus,IndVal,CrossBatch_Consensus,Unidentified,,,False,True,True,False,True,False,False,False,False,False,False,False,False,False,False,False,False,False,False,False,False,False,True,False,True
A15_195826,929.580834,18.4202,Streptophyta,Viridiplantae,indval_consensus,IndVal,CrossBatch_Consensus,Unidentified,,,False,True,True,False,True,False,False,False,False,False,False,False,False,False,False,False,False,False,False,False,False,False,True,False,True
A15_195829,1010.761881,18.346,Streptophyta,Viridiplantae,indval_consensus,IndVal,CrossBatch_Consensus,Unidentified,,,False,True,True,False,True,False,False,False,False,False,False,False,False,False,False,False,False,False,False,False,False,False,True,False,True
A15_195965,921.573339,18.4482,Streptophyta,Viridiplantae,indval_consensus,IndVal,CrossBatch_Consensus,Unidentified,,,False,True,True,False,True,False,False,False,False,False,False,False,False,False,False,False,False,False,False,False,False,False,True,False,True
A15_19602,986.603572,3.0238,Streptophyta,Viridiplantae,indval_consensus,IndVal,CrossBatch_Consensus,Unidentified,,,False,True,True,False,True,False,False,False,False,False,False,False,False,False,False,False,False,False,False,False,False,False,True,False,True
A15_196036,888.688372,18.1686,Streptophyta,Viridiplantae,indval_consensus,IndVal,CrossBatch_Consensus,Unidentified,,,False,True,True,False,True,False,False,False,False,False,False,False,False,False,False,False,False,False,False,False,False,False,True,False,True
A15_196133,1572.283443,18.2717,Nematoda,Animalia,composite,Platinum,Platinum,Unidentified,,,False,True,False,False,True,False,False,False,False,False,False,False,False,False,False,False,False,False,False,False,False,False,True,False,True
A15_196228,1022.741921,18.3138,Streptophyta,Viridiplantae,indval_consensus,IndVal,CrossBatch_Consensus,Unidentified,,,False,True,True,False,True,False,False,False,False,False,False,False,False,False,False,False,False,False,False,False,False,False,True,False,True
A15_19671,744.419568,3.2033,Streptophyta,Viridiplantae,indval_consensus,IndVal,CrossBatch_Consensus,Unidentified,,,False,True,True,False,True,False,False,False,False,False,False,False,False,False,False,False,False,False,False,False,False,False,True,False,True
A15_196813,1050.757417,18.2841,Streptophyta,Viridiplantae,indval_consensus,IndVal,CrossBatch_Consensus,Unidentified,,,False,True,True,False,True,False,False,False,False,False,False,False,False,False,False,False,False,False,False,False,False,False,True,False,True
A15_196874,909.737026,18.6447,Streptophyta,Viridiplantae,indval_consensus,IndVal,CrossBatch_Consensus,Unidentified,,,False,True,True,False,True,False,False,False,False,False,False,False,False,False,False,False,False,False,False,False,False,False,True,False,True
A15_196889,526.519403,18.2309,Streptophyta,Viridiplantae,indval_consensus,IndVal,CrossBatch_Consensus,Unidentified,,,False,True,True,False,True,False,False,False,False,False,False,False,False,False,False,False,False,False,False,False,False,False,True,False,True
A15_197151,663.605291,18.4529,Streptophyta,Viridiplantae,indval_consensus,IndVal,CrossBatch_Consensus,Unidentified,,,False,True,True,False,True,False,False,False,False,False,False,False,False,False,False,False,False,False,False,False,False,False,True,False,True
A15_197367,685.58749,18.1528,Streptophyta,Viridiplantae,indval_consensus,IndVal,CrossBatch_Consensus,Unidentified,,,False,True,True,False,True,False,False,False,False,False,False,False,False,False,False,False,False,False,False,False,False,False,True,False,True
A15_197418,654.614647,18.4579,Nematoda,Animalia,composite,Platinum,Platinum,Unidentified,,,False,True,True,False,True,False,False,False,False,False,False,False,False,False,False,False,False,False,False,False,False,False,True,False,True
A15_197675,1026.753227,18.5897,Streptophyta,Viridiplantae,indval_consensus,IndVal,CrossBatch_Consensus,Unidentified,,,False,True,True,False,True,False,False,False,False,False,False,False,False,False,False,False,False,False,False,False,False,False,True,False,True
A15_198139,901.732676,18.5171,Streptophyta,Viridiplantae,indval_consensus,IndVal,CrossBatch_Consensus,Bronze,Phosphatidylserine,True,True,False,True,False,True,False,False,False,False,False,False,False,False,False,False,False,False,False,False,False,False,False,True,False,True
A15_198379,874.703146,18.6205,Streptophyta,Viridiplantae,indval_consensus,IndVal,CrossBatch_Consensus,Unidentified,,,False,True,True,False,True,False,False,False,False,False,False,False,False,False,False,False,False,False,False,False,False,False,True,False,True
A15_198548,935.74011,18.712,Streptophyta,Viridiplantae,indval_consensus,IndVal,CrossBatch_Consensus,Unidentified,,,False,True,True,False,True,False,False,False,False,False,False,False,False,False,False,False,False,False,False,False,False,False,True,False,True
A15_198712,909.736407,18.6953,Streptophyta,Viridiplantae,indval_consensus,IndVal,CrossBatch_Consensus,Unidentified,,,False,True,True,False,True,False,False,False,False,False,False,False,False,False,False,False,False,False,False,False,False,False,True,False,True
A15_198891,738.634775,18.3831,Streptophyta,Viridiplantae,indval_consensus,IndVal,CrossBatch_Consensus,Unidentified,,,False,True,False,False,True,False,False,False,False,False,False,False,False,False,False,False,False,False,False,False,False,False,True,False,True
A15_199202,886.713884,18.494,Streptophyta,Viridiplantae,indval_consensus,IndVal,CrossBatch_Consensus,Unidentified,,,False,True,True,False,True,False,False,False,False,False,False,False,False,False,False,False,False,False,False,False,False,False,True,False,True
A15_199390,921.572846,18.5657,Streptophyta,Viridiplantae,indval_consensus,IndVal,CrossBatch_Consensus,Unidentified,,,False,True,True,False,True,False,False,False,False,False,False,False,False,False,False,False,False,False,False,False,False,False,True,False,True
A15_199430,748.632416,18.6342,Nematoda,Animalia,composite,Platinum,Platinum,Unidentified,,,False,True,False,False,True,False,False,False,False,False,False,False,False,False,False,False,False,False,False,False,False,False,True,False,True
A15_199677,929.579221,18.5993,Streptophyta,Viridiplantae,indval_consensus,IndVal,CrossBatch_Consensus,Unidentified,,,False,True,True,False,True,False,False,False,False,False,False,False,False,False,False,False,False,False,False,False,False,False,True,False,True
A15_199781,1192.845354,18.6584,Streptophyta,Viridiplantae,indval_consensus,IndVal,CrossBatch_Consensus,Unidentified,,,False,True,True,False,True,False,False,False,False,False,False,False,False,False,False,False,False,False,False,False,False,False,True,False,True
A15_199913,1210.941242,18.5595,Streptophyta,Viridiplantae,indval_consensus,IndVal,CrossBatch_Consensus,Unidentified,,,False,True,True,False,True,False,False,False,False,False,False,False,False,False,False,False,False,False,False,False,False,False,True,False,True
A15_20053,574.324181,3.0177,Streptophyta,Viridiplantae,indval_consensus,IndVal,CrossBatch_Consensus,Unidentified,,,False,True,True,False,True,False,False,False,False,False,False,False,False,False,False,False,False,False,False,False,False,False,True,False,True
A15_200665,1192.845426,18.6861,Streptophyta,Viridiplantae,indval_consensus,IndVal,CrossBatch_Consensus,Unidentified,,,False,True,True,False,True,False,False,False,False,False,False,False,False,False,False,False,False,False,False,False,False,False,True,False,True
A15_20074,623.250019,2.9367,Streptophyta,Viridiplantae,indval_consensus,IndVal,CrossBatch_Consensus,Unidentified,,,False,True,True,False,True,False,False,False,False,False,False,False,False,False,False,False,False,False,False,False,False,False,True,False,True
A15_200842,770.54307,18.7351,Arthropoda,Animalia,composite,Platinum,Platinum,Unidentified,,,False,True,False,False,True,False,False,False,False,False,False,False,False,False,False,False,False,False,False,False,False,False,True,False,True
A15_200885,869.55744,18.6289,Streptophyta,Viridiplantae,indval_consensus,IndVal,CrossBatch_Consensus,Unidentified,,,False,True,True,False,True,False,False,False,False,False,False,False,False,False,False,False,False,False,False,False,False,False,True,False,True
A15_201388,883.72125,18.8646,Streptophyta,Viridiplantae,indval_consensus,IndVal,CrossBatch_Consensus,Unidentified,,,False,True,True,False,True,False,False,False,False,False,False,False,False,False,False,False,False,False,False,False,False,False,True,False,True
A15_201464,900.573029,18.8668,Streptophyta,Viridiplantae,indval_consensus,IndVal,CrossBatch_Consensus,Unidentified,,,False,True,True,False,True,False,False,False,False,False,False,False,False,False,False,False,False,False,False,False,False,False,True,False,True
A15_201482,579.223991,18.8221,Streptophyta,Viridiplantae,indval_consensus,IndVal,CrossBatch_Consensus,Unidentified,,,False,True,True,False,True,False,False,False,False,False,False,False,False,False,False,False,False,False,False,False,False,False,True,False,True
A15_201584,869.557387,18.6406,Streptophyta,Viridiplantae,indval_consensus,IndVal,CrossBatch_Consensus,Unidentified,,,False,True,True,False,True,False,False,False,False,False,False,False,False,False,False,False,False,False,False,False,False,False,True,False,True
A15_201596,935.741282,18.846,Streptophyta,Viridiplantae,indval_consensus,IndVal,CrossBatch_Consensus,Unidentified,,,False,True,True,False,True,False,False,False,False,False,False,False,False,False,False,False,False,False,False,False,False,False,True,False,True
A15_201847,885.551778,18.8779,Streptophyta,Viridiplantae,indval_consensus,IndVal,CrossBatch_Consensus,Unidentified,,,False,True,True,False,True,False,False,False,False,False,False,False,False,False,False,False,False,False,False,False,False,False,True,False,True
A15_201848,886.555663,19.0351,Streptophyta,Viridiplantae,indval_consensus,IndVal,CrossBatch_Consensus,Unidentified,,,False,True,True,False,True,False,False,False,False,False,False,False,False,False,False,False,False,False,False,False,False,False,True,False,True
A15_20208,409.272977,2.9584,Streptophyta,Viridiplantae,indval_consensus,IndVal,CrossBatch_Consensus,Unidentified,,,False,True,True,False,True,False,False,False,False,False,False,False,False,False,False,False,False,False,False,False,False,False,True,False,True
A15_20226,624.252203,2.8834,Streptophyta,Viridiplantae,indval_consensus,IndVal,CrossBatch_Consensus,Unidentified,,,False,True,True,False,True,False,False,False,False,False,False,False,False,False,False,False,False,False,False,False,False,False,True,False,True
A15_202450,906.572183,18.9632,Streptophyta,Viridiplantae,indval_consensus,IndVal,CrossBatch_Consensus,Unidentified,,,False,True,True,False,True,False,False,False,False,False,False,False,False,False,False,False,False,False,False,False,False,False,True,False,True
A15_202474,1192.84504,18.7547,Streptophyta,Viridiplantae,indval_consensus,IndVal,CrossBatch_Consensus,Unidentified,,,False,True,True,False,True,False,False,False,False,False,False,False,False,False,False,False,False,False,False,False,False,False,True,False,True
A15_202493,922.769723,18.7591,Streptophyta,Viridiplantae,indval_consensus,IndVal,CrossBatch_Consensus,Unidentified,,,False,True,True,False,True,False,False,False,False,False,False,False,False,False,False,False,False,False,False,False,False,False,True,False,True
A15_202877,1024.757212,19.149,Streptophyta,Viridiplantae,indval_consensus,IndVal,CrossBatch_Consensus,Unidentified,,,False,True,True,False,True,False,False,False,False,False,False,False,False,False,False,False,False,False,False,False,False,False,True,False,True
A15_203055,903.562708,18.9477,Streptophyta,Viridiplantae,indval_consensus,IndVal,CrossBatch_Consensus,Unidentified,,,False,True,True,False,True,False,False,False,False,False,False,False,False,False,False,False,False,False,False,False,False,False,True,False,True
A15_203300,910.552853,19.1543,Streptophyta,Viridiplantae,indval_consensus,IndVal,CrossBatch_Consensus,Unidentified,,,False,True,True,False,True,False,False,False,False,False,False,False,False,False,False,False,False,False,False,False,False,False,True,False,True
A15_203309,869.557232,18.8664,Streptophyta,Viridiplantae,indval_consensus,IndVal,CrossBatch_Consensus,Unidentified,,,False,True,True,False,True,False,False,False,False,False,False,False,False,False,False,False,False,False,False,False,False,False,True,False,True
A15_203310,551.539819,18.9521,Nematoda,Animalia,composite,Platinum,Platinum,Unidentified,,,False,True,True,False,True,False,False,False,False,False,False,False,False,False,False,False,False,False,False,False,False,False,True,False,True
A15_203316,1268.117371,18.9701,Nematoda,Animalia,composite,Platinum,Platinum,Unidentified,,,False,True,True,False,True,False,False,False,False,False,False,False,False,False,False,False,False,False,False,False,False,False,True,False,True
A15_203445,929.578777,18.7749,Streptophyta,Viridiplantae,indval_consensus,IndVal,CrossBatch_Consensus,Unidentified,,,False,True,True,False,True,False,False,False,False,False,False,False,False,False,False,False,False,False,False,False,False,False,True,False,True
A15_203642,945.622202,18.8025,Streptophyta,Viridiplantae,indval_consensus,IndVal,CrossBatch_Consensus,Unidentified,,,False,True,True,False,True,False,False,False,False,False,False,False,False,False,False,False,False,False,False,False,False,False,True,False,True
A15_203790,1267.113645,19.0059,Nematoda,Animalia,composite,Platinum,Platinum,Unidentified,,,False,True,True,False,True,False,False,False,False,False,False,False,False,False,False,False,False,False,False,False,False,False,True,False,True
A15_203793,1028.772992,19.0139,Streptophyta,Viridiplantae,indval_consensus,IndVal,CrossBatch_Consensus,Unidentified,,,False,True,True,False,True,False,False,False,False,False,False,False,False,False,False,False,False,False,False,False,False,False,True,False,True
A15_203844,1774.126372,19.0373,Streptophyta,Viridiplantae,indval_consensus,IndVal,CrossBatch_Consensus,Unidentified,,,False,True,True,False,True,False,False,False,False,False,False,False,False,False,False,False,False,False,False,False,False,False,True,False,True
A15_203858,1074.781698,18.9934,Chlorophyta,Viridiplantae,composite,Platinum,Platinum,Unidentified,,,False,True,True,False,True,False,False,False,False,False,False,False,False,False,False,False,False,False,False,False,False,False,True,False,True
A15_204132,1270.161127,19.0628,Nematoda,Animalia,composite,Platinum,Platinum,Unidentified,,,False,True,True,False,True,False,False,False,False,False,False,False,False,False,False,False,False,False,False,False,False,False,True,False,True
A15_204140,722.607442,18.9193,Streptophyta,Viridiplantae,indval_consensus,IndVal,CrossBatch_Consensus,Unidentified,,,False,True,False,False,True,False,False,False,False,False,False,False,False,False,False,False,False,False,False,False,False,False,True,False,True
A15_204523,1033.731691,19.07,Streptophyta,Viridiplantae,indval_consensus,IndVal,CrossBatch_Consensus,Unidentified,,,False,True,True,False,True,False,False,False,False,False,False,False,False,False,False,False,False,False,False,False,False,False,True,False,True
A15_204791,869.557469,18.9291,Streptophyta,Viridiplantae,indval_consensus,IndVal,CrossBatch_Consensus,Unidentified,,,False,True,True,False,True,False,False,False,False,False,False,False,False,False,False,False,False,False,False,False,False,False,True,False,True
A15_204818,1464.172488,19.123,Nematoda,Animalia,composite,Platinum,Platinum,Unidentified,,,False,True,True,False,True,False,False,False,False,False,False,False,False,False,False,False,False,False,False,False,False,False,True,False,True
A15_204874,881.683036,19.0323,Actinomycetota,Bacteria,indval_consensus,IndVal,CrossBatch_Consensus,Unidentified,,,False,True,True,False,True,False,False,False,False,False,False,False,False,False,False,False,False,False,False,False,False,False,True,False,True
A15_205156,1002.754091,19.0412,Streptophyta,Viridiplantae,indval_consensus,IndVal,CrossBatch_Consensus,Unidentified,,,False,True,True,False,True,False,False,False,False,False,False,False,False,False,False,False,False,False,False,False,False,False,True,False,True
A15_205385,1031.786813,19.127,Streptophyta,Viridiplantae,indval_consensus,IndVal,CrossBatch_Consensus,Unidentified,,,False,True,True,False,True,False,False,False,False,False,False,False,False,False,False,False,False,False,False,False,False,False,True,False,True
A15_205404,1042.741262,19.1318,Nematoda,Animalia,composite,Platinum,Platinum,Unidentified,,,False,True,True,False,True,False,False,False,False,False,False,False,False,False,False,False,False,False,False,False,False,False,True,False,True
A15_205407,901.731455,19.1909,Streptophyta,Viridiplantae,indval_consensus,IndVal,CrossBatch_Consensus,Unidentified,,,False,True,True,False,True,False,False,False,False,False,False,False,False,False,False,False,False,False,False,False,False,False,True,False,True
A15_205549,1059.746042,19.409,Streptophyta,Viridiplantae,indval_consensus,IndVal,CrossBatch_Consensus,Unidentified,,,False,True,True,False,True,False,False,False,False,False,False,False,False,False,False,False,False,False,False,False,False,False,True,False,True
A15_205577,927.597991,19.3665,Streptophyta,Viridiplantae,indval_consensus,IndVal,CrossBatch_Consensus,Unidentified,,,False,True,True,False,True,False,False,False,False,False,False,False,False,False,False,False,False,False,False,False,False,False,True,False,True
A15_20566,760.424876,3.1649,Streptophyta,Viridiplantae,indval_consensus,IndVal,CrossBatch_Consensus,Unidentified,,,False,True,False,False,True,False,False,False,False,False,False,False,False,False,False,False,False,False,False,False,False,False,True,False,True
A15_205683,1028.771467,19.1343,Streptophyta,Viridiplantae,indval_consensus,IndVal,CrossBatch_Consensus,Bronze,Glycerolipid (DG/TG),True,True,False,True,False,True,False,False,False,False,False,False,False,False,False,False,False,False,False,False,False,False,False,True,False,True
A15_205762,558.509324,19.1991,Nematoda,Animalia,composite,Platinum,Platinum,Unidentified,,,False,True,True,False,True,False,False,False,False,False,False,False,False,False,False,False,False,False,False,False,False,False,True,False,True
A15_20582,672.416464,3.3011,Streptophyta,Viridiplantae,indval_consensus,IndVal,CrossBatch_Consensus,Unidentified,,,False,True,True,False,True,False,False,False,False,False,False,False,False,False,False,False,False,False,False,False,False,False,True,False,True
A15_205872,869.557313,18.9533,Streptophyta,Viridiplantae,indval_consensus,IndVal,CrossBatch_Consensus,Unidentified,,,False,True,True,False,True,False,False,False,False,False,False,False,False,False,False,False,False,False,False,False,False,False,True,False,True
A15_205930,675.604466,18.8458,Streptophyta,Viridiplantae,indval_consensus,IndVal,CrossBatch_Consensus,Unidentified,,,False,True,True,False,True,False,False,False,False,False,False,False,False,False,False,False,False,False,False,False,False,False,True,False,True
A15_206140,686.629728,19.2398,Nematoda,Animalia,composite,Platinum,Platinum,Unidentified,,,False,True,True,False,True,False,False,False,False,False,False,False,False,False,False,False,False,False,False,False,False,False,True,False,True
A15_206142,1098.985544,19.2404,Nematoda,Animalia,composite,Platinum,Platinum,Unidentified,,,False,True,True,False,True,False,False,False,False,False,False,False,False,False,False,False,False,False,False,False,False,False,True,False,True
A15_206292,918.736486,19.2093,Streptophyta,Viridiplantae,indval_consensus,IndVal,CrossBatch_Consensus,Bronze,Phosphatidylcholine/Sphingomyelin,True,True,False,True,False,True,False,False,False,False,False,False,False,False,False,False,False,False,False,False,False,False,False,True,False,True
A15_206719,885.73715,19.2344,Streptophyta,Viridiplantae,indval_consensus,IndVal,CrossBatch_Consensus,Unidentified,,,False,True,True,False,True,False,False,False,False,False,False,False,False,False,False,False,False,False,False,False,False,False,True,False,True
A15_206788,542.514042,19.1777,Nematoda,Animalia,composite,Platinum,Platinum,Unidentified,,,False,True,True,False,True,False,False,False,False,False,False,False,False,False,False,False,False,False,False,False,False,False,True,False,True
A15_206856,890.577786,19.2758,Streptophyta,Viridiplantae,indval_consensus,IndVal,CrossBatch_Consensus,Unidentified,,,False,True,True,False,True,False,False,False,False,False,False,False,False,False,False,False,False,False,False,False,False,False,True,False,True
A15_206894,569.525824,19.3258,Nematoda,Animalia,composite,Platinum,Platinum,Unidentified,,,False,True,True,False,True,False,False,False,False,False,False,False,False,False,False,False,False,False,False,False,False,False,True,False,True
A15_2069,221.153365,1.8178,Streptophyta,Viridiplantae,indval_consensus,IndVal,CrossBatch_Consensus,Unidentified,,,False,True,False,False,True,False,False,False,False,False,False,False,False,False,False,False,False,False,False,False,False,False,True,False,True
A15_207009,910.552575,19.2917,Streptophyta,Viridiplantae,indval_consensus,IndVal,CrossBatch_Consensus,Unidentified,,,False,True,True,False,True,False,False,False,False,False,False,False,False,False,False,False,False,False,False,False,False,False,True,False,True
A15_207066,917.578403,19.5068,Streptophyta,Viridiplantae,indval_consensus,IndVal,CrossBatch_Consensus,Unidentified,,,False,True,True,False,True,False,False,False,False,False,False,False,False,False,False,False,False,False,False,False,False,False,True,False,True
A15_20730,810.49785,3.0561,Streptophyta,Viridiplantae,indval_consensus,IndVal,CrossBatch_Consensus,Unidentified,,,False,True,True,False,True,False,False,False,False,False,False,False,False,False,False,False,False,False,False,False,False,False,True,False,True
A15_207489,888.691072,19.6046,Streptophyta,Viridiplantae,indval_consensus,IndVal,CrossBatch_Consensus,Unidentified,,,False,True,True,False,True,False,False,False,False,False,False,False,False,False,False,False,False,False,False,False,False,False,True,False,True
A15_207565,1775.129845,19.2498,Streptophyta,Viridiplantae,indval_consensus,IndVal,CrossBatch_Consensus,Unidentified,,,False,True,True,False,True,False,False,False,False,False,False,False,False,False,False,False,False,False,False,False,False,False,True,False,True
A15_207599,909.737737,19.5231,Streptophyta,Viridiplantae,indval_consensus,IndVal,CrossBatch_Consensus,Unidentified,,,False,True,True,False,True,False,False,False,False,False,False,False,False,False,False,False,False,False,False,False,False,False,True,False,True
A15_207763,1458.942534,19.4059,Streptophyta,Viridiplantae,indval_consensus,IndVal,CrossBatch_Consensus,Unidentified,,,False,True,True,False,True,False,False,False,False,False,False,False,False,False,False,False,False,False,False,False,False,False,True,False,True
A15_207856,901.731921,19.3912,Streptophyta,Viridiplantae,indval_consensus,IndVal,CrossBatch_Consensus,Unidentified,,,False,True,True,False,True,False,False,False,False,False,False,False,False,False,False,False,False,False,False,False,False,False,True,False,True
A15_207972,686.629911,19.4279,Nematoda,Animalia,composite,Platinum,Platinum,Unidentified,,,False,True,True,False,True,False,False,False,False,False,False,False,False,False,False,False,False,False,False,False,False,False,True,False,True
A15_208218,683.580475,19.4466,Nematoda,Animalia,composite,Platinum,Platinum,Unidentified,,,False,True,True,False,True,False,False,False,False,False,False,False,False,False,False,False,False,False,False,False,False,False,True,False,True
A15_208830,1059.746329,19.4944,Streptophyta,Viridiplantae,indval_consensus,IndVal,CrossBatch_Consensus,Unidentified,,,False,True,False,False,True,False,False,False,False,False,False,False,False,False,False,False,False,False,False,False,False,False,True,False,True
A15_208852,883.721036,19.4674,Streptophyta,Viridiplantae,indval_consensus,IndVal,CrossBatch_Consensus,Unidentified,,,False,True,True,False,True,False,False,False,False,False,False,False,False,False,False,False,False,False,False,False,False,False,True,False,True
A15_209313,1033.732906,19.3229,Streptophyta,Viridiplantae,indval_consensus,IndVal,CrossBatch_Consensus,Unidentified,Unknown,False,False,True,True,False,True,False,False,False,False,False,False,False,False,False,False,False,False,False,False,False,False,False,True,False,True
A15_209363,1028.773871,19.5724,Streptophyta,Viridiplantae,indval_consensus,IndVal,CrossBatch_Consensus,Unidentified,,,False,True,True,False,True,False,False,False,False,False,False,False,False,False,False,False,False,False,False,False,False,False,True,False,True
A15_209544,885.776115,19.3936,Streptophyta,Viridiplantae,indval_consensus,IndVal,CrossBatch_Consensus,Unidentified,,,False,True,True,False,True,False,False,False,False,False,False,False,False,False,False,False,False,False,False,False,False,False,True,False,True
A15_209959,870.562778,19.7198,Streptophyta,Viridiplantae,indval_consensus,IndVal,CrossBatch_Consensus,Bronze,Glycerolipid (DG/TG),True,True,False,True,False,True,False,False,False,False,False,False,False,False,False,False,False,False,False,False,False,False,False,True,False,True
A15_210017,682.645953,19.6342,Nematoda,Animalia,composite,Platinum,Platinum,Unidentified,,,False,True,True,False,True,False,False,False,False,False,False,False,False,False,False,False,False,False,False,False,False,False,True,False,True
A15_210316,710.665402,19.727,Streptophyta,Viridiplantae,indval_consensus,IndVal,CrossBatch_Consensus,Unidentified,Unknown,False,False,True,True,False,True,False,False,False,False,False,False,False,False,False,False,False,False,False,False,False,False,False,True,False,True
A15_210421,1741.125992,19.7286,Streptophyta,Viridiplantae,indval_consensus,IndVal,CrossBatch_Consensus,Unidentified,,,False,True,True,False,True,False,False,False,False,False,False,False,False,False,False,False,False,False,False,False,False,False,True,False,True
A15_210433,593.275672,19.9083,Streptophyta,Viridiplantae,indval_consensus,IndVal,CrossBatch_Consensus,Unidentified,,,False,True,True,False,True,False,False,False,False,False,False,False,False,False,False,False,False,False,False,False,False,False,True,False,True
A15_210596,1765.123521,19.9003,Streptophyta,Viridiplantae,indval_consensus,IndVal,CrossBatch_Consensus,Unidentified,,,False,True,True,False,True,False,False,False,False,False,False,False,False,False,False,False,False,False,False,False,False,False,True,False,True
A15_210625,869.556386,19.797,Streptophyta,Viridiplantae,indval_consensus,IndVal,CrossBatch_Consensus,Unidentified,,,False,True,True,False,True,False,False,False,False,False,False,False,False,False,False,False,False,False,False,False,False,False,True,False,True
A15_21066,459.321977,3.0418,Methanobacteriota,Archaea,composite,Silver,Silver,Unidentified,,,False,True,True,False,True,False,False,False,False,False,False,False,False,False,False,False,False,False,False,False,False,False,True,False,True
A15_210919,1742.137318,19.9204,Streptophyta,Viridiplantae,indval_consensus,IndVal,CrossBatch_Consensus,Unidentified,,,False,True,True,False,True,False,False,False,False,False,False,False,False,False,False,False,False,False,False,False,False,False,True,False,True
A15_210920,1743.140229,19.9157,Streptophyta,Viridiplantae,indval_consensus,IndVal,CrossBatch_Consensus,Unidentified,,,False,True,True,False,True,False,False,False,False,False,False,False,False,False,False,False,False,False,False,False,False,False,True,False,True
A15_210991,1030.788649,19.7944,Streptophyta,Viridiplantae,indval_consensus,IndVal,CrossBatch_Consensus,Unidentified,,,False,True,True,False,True,False,False,False,False,False,False,False,False,False,False,False,False,False,False,False,False,False,True,False,True
A15_211096,929.622204,19.8011,Streptophyta,Viridiplantae,indval_consensus,IndVal,CrossBatch_Consensus,Unidentified,Unknown,False,False,True,True,False,True,False,False,False,False,False,False,False,False,False,False,False,False,False,False,False,False,False,True,False,True
A15_211147,874.581532,19.7818,Streptophyta,Viridiplantae,indval_consensus,IndVal,CrossBatch_Consensus,Unidentified,,,False,True,True,False,True,False,False,False,False,False,False,False,False,False,False,False,False,False,False,False,False,False,True,False,True
A15_211162,1764.116871,19.9152,Streptophyta,Viridiplantae,indval_consensus,IndVal,CrossBatch_Consensus,Unidentified,,,False,True,True,False,True,False,False,False,False,False,False,False,False,False,False,False,False,False,False,False,False,False,True,False,True
A15_211289,894.557759,19.9433,Streptophyta,Viridiplantae,indval_consensus,IndVal,CrossBatch_Consensus,Unidentified,,,False,True,True,False,True,False,False,False,False,False,False,False,False,False,False,False,False,False,False,False,False,False,True,False,True
A15_211391,887.751427,19.646,Streptophyta,Viridiplantae,indval_consensus,IndVal,CrossBatch_Consensus,Unidentified,,,False,True,True,False,True,False,False,False,False,False,False,False,False,False,False,False,False,False,False,False,False,False,True,False,True
A15_211414,909.52392,19.9162,Streptophyta,Viridiplantae,indval_consensus,IndVal,CrossBatch_Consensus,Unidentified,,,False,True,True,False,True,False,False,False,False,False,False,False,False,False,False,False,False,False,False,False,False,False,True,False,True
A15_211466,1035.746327,19.9992,Streptophyta,Viridiplantae,indval_consensus,IndVal,CrossBatch_Consensus,Unidentified,,,False,True,True,False,True,False,False,False,False,False,False,False,False,False,False,False,False,False,False,False,False,False,True,False,True
A15_211966,902.58707,20.0085,Streptophyta,Viridiplantae,indval_consensus,IndVal,CrossBatch_Consensus,Unidentified,,,False,True,True,False,True,False,False,False,False,False,False,False,False,False,False,False,False,False,False,False,False,False,True,False,True
A15_212116,929.622682,19.8585,Streptophyta,Viridiplantae,indval_consensus,IndVal,CrossBatch_Consensus,Unidentified,,,False,True,True,False,True,False,False,False,False,False,False,False,False,False,False,False,False,False,False,False,False,False,True,False,True
A15_2122,469.295204,1.7156,Streptophyta,Viridiplantae,indval_consensus,IndVal,CrossBatch_Consensus,Unidentified,,,False,True,True,False,True,False,False,False,False,False,False,False,False,False,False,False,False,False,False,False,False,False,True,False,True
A15_212253,909.52419,19.9854,Streptophyta,Viridiplantae,indval_consensus,IndVal,CrossBatch_Consensus,Unidentified,,,False,True,True,False,True,False,False,False,False,False,False,False,False,False,False,False,False,False,False,False,False,False,True,False,True
A15_212617,887.752053,20.1328,Streptophyta,Viridiplantae,indval_consensus,IndVal,CrossBatch_Consensus,Unidentified,,,False,True,True,False,True,False,False,False,False,False,False,False,False,False,False,False,False,False,False,False,False,False,True,False,True
A15_21268,607.254961,3.202,Streptophyta,Viridiplantae,indval_consensus,IndVal,CrossBatch_Consensus,Unidentified,,,False,True,True,False,True,False,False,False,False,False,False,False,False,False,False,False,False,False,False,False,False,False,True,False,True
A15_212833,886.734542,19.9656,Nematoda,Animalia,composite,Platinum,Platinum,Unidentified,,,False,True,True,False,True,False,False,False,False,False,False,False,False,False,False,False,False,False,False,False,False,False,True,False,True
A15_212856,893.553305,20.0088,Streptophyta,Viridiplantae,indval_consensus,IndVal,CrossBatch_Consensus,Unidentified,,,False,True,True,False,True,False,False,False,False,False,False,False,False,False,False,False,False,False,False,False,False,False,True,False,True
A15_212859,927.776136,20.1898,Streptophyta,Viridiplantae,indval_consensus,IndVal,CrossBatch_Consensus,Unidentified,,,False,True,True,False,True,False,False,False,False,False,False,False,False,False,False,False,False,False,False,False,False,False,True,False,True
A15_212915,1460.958354,20.2548,Streptophyta,Viridiplantae,indval_consensus,IndVal,CrossBatch_Consensus,Unidentified,,,False,True,True,False,True,False,False,False,False,False,False,False,False,False,False,False,False,False,False,False,False,False,True,False,True
A15_21296,596.358351,3.2468,Streptophyta,Viridiplantae,indval_consensus,IndVal,CrossBatch_Consensus,Unidentified,,,False,True,True,False,True,False,False,False,False,False,False,False,False,False,False,False,False,False,False,False,False,False,True,False,True
A15_213077,874.581321,19.9408,Streptophyta,Viridiplantae,indval_consensus,IndVal,CrossBatch_Consensus,Unidentified,Unknown,False,False,True,True,False,True,False,False,False,False,False,False,False,False,False,False,False,False,False,False,False,False,False,True,False,True
A15_213166,909.524365,20.0291,Streptophyta,Viridiplantae,indval_consensus,IndVal,CrossBatch_Consensus,Unidentified,,,False,True,True,False,True,False,False,False,False,False,False,False,False,False,False,False,False,False,False,False,False,False,True,False,True
A15_213196,867.649134,20.0852,Streptophyta,Viridiplantae,indval_consensus,IndVal,CrossBatch_Consensus,Unidentified,,,False,True,True,False,True,False,False,False,False,False,False,False,False,False,False,False,False,False,False,False,False,False,True,False,True
A15_213324,1743.14055,20.0232,Streptophyta,Viridiplantae,indval_consensus,IndVal,CrossBatch_Consensus,Unidentified,,,False,True,True,False,True,False,False,False,False,False,False,False,False,False,False,False,False,False,False,False,False,False,True,False,True
A15_213374,767.62953,19.8315,Streptophyta,Viridiplantae,indval_consensus,IndVal,CrossBatch_Consensus,Unidentified,,,False,True,True,False,True,False,False,False,False,False,False,False,False,False,False,False,False,False,False,False,False,False,True,False,True
A15_213540,917.578815,20.1684,Streptophyta,Viridiplantae,indval_consensus,IndVal,CrossBatch_Consensus,Unidentified,,,False,True,True,False,True,False,False,False,False,False,False,False,False,False,False,False,False,False,False,False,False,False,True,False,True
A15_213658,1126.819916,20.1029,Chlorophyta,Viridiplantae,composite,Platinum,Platinum,Unidentified,,,False,True,True,False,True,False,False,False,False,False,False,False,False,False,False,False,False,False,False,False,False,False,True,False,True
A15_2138,432.237719,1.6773,Streptophyta,Viridiplantae,indval_consensus,IndVal,CrossBatch_Consensus,Unidentified,,,False,True,True,False,True,False,False,False,False,False,False,False,False,False,False,False,False,False,False,False,False,False,True,False,True
A15_214006,1765.124234,20.0775,Streptophyta,Viridiplantae,indval_consensus,IndVal,CrossBatch_Consensus,Unidentified,,,False,True,True,False,True,False,False,False,False,False,False,False,False,False,False,False,False,False,False,False,False,False,True,False,True
A15_21403,595.254774,3.0627,Streptophyta,Viridiplantae,indval_consensus,IndVal,CrossBatch_Consensus,Unidentified,,,False,True,True,False,True,False,False,False,False,False,False,False,False,False,False,False,False,False,False,False,False,False,True,False,True
A15_214141,922.311364,20.1461,Nematoda,Animalia,composite,Platinum,Platinum,Unidentified,,,False,True,True,False,True,False,False,False,False,False,False,False,False,False,False,False,False,False,False,False,False,False,True,False,True
A15_214351,885.736794,20.3572,Streptophyta,Viridiplantae,indval_consensus,IndVal,CrossBatch_Consensus,Unidentified,,,False,True,True,False,True,False,False,False,False,False,False,False,False,False,False,False,False,False,False,False,False,False,True,False,True
A15_214632,1024.803841,20.3065,Streptophyta,Viridiplantae,indval_consensus,IndVal,CrossBatch_Consensus,Unidentified,,,False,True,True,False,True,False,False,False,False,False,False,False,False,False,False,False,False,False,False,False,False,False,True,False,True
A15_215153,1463.978389,20.3779,Streptophyta,Viridiplantae,indval_consensus,IndVal,CrossBatch_Consensus,Unidentified,,,False,True,True,False,True,False,False,False,False,False,False,False,False,False,False,False,False,False,False,False,False,False,True,False,True
A15_215195,899.605115,20.3998,Streptophyta,Viridiplantae,indval_consensus,IndVal,CrossBatch_Consensus,Unidentified,Unknown,False,False,True,True,False,True,False,False,False,False,False,False,False,False,False,False,False,False,False,False,False,False,False,True,False,True
A15_21521,724.498362,3.3189,Streptophyta,Viridiplantae,indval_consensus,IndVal,CrossBatch_Consensus,Unidentified,,,False,True,True,False,True,False,False,False,False,False,False,False,False,False,False,False,False,False,False,False,False,False,True,False,True
A15_215244,889.709755,20.3913,Streptophyta,Viridiplantae,indval_consensus,IndVal,CrossBatch_Consensus,Unidentified,,,False,True,True,False,True,False,False,False,False,False,False,False,False,False,False,False,False,False,False,False,False,False,True,False,True
A15_21533,812.51511,3.1559,Streptophyta,Viridiplantae,indval_consensus,IndVal,CrossBatch_Consensus,Unidentified,,,False,True,True,False,True,False,False,False,False,False,False,False,False,False,False,False,False,False,False,False,False,False,True,False,True
A15_2154,333.242162,1.7659,Streptophyta,Viridiplantae,indval_consensus,IndVal,CrossBatch_Consensus,Unidentified,,,False,True,False,False,True,False,False,False,False,False,False,False,False,False,False,False,False,False,False,False,False,False,True,False,True
A15_215476,889.766556,20.3407,Streptophyta,Viridiplantae,indval_consensus,IndVal,CrossBatch_Consensus,Unidentified,,,False,True,True,False,True,False,False,False,False,False,False,False,False,False,False,False,False,False,False,False,False,False,True,False,True
A15_215582,749.622091,20.2448,Streptophyta,Viridiplantae,indval_consensus,IndVal,CrossBatch_Consensus,Unidentified,,,False,True,True,False,True,False,False,False,False,False,False,False,False,False,False,False,False,False,False,False,False,False,True,False,True
A15_215755,1167.808151,20.3942,Streptophyta,Viridiplantae,indval_consensus,IndVal,CrossBatch_Consensus,Unidentified,,,False,True,True,False,True,False,False,False,False,False,False,False,False,False,False,False,False,False,False,False,False,False,True,False,True
A15_215767,1742.137556,20.2723,Streptophyta,Viridiplantae,indval_consensus,IndVal,CrossBatch_Consensus,Unidentified,,,False,True,False,False,True,False,False,False,False,False,False,False,False,False,False,False,False,False,False,False,False,False,True,False,True
A15_215816,739.602225,20.4601,Mollusca,Animalia,composite,Platinum,Platinum,Unidentified,,,False,True,True,False,True,False,False,False,False,False,False,False,False,False,False,False,False,False,False,False,False,False,True,False,True
A15_216538,723.608386,20.652,Streptophyta,Viridiplantae,indval_consensus,IndVal,CrossBatch_Consensus,Unidentified,,,False,True,True,False,True,False,False,False,False,False,False,False,False,False,False,False,False,False,False,False,False,False,True,False,True
A15_21661,539.318535,3.2096,Streptophyta,Viridiplantae,indval_consensus,IndVal,CrossBatch_Consensus,Unidentified,,,False,True,True,False,True,False,False,False,False,False,False,False,False,False,False,False,False,False,False,False,False,False,True,False,True
A15_216763,915.724427,20.5751,Streptophyta,Viridiplantae,indval_consensus,IndVal,CrossBatch_Consensus,Unidentified,,,False,True,True,False,True,False,False,False,False,False,False,False,False,False,False,False,False,False,False,False,False,False,True,False,True
A15_216764,565.244434,20.7618,Streptophyta,Viridiplantae,indval_consensus,IndVal,CrossBatch_Consensus,Unidentified,,,False,True,True,False,True,False,False,False,False,False,False,False,False,False,False,False,False,False,False,False,False,False,True,False,True
A15_216823,1102.815224,20.7268,Chlorophyta,Viridiplantae,composite,Platinum,Platinum,Unidentified,,,False,True,True,False,True,False,False,False,False,False,False,False,False,False,False,False,False,False,False,False,False,False,True,False,True
A15_216888,919.679051,20.54,Streptophyta,Viridiplantae,indval_consensus,IndVal,CrossBatch_Consensus,Unidentified,,,False,True,True,False,True,False,False,False,False,False,False,False,False,False,False,False,False,False,False,False,False,False,True,False,True
A15_217002,597.557241,20.582,Nematoda,Animalia,composite,Platinum,Platinum,Unidentified,,,False,True,True,False,True,False,False,False,False,False,False,False,False,False,False,False,False,False,False,False,False,False,True,False,True
A15_217184,994.75424,20.61,Nematoda,Animalia,composite,Platinum,Platinum,Unidentified,,,False,True,True,False,True,False,False,False,False,False,False,False,False,False,False,False,False,False,False,False,False,False,True,False,True
A15_217185,995.761334,20.6699,Nematoda,Animalia,composite,Platinum,Diamond,Unidentified,,,False,True,True,False,True,False,False,False,False,False,False,False,False,False,False,False,False,False,False,False,False,False,True,False,True
A15_217234,689.587679,20.4779,Streptophyta,Viridiplantae,indval_consensus,IndVal,CrossBatch_Consensus,Unidentified,,,False,True,True,False,True,False,False,False,False,False,False,False,False,False,False,False,False,False,False,False,False,False,True,False,True
A15_217986,723.608693,20.7591,Streptophyta,Viridiplantae,indval_consensus,IndVal,CrossBatch_Consensus,Unidentified,,,False,True,True,False,True,False,False,False,False,False,False,False,False,False,False,False,False,False,False,False,False,False,True,False,True
A15_218022,931.747407,20.9224,Streptophyta,Viridiplantae,indval_consensus,IndVal,CrossBatch_Consensus,Unidentified,,,False,True,True,False,True,False,False,False,False,False,False,False,False,False,False,False,False,False,False,False,False,False,True,False,True
A15_218087,911.652735,20.9949,Streptophyta,Viridiplantae,indval_consensus,IndVal,CrossBatch_Consensus,Unidentified,,,False,True,True,False,True,False,False,False,False,False,False,False,False,False,False,False,False,False,False,False,False,False,True,False,True
A15_218168,917.732002,20.9277,Streptophyta,Viridiplantae,indval_consensus,IndVal,CrossBatch_Consensus,Unidentified,,,False,True,True,False,True,False,False,False,False,False,False,False,False,False,False,False,False,False,False,False,False,False,True,False,True
A15_218362,872.576679,20.9555,Streptophyta,Viridiplantae,indval_consensus,IndVal,CrossBatch_Consensus,Unidentified,Unknown,False,False,True,True,False,True,False,False,False,False,False,False,False,False,False,False,False,False,False,False,False,False,False,True,False,True
A15_218409,891.724136,20.772,Streptophyta,Viridiplantae,indval_consensus,IndVal,CrossBatch_Consensus,Unidentified,,,False,True,True,False,True,False,False,False,False,False,False,False,False,False,False,False,False,False,False,False,False,False,True,False,True
A15_218534,943.679487,20.7738,Nematoda,Animalia,composite,Platinum,Platinum,Unidentified,,,False,True,False,False,True,False,False,False,False,False,False,False,False,False,False,False,False,False,False,False,False,False,True,False,True
A15_218721,1052.834815,20.946,Streptophyta,Viridiplantae,indval_consensus,IndVal,CrossBatch_Consensus,Unidentified,,,False,True,True,False,True,False,False,False,False,False,False,False,False,False,False,False,False,False,False,False,False,False,True,False,True
A15_219038,704.677189,20.9726,Nematoda,Animalia,composite,Platinum,Platinum,Unidentified,,,False,True,True,False,True,False,False,False,False,False,False,False,False,False,False,False,False,False,False,False,False,False,True,False,True
A15_21905,459.383423,3.3232,Streptophyta,Viridiplantae,indval_consensus,IndVal,CrossBatch_Consensus,Unidentified,,,False,True,False,False,True,False,False,False,False,False,False,False,False,False,False,False,False,False,False,False,False,False,True,False,True
A15_219119,868.649547,20.9485,Chlorophyta,Viridiplantae,composite,Platinum,Platinum,Unidentified,,,False,True,True,False,True,False,False,False,False,False,False,False,False,False,False,False,False,False,False,False,False,False,True,False,True
A15_219124,709.632323,20.9726,Nematoda,Animalia,composite,Platinum,Platinum,Unidentified,,,False,True,True,False,True,False,False,False,False,False,False,False,False,False,False,False,False,False,False,False,False,False,True,False,True
A15_219295,777.650655,20.7306,Streptophyta,Viridiplantae,indval_consensus,IndVal,CrossBatch_Consensus,Unidentified,,,False,True,False,False,True,False,False,False,False,False,False,False,False,False,False,False,False,False,False,False,False,False,True,False,True
A15_219366,663.64806,21.0196,Nematoda,Animalia,composite,Platinum,Platinum,Unidentified,,,False,True,True,False,True,False,False,False,False,False,False,False,False,False,False,False,False,False,False,False,False,False,True,False,True
A15_219367,681.658712,20.9069,Nematoda,Animalia,composite,Platinum,Platinum,Unidentified,,,False,True,True,False,True,False,False,False,False,False,False,False,False,False,False,False,False,False,False,False,False,False,True,False,True
A15_219837,749.619951,20.9526,Streptophyta,Viridiplantae,indval_consensus,IndVal,CrossBatch_Consensus,Unidentified,,,False,True,True,False,True,False,False,False,False,False,False,False,False,False,False,False,False,False,False,False,False,False,True,False,True
A15_219838,609.582562,21.1036,Nematoda,Animalia,composite,Platinum,Platinum,Unidentified,,,False,True,False,False,True,False,False,False,False,False,False,False,False,False,False,False,False,False,False,False,False,False,True,False,True
A15_220026,723.609394,20.8833,Streptophyta,Viridiplantae,indval_consensus,IndVal,CrossBatch_Consensus,Unidentified,,,False,True,True,False,True,False,False,False,False,False,False,False,False,False,False,False,False,False,False,False,False,False,True,False,True
A15_220122,917.739521,21.2813,Streptophyta,Viridiplantae,indval_consensus,IndVal,CrossBatch_Consensus,Unidentified,,,False,True,True,False,True,False,False,False,False,False,False,False,False,False,False,False,False,False,False,False,False,False,True,False,True
A15_220136,1543.03418,21.1786,Nematoda,Animalia,composite,Platinum,Platinum,Unidentified,,,False,True,True,False,True,False,False,False,False,False,False,False,False,False,False,False,False,False,False,False,False,False,True,False,True
A15_220464,998.783166,21.2451,Nematoda,Animalia,composite,Platinum,Platinum,Unidentified,,,False,True,True,False,True,False,False,False,False,False,False,False,False,False,False,False,False,False,False,False,False,False,True,False,True
A15_220493,751.634648,21.3559,Streptophyta,Viridiplantae,indval_consensus,IndVal,CrossBatch_Consensus,Unidentified,,,False,True,True,False,True,False,False,False,False,False,False,False,False,False,False,False,False,False,False,False,False,False,True,False,True
A15_220688,1543.035222,21.2843,Nematoda,Animalia,composite,Platinum,Platinum,Unidentified,,,False,True,True,False,True,False,False,False,False,False,False,False,False,False,False,False,False,False,False,False,False,False,True,False,True
A15_220689,996.771593,21.2649,Nematoda,Animalia,composite,Platinum,Diamond,Unidentified,,,False,True,True,False,True,False,False,False,False,False,False,False,False,False,False,False,False,False,False,False,False,False,True,False,True
A15_220861,699.568657,21.3405,Streptophyta,Viridiplantae,indval_consensus,IndVal,CrossBatch_Consensus,Unidentified,,,False,True,True,False,True,False,False,False,False,False,False,False,False,False,False,False,False,False,False,False,False,False,True,False,True
A15_221114,702.661342,21.4153,Nematoda,Animalia,composite,Platinum,Platinum,Unidentified,,,False,True,True,False,True,False,False,False,False,False,False,False,False,False,False,False,False,False,False,False,False,False,True,False,True
A15_221122,895.746925,21.5887,Streptophyta,Viridiplantae,indval_consensus,IndVal,CrossBatch_Consensus,Unidentified,,,False,True,True,False,True,False,False,False,False,False,False,False,False,False,False,False,False,False,False,False,False,False,True,False,True
A15_221254,1391.978361,21.3747,Nematoda,Animalia,composite,Platinum,Platinum,Unidentified,,,False,True,True,False,True,False,False,False,False,False,False,False,False,False,False,False,False,False,False,False,False,False,True,False,True
A15_221392,889.767496,21.5073,Streptophyta,Viridiplantae,indval_consensus,IndVal,CrossBatch_Consensus,Unidentified,,,False,True,True,False,True,False,False,False,False,False,False,False,False,False,False,False,False,False,False,False,False,False,True,False,True
A15_221412,1568.041799,21.4311,Nematoda,Animalia,composite,Platinum,Platinum,Unidentified,,,False,True,True,False,True,False,False,False,False,False,False,False,False,False,False,False,False,False,False,False,False,False,True,False,True
A15_221434,998.782543,21.4317,Nematoda,Animalia,composite,Platinum,Platinum,Unidentified,,,False,True,True,False,True,False,False,False,False,False,False,False,False,False,False,False,False,False,False,False,False,False,True,False,True
A15_221523,1567.037853,21.4503,Nematoda,Animalia,composite,Platinum,Platinum,Unidentified,,,False,True,True,False,True,False,False,False,False,False,False,False,False,False,False,False,False,False,False,False,False,False,True,False,True
A15_221955,1500.000285,21.5221,Nematoda,Animalia,composite,Platinum,Platinum,Unidentified,,,False,True,True,False,True,False,False,False,False,False,False,False,False,False,False,False,False,False,False,False,False,False,True,False,True
A15_222056,1522.984636,21.5541,Nematoda,Animalia,composite,Platinum,Platinum,Unidentified,,,False,True,True,False,True,False,False,False,False,False,False,False,False,False,False,False,False,False,False,False,False,False,True,False,True
A15_222073,1568.042697,21.5707,Nematoda,Animalia,composite,Platinum,Platinum,Unidentified,,,False,True,True,False,True,False,False,False,False,False,False,False,False,False,False,False,False,False,False,False,False,False,True,False,True
A15_222150,905.534458,21.7978,Streptophyta,Viridiplantae,indval_consensus,IndVal,CrossBatch_Consensus,Unidentified,,,False,True,True,False,True,False,False,False,False,False,False,False,False,False,False,False,False,False,False,False,False,False,True,False,True
A15_222249,1501.005346,21.616,Nematoda,Animalia,composite,Platinum,Platinum,Unidentified,,,False,True,False,False,True,False,False,False,False,False,False,False,False,False,False,False,False,False,False,False,False,False,True,False,True
A15_222583,1527.016941,21.6775,Nematoda,Animalia,composite,Platinum,Platinum,Unidentified,,,False,True,True,False,True,False,False,False,False,False,False,False,False,False,False,False,False,False,False,False,False,False,True,False,True
A15_222585,1547.986699,21.6938,Nematoda,Animalia,composite,Platinum,Platinum,Unidentified,,,False,True,True,False,True,False,False,False,False,False,False,False,False,False,False,False,False,False,False,False,False,False,True,False,True
A15_222590,1526.014043,21.6962,Nematoda,Animalia,composite,Platinum,Diamond,Unidentified,,,False,True,False,False,True,False,False,False,False,False,False,False,False,False,False,False,False,False,False,False,False,False,True,False,True
A15_222704,1548.996806,21.7049,Nematoda,Animalia,composite,Platinum,Platinum,Unidentified,,,False,True,True,False,True,False,False,False,False,False,False,False,False,False,False,False,False,False,False,False,False,False,True,False,True
A15_222933,998.785412,21.7896,Nematoda,Animalia,composite,Platinum,Platinum,Unidentified,,,False,True,True,False,True,False,False,False,False,False,False,False,False,False,False,False,False,False,False,False,False,False,True,False,True
A15_222953,701.58493,21.8379,Streptophyta,Viridiplantae,indval_consensus,IndVal,CrossBatch_Consensus,Unidentified,,,False,True,True,False,True,False,False,False,False,False,False,False,False,False,False,False,False,False,False,False,False,False,True,False,True
A15_223120,1570.05941,21.8396,Nematoda,Animalia,composite,Platinum,Platinum,Unidentified,,,False,True,True,False,True,False,False,False,False,False,False,False,False,False,False,False,False,False,False,False,False,False,True,False,True
A15_223268,651.534589,21.8624,Nematoda,Animalia,composite,Platinum,Diamond,Unidentified,,,False,True,True,False,True,False,False,False,False,False,False,False,False,False,False,False,False,False,False,False,False,False,True,False,True
A15_223270,1574.002895,21.8615,Nematoda,Animalia,composite,Platinum,Platinum,Unidentified,,,False,True,True,False,True,False,False,False,False,False,False,False,False,False,False,False,False,False,False,False,False,False,True,False,True
A15_223277,1575.011694,21.8839,Nematoda,Animalia,composite,Platinum,Platinum,Unidentified,,,False,True,False,False,True,False,False,False,False,False,False,False,False,False,False,False,False,False,False,False,False,False,True,False,True
A15_22328,609.269258,3.3034,Streptophyta,Viridiplantae,indval_consensus,IndVal,CrossBatch_Consensus,Unidentified,,,False,True,True,False,True,False,False,False,False,False,False,False,False,False,False,False,False,False,False,False,False,False,True,False,True
A15_223351,1573.072896,21.9085,Nematoda,Animalia,composite,Platinum,Platinum,Unidentified,,,False,True,True,False,True,False,False,False,False,False,False,False,False,False,False,False,False,False,False,False,False,False,True,False,True
A15_223548,1554.039273,21.9273,Nematoda,Animalia,composite,Platinum,Diamond,Unidentified,,,False,True,False,False,True,False,False,False,False,False,False,False,False,False,False,False,False,False,False,False,False,False,True,False,True
A15_223647,1523.992637,21.9901,Nematoda,Animalia,composite,Platinum,Platinum,Unidentified,,,False,True,True,False,True,False,False,False,False,False,False,False,False,False,False,False,False,False,False,False,False,False,True,False,True
A15_223872,869.74145,22.0733,Streptophyta,Viridiplantae,indval_consensus,IndVal,CrossBatch_Consensus,Unidentified,,,False,True,True,False,True,False,False,False,False,False,False,False,False,False,False,False,False,False,False,False,False,False,True,False,True
A15_223943,1553.029189,22.0829,Nematoda,Animalia,composite,Platinum,Platinum,Unidentified,,,False,True,True,False,True,False,False,False,False,False,False,False,False,False,False,False,False,False,False,False,False,False,True,False,True
A15_224019,910.781519,22.2361,Streptophyta,Viridiplantae,indval_consensus,IndVal,CrossBatch_Consensus,Unidentified,,,False,True,True,False,True,False,False,False,False,False,False,False,False,False,False,False,False,False,False,False,False,False,True,False,True
A15_224118,1529.033577,22.1539,Nematoda,Animalia,composite,Platinum,Platinum,Unidentified,,,False,True,False,False,True,False,False,False,False,False,False,False,False,False,False,False,False,False,False,False,False,False,True,False,True
A15_224120,948.714032,22.143,Nematoda,Animalia,composite,Platinum,Platinum,Unidentified,,,False,True,True,False,True,False,False,False,False,False,False,False,False,False,False,False,False,False,False,False,False,False,True,False,True
A15_224136,893.742069,22.087,Streptophyta,Viridiplantae,indval_consensus,IndVal,CrossBatch_Consensus,Unidentified,,,False,True,True,False,True,False,False,False,False,False,False,False,False,False,False,False,False,False,False,False,False,False,True,False,True
A15_224523,590.587023,22.2265,Nematoda,Animalia,composite,Platinum,Platinum,Unidentified,,,False,True,True,False,True,False,False,False,False,False,False,False,False,False,False,False,False,False,False,False,False,False,True,False,True
A15_224552,1554.040716,22.2304,Nematoda,Animalia,composite,Platinum,Diamond,Unidentified,,,False,True,False,False,True,False,False,False,False,False,False,False,False,False,False,False,False,False,False,False,False,False,True,False,True
A15_224571,1576.018338,22.2476,Nematoda,Animalia,composite,Platinum,Platinum,Unidentified,,,False,True,True,False,True,False,False,False,False,False,False,False,False,False,False,False,False,False,False,False,False,False,True,False,True
A15_22464,1002.600284,3.0536,Streptophyta,Viridiplantae,indval_consensus,IndVal,CrossBatch_Consensus,Unidentified,,,False,True,True,False,True,False,False,False,False,False,False,False,False,False,False,False,False,False,False,False,False,False,True,False,True
A15_224680,1577.027535,22.2738,Nematoda,Animalia,composite,Platinum,Platinum,Unidentified,,,False,True,True,False,True,False,False,False,False,False,False,False,False,False,False,False,False,False,False,False,False,False,True,False,True
A15_224728,931.756091,22.3303,Nematoda,Animalia,composite,Platinum,Platinum,Unidentified,,,False,True,True,False,True,False,False,False,False,False,False,False,False,False,False,False,False,False,False,False,False,False,True,False,True
A15_224822,930.754727,22.3417,Nematoda,Animalia,composite,Platinum,Platinum,Unidentified,,,False,True,True,False,True,False,False,False,False,False,False,False,False,False,False,False,False,False,False,False,False,False,True,False,True
A15_224885,749.658719,22.5448,Streptophyta,Viridiplantae,indval_consensus,IndVal,CrossBatch_Consensus,Unidentified,,,False,True,True,False,True,False,False,False,False,False,False,False,False,False,False,False,False,False,False,False,False,False,True,False,True
A15_225020,1484.022415,22.3877,Nematoda,Animalia,composite,Platinum,Platinum,Unidentified,,,False,True,True,False,True,False,False,False,False,False,False,False,False,False,False,False,False,False,False,False,False,False,True,False,True
A15_225338,893.741713,22.2129,Streptophyta,Viridiplantae,indval_consensus,IndVal,CrossBatch_Consensus,Unidentified,,,False,True,True,False,True,False,False,False,False,False,False,False,False,False,False,False,False,False,False,False,False,False,True,False,True
A15_225355,871.57335,22.591,Streptophyta,Viridiplantae,indval_consensus,IndVal,CrossBatch_Consensus,Unidentified,,,False,True,True,False,True,False,False,False,False,False,False,False,False,False,False,False,False,False,False,False,False,False,True,False,True
A15_225499,694.613407,22.488,Streptophyta,Viridiplantae,indval_consensus,IndVal,CrossBatch_Consensus,Unidentified,,,False,True,True,False,True,False,False,False,False,False,False,False,False,False,False,False,False,False,False,False,False,False,True,False,True
A15_225637,911.713357,22.61,Nematoda,Animalia,composite,Platinum,Platinum,Unidentified,,,False,True,True,False,True,False,False,False,False,False,False,False,False,False,False,False,False,False,False,False,False,False,True,False,True
A15_225752,1395.007499,22.6893,Nematoda,Animalia,composite,Platinum,Platinum,Unidentified,,,False,True,True,False,True,False,False,False,False,False,False,False,False,False,False,False,False,False,False,False,False,False,True,False,True
A15_225948,1459.017916,22.7887,Nematoda,Animalia,composite,Platinum,Platinum,Unidentified,,,False,True,True,False,True,False,False,False,False,False,False,False,False,False,False,False,False,False,False,False,False,False,True,False,True
A15_225949,1460.024934,22.7645,Nematoda,Animalia,composite,Platinum,Platinum,Unidentified,,,False,True,True,False,True,False,False,False,False,False,False,False,False,False,False,False,False,False,False,False,False,False,True,False,True
A15_226055,1004.864145,22.8217,Nematoda,Animalia,composite,Platinum,Platinum,Unidentified,,,False,True,True,False,True,False,False,False,False,False,False,False,False,False,False,False,False,False,False,False,False,False,True,False,True
A15_226081,933.771144,22.8217,Nematoda,Animalia,composite,Platinum,Platinum,Unidentified,,,False,True,True,False,True,False,False,False,False,False,False,False,False,False,False,False,False,False,False,False,False,False,True,False,True
A15_226187,942.702866,22.8441,Nematoda,Animalia,composite,Platinum,Platinum,Unidentified,,,False,True,False,False,True,False,False,False,False,False,False,False,False,False,False,False,False,False,False,False,False,False,True,False,True
A15_226290,871.573252,22.7979,Streptophyta,Viridiplantae,indval_consensus,IndVal,CrossBatch_Consensus,Unidentified,,,False,True,True,False,True,False,False,False,False,False,False,False,False,False,False,False,False,False,False,False,False,False,True,False,True
A15_226291,872.577093,22.6431,Streptophyta,Viridiplantae,indval_consensus,IndVal,CrossBatch_Consensus,Bronze,Phosphatidylcholine/Sphingomyelin,True,True,False,True,False,True,False,False,False,False,False,False,False,False,False,False,False,False,False,False,False,False,False,True,False,True
A15_226491,1476.067593,23.2666,Nematoda,Animalia,composite,Platinum,Platinum,Unidentified,,,False,True,True,False,True,False,False,False,False,False,False,False,False,False,False,False,False,False,False,False,False,False,True,False,True
A15_226688,658.613997,23.1285,Streptophyta,Viridiplantae,indval_consensus,IndVal,CrossBatch_Consensus,Unidentified,,,False,True,True,False,True,False,False,False,False,False,False,False,False,False,False,False,False,False,False,False,False,False,True,False,True
A15_226765,1510.037219,23.07,Nematoda,Animalia,composite,Platinum,Platinum,Unidentified,,,False,True,True,False,True,False,False,False,False,False,False,False,False,False,False,False,False,False,False,False,False,False,True,False,True
A15_226980,1463.04463,23.1956,Nematoda,Animalia,composite,Platinum,Platinum,Unidentified,,,False,True,True,False,True,False,False,False,False,False,False,False,False,False,False,False,False,False,False,False,False,False,True,False,True
A15_227022,1462.040466,23.2224,Nematoda,Animalia,composite,Platinum,Platinum,Unidentified,,,False,True,True,False,True,False,False,False,False,False,False,False,False,False,False,False,False,False,False,False,False,False,True,False,True
A15_227157,1219.115464,23.3212,Mollusca,Animalia,composite,Platinum,Platinum,Unidentified,,,False,True,True,False,True,False,False,False,False,False,False,False,False,False,False,False,False,False,False,False,False,False,True,False,True
A15_227195,1488.052824,23.2827,Nematoda,Animalia,composite,Platinum,Platinum,Unidentified,,,False,True,True,False,True,False,False,False,False,False,False,False,False,False,False,False,False,False,False,False,False,False,True,False,True
A15_227356,1476.067787,23.4485,Nematoda,Animalia,composite,Platinum,Platinum,Unidentified,,,False,True,True,False,True,False,False,False,False,False,False,False,False,False,False,False,False,False,False,False,False,False,True,False,True
A15_227443,1006.881133,23.4287,Nematoda,Animalia,composite,Platinum,Platinum,Unidentified,,,False,True,True,False,True,False,False,False,False,False,False,False,False,False,False,False,False,False,False,False,False,False,True,False,True
A15_227522,1425.041709,23.4891,Nematoda,Animalia,composite,Platinum,Platinum,Unidentified,,,False,True,True,False,True,False,False,False,False,False,False,False,False,False,False,False,False,False,False,False,False,False,True,False,True
A15_227621,1488.049894,23.5881,Nematoda,Animalia,composite,Platinum,Platinum,Unidentified,,,False,True,True,False,True,False,False,False,False,False,False,False,False,False,False,False,False,False,False,False,False,False,True,False,True
A15_227930,1487.046911,23.6531,Nematoda,Animalia,composite,Platinum,Platinum,Unidentified,,,False,True,True,False,True,False,False,False,False,False,False,False,False,False,False,False,False,False,False,False,False,False,True,False,True
A15_228069,1463.05069,23.7308,Nematoda,Animalia,composite,Platinum,Platinum,Unidentified,,,False,True,True,False,True,False,False,False,False,False,False,False,False,False,False,False,False,False,False,False,False,False,True,False,True
A15_228230,1490.069631,23.8069,Nematoda,Animalia,composite,Platinum,Platinum,Unidentified,,,False,True,True,False,True,False,False,False,False,False,False,False,False,False,False,False,False,False,False,False,False,False,True,False,True
A15_228282,1451.058139,23.8251,Nematoda,Animalia,composite,Platinum,Platinum,Unidentified,,,False,True,True,False,True,False,False,False,False,False,False,False,False,False,False,False,False,False,False,False,False,False,True,False,True
A15_228612,1491.074431,24.0472,Nematoda,Animalia,composite,Platinum,Platinum,Unidentified,,,False,True,True,False,True,False,False,False,False,False,False,False,False,False,False,False,False,False,False,False,False,False,True,False,True
A15_228770,917.756378,24.0773,Nematoda,Animalia,composite,Platinum,Platinum,Unidentified,,,False,True,False,False,True,False,False,False,False,False,False,False,False,False,False,False,False,False,False,False,False,False,True,False,True
A15_228889,1465.0625,24.212,Nematoda,Animalia,composite,Platinum,Platinum,Unidentified,,,False,True,True,False,True,False,False,False,False,False,False,False,False,False,False,False,False,False,False,False,False,False,True,False,True
A15_228935,969.863139,24.2114,Nematoda,Animalia,composite,Platinum,Platinum,Unidentified,,,False,True,True,False,True,False,False,False,False,False,False,False,False,False,False,False,False,False,False,False,False,False,True,False,True
A15_228970,1010.912538,24.2562,Nematoda,Animalia,composite,Platinum,Platinum,Unidentified,,,False,True,True,False,True,False,False,False,False,False,False,False,False,False,False,False,False,False,False,False,False,False,True,False,True
A15_229073,1491.075075,24.3275,Nematoda,Animalia,composite,Platinum,Platinum,Unidentified,,,False,True,True,False,True,False,False,False,False,False,False,False,False,False,False,False,False,False,False,False,False,False,True,False,True
A15_230031,908.809153,24.9564,Nematoda,Animalia,composite,Platinum,Platinum,Unidentified,,,False,True,True,False,True,False,False,False,False,False,False,False,False,False,False,False,False,False,False,False,False,False,True,False,True
A15_23736,627.423611,3.2787,Streptophyta,Viridiplantae,indval_consensus,IndVal,CrossBatch_Consensus,Unidentified,,,False,True,True,False,True,False,False,False,False,False,False,False,False,False,False,False,False,False,False,False,False,False,True,False,True
A15_23740,906.583369,3.3598,Streptophyta,Viridiplantae,indval_consensus,IndVal,CrossBatch_Consensus,Unidentified,,,False,True,True,False,True,False,False,False,False,False,False,False,False,False,False,False,False,False,False,False,False,False,True,False,True
A15_238,446.310973,1.7,Streptophyta,Viridiplantae,indval_consensus,IndVal,CrossBatch_Consensus,Unidentified,,,False,True,False,False,True,False,False,False,False,False,False,False,False,False,False,False,False,False,False,False,False,False,True,False,True
A15_24686,698.432939,3.4997,Streptophyta,Viridiplantae,indval_consensus,IndVal,CrossBatch_Consensus,Unidentified,,,False,True,True,False,True,False,False,False,False,False,False,False,False,False,False,False,False,False,False,False,False,False,True,False,True
A15_24725,249.14814,3.3756,Streptophyta,Viridiplantae,indval_consensus,IndVal,CrossBatch_Consensus,Unidentified,,,False,True,False,False,True,False,False,False,False,False,False,False,False,False,False,False,False,False,False,False,False,False,True,False,True
A15_24820,672.444966,3.4793,Chlorophyta,Viridiplantae,composite,Platinum,Platinum,Unidentified,,,False,True,True,False,True,False,False,False,False,False,False,False,False,False,False,False,False,False,False,False,False,False,True,False,True
A15_24874,698.518842,3.2626,Streptophyta,Viridiplantae,indval_consensus,IndVal,CrossBatch_Consensus,Unidentified,,,False,True,True,False,True,False,False,False,False,False,False,False,False,False,False,False,False,False,False,False,False,False,True,False,True
A15_24891,407.277897,3.3889,Streptophyta,Viridiplantae,indval_consensus,IndVal,CrossBatch_Consensus,Unidentified,,,False,True,True,False,True,False,False,False,False,False,False,False,False,False,False,False,False,False,False,False,False,False,True,False,True
A15_25104,610.393597,3.5543,Streptophyta,Viridiplantae,indval_consensus,IndVal,CrossBatch_Consensus,Bronze,Phosphatidylcholine/Sphingomyelin,True,True,False,True,False,True,False,False,False,False,False,False,False,False,False,False,False,False,False,False,False,False,False,True,False,True
A15_25474,728.424898,3.6651,Streptophyta,Viridiplantae,indval_consensus,IndVal,CrossBatch_Consensus,Unidentified,Unknown,False,False,True,True,False,True,False,False,False,False,False,False,False,False,False,False,False,False,False,False,False,False,False,True,False,True
A15_25740,984.587659,3.5865,Streptophyta,Viridiplantae,indval_consensus,IndVal,CrossBatch_Consensus,Unidentified,,,False,True,True,False,True,False,False,False,False,False,False,False,False,False,False,False,False,False,False,False,False,False,True,False,True
A15_25789,609.269477,3.5158,Streptophyta,Viridiplantae,indval_consensus,IndVal,CrossBatch_Consensus,Unidentified,,,False,True,True,False,True,False,False,False,False,False,False,False,False,False,False,False,False,False,False,False,False,False,True,False,True
A15_26069,490.373665,3.6703,Streptophyta,Viridiplantae,indval_consensus,IndVal,CrossBatch_Consensus,Unidentified,,,False,True,True,False,True,False,False,False,False,False,False,False,False,False,False,False,False,False,False,False,False,False,True,False,True
A15_2607,397.199515,1.826,Streptophyta,Viridiplantae,indval_consensus,IndVal,CrossBatch_Consensus,Bronze,Glycerolipid (DG/TG),True,True,False,True,False,True,False,False,False,False,False,False,False,False,False,False,False,False,False,False,False,False,False,True,False,True
A15_26228,678.483074,3.5569,Chlorophyta,Viridiplantae,composite,Platinum,Platinum,Unidentified,,,False,True,True,False,True,False,False,False,False,False,False,False,False,False,False,False,False,False,False,False,False,False,True,False,True
A15_26723,986.604044,3.6792,Streptophyta,Viridiplantae,indval_consensus,IndVal,CrossBatch_Consensus,Unidentified,,,False,True,True,False,True,False,False,False,False,False,False,False,False,False,False,False,False,False,False,False,False,False,True,False,True
A15_2709,330.278783,1.7369,Streptophyta,Viridiplantae,indval_consensus,IndVal,CrossBatch_Consensus,Unidentified,,,False,True,True,False,True,False,False,False,False,False,False,False,False,False,False,False,False,False,False,False,False,False,True,False,True
A15_27147,595.254591,3.4612,Streptophyta,Viridiplantae,indval_consensus,IndVal,CrossBatch_Consensus,Unidentified,,,False,True,True,False,True,False,False,False,False,False,False,False,False,False,False,False,False,False,False,False,False,False,True,False,True
A15_27281,1021.762829,3.9228,Chlorophyta,Viridiplantae,composite,Platinum,Platinum,Unidentified,,,False,True,False,False,True,False,False,False,False,False,False,False,False,False,False,False,False,False,False,False,False,False,True,False,True
A15_27588,842.514276,3.7439,Streptophyta,Viridiplantae,indval_consensus,IndVal,CrossBatch_Consensus,Unidentified,,,False,True,True,False,True,False,False,False,False,False,False,False,False,False,False,False,False,False,False,False,False,False,True,False,True
A15_27750,449.303227,3.8434,Streptophyta,Viridiplantae,indval_consensus,IndVal,CrossBatch_Consensus,Unidentified,,,False,True,True,False,True,False,False,False,False,False,False,False,False,False,False,False,False,False,False,False,False,False,True,False,True
A15_27969,408.30973,3.6092,Streptophyta,Viridiplantae,indval_consensus,IndVal,CrossBatch_Consensus,Unidentified,,,False,True,False,False,True,False,False,False,False,False,False,False,False,False,False,False,False,False,False,False,False,False,True,False,True
A15_28128,686.44526,3.8008,Streptophyta,Viridiplantae,indval_consensus,IndVal,CrossBatch_Consensus,Unidentified,,,False,True,True,False,True,False,False,False,False,False,False,False,False,False,False,False,False,False,False,False,False,False,True,False,True
A15_28336,888.51325,3.6342,Streptophyta,Viridiplantae,indval_consensus,IndVal,CrossBatch_Consensus,Unidentified,,,False,True,True,False,True,False,False,False,False,False,False,False,False,False,False,False,False,False,False,False,False,False,True,False,True
A15_2835,413.15896,1.7969,Arthropoda,Animalia,composite,Platinum,Platinum,Unidentified,,,False,True,True,False,True,False,False,False,False,False,False,False,False,False,False,False,False,False,False,False,False,False,True,False,True
A15_28602,598.372535,3.872,Streptophyta,Viridiplantae,indval_consensus,IndVal,CrossBatch_Consensus,Unidentified,,,False,True,True,False,True,False,False,False,False,False,False,False,False,False,False,False,False,False,False,False,False,False,True,False,True
A15_29165,914.596632,3.8343,Chlorophyta,Viridiplantae,composite,Platinum,Platinum,Unidentified,,,False,True,True,False,True,False,False,False,False,False,False,False,False,False,False,False,False,False,False,False,False,False,True,False,True
A15_29681,698.483727,3.8954,Streptophyta,Viridiplantae,indval_consensus,IndVal,CrossBatch_Consensus,Unidentified,,,False,True,True,False,True,False,False,False,False,False,False,False,False,False,False,False,False,False,False,False,False,False,True,False,True
A15_29868,536.393064,3.7328,Streptophyta,Viridiplantae,indval_consensus,IndVal,CrossBatch_Consensus,Unidentified,,,False,True,True,False,True,False,False,False,False,False,False,False,False,False,False,False,False,False,False,False,False,False,True,False,True
A15_29928,649.448883,3.6749,Streptophyta,Viridiplantae,indval_consensus,IndVal,CrossBatch_Consensus,Bronze,Phosphatidylcholine/Sphingomyelin,True,True,False,False,False,True,False,False,False,False,False,False,False,False,False,False,False,False,False,False,False,False,False,True,False,True
A15_30170,607.254813,3.876,Streptophyta,Viridiplantae,indval_consensus,IndVal,CrossBatch_Consensus,Unidentified,,,False,True,True,False,True,False,False,False,False,False,False,False,False,False,False,False,False,False,False,False,False,False,True,False,True
A15_30221,1116.605452,4.1258,Arthropoda,Animalia,composite,Platinum,Platinum,Unidentified,,,False,True,True,False,True,False,False,False,False,False,False,False,False,False,False,False,False,False,False,False,False,False,True,False,True
A15_30235,473.325364,3.9063,Streptophyta,Viridiplantae,indval_consensus,IndVal,CrossBatch_Consensus,Unidentified,,,False,True,False,False,True,False,False,False,False,False,False,False,False,False,False,False,False,False,False,False,False,False,True,False,True
A15_30381,504.352121,4.2688,Streptophyta,Viridiplantae,indval_consensus,IndVal,CrossBatch_Consensus,Unidentified,,,False,True,True,False,True,False,False,False,False,False,False,False,False,False,False,False,False,False,False,False,False,False,True,False,True
A15_30460,1079.627762,3.9156,Mollusca,Animalia,composite,Platinum,Platinum,Unidentified,,,False,True,True,False,True,False,False,False,False,False,False,False,False,False,False,False,False,False,False,False,False,False,True,False,True
A15_30581,501.357763,3.9651,Streptophyta,Viridiplantae,indval_consensus,IndVal,CrossBatch_Consensus,Unidentified,,,False,True,True,False,True,False,False,False,False,False,False,False,False,False,False,False,False,False,False,False,False,False,True,False,True
A15_30672,758.46119,3.9377,Streptophyta,Viridiplantae,indval_consensus,IndVal,CrossBatch_Consensus,Unidentified,,,False,True,False,False,True,False,False,False,False,False,False,False,False,False,False,False,False,False,False,False,False,False,True,False,True
A15_30850,792.487686,4.0465,Chlorophyta,Viridiplantae,composite,Platinum,Platinum,Unidentified,,,False,True,True,False,True,False,False,False,False,False,False,False,False,False,False,False,False,False,False,False,False,False,True,False,True
A15_30935,403.282341,3.9191,Streptophyta,Viridiplantae,indval_consensus,IndVal,CrossBatch_Consensus,Unidentified,,,False,True,False,False,True,False,False,False,False,False,False,False,False,False,False,False,False,False,False,False,False,False,True,False,True
A15_31212,642.456637,4.0083,Streptophyta,Viridiplantae,indval_consensus,IndVal,CrossBatch_Consensus,Unidentified,Unknown,False,False,True,True,False,True,False,False,False,False,False,False,False,False,False,False,False,False,False,False,False,False,False,True,False,True
A15_31283,589.446339,3.8565,Streptophyta,Viridiplantae,indval_consensus,IndVal,CrossBatch_Consensus,Unidentified,,,False,True,False,False,True,False,False,False,False,False,False,False,False,False,False,False,False,False,False,False,False,False,True,False,True
A15_31488,485.323555,4.2064,Streptophyta,Viridiplantae,indval_consensus,IndVal,CrossBatch_Consensus,Unidentified,,,False,True,False,False,True,False,False,False,False,False,False,False,False,False,False,False,False,False,False,False,False,False,True,False,True
A15_31574,652.441537,3.9243,Streptophyta,Viridiplantae,indval_consensus,IndVal,CrossBatch_Consensus,Unidentified,,,False,True,False,False,True,False,False,False,False,False,False,False,False,False,False,False,False,False,False,False,False,False,True,False,True
A15_31647,1312.562686,4.1983,Arthropoda,Animalia,composite,Platinum,Platinum,Unidentified,,,False,True,False,False,True,False,False,False,False,False,False,False,False,False,False,False,False,False,False,False,False,False,True,False,True
A15_31668,638.424264,4.1273,Streptophyta,Viridiplantae,indval_consensus,IndVal,CrossBatch_Consensus,Unidentified,,,False,True,False,False,True,False,False,False,False,False,False,False,False,False,False,False,False,False,False,False,False,False,True,False,True
A15_31901,532.432128,3.978,Streptophyta,Viridiplantae,indval_consensus,IndVal,CrossBatch_Consensus,Unidentified,,,False,True,True,False,True,False,False,False,False,False,False,False,False,False,False,False,False,False,False,False,False,False,True,False,True
A15_31928,607.398735,3.9603,Streptophyta,Viridiplantae,indval_consensus,IndVal,CrossBatch_Consensus,Unidentified,,,False,True,False,False,True,False,False,False,False,False,False,False,False,False,False,False,False,False,False,False,False,False,True,False,True
A15_32070,1083.658043,4.0444,Mollusca,Animalia,composite,Platinum,Platinum,Unidentified,,,False,True,True,False,True,False,False,False,False,False,False,False,False,False,False,False,False,False,False,False,False,False,True,False,True
A15_32568,661.409679,4.2562,Streptophyta,Viridiplantae,indval_consensus,IndVal,CrossBatch_Consensus,Unidentified,,,False,True,True,False,True,False,False,False,False,False,False,False,False,False,False,False,False,False,False,False,False,False,True,False,True
A15_32588,1105.645448,4.0905,Mollusca,Animalia,composite,Platinum,Platinum,Unidentified,,,False,True,True,False,True,False,False,False,False,False,False,False,False,False,False,False,False,False,False,False,False,False,True,False,True
A15_32711,623.249468,4.3667,Streptophyta,Viridiplantae,indval_consensus,IndVal,CrossBatch_Consensus,Unidentified,,,False,True,True,False,True,False,False,False,False,False,False,False,False,False,False,False,False,False,False,False,False,False,True,False,True
A15_32723,628.441631,4.1425,Streptophyta,Viridiplantae,indval_consensus,IndVal,CrossBatch_Consensus,Unidentified,,,False,True,True,False,True,False,False,False,False,False,False,False,False,False,False,False,False,False,False,False,False,False,True,False,True
A15_32724,682.488348,3.9108,Streptophyta,Viridiplantae,indval_consensus,IndVal,CrossBatch_Consensus,Unidentified,,,False,True,True,False,True,False,False,False,False,False,False,False,False,False,False,False,False,False,False,False,False,False,True,False,True
A15_32770,483.365205,4.1033,Streptophyta,Viridiplantae,indval_consensus,IndVal,CrossBatch_Consensus,Unidentified,,,False,True,True,False,True,False,False,False,False,False,False,False,False,False,False,False,False,False,False,False,False,False,True,False,True
A15_33115,729.418774,4.2122,Streptophyta,Viridiplantae,indval_consensus,IndVal,CrossBatch_Consensus,Unidentified,,,False,True,True,False,True,False,False,False,False,False,False,False,False,False,False,False,False,False,False,False,False,False,True,False,True
A15_33208,638.424241,4.1644,Streptophyta,Viridiplantae,indval_consensus,IndVal,CrossBatch_Consensus,Unidentified,,,False,True,True,False,True,False,False,False,False,False,False,False,False,False,False,False,False,False,False,False,False,False,True,False,True
A15_33209,652.441592,4.3222,Streptophyta,Viridiplantae,indval_consensus,IndVal,CrossBatch_Consensus,Unidentified,,,False,True,True,False,True,False,False,False,False,False,False,False,False,False,False,False,False,False,False,False,False,False,True,False,True
A15_33316,623.249544,4.3834,Streptophyta,Viridiplantae,indval_consensus,IndVal,CrossBatch_Consensus,Bronze,Acylglycerol/Glycerophospholipid,True,True,False,True,False,True,False,False,False,False,False,False,False,False,False,False,False,False,False,False,False,False,False,True,False,True
A15_33323,1155.680464,4.1636,Mollusca,Animalia,composite,Platinum,Platinum,Unidentified,,,False,True,True,False,True,False,False,False,False,False,False,False,False,False,False,False,False,False,False,False,False,False,True,False,True
A15_33679,969.731461,4.3732,Streptophyta,Viridiplantae,indval_consensus,IndVal,CrossBatch_Consensus,Unidentified,,,False,True,True,False,True,False,False,False,False,False,False,False,False,False,False,False,False,False,False,False,False,False,True,False,True
A15_33949,609.269837,4.2846,Streptophyta,Viridiplantae,indval_consensus,IndVal,CrossBatch_Consensus,Bronze,Phosphatidylcholine/Sphingomyelin,True,True,False,True,False,True,False,False,False,False,False,False,False,False,False,False,False,False,False,False,False,False,False,True,False,True
A15_34071,608.258824,4.2889,Streptophyta,Viridiplantae,indval_consensus,IndVal,CrossBatch_Consensus,Unidentified,,,False,True,True,False,True,False,False,False,False,False,False,False,False,False,False,False,False,False,False,False,False,False,True,False,True
A15_34098,914.546705,4.4859,Streptophyta,Viridiplantae,indval_consensus,IndVal,CrossBatch_Consensus,Unidentified,,,False,True,True,False,True,False,False,False,False,False,False,False,False,False,False,False,False,False,False,False,False,False,True,False,True
A15_34102,629.236043,4.307,Streptophyta,Viridiplantae,indval_consensus,IndVal,CrossBatch_Consensus,Unidentified,,,False,True,True,False,True,False,False,False,False,False,False,False,False,False,False,False,False,False,False,False,False,False,True,False,True
A15_34619,662.461761,4.4156,Streptophyta,Viridiplantae,indval_consensus,IndVal,CrossBatch_Consensus,Unidentified,,,False,True,True,False,True,False,False,False,False,False,False,False,False,False,False,False,False,False,False,False,False,False,True,False,True
A15_34807,724.498955,4.3396,Streptophyta,Viridiplantae,indval_consensus,IndVal,CrossBatch_Consensus,Unidentified,,,False,True,True,False,True,False,False,False,False,False,False,False,False,False,False,False,False,False,False,False,False,False,True,False,True
A15_34836,607.254771,4.2031,Streptophyta,Viridiplantae,indval_consensus,IndVal,CrossBatch_Consensus,Bronze,Phosphatidylcholine/Sphingomyelin,True,True,False,True,False,True,False,False,False,False,False,False,False,False,False,False,False,False,False,False,False,False,False,True,False,True
A15_34931,475.381214,4.2424,Streptophyta,Viridiplantae,indval_consensus,IndVal,CrossBatch_Consensus,Bronze,Phosphatidylcholine/Sphingomyelin,True,True,False,False,False,True,False,False,False,False,False,False,False,False,False,False,False,False,False,False,False,False,False,True,False,True
A15_35055,627.463972,4.3124,Streptophyta,Viridiplantae,indval_consensus,IndVal,CrossBatch_Consensus,Bronze,Glycerolipid (DG/TG),True,True,False,True,False,True,False,False,False,False,False,False,False,False,False,False,False,False,False,False,False,False,False,True,False,True
A15_35076,737.465174,4.3347,Chlorophyta,Viridiplantae,composite,Platinum,Platinum,Unidentified,,,False,True,False,False,True,False,False,False,False,False,False,False,False,False,False,False,False,False,False,False,False,False,True,False,True
A15_35129,342.299532,4.3001,Streptophyta,Viridiplantae,indval_consensus,IndVal,CrossBatch_Consensus,Unidentified,,,False,True,True,False,True,False,False,False,False,False,False,False,False,False,False,False,False,False,False,False,False,False,True,False,True
A15_3522,669.310656,1.7321,Chlorophyta,Viridiplantae,composite,Platinum,Platinum,Unidentified,,,False,True,False,False,True,False,False,False,False,False,False,False,False,False,False,False,False,False,False,False,False,False,True,False,True
A15_35229,685.468119,4.3663,Streptophyta,Viridiplantae,indval_consensus,IndVal,CrossBatch_Consensus,Unidentified,,,False,True,False,False,True,False,False,False,False,False,False,False,False,False,False,False,False,False,False,False,False,False,True,False,True
A15_35447,483.364854,4.2969,Streptophyta,Viridiplantae,indval_consensus,IndVal,CrossBatch_Consensus,Unidentified,,,False,True,True,False,True,False,False,False,False,False,False,False,False,False,False,False,False,False,False,False,False,False,True,False,True
A15_35893,1217.533922,4.4496,Streptophyta,Viridiplantae,indval_consensus,IndVal,CrossBatch_Consensus,Bronze,Phosphatidylglycerol,True,True,False,True,False,True,False,False,False,False,False,False,False,False,False,False,False,False,False,False,False,False,False,True,False,True
A15_35995,686.445499,4.4384,Streptophyta,Viridiplantae,indval_consensus,IndVal,CrossBatch_Consensus,Bronze,Acylglycerol/Glycerophospholipid,True,True,False,True,False,True,False,False,False,False,False,False,False,False,False,False,False,False,False,False,False,False,False,True,False,True
A15_36182,487.354585,4.3219,Methanobacteriota,Archaea,indval_consensus,IndVal,CrossBatch_Consensus,Unidentified,,,False,True,True,False,True,False,False,False,False,False,False,False,False,False,False,False,False,False,False,False,False,False,True,False,True
A15_36191,956.56004,4.5678,Chlorophyta,Viridiplantae,composite,Platinum,Platinum,Unidentified,,,False,True,True,False,True,False,False,False,False,False,False,False,False,False,False,False,False,False,False,False,False,False,True,False,True
A15_36192,686.48428,4.4458,Streptophyta,Viridiplantae,indval_consensus,IndVal,CrossBatch_Consensus,Unidentified,,,False,True,True,False,True,False,False,False,False,False,False,False,False,False,False,False,False,False,False,False,False,False,True,False,True
A15_36789,419.351883,4.6202,Streptophyta,Viridiplantae,indval_consensus,IndVal,CrossBatch_Consensus,Unidentified,,,False,True,False,False,True,False,False,False,False,False,False,False,False,False,False,False,False,False,False,False,False,False,True,False,True
A15_36791,455.314181,4.5389,Streptophyta,Viridiplantae,indval_consensus,IndVal,CrossBatch_Consensus,Unidentified,,,False,True,True,False,True,False,False,False,False,False,False,False,False,False,False,False,False,False,False,False,False,False,True,False,True
A15_37103,405.262653,4.4061,Streptophyta,Viridiplantae,indval_consensus,IndVal,CrossBatch_Consensus,Unidentified,,,False,True,False,False,True,False,False,False,False,False,False,False,False,False,False,False,False,False,False,False,False,False,True,False,True
A15_3754,415.175026,1.775,Arthropoda,Animalia,composite,Platinum,Platinum,Unidentified,,,False,True,True,False,True,False,False,False,False,False,False,False,False,False,False,False,False,False,False,False,False,False,True,False,True
A15_37699,672.50404,4.6359,Streptophyta,Viridiplantae,indval_consensus,IndVal,CrossBatch_Consensus,Unidentified,,,False,True,True,False,True,False,False,False,False,False,False,False,False,False,False,False,False,False,False,False,False,False,True,False,True
A15_37722,344.352643,4.4946,Nematoda,Animalia,composite,Platinum,Diamond,Unidentified,,,False,True,True,False,True,False,False,False,False,False,False,False,False,False,False,False,False,False,False,False,False,False,True,False,True
A15_37828,796.51855,4.5637,Streptophyta,Viridiplantae,indval_consensus,IndVal,CrossBatch_Consensus,Unidentified,,,False,True,True,False,True,False,False,False,False,False,False,False,False,False,False,False,False,False,False,False,False,False,True,False,True
A15_37916,801.475151,4.5878,Streptophyta,Viridiplantae,indval_consensus,IndVal,CrossBatch_Consensus,Unidentified,,,False,True,True,False,True,False,False,False,False,False,False,False,False,False,False,False,False,False,False,False,False,False,True,False,True
A15_38009,706.489126,4.7026,Streptophyta,Viridiplantae,indval_consensus,IndVal,CrossBatch_Consensus,Unidentified,,,False,True,True,False,True,False,False,False,False,False,False,False,False,False,False,False,False,False,False,False,False,False,True,False,True
A15_38235,654.435453,4.5401,Streptophyta,Viridiplantae,indval_consensus,IndVal,CrossBatch_Consensus,Unidentified,,,False,True,False,False,True,False,False,False,False,False,False,False,False,False,False,False,False,False,False,False,False,False,True,False,True
A15_38315,732.444541,4.6107,Streptophyta,Viridiplantae,indval_consensus,IndVal,CrossBatch_Consensus,Unidentified,,,False,True,True,False,True,False,False,False,False,False,False,False,False,False,False,False,False,False,False,False,False,False,True,False,True
A15_38356,629.456995,4.7382,Streptophyta,Viridiplantae,indval_consensus,IndVal,CrossBatch_Consensus,Unidentified,,,False,True,False,False,True,False,False,False,False,False,False,False,False,False,False,False,False,False,False,False,False,False,True,False,True
A15_3851,399.215915,1.8778,Streptophyta,Viridiplantae,indval_consensus,IndVal,CrossBatch_Consensus,Unidentified,Unknown,False,False,True,True,False,True,False,False,False,False,False,False,False,False,False,False,False,False,False,False,False,False,False,True,False,True
A15_38554,880.508684,4.6154,Streptophyta,Viridiplantae,indval_consensus,IndVal,CrossBatch_Consensus,Unidentified,,,False,True,True,False,True,False,False,False,False,False,False,False,False,False,False,False,False,False,False,False,False,False,True,False,True
A15_38652,696.503908,4.5494,Streptophyta,Viridiplantae,indval_consensus,IndVal,CrossBatch_Consensus,Unidentified,,,False,True,True,False,True,False,False,False,False,False,False,False,False,False,False,False,False,False,False,False,False,False,True,False,True
A15_38737,586.431305,4.6319,Streptophyta,Viridiplantae,indval_consensus,IndVal,CrossBatch_Consensus,Unidentified,,,False,True,True,False,True,False,False,False,False,False,False,False,False,False,False,False,False,False,False,False,False,False,True,False,True
A15_38906,623.249083,4.7061,Streptophyta,Viridiplantae,indval_consensus,IndVal,CrossBatch_Consensus,Unidentified,,,False,True,True,False,True,False,False,False,False,False,False,False,False,False,False,False,False,False,False,False,False,False,True,False,True
A15_38935,549.339451,4.7637,Arthropoda,Animalia,composite,Platinum,Platinum,Unidentified,,,False,True,True,False,True,False,False,False,False,False,False,False,False,False,False,False,False,False,False,False,False,False,True,False,True
A15_39172,365.247864,4.6241,Chlorophyta,Viridiplantae,composite,Platinum,Platinum,Unidentified,,,False,True,False,False,True,False,False,False,False,False,False,False,False,False,False,False,False,False,False,False,False,False,True,False,True
A15_39268,838.527266,4.7085,Streptophyta,Viridiplantae,indval_consensus,IndVal,CrossBatch_Consensus,Unidentified,,,False,True,True,False,True,False,False,False,False,False,False,False,False,False,False,False,False,False,False,False,False,False,True,False,True
A15_39296,419.352108,4.6778,Streptophyta,Viridiplantae,indval_consensus,IndVal,CrossBatch_Consensus,Unidentified,,,False,True,False,False,True,False,False,False,False,False,False,False,False,False,False,False,False,False,False,False,False,False,True,False,True
A15_39306,607.255025,4.4993,Streptophyta,Viridiplantae,indval_consensus,IndVal,CrossBatch_Consensus,Unidentified,,,False,True,True,False,True,False,False,False,False,False,False,False,False,False,False,False,False,False,False,False,False,False,True,False,True
A15_39336,609.415745,4.6137,Streptophyta,Viridiplantae,indval_consensus,IndVal,CrossBatch_Consensus,Unidentified,,,False,True,True,False,True,False,False,False,False,False,False,False,False,False,False,False,False,False,False,False,False,False,True,False,True
A15_39507,455.314234,4.6126,Streptophyta,Viridiplantae,indval_consensus,IndVal,CrossBatch_Consensus,Unidentified,,,False,True,True,False,True,False,False,False,False,False,False,False,False,False,False,False,False,False,False,False,False,False,True,False,True
A15_39806,608.259265,4.5285,Streptophyta,Viridiplantae,indval_consensus,IndVal,CrossBatch_Consensus,Unidentified,,,False,True,True,False,True,False,False,False,False,False,False,False,False,False,False,False,False,False,False,False,False,False,True,False,True
A15_39859,342.299692,4.7828,Streptophyta,Viridiplantae,indval_consensus,IndVal,CrossBatch_Consensus,Unidentified,,,False,True,True,False,True,False,False,False,False,False,False,False,False,False,False,False,False,False,False,False,False,False,True,False,True
A15_39979,794.502483,4.7324,Streptophyta,Viridiplantae,indval_consensus,IndVal,CrossBatch_Consensus,Unidentified,,,False,True,True,False,True,False,False,False,False,False,False,False,False,False,False,False,False,False,False,False,False,False,True,False,True
A15_40156,817.470851,4.7738,Streptophyta,Viridiplantae,indval_consensus,IndVal,CrossBatch_Consensus,Unidentified,Unknown,False,False,True,True,False,True,False,False,False,False,False,False,False,False,False,False,False,False,False,False,False,False,False,True,False,True
A15_4061,670.453764,1.9577,Streptophyta,Viridiplantae,indval_consensus,IndVal,CrossBatch_Consensus,Unidentified,,,False,True,True,False,True,False,False,False,False,False,False,False,False,False,False,False,False,False,False,False,False,False,True,False,True
A15_40797,990.633057,4.6678,Streptophyta,Viridiplantae,indval_consensus,IndVal,CrossBatch_Consensus,Unidentified,,,False,True,True,False,True,False,False,False,False,False,False,False,False,False,False,False,False,False,False,False,False,False,True,False,True
A15_41425,667.416961,4.685,Streptophyta,Viridiplantae,indval_consensus,IndVal,CrossBatch_Consensus,Unidentified,,,False,True,False,False,True,False,False,False,False,False,False,False,False,False,False,False,False,False,False,False,False,False,True,False,True
A15_41459,732.444224,4.7698,Streptophyta,Viridiplantae,indval_consensus,IndVal,CrossBatch_Consensus,Unidentified,,,False,True,True,False,True,False,False,False,False,False,False,False,False,False,False,False,False,False,False,False,False,False,True,False,True
A15_41591,627.424026,4.7642,Streptophyta,Viridiplantae,indval_consensus,IndVal,CrossBatch_Consensus,Unidentified,,,False,True,True,False,True,False,False,False,False,False,False,False,False,False,False,False,False,False,False,False,False,False,True,False,True
A15_41745,674.462213,4.724,Streptophyta,Viridiplantae,indval_consensus,IndVal,CrossBatch_Consensus,Unidentified,,,False,True,True,False,True,False,False,False,False,False,False,False,False,False,False,False,False,False,False,False,False,False,True,False,True
A15_41901,506.309113,4.7716,Arthropoda,Animalia,composite,Platinum,Platinum,Unidentified,,,False,True,True,False,True,False,False,False,False,False,False,False,False,False,False,False,False,False,False,False,False,False,True,False,True
A15_42058,626.269199,4.5482,Streptophyta,Viridiplantae,indval_consensus,IndVal,CrossBatch_Consensus,Unidentified,,,False,True,True,False,True,False,False,False,False,False,False,False,False,False,False,False,False,False,False,False,False,False,True,False,True
A15_42272,991.560519,4.9942,Streptophyta,Viridiplantae,indval_consensus,IndVal,CrossBatch_Consensus,Unidentified,,,False,True,True,False,True,False,False,False,False,False,False,False,False,False,False,False,False,False,False,False,False,False,True,False,True
A15_42332,762.491134,4.7972,Streptophyta,Viridiplantae,indval_consensus,IndVal,CrossBatch_Consensus,Unidentified,,,False,True,False,False,True,False,False,False,False,False,False,False,False,False,False,False,False,False,False,False,False,False,True,False,True
A15_42342,630.458888,4.8404,Streptophyta,Viridiplantae,indval_consensus,IndVal,CrossBatch_Consensus,Unidentified,,,False,True,True,False,True,False,False,False,False,False,False,False,False,False,False,False,False,False,False,False,False,False,True,False,True
A15_42463,736.464555,4.8294,Chlorophyta,Viridiplantae,composite,Platinum,Diamond,Unidentified,,,False,True,True,False,True,False,False,False,False,False,False,False,False,False,False,False,False,False,False,False,False,False,True,False,True
A15_42698,479.297185,4.8465,Arthropoda,Animalia,composite,Platinum,Platinum,Unidentified,,,False,True,True,False,True,False,False,False,False,False,False,False,False,False,False,False,False,False,False,False,False,False,True,False,True
A15_42736,342.134704,4.8563,Nematoda,Animalia,composite,Platinum,Platinum,Unidentified,,,False,True,True,False,True,False,False,False,False,False,False,False,False,False,False,False,False,False,False,False,False,False,True,False,True
A15_42787,685.413693,4.9607,Streptophyta,Viridiplantae,indval_consensus,IndVal,CrossBatch_Consensus,Unidentified,Unknown,False,False,True,False,False,True,False,False,False,False,False,False,False,False,False,False,False,False,False,False,False,False,False,True,False,True
A15_4290,572.379176,1.8091,Streptophyta,Viridiplantae,indval_consensus,IndVal,CrossBatch_Consensus,Unidentified,,,False,True,False,False,True,False,False,False,False,False,False,False,False,False,False,False,False,False,False,False,False,False,True,False,True
A15_42924,597.39326,5.1182,Streptophyta,Viridiplantae,indval_consensus,IndVal,CrossBatch_Consensus,Bronze,Phosphatidylcholine/Sphingomyelin,True,True,False,True,False,True,False,False,False,False,False,False,False,False,False,False,False,False,False,False,False,False,False,True,False,True
A15_43212,794.502192,4.959,Streptophyta,Viridiplantae,indval_consensus,IndVal,CrossBatch_Consensus,Unidentified,,,False,True,True,False,True,False,False,False,False,False,False,False,False,False,False,False,False,False,False,False,False,False,True,False,True
A15_43417,615.440658,4.9326,Streptophyta,Viridiplantae,indval_consensus,IndVal,CrossBatch_Consensus,Unidentified,,,False,True,True,False,True,False,False,False,False,False,False,False,False,False,False,False,False,False,False,False,False,False,True,False,True
A15_43426,986.604172,5.0918,Streptophyta,Viridiplantae,indval_consensus,IndVal,CrossBatch_Consensus,Unidentified,,,False,True,True,False,True,False,False,False,False,False,False,False,False,False,False,False,False,False,False,False,False,False,True,False,True
A15_43696,598.396428,4.8522,Streptophyta,Viridiplantae,indval_consensus,IndVal,CrossBatch_Consensus,Unidentified,,,False,True,True,False,True,False,False,False,False,False,False,False,False,False,False,False,False,False,False,False,False,False,True,False,True
A15_43726,609.27068,5.0324,Streptophyta,Viridiplantae,indval_consensus,IndVal,CrossBatch_Consensus,Unidentified,,,False,True,True,False,True,False,False,False,False,False,False,False,False,False,False,False,False,False,False,False,False,False,True,False,True
A15_43880,991.559059,4.9644,Streptophyta,Viridiplantae,indval_consensus,IndVal,CrossBatch_Consensus,Unidentified,,,False,True,True,False,True,False,False,False,False,False,False,False,False,False,False,False,False,False,False,False,False,False,True,False,True
A15_44446,655.397075,5.1465,Streptophyta,Viridiplantae,indval_consensus,IndVal,CrossBatch_Consensus,Unidentified,,,False,True,False,False,True,False,False,False,False,False,False,False,False,False,False,False,False,False,False,False,False,False,True,False,True
A15_4447,457.220351,1.7147,Streptophyta,Viridiplantae,indval_consensus,IndVal,CrossBatch_Consensus,Unidentified,,,False,True,True,False,True,False,False,False,False,False,False,False,False,False,False,False,False,False,False,False,False,False,True,False,True
A15_44485,668.472999,5.1163,Streptophyta,Viridiplantae,indval_consensus,IndVal,CrossBatch_Consensus,Unidentified,,,False,True,True,False,True,False,False,False,False,False,False,False,False,False,False,False,False,False,False,False,False,False,True,False,True
A15_44706,838.520911,5.0315,Streptophyta,Viridiplantae,indval_consensus,IndVal,CrossBatch_Consensus,Unidentified,,,False,True,True,False,True,False,False,False,False,False,False,False,False,False,False,False,False,False,False,False,False,False,True,False,True
A15_44725,666.455784,5.1605,Streptophyta,Viridiplantae,indval_consensus,IndVal,CrossBatch_Consensus,Unidentified,,,False,True,True,False,True,False,False,False,False,False,False,False,False,False,False,False,False,False,False,False,False,False,True,False,True
A15_44903,752.226311,5.0062,Nematoda,Animalia,composite,Platinum,Platinum,Unidentified,,,False,True,True,False,True,False,False,False,False,False,False,False,False,False,False,False,False,False,False,False,False,False,True,False,True
A15_44904,1063.247286,5.0062,Nematoda,Animalia,composite,Platinum,Platinum,Unidentified,,,False,True,True,False,True,False,False,False,False,False,False,False,False,False,False,False,False,False,False,False,False,False,True,False,True
A15_44948,1047.273336,5.009,Nematoda,Animalia,composite,Platinum,Platinum,Unidentified,,,False,True,True,False,True,False,False,False,False,False,False,False,False,False,False,False,False,False,False,False,False,False,True,False,True
A15_44959,614.270096,5.0103,Nematoda,Animalia,composite,Platinum,Platinum,Unidentified,,,False,True,True,False,True,False,False,False,False,False,False,False,False,False,False,False,False,False,False,False,False,False,True,False,True
A15_45027,387.325678,4.9866,Arthropoda,Animalia,composite,Platinum,Platinum,Unidentified,,,False,True,True,False,True,False,False,False,False,False,False,False,False,False,False,False,False,False,False,False,False,False,True,False,True
A15_451,360.237575,1.7099,Streptophyta,Viridiplantae,indval_consensus,IndVal,CrossBatch_Consensus,Unidentified,,,False,True,False,False,True,False,False,False,False,False,False,False,False,False,False,False,False,False,False,False,False,False,True,False,True
A15_45208,555.421313,4.8239,Streptophyta,Viridiplantae,indval_consensus,IndVal,CrossBatch_Consensus,Unidentified,,,False,True,True,False,True,False,False,False,False,False,False,False,False,False,False,False,False,False,False,False,False,False,True,False,True
A15_45339,623.248818,5.054,Streptophyta,Viridiplantae,indval_consensus,IndVal,CrossBatch_Consensus,Unidentified,,,False,True,True,False,True,False,False,False,False,False,False,False,False,False,False,False,False,False,False,False,False,False,True,False,True
A15_45509,371.294599,5.0348,Arthropoda,Animalia,composite,Platinum,Platinum,Unidentified,,,False,True,False,False,True,False,False,False,False,False,False,False,False,False,False,False,False,False,False,False,False,False,True,False,True
A15_45545,826.520166,5.1589,Streptophyta,Viridiplantae,indval_consensus,IndVal,CrossBatch_Consensus,Unidentified,,,False,True,True,False,True,False,False,False,False,False,False,False,False,False,False,False,False,False,False,False,False,False,True,False,True
A15_4581,447.285498,2.0331,Streptophyta,Viridiplantae,indval_consensus,IndVal,CrossBatch_Consensus,Unidentified,,,False,True,True,False,True,False,False,False,False,False,False,False,False,False,False,False,False,False,False,False,False,False,True,False,True
A15_45964,986.604076,5.2956,Streptophyta,Viridiplantae,indval_consensus,IndVal,CrossBatch_Consensus,Unidentified,,,False,True,True,False,True,False,False,False,False,False,False,False,False,False,False,False,False,False,False,False,False,False,True,False,True
A15_46104,692.472786,5.27,Streptophyta,Viridiplantae,indval_consensus,IndVal,CrossBatch_Consensus,Unidentified,,,False,True,True,False,True,False,False,False,False,False,False,False,False,False,False,False,False,False,False,False,False,False,True,False,True
A15_46171,842.556833,5.2182,Streptophyta,Viridiplantae,indval_consensus,IndVal,CrossBatch_Consensus,Unidentified,,,False,True,False,False,True,False,False,False,False,False,False,False,False,False,False,False,False,False,False,False,False,False,True,False,True
A15_46365,644.472598,5.1722,Streptophyta,Viridiplantae,indval_consensus,IndVal,CrossBatch_Consensus,Unidentified,,,False,True,True,False,True,False,False,False,False,False,False,False,False,False,False,False,False,False,False,False,False,False,True,False,True
A15_46440,607.254319,5.3272,Streptophyta,Viridiplantae,indval_consensus,IndVal,CrossBatch_Consensus,Unidentified,,,False,True,True,False,True,False,False,False,False,False,False,False,False,False,False,False,False,False,False,False,False,False,True,False,True
A15_46457,637.264076,5.2651,Streptophyta,Viridiplantae,indval_consensus,IndVal,CrossBatch_Consensus,Unidentified,,,False,True,True,False,True,False,False,False,False,False,False,False,False,False,False,False,False,False,False,False,False,False,True,False,True
A15_46620,467.372237,5.2286,Streptophyta,Viridiplantae,indval_consensus,IndVal,CrossBatch_Consensus,Unidentified,,,False,True,True,False,True,False,False,False,False,False,False,False,False,False,False,False,False,False,False,False,False,False,True,False,True
A15_46643,615.440513,5.0078,Streptophyta,Viridiplantae,indval_consensus,IndVal,CrossBatch_Consensus,Unidentified,,,False,True,True,False,True,False,False,False,False,False,False,False,False,False,False,False,False,False,False,False,False,False,True,False,True
A15_46717,684.503738,5.3581,Streptophyta,Viridiplantae,indval_consensus,IndVal,CrossBatch_Consensus,Unidentified,,,False,True,True,False,True,False,False,False,False,False,False,False,False,False,False,False,False,False,False,False,False,False,True,False,True
A15_46798,458.371301,5.1269,Arthropoda,Animalia,composite,Platinum,Platinum,Unidentified,,,False,True,True,False,True,False,False,False,False,False,False,False,False,False,False,False,False,False,False,False,False,False,True,False,True
A15_46831,794.502362,5.0345,Streptophyta,Viridiplantae,indval_consensus,IndVal,CrossBatch_Consensus,Unidentified,,,False,True,True,False,True,False,False,False,False,False,False,False,False,False,False,False,False,False,False,False,False,False,True,False,True
A15_46838,1184.531754,5.2566,Streptophyta,Viridiplantae,indval_consensus,IndVal,CrossBatch_Consensus,Unidentified,,,False,True,True,False,True,False,False,False,False,False,False,False,False,False,False,False,False,False,False,False,False,False,True,False,True
A15_46908,799.460625,5.059,Streptophyta,Viridiplantae,indval_consensus,IndVal,CrossBatch_Consensus,Unidentified,,,False,True,True,False,True,False,False,False,False,False,False,False,False,False,False,False,False,False,False,False,False,False,True,False,True
A15_47133,615.257871,5.2255,Streptophyta,Viridiplantae,indval_consensus,IndVal,CrossBatch_Consensus,Unidentified,,,False,True,True,False,True,False,False,False,False,False,False,False,False,False,False,False,False,False,False,False,False,False,True,False,True
A15_47193,694.48805,5.2616,Streptophyta,Viridiplantae,indval_consensus,IndVal,CrossBatch_Consensus,Unidentified,,,False,True,True,False,True,False,False,False,False,False,False,False,False,False,False,False,False,False,False,False,False,False,True,False,True
A15_47196,988.615957,5.0243,Streptophyta,Viridiplantae,indval_consensus,IndVal,CrossBatch_Consensus,Unidentified,,,False,True,True,False,True,False,False,False,False,False,False,False,False,False,False,False,False,False,False,False,False,False,True,False,True
A15_47259,1185.544272,5.23,Streptophyta,Viridiplantae,indval_consensus,IndVal,CrossBatch_Consensus,Unidentified,,,False,True,True,False,True,False,False,False,False,False,False,False,False,False,False,False,False,False,False,False,False,False,True,False,True
A15_47445,1207.526063,5.2486,Streptophyta,Viridiplantae,indval_consensus,IndVal,CrossBatch_Consensus,Bronze,Phosphatidylcholine/Sphingomyelin,True,True,False,True,False,True,False,False,False,False,False,False,False,False,False,False,False,False,False,False,False,False,False,True,False,True
A15_47481,1778.815338,5.2577,Streptophyta,Viridiplantae,indval_consensus,IndVal,CrossBatch_Consensus,Unidentified,,,False,True,True,False,True,False,False,False,False,False,False,False,False,False,False,False,False,False,False,False,False,False,True,False,True
A15_47508,409.33073,5.2239,Streptophyta,Viridiplantae,indval_consensus,IndVal,CrossBatch_Consensus,Unidentified,,,False,True,True,False,True,False,False,False,False,False,False,False,False,False,False,False,False,False,False,False,False,False,True,False,True
A15_47520,593.276047,5.2345,Streptophyta,Viridiplantae,indval_consensus,IndVal,CrossBatch_Consensus,Unidentified,,,False,True,True,False,True,False,False,False,False,False,False,False,False,False,False,False,False,False,False,False,False,False,True,False,True
A15_47597,670.48847,5.2174,Streptophyta,Viridiplantae,indval_consensus,IndVal,CrossBatch_Consensus,Unidentified,Unknown,False,False,True,True,False,True,False,False,False,False,False,False,False,False,False,False,False,False,False,False,False,False,False,True,False,True
A15_47641,801.475213,5.3556,Streptophyta,Viridiplantae,indval_consensus,IndVal,CrossBatch_Consensus,Unidentified,,,False,True,True,False,True,False,False,False,False,False,False,False,False,False,False,False,False,False,False,False,False,False,True,False,True
A15_47642,802.48072,5.299,Streptophyta,Viridiplantae,indval_consensus,IndVal,CrossBatch_Consensus,Unidentified,,,False,True,True,False,True,False,False,False,False,False,False,False,False,False,False,False,False,False,False,False,False,False,True,False,True
A15_47643,803.492556,5.2268,Streptophyta,Viridiplantae,indval_consensus,IndVal,CrossBatch_Consensus,Unidentified,,,False,True,True,False,True,False,False,False,False,False,False,False,False,False,False,False,False,False,False,False,False,False,True,False,True
A15_47644,804.496627,5.2873,Streptophyta,Viridiplantae,indval_consensus,IndVal,CrossBatch_Consensus,Unidentified,Unknown,False,False,True,True,False,True,False,False,False,False,False,False,False,False,False,False,False,False,False,False,False,False,False,True,False,True
A15_47690,615.439621,5.4481,Streptophyta,Viridiplantae,indval_consensus,IndVal,CrossBatch_Consensus,Unidentified,,,False,True,True,False,True,False,False,False,False,False,False,False,False,False,False,False,False,False,False,False,False,False,True,False,True
A15_47833,671.491364,5.4059,Streptophyta,Viridiplantae,indval_consensus,IndVal,CrossBatch_Consensus,Unidentified,,,False,True,True,False,True,False,False,False,False,False,False,False,False,False,False,False,False,False,False,False,False,False,True,False,True
A15_48151,1183.52768,5.3014,Streptophyta,Viridiplantae,indval_consensus,IndVal,CrossBatch_Consensus,Unidentified,,,False,True,True,False,True,False,False,False,False,False,False,False,False,False,False,False,False,False,False,False,False,False,True,False,True
A15_48153,615.257938,5.2625,Streptophyta,Viridiplantae,indval_consensus,IndVal,CrossBatch_Consensus,Unidentified,,,False,True,True,False,True,False,False,False,False,False,False,False,False,False,False,False,False,False,False,False,False,False,True,False,True
A15_48171,592.265562,5.3198,Streptophyta,Viridiplantae,indval_consensus,IndVal,CrossBatch_Consensus,Unidentified,,,False,True,True,False,True,False,False,False,False,False,False,False,False,False,False,False,False,False,False,False,False,False,True,False,True
A15_48203,458.370827,5.25,Arthropoda,Animalia,composite,Platinum,Platinum,Unidentified,,,False,True,False,False,True,False,False,False,False,False,False,False,False,False,False,False,False,False,False,False,False,False,True,False,True
A15_48233,722.519805,5.0531,Streptophyta,Viridiplantae,indval_consensus,IndVal,CrossBatch_Consensus,Unidentified,,,False,True,True,False,True,False,False,False,False,False,False,False,False,False,False,False,False,False,False,False,False,False,True,False,True
A15_48388,706.48936,5.1937,Streptophyta,Viridiplantae,indval_consensus,IndVal,CrossBatch_Consensus,Unidentified,,,False,True,True,False,True,False,False,False,False,False,False,False,False,False,False,False,False,False,False,False,False,False,True,False,True
A15_48391,609.270599,5.1441,Streptophyta,Viridiplantae,indval_consensus,IndVal,CrossBatch_Consensus,Unidentified,,,False,True,True,False,True,False,False,False,False,False,False,False,False,False,False,False,False,False,False,False,False,False,True,False,True
A15_48404,591.260556,5.3324,Streptophyta,Viridiplantae,indval_consensus,IndVal,CrossBatch_Consensus,Unidentified,Unknown,False,False,True,True,False,True,False,False,False,False,False,False,False,False,False,False,False,False,False,False,False,False,False,True,False,True
A15_48465,475.340845,5.1716,Streptophyta,Viridiplantae,indval_consensus,IndVal,CrossBatch_Consensus,Unidentified,,,False,True,True,False,True,False,False,False,False,False,False,False,False,False,False,False,False,False,False,False,False,False,True,False,True
A15_48622,666.456983,5.3838,Streptophyta,Viridiplantae,indval_consensus,IndVal,CrossBatch_Consensus,Unidentified,,,False,True,True,False,True,False,False,False,False,False,False,False,False,False,False,False,False,False,False,False,False,False,True,False,True
A15_48662,607.254089,5.4135,Streptophyta,Viridiplantae,indval_consensus,IndVal,CrossBatch_Consensus,Unidentified,,,False,True,True,False,True,False,False,False,False,False,False,False,False,False,False,False,False,False,False,False,False,False,True,False,True
A15_48718,615.439643,5.4749,Streptophyta,Viridiplantae,indval_consensus,IndVal,CrossBatch_Consensus,Unidentified,,,False,True,True,False,True,False,False,False,False,False,False,False,False,False,False,False,False,False,False,False,False,False,True,False,True
A15_48745,616.442795,5.5173,Streptophyta,Viridiplantae,indval_consensus,IndVal,CrossBatch_Consensus,Unidentified,,,False,True,True,False,True,False,False,False,False,False,False,False,False,False,False,False,False,False,False,False,False,False,True,False,True
A15_48850,385.309964,5.4458,Arthropoda,Animalia,composite,Platinum,Platinum,Unidentified,,,False,True,True,False,True,False,False,False,False,False,False,False,False,False,False,False,False,False,False,False,False,False,True,False,True
A15_48888,1184.531348,5.3394,Streptophyta,Viridiplantae,indval_consensus,IndVal,CrossBatch_Consensus,Unidentified,,,False,True,True,False,True,False,False,False,False,False,False,False,False,False,False,False,False,False,False,False,False,False,True,False,True
A15_48899,752.493815,5.5352,Streptophyta,Viridiplantae,indval_consensus,IndVal,CrossBatch_Consensus,Bronze,Phosphatidylcholine/Sphingomyelin,True,True,False,True,False,True,False,False,False,False,False,False,False,False,False,False,False,False,False,False,False,False,False,True,False,True
A15_48974,945.517984,5.4832,Streptophyta,Viridiplantae,indval_consensus,IndVal,CrossBatch_Consensus,Unidentified,Unknown,False,False,True,True,False,True,False,False,False,False,False,False,False,False,False,False,False,False,False,False,False,False,False,True,False,True
A15_49026,740.531388,5.4884,Streptophyta,Viridiplantae,indval_consensus,IndVal,CrossBatch_Consensus,Unidentified,,,False,True,True,False,True,False,False,False,False,False,False,False,False,False,False,False,False,False,False,False,False,False,True,False,True
A15_49152,982.631532,5.3305,Streptophyta,Viridiplantae,indval_consensus,IndVal,CrossBatch_Consensus,Unidentified,,,False,True,True,False,True,False,False,False,False,False,False,False,False,False,False,False,False,False,False,False,False,False,True,False,True
A15_49218,942.578397,5.416,Streptophyta,Viridiplantae,indval_consensus,IndVal,CrossBatch_Consensus,Unidentified,,,False,True,True,False,True,False,False,False,False,False,False,False,False,False,False,False,False,False,False,False,False,False,True,False,True
A15_49230,660.432426,5.5681,Chlorophyta,Viridiplantae,composite,Platinum,Platinum,Unidentified,,,False,True,True,False,True,False,False,False,False,False,False,False,False,False,False,False,False,False,False,False,False,False,True,False,True
A15_49396,599.408775,5.3214,Streptophyta,Viridiplantae,indval_consensus,IndVal,CrossBatch_Consensus,Unidentified,,,False,True,True,False,True,False,False,False,False,False,False,False,False,False,False,False,False,False,False,False,False,False,True,False,True
A15_49540,565.351091,5.1662,Streptophyta,Viridiplantae,indval_consensus,IndVal,CrossBatch_Consensus,Unidentified,,,False,True,False,False,True,False,False,False,False,False,False,False,False,False,False,False,False,False,False,False,False,False,True,False,True
A15_49908,757.450163,5.7052,Streptophyta,Viridiplantae,indval_consensus,IndVal,CrossBatch_Consensus,Unidentified,Unknown,False,False,True,True,False,True,False,False,False,False,False,False,False,False,False,False,False,False,False,False,False,False,False,True,False,True
A15_50090,680.47368,5.5141,Streptophyta,Viridiplantae,indval_consensus,IndVal,CrossBatch_Consensus,Unidentified,,,False,True,True,False,True,False,False,False,False,False,False,False,False,False,False,False,False,False,False,False,False,False,True,False,True
A15_50207,607.253981,5.4648,Streptophyta,Viridiplantae,indval_consensus,IndVal,CrossBatch_Consensus,Unidentified,,,False,True,True,False,True,False,False,False,False,False,False,False,False,False,False,False,False,False,False,False,False,False,True,False,True
A15_50210,626.462285,5.2811,Streptophyta,Viridiplantae,indval_consensus,IndVal,CrossBatch_Consensus,Unidentified,,,False,True,True,False,True,False,False,False,False,False,False,False,False,False,False,False,False,False,False,False,False,False,True,False,True
A15_50244,710.519691,5.5271,Streptophyta,Viridiplantae,indval_consensus,IndVal,CrossBatch_Consensus,Unidentified,,,False,True,False,False,True,False,False,False,False,False,False,False,False,False,False,False,False,False,False,False,False,False,True,False,True
A15_50299,638.33718,5.294,Arthropoda,Animalia,composite,Platinum,Platinum,Unidentified,,,False,True,True,False,True,False,False,False,False,False,False,False,False,False,False,False,False,False,False,False,False,False,True,False,True
A15_50565,615.439945,5.6267,Streptophyta,Viridiplantae,indval_consensus,IndVal,CrossBatch_Consensus,Unidentified,,,False,True,True,False,True,False,False,False,False,False,False,False,False,False,False,False,False,False,False,False,False,False,True,False,True
A15_50583,576.199163,5.4626,Nematoda,Animalia,composite,Platinum,Platinum,Unidentified,,,False,True,True,False,True,False,False,False,False,False,False,False,False,False,False,False,False,False,False,False,False,False,True,False,True
A15_50689,1074.30766,5.473,Nematoda,Animalia,composite,Platinum,Platinum,Unidentified,,,False,True,True,False,True,False,False,False,False,False,False,False,False,False,False,False,False,False,False,False,False,False,True,False,True
A15_50809,576.180011,5.4828,Nematoda,Animalia,composite,Platinum,Platinum,Unidentified,,,False,True,True,False,True,False,False,False,False,False,False,False,False,False,False,False,False,False,False,False,False,False,True,False,True
A15_50811,431.314396,5.5199,Streptophyta,Viridiplantae,indval_consensus,IndVal,CrossBatch_Consensus,Unidentified,Unknown,False,False,True,False,False,True,False,False,False,False,False,False,False,False,False,False,False,False,False,False,False,False,False,True,False,True
A15_50815,614.462759,5.4257,Streptophyta,Viridiplantae,indval_consensus,IndVal,CrossBatch_Consensus,Unidentified,,,False,True,True,False,True,False,False,False,False,False,False,False,False,False,False,False,False,False,False,False,False,False,True,False,True
A15_5082,413.15904,1.8515,Arthropoda,Animalia,composite,Platinum,Platinum,Unidentified,,,False,True,True,False,True,False,False,False,False,False,False,False,False,False,False,False,False,False,False,False,False,False,True,False,True
A15_50847,602.233439,5.487,Nematoda,Animalia,composite,Platinum,Platinum,Unidentified,,,False,True,True,False,True,False,False,False,False,False,False,False,False,False,False,False,False,False,False,False,False,False,True,False,True
A15_50852,738.491905,5.5872,Streptophyta,Viridiplantae,indval_consensus,IndVal,CrossBatch_Consensus,Unidentified,,,False,True,True,False,True,False,False,False,False,False,False,False,False,False,False,False,False,False,False,False,False,False,True,False,True
A15_5098,303.195154,1.8403,Streptophyta,Viridiplantae,indval_consensus,IndVal,CrossBatch_Consensus,Unidentified,,,False,True,True,False,True,False,False,False,False,False,False,False,False,False,False,False,False,False,False,False,False,False,True,False,True
A15_51177,564.448173,5.776,Streptophyta,Viridiplantae,indval_consensus,IndVal,CrossBatch_Consensus,Unidentified,,,False,True,False,False,True,False,False,False,False,False,False,False,False,False,False,False,False,False,False,False,False,False,True,False,True
A15_51194,616.442804,5.7112,Streptophyta,Viridiplantae,indval_consensus,IndVal,CrossBatch_Consensus,Unidentified,Unknown,False,False,True,True,False,True,False,False,False,False,False,False,False,False,False,False,False,False,False,False,False,False,False,True,False,True
A15_51345,700.4992,5.5775,Streptophyta,Viridiplantae,indval_consensus,IndVal,CrossBatch_Consensus,Unidentified,,,False,True,True,False,True,False,False,False,False,False,False,False,False,False,False,False,False,False,False,False,False,False,True,False,True
A15_51421,1310.710976,5.4816,Streptophyta,Viridiplantae,indval_consensus,IndVal,CrossBatch_Consensus,Unidentified,,,False,True,True,False,True,False,False,False,False,False,False,False,False,False,False,False,False,False,False,False,False,False,True,False,True
A15_51705,842.556778,5.6398,Streptophyta,Viridiplantae,indval_consensus,IndVal,CrossBatch_Consensus,Unidentified,,,False,True,True,False,True,False,False,False,False,False,False,False,False,False,False,False,False,False,False,False,False,False,True,False,True
A15_51994,682.524416,5.7032,Streptophyta,Viridiplantae,indval_consensus,IndVal,CrossBatch_Consensus,Unidentified,,,False,True,True,False,True,False,False,False,False,False,False,False,False,False,False,False,False,False,False,False,False,False,True,False,True
A15_52231,592.263836,5.5866,Streptophyta,Viridiplantae,indval_consensus,IndVal,CrossBatch_Consensus,Unidentified,,,False,True,True,False,True,False,False,False,False,False,False,False,False,False,False,False,False,False,False,False,False,False,True,False,True
A15_52312,711.483942,5.585,Streptophyta,Viridiplantae,indval_consensus,IndVal,CrossBatch_Consensus,Unidentified,,,False,True,True,False,True,False,False,False,False,False,False,False,False,False,False,False,False,False,False,False,False,False,True,False,True
A15_52314,788.531385,5.5002,Streptophyta,Viridiplantae,indval_consensus,IndVal,CrossBatch_Consensus,Unidentified,,,False,True,True,False,True,False,False,False,False,False,False,False,False,False,False,False,False,False,False,False,False,False,True,False,True
A15_52385,591.26066,5.5474,Streptophyta,Viridiplantae,indval_consensus,IndVal,CrossBatch_Consensus,Unidentified,,,False,True,True,False,True,False,False,False,False,False,False,False,False,False,False,False,False,False,False,False,False,False,True,False,True
A15_52490,625.447854,5.6484,Streptophyta,Viridiplantae,indval_consensus,IndVal,CrossBatch_Consensus,Unidentified,Unknown,False,False,True,True,False,True,False,False,False,False,False,False,False,False,False,False,False,False,False,False,False,False,False,True,False,True
A15_52511,654.494308,5.8627,Streptophyta,Viridiplantae,indval_consensus,IndVal,CrossBatch_Consensus,Unidentified,,,False,True,True,False,True,False,False,False,False,False,False,False,False,False,False,False,False,False,False,False,False,False,True,False,True
A15_52580,612.429735,5.8287,Streptophyta,Viridiplantae,indval_consensus,IndVal,CrossBatch_Consensus,Unidentified,,,False,True,False,False,True,False,False,False,False,False,False,False,False,False,False,False,False,False,False,False,False,False,True,False,True
A15_52689,1407.459127,5.6585,Chlorophyta,Viridiplantae,composite,Platinum,Platinum,Unidentified,,,False,True,True,False,True,False,False,False,False,False,False,False,False,False,False,False,False,False,False,False,False,False,True,False,True
A15_52767,710.519566,5.5797,Streptophyta,Viridiplantae,indval_consensus,IndVal,CrossBatch_Consensus,Bronze,Phosphatidylethanolamine,True,True,False,True,False,True,False,False,False,False,False,False,False,False,False,False,False,False,False,False,False,False,False,True,False,True
A15_52823,639.402086,5.7359,Streptophyta,Viridiplantae,indval_consensus,IndVal,CrossBatch_Consensus,Bronze,Digalactolipid,True,True,False,True,False,True,False,False,False,False,False,False,False,False,False,False,False,False,False,False,False,False,False,True,False,True
A15_52968,630.458585,5.4976,Streptophyta,Viridiplantae,indval_consensus,IndVal,CrossBatch_Consensus,Unidentified,,,False,True,True,False,True,False,False,False,False,False,False,False,False,False,False,False,False,False,False,False,False,False,True,False,True
A15_52996,664.477668,5.6345,Streptophyta,Viridiplantae,indval_consensus,IndVal,CrossBatch_Consensus,Unidentified,,,False,True,True,False,True,False,False,False,False,False,False,False,False,False,False,False,False,False,False,False,False,False,True,False,True
A15_53041,752.493863,5.6427,Streptophyta,Viridiplantae,indval_consensus,IndVal,CrossBatch_Consensus,Unidentified,,,False,True,False,False,True,False,False,False,False,False,False,False,False,False,False,False,False,False,False,False,False,False,True,False,True
A15_53054,638.462442,5.6772,Streptophyta,Viridiplantae,indval_consensus,IndVal,CrossBatch_Consensus,Unidentified,Unknown,False,False,True,True,False,True,False,False,False,False,False,False,False,False,False,False,False,False,False,False,False,False,False,True,False,True
A15_53068,970.608983,5.9794,Streptophyta,Viridiplantae,indval_consensus,IndVal,CrossBatch_Consensus,Unidentified,,,False,True,True,False,True,False,False,False,False,False,False,False,False,False,False,False,False,False,False,False,False,False,True,False,True
A15_53069,991.560111,5.6497,Streptophyta,Viridiplantae,indval_consensus,IndVal,CrossBatch_Consensus,Unidentified,,,False,True,True,False,True,False,False,False,False,False,False,False,False,False,False,False,False,False,False,False,False,False,True,False,True
A15_53157,636.423042,5.6239,Streptophyta,Viridiplantae,indval_consensus,IndVal,CrossBatch_Consensus,Unidentified,,,False,True,True,False,True,False,False,False,False,False,False,False,False,False,False,False,False,False,False,False,False,False,True,False,True
A15_53177,607.254517,5.612,Streptophyta,Viridiplantae,indval_consensus,IndVal,CrossBatch_Consensus,Bronze,Phosphatidylglycerol,True,True,False,True,False,True,False,False,False,False,False,False,False,False,False,False,False,False,False,False,False,False,False,True,False,True
A15_53178,625.264607,5.5268,Streptophyta,Viridiplantae,indval_consensus,IndVal,CrossBatch_Consensus,Unidentified,Unknown,False,False,True,True,False,True,False,False,False,False,False,False,False,False,False,False,False,False,False,False,False,False,False,True,False,True
A15_53225,654.33418,5.5154,Arthropoda,Animalia,composite,Platinum,Platinum,Unidentified,,,False,True,True,False,True,False,False,False,False,False,False,False,False,False,False,False,False,False,False,False,False,False,True,False,True
A15_53346,589.245107,5.7622,Streptophyta,Viridiplantae,indval_consensus,IndVal,CrossBatch_Consensus,Bronze,Phosphatidylcholine/Sphingomyelin,True,True,False,True,False,True,False,False,False,False,False,False,False,False,False,False,False,False,False,False,False,False,False,True,False,True
A15_53652,670.417837,5.7525,Chlorophyta,Viridiplantae,composite,Platinum,Platinum,Unidentified,,,False,True,True,False,True,False,False,False,False,False,False,False,False,False,False,False,False,False,False,False,False,False,True,False,True
A15_53775,592.263833,5.6389,Streptophyta,Viridiplantae,indval_consensus,IndVal,CrossBatch_Consensus,Unidentified,,,False,True,True,False,True,False,False,False,False,False,False,False,False,False,False,False,False,False,False,False,False,False,True,False,True
A15_53841,609.270616,5.794,Streptophyta,Viridiplantae,indval_consensus,IndVal,CrossBatch_Consensus,Unidentified,,,False,True,True,False,True,False,False,False,False,False,False,False,False,False,False,False,False,False,False,False,False,False,True,False,True
A15_53958,1148.655601,6.0136,Streptophyta,Viridiplantae,indval_consensus,IndVal,CrossBatch_Consensus,Unidentified,,,False,True,True,False,True,False,False,False,False,False,False,False,False,False,False,False,False,False,False,False,False,False,True,False,True
A15_53986,413.362294,5.7433,Streptophyta,Viridiplantae,indval_consensus,IndVal,CrossBatch_Consensus,Unidentified,,,False,True,False,False,True,False,False,False,False,False,False,False,False,False,False,False,False,False,False,False,False,False,True,False,True
A15_54107,803.491695,5.9835,Streptophyta,Viridiplantae,indval_consensus,IndVal,CrossBatch_Consensus,Unidentified,,,False,True,True,False,True,False,False,False,False,False,False,False,False,False,False,False,False,False,False,False,False,False,True,False,True
A15_54213,615.440401,5.7854,Streptophyta,Viridiplantae,indval_consensus,IndVal,CrossBatch_Consensus,Unidentified,,,False,True,True,False,True,False,False,False,False,False,False,False,False,False,False,False,False,False,False,False,False,False,True,False,True
A15_54232,591.260639,5.6159,Streptophyta,Viridiplantae,indval_consensus,IndVal,CrossBatch_Consensus,Unidentified,,,False,True,True,False,True,False,False,False,False,False,False,False,False,False,False,False,False,False,False,False,False,False,True,False,True
A15_54235,612.430183,5.8937,Streptophyta,Viridiplantae,indval_consensus,IndVal,CrossBatch_Consensus,Unidentified,,,False,True,False,False,True,False,False,False,False,False,False,False,False,False,False,False,False,False,False,False,False,False,True,False,True
A15_54487,514.30318,5.8002,Mollusca,Animalia,composite,Platinum,Platinum,Unidentified,,,False,True,True,False,True,False,False,False,False,False,False,False,False,False,False,False,False,False,False,False,False,False,True,False,True
A15_54512,666.457421,5.8706,Streptophyta,Viridiplantae,indval_consensus,IndVal,CrossBatch_Consensus,Unidentified,Unknown,False,False,True,False,False,True,False,False,False,False,False,False,False,False,False,False,False,False,False,False,False,False,False,True,False,True
A15_54580,784.471067,5.6848,Mucoromycota,Fungi,indval_consensus,IndVal,CrossBatch_Consensus,Unidentified,,,False,True,True,False,True,False,False,False,False,False,False,False,False,False,False,False,False,False,False,False,False,False,True,False,True
A15_54627,684.504459,5.8867,Streptophyta,Viridiplantae,indval_consensus,IndVal,CrossBatch_Consensus,Unidentified,,,False,True,True,False,True,False,False,False,False,False,False,False,False,False,False,False,False,False,False,False,False,False,True,False,True
A15_54647,760.500421,5.8047,Chlorophyta,Viridiplantae,composite,Platinum,Diamond,Unidentified,,,False,True,True,False,True,False,False,False,False,False,False,False,False,False,False,False,False,False,False,False,False,False,True,False,True
A15_54676,412.341397,5.7349,Streptophyta,Viridiplantae,indval_consensus,IndVal,CrossBatch_Consensus,Unidentified,,,False,True,False,False,True,False,False,False,False,False,False,False,False,False,False,False,False,False,False,False,False,False,True,False,True
A15_54708,991.559997,5.6818,Streptophyta,Viridiplantae,indval_consensus,IndVal,CrossBatch_Consensus,Unidentified,,,False,True,True,False,True,False,False,False,False,False,False,False,False,False,False,False,False,False,False,False,False,False,True,False,True
A15_54753,794.504488,5.8685,Streptophyta,Viridiplantae,indval_consensus,IndVal,CrossBatch_Consensus,Unidentified,,,False,True,True,False,True,False,False,False,False,False,False,False,False,False,False,False,False,False,False,False,False,False,True,False,True
A15_5477,386.208534,1.9527,Arthropoda,Animalia,composite,Platinum,Platinum,Unidentified,,,False,True,True,False,True,False,False,False,False,False,False,False,False,False,False,False,False,False,False,False,False,False,True,False,True
A15_548,607.380262,1.7282,Streptophyta,Viridiplantae,indval_consensus,IndVal,CrossBatch_Consensus,Unidentified,,,False,True,False,False,True,False,False,False,False,False,False,False,False,False,False,False,False,False,False,False,False,False,True,False,True
A15_54858,692.473049,5.8199,Streptophyta,Viridiplantae,indval_consensus,IndVal,CrossBatch_Consensus,Unidentified,,,False,True,True,False,True,False,False,False,False,False,False,False,False,False,False,False,False,False,False,False,False,False,True,False,True
A15_54911,625.445906,5.8917,Streptophyta,Viridiplantae,indval_consensus,IndVal,CrossBatch_Consensus,Bronze,Acylglycerol/Glycerophospholipid,True,True,False,True,False,True,False,False,False,False,False,False,False,False,False,False,False,False,False,False,False,False,False,True,False,True
A15_54965,757.45031,5.8453,Streptophyta,Viridiplantae,indval_consensus,IndVal,CrossBatch_Consensus,Unidentified,,,False,True,False,False,True,False,False,False,False,False,False,False,False,False,False,False,False,False,False,False,False,False,True,False,True
A15_55011,645.473971,5.9205,Streptophyta,Viridiplantae,indval_consensus,IndVal,CrossBatch_Consensus,Unidentified,,,False,True,True,False,True,False,False,False,False,False,False,False,False,False,False,False,False,False,False,False,False,False,True,False,True
A15_55043,451.318811,5.8434,Ascomycota,Fungi,indval_consensus,IndVal,CrossBatch_Consensus,Unidentified,,,False,True,True,False,True,False,False,False,False,False,False,False,False,False,False,False,False,False,False,False,False,False,True,False,True
A15_55095,694.48845,5.7464,Streptophyta,Viridiplantae,indval_consensus,IndVal,CrossBatch_Consensus,Unidentified,,,False,True,True,False,True,False,False,False,False,False,False,False,False,False,False,False,False,False,False,False,False,False,True,False,True
A15_55134,775.459651,5.8022,Streptophyta,Viridiplantae,indval_consensus,IndVal,CrossBatch_Consensus,Unidentified,,,False,True,True,False,True,False,False,False,False,False,False,False,False,False,False,False,False,False,False,False,False,False,True,False,True
A15_55215,622.430272,5.8067,Streptophyta,Viridiplantae,indval_consensus,IndVal,CrossBatch_Consensus,Unidentified,,,False,True,True,False,True,False,False,False,False,False,False,False,False,False,False,False,False,False,False,False,False,False,True,False,True
A15_55264,662.463657,6.0388,Streptophyta,Viridiplantae,indval_consensus,IndVal,CrossBatch_Consensus,Unidentified,,,False,True,True,False,True,False,False,False,False,False,False,False,False,False,False,False,False,False,False,False,False,False,True,False,True
A15_55301,962.604427,6.0848,Streptophyta,Viridiplantae,indval_consensus,IndVal,CrossBatch_Consensus,Unidentified,,,False,True,True,False,True,False,False,False,False,False,False,False,False,False,False,False,False,False,False,False,False,False,True,False,True
A15_55315,746.494483,5.8059,Streptophyta,Viridiplantae,indval_consensus,IndVal,CrossBatch_Consensus,Unidentified,,,False,True,False,False,True,False,False,False,False,False,False,False,False,False,False,False,False,False,False,False,False,False,True,False,True
A15_55328,644.473058,5.9733,Streptophyta,Viridiplantae,indval_consensus,IndVal,CrossBatch_Consensus,Bronze,Glycerolipid (DG/TG),True,True,False,True,False,True,False,False,False,False,False,False,False,False,False,False,False,False,False,False,False,False,False,True,False,True
A15_55616,648.48286,5.8697,Streptophyta,Viridiplantae,indval_consensus,IndVal,CrossBatch_Consensus,Unidentified,,,False,True,True,False,True,False,False,False,False,False,False,False,False,False,False,False,False,False,False,False,False,False,True,False,True
A15_55626,783.465073,6.0594,Streptophyta,Viridiplantae,indval_consensus,IndVal,CrossBatch_Consensus,Unidentified,Unknown,False,False,True,True,False,True,False,False,False,False,False,False,False,False,False,False,False,False,False,False,False,False,False,True,False,True
A15_55746,822.572566,5.9282,Streptophyta,Viridiplantae,indval_consensus,IndVal,CrossBatch_Consensus,Unidentified,Unknown,False,False,True,True,False,True,False,False,False,False,False,False,False,False,False,False,False,False,False,False,False,False,False,True,False,True
A15_55849,442.330674,6.0352,Basidiomycota,Fungi,indval_consensus,IndVal,CrossBatch_Consensus,Unidentified,,,False,True,False,False,True,False,False,False,False,False,False,False,False,False,False,False,False,False,False,False,False,False,True,False,True
A15_55945,609.27058,5.8842,Streptophyta,Viridiplantae,indval_consensus,IndVal,CrossBatch_Consensus,Unidentified,,,False,True,True,False,True,False,False,False,False,False,False,False,False,False,False,False,False,False,False,False,False,False,True,False,True
A15_56028,678.493698,5.9934,Streptophyta,Viridiplantae,indval_consensus,IndVal,CrossBatch_Consensus,Unidentified,Unknown,False,False,True,True,False,True,False,False,False,False,False,False,False,False,False,False,False,False,False,False,False,False,False,True,False,True
A15_56045,866.527273,6.1398,Streptophyta,Viridiplantae,indval_consensus,IndVal,CrossBatch_Consensus,Unidentified,,,False,True,True,False,True,False,False,False,False,False,False,False,False,False,False,False,False,False,False,False,False,False,True,False,True
A15_56119,1130.64472,6.0161,Streptophyta,Viridiplantae,indval_consensus,IndVal,CrossBatch_Consensus,Unidentified,,,False,True,True,False,True,False,False,False,False,False,False,False,False,False,False,False,False,False,False,False,False,False,True,False,True
A15_56177,455.169281,5.9737,Nematoda,Animalia,composite,Platinum,Platinum,Unidentified,,,False,True,True,False,True,False,False,False,False,False,False,False,False,False,False,False,False,False,False,False,False,False,True,False,True
A15_56281,722.459962,5.956,Streptophyta,Viridiplantae,indval_consensus,IndVal,CrossBatch_Consensus,Unidentified,,,False,True,True,False,True,False,False,False,False,False,False,False,False,False,False,False,False,False,False,False,False,False,True,False,True
A15_56284,984.645169,6.106,Streptophyta,Viridiplantae,indval_consensus,IndVal,CrossBatch_Consensus,Unidentified,,,False,True,True,False,True,False,False,False,False,False,False,False,False,False,False,False,False,False,False,False,False,False,True,False,True
A15_5633,399.21525,1.7051,Streptophyta,Viridiplantae,indval_consensus,IndVal,CrossBatch_Consensus,Unidentified,,,False,True,True,False,True,False,False,False,False,False,False,False,False,False,False,False,False,False,False,False,False,False,True,False,True
A15_56498,1185.544998,6.1418,Streptophyta,Viridiplantae,indval_consensus,IndVal,CrossBatch_Consensus,Unidentified,,,False,True,True,False,True,False,False,False,False,False,False,False,False,False,False,False,False,False,False,False,False,False,True,False,True
A15_56533,826.563258,6.1582,Streptophyta,Viridiplantae,indval_consensus,IndVal,CrossBatch_Consensus,Unidentified,,,False,True,False,False,True,False,False,False,False,False,False,False,False,False,False,False,False,False,False,False,False,False,True,False,True
A15_56537,1132.665466,5.9385,Streptophyta,Viridiplantae,indval_consensus,IndVal,CrossBatch_Consensus,Unidentified,,,False,True,True,False,True,False,False,False,False,False,False,False,False,False,False,False,False,False,False,False,False,False,True,False,True
A15_56539,1148.65575,6.0723,Streptophyta,Viridiplantae,indval_consensus,IndVal,CrossBatch_Consensus,Unidentified,,,False,True,True,False,True,False,False,False,False,False,False,False,False,False,False,False,False,False,False,False,False,False,True,False,True
A15_56612,696.504128,6.0098,Streptophyta,Viridiplantae,indval_consensus,IndVal,CrossBatch_Consensus,Unidentified,,,False,True,True,False,True,False,False,False,False,False,False,False,False,False,False,False,False,False,False,False,False,False,True,False,True
A15_5663,612.41058,2.0799,Streptophyta,Viridiplantae,indval_consensus,IndVal,CrossBatch_Consensus,Unidentified,,,False,True,True,False,True,False,False,False,False,False,False,False,False,False,False,False,False,False,False,False,False,False,True,False,True
A15_56708,638.462834,5.9167,Streptophyta,Viridiplantae,indval_consensus,IndVal,CrossBatch_Consensus,Unidentified,,,False,True,True,False,True,False,False,False,False,False,False,False,False,False,False,False,False,False,False,False,False,False,True,False,True
A15_56869,781.528497,6.1031,Streptophyta,Viridiplantae,indval_consensus,IndVal,CrossBatch_Consensus,Unidentified,,,False,True,True,False,True,False,False,False,False,False,False,False,False,False,False,False,False,False,False,False,False,False,True,False,True
A15_56910,650.462005,6.2128,Streptophyta,Viridiplantae,indval_consensus,IndVal,CrossBatch_Consensus,Bronze,Phosphatidylcholine/Sphingomyelin,True,True,False,True,False,True,False,False,False,False,False,False,False,False,False,False,False,False,False,False,False,False,False,True,False,True
A15_56999,784.556444,6.214,Streptophyta,Viridiplantae,indval_consensus,IndVal,CrossBatch_Consensus,Unidentified,,,False,True,True,False,True,False,False,False,False,False,False,False,False,False,False,False,False,False,False,False,False,False,True,False,True
A15_57050,960.587738,6.2653,Streptophyta,Viridiplantae,indval_consensus,IndVal,CrossBatch_Consensus,Unidentified,,,False,True,True,False,True,False,False,False,False,False,False,False,False,False,False,False,False,False,False,False,False,False,True,False,True
A15_57087,615.257108,6.2604,Streptophyta,Viridiplantae,indval_consensus,IndVal,CrossBatch_Consensus,Unidentified,,,False,True,True,False,True,False,False,False,False,False,False,False,False,False,False,False,False,False,False,False,False,False,True,False,True
A15_57088,593.275524,6.2565,Streptophyta,Viridiplantae,indval_consensus,IndVal,CrossBatch_Consensus,Unidentified,,,False,True,True,False,True,False,False,False,False,False,False,False,False,False,False,False,False,False,False,False,False,False,True,False,True
A15_57144,639.280855,6.1989,Streptophyta,Viridiplantae,indval_consensus,IndVal,CrossBatch_Consensus,Unidentified,,,False,True,True,False,True,False,False,False,False,False,False,False,False,False,False,False,False,False,False,False,False,False,True,False,True
A15_57214,757.450655,5.9193,Streptophyta,Viridiplantae,indval_consensus,IndVal,CrossBatch_Consensus,Unidentified,,,False,True,True,False,True,False,False,False,False,False,False,False,False,False,False,False,False,False,False,False,False,False,True,False,True
A15_57216,785.47964,6.1661,Streptophyta,Viridiplantae,indval_consensus,IndVal,CrossBatch_Consensus,Unidentified,Unknown,False,False,True,True,False,True,False,False,False,False,False,False,False,False,False,False,False,False,False,False,False,False,False,True,False,True
A15_57254,778.511197,6.0585,Streptophyta,Viridiplantae,indval_consensus,IndVal,CrossBatch_Consensus,Unidentified,Unknown,False,False,True,True,False,True,False,False,False,False,False,False,False,False,False,False,False,False,False,False,False,False,False,True,False,True
A15_57300,601.425994,6.1949,Streptophyta,Viridiplantae,indval_consensus,IndVal,CrossBatch_Consensus,Unidentified,,,False,True,True,False,True,False,False,False,False,False,False,False,False,False,False,False,False,False,False,False,False,False,True,False,True
A15_57314,786.48692,6.204,Streptophyta,Viridiplantae,indval_consensus,IndVal,CrossBatch_Consensus,Unidentified,,,False,True,True,False,True,False,False,False,False,False,False,False,False,False,False,False,False,False,False,False,False,False,True,False,True
A15_57375,780.523914,6.111,Streptophyta,Viridiplantae,indval_consensus,IndVal,CrossBatch_Consensus,Unidentified,Unknown,False,False,True,True,False,True,False,False,False,False,False,False,False,False,False,False,False,False,False,False,False,False,False,True,False,True
A15_5749,499.303681,1.9164,Streptophyta,Viridiplantae,indval_consensus,IndVal,CrossBatch_Consensus,Unidentified,,,False,True,False,False,True,False,False,False,False,False,False,False,False,False,False,False,False,False,False,False,False,False,True,False,True
A15_57537,607.254192,6.1781,Streptophyta,Viridiplantae,indval_consensus,IndVal,CrossBatch_Consensus,Unidentified,,,False,True,True,False,True,False,False,False,False,False,False,False,False,False,False,False,False,False,False,False,False,False,True,False,True
A15_57566,798.530937,6.2671,Streptophyta,Viridiplantae,indval_consensus,IndVal,CrossBatch_Consensus,Bronze,Phosphatidylcholine/Sphingomyelin,True,True,False,True,False,True,False,False,False,False,False,False,False,False,False,False,False,False,False,False,False,False,False,True,False,True
A15_57604,700.474314,5.8912,Chlorophyta,Viridiplantae,composite,Platinum,Diamond,Unidentified,,,False,True,True,False,True,False,False,False,False,False,False,False,False,False,False,False,False,False,False,False,False,False,True,False,True
A15_57648,453.356177,6.0467,Streptophyta,Viridiplantae,indval_consensus,IndVal,CrossBatch_Consensus,Unidentified,,,False,True,True,False,True,False,False,False,False,False,False,False,False,False,False,False,False,False,False,False,False,False,True,False,True
A15_57695,589.244984,5.9666,Streptophyta,Viridiplantae,indval_consensus,IndVal,CrossBatch_Consensus,Unidentified,,,False,True,True,False,True,False,False,False,False,False,False,False,False,False,False,False,False,False,False,False,False,False,True,False,True
A15_57696,609.270825,6.0622,Streptophyta,Viridiplantae,indval_consensus,IndVal,CrossBatch_Consensus,Unidentified,,,False,True,True,False,True,False,False,False,False,False,False,False,False,False,False,False,False,False,False,False,False,False,True,False,True
A15_57845,986.604647,6.1771,Streptophyta,Viridiplantae,indval_consensus,IndVal,CrossBatch_Consensus,Unidentified,,,False,True,True,False,True,False,False,False,False,False,False,False,False,False,False,False,False,False,False,False,False,False,True,False,True
A15_58116,591.259542,6.446,Streptophyta,Viridiplantae,indval_consensus,IndVal,CrossBatch_Consensus,Unidentified,Unknown,False,False,True,True,False,True,False,False,False,False,False,False,False,False,False,False,False,False,False,False,False,False,False,True,False,True
A15_58117,634.445784,6.2921,Streptophyta,Viridiplantae,indval_consensus,IndVal,CrossBatch_Consensus,Unidentified,,,False,True,False,False,True,False,False,False,False,False,False,False,False,False,False,False,False,False,False,False,False,False,True,False,True
A15_58140,592.264833,6.3889,Streptophyta,Viridiplantae,indval_consensus,IndVal,CrossBatch_Consensus,Unidentified,,,False,True,True,False,True,False,False,False,False,False,False,False,False,False,False,False,False,False,False,False,False,False,True,False,True
A15_58323,629.480366,6.1542,Streptophyta,Viridiplantae,indval_consensus,IndVal,CrossBatch_Consensus,Unidentified,,,False,True,True,False,True,False,False,False,False,False,False,False,False,False,False,False,False,False,False,False,False,False,True,False,True
A15_58407,784.47046,6.2477,Streptophyta,Viridiplantae,indval_consensus,IndVal,CrossBatch_Consensus,Unidentified,,,False,True,True,False,True,False,False,False,False,False,False,False,False,False,False,False,False,False,False,False,False,False,True,False,True
A15_58501,942.57746,6.1054,Streptophyta,Viridiplantae,indval_consensus,IndVal,CrossBatch_Consensus,Unidentified,,,False,True,True,False,True,False,False,False,False,False,False,False,False,False,False,False,False,False,False,False,False,False,True,False,True
A15_58582,672.504172,6.4406,Streptophyta,Viridiplantae,indval_consensus,IndVal,CrossBatch_Consensus,Unidentified,,,False,True,True,False,True,False,False,False,False,False,False,False,False,False,False,False,False,False,False,False,False,False,True,False,True
A15_58588,794.503943,6.1302,Streptophyta,Viridiplantae,indval_consensus,IndVal,CrossBatch_Consensus,Unidentified,,,False,True,True,False,True,False,False,False,False,False,False,False,False,False,False,False,False,False,False,False,False,False,True,False,True
A15_58655,686.531457,6.2,Streptophyta,Viridiplantae,indval_consensus,IndVal,CrossBatch_Consensus,Unidentified,Unknown,False,False,True,True,False,True,False,False,False,False,False,False,False,False,False,False,False,False,False,False,False,False,False,True,False,True
A15_58894,658.488135,6.329,Streptophyta,Viridiplantae,indval_consensus,IndVal,CrossBatch_Consensus,Unidentified,Unknown,False,False,True,True,False,True,False,False,False,False,False,False,False,False,False,False,False,False,False,False,False,False,False,True,False,True
A15_58895,734.520388,6.0757,Streptophyta,Viridiplantae,indval_consensus,IndVal,CrossBatch_Consensus,Bronze,Phosphatidylcholine/Sphingomyelin,True,True,False,True,False,True,False,False,False,False,False,False,False,False,False,False,False,False,False,False,False,False,False,True,False,True
A15_59060,591.259532,6.4705,Streptophyta,Viridiplantae,indval_consensus,IndVal,CrossBatch_Consensus,Unidentified,,,False,True,True,False,True,False,False,False,False,False,False,False,False,False,False,False,False,False,False,False,False,False,True,False,True
A15_59073,779.513531,6.3017,Streptophyta,Viridiplantae,indval_consensus,IndVal,CrossBatch_Consensus,Unidentified,Unknown,False,False,True,True,False,True,False,False,False,False,False,False,False,False,False,False,False,False,False,False,False,False,False,True,False,True
A15_59100,593.275456,6.3367,Streptophyta,Viridiplantae,indval_consensus,IndVal,CrossBatch_Consensus,Unidentified,,,False,True,True,False,True,False,False,False,False,False,False,False,False,False,False,False,False,False,False,False,False,False,True,False,True
A15_59128,778.51095,6.4182,Streptophyta,Viridiplantae,indval_consensus,IndVal,CrossBatch_Consensus,Unidentified,,,False,True,True,False,True,False,False,False,False,False,False,False,False,False,False,False,False,False,False,False,False,False,True,False,True
A15_59219,664.47867,6.4272,Streptophyta,Viridiplantae,indval_consensus,IndVal,CrossBatch_Consensus,Bronze,Glycerolipid (DG/TG),True,True,False,True,False,True,False,False,False,False,False,False,False,False,False,False,False,False,False,False,False,False,False,True,False,True
A15_59347,361.376658,6.2279,Nematoda,Animalia,composite,Platinum,Platinum,Unidentified,,,False,True,True,False,True,False,False,False,False,False,False,False,False,False,False,False,False,False,False,False,False,False,True,False,True
A15_59405,796.516994,6.2728,Streptophyta,Viridiplantae,indval_consensus,IndVal,CrossBatch_Consensus,Unidentified,,,False,True,True,False,True,False,False,False,False,False,False,False,False,False,False,False,False,False,False,False,False,False,True,False,True
A15_59411,727.475924,6.3475,Streptophyta,Viridiplantae,indval_consensus,IndVal,CrossBatch_Consensus,Unidentified,Unknown,False,False,True,False,False,True,False,False,False,False,False,False,False,False,False,False,False,False,False,False,False,False,False,True,False,True
A15_59545,565.42377,6.4629,Streptophyta,Viridiplantae,indval_consensus,IndVal,CrossBatch_Consensus,Unidentified,,,False,True,True,False,True,False,False,False,False,False,False,False,False,False,False,False,False,False,False,False,False,False,True,False,True
A15_59554,781.448052,6.3956,Chlorophyta,Viridiplantae,composite,Platinum,Diamond,Unidentified,,,False,True,True,False,True,False,False,False,False,False,False,False,False,False,False,False,False,False,False,False,False,False,True,False,True
A15_59672,695.358623,6.509,Arthropoda,Animalia,composite,Platinum,Platinum,Unidentified,,,False,True,True,False,True,False,False,False,False,False,False,False,False,False,False,False,False,False,False,False,False,False,True,False,True
A15_59693,655.497034,6.3724,Streptophyta,Viridiplantae,indval_consensus,IndVal,CrossBatch_Consensus,Bronze,Phosphatidylcholine/Sphingomyelin,True,True,False,True,False,True,False,False,False,False,False,False,False,False,False,False,False,False,False,False,False,False,False,True,False,True
A15_59717,776.495758,6.1546,Chlorophyta,Viridiplantae,composite,Platinum,Diamond,Unidentified,,,False,True,True,False,True,False,False,False,False,False,False,False,False,False,False,False,False,False,False,False,False,False,True,False,True
A15_59768,654.190132,6.3652,Streptophyta,Viridiplantae,indval_consensus,IndVal,CrossBatch_Consensus,Unidentified,,,False,True,True,False,True,False,False,False,False,False,False,False,False,False,False,False,False,False,False,False,False,False,True,False,True
A15_59777,718.524742,6.4452,Streptophyta,Viridiplantae,indval_consensus,IndVal,CrossBatch_Consensus,Unidentified,,,False,True,True,False,True,False,False,False,False,False,False,False,False,False,False,False,False,False,False,False,False,False,True,False,True
A15_59807,669.449201,6.1846,Streptophyta,Viridiplantae,indval_consensus,IndVal,CrossBatch_Consensus,Unidentified,,,False,True,True,False,True,False,False,False,False,False,False,False,False,False,False,False,False,False,False,False,False,False,True,False,True
A15_59816,940.56393,6.3138,Chlorophyta,Viridiplantae,composite,Platinum,Platinum,Unidentified,,,False,True,True,False,True,False,False,False,False,False,False,False,False,False,False,False,False,False,False,False,False,False,True,False,True
A15_60254,692.473475,6.3058,Streptophyta,Viridiplantae,indval_consensus,IndVal,CrossBatch_Consensus,Unidentified,,,False,True,True,False,True,False,False,False,False,False,False,False,False,False,False,False,False,False,False,False,False,False,True,False,True
A15_60395,672.503999,6.4945,Streptophyta,Viridiplantae,indval_consensus,IndVal,CrossBatch_Consensus,Unidentified,Unknown,False,False,True,True,False,True,False,False,False,False,False,False,False,False,False,False,False,False,False,False,False,False,False,True,False,True
A15_60674,656.47265,6.2233,Streptophyta,Viridiplantae,indval_consensus,IndVal,CrossBatch_Consensus,Unidentified,Unknown,False,False,True,True,False,True,False,False,False,False,False,False,False,False,False,False,False,False,False,False,False,False,False,True,False,True
A15_60743,592.264693,6.5194,Streptophyta,Viridiplantae,indval_consensus,IndVal,CrossBatch_Consensus,Unidentified,,,False,True,True,False,True,False,False,False,False,False,False,False,False,False,False,False,False,False,False,False,False,False,True,False,True
A15_60757,682.467248,6.3489,Streptophyta,Viridiplantae,indval_consensus,IndVal,CrossBatch_Consensus,Bronze,Acylglycerol/Glycerophospholipid,True,True,False,False,False,True,False,False,False,False,False,False,False,False,False,False,False,False,False,False,False,False,False,True,False,True
A15_60788,593.2755,6.3881,Streptophyta,Viridiplantae,indval_consensus,IndVal,CrossBatch_Consensus,Unidentified,,,False,True,True,False,True,False,False,False,False,False,False,False,False,False,False,False,False,False,False,False,False,False,True,False,True
A15_60870,591.259565,6.5296,Streptophyta,Viridiplantae,indval_consensus,IndVal,CrossBatch_Consensus,Unidentified,,,False,True,True,False,True,False,False,False,False,False,False,False,False,False,False,False,False,False,False,False,False,False,True,False,True
A15_60944,754.545418,6.5982,Streptophyta,Viridiplantae,indval_consensus,IndVal,CrossBatch_Consensus,Unidentified,,,False,True,True,False,True,False,False,False,False,False,False,False,False,False,False,False,False,False,False,False,False,False,True,False,True
A15_60989,622.468605,6.2933,Streptophyta,Viridiplantae,indval_consensus,IndVal,CrossBatch_Consensus,Unidentified,,,False,True,True,False,True,False,False,False,False,False,False,False,False,False,False,False,False,False,False,False,False,False,True,False,True
A15_61134,1007.532532,6.6228,Streptophyta,Viridiplantae,composite,Platinum,Platinum,Unidentified,,,False,True,False,False,True,False,False,False,False,False,False,False,False,False,False,False,False,False,False,False,False,False,True,False,True
A15_61140,975.563859,6.4606,Streptophyta,Viridiplantae,indval_consensus,IndVal,CrossBatch_Consensus,Unidentified,,,False,True,True,False,True,False,False,False,False,False,False,False,False,False,False,False,False,False,False,False,False,False,True,False,True
A15_61160,960.58839,6.4552,Streptophyta,Viridiplantae,indval_consensus,IndVal,CrossBatch_Consensus,Unidentified,,,False,True,True,False,True,False,False,False,False,False,False,False,False,False,False,False,False,False,False,False,False,False,True,False,True
A15_61232,654.190024,6.4364,Streptophyta,Viridiplantae,indval_consensus,IndVal,CrossBatch_Consensus,Unidentified,,,False,True,True,False,True,False,False,False,False,False,False,False,False,False,False,False,False,False,False,False,False,False,True,False,True
A15_61355,780.524314,6.5588,Streptophyta,Viridiplantae,indval_consensus,IndVal,CrossBatch_Consensus,Unidentified,,,False,True,True,False,True,False,False,False,False,False,False,False,False,False,False,False,False,False,False,False,False,False,True,False,True
A15_61667,970.610978,6.5862,Streptophyta,Viridiplantae,indval_consensus,IndVal,CrossBatch_Consensus,Unidentified,,,False,True,True,False,True,False,False,False,False,False,False,False,False,False,False,False,False,False,False,False,False,False,True,False,True
A15_61858,489.356133,6.5202,Streptophyta,Viridiplantae,indval_consensus,IndVal,CrossBatch_Consensus,Unidentified,,,False,True,True,False,True,False,False,False,False,False,False,False,False,False,False,False,False,False,False,False,False,False,True,False,True
A15_61876,1007.532521,6.6388,Streptophyta,Viridiplantae,composite,Platinum,Platinum,Unidentified,,,False,True,False,False,True,False,False,False,False,False,False,False,False,False,False,False,False,False,False,False,False,False,True,False,True
A15_61890,754.508722,6.7623,Streptophyta,Viridiplantae,indval_consensus,IndVal,CrossBatch_Consensus,Unidentified,,,False,True,True,False,True,False,False,False,False,False,False,False,False,False,False,False,False,False,False,False,False,False,True,False,True
A15_61993,781.447984,6.499,Chlorophyta,Viridiplantae,composite,Platinum,Diamond,Unidentified,,,False,True,True,False,True,False,False,False,False,False,False,False,False,False,False,False,False,False,False,False,False,False,True,False,True
A15_62140,975.563832,6.5524,Streptophyta,Viridiplantae,indval_consensus,IndVal,CrossBatch_Consensus,Unidentified,Unknown,False,False,True,True,False,True,False,False,False,False,False,False,False,False,False,False,False,False,False,False,False,False,False,True,False,True
A15_622,434.274775,1.6491,Streptophyta,Viridiplantae,indval_consensus,IndVal,CrossBatch_Consensus,Unidentified,,,False,True,False,False,True,False,False,False,False,False,False,False,False,False,False,False,False,False,False,False,False,False,True,False,True
A15_6222,459.235875,1.8776,Streptophyta,Viridiplantae,indval_consensus,IndVal,CrossBatch_Consensus,Unidentified,,,False,True,False,False,True,False,False,False,False,False,False,False,False,False,False,False,False,False,False,False,False,False,True,False,True
A15_62528,778.510769,6.4966,Streptophyta,Viridiplantae,indval_consensus,IndVal,CrossBatch_Consensus,Unidentified,,,False,True,True,False,True,False,False,False,False,False,False,False,False,False,False,False,False,False,False,False,False,False,True,False,True
A15_62556,415.299415,6.4198,Streptophyta,Viridiplantae,indval_consensus,IndVal,CrossBatch_Consensus,Unidentified,,,False,True,False,False,True,False,False,False,False,False,False,False,False,False,False,False,False,False,False,False,False,False,True,False,True
A15_62645,535.270329,6.6499,Streptophyta,Viridiplantae,indval_consensus,IndVal,CrossBatch_Consensus,Unidentified,,,False,True,True,False,True,False,False,False,False,False,False,False,False,False,False,False,False,False,False,False,False,False,True,False,True
A15_62820,783.464997,6.5255,Streptophyta,Viridiplantae,indval_consensus,IndVal,CrossBatch_Consensus,Unidentified,,,False,True,True,False,True,False,False,False,False,False,False,False,False,False,False,False,False,False,False,False,False,False,True,False,True
A15_62833,973.547881,6.7636,Streptophyta,Viridiplantae,indval_consensus,IndVal,CrossBatch_Consensus,Unidentified,,,False,True,True,False,True,False,False,False,False,False,False,False,False,False,False,False,False,False,False,False,False,False,True,False,True
A15_62878,684.503984,6.6011,Streptophyta,Viridiplantae,indval_consensus,IndVal,CrossBatch_Consensus,Unidentified,,,False,True,True,False,True,False,False,False,False,False,False,False,False,False,False,False,False,False,False,False,False,False,True,False,True
A15_62881,759.465344,6.8075,Streptophyta,Viridiplantae,indval_consensus,IndVal,CrossBatch_Consensus,Bronze,Sphingolipid,True,True,False,True,False,True,False,False,False,False,False,False,False,False,False,False,False,False,False,False,False,False,False,True,False,True
A15_62964,796.517809,6.5791,Streptophyta,Viridiplantae,indval_consensus,IndVal,CrossBatch_Consensus,Unidentified,,,False,True,True,False,True,False,False,False,False,False,False,False,False,False,False,False,False,False,False,False,False,False,True,False,True
A15_62969,593.275466,6.4237,Streptophyta,Viridiplantae,indval_consensus,IndVal,CrossBatch_Consensus,Unidentified,,,False,True,True,False,True,False,False,False,False,False,False,False,False,False,False,False,False,False,False,False,False,False,True,False,True
A15_62993,784.471437,6.4454,Streptophyta,Viridiplantae,indval_consensus,IndVal,CrossBatch_Consensus,Unidentified,,,False,True,True,False,True,False,False,False,False,False,False,False,False,False,False,False,False,False,False,False,False,False,True,False,True
A15_63040,968.593496,6.7247,Streptophyta,Viridiplantae,indval_consensus,IndVal,CrossBatch_Consensus,Unidentified,,,False,True,True,False,True,False,False,False,False,False,False,False,False,False,False,False,False,False,False,False,False,False,True,False,True
A15_63312,670.489448,6.4747,Streptophyta,Viridiplantae,indval_consensus,IndVal,CrossBatch_Consensus,Unidentified,,,False,True,True,False,True,False,False,False,False,False,False,False,False,False,False,False,False,False,False,False,False,False,True,False,True
A15_63449,824.547312,6.4497,Streptophyta,Viridiplantae,indval_consensus,IndVal,CrossBatch_Consensus,Bronze,Phosphatidylcholine/Sphingomyelin,True,True,False,True,False,True,False,False,False,False,False,False,False,False,False,False,False,False,False,False,False,False,False,True,False,True
A15_63502,513.400088,6.5695,Arthropoda,Animalia,composite,Platinum,Platinum,Unidentified,,,False,True,True,False,True,False,False,False,False,False,False,False,False,False,False,False,False,False,False,False,False,False,True,False,True
A15_63530,373.309589,6.5851,Arthropoda,Animalia,composite,Platinum,Platinum,Unidentified,,,False,True,True,False,True,False,False,False,False,False,False,False,False,False,False,False,False,False,False,False,False,False,True,False,True
A15_63572,734.520311,6.557,Streptophyta,Viridiplantae,indval_consensus,IndVal,CrossBatch_Consensus,Unidentified,Unknown,False,False,True,True,False,True,False,False,False,False,False,False,False,False,False,False,False,False,False,False,False,False,False,True,False,True
A15_63788,796.517362,6.5971,Streptophyta,Viridiplantae,indval_consensus,IndVal,CrossBatch_Consensus,Unidentified,,,False,True,True,False,True,False,False,False,False,False,False,False,False,False,False,False,False,False,False,False,False,False,True,False,True
A15_63856,756.506157,6.4825,Streptophyta,Viridiplantae,indval_consensus,IndVal,CrossBatch_Consensus,Unidentified,,,False,True,True,False,True,False,False,False,False,False,False,False,False,False,False,False,False,False,False,False,False,False,True,False,True
A15_63879,975.56376,6.5865,Streptophyta,Viridiplantae,indval_consensus,IndVal,CrossBatch_Consensus,Unidentified,,,False,True,True,False,True,False,False,False,False,False,False,False,False,False,False,False,False,False,False,False,False,False,True,False,True
A15_63972,970.609954,6.7039,Streptophyta,Viridiplantae,indval_consensus,IndVal,CrossBatch_Consensus,Unidentified,,,False,True,True,False,True,False,False,False,False,False,False,False,False,False,False,False,False,False,False,False,False,False,True,False,True
A15_63991,778.510384,6.5568,Streptophyta,Viridiplantae,indval_consensus,IndVal,CrossBatch_Consensus,Unidentified,Unknown,False,False,True,True,False,True,False,False,False,False,False,False,False,False,False,False,False,False,False,False,False,False,False,True,False,True
A15_64182,785.480209,6.6953,Streptophyta,Viridiplantae,indval_consensus,IndVal,CrossBatch_Consensus,Unidentified,,,False,True,True,False,True,False,False,False,False,False,False,False,False,False,False,False,False,False,False,False,False,False,True,False,True
A15_64484,533.254678,6.5658,Streptophyta,Viridiplantae,indval_consensus,IndVal,CrossBatch_Consensus,Unidentified,,,False,True,True,False,True,False,False,False,False,False,False,False,False,False,False,False,False,False,False,False,False,False,True,False,True
A15_64587,682.524107,6.5987,Streptophyta,Viridiplantae,indval_consensus,IndVal,CrossBatch_Consensus,Bronze,Phosphatidylcholine/Sphingomyelin,True,True,False,True,False,True,False,False,False,False,False,False,False,False,False,False,False,False,False,False,False,False,False,True,False,True
A15_64950,612.469672,6.7678,Streptophyta,Viridiplantae,indval_consensus,IndVal,CrossBatch_Consensus,Unidentified,,,False,True,True,False,True,False,False,False,False,False,False,False,False,False,False,False,False,False,False,False,False,False,True,False,True
A15_65490,543.40306,6.8462,Streptophyta,Viridiplantae,indval_consensus,IndVal,CrossBatch_Consensus,Unidentified,Unknown,False,False,True,False,False,True,False,False,False,False,False,False,False,False,False,False,False,False,False,False,False,False,False,True,False,True
A15_65576,919.483432,6.7944,Streptophyta,Viridiplantae,indval_consensus,IndVal,CrossBatch_Consensus,Unidentified,,,False,True,True,False,True,False,False,False,False,False,False,False,False,False,False,False,False,False,False,False,False,False,True,False,True
A15_65621,682.488868,6.7324,Streptophyta,Viridiplantae,indval_consensus,IndVal,CrossBatch_Consensus,Unidentified,Unknown,False,False,True,True,False,True,False,False,False,False,False,False,False,False,False,False,False,False,False,False,False,False,False,True,False,True
A15_65875,718.524425,6.7702,Streptophyta,Viridiplantae,indval_consensus,IndVal,CrossBatch_Consensus,Unidentified,,,False,True,True,False,True,False,False,False,False,False,False,False,False,False,False,False,False,False,False,False,False,False,True,False,True
A15_65883,973.549539,6.8507,Streptophyta,Viridiplantae,indval_consensus,IndVal,CrossBatch_Consensus,Unidentified,,,False,True,True,False,True,False,False,False,False,False,False,False,False,False,False,False,False,False,False,False,False,False,True,False,True
A15_65943,773.515755,6.7724,Streptophyta,Viridiplantae,indval_consensus,IndVal,CrossBatch_Consensus,Unidentified,,,False,True,True,False,True,False,False,False,False,False,False,False,False,False,False,False,False,False,False,False,False,False,True,False,True
A15_65987,968.594134,6.7951,Streptophyta,Viridiplantae,indval_consensus,IndVal,CrossBatch_Consensus,Unidentified,Unknown,False,False,True,True,False,True,False,False,False,False,False,False,False,False,False,False,False,False,False,False,False,False,False,True,False,True
A15_66026,779.547994,6.7112,Streptophyta,Viridiplantae,indval_consensus,IndVal,CrossBatch_Consensus,Unidentified,,,False,True,True,False,True,False,False,False,False,False,False,False,False,False,False,False,False,False,False,False,False,False,True,False,True
A15_66054,489.355676,6.7639,Basidiomycota,Fungi,indval_consensus,IndVal,CrossBatch_Consensus,Bronze,Phosphatidylcholine/Sphingomyelin,True,True,False,True,False,True,False,False,False,False,False,False,False,False,False,False,False,False,False,False,False,False,False,True,False,True
A15_66214,686.463548,6.582,Streptophyta,Viridiplantae,indval_consensus,IndVal,CrossBatch_Consensus,Unidentified,,,False,True,True,False,True,False,False,False,False,False,False,False,False,False,False,False,False,False,False,False,False,False,True,False,True
A15_66500,783.465609,6.8634,Streptophyta,Viridiplantae,indval_consensus,IndVal,CrossBatch_Consensus,Unidentified,Unknown,False,False,True,True,False,True,False,False,False,False,False,False,False,False,False,False,False,False,False,False,False,False,False,True,False,True
A15_66582,974.553739,6.8441,Streptophyta,Viridiplantae,indval_consensus,IndVal,CrossBatch_Consensus,Unidentified,,,False,True,True,False,True,False,False,False,False,False,False,False,False,False,False,False,False,False,False,False,False,False,True,False,True
A15_66591,784.512436,6.6684,Streptophyta,Viridiplantae,indval_consensus,IndVal,CrossBatch_Consensus,Unidentified,,,False,True,True,False,True,False,False,False,False,False,False,False,False,False,False,False,False,False,False,False,False,False,True,False,True
A15_66744,228.195621,6.8202,Streptophyta,Viridiplantae,indval_consensus,IndVal,CrossBatch_Consensus,Unidentified,,,False,True,True,False,True,False,False,False,False,False,False,False,False,False,False,False,False,False,False,False,False,False,True,False,True
A15_66971,779.515088,6.6188,Streptophyta,Viridiplantae,indval_consensus,IndVal,CrossBatch_Consensus,Bronze,Phosphatidylcholine/Sphingomyelin,True,True,False,False,False,True,False,False,False,False,False,False,False,False,False,False,False,False,False,False,False,False,False,True,False,True
A15_66984,664.479596,6.8992,Streptophyta,Viridiplantae,indval_consensus,IndVal,CrossBatch_Consensus,Unidentified,,,False,True,True,False,True,False,False,False,False,False,False,False,False,False,False,False,False,False,False,False,False,False,True,False,True
A15_67219,780.523467,6.7485,Streptophyta,Viridiplantae,indval_consensus,IndVal,CrossBatch_Consensus,Unidentified,,,False,True,True,False,True,False,False,False,False,False,False,False,False,False,False,False,False,False,False,False,False,False,True,False,True
A15_67331,780.523904,6.7094,Streptophyta,Viridiplantae,indval_consensus,IndVal,CrossBatch_Consensus,Unidentified,,,False,True,True,False,True,False,False,False,False,False,False,False,False,False,False,False,False,False,False,False,False,False,True,False,True
A15_67332,781.526494,6.8575,Streptophyta,Viridiplantae,indval_consensus,IndVal,CrossBatch_Consensus,Unidentified,Unknown,False,False,True,True,False,True,False,False,False,False,False,False,False,False,False,False,False,False,False,False,False,False,False,True,False,True
A15_67430,711.4218,6.9267,Streptophyta,Viridiplantae,indval_consensus,IndVal,CrossBatch_Consensus,Unidentified,,,False,True,False,False,True,False,False,False,False,False,False,False,False,False,False,False,False,False,False,False,False,False,True,False,True
A15_67777,969.597236,6.8358,Streptophyta,Viridiplantae,indval_consensus,IndVal,CrossBatch_Consensus,Unidentified,Unknown,False,False,True,True,False,True,False,False,False,False,False,False,False,False,False,False,False,False,False,False,False,False,False,True,False,True
A15_67885,968.593793,7.0532,Streptophyta,Viridiplantae,indval_consensus,IndVal,CrossBatch_Consensus,Unidentified,,,False,True,True,False,True,False,False,False,False,False,False,False,False,False,False,False,False,False,False,False,False,False,True,False,True
A15_68021,642.493722,6.9786,Streptophyta,Viridiplantae,indval_consensus,IndVal,CrossBatch_Consensus,Unidentified,,,False,True,True,False,True,False,False,False,False,False,False,False,False,False,False,False,False,False,False,False,False,False,True,False,True
A15_68103,593.275325,6.878,Streptophyta,Viridiplantae,indval_consensus,IndVal,CrossBatch_Consensus,Bronze,Acylglycerol/Glycerophospholipid,True,True,False,True,False,True,False,False,False,False,False,False,False,False,False,False,False,False,False,False,False,False,False,True,False,True
A15_68289,599.430282,6.8453,Streptophyta,Viridiplantae,indval_consensus,IndVal,CrossBatch_Consensus,Unidentified,,,False,True,False,False,True,False,False,False,False,False,False,False,False,False,False,False,False,False,False,False,False,False,True,False,True
A15_68571,674.519548,6.935,Streptophyta,Viridiplantae,indval_consensus,IndVal,CrossBatch_Consensus,Unidentified,,,False,True,True,False,True,False,False,False,False,False,False,False,False,False,False,False,False,False,False,False,False,False,True,False,True
A15_68733,973.54818,7.0025,Streptophyta,Viridiplantae,indval_consensus,IndVal,CrossBatch_Consensus,Unidentified,,,False,True,True,False,True,False,False,False,False,False,False,False,False,False,False,False,False,False,False,False,False,False,True,False,True
A15_68768,631.473257,6.8921,Streptophyta,Viridiplantae,indval_consensus,IndVal,CrossBatch_Consensus,Unidentified,,,False,True,False,False,True,False,False,False,False,False,False,False,False,False,False,False,False,False,False,False,False,False,True,False,True
A15_68957,696.504129,6.8062,Streptophyta,Viridiplantae,indval_consensus,IndVal,CrossBatch_Consensus,Unidentified,,,False,True,True,False,True,False,False,False,False,False,False,False,False,False,False,False,False,False,False,False,False,False,True,False,True
A15_69093,549.248941,6.8718,Streptophyta,Viridiplantae,indval_consensus,IndVal,CrossBatch_Consensus,Unidentified,,,False,True,True,False,True,False,False,False,False,False,False,False,False,False,False,False,False,False,False,False,False,False,True,False,True
A15_691,425.230421,1.7862,Streptophyta,Viridiplantae,indval_consensus,IndVal,CrossBatch_Consensus,Unidentified,,,False,True,False,False,True,False,False,False,False,False,False,False,False,False,False,False,False,False,False,False,False,False,True,False,True
A15_69117,607.254207,6.9857,Streptophyta,Viridiplantae,indval_consensus,IndVal,CrossBatch_Consensus,Unidentified,,,False,True,True,False,True,False,False,False,False,False,False,False,False,False,False,False,False,False,False,False,False,False,True,False,True
A15_69197,467.372458,6.8936,Streptophyta,Viridiplantae,indval_consensus,IndVal,CrossBatch_Consensus,Unidentified,,,False,True,True,False,True,False,False,False,False,False,False,False,False,False,False,False,False,False,False,False,False,False,True,False,True
A15_69273,625.445749,6.8299,Streptophyta,Viridiplantae,indval_consensus,IndVal,CrossBatch_Consensus,Unidentified,,,False,True,True,False,True,False,False,False,False,False,False,False,False,False,False,False,False,False,False,False,False,False,True,False,True
A15_69401,754.54567,6.8783,Streptophyta,Viridiplantae,indval_consensus,IndVal,CrossBatch_Consensus,Unidentified,,,False,True,True,False,True,False,False,False,False,False,False,False,False,False,False,False,False,False,False,False,False,False,True,False,True
A15_69519,975.563484,6.9516,Streptophyta,Viridiplantae,indval_consensus,IndVal,CrossBatch_Consensus,Unidentified,,,False,True,False,False,True,False,False,False,False,False,False,False,False,False,False,False,False,False,False,False,False,False,True,False,True
A15_69525,970.609381,7.0333,Streptophyta,Viridiplantae,indval_consensus,IndVal,CrossBatch_Consensus,Unidentified,Unknown,False,False,True,False,False,True,False,False,False,False,False,False,False,False,False,False,False,False,False,False,False,False,False,True,False,True
A15_69852,710.520462,6.7506,Streptophyta,Viridiplantae,indval_consensus,IndVal,CrossBatch_Consensus,Unidentified,,,False,True,True,False,True,False,False,False,False,False,False,False,False,False,False,False,False,False,False,False,False,False,True,False,True
A15_69861,688.481613,6.8646,Streptophyta,Viridiplantae,indval_consensus,IndVal,CrossBatch_Consensus,Bronze,Glycerolipid (DG/TG),True,True,False,True,False,True,False,False,False,False,False,False,False,False,False,False,False,False,False,False,False,False,False,True,False,True
A15_6991,525.179987,2.0489,Arthropoda,Animalia,composite,Platinum,Platinum,Unidentified,,,False,True,False,False,True,False,False,False,False,False,False,False,False,False,False,False,False,False,False,False,False,False,True,False,True
A15_70184,746.556013,7.0984,Streptophyta,Viridiplantae,indval_consensus,IndVal,CrossBatch_Consensus,Unidentified,,,False,True,True,False,True,False,False,False,False,False,False,False,False,False,False,False,False,False,False,False,False,False,True,False,True
A15_70259,565.424928,7.059,Streptophyta,Viridiplantae,indval_consensus,IndVal,CrossBatch_Consensus,Unidentified,,,False,True,False,False,True,False,False,False,False,False,False,False,False,False,False,False,False,False,False,False,False,False,True,False,True
A15_7026,417.261552,1.9614,Streptophyta,Viridiplantae,indval_consensus,IndVal,CrossBatch_Consensus,Unidentified,,,False,True,True,False,True,False,False,False,False,False,False,False,False,False,False,False,False,False,False,False,False,False,True,False,True
A15_70577,783.465816,6.942,Streptophyta,Viridiplantae,indval_consensus,IndVal,CrossBatch_Consensus,Unidentified,,,False,True,True,False,True,False,False,False,False,False,False,False,False,False,False,False,False,False,False,False,False,False,True,False,True
A15_70640,973.548065,7.0358,Streptophyta,Viridiplantae,indval_consensus,IndVal,CrossBatch_Consensus,Unidentified,,,False,True,True,False,True,False,False,False,False,False,False,False,False,False,False,False,False,False,False,False,False,False,True,False,True
A15_70652,719.44479,7.1895,Streptophyta,Viridiplantae,indval_consensus,IndVal,CrossBatch_Consensus,Unidentified,,,False,True,False,False,True,False,False,False,False,False,False,False,False,False,False,False,False,False,False,False,False,False,True,False,True
A15_70687,533.254934,7.0039,Streptophyta,Viridiplantae,indval_consensus,IndVal,CrossBatch_Consensus,Unidentified,,,False,True,True,False,True,False,False,False,False,False,False,False,False,False,False,False,False,False,False,False,False,False,True,False,True
A15_70836,593.275401,7.0057,Streptophyta,Viridiplantae,indval_consensus,IndVal,CrossBatch_Consensus,Unidentified,Unknown,False,False,True,True,False,True,False,False,False,False,False,False,False,False,False,False,False,False,False,False,False,False,False,True,False,True
A15_71038,563.429505,7.0226,Streptophyta,Viridiplantae,indval_consensus,IndVal,CrossBatch_Consensus,Unidentified,,,False,True,True,False,True,False,False,False,False,False,False,False,False,False,False,False,False,False,False,False,False,False,True,False,True
A15_71453,535.271447,7.1169,Streptophyta,Viridiplantae,indval_consensus,IndVal,CrossBatch_Consensus,Unidentified,,,False,True,True,False,True,False,False,False,False,False,False,False,False,False,False,False,False,False,False,False,False,False,True,False,True
A15_7196,542.206733,2.0395,Arthropoda,Animalia,composite,Platinum,Platinum,Unidentified,,,False,True,False,False,True,False,False,False,False,False,False,False,False,False,False,False,False,False,False,False,False,False,True,False,True
A15_72123,607.290928,7.2577,Streptophyta,Viridiplantae,indval_consensus,IndVal,CrossBatch_Consensus,Unidentified,,,False,True,True,False,True,False,False,False,False,False,False,False,False,False,False,False,False,False,False,False,False,False,True,False,True
A15_72164,803.525931,7.1147,Streptophyta,Viridiplantae,indval_consensus,IndVal,CrossBatch_Consensus,Unidentified,,,False,True,False,False,True,False,False,False,False,False,False,False,False,False,False,False,False,False,False,False,False,False,True,False,True
A15_72233,658.524594,7.2865,Streptophyta,Viridiplantae,indval_consensus,IndVal,CrossBatch_Consensus,Unidentified,,,False,True,True,False,True,False,False,False,False,False,False,False,False,False,False,False,False,False,False,False,False,False,True,False,True
A15_72292,935.572857,7.1418,Streptophyta,Viridiplantae,indval_consensus,IndVal,CrossBatch_Consensus,Unidentified,,,False,True,False,False,True,False,False,False,False,False,False,False,False,False,False,False,False,False,False,False,False,False,True,False,True
A15_72377,970.609055,7.1704,Streptophyta,Viridiplantae,indval_consensus,IndVal,CrossBatch_Consensus,Unidentified,Unknown,False,False,True,True,False,True,False,False,False,False,False,False,False,False,False,False,False,False,False,False,False,False,False,True,False,True
A15_72601,944.593103,7.0882,Streptophyta,Viridiplantae,indval_consensus,IndVal,CrossBatch_Consensus,Unidentified,,,False,True,True,False,True,False,False,False,False,False,False,False,False,False,False,False,False,False,False,False,False,False,True,False,True
A15_73042,744.575049,7.0491,Streptophyta,Viridiplantae,indval_consensus,IndVal,CrossBatch_Consensus,Unidentified,,,False,True,True,False,True,False,False,False,False,False,False,False,False,False,False,False,False,False,False,False,False,False,True,False,True
A15_73288,686.52058,7.1141,Streptophyta,Viridiplantae,indval_consensus,IndVal,CrossBatch_Consensus,Unidentified,,,False,True,True,False,True,False,False,False,False,False,False,False,False,False,False,False,False,False,False,False,False,False,True,False,True
A15_73424,783.466176,7.0936,Streptophyta,Viridiplantae,indval_consensus,IndVal,CrossBatch_Consensus,Unidentified,,,False,True,True,False,True,False,False,False,False,False,False,False,False,False,False,False,False,False,False,False,False,False,True,False,True
A15_73710,494.347071,7.2087,Chlorophyta,Viridiplantae,composite,Platinum,Platinum,Unidentified,,,False,True,False,False,True,False,False,False,False,False,False,False,False,False,False,False,False,False,False,False,False,False,True,False,True
A15_7375,388.224242,2.0424,Arthropoda,Animalia,composite,Platinum,Diamond,Unidentified,,,False,True,True,False,True,False,False,False,False,False,False,False,False,False,False,False,False,False,False,False,False,False,True,False,True
A15_73939,866.526263,7.2536,Streptophyta,Viridiplantae,indval_consensus,IndVal,CrossBatch_Consensus,Unidentified,,,False,True,True,False,True,False,False,False,False,False,False,False,False,False,False,False,False,False,False,False,False,False,True,False,True
A15_74139,572.263678,7.2733,Nematoda,Animalia,composite,Platinum,Platinum,Unidentified,,,False,True,True,False,True,False,False,False,False,False,False,False,False,False,False,False,False,False,False,False,False,False,True,False,True
A15_7422,401.158493,1.8203,Arthropoda,Animalia,composite,Platinum,Diamond,Unidentified,,,False,True,True,False,True,False,False,False,False,False,False,False,False,False,False,False,False,False,False,False,False,False,True,False,True
A15_74348,604.457475,7.0779,Streptophyta,Viridiplantae,indval_consensus,IndVal,CrossBatch_Consensus,Unidentified,,,False,True,True,False,True,False,False,False,False,False,False,False,False,False,False,False,False,False,False,False,False,False,True,False,True
A15_74475,593.419142,7.3911,Streptophyta,Viridiplantae,indval_consensus,IndVal,CrossBatch_Consensus,Unidentified,,,False,True,True,False,True,False,False,False,False,False,False,False,False,False,False,False,False,False,False,False,False,False,True,False,True
A15_74516,782.537376,7.2394,Streptophyta,Viridiplantae,indval_consensus,IndVal,CrossBatch_Consensus,Unidentified,,,False,True,True,False,True,False,False,False,False,False,False,False,False,False,False,False,False,False,False,False,False,False,True,False,True
A15_74606,903.491802,7.2636,Streptophyta,Viridiplantae,indval_consensus,IndVal,CrossBatch_Consensus,Unidentified,,,False,True,True,False,True,False,False,False,False,False,False,False,False,False,False,False,False,False,False,False,False,False,True,False,True
A15_74661,712.535964,7.5877,Streptophyta,Viridiplantae,indval_consensus,IndVal,CrossBatch_Consensus,Unidentified,,,False,True,True,False,True,False,False,False,False,False,False,False,False,False,False,False,False,False,False,False,False,False,True,False,True
A15_74758,593.275433,7.152,Streptophyta,Viridiplantae,indval_consensus,IndVal,CrossBatch_Consensus,Unidentified,,,False,True,True,False,True,False,False,False,False,False,False,False,False,False,False,False,False,False,False,False,False,False,True,False,True
A15_74954,962.602807,7.2081,Streptophyta,Viridiplantae,indval_consensus,IndVal,CrossBatch_Consensus,Unidentified,,,False,True,True,False,True,False,False,False,False,False,False,False,False,False,False,False,False,False,False,False,False,False,True,False,True
A15_74960,563.428962,7.3276,Streptophyta,Viridiplantae,indval_consensus,IndVal,CrossBatch_Consensus,Unidentified,,,False,True,False,False,True,False,False,False,False,False,False,False,False,False,False,False,False,False,False,False,False,False,True,False,True
A15_74963,672.505966,7.4666,Streptophyta,Viridiplantae,indval_consensus,IndVal,CrossBatch_Consensus,Unidentified,,,False,True,True,False,True,False,False,False,False,False,False,False,False,False,False,False,False,False,False,False,False,False,True,False,True
A15_74984,798.531057,7.4249,Streptophyta,Viridiplantae,indval_consensus,IndVal,CrossBatch_Consensus,Unidentified,Unknown,False,False,True,True,False,True,False,False,False,False,False,False,False,False,False,False,False,False,False,False,False,False,False,True,False,True
A15_74998,607.290815,7.4688,Streptophyta,Viridiplantae,indval_consensus,IndVal,CrossBatch_Consensus,Unidentified,,,False,True,True,False,True,False,False,False,False,False,False,False,False,False,False,False,False,False,False,False,False,False,True,False,True
A15_75098,609.297994,7.3813,Streptophyta,Viridiplantae,indval_consensus,IndVal,CrossBatch_Consensus,Unidentified,,,False,True,True,False,True,False,False,False,False,False,False,False,False,False,False,False,False,False,False,False,False,False,True,False,True
A15_75099,610.300392,7.4734,Streptophyta,Viridiplantae,indval_consensus,IndVal,CrossBatch_Consensus,Unidentified,,,False,True,True,False,True,False,False,False,False,False,False,False,False,False,False,False,False,False,False,False,False,False,True,False,True
A15_75293,533.255284,7.283,Streptophyta,Viridiplantae,indval_consensus,IndVal,CrossBatch_Consensus,Unidentified,,,False,True,True,False,True,False,False,False,False,False,False,False,False,False,False,False,False,False,False,False,False,False,True,False,True
A15_75315,973.548317,7.2125,Streptophyta,Viridiplantae,indval_consensus,IndVal,CrossBatch_Consensus,Unidentified,,,False,True,True,False,True,False,False,False,False,False,False,False,False,False,False,False,False,False,False,False,False,False,True,False,True
A15_75328,822.573813,7.2778,Streptophyta,Viridiplantae,indval_consensus,IndVal,CrossBatch_Consensus,Unidentified,Unknown,False,False,True,True,False,True,False,False,False,False,False,False,False,False,False,False,False,False,False,False,False,False,False,True,False,True
A15_755,385.237264,1.7006,Streptophyta,Viridiplantae,indval_consensus,IndVal,CrossBatch_Consensus,Unidentified,,,False,True,False,False,True,False,False,False,False,False,False,False,False,False,False,False,False,False,False,False,False,False,True,False,True
A15_75542,975.563621,7.2036,Streptophyta,Viridiplantae,indval_consensus,IndVal,CrossBatch_Consensus,Bronze,Acylglycerol/Glycerophospholipid,True,True,False,True,False,True,False,False,False,False,False,False,False,False,False,False,False,False,False,False,False,False,False,True,False,True
A15_75742,604.457573,7.1057,Streptophyta,Viridiplantae,indval_consensus,IndVal,CrossBatch_Consensus,Unidentified,,,False,True,True,False,True,False,False,False,False,False,False,False,False,False,False,False,False,False,False,False,False,False,True,False,True
A15_75877,771.501688,7.5412,Streptophyta,Viridiplantae,indval_consensus,IndVal,CrossBatch_Consensus,Unidentified,,,False,True,True,False,True,False,False,False,False,False,False,False,False,False,False,False,False,False,False,False,False,False,True,False,True
A15_76025,783.541693,7.2713,Streptophyta,Viridiplantae,indval_consensus,IndVal,CrossBatch_Consensus,Unidentified,,,False,True,True,False,True,False,False,False,False,False,False,False,False,False,False,False,False,False,False,False,False,False,True,False,True
A15_76053,696.481185,7.6111,Chlorophyta,Viridiplantae,composite,Platinum,Diamond,Unidentified,,,False,True,True,False,True,False,False,False,False,False,False,False,False,False,False,False,False,False,False,False,False,False,True,False,True
A15_7610,659.413796,1.8815,Streptophyta,Viridiplantae,indval_consensus,IndVal,CrossBatch_Consensus,Unidentified,,,False,True,True,False,True,False,False,False,False,False,False,False,False,False,False,False,False,False,False,False,False,False,True,False,True
A15_76232,788.50107,7.4559,Streptophyta,Viridiplantae,indval_consensus,IndVal,CrossBatch_Consensus,Unidentified,,,False,True,True,False,True,False,False,False,False,False,False,False,False,False,False,False,False,False,False,False,False,False,True,False,True
A15_76233,799.536471,7.5806,Streptophyta,Viridiplantae,indval_consensus,IndVal,CrossBatch_Consensus,Unidentified,,,False,True,True,False,True,False,False,False,False,False,False,False,False,False,False,False,False,False,False,False,False,False,True,False,True
A15_76262,786.488027,7.3025,Streptophyta,Viridiplantae,indval_consensus,IndVal,CrossBatch_Consensus,Unidentified,,,False,True,True,False,True,False,False,False,False,False,False,False,False,False,False,False,False,False,False,False,False,False,True,False,True
A15_76391,935.681561,7.4471,Nematoda,Animalia,composite,Platinum,Platinum,Unidentified,,,False,True,True,False,True,False,False,False,False,False,False,False,False,False,False,False,False,False,False,False,False,False,True,False,True
A15_76525,570.436344,7.4481,Streptophyta,Viridiplantae,indval_consensus,IndVal,CrossBatch_Consensus,Unidentified,,,False,True,True,False,True,False,False,False,False,False,False,False,False,False,False,False,False,False,False,False,False,False,True,False,True
A15_76697,535.270962,7.5467,Streptophyta,Viridiplantae,indval_consensus,IndVal,CrossBatch_Consensus,Unidentified,,,False,True,True,False,True,False,False,False,False,False,False,False,False,False,False,False,False,False,False,False,False,False,True,False,True
A15_76822,969.5737,7.5008,Streptophyta,Viridiplantae,indval_consensus,IndVal,CrossBatch_Consensus,Unidentified,,,False,True,True,False,True,False,False,False,False,False,False,False,False,False,False,False,False,False,False,False,False,False,True,False,True
A15_76854,607.290694,7.5544,Streptophyta,Viridiplantae,indval_consensus,IndVal,CrossBatch_Consensus,Unidentified,,,False,True,True,False,True,False,False,False,False,False,False,False,False,False,False,False,False,False,False,False,False,False,True,False,True
A15_77149,513.312533,7.4657,Nematoda,Animalia,composite,Platinum,Platinum,Unidentified,,,False,True,True,False,True,False,False,False,False,False,False,False,False,False,False,False,False,False,False,False,False,False,True,False,True
A15_77216,684.504258,7.511,Streptophyta,Viridiplantae,indval_consensus,IndVal,CrossBatch_Consensus,Unidentified,Unknown,False,False,True,True,False,True,False,False,False,False,False,False,False,False,False,False,False,False,False,False,False,False,False,True,False,True
A15_77317,790.544356,7.544,Streptophyta,Viridiplantae,indval_consensus,IndVal,CrossBatch_Consensus,Unidentified,,,False,True,True,False,True,False,False,False,False,False,False,False,False,False,False,False,False,False,False,False,False,False,True,False,True
A15_77391,815.494195,7.5689,Streptophyta,Viridiplantae,indval_consensus,IndVal,CrossBatch_Consensus,Unidentified,,,False,True,True,False,True,False,False,False,False,False,False,False,False,False,False,False,False,False,False,False,False,False,True,False,True
A15_77463,658.524936,7.5034,Streptophyta,Viridiplantae,indval_consensus,IndVal,CrossBatch_Consensus,Unidentified,,,False,True,True,False,True,False,False,False,False,False,False,False,False,False,False,False,False,False,False,False,False,False,True,False,True
A15_7747,331.166085,2.2711,Streptophyta,Viridiplantae,indval_consensus,IndVal,CrossBatch_Consensus,Unidentified,,,False,True,False,False,True,False,False,False,False,False,False,False,False,False,False,False,False,False,False,False,False,False,True,False,True
A15_77528,781.528583,7.6088,Streptophyta,Viridiplantae,indval_consensus,IndVal,CrossBatch_Consensus,Unidentified,,,False,True,True,False,True,False,False,False,False,False,False,False,False,False,False,False,False,False,False,False,False,False,True,False,True
A15_77571,768.561896,7.7289,Streptophyta,Viridiplantae,indval_consensus,IndVal,CrossBatch_Consensus,Unidentified,,,False,True,True,False,True,False,False,False,False,False,False,False,False,False,False,False,False,False,False,False,False,False,True,False,True
A15_77600,946.607891,7.6011,Streptophyta,Viridiplantae,indval_consensus,IndVal,CrossBatch_Consensus,Unidentified,,,False,True,True,False,True,False,False,False,False,False,False,False,False,False,False,False,False,False,False,False,False,False,True,False,True
A15_77622,696.480715,7.6829,Chlorophyta,Viridiplantae,composite,Platinum,Platinum,Unidentified,,,False,True,True,False,True,False,False,False,False,False,False,False,False,False,False,False,False,False,False,False,False,False,True,False,True
A15_77663,832.523842,7.5842,Streptophyta,Viridiplantae,indval_consensus,IndVal,CrossBatch_Consensus,Unidentified,,,False,True,True,False,True,False,False,False,False,False,False,False,False,False,False,False,False,False,False,False,False,False,True,False,True
A15_77715,774.526978,7.6285,Streptophyta,Viridiplantae,indval_consensus,IndVal,CrossBatch_Consensus,Unidentified,Unknown,False,False,True,True,False,True,False,False,False,False,False,False,False,False,False,False,False,False,False,False,False,False,False,True,False,True
A15_77811,632.489153,7.6324,Streptophyta,Viridiplantae,indval_consensus,IndVal,CrossBatch_Consensus,Unidentified,,,False,True,True,False,True,False,False,False,False,False,False,False,False,False,False,False,False,False,False,False,False,False,True,False,True
A15_77897,828.496318,7.8322,Streptophyta,Viridiplantae,indval_consensus,IndVal,CrossBatch_Consensus,Unidentified,,,False,True,True,False,True,False,False,False,False,False,False,False,False,False,False,False,False,False,False,False,False,False,True,False,True
A15_77926,964.618679,7.7594,Streptophyta,Viridiplantae,indval_consensus,IndVal,CrossBatch_Consensus,Unidentified,,,False,True,True,False,True,False,False,False,False,False,False,False,False,False,False,False,False,False,False,False,False,False,True,False,True
A15_78008,780.524946,7.6937,Streptophyta,Viridiplantae,indval_consensus,IndVal,CrossBatch_Consensus,Unidentified,,,False,True,True,False,True,False,False,False,False,False,False,False,False,False,False,False,False,False,False,False,False,False,True,False,True
A15_78096,800.543894,7.7621,Streptophyta,Viridiplantae,indval_consensus,IndVal,CrossBatch_Consensus,Unidentified,,,False,True,True,False,True,False,False,False,False,False,False,False,False,False,False,False,False,False,False,False,False,False,True,False,True
A15_78110,607.290761,7.5751,Streptophyta,Viridiplantae,indval_consensus,IndVal,CrossBatch_Consensus,Unidentified,,,False,True,True,False,True,False,False,False,False,False,False,False,False,False,False,False,False,False,False,False,False,False,True,False,True
A15_78231,593.418987,7.4806,Streptophyta,Viridiplantae,indval_consensus,IndVal,CrossBatch_Consensus,Unidentified,,,False,True,True,False,True,False,False,False,False,False,False,False,False,False,False,False,False,False,False,False,False,False,True,False,True
A15_78239,401.340722,7.4744,Streptophyta,Viridiplantae,indval_consensus,IndVal,CrossBatch_Consensus,Unidentified,,,False,True,True,False,True,False,False,False,False,False,False,False,False,False,False,False,False,False,False,False,False,False,True,False,True
A15_78665,806.57817,7.7571,Streptophyta,Viridiplantae,indval_consensus,IndVal,CrossBatch_Consensus,Unidentified,Unknown,False,False,True,True,False,True,False,False,False,False,False,False,False,False,False,False,False,False,False,False,False,False,False,True,False,True
A15_78676,628.478271,7.6145,Chlorophyta,Viridiplantae,composite,Platinum,Diamond,Unidentified,,,False,True,True,False,True,False,False,False,False,False,False,False,False,False,False,False,False,False,False,False,False,False,True,False,True
A15_78744,828.493834,7.6825,Streptophyta,Viridiplantae,indval_consensus,IndVal,CrossBatch_Consensus,Unidentified,,,False,True,True,False,True,False,False,False,False,False,False,False,False,False,False,False,False,False,False,False,False,False,True,False,True
A15_7879,408.261129,2.3926,Streptophyta,Viridiplantae,indval_consensus,IndVal,CrossBatch_Consensus,Unidentified,Unknown,False,False,True,True,False,True,False,False,False,False,False,False,False,False,False,False,False,False,False,False,False,False,False,True,False,True
A15_78918,447.345866,7.6312,Streptophyta,Viridiplantae,indval_consensus,IndVal,CrossBatch_Consensus,Unidentified,,,False,True,True,False,True,False,False,False,False,False,False,False,False,False,False,False,False,False,False,False,False,False,True,False,True
A15_78988,967.560019,7.6845,Chlorophyta,Viridiplantae,composite,Platinum,Platinum,Unidentified,,,False,True,True,False,True,False,False,False,False,False,False,False,False,False,False,False,False,False,False,False,False,False,True,False,True
A15_79039,946.609875,7.8691,Streptophyta,Viridiplantae,indval_consensus,IndVal,CrossBatch_Consensus,Unidentified,Unknown,False,False,True,True,False,True,False,False,False,False,False,False,False,False,False,False,False,False,False,False,False,False,False,True,False,True
A15_79137,757.464532,7.591,Streptophyta,Viridiplantae,indval_consensus,IndVal,CrossBatch_Consensus,Unidentified,,,False,True,True,False,True,False,False,False,False,False,False,False,False,False,False,False,False,False,False,False,False,False,True,False,True
A15_79153,493.388135,7.6731,Streptophyta,Viridiplantae,indval_consensus,IndVal,CrossBatch_Consensus,Unidentified,,,False,True,False,False,True,False,False,False,False,False,False,False,False,False,False,False,False,False,False,False,False,False,True,False,True
A15_79492,866.528791,7.8178,Streptophyta,Viridiplantae,indval_consensus,IndVal,CrossBatch_Consensus,Unidentified,,,False,True,True,False,True,False,False,False,False,False,False,False,False,False,False,False,False,False,False,False,False,False,True,False,True
A15_79537,807.546228,7.934,Streptophyta,Viridiplantae,indval_consensus,IndVal,CrossBatch_Consensus,Unidentified,,,False,True,True,False,True,False,False,False,False,False,False,False,False,False,False,False,False,False,False,False,False,False,True,False,True
A15_79581,593.276216,7.5299,Streptophyta,Viridiplantae,indval_consensus,IndVal,CrossBatch_Consensus,Unidentified,,,False,True,True,False,True,False,False,False,False,False,False,False,False,False,False,False,False,False,False,False,False,False,True,False,True
A15_79667,799.464142,7.7459,Chlorophyta,Viridiplantae,composite,Platinum,Platinum,Unidentified,,,False,True,True,False,True,False,False,False,False,False,False,False,False,False,False,False,False,False,False,False,False,False,True,False,True
A15_79698,788.567085,7.8871,Streptophyta,Viridiplantae,indval_consensus,IndVal,CrossBatch_Consensus,Unidentified,Unknown,False,False,True,True,False,True,False,False,False,False,False,False,False,False,False,False,False,False,False,False,False,False,False,True,False,True
A15_79969,798.532763,7.8653,Streptophyta,Viridiplantae,indval_consensus,IndVal,CrossBatch_Consensus,Unidentified,,,False,True,True,False,True,False,False,False,False,False,False,False,False,False,False,False,False,False,False,False,False,False,True,False,True
A15_80258,652.45585,7.8342,Streptophyta,Viridiplantae,indval_consensus,IndVal,CrossBatch_Consensus,Unidentified,,,False,True,False,False,True,False,False,False,False,False,False,False,False,False,False,False,False,False,False,False,False,False,True,False,True
A15_80390,768.517609,8.0141,Streptophyta,Viridiplantae,indval_consensus,IndVal,CrossBatch_Consensus,Unidentified,,,False,True,False,False,True,False,False,False,False,False,False,False,False,False,False,False,False,False,False,False,False,False,True,False,True
A15_80416,670.524783,7.9321,Streptophyta,Viridiplantae,indval_consensus,IndVal,CrossBatch_Consensus,Unidentified,,,False,True,True,False,True,False,False,False,False,False,False,False,False,False,False,False,False,False,False,False,False,False,True,False,True
A15_80428,803.492616,7.7143,Streptophyta,Viridiplantae,indval_consensus,IndVal,CrossBatch_Consensus,Unidentified,,,False,True,True,False,True,False,False,False,False,False,False,False,False,False,False,False,False,False,False,False,False,False,True,False,True
A15_80540,768.538586,7.7231,Chlorophyta,Viridiplantae,composite,Platinum,Platinum,Unidentified,,,False,True,True,False,True,False,False,False,False,False,False,False,False,False,False,False,False,False,False,False,False,False,True,False,True
A15_80608,457.18554,7.8862,Nematoda,Animalia,composite,Platinum,Platinum,Unidentified,,,False,True,True,False,True,False,False,False,False,False,False,False,False,False,False,False,False,False,False,False,False,False,True,False,True
A15_80660,726.551597,7.831,Streptophyta,Viridiplantae,indval_consensus,IndVal,CrossBatch_Consensus,Unidentified,,,False,True,True,False,True,False,False,False,False,False,False,False,False,False,False,False,False,False,False,False,False,False,True,False,True
A15_80697,816.502475,7.9502,Streptophyta,Viridiplantae,indval_consensus,IndVal,CrossBatch_Consensus,Bronze,Phosphatidylcholine/Sphingomyelin,True,True,False,False,False,True,False,False,False,False,False,False,False,False,False,False,False,False,False,False,False,False,False,True,False,True
A15_80819,747.502109,7.9373,Streptophyta,Viridiplantae,indval_consensus,IndVal,CrossBatch_Consensus,Unidentified,Unknown,False,False,True,False,False,True,False,False,False,False,False,False,False,False,False,False,False,False,False,False,False,False,False,True,False,True
A15_80864,653.439451,7.8801,Arthropoda,Animalia,composite,Platinum,Platinum,Unidentified,,,False,True,True,False,True,False,False,False,False,False,False,False,False,False,False,False,False,False,False,False,False,False,True,False,True
A15_80878,742.522739,7.8332,Chlorophyta,Viridiplantae,composite,Platinum,Platinum,Unidentified,,,False,True,True,False,True,False,False,False,False,False,False,False,False,False,False,False,False,False,False,False,False,False,True,False,True
A15_80994,449.302879,7.8436,Streptophyta,Viridiplantae,indval_consensus,IndVal,CrossBatch_Consensus,Unidentified,,,False,True,True,False,True,False,False,False,False,False,False,False,False,False,False,False,False,False,False,False,False,False,True,False,True
A15_81020,828.494594,7.7518,Streptophyta,Viridiplantae,indval_consensus,IndVal,CrossBatch_Consensus,Unidentified,,,False,True,True,False,True,False,False,False,False,False,False,False,False,False,False,False,False,False,False,False,False,False,True,False,True
A15_81237,593.455574,7.9362,Streptophyta,Viridiplantae,indval_consensus,IndVal,CrossBatch_Consensus,Unidentified,,,False,True,True,False,True,False,False,False,False,False,False,False,False,False,False,False,False,False,False,False,False,False,True,False,True
A15_81301,882.532561,7.9286,Streptophyta,Viridiplantae,indval_consensus,IndVal,CrossBatch_Consensus,Bronze,Glycolipid,True,True,False,True,False,True,False,False,False,False,False,False,False,False,False,False,False,False,False,False,False,False,False,True,False,True
A15_81466,970.610804,8.1387,Streptophyta,Viridiplantae,indval_consensus,IndVal,CrossBatch_Consensus,Unidentified,,,False,True,True,False,True,False,False,False,False,False,False,False,False,False,False,False,False,False,False,False,False,False,True,False,True
A15_81469,698.520123,7.968,Streptophyta,Viridiplantae,indval_consensus,IndVal,CrossBatch_Consensus,Unidentified,,,False,True,True,False,True,False,False,False,False,False,False,False,False,False,False,False,False,False,False,False,False,False,True,False,True
A15_81572,781.45177,8.0878,Chlorophyta,Viridiplantae,composite,Platinum,Platinum,Unidentified,,,False,True,True,False,True,False,False,False,False,False,False,False,False,False,False,False,False,False,False,False,False,False,True,False,True
A15_81623,833.527287,7.6796,Streptophyta,Viridiplantae,indval_consensus,IndVal,CrossBatch_Consensus,Unidentified,Unknown,False,False,True,False,False,True,False,False,False,False,False,False,False,False,False,False,False,False,False,False,False,False,False,True,False,True
A15_81695,837.477973,8.0516,Streptophyta,Viridiplantae,indval_consensus,IndVal,CrossBatch_Consensus,Unidentified,,,False,True,False,False,True,False,False,False,False,False,False,False,False,False,False,False,False,False,False,False,False,False,True,False,True
A15_81748,847.494726,7.8459,Streptophyta,Viridiplantae,indval_consensus,IndVal,CrossBatch_Consensus,Unidentified,,,False,True,True,False,True,False,False,False,False,False,False,False,False,False,False,False,False,False,False,False,False,False,True,False,True
A15_81750,686.519757,7.9502,Streptophyta,Viridiplantae,indval_consensus,IndVal,CrossBatch_Consensus,Unidentified,,,False,True,True,False,True,False,False,False,False,False,False,False,False,False,False,False,False,False,False,False,False,False,True,False,True
A15_81944,560.432136,7.7935,Streptophyta,Viridiplantae,indval_consensus,IndVal,CrossBatch_Consensus,Unidentified,,,False,True,False,False,True,False,False,False,False,False,False,False,False,False,False,False,False,False,False,False,False,False,True,False,True
A15_82025,628.460334,8.0767,Streptophyta,Viridiplantae,indval_consensus,IndVal,CrossBatch_Consensus,Unidentified,,,False,True,False,False,True,False,False,False,False,False,False,False,False,False,False,False,False,False,False,False,False,False,True,False,True
A15_82032,768.562323,7.9746,Streptophyta,Viridiplantae,indval_consensus,IndVal,CrossBatch_Consensus,Unidentified,,,False,True,True,False,True,False,False,False,False,False,False,False,False,False,False,False,False,False,False,False,False,False,True,False,True
A15_82239,552.425591,8.0164,Streptophyta,Viridiplantae,indval_consensus,IndVal,CrossBatch_Consensus,Unidentified,,,False,True,False,False,True,False,False,False,False,False,False,False,False,False,False,False,False,False,False,False,False,False,True,False,True
A15_82363,779.511378,7.9877,Chlorophyta,Viridiplantae,composite,Platinum,Diamond,Unidentified,,,False,True,True,False,True,False,False,False,False,False,False,False,False,False,False,False,False,False,False,False,False,False,True,False,True
A15_82435,866.528588,8.0642,Streptophyta,Viridiplantae,indval_consensus,IndVal,CrossBatch_Consensus,Unidentified,,,False,True,True,False,True,False,False,False,False,False,False,False,False,False,False,False,False,False,False,False,False,False,True,False,True
A15_82530,755.41277,8.0188,Chlorophyta,Viridiplantae,composite,Platinum,Platinum,Unidentified,,,False,True,False,False,True,False,False,False,False,False,False,False,False,False,False,False,False,False,False,False,False,False,True,False,True
A15_82531,831.497082,7.7404,Streptophyta,Viridiplantae,indval_consensus,IndVal,CrossBatch_Consensus,Bronze,Sphingolipid,True,True,False,True,False,True,False,False,False,False,False,False,False,False,False,False,False,False,False,False,False,False,False,True,False,True
A15_82642,806.542371,8.2261,Streptophyta,Viridiplantae,indval_consensus,IndVal,CrossBatch_Consensus,Unidentified,,,False,True,True,False,True,False,False,False,False,False,False,False,False,False,False,False,False,False,False,False,False,False,True,False,True
A15_82692,972.624522,8.0986,Streptophyta,Viridiplantae,indval_consensus,IndVal,CrossBatch_Consensus,Unidentified,,,False,True,True,False,True,False,False,False,False,False,False,False,False,False,False,False,False,False,False,False,False,False,True,False,True
A15_82779,807.549023,7.8553,Streptophyta,Viridiplantae,indval_consensus,IndVal,CrossBatch_Consensus,Unidentified,Unknown,False,False,True,True,False,True,False,False,False,False,False,False,False,False,False,False,False,False,False,False,False,False,False,True,False,True
A15_82862,824.589077,8.0721,Streptophyta,Viridiplantae,indval_consensus,IndVal,CrossBatch_Consensus,Unidentified,,,False,True,True,False,True,False,False,False,False,False,False,False,False,False,False,False,False,False,False,False,False,False,True,False,True
A15_82922,927.493588,8.0433,Streptophyta,Viridiplantae,indval_consensus,IndVal,CrossBatch_Consensus,Unidentified,,,False,True,True,False,True,False,False,False,False,False,False,False,False,False,False,False,False,False,False,False,False,False,True,False,True
A15_83054,746.555814,7.9753,Streptophyta,Viridiplantae,indval_consensus,IndVal,CrossBatch_Consensus,Unidentified,,,False,True,True,False,True,False,False,False,False,False,False,False,False,False,False,False,False,False,False,False,False,False,True,False,True
A15_83476,800.544277,7.8876,Streptophyta,Viridiplantae,indval_consensus,IndVal,CrossBatch_Consensus,Unidentified,,,False,True,False,False,True,False,False,False,False,False,False,False,False,False,False,False,False,False,False,False,False,False,True,False,True
A15_83502,704.509447,8.0081,Streptophyta,Viridiplantae,indval_consensus,IndVal,CrossBatch_Consensus,Unidentified,Unknown,False,False,True,True,False,True,False,False,False,False,False,False,False,False,False,False,False,False,False,False,False,False,False,True,False,True
A15_83586,779.547638,8.0972,Streptophyta,Viridiplantae,indval_consensus,IndVal,CrossBatch_Consensus,Bronze,Acylglycerol/Glycerophospholipid,True,True,False,True,False,True,False,False,False,False,False,False,False,False,False,False,False,False,False,False,False,False,False,True,False,True
A15_83628,481.38713,7.9509,Streptophyta,Viridiplantae,indval_consensus,IndVal,CrossBatch_Consensus,Unidentified,,,False,True,False,False,True,False,False,False,False,False,False,False,False,False,False,False,False,False,False,False,False,False,True,False,True
A15_83666,810.56969,8.2755,Streptophyta,Viridiplantae,indval_consensus,IndVal,CrossBatch_Consensus,Unidentified,,,False,True,True,False,True,False,False,False,False,False,False,False,False,False,False,False,False,False,False,False,False,False,True,False,True
A15_83708,964.619877,8.1857,Streptophyta,Viridiplantae,indval_consensus,IndVal,CrossBatch_Consensus,Unidentified,,,False,True,True,False,True,False,False,False,False,False,False,False,False,False,False,False,False,False,False,False,False,False,True,False,True
A15_83808,459.402935,8.1878,Streptophyta,Viridiplantae,indval_consensus,IndVal,CrossBatch_Consensus,Unidentified,,,False,True,False,False,True,False,False,False,False,False,False,False,False,False,False,False,False,False,False,False,False,False,True,False,True
A15_83831,756.561683,8.2062,Streptophyta,Viridiplantae,indval_consensus,IndVal,CrossBatch_Consensus,Unidentified,,,False,True,True,False,True,False,False,False,False,False,False,False,False,False,False,False,False,False,False,False,False,False,True,False,True
A15_84055,784.553646,8.0465,Streptophyta,Viridiplantae,indval_consensus,IndVal,CrossBatch_Consensus,Unidentified,,,False,True,False,False,True,False,False,False,False,False,False,False,False,False,False,False,False,False,False,False,False,False,True,False,True
A15_84217,970.611034,8.1927,Streptophyta,Viridiplantae,indval_consensus,IndVal,CrossBatch_Consensus,Unidentified,,,False,True,True,False,True,False,False,False,False,False,False,False,False,False,False,False,False,False,False,False,False,False,True,False,True
A15_84286,589.408093,8.1766,Streptophyta,Viridiplantae,indval_consensus,IndVal,CrossBatch_Consensus,Unidentified,,,False,True,False,False,True,False,False,False,False,False,False,False,False,False,False,False,False,False,False,False,False,False,True,False,True
A15_84374,794.518369,8.028,Streptophyta,Viridiplantae,indval_consensus,IndVal,CrossBatch_Consensus,Unidentified,,,False,True,True,False,True,False,False,False,False,False,False,False,False,False,False,False,False,False,False,False,False,False,True,False,True
A15_84485,503.412408,8.1944,Streptophyta,Viridiplantae,indval_consensus,IndVal,CrossBatch_Consensus,Unidentified,,,False,True,True,False,True,False,False,False,False,False,False,False,False,False,False,False,False,False,False,False,False,False,True,False,True
A15_84574,722.521534,8.0452,Streptophyta,Viridiplantae,indval_consensus,IndVal,CrossBatch_Consensus,Bronze,Phosphatidylcholine/Sphingomyelin,True,True,False,True,False,True,False,False,False,False,False,False,False,False,False,False,False,False,False,False,False,False,False,True,False,True
A15_84620,614.143902,8.2027,Nematoda,Animalia,composite,Platinum,Platinum,Unidentified,,,False,True,True,False,True,False,False,False,False,False,False,False,False,False,False,False,False,False,False,False,False,False,True,False,True
A15_84660,805.50642,8.2099,Streptophyta,Viridiplantae,indval_consensus,IndVal,CrossBatch_Consensus,Bronze,Glycolipid,True,True,False,True,False,True,False,False,False,False,False,False,False,False,False,False,False,False,False,False,False,False,False,True,False,True
A15_84661,580.456691,7.9571,Streptophyta,Viridiplantae,indval_consensus,IndVal,CrossBatch_Consensus,Unidentified,,,False,True,True,False,True,False,False,False,False,False,False,False,False,False,False,False,False,False,False,False,False,False,True,False,True
A15_84664,948.621008,8.113,Streptophyta,Viridiplantae,indval_consensus,IndVal,CrossBatch_Consensus,Bronze,Phosphatidylcholine/Sphingomyelin,True,True,False,True,False,True,False,False,False,False,False,False,False,False,False,False,False,False,False,False,False,False,False,True,False,True
A15_84667,808.555984,8.1533,Streptophyta,Viridiplantae,indval_consensus,IndVal,CrossBatch_Consensus,Unidentified,,,False,True,True,False,True,False,False,False,False,False,False,False,False,False,False,False,False,False,False,False,False,False,True,False,True
A15_84749,782.537068,8.3434,Streptophyta,Viridiplantae,indval_consensus,IndVal,CrossBatch_Consensus,Unidentified,,,False,True,True,False,True,False,False,False,False,False,False,False,False,False,False,False,False,False,False,False,False,False,True,False,True
A15_84871,652.406634,8.2133,Mollusca,Animalia,composite,Platinum,Platinum,Unidentified,,,False,True,True,False,True,False,False,False,False,False,False,False,False,False,False,False,False,False,False,False,False,False,True,False,True
A15_84990,706.524841,8.1208,Streptophyta,Viridiplantae,indval_consensus,IndVal,CrossBatch_Consensus,Unidentified,,,False,True,True,False,True,False,False,False,False,False,False,False,False,False,False,False,False,False,False,False,False,False,True,False,True
A15_85314,686.519733,8.1697,Streptophyta,Viridiplantae,indval_consensus,IndVal,CrossBatch_Consensus,Unidentified,,,False,True,True,False,True,False,False,False,False,False,False,False,False,False,False,False,False,False,False,False,False,False,True,False,True
A15_85411,738.550819,8.3255,Streptophyta,Viridiplantae,indval_consensus,IndVal,CrossBatch_Consensus,Bronze,Glycerolipid (DG/TG),True,True,False,True,False,True,False,False,False,False,False,False,False,False,False,False,False,False,False,False,False,False,False,True,False,True
A15_85473,783.542343,8.3412,Streptophyta,Viridiplantae,indval_consensus,IndVal,CrossBatch_Consensus,Unidentified,,,False,True,True,False,True,False,False,False,False,False,False,False,False,False,False,False,False,False,False,False,False,False,True,False,True
A15_85610,517.38788,8.3535,Streptophyta,Viridiplantae,indval_consensus,IndVal,CrossBatch_Consensus,Bronze,Phosphatidylcholine/Sphingomyelin,True,True,False,False,False,True,False,False,False,False,False,False,False,False,False,False,False,False,False,False,False,False,False,True,False,True
A15_85737,696.540203,8.2629,Streptophyta,Viridiplantae,indval_consensus,IndVal,CrossBatch_Consensus,Unidentified,,,False,True,True,False,True,False,False,False,False,False,False,False,False,False,False,False,False,False,False,False,False,False,True,False,True
A15_85806,979.576625,8.3384,Chlorophyta,Viridiplantae,composite,Platinum,Platinum,Unidentified,,,False,True,True,False,True,False,False,False,False,False,False,False,False,False,False,False,False,False,False,False,False,False,True,False,True
A15_85844,774.55345,8.4694,Streptophyta,Viridiplantae,indval_consensus,IndVal,CrossBatch_Consensus,Unidentified,,,False,True,True,False,True,False,False,False,False,False,False,False,False,False,False,False,False,False,False,False,False,False,True,False,True
A15_85867,946.609091,8.1836,Streptophyta,Viridiplantae,indval_consensus,IndVal,CrossBatch_Consensus,Bronze,Glycolipid,True,True,False,True,False,True,False,False,False,False,False,False,False,False,False,False,False,False,False,False,False,False,False,True,False,True
A15_85922,760.51133,8.1211,Streptophyta,Viridiplantae,indval_consensus,IndVal,CrossBatch_Consensus,Unidentified,,,False,True,True,False,True,False,False,False,False,False,False,False,False,False,False,False,False,False,False,False,False,False,True,False,True
A15_85961,782.537084,8.5071,Streptophyta,Viridiplantae,indval_consensus,IndVal,CrossBatch_Consensus,Bronze,Phosphatidylcholine/Sphingomyelin,True,True,False,True,False,True,False,False,False,False,False,False,False,False,False,False,False,False,False,False,False,False,False,True,False,True
A15_85973,790.519238,8.4214,Streptophyta,Viridiplantae,indval_consensus,IndVal,CrossBatch_Consensus,Unidentified,,,False,True,True,False,True,False,False,False,False,False,False,False,False,False,False,False,False,False,False,False,False,False,True,False,True
A15_85990,589.407972,8.2408,Streptophyta,Viridiplantae,indval_consensus,IndVal,CrossBatch_Consensus,Unidentified,,,False,True,True,False,True,False,False,False,False,False,False,False,False,False,False,False,False,False,False,False,False,False,True,False,True
A15_86057,683.426294,8.2116,Streptophyta,Viridiplantae,indval_consensus,IndVal,CrossBatch_Consensus,Unidentified,,,False,True,True,False,True,False,False,False,False,False,False,False,False,False,False,False,False,False,False,False,False,False,True,False,True
A15_86109,866.530563,8.387,Streptophyta,Viridiplantae,indval_consensus,IndVal,CrossBatch_Consensus,Bronze,Glycerolipid (DG/TG),True,True,False,True,False,True,False,False,False,False,False,False,False,False,False,False,False,False,False,False,False,False,False,True,False,True
A15_86205,808.592854,8.6447,Streptophyta,Viridiplantae,indval_consensus,IndVal,CrossBatch_Consensus,Unidentified,,,False,True,True,False,True,False,False,False,False,False,False,False,False,False,False,False,False,False,False,False,False,False,True,False,True
A15_86244,732.481445,8.3446,Streptophyta,Viridiplantae,indval_consensus,IndVal,CrossBatch_Consensus,Unidentified,,,False,True,True,False,True,False,False,False,False,False,False,False,False,False,False,False,False,False,False,False,False,False,True,False,True
A15_86249,780.560859,8.4488,Streptophyta,Viridiplantae,indval_consensus,IndVal,CrossBatch_Consensus,Unidentified,,,False,True,True,False,True,False,False,False,False,False,False,False,False,False,False,False,False,False,False,False,False,False,True,False,True
A15_86268,742.524234,8.3191,Chlorophyta,Viridiplantae,composite,Platinum,Diamond,Unidentified,,,False,True,True,False,True,False,False,False,False,False,False,False,False,False,False,False,False,False,False,False,False,False,True,False,True
A15_86287,671.426675,8.3019,Streptophyta,Viridiplantae,indval_consensus,IndVal,CrossBatch_Consensus,Unidentified,,,False,True,True,False,True,False,False,False,False,False,False,False,False,False,False,False,False,False,False,False,False,False,True,False,True
A15_86319,748.570984,8.4753,Streptophyta,Viridiplantae,indval_consensus,IndVal,CrossBatch_Consensus,Unidentified,Unknown,False,False,True,True,False,True,False,False,False,False,False,False,False,False,False,False,False,False,False,False,False,False,False,True,False,True
A15_86321,700.535624,8.4684,Streptophyta,Viridiplantae,indval_consensus,IndVal,CrossBatch_Consensus,Unidentified,,,False,True,True,False,True,False,False,False,False,False,False,False,False,False,False,False,False,False,False,False,False,False,True,False,True
A15_86599,499.357798,8.39,Chlorophyta,Viridiplantae,composite,Platinum,Platinum,Unidentified,,,False,True,False,False,True,False,False,False,False,False,False,False,False,False,False,False,False,False,False,False,False,False,True,False,True
A15_86642,764.566361,8.4778,Streptophyta,Viridiplantae,indval_consensus,IndVal,CrossBatch_Consensus,Unidentified,Unknown,False,False,True,True,False,True,False,False,False,False,False,False,False,False,False,False,False,False,False,False,False,False,False,True,False,True
A15_86643,788.56775,8.4684,Streptophyta,Viridiplantae,indval_consensus,IndVal,CrossBatch_Consensus,Unidentified,,,False,True,True,False,True,False,False,False,False,False,False,False,False,False,False,False,False,False,False,False,False,False,True,False,True
A15_86761,781.564515,8.4586,Streptophyta,Viridiplantae,indval_consensus,IndVal,CrossBatch_Consensus,Unidentified,Unknown,False,False,True,True,False,True,False,False,False,False,False,False,False,False,False,False,False,False,False,False,False,False,False,True,False,True
A15_86864,569.456262,8.3773,Streptophyta,Viridiplantae,indval_consensus,IndVal,CrossBatch_Consensus,Unidentified,,,False,True,True,False,True,False,False,False,False,False,False,False,False,False,False,False,False,False,False,False,False,False,True,False,True
A15_86892,966.631111,8.6153,Streptophyta,Viridiplantae,indval_consensus,IndVal,CrossBatch_Consensus,Unidentified,,,False,True,True,False,True,False,False,False,False,False,False,False,False,False,False,False,False,False,False,False,False,False,True,False,True
A15_87206,778.511134,8.5458,Streptophyta,Viridiplantae,indval_consensus,IndVal,CrossBatch_Consensus,Unidentified,,,False,True,True,False,True,False,False,False,False,False,False,False,False,False,False,False,False,False,False,False,False,False,True,False,True
A15_87381,739.438854,8.712,Chlorophyta,Viridiplantae,composite,Platinum,Platinum,Unidentified,,,False,True,True,False,True,False,False,False,False,False,False,False,False,False,False,False,False,False,False,False,False,False,True,False,True
A15_87382,946.609894,8.3058,Streptophyta,Viridiplantae,indval_consensus,IndVal,CrossBatch_Consensus,Unidentified,,,False,True,True,False,True,False,False,False,False,False,False,False,False,False,False,False,False,False,False,False,False,False,True,False,True
A15_87823,950.634064,8.6156,Streptophyta,Viridiplantae,indval_consensus,IndVal,CrossBatch_Consensus,Unidentified,,,False,True,False,False,True,False,False,False,False,False,False,False,False,False,False,False,False,False,False,False,False,False,True,False,True
A15_87844,834.575123,8.5604,Streptophyta,Viridiplantae,indval_consensus,IndVal,CrossBatch_Consensus,Unidentified,,,False,True,True,False,True,False,False,False,False,False,False,False,False,False,False,False,False,False,False,False,False,False,True,False,True
A15_88019,686.520202,8.7282,Streptophyta,Viridiplantae,indval_consensus,IndVal,CrossBatch_Consensus,Bronze,Phosphatidylcholine/Sphingomyelin,True,True,False,True,False,True,False,False,False,False,False,False,False,False,False,False,False,False,False,False,False,False,False,True,False,True
A15_88024,784.552414,8.692,Streptophyta,Viridiplantae,indval_consensus,IndVal,CrossBatch_Consensus,Unidentified,,,False,True,False,False,True,False,False,False,False,False,False,False,False,False,False,False,False,False,False,False,False,False,True,False,True
A15_88311,1028.707523,8.79,Streptophyta,Viridiplantae,indval_consensus,IndVal,CrossBatch_Consensus,Unidentified,,,False,True,True,False,True,False,False,False,False,False,False,False,False,False,False,False,False,False,False,False,False,False,True,False,True
A15_88389,739.43889,8.7393,Chlorophyta,Viridiplantae,composite,Platinum,Diamond,Unidentified,,,False,True,True,False,True,False,False,False,False,False,False,False,False,False,False,False,False,False,False,False,False,False,True,False,True
A15_88717,679.453684,8.4474,Streptophyta,Viridiplantae,indval_consensus,IndVal,CrossBatch_Consensus,Unidentified,,,False,True,False,False,True,False,False,False,False,False,False,False,False,False,False,False,False,False,False,False,False,False,True,False,True
A15_88827,738.550978,8.546,Streptophyta,Viridiplantae,indval_consensus,IndVal,CrossBatch_Consensus,Unidentified,,,False,True,True,False,True,False,False,False,False,False,False,False,False,False,False,False,False,False,False,False,False,False,True,False,True
A15_88831,966.630999,8.6537,Streptophyta,Viridiplantae,indval_consensus,IndVal,CrossBatch_Consensus,Unidentified,Unknown,False,False,True,True,False,True,False,False,False,False,False,False,False,False,False,False,False,False,False,False,False,False,False,True,False,True
A15_88862,794.503387,8.6346,Chlorophyta,Viridiplantae,composite,Platinum,Platinum,Unidentified,,,False,True,True,False,True,False,False,False,False,False,False,False,False,False,False,False,False,False,False,False,False,False,True,False,True
A15_89005,510.415109,8.7217,Streptophyta,Viridiplantae,indval_consensus,IndVal,CrossBatch_Consensus,Unidentified,,,False,True,False,False,True,False,False,False,False,False,False,False,False,False,False,False,False,False,False,False,False,False,True,False,True
A15_89136,970.609759,8.626,Streptophyta,Viridiplantae,indval_consensus,IndVal,CrossBatch_Consensus,Unidentified,,,False,True,False,False,True,False,False,False,False,False,False,False,False,False,False,False,False,False,False,False,False,False,True,False,True
A15_89231,392.287384,8.4111,Bacillota,Bacteria,composite,Silver,Silver,Unidentified,,,False,True,True,False,True,False,False,False,False,False,False,False,False,False,False,False,False,False,False,False,False,False,True,False,True
A15_89344,975.564359,8.6651,Streptophyta,Viridiplantae,indval_consensus,IndVal,CrossBatch_Consensus,Unidentified,,,False,True,False,False,True,False,False,False,False,False,False,False,False,False,False,False,False,False,False,False,False,False,True,False,True
A15_89467,694.524237,8.6386,Streptophyta,Viridiplantae,indval_consensus,IndVal,CrossBatch_Consensus,Unidentified,,,False,True,True,False,True,False,False,False,False,False,False,False,False,False,False,False,False,False,False,False,False,False,True,False,True
A15_89492,734.519522,8.8267,Streptophyta,Viridiplantae,indval_consensus,IndVal,CrossBatch_Consensus,Bronze,Acylglycerol/Glycerophospholipid,True,True,False,True,False,True,False,False,False,False,False,False,False,False,False,False,False,False,False,False,False,False,False,True,False,True
A15_89493,782.575367,8.7044,Streptophyta,Viridiplantae,indval_consensus,IndVal,CrossBatch_Consensus,Unidentified,Unknown,False,False,True,True,False,True,False,False,False,False,False,False,False,False,False,False,False,False,False,False,False,False,False,True,False,True
A15_89494,783.578886,8.885,Streptophyta,Viridiplantae,indval_consensus,IndVal,CrossBatch_Consensus,Unidentified,,,False,True,True,False,True,False,False,False,False,False,False,False,False,False,False,False,False,False,False,False,False,False,True,False,True
A15_89547,503.41228,8.5878,Streptophyta,Viridiplantae,indval_consensus,IndVal,CrossBatch_Consensus,Unidentified,,,False,True,True,False,True,False,False,False,False,False,False,False,False,False,False,False,False,False,False,False,False,False,True,False,True
A15_8966,856.541392,2.0006,Streptophyta,Viridiplantae,indval_consensus,IndVal,CrossBatch_Consensus,Bronze,Phosphatidylcholine/Sphingomyelin,True,True,False,True,False,True,False,False,False,False,False,False,False,False,False,False,False,False,False,False,False,False,False,True,False,True
A15_89677,447.382689,8.6281,Streptophyta,Viridiplantae,indval_consensus,IndVal,CrossBatch_Consensus,Unidentified,,,False,True,False,False,True,False,False,False,False,False,False,False,False,False,False,False,False,False,False,False,False,False,True,False,True
A15_8968,870.519046,1.9597,Streptophyta,Viridiplantae,indval_consensus,IndVal,CrossBatch_Consensus,Bronze,Glycerolipid (DG/TG),True,True,False,True,False,True,False,False,False,False,False,False,False,False,False,False,False,False,False,False,False,False,False,True,False,True
A15_89954,748.57074,8.7229,Streptophyta,Viridiplantae,indval_consensus,IndVal,CrossBatch_Consensus,Bronze,Phosphatidylcholine/Sphingomyelin,True,True,False,True,False,True,False,False,False,False,False,False,False,False,False,False,False,False,False,False,False,False,False,True,False,True
A15_89955,752.566606,8.8163,Streptophyta,Viridiplantae,indval_consensus,IndVal,CrossBatch_Consensus,Unidentified,,,False,True,True,False,True,False,False,False,False,False,False,False,False,False,False,False,False,False,False,False,False,False,True,False,True
A15_89969,1128.665995,8.7704,Nematoda,Animalia,composite,Platinum,Platinum,Unidentified,,,False,True,True,False,True,False,False,False,False,False,False,False,False,False,False,False,False,False,False,False,False,False,True,False,True
A15_89997,635.469112,8.5431,Streptophyta,Viridiplantae,indval_consensus,IndVal,CrossBatch_Consensus,Unidentified,Unknown,False,False,True,False,False,True,False,False,False,False,False,False,False,False,False,False,False,False,False,False,False,False,False,True,False,True
A15_90053,740.566833,8.7619,Streptophyta,Viridiplantae,indval_consensus,IndVal,CrossBatch_Consensus,Unidentified,,,False,True,True,False,True,False,False,False,False,False,False,False,False,False,False,False,False,False,False,False,False,False,True,False,True
A15_90096,826.603951,8.6943,Streptophyta,Viridiplantae,indval_consensus,IndVal,CrossBatch_Consensus,Unidentified,,,False,True,True,False,True,False,False,False,False,False,False,False,False,False,False,False,False,False,False,False,False,False,True,False,True
A15_90320,629.401932,8.9197,Streptophyta,Viridiplantae,indval_consensus,IndVal,CrossBatch_Consensus,Unidentified,,,False,True,True,False,True,False,False,False,False,False,False,False,False,False,False,False,False,False,False,False,False,False,True,False,True
A15_90393,652.424647,8.7784,Arthropoda,Animalia,composite,Platinum,Platinum,Unidentified,,,False,True,True,False,True,False,False,False,False,False,False,False,False,False,False,False,False,False,False,False,False,False,True,False,True
A15_90413,801.550284,8.746,Streptophyta,Viridiplantae,indval_consensus,IndVal,CrossBatch_Consensus,Unidentified,,,False,True,True,False,True,False,False,False,False,False,False,False,False,False,False,False,False,False,False,False,False,False,True,False,True
A15_90560,474.357485,8.839,Streptophyta,Viridiplantae,indval_consensus,IndVal,CrossBatch_Consensus,Unidentified,,,False,True,True,False,True,False,False,False,False,False,False,False,False,False,False,False,False,False,False,False,False,False,True,False,True
A15_90615,643.431611,8.6801,Streptophyta,Viridiplantae,indval_consensus,IndVal,CrossBatch_Consensus,Unidentified,,,False,True,True,False,True,False,False,False,False,False,False,False,False,False,False,False,False,False,False,False,False,False,True,False,True
A15_90663,783.542332,8.5819,Streptophyta,Viridiplantae,indval_consensus,IndVal,CrossBatch_Consensus,Unidentified,,,False,True,True,False,True,False,False,False,False,False,False,False,False,False,False,False,False,False,False,False,False,False,True,False,True
A15_90664,788.505612,8.8027,Streptophyta,Viridiplantae,indval_consensus,IndVal,CrossBatch_Consensus,Unidentified,,,False,True,False,False,True,False,False,False,False,False,False,False,False,False,False,False,False,False,False,False,False,False,True,False,True
A15_9075,369.181979,2.0566,Arthropoda,Animalia,composite,Platinum,Platinum,Unidentified,,,False,True,True,False,True,False,False,False,False,False,False,False,False,False,False,False,False,False,False,False,False,False,True,False,True
A15_90781,782.575353,8.7457,Streptophyta,Viridiplantae,indval_consensus,IndVal,CrossBatch_Consensus,Unidentified,,,False,True,True,False,True,False,False,False,False,False,False,False,False,False,False,False,False,False,False,False,False,False,True,False,True
A15_91091,950.548122,8.8096,Chlorophyta,Viridiplantae,composite,Platinum,Platinum,Unidentified,,,False,True,True,False,True,False,False,False,False,False,False,False,False,False,False,False,False,False,False,False,False,False,True,False,True
A15_91113,868.543137,9.0178,Streptophyta,Viridiplantae,indval_consensus,IndVal,CrossBatch_Consensus,Unidentified,,,False,True,False,False,True,False,False,False,False,False,False,False,False,False,False,False,False,False,False,False,False,False,True,False,True
A15_91118,693.452456,8.9028,Streptophyta,Viridiplantae,indval_consensus,IndVal,CrossBatch_Consensus,Unidentified,,,False,True,True,False,True,False,False,False,False,False,False,False,False,False,False,False,False,False,False,False,False,False,True,False,True
A15_91427,680.509457,8.8489,Streptophyta,Viridiplantae,indval_consensus,IndVal,CrossBatch_Consensus,Unidentified,,,False,True,True,False,True,False,False,False,False,False,False,False,False,False,False,False,False,False,False,False,False,False,True,False,True
A15_9159,611.286141,2.0854,Streptophyta,Viridiplantae,indval_consensus,IndVal,CrossBatch_Consensus,Unidentified,,,False,True,True,False,True,False,False,False,False,False,False,False,False,False,False,False,False,False,False,False,False,False,True,False,True
A15_9186,854.524194,2.2678,Streptophyta,Viridiplantae,indval_consensus,IndVal,CrossBatch_Consensus,Unidentified,,,False,True,True,False,True,False,False,False,False,False,False,False,False,False,False,False,False,False,False,False,False,False,True,False,True
A15_91964,788.504586,8.9446,Streptophyta,Viridiplantae,indval_consensus,IndVal,CrossBatch_Consensus,Unidentified,,,False,True,True,False,True,False,False,False,False,False,False,False,False,False,False,False,False,False,False,False,False,False,True,False,True
A15_91985,834.574373,8.9655,Streptophyta,Viridiplantae,indval_consensus,IndVal,CrossBatch_Consensus,Unidentified,,,False,True,True,False,True,False,False,False,False,False,False,False,False,False,False,False,False,False,False,False,False,False,True,False,True
A15_92025,653.416746,8.7066,Streptophyta,Viridiplantae,indval_consensus,IndVal,CrossBatch_Consensus,Unidentified,,,False,True,True,False,True,False,False,False,False,False,False,False,False,False,False,False,False,False,False,False,False,False,True,False,True
A15_92099,392.287866,8.893,Nematoda,Animalia,composite,Platinum,Platinum,Unidentified,,,False,True,True,False,True,False,False,False,False,False,False,False,False,False,False,False,False,False,False,False,False,False,True,False,True
A15_92130,693.452974,8.9335,Streptophyta,Viridiplantae,indval_consensus,IndVal,CrossBatch_Consensus,Unidentified,,,False,True,True,False,True,False,False,False,False,False,False,False,False,False,False,False,False,False,False,False,False,False,True,False,True
A15_92144,790.519885,8.875,Streptophyta,Viridiplantae,indval_consensus,IndVal,CrossBatch_Consensus,Unidentified,Unknown,False,False,True,True,False,True,False,False,False,False,False,False,False,False,False,False,False,False,False,False,False,False,False,True,False,True
A15_9235,386.208478,2.0785,Arthropoda,Animalia,composite,Platinum,Platinum,Unidentified,,,False,True,True,False,True,False,False,False,False,False,False,False,False,False,False,False,False,False,False,False,False,False,True,False,True
A15_9237,623.249835,2.1508,Streptophyta,Viridiplantae,indval_consensus,IndVal,CrossBatch_Consensus,Unidentified,,,False,True,True,False,True,False,False,False,False,False,False,False,False,False,False,False,False,False,False,False,False,False,True,False,True
A15_92562,767.585463,9.0976,Streptophyta,Viridiplantae,indval_consensus,IndVal,CrossBatch_Consensus,Unidentified,,,False,True,True,False,True,False,False,False,False,False,False,False,False,False,False,False,False,False,False,False,False,False,True,False,True
A15_92676,849.513518,9.1128,Streptophyta,Viridiplantae,indval_consensus,IndVal,CrossBatch_Consensus,Unidentified,,,False,True,True,False,True,False,False,False,False,False,False,False,False,False,False,False,False,False,False,False,False,False,True,False,True
A15_92813,681.511765,9.2439,Streptophyta,Viridiplantae,indval_consensus,IndVal,CrossBatch_Consensus,Unidentified,,,False,True,False,False,True,False,False,False,False,False,False,False,False,False,False,False,False,False,False,False,False,False,True,False,True
A15_92839,469.401963,8.971,Streptophyta,Viridiplantae,indval_consensus,IndVal,CrossBatch_Consensus,Unidentified,,,False,True,False,False,True,False,False,False,False,False,False,False,False,False,False,False,False,False,False,False,False,False,True,False,True
A15_92966,782.575456,9.1513,Streptophyta,Viridiplantae,indval_consensus,IndVal,CrossBatch_Consensus,Unidentified,,,False,True,True,False,True,False,False,False,False,False,False,False,False,False,False,False,False,False,False,False,False,False,True,False,True
A15_92985,387.403053,9.0091,Nematoda,Animalia,composite,Platinum,Platinum,Unidentified,,,False,True,True,False,True,False,False,False,False,False,False,False,False,False,False,False,False,False,False,False,False,False,True,False,True
A15_93237,585.412961,9.1154,Streptophyta,Viridiplantae,indval_consensus,IndVal,CrossBatch_Consensus,Unidentified,,,False,True,True,False,True,False,False,False,False,False,False,False,False,False,False,False,False,False,False,False,False,False,True,False,True
A15_93238,585.489245,9.0025,Streptophyta,Viridiplantae,indval_consensus,IndVal,CrossBatch_Consensus,Unidentified,,,False,True,True,False,True,False,False,False,False,False,False,False,False,False,False,False,False,False,False,False,False,False,True,False,True
A15_9337,357.18248,2.1451,Arthropoda,Animalia,composite,Platinum,Platinum,Unidentified,,,False,True,False,False,True,False,False,False,False,False,False,False,False,False,False,False,False,False,False,False,False,False,True,False,True
A15_936,353.194922,1.6342,Streptophyta,Viridiplantae,indval_consensus,IndVal,CrossBatch_Consensus,Bronze,Digalactolipid,True,True,False,False,False,True,False,False,False,False,False,False,False,False,False,False,False,False,False,False,False,False,False,True,False,True
A15_93894,653.416674,9.2071,Streptophyta,Viridiplantae,indval_consensus,IndVal,CrossBatch_Consensus,Unidentified,Unknown,False,False,True,True,False,True,False,False,False,False,False,False,False,False,False,False,False,False,False,False,False,False,False,True,False,True
A15_9418,610.274156,2.2089,Streptophyta,Viridiplantae,indval_consensus,IndVal,CrossBatch_Consensus,Unidentified,,,False,True,True,False,True,False,False,False,False,False,False,False,False,False,False,False,False,False,False,False,False,False,True,False,True
A15_94254,593.418192,9.0387,Streptophyta,Viridiplantae,indval_consensus,IndVal,CrossBatch_Consensus,Unidentified,,,False,True,True,False,True,False,False,False,False,False,False,False,False,False,False,False,False,False,False,False,False,False,True,False,True
A15_94353,433.366796,8.9923,Streptophyta,Viridiplantae,indval_consensus,IndVal,CrossBatch_Consensus,Unidentified,,,False,True,False,False,True,False,False,False,False,False,False,False,False,False,False,False,False,False,False,False,False,False,True,False,True
A15_94448,830.510797,9.2926,Streptophyta,Viridiplantae,indval_consensus,IndVal,CrossBatch_Consensus,Unidentified,,,False,True,True,False,True,False,False,False,False,False,False,False,False,False,False,False,False,False,False,False,False,False,True,False,True
A15_94460,723.558951,9.1067,Streptophyta,Viridiplantae,indval_consensus,IndVal,CrossBatch_Consensus,Unidentified,,,False,True,True,False,True,False,False,False,False,False,False,False,False,False,False,False,False,False,False,False,False,False,True,False,True
A15_94603,720.540419,9.3222,Streptophyta,Viridiplantae,indval_consensus,IndVal,CrossBatch_Consensus,Unidentified,,,False,True,True,False,True,False,False,False,False,False,False,False,False,False,False,False,False,False,False,False,False,False,True,False,True
A15_94606,489.355871,8.9315,Streptophyta,Viridiplantae,indval_consensus,IndVal,CrossBatch_Consensus,Unidentified,,,False,True,True,False,True,False,False,False,False,False,False,False,False,False,False,False,False,False,False,False,False,False,True,False,True
A15_94735,686.445202,9.3561,Streptophyta,Viridiplantae,indval_consensus,IndVal,CrossBatch_Consensus,Unidentified,,,False,True,True,False,True,False,False,False,False,False,False,False,False,False,False,False,False,False,False,False,False,False,True,False,True
A15_94894,847.496228,8.9721,Streptophyta,Viridiplantae,indval_consensus,IndVal,CrossBatch_Consensus,Unidentified,,,False,True,False,False,True,False,False,False,False,False,False,False,False,False,False,False,False,False,False,False,False,False,True,False,True
A15_9500,609.2701,2.1922,Streptophyta,Viridiplantae,indval_consensus,IndVal,CrossBatch_Consensus,Unidentified,,,False,True,True,False,True,False,False,False,False,False,False,False,False,False,False,False,False,False,False,False,False,False,True,False,True
A15_95102,948.621901,9.1493,Streptophyta,Viridiplantae,indval_consensus,IndVal,CrossBatch_Consensus,Unidentified,,,False,True,True,False,True,False,False,False,False,False,False,False,False,False,False,False,False,False,False,False,False,False,True,False,True
A15_95121,972.625038,9.2986,Streptophyta,Viridiplantae,indval_consensus,IndVal,CrossBatch_Consensus,Unidentified,,,False,True,True,False,True,False,False,False,False,False,False,False,False,False,False,False,False,False,False,False,False,False,True,False,True
A15_95164,796.595058,9.314,Streptophyta,Viridiplantae,indval_consensus,IndVal,CrossBatch_Consensus,Unidentified,,,False,True,True,False,True,False,False,False,False,False,False,False,False,False,False,False,False,False,False,False,False,False,True,False,True
A15_95227,638.446497,9.2763,Arthropoda,Animalia,composite,Platinum,Platinum,Unidentified,,,False,True,True,False,True,False,False,False,False,False,False,False,False,False,False,False,False,False,False,False,False,False,True,False,True
A15_95228,673.480466,9.2844,Streptophyta,Viridiplantae,indval_consensus,IndVal,CrossBatch_Consensus,Unidentified,,,False,True,False,False,True,False,False,False,False,False,False,False,False,False,False,False,False,False,False,False,False,False,True,False,True
A15_95501,969.575767,9.3501,Streptophyta,Viridiplantae,indval_consensus,IndVal,CrossBatch_Consensus,Unidentified,,,False,True,True,False,True,False,False,False,False,False,False,False,False,False,False,False,False,False,False,False,False,False,True,False,True
A15_95518,775.532846,9.3342,Streptophyta,Viridiplantae,indval_consensus,IndVal,CrossBatch_Consensus,Unidentified,,,False,True,True,False,True,False,False,False,False,False,False,False,False,False,False,False,False,False,False,False,False,False,True,False,True
A15_95938,977.579813,9.2742,Streptophyta,Viridiplantae,indval_consensus,IndVal,CrossBatch_Consensus,Unidentified,,,False,True,True,False,True,False,False,False,False,False,False,False,False,False,False,False,False,False,False,False,False,False,True,False,True
A15_96088,979.594146,9.3398,Streptophyta,Viridiplantae,composite,Platinum,Platinum,Unidentified,,,False,True,False,False,True,False,False,False,False,False,False,False,False,False,False,False,False,False,False,False,False,False,True,False,True
A15_96355,604.461406,9.4513,Streptophyta,Viridiplantae,indval_consensus,IndVal,CrossBatch_Consensus,Unidentified,,,False,True,True,False,True,False,False,False,False,False,False,False,False,False,False,False,False,False,False,False,False,False,True,False,True
A15_96615,857.597313,9.1649,Chlorophyta,Viridiplantae,composite,Platinum,Platinum,Unidentified,,,False,True,False,False,True,False,False,False,False,False,False,False,False,False,False,False,False,False,False,False,False,False,True,False,True
A15_96621,964.618851,9.4125,Streptophyta,Viridiplantae,indval_consensus,IndVal,CrossBatch_Consensus,Unidentified,,,False,True,True,False,True,False,False,False,False,False,False,False,False,False,False,False,False,False,False,False,False,False,True,False,True
A15_96965,702.551293,9.5765,Streptophyta,Viridiplantae,indval_consensus,IndVal,CrossBatch_Consensus,Unidentified,,,False,True,True,False,True,False,False,False,False,False,False,False,False,False,False,False,False,False,False,False,False,False,True,False,True
A15_97110,784.551493,9.4754,Streptophyta,Viridiplantae,indval_consensus,IndVal,CrossBatch_Consensus,Unidentified,,,False,True,True,False,True,False,False,False,False,False,False,False,False,False,False,False,False,False,False,False,False,False,True,False,True
A15_97207,592.567113,9.3364,Nematoda,Animalia,composite,Platinum,Platinum,Unidentified,,,False,True,True,False,True,False,False,False,False,False,False,False,False,False,False,False,False,False,False,False,False,False,True,False,True
A15_9738,511.28788,2.3813,Streptophyta,Viridiplantae,indval_consensus,IndVal,CrossBatch_Consensus,Unidentified,,,False,True,True,False,True,False,False,False,False,False,False,False,False,False,False,False,False,False,False,False,False,False,True,False,True
A15_97473,969.575722,9.4304,Streptophyta,Viridiplantae,indval_consensus,IndVal,CrossBatch_Consensus,Bronze,Phosphatidylglycerol,True,True,False,True,False,True,False,False,False,False,False,False,False,False,False,False,False,False,False,False,False,False,False,True,False,True
A15_97689,947.510678,9.6637,Streptophyta,Viridiplantae,indval_consensus,IndVal,CrossBatch_Consensus,Unidentified,,,False,True,True,False,True,False,False,False,False,False,False,False,False,False,False,False,False,False,False,False,False,False,True,False,True
A15_97846,953.579142,9.6722,Streptophyta,Viridiplantae,indval_consensus,IndVal,CrossBatch_Consensus,Unidentified,,,False,True,True,False,True,False,False,False,False,False,False,False,False,False,False,False,False,False,False,False,False,False,True,False,True
A15_97852,948.623286,9.4759,Streptophyta,Viridiplantae,indval_consensus,IndVal,CrossBatch_Consensus,Unidentified,,,False,True,True,False,True,False,False,False,False,False,False,False,False,False,False,False,False,False,False,False,False,False,True,False,True
A15_97908,785.556342,9.2592,Streptophyta,Viridiplantae,indval_consensus,IndVal,CrossBatch_Consensus,Unidentified,,,False,True,True,False,True,False,False,False,False,False,False,False,False,False,False,False,False,False,False,False,False,False,True,False,True
A15_97909,964.619055,9.4526,Streptophyta,Viridiplantae,indval_consensus,IndVal,CrossBatch_Consensus,Bronze,Phosphatidylcholine/Sphingomyelin,True,True,False,True,False,True,False,False,False,False,False,False,False,False,False,False,False,False,False,False,False,False,False,True,False,True
A15_98424,693.449005,9.5977,Streptophyta,Viridiplantae,indval_consensus,IndVal,CrossBatch_Consensus,Unidentified,,,False,True,True,False,True,False,False,False,False,False,False,False,False,False,False,False,False,False,False,False,False,False,True,False,True
A15_98426,707.464125,9.5155,Streptophyta,Viridiplantae,indval_consensus,IndVal,CrossBatch_Consensus,Unidentified,,,False,True,True,False,True,False,False,False,False,False,False,False,False,False,False,False,False,False,False,False,False,False,True,False,True
A15_98971,784.551463,9.533,Streptophyta,Viridiplantae,indval_consensus,IndVal,CrossBatch_Consensus,Unidentified,,,False,True,True,False,True,False,False,False,False,False,False,False,False,False,False,False,False,False,False,False,False,False,True,False,True
A15_99105,723.558207,9.744,Streptophyta,Viridiplantae,indval_consensus,IndVal,CrossBatch_Consensus,Unidentified,,,False,True,True,False,True,False,False,False,False,False,False,False,False,False,False,False,False,False,False,False,False,False,True,False,True
A15_9930,1370.76781,2.2036,Streptophyta,Viridiplantae,indval_consensus,IndVal,CrossBatch_Consensus,Unidentified,,,False,True,True,False,True,False,False,False,False,False,False,False,False,False,False,False,False,False,False,False,False,False,True,False,True
A15_99358,714.552356,9.544,Streptophyta,Viridiplantae,indval_consensus,IndVal,CrossBatch_Consensus,Unidentified,,,False,True,True,False,True,False,False,False,False,False,False,False,False,False,False,False,False,False,False,False,False,False,True,False,True
A15_99360,766.581767,9.5885,Streptophyta,Viridiplantae,indval_consensus,IndVal,CrossBatch_Consensus,Unidentified,,,False,True,True,False,True,False,False,False,False,False,False,False,False,False,False,False,False,False,False,False,False,False,True,False,True
A15_99370,832.638949,9.5362,Streptophyta,Viridiplantae,indval_consensus,IndVal,CrossBatch_Consensus,Unidentified,Unknown,False,False,True,True,False,True,False,False,False,False,False,False,False,False,False,False,False,False,False,False,False,False,False,True,False,True
A15_99520,776.50756,9.7479,Streptophyta,Viridiplantae,indval_consensus,IndVal,CrossBatch_Consensus,Unidentified,Unknown,False,False,True,False,False,True,False,False,False,False,False,False,False,False,False,False,False,False,False,False,False,False,False,True,False,True
A15_99521,885.479749,9.5442,Streptophyta,Viridiplantae,indval_consensus,IndVal,CrossBatch_Consensus,Unidentified,,,False,True,True,False,True,False,False,False,False,False,False,False,False,False,False,False,False,False,False,False,False,False,True,False,True
A15_99530,947.51091,9.7385,Streptophyta,Viridiplantae,indval_consensus,IndVal,CrossBatch_Consensus,Unidentified,,,False,True,True,False,True,False,False,False,False,False,False,False,False,False,False,False,False,False,False,False,False,False,True,False,True
A15_99687,861.478879,9.6908,Streptophyta,Viridiplantae,indval_consensus,IndVal,CrossBatch_Consensus,Unidentified,,,False,True,False,False,True,False,False,False,False,False,False,False,False,False,False,False,False,False,False,False,False,False,True,False,True
A15_99756,427.35675,9.5076,Streptophyta,Viridiplantae,indval_consensus,IndVal,CrossBatch_Consensus,Unidentified,,,False,True,True,False,True,False,False,False,False,False,False,False,False,False,False,False,False,False,False,False,False,False,True,False,True
A15_99783,859.529724,9.6869,Streptophyta,Viridiplantae,indval_consensus,IndVal,CrossBatch_Consensus,Unidentified,,,False,True,False,False,True,False,False,False,False,False,False,False,False,False,False,False,False,False,False,False,False,False,True,False,True
A15_99796,964.618981,9.6317,Streptophyta,Viridiplantae,indval_consensus,IndVal,CrossBatch_Consensus,Unidentified,,,False,True,True,False,True,False,False,False,False,False,False,False,False,False,False,False,False,False,False,False,False,False,True,False,True
A15_99841,634.588974,9.6008,Nematoda,Animalia,composite,Platinum,Platinum,Unidentified,,,False,True,True,False,True,False,False,False,False,False,False,False,False,False,False,False,False,False,False,False,False,False,True,False,True
A15_OE21-4-POS_10518,386.128606,2.0188,Thermoproteota,Archaea,composite,Platinum,Platinum,Unidentified,,,False,True,True,False,True,False,False,False,False,False,False,False,False,False,False,False,False,False,False,False,False,False,True,False,True
A15_OE21-4-POS_111492,793.42599,10.5091,Thermoproteota,Archaea,composite,Platinum,Platinum,Unidentified,,,False,True,True,False,True,False,False,False,False,False,False,False,False,False,False,False,False,False,False,False,False,False,True,False,True
A15_OE21-4-POS_11848,372.149408,2.0885,Thermoproteota,Archaea,composite,Platinum,Platinum,Unidentified,,,False,True,True,False,True,False,False,False,False,False,False,False,False,False,False,False,False,False,False,False,False,False,True,False,True
A15_OE21-4-POS_12274,415.167747,2.1577,Thermoproteota,Archaea,composite,Platinum,Platinum,Unidentified,,,False,True,True,False,True,False,False,False,False,False,False,False,False,False,False,False,False,False,False,False,False,False,True,False,True
A15_OE21-4-POS_13089,400.144484,2.179,Thermoproteota,Archaea,composite,Platinum,Platinum,Unidentified,,,False,True,True,False,True,False,False,False,False,False,False,False,False,False,False,False,False,False,False,False,False,False,True,False,True
A15_OE21-4-POS_13953,399.134913,2.2259,Thermoproteota,Archaea,composite,Platinum,Platinum,Unidentified,,,False,True,True,False,True,False,False,False,False,False,False,False,False,False,False,False,False,False,False,False,False,False,True,False,True
A15_OE21-4-POS_15936,448.140225,2.2877,Thermoproteota,Archaea,composite,Platinum,Platinum,Unidentified,,,False,True,True,False,True,False,False,False,False,False,False,False,False,False,False,False,False,False,False,False,False,False,True,False,True
A15_OE21-4-POS_16208,497.176383,2.3379,Thermoproteota,Archaea,composite,Platinum,Platinum,Unidentified,,,False,True,True,False,True,False,False,False,False,False,False,False,False,False,False,False,False,False,False,False,False,False,True,False,True
A15_OE21-4-POS_16437,417.129718,2.3379,Thermoproteota,Archaea,composite,Platinum,Platinum,Unidentified,,,False,True,True,False,True,False,False,False,False,False,False,False,False,False,False,False,False,False,False,False,False,False,True,False,True
A15_OE21-4-POS_16785,511.19237,2.3757,Thermoproteota,Archaea,composite,Platinum,Platinum,Unidentified,,,False,True,True,False,True,False,False,False,False,False,False,False,False,False,False,False,False,False,False,False,False,False,True,False,True
A15_OE21-4-POS_177265,1100.742304,16.4017,Thermoproteota,Archaea,composite,Platinum,Platinum,Unidentified,,,False,True,True,False,True,False,False,False,False,False,False,False,False,False,False,False,False,False,False,False,False,False,True,False,True
A15_OE21-4-POS_180697,1116.718262,16.6066,Thermoproteota,Archaea,composite,Platinum,Platinum,Unidentified,,,False,True,True,False,True,False,False,False,False,False,False,False,False,False,False,False,False,False,False,False,False,False,True,False,True
A15_OE21-4-POS_196825,615.387138,17.9088,Thermoproteota,Archaea,composite,Platinum,Platinum,Unidentified,,,False,True,True,False,True,False,False,False,False,False,False,False,False,False,False,False,False,False,False,False,False,False,True,False,True
A15_OE21-4-POS_19709,386.12868,2.5873,Thermoproteota,Archaea,composite,Platinum,Platinum,Unidentified,,,False,True,True,False,True,False,False,False,False,False,False,False,False,False,False,False,False,False,False,False,False,False,True,False,True
A15_OE21-4-POS_19939,371.141708,2.5623,Thermoproteota,Archaea,composite,Platinum,Platinum,Unidentified,,,False,True,True,False,True,False,False,False,False,False,False,False,False,False,False,False,False,False,False,False,False,False,True,False,True
A15_OE21-4-POS_19940,740.268517,2.5623,Thermoproteota,Archaea,composite,Platinum,Platinum,Unidentified,,,False,True,True,False,True,False,False,False,False,False,False,False,False,False,False,False,False,False,False,False,False,False,True,False,True
A15_OE21-4-POS_20074,370.134143,2.5748,Thermoproteota,Archaea,composite,Platinum,Platinum,Unidentified,,,False,True,True,False,True,False,False,False,False,False,False,False,False,False,False,False,False,False,False,False,False,False,True,False,True
A15_OE21-4-POS_203529,933.650908,18.4801,Thermoproteota,Archaea,composite,Platinum,Platinum,Unidentified,,,False,True,True,False,True,False,False,False,False,False,False,False,False,False,False,False,False,False,False,False,False,False,True,False,True
A15_OE21-4-POS_203531,939.662819,18.4801,Thermoproteota,Archaea,composite,Platinum,Platinum,Unidentified,,,False,True,True,False,True,False,False,False,False,False,False,False,False,False,False,False,False,False,False,False,False,False,True,False,True
A15_OE21-4-POS_203532,1024.640461,18.4968,Thermoproteota,Archaea,composite,Platinum,Platinum,Unidentified,,,False,True,True,False,True,False,False,False,False,False,False,False,False,False,False,False,False,False,False,False,False,False,True,False,True
A15_OE21-4-POS_204911,939.662748,18.5218,Thermoproteota,Archaea,composite,Platinum,Platinum,Unidentified,,,False,True,True,False,True,False,False,False,False,False,False,False,False,False,False,False,False,False,False,False,False,False,True,False,True
A15_OE21-4-POS_206619,1024.639637,18.6968,Thermoproteota,Archaea,composite,Platinum,Platinum,Unidentified,,,False,True,True,False,True,False,False,False,False,False,False,False,False,False,False,False,False,False,False,False,False,False,True,False,True
A15_OE21-4-POS_208648,1010.622529,18.9285,Thermoproteota,Archaea,composite,Platinum,Platinum,Unidentified,,,False,True,True,False,True,False,False,False,False,False,False,False,False,False,False,False,False,False,False,False,False,False,True,False,True
A15_OE21-4-POS_209401,1012.621692,18.939,Thermoproteota,Archaea,composite,Platinum,Platinum,Unidentified,,,False,True,True,False,True,False,False,False,False,False,False,False,False,False,False,False,False,False,False,False,False,False,True,False,True
A15_OE21-4-POS_209996,731.520707,19.0115,Thermoproteota,Archaea,composite,Platinum,Platinum,Unidentified,,,False,True,True,False,True,False,False,False,False,False,False,False,False,False,False,False,False,False,False,False,False,False,True,False,True
A15_OE21-4-POS_211665,522.597084,19.161,Thermoproteota,Archaea,composite,Platinum,Platinum,Unidentified,,,False,True,True,False,True,False,False,False,False,False,False,False,False,False,False,False,False,False,False,False,False,False,True,False,True
A15_OE21-4-POS_212590,1042.596212,19.3204,Thermoproteota,Archaea,composite,Platinum,Platinum,Unidentified,,,False,True,True,False,True,False,False,False,False,False,False,False,False,False,False,False,False,False,False,False,False,False,True,False,True
A15_OE21-4-POS_214496,675.545231,19.4596,Thermoproteota,Archaea,composite,Platinum,Platinum,Unidentified,,,False,True,True,False,True,False,False,False,False,False,False,False,False,False,False,False,False,False,False,False,False,False,True,False,True
A15_OE21-4-POS_215486,697.527633,19.5972,Thermoproteota,Archaea,composite,Platinum,Platinum,Unidentified,,,False,True,True,False,True,False,False,False,False,False,False,False,False,False,False,False,False,False,False,False,False,False,True,False,True
A15_OE21-4-POS_215820,675.545311,19.5972,Thermoproteota,Archaea,composite,Platinum,Platinum,Unidentified,,,False,True,True,False,True,False,False,False,False,False,False,False,False,False,False,False,False,False,False,False,False,False,True,False,True
A15_OE21-4-POS_217581,880.544138,19.8059,Thermoproteota,Archaea,composite,Platinum,Platinum,Unidentified,,,False,True,True,False,True,False,False,False,False,False,False,False,False,False,False,False,False,False,False,False,False,False,True,False,True
A15_OE21-4-POS_22019,514.215428,2.6752,Thermoproteota,Archaea,composite,Platinum,Platinum,Unidentified,,,False,True,True,False,True,False,False,False,False,False,False,False,False,False,False,False,False,False,False,False,False,False,True,False,True
A15_OE21-4-POS_221,377.12796,1.6122,Thermoproteota,Archaea,composite,Platinum,Platinum,Unidentified,,,False,True,True,False,True,False,False,False,False,False,False,False,False,False,False,False,False,False,False,False,False,False,True,False,True
A15_OE21-4-POS_222400,744.54216,20.4451,Thermoproteota,Archaea,composite,Platinum,Platinum,Unidentified,,,False,True,True,False,True,False,False,False,False,False,False,False,False,False,False,False,False,False,False,False,False,False,True,False,True
A15_OE21-4-POS_222429,742.526309,20.4416,Thermoproteota,Archaea,composite,Platinum,Platinum,Unidentified,,,False,True,True,False,True,False,False,False,False,False,False,False,False,False,False,False,False,False,False,False,False,False,True,False,True
A15_OE21-4-POS_223249,744.542262,20.4929,Thermoproteota,Archaea,composite,Platinum,Platinum,Unidentified,,,False,True,True,False,True,False,False,False,False,False,False,False,False,False,False,False,False,False,False,False,False,False,True,False,True
A15_OE21-4-POS_224985,932.774355,20.7194,Thermoproteota,Archaea,composite,Platinum,Platinum,Unidentified,,,False,True,True,False,True,False,False,False,False,False,False,False,False,False,False,False,False,False,False,False,False,False,True,False,True
A15_OE21-4-POS_225,393.120965,1.6285,Thermoproteota,Archaea,composite,Platinum,Platinum,Unidentified,,,False,True,False,False,True,False,False,False,False,False,False,False,False,False,False,False,False,False,False,False,False,False,True,False,True
A15_OE21-4-POS_225247,660.456105,20.8095,Thermoproteota,Archaea,composite,Platinum,Platinum,Unidentified,,,False,True,True,False,True,False,False,False,False,False,False,False,False,False,False,False,False,False,False,False,False,False,True,False,True
A15_OE21-4-POS_225467,889.573686,20.7717,Thermoproteota,Archaea,composite,Platinum,Platinum,Unidentified,,,False,True,True,False,True,False,False,False,False,False,False,False,False,False,False,False,False,False,False,False,False,False,True,False,True
A15_OE21-4-POS_226314,653.563501,20.9473,Thermoproteota,Archaea,composite,Platinum,Platinum,Unidentified,,,False,True,True,False,True,False,False,False,False,False,False,False,False,False,False,False,False,False,False,False,False,False,True,False,True
A15_OE21-4-POS_227959,850.567069,21.3158,Thermoproteota,Archaea,composite,Platinum,Platinum,Unidentified,,,False,True,True,False,True,False,False,False,False,False,False,False,False,False,False,False,False,False,False,False,False,False,True,False,True
A15_OE21-4-POS_22882,382.13349,2.762,Thermoproteota,Archaea,composite,Platinum,Platinum,Unidentified,,,False,True,True,False,True,False,False,False,False,False,False,False,False,False,False,False,False,False,False,False,False,False,True,False,True
A15_OE21-4-POS_229181,584.46128,21.5244,Thermoproteota,Archaea,composite,Platinum,Platinum,Unidentified,,,False,True,True,False,True,False,False,False,False,False,False,False,False,False,False,False,False,False,False,False,False,False,True,False,True
A15_OE21-4-POS_229769,584.461262,21.6307,Thermoproteota,Archaea,composite,Platinum,Platinum,Unidentified,,,False,True,True,False,True,False,False,False,False,False,False,False,False,False,False,False,False,False,False,False,False,False,True,False,True
A15_OE21-4-POS_230842,640.458569,21.9382,Thermoproteota,Archaea,composite,Platinum,Platinum,Unidentified,,,False,True,True,False,True,False,False,False,False,False,False,False,False,False,False,False,False,False,False,False,False,False,True,False,True
A15_OE21-4-POS_231201,723.632305,22.047,Thermoproteota,Archaea,composite,Platinum,Platinum,Unidentified,,,False,True,True,False,True,False,False,False,False,False,False,False,False,False,False,False,False,False,False,False,False,False,True,False,True
A15_OE21-4-POS_231242,586.478143,22.1006,Thermoproteota,Archaea,composite,Platinum,Platinum,Unidentified,,,False,True,True,False,True,False,False,False,False,False,False,False,False,False,False,False,False,False,False,False,False,False,True,False,True
A15_OE21-4-POS_231498,689.499192,22.1829,Thermoproteota,Archaea,composite,Platinum,Platinum,Unidentified,,,False,True,True,False,True,False,False,False,False,False,False,False,False,False,False,False,False,False,False,False,False,False,True,False,True
A15_OE21-4-POS_231592,586.47795,22.2061,Thermoproteota,Archaea,composite,Platinum,Platinum,Unidentified,,,False,True,True,False,True,False,False,False,False,False,False,False,False,False,False,False,False,False,False,False,False,False,True,False,True
A15_OE21-4-POS_231746,1336.122363,22.2428,Thermoproteota,Archaea,composite,Platinum,Platinum,Unidentified,,,False,True,True,False,True,False,False,False,False,False,False,False,False,False,False,False,False,False,False,False,False,False,True,False,True
A15_OE21-4-POS_231783,1337.127369,22.255,Thermoproteota,Archaea,composite,Platinum,Platinum,Unidentified,,,False,True,True,False,True,False,False,False,False,False,False,False,False,False,False,False,False,False,False,False,False,False,True,False,True
A15_OE21-4-POS_233134,711.48183,22.8052,Thermoproteota,Archaea,composite,Platinum,Platinum,Unidentified,,,False,True,True,False,True,False,False,False,False,False,False,False,False,False,False,False,False,False,False,False,False,False,True,False,True
A15_OE21-4-POS_233202,600.492743,22.8835,Thermoproteota,Archaea,composite,Platinum,Platinum,Unidentified,,,False,True,True,False,True,False,False,False,False,False,False,False,False,False,False,False,False,False,False,False,False,False,True,False,True
A15_OE21-4-POS_233282,872.514025,22.9036,Thermoproteota,Archaea,composite,Platinum,Platinum,Unidentified,,,False,True,True,False,True,False,False,False,False,False,False,False,False,False,False,False,False,False,False,False,False,False,True,False,True
A15_OE21-4-POS_233308,600.493729,22.9337,Thermoproteota,Archaea,composite,Platinum,Platinum,Unidentified,,,False,True,True,False,True,False,False,False,False,False,False,False,False,False,False,False,False,False,False,False,False,False,True,False,True
A15_OE21-4-POS_233553,632.465119,23.1623,Thermoproteota,Archaea,composite,Platinum,Platinum,Unidentified,,,False,True,True,False,True,False,False,False,False,False,False,False,False,False,False,False,False,False,False,False,False,False,True,False,True
A15_OE21-4-POS_25706,503.202202,3.0209,Thermoproteota,Archaea,composite,Platinum,Platinum,Unidentified,,,False,True,True,False,True,False,False,False,False,False,False,False,False,False,False,False,False,False,False,False,False,False,True,False,True
A15_OE21-4-POS_3055,397.10022,1.7027,Thermoproteota,Archaea,composite,Platinum,Platinum,Unidentified,,,False,True,True,False,True,False,False,False,False,False,False,False,False,False,False,False,False,False,False,False,False,False,True,False,True
A15_OE21-4-POS_37069,382.133474,3.9155,Thermoproteota,Archaea,composite,Platinum,Platinum,Unidentified,,,False,True,True,False,True,False,False,False,False,False,False,False,False,False,False,False,False,False,False,False,False,False,True,False,True
A15_OE21-4-POS_3727,335.128656,1.7252,Thermoproteota,Archaea,composite,Platinum,Platinum,Unidentified,,,False,True,True,False,True,False,False,False,False,False,False,False,False,False,False,False,False,False,False,False,False,False,True,False,True
A15_OE21-4-POS_37362,383.137024,3.8875,Thermoproteota,Archaea,composite,Platinum,Platinum,Unidentified,,,False,True,True,False,True,False,False,False,False,False,False,False,False,False,False,False,False,False,False,False,False,False,True,False,True
A15_OE21-4-POS_39989,511.191763,4.1352,Thermoproteota,Archaea,composite,Platinum,Platinum,Unidentified,,,False,True,True,False,True,False,False,False,False,False,False,False,False,False,False,False,False,False,False,False,False,False,True,False,True
A15_OE21-4-POS_41483,575.210051,4.2428,Thermoproteota,Archaea,composite,Platinum,Platinum,Unidentified,,,False,True,True,False,True,False,False,False,False,False,False,False,False,False,False,False,False,False,False,False,False,False,True,False,True
A15_OE21-4-POS_41535,511.191902,4.2056,Thermoproteota,Archaea,composite,Platinum,Platinum,Unidentified,,,False,True,True,False,True,False,False,False,False,False,False,False,False,False,False,False,False,False,False,False,False,False,True,False,True
A15_OE21-4-POS_4423,285.079654,1.7466,Thermoproteota,Archaea,composite,Platinum,Platinum,Unidentified,,,False,True,True,False,True,False,False,False,False,False,False,False,False,False,False,False,False,False,False,False,False,False,True,False,True
A15_OE21-4-POS_44676,382.133392,4.5373,Thermoproteota,Archaea,composite,Platinum,Platinum,Unidentified,,,False,True,True,False,True,False,False,False,False,False,False,False,False,False,False,False,False,False,False,False,False,False,True,False,True
A15_OE21-4-POS_44677,383.136854,4.5373,Thermoproteota,Archaea,composite,Platinum,Platinum,Unidentified,,,False,True,True,False,True,False,False,False,False,False,False,False,False,False,False,False,False,False,False,False,False,False,True,False,True
A15_OE21-4-POS_4521,384.14917,1.7607,Thermoproteota,Archaea,composite,Platinum,Platinum,Unidentified,,,False,True,True,False,True,False,False,False,False,False,False,False,False,False,False,False,False,False,False,False,False,False,True,False,True
A15_OE21-4-POS_47680,308.143461,4.7293,Thermoproteota,Archaea,composite,Platinum,Platinum,Unidentified,,,False,True,True,False,True,False,False,False,False,False,False,False,False,False,False,False,False,False,False,False,False,False,True,False,True
A15_OE21-4-POS_4979,518.168832,1.7837,Thermoproteota,Archaea,composite,Platinum,Platinum,Unidentified,,,False,True,True,False,True,False,False,False,False,False,False,False,False,False,False,False,False,False,False,False,False,False,True,False,True
A15_OE21-4-POS_51162,497.17653,4.983,Thermoproteota,Archaea,composite,Platinum,Platinum,Unidentified,,,False,True,True,False,True,False,False,False,False,False,False,False,False,False,False,False,False,False,False,False,False,False,True,False,True
A15_OE21-4-POS_51163,498.179682,4.983,Thermoproteota,Archaea,composite,Platinum,Platinum,Unidentified,,,False,True,True,False,True,False,False,False,False,False,False,False,False,False,False,False,False,False,False,False,False,False,True,False,True
A15_OE21-4-POS_55100,386.128807,5.2988,Thermoproteota,Archaea,composite,Platinum,Platinum,Unidentified,,,False,True,True,False,True,False,False,False,False,False,False,False,False,False,False,False,False,False,False,False,False,False,True,False,True
A15_OE21-4-POS_5820,275.063289,1.8257,Thermoproteota,Archaea,composite,Platinum,Platinum,Unidentified,,,False,True,True,False,True,False,False,False,False,False,False,False,False,False,False,False,False,False,False,False,False,False,True,False,True
A15_OE21-4-POS_7301,370.133672,1.8975,Thermoproteota,Archaea,composite,Platinum,Platinum,Unidentified,,,False,True,True,False,True,False,False,False,False,False,False,False,False,False,False,False,False,False,False,False,False,False,True,False,True
A15_OE21-4-POS_7737,391.108715,1.8963,Thermoproteota,Archaea,composite,Platinum,Platinum,Unidentified,,,False,True,True,False,True,False,False,False,False,False,False,False,False,False,False,False,False,False,False,False,False,False,True,False,True
A15_OE21-4-POS_7941,499.191587,1.9199,Thermoproteota,Archaea,composite,Platinum,Platinum,Unidentified,,,False,True,True,False,True,False,False,False,False,False,False,False,False,False,False,False,False,False,False,False,False,False,True,False,True
A15_OE21-4-POS_8223,375.148876,1.9534,Thermoproteota,Archaea,composite,Platinum,Platinum,Unidentified,,,False,True,True,False,True,False,False,False,False,False,False,False,False,False,False,False,False,False,False,False,False,False,True,False,True
A15_OE21-4-POS_9358,386.164832,1.9872,Thermoproteota,Archaea,composite,Platinum,Platinum,Unidentified,,,False,True,True,False,True,False,False,False,False,False,False,False,False,False,False,False,False,False,False,False,False,False,True,False,True
A15_OE21-4-POS_966,404.138772,1.6374,Thermoproteota,Archaea,composite,Platinum,Platinum,Unidentified,,,False,True,True,False,True,False,False,False,False,False,False,False,False,False,False,False,False,False,False,False,False,False,True,False,True
A15_OE21-4-POS_969,416.138848,1.629,Thermoproteota,Archaea,composite,Platinum,Platinum,Unidentified,,,False,True,True,False,True,False,False,False,False,False,False,False,False,False,False,False,False,False,False,False,False,False,True,False,True
A15_OE25-1-ALL_10417,867.522716,7.6582,Evosea,Protists,composite,Platinum,Platinum,Unidentified,,,False,True,True,False,True,False,False,False,False,False,False,False,False,False,False,False,False,False,False,False,False,False,True,False,True
A15_OE25-1-ALL_11000,821.477697,8.1706,Evosea,Protists,composite,Platinum,Platinum,Unidentified,,,False,True,True,False,True,False,False,False,False,False,False,False,False,False,False,False,False,False,False,False,False,False,True,False,True
A15_OE25-1-ALL_1250,613.304866,1.6484,Evosea,Protists,composite,Platinum,Diamond,Unidentified,,,False,True,True,False,True,False,False,False,False,False,False,False,False,False,False,False,False,False,False,False,False,False,True,False,True
A15_OE25-1-ALL_12537,688.43011,9.4942,Evosea,Protists,composite,Platinum,Platinum,Unidentified,,,False,True,False,False,True,False,False,False,False,False,False,False,False,False,False,False,False,False,False,False,False,False,True,False,True
A15_OE25-1-ALL_13080,825.512028,9.8465,Evosea,Protists,composite,Platinum,Platinum,Unidentified,,,False,True,False,False,True,False,False,False,False,False,False,False,False,False,False,False,False,False,False,False,False,False,True,False,True
A15_OE25-1-ALL_13164,696.456421,9.861,Evosea,Protists,composite,Platinum,Platinum,Unidentified,,,False,True,False,False,True,False,False,False,False,False,False,False,False,False,False,False,False,False,False,False,False,False,True,False,True
A15_OE25-1-ALL_13393,679.433141,9.9959,Evosea,Protists,composite,Platinum,Platinum,Unidentified,,,False,True,True,False,True,False,False,False,False,False,False,False,False,False,False,False,False,False,False,False,False,False,True,False,True
A15_OE25-1-ALL_13734,972.637489,10.2426,Evosea,Protists,composite,Platinum,Platinum,Unidentified,,,False,True,False,False,True,False,False,False,False,False,False,False,False,False,False,False,False,False,False,False,False,False,True,False,True
A15_OE25-1-ALL_13786,955.610216,10.2391,Evosea,Protists,composite,Platinum,Platinum,Unidentified,,,False,True,False,False,True,False,False,False,False,False,False,False,False,False,False,False,False,False,False,False,False,False,True,False,True
A15_OE25-1-ALL_14099,876.572238,10.375,Evosea,Protists,composite,Platinum,Diamond,Unidentified,,,False,True,True,False,True,False,False,False,False,False,False,False,False,False,False,False,False,False,False,False,False,False,True,False,True
A15_OE25-1-ALL_14398,538.482933,10.5206,Evosea,Protists,composite,Platinum,Platinum,Unidentified,,,False,True,True,False,True,False,False,False,False,False,False,False,False,False,False,False,False,False,False,False,False,False,True,False,True
A15_OE25-1-ALL_14834,919.590205,10.7176,Evosea,Protists,composite,Platinum,Diamond,Unidentified,,,False,True,True,False,True,False,False,False,False,False,False,False,False,False,False,False,False,False,False,False,False,False,True,False,True
A15_OE25-1-ALL_15317,959.582513,11.074,Evosea,Protists,composite,Platinum,Platinum,Unidentified,,,False,True,False,False,True,False,False,False,False,False,False,False,False,False,False,False,False,False,False,False,False,False,True,False,True
A15_OE25-1-ALL_15318,751.451496,11.0563,Evosea,Protists,composite,Platinum,Diamond,Unidentified,,,False,True,False,False,True,False,False,False,False,False,False,False,False,False,False,False,False,False,False,False,False,False,True,False,True
A15_OE25-1-ALL_15353,919.589997,11.0656,Evosea,Protists,composite,Platinum,Diamond,Unidentified,,,False,True,True,False,True,False,False,False,False,False,False,False,False,False,False,False,False,False,False,False,False,False,True,False,True
A15_OE25-1-ALL_15524,937.601553,11.1324,Evosea,Protists,composite,Platinum,Platinum,Unidentified,,,False,True,True,False,True,False,False,False,False,False,False,False,False,False,False,False,False,False,False,False,False,False,True,False,True
A15_OE25-1-ALL_15804,569.532354,11.3174,Evosea,Protists,composite,Platinum,Platinum,Unidentified,,,False,True,True,False,True,False,False,False,False,False,False,False,False,False,False,False,False,False,False,False,False,False,True,False,True
A15_OE25-1-ALL_15996,569.532451,11.3572,Evosea,Protists,composite,Platinum,Platinum,Unidentified,,,False,True,True,False,True,False,False,False,False,False,False,False,False,False,False,False,False,False,False,False,False,False,True,False,True
A15_OE25-1-ALL_16593,1529.926976,11.6767,Evosea,Protists,composite,Platinum,Platinum,Unidentified,,,False,True,False,False,True,False,False,False,False,False,False,False,False,False,False,False,False,False,False,False,False,False,True,False,True
A15_OE25-1-ALL_16754,1507.94465,11.6896,Evosea,Protists,composite,Platinum,Diamond,Unidentified,,,False,True,True,False,True,False,False,False,False,False,False,False,False,False,False,False,False,False,False,False,False,False,True,False,True
A15_OE25-1-ALL_17019,943.586871,11.8157,Evosea,Protists,composite,Platinum,Diamond,Unidentified,,,False,True,True,False,True,False,False,False,False,False,False,False,False,False,False,False,False,False,False,False,False,False,True,False,True
A15_OE25-1-ALL_17101,938.632644,11.8288,Evosea,Protists,composite,Platinum,Platinum,Unidentified,,,False,True,True,False,True,False,False,False,False,False,False,False,False,False,False,False,False,False,False,False,False,False,True,False,True
A15_OE25-1-ALL_17240,1469.987142,11.9048,Evosea,Protists,composite,Platinum,Diamond,Unidentified,,,False,True,True,False,True,False,False,False,False,False,False,False,False,False,False,False,False,False,False,False,False,False,True,False,True
A15_OE25-1-ALL_17244,1491.966802,11.9159,Evosea,Protists,composite,Platinum,Diamond,Unidentified,,,False,True,True,False,True,False,False,False,False,False,False,False,False,False,False,False,False,False,False,False,False,False,True,False,True
A15_OE25-1-ALL_17289,1409.958312,11.9305,Evosea,Protists,composite,Platinum,Diamond,Unidentified,,,False,True,True,False,True,False,False,False,False,False,False,False,False,False,False,False,False,False,False,False,False,False,True,False,True
A15_OE25-1-ALL_17297,1432.941845,11.9479,Evosea,Protists,composite,Platinum,Platinum,Unidentified,,,False,True,False,False,True,False,False,False,False,False,False,False,False,False,False,False,False,False,False,False,False,False,True,False,True
A15_OE25-1-ALL_17306,1498.046583,11.9485,Evosea,Protists,composite,Platinum,Diamond,Unidentified,,,False,True,True,False,True,False,False,False,False,False,False,False,False,False,False,False,False,False,False,False,False,False,True,False,True
A15_OE25-1-ALL_17321,1431.939153,11.9487,Evosea,Protists,composite,Platinum,Platinum,Unidentified,,,False,True,True,False,True,False,False,False,False,False,False,False,False,False,False,False,False,False,False,False,False,False,True,False,True
A15_OE25-1-ALL_17329,1410.961858,11.9444,Evosea,Protists,composite,Platinum,Diamond,Unidentified,,,False,True,True,False,True,False,False,False,False,False,False,False,False,False,False,False,False,False,False,False,False,False,True,False,True
A15_OE25-1-ALL_17374,816.472459,11.979,Evosea,Protists,composite,Platinum,Diamond,Unidentified,,,False,True,True,False,True,False,False,False,False,False,False,False,False,False,False,False,False,False,False,False,False,False,True,False,True
A15_OE25-1-ALL_17383,1111.736292,11.9696,Evosea,Protists,composite,Platinum,Diamond,Unidentified,,,False,True,True,False,True,False,False,False,False,False,False,False,False,False,False,False,False,False,False,False,False,False,True,False,True
A15_OE25-1-ALL_17385,748.986897,11.9751,Evosea,Protists,composite,Platinum,Diamond,Unidentified,,,False,True,True,False,True,False,False,False,False,False,False,False,False,False,False,False,False,False,False,False,False,False,True,False,True
A15_OE25-1-ALL_17388,1473.985198,11.9748,Evosea,Protists,composite,Platinum,Diamond,Unidentified,,,False,True,True,False,True,False,False,False,False,False,False,False,False,False,False,False,False,False,False,False,False,False,True,False,True
A15_OE25-1-ALL_17419,1452.004589,11.9797,Evosea,Protists,composite,Platinum,Diamond,Unidentified,,,False,True,True,False,True,False,False,False,False,False,False,False,False,False,False,False,False,False,False,False,False,False,True,False,True
A15_OE25-1-ALL_17426,1453.00796,11.9836,Evosea,Protists,composite,Platinum,Diamond,Unidentified,,,False,True,True,False,True,False,False,False,False,False,False,False,False,False,False,False,False,False,False,False,False,False,True,False,True
A15_OE25-1-ALL_17439,1463.995486,11.9703,Evosea,Protists,composite,Platinum,Platinum,Unidentified,,,False,True,True,False,True,False,False,False,False,False,False,False,False,False,False,False,False,False,False,False,False,False,True,False,True
A15_OE25-1-ALL_17456,1476.991597,11.988,Evosea,Protists,composite,Platinum,Platinum,Unidentified,,,False,True,True,False,True,False,False,False,False,False,False,False,False,False,False,False,False,False,False,False,False,False,True,False,True
A15_OE25-1-ALL_17511,1478.965082,12.0364,Evosea,Protists,composite,Platinum,Platinum,Unidentified,,,False,True,True,False,True,False,False,False,False,False,False,False,False,False,False,False,False,False,False,False,False,False,True,False,True
A15_OE25-1-ALL_17656,1562.022461,12.0594,Evosea,Protists,composite,Platinum,Diamond,Unidentified,,,False,True,True,False,True,False,False,False,False,False,False,False,False,False,False,False,False,False,False,False,False,False,True,False,True
A15_OE25-1-ALL_17672,1540.041968,12.0643,Evosea,Protists,composite,Platinum,Diamond,Unidentified,,,False,True,True,False,True,False,False,False,False,False,False,False,False,False,False,False,False,False,False,False,False,False,True,False,True
A15_OE25-1-ALL_17752,1111.736424,12.1049,Evosea,Protists,composite,Platinum,Diamond,Unidentified,,,False,True,True,False,True,False,False,False,False,False,False,False,False,False,False,False,False,False,False,False,False,False,True,False,True
A15_OE25-1-ALL_17928,817.477727,12.182,Evosea,Protists,composite,Platinum,Platinum,Unidentified,,,False,True,True,False,True,False,False,False,False,False,False,False,False,False,False,False,False,False,False,False,False,False,True,False,True
A15_OE25-1-ALL_18011,683.481483,12.1805,Evosea,Protists,composite,Platinum,Platinum,Unidentified,,,False,True,True,False,True,False,False,False,False,False,False,False,False,False,False,False,False,False,False,False,False,False,True,False,True
A15_OE25-1-ALL_18711,781.438807,12.3961,Evosea,Protists,composite,Platinum,Platinum,Unidentified,,,False,True,False,False,True,False,False,False,False,False,False,False,False,False,False,False,False,False,False,False,False,False,True,False,True
A15_OE25-1-ALL_18932,820.531152,12.4992,Evosea,Protists,composite,Platinum,Platinum,Unidentified,,,False,True,True,False,True,False,False,False,False,False,False,False,False,False,False,False,False,False,False,False,False,False,True,False,True
A15_OE25-1-ALL_19104,610.425419,12.5547,Evosea,Protists,composite,Platinum,Diamond,Unidentified,,,False,True,True,False,True,False,False,False,False,False,False,False,False,False,False,False,False,False,False,False,False,False,True,False,True
A15_OE25-1-ALL_19155,615.380359,12.5426,Evosea,Protists,composite,Platinum,Platinum,Unidentified,,,False,True,False,False,True,False,False,False,False,False,False,False,False,False,False,False,False,False,False,False,False,False,True,False,True
A15_OE25-1-ALL_19185,783.45423,12.5826,Evosea,Protists,composite,Platinum,Platinum,Unidentified,,,False,True,False,False,True,False,False,False,False,False,False,False,False,False,False,False,False,False,False,False,False,False,True,False,True
A15_OE25-1-ALL_19217,789.463186,12.5919,Evosea,Protists,composite,Platinum,Platinum,Unidentified,,,False,True,False,False,True,False,False,False,False,False,False,False,False,False,False,False,False,False,False,False,False,False,True,False,True
A15_OE25-1-ALL_20191,1493.040491,12.925,Evosea,Protists,composite,Platinum,Diamond,Unidentified,,,False,True,True,False,True,False,False,False,False,False,False,False,False,False,False,False,False,False,False,False,False,False,True,False,True
A15_OE25-1-ALL_20570,1475.016332,13.0103,Evosea,Protists,composite,Platinum,Platinum,Unidentified,,,False,True,False,False,True,False,False,False,False,False,False,False,False,False,False,False,False,False,False,False,False,False,True,False,True
A15_OE25-1-ALL_20748,763.503712,13.0766,Evosea,Protists,composite,Platinum,Diamond,Unidentified,,,False,True,True,False,True,False,False,False,False,False,False,False,False,False,False,False,False,False,False,False,False,False,True,False,True
A15_OE25-1-ALL_20886,1521.01182,13.1205,Evosea,Protists,composite,Platinum,Diamond,Unidentified,,,False,True,True,False,True,False,False,False,False,False,False,False,False,False,False,False,False,False,False,False,False,False,True,False,True
A15_OE25-1-ALL_21009,1522.015839,13.1532,Evosea,Protists,composite,Platinum,Diamond,Unidentified,,,False,True,True,False,True,False,False,False,False,False,False,False,False,False,False,False,False,False,False,False,False,False,True,False,True
A15_OE25-1-ALL_21058,1542.017107,13.1813,Evosea,Protists,composite,Platinum,Diamond,Unidentified,,,False,True,True,False,True,False,False,False,False,False,False,False,False,False,False,False,False,False,False,False,False,False,True,False,True
A15_OE25-1-ALL_21070,1565.009845,13.1727,Evosea,Protists,composite,Platinum,Diamond,Unidentified,,,False,True,True,False,True,False,False,False,False,False,False,False,False,False,False,False,False,False,False,False,False,False,True,False,True
A15_OE25-1-ALL_21111,1533.01854,13.1805,Evosea,Protists,composite,Platinum,Diamond,Unidentified,,,False,True,True,False,True,False,False,False,False,False,False,False,False,False,False,False,False,False,False,False,False,False,True,False,True
A15_OE25-1-ALL_21127,1564.005179,13.1854,Evosea,Protists,composite,Platinum,Diamond,Unidentified,,,False,True,True,False,True,False,False,False,False,False,False,False,False,False,False,False,False,False,False,False,False,False,True,False,True
A15_OE25-1-ALL_21145,1534.020826,13.1808,Evosea,Protists,composite,Platinum,Diamond,Unidentified,,,False,True,True,False,True,False,False,False,False,False,False,False,False,False,False,False,False,False,False,False,False,False,True,False,True
A15_OE25-1-ALL_21152,815.479812,13.1799,Evosea,Protists,composite,Platinum,Platinum,Unidentified,,,False,True,False,False,True,False,False,False,False,False,False,False,False,False,False,False,False,False,False,False,False,False,True,False,True
A15_OE25-1-ALL_21170,1559.051535,13.1845,Evosea,Protists,composite,Platinum,Diamond,Unidentified,,,False,True,True,False,True,False,False,False,False,False,False,False,False,False,False,False,False,False,False,False,False,False,True,False,True
A15_OE25-1-ALL_21197,1543.022632,13.1808,Evosea,Protists,composite,Platinum,Diamond,Unidentified,,,False,True,True,False,True,False,False,False,False,False,False,False,False,False,False,False,False,False,False,False,False,False,True,False,True
A15_OE25-1-ALL_21251,1486.017734,13.2337,Evosea,Protists,composite,Platinum,Diamond,Unidentified,,,False,True,True,False,True,False,False,False,False,False,False,False,False,False,False,False,False,False,False,False,False,False,True,False,True
A15_OE25-1-ALL_21257,1529.097358,13.2089,Evosea,Protists,composite,Platinum,Diamond,Unidentified,,,False,True,True,False,True,False,False,False,False,False,False,False,False,False,False,False,False,False,False,False,False,False,True,False,True
A15_OE25-1-ALL_21287,1553.081635,13.2093,Evosea,Protists,composite,Platinum,Diamond,Unidentified,,,False,True,True,False,True,False,False,False,False,False,False,False,False,False,False,False,False,False,False,False,False,False,True,False,True
A15_OE25-1-ALL_21334,1522.015294,13.1893,Evosea,Protists,composite,Platinum,Diamond,Unidentified,,,False,True,True,False,True,False,False,False,False,False,False,False,False,False,False,False,False,False,False,False,False,False,True,False,True
A15_OE25-1-ALL_21360,1531.104036,13.2058,Evosea,Protists,composite,Platinum,Diamond,Unidentified,,,False,True,False,False,True,False,False,False,False,False,False,False,False,False,False,False,False,False,False,False,False,False,True,False,True
A15_OE25-1-ALL_21420,1265.868471,13.2378,Evosea,Protists,composite,Platinum,Diamond,Unidentified,,,False,True,True,False,True,False,False,False,False,False,False,False,False,False,False,False,False,False,False,False,False,False,True,False,True
A15_OE25-1-ALL_21424,1600.151735,13.2514,Evosea,Protists,composite,Platinum,Diamond,Unidentified,,,False,True,True,False,True,False,False,False,False,False,False,False,False,False,False,False,False,False,False,False,False,False,True,False,True
A15_OE25-1-ALL_21446,598.42481,13.2635,Evosea,Protists,composite,Platinum,Diamond,Unidentified,,,False,True,True,False,True,False,False,False,False,False,False,False,False,False,False,False,False,False,False,False,False,False,True,False,True
A15_OE25-1-ALL_21475,626.456996,13.2719,Evosea,Protists,composite,Platinum,Platinum,Unidentified,,,False,True,True,False,True,False,False,False,False,False,False,False,False,False,False,False,False,False,False,False,False,False,True,False,True
A15_OE25-1-ALL_21477,313.157911,13.2725,Evosea,Protists,composite,Platinum,Diamond,Unidentified,,,False,True,True,False,True,False,False,False,False,False,False,False,False,False,False,False,False,False,False,False,False,False,True,False,True
A15_OE25-1-ALL_22003,1555.111452,13.4497,Evosea,Protists,composite,Platinum,Diamond,Unidentified,,,False,True,True,False,True,False,False,False,False,False,False,False,False,False,False,False,False,False,False,False,False,False,True,False,True
A15_OE25-1-ALL_22071,1554.109139,13.4576,Evosea,Protists,composite,Platinum,Diamond,Unidentified,,,False,True,True,False,True,False,False,False,False,False,False,False,False,False,False,False,False,False,False,False,False,False,True,False,True
A15_OE25-1-ALL_22198,1526.048992,13.4745,Evosea,Protists,composite,Platinum,Diamond,Unidentified,,,False,True,True,False,True,False,False,False,False,False,False,False,False,False,False,False,False,False,False,False,False,False,True,False,True
A15_OE25-1-ALL_22355,1556.122662,13.5244,Evosea,Protists,composite,Platinum,Diamond,Unidentified,,,False,True,True,False,True,False,False,False,False,False,False,False,False,False,False,False,False,False,False,False,False,False,True,False,True
A15_OE25-1-ALL_22396,1557.127883,13.5254,Evosea,Protists,composite,Platinum,Diamond,Unidentified,,,False,True,True,False,True,False,False,False,False,False,False,False,False,False,False,False,False,False,False,False,False,False,True,False,True
A15_OE25-1-ALL_22671,1514.049624,13.604,Evosea,Protists,composite,Platinum,Diamond,Unidentified,,,False,True,True,False,True,False,False,False,False,False,False,False,False,False,False,False,False,False,False,False,False,False,True,False,True
A15_OE25-1-ALL_22893,225.537699,13.6549,Evosea,Protists,composite,Platinum,Diamond,Unidentified,,,False,True,True,False,True,False,False,False,False,False,False,False,False,False,False,False,False,False,False,False,False,False,True,False,True
A15_OE25-1-ALL_22965,1538.041825,13.6943,Evosea,Protists,composite,Platinum,Diamond,Unidentified,,,False,True,True,False,True,False,False,False,False,False,False,False,False,False,False,False,False,False,False,False,False,False,True,False,True
A15_OE25-1-ALL_23072,1539.043931,13.7169,Evosea,Protists,composite,Platinum,Diamond,Unidentified,,,False,True,True,False,True,False,False,False,False,False,False,False,False,False,False,False,False,False,False,False,False,False,True,False,True
A15_OE25-1-ALL_23103,1488.033582,13.7026,Evosea,Protists,composite,Platinum,Diamond,Unidentified,,,False,True,True,False,True,False,False,False,False,False,False,False,False,False,False,False,False,False,False,False,False,False,True,False,True
A15_OE25-1-ALL_23477,1526.048439,13.8706,Evosea,Protists,composite,Platinum,Diamond,Unidentified,,,False,True,True,False,True,False,False,False,False,False,False,False,False,False,False,False,False,False,False,False,False,False,True,False,True
A15_OE25-1-ALL_23487,1525.042642,13.8786,Evosea,Protists,composite,Platinum,Diamond,Unidentified,,,False,True,True,False,True,False,False,False,False,False,False,False,False,False,False,False,False,False,False,False,False,False,True,False,True
A15_OE25-1-ALL_23676,1489.038442,13.9623,Evosea,Protists,composite,Platinum,Platinum,Unidentified,,,False,True,True,False,True,False,False,False,False,False,False,False,False,False,False,False,False,False,False,False,False,False,True,False,True
A15_OE25-1-ALL_23940,1455.023296,14.0287,Evosea,Protists,composite,Platinum,Diamond,Unidentified,,,False,True,True,False,True,False,False,False,False,False,False,False,False,False,False,False,False,False,False,False,False,False,True,False,True
A15_OE25-1-ALL_24596,874.436002,14.2491,Evosea,Protists,composite,Platinum,Diamond,Unidentified,,,False,True,True,False,True,False,False,False,False,False,False,False,False,False,False,False,False,False,False,False,False,False,True,False,True
A15_OE25-1-ALL_24718,1516.059011,14.2479,Evosea,Protists,composite,Platinum,Diamond,Unidentified,,,False,True,True,False,True,False,False,False,False,False,False,False,False,False,False,False,False,False,False,False,False,False,True,False,True
A15_OE25-1-ALL_24956,811.604403,14.3614,Evosea,Protists,composite,Platinum,Platinum,Unidentified,,,False,True,True,False,True,False,False,False,False,False,False,False,False,False,False,False,False,False,False,False,False,False,True,False,True
A15_OE25-1-ALL_24978,1552.095457,14.3606,Evosea,Protists,composite,Platinum,Diamond,Unidentified,,,False,True,True,False,True,False,False,False,False,False,False,False,False,False,False,False,False,False,False,False,False,False,True,False,True
A15_OE25-1-ALL_25275,1578.109082,14.455,Evosea,Protists,composite,Platinum,Diamond,Unidentified,,,False,True,True,False,True,False,False,False,False,False,False,False,False,False,False,False,False,False,False,False,False,False,True,False,True
A15_OE25-1-ALL_25626,1401.992193,14.595,Evosea,Protists,composite,Platinum,Diamond,Unidentified,,,False,True,True,False,True,False,False,False,False,False,False,False,False,False,False,False,False,False,False,False,False,False,True,False,True
A15_OE25-1-ALL_25849,1413.992675,14.6163,Evosea,Protists,composite,Platinum,Platinum,Unidentified,,,False,True,True,False,True,False,False,False,False,False,False,False,False,False,False,False,False,False,False,False,False,False,True,False,True
A15_OE25-1-ALL_25916,1402.993797,14.6269,Evosea,Protists,composite,Platinum,Diamond,Unidentified,,,False,True,True,False,True,False,False,False,False,False,False,False,False,False,False,False,False,False,False,False,False,False,True,False,True
A15_OE25-1-ALL_25985,1517.062534,14.7083,Evosea,Protists,composite,Platinum,Diamond,Unidentified,,,False,True,True,False,True,False,False,False,False,False,False,False,False,False,False,False,False,False,False,False,False,False,True,False,True
A15_OE25-1-ALL_26002,1516.059715,14.6738,Evosea,Protists,composite,Platinum,Diamond,Unidentified,,,False,True,True,False,True,False,False,False,False,False,False,False,False,False,False,False,False,False,False,False,False,False,True,False,True
A15_OE25-1-ALL_26252,1516.060278,14.7365,Evosea,Protists,composite,Platinum,Diamond,Unidentified,,,False,True,True,False,True,False,False,False,False,False,False,False,False,False,False,False,False,False,False,False,False,False,True,False,True
A15_OE25-1-ALL_26393,1483.057692,14.7818,Evosea,Protists,composite,Platinum,Diamond,Unidentified,,,False,True,True,False,True,False,False,False,False,False,False,False,False,False,False,False,False,False,False,False,False,False,True,False,True
A15_OE25-1-ALL_26539,1479.046727,14.8344,Evosea,Protists,composite,Platinum,Platinum,Unidentified,,,False,True,True,False,True,False,False,False,False,False,False,False,False,False,False,False,False,False,False,False,False,False,True,False,True
A15_OE25-1-ALL_2671,449.287175,2.1778,Evosea,Protists,composite,Platinum,Platinum,Unidentified,,,False,True,False,False,True,False,False,False,False,False,False,False,False,False,False,False,False,False,False,False,False,False,True,False,True
A15_OE25-1-ALL_26821,1454.023617,14.9707,Evosea,Protists,composite,Platinum,Diamond,Unidentified,,,False,True,True,False,True,False,False,False,False,False,False,False,False,False,False,False,False,False,False,False,False,False,True,False,True
A15_OE25-1-ALL_27017,1455.026799,14.9841,Evosea,Protists,composite,Platinum,Diamond,Unidentified,,,False,True,True,False,True,False,False,False,False,False,False,False,False,False,False,False,False,False,False,False,False,False,True,False,True
A15_OE25-1-ALL_27149,1542.129806,15.057,Evosea,Protists,composite,Platinum,Diamond,Unidentified,,,False,True,True,False,True,False,False,False,False,False,False,False,False,False,False,False,False,False,False,False,False,False,True,False,True
A15_OE25-1-ALL_27321,1518.07943,15.136,Evosea,Protists,composite,Platinum,Diamond,Unidentified,,,False,True,True,False,True,False,False,False,False,False,False,False,False,False,False,False,False,False,False,False,False,False,True,False,True
A15_OE25-1-ALL_27519,1544.095109,15.1912,Evosea,Protists,composite,Platinum,Diamond,Unidentified,,,False,True,True,False,True,False,False,False,False,False,False,False,False,False,False,False,False,False,False,False,False,False,True,False,True
A15_OE25-1-ALL_28870,1437.033549,15.658,Evosea,Protists,composite,Platinum,Platinum,Unidentified,,,False,True,True,False,True,False,False,False,False,False,False,False,False,False,False,False,False,False,False,False,False,False,True,False,True
A15_OE25-1-ALL_29253,1609.159066,15.7921,Evosea,Protists,composite,Platinum,Diamond,Unidentified,,,False,True,True,False,True,False,False,False,False,False,False,False,False,False,False,False,False,False,False,False,False,False,True,False,True
A15_OE25-1-ALL_29279,661.576281,15.8157,Evosea,Protists,composite,Platinum,Diamond,Unidentified,,,False,True,True,False,True,False,False,False,False,False,False,False,False,False,False,False,False,False,False,False,False,False,True,False,True
A15_OE25-1-ALL_29348,1608.155909,15.8274,Evosea,Protists,composite,Platinum,Diamond,Unidentified,,,False,True,True,False,True,False,False,False,False,False,False,False,False,False,False,False,False,False,False,False,False,False,True,False,True
A15_OE25-1-ALL_29355,680.588757,15.8164,Evosea,Protists,composite,Platinum,Diamond,Unidentified,,,False,True,True,False,True,False,False,False,False,False,False,False,False,False,False,False,False,False,False,False,False,False,True,False,True
A15_OE25-1-ALL_29396,662.579702,15.8398,Evosea,Protists,composite,Platinum,Diamond,Unidentified,,,False,True,True,False,True,False,False,False,False,False,False,False,False,False,False,False,False,False,False,False,False,False,True,False,True
A15_OE25-1-ALL_2989,492.270436,2.3482,Evosea,Protists,composite,Platinum,Diamond,Unidentified,,,False,True,False,False,True,False,False,False,False,False,False,False,False,False,False,False,False,False,False,False,False,False,True,False,True
A15_OE25-1-ALL_29908,1539.085195,16.0071,Evosea,Protists,composite,Platinum,Diamond,Unidentified,,,False,True,True,False,True,False,False,False,False,False,False,False,False,False,False,False,False,False,False,False,False,False,True,False,True
A15_OE25-1-ALL_29927,1594.134162,16.0184,Evosea,Protists,composite,Platinum,Diamond,Unidentified,,,False,True,True,False,True,False,False,False,False,False,False,False,False,False,False,False,False,False,False,False,False,False,True,False,True
A15_OE25-1-ALL_29928,1593.13028,16.0223,Evosea,Protists,composite,Platinum,Diamond,Unidentified,,,False,True,True,False,True,False,False,False,False,False,False,False,False,False,False,False,False,False,False,False,False,False,True,False,True
A15_OE25-1-ALL_2995,1005.590396,2.3445,Evosea,Protists,composite,Platinum,Platinum,Unidentified,,,False,True,True,False,True,False,False,False,False,False,False,False,False,False,False,False,False,False,False,False,False,False,True,False,True
A15_OE25-1-ALL_30144,1597.160036,16.0348,Evosea,Protists,composite,Platinum,Diamond,Unidentified,,,False,True,True,False,True,False,False,False,False,False,False,False,False,False,False,False,False,False,False,False,False,False,True,False,True
A15_OE25-1-ALL_30152,1583.139933,16.0938,Evosea,Protists,composite,Platinum,Diamond,Unidentified,,,False,True,True,False,True,False,False,False,False,False,False,False,False,False,False,False,False,False,False,False,False,False,True,False,True
A15_OE25-1-ALL_3016,532.264453,2.3609,Evosea,Protists,composite,Platinum,Platinum,Unidentified,,,False,True,False,False,True,False,False,False,False,False,False,False,False,False,False,False,False,False,False,False,False,False,True,False,True
A15_OE25-1-ALL_30218,1608.149607,16.1071,Evosea,Protists,composite,Platinum,Diamond,Unidentified,,,False,True,True,False,True,False,False,False,False,False,False,False,False,False,False,False,False,False,False,False,False,False,True,False,True
A15_OE25-1-ALL_30348,1444.072724,16.1698,Evosea,Protists,composite,Platinum,Diamond,Unidentified,,,False,True,True,False,True,False,False,False,False,False,False,False,False,False,False,False,False,False,False,False,False,False,True,False,True
A15_OE25-1-ALL_30372,1445.07461,16.1697,Evosea,Protists,composite,Platinum,Diamond,Unidentified,,,False,True,True,False,True,False,False,False,False,False,False,False,False,False,False,False,False,False,False,False,False,False,True,False,True
A15_OE25-1-ALL_30417,1432.074128,16.1786,Evosea,Protists,composite,Platinum,Diamond,Unidentified,,,False,True,True,False,True,False,False,False,False,False,False,False,False,False,False,False,False,False,False,False,False,False,True,False,True
A15_OE25-1-ALL_30420,1433.076583,16.1845,Evosea,Protists,composite,Platinum,Diamond,Unidentified,,,False,True,True,False,True,False,False,False,False,False,False,False,False,False,False,False,False,False,False,False,False,False,True,False,True
A15_OE25-1-ALL_30462,1459.091395,16.2033,Evosea,Protists,composite,Platinum,Diamond,Unidentified,,,False,True,True,False,True,False,False,False,False,False,False,False,False,False,False,False,False,False,False,False,False,False,True,False,True
A15_OE25-1-ALL_30769,1444.072901,16.2432,Evosea,Protists,composite,Platinum,Diamond,Unidentified,,,False,True,True,False,True,False,False,False,False,False,False,False,False,False,False,False,False,False,False,False,False,False,True,False,True
A15_OE25-1-ALL_30876,676.518272,16.2842,Evosea,Protists,composite,Platinum,Diamond,Unidentified,,,False,True,True,False,True,False,False,False,False,False,False,False,False,False,False,False,False,False,False,False,False,False,True,False,True
A15_OE25-1-ALL_31408,563.539033,16.4896,Evosea,Protists,composite,Platinum,Diamond,Unidentified,,,False,True,True,False,True,False,False,False,False,False,False,False,False,False,False,False,False,False,False,False,False,False,True,False,True
A15_OE25-1-ALL_31915,460.281157,16.6679,Evosea,Protists,composite,Platinum,Diamond,Unidentified,,,False,True,True,False,True,False,False,False,False,False,False,False,False,False,False,False,False,False,False,False,False,False,True,False,True
A15_OE25-1-ALL_31963,1401.050353,16.6583,Evosea,Protists,composite,Platinum,Diamond,Unidentified,,,False,True,True,False,True,False,False,False,False,False,False,False,False,False,False,False,False,False,False,False,False,False,True,False,True
A15_OE25-1-ALL_31979,1430.057742,16.6656,Evosea,Protists,composite,Platinum,Diamond,Unidentified,,,False,True,True,False,True,False,False,False,False,False,False,False,False,False,False,False,False,False,False,False,False,False,True,False,True
A15_OE25-1-ALL_32087,1446.088517,16.6946,Evosea,Protists,composite,Platinum,Diamond,Unidentified,,,False,True,True,False,True,False,False,False,False,False,False,False,False,False,False,False,False,False,False,False,False,False,True,False,True
A15_OE25-1-ALL_32146,1447.092502,16.6934,Evosea,Protists,composite,Platinum,Diamond,Unidentified,,,False,True,True,False,True,False,False,False,False,False,False,False,False,False,False,False,False,False,False,False,False,False,True,False,True
A15_OE25-1-ALL_32181,1472.104058,16.7119,Evosea,Protists,composite,Platinum,Diamond,Unidentified,,,False,True,True,False,True,False,False,False,False,False,False,False,False,False,False,False,False,False,False,False,False,False,True,False,True
A15_OE25-1-ALL_32201,577.554254,16.7541,Evosea,Protists,composite,Platinum,Diamond,Unidentified,,,False,True,True,False,True,False,False,False,False,False,False,False,False,False,False,False,False,False,False,False,False,False,True,False,True
A15_OE25-1-ALL_32204,1473.107893,16.7316,Evosea,Protists,composite,Platinum,Diamond,Unidentified,,,False,True,True,False,True,False,False,False,False,False,False,False,False,False,False,False,False,False,False,False,False,False,True,False,True
A15_OE25-1-ALL_32303,1419.060504,16.762,Evosea,Protists,composite,Platinum,Diamond,Unidentified,,,False,True,True,False,True,False,False,False,False,False,False,False,False,False,False,False,False,False,False,False,False,False,True,False,True
A15_OE25-1-ALL_33014,1389.051044,17.0115,Evosea,Protists,composite,Platinum,Diamond,Unidentified,,,False,True,True,False,True,False,False,False,False,False,False,False,False,False,False,False,False,False,False,False,False,False,True,False,True
A15_OE25-1-ALL_33032,1388.046408,17.0123,Evosea,Protists,composite,Platinum,Diamond,Unidentified,,,False,True,True,False,True,False,False,False,False,False,False,False,False,False,False,False,False,False,False,False,False,False,True,False,True
A15_OE25-1-ALL_33067,1434.087598,17.0389,Evosea,Protists,composite,Platinum,Diamond,Unidentified,,,False,True,True,False,True,False,False,False,False,False,False,False,False,False,False,False,False,False,False,False,False,False,True,False,True
A15_OE25-1-ALL_33086,1390.058779,17.0282,Evosea,Protists,composite,Platinum,Diamond,Unidentified,,,False,True,True,False,True,False,False,False,False,False,False,False,False,False,False,False,False,False,False,False,False,False,True,False,True
A15_OE25-1-ALL_33096,1444.072974,17.0306,Evosea,Protists,composite,Platinum,Diamond,Unidentified,,,False,True,True,False,True,False,False,False,False,False,False,False,False,False,False,False,False,False,False,False,False,False,True,False,True
A15_OE25-1-ALL_33118,1435.093465,17.0419,Evosea,Protists,composite,Platinum,Diamond,Unidentified,,,False,True,True,False,True,False,False,False,False,False,False,False,False,False,False,False,False,False,False,False,False,False,True,False,True
A15_OE25-1-ALL_33167,1406.058741,17.0563,Evosea,Protists,composite,Platinum,Diamond,Unidentified,,,False,True,True,False,True,False,False,False,False,False,False,False,False,False,False,False,False,False,False,False,False,False,True,False,True
A15_OE25-1-ALL_33175,448.281418,17.0454,Evosea,Protists,composite,Platinum,Diamond,Unidentified,,,False,True,True,False,True,False,False,False,False,False,False,False,False,False,False,False,False,False,False,False,False,False,True,False,True
A15_OE25-1-ALL_33198,1445.07549,17.0386,Evosea,Protists,composite,Platinum,Diamond,Unidentified,,,False,True,True,False,True,False,False,False,False,False,False,False,False,False,False,False,False,False,False,False,False,False,True,False,True
A15_OE25-1-ALL_33199,1376.047475,17.0665,Evosea,Protists,composite,Platinum,Diamond,Unidentified,,,False,True,True,False,True,False,False,False,False,False,False,False,False,False,False,False,False,False,False,False,False,False,True,False,True
A15_OE25-1-ALL_33225,1403.066447,17.0703,Evosea,Protists,composite,Platinum,Diamond,Unidentified,,,False,True,True,False,True,False,False,False,False,False,False,False,False,False,False,False,False,False,False,False,False,False,True,False,True
A15_OE25-1-ALL_33245,1402.063194,17.0777,Evosea,Protists,composite,Platinum,Diamond,Unidentified,,,False,True,True,False,True,False,False,False,False,False,False,False,False,False,False,False,False,False,False,False,False,False,True,False,True
A15_OE25-1-ALL_33286,1461.107882,17.0887,Evosea,Protists,composite,Platinum,Diamond,Unidentified,,,False,True,True,False,True,False,False,False,False,False,False,False,False,False,False,False,False,False,False,False,False,False,True,False,True
A15_OE25-1-ALL_33292,1460.103827,17.0969,Evosea,Protists,composite,Platinum,Diamond,Unidentified,,,False,True,True,False,True,False,False,False,False,False,False,False,False,False,False,False,False,False,False,False,False,False,True,False,True
A15_OE25-1-ALL_3351,375.250034,2.5384,Evosea,Protists,composite,Platinum,Diamond,Unidentified,,,False,True,True,False,True,False,False,False,False,False,False,False,False,False,False,False,False,False,False,False,False,False,True,False,True
A15_OE25-1-ALL_33516,1486.119805,17.1276,Evosea,Protists,composite,Platinum,Diamond,Unidentified,,,False,True,True,False,True,False,False,False,False,False,False,False,False,False,False,False,False,False,False,False,False,False,True,False,True
A15_OE25-1-ALL_33591,1449.108703,17.2205,Evosea,Protists,composite,Platinum,Diamond,Unidentified,,,False,True,True,False,True,False,False,False,False,False,False,False,False,False,False,False,False,False,False,False,False,False,True,False,True
A15_OE25-1-ALL_33765,1540.165129,17.3197,Evosea,Protists,composite,Platinum,Diamond,Unidentified,,,False,True,True,False,True,False,False,False,False,False,False,False,False,False,False,False,False,False,False,False,False,False,True,False,True
A15_OE25-1-ALL_3405,485.165973,2.5572,Evosea,Protists,composite,Platinum,Platinum,Unidentified,,,False,True,True,False,True,False,False,False,False,False,False,False,False,False,False,False,False,False,False,False,False,False,True,False,True
A15_OE25-1-ALL_34124,1540.164921,17.371,Evosea,Protists,composite,Platinum,Diamond,Unidentified,,,False,True,True,False,True,False,False,False,False,False,False,False,False,False,False,False,False,False,False,False,False,False,True,False,True
A15_OE25-1-ALL_34191,1446.091326,17.4484,Evosea,Protists,composite,Platinum,Diamond,Unidentified,,,False,True,True,False,True,False,False,False,False,False,False,False,False,False,False,False,False,False,False,False,False,False,True,False,True
A15_OE25-1-ALL_34202,1462.119555,17.4827,Evosea,Protists,composite,Platinum,Diamond,Unidentified,,,False,True,True,False,True,False,False,False,False,False,False,False,False,False,False,False,False,False,False,False,False,False,True,False,True
A15_OE25-1-ALL_34259,1488.132756,17.4782,Evosea,Protists,composite,Platinum,Diamond,Unidentified,,,False,True,True,False,True,False,False,False,False,False,False,False,False,False,False,False,False,False,False,False,False,False,True,False,True
A15_OE25-1-ALL_34341,1417.080842,17.504,Evosea,Protists,composite,Platinum,Diamond,Unidentified,,,False,True,True,False,True,False,False,False,False,False,False,False,False,False,False,False,False,False,False,False,False,False,True,False,True
A15_OE25-1-ALL_34343,1430.094053,17.4975,Evosea,Protists,composite,Platinum,Diamond,Unidentified,,,False,True,True,False,True,False,False,False,False,False,False,False,False,False,False,False,False,False,False,False,False,False,True,False,True
A15_OE25-1-ALL_34344,1526.151034,17.4978,Evosea,Protists,composite,Platinum,Diamond,Unidentified,,,False,True,True,False,True,False,False,False,False,False,False,False,False,False,False,False,False,False,False,False,False,False,True,False,True
A15_OE25-1-ALL_34345,1406.08631,17.5029,Evosea,Protists,composite,Platinum,Diamond,Unidentified,,,False,True,True,False,True,False,False,False,False,False,False,False,False,False,False,False,False,False,False,False,False,False,True,False,True
A15_OE25-1-ALL_34349,1405.081427,17.5181,Evosea,Protists,composite,Platinum,Diamond,Unidentified,,,False,True,True,False,True,False,False,False,False,False,False,False,False,False,False,False,False,False,False,False,False,False,True,False,True
A15_OE25-1-ALL_34350,1431.096946,17.5058,Evosea,Protists,composite,Platinum,Diamond,Unidentified,,,False,True,True,False,True,False,False,False,False,False,False,False,False,False,False,False,False,False,False,False,False,False,True,False,True
A15_OE25-1-ALL_34351,1528.1589,17.476,Evosea,Protists,composite,Platinum,Diamond,Unidentified,,,False,True,True,False,True,False,False,False,False,False,False,False,False,False,False,False,False,False,False,False,False,False,True,False,True
A15_OE25-1-ALL_34359,1404.078718,17.5021,Evosea,Protists,composite,Platinum,Diamond,Unidentified,,,False,True,True,False,True,False,False,False,False,False,False,False,False,False,False,False,False,False,False,False,False,False,True,False,True
A15_OE25-1-ALL_34371,1464.128074,17.5171,Evosea,Protists,composite,Platinum,Diamond,Unidentified,,,False,True,True,False,True,False,False,False,False,False,False,False,False,False,False,False,False,False,False,False,False,False,True,False,True
A15_OE25-1-ALL_34431,1416.077756,17.5302,Evosea,Protists,composite,Platinum,Diamond,Unidentified,,,False,True,True,False,True,False,False,False,False,False,False,False,False,False,False,False,False,False,False,False,False,False,True,False,True
A15_OE25-1-ALL_34519,1460.104467,17.5737,Evosea,Protists,composite,Platinum,Diamond,Unidentified,,,False,True,True,False,True,False,False,False,False,False,False,False,False,False,False,False,False,False,False,False,False,False,True,False,True
A15_OE25-1-ALL_34548,1472.104267,17.5718,Evosea,Protists,composite,Platinum,Diamond,Unidentified,,,False,True,True,False,True,False,False,False,False,False,False,False,False,False,False,False,False,False,False,False,False,False,True,False,True
A15_OE25-1-ALL_34595,1462.119623,17.5651,Evosea,Protists,composite,Platinum,Diamond,Unidentified,,,False,True,True,False,True,False,False,False,False,False,False,False,False,False,False,False,False,False,False,False,False,False,True,False,True
A15_OE25-1-ALL_3520,670.560062,2.638,Evosea,Protists,composite,Platinum,Platinum,Unidentified,,,False,True,True,False,True,False,False,False,False,False,False,False,False,False,False,False,False,False,False,False,False,False,True,False,True
A15_OE25-1-ALL_35488,1490.14688,17.8676,Evosea,Protists,composite,Platinum,Diamond,Unidentified,,,False,True,True,False,True,False,False,False,False,False,False,False,False,False,False,False,False,False,False,False,False,False,True,False,True
A15_OE25-1-ALL_35783,1516.163896,17.9672,Evosea,Protists,composite,Platinum,Diamond,Unidentified,,,False,True,True,False,True,False,False,False,False,False,False,False,False,False,False,False,False,False,False,False,False,False,True,False,True
A15_OE25-1-ALL_35795,1150.766414,17.9646,Evosea,Protists,composite,Platinum,Diamond,Unidentified,,,False,True,True,False,True,False,False,False,False,False,False,False,False,False,False,False,False,False,False,False,False,False,True,False,True
A15_OE25-1-ALL_35990,830.540232,18.0739,Evosea,Protists,composite,Platinum,Platinum,Unidentified,,,False,True,False,False,True,False,False,False,False,False,False,False,False,False,False,False,False,False,False,False,False,False,True,False,True
A15_OE25-1-ALL_36006,1150.766743,18.0074,Evosea,Protists,composite,Platinum,Diamond,Unidentified,,,False,True,True,False,True,False,False,False,False,False,False,False,False,False,False,False,False,False,False,False,False,False,True,False,True
A15_OE25-1-ALL_36008,1515.156251,18.0187,Evosea,Protists,composite,Platinum,Diamond,Unidentified,,,False,True,True,False,True,False,False,False,False,False,False,False,False,False,False,False,False,False,False,False,False,False,True,False,True
A15_OE25-1-ALL_36654,822.539064,18.266,Evosea,Protists,composite,Platinum,Platinum,Unidentified,,,False,True,False,False,True,False,False,False,False,False,False,False,False,False,False,False,False,False,False,False,False,False,True,False,True
A15_OE25-1-ALL_36669,634.575299,18.2937,Evosea,Protists,composite,Platinum,Platinum,Unidentified,,,False,True,False,False,True,False,False,False,False,False,False,False,False,False,False,False,False,False,False,False,False,False,True,False,True
A15_OE25-1-ALL_3696,826.579061,2.7577,Evosea,Protists,composite,Platinum,Platinum,Unidentified,,,False,True,True,False,True,False,False,False,False,False,False,False,False,False,False,False,False,False,False,False,False,False,True,False,True
A15_OE25-1-ALL_36962,1503.154947,18.374,Evosea,Protists,composite,Platinum,Diamond,Unidentified,,,False,True,True,False,True,False,False,False,False,False,False,False,False,False,False,False,False,False,False,False,False,False,True,False,True
A15_OE25-1-ALL_36978,1526.146676,18.3433,Evosea,Protists,composite,Platinum,Diamond,Unidentified,,,False,True,True,False,True,False,False,False,False,False,False,False,False,False,False,False,False,False,False,False,False,False,True,False,True
A15_OE25-1-ALL_37011,1433.113137,18.3881,Evosea,Protists,composite,Platinum,Diamond,Unidentified,,,False,True,True,False,True,False,False,False,False,False,False,False,False,False,False,False,False,False,False,False,False,False,True,False,True
A15_OE25-1-ALL_37013,1500.13481,18.3553,Evosea,Protists,composite,Platinum,Diamond,Unidentified,,,False,True,True,False,True,False,False,False,False,False,False,False,False,False,False,False,False,False,False,False,False,False,True,False,True
A15_OE25-1-ALL_37066,1491.15512,18.4013,Evosea,Protists,composite,Platinum,Diamond,Unidentified,,,False,True,True,False,True,False,False,False,False,False,False,False,False,False,False,False,False,False,False,False,False,False,True,False,True
A15_OE25-1-ALL_37090,476.313227,18.3812,Evosea,Protists,composite,Platinum,Diamond,Unidentified,,,False,True,True,False,True,False,False,False,False,False,False,False,False,False,False,False,False,False,False,False,False,False,True,False,True
A15_OE25-1-ALL_37093,1454.093149,18.382,Evosea,Protists,composite,Platinum,Diamond,Unidentified,,,False,True,False,False,True,False,False,False,False,False,False,False,False,False,False,False,False,False,False,False,False,False,True,False,True
A15_OE25-1-ALL_37104,634.575334,18.3362,Evosea,Protists,composite,Platinum,Platinum,Unidentified,,,False,True,False,False,True,False,False,False,False,False,False,False,False,False,False,False,False,False,False,False,False,False,True,False,True
A15_OE25-1-ALL_37110,1458.125107,18.3881,Evosea,Protists,composite,Platinum,Diamond,Unidentified,,,False,True,True,False,True,False,False,False,False,False,False,False,False,False,False,False,False,False,False,False,False,False,True,False,True
A15_OE25-1-ALL_37122,1432.109597,18.3916,Evosea,Protists,composite,Platinum,Diamond,Unidentified,,,False,True,True,False,True,False,False,False,False,False,False,False,False,False,False,False,False,False,False,False,False,False,True,False,True
A15_OE25-1-ALL_37140,1459.128589,18.3923,Evosea,Protists,composite,Platinum,Diamond,Unidentified,,,False,True,True,False,True,False,False,False,False,False,False,False,False,False,False,False,False,False,False,False,False,False,True,False,True
A15_OE25-1-ALL_37184,1490.150676,18.4089,Evosea,Protists,composite,Platinum,Diamond,Unidentified,,,False,True,True,False,True,False,False,False,False,False,False,False,False,False,False,False,False,False,False,False,False,False,True,False,True
A15_OE25-1-ALL_3743,1014.602339,2.8021,Evosea,Protists,composite,Platinum,Diamond,Unidentified,,,False,True,True,False,True,False,False,False,False,False,False,False,False,False,False,False,False,False,False,False,False,False,True,False,True
A15_OE25-1-ALL_3744,1024.583302,2.7963,Evosea,Protists,composite,Platinum,Diamond,Unidentified,,,False,True,True,False,True,False,False,False,False,False,False,False,False,False,False,False,False,False,False,False,False,False,True,False,True
A15_OE25-1-ALL_3770,529.3081,2.7919,Evosea,Protists,composite,Platinum,Diamond,Unidentified,,,False,True,True,False,True,False,False,False,False,False,False,False,False,False,False,False,False,False,False,False,False,False,True,False,True
A15_OE25-1-ALL_3774,1036.584416,2.797,Evosea,Protists,composite,Platinum,Platinum,Unidentified,,,False,True,True,False,True,False,False,False,False,False,False,False,False,False,False,False,False,False,False,False,False,False,True,False,True
A15_OE25-1-ALL_3799,1040.552701,2.8003,Evosea,Protists,composite,Platinum,Platinum,Unidentified,,,False,True,True,False,True,False,False,False,False,False,False,False,False,False,False,False,False,False,False,False,False,False,True,False,True
A15_OE25-1-ALL_3806,1017.563895,2.8012,Evosea,Protists,composite,Platinum,Diamond,Unidentified,,,False,True,True,False,True,False,False,False,False,False,False,False,False,False,False,False,False,False,False,False,False,False,True,False,True
A15_OE25-1-ALL_38206,655.52671,18.725,Evosea,Protists,composite,Platinum,Platinum,Unidentified,,,False,True,True,False,True,False,False,False,False,False,False,False,False,False,False,False,False,False,False,False,False,False,True,False,True
A15_OE25-1-ALL_3837,1039.547099,2.8219,Evosea,Protists,composite,Platinum,Platinum,Unidentified,,,False,True,False,False,True,False,False,False,False,False,False,False,False,False,False,False,False,False,False,False,False,False,True,False,True
A15_OE25-1-ALL_39539,993.848485,19.232,Evosea,Protists,composite,Platinum,Diamond,Unidentified,,,False,True,True,False,True,False,False,False,False,False,False,False,False,False,False,False,False,False,False,False,False,False,True,False,True
A15_OE25-1-ALL_39604,1256.784507,19.2845,Evosea,Protists,composite,Platinum,Platinum,Unidentified,,,False,True,False,False,True,False,False,False,False,False,False,False,False,False,False,False,False,False,False,False,False,False,True,False,True
A15_OE25-1-ALL_39629,470.141554,19.2797,Evosea,Protists,composite,Platinum,Diamond,Unidentified,,,False,True,True,False,True,False,False,False,False,False,False,False,False,False,False,False,False,False,False,False,False,False,True,False,True
A15_OE25-1-ALL_39630,1218.830337,19.2797,Evosea,Protists,composite,Platinum,Diamond,Unidentified,,,False,True,True,False,True,False,False,False,False,False,False,False,False,False,False,False,False,False,False,False,False,False,True,False,True
A15_OE25-1-ALL_39649,1240.811529,19.2879,Evosea,Protists,composite,Platinum,Diamond,Unidentified,,,False,True,True,False,True,False,False,False,False,False,False,False,False,False,False,False,False,False,False,False,False,False,True,False,True
A15_OE25-1-ALL_39683,1241.815049,19.2842,Evosea,Protists,composite,Platinum,Diamond,Unidentified,,,False,True,True,False,True,False,False,False,False,False,False,False,False,False,False,False,False,False,False,False,False,False,True,False,True
A15_OE25-1-ALL_39734,1222.858985,19.3134,Evosea,Protists,composite,Platinum,Diamond,Unidentified,,,False,True,True,False,True,False,False,False,False,False,False,False,False,False,False,False,False,False,False,False,False,False,True,False,True
A15_OE25-1-ALL_39767,1219.833569,19.2759,Evosea,Protists,composite,Platinum,Diamond,Unidentified,,,False,True,True,False,True,False,False,False,False,False,False,False,False,False,False,False,False,False,False,False,False,False,True,False,True
A15_OE25-1-ALL_39807,1236.84058,19.3551,Evosea,Protists,composite,Platinum,Diamond,Unidentified,,,False,True,True,False,True,False,False,False,False,False,False,False,False,False,False,False,False,False,False,False,False,False,True,False,True
A15_OE25-1-ALL_39998,443.130493,19.4356,Evosea,Protists,composite,Platinum,Diamond,Unidentified,,,False,True,True,False,True,False,False,False,False,False,False,False,False,False,False,False,False,False,False,False,False,False,True,False,True
A15_OE25-1-ALL_40205,661.576149,19.5223,Evosea,Protists,composite,Platinum,Diamond,Unidentified,,,False,True,True,False,True,False,False,False,False,False,False,False,False,False,False,False,False,False,False,False,False,False,True,False,True
A15_OE25-1-ALL_40322,1050.772963,19.553,Evosea,Protists,composite,Platinum,Diamond,Unidentified,,,False,True,True,False,True,False,False,False,False,False,False,False,False,False,False,False,False,False,False,False,False,False,True,False,True
A15_OE25-1-ALL_40573,1050.773108,19.6164,Evosea,Protists,composite,Platinum,Diamond,Unidentified,,,False,True,True,False,True,False,False,False,False,False,False,False,False,False,False,False,False,False,False,False,False,False,True,False,True
A15_OE25-1-ALL_40679,1184.075514,19.7143,Evosea,Protists,composite,Platinum,Diamond,Unidentified,,,False,True,True,False,True,False,False,False,False,False,False,False,False,False,False,False,False,False,False,False,False,False,True,False,True
A15_OE25-1-ALL_4079,974.569986,2.9926,Evosea,Protists,composite,Platinum,Diamond,Unidentified,,,False,True,True,False,True,False,False,False,False,False,False,False,False,False,False,False,False,False,False,False,False,False,True,False,True
A15_OE25-1-ALL_40837,1200.070133,19.7911,Evosea,Protists,composite,Platinum,Diamond,Unidentified,,,False,True,True,False,True,False,False,False,False,False,False,False,False,False,False,False,False,False,False,False,False,False,True,False,True
A15_OE25-1-ALL_4098,1179.496382,2.9923,Evosea,Protists,composite,Platinum,Diamond,Unidentified,,,False,True,True,False,True,False,False,False,False,False,False,False,False,False,False,False,False,False,False,False,False,False,True,False,True
A15_OE25-1-ALL_41087,1161.830091,19.9318,Evosea,Protists,composite,Platinum,Diamond,Unidentified,,,False,True,True,False,True,False,False,False,False,False,False,False,False,False,False,False,False,False,False,False,False,False,True,False,True
A15_OE25-1-ALL_41108,1037.765177,19.9878,Evosea,Protists,composite,Platinum,Diamond,Unidentified,,,False,True,False,False,True,False,False,False,False,False,False,False,False,False,False,False,False,False,False,False,False,False,True,False,True
A15_OE25-1-ALL_41109,295.091897,19.9601,Evosea,Protists,composite,Platinum,Diamond,Unidentified,,,False,True,True,False,True,False,False,False,False,False,False,False,False,False,False,False,False,False,False,False,False,False,True,False,True
A15_OE25-1-ALL_41137,267.096855,19.9721,Evosea,Protists,composite,Platinum,Diamond,Unidentified,,,False,True,True,False,True,False,False,False,False,False,False,False,False,False,False,False,False,False,False,False,False,False,True,False,True
A15_OE25-1-ALL_41153,1015.785922,19.9798,Evosea,Protists,composite,Platinum,Diamond,Unidentified,,,False,True,True,False,True,False,False,False,False,False,False,False,False,False,False,False,False,False,False,False,False,False,True,False,True
A15_OE25-1-ALL_41511,1037.765105,20.0515,Evosea,Protists,composite,Platinum,Diamond,Unidentified,,,False,True,True,False,True,False,False,False,False,False,False,False,False,False,False,False,False,False,False,False,False,False,True,False,True
A15_OE25-1-ALL_41512,1038.772645,20.0215,Evosea,Protists,composite,Platinum,Diamond,Unidentified,,,False,True,True,False,True,False,False,False,False,False,False,False,False,False,False,False,False,False,False,False,False,False,True,False,True
A15_OE25-1-ALL_42168,664.595162,20.3486,Evosea,Protists,composite,Platinum,Diamond,Unidentified,,,False,True,True,False,True,False,False,False,False,False,False,False,False,False,False,False,False,False,False,False,False,False,True,False,True
A15_OE25-1-ALL_42253,1251.846019,20.3801,Evosea,Protists,composite,Platinum,Platinum,Unidentified,,,False,True,False,False,True,False,False,False,False,False,False,False,False,False,False,False,False,False,False,False,False,False,True,False,True
A15_OE25-1-ALL_42313,665.599106,20.4154,Evosea,Protists,composite,Platinum,Platinum,Unidentified,,,False,True,True,False,True,False,False,False,False,False,False,False,False,False,False,False,False,False,False,False,False,False,True,False,True
A15_OE25-1-ALL_42513,996.822974,20.5516,Evosea,Protists,composite,Platinum,Platinum,Unidentified,,,False,True,False,False,True,False,False,False,False,False,False,False,False,False,False,False,False,False,False,False,False,False,True,False,True
A15_OE25-1-ALL_4257,366.282017,3.1187,Evosea,Protists,composite,Platinum,Platinum,Unidentified,,,False,True,True,False,True,False,False,False,False,False,False,False,False,False,False,False,False,False,False,False,False,False,True,False,True
A15_OE25-1-ALL_43159,1026.863655,20.9361,Evosea,Protists,composite,Platinum,Platinum,Unidentified,,,False,True,True,False,True,False,False,False,False,False,False,False,False,False,False,False,False,False,False,False,False,False,True,False,True
A15_OE25-1-ALL_4380,1019.606234,3.1503,Evosea,Protists,composite,Platinum,Diamond,Unidentified,,,False,True,True,False,True,False,False,False,False,False,False,False,False,False,False,False,False,False,False,False,False,False,True,False,True
A15_OE25-1-ALL_44519,980.754154,21.6418,Evosea,Protists,composite,Platinum,Diamond,Unidentified,,,False,True,True,False,True,False,False,False,False,False,False,False,False,False,False,False,False,False,False,False,False,False,True,False,True
A15_OE25-1-ALL_4459,1559.000209,3.192,Evosea,Protists,composite,Platinum,Platinum,Unidentified,,,False,True,True,False,True,False,False,False,False,False,False,False,False,False,False,False,False,False,False,False,False,False,True,False,True
A15_OE25-1-ALL_45232,789.687807,22.0411,Evosea,Protists,composite,Platinum,Platinum,Unidentified,,,False,True,False,False,True,False,False,False,False,False,False,False,False,False,False,False,False,False,False,False,False,False,True,False,True
A15_OE25-1-ALL_45465,807.696805,22.2152,Evosea,Protists,composite,Platinum,Diamond,Unidentified,,,False,True,True,False,True,False,False,False,False,False,False,False,False,False,False,False,False,False,False,False,False,False,True,False,True
A15_OE25-1-ALL_4552,539.314462,3.2195,Evosea,Protists,composite,Platinum,Diamond,Unidentified,,,False,True,True,False,True,False,False,False,False,False,False,False,False,False,False,False,False,False,False,False,False,False,True,False,True
A15_OE25-1-ALL_4560,1077.625536,3.2254,Evosea,Protists,composite,Platinum,Diamond,Unidentified,,,False,True,True,False,True,False,False,False,False,False,False,False,False,False,False,False,False,False,False,False,False,False,True,False,True
A15_OE25-1-ALL_45701,1428.99026,22.3133,Evosea,Protists,composite,Platinum,Diamond,Unidentified,,,False,True,True,False,True,False,False,False,False,False,False,False,False,False,False,False,False,False,False,False,False,False,True,False,True
A15_OE25-1-ALL_4603,1065.626655,3.201,Evosea,Protists,composite,Platinum,Platinum,Unidentified,,,False,True,True,False,True,False,False,False,False,False,False,False,False,False,False,False,False,False,False,False,False,False,True,False,True
A15_OE25-1-ALL_46255,1404.989518,22.7311,Evosea,Protists,composite,Platinum,Diamond,Unidentified,,,False,True,True,False,True,False,False,False,False,False,False,False,False,False,False,False,False,False,False,False,False,False,True,False,True
A15_OE25-1-ALL_46424,1443.005701,22.7542,Evosea,Protists,composite,Platinum,Platinum,Unidentified,,,False,True,True,False,True,False,False,False,False,False,False,False,False,False,False,False,False,False,False,False,False,False,True,False,True
A15_OE25-1-ALL_4661,332.315067,3.281,Evosea,Protists,composite,Platinum,Diamond,Unidentified,,,False,True,True,False,True,False,False,False,False,False,False,False,False,False,False,False,False,False,False,False,False,False,True,False,True
A15_OE25-1-ALL_46838,835.725209,23.0585,Evosea,Protists,composite,Platinum,Platinum,Unidentified,,,False,True,True,False,True,False,False,False,False,False,False,False,False,False,False,False,False,False,False,False,False,False,True,False,True
A15_OE25-1-ALL_47486,785.622427,23.5033,Evosea,Protists,composite,Platinum,Platinum,Unidentified,,,False,True,False,False,True,False,False,False,False,False,False,False,False,False,False,False,False,False,False,False,False,False,True,False,True
A15_OE25-1-ALL_48014,828.744867,23.8789,Evosea,Protists,composite,Platinum,Platinum,Unidentified,,,False,True,True,False,True,False,False,False,False,False,False,False,False,False,False,False,False,False,False,False,False,False,True,False,True
A15_OE25-1-ALL_4824,1065.62695,3.4177,Evosea,Protists,composite,Platinum,Platinum,Unidentified,,,False,True,True,False,True,False,False,False,False,False,False,False,False,False,False,False,False,False,False,False,False,False,True,False,True
A15_OE25-1-ALL_4864,974.627035,3.4606,Evosea,Protists,composite,Platinum,Diamond,Unidentified,,,False,True,True,False,True,False,False,False,False,False,False,False,False,False,False,False,False,False,False,False,False,False,True,False,True
A15_OE25-1-ALL_4876,922.612897,3.4565,Evosea,Protists,composite,Platinum,Platinum,Unidentified,,,False,True,True,False,True,False,False,False,False,False,False,False,False,False,False,False,False,False,False,False,False,False,True,False,True
A15_OE25-1-ALL_49293,833.777879,24.7115,Evosea,Protists,composite,Platinum,Diamond,Unidentified,,,False,True,True,False,True,False,False,False,False,False,False,False,False,False,False,False,False,False,False,False,False,False,True,False,True
A15_OE25-1-ALL_4944,1037.653056,3.4852,Evosea,Protists,composite,Platinum,Diamond,Unidentified,,,False,True,True,False,True,False,False,False,False,False,False,False,False,False,False,False,False,False,False,False,False,False,True,False,True
A15_OE25-1-ALL_49487,844.774592,24.8687,Evosea,Protists,composite,Platinum,Diamond,Unidentified,,,False,True,True,False,True,False,False,False,False,False,False,False,False,False,False,False,False,False,False,False,False,False,True,False,True
A15_OE25-1-ALL_4961,640.235738,3.4938,Evosea,Protists,composite,Platinum,Diamond,Unidentified,,,False,True,True,False,True,False,False,False,False,False,False,False,False,False,False,False,False,False,False,False,False,False,True,False,True
A15_OE25-1-ALL_4962,1003.670881,3.4838,Evosea,Protists,composite,Platinum,Diamond,Unidentified,,,False,True,True,False,True,False,False,False,False,False,False,False,False,False,False,False,False,False,False,False,False,False,True,False,True
A15_OE25-1-ALL_4967,1038.655475,3.4845,Evosea,Protists,composite,Platinum,Diamond,Unidentified,,,False,True,True,False,True,False,False,False,False,False,False,False,False,False,False,False,False,False,False,False,False,False,True,False,True
A15_OE25-1-ALL_4973,910.612726,3.4955,Evosea,Protists,composite,Platinum,Diamond,Unidentified,,,False,True,True,False,True,False,False,False,False,False,False,False,False,False,False,False,False,False,False,False,False,False,True,False,True
A15_OE25-1-ALL_4992,527.311648,3.4893,Evosea,Protists,composite,Platinum,Platinum,Unidentified,,,False,True,True,False,True,False,False,False,False,False,False,False,False,False,False,False,False,False,False,False,False,False,True,False,True
A15_OE25-1-ALL_5043,1053.625719,3.5131,Evosea,Protists,composite,Platinum,Platinum,Unidentified,,,False,True,True,False,True,False,False,False,False,False,False,False,False,False,False,False,False,False,False,False,False,False,True,False,True
A15_OE25-1-ALL_5049,888.631269,3.5423,Evosea,Protists,composite,Platinum,Platinum,Unidentified,,,False,True,True,False,True,False,False,False,False,False,False,False,False,False,False,False,False,False,False,False,False,False,True,False,True
A15_OE25-1-ALL_5191,987.639515,3.669,Evosea,Protists,composite,Platinum,Diamond,Unidentified,,,False,True,True,False,True,False,False,False,False,False,False,False,False,False,False,False,False,False,False,False,False,False,True,False,True
A15_OE25-1-ALL_5470,296.199594,3.8306,Evosea,Protists,composite,Platinum,Platinum,Unidentified,,,False,True,True,False,True,False,False,False,False,False,False,False,False,False,False,False,False,False,False,False,False,False,True,False,True
A15_OE25-1-ALL_5855,330.299675,4.0739,Evosea,Protists,composite,Platinum,Diamond,Unidentified,,,False,True,True,False,True,False,False,False,False,False,False,False,False,False,False,False,False,False,False,False,False,False,True,False,True
A15_OE25-1-ALL_6180,543.324414,4.3163,Evosea,Protists,composite,Platinum,Platinum,Unidentified,,,False,True,True,False,True,False,False,False,False,False,False,False,False,False,False,False,False,False,False,False,False,False,True,False,True
A15_OE25-1-ALL_6182,558.294765,4.3037,Evosea,Protists,composite,Platinum,Platinum,Unidentified,,,False,True,True,False,True,False,False,False,False,False,False,False,False,False,False,False,False,False,False,False,False,False,True,False,True
A15_OE25-1-ALL_6304,890.367291,4.3848,Evosea,Protists,composite,Platinum,Diamond,Unidentified,,,False,True,True,False,True,False,False,False,False,False,False,False,False,False,False,False,False,False,False,False,False,False,True,False,True
A15_OE25-1-ALL_6324,584.357916,4.3829,Evosea,Protists,composite,Platinum,Platinum,Unidentified,,,False,True,True,False,True,False,False,False,False,False,False,False,False,False,False,False,False,False,False,False,False,False,True,False,True
A15_OE25-1-ALL_6477,441.304789,4.532,Evosea,Protists,composite,Platinum,Platinum,Unidentified,,,False,True,True,False,True,False,False,False,False,False,False,False,False,False,False,False,False,False,False,False,False,False,True,False,True
A15_OE25-1-ALL_6480,544.23184,4.5262,Evosea,Protists,composite,Platinum,Platinum,Unidentified,,,False,True,True,False,True,False,False,False,False,False,False,False,False,False,False,False,False,False,False,False,False,False,True,False,True
A15_OE25-1-ALL_6486,919.552085,4.5574,Evosea,Protists,composite,Platinum,Platinum,Unidentified,,,False,True,False,False,True,False,False,False,False,False,False,False,False,False,False,False,False,False,False,False,False,False,True,False,True
A15_OE25-1-ALL_6501,913.536072,4.5413,Evosea,Protists,composite,Platinum,Platinum,Unidentified,,,False,True,True,False,True,False,False,False,False,False,False,False,False,False,False,False,False,False,False,False,False,False,True,False,True
A15_OE25-1-ALL_6525,897.569812,4.5507,Evosea,Protists,composite,Platinum,Diamond,Unidentified,,,False,True,True,False,True,False,False,False,False,False,False,False,False,False,False,False,False,False,False,False,False,False,True,False,True
A15_OE25-1-ALL_6529,1312.878444,4.5499,Evosea,Protists,composite,Platinum,Platinum,Unidentified,,,False,True,True,False,True,False,False,False,False,False,False,False,False,False,False,False,False,False,False,False,False,False,True,False,True
A15_OE25-1-ALL_6531,420.286181,4.5518,Evosea,Protists,composite,Platinum,Platinum,Unidentified,,,False,True,True,False,True,False,False,False,False,False,False,False,False,False,False,False,False,False,False,False,False,False,True,False,True
A15_OE25-1-ALL_6538,476.254407,4.5495,Evosea,Protists,composite,Platinum,Diamond,Unidentified,,,False,True,True,False,True,False,False,False,False,False,False,False,False,False,False,False,False,False,False,False,False,False,True,False,True
A15_OE25-1-ALL_6546,875.58797,4.5551,Evosea,Protists,composite,Platinum,Diamond,Unidentified,,,False,True,True,False,True,False,False,False,False,False,False,False,False,False,False,False,False,False,False,False,False,False,True,False,True
A15_OE25-1-ALL_6554,1053.466693,4.5565,Evosea,Protists,composite,Platinum,Diamond,Unidentified,,,False,True,True,False,True,False,False,False,False,False,False,False,False,False,False,False,False,False,False,False,False,False,True,False,True
A15_OE25-1-ALL_6563,1075.448907,4.5565,Evosea,Protists,composite,Platinum,Platinum,Unidentified,,,False,True,True,False,True,False,False,False,False,False,False,False,False,False,False,False,False,False,False,False,False,False,True,False,True
A15_OE25-1-ALL_6570,460.27939,4.5596,Evosea,Protists,composite,Platinum,Diamond,Unidentified,,,False,True,True,False,True,False,False,False,False,False,False,False,False,False,False,False,False,False,False,False,False,False,True,False,True
A15_OE25-1-ALL_6846,462.295459,4.6768,Evosea,Protists,composite,Platinum,Platinum,Unidentified,,,False,True,False,False,True,False,False,False,False,False,False,False,False,False,False,False,False,False,False,False,False,False,True,False,True
A15_OE25-1-ALL_6868,441.316785,4.6862,Evosea,Protists,composite,Platinum,Diamond,Unidentified,,,False,True,True,False,True,False,False,False,False,False,False,False,False,False,False,False,False,False,False,False,False,False,True,False,True
A15_OE25-1-ALL_6873,901.603905,4.7124,Evosea,Protists,composite,Platinum,Platinum,Unidentified,,,False,True,True,False,True,False,False,False,False,False,False,False,False,False,False,False,False,False,False,False,False,False,True,False,True
A15_OE25-1-ALL_6955,931.614257,4.8082,Evosea,Protists,composite,Platinum,Platinum,Unidentified,,,False,True,True,False,True,False,False,False,False,False,False,False,False,False,False,False,False,False,False,False,False,False,True,False,True
A15_OE25-1-ALL_7078,1003.671247,4.8959,Evosea,Protists,composite,Platinum,Platinum,Unidentified,,,False,True,True,False,True,False,False,False,False,False,False,False,False,False,False,False,False,False,False,False,False,False,True,False,True
A15_OE25-1-ALL_7912,1108.605903,5.5703,Evosea,Protists,composite,Platinum,Platinum,Unidentified,,,False,True,True,False,True,False,False,False,False,False,False,False,False,False,False,False,False,False,False,False,False,False,True,False,True
A15_OE25-1-ALL_8003,517.43663,5.6662,Evosea,Protists,composite,Platinum,Platinum,Unidentified,,,False,True,True,False,True,False,False,False,False,False,False,False,False,False,False,False,False,False,False,False,False,False,True,False,True
A15_OE25-1-ALL_8220,599.420378,5.9259,Evosea,Protists,composite,Platinum,Diamond,Unidentified,,,False,True,True,False,True,False,False,False,False,False,False,False,False,False,False,False,False,False,False,False,False,False,True,False,True
A15_OE25-1-ALL_8368,585.404816,5.9624,Evosea,Protists,composite,Platinum,Platinum,Unidentified,,,False,True,True,False,True,False,False,False,False,False,False,False,False,False,False,False,False,False,False,False,False,False,True,False,True
A15_OE25-1-ALL_8772,441.354883,6.2525,Evosea,Protists,composite,Platinum,Platinum,Unidentified,,,False,True,True,False,True,False,False,False,False,False,False,False,False,False,False,False,False,False,False,False,False,False,True,False,True
A15_OE25-1-ALL_8836,316.001494,6.298,Evosea,Protists,composite,Platinum,Platinum,Unidentified,,,False,True,True,False,True,False,False,False,False,False,False,False,False,False,False,False,False,False,False,False,False,False,True,False,True
A15_OE25-1-ALL_8879,595.389004,6.3084,Evosea,Protists,composite,Platinum,Diamond,Unidentified,,,False,True,True,False,True,False,False,False,False,False,False,False,False,False,False,False,False,False,False,False,False,False,True,False,True
A15_OE25-1-ALL_8887,265.084977,6.3048,Evosea,Protists,composite,Platinum,Platinum,Unidentified,,,False,True,True,False,True,False,False,False,False,False,False,False,False,False,False,False,False,False,False,False,False,False,True,False,True
A15_OE25-1-ALL_9184,573.404634,6.6376,Evosea,Protists,composite,Platinum,Platinum,Unidentified,,,False,True,True,False,True,False,False,False,False,False,False,False,False,False,False,False,False,False,False,False,False,False,True,False,True
A15_OE25-1-ALL_9242,1182.140455,6.6816,Evosea,Protists,composite,Platinum,Platinum,Unidentified,,,False,True,True,False,True,False,False,False,False,False,False,False,False,False,False,False,False,False,False,False,False,False,True,False,True
A15_OE25-1-ALL_9647,391.341734,7.0115,Evosea,Protists,composite,Platinum,Platinum,Unidentified,,,False,True,False,False,True,False,False,False,False,False,False,False,False,False,False,False,False,False,False,False,False,False,True,False,True
A15_OE25-1-ALL_9676,864.536044,7.0225,Evosea,Protists,composite,Platinum,Platinum,Unidentified,,,False,True,True,False,True,False,False,False,False,False,False,False,False,False,False,False,False,False,False,False,False,False,True,False,True
