feature_id,phylum,matched,LipidMolec,LipidID,ClassKey,SubClassKey,Adduct,Grade,IDScore,tier,ls_ppm_diff,ls_rt_diff,n_samples_detected,n_candidates,IonFormula
A15_159222,Mollusca,False,,,,,,,,,,,,,
A15_118643,Chlorophyta,False,,,,,,,,,,,,,
A15_169807,Mollusca,False,,,,,,,,,,,,,
A15_169039,Mollusca,False,,,,,,,,,,,,,
A15_169881,Mollusca,False,,,,,,,,,,,,,
A15_173935,Mollusca,False,,,,,,,,,,,,,
A15_174993,Mollusca,False,,,,,,,,,,,,,
A15_162745,Mollusca,False,,,,,,,,,,,,,
A15_151398,Mollusca,False,,,,,,,,,,,,,
A15_58181,Mollusca,False,,,,,,,,,,,,,
A15_193292,Mollusca,False,,,,,,,,,,,,,
A15_52682,Mollusca,False,,,,,,,,,,,,,
A15_59570,Mollusca,False,,,,,,,,,,,,,
A15_158870,Mollusca,False,,,,,,,,,,,,,
A15_OE25-1-ALL_17426,Evosea,False,,,,,,,,,,,,,
A15_OE25-1-ALL_32087,Evosea,False,,,,,,,,,,,,,
A15_OE25-1-ALL_19474,Evosea,True,PG(17:2_18:2),PG(17:2_18:2)+H,PG,diacyl,M+H,A,1.5010866920948245,gold,0.3562931433591191,0.120954646684515,4.0,2.0,C41 H74 O10 P1
A15_OE25-1-ALL_21144,Evosea,True,PG(18:2_18:2),PG(18:2_18:2)+H,PG,diacyl,M+H,A,0.2868647354955081,gold,2.638264916260908,0.1656700000000004,3.0,1.0,C42 H76 O10 P1
A15_OE25-1-ALL_20766,Evosea,True,PC(17:3_16:1),PC(17:3_16:1)+Na,PC,diacyl,M+Na,C,0.3513085704225274,bronze,2.0400356430935536,0.115774,1.0,2.0,C41 H74 N1 Na1 O8 P1
A15_170067,Mollusca,False,,,,,,,,,,,,,
A15_163874,Mollusca,False,,,,,,,,,,,,,
A15_161620,Mollusca,False,,,,,,,,,,,,,
A15_161621,Mollusca,False,,,,,,,,,,,,,
A15_169048,Mollusca,False,,,,,,,,,,,,,
A15_OE25-1-ALL_34345,Evosea,False,,,,,,,,,,,,,
A15_OE25-1-ALL_34225,Evosea,True,TG(25:7_28:7),TG(25:7_28:7)+NH4,TG,triacyl,M+NH4,C,0.0282175763380703,bronze,0.5312538049141874,0.0971827390945598,1.0,1.0,C56 H84 N1 O6
A15_OE25-1-ALL_34359,Evosea,False,,,,,,,,,,,,,
A15_OE25-1-ALL_34349,Evosea,False,,,,,,,,,,,,,
A15_OE25-1-ALL_33626,Evosea,True,TG(36:2_5:0)+O:(s),TG(36:2_5:0)+Na+O:(s),TG,triacyl,M+Na,C,0.3514122142925369,bronze,1.480377546967079,0.186205000000001,1.0,1.0,C44 H80 Na1 O7
A15_OE25-1-ALL_37236,Evosea,True,PC(O-34:5),PC(O-34:5)+H,PC,alkyl-acyl,M+H,C,0.029151181140098,bronze,0.6127746631177438,0.0620577010513052,2.0,2.0,C42 H77 N1 O7 P1
A15_OE25-1-ALL_31449,Evosea,True,PEt(18:1_18:1),PEt(18:1_18:1)+Li,PEt,diacyl,M+Li,C,0.0459205002193312,bronze,0.1602023584800472,0.0509795302661935,1.0,1.0,C41 H77 Li1 O8 P1
A15_OE25-1-ALL_28556,Evosea,True,PC(O-14:1_18:2),PC(O-14:1_18:2)+H,PC,alkyl-acyl,M+H,C,1.0476104422526369,silver,0.4431276922221838,0.1595886896551714,3.0,2.0,C40 H77 N1 O7 P1
A15_OE25-1-ALL_29490,Evosea,True,PE(P-16:0_17:2),PE(P-16:0_17:2)+H,PE,alkenyl-acyl,M+H,B,1.1171785438361768,gold,0.3749914597467715,0.2763432547647113,2.0,2.0,C38 H73 N1 O7 P1
A15_OE25-1-ALL_31075,Evosea,True,PE(P-16:0_17:2),PE(P-16:0_17:2)+H,PE,alkenyl-acyl,M+H,B,1.1171785438361768,gold,0.267387192924209,0.14075674523529,2.0,3.0,C38 H73 N1 O7 P1
A15_OE25-1-ALL_21169,Evosea,True,PEt(20:5_18:2),PEt(20:5_18:2)+Li,PEt,diacyl,M+Li,C,0.0126970284506248,bronze,0.8291286244788483,0.1288390147492624,1.0,1.0,C43 H71 Li1 O8 P1
A15_OE25-1-ALL_31348,Evosea,False,,,,,,,,,,,,,
A15_OE25-1-ALL_31408,Evosea,False,,,,,,,,,,,,,
A15_OE25-1-ALL_3818,Evosea,True,PEt(P-4:0_13:0),PEt(P-4:0_13:0)+Na,PEt,alkenyl-acyl,M+Na,C,0.1752074140216698,silver,0.5818304715390994,0.0180885672644688,3.0,2.0,C22 H43 Na1 O7 P1
A15_OE25-1-ALL_34595,Evosea,False,,,,,,,,,,,,,
A15_OE25-1-ALL_37122,Evosea,False,,,,,,,,,,,,,
A15_OE25-1-ALL_17109,Evosea,True,PI(39:3),PI(39:3)+H,PI,diacyl,M+H,C,1.4054651081081644,silver,0.4283089994392997,0.1916459327974564,5.0,1.0,C48 H88 O13 P1
A15_OE25-1-ALL_33178,Evosea,False,,,,,,,,,,,,,
A15_OE25-1-ALL_31963,Evosea,False,,,,,,,,,,,,,
A15_OE25-1-ALL_39630,Evosea,False,,,,,,,,,,,,,
A15_OE25-1-ALL_33199,Evosea,False,,,,,,,,,,,,,
A15_OE25-1-ALL_22671,Evosea,False,,,,,,,,,,,,,
A15_OE25-1-ALL_34350,Evosea,False,,,,,,,,,,,,,
A15_OE25-1-ALL_33516,Evosea,False,,,,,,,,,,,,,
A15_OE21-4-POS_227658,Thermoproteota,True,TG(12:0_12:0_18:1),TG(12:0_12:0_18:1)+NH4,TG,triacyl,M+NH4,A,0.5615158851372544,silver,4.190607436392373,0.1064248481737237,1.0,1.0,C45 H88 N1 O6
A15_OE25-1-ALL_33129,Evosea,False,,,,,,,,,,,,,
A15_OE25-1-ALL_32181,Evosea,False,,,,,,,,,,,,,
A15_OE25-1-ALL_22753,Evosea,True,PG(17:1_18:2),PG(17:1_18:2)+H,PG,diacyl,M+H,A,0.3410974447321907,gold,3.1860376392035867,0.1369595503113618,2.0,1.0,C41 H76 O10 P1
A15_OE25-1-ALL_21007,Evosea,False,,,,,,,,,,,,,
A15_OE25-1-ALL_24960,Evosea,False,,,,,,,,,,,,,
A15_OE25-1-ALL_17419,Evosea,False,,,,,,,,,,,,,
A15_OE25-1-ALL_32146,Evosea,False,,,,,,,,,,,,,
A15_OE25-1-ALL_28665,Evosea,True,PI(35:0),PI(35:0)+NH4,PI,diacyl,M+NH4,C,1.5573256608706385,silver,0.1372767330781085,0.1995904655172395,3.0,1.0,C44 H89 N1 O13 P1
A15_OE25-1-ALL_32204,Evosea,False,,,,,,,,,,,,,
A15_OE25-1-ALL_34259,Evosea,False,,,,,,,,,,,,,
A15_OE25-1-ALL_33292,Evosea,False,,,,,,,,,,,,,
A15_OE25-1-ALL_33286,Evosea,False,,,,,,,,,,,,,
A15_OE25-1-ALL_23940,Evosea,False,,,,,,,,,,,,,
A15_OE25-1-ALL_34343,Evosea,False,,,,,,,,,,,,,
A15_OE25-1-ALL_34202,Evosea,False,,,,,,,,,,,,,
A15_OE25-1-ALL_31979,Evosea,False,,,,,,,,,,,,,
A15_OE25-1-ALL_16594,Evosea,False,,,,,,,,,,,,,
A15_OE25-1-ALL_33067,Evosea,False,,,,,,,,,,,,,
A15_OE25-1-ALL_3802,Evosea,False,,,,,,,,,,,,,
A15_OE25-1-ALL_11341,Evosea,True,PG(21:4_18:2),PG(21:4_18:2)+NH4,PG,diacyl,M+NH4,C,0.124930087772911,silver,0.1989876890370088,0.2924333351779484,3.0,1.0,C45 H81 N1 O10 P1
A15_161819,Mollusca,False,,,,,,,,,,,,,
A15_OE25-1-ALL_39767,Evosea,False,,,,,,,,,,,,,
A15_161623,Mollusca,False,,,,,,,,,,,,,
A15_130517,Chlorophyta,False,,,,,,,,,,,,,
A15_OE25-1-ALL_30417,Evosea,False,,,,,,,,,,,,,
A15_OE25-1-ALL_37011,Evosea,False,,,,,,,,,,,,,
A15_OE25-1-ALL_30420,Evosea,False,,,,,,,,,,,,,
A15_OE25-1-ALL_32767,Evosea,False,,,,,,,,,,,,,
A15_OE25-1-ALL_33281,Evosea,False,,,,,,,,,,,,,
A15_223183,Nematoda,False,,,,,,,,,,,,,
A15_OE25-1-ALL_29279,Evosea,False,,,,,,,,,,,,,
A15_OE25-1-ALL_34347,Evosea,False,,,,,,,,,,,,,
A15_OE25-1-ALL_35488,Evosea,False,,,,,,,,,,,,,
A15_167077,Mollusca,False,,,,,,,,,,,,,
A15_OE25-1-ALL_3803,Evosea,False,,,,,,,,,,,,,
A15_54315,Mollusca,False,,,,,,,,,,,,,
A15_OE25-1-ALL_19374,Evosea,True,TG(2:0_17:2_24:8),TG(2:0_17:2_24:8)+Na,TG,triacyl,M+Na,C,0.1848319447890298,bronze,2.726597937798455,0.1486799999999988,1.0,1.0,C46 H68 Na1 O6
A15_OE25-1-ALL_27149,Evosea,False,,,,,,,,,,,,,
A15_OE25-1-ALL_23716,Evosea,True,PI(33:0),PI(33:0)+NH4,PI,diacyl,M+NH4,C,2.390293707606138,silver,0.8270740042767015,0.1894287734877728,9.0,2.0,C42 H85 N1 O13 P1
A15_OE25-1-ALL_34344,Evosea,False,,,,,,,,,,,,,
A15_OE25-1-ALL_34371,Evosea,False,,,,,,,,,,,,,
A15_165738,Mollusca,False,,,,,,,,,,,,,
A15_156836,Mollusca,False,,,,,,,,,,,,,
A15_OE25-1-ALL_33096,Evosea,False,,,,,,,,,,,,,
A15_149998,Mollusca,False,,,,,,,,,,,,,
A15_OE25-1-ALL_22355,Evosea,False,,,,,,,,,,,,,
A15_54175,Mollusca,False,,,,,,,,,,,,,
A15_OE25-1-ALL_5381,Evosea,True,LPC(16:2),LPC(16:2)+H,LPC,monoacyl,M+H,C,1.63516708107375,bronze,0.727381451196517,0.0022818851320915,1.0,2.0,C24 H47 N1 O7 P1
A15_165942,Mollusca,False,,,,,,,,,,,,,
A15_149997,Mollusca,False,,,,,,,,,,,,,
A15_OE25-1-ALL_26333,Evosea,True,PI(34:0),PI(34:0)+NH4,PI,diacyl,M+NH4,C,1.3652590686169648,silver,0.3428728011832339,0.1245389615384624,3.0,2.0,C43 H87 N1 O13 P1
A15_OE25-1-ALL_34387,Evosea,False,,,,,,,,,,,,,
A15_OE25-1-ALL_21884,Evosea,True,PG(17:1_18:2),PG(17:1_18:2)+NH4,PG,diacyl,M+NH4,A,1.2352836321787397,gold,1.4445032443782786,0.0488539999999986,5.0,1.0,C41 H79 N1 O10 P1
A15_OE25-1-ALL_28081,Evosea,False,,,,,,,,,,,,,
A15_OE25-1-ALL_11472,Evosea,True,PG(21:4_18:2),PG(21:4_18:2)+NH4,PG,diacyl,M+NH4,C,0.124930087772911,silver,0.1844696589731251,0.0849333351779488,3.0,1.0,C45 H81 N1 O10 P1
A15_OE25-1-ALL_8780,Evosea,False,,,,,,,,,,,,,
A15_OE25-1-ALL_25626,Evosea,False,,,,,,,,,,,,,
A15_OE25-1-ALL_33245,Evosea,False,,,,,,,,,,,,,
A15_158672,Mollusca,False,,,,,,,,,,,,,
A15_292,Chlorophyta,False,,,,,,,,,,,,,
A15_170805,Mollusca,False,,,,,,,,,,,,,
A15_OE25-1-ALL_33277,Evosea,False,,,,,,,,,,,,,
A15_193295,Mollusca,False,,,,,,,,,,,,,
A15_171255,Mollusca,False,,,,,,,,,,,,,
A15_164577,Mollusca,False,,,,,,,,,,,,,
A15_OE25-1-ALL_33118,Evosea,False,,,,,,,,,,,,,
A15_OE25-1-ALL_33225,Evosea,False,,,,,,,,,,,,,
A15_OE25-1-ALL_22715,Evosea,True,PEt(18:2_18:3),PEt(18:2_18:3)+H,PEt,diacyl,M+H,A,1.5761524140919208,gold,1.6678491060318816,0.0395199999999995,6.0,4.0,C41 H72 O8 P1
A15_OE25-1-ALL_21257,Evosea,False,,,,,,,,,,,,,
A15_167530,Mollusca,False,,,,,,,,,,,,,
A15_OE25-1-ALL_32136,Evosea,False,,,,,,,,,,,,,
A15_176179,Mollusca,False,,,,,,,,,,,,,
A15_OE25-1-ALL_27519,Evosea,False,,,,,,,,,,,,,
A15_OE25-1-ALL_37110,Evosea,False,,,,,,,,,,,,,
A15_163718,Mollusca,False,,,,,,,,,,,,,
A15_OE25-1-ALL_32803,Evosea,False,,,,,,,,,,,,,
A15_193293,Mollusca,False,,,,,,,,,,,,,
A15_OE25-1-ALL_10571,Evosea,True,PE(27:0),PE(27:0)+H,PE,diacyl,M+H,C,0.1456586513540642,silver,0.2249952880256447,0.0723534339853113,3.0,2.0,C32 H65 N1 O8 P1
A15_OE25-1-ALL_23477,Evosea,False,,,,,,,,,,,,,
A15_OE25-1-ALL_19292,Evosea,False,,,,,,,,,,,,,
A15_OE25-1-ALL_6570,Evosea,False,,,,,,,,,,,,,
A15_OE25-1-ALL_20748,Evosea,False,,,,,,,,,,,,,
A15_OE25-1-ALL_33062,Evosea,False,,,,,,,,,,,,,
A15_222479,Nematoda,False,,,,,,,,,,,,,
A15_OE25-1-ALL_42199,Evosea,True,DG(20:2_19:0),DG(20:2_19:0)+H,DG,diacyl,M+H,B,0.057605287022351,bronze,0.2263640821722879,0.0353954584192415,4.0,2.0,C42 H79 O5
A15_OE25-1-ALL_34289,Evosea,False,,,,,,,,,,,,,
A15_161404,Nematoda,False,,,,,,,,,,,,,
A15_OE25-1-ALL_41137,Evosea,False,,,,,,,,,,,,,
A15_OE25-1-ALL_32201,Evosea,False,,,,,,,,,,,,,
A15_OE25-1-ALL_37184,Evosea,False,,,,,,,,,,,,,
A15_OE25-1-ALL_29908,Evosea,False,,,,,,,,,,,,,
A15_46806,Mollusca,False,,,,,,,,,,,,,
A15_24675,Mollusca,False,,,,,,,,,,,,,
A15_161931,Nematoda,False,,,,,,,,,,,,,
A15_148002,Mollusca,False,,,,,,,,,,,,,
A15_OE25-1-ALL_11471,Evosea,True,PS(18:2_18:2),PS(18:2_18:2)+H,PS,diacyl,M+H,A,0.2273115657997393,gold,0.4178647041527489,0.1099384567574333,3.0,5.0,C42 H75 N1 O10 P1
A15_OE25-1-ALL_2989,Evosea,False,,,,,,,,,,,,,
A15_OE25-1-ALL_29928,Evosea,False,,,,,,,,,,,,,
A15_OE25-1-ALL_31039,Evosea,True,PI(36:0),PI(36:0)+NH4,PI,diacyl,M+NH4,C,2.6782837129573185,silver,0.7446712883060973,0.0931490000000003,3.0,2.0,C45 H91 N1 O13 P1
A15_OE25-1-ALL_34431,Evosea,False,,,,,,,,,,,,,
A15_OE25-1-ALL_6192,Evosea,False,,,,,,,,,,,,,
A15_OE25-1-ALL_26252,Evosea,False,,,,,,,,,,,,,
A15_OE25-1-ALL_41153,Evosea,False,,,,,,,,,,,,,
A15_OE25-1-ALL_37140,Evosea,False,,,,,,,,,,,,,
A15_165577,Mollusca,False,,,,,,,,,,,,,
A15_161625,Mollusca,False,,,,,,,,,,,,,
A15_OE25-1-ALL_22198,Evosea,False,,,,,,,,,,,,,
A15_224123,Nematoda,False,,,,,,,,,,,,,
A15_OE25-1-ALL_13587,Evosea,False,,,,,,,,,,,,,
A15_OE25-1-ALL_36962,Evosea,False,,,,,,,,,,,,,
A15_OE25-1-ALL_33191,Evosea,False,,,,,,,,,,,,,
A15_OE25-1-ALL_22639,Evosea,False,,,,,,,,,,,,,
A15_202720,Mollusca,True,LPE(22:2),LPE(22:2)+H,LPE,monoacyl,M+H,C,1.2138201889256446,bronze,0.8622558842448185,0.2893492773809534,1.0,1.0,C27 H53 N1 O7 P1
A15_176118,Mollusca,False,,,,,,,,,,,,,
A15_OE25-1-ALL_21170,Evosea,False,,,,,,,,,,,,,
A15_OE25-1-ALL_5858,Evosea,False,,,,,,,,,,,,,
A15_OE25-1-ALL_27321,Evosea,False,,,,,,,,,,,,,
A15_OE25-1-ALL_23487,Evosea,False,,,,,,,,,,,,,
A15_OE25-1-ALL_22396,Evosea,False,,,,,,,,,,,,,
A15_OE25-1-ALL_26393,Evosea,False,,,,,,,,,,,,,
A15_OE25-1-ALL_24978,Evosea,False,,,,,,,,,,,,,
A15_OE25-1-ALL_26002,Evosea,False,,,,,,,,,,,,,
A15_OE25-1-ALL_31743,Evosea,True,LPE(18:2),LPE(18:2)+H,LPE,monoacyl,M+H,C,0.956292439708688,silver,0.7619076524088497,0.1441464999999979,2.0,1.0,C23 H45 N1 O7 P1
A15_OE25-1-ALL_6546,Evosea,False,,,,,,,,,,,,,
A15_125148,Chlorophyta,False,,,,,,,,,,,,,
A15_OE25-1-ALL_41595,Evosea,False,,,,,,,,,,,,,
A15_OE25-1-ALL_33198,Evosea,False,,,,,,,,,,,,,
A15_OE25-1-ALL_29348,Evosea,False,,,,,,,,,,,,,
A15_OE25-1-ALL_29396,Evosea,False,,,,,,,,,,,,,
A15_OE25-1-ALL_33086,Evosea,False,,,,,,,,,,,,,
A15_OE21-4-POS_229448,Thermoproteota,False,,,,,,,,,,,,,
A15_OE25-1-ALL_29927,Evosea,False,,,,,,,,,,,,,
A15_199488,Mollusca,True,LPE(22:2),LPE(22:2)+H,LPE,monoacyl,M+H,C,1.2138201889256446,bronze,0.630200956443745,0.0075492773809529,1.0,1.0,C27 H53 N1 O7 P1
A15_OE25-1-ALL_26738,Evosea,True,PI(34:0),PI(34:0)+NH4,PI,diacyl,M+NH4,C,1.3652590686169648,silver,0.5728541967226215,0.0243389615384614,3.0,1.0,C43 H87 N1 O13 P1
A15_205611,Mollusca,False,,,,,,,,,,,,,
A15_164615,Mollusca,False,,,,,,,,,,,,,
A15_OE25-1-ALL_33032,Evosea,False,,,,,,,,,,,,,
A15_OE25-1-ALL_6058,Evosea,False,,,,,,,,,,,,,
A15_OE25-1-ALL_29253,Evosea,False,,,,,,,,,,,,,
A15_OE25-1-ALL_31915,Evosea,False,,,,,,,,,,,,,
A15_OE25-1-ALL_17289,Evosea,False,,,,,,,,,,,,,
A15_50463,Mollusca,False,,,,,,,,,,,,,
A15_131315,Chlorophyta,False,,,,,,,,,,,,,
A15_159334,Mollusca,False,,,,,,,,,,,,,
A15_195194,Mollusca,False,,,,,,,,,,,,,
A15_OE25-1-ALL_23516,Evosea,True,PG(16:0_20:4),PG(16:0_20:4)+H,PG,diacyl,M+H,A,0.1929598096344965,silver,4.704420932284188,0.0241939999999996,1.0,4.0,C42 H76 O10 P1
A15_OE25-1-ALL_37037,Evosea,True,PE(O-5:0_14:1),PE(O-5:0_14:1)+H,PE,alkyl-acyl,M+H,B,0.919213113534098,silver,0.3764239867180243,0.0426490000000008,1.0,1.0,C24 H49 N1 O7 P1
A15_OE25-1-ALL_39629,Evosea,False,,,,,,,,,,,,,
A15_159860,Mollusca,False,,,,,,,,,,,,,
A15_OE25-1-ALL_21111,Evosea,False,,,,,,,,,,,,,
A15_OE25-1-ALL_23103,Evosea,False,,,,,,,,,,,,,
A15_OE25-1-ALL_30348,Evosea,False,,,,,,,,,,,,,
A15_OE25-1-ALL_41109,Evosea,False,,,,,,,,,,,,,
A15_OE25-1-ALL_30372,Evosea,False,,,,,,,,,,,,,
A15_OE25-1-ALL_34341,Evosea,False,,,,,,,,,,,,,
A15_OE25-1-ALL_20191,Evosea,False,,,,,,,,,,,,,
A15_OE25-1-ALL_32748,Evosea,True,PI(39:2),PI(39:2)+H,PI,diacyl,M+H,C,1.957135170016422,silver,0.3939073840403408,0.0711879999999993,3.0,1.0,C48 H90 O13 P1
A15_OE25-1-ALL_25985,Evosea,False,,,,,,,,,,,,,
A15_OE25-1-ALL_36574,Evosea,False,,,,,,,,,,,,,
A15_OE25-1-ALL_17306,Evosea,False,,,,,,,,,,,,,
A15_OE25-1-ALL_17722,Evosea,True,DG(O-15:1_16:1),DG(O-15:1_16:1)+NH4,DG,alkyl-acyl,M+NH4,C,0.3464132033152366,silver,0.4422156433536449,0.1151765080414382,3.0,4.0,C34 H68 N1 O4
A15_OE25-1-ALL_34191,Evosea,False,,,,,,,,,,,,,
A15_OE25-1-ALL_20886,Evosea,False,,,,,,,,,,,,,
A15_OE25-1-ALL_37013,Evosea,False,,,,,,,,,,,,,
A15_OE25-1-ALL_5024,Evosea,True,LPG(19:2),LPG(19:2)+H,LPG,monoacyl,M+H,C,0.0608664785765014,bronze,0.9541461918571232,0.0055614749999999,3.0,1.0,C25 H48 O9 P1
A15_OE25-1-ALL_6868,Evosea,False,,,,,,,,,,,,,
A15_OE25-1-ALL_25916,Evosea,False,,,,,,,,,,,,,
A15_OE25-1-ALL_21155,Evosea,True,PG(17:2_18:2),PG(17:2_18:2)+NH4,PG,diacyl,M+NH4,A,1.1079356304785997,gold,1.7916085530373893,0.2211090000000002,2.0,6.0,C41 H77 N1 O10 P1
A15_46792,Arthropoda,True,LPC(P-17:1),LPC(P-17:1)+H,LPC,monoalkenyl,M+H,C,1.5075924366357454,silver,0.8132940089318347,0.0356355411660782,4.0,2.0,C25 H51 N1 O6 P1
A15_OE25-1-ALL_33014,Evosea,False,,,,,,,,,,,,,
A15_OE25-1-ALL_27770,Evosea,False,,,,,,,,,,,,,
A15_OE25-1-ALL_30462,Evosea,False,,,,,,,,,,,,,
A15_OE25-1-ALL_9400,Evosea,True,PG(P-7:0_19:1),PG(P-7:0_19:1)+NH4,PG,alkenyl-acyl,M+NH4,C,0.044911720296735,bronze,0.6569116907599051,0.0756918999999998,1.0,2.0,C32 H65 N1 O9 P1
A15_OE25-1-ALL_29278,Evosea,True,TG(39:1),TG(39:1)+H,TG,triacyl,M+H,C,0.0409159663543832,bronze,0.0425079237887721,0.1140668333333323,3.0,1.0,C42 H79 O6
A15_176996,Mollusca,False,,,,,,,,,,,,,
A15_OE25-1-ALL_17388,Evosea,False,,,,,,,,,,,,,
A15_OE25-1-ALL_31566,Evosea,False,,,,,,,,,,,,,
A15_OE25-1-ALL_21145,Evosea,False,,,,,,,,,,,,,
A15_OE25-1-ALL_16562,Evosea,False,,,,,,,,,,,,,
A15_OE25-1-ALL_21446,Evosea,False,,,,,,,,,,,,,
A15_OE25-1-ALL_40679,Evosea,False,,,,,,,,,,,,,
A15_OE25-1-ALL_17927,Evosea,False,,,,,,,,,,,,,
A15_177017,Mollusca,False,,,,,,,,,,,,,
A15_OE25-1-ALL_33765,Evosea,False,,,,,,,,,,,,,
A15_OE25-1-ALL_11296,Evosea,False,,,,,,,,,,,,,
A15_OE25-1-ALL_9611,Evosea,False,,,,,,,,,,,,,
A15_OE25-1-ALL_42690,Evosea,False,,,,,,,,,,,,,
A15_OE25-1-ALL_21006,Evosea,True,PS(32:2),PS(32:2)+H,PS,diacyl,M+H,C,0.7148642064108828,silver,0.7286213574358871,0.1411429999999995,3.0,3.0,C38 H71 N1 O10 P1
A15_OE25-1-ALL_35122,Evosea,False,,,,,,,,,,,,,
A15_156462,Mollusca,False,,,,,,,,,,,,,
A15_153502,Chlorophyta,False,,,,,,,,,,,,,
A15_OE25-1-ALL_19369,Evosea,False,,,,,,,,,,,,,
A15_OE25-1-ALL_17329,Evosea,False,,,,,,,,,,,,,
A15_OE25-1-ALL_30152,Evosea,False,,,,,,,,,,,,,
A15_OE25-1-ALL_17319,Evosea,False,,,,,,,,,,,,,
A15_OE25-1-ALL_21272,Evosea,False,,,,,,,,,,,,,
A15_143891,Nematoda,False,,,,,,,,,,,,,
A15_25729,Mollusca,True,PC(20:0),PC(20:0)+H,PC,diacyl,M+H,C,2.1549373710811563,bronze,1.8556651996301532,0.2207919,1.0,1.0,C28 H57 N1 O8 P1
A15_OE25-1-ALL_30769,Evosea,False,,,,,,,,,,,,,
A15_223864,Mollusca,False,,,,,,,,,,,,,
A15_OE25-1-ALL_34351,Evosea,False,,,,,,,,,,,,,
A15_199487,Mollusca,False,,,,,,,,,,,,,
A15_OE25-1-ALL_29122,Evosea,False,,,,,,,,,,,,,
A15_OE25-1-ALL_42168,Evosea,False,,,,,,,,,,,,,
A15_OE25-1-ALL_33175,Evosea,False,,,,,,,,,,,,,
A15_OE25-1-ALL_31601,Evosea,False,,,,,,,,,,,,,
A15_OE25-1-ALL_21009,Evosea,False,,,,,,,,,,,,,
A15_OE25-1-ALL_17546,Evosea,False,,,,,,,,,,,,,
A15_OE25-1-ALL_27982,Evosea,True,PI(O-34:2),PI(O-34:2)+H,PI,alkyl-acyl,M+H,C,0.4911659085619835,silver,2.040674809114168,0.0879417068965509,2.0,2.0,C43 H82 O12 P1
A15_OE25-1-ALL_16624,Evosea,True,PG(20:5_16:2),PG(20:5_16:2)+Na,PG,diacyl,M+Na,C,0.1419423344105178,bronze,0.4674656114484844,0.1156699999999997,1.0,1.0,C42 H69 Na1 O10 P1
A15_182072,Mollusca,False,,,,,,,,,,,,,
A15_OE25-1-ALL_37066,Evosea,False,,,,,,,,,,,,,
A15_OE25-1-ALL_19961,Evosea,True,PG(16:2_17:1),PG(16:2_17:1)+H,PG,diacyl,M+H,C,0.1499580493742155,bronze,1.0293908274101695,0.0617119999999999,1.0,2.0,C39 H72 O10 P1
A15_OE25-1-ALL_3372,Evosea,True,WE(O-19:2),WE(O-19:2)+Na,WE,Wax monoesters,M+Na,C,0.2121443872606516,bronze,0.9388119347496912,0.0261450419725357,1.0,1.0,C19 H34 Na1 O2
A15_OE25-1-ALL_10595,Evosea,False,,,,,,,,,,,,,
A15_82363,Chlorophyta,False,,,,,,,,,,,,,
A15_222759,Mollusca,False,,,,,,,,,,,,,
A15_OE25-1-ALL_35783,Evosea,False,,,,,,,,,,,,,
A15_OE25-1-ALL_15353,Evosea,False,,,,,,,,,,,,,
A15_224986,Mollusca,False,,,,,,,,,,,,,
A15_OE25-1-ALL_34519,Evosea,False,,,,,,,,,,,,,
A15_70604,Arthropoda,True,LPE(18:0),LPE(18:0)+H,LPE,monoacyl,M+H,A,0.754712563636667,gold,0.1258174718103736,0.0611816675152576,4.0,4.0,C23 H49 N1 O7 P1
A15_18762,Arthropoda,False,,,,,,,,,,,,,
A15_59162,Mollusca,False,,,,,,,,,,,,,
A15_OE25-1-ALL_30876,Evosea,False,,,,,,,,,,,,,
A15_167980,Mollusca,False,,,,,,,,,,,,,
A15_22571,Mollusca,True,PC(21:0),PC(21:0)+H,PC,diacyl,M+H,C,3.302585092994046,bronze,1.2417688350608571,0.2459235695764774,1.0,1.0,C29 H59 N1 O8 P1
A15_OE25-1-ALL_4936,Evosea,True,LPI(O-16:0),LPI(O-16:0)+H,LPI,monoalkyl,M+H,C,0.0456025138312434,bronze,0.102746434884691,0.0131391542492207,1.0,1.0,C25 H52 O11 P1
A15_OE25-1-ALL_33167,Evosea,False,,,,,,,,,,,,,
A15_OE25-1-ALL_5048,Evosea,True,WE(O-27:4),WE(O-27:4)+Na,WE,Wax monoesters,M+Na,C,0.1105376762201325,bronze,1.1639332427493914,0.0066872999999998,1.0,1.0,C27 H46 Na1 O2
A15_OE25-1-ALL_9461,Evosea,False,,,,,,,,,,,,,
A15_9807,Mollusca,False,,,,,,,,,,,,,
A15_OE25-1-ALL_10342,Evosea,True,TG(49:14)+OO:(s),TG(49:14)+NH4+OO:(s),TG,triacyl,M+NH4,C,0.1836307281761246,bronze,1.107078018225946,0.1479373715166403,1.0,1.0,C52 H76 N1 O8
A15_OE25-1-ALL_5025,Evosea,False,,,,,,,,,,,,,
A15_OE25-1-ALL_17373,Evosea,False,,,,,,,,,,,,,
A15_35651,Mollusca,False,,,,,,,,,,,,,
A15_OE25-1-ALL_27801,Evosea,True,PI(O-34:2),PI(O-34:2)+H,PI,alkyl-acyl,M+H,C,0.4911659085619835,silver,1.804537583530429,0.1391417068965506,2.0,2.0,C43 H82 O12 P1
A15_OE25-1-ALL_39649,Evosea,False,,,,,,,,,,,,,
A15_OE25-1-ALL_30218,Evosea,False,,,,,,,,,,,,,
A15_25880,Mollusca,True,PC(21:0),PC(21:0)+H,PC,diacyl,M+H,C,3.302585092994046,bronze,1.1263304740595648,0.0371764304235227,1.0,1.0,C29 H59 N1 O8 P1
A15_OE25-1-ALL_8863,Evosea,False,,,,,,,,,,,,,
A15_OE25-1-ALL_17840,Evosea,True,PS(16:2_18:2),PS(16:2_18:2)+H,PS,diacyl,M+H,A,1.152414244856363,gold,0.2765244687733814,0.1535256311050457,2.0,4.0,C40 H71 N1 O10 P1
A15_OE25-1-ALL_7750,Evosea,True,PC(17:1),PC(17:1)+H,PC,diacyl,M+H,C,1.9688382664504007,silver,0.5336748186721503,0.0123017,5.0,1.0,C25 H49 N1 O8 P1
A15_OE25-1-ALL_5191,Evosea,False,,,,,,,,,,,,,
A15_OE25-1-ALL_26180,Evosea,False,,,,,,,,,,,,,
A15_OE25-1-ALL_35795,Evosea,False,,,,,,,,,,,,,
A15_OE25-1-ALL_11240,Evosea,False,,,,,,,,,,,,,
A15_OE25-1-ALL_13493,Evosea,True,PG(18:3_18:2),PG(18:3_18:2)+NH4,PG,diacyl,M+NH4,C,0.3901190105373305,bronze,0.3688891365041887,0.0251844597856916,1.0,2.0,C42 H77 N1 O10 P1
A15_OE25-1-ALL_22071,Evosea,False,,,,,,,,,,,,,
A15_OE25-1-ALL_16711,Evosea,False,,,,,,,,,,,,,
A15_OE25-1-ALL_2580,Evosea,False,,,,,,,,,,,,,
A15_OE25-1-ALL_4864,Evosea,False,,,,,,,,,,,,,
A15_OE25-1-ALL_20845,Evosea,False,,,,,,,,,,,,,
A15_54292,Chlorophyta,False,,,,,,,,,,,,,
A15_147486,Chlorophyta,True,PG(23:2_16:0),PG(23:2_16:0)+NH4,PG,diacyl,M+NH4,C,0.564685406195557,bronze,0.8102214609779316,0.0750129999999984,1.0,1.0,C45 H89 N1 O10 P1
A15_59554,Chlorophyta,False,,,,,,,,,,,,,
A15_109961,Chlorophyta,False,,,,,,,,,,,,,
A15_148523,Chlorophyta,False,,,,,,,,,,,,,
A15_202560,Chlorophyta,False,,,,,,,,,,,,,
A15_148528,Chlorophyta,False,,,,,,,,,,,,,
A15_133323,Chlorophyta,False,,,,,,,,,,,,,
A15_54908,Chlorophyta,False,,,,,,,,,,,,,
A15_OE25-1-ALL_3379,Evosea,False,,,,,,,,,,,,,
A15_49455,Chlorophyta,False,,,,,,,,,,,,,
A15_76053,Chlorophyta,False,,,,,,,,,,,,,
A15_OE25-1-ALL_34124,Evosea,False,,,,,,,,,,,,,
A15_OE25-1-ALL_14938,Evosea,True,TG(53:14)+OO:(s),TG(53:14)+NH4+OO:(s),TG,triacyl,M+NH4,C,0.0340851447168128,bronze,0.3624489958879163,0.0281359473471294,1.0,1.0,C56 H84 N1 O8
A15_OE25-1-ALL_37090,Evosea,False,,,,,,,,,,,,,
A15_176748,Mollusca,False,,,,,,,,,,,,,
A15_199268,Mollusca,True,LPS(20:1),LPS(20:1)+H,LPS,monoacyl,M+H,C,0.9760180941889304,bronze,0.949170604949232,0.101115,1.0,1.0,C26 H51 N1 O9 P1
A15_75187,Chlorophyta,False,,,,,,,,,,,,,
A15_OE25-1-ALL_5132,Evosea,True,PC(18:2),PC(18:2)+H,PC,diacyl,M+H,C,1.988426150864259,silver,1.1714426163086116,0.0025008363710252,5.0,1.0,C26 H49 N1 O8 P1
A15_OE25-1-ALL_32508,Evosea,True,PI(O-35:1),PI(O-35:1)+NH4,PI,alkyl-acyl,M+NH4,C,0.4719093619448258,bronze,0.3472764940889069,0.1792450000000016,1.0,1.0,C44 H89 N1 O12 P1
A15_13777,Mollusca,False,,,,,,,,,,,,,
A15_OE25-1-ALL_33591,Evosea,False,,,,,,,,,,,,,
A15_OE25-1-ALL_4108,Evosea,False,,,,,,,,,,,,,
A15_220689,Nematoda,False,,,,,,,,,,,,,
A15_15282,Chlorophyta,False,,,,,,,,,,,,,
A15_195195,Mollusca,False,,,,,,,,,,,,,
A15_OE25-1-ALL_9683,Evosea,True,TG(49:14)+OO:(s),TG(49:14)+NH4+OO:(s),TG,triacyl,M+NH4,C,0.133424950691595,bronze,0.0039916465098548,0.1447044492546103,1.0,1.0,C52 H76 N1 O8
A15_OE25-1-ALL_19062,Evosea,False,,,,,,,,,,,,,
A15_OE25-1-ALL_16799,Evosea,False,,,,,,,,,,,,,
A15_OE25-1-ALL_17672,Evosea,False,,,,,,,,,,,,,
A15_35648,Mollusca,False,,,,,,,,,,,,,
A15_OE25-1-ALL_47647,Evosea,False,,,,,,,,,,,,,
A15_OE25-1-ALL_37806,Evosea,False,,,,,,,,,,,,,
A15_OE25-1-ALL_10567,Evosea,True,TG(2:0_13:0_16:0)+OO:(s),TG(2:0_13:0_16:0)+Na+OO:(s),TG,triacyl,M+Na,C,0.2616621748103222,bronze,1.6872151560582127,0.188179400000001,1.0,1.0,C34 H64 Na1 O8
A15_193039,Chlorophyta,False,,,,,,,,,,,,,
A15_OE25-1-ALL_21112,Evosea,False,,,,,,,,,,,,,
A15_OE25-1-ALL_24320,Evosea,True,PEt(21:5_18:2),PEt(21:5_18:2)+Li,PEt,diacyl,M+Li,C,0.0717744084216408,bronze,1.6133892726657355,0.1103240000000003,1.0,2.0,C44 H73 Li1 O8 P1
A15_OE25-1-ALL_41087,Evosea,False,,,,,,,,,,,,,
A15_OE25-1-ALL_33383,Evosea,False,,,,,,,,,,,,,
A15_26874,Mollusca,True,PC(24:2),PC(24:2)+H,PC,diacyl,M+H,C,2.1952607340383925,bronze,0.6969469505782102,0.2526828000000001,1.0,1.0,C32 H61 N1 O8 P1
A15_71622,Chlorophyta,False,,,,,,,,,,,,,
A15_OE25-1-ALL_37093,Evosea,False,,,,,,,,,,,,,
A15_169808,Mollusca,False,,,,,,,,,,,,,
A15_OE25-1-ALL_26821,Evosea,False,,,,,,,,,,,,,
A15_OE25-1-ALL_5918,Evosea,False,,,,,,,,,,,,,
A15_148300,Chlorophyta,False,,,,,,,,,,,,,
A15_221305,Chlorophyta,False,,,,,,,,,,,,,
A15_OE25-1-ALL_33974,Evosea,False,,,,,,,,,,,,,
A15_OE25-1-ALL_6257,Evosea,False,,,,,,,,,,,,,
A15_OE25-1-ALL_9894,Evosea,False,,,,,,,,,,,,,
A15_OE25-1-ALL_21472,Evosea,True,PS(32:2),PS(32:2)+H,PS,diacyl,M+H,C,0.7148642064108828,silver,0.8637783221238712,0.0644429999999989,3.0,3.0,C38 H71 N1 O10 P1
A15_OE25-1-ALL_37902,Evosea,False,,,,,,,,,,,,,
A15_OE25-1-ALL_40912,Evosea,False,,,,,,,,,,,,,
A15_OE25-1-ALL_13388,Evosea,True,PC(28:4),PC(28:4)+H,PC,diacyl,M+H,C,0.2320075118250104,silver,0.3205262037356307,0.1915994669826819,2.0,1.0,C36 H65 N1 O8 P1
A15_OE25-1-ALL_1629,Evosea,False,,,,,,,,,,,,,
A15_54647,Chlorophyta,False,,,,,,,,,,,,,
A15_143080,Chlorophyta,False,,,,,,,,,,,,,
A15_117797,Chlorophyta,False,,,,,,,,,,,,,
A15_OE25-1-ALL_21334,Evosea,False,,,,,,,,,,,,,
A15_OE25-1-ALL_30364,Evosea,False,,,,,,,,,,,,,
A15_97862,Mollusca,False,,,,,,,,,,,,,
A15_226531,Mollusca,True,LPC(20:4),LPC(20:4)+H,LPC,monoacyl,M+H,C,1.0376342747745175,silver,0.2541546730245521,0.1040959962721039,2.0,1.0,C28 H51 N1 O7 P1
A15_OE25-1-ALL_18185,Evosea,False,,,,,,,,,,,,,
A15_OE25-1-ALL_17866,Evosea,False,,,,,,,,,,,,,
A15_OE25-1-ALL_3221,Evosea,True,LPG(17:2),LPG(17:2)+H,LPG,monoacyl,M+H,C,0.081711815697616,bronze,0.2342700810497938,0.0046671499999999,2.0,1.0,C23 H44 O9 P1
A15_OE25-1-ALL_36006,Evosea,False,,,,,,,,,,,,,
A15_OE25-1-ALL_46864,Evosea,True,DG(O-49:8),DG(O-49:8)+H,DG,alkyl-acyl,M+H,C,0.1154016370028341,silver,0.3023450491544516,0.0556700000000027,2.0,1.0,C52 H89 O4
A15_OE25-1-ALL_15649,Evosea,False,,,,,,,,,,,,,
A15_14703,Mollusca,False,,,,,,,,,,,,,
A15_OE25-1-ALL_3205,Evosea,False,,,,,,,,,,,,,
A15_27379,Mollusca,False,,,,,,,,,,,,,
A15_OE25-1-ALL_3351,Evosea,False,,,,,,,,,,,,,
A15_OE25-1-ALL_39683,Evosea,False,,,,,,,,,,,,,
A15_OE25-1-ALL_22003,Evosea,False,,,,,,,,,,,,,
A15_OE25-1-ALL_3765,Evosea,False,,,,,,,,,,,,,
A15_OE25-1-ALL_38033,Evosea,False,,,,,,,,,,,,,
A15_37722,Nematoda,False,,,,,,,,,,,,,
A15_OE25-1-ALL_21251,Evosea,False,,,,,,,,,,,,,
A15_217963,Mollusca,False,,,,,,,,,,,,,
A15_OE25-1-ALL_17374,Evosea,False,,,,,,,,,,,,,
A15_OE25-1-ALL_3808,Evosea,False,,,,,,,,,,,,,
A15_OE25-1-ALL_8879,Evosea,False,,,,,,,,,,,,,
A15_OE25-1-ALL_23072,Evosea,False,,,,,,,,,,,,,
A15_60131,Mollusca,False,,,,,,,,,,,,,
A15_OE25-1-ALL_36008,Evosea,False,,,,,,,,,,,,,
A15_OE25-1-ALL_16685,Evosea,False,,,,,,,,,,,,,
A15_OE25-1-ALL_20036,Evosea,True,DG(P-10:0_19:0),DG(P-10:0_19:0)+H,DG,alkenyl-acyl,M+H,C,0.2529753463220156,bronze,0.8199056379267006,0.126384999999999,1.0,1.0,C32 H63 O4
A15_OE25-1-ALL_19408,Evosea,False,,,,,,,,,,,,,
A15_OE25-1-ALL_37634,Evosea,True,LPC(P-30:0),LPC(P-30:0)+H,LPC,monoalkenyl,M+H,C,0.5031321250578581,bronze,0.8485811004482946,0.0968850000000003,1.0,1.0,C38 H79 N1 O6 P1
A15_OE25-1-ALL_10345,Evosea,True,PS(18:3_18:2),PS(18:3_18:2)+H,PS,diacyl,M+H,B,0.5572499196985062,gold,1.3507510355168646,0.1508605916128917,4.0,3.0,C42 H73 N1 O10 P1
A15_OE25-1-ALL_39734,Evosea,False,,,,,,,,,,,,,
A15_OE25-1-ALL_8891,Evosea,True,PEt(P-4:0_18:0),PEt(P-4:0_18:0)+K,PEt,alkenyl-acyl,M+K,C,0.1808867620492591,silver,0.4584180622916228,0.009199811746277,2.0,1.0,C27 H53 K1 O7 P1
A15_OE25-1-ALL_11012,Evosea,False,,,,,,,,,,,,,
A15_OE25-1-ALL_21477,Evosea,False,,,,,,,,,,,,,
A15_196308,Chlorophyta,True,MGDG(16:0_18:1),MGDG(16:0_18:1)+Na,MGDG,Monogalactosyldiacylglycerol,M+Na,C,0.1570161997943169,bronze,2.9797224841059786,0.0183657650791921,1.0,1.0,C43 H80 Na1 O10
A15_OE25-1-ALL_5356,Evosea,False,,,,,,,,,,,,,
A15_OE25-1-ALL_24718,Evosea,False,,,,,,,,,,,,,
A15_OE25-1-ALL_32303,Evosea,False,,,,,,,,,,,,,
A15_2199,Arthropoda,False,,,,,,,,,,,,,
A15_194957,Nematoda,True,TG(27:0_9:0)+O:(s),TG(27:0_9:0)+NH4+O:(s),TG,triacyl,M+NH4,C,0.0446633012059643,bronze,0.522672807386963,0.0286838263106901,1.0,1.0,C39 H78 N1 O7
A15_220688,Nematoda,False,,,,,,,,,,,,,
A15_221412,Nematoda,False,,,,,,,,,,,,,
A15_221523,Nematoda,False,,,,,,,,,,,,,
A15_199269,Mollusca,False,,,,,,,,,,,,,
A15_OE25-1-ALL_14099,Evosea,False,,,,,,,,,,,,,
A15_OE25-1-ALL_4661,Evosea,False,,,,,,,,,,,,,
A15_OE25-1-ALL_40012,Evosea,False,,,,,,,,,,,,,
A15_108189,Chlorophyta,True,MePC(37:8),MePC(37:8)+H,MePC,diacyl,M+H,C,0.1872656061459413,bronze,3.77412038551901,0.2905380000000015,1.0,1.0,C46 H78 N1 O8 P1
A15_OE25-1-ALL_968,Evosea,False,,,,,,,,,,,,,
A15_225551,Mollusca,False,,,,,,,,,,,,,
A15_100907,Chlorophyta,False,,,,,,,,,,,,,
A15_OE25-1-ALL_4659,Evosea,False,,,,,,,,,,,,,
A15_209914,Nematoda,True,DGDG(24:0_18:3),DGDG(24:0_18:3)+NH4,DGDG,Digalactosyldiacylglycerol,M+NH4,B,0.4617821474326387,silver,4.253890684969414,0.0285550000000007,1.0,2.0,C57 H106 N1 O15
A15_216879,Chlorophyta,False,,,,,,,,,,,,,
A15_OE25-1-ALL_40205,Evosea,False,,,,,,,,,,,,,
A15_176620,Mollusca,False,,,,,,,,,,,,,
A15_37737,Mollusca,False,,,,,,,,,,,,,
A15_222247,Nematoda,False,,,,,,,,,,,,,
A15_OE25-1-ALL_6226,Evosea,False,,,,,,,,,,,,,
A15_61993,Chlorophyta,False,,,,,,,,,,,,,
A15_57472,Mollusca,False,,,,,,,,,,,,,
A15_OE25-1-ALL_28666,Evosea,False,,,,,,,,,,,,,
A15_OE25-1-ALL_40322,Evosea,False,,,,,,,,,,,,,
A15_173840,Mollusca,False,,,,,,,,,,,,,
A15_222590,Nematoda,False,,,,,,,,,,,,,
A15_OE25-1-ALL_19437,Evosea,True,PS(20:5_16:1),PS(20:5_16:1)+H,PS,diacyl,M+H,B,0.203915388787098,silver,4.355417002395413,0.2563379999999995,1.0,1.0,C42 H71 N1 O10 P1
A15_221751,Nematoda,False,,,,,,,,,,,,,
A15_170591,Chlorophyta,False,,,,,,,,,,,,,
A15_OE25-1-ALL_21127,Evosea,False,,,,,,,,,,,,,
A15_47591,Chlorophyta,False,,,,,,,,,,,,,
A15_220277,Mollusca,False,,,,,,,,,,,,,
A15_OE25-1-ALL_22965,Evosea,False,,,,,,,,,,,,,
A15_OE25-1-ALL_29355,Evosea,False,,,,,,,,,,,,,
A15_143165,Mollusca,False,,,,,,,,,,,,,
A15_32034,Mollusca,False,,,,,,,,,,,,,
A15_219940,Mollusca,False,,,,,,,,,,,,,
A15_1644,Arthropoda,False,,,,,,,,,,,,,
A15_OE25-1-ALL_34548,Evosea,False,,,,,,,,,,,,,
A15_OE25-1-ALL_38163,Evosea,False,,,,,,,,,,,,,
A15_218625,Mollusca,False,,,,,,,,,,,,,
A15_OE25-1-ALL_3429,Evosea,True,LPS(17:1),LPS(17:1)+H,LPS,monoacyl,M+H,C,0.4619375991324621,silver,0.0998205356477861,0.0556891999999997,3.0,2.0,C23 H45 N1 O9 P1
A15_OE25-1-ALL_21197,Evosea,False,,,,,,,,,,,,,
A15_OE25-1-ALL_22893,Evosea,False,,,,,,,,,,,,,
A15_131437,Chlorophyta,False,,,,,,,,,,,,,
A15_OE25-1-ALL_4380,Evosea,False,,,,,,,,,,,,,
A15_OE25-1-ALL_4943,Evosea,False,,,,,,,,,,,,,
A15_166606,Arthropoda,True,SM(d37:2),SM(d37:2)+H,SM,acyl,M+H,C,1.277387444843768,silver,0.6237320735027404,0.0124300000000001,6.0,2.0,C42 H84 N2 O6 P1
A15_OE25-1-ALL_21420,Evosea,False,,,,,,,,,,,,,
A15_OE25-1-ALL_5551,Evosea,True,LPA(18:1),LPA(18:1)+H,LPA,monoacyl,M+H,C,0.7786902230960496,silver,0.3981721476517858,0.0686820334100328,6.0,1.0,C21 H42 O7 P1
A15_217272,Nematoda,False,,,,,,,,,,,,,
A15_OE25-1-ALL_13827,Evosea,False,,,,,,,,,,,,,
A15_53225,Arthropoda,False,,,,,,,,,,,,,
A15_187098,Arthropoda,False,,,,,,,,,,,,,
A15_80240,Mollusca,False,,,,,,,,,,,,,
A15_OE25-1-ALL_4552,Evosea,False,,,,,,,,,,,,,
A15_39957,Arthropoda,False,,,,,,,,,,,,,
A15_151430,Mollusca,False,,,,,,,,,,,,,
A15_OE25-1-ALL_41511,Evosea,False,,,,,,,,,,,,,
A15_59717,Chlorophyta,False,,,,,,,,,,,,,
A15_OE25-1-ALL_20409,Evosea,True,PG(16:2_17:1),PG(16:2_17:1)+H,PG,diacyl,M+H,C,0.1499580493742155,bronze,2.108021797377128,0.0277879999999992,1.0,1.0,C39 H72 O10 P1
A15_OE25-1-ALL_6496,Evosea,False,,,,,,,,,,,,,
A15_OE25-1-ALL_40837,Evosea,False,,,,,,,,,,,,,
A15_OE25-1-ALL_8197,Evosea,False,,,,,,,,,,,,,
A15_52112,Chlorophyta,False,,,,,,,,,,,,,
A15_130381,Chlorophyta,False,,,,,,,,,,,,,
A15_OE25-1-ALL_21058,Evosea,False,,,,,,,,,,,,,
A15_OE25-1-ALL_39620,Evosea,False,,,,,,,,,,,,,
A15_OE25-1-ALL_39539,Evosea,False,,,,,,,,,,,,,
A15_OE25-1-ALL_2330,Evosea,True,LPC(P-22:5),LPC(P-22:5)+H,LPC,monoalkenyl,M+H,C,0.3318475627803846,silver,0.3130264249364121,0.0213660812357416,2.0,1.0,C30 H53 N1 O6 P1
A15_1273,Arthropoda,False,,,,,,,,,,,,,
A15_OE25-1-ALL_36978,Evosea,False,,,,,,,,,,,,,
A15_OE25-1-ALL_6545,Evosea,False,,,,,,,,,,,,,
A15_15146,Evosea,False,,,,,,,,,,,,,
A15_143115,Chlorophyta,False,,,,,,,,,,,,,
A15_OE25-1-ALL_15692,Evosea,False,,,,,,,,,,,,,
A15_OE25-1-ALL_24596,Evosea,False,,,,,,,,,,,,,
A15_51363,Chlorophyta,False,,,,,,,,,,,,,
A15_223120,Nematoda,False,,,,,,,,,,,,,
A15_OE25-1-ALL_9739,Evosea,True,MG(O-20:5),MG(O-20:5)+H,MG,monoalkyl,M+H,C,0.1619496147415497,silver,0.250652867665775,0.071281297930529,3.0,1.0,C23 H39 O3
A15_156384,Chlorophyta,False,,,,,,,,,,,,,
A15_223406,Mollusca,False,,,,,,,,,,,,,
A15_101320,Chlorophyta,False,,,,,,,,,,,,,
A15_220136,Nematoda,False,,,,,,,,,,,,,
A15_14572,Mollusca,False,,,,,,,,,,,,,
A15_88389,Chlorophyta,False,,,,,,,,,,,,,
A15_OE25-1-ALL_27017,Evosea,False,,,,,,,,,,,,,
A15_OE25-1-ALL_4134,Evosea,False,,,,,,,,,,,,,
A15_187454,Mollusca,False,,,,,,,,,,,,,
A15_224550,Nematoda,False,,,,,,,,,,,,,
A15_49501,Arthropoda,False,,,,,,,,,,,,,
A15_OE25-1-ALL_15463,Evosea,False,,,,,,,,,,,,,
A15_OE25-1-ALL_2581,Evosea,False,,,,,,,,,,,,,
A15_OE25-1-ALL_10682,Evosea,False,,,,,,,,,,,,,
A15_130084,Arthropoda,False,,,,,,,,,,,,,
A15_23708,Chlorophyta,False,,,,,,,,,,,,,
A15_OE25-1-ALL_37072,Evosea,False,,,,,,,,,,,,,
A15_95235,Chlorophyta,False,,,,,,,,,,,,,
A15_173088,Mollusca,False,,,,,,,,,,,,,
A15_162242,Nematoda,False,,,,,,,,,,,,,
A15_222924,Nematoda,False,,,,,,,,,,,,,
A15_73265,Mollusca,False,,,,,,,,,,,,,
A15_OE25-1-ALL_26825,Evosea,False,,,,,,,,,,,,,
A15_78644,Chlorophyta,False,,,,,,,,,,,,,
A15_42463,Chlorophyta,False,,,,,,,,,,,,,
A15_OE25-1-ALL_18591,Evosea,False,,,,,,,,,,,,,
A15_OE25-1-ALL_19306,Evosea,False,,,,,,,,,,,,,
A15_9806,Mollusca,False,,,,,,,,,,,,,
A15_OE25-1-ALL_22514,Evosea,False,,,,,,,,,,,,,
A15_OE25-1-ALL_24422,Evosea,True,PE(P-18:4_18:2),PE(P-18:4_18:2)+H,PE,alkenyl-acyl,M+H,B,0.528276782676225,silver,0.1640441279468329,0.1558250000000001,1.0,1.0,C41 H71 N1 O7 P1
A15_200666,Arthropoda,True,Cer(d16:2_22:0),Cer(d16:2_22:0)+H-H2O,Cer,acylsphingosines,M+H-H2O,C,1.3121661721890694,silver,0.5692206917685309,0.286965281864596,3.0,4.0,C38 H72 N1 O2
A15_73680,Mollusca,False,,,,,,,,,,,,,
A15_25879,Mollusca,False,,,,,,,,,,,,,
A15_OE25-1-ALL_3797,Evosea,False,,,,,,,,,,,,,
A15_OE25-1-ALL_46255,Evosea,False,,,,,,,,,,,,,
A15_91809,Chlorophyta,False,,,,,,,,,,,,,
A15_223550,Nematoda,False,,,,,,,,,,,,,
A15_11524,Mollusca,False,,,,,,,,,,,,,
A15_225599,Nematoda,False,,,,,,,,,,,,,
A15_73856,Mollusca,False,,,,,,,,,,,,,
A15_OE25-1-ALL_41108,Evosea,False,,,,,,,,,,,,,
A15_OE25-1-ALL_45701,Evosea,False,,,,,,,,,,,,,
A15_7375,Arthropoda,False,,,,,,,,,,,,,
A15_69513,Chlorophyta,False,,,,,,,,,,,,,
A15_217185,Nematoda,False,,,,,,,,,,,,,
A15_OE25-1-ALL_17385,Evosea,False,,,,,,,,,,,,,
A15_OE25-1-ALL_6584,Evosea,False,,,,,,,,,,,,,
A15_OE25-1-ALL_3770,Evosea,False,,,,,,,,,,,,,
A15_OE25-1-ALL_22586,Evosea,False,,,,,,,,,,,,,
A15_OE25-1-ALL_22732,Evosea,False,,,,,,,,,,,,,
A15_OE25-1-ALL_21070,Evosea,False,,,,,,,,,,,,,
A15_OE25-1-ALL_43166,Evosea,True,TG(18:0_20:3_20:3)+OO:(s),TG(18:0_20:3_20:3)+H+OO:(s),TG,triacyl,M+H,B,0.7504415649324241,gold,0.1711319661659774,0.0150729999999974,2.0,2.0,C61 H107 O8
A15_173033,Chlorophyta,False,,,,,,,,,,,,,
A15_224912,Mollusca,False,,,,,,,,,,,,,
A15_226350,Mollusca,False,,,,,,,,,,,,,
A15_OE25-1-ALL_9827,Evosea,True,TG(49:14)+OO:(s),TG(49:14)+NH4+OO:(s),TG,triacyl,M+NH4,C,0.133424950691595,bronze,0.0194209250522253,0.0468044492546102,1.0,1.0,C52 H76 N1 O8
A15_78676,Chlorophyta,False,,,,,,,,,,,,,
A15_58094,Chlorophyta,False,,,,,,,,,,,,,
A15_224552,Nematoda,False,,,,,,,,,,,,,
A15_OE25-1-ALL_49487,Evosea,False,,,,,,,,,,,,,
A15_227641,Mollusca,False,,,,,,,,,,,,,
A15_228599,Mollusca,False,,,,,,,,,,,,,
A15_OE25-1-ALL_12567,Evosea,True,PC(30:6),PC(30:6)+H,PC,diacyl,M+H,C,0.1039093573436865,bronze,4.808781859937275,0.0692780000000006,1.0,1.0,C38 H65 N1 O8 P1
A15_OE25-1-ALL_45440,Evosea,True,DG(O-47:8),DG(O-47:8)+H,DG,alkyl-acyl,M+H,C,0.3938393699733191,silver,0.0236412628999828,0.0601204676842748,3.0,1.0,C50 H85 O4
A15_OE25-1-ALL_17019,Evosea,False,,,,,,,,,,,,,
A15_OE25-1-ALL_20405,Evosea,True,PEt(19:3_16:2),PEt(19:3_16:2)+H,PEt,diacyl,M+H,C,0.3013137963319922,silver,0.206644682966985,0.1097964999999998,2.0,1.0,C40 H70 O8 P1
A15_OE25-1-ALL_6525,Evosea,False,,,,,,,,,,,,,
A15_OE25-1-ALL_15455,Evosea,True,PG(16:2_17:2),PG(16:2_17:2)+H,PG,diacyl,M+H,A,1.1878064402055823,silver,2.559176453402756,0.1127858475464886,1.0,2.0,C39 H70 O10 P1
A15_OE25-1-ALL_4079,Evosea,False,,,,,,,,,,,,,
A15_180136,Nematoda,False,,,,,,,,,,,,,
A15_42497,Arthropoda,False,,,,,,,,,,,,,
A15_57882,Chlorophyta,False,,,,,,,,,,,,,
A15_OE25-1-ALL_22104,Evosea,False,,,,,,,,,,,,,
A15_OE25-1-ALL_39946,Evosea,False,,,,,,,,,,,,,
A15_OE25-1-ALL_21287,Evosea,False,,,,,,,,,,,,,
A15_OE25-1-ALL_10551,Evosea,True,DG(P-11:0_17:1),DG(P-11:0_17:1)+NH4,DG,alkenyl-acyl,M+NH4,C,0.195527833042884,silver,0.4287476347147455,0.0218869999999995,3.0,1.0,C31 H62 N1 O4
A15_228069,Nematoda,False,,,,,,,,,,,,,
A15_OE25-1-ALL_5046,Evosea,True,PA(O-20:1),PA(O-20:1)+Na,PA,alkyl-acyl,M+Na,C,0.136992864759231,bronze,0.5992397105745693,0.0052502000000003,1.0,1.0,C23 H45 Na1 O7 P1
A15_OE25-1-ALL_16911,Evosea,False,,,,,,,,,,,,,
A15_221421,Mollusca,False,,,,,,,,,,,,,
A15_133319,Chlorophyta,False,,,,,,,,,,,,,
A15_OE25-1-ALL_43993,Evosea,False,,,,,,,,,,,,,
A15_OE25-1-ALL_4008,Evosea,False,,,,,,,,,,,,,
A15_OE25-1-ALL_4904,Evosea,True,PC(14:0),PC(14:0)+H,PC,diacyl,M+H,C,1.3645510862209913,bronze,0.1826439383965208,0.0181539000000001,1.0,1.0,C22 H45 N1 O8 P1
A15_OE25-1-ALL_38857,Evosea,True,TG(3:0_17:1_20:2),TG(3:0_17:1_20:2)+H,TG,triacyl,M+H,C,0.5015442907624781,bronze,1.150147289007483,0.0856549999999991,1.0,1.0,C43 H77 O6
A15_130374,Chlorophyta,False,,,,,,,,,,,,,
A15_84121,Mollusca,False,,,,,,,,,,,,,
A15_30595,Arthropoda,True,LPC(P-15:2),LPC(P-15:2)+Na,LPC,monoalkenyl,M+Na,C,0.0302082710361993,bronze,1.2833984282298876,0.0552757999999999,1.0,1.0,C23 H44 N1 Na1 O6 P1
A15_212830,Nematoda,False,,,,,,,,,,,,,
A15_OE25-1-ALL_39998,Evosea,False,,,,,,,,,,,,,
A15_OE25-1-ALL_3800,Evosea,False,,,,,,,,,,,,,
A15_145332,Mollusca,False,,,,,,,,,,,,,
A15_132410,Chlorophyta,False,,,,,,,,,,,,,
A15_OE25-1-ALL_17656,Evosea,False,,,,,,,,,,,,,
A15_223548,Nematoda,False,,,,,,,,,,,,,
A15_9808,Mollusca,False,,,,,,,,,,,,,
A15_OE25-1-ALL_49459,Evosea,True,TG(O-16:0_18:1_16:2),TG(O-16:0_18:1_16:2)+NH4,TG,alkyl-acyl,M+NH4,C,0.8879488602920093,silver,0.4722575814587129,0.2122579999999985,3.0,2.0,C53 H102 N1 O5
A15_OE25-1-ALL_5261,Evosea,False,,,,,,,,,,,,,
A15_OE25-1-ALL_39650,Evosea,False,,,,,,,,,,,,,
A15_223268,Nematoda,False,,,,,,,,,,,,,
A15_OE25-1-ALL_32782,Evosea,True,PI(39:2),PI(39:2)+NH4,PI,diacyl,M+NH4,C,0.6248276378529533,bronze,0.4121605581145177,0.1120218038970399,1.0,1.0,C48 H93 N1 O13 P1
A15_OE25-1-ALL_17357,Evosea,False,,,,,,,,,,,,,
A15_14509,Mollusca,False,,,,,,,,,,,,,
A15_OE21-4-POS_19939,Thermoproteota,False,,,,,,,,,,,,,
A15_OE21-4-POS_4521,Thermoproteota,False,,,,,,,,,,,,,
A15_OE21-4-POS_22882,Thermoproteota,False,,,,,,,,,,,,,
A15_OE25-1-ALL_2739,Evosea,False,,,,,,,,,,,,,
A15_OE25-1-ALL_13489,Evosea,False,,,,,,,,,,,,,
A15_OE21-4-POS_16208,Thermoproteota,False,,,,,,,,,,,,,
A15_226014,Nematoda,False,,,,,,,,,,,,,
A15_73144,Chlorophyta,False,,,,,,,,,,,,,
A15_151328,Chlorophyta,False,,,,,,,,,,,,,
A15_225150,Nematoda,False,,,,,,,,,,,,,
A15_OE25-1-ALL_9958,Evosea,True,PS(36:5),PS(36:5)+H,PS,diacyl,M+H,C,0.4441566380298458,silver,0.1458465302276773,0.008757032812535,3.0,2.0,C42 H73 N1 O10 P1
A15_80571,Chlorophyta,False,,,,,,,,,,,,,
A15_16544,Mollusca,False,,,,,,,,,,,,,
A15_OE25-1-ALL_17175,Evosea,False,,,,,,,,,,,,,
A15_OE25-1-ALL_4944,Evosea,False,,,,,,,,,,,,,
A15_OE25-1-ALL_6946,Evosea,False,,,,,,,,,,,,,
A15_OE25-1-ALL_3812,Evosea,False,,,,,,,,,,,,,
A15_OE25-1-ALL_20739,Evosea,True,DG(O-13:0_19:2),DG(O-13:0_19:2)+NH4,DG,alkyl-acyl,M+NH4,C,0.1355125899216773,bronze,0.0100202774912492,0.1989070000000001,1.0,2.0,C35 H70 N1 O4
A15_172775,Chlorophyta,False,,,,,,,,,,,,,
A15_OE25-1-ALL_25275,Evosea,False,,,,,,,,,,,,,
A15_OE25-1-ALL_39807,Evosea,False,,,,,,,,,,,,,
A15_OE25-1-ALL_20154,Evosea,False,,,,,,,,,,,,,
A15_94983,Chlorophyta,False,,,,,,,,,,,,,
A15_93687,Chlorophyta,False,,,,,,,,,,,,,
A15_OE21-4-POS_5820,Thermoproteota,False,,,,,,,,,,,,,
A15_147570,Mollusca,False,,,,,,,,,,,,,
A15_78646,Chlorophyta,False,,,,,,,,,,,,,
A15_224119,Nematoda,False,,,,,,,,,,,,,
A15_7422,Arthropoda,False,,,,,,,,,,,,,
A15_110014,Chlorophyta,False,,,,,,,,,,,,,
A15_7851,Mollusca,False,,,,,,,,,,,,,
A15_OE25-1-ALL_39134,Evosea,True,TG(38:10_16:0),TG(38:10_16:0)+NH4,TG,triacyl,M+NH4,C,0.3258048561701737,bronze,3.11471482830566,0.2005889675134433,1.0,1.0,C57 H94 N1 O6
A15_225553,Mollusca,False,,,,,,,,,,,,,
A15_OE25-1-ALL_17101,Evosea,False,,,,,,,,,,,,,
A15_217672,Mollusca,False,,,,,,,,,,,,,
A15_174434,Arthropoda,True,SM(d16:1_19:1),SM(d16:1_19:1)+H,SM,acyl,M+H,C,0.1229891511145187,bronze,0.9535316628230596,0.0257609999999992,1.0,4.0,C40 H80 N2 O6 P1
A15_33513,Mollusca,False,,,,,,,,,,,,,
A15_OE25-1-ALL_7753,Evosea,False,,,,,,,,,,,,,
A15_32816,Arthropoda,False,,,,,,,,,,,,,
A15_152013,Mollusca,False,,,,,,,,,,,,,
A15_196630,Chlorophyta,True,DG(24:0_24:7),DG(24:0_24:7)+NH4,DG,diacyl,M+NH4,C,0.0809265895243121,bronze,0.1752410105297386,0.0770482116402107,1.0,1.0,C51 H90 N1 O5
A15_159170,Nematoda,False,,,,,,,,,,,,,
A15_OE25-1-ALL_21475,Evosea,False,,,,,,,,,,,,,
A15_22318,Chlorophyta,False,,,,,,,,,,,,,
A15_228230,Nematoda,False,,,,,,,,,,,,,
A15_144419,Nematoda,False,,,,,,,,,,,,,
A15_225948,Nematoda,False,,,,,,,,,,,,,
A15_56879,Arthropoda,False,,,,,,,,,,,,,
A15_154723,Arthropoda,False,,,,,,,,,,,,,
A15_56292,Arthropoda,True,LPC(O-18:3),LPC(O-18:3)+H,LPC,monoalkyl,M+H,C,0.0811880905565312,bronze,2.2953666957049994,0.1745031602617741,2.0,2.0,C26 H51 N1 O6 P1
A15_52820,Arthropoda,True,LPC(O-18:3),LPC(O-18:3)+H,LPC,monoalkyl,M+H,C,0.0811880905565312,bronze,1.02639810773446,0.1499968397382263,2.0,1.0,C26 H51 N1 O6 P1
A15_154155,Arthropoda,False,,,,,,,,,,,,,
A15_160429,Arthropoda,False,,,,,,,,,,,,,
A15_OE25-1-ALL_833,Evosea,False,,,,,,,,,,,,,
A15_11525,Mollusca,False,,,,,,,,,,,,,
A15_12239,Arthropoda,False,,,,,,,,,,,,,
A15_OE25-1-ALL_15524,Evosea,False,,,,,,,,,,,,,
A15_19695,Mollusca,True,PC(20:1),PC(20:1)+H,PC,diacyl,M+H,C,0.6509905657075865,bronze,0.9107495499182752,0.0290263000000003,1.0,1.0,C28 H55 N1 O8 P1
A15_OE25-1-ALL_45081,Evosea,False,,,,,,,,,,,,,
A15_113774,Chlorophyta,False,,,,,,,,,,,,,
A15_228836,Mollusca,False,,,,,,,,,,,,,
A15_112860,Chlorophyta,False,,,,,,,,,,,,,
A15_OE25-1-ALL_22511,Evosea,False,,,,,,,,,,,,,
A15_OE25-1-ALL_10417,Evosea,False,,,,,,,,,,,,,
A15_OE25-1-ALL_16886,Evosea,True,PG(32:3),PG(32:3)+Na,PG,diacyl,M+Na,C,0.0600476022923001,bronze,0.739687896148268,0.1979169999999985,1.0,1.0,C38 H69 Na1 O10 P1
A15_152077,Chlorophyta,False,,,,,,,,,,,,,
A15_43927,Arthropoda,True,LPC(P-17:1),LPC(P-17:1)+H,LPC,monoalkenyl,M+H,C,1.5075924366357454,silver,0.1616326513313277,0.2160355411660779,4.0,3.0,C25 H51 N1 O6 P1
A15_172990,Arthropoda,False,,,,,,,,,,,,,
A15_OE21-4-POS_37069,Thermoproteota,False,,,,,,,,,,,,,
A15_OE25-1-ALL_34442,Evosea,False,,,,,,,,,,,,,
A15_222534,Nematoda,False,,,,,,,,,,,,,
A15_154309,Chlorophyta,False,,,,,,,,,,,,,
A15_OE25-1-ALL_4961,Evosea,False,,,,,,,,,,,,,
A15_221297,Mollusca,False,,,,,,,,,,,,,
A15_171226,Arthropoda,True,SM(d14:1_21:1),SM(d14:1_21:1)+H,SM,acyl,M+H,C,0.8534142069440356,bronze,0.2232523780778782,0.1896920062802323,1.0,2.0,C40 H80 N2 O6 P1
A15_39308,Arthropoda,False,,,,,,,,,,,,,
A15_OE25-1-ALL_2661,Evosea,False,,,,,,,,,,,,,
A15_OE25-1-ALL_38206,Evosea,False,,,,,,,,,,,,,
A15_152946,Arthropoda,False,,,,,,,,,,,,,
A15_OE25-1-ALL_7832,Evosea,False,,,,,,,,,,,,,
A15_174491,Arthropoda,False,,,,,,,,,,,,,
A15_191756,Chlorophyta,False,,,,,,,,,,,,,
A15_218745,Chlorophyta,False,,,,,,,,,,,,,
A15_170803,Arthropoda,False,,,,,,,,,,,,,
A15_OE25-1-ALL_36507,Evosea,False,,,,,,,,,,,,,
A15_66917,Arthropoda,False,,,,,,,,,,,,,
A15_2835,Arthropoda,False,,,,,,,,,,,,,
A15_OE25-1-ALL_19019,Evosea,True,DG(18:1_20:2),DG(18:1_20:2)+Na,DG,diacyl,M+Na,C,0.0702264745733532,bronze,0.3535203117310059,0.1882619999999999,1.0,1.0,C41 H74 Na1 O5
A15_225960,Mollusca,False,,,,,,,,,,,,,
A15_78118,Chlorophyta,False,,,,,,,,,,,,,
A15_101186,Chlorophyta,False,,,,,,,,,,,,,
A15_OE25-1-ALL_2982,Evosea,False,,,,,,,,,,,,,
A15_OE25-1-ALL_15804,Evosea,False,,,,,,,,,,,,,
A15_225249,Chlorophyta,False,,,,,,,,,,,,,
A15_OE25-1-ALL_2808,Evosea,False,,,,,,,,,,,,,
A15_OE21-4-POS_13089,Thermoproteota,False,,,,,,,,,,,,,
A15_OE25-1-ALL_37104,Evosea,False,,,,,,,,,,,,,
A15_OE25-1-ALL_29939,Evosea,False,,,,,,,,,,,,,
A15_65397,Arthropoda,False,,,,,,,,,,,,,
A15_OE25-1-ALL_33064,Evosea,True,PI(39:2),PI(39:2)+H,PI,diacyl,M+H,C,1.957135170016422,silver,0.229377283141878,0.0311880000000002,3.0,1.0,C48 H90 O13 P1
A15_OE25-1-ALL_14398,Evosea,False,,,,,,,,,,,,,
A15_OE25-1-ALL_21152,Evosea,False,,,,,,,,,,,,,
A15_OE25-1-ALL_36669,Evosea,False,,,,,,,,,,,,,
A15_160929,Chlorophyta,False,,,,,,,,,,,,,
A15_224072,Nematoda,False,,,,,,,,,,,,,
A15_OE25-1-ALL_17240,Evosea,False,,,,,,,,,,,,,
A15_OE25-1-ALL_48014,Evosea,False,,,,,,,,,,,,,
A15_43796,Chlorophyta,False,,,,,,,,,,,,,
A15_127704,Chlorophyta,False,,,,,,,,,,,,,
A15_49230,Chlorophyta,False,,,,,,,,,,,,,
A15_201417,Chlorophyta,False,,,,,,,,,,,,,
A15_32245,Chlorophyta,False,,,,,,,,,,,,,
A15_192666,Chlorophyta,False,,,,,,,,,,,,,
A15_OE25-1-ALL_9717,Evosea,True,TG(20:4_20:6)+O:(s),TG(20:4_20:6)+NH4+O:(s),TG,triacyl,M+NH4,B,0.1862518039812714,silver,3.418047424109403,0.1921581654411772,1.0,1.0,C43 H66 N1 O7
A15_116410,Chlorophyta,True,PIP(22:3_16:0),PIP(22:3_16:0)+NH4,PIP,diacyl,M+NH4,C,0.4122667551097804,silver,0.3769657533216538,0.2899283021871301,3.0,2.0,C47 H90 N1 O16 P2
A15_42021,Chlorophyta,False,,,,,,,,,,,,,
A15_119182,Chlorophyta,False,,,,,,,,,,,,,
A15_105223,Chlorophyta,False,,,,,,,,,,,,,
A15_122122,Chlorophyta,False,,,,,,,,,,,,,
A15_121778,Chlorophyta,False,,,,,,,,,,,,,
A15_104011,Chlorophyta,False,,,,,,,,,,,,,
A15_190734,Chlorophyta,True,TG(3:0_14:0_18:1)+O:(s),TG(3:0_14:0_18:1)+NH4+O:(s),TG,triacyl,M+NH4,A,0.7249821992120151,silver,3.095670005961761,0.0702630000000006,1.0,1.0,C38 H74 N1 O7
A15_103458,Chlorophyta,False,,,,,,,,,,,,,
A15_108697,Chlorophyta,False,,,,,,,,,,,,,
A15_20192,Chlorophyta,False,,,,,,,,,,,,,
A15_19414,Chlorophyta,False,,,,,,,,,,,,,
A15_187574,Chlorophyta,False,,,,,,,,,,,,,
A15_164958,Chlorophyta,False,,,,,,,,,,,,,
A15_204411,Chlorophyta,False,,,,,,,,,,,,,
A15_27431,Chlorophyta,False,,,,,,,,,,,,,
A15_73308,Chlorophyta,False,,,,,,,,,,,,,
A15_4041,Chlorophyta,False,,,,,,,,,,,,,
A15_15229,Chlorophyta,False,,,,,,,,,,,,,
A15_77622,Chlorophyta,False,,,,,,,,,,,,,
A15_108882,Chlorophyta,False,,,,,,,,,,,,,
A15_29165,Chlorophyta,False,,,,,,,,,,,,,
A15_158749,Chlorophyta,False,,,,,,,,,,,,,
A15_49229,Chlorophyta,True,TG(27:8_2:0_8:0),TG(27:8_2:0_8:0)+Na,TG,triacyl,M+Na,C,0.5247127368880107,bronze,0.2476525066173624,0.2413379999999998,1.0,1.0,C40 H60 Na1 O6
A15_166431,Chlorophyta,False,,,,,,,,,,,,,
A15_8716,Chlorophyta,False,,,,,,,,,,,,,
A15_174880,Chlorophyta,False,,,,,,,,,,,,,
A15_107652,Chlorophyta,False,,,,,,,,,,,,,
A15_26918,Chlorophyta,False,,,,,,,,,,,,,
A15_10097,Mollusca,False,,,,,,,,,,,,,
A15_2479,Arthropoda,False,,,,,,,,,,,,,
A15_OE25-1-ALL_18932,Evosea,False,,,,,,,,,,,,,
A15_OE25-1-ALL_6846,Evosea,False,,,,,,,,,,,,,
A15_OE25-1-ALL_39604,Evosea,False,,,,,,,,,,,,,
A15_107653,Chlorophyta,False,,,,,,,,,,,,,
A15_580,Arthropoda,False,,,,,,,,,,,,,
A15_OE25-1-ALL_20570,Evosea,False,,,,,,,,,,,,,
A15_OE25-1-ALL_5058,Evosea,False,,,,,,,,,,,,,
A15_214156,Nematoda,False,,,,,,,,,,,,,
A15_223943,Nematoda,False,,,,,,,,,,,,,
A15_86268,Chlorophyta,False,,,,,,,,,,,,,
A15_201,Arthropoda,False,,,,,,,,,,,,,
A15_OE25-1-ALL_4560,Evosea,False,,,,,,,,,,,,,
A15_191778,Mollusca,False,,,,,,,,,,,,,
A15_OE21-4-POS_969,Thermoproteota,False,,,,,,,,,,,,,
A15_10421,Mollusca,False,,,,,,,,,,,,,
A15_155850,Arthropoda,False,,,,,,,,,,,,,
A15_OE25-1-ALL_4967,Evosea,False,,,,,,,,,,,,,
A15_OE21-4-POS_55100,Thermoproteota,False,,,,,,,,,,,,,
A15_108304,Chlorophyta,False,,,,,,,,,,,,,
A15_OE25-1-ALL_6477,Evosea,False,,,,,,,,,,,,,
A15_90170,Chlorophyta,False,,,,,,,,,,,,,
A15_OE21-4-POS_51162,Thermoproteota,False,,,,,,,,,,,,,
A15_OE25-1-ALL_4992,Evosea,False,,,,,,,,,,,,,
A15_216823,Chlorophyta,False,,,,,,,,,,,,,
A15_7840,Arthropoda,False,,,,,,,,,,,,,
A15_OE25-1-ALL_42253,Evosea,False,,,,,,,,,,,,,
A15_54768,Chlorophyta,False,,,,,,,,,,,,,
A15_OE25-1-ALL_1440,Evosea,False,,,,,,,,,,,,,
A15_OE25-1-ALL_46424,Evosea,False,,,,,,,,,,,,,
A15_69234,Chlorophyta,False,,,,,,,,,,,,,
A15_OE25-1-ALL_23676,Evosea,False,,,,,,,,,,,,,
A15_37224,Arthropoda,False,,,,,,,,,,,,,
A15_33281,Arthropoda,False,,,,,,,,,,,,,
A15_122237,Chlorophyta,False,,,,,,,,,,,,,
A15_90502,Chlorophyta,False,,,,,,,,,,,,,
A15_75272,Chlorophyta,False,,,,,,,,,,,,,
A15_108764,Chlorophyta,False,,,,,,,,,,,,,
A15_225685,Mollusca,False,,,,,,,,,,,,,
A15_117656,Chlorophyta,False,,,,,,,,,,,,,
A15_OE21-4-POS_7941,Thermoproteota,False,,,,,,,,,,,,,
A15_117986,Chlorophyta,True,TG(23:3_7:0)+O:(s),TG(23:3_7:0)+NH4+O:(s),TG,triacyl,M+NH4,B,0.1049410681462975,silver,2.676679139381192,0.0031677761523827,1.0,1.0,C33 H60 N1 O7
A15_OE25-1-ALL_6130,Evosea,False,,,,,,,,,,,,,
A15_194053,Chlorophyta,False,,,,,,,,,,,,,
A15_113458,Chlorophyta,False,,,,,,,,,,,,,
A15_222437,Chlorophyta,True,TG(28:4_16:1_22:6),TG(28:4_16:1_22:6)+NH4,TG,triacyl,M+NH4,C,0.5162137605258758,bronze,1.061012528366905,0.0690820000000016,1.0,1.0,C69 H116 N1 O6
A15_OE25-1-ALL_41512,Evosea,False,,,,,,,,,,,,,
A15_176419,Chlorophyta,False,,,,,,,,,,,,,
A15_OE25-1-ALL_6554,Evosea,False,,,,,,,,,,,,,
A15_OE25-1-ALL_23541,Evosea,True,PI(17:2_18:1),PI(17:2_18:1)+NH4,PI,diacyl,M+NH4,B,1.955200601584173,silver,1.3158250956340776,0.1080309999999986,1.0,2.0,C44 H83 N1 O13 P1
A15_143932,Nematoda,False,,,,,,,,,,,,,
A15_OE25-1-ALL_45465,Evosea,False,,,,,,,,,,,,,
A15_105384,Chlorophyta,False,,,,,,,,,,,,,
A15_142481,Chlorophyta,True,PIP(22:3_18:1),PIP(22:3_18:1)+NH4,PIP,diacyl,M+NH4,C,0.3171592090921264,bronze,0.444124206682976,0.1571079999999991,1.0,1.0,C49 H92 N1 O16 P2
A15_OE25-1-ALL_19260,Evosea,True,PG(25:4_16:0),PG(25:4_16:0)+NH4,PG,diacyl,M+NH4,C,0.0373553824315696,bronze,0.4876756268079857,0.0425599999999999,1.0,1.0,C47 H89 N1 O10 P1
A15_OE25-1-ALL_4078,Evosea,False,,,,,,,,,,,,,
A15_OE21-4-POS_44676,Thermoproteota,False,,,,,,,,,,,,,
A15_OE25-1-ALL_10581,Evosea,True,PC(26:3),PC(26:3)+H,PC,diacyl,M+H,C,0.5828828939661975,silver,0.9590356992954928,0.0422650260869561,3.0,1.0,C34 H63 N1 O8 P1
A15_128434,Chlorophyta,False,,,,,,,,,,,,,
A15_146291,Chlorophyta,False,,,,,,,,,,,,,
A15_56151,Chlorophyta,False,,,,,,,,,,,,,
A15_113648,Chlorophyta,False,,,,,,,,,,,,,
A15_7415,Arthropoda,False,,,,,,,,,,,,,
A15_219629,Nematoda,False,,,,,,,,,,,,,
A15_66396,Chlorophyta,False,,,,,,,,,,,,,
A15_780,Chlorophyta,False,,,,,,,,,,,,,
A15_106696,Chlorophyta,False,,,,,,,,,,,,,
A15_203553,Nematoda,True,PC(P-26:8_18:2),PC(P-26:8_18:2)+H,PC,alkenyl-acyl,M+H,C,0.7597704398691614,bronze,2.669299920746724,0.086352999999999,1.0,1.0,C52 H85 N1 O7 P1
A15_217426,Nematoda,False,,,,,,,,,,,,,
A15_52689,Chlorophyta,False,,,,,,,,,,,,,
A15_141780,Chlorophyta,False,,,,,,,,,,,,,
A15_221627,Nematoda,False,,,,,,,,,,,,,
A15_67931,Chlorophyta,False,,,,,,,,,,,,,
A15_1639,Arthropoda,False,,,,,,,,,,,,,
A15_19973,Chlorophyta,False,,,,,,,,,,,,,
A15_129828,Chlorophyta,False,,,,,,,,,,,,,
A15_OE25-1-ALL_20152,Evosea,False,,,,,,,,,,,,,
A15_218610,Nematoda,False,,,,,,,,,,,,,
A15_OE21-4-POS_233553,Thermoproteota,False,,,,,,,,,,,,,
A15_OE25-1-ALL_4973,Evosea,False,,,,,,,,,,,,,
A15_186432,Chlorophyta,True,DGDG(16:0_18:1),DGDG(16:0_18:1)+Na,DGDG,Digalactosyldiacylglycerol,M+Na,B,0.4885746649826033,silver,0.3847506518180333,0.0756084481087313,1.0,1.0,C49 H90 Na1 O15
A15_OE21-4-POS_204911,Thermoproteota,False,,,,,,,,,,,,,
A15_86699,Chlorophyta,False,,,,,,,,,,,,,
A15_188432,Chlorophyta,False,,,,,,,,,,,,,
A15_158740,Chlorophyta,True,TG(44:13),TG(44:13)+NH4,TG,triacyl,M+NH4,C,0.0197997429384968,bronze,2.227081651805537,0.0483553869747765,1.0,1.0,C47 H68 N1 O6
A15_224292,Nematoda,False,,,,,,,,,,,,,
A15_225019,Nematoda,False,,,,,,,,,,,,,
A15_50398,Arthropoda,False,,,,,,,,,,,,,
A15_OE25-1-ALL_19104,Evosea,False,,,,,,,,,,,,,
A15_OE25-1-ALL_6228,Evosea,False,,,,,,,,,,,,,
A15_37785,Arthropoda,False,,,,,,,,,,,,,
A15_113656,Chlorophyta,False,,,,,,,,,,,,,
A15_166841,Chlorophyta,False,,,,,,,,,,,,,
A15_4908,Arthropoda,False,,,,,,,,,,,,,
A15_OE25-1-ALL_8815,Evosea,False,,,,,,,,,,,,,
A15_32637,Arthropoda,False,,,,,,,,,,,,,
A15_67775,Arthropoda,True,PC(19:2),PC(19:2)+H,PC,diacyl,M+H,C,0.3308470013137342,silver,1.3642712222769908,0.0756949000000002,3.0,2.0,C27 H51 N1 O8 P1
A15_155347,Arthropoda,False,,,,,,,,,,,,,
A15_46815,Arthropoda,False,,,,,,,,,,,,,
A15_39014,Arthropoda,False,,,,,,,,,,,,,
A15_64745,Arthropoda,False,,,,,,,,,,,,,
A15_36868,Arthropoda,False,,,,,,,,,,,,,
A15_41936,Arthropoda,False,,,,,,,,,,,,,
A15_37762,Arthropoda,False,,,,,,,,,,,,,
A15_13770,Arthropoda,False,,,,,,,,,,,,,
A15_201520,Arthropoda,False,,,,,,,,,,,,,
A15_OE21-4-POS_233239,Thermoproteota,False,,,,,,,,,,,,,
A15_30850,Chlorophyta,False,,,,,,,,,,,,,
A15_35923,Arthropoda,False,,,,,,,,,,,,,
A15_OE25-1-ALL_8907,Evosea,False,,,,,,,,,,,,,
A15_177123,Chlorophyta,False,,,,,,,,,,,,,
A15_143007,Chlorophyta,False,,,,,,,,,,,,,
A15_38401,Arthropoda,False,,,,,,,,,,,,,
A15_OE25-1-ALL_14422,Evosea,True,PC(17:0_12:0),PC(17:0_12:0)+H,PC,diacyl,M+H,C,1.6665674507648534,bronze,0.7278316762943177,0.0551130000000004,1.0,2.0,C37 H75 N1 O8 P1
A15_176313,Nematoda,False,,,,,,,,,,,,,
A15_OE25-1-ALL_49269,Evosea,True,TG(O-16:0_18:1_16:2),TG(O-16:0_18:1_16:2)+NH4,TG,alkyl-acyl,M+NH4,C,0.8879488602920093,silver,0.1264255095380509,0.0859579999999979,3.0,2.0,C53 H102 N1 O5
A15_132334,Chlorophyta,False,,,,,,,,,,,,,
A15_176686,Nematoda,False,,,,,,,,,,,,,
A15_171006,Arthropoda,False,,,,,,,,,,,,,
A15_207832,Chlorophyta,False,,,,,,,,,,,,,
A15_152628,Chlorophyta,False,,,,,,,,,,,,,
A15_114484,Chlorophyta,False,,,,,,,,,,,,,
A15_78261,Chlorophyta,False,,,,,,,,,,,,,
A15_134300,Chlorophyta,False,,,,,,,,,,,,,
A15_OE25-1-ALL_2578,Evosea,False,,,,,,,,,,,,,
A15_192590,Chlorophyta,False,,,,,,,,,,,,,
A15_27477,Chlorophyta,False,,,,,,,,,,,,,
A15_95241,Chlorophyta,False,,,,,,,,,,,,,
A15_225395,Nematoda,False,,,,,,,,,,,,,
A15_OE25-1-ALL_12675,Evosea,False,,,,,,,,,,,,,
A15_75883,Chlorophyta,False,,,,,,,,,,,,,
A15_17905,Chlorophyta,False,,,,,,,,,,,,,
A15_131825,Chlorophyta,False,,,,,,,,,,,,,
A15_OE25-1-ALL_4962,Evosea,False,,,,,,,,,,,,,
A15_54866,Chlorophyta,False,,,,,,,,,,,,,
A15_OE25-1-ALL_21159,Evosea,True,PG(21:2_18:2),PG(21:2_18:2)+NH4,PG,diacyl,M+NH4,C,0.308231770809658,silver,0.3110360472002488,0.1347868193939394,2.0,1.0,C45 H85 N1 O10 P1
A15_105312,Chlorophyta,False,,,,,,,,,,,,,
A15_10711,Arthropoda,False,,,,,,,,,,,,,
A15_OE25-1-ALL_3806,Evosea,False,,,,,,,,,,,,,
A15_221001,Nematoda,False,,,,,,,,,,,,,
A15_OE21-4-POS_10518,Thermoproteota,False,,,,,,,,,,,,,
A15_OE25-1-ALL_40573,Evosea,False,,,,,,,,,,,,,
A15_41850,Arthropoda,False,,,,,,,,,,,,,
A15_221393,Arthropoda,True,Cer(d16:1_24:1),Cer(d16:1_24:1)+H-H2O,Cer,acylsphingosines,M+H-H2O,C,1.0095793456478217,silver,0.5432526857994294,0.0127206124830152,3.0,1.0,C40 H76 N1 O2
A15_4402,Chlorophyta,False,,,,,,,,,,,,,
A15_112159,Chlorophyta,False,,,,,,,,,,,,,
A15_5082,Arthropoda,False,,,,,,,,,,,,,
A15_206216,Arthropoda,True,TG(28:2_20:4),TG(28:2_20:4)+NH4,TG,triacyl,M+NH4,C,0.7738285449374944,bronze,3.0424289457913805,0.2475369999999976,1.0,1.0,C51 H90 N1 O6
A15_153345,Chlorophyta,False,,,,,,,,,,,,,
A15_119695,Chlorophyta,True,TG(20:2_16:0)+OO:(s),TG(20:2_16:0)+H+OO:(s),TG,triacyl,M+H,B,0.7114265370643303,gold,2.5663709483869344,0.0095244804058474,2.0,1.0,C39 H71 O8
A15_8417,Arthropoda,False,,,,,,,,,,,,,
A15_76595,Chlorophyta,False,,,,,,,,,,,,,
A15_OE25-1-ALL_6538,Evosea,False,,,,,,,,,,,,,
A15_211032,Arthropoda,True,DG(18:2_30:5),DG(18:2_30:5)+NH4,DG,diacyl,M+NH4,A,0.4477152306025434,gold,2.944527064133811,0.0351757720769576,4.0,2.0,C51 H90 N1 O5
A15_17055,Chlorophyta,False,,,,,,,,,,,,,
A15_OE25-1-ALL_16754,Evosea,False,,,,,,,,,,,,,
A15_188585,Arthropoda,False,,,,,,,,,,,,,
A15_220999,Nematoda,False,,,,,,,,,,,,,
A15_185357,Chlorophyta,False,,,,,,,,,,,,,
A15_223351,Nematoda,False,,,,,,,,,,,,,
A15_47789,Arthropoda,True,LPE(O-16:0),LPE(O-16:0)+H,LPE,monoalkyl,M+H,C,0.050876215899441,bronze,3.1129447131522388,0.1655366000000002,1.0,1.0,C21 H47 N1 O6 P1
A15_177474,Chlorophyta,False,,,,,,,,,,,,,
A15_OE25-1-ALL_47486,Evosea,False,,,,,,,,,,,,,
A15_12052,Arthropoda,False,,,,,,,,,,,,,
A15_218807,Chlorophyta,False,,,,,,,,,,,,,
A15_99327,Chlorophyta,False,,,,,,,,,,,,,
A15_OE21-4-POS_178610,Thermoproteota,False,,,,,,,,,,,,,
A15_144940,Chlorophyta,False,,,,,,,,,,,,,
A15_225729,Nematoda,False,,,,,,,,,,,,,
A15_24820,Chlorophyta,False,,,,,,,,,,,,,
A15_OE25-1-ALL_10651,Evosea,True,PG(20:3_19:4),PG(20:3_19:4)+NH4,PG,diacyl,M+NH4,C,0.1629148000815048,bronze,1.5356755774346105,0.0284545000000004,1.0,1.0,C45 H79 N1 O10 P1
A15_85806,Chlorophyta,False,,,,,,,,,,,,,
A15_OE25-1-ALL_5766,Evosea,False,,,,,,,,,,,,,
A15_55171,Chlorophyta,False,,,,,,,,,,,,,
A15_118243,Chlorophyta,False,,,,,,,,,,,,,
A15_225752,Nematoda,False,,,,,,,,,,,,,
A15_220794,Nematoda,False,,,,,,,,,,,,,
A15_223270,Nematoda,False,,,,,,,,,,,,,
A15_11738,Arthropoda,False,,,,,,,,,,,,,
A15_OE25-1-ALL_45990,Evosea,True,DG(O-47:7),DG(O-47:7)+H,DG,alkyl-acyl,M+H,C,0.0510651818214839,bronze,0.2112034393253573,0.0205749999999973,1.0,1.0,C50 H87 O4
A15_155422,Arthropoda,False,,,,,,,,,,,,,
A15_63712,Chlorophyta,False,,,,,,,,,,,,,
A15_222933,Nematoda,False,,,,,,,,,,,,,
A15_OE25-1-ALL_17383,Evosea,False,,,,,,,,,,,,,
A15_114354,Chlorophyta,False,,,,,,,,,,,,,
A15_171573,Chlorophyta,False,,,,,,,,,,,,,
A15_3692,Arthropoda,False,,,,,,,,,,,,,
A15_OE25-1-ALL_13395,Evosea,False,,,,,,,,,,,,,
A15_223230,Nematoda,False,,,,,,,,,,,,,
A15_221750,Nematoda,False,,,,,,,,,,,,,
A15_OE21-4-POS_229449,Thermoproteota,False,,,,,,,,,,,,,
A15_75754,Chlorophyta,False,,,,,,,,,,,,,
A15_OE25-1-ALL_3749,Evosea,True,PIP(20:1_16:1),PIP(20:1_16:1)+NH4,PIP,diacyl,M+NH4,C,0.0588640518677903,bronze,0.5051659954420193,0.0542666499999997,2.0,1.0,C45 H88 N1 O16 P2
A15_222585,Nematoda,False,,,,,,,,,,,,,
A15_153175,Chlorophyta,False,,,,,,,,,,,,,
A15_219343,Nematoda,False,,,,,,,,,,,,,
A15_45569,Arthropoda,False,,,,,,,,,,,,,
A15_OE25-1-ALL_1250,Evosea,False,,,,,,,,,,,,,
A15_OE25-1-ALL_15261,Evosea,True,PG(16:1_16:2),PG(16:1_16:2)+NH4,PG,diacyl,M+NH4,A,0.6688965211445919,silver,0.0267155262612964,0.074268,1.0,3.0,C38 H73 N1 O10 P1
A15_OE21-4-POS_196825,Thermoproteota,False,,,,,,,,,,,,,
A15_221002,Nematoda,False,,,,,,,,,,,,,
A15_219522,Nematoda,False,,,,,,,,,,,,,
A15_10303,Chlorophyta,False,,,,,,,,,,,,,
A15_137440,Chlorophyta,True,PIP(22:3_18:1),PIP(22:3_18:1)+NH4,PIP,diacyl,M+NH4,C,0.3301558741888794,bronze,1.8632635864673248,0.0818807035270339,1.0,1.0,C49 H92 N1 O16 P2
A15_5313,Arthropoda,False,,,,,,,,,,,,,
A15_OE25-1-ALL_45699,Evosea,False,,,,,,,,,,,,,
A15_142247,Chlorophyta,False,,,,,,,,,,,,,
A15_OE25-1-ALL_21424,Evosea,False,,,,,,,,,,,,,
A15_6977,Chlorophyta,False,,,,,,,,,,,,,
A15_109972,Chlorophyta,False,,,,,,,,,,,,,
A15_OE25-1-ALL_8878,Evosea,False,,,,,,,,,,,,,
A15_42716,Arthropoda,False,,,,,,,,,,,,,
A15_OE25-1-ALL_11673,Evosea,False,,,,,,,,,,,,,
A15_OE25-1-ALL_6121,Evosea,False,,,,,,,,,,,,,
A15_217184,Nematoda,False,,,,,,,,,,,,,
A15_130456,Arthropoda,False,,,,,,,,,,,,,
A15_222583,Nematoda,False,,,,,,,,,,,,,
A15_OE25-1-ALL_20723,Evosea,False,,,,,,,,,,,,,
A15_218868,Nematoda,False,,,,,,,,,,,,,
A15_205345,Chlorophyta,False,,,,,,,,,,,,,
A15_OE21-4-POS_9122,Thermoproteota,False,,,,,,,,,,,,,
A15_59870,Arthropoda,False,,,,,,,,,,,,,
A15_213656,Chlorophyta,False,,,,,,,,,,,,,
A15_101583,Chlorophyta,True,PIP(22:3_14:0),PIP(22:3_14:0)+NH4,PIP,diacyl,M+NH4,C,0.4249607226860483,silver,0.6251095168031504,0.0577449131726126,4.0,2.0,C45 H86 N1 O16 P2
A15_113727,Arthropoda,False,,,,,,,,,,,,,
A15_57789,Chlorophyta,False,,,,,,,,,,,,,
A15_136151,Chlorophyta,False,,,,,,,,,,,,,
A15_200628,Arthropoda,False,,,,,,,,,,,,,
A15_170580,Mollusca,False,,,,,,,,,,,,,
A15_196611,Mollusca,False,,,,,,,,,,,,,
A15_163118,Mollusca,False,,,,,,,,,,,,,
A15_165940,Mollusca,False,,,,,,,,,,,,,
A15_149996,Mollusca,False,,,,,,,,,,,,,
A15_163875,Mollusca,False,,,,,,,,,,,,,
A15_158239,Mollusca,False,,,,,,,,,,,,,
A15_165528,Mollusca,False,,,,,,,,,,,,,
A15_58434,Mollusca,False,,,,,,,,,,,,,
A15_193291,Mollusca,False,,,,,,,,,,,,,
A15_161624,Mollusca,False,,,,,,,,,,,,,
A15_175226,Mollusca,False,,,,,,,,,,,,,
A15_175293,Mollusca,False,,,,,,,,,,,,,
A15_156680,Mollusca,False,,,,,,,,,,,,,
A15_176049,Mollusca,False,,,,,,,,,,,,,
A15_164960,Nematoda,True,PG(O-18:2_12:0),PG(O-18:2_12:0)+Na,PG,alkyl-acyl,M+Na,C,0.0973670235430917,bronze,0.647319181063017,0.0219802732514935,1.0,1.0,C36 H69 Na1 O9 P1
A15_219649,Nematoda,False,,,,,,,,,,,,,
A15_219352,Nematoda,False,,,,,,,,,,,,,
A15_161711,Nematoda,False,,,,,,,,,,,,,
A15_218587,Nematoda,False,,,,,,,,,,,,,
A15_159967,Nematoda,False,,,,,,,,,,,,,
A15_47904,Mollusca,False,,,,,,,,,,,,,
A15_52571,Mollusca,False,,,,,,,,,,,,,
A15_156457,Mollusca,False,,,,,,,,,,,,,
A15_131230,Mollusca,False,,,,,,,,,,,,,
A15_161381,Mollusca,False,,,,,,,,,,,,,
A15_161152,Mollusca,False,,,,,,,,,,,,,
A15_158656,Mollusca,False,,,,,,,,,,,,,
A15_174544,Mollusca,False,,,,,,,,,,,,,
A15_175405,Mollusca,False,,,,,,,,,,,,,
A15_52575,Mollusca,False,,,,,,,,,,,,,
A15_218357,Nematoda,False,,,,,,,,,,,,,
A15_219648,Nematoda,False,,,,,,,,,,,,,
A15_217535,Nematoda,False,,,,,,,,,,,,,
A15_218869,Nematoda,False,,,,,,,,,,,,,
A15_217517,Nematoda,False,,,,,,,,,,,,,
A15_222417,Nematoda,False,,,,,,,,,,,,,
A15_131283,Chlorophyta,False,,,,,,,,,,,,,
A15_128853,Arthropoda,True,PI(20:5_18:1),PI(20:5_18:1)+H,PI,diacyl,M+H,B,1.3610133205920127,gold,2.1075850726369363,0.1375845037445984,7.0,5.0,C47 H80 O13 P1
A15_57604,Chlorophyta,False,,,,,,,,,,,,,
A15_OE25-1-ALL_11964,Evosea,False,,,,,,,,,,,,,
A15_9075,Arthropoda,False,,,,,,,,,,,,,
A15_11392,Chlorophyta,False,,,,,,,,,,,,,
A15_54515,Arthropoda,True,LPC(P-15:1),LPC(P-15:1)+Na,LPC,monoalkenyl,M+Na,C,0.0533643904159001,bronze,0.3313369443035566,0.1343327999999992,1.0,1.0,C23 H46 N1 Na1 O6 P1
A15_OE25-1-ALL_10628,Evosea,False,,,,,,,,,,,,,
A15_OE25-1-ALL_44928,Evosea,False,,,,,,,,,,,,,
A15_OE25-1-ALL_43148,Evosea,True,TG(40:4_18:2)+OO:(s),TG(40:4_18:2)+NH4+OO:(s),TG,triacyl,M+NH4,B,0.3621259919664906,gold,0.858694710160337,0.0369129999999984,2.0,1.0,C61 H110 N1 O8
A15_45076,Arthropoda,True,PC(16:1),PC(16:1)+H,PC,diacyl,M+H,C,2.09062979761827,silver,1.646788120281178,0.1051130392820596,3.0,1.0,C24 H47 N1 O8 P1
A15_7501,Chlorophyta,False,,,,,,,,,,,,,
A15_214584,Arthropoda,False,,,,,,,,,,,,,
A15_190584,Chlorophyta,False,,,,,,,,,,,,,
A15_219549,Nematoda,False,,,,,,,,,,,,,
A15_52576,Mollusca,False,,,,,,,,,,,,,
A15_190744,Arthropoda,False,,,,,,,,,,,,,
A15_218870,Nematoda,False,,,,,,,,,,,,,
A15_55007,Chlorophyta,False,,,,,,,,,,,,,
A15_186713,Chlorophyta,False,,,,,,,,,,,,,
A15_OE25-1-ALL_17752,Evosea,False,,,,,,,,,,,,,
A15_91109,Chlorophyta,False,,,,,,,,,,,,,
A15_195421,Chlorophyta,False,,,,,,,,,,,,,
A15_132950,Arthropoda,True,Cer(d14:1_18:1),Cer(d14:1_18:1)+H-H2O,Cer,acylsphingosines,M+H-H2O,C,1.624060350414171,silver,0.2840223091533115,0.0991743382500605,5.0,3.0,C32 H60 N1 O2
A15_43338,Arthropoda,False,,,,,,,,,,,,,
A15_16512,Arthropoda,False,,,,,,,,,,,,,
A15_29505,Chlorophyta,False,,,,,,,,,,,,,
A15_5477,Arthropoda,False,,,,,,,,,,,,,
A15_217097,Nematoda,False,,,,,,,,,,,,,
A15_76368,Chlorophyta,False,,,,,,,,,,,,,
A15_OE25-1-ALL_13991,Evosea,True,PA(O-31:3),PA(O-31:3)+NH4,PA,alkyl-acyl,M+NH4,C,0.4137208797738579,bronze,2.163103066080936,0.0287990000000011,1.0,2.0,C34 H67 N1 O7 P1
A15_OE25-1-ALL_15390,Evosea,True,PG(16:0_18:3),PG(16:0_18:3)+NH4,PG,diacyl,M+NH4,A,0.9385929198192527,gold,0.4064747911918715,0.0118194999999996,2.0,6.0,C40 H77 N1 O10 P1
A15_139628,Chlorophyta,False,,,,,,,,,,,,,
A15_10102,Arthropoda,False,,,,,,,,,,,,,
A15_169681,Arthropoda,True,Cer(d18:2_16:0),Cer(d18:2_16:0)+H-H2O,Cer,acylsphingosines,M+H-H2O,C,0.880747027574586,silver,0.296200283341043,0.0008578206220679,2.0,4.0,C34 H64 N1 O2
A15_OE25-1-ALL_4098,Evosea,False,,,,,,,,,,,,,
A15_73342,Chlorophyta,False,,,,,,,,,,,,,
A15_16903,Arthropoda,False,,,,,,,,,,,,,
A15_157805,Chlorophyta,False,,,,,,,,,,,,,
A15_OE25-1-ALL_45439,Evosea,False,,,,,,,,,,,,,
A15_58435,Mollusca,False,,,,,,,,,,,,,
A15_OE25-1-ALL_12655,Evosea,False,,,,,,,,,,,,,
A15_225747,Chlorophyta,True,TG(18:3_16:1_16:2),TG(18:3_16:1_16:2)+NH4,TG,triacyl,M+NH4,B,0.3115105019634446,silver,1.9207164672984205,0.0035694925846527,1.0,10.0,C53 H94 N1 O6
A15_70931,Arthropoda,False,,,,,,,,,,,,,
A15_48696,Chlorophyta,False,,,,,,,,,,,,,
A15_OE25-1-ALL_2043,Evosea,True,LPC(13:1),LPC(13:1)+H,LPC,monoacyl,M+H,C,1.79294881431669,silver,0.4010425272402683,0.0226715615830874,2.0,1.0,C21 H43 N1 O7 P1
A15_OE25-1-ALL_10369,Evosea,False,,,,,,,,,,,,,
A15_147062,Nematoda,False,,,,,,,,,,,,,
A15_OE25-1-ALL_48915,Evosea,True,TG(O-16:1_18:2_18:2),TG(O-16:1_18:2_18:2)+NH4,TG,alkyl-acyl,M+NH4,C,0.0374933371639836,bronze,0.5229582723783542,0.1594646659090912,1.0,1.0,C55 H102 N1 O5
A15_OE25-1-ALL_4927,Evosea,False,,,,,,,,,,,,,
A15_OE21-4-POS_233308,Thermoproteota,False,,,,,,,,,,,,,
A15_OE25-1-ALL_17244,Evosea,False,,,,,,,,,,,,,
A15_113339,Chlorophyta,False,,,,,,,,,,,,,
A15_58436,Mollusca,False,,,,,,,,,,,,,
A15_48595,Arthropoda,True,LPE(O-17:0),LPE(O-17:0)+H,LPE,monoalkyl,M+H,C,0.1781103927271585,silver,0.188017557528981,0.1987206281866882,4.0,1.0,C22 H49 N1 O6 P1
A15_220362,Nematoda,False,,,,,,,,,,,,,
A15_227022,Nematoda,False,,,,,,,,,,,,,
A15_OE21-4-POS_47680,Thermoproteota,False,,,,,,,,,,,,,
A15_183342,Mollusca,False,,,,,,,,,,,,,
A15_OE25-1-ALL_21360,Evosea,False,,,,,,,,,,,,,
A15_OE21-4-POS_37362,Thermoproteota,False,,,,,,,,,,,,,
A15_5614,Chlorophyta,False,,,,,,,,,,,,,
A15_103376,Chlorophyta,True,TG(47:9)+OO:(s),TG(47:9)+NH4+OO:(s),TG,triacyl,M+NH4,C,0.0512234758753238,bronze,2.707031527940094,0.1618483000000008,1.0,1.0,C50 H82 N1 O8
A15_214918,Chlorophyta,False,,,,,,,,,,,,,
A15_197824,Chlorophyta,False,,,,,,,,,,,,,
A15_215703,Nematoda,False,,,,,,,,,,,,,
A15_OE25-1-ALL_15226,Evosea,True,PG(P-14:2_19:3),PG(P-14:2_19:3)+NH4,PG,alkenyl-acyl,M+NH4,C,0.2904204577049987,bronze,1.3590801931731675,0.1525854249143972,1.0,1.0,C39 H71 N1 O9 P1
A15_128030,Chlorophyta,False,,,,,,,,,,,,,
A15_12230,Arthropoda,False,,,,,,,,,,,,,
A15_175508,Arthropoda,False,,,,,,,,,,,,,
A15_221979,Nematoda,False,,,,,,,,,,,,,
A15_225784,Chlorophyta,True,TG(O-50:13_16:0),TG(O-50:13_16:0)+NH4,TG,alkyl-acyl,M+NH4,B,0.2725669837835354,silver,0.7512762367931111,0.0880392684758781,1.0,1.0,C69 H114 N1 O5
A15_OE25-1-ALL_3685,Evosea,False,,,,,,,,,,,,,
A15_211447,Chlorophyta,False,,,,,,,,,,,,,
A15_OE25-1-ALL_8814,Evosea,False,,,,,,,,,,,,,
A15_221434,Nematoda,False,,,,,,,,,,,,,
A15_OE25-1-ALL_3948,Evosea,False,,,,,,,,,,,,,
A15_221754,Nematoda,False,,,,,,,,,,,,,
A15_220740,Nematoda,False,,,,,,,,,,,,,
A15_OE25-1-ALL_3744,Evosea,False,,,,,,,,,,,,,
A15_93877,Chlorophyta,False,,,,,,,,,,,,,
A15_134222,Chlorophyta,False,,,,,,,,,,,,,
A15_9235,Arthropoda,False,,,,,,,,,,,,,
A15_217098,Nematoda,False,,,,,,,,,,,,,
A15_OE25-1-ALL_44519,Evosea,False,,,,,,,,,,,,,
A15_OE25-1-ALL_4025,Evosea,False,,,,,,,,,,,,,
A15_146143,Nematoda,False,,,,,,,,,,,,,
A15_OE25-1-ALL_5855,Evosea,False,,,,,,,,,,,,,
A15_OE25-1-ALL_6304,Evosea,False,,,,,,,,,,,,,
A15_106656,Chlorophyta,False,,,,,,,,,,,,,
A15_OE25-1-ALL_10646,Evosea,False,,,,,,,,,,,,,
A15_OE21-4-POS_51163,Thermoproteota,False,,,,,,,,,,,,,
A15_92975,Chlorophyta,False,,,,,,,,,,,,,
A15_3754,Arthropoda,False,,,,,,,,,,,,,
A15_206788,Nematoda,False,,,,,,,,,,,,,
A15_OE25-1-ALL_45482,Evosea,False,,,,,,,,,,,,,
A15_45205,Arthropoda,False,,,,,,,,,,,,,
A15_OE25-1-ALL_13313,Evosea,True,MG(O-20:4),MG(O-20:4)+H,MG,monoalkyl,M+H,C,0.2181474343956586,bronze,0.3553978894940952,0.1302259999999986,1.0,1.0,C23 H41 O3
A15_194421,Chlorophyta,False,,,,,,,,,,,,,
A15_28770,Chlorophyta,False,,,,,,,,,,,,,
A15_167607,Chlorophyta,False,,,,,,,,,,,,,
A15_172527,Mollusca,False,,,,,,,,,,,,,
A15_58603,Chlorophyta,False,,,,,,,,,,,,,
A15_OE25-1-ALL_30144,Evosea,False,,,,,,,,,,,,,
A15_2170,Nematoda,False,,,,,,,,,,,,,
A15_84490,Chlorophyta,False,,,,,,,,,,,,,
A15_221386,Chlorophyta,True,PA(26:1_20:4),PA(26:1_20:4)+NH4,PA,diacyl,M+NH4,A,0.8926851066819731,silver,1.6788543436351346,0.2812340000000013,1.0,3.0,C49 H91 N1 O8 P1
A15_OE25-1-ALL_16628,Evosea,False,,,,,,,,,,,,,
A15_207093,Nematoda,True,PC(44:6),PC(44:6)+H,PC,diacyl,M+H,C,1.5380945868862177,silver,2.345327140961707,0.1942823177157073,2.0,2.0,C52 H93 N1 O8 P1
A15_190376,Chlorophyta,False,,,,,,,,,,,,,
A15_11806,Arthropoda,False,,,,,,,,,,,,,
A15_176756,Chlorophyta,False,,,,,,,,,,,,,
A15_OE21-4-POS_7737,Thermoproteota,False,,,,,,,,,,,,,
A15_OE21-4-POS_233202,Thermoproteota,False,,,,,,,,,,,,,
A15_OE25-1-ALL_8220,Evosea,False,,,,,,,,,,,,,
A15_OE21-4-POS_212590,Thermoproteota,False,,,,,,,,,,,,,
A15_174368,Mollusca,False,,,,,,,,,,,,,
A15_OE25-1-ALL_3743,Evosea,False,,,,,,,,,,,,,
A15_64105,Arthropoda,False,,,,,,,,,,,,,
A15_223623,Nematoda,False,,,,,,,,,,,,,
A15_219856,Chlorophyta,False,,,,,,,,,,,,,
A15_92776,Arthropoda,True,PE(4:0_18:1),PE(4:0_18:1)+H,PE,diacyl,M+H,C,0.4916951808303538,bronze,2.6458708283089494,0.0348463252798172,1.0,2.0,C27 H53 N1 O8 P1
A15_OE21-4-POS_183274,Thermoproteota,False,,,,,,,,,,,,,
A15_OE21-4-POS_203531,Thermoproteota,False,,,,,,,,,,,,,
A15_OE25-1-ALL_11017,Evosea,False,,,,,,,,,,,,,
A15_58686,Chlorophyta,False,,,,,,,,,,,,,
A15_172848,Arthropoda,False,,,,,,,,,,,,,
A15_OE25-1-ALL_11470,Evosea,True,PG(O-9:0_21:3),PG(O-9:0_21:3)+NH4,PG,alkyl-acyl,M+NH4,C,0.010543779161186,bronze,0.2341068903799254,0.0922100995238093,1.0,2.0,C36 H71 N1 O9 P1
A15_7474,Arthropoda,False,,,,,,,,,,,,,
A15_163685,Nematoda,False,,,,,,,,,,,,,
A15_86880,Arthropoda,True,PC(O-5:0_13:0),PC(O-5:0_13:0)+H,PC,alkyl-acyl,M+H,C,0.7512238183698299,silver,1.2920639819383866,0.1231978000000015,3.0,2.0,C26 H55 N1 O7 P1
A15_OE21-4-POS_215820,Thermoproteota,False,,,,,,,,,,,,,
A15_220579,Arthropoda,False,,,,,,,,,,,,,
A15_160342,Arthropoda,True,PC(36:5),PC(36:5)+Na,PC,diacyl,M+Na,C,1.082071808484563,silver,1.7595335083900527,0.2049299827985731,3.0,4.0,C44 H78 N1 Na1 O8 P1
A15_185681,Arthropoda,False,,,,,,,,,,,,,
A15_156065,Arthropoda,False,,,,,,,,,,,,,
A15_224571,Nematoda,False,,,,,,,,,,,,,
A15_225586,Nematoda,False,,,,,,,,,,,,,
A15_OE25-1-ALL_8888,Evosea,False,,,,,,,,,,,,,
A15_209247,Chlorophyta,False,,,,,,,,,,,,,
A15_106640,Chlorophyta,False,,,,,,,,,,,,,
A15_49552,Arthropoda,False,,,,,,,,,,,,,
A15_OE25-1-ALL_15318,Evosea,False,,,,,,,,,,,,,
A15_1761,Arthropoda,False,,,,,,,,,,,,,
A15_220462,Nematoda,True,DG(O-20:5_20:4),DG(O-20:5_20:4)+H,DG,alkyl-acyl,M+H,C,0.4004943050685888,bronze,0.4441104713136766,0.2848810000000021,1.0,1.0,C43 H69 O4
A15_80864,Arthropoda,False,,,,,,,,,,,,,
A15_149875,Arthropoda,False,,,,,,,,,,,,,
A15_OE25-1-ALL_49293,Evosea,False,,,,,,,,,,,,,
A15_153346,Chlorophyta,False,,,,,,,,,,,,,
A15_100402,Arthropoda,True,PC(O-5:0_13:1),PC(O-5:0_13:1)+H,PC,alkyl-acyl,M+H,C,1.187166506446589,bronze,0.9114017595998788,0.2437146000000005,1.0,1.0,C26 H53 N1 O7 P1
A15_221100,Chlorophyta,False,,,,,,,,,,,,,
A15_OE25-1-ALL_11260,Evosea,True,PI(29:0),PI(29:0)+H,PI,diacyl,M+H,C,0.503596867663379,silver,1.0900356440743657,0.0185042630434786,2.0,2.0,C38 H74 O13 P1
A15_220464,Nematoda,False,,,,,,,,,,,,,
A15_OE25-1-ALL_12845,Evosea,False,,,,,,,,,,,,,
A15_OE25-1-ALL_14834,Evosea,False,,,,,,,,,,,,,
A15_OE25-1-ALL_12616,Evosea,True,PC(29:0),PC(29:0)+H,PC,diacyl,M+H,C,1.7463721346508698,silver,0.821632474827102,0.0509751999999998,2.0,1.0,C37 H75 N1 O8 P1
A15_119199,Arthropoda,True,DG(P-15:2_18:3),DG(P-15:2_18:3)+Na,DG,alkenyl-acyl,M+Na,C,0.5782639245471101,bronze,3.9398084261074087,0.071377,1.0,2.0,C36 H60 Na1 O4
A15_224158,Nematoda,False,,,,,,,,,,,,,
A15_24440,Arthropoda,False,,,,,,,,,,,,,
A15_222446,Nematoda,False,,,,,,,,,,,,,
A15_OE25-1-ALL_3479,Evosea,False,,,,,,,,,,,,,
A15_154659,Arthropoda,False,,,,,,,,,,,,,
A15_131112,Chlorophyta,False,,,,,,,,,,,,,
A15_166970,Arthropoda,False,,,,,,,,,,,,,
A15_OE25-1-ALL_9752,Evosea,False,,,,,,,,,,,,,
A15_36191,Chlorophyta,False,,,,,,,,,,,,,
A15_148876,Chlorophyta,False,,,,,,,,,,,,,
A15_OE21-4-POS_221,Thermoproteota,False,,,,,,,,,,,,,
A15_OE25-1-ALL_42018,Evosea,True,TG(38:5_18:1)+OO:(s),TG(38:5_18:1)+NH4+OO:(s),TG,triacyl,M+NH4,B,0.1602153326800373,silver,1.847416747941243,0.0799703155216278,1.0,3.0,C59 H106 N1 O8
A15_126746,Nematoda,False,,,,,,,,,,,,,
A15_OE21-4-POS_11848,Thermoproteota,False,,,,,,,,,,,,,
A15_OE25-1-ALL_10723,Evosea,False,,,,,,,,,,,,,
A15_22139,Arthropoda,False,,,,,,,,,,,,,
A15_OE25-1-ALL_17321,Evosea,False,,,,,,,,,,,,,
A15_19237,Chlorophyta,False,,,,,,,,,,,,,
A15_OE25-1-ALL_3405,Evosea,False,,,,,,,,,,,,,
A15_177265,Chlorophyta,False,,,,,,,,,,,,,
A15_OE21-4-POS_214496,Thermoproteota,False,,,,,,,,,,,,,
A15_68028,Arthropoda,False,,,,,,,,,,,,,
A15_OE25-1-ALL_43159,Evosea,False,,,,,,,,,,,,,
A15_OE21-4-POS_167796,Thermoproteota,False,,,,,,,,,,,,,
A15_60047,Arthropoda,False,,,,,,,,,,,,,
A15_155533,Nematoda,False,,,,,,,,,,,,,
A15_227195,Nematoda,False,,,,,,,,,,,,,
A15_OE25-1-ALL_1551,Evosea,True,PC(21:3),PC(21:3)+H,PC,diacyl,M+H,C,1.4417357271622862,bronze,0.9474032307913064,4.46999999998976e-05,1.0,1.0,C29 H53 N1 O8 P1
A15_7556,Arthropoda,False,,,,,,,,,,,,,
A15_197219,Chlorophyta,False,,,,,,,,,,,,,
A15_225828,Nematoda,False,,,,,,,,,,,,,
A15_80540,Chlorophyta,False,,,,,,,,,,,,,
A15_OE25-1-ALL_42588,Evosea,True,TG(41:5_18:2)+OO:(s),TG(41:5_18:2)+H+OO:(s),TG,triacyl,M+H,B,0.4765377369963978,silver,0.609963758216544,0.0537709999999975,1.0,1.0,C62 H107 O8
A15_185021,Chlorophyta,False,,,,,,,,,,,,,
A15_OE21-4-POS_9358,Thermoproteota,False,,,,,,,,,,,,,
A15_220335,Nematoda,False,,,,,,,,,,,,,
A15_OE25-1-ALL_17479,Evosea,False,,,,,,,,,,,,,
A15_192571,Chlorophyta,False,,,,,,,,,,,,,
A15_OE21-4-POS_11398,Thermoproteota,False,,,,,,,,,,,,,
A15_191273,Chlorophyta,False,,,,,,,,,,,,,
A15_124856,Chlorophyta,False,,,,,,,,,,,,,
A15_46416,Mollusca,False,,,,,,,,,,,,,
A15_OE21-4-POS_966,Thermoproteota,False,,,,,,,,,,,,,
A15_OE25-1-ALL_3774,Evosea,False,,,,,,,,,,,,,
A15_131581,Chlorophyta,True,MG(P-28:8),MG(P-28:8)+NH4,MG,monoalkenyl,M+NH4,C,0.1694226809829943,bronze,2.564291976531244,0.0517559999999992,1.0,1.0,C31 H50 N1 O3
A15_OE25-1-ALL_17439,Evosea,False,,,,,,,,,,,,,
A15_31857,Mollusca,False,,,,,,,,,,,,,
A15_76844,Chlorophyta,False,,,,,,,,,,,,,
A15_224159,Nematoda,False,,,,,,,,,,,,,
A15_118667,Chlorophyta,False,,,,,,,,,,,,,
A15_62938,Arthropoda,False,,,,,,,,,,,,,
A15_161890,Chlorophyta,False,,,,,,,,,,,,,
A15_OE25-1-ALL_5049,Evosea,False,,,,,,,,,,,,,
A15_OE25-1-ALL_10602,Evosea,False,,,,,,,,,,,,,
A15_222926,Nematoda,False,,,,,,,,,,,,,
A15_8875,Arthropoda,False,,,,,,,,,,,,,
A15_75880,Chlorophyta,False,,,,,,,,,,,,,
A15_217508,Nematoda,False,,,,,,,,,,,,,
A15_OE25-1-ALL_6180,Evosea,False,,,,,,,,,,,,,
A15_144738,Nematoda,False,,,,,,,,,,,,,
A15_176053,Arthropoda,False,,,,,,,,,,,,,
A15_OE25-1-ALL_8855,Evosea,False,,,,,,,,,,,,,
A15_224551,Nematoda,False,,,,,,,,,,,,,
A15_212108,Nematoda,False,,,,,,,,,,,,,
A15_1592,Arthropoda,True,PI(23:3_3:0),PI(23:3_3:0)+Na,PI,diacyl,M+Na,C,0.0204064069843646,bronze,0.1820434383214651,0.0754928000000001,3.0,1.0,C35 H61 Na1 O13 P1
A15_78592,Chlorophyta,False,,,,,,,,,,,,,
A15_OE25-1-ALL_6563,Evosea,False,,,,,,,,,,,,,
A15_30740,Mollusca,False,,,,,,,,,,,,,
A15_OE21-4-POS_5821,Thermoproteota,False,,,,,,,,,,,,,
A15_OE21-4-POS_230717,Thermoproteota,False,,,,,,,,,,,,,
A15_225197,Nematoda,False,,,,,,,,,,,,,
A15_81826,Chlorophyta,False,,,,,,,,,,,,,
A15_OE25-1-ALL_11518,Evosea,True,BisMePA(28:0),BisMePA(28:0)+NH4,BisMePA,diacyl,M+NH4,C,1.255081750030205,silver,2.9862150104144827,0.0363915999999999,2.0,1.0,C33 H69 N1 O8 P1
A15_OE25-1-ALL_11035,Evosea,True,BisMePA(27:0),BisMePA(27:0)+NH4,BisMePA,diacyl,M+NH4,C,0.5000391624517277,silver,0.6857433897913797,0.0551384999999982,2.0,1.0,C32 H67 N1 O8 P1
A15_92737,Arthropoda,True,LPC(O-18:0),LPC(O-18:0)+H,LPC,monoalkyl,M+H,C,0.0831641256813818,bronze,2.208728428421373,0.1292718364447331,3.0,1.0,C26 H57 N1 O6 P1
A15_OE25-1-ALL_3696,Evosea,False,,,,,,,,,,,,,
A15_163532,Arthropoda,True,Co(Q6),Co(Q6)+NH4,Co,Coenzyme Q,M+NH4,A,1.0164590764402637,gold,0.6363979851755408,0.200005096525853,4.0,4.0,C39 H62 N1 O4
A15_23597,Mollusca,False,,,,,,,,,,,,,
A15_107655,Chlorophyta,False,,,,,,,,,,,,,
A15_222145,Nematoda,False,,,,,,,,,,,,,
A15_111902,Chlorophyta,False,,,,,,,,,,,,,
A15_100978,Chlorophyta,False,,,,,,,,,,,,,
A15_218407,Nematoda,False,,,,,,,,,,,,,
A15_OE25-1-ALL_46838,Evosea,False,,,,,,,,,,,,,
A15_58197,Mollusca,False,,,,,,,,,,,,,
A15_18050,Chlorophyta,False,,,,,,,,,,,,,
A15_112738,Chlorophyta,False,,,,,,,,,,,,,
A15_OE25-1-ALL_4304,Evosea,False,,,,,,,,,,,,,
A15_224,Arthropoda,False,,,,,,,,,,,,,
A15_52401,Mollusca,True,LPC(P-19:4),LPC(P-19:4)+Na,LPC,monoalkenyl,M+Na,C,0.0910818528262083,bronze,0.0825043111082033,0.0949608723211001,1.0,1.0,C27 H48 N1 Na1 O6 P1
A15_155563,Arthropoda,False,,,,,,,,,,,,,
A15_85057,Chlorophyta,False,,,,,,,,,,,,,
A15_53652,Chlorophyta,False,,,,,,,,,,,,,
A15_128738,Chlorophyta,False,,,,,,,,,,,,,
A15_OE25-1-ALL_17841,Evosea,False,,,,,,,,,,,,,
A15_143913,Chlorophyta,False,,,,,,,,,,,,,
A15_55565,Arthropoda,True,LPC(P-15:1),LPC(P-15:1)+Na,LPC,monoalkenyl,M+Na,C,0.0533643904159001,bronze,0.1627154725656635,0.0466327999999993,1.0,1.0,C23 H46 N1 Na1 O6 P1
A15_OE25-1-ALL_3837,Evosea,False,,,,,,,,,,,,,
A15_119861,Chlorophyta,False,,,,,,,,,,,,,
A15_10858,Nematoda,False,,,,,,,,,,,,,
A15_6923,Arthropoda,False,,,,,,,,,,,,,
A15_108855,Chlorophyta,False,,,,,,,,,,,,,
A15_166773,Arthropoda,False,,,,,,,,,,,,,
A15_13955,Nematoda,False,,,,,,,,,,,,,
A15_222681,Nematoda,False,,,,,,,,,,,,,
A15_50075,Arthropoda,False,,,,,,,,,,,,,
A15_OE25-1-ALL_19155,Evosea,False,,,,,,,,,,,,,
A15_156919,Chlorophyta,False,,,,,,,,,,,,,
A15_180442,Arthropoda,False,,,,,,,,,,,,,
A15_OE21-4-POS_3727,Thermoproteota,False,,,,,,,,,,,,,
A15_42462,Chlorophyta,False,,,,,,,,,,,,,
A15_OE25-1-ALL_13399,Evosea,False,,,,,,,,,,,,,
A15_13916,Chlorophyta,False,,,,,,,,,,,,,
A15_203103,Chlorophyta,True,TG(36:9_20:5),TG(36:9_20:5)+NH4,TG,triacyl,M+NH4,C,0.3505579171176196,silver,1.0605098881612978,0.1061031766917643,2.0,2.0,C59 H90 N1 O6
A15_OE25-1-ALL_6324,Evosea,False,,,,,,,,,,,,,
A15_OE25-1-ALL_5779,Evosea,False,,,,,,,,,,,,,
A15_28346,Chlorophyta,False,,,,,,,,,,,,,
A15_59097,Chlorophyta,False,,,,,,,,,,,,,
A15_225949,Nematoda,False,,,,,,,,,,,,,
A15_212916,Chlorophyta,False,,,,,,,,,,,,,
A15_152376,Mollusca,False,,,,,,,,,,,,,
A15_222420,Nematoda,False,,,,,,,,,,,,,
A15_OE21-4-POS_231498,Thermoproteota,False,,,,,,,,,,,,,
A15_OE25-1-ALL_14452,Evosea,False,,,,,,,,,,,,,
A15_OE25-1-ALL_43703,Evosea,True,TG(37:2_20:3)+OO:(s),TG(37:2_20:3)+H+OO:(s),TG,triacyl,M+H,C,0.2064205660871184,bronze,1.3567968022080183,0.1341559999999972,1.0,1.0,C60 H107 O8
A15_9342,Arthropoda,False,,,,,,,,,,,,,
A15_OE21-4-POS_215486,Thermoproteota,False,,,,,,,,,,,,,
A15_69252,Arthropoda,True,PC(21:2),PC(21:2)+H,PC,diacyl,M+H,C,0.3268888347248141,silver,0.0638399164838585,0.2071773604197284,3.0,1.0,C29 H55 N1 O8 P1
A15_66523,Arthropoda,False,,,,,,,,,,,,,
A15_1807,Arthropoda,False,,,,,,,,,,,,,
A15_99816,Chlorophyta,True,PIP(22:3_14:0),PIP(22:3_14:0)+NH4,PIP,diacyl,M+NH4,C,0.4249607226860483,silver,0.0638392883787222,0.1723449131726138,4.0,3.0,C45 H86 N1 O16 P2
A15_10231,Arthropoda,False,,,,,,,,,,,,,
A15_113344,Chlorophyta,True,MGDG(18:4_20:5),MGDG(18:4_20:5)+NH4,MGDG,Monogalactosyldiacylglycerol,M+NH4,B,0.5430597192009604,gold,1.336444157386515,0.2787683833882521,4.0,1.0,C47 H76 N1 O10
A15_206893,Nematoda,False,,,,,,,,,,,,,
A15_156875,Arthropoda,False,,,,,,,,,,,,,
A15_214667,Nematoda,False,,,,,,,,,,,,,
A15_OE25-1-ALL_6480,Evosea,False,,,,,,,,,,,,,
A15_OE25-1-ALL_8848,Evosea,False,,,,,,,,,,,,,
A15_OE25-1-ALL_47579,Evosea,False,,,,,,,,,,,,,
A15_OE25-1-ALL_17297,Evosea,False,,,,,,,,,,,,,
A15_122369,Nematoda,False,,,,,,,,,,,,,
A15_OE21-4-POS_44677,Thermoproteota,False,,,,,,,,,,,,,
A15_OE25-1-ALL_14892,Evosea,True,PG(16:2_16:2),PG(16:2_16:2)+NH4,PG,diacyl,M+NH4,A,0.2879164426780002,silver,1.82492231332164,0.2119960000000009,1.0,1.0,C38 H71 N1 O10 P1
A15_OE25-1-ALL_8887,Evosea,False,,,,,,,,,,,,,
A15_OE21-4-POS_225467,Thermoproteota,False,,,,,,,,,,,,,
A15_218979,Mollusca,False,,,,,,,,,,,,,
A15_185433,Arthropoda,True,PI(P-15:2_23:0),PI(P-15:2_23:0)+NH4,PI,alkenyl-acyl,M+NH4,C,0.3308976317899523,silver,2.228303351905615,0.1461375449916282,2.0,1.0,C47 H91 N1 O12 P1
A15_28605,Arthropoda,False,,,,,,,,,,,,,
A15_223111,Mollusca,False,,,,,,,,,,,,,
A15_111906,Chlorophyta,False,,,,,,,,,,,,,
A15_170661,Arthropoda,False,,,,,,,,,,,,,
A15_196567,Nematoda,False,,,,,,,,,,,,,
A15_222231,Chlorophyta,False,,,,,,,,,,,,,
A15_91091,Chlorophyta,False,,,,,,,,,,,,,
A15_OE21-4-POS_206718,Thermoproteota,False,,,,,,,,,,,,,
A15_193296,Mollusca,False,,,,,,,,,,,,,
A15_50193,Chlorophyta,False,,,,,,,,,,,,,
A15_162978,Mollusca,False,,,,,,,,,,,,,
A15_79667,Chlorophyta,False,,,,,,,,,,,,,
A15_OE25-1-ALL_8772,Evosea,False,,,,,,,,,,,,,
A15_56469,Chlorophyta,False,,,,,,,,,,,,,
A15_OE25-1-ALL_9371,Evosea,False,,,,,,,,,,,,,
A15_227286,Chlorophyta,False,,,,,,,,,,,,,
A15_130359,Arthropoda,False,,,,,,,,,,,,,
A15_179865,Nematoda,False,,,,,,,,,,,,,
A15_121964,Chlorophyta,False,,,,,,,,,,,,,
A15_35399,Mollusca,False,,,,,,,,,,,,,
A15_OE25-1-ALL_13393,Evosea,False,,,,,,,,,,,,,
A15_3165,Arthropoda,False,,,,,,,,,,,,,
A15_164422,Mollusca,False,,,,,,,,,,,,,
A15_OE25-1-ALL_15996,Evosea,False,,,,,,,,,,,,,
A15_36218,Arthropoda,False,,,,,,,,,,,,,
A15_144554,Chlorophyta,False,,,,,,,,,,,,,
A15_107625,Chlorophyta,False,,,,,,,,,,,,,
A15_73674,Arthropoda,True,PC(19:2),PC(19:2)+H,PC,diacyl,M+H,C,0.3308470013137342,silver,1.0724783484481837,0.1168050999999996,3.0,2.0,C27 H51 N1 O8 P1
A15_216147,Nematoda,False,,,,,,,,,,,,,
A15_OE21-4-POS_13953,Thermoproteota,False,,,,,,,,,,,,,
A15_43203,Arthropoda,True,LPA(23:7),LPA(23:7)+NH4,LPA,monoacyl,M+NH4,C,0.0462782372271731,bronze,0.8714588700329311,0.0051336935769654,1.0,1.0,C26 H43 N1 O7 P1
A15_OE25-1-ALL_10458,Evosea,False,,,,,,,,,,,,,
A15_OE21-4-POS_208894,Thermoproteota,False,,,,,,,,,,,,,
A15_219252,Chlorophyta,False,,,,,,,,,,,,,
A15_OE25-1-ALL_6594,Evosea,False,,,,,,,,,,,,,
A15_OE21-4-POS_227959,Thermoproteota,False,,,,,,,,,,,,,
A15_172227,Arthropoda,True,PI(P-15:2_22:1),PI(P-15:2_22:1)+NH4,PI,alkenyl-acyl,M+NH4,C,0.0616840270695589,bronze,1.0006174761542537,0.0071720000000006,1.0,1.0,C46 H87 N1 O12 P1
A15_221955,Nematoda,False,,,,,,,,,,,,,
A15_OE21-4-POS_208648,Thermoproteota,False,,,,,,,,,,,,,
A15_112820,Chlorophyta,False,,,,,,,,,,,,,
A15_224118,Nematoda,False,,,,,,,,,,,,,
A15_85051,Chlorophyta,False,,,,,,,,,,,,,
A15_192928,Nematoda,False,,,,,,,,,,,,,
A15_177698,Nematoda,False,,,,,,,,,,,,,
A15_66555,Arthropoda,True,LPC(P-18:0),LPC(P-18:0)+Na,LPC,monoalkenyl,M+Na,C,3.302585092994046,silver,0.3296770149398416,0.1065753000000002,4.0,2.0,C26 H54 N1 Na1 O6 P1
A15_OE25-1-ALL_6873,Evosea,False,,,,,,,,,,,,,
A15_203858,Chlorophyta,False,,,,,,,,,,,,,
A15_OE25-1-ALL_4459,Evosea,False,,,,,,,,,,,,,
A15_50755,Chlorophyta,True,TG(27:8_2:0_8:0),TG(27:8_2:0_8:0)+Na,TG,triacyl,M+Na,C,0.5247127368880107,bronze,0.4751213133885696,0.1530379999999995,1.0,1.0,C40 H60 Na1 O6
A15_OE25-1-ALL_36654,Evosea,False,,,,,,,,,,,,,
A15_81023,Mollusca,False,,,,,,,,,,,,,
A15_OE25-1-ALL_10633,Evosea,False,,,,,,,,,,,,,
A15_OE25-1-ALL_5043,Evosea,False,,,,,,,,,,,,,
A15_35076,Chlorophyta,False,,,,,,,,,,,,,
A15_OE25-1-ALL_9460,Evosea,False,,,,,,,,,,,,,
A15_222525,Nematoda,False,,,,,,,,,,,,,
A15_OE25-1-ALL_10999,Evosea,False,,,,,,,,,,,,,
A15_226092,Nematoda,False,,,,,,,,,,,,,
A15_222056,Nematoda,False,,,,,,,,,,,,,
A15_OE25-1-ALL_4257,Evosea,False,,,,,,,,,,,,,
A15_OE21-4-POS_224985,Thermoproteota,False,,,,,,,,,,,,,
A15_146834,Arthropoda,False,,,,,,,,,,,,,
A15_227356,Nematoda,False,,,,,,,,,,,,,
A15_OE21-4-POS_9811,Thermoproteota,False,,,,,,,,,,,,,
A15_156866,Mollusca,False,,,,,,,,,,,,,
A15_OE25-1-ALL_10933,Evosea,False,,,,,,,,,,,,,
A15_7443,Arthropoda,False,,,,,,,,,,,,,
A15_211989,Chlorophyta,False,,,,,,,,,,,,,
A15_OE25-1-ALL_17456,Evosea,False,,,,,,,,,,,,,
A15_216148,Nematoda,False,,,,,,,,,,,,,
A15_10990,Arthropoda,False,,,,,,,,,,,,,
A15_54060,Chlorophyta,False,,,,,,,,,,,,,
A15_87381,Chlorophyta,False,,,,,,,,,,,,,
A15_171785,Chlorophyta,False,,,,,,,,,,,,,
A15_221195,Mollusca,False,,,,,,,,,,,,,
A15_223372,Mollusca,False,,,,,,,,,,,,,
A15_158106,Chlorophyta,True,MGDG(16:2_16:2),MGDG(16:2_16:2)+Na,MGDG,Monogalactosyldiacylglycerol,M+Na,C,0.8373203768749511,bronze,3.8596513242977726,0.0139399999999998,1.0,1.0,C41 H70 Na1 O10
A15_OE25-1-ALL_2372,Evosea,False,,,,,,,,,,,,,
A15_OE25-1-ALL_4876,Evosea,False,,,,,,,,,,,,,
A15_223712,Mollusca,False,,,,,,,,,,,,,
A15_176713,Nematoda,False,,,,,,,,,,,,,
A15_OE25-1-ALL_42513,Evosea,False,,,,,,,,,,,,,
A15_204132,Nematoda,False,,,,,,,,,,,,,
A15_220623,Nematoda,False,,,,,,,,,,,,,
A15_215296,Chlorophyta,False,,,,,,,,,,,,,
A15_OE25-1-ALL_19217,Evosea,False,,,,,,,,,,,,,
A15_9466,Arthropoda,True,LPI(20:5),LPI(20:5)+NH4,LPI,monoacyl,M+NH4,C,0.5154715605626644,silver,1.0005848222511553,0.089598,3.0,1.0,C29 H51 N1 O12 P1
A15_220152,Arthropoda,True,Cer(d16:1_24:1),Cer(d16:1_24:1)+H-H2O,Cer,acylsphingosines,M+H-H2O,C,1.0419513645925922,silver,1.039845939464427,0.2142730000000021,3.0,2.0,C40 H76 N1 O2
A15_228889,Nematoda,False,,,,,,,,,,,,,
A15_OE25-1-ALL_17726,Evosea,False,,,,,,,,,,,,,
A15_154255,Mollusca,False,,,,,,,,,,,,,
A15_5828,Arthropoda,False,,,,,,,,,,,,,
A15_17088,Nematoda,False,,,,,,,,,,,,,
A15_183036,Chlorophyta,False,,,,,,,,,,,,,
A15_28088,Chlorophyta,False,,,,,,,,,,,,,
A15_32070,Mollusca,False,,,,,,,,,,,,,
A15_165296,Nematoda,False,,,,,,,,,,,,,
A15_148910,Mollusca,False,,,,,,,,,,,,,
A15_4748,Arthropoda,False,,,,,,,,,,,,,
A15_OE25-1-ALL_12981,Evosea,False,,,,,,,,,,,,,
A15_1303,Arthropoda,False,,,,,,,,,,,,,
A15_128156,Chlorophyta,False,,,,,,,,,,,,,
A15_222249,Nematoda,False,,,,,,,,,,,,,
A15_OE21-4-POS_222400,Thermoproteota,False,,,,,,,,,,,,,
A15_216742,Chlorophyta,False,,,,,,,,,,,,,
A15_156769,Nematoda,False,,,,,,,,,,,,,
A15_OE25-1-ALL_4603,Evosea,False,,,,,,,,,,,,,
A15_OE25-1-ALL_16643,Evosea,False,,,,,,,,,,,,,
A15_184708,Chlorophyta,False,,,,,,,,,,,,,
A15_64076,Arthropoda,False,,,,,,,,,,,,,
A15_73639,Mollusca,True,PC(28:2),PC(28:2)+H,PC,diacyl,M+H,C,2.6332726326406317,silver,0.441178108216553,0.1626596771770394,2.0,2.0,C36 H69 N1 O8 P1
A15_148656,Mollusca,False,,,,,,,,,,,,,
A15_OE25-1-ALL_42262,Evosea,True,TG(38:5_18:1)+OO:(s),TG(38:5_18:1)+NH4+OO:(s),TG,triacyl,M+NH4,B,0.1602153326800373,silver,0.6224882597307767,0.0652296844783748,1.0,2.0,C59 H106 N1 O8
A15_115958,Chlorophyta,False,,,,,,,,,,,,,
A15_163939,Chlorophyta,False,,,,,,,,,,,,,
A15_224290,Nematoda,False,,,,,,,,,,,,,
A15_174307,Bacillota,True,PEt(O-15:1_19:3),PEt(O-15:1_19:3)+Na,PEt,alkyl-acyl,M+Na,C,0.0204925711958696,bronze,0.8783227334297371,0.0704349999999998,1.0,1.0,C39 H71 Na1 O7 P1
A15_161779,Mollusca,False,,,,,,,,,,,,,
A15_11523,Mollusca,False,,,,,,,,,,,,,
A15_8984,Arthropoda,False,,,,,,,,,,,,,
A15_174140,Arthropoda,False,,,,,,,,,,,,,
A15_5661,Arthropoda,False,,,,,,,,,,,,,
A15_217547,Chlorophyta,False,,,,,,,,,,,,,
A15_82238,Chlorophyta,False,,,,,,,,,,,,,
A15_OE21-4-POS_20074,Thermoproteota,False,,,,,,,,,,,,,
A15_125515,Chlorophyta,False,,,,,,,,,,,,,
A15_153276,Chlorophyta,False,,,,,,,,,,,,,
A15_207681,Chlorophyta,False,,,,,,,,,,,,,
A15_OE25-1-ALL_6955,Evosea,False,,,,,,,,,,,,,
A15_OE25-1-ALL_8905,Evosea,False,,,,,,,,,,,,,
A15_214675,Chlorophyta,False,,,,,,,,,,,,,
A15_OE25-1-ALL_9028,Evosea,False,,,,,,,,,,,,,
A15_42123,Arthropoda,False,,,,,,,,,,,,,
A15_221196,Mollusca,False,,,,,,,,,,,,,
A15_136267,Nematoda,False,,,,,,,,,,,,,
A15_12301,Arthropoda,False,,,,,,,,,,,,,
A15_68388,Arthropoda,False,,,,,,,,,,,,,
A15_OE21-4-POS_231425,Thermoproteota,False,,,,,,,,,,,,,
A15_30727,Mollusca,False,,,,,,,,,,,,,
A15_39272,Arthropoda,True,PC(17:2),PC(17:2)+Na,PC,diacyl,M+Na,C,0.0312138611741003,bronze,1.8539061947699276,0.0245414868024242,2.0,1.0,C25 H46 N1 Na1 O8 P1
A15_124542,Arthropoda,False,,,,,,,,,,,,,
A15_186634,Arthropoda,False,,,,,,,,,,,,,
A15_OE25-1-ALL_6875,Evosea,False,,,,,,,,,,,,,
A15_202501,Nematoda,False,,,,,,,,,,,,,
A15_77907,Chlorophyta,False,,,,,,,,,,,,,
A15_OE25-1-ALL_8857,Evosea,False,,,,,,,,,,,,,
A15_223804,Nematoda,False,,,,,,,,,,,,,
A15_219124,Nematoda,False,,,,,,,,,,,,,
A15_142955,Mollusca,False,,,,,,,,,,,,,
A15_211400,Chlorophyta,False,,,,,,,,,,,,,
A15_224607,Nematoda,False,,,,,,,,,,,,,
A15_224605,Nematoda,False,,,,,,,,,,,,,
A15_154511,Mollusca,False,,,,,,,,,,,,,
A15_45486,Chlorophyta,False,,,,,,,,,,,,,
A15_OE25-1-ALL_6531,Evosea,False,,,,,,,,,,,,,
A15_110990,Chlorophyta,False,,,,,,,,,,,,,
A15_184451,Arthropoda,False,,,,,,,,,,,,,
A15_OE21-4-POS_231746,Thermoproteota,False,,,,,,,,,,,,,
A15_211810,Chlorophyta,False,,,,,,,,,,,,,
A15_116908,Chlorophyta,True,PI(15:0_14:1),PI(15:0_14:1)+H,PI,diacyl,M+H,C,0.1694910064808776,bronze,0.6861752543091506,0.0406830705882352,1.0,2.0,C38 H72 O13 P1
A15_OE25-1-ALL_7912,Evosea,False,,,,,,,,,,,,,
A15_181856,Arthropoda,True,SM(d35:1),SM(d35:1)+H,SM,acyl,M+H,C,0.8847435071449781,bronze,2.101737827242228,0.2463259999999998,1.0,1.0,C40 H82 N2 O6 P1
A15_212272,Nematoda,False,,,,,,,,,,,,,
A15_150572,Arthropoda,False,,,,,,,,,,,,,
A15_32647,Mollusca,False,,,,,,,,,,,,,
A15_176210,Arthropoda,False,,,,,,,,,,,,,
A15_33533,Mollusca,False,,,,,,,,,,,,,
A15_131210,Chlorophyta,False,,,,,,,,,,,,,
A15_128678,Chlorophyta,False,,,,,,,,,,,,,
A15_74646,Chlorophyta,False,,,,,,,,,,,,,
A15_223635,Chlorophyta,False,,,,,,,,,,,,,
A15_113773,Chlorophyta,False,,,,,,,,,,,,,
A15_14916,Arthropoda,False,,,,,,,,,,,,,
A15_OE21-4-POS_211665,Thermoproteota,False,,,,,,,,,,,,,
A15_88862,Chlorophyta,False,,,,,,,,,,,,,
A15_OE25-1-ALL_17511,Evosea,False,,,,,,,,,,,,,
A15_OE21-4-POS_8223,Thermoproteota,False,,,,,,,,,,,,,
A15_219367,Nematoda,False,,,,,,,,,,,,,
A15_40453,Chlorophyta,False,,,,,,,,,,,,,
A15_114411,Chlorophyta,False,,,,,,,,,,,,,
A15_225838,Chlorophyta,False,,,,,,,,,,,,,
A15_224061,Nematoda,False,,,,,,,,,,,,,
A15_205543,Chlorophyta,False,,,,,,,,,,,,,
A15_65935,Arthropoda,False,,,,,,,,,,,,,
A15_222524,Nematoda,False,,,,,,,,,,,,,
A15_76554,Arthropoda,False,,,,,,,,,,,,,
A15_164744,Nematoda,False,,,,,,,,,,,,,
A15_222692,Chlorophyta,False,,,,,,,,,,,,,
A15_16103,Chlorophyta,False,,,,,,,,,,,,,
A15_11221,Arthropoda,True,LPI(20:5),LPI(20:5)+NH4,LPI,monoacyl,M+NH4,C,0.5154715605626644,silver,0.9408660420784212,0.176698,3.0,1.0,C29 H51 N1 O12 P1
A15_5096,Arthropoda,False,,,,,,,,,,,,,
A15_113053,Chlorophyta,False,,,,,,,,,,,,,
A15_43988,Nematoda,True,WE(O-21:0),WE(O-21:0)+NH4,WE,Wax monoesters,M+NH4,C,0.0699902075610207,bronze,0.2199084708088748,0.0827250999999993,1.0,1.0,C21 H46 N1 O2
A15_OE25-1-ALL_10577,Evosea,False,,,,,,,,,,,,,
A15_46461,Arthropoda,False,,,,,,,,,,,,,
A15_204608,Chlorophyta,False,,,,,,,,,,,,,
A15_41682,Mollusca,False,,,,,,,,,,,,,
A15_133236,Arthropoda,False,,,,,,,,,,,,,
A15_OE21-4-POS_231783,Thermoproteota,False,,,,,,,,,,,,,
A15_165894,Nematoda,False,,,,,,,,,,,,,
A15_106261,Chlorophyta,False,,,,,,,,,,,,,
A15_78988,Chlorophyta,False,,,,,,,,,,,,,
A15_112814,Chlorophyta,False,,,,,,,,,,,,,
A15_216760,Nematoda,False,,,,,,,,,,,,,
A15_OE25-1-ALL_13080,Evosea,False,,,,,,,,,,,,,
A15_50299,Arthropoda,False,,,,,,,,,,,,,
A15_OE21-4-POS_16785,Thermoproteota,False,,,,,,,,,,,,,
A15_OE25-1-ALL_13734,Evosea,False,,,,,,,,,,,,,
A15_101392,Arthropoda,False,,,,,,,,,,,,,
A15_169647,Bacillota,False,,,,,,,,,,,,,
A15_128418,Nematoda,False,,,,,,,,,,,,,
A15_71268,Arthropoda,False,,,,,,,,,,,,,
A15_69203,Arthropoda,False,,,,,,,,,,,,,
A15_40139,Chlorophyta,False,,,,,,,,,,,,,
A15_OE25-1-ALL_15317,Evosea,False,,,,,,,,,,,,,
A15_166701,Mollusca,False,,,,,,,,,,,,,
A15_OE25-1-ALL_25849,Evosea,False,,,,,,,,,,,,,
A15_158854,Mollusca,False,,,,,,,,,,,,,
A15_203790,Nematoda,False,,,,,,,,,,,,,
A15_OE21-4-POS_3055,Thermoproteota,False,,,,,,,,,,,,,
A15_8686,Arthropoda,False,,,,,,,,,,,,,
A15_45887,Chlorophyta,False,,,,,,,,,,,,,
A15_221413,Nematoda,False,,,,,,,,,,,,,
A15_OE21-4-POS_209401,Thermoproteota,False,,,,,,,,,,,,,
A15_82398,Chlorophyta,False,,,,,,,,,,,,,
A15_OE25-1-ALL_9433,Evosea,False,,,,,,,,,,,,,
A15_46374,Arthropoda,False,,,,,,,,,,,,,
A15_68481,Chlorophyta,False,,,,,,,,,,,,,
A15_760,Arthropoda,False,,,,,,,,,,,,,
A15_52563,Mollusca,False,,,,,,,,,,,,,
A15_OE21-4-POS_231497,Thermoproteota,False,,,,,,,,,,,,,
A15_137209,Nematoda,False,,,,,,,,,,,,,
A15_43870,Chlorophyta,False,,,,,,,,,,,,,
A15_56981,Chlorophyta,False,,,,,,,,,,,,,
A15_45592,Arthropoda,False,,,,,,,,,,,,,
A15_144903,Mollusca,False,,,,,,,,,,,,,
A15_19764,Arthropoda,False,,,,,,,,,,,,,
A15_220635,Arthropoda,True,Cer(d16:1_24:1),Cer(d16:1_24:1)+H-H2O,Cer,acylsphingosines,M+H-H2O,C,1.0095793456478217,silver,0.3806209488910967,0.1771793875169827,3.0,2.0,C40 H76 N1 O2
A15_133330,Arthropoda,True,TG(16:1_19:3),TG(16:1_19:3)+Na,TG,triacyl,M+Na,C,0.1496111130409049,bronze,1.8345654519930108,0.1846580000000006,1.0,1.0,C38 H64 Na1 O6
A15_224672,Nematoda,False,,,,,,,,,,,,,
A15_132240,Nematoda,False,,,,,,,,,,,,,
A15_174367,Mollusca,False,,,,,,,,,,,,,
A15_93054,Chlorophyta,False,,,,,,,,,,,,,
A15_OE25-1-ALL_35990,Evosea,False,,,,,,,,,,,,,
A15_221628,Nematoda,False,,,,,,,,,,,,,
A15_160790,Mollusca,False,,,,,,,,,,,,,
A15_124255,Chlorophyta,False,,,,,,,,,,,,,
A15_64733,Arthropoda,False,,,,,,,,,,,,,
A15_219354,Nematoda,False,,,,,,,,,,,,,
A15_31847,Arthropoda,False,,,,,,,,,,,,,
A15_85402,Mollusca,False,,,,,,,,,,,,,
A15_7582,Chlorophyta,False,,,,,,,,,,,,,
A15_33542,Arthropoda,False,,,,,,,,,,,,,
A15_165508,Nematoda,False,,,,,,,,,,,,,
A15_68373,Arthropoda,True,LPC(P-18:0),LPC(P-18:0)+Na,LPC,monoalkenyl,M+Na,C,3.302585092994046,silver,0.4107543378108034,0.1469753000000002,4.0,2.0,C26 H54 N1 Na1 O6 P1
A15_OE21-4-POS_206619,Thermoproteota,False,,,,,,,,,,,,,
A15_209046,Nematoda,False,,,,,,,,,,,,,
A15_132016,Nematoda,False,,,,,,,,,,,,,
A15_123817,Chlorophyta,False,,,,,,,,,,,,,
A15_96615,Chlorophyta,False,,,,,,,,,,,,,
A15_219351,Nematoda,False,,,,,,,,,,,,,
A15_OE25-1-ALL_8822,Evosea,False,,,,,,,,,,,,,
A15_OE25-1-ALL_8842,Evosea,False,,,,,,,,,,,,,
A15_221625,Nematoda,False,,,,,,,,,,,,,
A15_35123,Arthropoda,False,,,,,,,,,,,,,
A15_226980,Nematoda,False,,,,,,,,,,,,,
A15_5276,Arthropoda,False,,,,,,,,,,,,,
A15_48929,Chlorophyta,False,,,,,,,,,,,,,
A15_OE21-4-POS_16207,Thermoproteota,False,,,,,,,,,,,,,
A15_OE21-4-POS_209996,Thermoproteota,False,,,,,,,,,,,,,
A15_216544,Chlorophyta,True,DG(24:0_20:5),DG(24:0_20:5)+H,DG,diacyl,M+H,A,1.1105428809257445,silver,0.1503823170147007,0.0767891736884287,1.0,3.0,C47 H83 O5
A15_131229,Mollusca,False,,,,,,,,,,,,,
A15_207972,Nematoda,False,,,,,,,,,,,,,
A15_OE25-1-ALL_4538,Evosea,False,,,,,,,,,,,,,
A15_13926,Mollusca,False,,,,,,,,,,,,,
A15_227251,Mollusca,False,,,,,,,,,,,,,
A15_OE25-1-ALL_17928,Evosea,False,,,,,,,,,,,,,
A15_26652,Arthropoda,False,,,,,,,,,,,,,
A15_OE25-1-ALL_9242,Evosea,False,,,,,,,,,,,,,
A15_183952,Mollusca,False,,,,,,,,,,,,,
A15_203316,Nematoda,False,,,,,,,,,,,,,
A15_OE21-4-POS_9653,Thermoproteota,False,,,,,,,,,,,,,
A15_78749,Mollusca,False,,,,,,,,,,,,,
A15_85611,Mollusca,False,,,,,,,,,,,,,
A15_45803,Arthropoda,False,,,,,,,,,,,,,
A15_27281,Chlorophyta,False,,,,,,,,,,,,,
A15_202212,Chlorophyta,False,,,,,,,,,,,,,
A15_59672,Arthropoda,False,,,,,,,,,,,,,
A15_35941,Arthropoda,False,,,,,,,,,,,,,
A15_195066,Nematoda,False,,,,,,,,,,,,,
A15_58180,Mollusca,False,,,,,,,,,,,,,
A15_148452,Chlorophyta,True,TG(20:1_23:6)+O:(s),TG(20:1_23:6)+NH4+O:(s),TG,triacyl,M+NH4,C,0.0446570621890492,bronze,0.0806273007442916,0.2532615769230766,1.0,1.0,C46 H78 N1 O7
A15_5993,Arthropoda,False,,,,,,,,,,,,,
A15_173539,Arthropoda,True,PI(40:6),PI(40:6)+NH4,PI,diacyl,M+NH4,C,0.0113513979155527,bronze,0.7652584351408387,0.0449820000000009,1.0,1.0,C49 H87 N1 O13 P1
A15_227621,Nematoda,False,,,,,,,,,,,,,
A15_154506,Mollusca,False,,,,,,,,,,,,,
A15_13085,Mollusca,False,,,,,,,,,,,,,
A15_2480,Arthropoda,False,,,,,,,,,,,,,
A15_76473,Mollusca,False,,,,,,,,,,,,,
A15_216409,Nematoda,True,TG(3:0_18:0_19:0)+O:(s),TG(3:0_18:0_19:0)+NH4+O:(s),TG,triacyl,M+NH4,B,0.2597449022957951,silver,1.1740846967411331,0.1920610000000024,1.0,1.0,C43 H86 N1 O7
A15_188003,Arthropoda,False,,,,,,,,,,,,,
A15_OE21-4-POS_19709,Thermoproteota,False,,,,,,,,,,,,,
A15_218576,Chlorophyta,False,,,,,,,,,,,,,
A15_OE25-1-ALL_24956,Evosea,False,,,,,,,,,,,,,
A15_223141,Nematoda,False,,,,,,,,,,,,,
A15_20098,Chlorophyta,False,,,,,,,,,,,,,
A15_196031,Chlorophyta,False,,,,,,,,,,,,,
A15_217390,Nematoda,False,,,,,,,,,,,,,
A15_156031,Mollusca,False,,,,,,,,,,,,,
A15_OE21-4-POS_172041,Thermoproteota,False,,,,,,,,,,,,,
A15_78376,Mollusca,False,,,,,,,,,,,,,
A15_104957,Mollusca,False,,,,,,,,,,,,,
A15_215816,Mollusca,False,,,,,,,,,,,,,
A15_OE25-1-ALL_14013,Evosea,True,Cer(d17:0_15:0)+O:(s),Cer(d17:0_15:0)+H+O:(s),Cer,acylsphinganines,M+H,C,1.0985082324921949,bronze,0.3538659187012655,0.1383729999999996,1.0,1.0,C32 H66 N1 O4
A15_141887,Chlorophyta,False,,,,,,,,,,,,,
A15_151055,Arthropoda,True,SM(d37:3),SM(d37:3)+H,SM,acyl,M+H,C,0.3390983061353016,silver,0.3281406209463173,0.0925276279193205,2.0,1.0,C42 H82 N2 O6 P1
A15_204818,Nematoda,False,,,,,,,,,,,,,
A15_OE21-4-POS_4722,Thermoproteota,False,,,,,,,,,,,,,
A15_211170,Chlorophyta,False,,,,,,,,,,,,,
A15_47125,Arthropoda,True,TG(19:3_5:0)+O:(s),TG(19:3_5:0)+Na+O:(s),TG,triacyl,M+Na,C,0.1674122017162488,bronze,4.657796542188176,0.1688475000000009,1.0,1.0,C27 H44 Na1 O7
A15_92511,Chlorophyta,False,,,,,,,,,,,,,
A15_138192,Arthropoda,False,,,,,,,,,,,,,
A15_107291,Chlorophyta,False,,,,,,,,,,,,,
A15_161464,Nematoda,False,,,,,,,,,,,,,
A15_156870,Mollusca,False,,,,,,,,,,,,,
A15_213744,Nematoda,True,WE(O-29:2_18:4),WE(O-29:2_18:4)+NH4,WE,Wax monoesters,M+NH4,C,0.0846606606691005,bronze,0.2288305275775412,0.0121447574578468,1.0,1.0,C47 H86 N1 O2
A15_153716,Arthropoda,True,DG(O-13:1_20:5),DG(O-13:1_20:5)+Na,DG,alkyl-acyl,M+Na,C,0.0724654320807194,bronze,0.3545433160127981,0.0721461199840476,1.0,1.0,C36 H60 Na1 O4
A15_2207,Arthropoda,False,,,,,,,,,,,,,
A15_137993,Arthropoda,False,,,,,,,,,,,,,
A15_227522,Nematoda,False,,,,,,,,,,,,,
A15_OE21-4-POS_4979,Thermoproteota,False,,,,,,,,,,,,,
A15_OE25-1-ALL_26539,Evosea,False,,,,,,,,,,,,,
A15_188907,Arthropoda,False,,,,,,,,,,,,,
A15_74678,Arthropoda,False,,,,,,,,,,,,,
A15_69518,Chlorophyta,False,,,,,,,,,,,,,
A15_217492,Nematoda,False,,,,,,,,,,,,,
A15_120753,Chlorophyta,False,,,,,,,,,,,,,
A15_219922,Nematoda,False,,,,,,,,,,,,,
A15_1564,Arthropoda,False,,,,,,,,,,,,,
A15_100112,Arthropoda,True,TG(29:7_6:0)+O:(s),TG(29:7_6:0)+H+O:(s),TG,triacyl,M+H,C,0.2526151503716798,bronze,1.4572732749537218,0.0328917999999998,1.0,1.0,C38 H59 O7
A15_106051,Chlorophyta,False,,,,,,,,,,,,,
A15_70880,Arthropoda,False,,,,,,,,,,,,,
A15_OE25-1-ALL_11000,Evosea,False,,,,,,,,,,,,,
A15_66129,Arthropoda,True,LPC(P-17:0),LPC(P-17:0)+H,LPC,monoalkenyl,M+H,C,0.9748673035695212,bronze,1.5425745384486635,0.2366921640119876,1.0,1.0,C25 H53 N1 O6 P1
A15_201035,Mollusca,False,,,,,,,,,,,,,
A15_218938,Chlorophyta,False,,,,,,,,,,,,,
A15_28893,Arthropoda,False,,,,,,,,,,,,,
A15_30221,Arthropoda,False,,,,,,,,,,,,,
A15_108589,Chlorophyta,False,,,,,,,,,,,,,
A15_220118,Chlorophyta,False,,,,,,,,,,,,,
A15_51261,Mollusca,False,,,,,,,,,,,,,
A15_23698,Arthropoda,False,,,,,,,,,,,,,
A15_90495,Chlorophyta,False,,,,,,,,,,,,,
A15_43301,Mollusca,False,,,,,,,,,,,,,
A15_21004,Arthropoda,False,,,,,,,,,,,,,
A15_117972,Arthropoda,True,PEt(10:0_16:0),PEt(10:0_16:0)+H,PEt,diacyl,M+H,C,0.2248820859257518,bronze,2.163419534047611,0.2077345992509371,1.0,1.0,C31 H62 O8 P1
A15_42028,Arthropoda,False,,,,,,,,,,,,,
A15_222914,Chlorophyta,False,,,,,,,,,,,,,
A15_OE25-1-ALL_9647,Evosea,False,,,,,,,,,,,,,
A15_OE21-4-POS_177265,Thermoproteota,False,,,,,,,,,,,,,
A15_OE21-4-POS_12274,Thermoproteota,False,,,,,,,,,,,,,
A15_219548,Nematoda,False,,,,,,,,,,,,,
A15_196929,Chlorophyta,False,,,,,,,,,,,,,
A15_221497,Nematoda,True,DG(O-20:5_20:4),DG(O-20:5_20:4)+H,DG,alkyl-acyl,M+H,C,0.4004943050685888,bronze,0.5318676029704443,0.0405809999999995,1.0,1.0,C43 H69 O4
A15_48850,Arthropoda,False,,,,,,,,,,,,,
A15_121058,Nematoda,False,,,,,,,,,,,,,
A15_40421,Arthropoda,False,,,,,,,,,,,,,
A15_219079,Mollusca,False,,,,,,,,,,,,,
A15_100221,Mollusca,False,,,,,,,,,,,,,
A15_OE21-4-POS_15936,Thermoproteota,False,,,,,,,,,,,,,
A15_224671,Nematoda,False,,,,,,,,,,,,,
A15_44816,Mollusca,False,,,,,,,,,,,,,
A15_203932,Mollusca,False,,,,,,,,,,,,,
A15_130250,Chlorophyta,False,,,,,,,,,,,,,
A15_OE25-1-ALL_28870,Evosea,False,,,,,,,,,,,,,
A15_57533,Arthropoda,False,,,,,,,,,,,,,
A15_213658,Chlorophyta,False,,,,,,,,,,,,,
A15_110721,Chlorophyta,False,,,,,,,,,,,,,
A15_219253,Chlorophyta,False,,,,,,,,,,,,,
A15_OE25-1-ALL_3039,Evosea,False,,,,,,,,,,,,,
A15_32539,Arthropoda,False,,,,,,,,,,,,,
A15_140518,Arthropoda,True,SM(d35:3),SM(d35:3)+H,SM,acyl,M+H,C,1.6863835246735792,silver,2.3567795666832105,0.2425315301570538,2.0,2.0,C40 H78 N2 O6 P1
A15_OE21-4-POS_230842,Thermoproteota,False,,,,,,,,,,,,,
A15_59425,Chlorophyta,False,,,,,,,,,,,,,
A15_179328,Mollusca,False,,,,,,,,,,,,,
A15_224289,Nematoda,False,,,,,,,,,,,,,
A15_175434,Chlorophyta,False,,,,,,,,,,,,,
A15_8816,Arthropoda,False,,,,,,,,,,,,,
A15_77910,Arthropoda,False,,,,,,,,,,,,,
A15_OE21-4-POS_7301,Thermoproteota,False,,,,,,,,,,,,,
A15_103329,Chlorophyta,True,PIP(22:3_14:0),PIP(22:3_14:0)+NH4,PIP,diacyl,M+NH4,C,0.4249607226860483,silver,1.382512347954724,0.1098550868273857,4.0,4.0,C45 H86 N1 O16 P2
A15_88444,Chlorophyta,True,DGDG(32:6),DGDG(32:6)+NH4,DGDG,Digalactosyldiacylglycerol,M+NH4,C,0.1230735934209766,bronze,4.084377076275624,0.0496082999999991,1.0,1.0,C47 H80 N1 O15
A15_214676,Chlorophyta,False,,,,,,,,,,,,,
A15_219366,Nematoda,False,,,,,,,,,,,,,
A15_31541,Arthropoda,False,,,,,,,,,,,,,
A15_228935,Nematoda,False,,,,,,,,,,,,,
A15_39172,Chlorophyta,False,,,,,,,,,,,,,
A15_200083,Arthropoda,False,,,,,,,,,,,,,
A15_161332,Nematoda,False,,,,,,,,,,,,,
A15_OE21-4-POS_233134,Thermoproteota,False,,,,,,,,,,,,,
A15_206140,Nematoda,False,,,,,,,,,,,,,
A15_219541,Chlorophyta,False,,,,,,,,,,,,,
A15_178316,Nematoda,False,,,,,,,,,,,,,
A15_60210,Arthropoda,False,,,,,,,,,,,,,
A15_11526,Mollusca,False,,,,,,,,,,,,,
A15_228282,Nematoda,False,,,,,,,,,,,,,
A15_OE25-1-ALL_8003,Evosea,False,,,,,,,,,,,,,
A15_OE21-4-POS_16437,Thermoproteota,False,,,,,,,,,,,,,
A15_119439,Mollusca,False,,,,,,,,,,,,,
A15_OE25-1-ALL_4824,Evosea,False,,,,,,,,,,,,,
A15_75844,Arthropoda,False,,,,,,,,,,,,,
A15_OE25-1-ALL_2995,Evosea,False,,,,,,,,,,,,,
A15_OE21-4-POS_223249,Thermoproteota,False,,,,,,,,,,,,,
A15_220693,Nematoda,False,,,,,,,,,,,,,
A15_205762,Nematoda,False,,,,,,,,,,,,,
A15_221753,Nematoda,False,,,,,,,,,,,,,
A15_108380,Nematoda,False,,,,,,,,,,,,,
A15_132700,Arthropoda,False,,,,,,,,,,,,,
A15_178218,Nematoda,False,,,,,,,,,,,,,
A15_156246,Arthropoda,True,SM(d38:5),SM(d38:5)+H,SM,acyl,M+H,C,1.9656557350486248,silver,0.969328436099702,0.1413749493689859,3.0,1.0,C43 H80 N2 O6 P1
A15_3522,Chlorophyta,False,,,,,,,,,,,,,
A15_52566,Mollusca,False,,,,,,,,,,,,,
A15_OE21-4-POS_217581,Thermoproteota,False,,,,,,,,,,,,,
A15_5755,Arthropoda,False,,,,,,,,,,,,,
A15_62518,Arthropoda,False,,,,,,,,,,,,,
A15_183341,Mollusca,False,,,,,,,,,,,,,
A15_159524,Nematoda,False,,,,,,,,,,,,,
A15_72351,Chlorophyta,False,,,,,,,,,,,,,
A15_31711,Arthropoda,False,,,,,,,,,,,,,
A15_223277,Nematoda,False,,,,,,,,,,,,,
A15_155897,Arthropoda,True,SM(d38:5),SM(d38:5)+H,SM,acyl,M+H,C,1.9656557350486248,silver,0.1377386632298018,0.145174949368986,3.0,1.0,C43 H80 N2 O6 P1
A15_214824,Arthropoda,True,Cer(d16:1_24:1),Cer(d16:1_24:1)+H-H2O,Cer,acylsphingosines,M+H-H2O,C,0.2656755483322918,bronze,0.7653185457328738,0.2396088564102534,1.0,1.0,C40 H76 N1 O2
A15_185176,Arthropoda,False,,,,,,,,,,,,,
A15_210017,Nematoda,False,,,,,,,,,,,,,
A15_226144,Nematoda,True,TG(37:4_20:5),TG(37:4_20:5)+NH4,TG,triacyl,M+NH4,C,0.9532554110372096,bronze,0.0896801577223659,0.0313250000000024,1.0,2.0,C60 H102 N1 O6
A15_OE21-4-POS_3961,Thermoproteota,False,,,,,,,,,,,,,
A15_214452,Chlorophyta,False,,,,,,,,,,,,,
A15_134808,Nematoda,False,,,,,,,,,,,,,
A15_OE25-1-ALL_9184,Evosea,False,,,,,,,,,,,,,
A15_114225,Chlorophyta,False,,,,,,,,,,,,,
A15_OE21-4-POS_19940,Thermoproteota,False,,,,,,,,,,,,,
A15_205404,Nematoda,False,,,,,,,,,,,,,
A15_OE21-4-POS_229181,Thermoproteota,False,,,,,,,,,,,,,
A15_110861,Arthropoda,False,,,,,,,,,,,,,
A15_215574,Mollusca,False,,,,,,,,,,,,,
A15_OE21-4-POS_39989,Thermoproteota,False,,,,,,,,,,,,,
A15_33847,Nematoda,False,,,,,,,,,,,,,
A15_92133,Chlorophyta,False,,,,,,,,,,,,,
A15_OE25-1-ALL_6486,Evosea,False,,,,,,,,,,,,,
A15_52283,Mollusca,False,,,,,,,,,,,,,
A15_59170,Mollusca,False,,,,,,,,,,,,,
A15_OE25-1-ALL_5470,Evosea,False,,,,,,,,,,,,,
A15_OE21-4-POS_22019,Thermoproteota,False,,,,,,,,,,,,,
A15_69235,Chlorophyta,False,,,,,,,,,,,,,
A15_210960,Chlorophyta,False,,,,,,,,,,,,,
A15_70146,Arthropoda,True,LPC(P-16:0),LPC(P-16:0)+H,LPC,monoalkenyl,M+H,C,0.4331903268275323,bronze,1.4001011953846203,0.1058393999999998,1.0,1.0,C24 H51 N1 O6 P1
A15_79710,Chlorophyta,False,,,,,,,,,,,,,
A15_OE25-1-ALL_45894,Evosea,False,,,,,,,,,,,,,
A15_152825,Nematoda,False,,,,,,,,,,,,,
A15_222704,Nematoda,False,,,,,,,,,,,,,
A15_77689,Chlorophyta,False,,,,,,,,,,,,,
A15_199325,Nematoda,True,PS(9:0_20:3),PS(9:0_20:3)+H,PS,diacyl,M+H,C,0.1664185528554457,bronze,1.1089603911778334,0.0133650000000002,1.0,1.0,C35 H63 N1 O10 P1
A15_59169,Mollusca,False,,,,,,,,,,,,,
A15_108381,Nematoda,False,,,,,,,,,,,,,
A15_195026,Nematoda,False,,,,,,,,,,,,,
A15_26097,Arthropoda,False,,,,,,,,,,,,,
A15_47041,Arthropoda,False,,,,,,,,,,,,,
A15_4506,Arthropoda,True,PI(23:3_3:0),PI(23:3_3:0)+Na,PI,diacyl,M+Na,C,0.0204064069843646,bronze,1.1873826933117213,0.0623071999999997,3.0,1.0,C35 H61 Na1 O13 P1
A15_OE25-1-ALL_2671,Evosea,False,,,,,,,,,,,,,
A15_131405,Nematoda,False,,,,,,,,,,,,,
A15_OE25-1-ALL_45232,Evosea,False,,,,,,,,,,,,,
A15_OE21-4-POS_203532,Thermoproteota,False,,,,,,,,,,,,,
A15_11415,Arthropoda,False,,,,,,,,,,,,,
A15_17660,Mollusca,False,,,,,,,,,,,,,
A15_161003,Mollusca,True,SM(d42:1),SM(d42:1)+H,SM,acyl,M+H,C,0.2100693265115381,silver,1.1291898195515877,0.0038501763101059,2.0,1.0,C47 H96 N2 O6 P1
A15_OE21-4-POS_41535,Thermoproteota,False,,,,,,,,,,,,,
A15_219250,Chlorophyta,False,,,,,,,,,,,,,
A15_52282,Mollusca,False,,,,,,,,,,,,,
A15_71482,Mollusca,False,,,,,,,,,,,,,
A15_109193,Mollusca,False,,,,,,,,,,,,,
A15_70172,Arthropoda,False,,,,,,,,,,,,,
A15_OE21-4-POS_17994,Thermoproteota,False,,,,,,,,,,,,,
A15_215338,Arthropoda,False,,,,,,,,,,,,,
A15_226081,Nematoda,False,,,,,,,,,,,,,
A15_162493,Nematoda,False,,,,,,,,,,,,,
A15_27857,Chlorophyta,False,,,,,,,,,,,,,
A15_194753,Nematoda,True,PEt(18:2_15:0),PEt(18:2_15:0)+Li,PEt,diacyl,M+Li,C,0.0791518019422139,bronze,0.6509908129868743,0.0095480000000023,1.0,1.0,C38 H71 Li1 O8 P1
A15_204471,Chlorophyta,False,,,,,,,,,,,,,
A15_147785,Mollusca,False,,,,,,,,,,,,,
A15_216648,Nematoda,False,,,,,,,,,,,,,
A15_192198,Arthropoda,False,,,,,,,,,,,,,
A15_109602,Arthropoda,True,PG(P-13:1_15:2),PG(P-13:1_15:2)+H,PG,alkenyl-acyl,M+H,C,0.073237854876806,bronze,0.2738640924519027,0.2536879443356028,1.0,2.0,C34 H62 O9 P1
A15_68437,Arthropoda,False,,,,,,,,,,,,,
A15_208977,Chlorophyta,False,,,,,,,,,,,,,
A15_54660,Chlorophyta,False,,,,,,,,,,,,,
A15_156621,Chlorophyta,False,,,,,,,,,,,,,
A15_203310,Nematoda,False,,,,,,,,,,,,,
A15_140051,Nematoda,False,,,,,,,,,,,,,
A15_219178,Mollusca,False,,,,,,,,,,,,,
A15_41901,Arthropoda,False,,,,,,,,,,,,,
A15_90662,Chlorophyta,False,,,,,,,,,,,,,
A15_64022,Arthropoda,False,,,,,,,,,,,,,
A15_62739,Arthropoda,False,,,,,,,,,,,,,
A15_159327,Nematoda,False,,,,,,,,,,,,,
A15_33360,Arthropoda,False,,,,,,,,,,,,,
A15_OE25-1-ALL_6485,Evosea,False,,,,,,,,,,,,,
A15_61248,Mollusca,False,,,,,,,,,,,,,
A15_OE21-4-POS_233517,Thermoproteota,False,,,,,,,,,,,,,
A15_80878,Chlorophyta,False,,,,,,,,,,,,,
A15_67580,Arthropoda,False,,,,,,,,,,,,,
A15_216261,Mollusca,False,,,,,,,,,,,,,
A15_177977,Nematoda,False,,,,,,,,,,,,,
A15_4264,Arthropoda,False,,,,,,,,,,,,,
A15_124534,Nematoda,False,,,,,,,,,,,,,
A15_193131,Mollusca,False,,,,,,,,,,,,,
A15_37183,Chlorophyta,False,,,,,,,,,,,,,
A15_212833,Nematoda,False,,,,,,,,,,,,,
A15_42966,Arthropoda,False,,,,,,,,,,,,,
A15_139629,Mollusca,False,,,,,,,,,,,,,
A15_37182,Chlorophyta,False,,,,,,,,,,,,,
A15_218994,Nematoda,False,,,,,,,,,,,,,
A15_50609,Chlorophyta,False,,,,,,,,,,,,,
A15_76778,Mollusca,False,,,,,,,,,,,,,
A15_OE21-4-POS_231242,Thermoproteota,False,,,,,,,,,,,,,
A15_47905,Mollusca,False,,,,,,,,,,,,,
A15_108227,Chlorophyta,True,TG(21:4_18:3)+O:(s),TG(21:4_18:3)+NH4+O:(s),TG,triacyl,M+NH4,C,0.1781865095844088,bronze,2.114726781915042,0.048515,1.0,1.0,C42 H70 N1 O7
A15_198325,Arthropoda,True,DG(18:1_20:5),DG(18:1_20:5)+NH4,DG,diacyl,M+NH4,A,1.153959049534275,silver,0.7002376965726123,0.1396743147184729,1.0,2.0,C41 H72 N1 O5
A15_84384,Chlorophyta,False,,,,,,,,,,,,,
A15_169999,Arthropoda,False,,,,,,,,,,,,,
A15_140945,Mollusca,False,,,,,,,,,,,,,
A15_200405,Chlorophyta,False,,,,,,,,,,,,,
A15_226223,Mollusca,False,,,,,,,,,,,,,
A15_OE21-4-POS_215484,Thermoproteota,False,,,,,,,,,,,,,
A15_42473,Arthropoda,True,PC(19:1),PC(19:1)+Na,PC,diacyl,M+Na,C,0.92563620766252,bronze,4.181536435157716,0.0576620999999999,1.0,1.0,C27 H52 N1 Na1 O8 P1
A15_217134,Nematoda,False,,,,,,,,,,,,,
A15_220037,Nematoda,False,,,,,,,,,,,,,
A15_112862,Chlorophyta,False,,,,,,,,,,,,,
A15_59555,Chlorophyta,False,,,,,,,,,,,,,
A15_188755,Chlorophyta,False,,,,,,,,,,,,,
A15_19472,Mollusca,False,,,,,,,,,,,,,
A15_63760,Arthropoda,False,,,,,,,,,,,,,
A15_33386,Arthropoda,False,,,,,,,,,,,,,
A15_222147,Nematoda,False,,,,,,,,,,,,,
A15_219923,Nematoda,False,,,,,,,,,,,,,
A15_OE25-1-ALL_15225,Evosea,False,,,,,,,,,,,,,
A15_6452,Arthropoda,False,,,,,,,,,,,,,
A15_58878,Chlorophyta,False,,,,,,,,,,,,,
A15_130352,Nematoda,False,,,,,,,,,,,,,
A15_122274,Nematoda,False,,,,,,,,,,,,,
A15_125306,Chlorophyta,False,,,,,,,,,,,,,
A15_38935,Arthropoda,False,,,,,,,,,,,,,
A15_219179,Mollusca,False,,,,,,,,,,,,,
A15_5567,Arthropoda,False,,,,,,,,,,,,,
A15_63785,Mollusca,False,,,,,,,,,,,,,
A15_227930,Nematoda,False,,,,,,,,,,,,,
A15_62535,Chlorophyta,True,PG(17:0_3:0),PG(17:0_3:0)+H,PG,diacyl,M+H,C,0.2572884871715807,bronze,4.405124644692872,0.0256542000000008,1.0,1.0,C26 H52 O10 P1
A15_OE21-4-POS_27118,Thermoproteota,False,,,,,,,,,,,,,
A15_220564,Nematoda,False,,,,,,,,,,,,,
A15_126714,Nematoda,False,,,,,,,,,,,,,
A15_218977,Mollusca,False,,,,,,,,,,,,,
A15_81572,Chlorophyta,False,,,,,,,,,,,,,
A15_49524,Arthropoda,False,,,,,,,,,,,,,
A15_85612,Mollusca,True,LPC(23:7),LPC(23:7)+H,LPC,monoacyl,M+H,C,0.5502411236513503,bronze,0.127202885599427,0.0557436872643997,1.0,1.0,C31 H51 N1 O7 P1
A15_131398,Mollusca,True,DGDG(33:2),DGDG(33:2)+NH4,DGDG,Digalactosyldiacylglycerol,M+NH4,C,0.5148158780743654,bronze,1.007081751819264,0.0545500000000007,1.0,1.0,C48 H90 N1 O15
A15_57546,Mollusca,False,,,,,,,,,,,,,
A15_OE21-4-POS_41483,Thermoproteota,False,,,,,,,,,,,,,
A15_27784,Arthropoda,False,,,,,,,,,,,,,
A15_67585,Arthropoda,False,,,,,,,,,,,,,
A15_219038,Nematoda,False,,,,,,,,,,,,,
A15_155999,Nematoda,True,DGDG(16:0_17:2),DGDG(16:0_17:2)+NH4,DGDG,Digalactosyldiacylglycerol,M+NH4,A,0.9128917434295548,silver,2.087587818481773,0.2259630000000019,1.0,1.0,C48 H90 N1 O15
A15_139407,Nematoda,False,,,,,,,,,,,,,
A15_OE25-1-ALL_11469,Evosea,False,,,,,,,,,,,,,
A15_63918,Mollusca,False,,,,,,,,,,,,,
A15_OE21-4-POS_25706,Thermoproteota,False,,,,,,,,,,,,,
A15_219952,Mollusca,False,,,,,,,,,,,,,
A15_218399,Arthropoda,False,,,,,,,,,,,,,
A15_4010,Nematoda,False,,,,,,,,,,,,,
A15_11387,Nematoda,False,,,,,,,,,,,,,
A15_207542,Mollusca,False,,,,,,,,,,,,,
A15_189518,Chlorophyta,False,,,,,,,,,,,,,
A15_180345,Nematoda,True,PA(O-38:0),PA(O-38:0)+Na,PA,alkyl-acyl,M+Na,C,0.0153610744142617,bronze,2.497142961460888,0.0638748758888212,1.0,1.0,C41 H83 Na1 O7 P1
A15_109347,Mollusca,False,,,,,,,,,,,,,
A15_OE21-4-POS_4423,Thermoproteota,False,,,,,,,,,,,,,
A15_226225,Mollusca,False,,,,,,,,,,,,,
A15_178497,Nematoda,False,,,,,,,,,,,,,
A15_214268,Mollusca,False,,,,,,,,,,,,,
A15_OE21-4-POS_225,Thermoproteota,False,,,,,,,,,,,,,
A15_34170,Mollusca,False,,,,,,,,,,,,,
A15_37256,Chlorophyta,False,,,,,,,,,,,,,
A15_OE25-1-ALL_9056,Evosea,False,,,,,,,,,,,,,
A15_35197,Mollusca,False,,,,,,,,,,,,,
A15_104057,Mollusca,False,,,,,,,,,,,,,
A15_163132,Nematoda,False,,,,,,,,,,,,,
A15_OE25-1-ALL_7213,Evosea,True,MG(P-18:4),MG(P-18:4)+H,MG,monoalkenyl,M+H,C,0.4943378124752105,silver,0.0274203332829382,0.2006029450694653,4.0,1.0,C21 H35 O3
A15_140595,Arthropoda,False,,,,,,,,,,,,,
A15_152784,Arthropoda,False,,,,,,,,,,,,,
A15_43518,Arthropoda,True,PC(17:2),PC(17:2)+H,PC,diacyl,M+H,C,1.4490961114576986,bronze,1.0026493636994862,0.136745900000001,1.0,1.0,C25 H47 N1 O8 P1
A15_13072,Arthropoda,False,,,,,,,,,,,,,
A15_223708,Mollusca,False,,,,,,,,,,,,,
A15_134267,Nematoda,False,,,,,,,,,,,,,
A15_192451,Nematoda,False,,,,,,,,,,,,,
A15_91864,Arthropoda,True,PE(4:0_18:1),PE(4:0_18:1)+H,PE,diacyl,M+H,C,0.4916951808303538,bronze,2.500508636125665,0.1125463252798173,1.0,2.0,C27 H53 N1 O8 P1
A15_195118,Chlorophyta,False,,,,,,,,,,,,,
A15_30741,Mollusca,False,,,,,,,,,,,,,
A15_62802,Arthropoda,False,,,,,,,,,,,,,
A15_66541,Chlorophyta,False,,,,,,,,,,,,,
A15_27930,Mollusca,False,,,,,,,,,,,,,
A15_206142,Nematoda,False,,,,,,,,,,,,,
A15_161044,Arthropoda,False,,,,,,,,,,,,,
A15_OE21-4-POS_231593,Thermoproteota,False,,,,,,,,,,,,,
A15_8070,Arthropoda,False,,,,,,,,,,,,,
A15_131406,Nematoda,False,,,,,,,,,,,,,
A15_64442,Arthropoda,False,,,,,,,,,,,,,
A15_64999,Arthropoda,False,,,,,,,,,,,,,
A15_227394,Mollusca,False,,,,,,,,,,,,,
A15_OE21-4-POS_180697,Thermoproteota,False,,,,,,,,,,,,,
A15_53137,Mollusca,False,,,,,,,,,,,,,
A15_105180,Mollusca,False,,,,,,,,,,,,,
A15_92672,Chlorophyta,False,,,,,,,,,,,,,
A15_79018,Mollusca,False,,,,,,,,,,,,,
A15_5551,Arthropoda,False,,,,,,,,,,,,,
A15_198504,Arthropoda,False,,,,,,,,,,,,,
A15_OE25-1-ALL_6529,Evosea,False,,,,,,,,,,,,,
A15_172024,Mollusca,False,,,,,,,,,,,,,
A15_63502,Arthropoda,False,,,,,,,,,,,,,
A15_86599,Chlorophyta,False,,,,,,,,,,,,,
A15_216266,Chlorophyta,False,,,,,,,,,,,,,
A15_75399,Chlorophyta,False,,,,,,,,,,,,,
A15_206894,Nematoda,False,,,,,,,,,,,,,
A15_224943,Chlorophyta,False,,,,,,,,,,,,,
A15_OE21-4-POS_231201,Thermoproteota,False,,,,,,,,,,,,,
A15_223047,Nematoda,False,,,,,,,,,,,,,
A15_221382,Nematoda,False,,,,,,,,,,,,,
A15_OE25-1-ALL_11227,Evosea,False,,,,,,,,,,,,,
A15_89178,Chlorophyta,False,,,,,,,,,,,,,
A15_OE25-1-ALL_19185,Evosea,False,,,,,,,,,,,,,
A15_7583,Arthropoda,False,,,,,,,,,,,,,
A15_67894,Arthropoda,False,,,,,,,,,,,,,
A15_OE25-1-ALL_3799,Evosea,False,,,,,,,,,,,,,
A15_164931,Nematoda,False,,,,,,,,,,,,,
A15_136701,Arthropoda,False,,,,,,,,,,,,,
A15_113350,Chlorophyta,False,,,,,,,,,,,,,
A15_22081,Mollusca,False,,,,,,,,,,,,,
A15_213593,Mollusca,False,,,,,,,,,,,,,
A15_169034,Arthropoda,False,,,,,,,,,,,,,
A15_170068,Mollusca,False,,,,,,,,,,,,,
A15_75866,Chlorophyta,False,,,,,,,,,,,,,
A15_113462,Nematoda,False,,,,,,,,,,,,,
A15_206414,Mollusca,False,,,,,,,,,,,,,
A15_170745,Nematoda,False,,,,,,,,,,,,,
A15_OE25-1-ALL_15262,Evosea,True,BisMePA(30:0),BisMePA(30:0)+NH4,BisMePA,diacyl,M+NH4,C,0.3470795420259288,silver,0.414525924126662,0.1239284999999998,2.0,1.0,C35 H73 N1 O8 P1
A15_56301,Chlorophyta,False,,,,,,,,,,,,,
A15_14817,Mollusca,False,,,,,,,,,,,,,
A15_11522,Mollusca,False,,,,,,,,,,,,,
A15_OE21-4-POS_225247,Thermoproteota,False,,,,,,,,,,,,,
A15_120886,Mollusca,False,,,,,,,,,,,,,
A15_57941,Mollusca,False,,,,,,,,,,,,,
A15_115960,Nematoda,False,,,,,,,,,,,,,
A15_218695,Nematoda,False,,,,,,,,,,,,,
A15_217046,Nematoda,False,,,,,,,,,,,,,
A15_142587,Mollusca,False,,,,,,,,,,,,,
A15_31619,Mollusca,False,,,,,,,,,,,,,
A15_104960,Chlorophyta,False,,,,,,,,,,,,,
A15_70727,Arthropoda,False,,,,,,,,,,,,,
A15_224822,Nematoda,False,,,,,,,,,,,,,
A15_12732,Arthropoda,False,,,,,,,,,,,,,
A15_224988,Mollusca,False,,,,,,,,,,,,,
A15_187717,Arthropoda,False,,,,,,,,,,,,,
A15_229073,Nematoda,False,,,,,,,,,,,,,
A15_140300,Mollusca,False,,,,,,,,,,,,,
A15_174596,Nematoda,False,,,,,,,,,,,,,
A15_224987,Mollusca,False,,,,,,,,,,,,,
A15_13797,Chlorophyta,False,,,,,,,,,,,,,
A15_OE25-1-ALL_8598,Evosea,False,,,,,,,,,,,,,
A15_220127,Chlorophyta,False,,,,,,,,,,,,,
A15_35659,Mollusca,False,,,,,,,,,,,,,
A15_52858,Mollusca,False,,,,,,,,,,,,,
A15_193606,Nematoda,False,,,,,,,,,,,,,
A15_197418,Nematoda,False,,,,,,,,,,,,,
A15_OE21-4-POS_203527,Thermoproteota,False,,,,,,,,,,,,,
A15_222736,Mollusca,False,,,,,,,,,,,,,
A15_203939,Nematoda,False,,,,,,,,,,,,,
A15_214608,Nematoda,False,,,,,,,,,,,,,
A15_177556,Nematoda,False,,,,,,,,,,,,,
A15_OE21-4-POS_229769,Thermoproteota,False,,,,,,,,,,,,,
A15_58405,Arthropoda,False,,,,,,,,,,,,,
A15_44903,Nematoda,False,,,,,,,,,,,,,
A15_71657,Arthropoda,False,,,,,,,,,,,,,
A15_220625,Nematoda,False,,,,,,,,,,,,,
A15_8501,Arthropoda,False,,,,,,,,,,,,,
A15_213648,Nematoda,False,,,,,,,,,,,,,
A15_OE25-1-ALL_5782,Evosea,False,,,,,,,,,,,,,
A15_218565,Nematoda,False,,,,,,,,,,,,,
A15_208044,Mollusca,False,,,,,,,,,,,,,
A15_85659,Chlorophyta,False,,,,,,,,,,,,,
A15_224754,Chlorophyta,False,,,,,,,,,,,,,
A15_51471,Arthropoda,True,WE(O-32:4),WE(O-32:4)+Na,WE,Wax monoesters,M+Na,C,0.0285376124596686,bronze,1.379077994091085,0.0077100999999997,1.0,1.0,C32 H56 Na1 O2
A15_OE25-1-ALL_15093,Evosea,True,PI(38:3),PI(38:3)+H,PI,diacyl,M+H,C,0.5749901901670311,bronze,0.2731779203571809,0.1092439999999985,1.0,1.0,C47 H86 O13 P1
A15_OE25-1-ALL_6501,Evosea,False,,,,,,,,,,,,,
A15_95227,Arthropoda,False,,,,,,,,,,,,,
A15_49503,Arthropoda,True,TG(25:2),TG(25:2)+H,TG,triacyl,M+H,C,0.1150492274060277,bronze,1.957079740151352,0.2632135000000009,1.0,1.0,C28 H49 O6
A15_229876,Nematoda,True,PG(O-30:0_18:0),PG(O-30:0_18:0)+H,PG,alkyl-acyl,M+H,C,0.0547088022490847,bronze,1.0192141547409952,0.047150375586753,1.0,1.0,C54 H110 O9 P1
A15_108382,Nematoda,False,,,,,,,,,,,,,
A15_OE21-4-POS_178612,Thermoproteota,False,,,,,,,,,,,,,
A15_106479,Nematoda,False,,,,,,,,,,,,,
A15_OE25-1-ALL_9050,Evosea,False,,,,,,,,,,,,,
A15_63636,Mollusca,False,,,,,,,,,,,,,
A15_16094,Chlorophyta,False,,,,,,,,,,,,,
A15_113688,Chlorophyta,False,,,,,,,,,,,,,
A15_224078,Mollusca,False,,,,,,,,,,,,,
A15_51978,Mollusca,False,,,,,,,,,,,,,
A15_73710,Chlorophyta,False,,,,,,,,,,,,,
A15_215530,Arthropoda,False,,,,,,,,,,,,,
A15_35198,Mollusca,False,,,,,,,,,,,,,
A15_OE21-4-POS_218071,Thermoproteota,False,,,,,,,,,,,,,
A15_222680,Nematoda,False,,,,,,,,,,,,,
A15_61249,Mollusca,False,,,,,,,,,,,,,
A15_225302,Chlorophyta,False,,,,,,,,,,,,,
A15_194118,Chlorophyta,False,,,,,,,,,,,,,
A15_9337,Arthropoda,False,,,,,,,,,,,,,
A15_223286,Mollusca,False,,,,,,,,,,,,,
A15_144162,Nematoda,False,,,,,,,,,,,,,
A15_188046,Nematoda,False,,,,,,,,,,,,,
A15_30460,Mollusca,False,,,,,,,,,,,,,
A15_223794,Mollusca,False,,,,,,,,,,,,,
A15_OE25-1-ALL_6182,Evosea,False,,,,,,,,,,,,,
A15_OE25-1-ALL_14809,Evosea,False,,,,,,,,,,,,,
A15_OE25-1-ALL_48936,Evosea,True,TG(O-14:0_18:2_18:2),TG(O-14:0_18:2_18:2)+NH4,TG,alkyl-acyl,M+NH4,C,0.0330283643717205,bronze,3.199654550381553,0.0504609999999985,1.0,1.0,C53 H100 N1 O5
A15_222514,Mollusca,False,,,,,,,,,,,,,
A15_85643,Mollusca,False,,,,,,,,,,,,,
A15_229471,Arthropoda,False,,,,,,,,,,,,,
A15_224728,Nematoda,False,,,,,,,,,,,,,
A15_148131,Mollusca,False,,,,,,,,,,,,,
A15_132124,Mollusca,False,,,,,,,,,,,,,
A15_175683,Bacillota,True,PEt(O-15:1_19:3),PEt(O-15:1_19:3)+Na,PEt,alkyl-acyl,M+Na,C,0.0204925711958696,bronze,0.5905775162351565,0.0102650000000004,1.0,1.0,C39 H71 Na1 O7 P1
A15_OE25-1-ALL_48355,Evosea,False,,,,,,,,,,,,,
A15_123514,Mollusca,False,,,,,,,,,,,,,
A15_OE25-1-ALL_16593,Evosea,False,,,,,,,,,,,,,
A15_136782,Chlorophyta,False,,,,,,,,,,,,,
A15_219119,Chlorophyta,False,,,,,,,,,,,,,
A15_118365,Nematoda,False,,,,,,,,,,,,,
A15_224680,Nematoda,False,,,,,,,,,,,,,
A15_62935,Arthropoda,False,,,,,,,,,,,,,
A15_63530,Arthropoda,False,,,,,,,,,,,,,
A15_OE21-4-POS_231592,Thermoproteota,False,,,,,,,,,,,,,
A15_32588,Mollusca,False,,,,,,,,,,,,,
A15_OE25-1-ALL_9676,Evosea,False,,,,,,,,,,,,,
A15_221875,Bacillota,True,CL(59:0),CL(59:0)+Na,CL,diacyl-diacyl,M+Na,C,0.4442131591112256,silver,0.1960615155880299,0.1226766120001663,3.0,1.0,C68 H132 Na1 O17 P2
A15_104728,Mollusca,False,,,,,,,,,,,,,
A15_119437,Mollusca,False,,,,,,,,,,,,,
A15_90422,Mollusca,False,,,,,,,,,,,,,
A15_171736,Bacillota,True,PEt(O-15:1_19:3),PEt(O-15:1_19:3)+Na,PEt,alkyl-acyl,M+Na,C,0.0204925711958696,bronze,0.8187892538088721,0.1653349999999989,1.0,1.0,C39 H71 Na1 O7 P1
A15_45178,Arthropoda,False,,,,,,,,,,,,,
A15_206196,Nematoda,False,,,,,,,,,,,,,
A15_38290,Arthropoda,False,,,,,,,,,,,,,
A15_OE25-1-ALL_15075,Evosea,False,,,,,,,,,,,,,
A15_46798,Arthropoda,False,,,,,,,,,,,,,
A15_215500,Mollusca,False,,,,,,,,,,,,,
A15_60145,Mollusca,False,,,,,,,,,,,,,
A15_89902,Mollusca,False,,,,,,,,,,,,,
A15_219140,Mollusca,False,,,,,,,,,,,,,
A15_52865,Mollusca,False,,,,,,,,,,,,,
A15_204306,Nematoda,False,,,,,,,,,,,,,
A15_OE25-1-ALL_6181,Evosea,False,,,,,,,,,,,,,
A15_64567,Arthropoda,False,,,,,,,,,,,,,
A15_122193,Arthropoda,False,,,,,,,,,,,,,
A15_120884,Mollusca,False,,,,,,,,,,,,,
A15_OE25-1-ALL_13264,Evosea,True,PE(31:0),PE(31:0)+H,PE,diacyl,M+H,C,0.579038292899606,bronze,0.8071386786881825,0.1200539999999996,1.0,2.0,C36 H73 N1 O8 P1
A15_226178,Mollusca,False,,,,,,,,,,,,,
A15_224844,Mollusca,False,,,,,,,,,,,,,
A15_213089,Chlorophyta,False,,,,,,,,,,,,,
A15_221381,Nematoda,False,,,,,,,,,,,,,
A15_74985,Mollusca,False,,,,,,,,,,,,,
A15_11393,Arthropoda,False,,,,,,,,,,,,,
A15_141692,Nematoda,False,,,,,,,,,,,,,
A15_OE21-4-POS_216900,Thermoproteota,False,,,,,,,,,,,,,
A15_32777,Arthropoda,False,,,,,,,,,,,,,
A15_58932,Mollusca,False,,,,,,,,,,,,,
A15_227156,Mollusca,False,,,,,,,,,,,,,
A15_45027,Arthropoda,False,,,,,,,,,,,,,
A15_223172,Nematoda,False,,,,,,,,,,,,,
A15_223127,Nematoda,False,,,,,,,,,,,,,
A15_227689,Mollusca,False,,,,,,,,,,,,,
A15_217866,Chlorophyta,False,,,,,,,,,,,,,
A15_OE25-1-ALL_9699,Evosea,True,PG(21:5_18:2),PG(21:5_18:2)+NH4,PG,diacyl,M+NH4,C,0.3277297301001698,bronze,1.8004613826824272,0.050624009995281,1.0,1.0,C45 H79 N1 O10 P1
A15_30743,Mollusca,False,,,,,,,,,,,,,
A15_209252,Nematoda,True,TG(5:0_16:1_18:2),TG(5:0_16:1_18:2)+NH4,TG,triacyl,M+NH4,A,0.9065673290036056,silver,3.3997990557001283,0.2488010000000002,1.0,1.0,C42 H78 N1 O6
A15_218611,Nematoda,False,,,,,,,,,,,,,
A15_90423,Mollusca,False,,,,,,,,,,,,,
A15_OE25-1-ALL_42313,Evosea,False,,,,,,,,,,,,,
A15_222073,Nematoda,False,,,,,,,,,,,,,
A15_200421,Nematoda,False,,,,,,,,,,,,,
A15_104734,Mollusca,False,,,,,,,,,,,,,
A15_OE25-1-ALL_8817,Evosea,True,PC(31:6),PC(31:6)+Na,PC,diacyl,M+Na,C,0.103905365454921,bronze,3.5168079533043435,0.0262440999999995,1.0,1.0,C39 H66 N1 Na1 O8 P1
A15_219396,Arthropoda,True,Cer(d16:1_24:1),Cer(d16:1_24:1)+H-H2O,Cer,acylsphingosines,M+H-H2O,C,1.0419513645925922,silver,1.1709469288754764,0.0202729999999995,3.0,1.0,C40 H76 N1 O2
A15_59061,Nematoda,False,,,,,,,,,,,,,
A15_57541,Mollusca,False,,,,,,,,,,,,,
A15_5384,Nematoda,False,,,,,,,,,,,,,
A15_124980,Nematoda,False,,,,,,,,,,,,,
A15_45950,Arthropoda,False,,,,,,,,,,,,,
A15_213328,Mollusca,False,,,,,,,,,,,,,
A15_OE25-1-ALL_2519,Evosea,True,LPG(16:2),LPG(16:2)+Na,LPG,monoacyl,M+Na,C,0.1244291053152387,bronze,0.0858426819370833,0.0286737999999999,1.0,1.0,C22 H41 Na1 O9 P1
A15_OE25-1-ALL_3016,Evosea,False,,,,,,,,,,,,,
A15_223793,Mollusca,False,,,,,,,,,,,,,
A15_222593,Mollusca,False,,,,,,,,,,,,,
A15_51263,Mollusca,False,,,,,,,,,,,,,
A15_7705,Arthropoda,False,,,,,,,,,,,,,
A15_48617,Arthropoda,False,,,,,,,,,,,,,
A15_225956,Nematoda,False,,,,,,,,,,,,,
A15_OE25-1-ALL_12537,Evosea,False,,,,,,,,,,,,,
A15_157779,Mollusca,True,PG(19:1_16:0),PG(19:1_16:0)+NH4,PG,diacyl,M+NH4,C,0.7582852934446883,bronze,4.318277240338127,0.1437319999999999,1.0,1.0,C41 H83 N1 O10 P1
A15_227252,Mollusca,False,,,,,,,,,,,,,
A15_33322,Mollusca,False,,,,,,,,,,,,,
A15_220513,Mollusca,False,,,,,,,,,,,,,
A15_OE25-1-ALL_8750,Evosea,False,,,,,,,,,,,,,
A15_115092,Chlorophyta,False,,,,,,,,,,,,,
A15_33323,Mollusca,False,,,,,,,,,,,,,
A15_OE21-4-POS_203529,Thermoproteota,False,,,,,,,,,,,,,
A15_220379,Chlorophyta,False,,,,,,,,,,,,,
A15_217514,Nematoda,False,,,,,,,,,,,,,
A15_58259,Mollusca,False,,,,,,,,,,,,,
A15_227157,Mollusca,False,,,,,,,,,,,,,
A15_44959,Nematoda,False,,,,,,,,,,,,,
A15_10752,Arthropoda,False,,,,,,,,,,,,,
A15_219427,Mollusca,False,,,,,,,,,,,,,
A15_223795,Mollusca,False,,,,,,,,,,,,,
A15_48203,Arthropoda,False,,,,,,,,,,,,,
A15_71104,Arthropoda,False,,,,,,,,,,,,,
A15_23419,Arthropoda,False,,,,,,,,,,,,,
A15_128140,Arthropoda,False,,,,,,,,,,,,,
A15_16875,Mollusca,False,,,,,,,,,,,,,
A15_117447,Arthropoda,True,MG(O-30:7),MG(O-30:7)+H,MG,monoalkyl,M+H,C,0.4167633869827674,silver,1.0705707943619662,0.1092977345071517,2.0,1.0,C33 H55 O3
A15_OE25-1-ALL_15570,Evosea,True,PG(33:4),PG(33:4)+Na,PG,diacyl,M+Na,C,0.440301073262485,silver,1.1262194382294628,0.2818439999999995,2.0,1.0,C39 H69 Na1 O10 P1
A15_82530,Chlorophyta,False,,,,,,,,,,,,,
A15_222486,Mollusca,False,,,,,,,,,,,,,
A15_186756,Arthropoda,False,,,,,,,,,,,,,
A15_48230,Arthropoda,False,,,,,,,,,,,,,
A15_2620,Nematoda,False,,,,,,,,,,,,,
A15_222291,Mollusca,False,,,,,,,,,,,,,
A15_211701,Nematoda,False,,,,,,,,,,,,,
A15_141365,Arthropoda,False,,,,,,,,,,,,,
A15_96856,Mollusca,False,,,,,,,,,,,,,
A15_222623,Mollusca,False,,,,,,,,,,,,,
A15_226055,Nematoda,False,,,,,,,,,,,,,
A15_2148,Nematoda,False,,,,,,,,,,,,,
A15_OE25-1-ALL_2706,Evosea,True,LPS(16:1),LPS(16:1)+H,LPS,monoacyl,M+H,C,0.1489260136437037,bronze,0.2256353333986571,0.0223658000000002,1.0,1.0,C22 H43 N1 O9 P1
A15_136239,Mollusca,False,,,,,,,,,,,,,
A15_58198,Mollusca,False,,,,,,,,,,,,,
A15_78875,Chlorophyta,False,,,,,,,,,,,,,
A15_212052,Arthropoda,False,,,,,,,,,,,,,
A15_15862,Nematoda,False,,,,,,,,,,,,,
A15_39053,Mollusca,False,,,,,,,,,,,,,
A15_208218,Nematoda,False,,,,,,,,,,,,,
A15_50310,Mollusca,False,,,,,,,,,,,,,
A15_44478,Arthropoda,False,,,,,,,,,,,,,
A15_214641,Nematoda,False,,,,,,,,,,,,,
A15_OE21-4-POS_197876,Thermoproteota,False,,,,,,,,,,,,,
A15_198289,Arthropoda,False,,,,,,,,,,,,,
A15_222060,Mollusca,False,,,,,,,,,,,,,
A15_11877,Nematoda,False,,,,,,,,,,,,,
A15_222763,Nematoda,False,,,,,,,,,,,,,
A15_OE25-1-ALL_9253,Evosea,True,MG(P-18:4),MG(P-18:4)+H,MG,monoalkenyl,M+H,C,0.0999873930424597,bronze,0.2342804131054572,0.0457216999999996,1.0,1.0,C21 H35 O3
A15_54487,Mollusca,False,,,,,,,,,,,,,
A15_218998,Nematoda,False,,,,,,,,,,,,,
A15_OE25-1-ALL_12585,Evosea,False,,,,,,,,,,,,,
A15_223204,Nematoda,False,,,,,,,,,,,,,
A15_138365,Chlorophyta,False,,,,,,,,,,,,,
A15_95379,Arthropoda,False,,,,,,,,,,,,,
A15_7483,Arthropoda,False,,,,,,,,,,,,,
A15_129722,Mollusca,False,,,,,,,,,,,,,
A15_140955,Mollusca,False,,,,,,,,,,,,,
A15_26126,Mollusca,False,,,,,,,,,,,,,
A15_62061,Arthropoda,False,,,,,,,,,,,,,
A15_25897,Mollusca,False,,,,,,,,,,,,,
A15_16551,Nematoda,False,,,,,,,,,,,,,
A15_226765,Nematoda,False,,,,,,,,,,,,,
A15_47467,Arthropoda,False,,,,,,,,,,,,,
A15_224120,Nematoda,False,,,,,,,,,,,,,
A15_225229,Nematoda,False,,,,,,,,,,,,,
A15_225897,Mollusca,False,,,,,,,,,,,,,
A15_113844,Mollusca,False,,,,,,,,,,,,,
A15_222542,Nematoda,False,,,,,,,,,,,,,
A15_171044,Mollusca,False,,,,,,,,,,,,,
A15_222734,Mollusca,False,,,,,,,,,,,,,
A15_226187,Nematoda,False,,,,,,,,,,,,,
A15_167263,Arthropoda,False,,,,,,,,,,,,,
A15_221088,Mollusca,False,,,,,,,,,,,,,
A15_74392,Mollusca,False,,,,,,,,,,,,,
A15_223796,Mollusca,False,,,,,,,,,,,,,
A15_125397,Mollusca,False,,,,,,,,,,,,,
A15_122149,Nematoda,False,,,,,,,,,,,,,
A15_222603,Bacillota,True,DG(O-13:0_17:2),DG(O-13:0_17:2)+H,DG,alkyl-acyl,M+H,C,0.8442174697094548,silver,1.320260872319004,0.1866077340102485,7.0,1.0,C33 H63 O4
A15_84871,Mollusca,False,,,,,,,,,,,,,
A15_52578,Mollusca,False,,,,,,,,,,,,,
A15_50464,Mollusca,False,,,,,,,,,,,,,
A15_15680,Nematoda,False,,,,,,,,,,,,,
A15_222163,Mollusca,False,,,,,,,,,,,,,
A15_152035,Nematoda,False,,,,,,,,,,,,,
A15_108379,Nematoda,False,,,,,,,,,,,,,
A15_222764,Nematoda,False,,,,,,,,,,,,,
A15_OE21-4-POS_233282,Thermoproteota,False,,,,,,,,,,,,,
A15_90393,Arthropoda,False,,,,,,,,,,,,,
A15_58934,Mollusca,False,,,,,,,,,,,,,
A15_OE25-1-ALL_45627,Evosea,False,,,,,,,,,,,,,
A15_218978,Mollusca,False,,,,,,,,,,,,,
A15_44904,Nematoda,False,,,,,,,,,,,,,
A15_228374,Mollusca,False,,,,,,,,,,,,,
A15_OE25-1-ALL_6212,Evosea,False,,,,,,,,,,,,,
A15_216262,Mollusca,False,,,,,,,,,,,,,
A15_21516,Mollusca,False,,,,,,,,,,,,,
A15_226491,Nematoda,False,,,,,,,,,,,,,
A15_150606,Arthropoda,False,,,,,,,,,,,,,
A15_166265,Nematoda,False,,,,,,,,,,,,,
A15_113079,Chlorophyta,True,DGDG(16:3_18:3),DGDG(16:3_18:3)+Na,DGDG,Digalactosyldiacylglycerol,M+Na,C,0.1385861938720153,bronze,0.4009993544111284,0.0521690751141559,1.0,1.0,C49 H80 Na1 O15
A15_OE25-1-ALL_8836,Evosea,False,,,,,,,,,,,,,
A15_5863,Nematoda,False,,,,,,,,,,,,,
A15_120902,Nematoda,False,,,,,,,,,,,,,
A15_224546,Nematoda,False,,,,,,,,,,,,,
A15_124742,Nematoda,False,,,,,,,,,,,,,
A15_15686,Nematoda,False,,,,,,,,,,,,,
A15_OE21-4-POS_222429,Thermoproteota,False,,,,,,,,,,,,,
A15_215847,Chlorophyta,False,,,,,,,,,,,,,
A15_58673,Mollusca,False,,,,,,,,,,,,,
A15_52569,Mollusca,False,,,,,,,,,,,,,
A15_57728,Mollusca,False,,,,,,,,,,,,,
A15_229859,Nematoda,True,TG(O-18:0_18:2_18:3),TG(O-18:0_18:2_18:3)+NH4,TG,alkyl-acyl,M+NH4,C,0.4226819361522069,silver,0.7978256958484385,0.0970684999999988,2.0,1.0,C57 H106 N1 O5
A15_135424,Nematoda,False,,,,,,,,,,,,,
A15_224368,Mollusca,False,,,,,,,,,,,,,
A15_220985,Mollusca,False,,,,,,,,,,,,,
A15_15119,Nematoda,False,,,,,,,,,,,,,
A15_129165,Mollusca,False,,,,,,,,,,,,,
A15_113463,Nematoda,False,,,,,,,,,,,,,
A15_OE25-1-ALL_10768,Evosea,False,,,,,,,,,,,,,
A15_74760,Arthropoda,True,LPC(P-16:0),LPC(P-16:0)+H,LPC,monoalkenyl,M+H,C,0.4331903268275323,bronze,4.300114768070909,0.2164606000000004,1.0,2.0,C24 H51 N1 O6 P1
A15_55738,Mollusca,False,,,,,,,,,,,,,
A15_89787,Mollusca,False,,,,,,,,,,,,,
A15_25015,Mollusca,False,,,,,,,,,,,,,
A15_25270,Nematoda,False,,,,,,,,,,,,,
A15_37851,Chlorophyta,False,,,,,,,,,,,,,
A15_27623,Arthropoda,False,,,,,,,,,,,,,
A15_8141,Arthropoda,False,,,,,,,,,,,,,
A15_225390,Mollusca,False,,,,,,,,,,,,,
A15_108169,Nematoda,False,,,,,,,,,,,,,
A15_152211,Nematoda,False,,,,,,,,,,,,,
A15_54123,Mollusca,False,,,,,,,,,,,,,
A15_53206,Mollusca,False,,,,,,,,,,,,,
A15_31647,Arthropoda,False,,,,,,,,,,,,,
A15_137697,Nematoda,False,,,,,,,,,,,,,
A15_27159,Mollusca,False,,,,,,,,,,,,,
A15_OE25-1-ALL_18011,Evosea,False,,,,,,,,,,,,,
A15_157973,Arthropoda,True,SM(d38:5),SM(d38:5)+H,SM,acyl,M+H,C,1.9656557350486248,silver,0.3146467541209793,0.074274949368986,3.0,1.0,C43 H80 N2 O6 P1
A15_74720,Mollusca,False,,,,,,,,,,,,,
A15_32333,Arthropoda,False,,,,,,,,,,,,,
A15_120616,Arthropoda,False,,,,,,,,,,,,,
A15_105016,Arthropoda,False,,,,,,,,,,,,,
A15_49575,Mollusca,False,,,,,,,,,,,,,
A15_7196,Arthropoda,False,,,,,,,,,,,,,
A15_140034,Mollusca,False,,,,,,,,,,,,,
A15_544,Arthropoda,False,,,,,,,,,,,,,
A15_20391,Nematoda,False,,,,,,,,,,,,,
A15_76391,Nematoda,False,,,,,,,,,,,,,
A15_69675,Arthropoda,False,,,,,,,,,,,,,
A15_146041,Mollusca,False,,,,,,,,,,,,,
A15_44418,Mollusca,False,,,,,,,,,,,,,
A15_227443,Nematoda,False,,,,,,,,,,,,,
A15_222522,Nematoda,False,,,,,,,,,,,,,
A15_217002,Nematoda,False,,,,,,,,,,,,,
A15_219320,Bacillota,False,,,,,,,,,,,,,
A15_4749,Arthropoda,False,,,,,,,,,,,,,
A15_102391,Chlorophyta,False,,,,,,,,,,,,,
A15_9207,Arthropoda,False,,,,,,,,,,,,,
A15_201404,Arthropoda,True,DG(O-17:2_17:2),DG(O-17:2_17:2)+NH4,DG,alkyl-acyl,M+NH4,C,0.4435476327476477,bronze,4.916470018561554,0.0549560000000006,1.0,1.0,C37 H70 N1 O4
A15_219865,Nematoda,False,,,,,,,,,,,,,
A15_80474,Mollusca,False,,,,,,,,,,,,,
A15_81735,Nematoda,False,,,,,,,,,,,,,
A15_125668,Nematoda,False,,,,,,,,,,,,,
A15_130390,Bacillota,False,,,,,,,,,,,,,
A15_227155,Mollusca,False,,,,,,,,,,,,,
A15_OE25-1-ALL_2526,Evosea,False,,,,,,,,,,,,,
A15_OE21-4-POS_226314,Thermoproteota,False,,,,,,,,,,,,,
A15_28754,Mollusca,False,,,,,,,,,,,,,
A15_11786,Arthropoda,False,,,,,,,,,,,,,
A15_196160,Nematoda,False,,,,,,,,,,,,,
A15_OE25-1-ALL_8835,Evosea,False,,,,,,,,,,,,,
A15_52903,Mollusca,False,,,,,,,,,,,,,
A15_217096,Nematoda,False,,,,,,,,,,,,,
A15_79019,Mollusca,False,,,,,,,,,,,,,
A15_74503,Nematoda,False,,,,,,,,,,,,,
A15_200842,Arthropoda,False,,,,,,,,,,,,,
A15_89969,Nematoda,False,,,,,,,,,,,,,
A15_OE21-4-POS_111492,Thermoproteota,False,,,,,,,,,,,,,
A15_38816,Mollusca,False,,,,,,,,,,,,,
A15_6460,Nematoda,False,,,,,,,,,,,,,
A15_44419,Mollusca,False,,,,,,,,,,,,,
A15_205888,Arthropoda,False,,,,,,,,,,,,,
A15_214157,Nematoda,False,,,,,,,,,,,,,
A15_45509,Arthropoda,False,,,,,,,,,,,,,
A15_223024,Mollusca,False,,,,,,,,,,,,,
A15_109151,Mollusca,False,,,,,,,,,,,,,
A15_62329,Arthropoda,False,,,,,,,,,,,,,
A15_14586,Nematoda,False,,,,,,,,,,,,,
A15_13256,Arthropoda,False,,,,,,,,,,,,,
A15_60149,Arthropoda,False,,,,,,,,,,,,,
A15_81313,Mollusca,False,,,,,,,,,,,,,
A15_224910,Mollusca,False,,,,,,,,,,,,,
A15_OE25-1-ALL_2969,Evosea,False,,,,,,,,,,,,,
A15_115142,Mollusca,False,,,,,,,,,,,,,
A15_43970,Arthropoda,True,DG(O-23:4),DG(O-23:4)+H,DG,alkyl-acyl,M+H,C,0.2502119182399261,bronze,2.440607192946502,0.0048822000000008,1.0,1.0,C26 H45 O4
A15_OE25-1-ALL_3520,Evosea,False,,,,,,,,,,,,,
A15_221114,Nematoda,False,,,,,,,,,,,,,
A15_107675,Nematoda,False,,,,,,,,,,,,,
A15_52572,Mollusca,False,,,,,,,,,,,,,
A15_226349,Mollusca,False,,,,,,,,,,,,,
A15_6991,Arthropoda,False,,,,,,,,,,,,,
A15_29017,Mollusca,False,,,,,,,,,,,,,
A15_100988,Mollusca,False,,,,,,,,,,,,,
A15_46417,Mollusca,False,,,,,,,,,,,,,
A15_213783,Nematoda,False,,,,,,,,,,,,,
A15_6697,Nematoda,False,,,,,,,,,,,,,
A15_52579,Mollusca,False,,,,,,,,,,,,,
A15_OE25-1-ALL_2417,Evosea,False,,,,,,,,,,,,,
A15_74139,Nematoda,False,,,,,,,,,,,,,
A15_92099,Nematoda,False,,,,,,,,,,,,,
A15_185198,Chlorophyta,False,,,,,,,,,,,,,
A15_OE25-1-ALL_7078,Evosea,False,,,,,,,,,,,,,
A15_196133,Nematoda,False,,,,,,,,,,,,,
A15_228612,Nematoda,False,,,,,,,,,,,,,
A15_226224,Mollusca,False,,,,,,,,,,,,,
A15_44948,Nematoda,False,,,,,,,,,,,,,
A15_221374,Nematoda,False,,,,,,,,,,,,,
A15_54177,Mollusca,False,,,,,,,,,,,,,
A15_47604,Mollusca,False,,,,,,,,,,,,,
A15_42698,Arthropoda,False,,,,,,,,,,,,,
A15_140611,Nematoda,False,,,,,,,,,,,,,
A15_126311,Nematoda,False,,,,,,,,,,,,,
A15_185008,Arthropoda,False,,,,,,,,,,,,,
A15_211284,Arthropoda,False,,,,,,,,,,,,,
A15_227764,Mollusca,False,,,,,,,,,,,,,
A15_OE25-1-ALL_18711,Evosea,False,,,,,,,,,,,,,
A15_80239,Mollusca,False,,,,,,,,,,,,,
A15_19679,Arthropoda,False,,,,,,,,,,,,,
A15_137304,Arthropoda,False,,,,,,,,,,,,,
A15_80245,Mollusca,False,,,,,,,,,,,,,
A15_196022,Chlorophyta,False,,,,,,,,,,,,,
A15_79328,Mollusca,False,,,,,,,,,,,,,
A15_228658,Mollusca,False,,,,,,,,,,,,,
A15_21049,Arthropoda,False,,,,,,,,,,,,,
A15_99841,Nematoda,False,,,,,,,,,,,,,
A15_128924,Nematoda,False,,,,,,,,,,,,,
A15_219927,Nematoda,False,,,,,,,,,,,,,
A15_224079,Mollusca,False,,,,,,,,,,,,,
A15_OE25-1-ALL_13164,Evosea,False,,,,,,,,,,,,,
A15_214154,Nematoda,False,,,,,,,,,,,,,
A15_59816,Chlorophyta,False,,,,,,,,,,,,,
A15_85791,Mollusca,False,,,,,,,,,,,,,
A15_121533,Nematoda,False,,,,,,,,,,,,,
A15_221745,Mollusca,False,,,,,,,,,,,,,
A15_61876,Streptophyta,False,,,,,,,,,,,,,
A15_85792,Mollusca,False,,,,,,,,,,,,,
A15_79311,Chlorophyta,False,,,,,,,,,,,,,
A15_224523,Nematoda,False,,,,,,,,,,,,,
A15_224693,Arthropoda,True,TG(36:2_18:1)+OO:(s),TG(36:2_18:1)+NH4+OO:(s),TG,triacyl,M+NH4,C,0.1801054109480159,bronze,0.9371288856325708,0.0738469999999971,1.0,1.0,C57 H108 N1 O8
A15_91233,Mollusca,False,,,,,,,,,,,,,
A15_124563,Arthropoda,False,,,,,,,,,,,,,
A15_128194,Nematoda,False,,,,,,,,,,,,,
A15_228970,Nematoda,False,,,,,,,,,,,,,
A15_227250,Mollusca,False,,,,,,,,,,,,,
A15_223647,Nematoda,False,,,,,,,,,,,,,
A15_217099,Nematoda,False,,,,,,,,,,,,,
A15_63915,Mollusca,False,,,,,,,,,,,,,
A15_23714,Nematoda,False,,,,,,,,,,,,,
A15_96088,Streptophyta,False,,,,,,,,,,,,,
A15_20657,Arthropoda,False,,,,,,,,,,,,,
A15_96995,Arthropoda,False,,,,,,,,,,,,,
A15_217326,Nematoda,False,,,,,,,,,,,,,
A15_226477,Mollusca,False,,,,,,,,,,,,,
A15_117010,Arthropoda,False,,,,,,,,,,,,,
A15_224911,Mollusca,False,,,,,,,,,,,,,
A15_OE25-1-ALL_16889,Evosea,True,DGDG(18:3_18:3),DGDG(18:3_18:3)+Na,DGDG,Digalactosyldiacylglycerol,M+Na,C,0.244236073751521,bronze,4.411656294003107,0.0919215558332737,1.0,1.0,C51 H84 Na1 O15
A15_50847,Nematoda,False,,,,,,,,,,,,,
A15_OE25-1-ALL_7713,Evosea,True,PC(34:5),PC(34:5)+H,PC,diacyl,M+H,C,1.7947347510141738,bronze,0.3192755230711976,0.0073216,1.0,1.0,C42 H75 N1 O8 P1
A15_82106,Mollusca,False,,,,,,,,,,,,,
A15_216691,Chlorophyta,True,TG(16:3_16:3_18:3),TG(16:3_16:3_18:3)+NH4,TG,triacyl,M+NH4,A,0.2981441056735132,silver,3.800630815527205,0.2213259999999977,1.0,3.0,C53 H88 N1 O6
A15_OE25-1-ALL_13786,Evosea,False,,,,,,,,,,,,,
A15_229552,Nematoda,False,,,,,,,,,,,,,
A15_130847,Mollusca,False,,,,,,,,,,,,,
A15_OE25-1-ALL_8368,Evosea,False,,,,,,,,,,,,,
A15_133151,Chlorophyta,False,,,,,,,,,,,,,
A15_61134,Streptophyta,False,,,,,,,,,,,,,
A15_8205,Arthropoda,False,,,,,,,,,,,,,
A15_18730,Nematoda,False,,,,,,,,,,,,,
A15_120852,Mollusca,False,,,,,,,,,,,,,
A15_121129,Mollusca,False,,,,,,,,,,,,,
A15_26228,Chlorophyta,False,,,,,,,,,,,,,
A15_214141,Nematoda,False,,,,,,,,,,,,,
A15_228770,Nematoda,False,,,,,,,,,,,,,
A15_108383,Nematoda,False,,,,,,,,,,,,,
A15_90686,Chlorophyta,False,,,,,,,,,,,,,
A15_100889,Nematoda,False,,,,,,,,,,,,,
A15_229667,Nematoda,False,,,,,,,,,,,,,
A15_76477,Mollusca,False,,,,,,,,,,,,,
A15_118264,Arthropoda,False,,,,,,,,,,,,,
A15_14155,Nematoda,False,,,,,,,,,,,,,
A15_142561,Chlorophyta,False,,,,,,,,,,,,,
A15_175795,Mollusca,False,,,,,,,,,,,,,
A15_83860,Mollusca,True,SM(d23:4),SM(d23:4)+H,SM,acyl,M+H,C,0.086759712678272,bronze,1.00199633264905,0.1145768999999994,1.0,1.0,C28 H52 N2 O6 P1
A15_15283,Mollusca,False,,,,,,,,,,,,,
A15_222606,Bacillota,False,,,,,,,,,,,,,
A15_97120,Bacillota,True,DG(O-5:0_21:2),DG(O-5:0_21:2)+H,DG,alkyl-acyl,M+H,C,0.7158316478015229,silver,0.5615211126496387,0.1158397630997196,9.0,3.0,C29 H55 O4
A15_48934,Arthropoda,True,LPC(18:1)+D7:(s),LPC(18:1)+H+D7:(s),LPC,Dlabeled FA,M+H,C,0.8255524981543393,silver,1.5914945446869566,0.2593883000000003,5.0,1.0,C26 H46 D7 N1 O7 P1
A15_100856,Nematoda,False,,,,,,,,,,,,,
A15_75535,Mollusca,False,,,,,,,,,,,,,
A15_113852,Nematoda,False,,,,,,,,,,,,,
A15_66335,Arthropoda,False,,,,,,,,,,,,,
A15_224670,Nematoda,False,,,,,,,,,,,,,
A15_42736,Nematoda,False,,,,,,,,,,,,,
A15_15688,Nematoda,False,,,,,,,,,,,,,
A15_171046,Mollusca,False,,,,,,,,,,,,,
A15_229879,Mollusca,False,,,,,,,,,,,,,
A15_225959,Mollusca,False,,,,,,,,,,,,,
A15_50809,Nematoda,False,,,,,,,,,,,,,
A15_189331,Nematoda,False,,,,,,,,,,,,,
A15_32463,Mollusca,False,,,,,,,,,,,,,
A15_222607,Bacillota,False,,,,,,,,,,,,,
A15_127099,Chlorophyta,False,,,,,,,,,,,,,
A15_39432,Mollusca,False,,,,,,,,,,,,,
A15_57539,Mollusca,False,,,,,,,,,,,,,
A15_224775,Mollusca,False,,,,,,,,,,,,,
A15_224187,Nematoda,False,,,,,,,,,,,,,
A15_9810,Mollusca,False,,,,,,,,,,,,,
A15_112092,Nematoda,False,,,,,,,,,,,,,
A15_226283,Mollusca,False,,,,,,,,,,,,,
A15_185099,Chlorophyta,False,,,,,,,,,,,,,
A15_219752,Mollusca,False,,,,,,,,,,,,,
A15_221755,Nematoda,False,,,,,,,,,,,,,
A15_230031,Nematoda,False,,,,,,,,,,,,,
A15_82745,Mollusca,False,,,,,,,,,,,,,
A15_226749,Mollusca,False,,,,,,,,,,,,,
A15_81991,Nematoda,False,,,,,,,,,,,,,
A15_225216,Mollusca,False,,,,,,,,,,,,,
A15_218883,Mollusca,False,,,,,,,,,,,,,
A15_225020,Nematoda,False,,,,,,,,,,,,,
A15_94753,Arthropoda,False,,,,,,,,,,,,,
A15_57282,Mollusca,False,,,,,,,,,,,,,
A15_114270,Arthropoda,False,,,,,,,,,,,,,
A15_219608,Nematoda,False,,,,,,,,,,,,,
A15_110753,Mollusca,False,,,,,,,,,,,,,
A15_228020,Nematoda,False,,,,,,,,,,,,,
A15_88719,Mollusca,False,,,,,,,,,,,,,
A15_229976,Mollusca,False,,,,,,,,,,,,,
A15_229497,Mollusca,False,,,,,,,,,,,,,
A15_80242,Mollusca,False,,,,,,,,,,,,,
A15_100888,Nematoda,False,,,,,,,,,,,,,
A15_50689,Nematoda,False,,,,,,,,,,,,,
A15_80608,Nematoda,False,,,,,,,,,,,,,
A15_229300,Nematoda,False,,,,,,,,,,,,,
A15_60562,Mollusca,False,,,,,,,,,,,,,
A15_120862,Nematoda,False,,,,,,,,,,,,,
A15_226284,Mollusca,False,,,,,,,,,,,,,
A15_50583,Nematoda,False,,,,,,,,,,,,,
A15_77149,Nematoda,False,,,,,,,,,,,,,
A15_156523,Mollusca,False,,,,,,,,,,,,,
A15_192683,Arthropoda,True,PI(P-15:2_23:0),PI(P-15:2_23:0)+NH4,PI,alkenyl-acyl,M+NH4,C,0.5628084448186803,bronze,1.459987663972323,0.0621303486980515,1.0,1.0,C47 H91 N1 O12 P1
A15_118889,Nematoda,False,,,,,,,,,,,,,
A15_116999,Mollusca,False,,,,,,,,,,,,,
A15_152389,Arthropoda,False,,,,,,,,,,,,,
A15_92985,Nematoda,False,,,,,,,,,,,,,
A15_96857,Mollusca,False,,,,,,,,,,,,,
A15_230077,Mollusca,False,,,,,,,,,,,,,
A15_219838,Nematoda,False,,,,,,,,,,,,,
A15_85181,Mollusca,False,,,,,,,,,,,,,
A15_56177,Nematoda,False,,,,,,,,,,,,,
A15_221254,Nematoda,False,,,,,,,,,,,,,
A15_97207,Nematoda,False,,,,,,,,,,,,,
A15_178786,Mollusca,False,,,,,,,,,,,,,
A15_33127,Arthropoda,False,,,,,,,,,,,,,
A15_147180,Mollusca,False,,,,,,,,,,,,,
A15_109000,Nematoda,False,,,,,,,,,,,,,
A15_59347,Nematoda,False,,,,,,,,,,,,,
A15_178110,Mollusca,False,,,,,,,,,,,,,
A15_192822,Nematoda,False,,,,,,,,,,,,,
A15_218534,Nematoda,False,,,,,,,,,,,,,
A15_180203,Bacillota,False,,,,,,,,,,,,,
A15_223789,Bacillota,False,,,,,,,,,,,,,
A15_199430,Nematoda,False,,,,,,,,,,,,,
A15_225565,Nematoda,True,PC(42:2),PC(42:2)+H,PC,diacyl,M+H,C,1.1861748705248183,silver,3.451416027032414,0.1841486244633472,2.0,1.0,C50 H97 N1 O8 P1
A15_220914,Bacillota,False,,,,,,,,,,,,,
A15_80490,Mollusca,False,,,,,,,,,,,,,
A15_91851,Arthropoda,True,LPC(O-18:0),LPC(O-18:0)+H,LPC,monoalkyl,M+H,C,0.0831641256813818,bronze,1.979493930919324,0.0507718364447331,3.0,1.0,C26 H57 N1 O6 P1
A15_104554,Nematoda,False,,,,,,,,,,,,,
A15_197198,Arthropoda,False,,,,,,,,,,,,,
A15_84620,Nematoda,False,,,,,,,,,,,,,
A15_157881,Nematoda,False,,,,,,,,,,,,,
A15_222708,Bacillota,False,,,,,,,,,,,,,
A15_229926,Nematoda,False,,,,,,,,,,,,,
A15_220723,Streptophyta,False,,,,,,,,,,,,,
A15_225637,Nematoda,False,,,,,,,,,,,,,
A15_190091,Bacillota,False,,,,,,,,,,,,,
A15_147167,Bacillota,True,PE(14:0_16:0),PE(14:0_16:0)+H,PE,diacyl,M+H,B,1.070011412656708,gold,2.7666603881382543,0.0839954010866392,2.0,6.0,C35 H71 N1 O8 P1
A15_223954,Streptophyta,False,,,,,,,,,,,,,
A15_130384,Bacillota,True,PG(14:0_15:0),PG(14:0_15:0)+H,PG,diacyl,M+H,A,0.3310138707124129,gold,0.2661062514345175,0.0669299999999992,10.0,3.0,C35 H70 O10 P1
A15_222264,Bacillota,False,,,,,,,,,,,,,
A15_219945,Bacillota,False,,,,,,,,,,,,,
A15_221678,Bacillota,False,,,,,,,,,,,,,
A15_189083,Bacillota,False,,,,,,,,,,,,,
A15_120082,Bacillota,False,,,,,,,,,,,,,
A15_143305,Bacillota,True,PE(13:0_16:0),PE(13:0_16:0)+H,PE,diacyl,M+H,B,1.8805048965328055,gold,1.6736067173441116,0.0047840000000007,2.0,6.0,C34 H69 N1 O8 P1
A15_118782,Bacillota,True,DG(P-11:0_17:1),DG(P-11:0_17:1)+H,DG,alkenyl-acyl,M+H,C,0.6099423301023699,silver,0.9149685534964106,0.0991841295970363,5.0,3.0,C31 H59 O4
A15_219512,Bacillota,False,,,,,,,,,,,,,
A15_221974,Bacillota,True,DG(O-5:0_24:0),DG(O-5:0_24:0)+Na,DG,alkyl-acyl,M+Na,C,0.5024662046447878,silver,0.6610248195098135,0.0458816444075189,3.0,1.0,C32 H64 Na1 O4
A15_174444,Bacillota,True,DG(P-43:13),DG(P-43:13)+NH4,DG,alkenyl-acyl,M+NH4,C,0.5328967272700511,silver,1.4953505751500515,0.0100012505806539,8.0,4.0,C46 H68 N1 O4
A15_221332,Bacillota,False,,,,,,,,,,,,,
A15_138427,Bacillota,True,PG(16:1_15:0),PG(16:1_15:0)+NH4,PG,diacyl,M+NH4,B,1.6867821747901175,gold,1.3647565789448215,0.2461540000000006,26.0,8.0,C37 H75 N1 O10 P1
A15_128052,Bacillota,True,PG(15:0_15:0),PG(15:0_15:0)+H,PG,diacyl,M+H,A,1.466635448410166,gold,3.1001037582782573,0.1220379150718251,3.0,2.0,C36 H72 O10 P1
A15_199127,Heterolobosea,False,,,,,,,,,,,,,
A15_221963,Bacillota,False,,,,,,,,,,,,,
A15_169767,Bacillota,False,,,,,,,,,,,,,
A15_136885,Bacillota,True,PG(15:0_16:1),PG(15:0_16:1)+NH4,PG,diacyl,M+NH4,A,1.091421833716562,gold,1.5905678280416522,0.0574517768852764,4.0,8.0,C37 H75 N1 O10 P1
A15_222165,Bacillota,False,,,,,,,,,,,,,
A15_223587,Bacillota,False,,,,,,,,,,,,,
A15_174221,Bacillota,False,,,,,,,,,,,,,
A15_222758,Bacillota,False,,,,,,,,,,,,,
A15_138770,Bacillota,False,,,,,,,,,,,,,
A15_221119,Bacillota,True,CL(60:1),CL(60:1)+Na,CL,diacyl-diacyl,M+Na,C,0.121855510924955,bronze,0.124300538216321,0.262986036234917,1.0,1.0,C69 H132 Na1 O17 P2
A15_141227,Bacillota,False,,,,,,,,,,,,,
A15_132298,Bacillota,True,PG(15:0_15:0),PG(15:0_15:0)+H,PG,diacyl,M+H,A,1.4220940363473935,gold,1.5255135479322055,0.0193790377283278,5.0,1.0,C36 H72 O10 P1
A15_180620,Bacillota,False,,,,,,,,,,,,,
A15_223473,Bacillota,False,,,,,,,,,,,,,
A15_133499,Bacillota,True,PE(14:1_15:0),PE(14:1_15:0)+H,PE,diacyl,M+H,B,2.507279992101026,gold,0.2634713245105808,0.0236830000000001,11.0,11.0,C34 H67 N1 O8 P1
A15_128214,Bacillota,True,TG(18:2_16:0)+O:(s),TG(18:2_16:0)+Na+O:(s),TG,triacyl,M+Na,C,0.7230626927590686,silver,0.7693191677710032,0.0777116646922628,3.0,3.0,C37 H66 Na1 O7
A15_189086,Bacillota,False,,,,,,,,,,,,,
A15_157147,Bacillota,True,DG(P-43:13),DG(P-43:13)+NH4,DG,alkenyl-acyl,M+NH4,C,0.4769496794440587,silver,0.3022409787661174,0.0171842614379098,3.0,5.0,C46 H68 N1 O4
A15_140358,Bacillota,False,,,,,,,,,,,,,
A15_108347,Bacillota,False,,,,,,,,,,,,,
A15_147295,Bacillota,True,PE(14:0_15:0),PE(14:0_15:0)+H,PE,diacyl,M+H,B,2.751344487387384,gold,0.8278642471685816,0.0741699999999987,4.0,13.0,C34 H69 N1 O8 P1
A15_205755,Bacillota,False,,,,,,,,,,,,,
A15_200743,Bacillota,False,,,,,,,,,,,,,
A15_139960,Bacillota,True,PG(30:0),PG(30:0)+Na,PG,diacyl,M+Na,C,0.9827446618913958,silver,2.810596464895448,0.1618457196135843,11.0,4.0,C36 H71 Na1 O10 P1
A15_140045,Bacillota,True,PE(13:0_16:0),PE(13:0_16:0)+H,PE,diacyl,M+H,B,1.8805048965328055,gold,1.0386856806578606,0.1598159999999993,2.0,6.0,C34 H69 N1 O8 P1
A15_135877,Bacillota,True,DG(O-5:0_23:2),DG(O-5:0_23:2)+H,DG,alkyl-acyl,M+H,C,0.5526050874241745,silver,0.7444903411475001,0.1064900000000008,7.0,2.0,C31 H59 O4
A15_212183,Bacillota,False,,,,,,,,,,,,,
A15_196938,Bacillota,False,,,,,,,,,,,,,
A15_219440,Bacillota,False,,,,,,,,,,,,,
A15_107245,Bacillota,False,,,,,,,,,,,,,
A15_130455,Bacillota,True,PG(15:1_15:0),PG(15:1_15:0)+NH4,PG,diacyl,M+NH4,B,1.6398353773030991,gold,0.0236719311042472,0.0563799999999989,17.0,10.0,C36 H73 N1 O10 P1
A15_199497,Bacillota,False,,,,,,,,,,,,,
A15_216549,Bacillota,False,,,,,,,,,,,,,
A15_199542,Bacillota,False,,,,,,,,,,,,,
A15_141254,Bacillota,True,PE(13:0_16:0),PE(13:0_16:0)+H,PE,diacyl,M+H,B,1.8805048965328055,gold,1.249301044142715,0.1117159999999994,2.0,7.0,C34 H69 N1 O8 P1
A15_200018,Bacillota,False,,,,,,,,,,,,,
A15_152697,Discosea,True,PC(40:8),PC(40:8)+H,PC,diacyl,M+H,C,2.708089264280762,silver,4.102882620934839,0.2527728028621734,16.0,3.0,C48 H81 N1 O8 P1
A15_167934,Bacillota,True,PA(O-36:5),PA(O-36:5)+Na,PA,alkyl-acyl,M+Na,C,0.2102539165268312,silver,2.9024395117685606,0.1479859999999995,3.0,1.0,C39 H69 Na1 O7 P1
A15_223991,Bacillota,False,,,,,,,,,,,,,
A15_189082,Bacillota,True,DG(15:0_16:0),DG(15:0_16:0)+NH4,DG,diacyl,M+NH4,A,1.6056178792273377,gold,0.1732099288103578,0.059864000000001,18.0,5.0,C34 H70 N1 O5
A15_153371,Bacillota,True,DG(O-13:0_17:2),DG(O-13:0_17:2)+H,DG,alkyl-acyl,M+H,C,0.6554785108987857,silver,0.6871924974592764,0.1341234999999994,9.0,1.0,C33 H63 O4
A15_199495,Bacillota,False,,,,,,,,,,,,,
A15_130637,Bacillota,True,PG(15:1_15:0),PG(15:1_15:0)+H,PG,diacyl,M+H,C,1.623168585768458,silver,0.0820234818091909,0.0723951889213481,9.0,6.0,C36 H70 O10 P1
A15_142780,Bacillota,True,PS(15:0_16:0),PS(15:0_16:0)+H,PS,diacyl,M+H,A,0.7557613165936143,gold,1.5829043676561028,0.1221324999999993,2.0,5.0,C37 H73 N1 O10 P1
A15_127952,Bacillota,True,PG(15:0_15:0),PG(15:0_15:0)+NH4,PG,diacyl,M+NH4,A,1.0,gold,4.78195160873846,0.0321790515081552,5.0,2.0,C36 H75 N1 O10 P1
A15_130868,Bacillota,True,PG(15:0_15:0),PG(15:0_15:0)+H,PG,diacyl,M+H,A,1.4220940363473935,gold,2.056076889483671,0.2216790377283271,5.0,3.0,C36 H72 O10 P1
A15_149947,Bacillota,False,,,,,,,,,,,,,
A15_138659,Bacillota,True,TG(2:0_14:0_15:0),TG(2:0_14:0_15:0)+NH4,TG,triacyl,M+NH4,B,0.9098804221295144,gold,1.2460582048605473,0.0567578526422618,5.0,5.0,C34 H68 N1 O6
A15_223898,Bacillota,False,,,,,,,,,,,,,
A15_208646,Heterolobosea,False,,,,,,,,,,,,,
A15_128767,Bacillota,False,,,,,,,,,,,,,
A15_160222,Bacillota,True,PA(18:2_18:3),PA(18:2_18:3)+NH4,PA,diacyl,M+NH4,B,0.221410856806512,gold,0.7752732395056351,0.165344855799681,2.0,11.0,C39 H71 N1 O8 P1
A15_107910,Bacillota,True,WE(O-33:6),WE(O-33:6)+Na,WE,Wax monoesters,M+Na,C,0.7393805940780234,silver,3.0348421953747797,0.0786769618542226,14.0,2.0,C33 H54 Na1 O2
A15_130594,Bacillota,False,,,,,,,,,,,,,
A15_161920,Bacillota,True,PE(16:0_15:0),PE(16:0_15:0)+H,PE,diacyl,M+H,B,2.290900988117119,gold,1.19643933761535,0.1830573827851793,5.0,8.0,C36 H73 N1 O8 P1
A15_146780,Bacillota,False,,,,,,,,,,,,,
A15_176216,Bacillota,False,,,,,,,,,,,,,
A15_50264,Methanobacteriota,False,,,,,,,,,,,,,
A15_220333,Bacillota,False,,,,,,,,,,,,,
A15_163387,Bacillota,True,PE(16:0_15:0),PE(16:0_15:0)+H,PE,diacyl,M+H,B,2.290900988117119,gold,0.5685899310298763,0.0658426172148196,5.0,9.0,C36 H73 N1 O8 P1
A15_163699,Bacillota,True,PA(O-36:5),PA(O-36:5)+Na,PA,alkyl-acyl,M+Na,C,0.0305469455120566,bronze,1.584918153242859,0.0243099999999998,1.0,1.0,C39 H69 Na1 O7 P1
A15_131045,Bacillota,True,PE(13:0_15:0),PE(13:0_15:0)+H,PE,diacyl,M+H,B,1.1984897350958303,gold,0.34551985009672,0.1285461517139001,2.0,6.0,C33 H67 N1 O8 P1
A15_144683,Bacillota,False,,,,,,,,,,,,,
A15_160313,Bacillota,True,PG(18:2_15:0),PG(18:2_15:0)+NH4,PG,diacyl,M+NH4,C,0.1083541818567323,silver,2.1746809123689745,0.1863990938981903,12.0,4.0,C39 H77 N1 O10 P1
A15_141700,Bacillota,True,DG(O-5:0_23:0),DG(O-5:0_23:0)+Na,DG,alkyl-acyl,M+Na,C,0.1190612160128515,bronze,1.7467917125505537,0.0188360000000002,1.0,1.0,C31 H62 Na1 O4
A15_150859,Heterolobosea,True,LPC(29:1),LPC(29:1)+H,LPC,monoacyl,M+H,C,1.52052575336554,silver,3.852231196680573,0.0929903803206517,4.0,2.0,C37 H75 N1 O7 P1
A15_148446,Bacillota,False,,,,,,,,,,,,,
A15_165554,Bacillota,True,PA(O-36:5),PA(O-36:5)+Na,PA,alkyl-acyl,M+Na,C,0.2102539165268312,silver,2.6024985927372035,0.2474859999999985,3.0,2.0,C39 H69 Na1 O7 P1
A15_221261,Bacillota,False,,,,,,,,,,,,,
A15_153933,Bacillota,False,,,,,,,,,,,,,
A15_223398,Bacillota,False,,,,,,,,,,,,,
A15_224820,Bacillota,True,TG(14:0_15:0_15:0),TG(14:0_15:0_15:0)+NH4,TG,triacyl,M+NH4,A,0.9252717789001272,gold,1.7536939110936207,0.1412427059849292,10.0,15.0,C47 H94 N1 O6
A15_169193,Bacillota,True,PE(17:0_15:0),PE(17:0_15:0)+H,PE,diacyl,M+H,B,2.057749543314558,gold,0.1069677352771142,0.1942127070826398,10.0,11.0,C37 H75 N1 O8 P1
A15_162311,Bacillota,True,Cer(d18:1_20:4),Cer(d18:1_20:4)+H,Cer,acylsphingosines,M+H,C,0.0489694268001389,bronze,1.1459480961815864,0.0493430000000021,2.0,2.0,C38 H68 N1 O3
A15_226458,Bacillota,True,TG(14:0_15:0_16:0),TG(14:0_15:0_16:0)+NH4,TG,triacyl,M+NH4,A,0.8918020810149535,gold,1.595095723067939,0.0598028860841566,29.0,15.0,C48 H96 N1 O6
A15_222266,Bacillota,False,,,,,,,,,,,,,
A15_128356,Bacillota,True,PG(17:3_14:0),PG(17:3_14:0)+NH4,PG,diacyl,M+NH4,C,0.2818801752180052,bronze,0.7996177913449161,0.1813812625575366,1.0,3.0,C37 H71 N1 O10 P1
A15_150603,Bacillota,True,PE(15:0_15:0),PE(15:0_15:0)+H,PE,diacyl,M+H,A,2.6027207282397864,gold,1.3499156367709366,0.2144777216872846,19.0,11.0,C35 H71 N1 O8 P1
A15_146551,Heterolobosea,False,,,,,,,,,,,,,
A15_118198,Bacillota,True,PG(28:0),PG(28:0)+Na,PG,diacyl,M+Na,C,0.9239405411248022,silver,2.771651928930356,0.186731115921436,8.0,3.0,C34 H67 Na1 O10 P1
A15_219607,Bacillota,False,,,,,,,,,,,,,
A15_44629,Methanobacteriota,False,,,,,,,,,,,,,
A15_158178,Discosea,False,,,,,,,,,,,,,
A15_146928,Bacillota,True,PE(33:4),PE(33:4)+H,PE,diacyl,M+H,C,0.4980935368858596,silver,3.5816653244475,0.1834360000000003,2.0,2.0,C38 H69 N1 O8 P1
A15_149279,Bacillota,True,DG(P-11:0_20:1),DG(P-11:0_20:1)+H,DG,alkenyl-acyl,M+H,C,0.4761353553880329,silver,2.364356152460142,0.1331214786942283,2.0,1.0,C34 H65 O4
A15_220916,Bacillota,False,,,,,,,,,,,,,
A15_158408,Bacillota,True,PE(33:3),PE(33:3)+H,PE,diacyl,M+H,C,0.0641491845862018,bronze,2.4771915603845223,0.2485759999999999,3.0,2.0,C38 H71 N1 O8 P1
A15_102749,Bacillota,True,WE(O-33:6),WE(O-33:6)+NH4,WE,Wax monoesters,M+NH4,C,0.9596237937121536,silver,0.7833287829017943,0.2358901611610893,3.0,1.0,C33 H58 N1 O2
A15_164671,Bacillota,True,PE(16:0_15:0),PE(16:0_15:0)+H,PE,diacyl,M+H,B,2.290900988117119,gold,0.8441952840610144,0.1328426172148198,5.0,9.0,C36 H73 N1 O8 P1
A15_154166,Bacillota,True,DG(O-5:0_24:0),DG(O-5:0_24:0)+Na,DG,alkyl-acyl,M+Na,C,0.9177480283809424,silver,0.471800873173448,0.1552157565868075,5.0,2.0,C32 H64 Na1 O4
A15_218423,Bacillota,False,,,,,,,,,,,,,
A15_152284,Bacillota,True,DG(O-5:0_24:0),DG(O-5:0_24:0)+Na,DG,alkyl-acyl,M+Na,C,1.0042673817172842,silver,1.0209587663073194,0.2616230000000019,6.0,5.0,C32 H64 Na1 O4
A15_153569,Bacillota,True,PE(16:1_15:0),PE(16:1_15:0)+H,PE,diacyl,M+H,B,2.6394110160192925,gold,0.6377748021629825,0.0856611824895754,18.0,16.0,C36 H71 N1 O8 P1
A15_135655,Bacillota,False,,,,,,,,,,,,,
A15_225602,Bacillota,True,TG(14:0_15:0_15:0),TG(14:0_15:0_15:0)+NH4,TG,triacyl,M+NH4,A,0.9704685931587328,gold,1.1167467767588173,0.2736011437466743,26.0,17.0,C47 H94 N1 O6
A15_127172,Bacillota,True,BisMePA(28:1),BisMePA(28:1)+NH4,BisMePA,diacyl,M+NH4,C,0.7385177182927722,silver,0.0010316209466824,0.0106626857406872,2.0,2.0,C33 H67 N1 O8 P1
A15_214119,Bacillota,False,,,,,,,,,,,,,
A15_138580,Bacillota,True,DG(O-5:0_23:0),DG(O-5:0_23:0)+Na,DG,alkyl-acyl,M+Na,C,0.1190612160128515,bronze,1.8330883865946888,0.2099639999999993,1.0,1.0,C31 H62 Na1 O4
A15_149594,Bacillota,True,PG(15:0_16:0),PG(15:0_16:0)+NH4,PG,diacyl,M+NH4,A,1.678693457554295,gold,1.7787311637900876,0.0208779999999997,12.0,6.0,C37 H77 N1 O10 P1
A15_120544,Bacillota,False,,,,,,,,,,,,,
A15_222043,Bacillota,False,,,,,,,,,,,,,
A15_133023,Bacillota,True,PEt(22:4_15:0),PEt(22:4_15:0)+H,PEt,diacyl,M+H,C,0.642932899373446,bronze,2.5375792434208595,0.1187210000000007,1.0,1.0,C42 H76 O8 P1
A15_129718,Bacillota,False,,,,,,,,,,,,,
A15_221536,Bacillota,False,,,,,,,,,,,,,
A15_152676,Bacillota,True,PE(16:1_15:0),PE(16:1_15:0)+H,PE,diacyl,M+H,B,2.6394110160192925,gold,0.5239521592985895,0.1754611824895757,18.0,14.0,C36 H71 N1 O8 P1
A15_130383,Bacillota,True,DG(O-15:0_14:2),DG(O-15:0_14:2)+H,DG,alkyl-acyl,M+H,C,0.239615167359064,silver,4.024240940042454,0.0502920751607547,2.0,1.0,C32 H61 O4
A15_144922,Bacillota,True,DG(O-5:0_23:0),DG(O-5:0_23:0)+Na,DG,alkyl-acyl,M+Na,C,0.7204195059153611,silver,1.492282076410666,0.2248381030217903,4.0,2.0,C31 H62 Na1 O4
A15_126562,Bacillota,True,PG(18:4_15:0),PG(18:4_15:0)+NH4,PG,diacyl,M+NH4,B,0.8806087372325604,gold,1.7494993640743504,0.2883727074711633,2.0,3.0,C39 H73 N1 O10 P1
A15_148457,Bacillota,True,PE(16:1_15:0),PE(16:1_15:0)+H,PE,diacyl,M+H,B,2.6394110160192925,gold,0.0238870196861057,0.0979936826633736,6.0,18.0,C36 H71 N1 O8 P1
A15_224140,Bacillota,False,,,,,,,,,,,,,
A15_144207,Bacillota,True,DG(O-11:0_19:0),DG(O-11:0_19:0)+Na,DG,alkyl-acyl,M+Na,C,0.353320980546245,bronze,1.1974704454874472,0.0858680331950196,1.0,2.0,C33 H66 Na1 O4
A15_183178,Heterolobosea,False,,,,,,,,,,,,,
A15_146545,Bacillota,True,PG(15:0_17:1),PG(15:0_17:1)+H,PG,diacyl,M+H,A,1.475034316519589,gold,3.7654174301849177,0.1473127441860455,14.0,4.0,C38 H74 O10 P1
A15_137394,Bacillota,True,DG(O-5:0_24:0),DG(O-5:0_24:0)+Na,DG,alkyl-acyl,M+Na,C,0.6078114549948089,silver,1.3636557167596135,0.1497869999999999,3.0,2.0,C32 H64 Na1 O4
A15_147041,Bacillota,True,TG(16:1_4:0_15:0)+OO:(s),TG(16:1_4:0_15:0)+Na+OO:(s),TG,triacyl,M+Na,C,0.9477185825460592,bronze,0.0279188213488619,0.2269169999999984,1.0,1.0,C38 H70 Na1 O8
A15_183167,Bacillota,False,,,,,,,,,,,,,
A15_159963,Bacillota,True,DG(P-15:2_17:0),DG(P-15:2_17:0)+H,DG,alkenyl-acyl,M+H,C,0.6706792232918559,bronze,0.0546893356649451,0.0902073062015507,1.0,1.0,C35 H65 O4
A15_131560,Bacillota,False,,,,,,,,,,,,,
A15_110304,Bacillota,True,LPI(O-29:3),LPI(O-29:3)+NH4,LPI,monoalkyl,M+NH4,C,0.3495033967520204,silver,0.7487957439191998,0.2039840000000019,2.0,1.0,C38 H75 N1 O11 P1
A15_129598,Bacillota,True,PEt(17:3_15:0),PEt(17:3_15:0)+Li,PEt,diacyl,M+Li,C,1.5714403003990944,silver,1.8424246062560017,0.1147076972740706,4.0,3.0,C37 H67 Li1 O8 P1
A15_148530,Bacillota,True,PE(15:0_15:0),PE(15:0_15:0)+H,PE,diacyl,M+H,A,2.6027207282397864,gold,1.4296762374350551,0.2771777216872859,19.0,10.0,C35 H71 N1 O8 P1
A15_122831,Bacillota,True,DG(O-31:6),DG(O-31:6)+NH4,DG,alkyl-acyl,M+NH4,C,1.0550360639555512,silver,1.8000000111930583,0.0760150516863031,8.0,1.0,C34 H60 N1 O4
A15_138637,Heterolobosea,False,,,,,,,,,,,,,
A15_141332,Bacillota,False,,,,,,,,,,,,,
A15_181283,Bacillota,True,DG(16:1_18:3),DG(16:1_18:3)+H,DG,diacyl,M+H,A,0.8641998974503743,silver,3.853013920840158,0.0017136205904577,1.0,2.0,C37 H65 O5
A15_183085,Bacillota,True,DG(16:1_18:3),DG(16:1_18:3)+H,DG,diacyl,M+H,A,0.8641998974503743,silver,3.627390613951229,0.2496863794095425,1.0,3.0,C37 H65 O5
A15_218461,Bacillota,True,ChE(28:5),ChE(28:5)+NH4,ChE,sterolEsters,M+NH4,A,0.3041885743986939,silver,3.968703880344384,0.1918865991558505,1.0,1.0,C55 H94 N1 O2
A15_226832,Bacillota,True,TG(14:0_15:0_16:0),TG(14:0_15:0_16:0)+NH4,TG,triacyl,M+NH4,A,0.8918020810149535,gold,0.2970610549745439,0.0745971139158427,29.0,19.0,C48 H96 N1 O6
A15_150483,Bacillota,True,PE(16:1_15:0),PE(16:1_15:0)+H,PE,diacyl,M+H,B,2.6394110160192925,gold,0.2682206724652628,0.2975611824895754,18.0,16.0,C36 H71 N1 O8 P1
A15_224964,Bacillota,False,,,,,,,,,,,,,
A15_145188,Bacillota,True,PG(15:0_17:1),PG(15:0_17:1)+H,PG,diacyl,M+H,A,1.475034316519589,gold,3.700275907649408,0.1682127441860448,14.0,4.0,C38 H74 O10 P1
A15_223863,Bacillota,False,,,,,,,,,,,,,
A15_85215,Bacillota,False,,,,,,,,,,,,,
A15_227040,Bacillota,True,TG(14:0_15:0_16:0),TG(14:0_15:0_16:0)+NH4,TG,triacyl,M+NH4,A,1.3188816941441586,gold,0.4161724943919638,0.2767181537403367,85.0,20.0,C48 H96 N1 O6
A15_171545,Bacillota,True,PA(18:2_18:2),PA(18:2_18:2)+NH4,PA,diacyl,M+NH4,A,0.7451494261654765,gold,1.058621325412901,0.0741424852941179,2.0,7.0,C39 H73 N1 O8 P1
A15_131433,Bacillota,True,DG(O-15:0_14:2),DG(O-15:0_14:2)+H,DG,alkyl-acyl,M+H,C,0.239615167359064,silver,4.142012760210522,0.1192920751607538,2.0,1.0,C32 H61 O4
A15_84762,Bacillota,True,MePC(37:8),MePC(37:8)+H,MePC,diacyl,M+H,C,0.4110055383035297,silver,0.9038670599793864,0.1056638000000003,7.0,1.0,C46 H78 N1 O8 P1
A15_146100,Bacillota,True,TG(2:0_14:0_15:0),TG(2:0_14:0_15:0)+NH4,TG,triacyl,M+NH4,B,0.8721448850867844,gold,0.4246117212470932,0.0381350484726947,8.0,6.0,C34 H68 N1 O6
A15_89231,Bacillota,False,,,,,,,,,,,,,
A15_149530,Heterolobosea,True,PC(O-31:2),PC(O-31:2)+H,PC,alkyl-acyl,M+H,C,1.369576808699332,silver,0.7452479028856677,0.1817062518718266,3.0,1.0,C39 H77 N1 O7 P1
A15_121988,Bacillota,True,TG(20:4_20:5),TG(20:4_20:5)+NH4,TG,triacyl,M+NH4,C,0.4511971106975385,bronze,0.2071896156738409,0.0998778591160238,1.0,1.0,C43 H68 N1 O6
A15_143054,Bacillota,True,TG(2:0_14:0_15:0),TG(2:0_14:0_15:0)+NH4,TG,triacyl,M+NH4,B,0.8721448850867844,gold,0.2336495494937934,0.140935048472695,8.0,4.0,C34 H68 N1 O6
A15_113658,Bacillota,True,PG(13:0_15:0),PG(13:0_15:0)+H,PG,diacyl,M+H,A,1.140594014711709,silver,1.3513951345408384,0.2302900000000001,1.0,2.0,C34 H68 O10 P1
A15_158261,Bacillota,True,DG(P-15:2_17:0),DG(P-15:2_17:0)+H,DG,alkenyl-acyl,M+H,C,0.6706792232918559,bronze,0.0510495780627264,0.1544073062015503,1.0,1.0,C35 H65 O4
A15_214120,Bacillota,False,,,,,,,,,,,,,
A15_138675,Discosea,False,,,,,,,,,,,,,
A15_83723,Bacillota,True,MePC(37:8),MePC(37:8)+H,MePC,diacyl,M+H,C,0.4110055383035297,silver,1.2386338888142066,0.1285638000000002,7.0,1.0,C46 H78 N1 O8 P1
A15_217526,Methanobacteriota,False,,,,,,,,,,,,,
A15_170217,Bacillota,False,,,,,,,,,,,,,
A15_158272,Bacillota,True,PA(18:2_18:3),PA(18:2_18:3)+NH4,PA,diacyl,M+NH4,B,0.221410856806512,gold,0.7865014835742647,0.081844855799682,2.0,10.0,C39 H71 N1 O8 P1
A15_112397,Bacillota,False,,,,,,,,,,,,,
A15_163659,Bacillota,False,,,,,,,,,,,,,
A15_93530,Bacillota,False,,,,,,,,,,,,,
A15_219312,Bacillota,True,ChE(28:5),ChE(28:5)+NH4,ChE,sterolEsters,M+NH4,A,0.3041885743986939,silver,3.883780520794772,0.2682865991558536,1.0,1.0,C55 H94 N1 O2
A15_116124,Bacillota,False,,,,,,,,,,,,,
A15_156699,Bacillota,False,,,,,,,,,,,,,
A15_206653,Bacillota,False,,,,,,,,,,,,,
A15_132809,Bacillota,True,PG(30:0),PG(30:0)+Na,PG,diacyl,M+Na,C,0.5375437993960135,silver,2.62305796121496,0.2467411442636287,2.0,3.0,C36 H71 Na1 O10 P1
A15_21066,Methanobacteriota,False,,,,,,,,,,,,,
A15_106352,Bacillota,True,DG(P-11:0_19:4),DG(P-11:0_19:4)+Na,DG,alkenyl-acyl,M+Na,C,0.6554042351223293,silver,2.221518653901304,0.0981001649792148,7.0,3.0,C33 H56 Na1 O4
A15_149360,Bacillota,True,PG(15:0_17:0),PG(15:0_17:0)+H,PG,diacyl,M+H,A,1.6131606188232217,gold,2.0289563307190166,0.1478555275975761,4.0,4.0,C38 H76 O10 P1
A15_125739,Bacillota,True,DAP(O-14:0_O-6:0),DAP(O-14:0_O-6:0)+H,DAP,dialkyl,M+H,B,1.1333633604174729,gold,0.4526349746944502,0.2332209171593522,3.0,3.0,C28 H47 O4
A15_180352,Bacillota,True,DG(15:0_15:0),DG(15:0_15:0)+Na,DG,diacyl,M+Na,A,1.0,gold,3.137708301060248,0.1244458338917944,5.0,2.0,C33 H64 Na1 O5
A15_134622,Bacillota,True,DG(O-13:0_17:2),DG(O-13:0_17:2)+H,DG,alkyl-acyl,M+H,C,0.74791607877536,silver,0.8785832031452904,0.1933291159531993,11.0,2.0,C33 H63 O4
A15_164898,Bacillota,False,,,,,,,,,,,,,
A15_116196,Bacillota,True,PG(13:0_15:0),PG(13:0_15:0)+H,PG,diacyl,M+H,A,0.2463316582549776,gold,0.9687723502513664,0.2594798364330799,7.0,4.0,C34 H68 O10 P1
A15_84690,Bacillota,False,,,,,,,,,,,,,
A15_192838,Bacillota,False,,,,,,,,,,,,,
A15_143323,Bacillota,True,PE(16:1_14:0),PE(16:1_14:0)+H,PE,diacyl,M+H,B,2.379056552488617,gold,0.6057544030980664,0.1933023598459282,12.0,15.0,C35 H69 N1 O8 P1
A15_222404,Bacillota,False,,,,,,,,,,,,,
A15_122289,Pseudomonadota,False,,,,,,,,,,,,,
A15_133116,Bacillota,True,PEt(17:3_15:0),PEt(17:3_15:0)+Li,PEt,diacyl,M+Li,C,1.5714403003990944,silver,1.9944594352227984,0.215107697274071,4.0,3.0,C37 H67 Li1 O8 P1
A15_181266,Bacillota,False,,,,,,,,,,,,,
A15_110791,Bacillota,True,WE(O-33:6),WE(O-33:6)+NH4,WE,Wax monoesters,M+NH4,C,0.8318510804794148,bronze,0.9651664327829712,0.2788080960465215,1.0,1.0,C33 H58 N1 O2
A15_148508,Bacillota,True,TG(34:4_4:0)+OO:(s),TG(34:4_4:0)+Na+OO:(s),TG,triacyl,M+Na,C,0.0574636326371106,bronze,0.0257776296937594,0.1107439999999986,1.0,1.0,C41 H70 Na1 O8
A15_133944,Heterolobosea,False,,,,,,,,,,,,,
A15_173680,Bacillota,False,,,,,,,,,,,,,
A15_136708,Bacillota,False,,,,,,,,,,,,,
A15_106401,Bacillota,False,,,,,,,,,,,,,
A15_147807,Bacillota,True,PG(P-15:2_18:1),PG(P-15:2_18:1)+NH4,PG,alkenyl-acyl,M+NH4,C,0.3158968230685371,bronze,0.7649288564634139,0.167923,1.0,2.0,C39 H75 N1 O9 P1
A15_161929,Bacillota,False,,,,,,,,,,,,,
A15_169302,Bacillota,False,,,,,,,,,,,,,
A15_148409,Bacillota,False,,,,,,,,,,,,,
A15_130088,Bacillota,False,,,,,,,,,,,,,
A15_11632,Bacillota,False,,,,,,,,,,,,,
A15_127012,Bacillota,True,BisMePA(29:2),BisMePA(29:2)+NH4,BisMePA,diacyl,M+NH4,C,1.4423033478093512,silver,0.5834048434267409,0.2521130250533563,5.0,2.0,C34 H67 N1 O8 P1
A15_224714,Bacillota,True,TG(13:0_15:0_15:0),TG(13:0_15:0_15:0)+NH4,TG,triacyl,M+NH4,A,0.9346157950162384,gold,1.4128673515552876,0.0381688217857139,10.0,8.0,C46 H92 N1 O6
A15_130746,Bacillota,True,DG(O-13:0_15:0),DG(O-13:0_15:0)+Na,DG,alkyl-acyl,M+Na,C,0.3393183457407447,bronze,0.2830757776031866,0.0534460000000009,1.0,3.0,C31 H62 Na1 O4
A15_144628,Discosea,True,PC(19:4_20:4),PC(19:4_20:4)+H,PC,diacyl,M+H,C,1.393711885627218,silver,1.3099280744479684,0.1696822775665403,2.0,2.0,C47 H79 N1 O8 P1
A15_208379,Bacillota,False,,,,,,,,,,,,,
A15_166487,Bacillota,False,,,,,,,,,,,,,
A15_OE11-3-POS_87963,Methanobacteriota,False,,,,,,,,,,,,,
A15_OE26-1POS_15038,Methanobacteriota,False,,,,,,,,,,,,,
A15_OE11-3-POS_103299,Methanobacteriota,False,,,,,,,,,,,,,
A15_OE26-1POS_105948,Methanobacteriota,False,,,,,,,,,,,,,
A15_OE26-1POS_96715,Methanobacteriota,False,,,,,,,,,,,,,
A15_OE21-4-POS_227397,Methanobacteriota,False,,,,,,,,,,,,,
A15_OE26-1POS_99606,Methanobacteriota,False,,,,,,,,,,,,,
A15_OE21-4-POS_141524,Methanobacteriota,False,,,,,,,,,,,,,
A15_OE21-4-POS_203620,Methanobacteriota,False,,,,,,,,,,,,,
A15_OE11-3-POS_52320,Methanobacteriota,False,,,,,,,,,,,,,
A15_OE11-3-POS_94878,Methanobacteriota,False,,,,,,,,,,,,,
A15_OE21-4-POS_200570,Thermoproteota,False,,,,,,,,,,,,,
A15_OE26-1POS_107817,Methanobacteriota,False,,,,,,,,,,,,,
A15_OE11-3-POS_76060,Methanobacteriota,False,,,,,,,,,,,,,
A15_OE11-3-POS_92295,Methanobacteriota,False,,,,,,,,,,,,,
A15_OE26-1POS_95419,Methanobacteriota,False,,,,,,,,,,,,,
A15_OE26-1POS_100250,Methanobacteriota,False,,,,,,,,,,,,,
A15_OE26-1POS_104122,Methanobacteriota,False,,,,,,,,,,,,,
A15_OE21-4-POS_192699,Thermoproteota,False,,,,,,,,,,,,,
A15_OE11-3-POS_92908,Methanobacteriota,False,,,,,,,,,,,,,
A15_OE21-4-POS_207812,Thermoproteota,False,,,,,,,,,,,,,
A15_OE11-3-POS_60789,Methanobacteriota,False,,,,,,,,,,,,,
A15_OE21-4-POS_224699,Methanobacteriota,False,,,,,,,,,,,,,
A15_OE11-3-POS_81050,Methanobacteriota,False,,,,,,,,,,,,,
A15_OE11-3-POS_103413,Methanobacteriota,False,,,,,,,,,,,,,
A15_OE21-4-POS_124178,Methanobacteriota,False,,,,,,,,,,,,,
A15_OE26-1POS_15099,Methanobacteriota,False,,,,,,,,,,,,,
A15_OE26-1POS_38011,Methanobacteriota,False,,,,,,,,,,,,,
A15_OE21-4-POS_215932,Methanobacteriota,False,,,,,,,,,,,,,
A15_OE11-3-POS_19353,Methanobacteriota,False,,,,,,,,,,,,,
A15_OE26-1POS_99808,Methanobacteriota,False,,,,,,,,,,,,,
A15_OE11-3-POS_60957,Methanobacteriota,False,,,,,,,,,,,,,
A15_OE11-3-POS_72818,Methanobacteriota,False,,,,,,,,,,,,,
A15_OE21-4-POS_223971,Methanobacteriota,False,,,,,,,,,,,,,
A15_OE11-3-POS_99328,Methanobacteriota,True,PA(O-20:0_22:0),PA(O-20:0_22:0)+NH4,PA,alkyl-acyl,M+NH4,C,0.0642234119932624,bronze,0.5047497987407489,0.0870709999999981,1.0,1.0,C45 H95 N1 O7 P1
A15_OE21-4-POS_193876,Thermoproteota,False,,,,,,,,,,,,,
A15_OE11-3-POS_104393,Methanobacteriota,False,,,,,,,,,,,,,
A15_OE26-1POS_12162,Methanobacteriota,False,,,,,,,,,,,,,
A15_OE26-1POS_105693,Methanobacteriota,False,,,,,,,,,,,,,
A15_OE11-3-POS_90929,Methanobacteriota,False,,,,,,,,,,,,,
A15_OE21-4-POS_217775,Methanobacteriota,False,,,,,,,,,,,,,
A15_OE21-4-POS_170177,Methanobacteriota,False,,,,,,,,,,,,,
A15_OE11-3-POS_33542,Methanobacteriota,False,,,,,,,,,,,,,
A15_OE21-4-POS_109323,Methanobacteriota,False,,,,,,,,,,,,,
A15_OE11-3-POS_104490,Methanobacteriota,False,,,,,,,,,,,,,
A15_OE11-3-POS_104493,Methanobacteriota,False,,,,,,,,,,,,,
A15_OE11-3-POS_88216,Methanobacteriota,False,,,,,,,,,,,,,
A15_OE11-3-POS_68555,Methanobacteriota,False,,,,,,,,,,,,,
A15_OE11-3-POS_70791,Methanobacteriota,False,,,,,,,,,,,,,
A15_OE11-3-POS_98815,Methanobacteriota,False,,,,,,,,,,,,,
A15_OE11-3-POS_75810,Methanobacteriota,False,,,,,,,,,,,,,
A15_OE21-4-POS_62817,Methanobacteriota,False,,,,,,,,,,,,,
A15_OE11-3-POS_98362,Methanobacteriota,False,,,,,,,,,,,,,
A15_OE21-4-POS_224843,Methanobacteriota,False,,,,,,,,,,,,,
A15_OE26-1POS_16039,Methanobacteriota,False,,,,,,,,,,,,,
A15_OE21-4-POS_209690,Methanobacteriota,False,,,,,,,,,,,,,
A15_OE21-4-POS_183940,Methanobacteriota,False,,,,,,,,,,,,,
A15_OE21-4-POS_208063,Methanobacteriota,False,,,,,,,,,,,,,
A15_OE26-1POS_49984,Methanobacteriota,False,,,,,,,,,,,,,
A15_OE11-3-POS_60360,Methanobacteriota,False,,,,,,,,,,,,,
A15_OE11-3-POS_72736,Methanobacteriota,False,,,,,,,,,,,,,
A15_OE11-3-POS_83186,Methanobacteriota,False,,,,,,,,,,,,,
A15_OE26-1POS_103437,Methanobacteriota,False,,,,,,,,,,,,,
A15_OE11-3-POS_67615,Methanobacteriota,False,,,,,,,,,,,,,
A15_OE11-3-POS_106752,Methanobacteriota,False,,,,,,,,,,,,,
A15_OE21-4-POS_193959,Thermoproteota,False,,,,,,,,,,,,,
A15_OE26-1POS_97547,Methanobacteriota,False,,,,,,,,,,,,,
A15_OE26-1POS_101783,Methanobacteriota,False,,,,,,,,,,,,,
A15_OE21-4-POS_203793,Methanobacteriota,False,,,,,,,,,,,,,
A15_OE11-3-POS_96199,Methanobacteriota,False,,,,,,,,,,,,,
A15_OE21-4-POS_229237,Thermoproteota,True,DG(O-40:0),DG(O-40:0)+NH4,DG,alkyl-acyl,M+NH4,C,0.2352408859204039,bronze,0.1262232979971421,0.1409830688020079,1.0,1.0,C43 H90 N1 O4
A15_OE11-3-POS_66331,Methanobacteriota,False,,,,,,,,,,,,,
A15_OE11-3-POS_95576,Methanobacteriota,False,,,,,,,,,,,,,
A15_OE11-3-POS_67206,Methanobacteriota,False,,,,,,,,,,,,,
A15_OE11-3-POS_74239,Methanobacteriota,False,,,,,,,,,,,,,
A15_OE21-4-POS_178742,Methanobacteriota,True,PC(O-20:0_17:0),PC(O-20:0_17:0)+H,PC,alkyl-acyl,M+H,C,0.2283664830456419,bronze,0.2706118458376715,0.0037589999999987,1.0,1.0,C45 H93 N1 O7 P1
A15_OE26-1POS_20983,Methanobacteriota,False,,,,,,,,,,,,,
A15_OE11-3-POS_80507,Methanobacteriota,False,,,,,,,,,,,,,
A15_OE26-1POS_46290,Methanobacteriota,False,,,,,,,,,,,,,
A15_OE11-3-POS_82128,Methanobacteriota,False,,,,,,,,,,,,,
A15_OE26-1POS_105485,Methanobacteriota,False,,,,,,,,,,,,,
A15_OE11-3-POS_101711,Methanobacteriota,False,,,,,,,,,,,,,
A15_OE21-4-POS_190183,Thermoproteota,False,,,,,,,,,,,,,
A15_OE21-4-POS_10896,Methanobacteriota,False,,,,,,,,,,,,,
A15_OE21-4-POS_210259,Methanobacteriota,False,,,,,,,,,,,,,
A15_OE21-4-POS_220729,Methanobacteriota,False,,,,,,,,,,,,,
A15_OE21-4-POS_183893,Methanobacteriota,False,,,,,,,,,,,,,
A15_OE26-1POS_40413,Methanobacteriota,False,,,,,,,,,,,,,
A15_OE11-3-POS_73352,Methanobacteriota,False,,,,,,,,,,,,,
A15_OE26-1POS_104150,Methanobacteriota,False,,,,,,,,,,,,,
A15_OE21-4-POS_90862,Methanobacteriota,False,,,,,,,,,,,,,
A15_OE21-4-POS_229782,Methanobacteriota,False,,,,,,,,,,,,,
A15_OE26-1POS_103168,Methanobacteriota,False,,,,,,,,,,,,,
A15_OE11-3-POS_60243,Methanobacteriota,True,TG(3:0_26:3_26:3),TG(3:0_26:3_26:3)+H,TG,triacyl,M+H,C,0.4359923667645097,bronze,2.844121694802902,0.0494862000000004,1.0,4.0,C58 H101 O6
A15_OE11-3-POS_92599,Methanobacteriota,False,,,,,,,,,,,,,
A15_OE26-1POS_13668,Methanobacteriota,False,,,,,,,,,,,,,
A15_OE26-1POS_100449,Methanobacteriota,False,,,,,,,,,,,,,
A15_OE21-4-POS_172867,Thermoproteota,False,,,,,,,,,,,,,
A15_OE21-4-POS_187076,Thermoproteota,False,,,,,,,,,,,,,
A15_OE21-4-POS_214854,Methanobacteriota,True,DG(O-20:0_20:0),DG(O-20:0_20:0)+NH4,DG,alkyl-acyl,M+NH4,B,0.3891676759454558,silver,0.5147747692715283,0.2418681788523216,1.0,1.0,C43 H90 N1 O4
A15_OE26-1POS_4419,Methanobacteriota,False,,,,,,,,,,,,,
A15_OE21-4-POS_227557,Methanobacteriota,False,,,,,,,,,,,,,
A15_OE21-4-POS_88914,Methanobacteriota,False,,,,,,,,,,,,,
A15_OE26-1POS_14859,Methanobacteriota,False,,,,,,,,,,,,,
A15_OE26-1POS_105689,Methanobacteriota,False,,,,,,,,,,,,,
A15_OE26-1POS_7147,Methanobacteriota,False,,,,,,,,,,,,,
A15_OE21-4-POS_216013,Methanobacteriota,False,,,,,,,,,,,,,
A15_OE26-1POS_61305,Methanobacteriota,False,,,,,,,,,,,,,
A15_OE21-4-POS_205234,Thermoproteota,False,,,,,,,,,,,,,
A15_OE21-4-POS_176045,Methanobacteriota,False,,,,,,,,,,,,,
A15_OE26-1POS_98729,Methanobacteriota,False,,,,,,,,,,,,,
A15_OE26-1POS_12470,Methanobacteriota,False,,,,,,,,,,,,,
A15_OE11-3-POS_99018,Methanobacteriota,False,,,,,,,,,,,,,
A15_OE26-1POS_17903,Methanobacteriota,False,,,,,,,,,,,,,
A15_OE26-1POS_51701,Methanobacteriota,False,,,,,,,,,,,,,
A15_OE26-1POS_97781,Methanobacteriota,False,,,,,,,,,,,,,
A15_OE21-4-POS_133857,Thermoproteota,False,,,,,,,,,,,,,
A15_OE21-4-POS_209288,Methanobacteriota,False,,,,,,,,,,,,,
A15_OE26-1POS_34854,Methanobacteriota,False,,,,,,,,,,,,,
A15_OE11-3-POS_94025,Methanobacteriota,False,,,,,,,,,,,,,
A15_OE21-4-POS_139485,Methanobacteriota,False,,,,,,,,,,,,,
A15_OE21-4-POS_187991,Thermoproteota,False,,,,,,,,,,,,,
A15_OE21-4-POS_224122,Methanobacteriota,False,,,,,,,,,,,,,
A15_OE26-1POS_40414,Methanobacteriota,False,,,,,,,,,,,,,
A15_OE26-1POS_106037,Methanobacteriota,False,,,,,,,,,,,,,
A15_OE21-4-POS_231309,Methanobacteriota,False,,,,,,,,,,,,,
A15_OE21-4-POS_215244,Methanobacteriota,False,,,,,,,,,,,,,
A15_OE26-1POS_98725,Methanobacteriota,False,,,,,,,,,,,,,
A15_OE21-4-POS_83452,Methanobacteriota,False,,,,,,,,,,,,,
A15_OE26-1POS_31155,Methanobacteriota,False,,,,,,,,,,,,,
A15_OE26-1POS_14788,Methanobacteriota,False,,,,,,,,,,,,,
A15_OE26-1POS_40154,Methanobacteriota,False,,,,,,,,,,,,,
A15_OE21-4-POS_87008,Methanobacteriota,False,,,,,,,,,,,,,
A15_OE11-3-POS_109632,Methanobacteriota,False,,,,,,,,,,,,,
A15_OE26-1POS_93432,Methanobacteriota,False,,,,,,,,,,,,,
A15_OE26-1POS_102271,Methanobacteriota,False,,,,,,,,,,,,,
A15_OE26-1POS_105387,Methanobacteriota,False,,,,,,,,,,,,,
A15_OE21-4-POS_187852,Thermoproteota,False,,,,,,,,,,,,,
A15_OE26-1POS_37732,Methanobacteriota,False,,,,,,,,,,,,,
A15_OE26-1POS_104149,Methanobacteriota,False,,,,,,,,,,,,,
A15_OE11-3-POS_96021,Methanobacteriota,False,,,,,,,,,,,,,
A15_OE26-1POS_17070,Methanobacteriota,False,,,,,,,,,,,,,
A15_OE26-1POS_36856,Methanobacteriota,False,,,,,,,,,,,,,
A15_OE11-3-POS_106365,Methanobacteriota,False,,,,,,,,,,,,,
A15_OE11-3-POS_21275,Methanobacteriota,False,,,,,,,,,,,,,
A15_OE26-1POS_91986,Methanobacteriota,False,,,,,,,,,,,,,
A15_OE11-3-POS_97237,Methanobacteriota,False,,,,,,,,,,,,,
A15_OE26-1POS_44428,Methanobacteriota,False,,,,,,,,,,,,,
A15_OE26-1POS_19689,Methanobacteriota,False,,,,,,,,,,,,,
A15_OE11-3-POS_100061,Methanobacteriota,False,,,,,,,,,,,,,
A15_OE26-1POS_34494,Methanobacteriota,False,,,,,,,,,,,,,
A15_OE26-1POS_18700,Methanobacteriota,False,,,,,,,,,,,,,
A15_OE11-3-POS_70707,Methanobacteriota,True,DG(11:0_20:5),DG(11:0_20:5)+NH4,DG,diacyl,M+NH4,C,0.1599632885585608,bronze,3.261754711836834,0.2298200000000001,1.0,1.0,C34 H60 N1 O5
A15_OE21-4-POS_228271,Methanobacteriota,False,,,,,,,,,,,,,
A15_OE26-1POS_90584,Methanobacteriota,False,,,,,,,,,,,,,
A15_OE11-3-POS_95581,Methanobacteriota,False,,,,,,,,,,,,,
A15_OE26-1POS_106461,Methanobacteriota,False,,,,,,,,,,,,,
A15_OE21-4-POS_207894,Methanobacteriota,False,,,,,,,,,,,,,
A15_OE11-3-POS_102175,Methanobacteriota,True,TG(18:2_16:3_18:3),TG(18:2_16:3_18:3)+NH4,TG,triacyl,M+NH4,A,0.691250531250875,silver,1.635893657264761,0.1419320000000006,1.0,1.0,C55 H94 N1 O6
A15_OE21-4-POS_205048,Methanobacteriota,False,,,,,,,,,,,,,
A15_OE11-3-POS_109666,Methanobacteriota,False,,,,,,,,,,,,,
A15_OE21-4-POS_231925,Thermoproteota,False,,,,,,,,,,,,,
A15_OE21-4-POS_208483,Methanobacteriota,False,,,,,,,,,,,,,
A15_OE26-1POS_91610,Methanobacteriota,False,,,,,,,,,,,,,
A15_OE21-4-POS_222216,Methanobacteriota,False,,,,,,,,,,,,,
A15_OE21-4-POS_233441,Methanobacteriota,False,,,,,,,,,,,,,
A15_OE21-4-POS_203470,Methanobacteriota,False,,,,,,,,,,,,,
A15_OE26-1POS_97844,Methanobacteriota,False,,,,,,,,,,,,,
A15_OE26-1POS_39489,Methanobacteriota,False,,,,,,,,,,,,,
A15_OE21-4-POS_218196,Methanobacteriota,False,,,,,,,,,,,,,
A15_OE26-1POS_43770,Methanobacteriota,False,,,,,,,,,,,,,
A15_OE26-1POS_89125,Methanobacteriota,False,,,,,,,,,,,,,
A15_OE26-1POS_22818,Methanobacteriota,True,LPC(O-20:0),LPC(O-20:0)+H,LPC,monoalkyl,M+H,C,0.1316247203077973,bronze,1.822350359719348,0.0484762000000005,1.0,1.0,C28 H61 N1 O6 P1
A15_OE21-4-POS_210099,Methanobacteriota,False,,,,,,,,,,,,,
A15_OE21-4-POS_213335,Methanobacteriota,False,,,,,,,,,,,,,
A15_OE21-4-POS_229238,Thermoproteota,False,,,,,,,,,,,,,
A15_OE11-3-POS_7745,Methanobacteriota,False,,,,,,,,,,,,,
A15_OE26-1POS_110195,Methanobacteriota,False,,,,,,,,,,,,,
A15_OE21-4-POS_205314,Methanobacteriota,False,,,,,,,,,,,,,
A15_OE21-4-POS_205833,Methanobacteriota,False,,,,,,,,,,,,,
A15_OE21-4-POS_210226,Methanobacteriota,False,,,,,,,,,,,,,
A15_OE26-1POS_98130,Methanobacteriota,False,,,,,,,,,,,,,
A15_OE21-4-POS_209226,Methanobacteriota,False,,,,,,,,,,,,,
A15_OE26-1POS_106103,Methanobacteriota,True,PC(38:2),PC(38:2)+H,PC,diacyl,M+H,C,2.5335787341460496,silver,3.30327194204852,0.1901422666666654,5.0,2.0,C46 H89 N1 O8 P1
A15_OE26-1POS_38686,Methanobacteriota,False,,,,,,,,,,,,,
A15_OE21-4-POS_200188,Methanobacteriota,False,,,,,,,,,,,,,
A15_OE26-1POS_39620,Methanobacteriota,True,WE(O-36:8),WE(O-36:8)+NH4,WE,Wax monoesters,M+NH4,C,0.7058587386994924,bronze,4.291961315334604,0.1313152999999998,1.0,1.0,C36 H60 N1 O2
A15_OE11-3-POS_97542,Methanobacteriota,False,,,,,,,,,,,,,
A15_OE26-1POS_103153,Methanobacteriota,False,,,,,,,,,,,,,
A15_OE11-3-POS_97399,Methanobacteriota,False,,,,,,,,,,,,,
A15_OE21-4-POS_220854,Methanobacteriota,False,,,,,,,,,,,,,
A15_OE26-1POS_28369,Methanobacteriota,False,,,,,,,,,,,,,
A15_OE26-1POS_97481,Methanobacteriota,False,,,,,,,,,,,,,
A15_OE26-1POS_95932,Methanobacteriota,False,,,,,,,,,,,,,
A15_OE26-1POS_105947,Methanobacteriota,False,,,,,,,,,,,,,
A15_OE26-1POS_8457,Methanobacteriota,False,,,,,,,,,,,,,
A15_OE26-1POS_101745,Methanobacteriota,False,,,,,,,,,,,,,
A15_OE26-1POS_103675,Methanobacteriota,False,,,,,,,,,,,,,
A15_OE26-1POS_96174,Methanobacteriota,False,,,,,,,,,,,,,
A15_OE26-1POS_106453,Methanobacteriota,False,,,,,,,,,,,,,
A15_OE26-1POS_102409,Methanobacteriota,False,,,,,,,,,,,,,
A15_OE26-1POS_96140,Methanobacteriota,False,,,,,,,,,,,,,
A15_OE21-4-POS_225789,Methanobacteriota,False,,,,,,,,,,,,,
A15_OE26-1POS_101034,Methanobacteriota,False,,,,,,,,,,,,,
A15_OE26-1POS_101215,Methanobacteriota,False,,,,,,,,,,,,,
A15_OE26-1POS_103754,Methanobacteriota,False,,,,,,,,,,,,,
A15_OE21-4-POS_227322,Methanobacteriota,False,,,,,,,,,,,,,
A15_OE26-1POS_104847,Methanobacteriota,False,,,,,,,,,,,,,
A15_OE11-3-POS_99460,Methanobacteriota,False,,,,,,,,,,,,,
A15_OE21-4-POS_216811,Thermoproteota,False,,,,,,,,,,,,,
A15_OE26-1POS_38371,Methanobacteriota,False,,,,,,,,,,,,,
A15_OE26-1POS_4280,Methanobacteriota,False,,,,,,,,,,,,,
A15_OE26-1POS_33225,Methanobacteriota,False,,,,,,,,,,,,,
A15_OE26-1POS_84467,Methanobacteriota,False,,,,,,,,,,,,,
A15_OE21-4-POS_231643,Methanobacteriota,False,,,,,,,,,,,,,
A15_OE21-4-POS_205755,Thermoproteota,False,,,,,,,,,,,,,
A15_OE21-4-POS_223057,Methanobacteriota,False,,,,,,,,,,,,,
A15_OE21-4-POS_211563,Methanobacteriota,False,,,,,,,,,,,,,
A15_OE26-1POS_38593,Methanobacteriota,True,WE(O-36:8),WE(O-36:8)+NH4,WE,Wax monoesters,M+NH4,C,0.7058587386994924,bronze,4.769250026137471,0.1218846999999998,1.0,1.0,C36 H60 N1 O2
A15_OE21-4-POS_219060,Methanobacteriota,False,,,,,,,,,,,,,
A15_OE26-1POS_101747,Methanobacteriota,False,,,,,,,,,,,,,
A15_OE11-3-POS_93563,Methanobacteriota,False,,,,,,,,,,,,,
A15_OE11-3-POS_21185,Methanobacteriota,False,,,,,,,,,,,,,
A15_OE26-1POS_40159,Methanobacteriota,False,,,,,,,,,,,,,
A15_OE21-4-POS_227841,Thermoproteota,False,,,,,,,,,,,,,
A15_OE11-3-POS_97700,Methanobacteriota,False,,,,,,,,,,,,,
A15_OE11-3-POS_105105,Methanobacteriota,False,,,,,,,,,,,,,
A15_OE11-3-POS_98823,Methanobacteriota,False,,,,,,,,,,,,,
A15_OE11-3-POS_100429,Methanobacteriota,False,,,,,,,,,,,,,
A15_OE26-1POS_82432,Methanobacteriota,False,,,,,,,,,,,,,
A15_OE26-1POS_99886,Methanobacteriota,False,,,,,,,,,,,,,
A15_OE21-4-POS_204800,Methanobacteriota,False,,,,,,,,,,,,,
A15_OE26-1POS_97429,Methanobacteriota,False,,,,,,,,,,,,,
A15_OE26-1POS_104832,Methanobacteriota,False,,,,,,,,,,,,,
A15_OE26-1POS_106590,Methanobacteriota,False,,,,,,,,,,,,,
A15_OE26-1POS_88066,Methanobacteriota,False,,,,,,,,,,,,,
A15_OE21-4-POS_213960,Methanobacteriota,False,,,,,,,,,,,,,
A15_OE21-4-POS_8490,Methanobacteriota,False,,,,,,,,,,,,,
A15_OE26-1POS_92758,Methanobacteriota,False,,,,,,,,,,,,,
A15_OE26-1POS_106472,Methanobacteriota,False,,,,,,,,,,,,,
A15_OE21-4-POS_232461,Thermoproteota,False,,,,,,,,,,,,,
A15_OE26-1POS_37994,Methanobacteriota,False,,,,,,,,,,,,,
A15_OE21-4-POS_192213,Methanobacteriota,False,,,,,,,,,,,,,
A15_OE26-1POS_17988,Methanobacteriota,False,,,,,,,,,,,,,
A15_OE26-1POS_106364,Methanobacteriota,False,,,,,,,,,,,,,
A15_OE26-1POS_39304,Methanobacteriota,False,,,,,,,,,,,,,
A15_OE26-1POS_46187,Methanobacteriota,False,,,,,,,,,,,,,
A15_OE26-1POS_52584,Methanobacteriota,False,,,,,,,,,,,,,
A15_OE11-3-POS_104494,Methanobacteriota,False,,,,,,,,,,,,,
A15_OE21-4-POS_220649,Methanobacteriota,False,,,,,,,,,,,,,
A15_OE26-1POS_106473,Methanobacteriota,False,,,,,,,,,,,,,
A15_OE26-1POS_90670,Methanobacteriota,False,,,,,,,,,,,,,
A15_OE26-1POS_34975,Methanobacteriota,False,,,,,,,,,,,,,
A15_OE26-1POS_76968,Methanobacteriota,False,,,,,,,,,,,,,
A15_OE26-1POS_103781,Methanobacteriota,False,,,,,,,,,,,,,
A15_OE26-1POS_105903,Methanobacteriota,False,,,,,,,,,,,,,
A15_OE21-4-POS_189924,Thermoproteota,False,,,,,,,,,,,,,
A15_OE26-1POS_2459,Methanobacteriota,False,,,,,,,,,,,,,
A15_OE21-4-POS_193244,Thermoproteota,False,,,,,,,,,,,,,
A15_OE21-4-POS_109460,Methanobacteriota,False,,,,,,,,,,,,,
A15_OE21-4-POS_214253,Thermoproteota,False,,,,,,,,,,,,,
A15_OE21-4-POS_218855,Methanobacteriota,False,,,,,,,,,,,,,
A15_OE21-4-POS_214698,Thermoproteota,False,,,,,,,,,,,,,
A15_OE26-1POS_101361,Methanobacteriota,False,,,,,,,,,,,,,
A15_OE11-3-POS_69553,Methanobacteriota,False,,,,,,,,,,,,,
A15_OE21-4-POS_228368,Methanobacteriota,False,,,,,,,,,,,,,
A15_OE26-1POS_102193,Methanobacteriota,False,,,,,,,,,,,,,
A15_OE21-4-POS_196277,Methanobacteriota,False,,,,,,,,,,,,,
A15_OE26-1POS_99804,Methanobacteriota,False,,,,,,,,,,,,,
A15_OE26-1POS_46907,Methanobacteriota,False,,,,,,,,,,,,,
A15_OE21-4-POS_216215,Thermoproteota,False,,,,,,,,,,,,,
A15_OE21-4-POS_130982,Thermoproteota,False,,,,,,,,,,,,,
A15_OE26-1POS_38624,Methanobacteriota,False,,,,,,,,,,,,,
A15_OE21-4-POS_213959,Methanobacteriota,False,,,,,,,,,,,,,
A15_OE26-1POS_8209,Methanobacteriota,False,,,,,,,,,,,,,
A15_OE26-1POS_105889,Methanobacteriota,False,,,,,,,,,,,,,
A15_OE21-4-POS_109646,Methanobacteriota,False,,,,,,,,,,,,,
A15_OE26-1POS_105557,Methanobacteriota,False,,,,,,,,,,,,,
A15_OE11-3-POS_95247,Methanobacteriota,False,,,,,,,,,,,,,
A15_OE26-1POS_24013,Methanobacteriota,False,,,,,,,,,,,,,
A15_OE26-1POS_106429,Methanobacteriota,False,,,,,,,,,,,,,
A15_OE21-4-POS_231621,Methanobacteriota,False,,,,,,,,,,,,,
A15_OE26-1POS_94365,Methanobacteriota,False,,,,,,,,,,,,,
A15_OE21-4-POS_208482,Thermoproteota,False,,,,,,,,,,,,,
A15_OE26-1POS_6243,Methanobacteriota,False,,,,,,,,,,,,,
A15_OE21-4-POS_166675,Thermoproteota,False,,,,,,,,,,,,,
A15_OE26-1POS_104209,Methanobacteriota,False,,,,,,,,,,,,,
A15_OE26-1POS_109221,Methanobacteriota,False,,,,,,,,,,,,,
A15_OE26-1POS_101899,Methanobacteriota,False,,,,,,,,,,,,,
A15_OE26-1POS_106471,Methanobacteriota,False,,,,,,,,,,,,,
A15_OE26-1POS_19818,Methanobacteriota,False,,,,,,,,,,,,,
A15_OE26-1POS_20615,Methanobacteriota,False,,,,,,,,,,,,,
A15_OE26-1POS_101837,Methanobacteriota,False,,,,,,,,,,,,,
A15_OE26-1POS_107907,Methanobacteriota,False,,,,,,,,,,,,,
A15_OE26-1POS_105905,Methanobacteriota,False,,,,,,,,,,,,,
A15_OE26-1POS_109240,Methanobacteriota,False,,,,,,,,,,,,,
A15_OE26-1POS_104210,Methanobacteriota,False,,,,,,,,,,,,,
A15_OE11-3-POS_35957,Methanobacteriota,False,,,,,,,,,,,,,
A15_OE11-3-POS_98008,Methanobacteriota,False,,,,,,,,,,,,,
A15_OE21-4-POS_209495,Methanobacteriota,False,,,,,,,,,,,,,
A15_OE21-4-POS_194370,Methanobacteriota,False,,,,,,,,,,,,,
A15_OE26-1POS_80403,Methanobacteriota,False,,,,,,,,,,,,,
A15_OE21-4-POS_223979,Methanobacteriota,False,,,,,,,,,,,,,
A15_OE26-1POS_100275,Methanobacteriota,False,,,,,,,,,,,,,
A15_OE11-3-POS_36720,Methanobacteriota,False,,,,,,,,,,,,,
A15_OE26-1POS_82844,Methanobacteriota,False,,,,,,,,,,,,,
A15_OE26-1POS_105723,Methanobacteriota,False,,,,,,,,,,,,,
A15_OE26-1POS_46498,Methanobacteriota,False,,,,,,,,,,,,,
A15_OE26-1POS_54739,Methanobacteriota,False,,,,,,,,,,,,,
A15_OE21-4-POS_55147,Methanobacteriota,False,,,,,,,,,,,,,
A15_OE21-4-POS_224946,Methanobacteriota,False,,,,,,,,,,,,,
A15_OE11-3-POS_102216,Methanobacteriota,False,,,,,,,,,,,,,
A15_OE26-1POS_15498,Methanobacteriota,False,,,,,,,,,,,,,
A15_OE21-4-POS_67523,Methanobacteriota,False,,,,,,,,,,,,,
A15_OE26-1POS_103791,Methanobacteriota,False,,,,,,,,,,,,,
A15_OE26-1POS_107865,Methanobacteriota,False,,,,,,,,,,,,,
A15_OE26-1POS_103580,Methanobacteriota,False,,,,,,,,,,,,,
A15_OE26-1POS_39927,Methanobacteriota,False,,,,,,,,,,,,,
A15_OE26-1POS_37989,Methanobacteriota,True,MePC(35:7),MePC(35:7)+H,MePC,diacyl,M+H,C,0.0178346551729814,bronze,0.7568496955239719,0.2779227086381972,1.0,1.0,C44 H76 N1 O8 P1
A15_OE26-1POS_70678,Methanobacteriota,False,,,,,,,,,,,,,
A15_OE26-1POS_106441,Methanobacteriota,False,,,,,,,,,,,,,
A15_OE26-1POS_106870,Methanobacteriota,False,,,,,,,,,,,,,
A15_OE11-3-POS_96662,Methanobacteriota,False,,,,,,,,,,,,,
A15_OE21-4-POS_86411,Methanobacteriota,False,,,,,,,,,,,,,
A15_OE11-3-POS_100821,Methanobacteriota,False,,,,,,,,,,,,,
A15_OE11-3-POS_99329,Methanobacteriota,False,,,,,,,,,,,,,
A15_OE11-3-POS_97400,Methanobacteriota,False,,,,,,,,,,,,,
A15_OE21-4-POS_205925,Thermoproteota,True,PA(O-20:0_22:0),PA(O-20:0_22:0)+NH4,PA,alkyl-acyl,M+NH4,C,0.0793345986609532,bronze,2.1402576795897508,0.2905000000000015,1.0,1.0,C45 H95 N1 O7 P1
A15_OE26-1POS_29050,Methanobacteriota,False,,,,,,,,,,,,,
A15_OE26-1POS_25144,Methanobacteriota,False,,,,,,,,,,,,,
A15_OE26-1POS_99888,Methanobacteriota,False,,,,,,,,,,,,,
A15_OE26-1POS_29671,Methanobacteriota,False,,,,,,,,,,,,,
A15_OE26-1POS_28313,Methanobacteriota,False,,,,,,,,,,,,,
A15_OE11-3-POS_95734,Methanobacteriota,False,,,,,,,,,,,,,
A15_OE26-1POS_103641,Methanobacteriota,False,,,,,,,,,,,,,
A15_OE11-3-POS_99455,Methanobacteriota,False,,,,,,,,,,,,,
A15_OE26-1POS_16050,Methanobacteriota,False,,,,,,,,,,,,,
A15_OE21-4-POS_220537,Methanobacteriota,False,,,,,,,,,,,,,
A15_OE26-1POS_103619,Methanobacteriota,False,,,,,,,,,,,,,
A15_OE11-3-POS_104392,Methanobacteriota,False,,,,,,,,,,,,,
A15_OE11-3-POS_97396,Methanobacteriota,False,,,,,,,,,,,,,
A15_OE21-4-POS_224845,Methanobacteriota,False,,,,,,,,,,,,,
A15_OE26-1POS_28355,Methanobacteriota,False,,,,,,,,,,,,,
A15_OE21-4-POS_224846,Methanobacteriota,False,,,,,,,,,,,,,
A15_OE21-4-POS_223270,Methanobacteriota,False,,,,,,,,,,,,,
A15_OE11-3-POS_100247,Methanobacteriota,False,,,,,,,,,,,,,
A15_OE21-4-POS_214504,Methanobacteriota,False,,,,,,,,,,,,,
A15_OE11-3-POS_89625,Methanobacteriota,False,,,,,,,,,,,,,
A15_OE21-4-POS_155657,Thermoproteota,True,WE(O-20:3_23:4),WE(O-20:3_23:4)+NH4,WE,Wax monoesters,M+NH4,C,0.3588821979255803,silver,4.173580898543942,0.0798451963226032,2.0,1.0,C43 H76 N1 O2
A15_OE26-1POS_31897,Methanobacteriota,False,,,,,,,,,,,,,
A15_OE21-4-POS_214251,Methanobacteriota,False,,,,,,,,,,,,,
A15_OE11-3-POS_95569,Methanobacteriota,False,,,,,,,,,,,,,
A15_OE21-4-POS_187377,Thermoproteota,False,,,,,,,,,,,,,
A15_OE26-1POS_99759,Methanobacteriota,False,,,,,,,,,,,,,
A15_OE26-1POS_102657,Methanobacteriota,False,,,,,,,,,,,,,
A15_OE26-1POS_20262,Methanobacteriota,False,,,,,,,,,,,,,
A15_OE21-4-POS_219858,Thermoproteota,False,,,,,,,,,,,,,
A15_OE26-1POS_95269,Methanobacteriota,False,,,,,,,,,,,,,
A15_OE21-4-POS_135022,Thermoproteota,False,,,,,,,,,,,,,
A15_OE21-4-POS_231703,Methanobacteriota,False,,,,,,,,,,,,,
A15_OE21-4-POS_229253,Methanobacteriota,False,,,,,,,,,,,,,
A15_OE26-1POS_9171,Methanobacteriota,False,,,,,,,,,,,,,
A15_OE26-1POS_16284,Methanobacteriota,False,,,,,,,,,,,,,
A15_OE21-4-POS_73157,Methanobacteriota,False,,,,,,,,,,,,,
A15_OE26-1POS_103377,Methanobacteriota,False,,,,,,,,,,,,,
A15_OE26-1POS_40565,Methanobacteriota,False,,,,,,,,,,,,,
A15_OE21-4-POS_196076,Methanobacteriota,False,,,,,,,,,,,,,
A15_OE26-1POS_13232,Methanobacteriota,False,,,,,,,,,,,,,
A15_OE21-4-POS_81874,Methanobacteriota,False,,,,,,,,,,,,,
A15_OE26-1POS_102702,Methanobacteriota,False,,,,,,,,,,,,,
A15_OE21-4-POS_74549,Methanobacteriota,False,,,,,,,,,,,,,
A15_OE21-4-POS_225638,Thermoproteota,False,,,,,,,,,,,,,
A15_OE21-4-POS_198599,Methanobacteriota,False,,,,,,,,,,,,,
A15_OE26-1POS_103637,Methanobacteriota,False,,,,,,,,,,,,,
A15_OE21-4-POS_210022,Methanobacteriota,False,,,,,,,,,,,,,
A15_OE11-3-POS_69552,Methanobacteriota,False,,,,,,,,,,,,,
A15_OE26-1POS_31263,Methanobacteriota,False,,,,,,,,,,,,,
A15_OE21-4-POS_212777,Methanobacteriota,False,,,,,,,,,,,,,
A15_OE26-1POS_40510,Methanobacteriota,False,,,,,,,,,,,,,
A15_OE21-4-POS_211209,Methanobacteriota,False,,,,,,,,,,,,,
A15_OE21-4-POS_204651,Methanobacteriota,True,DG(27:7_23:3),DG(27:7_23:3)+NH4,DG,diacyl,M+NH4,C,0.1302407790360986,bronze,2.664453117372211,0.0905034327179663,1.0,1.0,C53 H88 N1 O5
A15_OE21-4-POS_188086,Thermoproteota,False,,,,,,,,,,,,,
A15_OE21-4-POS_179452,Methanobacteriota,True,TG(16:3_16:3_18:3),TG(16:3_16:3_18:3)+NH4,TG,triacyl,M+NH4,A,0.5458258554229797,gold,3.7750633704825134,0.2671855000000001,2.0,1.0,C53 H88 N1 O6
A15_OE21-4-POS_205872,Methanobacteriota,False,,,,,,,,,,,,,
A15_OE11-3-POS_95573,Methanobacteriota,False,,,,,,,,,,,,,
A15_OE21-4-POS_199839,Methanobacteriota,False,,,,,,,,,,,,,
A15_OE26-1POS_23691,Methanobacteriota,False,,,,,,,,,,,,,
A15_OE21-4-POS_209665,Thermoproteota,False,,,,,,,,,,,,,
A15_OE26-1POS_101042,Methanobacteriota,False,,,,,,,,,,,,,
A15_OE21-4-POS_197377,Methanobacteriota,False,,,,,,,,,,,,,
A15_OE21-4-POS_211211,Thermoproteota,False,,,,,,,,,,,,,
A15_OE26-1POS_21521,Methanobacteriota,False,,,,,,,,,,,,,
A15_OE11-3-POS_97397,Methanobacteriota,False,,,,,,,,,,,,,
A15_OE11-3-POS_95566,Methanobacteriota,False,,,,,,,,,,,,,
A15_OE11-3-POS_65390,Methanobacteriota,False,,,,,,,,,,,,,
A15_OE11-3-POS_66332,Methanobacteriota,False,,,,,,,,,,,,,
A15_OE11-3-POS_94835,Methanobacteriota,False,,,,,,,,,,,,,
A15_OE26-1POS_45768,Methanobacteriota,False,,,,,,,,,,,,,
A15_OE21-4-POS_139491,Methanobacteriota,False,,,,,,,,,,,,,
A15_OE26-1POS_26775,Methanobacteriota,False,,,,,,,,,,,,,
A15_OE21-4-POS_198734,Methanobacteriota,False,,,,,,,,,,,,,
A15_OE21-4-POS_201126,Methanobacteriota,False,,,,,,,,,,,,,
A15_OE11-3-POS_65896,Methanobacteriota,False,,,,,,,,,,,,,
A15_OE21-4-POS_202776,Methanobacteriota,False,,,,,,,,,,,,,
A15_OE21-4-POS_203076,Methanobacteriota,False,,,,,,,,,,,,,
A15_OE21-4-POS_157583,Methanobacteriota,True,WE(O-20:3_23:4),WE(O-20:3_23:4)+NH4,WE,Wax monoesters,M+NH4,C,0.3588821979255803,silver,3.110287515608525,0.104154803677396,2.0,1.0,C43 H76 N1 O2
A15_OE11-3-POS_97233,Methanobacteriota,False,,,,,,,,,,,,,
A15_OE26-1POS_102718,Methanobacteriota,False,,,,,,,,,,,,,
A15_OE26-1POS_32375,Methanobacteriota,False,,,,,,,,,,,,,
A15_OE21-4-POS_207439,Thermoproteota,False,,,,,,,,,,,,,
A15_OE11-3-POS_85262,Methanobacteriota,False,,,,,,,,,,,,,
A15_OE21-4-POS_200560,Methanobacteriota,False,,,,,,,,,,,,,
A15_OE21-4-POS_224973,Methanobacteriota,False,,,,,,,,,,,,,
A15_OE21-4-POS_215071,Methanobacteriota,False,,,,,,,,,,,,,
A15_OE26-1POS_87567,Methanobacteriota,False,,,,,,,,,,,,,
A15_OE11-3-POS_100606,Methanobacteriota,False,,,,,,,,,,,,,
A15_OE21-4-POS_224701,Thermoproteota,False,,,,,,,,,,,,,
A15_OE21-4-POS_45134,Methanobacteriota,False,,,,,,,,,,,,,
A15_OE11-3-POS_98180,Methanobacteriota,False,,,,,,,,,,,,,
A15_OE21-4-POS_224826,Methanobacteriota,False,,,,,,,,,,,,,
A15_OE21-4-POS_187004,Thermoproteota,False,,,,,,,,,,,,,
A15_OE26-1POS_22413,Methanobacteriota,False,,,,,,,,,,,,,
A15_OE21-4-POS_75093,Methanobacteriota,False,,,,,,,,,,,,,
A15_OE21-4-POS_183705,Methanobacteriota,True,DG(27:7_23:4),DG(27:7_23:4)+NH4,DG,diacyl,M+NH4,C,0.21485577701745,bronze,1.2956386587987037,0.1661600000000014,1.0,1.0,C53 H86 N1 O5
A15_OE26-1POS_1159,Methanobacteriota,False,,,,,,,,,,,,,
A15_OE21-4-POS_211386,Methanobacteriota,False,,,,,,,,,,,,,
A15_OE26-1POS_106411,Methanobacteriota,False,,,,,,,,,,,,,
A15_OE26-1POS_43445,Methanobacteriota,False,,,,,,,,,,,,,
A15_OE21-4-POS_220996,Methanobacteriota,False,,,,,,,,,,,,,
A15_OE21-4-POS_218866,Methanobacteriota,False,,,,,,,,,,,,,
A15_OE21-4-POS_209359,Thermoproteota,False,,,,,,,,,,,,,
A15_OE21-4-POS_228320,Methanobacteriota,False,,,,,,,,,,,,,
A15_OE11-3-POS_56856,Methanobacteriota,False,,,,,,,,,,,,,
A15_OE26-1POS_25398,Methanobacteriota,False,,,,,,,,,,,,,
A15_OE11-3-POS_35800,Methanobacteriota,False,,,,,,,,,,,,,
A15_OE11-3-POS_34984,Methanobacteriota,False,,,,,,,,,,,,,
A15_OE21-4-POS_166467,Methanobacteriota,False,,,,,,,,,,,,,
A15_OE21-4-POS_223969,Thermoproteota,False,,,,,,,,,,,,,
A15_OE11-3-POS_94356,Methanobacteriota,False,,,,,,,,,,,,,
A15_OE21-4-POS_178333,Thermoproteota,False,,,,,,,,,,,,,
A15_OE21-4-POS_157081,Thermoproteota,False,,,,,,,,,,,,,
A15_OE21-4-POS_198735,Methanobacteriota,False,,,,,,,,,,,,,
A15_OE21-4-POS_84972,Methanobacteriota,False,,,,,,,,,,,,,
A15_OE26-1POS_48386,Methanobacteriota,False,,,,,,,,,,,,,
A15_OE21-4-POS_170365,Thermoproteota,False,,,,,,,,,,,,,
A15_OE11-3-POS_94545,Methanobacteriota,False,,,,,,,,,,,,,
A15_OE21-4-POS_220605,Thermoproteota,False,,,,,,,,,,,,,
A15_OE26-1POS_104218,Methanobacteriota,False,,,,,,,,,,,,,
A15_OE21-4-POS_198600,Methanobacteriota,False,,,,,,,,,,,,,
A15_OE26-1POS_49196,Methanobacteriota,False,,,,,,,,,,,,,
A15_OE26-1POS_55123,Methanobacteriota,False,,,,,,,,,,,,,
A15_OE11-3-POS_14913,Methanobacteriota,False,,,,,,,,,,,,,
A15_OE21-4-POS_209530,Thermoproteota,False,,,,,,,,,,,,,
A15_OE26-1POS_100588,Methanobacteriota,False,,,,,,,,,,,,,
A15_OE21-4-POS_196667,Methanobacteriota,False,,,,,,,,,,,,,
A15_OE11-3-POS_97698,Methanobacteriota,False,,,,,,,,,,,,,
A15_OE26-1POS_102695,Methanobacteriota,False,,,,,,,,,,,,,
A15_OE21-4-POS_193510,Methanobacteriota,False,,,,,,,,,,,,,
A15_OE26-1POS_87525,Methanobacteriota,False,,,,,,,,,,,,,
A15_OE26-1POS_48831,Methanobacteriota,False,,,,,,,,,,,,,
A15_OE21-4-POS_208616,Methanobacteriota,True,Cer(d20:1_24:1),Cer(d20:1_24:1)+H-H2O,Cer,acylceramides,M+H-H2O,C,0.0192504266609227,bronze,0.3311787014189293,0.1642547386812403,1.0,1.0,C44 H82 N1 O3
A15_OE26-1POS_38665,Methanobacteriota,False,,,,,,,,,,,,,
A15_OE21-4-POS_223970,Thermoproteota,False,,,,,,,,,,,,,
A15_OE21-4-POS_195531,Thermoproteota,False,,,,,,,,,,,,,
A15_OE21-4-POS_86709,Methanobacteriota,False,,,,,,,,,,,,,
A15_OE21-4-POS_209689,Thermoproteota,False,,,,,,,,,,,,,
A15_OE21-4-POS_191389,Methanobacteriota,True,TG(27:7_18:3_18:3),TG(27:7_18:3_18:3)+Na,TG,triacyl,M+Na,C,0.7373670958949288,bronze,3.792214461458799,0.1458519999999978,1.0,1.0,C66 H102 Na1 O6
A15_OE11-3-POS_88675,Methanobacteriota,False,,,,,,,,,,,,,
A15_OE21-4-POS_206997,Methanobacteriota,True,Cer(d20:1_24:1),Cer(d20:1_24:1)+H-H2O,Cer,acylceramides,M+H-H2O,C,0.0192504266609227,bronze,0.5229637081984116,0.0348547386812398,1.0,1.0,C44 H82 N1 O3
A15_OE26-1POS_25961,Methanobacteriota,False,,,,,,,,,,,,,
A15_OE21-4-POS_208685,Methanobacteriota,False,,,,,,,,,,,,,
A15_OE21-4-POS_204614,Thermoproteota,False,,,,,,,,,,,,,
A15_OE11-3-POS_32652,Methanobacteriota,False,,,,,,,,,,,,,
A15_OE21-4-POS_223890,Methanobacteriota,False,,,,,,,,,,,,,
A15_OE21-4-POS_184613,Methanobacteriota,False,,,,,,,,,,,,,
A15_OE11-3-POS_70872,Methanobacteriota,False,,,,,,,,,,,,,
A15_OE26-1POS_95736,Methanobacteriota,False,,,,,,,,,,,,,
A15_OE21-4-POS_73912,Methanobacteriota,False,,,,,,,,,,,,,
A15_OE21-4-POS_169076,Methanobacteriota,False,,,,,,,,,,,,,
A15_OE21-4-POS_224879,Thermoproteota,False,,,,,,,,,,,,,
A15_OE26-1POS_20106,Methanobacteriota,False,,,,,,,,,,,,,
A15_OE21-4-POS_194705,Methanobacteriota,False,,,,,,,,,,,,,
A15_OE26-1POS_27556,Methanobacteriota,False,,,,,,,,,,,,,
A15_OE21-4-POS_44645,Methanobacteriota,False,,,,,,,,,,,,,
A15_OE26-1POS_25454,Methanobacteriota,False,,,,,,,,,,,,,
A15_OE21-4-POS_212857,Methanobacteriota,False,,,,,,,,,,,,,
A15_OE21-4-POS_222705,Methanobacteriota,False,,,,,,,,,,,,,
A15_OE21-4-POS_227279,Thermoproteota,False,,,,,,,,,,,,,
A15_OE21-4-POS_228318,Methanobacteriota,False,,,,,,,,,,,,,
A15_OE26-1POS_44569,Methanobacteriota,False,,,,,,,,,,,,,
A15_OE21-4-POS_208754,Thermoproteota,False,,,,,,,,,,,,,
A15_OE11-3-POS_100430,Methanobacteriota,False,,,,,,,,,,,,,
A15_OE11-3-POS_75358,Methanobacteriota,False,,,,,,,,,,,,,
A15_OE21-4-POS_226405,Thermoproteota,False,,,,,,,,,,,,,
A15_OE26-1POS_11214,Methanobacteriota,False,,,,,,,,,,,,,
A15_OE21-4-POS_197310,Methanobacteriota,False,,,,,,,,,,,,,
A15_OE11-3-POS_94200,Methanobacteriota,False,,,,,,,,,,,,,
A15_OE26-1POS_8970,Methanobacteriota,False,,,,,,,,,,,,,
A15_OE11-3-POS_105256,Methanobacteriota,False,,,,,,,,,,,,,
A15_OE11-3-POS_91466,Methanobacteriota,False,,,,,,,,,,,,,
A15_OE11-3-POS_87142,Methanobacteriota,False,,,,,,,,,,,,,
A15_OE11-3-POS_62895,Methanobacteriota,False,,,,,,,,,,,,,
A15_OE21-4-POS_206416,Methanobacteriota,False,,,,,,,,,,,,,
A15_OE21-4-POS_206085,Methanobacteriota,False,,,,,,,,,,,,,
A15_OE21-4-POS_215496,Thermoproteota,True,TG(44:7_15:1)+OO:(s),TG(44:7_15:1)+Na+OO:(s),TG,triacyl,M+Na,C,0.0391396534634623,bronze,0.1618333046545427,0.0543678159085914,1.0,1.0,C62 H104 Na1 O8
A15_OE26-1POS_16470,Methanobacteriota,False,,,,,,,,,,,,,
A15_OE26-1POS_27188,Methanobacteriota,False,,,,,,,,,,,,,
A15_OE11-3-POS_95080,Methanobacteriota,False,,,,,,,,,,,,,
A15_OE26-1POS_17285,Methanobacteriota,False,,,,,,,,,,,,,
A15_OE11-3-POS_78611,Methanobacteriota,False,,,,,,,,,,,,,
A15_OE21-4-POS_200805,Methanobacteriota,False,,,,,,,,,,,,,
A15_OE21-4-POS_183938,Methanobacteriota,False,,,,,,,,,,,,,
A15_OE11-3-POS_35658,Methanobacteriota,False,,,,,,,,,,,,,
A15_OE21-4-POS_222141,Methanobacteriota,False,,,,,,,,,,,,,
A15_OE11-3-POS_84629,Methanobacteriota,False,,,,,,,,,,,,,
A15_OE21-4-POS_200804,Methanobacteriota,False,,,,,,,,,,,,,
A15_OE21-4-POS_229997,Thermoproteota,False,,,,,,,,,,,,,
A15_OE21-4-POS_195922,Methanobacteriota,False,,,,,,,,,,,,,
A15_OE21-4-POS_184257,Methanobacteriota,True,TG(16:3_16:3_18:3),TG(16:3_16:3_18:3)+NH4,TG,triacyl,M+NH4,A,0.5458258554229797,gold,4.235134948944416,0.1194144999999977,2.0,1.0,C53 H88 N1 O6
A15_OE11-3-POS_92844,Methanobacteriota,True,PG(O-43:1),PG(O-43:1)+Na,PG,alkyl-acyl,M+Na,C,0.0235755751337458,bronze,2.728192412261729,0.2104420000000004,1.0,1.0,C49 H97 Na1 O9 P1
A15_OE26-1POS_22238,Methanobacteriota,False,,,,,,,,,,,,,
A15_OE11-3-POS_94883,Methanobacteriota,False,,,,,,,,,,,,,
A15_OE21-4-POS_223815,Methanobacteriota,False,,,,,,,,,,,,,
A15_OE21-4-POS_214695,Thermoproteota,False,,,,,,,,,,,,,
A15_OE21-4-POS_195113,Thermoproteota,False,,,,,,,,,,,,,
A15_OE21-4-POS_225541,Thermoproteota,False,,,,,,,,,,,,,
A15_OE21-4-POS_205559,Methanobacteriota,False,,,,,,,,,,,,,
A15_OE26-1POS_102793,Methanobacteriota,False,,,,,,,,,,,,,
A15_OE26-1POS_6238,Methanobacteriota,False,,,,,,,,,,,,,
A15_OE11-3-POS_94353,Methanobacteriota,False,,,,,,,,,,,,,
A15_OE21-4-POS_82537,Methanobacteriota,False,,,,,,,,,,,,,
A15_OE26-1POS_13503,Methanobacteriota,False,,,,,,,,,,,,,
A15_OE21-4-POS_215256,Thermoproteota,False,,,,,,,,,,,,,
A15_OE26-1POS_26761,Methanobacteriota,False,,,,,,,,,,,,,
A15_OE11-3-POS_14211,Methanobacteriota,False,,,,,,,,,,,,,
A15_OE21-4-POS_223991,Methanobacteriota,False,,,,,,,,,,,,,
A15_OE21-4-POS_219781,Methanobacteriota,False,,,,,,,,,,,,,
A15_OE26-1POS_25338,Methanobacteriota,False,,,,,,,,,,,,,
A15_OE26-1POS_94405,Methanobacteriota,True,TG(46:5)+OO:(s),TG(46:5)+NH4+OO:(s),TG,triacyl,M+NH4,C,0.1621389480976998,bronze,2.457376480322896,0.1169539999999997,1.0,1.0,C49 H88 N1 O8
A15_OE21-4-POS_205679,Methanobacteriota,False,,,,,,,,,,,,,
A15_OE21-4-POS_186420,Thermoproteota,False,,,,,,,,,,,,,
A15_OE21-4-POS_198798,Thermoproteota,False,,,,,,,,,,,,,
A15_OE11-3-POS_28497,Methanobacteriota,False,,,,,,,,,,,,,
A15_OE21-4-POS_232951,Thermoproteota,False,,,,,,,,,,,,,
A15_OE21-4-POS_179120,Thermoproteota,False,,,,,,,,,,,,,
A15_OE11-3-POS_102949,Methanobacteriota,False,,,,,,,,,,,,,
A15_OE11-3-POS_100825,Methanobacteriota,False,,,,,,,,,,,,,
A15_OE26-1POS_92594,Methanobacteriota,True,TG(17:2_29:3)+OO:(s),TG(17:2_29:3)+NH4+OO:(s),TG,triacyl,M+NH4,C,0.0894917435980339,bronze,1.4454255196242027,0.1649730912863063,1.0,1.0,C49 H88 N1 O8
A15_OE21-4-POS_198737,Methanobacteriota,False,,,,,,,,,,,,,
A15_OE21-4-POS_231645,Thermoproteota,False,,,,,,,,,,,,,
A15_OE21-4-POS_203528,Thermoproteota,False,,,,,,,,,,,,,
A15_OE21-4-POS_201033,Thermoproteota,False,,,,,,,,,,,,,
A15_OE11-3-POS_18392,Methanobacteriota,False,,,,,,,,,,,,,
A15_OE21-4-POS_217784,Methanobacteriota,False,,,,,,,,,,,,,
A15_OE21-4-POS_227505,Methanobacteriota,False,,,,,,,,,,,,,
A15_OE21-4-POS_195923,Methanobacteriota,False,,,,,,,,,,,,,
A15_OE21-4-POS_229880,Thermoproteota,False,,,,,,,,,,,,,
A15_OE21-4-POS_224555,Thermoproteota,False,,,,,,,,,,,,,
A15_OE26-1POS_103665,Methanobacteriota,False,,,,,,,,,,,,,
A15_OE26-1POS_105988,Methanobacteriota,False,,,,,,,,,,,,,
A15_OE21-4-POS_209213,Thermoproteota,False,,,,,,,,,,,,,
A15_OE21-4-POS_186509,Methanobacteriota,False,,,,,,,,,,,,,
A15_OE26-1POS_100738,Methanobacteriota,False,,,,,,,,,,,,,
A15_OE21-4-POS_162662,Methanobacteriota,False,,,,,,,,,,,,,
A15_OE11-3-POS_98182,Methanobacteriota,False,,,,,,,,,,,,,
A15_OE21-4-POS_203834,Methanobacteriota,False,,,,,,,,,,,,,
A15_OE26-1POS_5146,Methanobacteriota,False,,,,,,,,,,,,,
A15_OE21-4-POS_148424,Methanobacteriota,False,,,,,,,,,,,,,
A15_OE21-4-POS_217305,Methanobacteriota,False,,,,,,,,,,,,,
A15_OE21-4-POS_153454,Thermoproteota,False,,,,,,,,,,,,,
A15_OE21-4-POS_72766,Methanobacteriota,False,,,,,,,,,,,,,
A15_OE21-4-POS_191390,Thermoproteota,False,,,,,,,,,,,,,
A15_OE26-1POS_12816,Methanobacteriota,False,,,,,,,,,,,,,
A15_OE21-4-POS_219728,Thermoproteota,False,,,,,,,,,,,,,
A15_OE21-4-POS_86912,Methanobacteriota,False,,,,,,,,,,,,,
A15_OE21-4-POS_231662,Thermoproteota,False,,,,,,,,,,,,,
A15_OE11-3-POS_53943,Methanobacteriota,False,,,,,,,,,,,,,
A15_OE21-4-POS_93947,Methanobacteriota,False,,,,,,,,,,,,,
A15_OE11-3-POS_100246,Methanobacteriota,False,,,,,,,,,,,,,
A15_OE11-3-POS_91093,Methanobacteriota,False,,,,,,,,,,,,,
A15_OE21-4-POS_208279,Methanobacteriota,False,,,,,,,,,,,,,
A15_OE26-1POS_100914,Methanobacteriota,False,,,,,,,,,,,,,
A15_OE21-4-POS_202215,Methanobacteriota,False,,,,,,,,,,,,,
A15_OE21-4-POS_217433,Methanobacteriota,False,,,,,,,,,,,,,
A15_OE26-1POS_101784,Methanobacteriota,False,,,,,,,,,,,,,
A15_OE21-4-POS_209144,Methanobacteriota,False,,,,,,,,,,,,,
A15_OE21-4-POS_220575,Methanobacteriota,False,,,,,,,,,,,,,
A15_OE21-4-POS_175981,Thermoproteota,False,,,,,,,,,,,,,
A15_OE26-1POS_91619,Methanobacteriota,False,,,,,,,,,,,,,
A15_OE21-4-POS_223670,Methanobacteriota,False,,,,,,,,,,,,,
A15_OE26-1POS_102743,Methanobacteriota,False,,,,,,,,,,,,,
A15_OE21-4-POS_190233,Thermoproteota,False,,,,,,,,,,,,,
A15_OE21-4-POS_198418,Methanobacteriota,False,,,,,,,,,,,,,
A15_OE21-4-POS_204714,Thermoproteota,False,,,,,,,,,,,,,
A15_OE21-4-POS_169038,Thermoproteota,False,,,,,,,,,,,,,
A15_OE21-4-POS_226579,Thermoproteota,False,,,,,,,,,,,,,
A15_OE26-1POS_12808,Methanobacteriota,False,,,,,,,,,,,,,
A15_OE11-3-POS_29293,Methanobacteriota,False,,,,,,,,,,,,,
A15_OE21-4-POS_217562,Methanobacteriota,False,,,,,,,,,,,,,
A15_OE21-4-POS_218744,Methanobacteriota,False,,,,,,,,,,,,,
A15_OE21-4-POS_218374,Methanobacteriota,False,,,,,,,,,,,,,
A15_OE21-4-POS_196305,Methanobacteriota,False,,,,,,,,,,,,,
A15_OE21-4-POS_184832,Thermoproteota,True,TG(18:2_16:3_16:3),TG(18:2_16:3_16:3)+NH4,TG,triacyl,M+NH4,C,0.5216359182838582,bronze,3.154095971397503,0.1785730000000001,1.0,1.0,C53 H90 N1 O6
A15_OE21-4-POS_141769,Methanobacteriota,False,,,,,,,,,,,,,
A15_OE26-1POS_102829,Methanobacteriota,False,,,,,,,,,,,,,
A15_OE26-1POS_31973,Methanobacteriota,False,,,,,,,,,,,,,
A15_OE26-1POS_2413,Methanobacteriota,False,,,,,,,,,,,,,
A15_OE21-4-POS_210110,Methanobacteriota,False,,,,,,,,,,,,,
A15_OE11-3-POS_87281,Methanobacteriota,False,,,,,,,,,,,,,
A15_OE21-4-POS_211486,Methanobacteriota,False,,,,,,,,,,,,,
A15_OE11-3-POS_105170,Methanobacteriota,False,,,,,,,,,,,,,
A15_OE21-4-POS_190339,Methanobacteriota,False,,,,,,,,,,,,,
A15_OE21-4-POS_199792,Methanobacteriota,False,,,,,,,,,,,,,
A15_OE21-4-POS_234079,Thermoproteota,False,,,,,,,,,,,,,
A15_OE26-1POS_55113,Methanobacteriota,False,,,,,,,,,,,,,
A15_OE21-4-POS_218063,Methanobacteriota,False,,,,,,,,,,,,,
A15_OE21-4-POS_218713,Methanobacteriota,False,,,,,,,,,,,,,
A15_OE21-4-POS_224919,Methanobacteriota,False,,,,,,,,,,,,,
A15_OE21-4-POS_208760,Thermoproteota,False,,,,,,,,,,,,,
A15_OE21-4-POS_105259,Methanobacteriota,False,,,,,,,,,,,,,
A15_OE21-4-POS_231650,Thermoproteota,False,,,,,,,,,,,,,
A15_OE21-4-POS_90948,Methanobacteriota,False,,,,,,,,,,,,,
A15_OE21-4-POS_220589,Methanobacteriota,False,,,,,,,,,,,,,
A15_OE21-4-POS_220418,Methanobacteriota,False,,,,,,,,,,,,,
A15_OE26-1POS_67940,Methanobacteriota,False,,,,,,,,,,,,,
A15_OE21-4-POS_217647,Methanobacteriota,True,DG(O-20:0_20:0),DG(O-20:0_20:0)+NH4,DG,alkyl-acyl,M+NH4,B,0.3891676759454558,silver,0.5585905110702554,0.086031821147678,1.0,2.0,C43 H90 N1 O4
A15_OE21-4-POS_189658,Thermoproteota,True,PG(O-20:0_20:1),PG(O-20:0_20:1)+NH4,PG,alkyl-acyl,M+NH4,C,0.0946978178107111,bronze,1.7588032494251593,0.0941139190672153,1.0,2.0,C46 H95 N1 O9 P1
A15_OE21-4-POS_34600,Thermoproteota,False,,,,,,,,,,,,,
A15_OE21-4-POS_221992,Methanobacteriota,False,,,,,,,,,,,,,
A15_OE21-4-POS_221481,Methanobacteriota,False,,,,,,,,,,,,,
A15_OE21-4-POS_218209,Methanobacteriota,False,,,,,,,,,,,,,
A15_OE21-4-POS_51713,Methanobacteriota,False,,,,,,,,,,,,,
A15_OE21-4-POS_217646,Thermoproteota,True,TG(54:7),TG(54:7)+NH4,TG,triacyl,M+NH4,C,0.3193157385001236,silver,0.1836453105077358,0.155437842507645,2.0,2.0,C57 H100 N1 O6
A15_OE11-3-POS_91260,Methanobacteriota,False,,,,,,,,,,,,,
A15_OE26-1POS_99688,Methanobacteriota,False,,,,,,,,,,,,,
A15_OE21-4-POS_224019,Methanobacteriota,False,,,,,,,,,,,,,
A15_OE21-4-POS_223695,Methanobacteriota,False,,,,,,,,,,,,,
A15_OE21-4-POS_77221,Methanobacteriota,False,,,,,,,,,,,,,
A15_OE26-1POS_97838,Methanobacteriota,True,TG(28:3_18:1)+OO:(s),TG(28:3_18:1)+NH4+OO:(s),TG,triacyl,M+NH4,B,0.9579136983476032,gold,0.3007343689409841,0.2319385931124884,5.0,2.0,C49 H90 N1 O8
A15_OE21-4-POS_31554,Methanobacteriota,False,,,,,,,,,,,,,
A15_OE21-4-POS_223684,Thermoproteota,False,,,,,,,,,,,,,
A15_OE21-4-POS_212719,Thermoproteota,False,,,,,,,,,,,,,
A15_OE21-4-POS_212117,Methanobacteriota,False,,,,,,,,,,,,,
A15_OE21-4-POS_218634,Methanobacteriota,False,,,,,,,,,,,,,
A15_OE21-4-POS_68294,Methanobacteriota,False,,,,,,,,,,,,,
A15_OE21-4-POS_215698,Methanobacteriota,False,,,,,,,,,,,,,
A15_OE21-4-POS_223691,Thermoproteota,False,,,,,,,,,,,,,
A15_OE21-4-POS_142302,Methanobacteriota,True,WE(O-35:7),WE(O-35:7)+NH4,WE,Wax monoesters,M+NH4,C,0.4091704503832797,silver,2.277981337123757,0.2724367463593093,2.0,1.0,C35 H60 N1 O2
A15_OE21-4-POS_231774,Thermoproteota,False,,,,,,,,,,,,,
A15_OE21-4-POS_220625,Methanobacteriota,False,,,,,,,,,,,,,
A15_OE21-4-POS_199662,Methanobacteriota,False,,,,,,,,,,,,,
A15_OE11-3-POS_86584,Methanobacteriota,False,,,,,,,,,,,,,
A15_OE26-1POS_102540,Methanobacteriota,False,,,,,,,,,,,,,
A15_OE21-4-POS_45694,Methanobacteriota,False,,,,,,,,,,,,,
A15_OE21-4-POS_221738,Methanobacteriota,False,,,,,,,,,,,,,
A15_OE26-1POS_100897,Methanobacteriota,False,,,,,,,,,,,,,
A15_OE26-1POS_16342,Methanobacteriota,False,,,,,,,,,,,,,
A15_OE21-4-POS_218910,Thermoproteota,False,,,,,,,,,,,,,
A15_OE21-4-POS_220552,Methanobacteriota,True,DG(O-20:0_20:0),DG(O-20:0_20:0)+NH4,DG,alkyl-acyl,M+NH4,B,0.6692991935716737,silver,0.3834470901979662,0.1335722632519171,1.0,1.0,C43 H90 N1 O4
A15_OE21-4-POS_225420,Thermoproteota,False,,,,,,,,,,,,,
A15_OE21-4-POS_218824,Methanobacteriota,False,,,,,,,,,,,,,
A15_OE21-4-POS_200120,Methanobacteriota,False,,,,,,,,,,,,,
A15_OE21-4-POS_203733,Thermoproteota,False,,,,,,,,,,,,,
A15_OE21-4-POS_215637,Methanobacteriota,False,,,,,,,,,,,,,
A15_OE26-1POS_88246,Methanobacteriota,False,,,,,,,,,,,,,
A15_OE21-4-POS_232066,Thermoproteota,False,,,,,,,,,,,,,
A15_OE21-4-POS_221745,Thermoproteota,True,TG(16:0_16:0_18:4)+OO:(s),TG(16:0_16:0_18:4)+NH4+OO:(s),TG,triacyl,M+NH4,C,0.1479967728382363,bronze,3.058002800811054,0.0090822653721645,1.0,2.0,C53 H98 N1 O8
A15_OE26-1POS_37043,Methanobacteriota,False,,,,,,,,,,,,,
A15_OE21-4-POS_206435,Thermoproteota,False,,,,,,,,,,,,,
A15_OE21-4-POS_231775,Thermoproteota,False,,,,,,,,,,,,,
A15_OE21-4-POS_212688,Thermoproteota,False,,,,,,,,,,,,,
A15_OE21-4-POS_207402,Methanobacteriota,False,,,,,,,,,,,,,
A15_OE11-3-POS_105733,Methanobacteriota,False,,,,,,,,,,,,,
A15_OE21-4-POS_199919,Thermoproteota,False,,,,,,,,,,,,,
A15_OE21-4-POS_184323,Methanobacteriota,False,,,,,,,,,,,,,
A15_OE26-1POS_106459,Methanobacteriota,False,,,,,,,,,,,,,
A15_OE26-1POS_31801,Methanobacteriota,False,,,,,,,,,,,,,
A15_OE21-4-POS_221905,Thermoproteota,False,,,,,,,,,,,,,
A15_OE21-4-POS_186237,Thermoproteota,False,,,,,,,,,,,,,
A15_OE21-4-POS_222343,Methanobacteriota,False,,,,,,,,,,,,,
A15_OE26-1POS_42248,Methanobacteriota,False,,,,,,,,,,,,,
A15_OE21-4-POS_151374,Thermoproteota,False,,,,,,,,,,,,,
A15_OE21-4-POS_196324,Methanobacteriota,False,,,,,,,,,,,,,
A15_OE21-4-POS_208240,Thermoproteota,False,,,,,,,,,,,,,
A15_OE21-4-POS_187380,Methanobacteriota,False,,,,,,,,,,,,,
A15_OE21-4-POS_207001,Methanobacteriota,True,DG(O-26:4_20:5),DG(O-26:4_20:5)+NH4,DG,alkyl-acyl,M+NH4,C,0.455245786786415,bronze,0.3894292924804681,0.1513502953666794,1.0,2.0,C49 H84 N1 O4
A15_OE26-1POS_5150,Methanobacteriota,False,,,,,,,,,,,,,
A15_OE26-1POS_3028,Methanobacteriota,False,,,,,,,,,,,,,
A15_OE21-4-POS_208925,Methanobacteriota,False,,,,,,,,,,,,,
A15_OE21-4-POS_164770,Thermoproteota,False,,,,,,,,,,,,,
A15_OE21-4-POS_33226,Methanobacteriota,False,,,,,,,,,,,,,
A15_OE21-4-POS_185657,Thermoproteota,False,,,,,,,,,,,,,
A15_OE21-4-POS_207632,Methanobacteriota,False,,,,,,,,,,,,,
A15_OE21-4-POS_186612,Thermoproteota,False,,,,,,,,,,,,,
A15_OE21-4-POS_215376,Thermoproteota,False,,,,,,,,,,,,,
A15_OE21-4-POS_189822,Methanobacteriota,False,,,,,,,,,,,,,
A15_OE21-4-POS_194308,Methanobacteriota,False,,,,,,,,,,,,,
A15_OE26-1POS_60442,Methanobacteriota,False,,,,,,,,,,,,,
A15_OE11-3-POS_105866,Methanobacteriota,False,,,,,,,,,,,,,
A15_OE21-4-POS_222224,Methanobacteriota,False,,,,,,,,,,,,,
A15_OE26-1POS_13029,Methanobacteriota,False,,,,,,,,,,,,,
A15_OE11-3-POS_62024,Methanobacteriota,False,,,,,,,,,,,,,
A15_OE21-4-POS_186063,Methanobacteriota,False,,,,,,,,,,,,,
A15_OE26-1POS_103672,Methanobacteriota,False,,,,,,,,,,,,,
A15_OE21-4-POS_171066,Thermoproteota,True,PC(38:2),PC(38:2)+H,PC,diacyl,M+H,C,0.3794537432258886,bronze,1.945288765753045,0.0923440000000006,1.0,2.0,C46 H89 N1 O8 P1
A15_OE21-4-POS_193245,Methanobacteriota,False,,,,,,,,,,,,,
A15_OE26-1POS_30545,Methanobacteriota,False,,,,,,,,,,,,,
A15_OE26-1POS_98391,Methanobacteriota,False,,,,,,,,,,,,,
A15_OE26-1POS_12312,Methanobacteriota,False,,,,,,,,,,,,,
A15_OE21-4-POS_222060,Methanobacteriota,False,,,,,,,,,,,,,
A15_OE21-4-POS_201593,Thermoproteota,False,,,,,,,,,,,,,
A15_OE21-4-POS_199921,Methanobacteriota,False,,,,,,,,,,,,,
A15_OE21-4-POS_62799,Methanobacteriota,False,,,,,,,,,,,,,
A15_OE26-1POS_94813,Methanobacteriota,True,TG(46:5)+OO:(s),TG(46:5)+NH4+OO:(s),TG,triacyl,M+NH4,C,0.1621389480976998,bronze,3.97205515849593,0.093954,1.0,1.0,C49 H88 N1 O8
A15_OE26-1POS_50455,Methanobacteriota,False,,,,,,,,,,,,,
A15_OE21-4-POS_222208,Methanobacteriota,False,,,,,,,,,,,,,
A15_OE21-4-POS_199692,Methanobacteriota,False,,,,,,,,,,,,,
A15_OE26-1POS_12262,Methanobacteriota,False,,,,,,,,,,,,,
A15_OE21-4-POS_200909,Methanobacteriota,False,,,,,,,,,,,,,
A15_OE21-4-POS_207377,Thermoproteota,False,,,,,,,,,,,,,
A15_OE11-3-POS_86693,Methanobacteriota,False,,,,,,,,,,,,,
A15_OE21-4-POS_222640,Methanobacteriota,False,,,,,,,,,,,,,
A15_OE21-4-POS_207195,Thermoproteota,False,,,,,,,,,,,,,
A15_OE26-1POS_99998,Methanobacteriota,False,,,,,,,,,,,,,
A15_OE11-3-POS_26236,Methanobacteriota,False,,,,,,,,,,,,,
A15_OE21-4-POS_224598,Thermoproteota,False,,,,,,,,,,,,,
A15_OE21-4-POS_204564,Thermoproteota,False,,,,,,,,,,,,,
A15_OE11-3-POS_97696,Methanobacteriota,False,,,,,,,,,,,,,
A15_OE21-4-POS_71326,Methanobacteriota,False,,,,,,,,,,,,,
A15_OE21-4-POS_160954,Methanobacteriota,False,,,,,,,,,,,,,
A15_OE21-4-POS_195951,Methanobacteriota,False,,,,,,,,,,,,,
A15_OE21-4-POS_50443,Methanobacteriota,False,,,,,,,,,,,,,
A15_OE26-1POS_93454,Methanobacteriota,False,,,,,,,,,,,,,
A15_OE26-1POS_50656,Methanobacteriota,False,,,,,,,,,,,,,
A15_OE21-4-POS_209973,Methanobacteriota,False,,,,,,,,,,,,,
A15_OE11-3-POS_16782,Methanobacteriota,False,,,,,,,,,,,,,
A15_OE21-4-POS_187611,Thermoproteota,False,,,,,,,,,,,,,
A15_OE21-4-POS_204332,Methanobacteriota,False,,,,,,,,,,,,,
A15_OE26-1POS_97333,Methanobacteriota,False,,,,,,,,,,,,,
A15_OE21-4-POS_35961,Methanobacteriota,False,,,,,,,,,,,,,
A15_OE21-4-POS_166828,Thermoproteota,False,,,,,,,,,,,,,
A15_OE21-4-POS_218395,Methanobacteriota,False,,,,,,,,,,,,,
A15_OE21-4-POS_88092,Methanobacteriota,False,,,,,,,,,,,,,
A15_OE26-1POS_8015,Methanobacteriota,False,,,,,,,,,,,,,
A15_OE11-3-POS_59653,Methanobacteriota,False,,,,,,,,,,,,,
A15_OE21-4-POS_196274,Methanobacteriota,False,,,,,,,,,,,,,
A15_OE11-3-POS_95575,Methanobacteriota,False,,,,,,,,,,,,,
A15_OE21-4-POS_89649,Methanobacteriota,False,,,,,,,,,,,,,
A15_OE21-4-POS_102829,Methanobacteriota,False,,,,,,,,,,,,,
A15_OE21-4-POS_187658,Methanobacteriota,False,,,,,,,,,,,,,
A15_OE26-1POS_36204,Methanobacteriota,False,,,,,,,,,,,,,
A15_OE21-4-POS_206139,Methanobacteriota,False,,,,,,,,,,,,,
A15_OE11-3-POS_33888,Methanobacteriota,False,,,,,,,,,,,,,
A15_OE21-4-POS_191651,Methanobacteriota,False,,,,,,,,,,,,,
A15_OE11-3-POS_96693,Methanobacteriota,False,,,,,,,,,,,,,
A15_OE11-3-POS_38318,Methanobacteriota,False,,,,,,,,,,,,,
A15_OE21-4-POS_218998,Thermoproteota,False,,,,,,,,,,,,,
A15_OE21-4-POS_176329,Thermoproteota,False,,,,,,,,,,,,,
A15_OE21-4-POS_90952,Methanobacteriota,False,,,,,,,,,,,,,
A15_OE21-4-POS_180690,Thermoproteota,False,,,,,,,,,,,,,
A15_OE26-1POS_30948,Methanobacteriota,False,,,,,,,,,,,,,
A15_OE11-3-POS_20255,Methanobacteriota,False,,,,,,,,,,,,,
A15_OE11-3-POS_16985,Methanobacteriota,False,,,,,,,,,,,,,
A15_OE21-4-POS_163082,Thermoproteota,False,,,,,,,,,,,,,
A15_OE21-4-POS_176694,Methanobacteriota,False,,,,,,,,,,,,,
A15_OE11-3-POS_35802,Methanobacteriota,False,,,,,,,,,,,,,
A15_OE21-4-POS_219087,Methanobacteriota,False,,,,,,,,,,,,,
A15_OE21-4-POS_232014,Thermoproteota,False,,,,,,,,,,,,,
A15_OE26-1POS_6319,Methanobacteriota,False,,,,,,,,,,,,,
A15_OE21-4-POS_183412,Methanobacteriota,False,,,,,,,,,,,,,
A15_OE21-4-POS_217599,Thermoproteota,False,,,,,,,,,,,,,
A15_OE26-1POS_36308,Methanobacteriota,False,,,,,,,,,,,,,
A15_OE21-4-POS_202390,Methanobacteriota,False,,,,,,,,,,,,,
A15_OE21-4-POS_209504,Methanobacteriota,False,,,,,,,,,,,,,
A15_OE21-4-POS_58691,Methanobacteriota,False,,,,,,,,,,,,,
A15_OE21-4-POS_37200,Methanobacteriota,False,,,,,,,,,,,,,
A15_OE11-3-POS_12623,Methanobacteriota,False,,,,,,,,,,,,,
A15_OE21-4-POS_196273,Methanobacteriota,False,,,,,,,,,,,,,
A15_OE21-4-POS_66951,Methanobacteriota,False,,,,,,,,,,,,,
A15_OE21-4-POS_157097,Thermoproteota,False,,,,,,,,,,,,,
A15_OE26-1POS_103647,Methanobacteriota,False,,,,,,,,,,,,,
A15_OE21-4-POS_220602,Methanobacteriota,False,,,,,,,,,,,,,
A15_OE26-1POS_16820,Methanobacteriota,False,,,,,,,,,,,,,
A15_OE21-4-POS_201851,Methanobacteriota,False,,,,,,,,,,,,,
A15_OE21-4-POS_228377,Thermoproteota,False,,,,,,,,,,,,,
A15_OE21-4-POS_230569,Thermoproteota,False,,,,,,,,,,,,,
A15_OE21-4-POS_183935,Methanobacteriota,False,,,,,,,,,,,,,
A15_OE21-4-POS_215849,Methanobacteriota,False,,,,,,,,,,,,,
A15_OE11-3-POS_22864,Methanobacteriota,False,,,,,,,,,,,,,
A15_OE21-4-POS_203166,Methanobacteriota,False,,,,,,,,,,,,,
A15_OE21-4-POS_179188,Methanobacteriota,False,,,,,,,,,,,,,
A15_OE21-4-POS_33752,Methanobacteriota,False,,,,,,,,,,,,,
A15_OE21-4-POS_222071,Thermoproteota,False,,,,,,,,,,,,,
A15_OE26-1POS_38064,Methanobacteriota,False,,,,,,,,,,,,,
A15_OE26-1POS_29189,Methanobacteriota,False,,,,,,,,,,,,,
A15_OE21-4-POS_204697,Thermoproteota,False,,,,,,,,,,,,,
A15_OE21-4-POS_166866,Methanobacteriota,False,,,,,,,,,,,,,
A15_OE21-4-POS_66240,Thermoproteota,False,,,,,,,,,,,,,
A15_OE21-4-POS_208759,Thermoproteota,True,TG(34:2_12:0)+OO:(s),TG(34:2_12:0)+NH4+OO:(s),TG,triacyl,M+NH4,C,0.0981963831204037,bronze,3.870074094265199,0.0117880000000027,1.0,1.0,C49 H94 N1 O8
A15_OE21-4-POS_54296,Methanobacteriota,False,,,,,,,,,,,,,
A15_OE21-4-POS_32599,Thermoproteota,False,,,,,,,,,,,,,
A15_OE21-4-POS_57821,Methanobacteriota,False,,,,,,,,,,,,,
A15_OE26-1POS_24469,Methanobacteriota,False,,,,,,,,,,,,,
A15_OE21-4-POS_201913,Methanobacteriota,False,,,,,,,,,,,,,
A15_OE21-4-POS_215735,Methanobacteriota,False,,,,,,,,,,,,,
A15_OE21-4-POS_189164,Thermoproteota,False,,,,,,,,,,,,,
A15_OE21-4-POS_189765,Thermoproteota,False,,,,,,,,,,,,,
A15_OE11-3-POS_96204,Methanobacteriota,False,,,,,,,,,,,,,
A15_OE21-4-POS_182768,Methanobacteriota,False,,,,,,,,,,,,,
A15_OE21-4-POS_59621,Methanobacteriota,False,,,,,,,,,,,,,
A15_OE21-4-POS_220950,Thermoproteota,False,,,,,,,,,,,,,
A15_OE11-3-POS_60655,Methanobacteriota,False,,,,,,,,,,,,,
A15_OE11-3-POS_24383,Methanobacteriota,False,,,,,,,,,,,,,
A15_OE21-4-POS_68307,Methanobacteriota,False,,,,,,,,,,,,,
A15_OE11-3-POS_66870,Methanobacteriota,False,,,,,,,,,,,,,
A15_OE21-4-POS_216964,Thermoproteota,False,,,,,,,,,,,,,
A15_OE21-4-POS_217504,Methanobacteriota,False,,,,,,,,,,,,,
A15_OE11-3-POS_5134,Methanobacteriota,False,,,,,,,,,,,,,
A15_OE21-4-POS_156122,Methanobacteriota,False,,,,,,,,,,,,,
A15_OE21-4-POS_225218,Thermoproteota,False,,,,,,,,,,,,,
A15_OE11-3-POS_96201,Methanobacteriota,False,,,,,,,,,,,,,
A15_OE21-4-POS_115520,Methanobacteriota,False,,,,,,,,,,,,,
A15_OE21-4-POS_205797,Thermoproteota,False,,,,,,,,,,,,,
A15_OE21-4-POS_29730,Methanobacteriota,False,,,,,,,,,,,,,
A15_OE21-4-POS_65751,Methanobacteriota,False,,,,,,,,,,,,,
A15_OE11-3-POS_13966,Methanobacteriota,True,TG(7:0_18:2)+O:(s),TG(7:0_18:2)+Na+O:(s),TG,triacyl,M+Na,C,0.897801779245285,bronze,4.259806680574732,0.2209075,1.0,1.0,C28 H48 Na1 O7
A15_OE21-4-POS_55788,Methanobacteriota,True,TG(9:0_18:2)+O:(s),TG(9:0_18:2)+NH4+O:(s),TG,triacyl,M+NH4,B,0.6053157185259169,gold,1.6397220966368786,0.2216507222222219,2.0,1.0,C30 H56 N1 O7
A15_OE21-4-POS_200366,Thermoproteota,False,,,,,,,,,,,,,
A15_OE26-1POS_106000,Methanobacteriota,False,,,,,,,,,,,,,
A15_OE21-4-POS_168191,Methanobacteriota,False,,,,,,,,,,,,,
A15_OE21-4-POS_219886,Thermoproteota,False,,,,,,,,,,,,,
A15_OE26-1POS_99716,Methanobacteriota,False,,,,,,,,,,,,,
A15_OE11-3-POS_100427,Methanobacteriota,False,,,,,,,,,,,,,
A15_OE11-3-POS_99866,Methanobacteriota,False,,,,,,,,,,,,,
A15_OE21-4-POS_180692,Thermoproteota,False,,,,,,,,,,,,,
A15_OE21-4-POS_170337,Thermoproteota,False,,,,,,,,,,,,,
A15_OE11-3-POS_94790,Methanobacteriota,False,,,,,,,,,,,,,
A15_OE11-3-POS_27105,Methanobacteriota,False,,,,,,,,,,,,,
A15_OE26-1POS_37562,Methanobacteriota,False,,,,,,,,,,,,,
A15_OE21-4-POS_175262,Thermoproteota,True,PEt(23:2_18:1),PEt(23:2_18:1)+Na,PEt,diacyl,M+Na,C,0.0322927292681545,bronze,4.939711900545881,0.2427939999999999,2.0,3.0,C46 H85 Na1 O8 P1
A15_OE21-4-POS_24247,Methanobacteriota,False,,,,,,,,,,,,,
A15_OE21-4-POS_169611,Methanobacteriota,False,,,,,,,,,,,,,
A15_OE21-4-POS_35130,Thermoproteota,False,,,,,,,,,,,,,
A15_OE21-4-POS_178473,Methanobacteriota,False,,,,,,,,,,,,,
A15_OE21-4-POS_209212,Thermoproteota,True,TG(16:3_18:1_18:3)+OO:(s),TG(16:3_18:1_18:3)+NH4+OO:(s),TG,triacyl,M+NH4,C,0.1845997880958052,bronze,0.0068665493261515,0.0991908040816333,1.0,1.0,C55 H96 N1 O8
A15_OE11-3-POS_65491,Methanobacteriota,False,,,,,,,,,,,,,
A15_OE21-4-POS_35133,Methanobacteriota,True,DG(5:0_21:4),DG(5:0_21:4)+H,DG,diacyl,M+H,C,0.3213378462873217,bronze,1.4000895961474704,0.2937456000000003,1.0,1.0,C29 H49 O5
A15_OE11-3-POS_93087,Methanobacteriota,False,,,,,,,,,,,,,
A15_OE26-1POS_97365,Methanobacteriota,False,,,,,,,,,,,,,
A15_OE21-4-POS_204641,Methanobacteriota,False,,,,,,,,,,,,,
A15_OE21-4-POS_200541,Thermoproteota,False,,,,,,,,,,,,,
A15_OE11-3-POS_102173,Methanobacteriota,False,,,,,,,,,,,,,
A15_OE11-3-POS_98010,Methanobacteriota,False,,,,,,,,,,,,,
A15_OE11-3-POS_90012,Methanobacteriota,False,,,,,,,,,,,,,
A15_OE11-3-POS_1496,Methanobacteriota,False,,,,,,,,,,,,,
A15_OE21-4-POS_219891,Thermoproteota,False,,,,,,,,,,,,,
A15_OE21-4-POS_224805,Thermoproteota,False,,,,,,,,,,,,,
A15_OE11-3-POS_90938,Methanobacteriota,False,,,,,,,,,,,,,
A15_OE21-4-POS_175261,Thermoproteota,True,PC(38:2),PC(38:2)+H,PC,diacyl,M+H,C,2.425722208093953,silver,0.2190962404431097,0.286516514308559,5.0,2.0,C46 H89 N1 O8 P1
A15_OE26-1POS_105391,Methanobacteriota,False,,,,,,,,,,,,,
A15_OE11-3-POS_100824,Methanobacteriota,False,,,,,,,,,,,,,
A15_OE11-3-POS_58472,Methanobacteriota,False,,,,,,,,,,,,,
A15_OE26-1POS_13129,Methanobacteriota,False,,,,,,,,,,,,,
A15_OE21-4-POS_173700,Thermoproteota,False,,,,,,,,,,,,,
A15_OE26-1POS_90850,Methanobacteriota,False,,,,,,,,,,,,,
A15_OE26-1POS_98176,Methanobacteriota,False,,,,,,,,,,,,,
A15_OE21-4-POS_226663,Methanobacteriota,False,,,,,,,,,,,,,
A15_OE21-4-POS_49205,Methanobacteriota,False,,,,,,,,,,,,,
A15_OE11-3-POS_27569,Methanobacteriota,False,,,,,,,,,,,,,
A15_OE21-4-POS_200348,Thermoproteota,False,,,,,,,,,,,,,
A15_OE26-1POS_23237,Methanobacteriota,False,,,,,,,,,,,,,
A15_OE21-4-POS_214209,Methanobacteriota,False,,,,,,,,,,,,,
A15_OE21-4-POS_15720,Methanobacteriota,False,,,,,,,,,,,,,
A15_OE21-4-POS_225419,Methanobacteriota,False,,,,,,,,,,,,,
A15_OE21-4-POS_206641,Methanobacteriota,False,,,,,,,,,,,,,
A15_OE11-3-POS_83773,Methanobacteriota,True,PG(O-19:2_23:5),PG(O-19:2_23:5)+NH4,PG,alkyl-acyl,M+NH4,C,0.3339964216023414,bronze,2.394264341484751,0.0491518793066489,1.0,1.0,C48 H87 N1 O9 P1
A15_OE21-4-POS_84897,Methanobacteriota,False,,,,,,,,,,,,,
A15_OE21-4-POS_221676,Methanobacteriota,False,,,,,,,,,,,,,
A15_OE21-4-POS_173852,Methanobacteriota,False,,,,,,,,,,,,,
A15_OE26-1POS_100131,Methanobacteriota,False,,,,,,,,,,,,,
A15_OE21-4-POS_214811,Thermoproteota,False,,,,,,,,,,,,,
A15_OE21-4-POS_218975,Thermoproteota,False,,,,,,,,,,,,,
A15_OE21-4-POS_196901,Thermoproteota,False,,,,,,,,,,,,,
A15_OE11-3-POS_51606,Methanobacteriota,False,,,,,,,,,,,,,
A15_OE21-4-POS_200432,Thermoproteota,False,,,,,,,,,,,,,
A15_OE21-4-POS_204879,Thermoproteota,False,,,,,,,,,,,,,
A15_OE21-4-POS_189296,Thermoproteota,False,,,,,,,,,,,,,
A15_OE26-1POS_103696,Methanobacteriota,False,,,,,,,,,,,,,
A15_OE21-4-POS_90980,Methanobacteriota,False,,,,,,,,,,,,,
A15_OE21-4-POS_195952,Methanobacteriota,False,,,,,,,,,,,,,
A15_OE21-4-POS_199099,Methanobacteriota,False,,,,,,,,,,,,,
A15_OE21-4-POS_209819,Methanobacteriota,False,,,,,,,,,,,,,
A15_OE21-4-POS_167323,Thermoproteota,True,PEt(24:1_15:0),PEt(24:1_15:0)+Na,PEt,diacyl,M+Na,C,0.0286902136793202,bronze,1.3076193806413707,0.0854929999999996,1.0,1.0,C44 H85 Na1 O8 P1
A15_OE21-4-POS_228308,Thermoproteota,False,,,,,,,,,,,,,
A15_OE11-3-POS_78229,Methanobacteriota,False,,,,,,,,,,,,,
A15_OE21-4-POS_195294,Methanobacteriota,False,,,,,,,,,,,,,
A15_OE21-4-POS_55309,Methanobacteriota,False,,,,,,,,,,,,,
A15_OE21-4-POS_211669,Thermoproteota,False,,,,,,,,,,,,,
A15_OE11-3-POS_104309,Methanobacteriota,False,,,,,,,,,,,,,
A15_OE21-4-POS_230444,Thermoproteota,False,,,,,,,,,,,,,
A15_OE21-4-POS_28103,Methanobacteriota,False,,,,,,,,,,,,,
A15_OE21-4-POS_14270,Methanobacteriota,False,,,,,,,,,,,,,
A15_OE26-1POS_18160,Methanobacteriota,False,,,,,,,,,,,,,
A15_OE11-3-POS_25069,Methanobacteriota,False,,,,,,,,,,,,,
A15_OE11-3-POS_41536,Methanobacteriota,True,WE(O-40:10),WE(O-40:10)+NH4,WE,Wax monoesters,M+NH4,C,0.0558499062239232,bronze,3.883294244560742,0.0789552000000002,1.0,1.0,C40 H64 N1 O2
A15_OE11-3-POS_97539,Methanobacteriota,False,,,,,,,,,,,,,
A15_OE21-4-POS_199194,Methanobacteriota,False,,,,,,,,,,,,,
A15_OE21-4-POS_195072,Methanobacteriota,False,,,,,,,,,,,,,
A15_OE26-1POS_84156,Methanobacteriota,False,,,,,,,,,,,,,
A15_OE11-3-POS_95647,Methanobacteriota,False,,,,,,,,,,,,,
A15_OE21-4-POS_73585,Methanobacteriota,False,,,,,,,,,,,,,
A15_OE21-4-POS_158842,Thermoproteota,False,,,,,,,,,,,,,
A15_OE11-3-POS_102301,Methanobacteriota,False,,,,,,,,,,,,,
A15_OE26-1POS_5156,Methanobacteriota,False,,,,,,,,,,,,,
A15_OE11-3-POS_50080,Methanobacteriota,False,,,,,,,,,,,,,
A15_OE21-4-POS_174803,Methanobacteriota,False,,,,,,,,,,,,,
A15_OE21-4-POS_210499,Thermoproteota,True,TG(40:9_15:0)+OO:(s),TG(40:9_15:0)+NH4+OO:(s),TG,triacyl,M+NH4,C,0.2372497493462898,silver,3.671590375538549,0.2558591971523327,5.0,2.0,C58 H98 N1 O8
A15_OE21-4-POS_207614,Thermoproteota,False,,,,,,,,,,,,,
A15_OE26-1POS_82745,Methanobacteriota,False,,,,,,,,,,,,,
A15_OE11-3-POS_89626,Methanobacteriota,False,,,,,,,,,,,,,
A15_OE21-4-POS_49204,Methanobacteriota,False,,,,,,,,,,,,,
A15_OE21-4-POS_203908,Thermoproteota,False,,,,,,,,,,,,,
A15_OE21-4-POS_167168,Methanobacteriota,False,,,,,,,,,,,,,
A15_OE21-4-POS_186882,Methanobacteriota,False,,,,,,,,,,,,,
A15_OE21-4-POS_193940,Methanobacteriota,False,,,,,,,,,,,,,
A15_OE21-4-POS_200102,Methanobacteriota,False,,,,,,,,,,,,,
A15_OE26-1POS_29089,Methanobacteriota,False,,,,,,,,,,,,,
A15_OE21-4-POS_209592,Methanobacteriota,False,,,,,,,,,,,,,
A15_OE21-4-POS_82647,Thermoproteota,False,,,,,,,,,,,,,
A15_OE21-4-POS_189702,Methanobacteriota,False,,,,,,,,,,,,,
A15_OE21-4-POS_225514,Thermoproteota,False,,,,,,,,,,,,,
A15_OE21-4-POS_180147,Thermoproteota,False,,,,,,,,,,,,,
A15_OE21-4-POS_172250,Methanobacteriota,True,DG(18:0_28:8),DG(18:0_28:8)+NH4,DG,diacyl,M+NH4,C,0.015988452919751,bronze,0.4150656974898604,0.2472929999999991,1.0,1.0,C49 H84 N1 O5
A15_OE11-3-POS_27427,Methanobacteriota,False,,,,,,,,,,,,,
A15_OE21-4-POS_166820,Methanobacteriota,False,,,,,,,,,,,,,
A15_OE11-3-POS_71284,Methanobacteriota,False,,,,,,,,,,,,,
A15_OE21-4-POS_219380,Thermoproteota,False,,,,,,,,,,,,,
A15_OE21-4-POS_194405,Methanobacteriota,False,,,,,,,,,,,,,
A15_OE21-4-POS_227362,Thermoproteota,False,,,,,,,,,,,,,
A15_OE21-4-POS_212310,Thermoproteota,False,,,,,,,,,,,,,
A15_OE26-1POS_19232,Methanobacteriota,False,,,,,,,,,,,,,
A15_OE11-3-POS_105258,Methanobacteriota,False,,,,,,,,,,,,,
A15_OE21-4-POS_194307,Methanobacteriota,False,,,,,,,,,,,,,
A15_OE11-3-POS_21186,Methanobacteriota,False,,,,,,,,,,,,,
A15_OE26-1POS_9302,Methanobacteriota,False,,,,,,,,,,,,,
A15_OE21-4-POS_218211,Methanobacteriota,False,,,,,,,,,,,,,
A15_OE21-4-POS_45599,Methanobacteriota,False,,,,,,,,,,,,,
A15_OE21-4-POS_199658,Methanobacteriota,False,,,,,,,,,,,,,
A15_OE11-3-POS_55880,Methanobacteriota,False,,,,,,,,,,,,,
A15_OE11-3-POS_66057,Methanobacteriota,False,,,,,,,,,,,,,
A15_OE26-1POS_38719,Methanobacteriota,False,,,,,,,,,,,,,
A15_OE11-3-POS_73984,Methanobacteriota,False,,,,,,,,,,,,,
A15_OE11-3-POS_79859,Methanobacteriota,False,,,,,,,,,,,,,
A15_OE21-4-POS_25637,Methanobacteriota,False,,,,,,,,,,,,,
A15_OE21-4-POS_213877,Thermoproteota,False,,,,,,,,,,,,,
A15_OE21-4-POS_41530,Methanobacteriota,False,,,,,,,,,,,,,
A15_OE21-4-POS_209237,Methanobacteriota,False,,,,,,,,,,,,,
A15_OE21-4-POS_49191,Methanobacteriota,False,,,,,,,,,,,,,
A15_OE21-4-POS_205984,Thermoproteota,False,,,,,,,,,,,,,
A15_OE21-4-POS_215072,Methanobacteriota,False,,,,,,,,,,,,,
A15_OE21-4-POS_170343,Thermoproteota,True,PC(38:3),PC(38:3)+H,PC,diacyl,M+H,C,2.6002607414891163,silver,2.1521722670471144,0.0604209999999998,5.0,3.0,C46 H87 N1 O8 P1
A15_OE26-1POS_99471,Methanobacteriota,False,,,,,,,,,,,,,
A15_OE11-3-POS_77282,Methanobacteriota,False,,,,,,,,,,,,,
A15_OE11-3-POS_79684,Methanobacteriota,False,,,,,,,,,,,,,
A15_OE21-4-POS_202905,Methanobacteriota,False,,,,,,,,,,,,,
A15_OE21-4-POS_200180,Methanobacteriota,True,DG(20:1_30:7),DG(20:1_30:7)+H,DG,diacyl,M+H,C,0.0340639660292802,bronze,3.1289240646087526,0.0283900000000016,1.0,1.0,C53 H89 O5
A15_OE21-4-POS_194822,Methanobacteriota,False,,,,,,,,,,,,,
A15_OE21-4-POS_166077,Thermoproteota,False,,,,,,,,,,,,,
A15_OE21-4-POS_39554,Methanobacteriota,False,,,,,,,,,,,,,
A15_OE21-4-POS_206618,Thermoproteota,False,,,,,,,,,,,,,
A15_OE11-3-POS_80860,Methanobacteriota,False,,,,,,,,,,,,,
A15_OE26-1POS_31422,Methanobacteriota,False,,,,,,,,,,,,,
A15_OE11-3-POS_104471,Methanobacteriota,False,,,,,,,,,,,,,
A15_OE21-4-POS_205126,Methanobacteriota,False,,,,,,,,,,,,,
A15_OE11-3-POS_65297,Methanobacteriota,False,,,,,,,,,,,,,
A15_OE11-3-POS_11719,Methanobacteriota,False,,,,,,,,,,,,,
A15_OE11-3-POS_83682,Methanobacteriota,False,,,,,,,,,,,,,
A15_OE11-3-POS_15520,Methanobacteriota,False,,,,,,,,,,,,,
A15_OE26-1POS_99914,Methanobacteriota,False,,,,,,,,,,,,,
A15_OE21-4-POS_192998,Thermoproteota,False,,,,,,,,,,,,,
A15_OE21-4-POS_206306,Thermoproteota,False,,,,,,,,,,,,,
A15_OE21-4-POS_207737,Thermoproteota,False,,,,,,,,,,,,,
A15_OE21-4-POS_66127,Thermoproteota,False,,,,,,,,,,,,,
A15_OE21-4-POS_70287,Methanobacteriota,False,,,,,,,,,,,,,
A15_OE11-3-POS_91579,Methanobacteriota,False,,,,,,,,,,,,,
A15_OE21-4-POS_75548,Methanobacteriota,False,,,,,,,,,,,,,
A15_OE21-4-POS_163032,Methanobacteriota,False,,,,,,,,,,,,,
A15_OE21-4-POS_219466,Thermoproteota,False,,,,,,,,,,,,,
A15_OE11-3-POS_54289,Methanobacteriota,False,,,,,,,,,,,,,
A15_OE21-4-POS_213025,Thermoproteota,True,MePC(40:4),MePC(40:4)+H,MePC,diacyl,M+H,C,1.1962130866205074,silver,3.355884835133853,0.2849317696319957,2.0,1.0,C49 H92 N1 O8 P1
A15_OE11-3-POS_100054,Methanobacteriota,False,,,,,,,,,,,,,
A15_OE11-3-POS_103050,Methanobacteriota,False,,,,,,,,,,,,,
A15_OE21-4-POS_198415,Thermoproteota,False,,,,,,,,,,,,,
A15_OE21-4-POS_214608,Thermoproteota,False,,,,,,,,,,,,,
A15_OE11-3-POS_83683,Methanobacteriota,False,,,,,,,,,,,,,
A15_OE11-3-POS_106432,Methanobacteriota,False,,,,,,,,,,,,,
A15_OE26-1POS_16208,Methanobacteriota,False,,,,,,,,,,,,,
A15_OE26-1POS_48076,Methanobacteriota,False,,,,,,,,,,,,,
A15_OE21-4-POS_68536,Methanobacteriota,True,TG(26:5_6:0)+O:(s),TG(26:5_6:0)+H+O:(s),TG,triacyl,M+H,C,0.3487450711673276,bronze,0.3779929445691186,0.0079097999999993,1.0,1.0,C35 H57 O7
A15_OE21-4-POS_225689,Thermoproteota,False,,,,,,,,,,,,,
A15_OE26-1POS_101874,Methanobacteriota,False,,,,,,,,,,,,,
A15_OE26-1POS_92599,Methanobacteriota,False,,,,,,,,,,,,,
A15_OE21-4-POS_202393,Thermoproteota,False,,,,,,,,,,,,,
A15_OE21-4-POS_207100,Methanobacteriota,False,,,,,,,,,,,,,
A15_OE21-4-POS_55510,Methanobacteriota,False,,,,,,,,,,,,,
A15_OE11-3-POS_21494,Methanobacteriota,False,,,,,,,,,,,,,
A15_OE11-3-POS_28313,Methanobacteriota,False,,,,,,,,,,,,,
A15_OE11-3-POS_100313,Methanobacteriota,False,,,,,,,,,,,,,
A15_OE26-1POS_32822,Methanobacteriota,False,,,,,,,,,,,,,
A15_OE21-4-POS_192043,Methanobacteriota,False,,,,,,,,,,,,,
A15_OE21-4-POS_223497,Thermoproteota,False,,,,,,,,,,,,,
A15_OE21-4-POS_203530,Thermoproteota,False,,,,,,,,,,,,,
A15_OE21-4-POS_141777,Methanobacteriota,False,,,,,,,,,,,,,
A15_OE21-4-POS_192255,Methanobacteriota,True,TG(36:5_23:6)+O:(s),TG(36:5_23:6)+H+O:(s),TG,triacyl,M+H,C,0.1379492932729117,bronze,1.6257598197439462,0.1477779999999988,1.0,1.0,C62 H99 O7
A15_OE21-4-POS_206643,Thermoproteota,False,,,,,,,,,,,,,
A15_OE26-1POS_29920,Methanobacteriota,False,,,,,,,,,,,,,
A15_OE11-3-POS_68283,Methanobacteriota,False,,,,,,,,,,,,,
A15_OE21-4-POS_214096,Thermoproteota,False,,,,,,,,,,,,,
A15_OE21-4-POS_202331,Methanobacteriota,False,,,,,,,,,,,,,
A15_OE21-4-POS_214226,Thermoproteota,False,,,,,,,,,,,,,
A15_OE11-3-POS_59757,Methanobacteriota,False,,,,,,,,,,,,,
A15_OE26-1POS_19381,Methanobacteriota,False,,,,,,,,,,,,,
A15_OE21-4-POS_226359,Thermoproteota,False,,,,,,,,,,,,,
A15_OE21-4-POS_215788,Methanobacteriota,False,,,,,,,,,,,,,
A15_OE11-3-POS_105411,Methanobacteriota,False,,,,,,,,,,,,,
A15_OE26-1POS_22618,Methanobacteriota,False,,,,,,,,,,,,,
A15_OE11-3-POS_31743,Methanobacteriota,False,,,,,,,,,,,,,
A15_OE21-4-POS_131502,Methanobacteriota,False,,,,,,,,,,,,,
A15_OE11-3-POS_102475,Methanobacteriota,False,,,,,,,,,,,,,
A15_OE26-1POS_82367,Methanobacteriota,False,,,,,,,,,,,,,
A15_OE26-1POS_41596,Methanobacteriota,False,,,,,,,,,,,,,
A15_OE21-4-POS_167512,Thermoproteota,False,,,,,,,,,,,,,
A15_OE11-3-POS_11402,Methanobacteriota,False,,,,,,,,,,,,,
A15_OE21-4-POS_173226,Methanobacteriota,True,PC(O-17:2_20:1),PC(O-17:2_20:1)+H,PC,alkyl-acyl,M+H,B,0.1217322136496455,silver,1.1786186976319315,0.0179387747323076,1.0,2.0,C45 H87 N1 O7 P1
A15_OE21-4-POS_218053,Thermoproteota,False,,,,,,,,,,,,,
A15_OE21-4-POS_187712,Thermoproteota,False,,,,,,,,,,,,,
A15_OE21-4-POS_204599,Methanobacteriota,False,,,,,,,,,,,,,
A15_OE21-4-POS_199498,Methanobacteriota,False,,,,,,,,,,,,,
A15_OE26-1POS_92592,Methanobacteriota,False,,,,,,,,,,,,,
A15_OE11-3-POS_97943,Methanobacteriota,False,,,,,,,,,,,,,
A15_OE21-4-POS_34234,Thermoproteota,False,,,,,,,,,,,,,
A15_OE21-4-POS_28589,Thermoproteota,True,TG(27:1)+OO:(s),TG(27:1)+NH4+OO:(s),TG,triacyl,M+NH4,C,0.0574219309514588,bronze,0.6264651198227342,0.0848612000000001,1.0,1.0,C30 H58 N1 O8
A15_OE21-4-POS_218982,Methanobacteriota,False,,,,,,,,,,,,,
A15_OE21-4-POS_222557,Thermoproteota,False,,,,,,,,,,,,,
A15_OE21-4-POS_162731,Methanobacteriota,False,,,,,,,,,,,,,
A15_OE11-3-POS_8675,Methanobacteriota,False,,,,,,,,,,,,,
A15_OE21-4-POS_158573,Thermoproteota,True,WE(O-38:5),WE(O-38:5)+Na,WE,Wax monoesters,M+Na,C,0.3145623332499848,bronze,0.4868192241345773,0.1020630000000011,1.0,1.0,C38 H66 Na1 O2
A15_OE21-4-POS_220615,Thermoproteota,False,,,,,,,,,,,,,
A15_OE21-4-POS_200599,Thermoproteota,False,,,,,,,,,,,,,
A15_OE26-1POS_29646,Methanobacteriota,False,,,,,,,,,,,,,
A15_OE21-4-POS_95636,Methanobacteriota,False,,,,,,,,,,,,,
A15_OE21-4-POS_209850,Methanobacteriota,False,,,,,,,,,,,,,
A15_OE21-4-POS_104065,Methanobacteriota,False,,,,,,,,,,,,,
A15_OE11-3-POS_98380,Methanobacteriota,False,,,,,,,,,,,,,
A15_OE11-3-POS_102606,Methanobacteriota,False,,,,,,,,,,,,,
A15_OE11-3-POS_96497,Methanobacteriota,False,,,,,,,,,,,,,
A15_OE11-3-POS_99800,Methanobacteriota,False,,,,,,,,,,,,,
A15_OE11-3-POS_64714,Methanobacteriota,True,WE(O-45:11),WE(O-45:11)+NH4,WE,Wax monoesters,M+NH4,C,0.0479837584513931,bronze,0.1383176780877822,0.1233360000000001,1.0,1.0,C45 H72 N1 O2
A15_OE11-3-POS_105629,Methanobacteriota,False,,,,,,,,,,,,,
A15_OE11-3-POS_96866,Methanobacteriota,True,PC(30:4_19:4),PC(30:4_19:4)+H,PC,diacyl,M+H,C,0.5361967277317583,bronze,0.7633921104413981,0.2915040000000033,1.0,1.0,C57 H99 N1 O8 P1
A15_OE21-4-POS_149337,Thermoproteota,True,TG(21:1_18:2)+OO:(s),TG(21:1_18:2)+NH4+OO:(s),TG,triacyl,M+NH4,C,0.3300222533634337,silver,1.2576989454217158,0.2843359999999997,2.0,2.0,C42 H78 N1 O8
A15_OE26-1POS_30068,Methanobacteriota,False,,,,,,,,,,,,,
A15_OE21-4-POS_203892,Thermoproteota,False,,,,,,,,,,,,,
A15_OE11-3-POS_23277,Methanobacteriota,False,,,,,,,,,,,,,
A15_OE11-3-POS_100941,Methanobacteriota,False,,,,,,,,,,,,,
A15_OE11-3-POS_92677,Methanobacteriota,False,,,,,,,,,,,,,
A15_OE21-4-POS_23510,Thermoproteota,True,TG(21:2_6:0)+OO:(s),TG(21:2_6:0)+NH4+OO:(s),TG,triacyl,M+NH4,C,0.2126918683449651,bronze,0.6373168810043552,0.1739703000000001,1.0,1.0,C30 H56 N1 O8
A15_OE21-4-POS_186065,Methanobacteriota,False,,,,,,,,,,,,,
A15_OE11-3-POS_23679,Methanobacteriota,False,,,,,,,,,,,,,
A15_OE21-4-POS_215582,Methanobacteriota,False,,,,,,,,,,,,,
A15_OE11-3-POS_62631,Methanobacteriota,False,,,,,,,,,,,,,
A15_OE21-4-POS_76039,Methanobacteriota,True,TG(71:19)+OO:(s),TG(71:19)+NH4+OO:(s),TG,triacyl,M+NH4,C,0.0168322383702888,bronze,4.783540003420515,0.2445303000000001,1.0,1.0,C74 H110 N1 O8
A15_OE11-3-POS_100755,Methanobacteriota,False,,,,,,,,,,,,,
A15_OE11-3-POS_81798,Methanobacteriota,False,,,,,,,,,,,,,
A15_OE26-1POS_104565,Methanobacteriota,False,,,,,,,,,,,,,
A15_OE11-3-POS_93935,Methanobacteriota,False,,,,,,,,,,,,,
A15_OE21-4-POS_224256,Methanobacteriota,False,,,,,,,,,,,,,
A15_OE21-4-POS_203426,Thermoproteota,False,,,,,,,,,,,,,
A15_OE11-3-POS_81649,Methanobacteriota,False,,,,,,,,,,,,,
A15_OE21-4-POS_194678,Thermoproteota,False,,,,,,,,,,,,,
A15_OE11-3-POS_19362,Methanobacteriota,False,,,,,,,,,,,,,
A15_OE26-1POS_34209,Methanobacteriota,False,,,,,,,,,,,,,
A15_214577,Pseudomonadota,False,,,,,,,,,,,,,
A15_134912,Bacillota,True,PG(15:0_15:0),PG(15:0_15:0)+NH4,PG,diacyl,M+NH4,A,1.650491121690838,gold,4.311986668854728,0.2751846679249894,25.0,8.0,C36 H75 N1 O10 P1
A15_137176,Bacillota,True,PG(15:0_15:0),PG(15:0_15:0)+NH4,PG,diacyl,M+NH4,A,1.650491121690838,gold,4.974426551351582,0.1135846679249894,25.0,7.0,C36 H75 N1 O10 P1
A15_176212,Pseudomonadota,False,,,,,,,,,,,,,
A15_95121,Streptophyta,False,,,,,,,,,,,,,
A15_180523,Streptophyta,True,WE(O-18:0_18:2),WE(O-18:0_18:2)+Na,WE,Wax monoesters,M+Na,C,1.0246546080756096,bronze,1.3319676811062804,0.0016903488283865,1.0,1.0,C36 H68 Na1 O2
A15_100805,Streptophyta,False,,,,,,,,,,,,,
A15_157393,Pseudomonadota,True,PG(20:2_16:0),PG(20:2_16:0)+NH4,PG,diacyl,M+NH4,B,0.8059901628988084,gold,0.1444051054230632,0.2333592524136349,2.0,3.0,C42 H83 N1 O10 P1
A15_82801,Streptophyta,False,,,,,,,,,,,,,
A15_168188,Discosea,True,PC(37:5),PC(37:5)+H,PC,diacyl,M+H,C,2.2549328330389127,silver,1.9354298373418024,0.1940917099292143,6.0,8.0,C45 H81 N1 O8 P1
A15_170435,Discosea,True,PC(37:5),PC(37:5)+H,PC,diacyl,M+H,C,2.794505650210694,silver,2.705288900423332,0.2123877879698081,12.0,9.0,C45 H81 N1 O8 P1
A15_82779,Streptophyta,False,,,,,,,,,,,,,
A15_147427,Streptophyta,True,MGDG(18:2_20:4),MGDG(18:2_20:4)+NH4,MGDG,Monogalactosyldiacylglycerol,M+NH4,A,1.2076145306313255,gold,2.065801842058657,0.2373571927678863,6.0,4.0,C47 H82 N1 O10
A15_158025,Pseudomonadota,False,,,,,,,,,,,,,
A15_181806,Streptophyta,True,WE(O-18:2_18:0),WE(O-18:2_18:0)+Na,WE,Wax monoesters,M+Na,C,0.6147782436310689,bronze,1.3126373919546812,0.0306855501214755,1.0,1.0,C36 H68 Na1 O2
A15_130816,Bacillota,True,PG(14:0_15:0),PG(14:0_15:0)+NH4,PG,diacyl,M+NH4,A,1.5355634153453002,gold,4.481568052839909,0.048005421714997,18.0,5.0,C35 H73 N1 O10 P1
A15_180648,Bacillota,True,DG(15:0_15:0),DG(15:0_15:0)+NH4,DG,diacyl,M+NH4,A,1.5332463560295235,gold,1.3049994436718206,0.0306794199507791,25.0,6.0,C33 H68 N1 O5
A15_206503,Streptophyta,True,DG(O-28:8_16:0),DG(O-28:8_16:0)+NH4,DG,alkyl-acyl,M+NH4,B,0.4108909374814363,gold,1.3618018948319135,0.1571210154338231,5.0,2.0,C47 H82 N1 O4
A15_157001,Actinomycetota,False,,,,,,,,,,,,,
A15_105751,Streptophyta,False,,,,,,,,,,,,,
A15_111872,Streptophyta,True,DG(16:3_18:3),DG(16:3_18:3)+H,DG,diacyl,M+H,A,0.5265567227705538,gold,0.0122834993155131,0.1357818917987057,7.0,12.0,C37 H61 O5
A15_82692,Streptophyta,False,,,,,,,,,,,,,
A15_97909,Streptophyta,False,,,,,,,,,,,,,
A15_189540,Streptophyta,False,,,,,,,,,,,,,
A15_179512,Streptophyta,True,DG(O-17:3_18:1),DG(O-17:3_18:1)+NH4,DG,alkyl-acyl,M+NH4,C,0.3048520512718715,bronze,0.5477668658823508,0.0239623679159315,1.0,3.0,C38 H72 N1 O4
A15_1343,Streptophyta,False,,,,,,,,,,,,,
A15_106952,Streptophyta,False,,,,,,,,,,,,,
A15_69519,Streptophyta,False,,,,,,,,,,,,,
A15_95552,Streptophyta,True,DG(16:3_18:3),DG(16:3_18:3)+H,DG,diacyl,M+H,A,0.3950486135538059,silver,0.0853335320455881,0.0953052999999997,1.0,4.0,C37 H61 O5
A15_97465,Streptophyta,True,DG(16:3_18:3),DG(16:3_18:3)+H,DG,diacyl,M+H,A,0.3950486135538059,silver,0.0785011873564895,0.0510052999999999,1.0,4.0,C37 H61 O5
A15_162889,Pseudomonadota,False,,,,,,,,,,,,,
A15_138334,Streptophyta,True,PG(16:1_18:2),PG(16:1_18:2)+H,PG,diacyl,M+H,A,0.8903482596592773,gold,2.066495098886975,0.0166721063760331,2.0,4.0,C40 H74 O10 P1
A15_177631,Streptophyta,True,DGDG(8:0_22:1),DGDG(8:0_22:1)+Na,DGDG,Digalactosyldiacylglycerol,M+Na,C,1.3934182409951703,silver,0.5379225364472738,0.138268,3.0,3.0,C45 H82 Na1 O15
A15_179811,Streptophyta,True,DGDG(8:0_22:1),DGDG(8:0_22:1)+Na,DGDG,Digalactosyldiacylglycerol,M+Na,C,1.3934182409951703,silver,1.0122037271756004,0.1912680000000008,3.0,3.0,C45 H82 Na1 O15
A15_189957,Streptophyta,False,,,,,,,,,,,,,
A15_68103,Streptophyta,False,,,,,,,,,,,,,
A15_20691,Streptophyta,False,,,,,,,,,,,,,
A15_64950,Streptophyta,False,,,,,,,,,,,,,
A15_1000,Streptophyta,False,,,,,,,,,,,,,
A15_102733,Streptophyta,True,DG(O-13:1_21:5),DG(O-13:1_21:5)+Na,DG,alkyl-acyl,M+Na,C,0.3698848972817923,bronze,1.3369797123240508,0.0501543662786012,1.0,1.0,C37 H62 Na1 O4
A15_72378,Streptophyta,False,,,,,,,,,,,,,
A15_124129,Streptophyta,False,,,,,,,,,,,,,
A15_49320,Streptophyta,False,,,,,,,,,,,,,
A15_52527,Streptophyta,False,,,,,,,,,,,,,
A15_122537,Streptophyta,True,MGDG(18:2_16:3),MGDG(18:2_16:3)+NH4,MGDG,Monogalactosyldiacylglycerol,M+NH4,C,0.0619994039873312,bronze,4.702217715048694,0.0537609807893009,1.0,1.0,C43 H76 N1 O10
A15_173852,Streptophyta,True,TG(21:4_29:3)+OO:(s),TG(21:4_29:3)+NH4+OO:(s),TG,triacyl,M+NH4,B,0.2269428698236849,silver,0.0310599177221452,0.0512562242043088,1.0,1.0,C53 H92 N1 O8
A15_112737,Streptophyta,False,,,,,,,,,,,,,
A15_101274,Streptophyta,False,,,,,,,,,,,,,
A15_84217,Streptophyta,False,,,,,,,,,,,,,
A15_125199,Streptophyta,True,WE(O-27:2),WE(O-27:2)+Na,WE,Wax monoesters,M+Na,C,0.1621621084839252,silver,0.6897959794861704,0.2454730000000005,4.0,6.0,C27 H50 Na1 O2
A15_112516,Bacillota,False,,,,,,,,,,,,,
A15_16951,Streptophyta,False,,,,,,,,,,,,,
A15_81466,Streptophyta,False,,,,,,,,,,,,,
A15_13533,Streptophyta,False,,,,,,,,,,,,,
A15_158191,Bacillota,True,PE(P-16:1_18:3),PE(P-16:1_18:3)+H,PE,alkenyl-acyl,M+H,B,1.1863351570777103,silver,1.6818815413492534,0.0264209999999991,1.0,4.0,C39 H71 N1 O7 P1
A15_127065,Streptophyta,True,PC(O-44:14),PC(O-44:14)+H,PC,alkyl-acyl,M+H,C,0.3340952592890586,silver,0.754425234105158,0.1614829999999987,2.0,1.0,C52 H79 N1 O7 P1
A15_189698,Streptophyta,False,,,,,,,,,,,,,
A15_181372,Streptophyta,False,,,,,,,,,,,,,
A15_129822,Streptophyta,True,TG(20:3_18:1)+O:(s),TG(20:3_18:1)+NH4+O:(s),TG,triacyl,M+NH4,C,0.4185235379173607,silver,1.0512772001231272,0.2957641278164562,2.0,4.0,C41 H74 N1 O7
A15_177394,Pseudomonadota,False,,,,,,,,,,,,,
A15_186270,Pseudomonadota,True,PG(18:0_18:1),PG(18:0_18:1)+H,PG,diacyl,M+H,A,0.1265668406894849,silver,3.854968127335878,0.0785516442687743,4.0,1.0,C42 H82 O10 P1
A15_115829,Bacillota,True,WE(O-33:6),WE(O-33:6)+Na,WE,Wax monoesters,M+Na,C,0.5619714323312744,silver,3.1420318152211744,0.2743022731184261,5.0,2.0,C33 H54 Na1 O2
A15_86666,Streptophyta,False,,,,,,,,,,,,,
A15_5237,Streptophyta,False,,,,,,,,,,,,,
A15_82642,Streptophyta,False,,,,,,,,,,,,,
A15_104032,Streptophyta,True,TG(29:2),TG(29:2)+H,TG,triacyl,M+H,C,0.292448824195418,silver,4.1379365341241465,0.2616569999999978,3.0,1.0,C32 H57 O6
A15_209688,Bacillota,False,,,,,,,,,,,,,
A15_102972,Streptophyta,False,,,,,,,,,,,,,
A15_184135,Streptophyta,False,,,,,,,,,,,,,
A15_162257,Bacillota,True,DG(P-11:0_20:1),DG(P-11:0_20:1)+H,DG,alkenyl-acyl,M+H,C,0.5436305172425387,silver,1.178426568939224,0.2606829117647038,4.0,1.0,C34 H65 O4
A15_85473,Streptophyta,False,,,,,,,,,,,,,
A15_146697,Pseudomonadota,False,,,,,,,,,,,,,
A15_121424,Streptophyta,True,DG(16:1_16:3),DG(16:1_16:3)+H,DG,diacyl,M+H,A,1.028451475042763,gold,1.7873848510283223,0.0048204729055889,2.0,2.0,C35 H61 O5
A15_137389,Pseudomonadota,True,PC(30:1),PC(30:1)+H,PC,diacyl,M+H,C,2.9892232575574096,silver,0.8009286533524852,0.175700576453412,23.0,9.0,C38 H75 N1 O8 P1
A15_135591,Pseudomonadota,True,PC(30:1),PC(30:1)+H,PC,diacyl,M+H,C,2.9892232575574096,silver,0.6859573966595887,0.2653005764534111,23.0,7.0,C38 H75 N1 O8 P1
A15_175962,Streptophyta,False,,,,,,,,,,,,,
A15_111670,Streptophyta,True,DG(16:3_18:3),DG(16:3_18:3)+NH4,DG,diacyl,M+NH4,A,0.95914540597602,gold,0.5148842274799407,0.2344773706451803,3.0,1.0,C37 H64 N1 O5
A15_128206,Streptophyta,True,TG(20:3_18:1)+O:(s),TG(20:3_18:1)+NH4+O:(s),TG,triacyl,M+NH4,C,0.4185235379173607,silver,1.1220308064791065,0.1321641278164573,2.0,4.0,C41 H74 N1 O7
A15_19527,Streptophyta,False,,,,,,,,,,,,,
A15_81261,Streptophyta,True,DG(18:3_18:4),DG(18:3_18:4)+H,DG,diacyl,M+H,A,0.6853959197325123,gold,1.0115085154589596,0.0414168008372444,7.0,10.0,C39 H63 O5
A15_69992,Streptophyta,True,DG(18:3_18:4),DG(18:3_18:4)+H,DG,diacyl,M+H,A,0.8069567718225392,gold,0.2607108900365215,0.052164069521007,5.0,4.0,C39 H63 O5
A15_173848,Streptophyta,True,DGDG(18:1_18:1),DGDG(18:1_18:1)+Na,DGDG,Digalactosyldiacylglycerol,M+Na,C,0.1891115056381776,silver,0.1895404745182624,0.1012529999999998,4.0,3.0,C51 H92 Na1 O15
A15_169124,Pseudomonadota,True,PG(17:1_18:1),PG(17:1_18:1)+NH4,PG,diacyl,M+NH4,A,0.5922193771672076,silver,4.843472185234172,0.0993622801531088,1.0,1.0,C41 H81 N1 O10 P1
A15_214293,Bacillota,False,,,,,,,,,,,,,
A15_212025,Bacillota,False,,,,,,,,,,,,,
A15_175646,Pseudomonadota,False,,,,,,,,,,,,,
A15_150539,Pseudomonadota,True,PG(16:1_18:1),PG(16:1_18:1)+NH4,PG,diacyl,M+NH4,A,1.0079503254992446,gold,1.260441097008948,0.0122861507592144,9.0,10.0,C40 H79 N1 O10 P1
A15_161944,Pseudomonadota,True,PG(16:0_18:1),PG(16:0_18:1)+H,PG,diacyl,M+H,A,0.2694508015129631,gold,0.3905189506318117,0.0551593968352825,5.0,3.0,C40 H78 O10 P1
A15_122443,Streptophyta,True,DG(16:1_16:3),DG(16:1_16:3)+H,DG,diacyl,M+H,A,1.028451475042763,gold,1.7232651015417355,0.0237795270944118,2.0,2.0,C35 H61 O5
A15_92419,Streptophyta,True,DG(P-9:0_18:3),DG(P-9:0_18:3)+H,DG,alkenyl-acyl,M+H,C,0.1916522399143412,bronze,1.2490726002306536,0.0971507999999996,1.0,1.0,C30 H53 O4
A15_56457,Pseudomonadota,False,,,,,,,,,,,,,
A15_96076,Streptophyta,True,TG(14:0_5:0_20:4)+OO:(s),TG(14:0_5:0_20:4)+NH4+OO:(s),TG,triacyl,M+NH4,C,0.0785901106384412,bronze,0.1448675262904495,0.1146809374864652,1.0,1.0,C42 H76 N1 O8
A15_178751,Streptophyta,True,DGDG(8:0_22:1),DGDG(8:0_22:1)+Na,DGDG,Digalactosyldiacylglycerol,M+Na,C,1.3934182409951703,silver,0.7265057179846014,0.1593680000000006,3.0,3.0,C45 H82 Na1 O15
A15_177249,Streptophyta,False,,,,,,,,,,,,,
A15_179561,Pseudomonadota,False,,,,,,,,,,,,,
A15_181857,Pseudomonadota,False,,,,,,,,,,,,,
A15_129277,Streptophyta,False,,,,,,,,,,,,,
A15_175638,Pseudomonadota,True,DG(O-15:2_18:1),DG(O-15:2_18:1)+H,DG,alkyl-acyl,M+H,B,0.2594239579642438,silver,0.7872632602604946,0.0195619999999969,1.0,2.0,C36 H67 O4
A15_26889,Pseudomonadota,False,,,,,,,,,,,,,
A15_23230,Pseudomonadota,False,,,,,,,,,,,,,
A15_20896,Pseudomonadota,False,,,,,,,,,,,,,
A15_49706,Streptophyta,True,TG(36:5)+OO:(s),TG(36:5)+NH4+OO:(s),TG,triacyl,M+NH4,C,0.0314514236661699,bronze,0.2054037653017377,0.0504971000000002,1.0,1.0,C39 H68 N1 O8
A15_190389,Streptophyta,True,TG(18:3_18:3_18:3)+O:(s),TG(18:3_18:3_18:3)+NH4+O:(s),TG,triacyl,M+NH4,A,0.4992964313090333,gold,1.075758025565336,0.0760420342737653,4.0,4.0,C57 H96 N1 O7
A15_155706,Streptophyta,True,TG(29:2_9:0)+O:(s),TG(29:2_9:0)+NH4+O:(s),TG,triacyl,M+NH4,C,0.183080499968617,bronze,0.4787168986955337,0.0349637335959371,1.0,1.0,C41 H78 N1 O7
A15_67332,Streptophyta,False,,,,,,,,,,,,,
A15_93624,Streptophyta,True,DG(16:1_18:4),DG(16:1_18:4)+H,DG,diacyl,M+H,A,0.4821244791401899,silver,0.3582163319453098,0.0237006999999991,1.0,1.0,C37 H63 O5
A15_160871,Actinomycetota,False,,,,,,,,,,,,,
A15_143389,Heterolobosea,False,,,,,,,,,,,,,
A15_144828,Heterolobosea,False,,,,,,,,,,,,,
A15_156425,Bacillota,True,PE(32:3),PE(32:3)+H,PE,diacyl,M+H,C,0.3174126931697018,silver,2.163280150241516,0.0608139999999988,2.0,3.0,C37 H69 N1 O8 P1
A15_160639,Pseudomonadota,True,PG(16:0_17:1),PG(16:0_17:1)+NH4,PG,diacyl,M+NH4,A,1.3626433637656024,gold,1.1820169912904552,0.0110476833127943,8.0,7.0,C39 H79 N1 O10 P1
A15_160343,Bacillota,True,PE(17:1_15:0),PE(17:1_15:0)+H,PE,diacyl,M+H,B,2.287182350744577,gold,0.177625387962939,0.068784691005419,18.0,18.0,C37 H73 N1 O8 P1
A15_158677,Bacillota,True,PE(17:1_15:0),PE(17:1_15:0)+H,PE,diacyl,M+H,B,2.287182350744577,gold,0.1674878975452421,0.1267846910054206,18.0,20.0,C37 H73 N1 O8 P1
A15_127056,Pseudomonadota,False,,,,,,,,,,,,,
A15_113930,Streptophyta,False,,,,,,,,,,,,,
A15_175067,Pseudomonadota,True,TG(39:10_7:0),TG(39:10_7:0)+NH4,TG,triacyl,M+NH4,C,0.2585682031031985,bronze,2.781688934883887,0.0378679999999995,1.0,3.0,C49 H78 N1 O6
A15_142811,Streptophyta,False,,,,,,,,,,,,,
A15_150684,Pseudomonadota,True,PG(16:0_18:2),PG(16:0_18:2)+H,PG,diacyl,M+H,A,0.3442367956733563,gold,0.8640513289398779,0.2814949999999996,3.0,5.0,C40 H76 O10 P1
A15_57566,Streptophyta,False,,,,,,,,,,,,,
A15_115483,Streptophyta,False,,,,,,,,,,,,,
A15_65685,Streptophyta,False,,,,,,,,,,,,,
A15_53330,Streptophyta,False,,,,,,,,,,,,,
A15_105683,Streptophyta,False,,,,,,,,,,,,,
A15_109090,Bacillota,True,PG(P-14:2_19:3),PG(P-14:2_19:3)+NH4,PG,alkenyl-acyl,M+NH4,C,0.3738420676325824,bronze,2.464114256136104,0.0244211847292721,1.0,2.0,C39 H71 N1 O9 P1
A15_205407,Streptophyta,False,,,,,,,,,,,,,
A15_124647,Bacillota,False,,,,,,,,,,,,,
A15_183405,Streptophyta,True,Cer(d18:2_20:0),Cer(d18:2_20:0)+H,Cer,acylsphingosines,M+H,C,0.2429134168509523,bronze,0.9233428335360536,0.2908049999999988,1.0,1.0,C38 H74 N1 O3
A15_188056,Streptophyta,True,Cer(d16:1_22:1),Cer(d16:1_22:1)+H,Cer,acylsphingosines,M+H,A,1.0326308002356346,gold,2.248149734857455,0.1260010000000022,4.0,6.0,C38 H74 N1 O3
A15_184996,Streptophyta,True,Cer(d16:1_22:1),Cer(d16:1_22:1)+H,Cer,acylsphingosines,M+H,A,1.0326308002356346,gold,2.4455967831363346,0.0512990000000002,4.0,4.0,C38 H74 N1 O3
A15_186485,Streptophyta,True,Cer(d16:1_22:1),Cer(d16:1_22:1)+H,Cer,acylsphingosines,M+H,A,1.0326308002356346,gold,2.226211178814524,0.1055010000000002,4.0,5.0,C38 H74 N1 O3
A15_121389,Streptophyta,True,PE(18:1_18:3),PE(18:1_18:3)+H,PE,diacyl,M+H,B,1.0696345348211216,silver,3.3031189662702283,0.2182650929517962,1.0,8.0,C41 H75 N1 O8 P1
A15_175032,Bacillota,True,TG(43:13_5:0),TG(43:13_5:0)+NH4,TG,triacyl,M+NH4,B,0.2506701893064104,gold,3.128519784300212,0.1026135986547061,2.0,4.0,C51 H76 N1 O6
A15_111579,Streptophyta,True,MG(O-26:6),MG(O-26:6)+H,MG,monoalkyl,M+H,C,0.3583766121468939,silver,0.4625435482901296,0.0592309618033723,7.0,1.0,C29 H49 O3
A15_118169,Streptophyta,True,DG(18:3_18:3),DG(18:3_18:3)+NH4,DG,diacyl,M+NH4,A,0.4145518402707192,gold,0.7146646444794401,0.0439460000000018,3.0,3.0,C39 H68 N1 O5
A15_176784,Pseudomonadota,False,,,,,,,,,,,,,
A15_155859,Bacillota,True,DG(O-15:0_17:2),DG(O-15:0_17:2)+H,DG,alkyl-acyl,M+H,C,0.441306874428889,silver,0.236075421529632,0.137578527116382,3.0,1.0,C35 H67 O4
A15_157630,Bacillota,True,DG(O-15:0_17:2),DG(O-15:0_17:2)+H,DG,alkyl-acyl,M+H,C,0.441306874428889,silver,0.2795928883890959,0.1092785271163823,3.0,1.0,C35 H67 O4
A15_99796,Streptophyta,False,,,,,,,,,,,,,
A15_154218,Bacillota,True,DG(O-15:0_17:2),DG(O-15:0_17:2)+H,DG,alkyl-acyl,M+H,C,0.441306874428889,silver,0.1617330908672117,0.2862785271163819,3.0,2.0,C35 H67 O4
A15_26890,Pseudomonadota,False,,,,,,,,,,,,,
A15_187286,Streptophyta,True,DG(P-15:2_20:0),DG(P-15:2_20:0)+NH4,DG,alkenyl-acyl,M+NH4,C,0.5623194394688471,bronze,1.647318580250387,0.00347,1.0,1.0,C38 H74 N1 O4
A15_179743,Streptophyta,True,WE(O-18:0_18:2),WE(O-18:0_18:2)+Na,WE,Wax monoesters,M+Na,C,1.0246546080756096,bronze,1.470577826215885,0.0172903488283857,1.0,1.0,C36 H68 Na1 O2
A15_148243,Bacillota,True,DG(O-13:0_17:2),DG(O-13:0_17:2)+H,DG,alkyl-acyl,M+H,C,0.4620772281786546,silver,0.6119727701548614,0.1362690000000004,11.0,1.0,C33 H63 O4
A15_105480,Streptophyta,False,,,,,,,,,,,,,
A15_153021,Bacillota,True,PE(P-16:1_18:3),PE(P-16:1_18:3)+H,PE,alkenyl-acyl,M+H,B,1.1863351570777103,silver,0.2231529678119039,0.1628790000000002,1.0,3.0,C39 H71 N1 O7 P1
A15_49864,Streptophyta,False,,,,,,,,,,,,,
A15_158451,Pseudomonadota,True,BisMePA(30:2),BisMePA(30:2)+NH4,BisMePA,diacyl,M+NH4,C,0.6918744095129805,silver,0.6649827907766326,0.124456553859451,2.0,3.0,C35 H69 N1 O8 P1
A15_161965,Pseudomonadota,True,DG(O-19:0_12:0),DG(O-19:0_12:0)+Na,DG,alkyl-acyl,M+Na,C,0.5442313732557218,silver,1.7751873365005664,0.1022811470532794,2.0,2.0,C34 H68 Na1 O4
A15_160633,Pseudomonadota,True,DG(O-19:0_12:0),DG(O-19:0_12:0)+Na,DG,alkyl-acyl,M+Na,C,0.5442313732557218,silver,1.6314438211742377,0.0784811470532798,2.0,2.0,C34 H68 Na1 O4
A15_103295,Streptophyta,True,MG(O-26:7),MG(O-26:7)+H,MG,monoalkyl,M+H,C,0.2702150836090655,silver,1.0119613759781765,0.2853183500000007,2.0,1.0,C29 H47 O3
A15_165464,Pseudomonadota,False,,,,,,,,,,,,,
A15_158049,Streptophyta,True,DGDG(18:1_18:2),DGDG(18:1_18:2)+NH4,DGDG,Digalactosyldiacylglycerol,M+NH4,A,0.9887324967862648,gold,0.9105404655749986,0.0611550000000011,6.0,7.0,C51 H94 N1 O15
A15_76025,Streptophyta,False,,,,,,,,,,,,,
A15_156204,Pseudomonadota,False,,,,,,,,,,,,,
A15_107286,Streptophyta,False,,,,,,,,,,,,,
A15_5633,Streptophyta,False,,,,,,,,,,,,,
A15_6105,Streptophyta,False,,,,,,,,,,,,,
A15_162544,Pseudomonadota,False,,,,,,,,,,,,,
A15_160510,Pseudomonadota,False,,,,,,,,,,,,,
A15_215140,Bacillota,True,TG(4:0_16:0_18:1),TG(4:0_16:0_18:1)+NH4,TG,triacyl,M+NH4,A,1.057203014870984,gold,1.351322326928018,0.0126466984872521,13.0,10.0,C41 H80 N1 O6
A15_213892,Bacillota,True,TG(4:0_16:0_18:1),TG(4:0_16:0_18:1)+NH4,TG,triacyl,M+NH4,A,1.057203014870984,gold,1.346927359413979,0.1437466984872522,13.0,13.0,C41 H80 N1 O6
A15_129475,Streptophyta,False,,,,,,,,,,,,,
A15_14215,Streptophyta,True,TG(8:0_18:4),TG(8:0_18:4)+NH4,TG,triacyl,M+NH4,C,0.1350396385999635,bronze,1.9587503364061745,0.0747092999999998,1.0,3.0,C29 H50 N1 O6
A15_133613,Streptophyta,False,,,,,,,,,,,,,
A15_163515,Pseudomonadota,True,DG(O-15:1_20:3),DG(O-15:1_20:3)+H,DG,alkyl-acyl,M+H,C,0.095071355659229,bronze,0.2086658413594012,0.2715360000000011,1.0,1.0,C38 H69 O4
A15_161501,Pseudomonadota,True,DG(O-18:4_17:0),DG(O-18:4_17:0)+H,DG,alkyl-acyl,M+H,C,0.5801648011265367,bronze,1.3857774571368384,0.247944121954946,1.0,1.0,C38 H69 O4
A15_174558,Streptophyta,False,,,,,,,,,,,,,
A15_35009,Pseudomonadota,False,,,,,,,,,,,,,
A15_193505,Streptophyta,False,,,,,,,,,,,,,
A15_94130,Streptophyta,True,DG(P-13:1_19:1),DG(P-13:1_19:1)+Na,DG,alkenyl-acyl,M+Na,C,0.3760997258889674,bronze,0.065964793912972,0.1503047999999989,1.0,1.0,C35 H64 Na1 O4
A15_52511,Streptophyta,False,,,,,,,,,,,,,
A15_149832,Pseudomonadota,False,,,,,,,,,,,,,
A15_101989,Streptophyta,False,,,,,,,,,,,,,
A15_57088,Streptophyta,False,,,,,,,,,,,,,
A15_116409,Streptophyta,True,TG(20:4_18:1)+O:(s),TG(20:4_18:1)+NH4+O:(s),TG,triacyl,M+NH4,C,0.2678792449861358,bronze,0.74011896627054,0.1373398119953854,1.0,1.0,C41 H72 N1 O7
A15_83502,Streptophyta,False,,,,,,,,,,,,,
A15_67885,Streptophyta,False,,,,,,,,,,,,,
A15_21690,Streptophyta,False,,,,,,,,,,,,,
A15_70184,Streptophyta,False,,,,,,,,,,,,,
A15_164074,Streptophyta,False,,,,,,,,,,,,,
A15_6374,Streptophyta,False,,,,,,,,,,,,,
A15_113653,Streptophyta,True,DG(16:3_18:3),DG(16:3_18:3)+H,DG,diacyl,M+H,A,0.5265567227705538,gold,0.3897705038346666,0.1026181082012946,7.0,15.0,C37 H61 O5
A15_6801,Mucoromycota,False,,,,,,,,,,,,,
A15_124965,Pseudomonadota,False,,,,,,,,,,,,,
A15_175574,Streptophyta,False,,,,,,,,,,,,,
A15_138450,Streptophyta,False,,,,,,,,,,,,,
A15_65987,Streptophyta,False,,,,,,,,,,,,,
A15_215080,Bacillota,False,,,,,,,,,,,,,
A15_212277,Bacillota,False,,,,,,,,,,,,,
A15_130710,Streptophyta,True,DGDG(18:2_18:3),DGDG(18:2_18:3)+NH4,DGDG,Digalactosyldiacylglycerol,M+NH4,A,1.651671548295239,gold,0.2898825601116104,0.217223999999998,19.0,5.0,C51 H90 N1 O15
A15_136490,Bacillota,True,PE(16:1_14:0),PE(16:1_14:0)+H,PE,diacyl,M+H,B,2.187442968386151,gold,0.395491413416823,0.2150825621495897,3.0,16.0,C35 H69 N1 O8 P1
A15_162904,Streptophyta,True,DG(O-17:2_17:3),DG(O-17:2_17:3)+H,DG,alkyl-acyl,M+H,C,0.7361793213869774,silver,0.2912097566173926,0.1230714999999982,2.0,4.0,C37 H65 O4
A15_30912,Streptophyta,False,,,,,,,,,,,,,
A15_87930,Streptophyta,False,,,,,,,,,,,,,
A15_136534,Streptophyta,True,TG(20:1_18:3)+O:(s),TG(20:1_18:3)+NH4+O:(s),TG,triacyl,M+NH4,C,0.2408853885677134,bronze,0.0639574612868966,0.1720087728429309,1.0,2.0,C41 H74 N1 O7
A15_204637,Bacillota,False,,,,,,,,,,,,,
A15_138000,Streptophyta,False,,,,,,,,,,,,,
A15_206070,Streptophyta,True,TG(49:15_18:3),TG(49:15_18:3)+NH4,TG,triacyl,M+NH4,C,0.7503126089493724,silver,0.0969138086446352,0.2574469999999991,7.0,1.0,C70 H104 N1 O6
A15_142616,Streptophyta,False,,,,,,,,,,,,,
A15_88127,Streptophyta,True,DG(16:1_18:4),DG(16:1_18:4)+H,DG,diacyl,M+H,B,0.3052548682640591,silver,2.8099416731853224,0.1095043048327131,1.0,5.0,C37 H63 O5
A15_97852,Streptophyta,False,,,,,,,,,,,,,
A15_134230,Bacillota,False,,,,,,,,,,,,,
A15_190322,Streptophyta,True,TG(16:0_18:3_18:4),TG(16:0_18:3_18:4)+Na,TG,triacyl,M+Na,B,0.7881549506556543,gold,0.6425444096041557,0.0937273751429756,3.0,5.0,C55 H92 Na1 O6
A15_69525,Streptophyta,False,,,,,,,,,,,,,
A15_155591,Pseudomonadota,True,BisMePA(30:2),BisMePA(30:2)+NH4,BisMePA,diacyl,M+NH4,C,0.7593091059929743,silver,1.3359021774592683,0.018418500000001,4.0,4.0,C35 H69 N1 O8 P1
A15_194833,Streptophyta,False,,,,,,,,,,,,,
A15_142222,Heterolobosea,False,,,,,,,,,,,,,
A15_129124,Streptophyta,True,DG(16:0_18:4),DG(16:0_18:4)+H,DG,diacyl,M+H,A,1.3391599865695951,gold,0.2688798378496687,0.2512474507562903,21.0,7.0,C37 H65 O5
A15_27702,Streptophyta,False,,,,,,,,,,,,,
A15_85800,Streptophyta,False,,,,,,,,,,,,,
A15_117516,Streptophyta,False,,,,,,,,,,,,,
A15_33656,Streptophyta,True,DG(29:8_5:0),DG(29:8_5:0)+H,DG,diacyl,M+H,C,0.1351818254563487,bronze,0.8712426112680876,0.142741730954004,1.0,1.0,C37 H57 O5
A15_35267,Streptophyta,True,DG(29:8_5:0),DG(29:8_5:0)+H,DG,diacyl,M+H,C,0.1351818254563487,bronze,0.5375761277445834,0.1893417309540046,1.0,1.0,C37 H57 O5
A15_153209,Streptophyta,False,,,,,,,,,,,,,
A15_151331,Pseudomonadota,True,MGDG(16:1_16:3),MGDG(16:1_16:3)+NH4,MGDG,Monogalactosyldiacylglycerol,M+NH4,A,0.748899230059818,silver,0.0513948581010892,0.1458539999999999,1.0,4.0,C41 H74 N1 O10
A15_161513,Pseudomonadota,True,PG(16:0_18:1),PG(16:0_18:1)+NH4,PG,diacyl,M+NH4,A,1.3203955211644816,gold,2.3140930054926967,0.2838215211595791,16.0,10.0,C40 H81 N1 O10 P1
A15_6391,Pseudomonadota,False,,,,,,,,,,,,,
A15_3938,Pseudomonadota,False,,,,,,,,,,,,,
A15_143061,Streptophyta,False,,,,,,,,,,,,,
A15_168347,Bacillota,False,,,,,,,,,,,,,
A15_4164,Pseudomonadota,False,,,,,,,,,,,,,
A15_146142,Bacillota,True,PEt(19:4_15:0),PEt(19:4_15:0)+Na,PEt,diacyl,M+Na,C,0.515791812120043,silver,0.7647980001373815,0.1500789999999998,3.0,3.0,C39 H69 Na1 O8 P1
A15_120559,Bacillota,True,PE(16:2_18:1),PE(16:2_18:1)+H,PE,diacyl,M+H,B,0.5295439117201105,gold,0.1986035996924007,0.1208900505698,4.0,13.0,C39 H73 N1 O8 P1
A15_133418,Streptophyta,False,,,,,,,,,,,,,
A15_157026,Streptophyta,False,,,,,,,,,,,,,
A15_9209,Streptophyta,False,,,,,,,,,,,,,
A15_7651,Pseudomonadota,False,,,,,,,,,,,,,
A15_9241,Pseudomonadota,False,,,,,,,,,,,,,
A15_224885,Streptophyta,False,,,,,,,,,,,,,
A15_118571,Streptophyta,False,,,,,,,,,,,,,
A15_78905,Streptophyta,True,DG(P-12:1_23:7),DG(P-12:1_23:7)+Na,DG,alkenyl-acyl,M+Na,C,0.4223149307682321,bronze,0.3086156900861437,0.07206398627451,1.0,1.0,C38 H58 Na1 O4
A15_3024,Streptophyta,False,,,,,,,,,,,,,
A15_114141,Streptophyta,True,DG(16:3_18:3),DG(16:3_18:3)+NH4,DG,diacyl,M+NH4,A,0.95914540597602,gold,1.7939145281230224,0.0966226293548189,3.0,2.0,C37 H64 N1 O5
A15_106330,Streptophyta,False,,,,,,,,,,,,,
A15_115400,Streptophyta,False,,,,,,,,,,,,,
A15_112074,Streptophyta,True,DG(P-13:1_19:3),DG(P-13:1_19:3)+Na,DG,alkenyl-acyl,M+Na,C,0.4455521291567396,bronze,4.678212770713182,0.0439699999999998,1.0,2.0,C35 H60 Na1 O4
A15_125106,Streptophyta,True,MGDG(20:5_18:3),MGDG(20:5_18:3)+NH4,MGDG,Monogalactosyldiacylglycerol,M+NH4,C,0.9395090084899516,silver,3.2551774494216548,0.255628408836321,2.0,3.0,C47 H78 N1 O10
A15_224007,Bacillota,False,,,,,,,,,,,,,
A15_147379,Pseudomonadota,True,MGDG(16:3_18:2),MGDG(16:3_18:2)+NH4,MGDG,Monogalactosyldiacylglycerol,M+NH4,B,0.6046251933047159,gold,4.313979848208208,0.2665406551475389,2.0,1.0,C43 H76 N1 O10
A15_104860,Streptophyta,False,,,,,,,,,,,,,
A15_57808,Streptophyta,True,MGDG(18:3_18:3),MGDG(18:3_18:3)+NH4,MGDG,Monogalactosyldiacylglycerol,M+NH4,C,0.0312970321166312,bronze,2.123428016942488,0.0259149079554363,1.0,1.0,C45 H78 N1 O10
A15_179363,Streptophyta,True,WE(O-24:3_18:2),WE(O-24:3_18:2)+Na,WE,Wax monoesters,M+Na,C,0.1479700216416888,bronze,0.8127764486880188,0.188603999999998,1.0,1.0,C42 H74 Na1 O2
A15_111294,Streptophyta,False,,,,,,,,,,,,,
A15_126245,Streptophyta,False,,,,,,,,,,,,,
A15_220397,Streptophyta,False,,,,,,,,,,,,,
A15_166359,Actinomycetota,False,,,,,,,,,,,,,
A15_165428,Actinomycetota,False,,,,,,,,,,,,,
A15_101083,Streptophyta,False,,,,,,,,,,,,,
A15_112100,Bacillota,False,,,,,,,,,,,,,
A15_154193,Streptophyta,True,TG(27:1_9:0)+O:(s),TG(27:1_9:0)+NH4+O:(s),TG,triacyl,M+NH4,C,0.4715573800453592,silver,0.702399738919061,0.1422240000000005,3.0,2.0,C39 H76 N1 O7
A15_111879,Streptophyta,True,MGDG(16:3_18:3),MGDG(16:3_18:3)+NH4,MGDG,Monogalactosyldiacylglycerol,M+NH4,A,0.6671572410079907,gold,4.462388320727444,0.0427158361439499,2.0,3.0,C43 H74 N1 O10
A15_169228,Actinomycetota,True,PC(42:9),PC(42:9)+H,PC,diacyl,M+H,C,1.2556576392163867,silver,2.0304478822537964,0.1172800000000009,5.0,3.0,C50 H83 N1 O8 P1
A15_27389,Streptophyta,False,,,,,,,,,,,,,
A15_97284,Streptophyta,True,TG(O-5:0_2:0_19:3),TG(O-5:0_2:0_19:3)+H,TG,alkyl-acyl,M+H,B,0.2069983055303836,silver,2.8682763950190058,0.1074245000000004,1.0,5.0,C29 H51 O5
A15_171383,Streptophyta,True,TG(38:1)+O:(s),TG(38:1)+NH4+O:(s),TG,triacyl,M+NH4,C,0.2374106234984508,bronze,2.2305899473483266,0.2898727170543402,1.0,1.0,C41 H80 N1 O7
A15_120718,Streptophyta,True,PG(21:3_16:0),PG(21:3_16:0)+NH4,PG,diacyl,M+NH4,C,0.0495416883667134,bronze,4.289736529409281,0.0782285698953657,1.0,1.0,C43 H83 N1 O10 P1
A15_107935,Streptophyta,True,TG(35:5)+O:(s),TG(35:5)+NH4+O:(s),TG,triacyl,M+NH4,C,0.2771059516104839,bronze,1.992593713693809,0.0430919471504243,1.0,3.0,C38 H66 N1 O7
A15_11469,Streptophyta,False,,,,,,,,,,,,,
A15_175022,Streptophyta,False,,,,,,,,,,,,,
A15_67224,Streptophyta,False,,,,,,,,,,,,,
A15_21403,Streptophyta,False,,,,,,,,,,,,,
A15_92489,Streptophyta,False,,,,,,,,,,,,,
A15_179645,Pseudomonadota,True,PE(20:4_16:0),PE(20:4_16:0)+H,PE,diacyl,M+H,B,1.4700362805593157,gold,1.960904191280808,0.1706987965827018,5.0,11.0,C41 H75 N1 O8 P1
A15_92966,Streptophyta,False,,,,,,,,,,,,,
A15_157168,Streptophyta,True,DGDG(16:0_18:2),DGDG(16:0_18:2)+NH4,DGDG,Digalactosyldiacylglycerol,M+NH4,A,1.3166030471297212,gold,0.8912036676910287,0.2393619283867334,20.0,5.0,C49 H92 N1 O15
A15_64770,Streptophyta,False,,,,,,,,,,,,,
A15_168515,Pseudomonadota,True,DG(O-35:4),DG(O-35:4)+H,DG,alkyl-acyl,M+H,C,0.2785346539679288,bronze,1.2671575612064343,0.0211365786678143,1.0,5.0,C38 H69 O4
A15_99799,Streptophyta,True,DG(16:0_18:4),DG(16:0_18:4)+H,DG,diacyl,M+H,A,1.0444146906175715,gold,0.6607451028215576,0.2540068000000008,11.0,8.0,C37 H65 O5
A15_75376,Streptophyta,True,DG(O-26:4),DG(O-26:4)+H,DG,alkyl-acyl,M+H,C,0.487982554163437,silver,0.9297118022047686,0.2211720869608155,3.0,4.0,C29 H51 O4
A15_151654,Pseudomonadota,False,,,,,,,,,,,,,
A15_149858,Pseudomonadota,False,,,,,,,,,,,,,
A15_148934,Pseudomonadota,False,,,,,,,,,,,,,
A15_144274,Streptophyta,True,MePC(38:6),MePC(38:6)+H,MePC,diacyl,M+H,C,0.0399559838875672,bronze,2.5646627454529862,0.1043979999999997,1.0,1.0,C47 H84 N1 O8 P1
A15_112045,Streptophyta,False,,,,,,,,,,,,,
A15_176003,Pseudomonadota,True,PE(20:4_16:0),PE(20:4_16:0)+H,PE,diacyl,M+H,B,1.4700362805593157,gold,2.8035562504573464,0.0972012034172991,5.0,14.0,C41 H75 N1 O8 P1
A15_177384,Pseudomonadota,True,PE(20:4_16:0),PE(20:4_16:0)+H,PE,diacyl,M+H,B,1.4700362805593157,gold,2.711728713604678,0.0572012034172964,5.0,14.0,C41 H75 N1 O8 P1
A15_184622,Streptophyta,False,,,,,,,,,,,,,
A15_110219,Streptophyta,True,PC(P-40:12),PC(P-40:12)+H,PC,alkenyl-acyl,M+H,C,0.2884666717088735,silver,3.732554543965996,0.1974952367391313,2.0,1.0,C48 H73 N1 O7 P1
A15_77571,Streptophyta,False,,,,,,,,,,,,,
A15_156986,Streptophyta,True,DG(16:0_18:3),DG(16:0_18:3)+H,DG,diacyl,M+H,A,1.0114430517660546,gold,0.7350754091060437,0.0098324999999999,13.0,6.0,C37 H67 O5
A15_95271,Streptophyta,True,DG(18:2_18:4),DG(18:2_18:4)+H,DG,diacyl,M+H,A,0.7459902013832359,gold,1.5530707819804104,0.1934541999999997,4.0,7.0,C39 H65 O5
A15_105574,Streptophyta,False,,,,,,,,,,,,,
A15_117523,Streptophyta,True,DG(18:2_18:4),DG(18:2_18:4)+H,DG,diacyl,M+H,A,0.8630017479851663,gold,0.7472532984339658,0.2763558938432435,12.0,11.0,C39 H65 O5
A15_181740,Streptophyta,False,,,,,,,,,,,,,
A15_81823,Streptophyta,True,PG(17:2_18:2),PG(17:2_18:2)+NH4,PG,diacyl,M+NH4,C,0.0198079643001777,bronze,1.1769173185902275,0.1483981645522387,1.0,1.0,C41 H77 N1 O10 P1
A15_174744,Streptophyta,True,DG(P-15:2_20:0),DG(P-15:2_20:0)+NH4,DG,alkenyl-acyl,M+NH4,C,0.3792548130105242,bronze,0.0497955212015954,0.0108309999999995,1.0,1.0,C38 H74 N1 O4
A15_175684,Discosea,True,DG(20:3_20:4),DG(20:3_20:4)+NH4,DG,diacyl,M+NH4,A,0.9809048388947094,gold,0.1578334732857096,0.2286874999999995,9.0,8.0,C43 H74 N1 O5
A15_181056,Discosea,True,DG(20:3_20:4),DG(20:3_20:4)+NH4,DG,diacyl,M+NH4,A,0.6573492953923518,gold,1.6199014799982456,0.2768181137217596,4.0,7.0,C43 H74 N1 O5
A15_147521,Streptophyta,False,,,,,,,,,,,,,
A15_189428,Streptophyta,True,WE(O-19:0_17:1),WE(O-19:0_17:1)+Na,WE,Wax monoesters,M+Na,C,0.3158355207530832,silver,2.036705696791744,0.0739590031470776,2.0,4.0,C36 H70 Na1 O2
A15_152414,Pseudomonadota,True,PG(16:0_16:1),PG(16:0_16:1)+NH4,PG,diacyl,M+NH4,A,1.649863955118397,gold,2.4223371788277785,0.1809681815012442,8.0,11.0,C38 H77 N1 O10 P1
A15_172698,Streptophyta,True,TG(16:3_18:3_18:4)+O:(s),TG(16:3_18:3_18:4)+NH4+O:(s),TG,triacyl,M+NH4,B,0.6755101761825264,silver,3.3420355892238334,0.1165939999999992,1.0,2.0,C55 H90 N1 O7
A15_60395,Streptophyta,False,,,,,,,,,,,,,
A15_166681,Bacillota,False,,,,,,,,,,,,,
A15_22852,Basidiomycota,True,MG(O-25:8),MG(O-25:8)+H,MG,monoalkyl,M+H,C,0.2569058323471748,silver,0.5627959471757907,0.1656667999999999,3.0,1.0,C28 H43 O3
A15_165120,Heterolobosea,False,,,,,,,,,,,,,
A15_163593,Streptophyta,True,DGDG(18:1_18:2),DGDG(18:1_18:2)+NH4,DGDG,Digalactosyldiacylglycerol,M+NH4,A,0.9887324967862648,gold,0.2766023095949018,0.2233550000000015,6.0,4.0,C51 H94 N1 O15
A15_52845,Streptophyta,True,TG(18:1_18:3)+OO:(s),TG(18:1_18:3)+NH4+OO:(s),TG,triacyl,M+NH4,C,0.2052804556980016,silver,1.2220615640651982,0.0748972027342995,2.0,2.0,C39 H70 N1 O8
A15_3787,Pseudomonadota,False,,,,,,,,,,,,,
A15_1013,Pseudomonadota,False,,,,,,,,,,,,,
A15_1286,Pseudomonadota,False,,,,,,,,,,,,,
A15_44567,Streptophyta,False,,,,,,,,,,,,,
A15_207597,Bacillota,False,,,,,,,,,,,,,
A15_183940,Streptophyta,True,DG(P-14:2_21:1),DG(P-14:2_21:1)+NH4,DG,alkenyl-acyl,M+NH4,C,0.1036686159195833,bronze,0.7335550915422286,0.0862313619281778,1.0,3.0,C38 H72 N1 O4
A15_193906,Streptophyta,True,DG(O-28:8_16:1),DG(O-28:8_16:1)+NH4,DG,alkyl-acyl,M+NH4,B,0.3327257312775566,gold,3.1068002194406543,0.0505144999999984,2.0,1.0,C47 H80 N1 O4
A15_65013,Streptophyta,False,,,,,,,,,,,,,
A15_202571,Bacillota,False,,,,,,,,,,,,,
A15_67273,Pseudomonadota,False,,,,,,,,,,,,,
A15_61370,Pseudomonadota,False,,,,,,,,,,,,,
A15_94381,Streptophyta,True,TG(18:3_21:6),TG(18:3_21:6)+Na,TG,triacyl,M+Na,C,0.0858276101565389,bronze,2.688873194797379,0.0598222807303265,1.0,3.0,C42 H62 Na1 O6
A15_83290,Streptophyta,False,,,,,,,,,,,,,
A15_151986,Streptophyta,False,,,,,,,,,,,,,
A15_19706,Streptophyta,False,,,,,,,,,,,,,
A15_59100,Streptophyta,False,,,,,,,,,,,,,
A15_189148,Streptophyta,True,DG(O-16:2_18:3),DG(O-16:2_18:3)+Na,DG,alkyl-acyl,M+Na,C,0.2845260378720792,bronze,0.5338954602172511,0.2299116073825509,1.0,1.0,C37 H64 Na1 O4
A15_85751,Streptophyta,False,,,,,,,,,,,,,
A15_113719,Streptophyta,True,DG(P-15:2_17:2),DG(P-15:2_17:2)+Na,DG,alkenyl-acyl,M+Na,C,0.5627140863959464,bronze,3.030709139658525,0.171291,1.0,1.0,C35 H60 Na1 O4
A15_121486,Streptophyta,True,DG(O-14:2_16:1),DG(O-14:2_16:1)+Na,DG,alkyl-acyl,M+Na,C,0.3580556932435764,bronze,0.6742745656890305,0.1577567401424975,1.0,1.0,C33 H60 Na1 O4
A15_206719,Streptophyta,False,,,,,,,,,,,,,
A15_160564,Pseudomonadota,False,,,,,,,,,,,,,
A15_6584,Pseudomonadota,False,,,,,,,,,,,,,
A15_162822,Pseudomonadota,True,PE(20:5_16:0),PE(20:5_16:0)+H,PE,diacyl,M+H,B,1.8392619591321115,gold,4.346356752910744,0.1042928486303527,3.0,9.0,C41 H73 N1 O8 P1
A15_45800,Bacillota,False,,,,,,,,,,,,,
A15_153620,Bacillota,True,PEt(16:2_18:2),PEt(16:2_18:2)+H,PEt,diacyl,M+H,C,0.0720976634258772,bronze,0.2921240987759013,0.0320894893135754,1.0,3.0,C39 H70 O8 P1
A15_174873,Streptophyta,False,,,,,,,,,,,,,
A15_34996,Streptophyta,False,,,,,,,,,,,,,
A15_216764,Streptophyta,False,,,,,,,,,,,,,
A15_68957,Streptophyta,False,,,,,,,,,,,,,
A15_185510,Streptophyta,False,,,,,,,,,,,,,
A15_148374,Streptophyta,True,TG(10:0_15:2_15:2)+O:(s),TG(10:0_15:2_15:2)+NH4+O:(s),TG,triacyl,M+NH4,C,0.1451900518019194,bronze,1.719844375387476,0.0245800000000002,1.0,1.0,C43 H78 N1 O7
A15_109929,Ascomycota,False,,,,,,,,,,,,,
A15_112849,Ascomycota,False,,,,,,,,,,,,,
A15_112788,Pseudomonadota,True,LPG(28:2),LPG(28:2)+Na,LPG,monoacyl,M+Na,C,0.0755110786641728,bronze,2.598243266374052,0.0312700932339637,1.0,1.0,C34 H65 Na1 O9 P1
A15_100316,Pseudomonadota,False,,,,,,,,,,,,,
A15_97187,Pseudomonadota,False,,,,,,,,,,,,,
A15_100211,Streptophyta,False,,,,,,,,,,,,,
A15_97334,Streptophyta,False,,,,,,,,,,,,,
A15_62179,Streptophyta,False,,,,,,,,,,,,,
A15_60879,Streptophyta,False,,,,,,,,,,,,,
A15_81575,Streptophyta,True,MGDG(18:3_18:4),MGDG(18:3_18:4)+NH4,MGDG,Monogalactosyldiacylglycerol,M+NH4,B,0.6914698205332792,gold,0.8966528613960788,0.0415980999999998,3.0,3.0,C45 H76 N1 O10
A15_176134,Pseudomonadota,False,,,,,,,,,,,,,
A15_177213,Pseudomonadota,False,,,,,,,,,,,,,
A15_215551,Streptophyta,True,TG(29:8_18:3_18:4),TG(29:8_18:3_18:4)+NH4,TG,triacyl,M+NH4,C,0.5694819783176724,silver,0.2456963968119419,0.1942266541466253,2.0,2.0,C68 H106 N1 O6
A15_102315,Streptophyta,False,,,,,,,,,,,,,
A15_173063,Streptophyta,True,TG(16:3_18:3_18:4)+O:(s),TG(16:3_18:3_18:4)+NH4+O:(s),TG,triacyl,M+NH4,B,0.6755101761825264,silver,3.762948281013819,0.1095940000000013,1.0,2.0,C55 H90 N1 O7
A15_177662,Streptophyta,False,,,,,,,,,,,,,
A15_176131,Streptophyta,False,,,,,,,,,,,,,
A15_75097,Streptophyta,False,,,,,,,,,,,,,
A15_63972,Streptophyta,False,,,,,,,,,,,,,
A15_133291,Bacillota,True,PG(15:0_15:0),PG(15:0_15:0)+NH4,PG,diacyl,M+NH4,A,0.8634418714486313,gold,4.009333921169067,0.0123046327148728,4.0,7.0,C36 H75 N1 O10 P1
A15_225268,Bacillota,True,TG(13:0_15:0_15:0),TG(13:0_15:0_15:0)+NH4,TG,triacyl,M+NH4,A,0.9346157950162384,gold,1.1823100963824666,0.0830688217857122,10.0,9.0,C46 H92 N1 O6
A15_204620,Streptophyta,True,DG(18:1_26:5),DG(18:1_26:5)+NH4,DG,diacyl,M+NH4,B,1.1610697334889912,gold,2.4737897908405966,0.0177750000903778,2.0,3.0,C47 H84 N1 O5
A15_168380,Streptophyta,False,,,,,,,,,,,,,
A15_110085,Streptophyta,False,,,,,,,,,,,,,
A15_94735,Streptophyta,False,,,,,,,,,,,,,
A15_58623,Streptophyta,False,,,,,,,,,,,,,
A15_59405,Streptophyta,False,,,,,,,,,,,,,
A15_65072,Bacillota,True,DG(P-11:0_19:4),DG(P-11:0_19:4)+Na,DG,alkenyl-acyl,M+Na,C,0.1841821172450939,silver,2.169007738958673,0.1197797422003867,8.0,2.0,C33 H56 Na1 O4
A15_216765,Streptophyta,True,PI(P-15:2_21:2),PI(P-15:2_21:2)+H,PI,alkenyl-acyl,M+H,C,0.3113607220693899,bronze,0.2690217916024109,0.1435470000000016,1.0,1.0,C45 H80 O12 P1
A15_129557,Streptophyta,True,DG(18:3_18:3),DG(18:3_18:3)+NH4,DG,diacyl,M+NH4,A,0.542139284994548,gold,0.681950611626865,0.2208100170057783,4.0,1.0,C39 H68 N1 O5
A15_117598,Streptophyta,True,PG(16:2_18:2),PG(16:2_18:2)+NH4,PG,diacyl,M+NH4,A,1.0979680203578963,gold,0.7513067647479337,0.2883619341756205,3.0,5.0,C40 H75 N1 O10 P1
A15_149869,Pseudomonadota,True,DG(O-18:4_16:0),DG(O-18:4_16:0)+H,DG,alkyl-acyl,M+H,C,0.7024113237644983,silver,1.3515786617285193,0.033934405862249,4.0,4.0,C37 H67 O4
A15_151768,Pseudomonadota,True,DG(O-18:4_16:0),DG(O-18:4_16:0)+H,DG,alkyl-acyl,M+H,C,0.7024113237644983,silver,1.653922362440352,0.2215344058622488,4.0,6.0,C37 H67 O4
A15_95934,Streptophyta,True,DG(P-13:1_19:1),DG(P-13:1_19:1)+Na,DG,alkenyl-acyl,M+Na,C,0.3760997258889674,bronze,0.0005301985323599,0.1686047999999989,1.0,1.0,C35 H64 Na1 O4
A15_144788,Streptophyta,False,,,,,,,,,,,,,
A15_175607,Bacillota,True,PC(32:3),PC(32:3)+H,PC,diacyl,M+H,C,2.638400444701943,silver,0.3713178667145859,0.1766150000000017,9.0,5.0,C40 H75 N1 O8 P1
A15_146316,Streptophyta,True,TG(21:3_20:2)+O:(s),TG(21:3_20:2)+NH4+O:(s),TG,triacyl,M+NH4,C,0.1469112035140717,bronze,0.8200847793195521,0.026315948747694,1.0,1.0,C44 H78 N1 O7
A15_55908,Streptophyta,False,,,,,,,,,,,,,
A15_208352,Bacillota,False,,,,,,,,,,,,,
A15_210233,Bacillota,False,,,,,,,,,,,,,
A15_172791,Streptophyta,True,DG(P-15:2_20:0),DG(P-15:2_20:0)+NH4,DG,alkenyl-acyl,M+NH4,C,0.3792548130105242,bronze,0.1703958604644801,0.0452310000000011,1.0,1.0,C38 H74 N1 O4
A15_179022,Streptophyta,False,,,,,,,,,,,,,
A15_178157,Pseudomonadota,False,,,,,,,,,,,,,
A15_192747,Streptophyta,False,,,,,,,,,,,,,
A15_142166,Ascomycota,False,,,,,,,,,,,,,
A15_223457,Bacillota,False,,,,,,,,,,,,,
A15_222382,Bacillota,False,,,,,,,,,,,,,
A15_19174,Methanobacteriota,False,,,,,,,,,,,,,
A15_182122,Streptophyta,True,TG(16:2_18:3_18:4)+O:(s),TG(16:2_18:3_18:4)+NH4+O:(s),TG,triacyl,M+NH4,A,0.7039701196161423,gold,1.1321364701732104,0.0209746730873376,2.0,5.0,C55 H92 N1 O7
A15_140044,Bacillota,True,PEt(20:1_15:0),PEt(20:1_15:0)+Na,PEt,diacyl,M+Na,C,0.5811656597970468,silver,3.451243469108727,0.0930110000000006,7.0,3.0,C40 H77 Na1 O8 P1
A15_77051,Streptophyta,False,,,,,,,,,,,,,
A15_132369,Streptophyta,True,DG(16:2_18:4),DG(16:2_18:4)+H,DG,diacyl,M+H,A,0.4448742886098691,silver,2.102798696978708,0.1224252650780357,1.0,3.0,C37 H61 O5
A15_138414,Bacillota,True,PEt(22:2_15:0),PEt(22:2_15:0)+Na,PEt,diacyl,M+Na,C,0.4176664286636333,silver,0.7097281879821231,0.1739300000000003,4.0,3.0,C42 H79 Na1 O8 P1
A15_135486,Bacillota,True,PEt(22:2_15:0),PEt(22:2_15:0)+Na,PEt,diacyl,M+Na,C,0.4176664286636333,silver,1.2244004634997243,0.076929999999999,4.0,3.0,C42 H79 Na1 O8 P1
A15_146120,Streptophyta,True,DGDG(18:2_18:2),DGDG(18:2_18:2)+NH4,DGDG,Digalactosyldiacylglycerol,M+NH4,A,1.700340587902048,gold,0.2027543791558065,0.1412890000000004,22.0,7.0,C51 H92 N1 O15
A15_77317,Streptophyta,False,,,,,,,,,,,,,
A15_150575,Pseudomonadota,True,PG(16:0_16:1),PG(16:0_16:1)+NH4,PG,diacyl,M+NH4,A,1.649863955118397,gold,2.4467099089365125,0.0902681815012442,8.0,10.0,C38 H77 N1 O10 P1
A15_75315,Streptophyta,False,,,,,,,,,,,,,
A15_129173,Streptophyta,False,,,,,,,,,,,,,
A15_181688,Streptophyta,False,,,,,,,,,,,,,
A15_74955,Streptophyta,False,,,,,,,,,,,,,
A15_205683,Streptophyta,False,,,,,,,,,,,,,
A15_186326,Streptophyta,False,,,,,,,,,,,,,
A15_212617,Streptophyta,False,,,,,,,,,,,,,
A15_102085,Streptophyta,True,DG(O-26:5),DG(O-26:5)+H,DG,alkyl-acyl,M+H,C,0.5242052112974104,silver,0.85766815255157,0.0148833307390532,7.0,2.0,C29 H49 O4
A15_76233,Streptophyta,False,,,,,,,,,,,,,
A15_121620,Streptophyta,True,TG(18:3_16:1),TG(18:3_16:1)+NH4,TG,triacyl,M+NH4,B,0.6663681803112376,silver,1.946648685140923,0.1984484999999995,1.0,1.0,C37 H66 N1 O6
A15_87983,Streptophyta,True,TG(18:1_18:3)+O:(s),TG(18:1_18:3)+NH4+O:(s),TG,triacyl,M+NH4,B,0.9640701513618636,silver,0.17047484735903,0.1996149000000002,1.0,2.0,C39 H70 N1 O7
A15_49678,Streptophyta,False,,,,,,,,,,,,,
A15_53178,Streptophyta,False,,,,,,,,,,,,,
A15_42163,Streptophyta,False,,,,,,,,,,,,,
A15_220683,Streptophyta,False,,,,,,,,,,,,,
A15_198712,Streptophyta,False,,,,,,,,,,,,,
A15_75901,Streptophyta,False,,,,,,,,,,,,,
A15_74758,Streptophyta,False,,,,,,,,,,,,,
A15_139596,Bacillota,True,PG(O-20:5_13:1),PG(O-20:5_13:1)+Na,PG,alkyl-acyl,M+Na,B,0.2768709113327743,gold,0.1423360572467173,0.0302040812600594,2.0,5.0,C39 H67 Na1 O9 P1
A15_84037,Streptophyta,False,,,,,,,,,,,,,
A15_110859,Streptophyta,False,,,,,,,,,,,,,
A15_109821,Streptophyta,True,PG(21:4_16:0),PG(21:4_16:0)+NH4,PG,diacyl,M+NH4,C,0.1101512706310872,bronze,4.841617188781627,0.1307580000000001,1.0,1.0,C43 H81 N1 O10 P1
A15_47380,Streptophyta,False,,,,,,,,,,,,,
A15_123127,Streptophyta,True,DGDG(14:0_18:3),DGDG(14:0_18:3)+NH4,DGDG,Digalactosyldiacylglycerol,M+NH4,A,1.2266359468765171,gold,1.0930132501733285,0.0050404519280302,8.0,2.0,C47 H86 N1 O15
A15_119030,Streptophyta,False,,,,,,,,,,,,,
A15_115028,Streptophyta,True,DG(16:3_18:3),DG(16:3_18:3)+H,DG,diacyl,M+H,A,0.5265567227705538,gold,0.133557573650042,0.2333181082012956,7.0,13.0,C37 H61 O5
A15_97846,Streptophyta,False,,,,,,,,,,,,,
A15_26670,Pseudomonadota,False,,,,,,,,,,,,,
A15_32046,Pseudomonadota,False,,,,,,,,,,,,,
A15_1567,Streptophyta,False,,,,,,,,,,,,,
A15_129033,Streptophyta,False,,,,,,,,,,,,,
A15_11915,Pseudomonadota,False,,,,,,,,,,,,,
A15_84693,Streptophyta,True,PS(13:0_18:2),PS(13:0_18:2)+H,PS,diacyl,M+H,C,0.2262566344155218,bronze,1.6404695202932935,0.2301368000000012,1.0,1.0,C37 H69 N1 O10 P1
A15_176719,Streptophyta,True,Cer(d18:2_20:1),Cer(d18:2_20:1)+H,Cer,acylsphingosines,M+H,A,1.182812529629378,gold,0.0058137928383285,0.1149644510843614,8.0,6.0,C38 H72 N1 O3
A15_55796,Streptophyta,True,TG(18:1_18:3)+OO:(s),TG(18:1_18:3)+NH4+OO:(s),TG,triacyl,M+NH4,C,0.2052804556980016,silver,0.6342665470878895,0.0320027972657008,2.0,2.0,C39 H70 N1 O8
A15_156712,Streptophyta,False,,,,,,,,,,,,,
A15_158328,Streptophyta,True,TG(25:4_16:0)+O:(s),TG(25:4_16:0)+NH4+O:(s),TG,triacyl,M+NH4,C,0.3896701569730541,bronze,1.6462802004407,0.030385336156776,1.0,1.0,C44 H80 N1 O7
A15_217347,Bacillota,True,ChE(28:5),ChE(28:5)+NH4,ChE,sterolEsters,M+NH4,A,0.3041885743986939,silver,0.970168698529628,0.1890134008441464,1.0,2.0,C55 H94 N1 O2
A15_91423,Streptophyta,True,PC(O-42:13),PC(O-42:13)+H,PC,alkyl-acyl,M+H,C,0.6031494635897479,silver,2.1012656600863,0.2676309235294116,4.0,3.0,C50 H77 N1 O7 P1
A15_170581,Streptophyta,True,DGDG(16:0_18:1),DGDG(16:0_18:1)+NH4,DGDG,Digalactosyldiacylglycerol,M+NH4,A,1.466508364831777,gold,1.3566757104760023,0.0694337488751326,10.0,3.0,C49 H94 N1 O15
A15_172432,Streptophyta,True,DGDG(16:0_18:1),DGDG(16:0_18:1)+NH4,DGDG,Digalactosyldiacylglycerol,M+NH4,A,1.35961331133256,gold,0.1303788632479263,0.2487362252751026,15.0,4.0,C49 H94 N1 O15
A15_186457,Streptophyta,False,,,,,,,,,,,,,
A15_101827,Pseudomonadota,True,PEt(23:1_3:0),PEt(23:1_3:0)+Na,PEt,diacyl,M+Na,C,0.0161277116759099,bronze,0.7170196345243453,0.1937837999999985,1.0,1.0,C31 H59 Na1 O8 P1
A15_194215,Streptophyta,False,,,,,,,,,,,,,
A15_90933,Streptophyta,True,PS(15:1_16:0),PS(15:1_16:0)+H,PS,diacyl,M+H,C,0.1012041844260756,bronze,3.598656382234829,0.2476314999999989,1.0,2.0,C37 H71 N1 O10 P1
A15_191371,Streptophyta,False,,,,,,,,,,,,,
A15_139087,Streptophyta,True,DG(16:2_18:2),DG(16:2_18:2)+NH4,DG,diacyl,M+NH4,A,0.7869143925467776,gold,0.3146782554330844,0.1575787111834969,3.0,2.0,C37 H68 N1 O5
A15_179654,Streptophyta,False,,,,,,,,,,,,,
A15_214035,Bacillota,True,ChE(28:5),ChE(28:5)+NH4,ChE,sterolEsters,M+NH4,A,0.3061197305703093,silver,1.1150371236246304,0.0326818676844808,1.0,1.0,C55 H94 N1 O2
A15_165011,Streptophyta,True,DGDG(18:0_18:3),DGDG(18:0_18:3)+NH4,DGDG,Digalactosyldiacylglycerol,M+NH4,A,1.3585402526775674,gold,0.2670943739910852,0.2609245216591773,17.0,4.0,C51 H94 N1 O15
A15_84628,Streptophyta,True,DG(16:2_18:4),DG(16:2_18:4)+H,DG,diacyl,M+H,A,0.4922633425338115,silver,3.401994513897312,0.0902039999999999,1.0,5.0,C37 H61 O5
A15_205962,Streptophyta,True,DG(O-15:1_22:0),DG(O-15:1_22:0)+NH4,DG,alkyl-acyl,M+NH4,C,0.2040542969442587,silver,0.7421173043233575,0.2518343511351482,3.0,1.0,C40 H82 N1 O4
A15_183453,Streptophyta,False,,,,,,,,,,,,,
A15_177752,Streptophyta,False,,,,,,,,,,,,,
A15_180387,Streptophyta,True,DG(18:0_18:1),DG(18:0_18:1)+NH4,DG,diacyl,M+NH4,A,1.2218624700274483,gold,0.531565367441317,0.1908790000000024,2.0,2.0,C39 H78 N1 O5
A15_119936,Pseudomonadota,False,,,,,,,,,,,,,
A15_211110,Bacillota,True,SM(d43:5),SM(d43:5)+H,SM,acyl,M+H,C,0.8563189648573867,silver,3.78598735462857,0.1551420381239481,3.0,1.0,C48 H90 N2 O6 P1
A15_211955,Bacillota,True,SM(d43:5),SM(d43:5)+H,SM,acyl,M+H,C,0.8563189648573867,silver,3.9137778527413047,0.1332420381239494,3.0,1.0,C48 H90 N2 O6 P1
A15_213355,Bacillota,True,SM(d43:5),SM(d43:5)+H,SM,acyl,M+H,C,0.8563189648573867,silver,3.624119343401253,0.0801420381239488,3.0,1.0,C48 H90 N2 O6 P1
A15_178549,Streptophyta,True,DG(O-17:1_18:3),DG(O-17:1_18:3)+NH4,DG,alkyl-acyl,M+NH4,C,0.9031142091875314,bronze,1.7248858785039838,0.1942289999999999,1.0,3.0,C38 H72 N1 O4
A15_129505,Streptophyta,True,DGDG(16:0_18:3),DGDG(16:0_18:3)+NH4,DGDG,Digalactosyldiacylglycerol,M+NH4,B,0.4218744816463715,gold,4.561413557126769,0.1343692941940482,2.0,1.0,C49 H90 N1 O15
A15_109196,Streptophyta,False,,,,,,,,,,,,,
A15_150044,Streptophyta,False,,,,,,,,,,,,,
A15_183267,Bacillota,True,PE(O-37:5),PE(O-37:5)+H,PE,alkyl-acyl,M+H,C,0.8843070894974124,silver,0.0419117340548901,0.2081389999999991,4.0,5.0,C42 H77 N1 O7 P1
A15_186033,Bacillota,True,PE(O-37:5),PE(O-37:5)+H,PE,alkyl-acyl,M+H,C,0.8843070894974124,silver,1.0154483113992048,0.1294390000000014,4.0,4.0,C42 H77 N1 O7 P1
A15_140609,Streptophyta,False,,,,,,,,,,,,,
A15_106019,Pseudomonadota,False,,,,,,,,,,,,,
A15_96867,Pseudomonadota,False,,,,,,,,,,,,,
A15_64783,Streptophyta,True,CL(P-23:2_16:0),CL(P-23:2_16:0)+Na,CL,alkenylacyl-monoacyl,M+Na,C,0.2200314711118496,bronze,1.045845512977066,0.1610939732431395,1.0,2.0,C48 H90 Na1 O15 P2
A15_39694,Streptophyta,False,,,,,,,,,,,,,
A15_223027,Bacillota,False,,,,,,,,,,,,,
A15_51342,Streptophyta,False,,,,,,,,,,,,,
A15_36505,Streptophyta,False,,,,,,,,,,,,,
A15_64957,Streptophyta,False,,,,,,,,,,,,,
A15_112015,Streptophyta,True,MG(P-18:4),MG(P-18:4)+H,MG,monoalkenyl,M+H,C,0.41472505776794,bronze,1.123657877548312,0.1201149999999984,1.0,1.0,C21 H35 O3
A15_94034,Streptophyta,False,,,,,,,,,,,,,
A15_11836,Streptophyta,False,,,,,,,,,,,,,
A15_77926,Streptophyta,False,,,,,,,,,,,,,
A15_10887,Streptophyta,False,,,,,,,,,,,,,
A15_160251,Streptophyta,False,,,,,,,,,,,,,
A15_201482,Streptophyta,False,,,,,,,,,,,,,
A15_71805,Streptophyta,False,,,,,,,,,,,,,
A15_13029,Streptophyta,False,,,,,,,,,,,,,
A15_67777,Streptophyta,False,,,,,,,,,,,,,
A15_186239,Streptophyta,True,TG(32:6_18:2)+O:(s),TG(32:6_18:2)+NH4+O:(s),TG,triacyl,M+NH4,B,0.6555364700951352,gold,1.1453245223060673,0.0041180480028941,2.0,4.0,C53 H90 N1 O7
A15_103309,Streptophyta,True,DG(16:0_18:4),DG(16:0_18:4)+H,DG,diacyl,M+H,A,1.0444146906175715,gold,0.4317303938648741,0.0783932000000007,11.0,5.0,C37 H65 O5
A15_152326,Pseudomonadota,True,MGDG(16:1_16:1),MGDG(16:1_16:1)+Na,MGDG,Monogalactosyldiacylglycerol,M+Na,C,0.1424346701990682,bronze,1.4512062353889428,0.2233694939640482,1.0,1.0,C41 H74 Na1 O10
A15_149341,Pseudomonadota,True,MGDG(16:1_16:1),MGDG(16:1_16:1)+Na,MGDG,Monogalactosyldiacylglycerol,M+Na,C,0.1424346701990682,bronze,1.265753850714103,0.169669493964049,1.0,1.0,C41 H74 Na1 O10
A15_139845,Bacillota,True,PE(16:1_14:0),PE(16:1_14:0)+H,PE,diacyl,M+H,B,2.187442968386151,gold,0.6038010644087769,0.0839825621495897,3.0,17.0,C35 H69 N1 O8 P1
A15_180845,Streptophyta,False,,,,,,,,,,,,,
A15_191330,Streptophyta,True,TG(12:1_18:2_18:2)+O:(s),TG(12:1_18:2_18:2)+NH4+O:(s),TG,triacyl,M+NH4,B,0.2493698445581834,gold,1.6845391919363104,0.2680025868999998,2.0,1.0,C51 H92 N1 O7
A15_96965,Streptophyta,False,,,,,,,,,,,,,
A15_87646,Bacillota,True,PG(17:3_16:1),PG(17:3_16:1)+NH4,PG,diacyl,M+NH4,C,0.0484358205904599,bronze,0.1329722088804096,0.0151475000000012,1.0,6.0,C39 H73 N1 O10 P1
A15_131188,Bacillota,True,PS(33:2),PS(33:2)+H,PS,diacyl,M+H,C,1.647761241863652,silver,2.217953740919121,0.1602549999999993,10.0,6.0,C39 H73 N1 O10 P1
A15_153957,Bacillota,True,PA(34:2),PA(34:2)+Na,PA,diacyl,M+Na,C,1.1903328322358928,silver,1.477456420426999,0.0323205657949259,7.0,3.0,C37 H69 Na1 O8 P1
A15_33949,Streptophyta,False,,,,,,,,,,,,,
A15_79887,Streptophyta,True,TG(18:2_16:0)+OO:(s),TG(18:2_16:0)+NH4+OO:(s),TG,triacyl,M+NH4,C,0.2215872898214578,bronze,2.463276042733418,0.1568217000000009,1.0,1.0,C37 H70 N1 O8
A15_98909,Streptophyta,False,,,,,,,,,,,,,
A15_149917,Bacillota,True,PG(18:3_16:0),PG(18:3_16:0)+NH4,PG,diacyl,M+NH4,B,0.4078483892489396,gold,0.4185976117654247,0.1214397436943723,3.0,10.0,C40 H77 N1 O10 P1
A15_27672,Streptophyta,True,TG(21:4_4:0_4:0),TG(21:4_4:0_4:0)+NH4,TG,triacyl,M+NH4,C,0.0568976471016052,bronze,1.845780920116656,0.0621790307764489,2.0,1.0,C32 H56 N1 O6
A15_25789,Streptophyta,False,,,,,,,,,,,,,
A15_150711,Bacillota,True,PC(34:3),PC(34:3)+H,PC,diacyl,M+H,C,3.302585092994046,silver,2.0820771156050677,0.0101033657842091,37.0,4.0,C42 H79 N1 O8 P1
A15_147646,Bacillota,True,PC(34:3),PC(34:3)+H,PC,diacyl,M+H,C,3.302585092994046,silver,0.4324950352533022,0.2284033657842101,37.0,6.0,C42 H79 N1 O8 P1
A15_149115,Bacillota,True,PC(34:3),PC(34:3)+H,PC,diacyl,M+H,C,3.302585092994046,silver,2.141557137037961,0.0584033657842102,37.0,5.0,C42 H79 N1 O8 P1
A15_210741,Streptophyta,True,TG(36:9_27:6),TG(36:9_27:6)+NH4,TG,triacyl,M+NH4,C,0.0309720309013587,bronze,4.568446765514032,0.2172175393258442,1.0,1.0,C66 H102 N1 O6
A15_121935,Streptophyta,False,,,,,,,,,,,,,
A15_178793,Streptophyta,False,,,,,,,,,,,,,
A15_175597,Streptophyta,False,,,,,,,,,,,,,
A15_83054,Streptophyta,False,,,,,,,,,,,,,
A15_102133,Streptophyta,True,TG(18:2_18:3)+O:(s),TG(18:2_18:3)+NH4+O:(s),TG,triacyl,M+NH4,B,0.8632647695475177,gold,0.0911372876800853,0.0693684718477296,6.0,5.0,C39 H68 N1 O7
A15_130192,Bacillota,True,PG(17:0_14:0),PG(17:0_14:0)+NH4,PG,diacyl,M+NH4,C,0.4370172600865935,silver,2.4365312392481853,0.1212919999999986,6.0,4.0,C37 H77 N1 O10 P1
A15_157472,Bacillota,True,PG(17:0_15:0),PG(17:0_15:0)+NH4,PG,diacyl,M+NH4,B,1.6780441083139894,gold,2.17593576372263,0.0868764791758405,15.0,6.0,C38 H79 N1 O10 P1
A15_28057,Streptophyta,False,,,,,,,,,,,,,
A15_103042,Streptophyta,False,,,,,,,,,,,,,
A15_70836,Streptophyta,False,,,,,,,,,,,,,
A15_123459,Streptophyta,True,PA(16:3_18:1),PA(16:3_18:1)+NH4,PA,diacyl,M+NH4,B,0.8444004254910643,gold,0.22649475541513,0.1258679790111241,2.0,6.0,C37 H69 N1 O8 P1
A15_118713,Streptophyta,True,DG(P-18:4_18:3),DG(P-18:4_18:3)+H,DG,alkenyl-acyl,M+H,C,0.7479156141067713,silver,0.7588606517908693,0.2850950960971126,4.0,5.0,C39 H63 O4
A15_194179,Streptophyta,True,TG(16:0_18:3_18:4)+O:(s),TG(16:0_18:3_18:4)+NH4+O:(s),TG,triacyl,M+NH4,A,0.4486508497195974,silver,1.2806140491752638,0.2318887689530662,1.0,1.0,C55 H96 N1 O7
A15_177798,Streptophyta,False,,,,,,,,,,,,,
A15_191185,Pseudomonadota,True,PE(17:0_18:1),PE(17:0_18:1)+H,PE,diacyl,M+H,B,1.455097742935647,gold,0.1508253032643132,0.0460645799712651,2.0,9.0,C40 H79 N1 O8 P1
A15_85462,Streptophyta,True,PC(42:13),PC(42:13)+H,PC,diacyl,M+H,C,0.6916634434377268,silver,0.1703261152958034,0.1180483492647059,4.0,1.0,C50 H75 N1 O8 P1
A15_90184,Streptophyta,False,,,,,,,,,,,,,
A15_18845,Streptophyta,False,,,,,,,,,,,,,
A15_106715,Streptophyta,False,,,,,,,,,,,,,
A15_101517,Pseudomonadota,True,PC(23:0),PC(23:0)+H,PC,diacyl,M+H,C,1.3019600102346562,bronze,2.374993631415759,0.1556481475454134,1.0,1.0,C31 H63 N1 O8 P1
A15_124115,Streptophyta,False,,,,,,,,,,,,,
A15_134193,Bacillota,False,,,,,,,,,,,,,
A15_14309,Streptophyta,True,SM(d21:4),SM(d21:4)+H,SM,acyl,M+H,C,0.3691009177122807,bronze,3.1938535069012968,0.0797801322112103,1.0,1.0,C26 H48 N2 O6 P1
A15_50090,Streptophyta,False,,,,,,,,,,,,,
A15_62062,Streptophyta,False,,,,,,,,,,,,,
A15_95302,Bacillota,False,,,,,,,,,,,,,
A15_65943,Streptophyta,False,,,,,,,,,,,,,
A15_174332,Streptophyta,False,,,,,,,,,,,,,
A15_49152,Streptophyta,False,,,,,,,,,,,,,
A15_105202,Streptophyta,False,,,,,,,,,,,,,
A15_214738,Streptophyta,True,TG(49:14_18:3),TG(49:14_18:3)+NH4,TG,triacyl,M+NH4,B,0.5941448456613039,gold,0.2501842940076398,0.0053324839547777,5.0,3.0,C70 H106 N1 O6
A15_51291,Streptophyta,False,,,,,,,,,,,,,
A15_79492,Streptophyta,False,,,,,,,,,,,,,
A15_175913,Streptophyta,False,,,,,,,,,,,,,
A15_172941,Streptophyta,True,PI(20:4_18:0),PI(20:4_18:0)+H,PI,diacyl,M+H,B,0.9687768387907651,gold,0.6557558335696272,0.0799711508952043,2.0,3.0,C47 H84 O13 P1
A15_87844,Streptophyta,False,,,,,,,,,,,,,
A15_153411,Pseudomonadota,True,PG(O-18:2_18:1),PG(O-18:2_18:1)+NH4,PG,alkyl-acyl,M+NH4,C,0.1107801437612367,bronze,1.4725665178559926,0.205845,1.0,1.0,C42 H83 N1 O9 P1
A15_93894,Streptophyta,False,,,,,,,,,,,,,
A15_83159,Streptophyta,True,DG(15:2_18:3),DG(15:2_18:3)+H,DG,diacyl,M+H,A,0.4520383449606535,gold,0.9856188613507764,0.1734701905797315,3.0,2.0,C36 H61 O5
A15_114257,Streptophyta,False,,,,,,,,,,,,,
A15_52314,Streptophyta,False,,,,,,,,,,,,,
A15_100266,Streptophyta,False,,,,,,,,,,,,,
A15_130428,Streptophyta,False,,,,,,,,,,,,,
A15_140781,Ascomycota,False,,,,,,,,,,,,,
A15_107777,Streptophyta,False,,,,,,,,,,,,,
A15_105278,Streptophyta,True,MG(P-18:4),MG(P-18:4)+H,MG,monoalkenyl,M+H,C,0.4446982297813076,bronze,0.0968863882162564,0.1106398999999989,1.0,1.0,C21 H35 O3
A15_184931,Streptophyta,False,,,,,,,,,,,,,
A15_121177,Streptophyta,False,,,,,,,,,,,,,
A15_157151,Streptophyta,False,,,,,,,,,,,,,
A15_110527,Streptophyta,True,DG(18:1_22:5),DG(18:1_22:5)+Na,DG,diacyl,M+Na,C,0.3132877549266869,bronze,4.88048109211015,0.0092850000000002,1.0,3.0,C43 H72 Na1 O5
A15_142764,Bacillota,True,PG(15:0_17:1),PG(15:0_17:1)+H,PG,diacyl,M+H,A,1.475034316519589,gold,3.709977837052081,0.2869127441860453,14.0,5.0,C38 H74 O10 P1
A15_109968,Streptophyta,False,,,,,,,,,,,,,
A15_100665,Streptophyta,False,,,,,,,,,,,,,
A15_110258,Streptophyta,False,,,,,,,,,,,,,
A15_137269,Streptophyta,False,,,,,,,,,,,,,
A15_185791,Streptophyta,True,Cer(d16:1_22:2),Cer(d16:1_22:2)+H,Cer,acylsphingosines,M+H,A,0.7993433617961023,gold,0.6050466300403436,0.1844788489578945,6.0,6.0,C38 H72 N1 O3
A15_184641,Streptophyta,True,Cer(d16:1_22:2),Cer(d16:1_22:2)+H,Cer,acylsphingosines,M+H,A,0.7993433617961023,gold,0.5000598031804092,0.2003788489578966,6.0,6.0,C38 H72 N1 O3
A15_103623,Streptophyta,False,,,,,,,,,,,,,
A15_186407,Streptophyta,False,,,,,,,,,,,,,
A15_134562,Streptophyta,False,,,,,,,,,,,,,
A15_134554,Streptophyta,False,,,,,,,,,,,,,
A15_187056,Streptophyta,False,,,,,,,,,,,,,
A15_135103,Streptophyta,False,,,,,,,,,,,,,
A15_35229,Streptophyta,False,,,,,,,,,,,,,
A15_170668,Bacillota,True,PC(O-34:4),PC(O-34:4)+H,PC,alkyl-acyl,M+H,C,0.3910925017422176,silver,1.5943259314021834,0.0732500000000015,7.0,2.0,C42 H79 N1 O7 P1
A15_180295,Discosea,False,,,,,,,,,,,,,
A15_178885,Discosea,False,,,,,,,,,,,,,
A15_116505,Streptophyta,True,PG(40:9),PG(40:9)+NH4,PG,diacyl,M+NH4,C,0.3419044793631276,bronze,2.139877670607014,0.0022159999999988,1.0,2.0,C46 H77 N1 O10 P1
A15_623,Streptophyta,False,,,,,,,,,,,,,
A15_197675,Streptophyta,False,,,,,,,,,,,,,
A15_138162,Streptophyta,False,,,,,,,,,,,,,
A15_210421,Streptophyta,False,,,,,,,,,,,,,
A15_98187,Streptophyta,False,,,,,,,,,,,,,
A15_22454,Streptophyta,True,MG(18:3),MG(18:3)+H,MG,monoacyl,M+H,B,0.6023632109037809,gold,0.8007313784007504,0.0447199999999998,8.0,1.0,C21 H37 O4
A15_2204,Streptophyta,False,,,,,,,,,,,,,
A15_9448,Streptophyta,False,,,,,,,,,,,,,
A15_14050,Streptophyta,False,,,,,,,,,,,,,
A15_184874,Pseudomonadota,True,PE(17:0_18:1),PE(17:0_18:1)+H,PE,diacyl,M+H,B,1.455097742935647,gold,0.1685714511487065,0.1417354200287377,2.0,11.0,C40 H79 N1 O8 P1
A15_186351,Pseudomonadota,True,PE(17:0_18:1),PE(17:0_18:1)+H,PE,diacyl,M+H,B,1.455097742935647,gold,0.164476186196404,0.1143354200287376,2.0,11.0,C40 H79 N1 O8 P1
A15_12619,Pseudomonadota,False,,,,,,,,,,,,,
A15_124079,Streptophyta,False,,,,,,,,,,,,,
A15_76232,Streptophyta,False,,,,,,,,,,,,,
A15_49775,Streptophyta,False,,,,,,,,,,,,,
A15_82531,Streptophyta,False,,,,,,,,,,,,,
A15_81748,Streptophyta,False,,,,,,,,,,,,,
A15_175278,Streptophyta,True,DG(P-15:2_20:1),DG(P-15:2_20:1)+NH4,DG,alkenyl-acyl,M+NH4,C,0.2467244012491887,bronze,3.629296238858129,0.1513820000000016,1.0,1.0,C38 H72 N1 O4
A15_84664,Streptophyta,False,,,,,,,,,,,,,
A15_145750,Streptophyta,True,DG(16:2_18:3),DG(16:2_18:3)+NH4,DG,diacyl,M+NH4,A,0.8636110851062486,gold,0.147268494314311,0.1898075020505327,2.0,5.0,C37 H66 N1 O5
A15_192961,Streptophyta,False,,,,,,,,,,,,,
A15_53841,Streptophyta,False,,,,,,,,,,,,,
A15_20074,Streptophyta,False,,,,,,,,,,,,,
A15_132479,Streptophyta,True,DGDG(18:2_18:3),DGDG(18:2_18:3)+NH4,DGDG,Digalactosyldiacylglycerol,M+NH4,A,1.651671548295239,gold,0.368282916073294,0.1749239999999989,19.0,5.0,C51 H90 N1 O15
A15_156070,Streptophyta,True,MG(O-26:6),MG(O-26:6)+H,MG,monoalkyl,M+H,C,0.4000438521201899,bronze,0.3938019156699245,0.1021955915515864,1.0,1.0,C29 H49 O3
A15_97110,Streptophyta,False,,,,,,,,,,,,,
A15_99105,Streptophyta,False,,,,,,,,,,,,,
A15_109886,Streptophyta,True,TG(3:0_18:3_18:3)+O:(s),TG(3:0_18:3_18:3)+NH4+O:(s),TG,triacyl,M+NH4,C,0.2099059914322303,bronze,0.5673298088956106,0.0968897097941425,1.0,1.0,C42 H72 N1 O7
A15_175701,Streptophyta,False,,,,,,,,,,,,,
A15_195122,Bacillota,False,,,,,,,,,,,,,
A15_164305,Streptophyta,False,,,,,,,,,,,,,
A15_9468,Streptophyta,False,,,,,,,,,,,,,
A15_143857,Bacillota,True,SM(d34:2),SM(d34:2)+Na,SM,acyl,M+Na,C,0.2281131802869241,silver,1.6761525847901653,0.0977884226525791,2.0,2.0,C39 H77 N2 Na1 O6 P1
A15_146373,Bacillota,True,SM(d34:2),SM(d34:2)+Na,SM,acyl,M+Na,C,0.2281131802869241,silver,4.376753561220493,0.0574884226525789,2.0,1.0,C39 H77 N2 Na1 O6 P1
A15_84574,Streptophyta,False,,,,,,,,,,,,,
A15_177704,Streptophyta,False,,,,,,,,,,,,,
A15_127283,Streptophyta,True,WE(O-27:2),WE(O-27:2)+Na,WE,Wax monoesters,M+Na,C,0.1621621084839252,silver,0.5337543351727777,0.185773000000001,4.0,7.0,C27 H50 Na1 O2
A15_88884,Bacillota,True,PG(15:2_18:2),PG(15:2_18:2)+NH4,PG,diacyl,M+NH4,A,0.1193394672330168,silver,0.3118466782419246,0.2084973221371679,2.0,5.0,C39 H73 N1 O10 P1
A15_153085,Pseudomonadota,True,PS(17:1_18:1),PS(17:1_18:1)+H,PS,diacyl,M+H,B,0.5200690938770609,gold,2.2727099217226385,0.0249250264921112,2.0,4.0,C41 H77 N1 O10 P1
A15_155233,Pseudomonadota,True,PS(17:1_18:1),PS(17:1_18:1)+H,PS,diacyl,M+H,B,0.5200690938770609,gold,2.666499006599443,0.0629749735078899,2.0,5.0,C41 H77 N1 O10 P1
A15_127424,Streptophyta,True,PI(18:2_18:2),PI(18:2_18:2)+NH4,PI,diacyl,M+NH4,A,0.740092466913586,gold,1.8620577542585657,0.125640848424501,2.0,2.0,C45 H83 N1 O13 P1
A15_180055,Streptophyta,False,,,,,,,,,,,,,
A15_196406,Bacillota,False,,,,,,,,,,,,,
A15_194986,Bacillota,False,,,,,,,,,,,,,
A15_199726,Bacillota,False,,,,,,,,,,,,,
A15_204163,Bacillota,True,TG(22:0_10:0_12:1),TG(22:0_10:0_12:1)+NH4,TG,triacyl,M+NH4,C,0.2080376178962043,bronze,2.6093578934691903,0.2451149999999984,1.0,1.0,C47 H92 N1 O6
A15_208000,Bacillota,False,,,,,,,,,,,,,
A15_158058,Streptophyta,True,WE(O-10:0_17:2),WE(O-10:0_17:2)+Na,WE,Wax monoesters,M+Na,C,0.0559319737880131,bronze,0.0638198198666611,0.2853450000000013,1.0,1.0,C27 H50 Na1 O2
A15_144875,Streptophyta,True,DG(16:0_18:3),DG(16:0_18:3)+H,DG,diacyl,M+H,A,1.4045749269872052,gold,0.1896025725376383,0.0618944622857213,35.0,4.0,C37 H67 O5
A15_82024,Streptophyta,True,TG(3:0_13:0_18:3),TG(3:0_13:0_18:3)+Na,TG,triacyl,M+Na,C,0.1199985010405991,silver,0.3027092824016552,0.2943378077473957,2.0,3.0,C37 H64 Na1 O6
A15_149495,Pseudomonadota,True,PG(15:0_17:1),PG(15:0_17:1)+H,PG,diacyl,M+H,A,1.475034316519589,gold,3.686416008176167,0.1907872558139551,14.0,9.0,C38 H74 O10 P1
A15_120566,Streptophyta,True,DG(16:1_18:4),DG(16:1_18:4)+H,DG,diacyl,M+H,A,0.8736913464574396,gold,1.118701312049532,0.0051362745770422,3.0,4.0,C37 H63 O5
A15_138335,Bacillota,True,SM(d32:1),SM(d32:1)+H,SM,acyl,M+H,C,1.6931471805599454,silver,3.009239002227432,0.2478044052952892,13.0,2.0,C37 H76 N2 O6 P1
A15_83541,Streptophyta,True,PC(18:2_18:4),PC(18:2_18:4)+H,PC,diacyl,M+H,C,0.9256321754893544,bronze,2.60548177570296,0.1720811999999991,1.0,1.0,C44 H77 N1 O8 P1
A15_124665,Streptophyta,False,,,,,,,,,,,,,
A15_56680,Streptophyta,False,,,,,,,,,,,,,
A15_124071,Streptophyta,True,PC(36:6),PC(36:6)+H,PC,diacyl,M+H,C,2.3736416961725384,silver,1.1441024447156858,0.1481336156051753,20.0,10.0,C44 H77 N1 O8 P1
A15_125432,Streptophyta,True,PC(36:6),PC(36:6)+H,PC,diacyl,M+H,C,2.3736416961725384,silver,0.1743345047288451,0.1544336156051748,20.0,10.0,C44 H77 N1 O8 P1
A15_112146,Streptophyta,False,,,,,,,,,,,,,
A15_186772,Streptophyta,True,DG(18:2_20:4),DG(18:2_20:4)+NH4,DG,diacyl,M+NH4,A,1.2863323714938384,gold,2.247204880742597,0.2231550606102459,4.0,4.0,C41 H72 N1 O5
A15_63040,Streptophyta,False,,,,,,,,,,,,,
A15_134150,Streptophyta,True,MGDG(18:3_18:3),MGDG(18:3_18:3)+NH4,MGDG,Monogalactosyldiacylglycerol,M+NH4,A,1.1565758836618782,gold,0.4535427671654616,0.1033890212349799,18.0,7.0,C45 H78 N1 O10
A15_81354,Streptophyta,False,,,,,,,,,,,,,
A15_141917,Streptophyta,True,DG(15:2_16:1),DG(15:2_16:1)+NH4,DG,diacyl,M+NH4,C,0.7147799262243077,silver,0.1091636400725142,0.0361399677684044,6.0,4.0,C34 H64 N1 O5
A15_103061,Bacillota,True,PG(P-15:2_18:3),PG(P-15:2_18:3)+NH4,PG,alkenyl-acyl,M+NH4,C,0.183487930446153,bronze,4.981612763918525,0.1947628438240265,1.0,1.0,C39 H71 N1 O9 P1
A15_157331,Streptophyta,True,MGDG(18:2_18:2),MGDG(18:2_18:2)+NH4,MGDG,Monogalactosyldiacylglycerol,M+NH4,A,1.4719549518112398,gold,1.1657360754838322,0.139664999999999,16.0,9.0,C45 H82 N1 O10
A15_86856,Streptophyta,True,DG(16:0_18:4),DG(16:0_18:4)+Na,DG,diacyl,M+Na,A,1.0239428788005156,gold,0.884439305372182,0.0268474664399214,3.0,3.0,C37 H64 Na1 O5
A15_101184,Streptophyta,False,,,,,,,,,,,,,
A15_30762,Basidiomycota,True,DG(24:5),DG(24:5)+H,DG,diacyl,M+H,C,0.5302999473878311,bronze,2.5723100296709025,0.1173937290667628,1.0,2.0,C27 H43 O5
A15_210550,Bacillota,False,,,,,,,,,,,,,
A15_225978,Bacillota,False,,,,,,,,,,,,,
A15_151191,Streptophyta,True,TG(5:0_16:0_16:2)+O:(s),TG(5:0_16:0_16:2)+NH4+O:(s),TG,triacyl,M+NH4,C,0.1396133376556937,bronze,1.3835780879884474,0.2374150000000003,1.0,1.0,C40 H76 N1 O7
A15_199725,Bacillota,False,,,,,,,,,,,,,
A15_164267,Streptophyta,False,,,,,,,,,,,,,
A15_222608,Bacillota,True,CL(60:0),CL(60:0)+Na,CL,diacyl-diacyl,M+Na,C,0.0959470629145349,bronze,0.1872992226681544,0.159121280604193,1.0,1.0,C69 H134 Na1 O17 P2
A15_133018,Streptophyta,False,,,,,,,,,,,,,
A15_46643,Streptophyta,False,,,,,,,,,,,,,
A15_43417,Streptophyta,False,,,,,,,,,,,,,
A15_204153,Streptophyta,True,Cer(d20:1_18:1),Cer(d20:1_18:1)+H,Cer,acylsphingosines,M+H,C,0.2671415686863378,silver,2.2551186269658188,0.1263072653485402,2.0,3.0,C38 H74 N1 O3
A15_117948,Streptophyta,False,,,,,,,,,,,,,
A15_172034,Actinomycetota,False,,,,,,,,,,,,,
A15_98405,Streptophyta,False,,,,,,,,,,,,,
A15_130103,Streptophyta,True,TG(18:2_16:0),TG(18:2_16:0)+NH4,TG,triacyl,M+NH4,B,0.5972984429279752,gold,0.0002672298060902,0.0584430000000004,9.0,7.0,C37 H70 N1 O6
A15_63977,Streptophyta,False,,,,,,,,,,,,,
A15_105047,Streptophyta,False,,,,,,,,,,,,,
A15_58800,Streptophyta,False,,,,,,,,,,,,,
A15_73288,Streptophyta,False,,,,,,,,,,,,,
A15_173239,Streptophyta,False,,,,,,,,,,,,,
A15_103394,Streptophyta,False,,,,,,,,,,,,,
A15_181655,Streptophyta,False,,,,,,,,,,,,,
A15_183845,Pseudomonadota,True,PE(17:0_18:1),PE(17:0_18:1)+H,PE,diacyl,M+H,B,1.455097742935647,gold,0.0416521070238964,0.2418354200287353,2.0,8.0,C40 H79 N1 O8 P1
A15_182698,Pseudomonadota,True,PE(17:0_18:1),PE(17:0_18:1)+H,PE,diacyl,M+H,B,1.455097742935647,gold,0.1235573654152516,0.2857354200287361,2.0,6.0,C40 H79 N1 O8 P1
A15_196874,Streptophyta,False,,,,,,,,,,,,,
A15_178132,Streptophyta,True,DG(16:0_18:3),DG(16:0_18:3)+NH4,DG,diacyl,M+NH4,A,1.5619750068192015,gold,0.0138801246870923,0.1930039999999984,25.0,12.0,C37 H70 N1 O5
A15_188049,Pseudomonadota,True,TG(37:2_4:0)+OO:(s),TG(37:2_4:0)+Na+OO:(s),TG,triacyl,M+Na,C,0.2376162952313796,bronze,1.3872077364487565,0.1502089999999967,1.0,1.0,C44 H80 Na1 O8
A15_123965,Streptophyta,True,TG(13:1_8:0_16:3)+O:(s),TG(13:1_8:0_16:3)+NH4+O:(s),TG,triacyl,M+NH4,C,0.2024441756036684,bronze,0.811701292465786,0.0504311510144948,1.0,1.0,C40 H72 N1 O7
A15_19289,Methanobacteriota,False,,,,,,,,,,,,,
A15_100018,Streptophyta,False,,,,,,,,,,,,,
A15_134108,Streptophyta,True,MG(O-26:6),MG(O-26:6)+H,MG,monoalkyl,M+H,C,0.295542809480968,silver,1.2428404938871602,0.0709770000000009,2.0,1.0,C29 H49 O3
A15_99102,Streptophyta,True,TG(9:0_28:8),TG(9:0_28:8)+Na,TG,triacyl,M+Na,C,0.1668216991942237,bronze,0.9031200711894044,0.0029385655239586,1.0,4.0,C40 H60 Na1 O6
A15_206564,Bacillota,False,,,,,,,,,,,,,
A15_7250,Streptophyta,True,LPG(18:3),LPG(18:3)+H,LPG,monoacyl,M+H,C,0.767507306143102,silver,0.3555886178307129,0.0191314080113143,2.0,2.0,C24 H44 O9 P1
A15_191925,Streptophyta,False,,,,,,,,,,,,,
A15_129347,Streptophyta,True,MGDG(18:3_18:3),MGDG(18:3_18:3)+NH4,MGDG,Monogalactosyldiacylglycerol,M+NH4,A,0.8200795493309343,gold,0.5602860702298768,0.2140174924242419,12.0,3.0,C45 H78 N1 O10
A15_181556,Streptophyta,True,DGDG(10:0_20:0),DGDG(10:0_20:0)+Na,DGDG,Digalactosyldiacylglycerol,M+Na,C,0.1530761737455443,silver,1.010600027040223,0.074965110613423,2.0,5.0,C45 H84 Na1 O15
A15_186472,Pseudomonadota,True,PC(34:2),PC(34:2)+H,PC,diacyl,M+H,C,3.1229219846034733,silver,0.0499456468964629,0.019318420618589,47.0,9.0,C42 H81 N1 O8 P1
A15_78500,Streptophyta,True,DG(16:2_18:4),DG(16:2_18:4)+H,DG,diacyl,M+H,A,0.6612308372381409,silver,3.1461315723509973,0.0084954999999995,1.0,4.0,C37 H61 O5
A15_128585,Streptophyta,True,PI(34:3),PI(34:3)+NH4,PI,diacyl,M+NH4,C,1.0,silver,0.8291556043718905,0.0342162077505463,17.0,3.0,C43 H81 N1 O13 P1
A15_28592,Basidiomycota,False,,,,,,,,,,,,,
A15_30886,Basidiomycota,False,,,,,,,,,,,,,
A15_135993,Streptophyta,True,DGDG(18:2_20:4),DGDG(18:2_20:4)+NH4,DGDG,Digalactosyldiacylglycerol,M+NH4,A,1.606496433260676,gold,0.3615974809803978,0.2548820000000003,7.0,5.0,C53 H92 N1 O15
A15_107281,Streptophyta,True,DG(18:1_18:4),DG(18:1_18:4)+H,DG,diacyl,M+H,A,0.6149411593211209,gold,1.8107848005645863,0.2300894303277054,3.0,4.0,C39 H67 O5
A15_138660,Streptophyta,True,PG(21:0_14:0),PG(21:0_14:0)+NH4,PG,diacyl,M+NH4,C,0.1478623469068398,silver,0.3624955469441646,0.1558850958183786,2.0,1.0,C41 H85 N1 O10 P1
A15_49641,Streptophyta,False,,,,,,,,,,,,,
A15_42446,Streptophyta,False,,,,,,,,,,,,,
A15_31400,Streptophyta,True,TG(21:4_4:0_4:0),TG(21:4_4:0_4:0)+NH4,TG,triacyl,M+NH4,C,0.0568976471016052,bronze,1.8112611084849848,0.0055209692235509,2.0,1.0,C32 H56 N1 O6
A15_125749,Bacillota,True,DG(O-13:1_16:0),DG(O-13:1_16:0)+Na,DG,alkyl-acyl,M+Na,C,1.206884942533121,silver,0.4878724444779879,0.240532752683162,2.0,1.0,C32 H62 Na1 O4
A15_174288,Streptophyta,True,Cer(d18:2_18:1),Cer(d18:2_18:1)+H,Cer,acylsphingosines,M+H,A,1.212415805898727,gold,1.6236718586787782,0.1663044513212455,7.0,5.0,C36 H68 N1 O3
A15_151450,Bacillota,True,TG(P-22:7_5:0_14:2),TG(P-22:7_5:0_14:2)+Na,TG,alkenyl-acyl,M+Na,C,0.7008172018239054,bronze,3.546354242928595,0.0986013501805054,1.0,3.0,C44 H66 Na1 O5
A15_198139,Streptophyta,False,,,,,,,,,,,,,
A15_117191,Streptophyta,True,DGDG(18:3_18:3),DGDG(18:3_18:3)+NH4,DGDG,Digalactosyldiacylglycerol,M+NH4,A,1.5443788660903843,gold,0.0559593251827468,0.2301204041477049,23.0,6.0,C51 H88 N1 O15
A15_106065,Streptophyta,False,,,,,,,,,,,,,
A15_171800,Heterolobosea,False,,,,,,,,,,,,,
A15_168161,Heterolobosea,False,,,,,,,,,,,,,
A15_169625,Heterolobosea,False,,,,,,,,,,,,,
A15_129199,Streptophyta,True,MG(O-26:6),MG(O-26:6)+H,MG,monoalkyl,M+H,C,0.295542809480968,silver,1.2697845947094717,0.2631770000000006,2.0,1.0,C29 H49 O3
A15_97206,Streptophyta,True,PA(16:3_18:3),PA(16:3_18:3)+NH4,PA,diacyl,M+NH4,A,0.9936099427958616,gold,0.76190615917946,0.0945411500000013,3.0,1.0,C37 H65 N1 O8 P1
A15_69141,Streptophyta,False,,,,,,,,,,,,,
A15_138661,Streptophyta,False,,,,,,,,,,,,,
A15_53890,Streptophyta,False,,,,,,,,,,,,,
A15_142801,Streptophyta,True,MGDG(18:2_18:3),MGDG(18:2_18:3)+NH4,MGDG,Monogalactosyldiacylglycerol,M+NH4,A,0.9291915726282384,gold,1.9072851211057555,0.1664886864429462,16.0,5.0,C45 H80 N1 O10
A15_59731,Streptophyta,False,,,,,,,,,,,,,
A15_198865,Streptophyta,True,TG(49:16_18:3),TG(49:16_18:3)+NH4,TG,triacyl,M+NH4,B,0.5384340620654079,gold,0.2974762206653303,0.1892288753758606,7.0,1.0,C70 H102 N1 O6
A15_79408,Streptophyta,True,MGDG(18:3_18:4),MGDG(18:3_18:4)+NH4,MGDG,Monogalactosyldiacylglycerol,M+NH4,B,0.6914698205332792,gold,1.7429044463970016,0.2599980999999998,3.0,2.0,C45 H76 N1 O10
A15_108266,Streptophyta,False,,,,,,,,,,,,,
A15_80588,Streptophyta,True,PG(21:4_18:2),PG(21:4_18:2)+NH4,PG,diacyl,M+NH4,C,0.3383711134655714,bronze,0.376789910371505,0.2923450000000001,1.0,1.0,C45 H81 N1 O10 P1
A15_38737,Streptophyta,False,,,,,,,,,,,,,
A15_102117,Streptophyta,True,PG(O-5:0_22:1),PG(O-5:0_22:1)+Na,PG,alkyl-acyl,M+Na,C,0.2140934987165387,bronze,0.1610269656270671,0.0757809999999992,1.0,4.0,C33 H65 Na1 O9 P1
A15_154117,Bacillota,True,PG(16:3_17:1),PG(16:3_17:1)+NH4,PG,diacyl,M+NH4,C,0.0124357038085193,bronze,0.9230723355305082,0.2893939999999997,1.0,1.0,C39 H73 N1 O10 P1
A15_195758,Streptophyta,False,,,,,,,,,,,,,
A15_211787,Streptophyta,True,TG(47:13_18:3),TG(47:13_18:3)+NH4,TG,triacyl,M+NH4,B,0.7366569939639189,gold,0.2117596570259878,0.2210545604066993,5.0,4.0,C68 H104 N1 O6
A15_132433,Pseudomonadota,True,PC(28:1),PC(28:1)+H,PC,diacyl,M+H,C,2.353103839431601,silver,0.5515837708994981,0.1234445929883811,10.0,5.0,C36 H71 N1 O8 P1
A15_205450,Streptophyta,True,TG(36:5_20:3),TG(36:5_20:3)+H,TG,triacyl,M+H,C,0.2205137750899583,bronze,1.1095675155722586,0.0809559999999969,1.0,1.0,C59 H99 O6
A15_179029,Streptophyta,False,,,,,,,,,,,,,
A15_95809,Streptophyta,False,,,,,,,,,,,,,
A15_58357,Streptophyta,True,TG(29:3_4:0)+OO:(s),TG(29:3_4:0)+NH4+OO:(s),TG,triacyl,M+NH4,C,0.0907379075462338,bronze,0.1604499142052532,0.2654845999999997,1.0,2.0,C36 H66 N1 O8
A15_112907,Streptophyta,True,TG(18:2_16:0)+O:(s),TG(18:2_16:0)+NH4+O:(s),TG,triacyl,M+NH4,B,0.4551840289677893,gold,0.5941778778368599,0.1178830000000008,3.0,1.0,C37 H70 N1 O7
A15_99530,Streptophyta,False,,,,,,,,,,,,,
A15_96006,Streptophyta,False,,,,,,,,,,,,,
A15_110734,Streptophyta,False,,,,,,,,,,,,,
A15_132594,Streptophyta,True,DG(P-32:1),DG(P-32:1)+Na,DG,alkenyl-acyl,M+Na,C,0.4101869805362047,bronze,2.143535914476032,0.1155851476510054,1.0,3.0,C35 H66 Na1 O4
A15_22772,Streptophyta,False,,,,,,,,,,,,,
A15_24368,Streptophyta,True,MG(18:3),MG(18:3)+H,MG,monoacyl,M+H,B,0.6023632109037809,gold,0.1503884636849372,0.2217199999999999,8.0,2.0,C21 H37 O4
A15_4762,Streptophyta,True,TG(19:3_4:0),TG(19:3_4:0)+NH4,TG,triacyl,M+NH4,C,0.2178644251292042,silver,1.7033590497023194,0.1230315016414591,6.0,1.0,C26 H46 N1 O6
A15_127361,Streptophyta,True,PC(36:6),PC(36:6)+H,PC,diacyl,M+H,C,2.3736416961725384,silver,1.349616421967541,0.0404336156051758,20.0,9.0,C44 H77 N1 O8 P1
A15_212312,Streptophyta,True,TG(47:13_18:3),TG(47:13_18:3)+NH4,TG,triacyl,M+NH4,B,0.7366569939639189,gold,0.3980246316805912,0.2031545604066984,5.0,4.0,C68 H104 N1 O6
A15_95818,Streptophyta,False,,,,,,,,,,,,,
A15_112791,Streptophyta,False,,,,,,,,,,,,,
A15_45964,Streptophyta,False,,,,,,,,,,,,,
A15_10178,Streptophyta,True,TG(22:3_5:0)+O:(s),TG(22:3_5:0)+NH4+O:(s),TG,triacyl,M+NH4,C,0.2053154603361416,bronze,1.6753752925361085,0.0250707999999999,1.0,2.0,C30 H54 N1 O7
A15_138856,Streptophyta,False,,,,,,,,,,,,,
A15_226291,Streptophyta,False,,,,,,,,,,,,,
A15_110911,Streptophyta,True,PA(16:2_18:3),PA(16:2_18:3)+NH4,PA,diacyl,M+NH4,A,1.5355469648601496,silver,0.9674779290418408,0.1893860000000007,1.0,2.0,C37 H67 N1 O8 P1
A15_199781,Streptophyta,False,,,,,,,,,,,,,
A15_100674,Streptophyta,False,,,,,,,,,,,,,
A15_181410,Streptophyta,True,Cer(d18:2_20:1),Cer(d18:2_20:1)+H,Cer,acylsphingosines,M+H,A,1.182812529629378,gold,0.5527607296048517,0.2402355489156384,8.0,4.0,C38 H72 N1 O3
A15_90415,Streptophyta,True,PI(18:4_16:0),PI(18:4_16:0)+NH4,PI,diacyl,M+NH4,B,0.7049584044503692,gold,4.54418024026615,0.1901455696947156,4.0,2.0,C43 H79 N1 O13 P1
A15_187963,Pseudomonadota,True,PC(34:2),PC(34:2)+H,PC,diacyl,M+H,C,3.1229219846034733,silver,0.0459908319846068,0.0967815793814139,47.0,8.0,C42 H81 N1 O8 P1
A15_144349,Streptophyta,False,,,,,,,,,,,,,
A15_27671,Streptophyta,False,,,,,,,,,,,,,
A15_139668,Bacillota,True,Cer(d16:1_20:5),Cer(d16:1_20:5)+H,Cer,acylsphingosines,M+H,A,0.5871542852175465,silver,1.7338983162417132,0.0694167443629076,1.0,1.0,C36 H62 N1 O3
A15_108591,Streptophyta,False,,,,,,,,,,,,,
A15_13713,Pseudomonadota,True,LPE(14:0),LPE(14:0)+H,LPE,monoacyl,M+H,A,1.956705705736817,gold,1.1172627521104803,0.0745098795942165,36.0,2.0,C19 H41 N1 O7 P1
A15_131776,Streptophyta,True,MGDG(18:3_18:3),MGDG(18:3_18:3)+Na,MGDG,Monogalactosyldiacylglycerol,M+Na,C,0.0410563898436436,bronze,1.3683252093402405,0.0248726209150333,1.0,2.0,C45 H74 Na1 O10
A15_13788,Bacillota,False,,,,,,,,,,,,,
A15_207182,Bacillota,False,,,,,,,,,,,,,
A15_192037,Pseudomonadota,True,PC(34:2),PC(34:2)+H,PC,diacyl,M+H,C,2.584899015455409,silver,0.2215232453878469,0.0094948888888879,19.0,8.0,C42 H81 N1 O8 P1
A15_153010,Bacillota,True,DG(O-15:0_17:2),DG(O-15:0_17:2)+H,DG,alkyl-acyl,M+H,C,0.445364970908508,bronze,0.2226501153681768,0.0017198825657622,1.0,1.0,C35 H67 O4
A15_119189,Streptophyta,False,,,,,,,,,,,,,
A15_166486,Streptophyta,True,PC(O-24:7_16:0),PC(O-24:7_16:0)+Na,PC,alkyl-acyl,M+Na,C,0.4941051774778399,bronze,0.10801600579879,0.0249269999999999,1.0,1.0,C48 H84 N1 Na1 O7 P1
A15_154997,Pseudomonadota,True,PG(18:3_16:1),PG(18:3_16:1)+H,PG,diacyl,M+H,C,0.8922690585525576,bronze,3.3750371563259733,0.1158649999999994,1.0,1.0,C40 H72 O10 P1
A15_186291,Pseudomonadota,True,TG(21:1_4:0_16:1)+OO:(s),TG(21:1_4:0_16:1)+Na+OO:(s),TG,triacyl,M+Na,C,0.3065486675182651,bronze,0.8492401036394449,0.1880759999999988,1.0,3.0,C44 H80 Na1 O8
A15_148188,Streptophyta,False,,,,,,,,,,,,,
A15_200665,Streptophyta,False,,,,,,,,,,,,,
A15_112145,Streptophyta,False,,,,,,,,,,,,,
A15_109587,Streptophyta,False,,,,,,,,,,,,,
A15_43426,Streptophyta,False,,,,,,,,,,,,,
A15_197202,Streptophyta,True,TG(49:16_18:3),TG(49:16_18:3)+NH4,TG,triacyl,M+NH4,B,0.5384340620654079,gold,0.1945567631837434,0.2296288753758588,7.0,1.0,C70 H102 N1 O6
A15_92817,Streptophyta,True,PG(P-18:4_13:0),PG(P-18:4_13:0)+NH4,PG,alkenyl-acyl,M+NH4,C,0.0778825509426463,bronze,1.630506335395689,0.0727262857142854,1.0,1.0,C37 H69 N1 O9 P1
A15_91627,Streptophyta,True,DG(P-18:4_16:1),DG(P-18:4_16:1)+H,DG,alkenyl-acyl,M+H,C,0.5291607079315641,silver,0.940235332594274,0.2639876499999989,2.0,3.0,C37 H63 O4
A15_149371,Bacillota,True,PA(18:2_18:3),PA(18:2_18:3)+NH4,PA,diacyl,M+NH4,A,1.7222239075868486,gold,0.5965802854208493,0.2798744654744212,6.0,18.0,C39 H71 N1 O8 P1
A15_49908,Streptophyta,False,,,,,,,,,,,,,
A15_165631,Streptophyta,False,,,,,,,,,,,,,
A15_56876,Streptophyta,False,,,,,,,,,,,,,
A15_102469,Streptophyta,False,,,,,,,,,,,,,
A15_122524,Streptophyta,False,,,,,,,,,,,,,
A15_146244,Ascomycota,False,,,,,,,,,,,,,
A15_143720,Ascomycota,False,,,,,,,,,,,,,
A15_102381,Streptophyta,False,,,,,,,,,,,,,
A15_179146,Streptophyta,False,,,,,,,,,,,,,
A15_178139,Streptophyta,False,,,,,,,,,,,,,
A15_138439,Streptophyta,True,DG(16:0_18:4),DG(16:0_18:4)+H,DG,diacyl,M+H,A,1.3391599865695951,gold,0.3350403938093407,0.2883525492437098,21.0,8.0,C37 H65 O5
A15_155006,Streptophyta,True,DGDG(17:0_18:3),DGDG(17:0_18:3)+NH4,DGDG,Digalactosyldiacylglycerol,M+NH4,A,1.5071549654734988,gold,0.0447709606057733,0.1028882376215705,7.0,4.0,C50 H92 N1 O15
A15_134451,Streptophyta,False,,,,,,,,,,,,,
A15_146081,Bacillota,True,Cer(d16:1_18:1)+O:(s),Cer(d16:1_18:1)+H+O:(s),Cer,acylsphingosines,M+H,C,0.3346643770562809,silver,3.2585660574851767,0.0152161104294474,7.0,7.0,C34 H66 N1 O4
A15_192726,Streptophyta,False,,,,,,,,,,,,,
A15_39684,Streptophyta,False,,,,,,,,,,,,,
A15_91636,Streptophyta,False,,,,,,,,,,,,,
A15_108086,Streptophyta,True,PA(16:2_20:5),PA(16:2_20:5)+NH4,PA,diacyl,M+NH4,A,0.4359519296218433,silver,3.2219581283070355,0.0143416758241752,1.0,4.0,C39 H67 N1 O8 P1
A15_90413,Streptophyta,False,,,,,,,,,,,,,
A15_117775,Streptophyta,True,TG(20:4_18:1)+O:(s),TG(20:4_18:1)+NH4+O:(s),TG,triacyl,M+NH4,C,0.2678792449861358,bronze,0.9949959056894894,0.2671601880046133,1.0,1.0,C41 H72 N1 O7
A15_155864,Bacillota,True,PG(17:0_15:0),PG(17:0_15:0)+NH4,PG,diacyl,M+NH4,B,1.6780441083139894,gold,4.634927195336682,0.2326764791758417,15.0,7.0,C38 H79 N1 O10 P1
A15_14361,Streptophyta,False,,,,,,,,,,,,,
A15_170222,Streptophyta,False,,,,,,,,,,,,,
A15_185601,Streptophyta,True,WE(O-18:2_18:0),WE(O-18:2_18:0)+Na,WE,Wax monoesters,M+Na,C,0.6147782436310689,bronze,1.9372826657609017,0.1098144498785274,1.0,1.0,C36 H68 Na1 O2
A15_180527,Streptophyta,True,TG(52:5)+OO:(s),TG(52:5)+NH4+OO:(s),TG,triacyl,M+NH4,C,0.0479462314618495,bronze,0.9844978596097608,0.0829006341463411,1.0,1.0,C55 H100 N1 O8
A15_7737,Streptophyta,False,,,,,,,,,,,,,
A15_177559,Streptophyta,False,,,,,,,,,,,,,
A15_195043,Streptophyta,True,Cer(d16:1_22:2),Cer(d16:1_22:2)+H,Cer,acylsphingosines,M+H,A,0.2318405811144359,silver,1.6346121319309534,0.2698600000000013,1.0,3.0,C38 H72 N1 O3
A15_7053,Streptophyta,False,,,,,,,,,,,,,
A15_82734,Streptophyta,False,,,,,,,,,,,,,
A15_202474,Streptophyta,False,,,,,,,,,,,,,
A15_80660,Streptophyta,False,,,,,,,,,,,,,
A15_103785,Streptophyta,False,,,,,,,,,,,,,
A15_72080,Streptophyta,True,DG(18:3_14:1),DG(18:3_14:1)+Na,DG,diacyl,M+Na,C,0.2835341005144052,silver,1.3899983165330645,0.2723251245437623,2.0,3.0,C35 H60 Na1 O5
A15_14416,Streptophyta,False,,,,,,,,,,,,,
A15_84768,Streptophyta,False,,,,,,,,,,,,,
A15_188649,Streptophyta,True,DGDG(10:0_20:0),DGDG(10:0_20:0)+Na,DGDG,Digalactosyldiacylglycerol,M+Na,C,0.5172083713545,silver,0.1716305374870391,0.1574059999999981,5.0,2.0,C45 H84 Na1 O15
A15_113494,Streptophyta,True,DG(P-7:0_19:3),DG(P-7:0_19:3)+H,DG,alkenyl-acyl,M+H,B,0.3813713551832133,gold,2.395788957669025,0.0182758167942118,5.0,3.0,C29 H51 O4
A15_109223,Basidiomycota,True,DG(15:2_18:1),DG(15:2_18:1)+H,DG,diacyl,M+H,C,0.5354976105447798,silver,1.6644401246286027,0.1073194888888888,4.0,6.0,C36 H65 O5
A15_4241,Streptophyta,True,MG(18:4),MG(18:4)+H,MG,monoacyl,M+H,A,0.5012444387749094,gold,0.1962869894921391,0.0158325368320941,22.0,2.0,C21 H35 O4
A15_120030,Streptophyta,False,,,,,,,,,,,,,
A15_130565,Streptophyta,False,,,,,,,,,,,,,
A15_177950,Streptophyta,False,,,,,,,,,,,,,
A15_10763,Streptophyta,False,,,,,,,,,,,,,
A15_217821,Streptophyta,True,TG(28:7_18:3_21:6),TG(28:7_18:3_21:6)+NH4,TG,triacyl,M+NH4,C,0.3283963563975773,silver,0.3951312270168406,0.0734267722355568,2.0,2.0,C70 H108 N1 O6
A15_165218,Pseudomonadota,True,Co(Q6),Co(Q6)+H,Co,Coenzyme Q,M+H,A,2.3340812754383298,gold,2.1693644670036334,0.2100006611138525,7.0,2.0,C39 H59 O4
A15_163871,Pseudomonadota,True,Co(Q6),Co(Q6)+H,Co,Coenzyme Q,M+H,A,2.3340812754383298,gold,1.9664692512769368,0.2390006611138524,7.0,2.0,C39 H59 O4
A15_166422,Pseudomonadota,True,Co(Q6),Co(Q6)+H,Co,Coenzyme Q,M+H,A,2.3340812754383298,gold,2.446654728102439,0.1105006611138517,7.0,2.0,C39 H59 O4
A15_167893,Pseudomonadota,True,Co(Q6),Co(Q6)+H,Co,Coenzyme Q,M+H,A,2.3340812754383298,gold,2.402694066786752,0.084000661113853,7.0,1.0,C39 H59 O4
A15_170598,Pseudomonadota,True,Co(Q6),Co(Q6)+H,Co,Coenzyme Q,M+H,A,2.3340812754383298,gold,2.4297467809851545,0.0419006611138517,7.0,1.0,C39 H59 O4
A15_169160,Pseudomonadota,True,Co(Q6),Co(Q6)+H,Co,Coenzyme Q,M+H,A,2.3340812754383298,gold,2.544720832849938,0.0671006611138516,7.0,1.0,C39 H59 O4
A15_141037,Streptophyta,False,,,,,,,,,,,,,
A15_140131,Streptophyta,False,,,,,,,,,,,,,
A15_116190,Streptophyta,False,,,,,,,,,,,,,
A15_19643,Streptophyta,True,TG(23:3_5:0)+O:(s),TG(23:3_5:0)+NH4+O:(s),TG,triacyl,M+NH4,C,0.1842164565130183,bronze,1.2861962414146433,0.1180478338777608,1.0,1.0,C31 H56 N1 O7
A15_128847,Streptophyta,False,,,,,,,,,,,,,
A15_161483,Pseudomonadota,True,PS(16:0_18:1),PS(16:0_18:1)+H,PS,diacyl,M+H,A,1.083803989496142,gold,1.7092855142947112,0.0057124461468518,2.0,7.0,C40 H77 N1 O10 P1
A15_56533,Streptophyta,False,,,,,,,,,,,,,
A15_102529,Streptophyta,True,TG(18:3_18:2),TG(18:3_18:2)+Na,TG,triacyl,M+Na,C,0.3741579444297059,bronze,0.8628498253624736,0.0639599999999998,1.0,1.0,C39 H64 Na1 O6
A15_34623,Streptophyta,True,DG(30:6),DG(30:6)+H,DG,diacyl,M+H,C,0.0484529469571788,bronze,1.6758520999286424,0.1540378999999996,1.0,1.0,C33 H53 O5
A15_66582,Streptophyta,False,,,,,,,,,,,,,
A15_122868,Streptophyta,False,,,,,,,,,,,,,
A15_70640,Streptophyta,False,,,,,,,,,,,,,
A15_160800,Streptophyta,False,,,,,,,,,,,,,
A15_9186,Streptophyta,False,,,,,,,,,,,,,
A15_104533,Streptophyta,False,,,,,,,,,,,,,
A15_129267,Streptophyta,True,DG(P-9:0_18:3),DG(P-9:0_18:3)+H,DG,alkenyl-acyl,M+H,B,0.463844087177676,silver,1.861010672742489,0.1548799999999985,1.0,1.0,C30 H53 O4
A15_66378,Streptophyta,True,TG(2:0_15:2_18:2)+OO:(s),TG(2:0_15:2_18:2)+NH4+OO:(s),TG,triacyl,M+NH4,C,0.2854397839286297,bronze,1.0257728125020302,0.2456640999999999,1.0,1.0,C38 H68 N1 O8
A15_206898,Streptophyta,True,TG(34:2_18:4)+O:(s),TG(34:2_18:4)+NH4+O:(s),TG,triacyl,M+NH4,B,1.2798145040011268,gold,0.6361529604242676,0.0442267255493185,6.0,10.0,C55 H98 N1 O7
A15_131565,Streptophyta,True,TG(32:7_11:0)+O:(s),TG(32:7_11:0)+NH4+O:(s),TG,triacyl,M+NH4,C,0.0361966023684019,bronze,0.7668078169918354,0.2244133353463251,1.0,1.0,C46 H78 N1 O7
A15_78056,Streptophyta,False,,,,,,,,,,,,,
A15_53811,Streptophyta,False,,,,,,,,,,,,,
A15_94035,Streptophyta,True,DG(P-7:0_19:3),DG(P-7:0_19:3)+H,DG,alkenyl-acyl,M+H,B,0.4680453140954232,gold,1.719733675270528,0.0275213999999994,8.0,2.0,C29 H51 O4
A15_173211,Streptophyta,True,PI(22:3_16:0),PI(22:3_16:0)+H,PI,diacyl,M+H,C,0.0537179567657824,bronze,2.8072866522755446,0.0113880000000001,1.0,3.0,C47 H86 O13 P1
A15_219557,Streptophyta,True,TG(29:8_18:3_18:3),TG(29:8_18:3_18:3)+NH4,TG,triacyl,M+NH4,C,0.3438338775588583,silver,0.3180494373210638,0.2593817925219781,2.0,4.0,C68 H108 N1 O6
A15_22452,Pseudomonadota,True,LPG(16:0),LPG(16:0)+H,LPG,monoacyl,M+H,C,1.7924774500703575,silver,0.4664580351456417,0.2593180999999998,25.0,3.0,C22 H46 O9 P1
A15_27435,Pseudomonadota,True,LPG(16:0),LPG(16:0)+H,LPG,monoacyl,M+H,C,1.5262809916203228,silver,2.161089173678002,0.1993880423522251,10.0,1.0,C22 H46 O9 P1
A15_129204,Streptophyta,True,WE(O-27:2),WE(O-27:2)+Na,WE,Wax monoesters,M+Na,C,0.1621621084839252,silver,0.4592269655384804,0.1113730000000003,4.0,5.0,C27 H50 Na1 O2
A15_107062,Basidiomycota,True,TG(17:1_16:0),TG(17:1_16:0)+Na,TG,triacyl,M+Na,C,0.0422625849496515,bronze,0.0655278814938185,0.1006366446496382,2.0,3.0,C36 H66 Na1 O6
A15_105800,Basidiomycota,True,TG(17:1_16:0),TG(17:1_16:0)+Na,TG,triacyl,M+Na,C,0.0422625849496515,bronze,0.0203055875635748,0.1317366446496386,2.0,3.0,C36 H66 Na1 O6
A15_104936,Basidiomycota,True,TG(17:1_16:0),TG(17:1_16:0)+Na,TG,triacyl,M+Na,C,0.0422625849496515,bronze,0.0170665890056915,0.1519366446496377,2.0,3.0,C36 H66 Na1 O6
A15_86249,Streptophyta,False,,,,,,,,,,,,,
A15_132200,Streptophyta,True,DG(16:0_18:4),DG(16:0_18:4)+H,DG,diacyl,M+H,A,1.3391599865695951,gold,0.0076335349210777,0.0863474507562891,21.0,6.0,C37 H65 O5
A15_186156,Streptophyta,False,,,,,,,,,,,,,
A15_134089,Bacillota,True,PG(15:0_16:1),PG(15:0_16:1)+NH4,PG,diacyl,M+NH4,A,1.6625312765287064,gold,4.694682970586602,0.2982578329791625,4.0,7.0,C37 H75 N1 O10 P1
A15_207139,Streptophyta,True,DGDG(10:0_20:0),DGDG(10:0_20:0)+Na,DGDG,Digalactosyldiacylglycerol,M+Na,C,0.3109938556415014,bronze,0.1238346712291873,0.132581766171242,1.0,2.0,C45 H84 Na1 O15
A15_131980,Streptophyta,False,,,,,,,,,,,,,
A15_63923,Streptophyta,True,TG(30:4)+OO:(s),TG(30:4)+H+OO:(s),TG,triacyl,M+H,C,0.0912850944266347,bronze,4.8120784191219945,0.1582073073333525,2.0,1.0,C33 H55 O8
A15_5098,Streptophyta,False,,,,,,,,,,,,,
A15_7026,Streptophyta,False,,,,,,,,,,,,,
A15_66984,Streptophyta,False,,,,,,,,,,,,,
A15_149082,Basidiomycota,True,Cer(d16:1_19:1)+O:(s),Cer(d16:1_19:1)+H+O:(s),Cer,acylsphingosines,M+H,C,0.2672695042661591,silver,1.6896947340827413,0.0820796204616911,4.0,1.0,C35 H68 N1 O4
A15_9841,Streptophyta,False,,,,,,,,,,,,,
A15_86455,Streptophyta,False,,,,,,,,,,,,,
A15_24874,Streptophyta,False,,,,,,,,,,,,,
A15_92461,Streptophyta,True,DG(O-26:4),DG(O-26:4)+H,DG,alkyl-acyl,M+H,C,0.1329756776908391,bronze,0.5348494692466789,0.1519876699996292,1.0,1.0,C29 H51 O4
A15_162586,Streptophyta,True,DG(P-15:2_20:1),DG(P-15:2_20:1)+Na,DG,alkenyl-acyl,M+Na,C,0.4508045522004488,bronze,3.0993174907037857,0.2876879999999993,1.0,1.0,C38 H68 Na1 O4
A15_7539,Streptophyta,False,,,,,,,,,,,,,
A15_178820,Streptophyta,False,,,,,,,,,,,,,
A15_53958,Streptophyta,False,,,,,,,,,,,,,
A15_56539,Streptophyta,False,,,,,,,,,,,,,
A15_148317,Streptophyta,True,DGDG(15:0_18:2),DGDG(15:0_18:2)+NH4,DGDG,Digalactosyldiacylglycerol,M+NH4,A,1.3425023278034325,gold,0.8674150834086644,0.0054513428645766,3.0,3.0,C48 H90 N1 O15
A15_187125,Streptophyta,True,TG(12:0_16:0_12:1)+O:(s),TG(12:0_16:0_12:1)+NH4+O:(s),TG,triacyl,M+NH4,A,0.993228761398637,silver,1.3567403980994828,0.1808915834237474,1.0,4.0,C43 H84 N1 O7
A15_15121,Pseudomonadota,False,,,,,,,,,,,,,
A15_17115,Pseudomonadota,False,,,,,,,,,,,,,
A15_4559,Streptophyta,True,DG(17:3_2:0),DG(17:3_2:0)+Na,DG,diacyl,M+Na,C,0.1359958918052479,bronze,1.669654564904602,0.1697012,1.0,1.0,C22 H36 Na1 O5
A15_22156,Streptophyta,True,DG(P-5:0_22:7),DG(P-5:0_22:7)+H,DG,alkenyl-acyl,M+H,B,0.2864143892966195,silver,0.3877791826725439,0.1375460999999997,1.0,1.0,C30 H45 O4
A15_17376,Streptophyta,True,DG(P-4:0_21:3),DG(P-4:0_21:3)+Na,DG,alkenyl-acyl,M+Na,C,0.1567504675213703,silver,4.732804852204835,0.0123852032520508,2.0,2.0,C28 H48 Na1 O4
A15_189138,Streptophyta,False,,,,,,,,,,,,,
A15_192736,Streptophyta,False,,,,,,,,,,,,,
A15_18204,Streptophyta,False,,,,,,,,,,,,,
A15_210991,Streptophyta,False,,,,,,,,,,,,,
A15_140580,Bacillota,True,PS(33:2),PS(33:2)+H,PS,diacyl,M+H,C,1.318318585843568,silver,4.096529559292405,0.214522206289434,2.0,2.0,C39 H73 N1 O10 P1
A15_138185,Bacillota,True,PS(33:2),PS(33:2)+H,PS,diacyl,M+H,C,1.647761241863652,silver,3.6955137535328495,0.262245,10.0,2.0,C39 H73 N1 O10 P1
A15_135303,Bacillota,True,PS(33:2),PS(33:2)+H,PS,diacyl,M+H,C,1.647761241863652,silver,4.827458406921963,0.2012450000000001,10.0,2.0,C39 H73 N1 O10 P1
A15_66882,Streptophyta,False,,,,,,,,,,,,,
A15_81623,Streptophyta,False,,,,,,,,,,,,,
A15_77663,Streptophyta,False,,,,,,,,,,,,,
A15_144240,Streptophyta,False,,,,,,,,,,,,,
A15_98592,Streptophyta,False,,,,,,,,,,,,,
A15_87314,Streptophyta,False,,,,,,,,,,,,,
A15_203321,Actinomycetota,False,,,,,,,,,,,,,
A15_82637,Streptophyta,False,,,,,,,,,,,,,
A15_115548,Streptophyta,True,DG(P-15:2_17:2),DG(P-15:2_17:2)+Na,DG,alkenyl-acyl,M+Na,C,0.5627140863959464,bronze,2.866815915285754,0.010809,1.0,2.0,C35 H60 Na1 O4
A15_118205,Streptophyta,False,,,,,,,,,,,,,
A15_87048,Streptophyta,False,,,,,,,,,,,,,
A15_164735,Bacillota,False,,,,,,,,,,,,,
A15_111511,Streptophyta,False,,,,,,,,,,,,,
A15_83187,Streptophyta,False,,,,,,,,,,,,,
A15_206856,Streptophyta,False,,,,,,,,,,,,,
A15_130203,Streptophyta,True,MG(O-25:6),MG(O-25:6)+H,MG,monoalkyl,M+H,C,0.1545937269349833,silver,0.5480876027672157,0.1131530000000005,6.0,1.0,C28 H47 O3
A15_208560,Bacillota,True,SM(d43:5),SM(d43:5)+H,SM,acyl,M+H,C,0.7277429632545965,bronze,1.7199416930351918,0.0271468717948728,1.0,1.0,C48 H90 N2 O6 P1
A15_206209,Bacillota,True,SM(d43:5),SM(d43:5)+H,SM,acyl,M+H,C,0.8139918955552521,silver,2.150215810846601,0.2958286276883868,3.0,2.0,C48 H90 N2 O6 P1
A15_80416,Streptophyta,False,,,,,,,,,,,,,
A15_104637,Streptophyta,False,,,,,,,,,,,,,
A15_64182,Streptophyta,False,,,,,,,,,,,,,
A15_8634,Streptophyta,False,,,,,,,,,,,,,
A15_149297,Actinomycetota,True,PC(40:9),PC(40:9)+H,PC,diacyl,M+H,C,2.6616091567869664,silver,0.7047930962285918,0.0026559999999999,15.0,3.0,C48 H79 N1 O8 P1
A15_47627,Streptophyta,False,,,,,,,,,,,,,
A15_143060,Streptophyta,True,TG(22:2_20:4)+O:(s),TG(22:2_20:4)+NH4+O:(s),TG,triacyl,M+NH4,C,0.0338045670387504,bronze,3.1600196629046606,0.1493359999999999,1.0,1.0,C45 H78 N1 O7
A15_193360,Actinomycetota,True,PC(O-21:0_18:2),PC(O-21:0_18:2)+Na,PC,alkyl-acyl,M+Na,C,0.1832692180581119,bronze,2.5278522666273955,0.155484342857143,1.0,1.0,C47 H92 N1 Na1 O7 P1
A15_135630,Streptophyta,True,MG(O-26:6),MG(O-26:6)+H,MG,monoalkyl,M+H,C,0.295542809480968,silver,1.2720299364995684,0.2020229999999987,2.0,1.0,C29 H49 O3
A15_136706,Streptophyta,True,DG(18:3_18:3),DG(18:3_18:3)+NH4,DG,diacyl,M+NH4,A,0.646305613344587,gold,0.1164139047538645,0.0545580000000001,2.0,1.0,C39 H68 N1 O5
A15_195965,Streptophyta,False,,,,,,,,,,,,,
A15_68021,Streptophyta,False,,,,,,,,,,,,,
A15_99783,Streptophyta,False,,,,,,,,,,,,,
A15_58548,Streptophyta,False,,,,,,,,,,,,,
A15_185705,Streptophyta,False,,,,,,,,,,,,,
A15_84663,Streptophyta,True,DG(P-12:1_23:7),DG(P-12:1_23:7)+Na,DG,alkenyl-acyl,M+Na,C,0.4223149307682321,bronze,0.8070671217252142,0.2692360137254903,1.0,1.0,C38 H58 Na1 O4
A15_14842,Streptophyta,False,,,,,,,,,,,,,
A15_144642,Streptophyta,False,,,,,,,,,,,,,
A15_176283,Streptophyta,False,,,,,,,,,,,,,
A15_144317,Streptophyta,True,SM(d41:8),SM(d41:8)+H,SM,acyl,M+H,C,0.7737506099540566,bronze,2.501267127524561,0.1210434119718311,1.0,1.0,C46 H80 N2 O6 P1
A15_65883,Streptophyta,False,,,,,,,,,,,,,
A15_130445,Pseudomonadota,True,PC(26:0),PC(26:0)+H,PC,diacyl,M+H,C,1.784785467721083,bronze,2.30483199882388,0.0699500000000004,1.0,1.0,C34 H69 N1 O8 P1
A15_133908,Pseudomonadota,False,,,,,,,,,,,,,
A15_128835,Pseudomonadota,True,PC(26:0),PC(26:0)+H,PC,diacyl,M+H,C,1.784785467721083,bronze,2.280234721825606,0.0434500000000017,1.0,1.0,C34 H69 N1 O8 P1
A15_136544,Pseudomonadota,False,,,,,,,,,,,,,
A15_82435,Streptophyta,False,,,,,,,,,,,,,
A15_157339,Streptophyta,False,,,,,,,,,,,,,
A15_91010,Streptophyta,True,PC(42:12),PC(42:12)+H,PC,diacyl,M+H,C,1.3081733535952562,silver,0.6917471173093,0.0591834999999996,8.0,3.0,C50 H77 N1 O8 P1
A15_71289,Streptophyta,False,,,,,,,,,,,,,
A15_9827,Streptophyta,False,,,,,,,,,,,,,
A15_188606,Streptophyta,False,,,,,,,,,,,,,
A15_2895,Streptophyta,False,,,,,,,,,,,,,
A15_104380,Streptophyta,True,DG(18:4_18:4),DG(18:4_18:4)+H,DG,diacyl,M+H,A,0.5360427988355002,silver,0.5052810895134037,0.0085429999999995,1.0,3.0,C39 H61 O5
A15_38103,Streptophyta,False,,,,,,,,,,,,,
A15_43726,Streptophyta,False,,,,,,,,,,,,,
A15_130903,Bacillota,True,MGDG(14:0_15:0),MGDG(14:0_15:0)+Na,MGDG,Monogalactosyldiacylglycerol,M+Na,A,0.5839631765095918,silver,1.50756310690474,0.1410409999999995,1.0,1.0,C38 H72 Na1 O10
A15_88443,Streptophyta,False,,,,,,,,,,,,,
A15_47080,Streptophyta,False,,,,,,,,,,,,,
A15_155247,Streptophyta,True,MGDG(18:2_18:2),MGDG(18:2_18:2)+NH4,MGDG,Monogalactosyldiacylglycerol,M+NH4,A,1.4068316026402878,gold,1.4824790748884575,0.0400790000000004,3.0,4.0,C45 H82 N1 O10
A15_55301,Streptophyta,False,,,,,,,,,,,,,
A15_117202,Basidiomycota,True,DG(O-13:1_19:3),DG(O-13:1_19:3)+NH4,DG,alkyl-acyl,M+NH4,C,0.3588839438611201,silver,1.5194279809787754,0.0921760000000002,2.0,3.0,C35 H66 N1 O4
A15_116498,Streptophyta,True,DG(16:1_18:4),DG(16:1_18:4)+H,DG,diacyl,M+H,A,0.8736913464574396,gold,1.3927597920620869,0.2051362745770433,3.0,4.0,C37 H63 O5
A15_136220,Streptophyta,True,PC(O-25:7_16:3),PC(O-25:7_16:3)+Na,PC,alkyl-acyl,M+Na,C,0.1415646815031257,bronze,2.399710687842664,0.2324329999999985,1.0,1.0,C49 H80 N1 Na1 O7 P1
A15_124547,Streptophyta,False,,,,,,,,,,,,,
A15_143567,Streptophyta,True,DG(P-18:4_16:0),DG(P-18:4_16:0)+H,DG,alkenyl-acyl,M+H,C,0.6998534295541008,silver,0.0472905538277664,0.2231709999999989,7.0,7.0,C37 H65 O4
A15_135988,Streptophyta,True,TG(5:0_15:2_18:3)+O:(s),TG(5:0_15:2_18:3)+NH4+O:(s),TG,triacyl,M+NH4,B,0.4996690337448066,silver,2.409142819400443,0.0106179999999991,1.0,2.0,C41 H72 N1 O7
A15_114378,Streptophyta,True,TG(9:0_28:4)+O:(s),TG(9:0_28:4)+NH4+O:(s),TG,triacyl,M+NH4,C,0.4497698035810226,bronze,0.4817638825794136,0.2078900000000008,1.0,1.0,C40 H72 N1 O7
A15_124601,Streptophyta,True,TG(16:2_25:4)+O:(s),TG(16:2_25:4)+NH4+O:(s),TG,triacyl,M+NH4,C,0.0199763801733462,bronze,0.9606383658465072,0.0345720000000007,1.0,1.0,C44 H76 N1 O7
A15_12461,Streptophyta,False,,,,,,,,,,,,,
A15_185679,Streptophyta,True,DGDG(10:0_20:0),DGDG(10:0_20:0)+Na,DGDG,Digalactosyldiacylglycerol,M+Na,C,0.1530761737455443,silver,0.5182426084294315,0.2025348893865768,2.0,5.0,C45 H84 Na1 O15
A15_106592,Basidiomycota,True,DG(15:2_18:1),DG(15:2_18:1)+H,DG,diacyl,M+H,C,0.5354976105447798,silver,1.7423647946670129,0.2979194888888887,4.0,5.0,C36 H65 O5
A15_77146,Streptophyta,False,,,,,,,,,,,,,
A15_47424,Streptophyta,False,,,,,,,,,,,,,
A15_180354,Pseudomonadota,True,PC(35:5),PC(35:5)+H,PC,diacyl,M+H,C,0.9598300544314516,silver,3.617166213328164,0.0639163444758956,6.0,5.0,C43 H77 N1 O8 P1
A15_85046,Streptophyta,True,DG(O-26:5),DG(O-26:5)+H,DG,alkyl-acyl,M+H,C,0.375806920126151,silver,1.323627898357863,0.0737405151515133,3.0,1.0,C29 H49 O4
A15_191553,Streptophyta,False,,,,,,,,,,,,,
A15_170742,Streptophyta,True,TG(27:4_18:2)+O:(s),TG(27:4_18:2)+NH4+O:(s),TG,triacyl,M+NH4,C,0.314171333796856,bronze,0.4179939452598402,0.0933769999999967,1.0,1.0,C48 H84 N1 O7
A15_199543,Bacillota,True,DG(26:0_18:3),DG(26:0_18:3)+NH4,DG,diacyl,M+NH4,A,0.3327344219626876,silver,2.1178995658297524,0.0918520000000029,1.0,1.0,C47 H90 N1 O5
A15_196407,Bacillota,True,DG(26:0_18:3),DG(26:0_18:3)+NH4,DG,diacyl,M+NH4,A,0.3327344219626876,silver,2.3529782380860724,0.0283520000000017,1.0,1.0,C47 H90 N1 O5
A15_194985,Bacillota,True,DG(26:0_18:3),DG(26:0_18:3)+NH4,DG,diacyl,M+NH4,A,0.3327344219626876,silver,2.011045587330515,0.0019520000000028,1.0,1.0,C47 H90 N1 O5
A15_162097,Bacillota,False,,,,,,,,,,,,,
A15_164865,Bacillota,False,,,,,,,,,,,,,
A15_81215,Streptophyta,False,,,,,,,,,,,,,
A15_176777,Pseudomonadota,False,,,,,,,,,,,,,
A15_177589,Pseudomonadota,False,,,,,,,,,,,,,
A15_175580,Pseudomonadota,False,,,,,,,,,,,,,
A15_174208,Pseudomonadota,False,,,,,,,,,,,,,
A15_176721,Pseudomonadota,True,PE(20:5_18:0),PE(20:5_18:0)+H,PE,diacyl,M+H,B,1.9771536937308447,gold,3.8928754270101806,0.1943860274036382,3.0,8.0,C43 H77 N1 O8 P1
A15_178363,Pseudomonadota,True,PE(20:5_18:0),PE(20:5_18:0)+H,PE,diacyl,M+H,B,1.9771536937308447,gold,3.94766762842583,0.2293860274036383,3.0,7.0,C43 H77 N1 O8 P1
A15_130421,Ascomycota,False,,,,,,,,,,,,,
A15_110213,Streptophyta,True,MG(O-26:6),MG(O-26:6)+H,MG,monoalkyl,M+H,C,0.281735737058428,bronze,0.2714331079120218,0.2644174955226717,1.0,1.0,C29 H49 O3
A15_148852,Basidiomycota,True,WE(O-19:4_16:1),WE(O-19:4_16:1)+NH4,WE,Wax monoesters,M+NH4,C,0.4305138068336303,silver,0.3842957932792694,0.1114552825719847,4.0,2.0,C35 H64 N1 O2
A15_111122,Streptophyta,False,,,,,,,,,,,,,
A15_145684,Streptophyta,True,PG(16:0_18:2),PG(16:0_18:2)+NH4,PG,diacyl,M+NH4,A,1.9739662271859455,gold,0.75857930105989,0.0179956774193552,7.0,7.0,C40 H79 N1 O10 P1
A15_150938,Streptophyta,False,,,,,,,,,,,,,
A15_182199,Pseudomonadota,True,BisMePA(33:2),BisMePA(33:2)+NH4,BisMePA,diacyl,M+NH4,C,1.9840763871496103,silver,0.4787663975923298,0.2604562433273507,2.0,8.0,C38 H75 N1 O8 P1
A15_91289,Streptophyta,False,,,,,,,,,,,,,
A15_165742,Bacillota,True,TG(33:1_4:0)+OO:(s),TG(33:1_4:0)+Na+OO:(s),TG,triacyl,M+Na,C,0.2233583863216145,silver,0.2185962815819056,0.1223964999999989,2.0,1.0,C40 H74 Na1 O8
A15_86378,Streptophyta,True,TG(17:2_18:2)+OO:(s),TG(17:2_18:2)+NH4+OO:(s),TG,triacyl,M+NH4,C,0.3107103427380546,bronze,0.5612719994817124,0.0007746999999991,1.0,1.0,C38 H68 N1 O8
A15_165632,Streptophyta,True,DG(18:1_27:6),DG(18:1_27:6)+NH4,DG,diacyl,M+NH4,C,0.1071798411169187,bronze,2.9422720829880187,0.2613069163179933,1.0,1.0,C48 H84 N1 O5
A15_37223,Streptophyta,False,,,,,,,,,,,,,
A15_39715,Streptophyta,False,,,,,,,,,,,,,
A15_42593,Streptophyta,False,,,,,,,,,,,,,
A15_68733,Streptophyta,False,,,,,,,,,,,,,
A15_149344,Streptophyta,True,DG(18:2_28:7),DG(18:2_28:7)+H,DG,diacyl,M+H,B,0.0492732276363013,bronze,1.0595421341615618,0.2979990000000008,2.0,1.0,C49 H79 O5
A15_58116,Streptophyta,False,,,,,,,,,,,,,
A15_654,Streptophyta,False,,,,,,,,,,,,,
A15_178349,Streptophyta,True,Cer(d18:2_18:1),Cer(d18:2_18:1)+H,Cer,acylsphingosines,M+H,A,1.3428587622196528,gold,1.2687291035961457,0.0279712075783393,4.0,5.0,C36 H68 N1 O3
A15_72377,Streptophyta,False,,,,,,,,,,,,,
A15_97473,Streptophyta,False,,,,,,,,,,,,,
A15_24685,Streptophyta,True,TG(19:3_4:0_4:0),TG(19:3_4:0_4:0)+NH4,TG,triacyl,M+NH4,C,0.150251900082302,silver,0.5327393992582495,0.0342662500000003,6.0,3.0,C30 H54 N1 O6
A15_24706,Bacillota,False,,,,,,,,,,,,,
A15_22876,Bacillota,False,,,,,,,,,,,,,
A15_184129,Streptophyta,False,,,,,,,,,,,,,
A15_56869,Streptophyta,False,,,,,,,,,,,,,
A15_203844,Streptophyta,False,,,,,,,,,,,,,
A15_90752,Streptophyta,True,PG(15:2_16:0),PG(15:2_16:0)+NH4,PG,diacyl,M+NH4,C,0.0965193358887741,bronze,3.489587715524972,0.1503008333333344,1.0,2.0,C37 H73 N1 O10 P1
A15_69852,Streptophyta,False,,,,,,,,,,,,,
A15_158048,Streptophyta,False,,,,,,,,,,,,,
A15_158543,Pseudomonadota,True,BisMePA(30:1),BisMePA(30:1)+NH4,BisMePA,diacyl,M+NH4,C,1.1973259389699429,silver,0.6341916661821725,0.2613795655822883,7.0,15.0,C35 H71 N1 O8 P1
A15_118367,Streptophyta,False,,,,,,,,,,,,,
A15_90660,Streptophyta,True,TG(O-38:9_4:0),TG(O-38:9_4:0)+H,TG,alkyl-acyl,M+H,C,0.2881402807479279,bronze,0.4115049076610017,0.2067914861664146,1.0,1.0,C45 H71 O5
A15_18961,Streptophyta,False,,,,,,,,,,,,,
A15_16226,Streptophyta,False,,,,,,,,,,,,,
A15_162422,Streptophyta,False,,,,,,,,,,,,,
A15_177746,Pseudomonadota,True,PE(16:0_18:1),PE(16:0_18:1)+H,PE,diacyl,M+H,B,1.800788242710552,gold,0.8041578056980672,0.180256861610033,3.0,20.0,C39 H77 N1 O8 P1
A15_204793,Streptophyta,True,TG(34:2_18:3)+OO:(s),TG(34:2_18:3)+NH4+OO:(s),TG,triacyl,M+NH4,B,0.5221674058978644,gold,0.8630285242722245,0.0866399519081824,2.0,4.0,C55 H100 N1 O8
A15_13423,Streptophyta,False,,,,,,,,,,,,,
A15_10008,Pseudomonadota,True,LPE(14:0),LPE(14:0)+H,LPE,monoacyl,M+H,A,1.956705705736817,gold,0.9506984151039504,0.1266901204057835,36.0,2.0,C19 H41 N1 O7 P1
A15_11958,Pseudomonadota,True,LPE(14:0),LPE(14:0)+H,LPE,monoacyl,M+H,A,1.956705705736817,gold,0.6621431647635301,0.0804901204057833,36.0,2.0,C19 H41 N1 O7 P1
A15_139645,Bacillota,False,,,,,,,,,,,,,
A15_161652,Streptophyta,False,,,,,,,,,,,,,
A15_129449,Bacillota,True,DG(O-5:0_23:0),DG(O-5:0_23:0)+Na,DG,alkyl-acyl,M+Na,C,0.1017667886573324,bronze,1.5913918305238195,0.0923235608952026,1.0,2.0,C31 H62 Na1 O4
A15_190457,Streptophyta,True,TG(18:3_18:3_18:3)+O:(s),TG(18:3_18:3_18:3)+Na+O:(s),TG,triacyl,M+Na,A,0.4922464869565762,silver,0.01395893140017,0.1623728519749221,1.0,1.0,C57 H92 Na1 O7
A15_132459,Ascomycota,False,,,,,,,,,,,,,
A15_163941,Pseudomonadota,False,,,,,,,,,,,,,
A15_159548,Pseudomonadota,False,,,,,,,,,,,,,
A15_99358,Streptophyta,False,,,,,,,,,,,,,
A15_104663,Streptophyta,True,PC(42:11),PC(42:11)+H,PC,diacyl,M+H,C,0.8865894225129096,silver,3.252573246371053,0.0266044926182225,2.0,1.0,C50 H79 N1 O8 P1
A15_53387,Streptophyta,False,,,,,,,,,,,,,
A15_88551,Streptophyta,False,,,,,,,,,,,,,
A15_163830,Streptophyta,False,,,,,,,,,,,,,
A15_143918,Streptophyta,False,,,,,,,,,,,,,
A15_60952,Streptophyta,True,TG(30:5_6:0)+OO:(s),TG(30:5_6:0)+NH4+OO:(s),TG,triacyl,M+NH4,B,0.2624557149416356,gold,2.67612684746913,0.0853382883178488,2.0,5.0,C39 H68 N1 O8
A15_136465,Streptophyta,False,,,,,,,,,,,,,
A15_154686,Streptophyta,False,,,,,,,,,,,,,
A15_197004,Pseudomonadota,True,Co(Q7),Co(Q7)+H,Co,Coenzyme Q,M+H,A,1.8269085573136772,gold,0.8855608088448313,0.0550571883260886,12.0,3.0,C44 H67 O4
A15_194281,Pseudomonadota,True,Co(Q7),Co(Q7)+H,Co,Coenzyme Q,M+H,A,1.8269085573136772,gold,0.8946585858456679,0.0076428116739108,12.0,3.0,C44 H67 O4
A15_192799,Pseudomonadota,True,Co(Q7),Co(Q7)+H,Co,Coenzyme Q,M+H,A,1.8269085573136772,gold,0.3305967339640537,0.1958428116739092,12.0,2.0,C44 H67 O4
A15_102638,Streptophyta,False,,,,,,,,,,,,,
A15_78008,Streptophyta,False,,,,,,,,,,,,,
A15_105817,Streptophyta,False,,,,,,,,,,,,,
A15_34836,Streptophyta,False,,,,,,,,,,,,,
A15_151886,Streptophyta,True,MGDG(18:2_18:2),MGDG(18:2_18:2)+NH4,MGDG,Monogalactosyldiacylglycerol,M+NH4,A,1.4068316026402878,gold,3.78103061278213,0.1368209999999994,3.0,2.0,C45 H82 N1 O10
A15_208320,Bacillota,False,,,,,,,,,,,,,
A15_209385,Bacillota,False,,,,,,,,,,,,,
A15_195405,Streptophyta,True,DGDG(8:0_22:2),DGDG(8:0_22:2)+Na,DGDG,Digalactosyldiacylglycerol,M+Na,C,0.0887868079068915,bronze,3.252283888534518,0.1954752394038372,2.0,1.0,C45 H80 Na1 O15
A15_191796,Streptophyta,True,TG(47:5)+O:(s),TG(47:5)+NH4+O:(s),TG,triacyl,M+NH4,C,0.2457048619465446,silver,0.3245836080195295,0.2612555184162062,2.0,2.0,C50 H90 N1 O7
A15_130856,Streptophyta,False,,,,,,,,,,,,,
A15_145363,Streptophyta,True,PC(30:2),PC(30:2)+H,PC,diacyl,M+H,C,1.957517349460527,silver,0.2197683681495916,0.1608710000000002,8.0,6.0,C38 H73 N1 O8 P1
A15_145171,Streptophyta,False,,,,,,,,,,,,,
A15_141875,Streptophyta,True,PG(16:0_16:1),PG(16:0_16:1)+NH4,PG,diacyl,M+NH4,A,1.459812372267968,gold,2.5637803379655013,0.0702870000000004,4.0,10.0,C38 H77 N1 O10 P1
A15_144458,Streptophyta,True,DGDG(16:0_18:3),DGDG(16:0_18:3)+Na,DGDG,Digalactosyldiacylglycerol,M+Na,B,0.7765128654237057,gold,1.4275172802339613,0.1747277347317855,4.0,3.0,C49 H86 Na1 O15
A15_116216,Bacillota,True,PA(18:1_18:3),PA(18:1_18:3)+NH4,PA,diacyl,M+NH4,A,0.8478408922660952,gold,0.246556613760357,0.1136450481575419,4.0,13.0,C39 H73 N1 O8 P1
A15_117583,Bacillota,True,PE(16:2_18:1),PE(16:2_18:1)+H,PE,diacyl,M+H,B,0.5295439117201105,gold,1.7129348395653898,0.0588099494302003,4.0,13.0,C39 H73 N1 O8 P1
A15_93158,Streptophyta,False,,,,,,,,,,,,,
A15_83455,Streptophyta,True,TG(18:3_18:2)+OO:(s),TG(18:3_18:2)+NH4+OO:(s),TG,triacyl,M+NH4,B,0.4778284784929478,gold,0.8083749778378165,0.0332844116104853,6.0,1.0,C39 H68 N1 O8
A15_50207,Streptophyta,False,,,,,,,,,,,,,
A15_105779,Streptophyta,False,,,,,,,,,,,,,
A15_161352,Bacillota,False,,,,,,,,,,,,,
A15_164430,Bacillota,False,,,,,,,,,,,,,
A15_163163,Bacillota,False,,,,,,,,,,,,,
A15_166068,Bacillota,False,,,,,,,,,,,,,
A15_57205,Streptophyta,True,TG(O-6:0_8:0_18:4),TG(O-6:0_8:0_18:4)+Na,TG,alkyl-acyl,M+Na,C,0.5554239325910978,bronze,0.3763239283226706,0.0002500000000003,1.0,2.0,C35 H60 Na1 O5
A15_120367,Streptophyta,True,PC(P-25:8_13:0),PC(P-25:8_13:0)+Na,PC,alkenyl-acyl,M+Na,C,0.1397240425416936,bronze,1.3728950733517389,0.0484978456938858,1.0,1.0,C46 H76 N1 Na1 O7 P1
A15_153412,Streptophyta,False,,,,,,,,,,,,,
A15_78544,Streptophyta,True,DG(O-16:3_16:1),DG(O-16:3_16:1)+Na,DG,alkyl-acyl,M+Na,C,0.4381099624074687,bronze,0.3352735292746379,0.1351570616619586,1.0,1.0,C35 H62 Na1 O4
A15_193044,Pseudomonadota,True,Co(Q7),Co(Q7)+NH4,Co,Coenzyme Q,M+NH4,A,1.2011684753739784,gold,0.145666995082563,0.1708333340088188,14.0,4.0,C44 H70 N1 O4
A15_160177,Streptophyta,False,,,,,,,,,,,,,
A15_129317,Streptophyta,True,DG(P-18:4_18:3),DG(P-18:4_18:3)+H,DG,alkenyl-acyl,M+H,C,0.918828822281482,silver,0.940245775012138,0.0046322759803096,12.0,4.0,C39 H63 O4
A15_103279,Streptophyta,False,,,,,,,,,,,,,
A15_61140,Streptophyta,False,,,,,,,,,,,,,
A15_169665,Bacillota,True,PE(17:1_18:2),PE(17:1_18:2)+H,PE,diacyl,M+H,A,1.4124191020837762,gold,0.2279473399093406,0.2521893219710893,2.0,8.0,C40 H75 N1 O8 P1
A15_13487,Bacillota,True,LPE(15:0),LPE(15:0)+H,LPE,monoacyl,M+H,A,1.6215285610222117,gold,0.1162993499655614,0.0498860920818513,35.0,1.0,C20 H43 N1 O7 P1
A15_14748,Bacillota,True,LPE(15:0),LPE(15:0)+H,LPE,monoacyl,M+H,A,1.6215285610222117,gold,0.1480975502349746,0.0321860920818513,35.0,2.0,C20 H43 N1 O7 P1
A15_204533,Bacillota,True,TG(4:0_14:0_16:0),TG(4:0_14:0_16:0)+NH4,TG,triacyl,M+NH4,A,1.2165840750849772,gold,0.2342059615655664,0.1714024901287061,10.0,11.0,C37 H74 N1 O6
A15_192158,Streptophyta,False,,,,,,,,,,,,,
A15_208776,Bacillota,False,,,,,,,,,,,,,
A15_15105,Streptophyta,False,,,,,,,,,,,,,
A15_118716,Streptophyta,True,DG(16:1_18:4),DG(16:1_18:4)+H,DG,diacyl,M+H,A,0.8736913464574396,gold,1.3519063444424466,0.0449362745770436,3.0,4.0,C37 H63 O5
A15_65245,Streptophyta,False,,,,,,,,,,,,,
A15_193419,Streptophyta,False,,,,,,,,,,,,,
A15_95155,Streptophyta,True,PC(42:12),PC(42:12)+H,PC,diacyl,M+H,C,0.5399615998594595,silver,0.093002930084329,0.1898938500000007,4.0,3.0,C50 H77 N1 O8 P1
A15_90099,Streptophyta,True,TG(18:2_18:3)+O:(s),TG(18:2_18:3)+NH4+O:(s),TG,triacyl,M+NH4,C,0.4387070414178399,silver,1.5823889450846378,0.0389167826013352,3.0,2.0,C39 H68 N1 O7
A15_67057,Streptophyta,True,TG(18:3_16:0)+OO:(s),TG(18:3_16:0)+NH4+OO:(s),TG,triacyl,M+NH4,C,0.1376430523167593,bronze,1.222867120346953,0.0577698000000008,1.0,2.0,C37 H68 N1 O8
A15_179659,Streptophyta,False,,,,,,,,,,,,,
A15_100717,Streptophyta,True,DG(16:2_18:4),DG(16:2_18:4)+H,DG,diacyl,M+H,A,0.4115584538830846,gold,0.5247195849354189,0.0127027247346074,2.0,5.0,C37 H61 O5
A15_23140,Pseudomonadota,False,,,,,,,,,,,,,
A15_91923,Streptophyta,False,,,,,,,,,,,,,
A15_114687,Streptophyta,True,MGDG(16:3_18:3),MGDG(16:3_18:3)+NH4,MGDG,Monogalactosyldiacylglycerol,M+NH4,A,0.8384752162300266,gold,1.4221027972663518,0.1242261132865483,10.0,5.0,C43 H74 N1 O10
A15_175634,Pseudomonadota,True,PA(16:0_18:1),PA(16:0_18:1)+NH4,PA,diacyl,M+NH4,A,1.7794296103570484,gold,1.2612115291400705,0.1737460000000013,8.0,14.0,C37 H75 N1 O8 P1
A15_16051,Streptophyta,False,,,,,,,,,,,,,
A15_44089,Streptophyta,True,TG(26:8_13:1)+O:(s),TG(26:8_13:1)+Na+O:(s),TG,triacyl,M+Na,C,0.0562731810755961,bronze,0.3343110852914578,0.0525348000000001,1.0,2.0,C42 H62 Na1 O7
A15_190769,Actinomycetota,False,,,,,,,,,,,,,
A15_19992,Streptophyta,True,TG(23:6_7:0)+O:(s),TG(23:6_7:0)+H+O:(s),TG,triacyl,M+H,C,0.1301027672787891,bronze,1.0704293170721249,0.1573905727414621,1.0,1.0,C33 H51 O7
A15_86892,Streptophyta,False,,,,,,,,,,,,,
A15_155901,Streptophyta,True,DGDG(18:1_18:2),DGDG(18:1_18:2)+NH4,DGDG,Digalactosyldiacylglycerol,M+NH4,A,0.7976140282604673,gold,0.5494623684720645,0.282081999999999,3.0,2.0,C51 H94 N1 O15
A15_183038,Streptophyta,True,DGDG(10:0_20:0),DGDG(10:0_20:0)+Na,DGDG,Digalactosyldiacylglycerol,M+Na,C,0.1530761737455443,silver,0.9396194081061032,0.0476651106134262,2.0,5.0,C45 H84 Na1 O15
A15_162692,Bacillota,True,PG(16:2_17:0),PG(16:2_17:0)+NH4,PG,diacyl,M+NH4,C,0.0312229968540508,bronze,0.2322693254315384,0.0170209999999997,2.0,3.0,C39 H77 N1 O10 P1
A15_42924,Streptophyta,False,,,,,,,,,,,,,
A15_77391,Streptophyta,False,,,,,,,,,,,,,
A15_178061,Pseudomonadota,False,,,,,,,,,,,,,
A15_197689,Pseudomonadota,True,PC(O-32:1),PC(O-32:1)+H,PC,alkyl-acyl,M+H,C,2.09861228866811,silver,0.344863659702707,0.0527740632326896,3.0,5.0,C40 H81 N1 O7 P1
A15_177315,Pseudomonadota,False,,,,,,,,,,,,,
A15_188311,Streptophyta,True,TG(18:2_18:3_18:3)+OO:(s),TG(18:2_18:3_18:3)+NH4+OO:(s),TG,triacyl,M+NH4,B,0.2467405969534435,gold,1.140060551496077,0.090312568400769,2.0,7.0,C57 H98 N1 O8
A15_74954,Streptophyta,False,,,,,,,,,,,,,
A15_19671,Streptophyta,False,,,,,,,,,,,,,
A15_160573,Streptophyta,False,,,,,,,,,,,,,
A15_92683,Streptophyta,True,DG(15:1_14:0),DG(15:1_14:0)+Na,DG,diacyl,M+Na,C,0.5282493421155117,bronze,4.726474001411563,0.0616096000000006,1.0,1.0,C32 H60 Na1 O5
A15_169494,Streptophyta,True,PC(O-24:7_16:0),PC(O-24:7_16:0)+Na,PC,alkyl-acyl,M+Na,C,0.4941051774778399,bronze,0.9752698320744296,0.2364270000000008,1.0,1.0,C48 H84 N1 Na1 O7 P1
A15_168051,Streptophyta,True,PC(O-24:7_16:0),PC(O-24:7_16:0)+Na,PC,alkyl-acyl,M+Na,C,0.4941051774778399,bronze,0.6968918966739026,0.2108270000000001,1.0,1.0,C48 H84 N1 Na1 O7 P1
A15_39130,Mucoromycota,False,,,,,,,,,,,,,
A15_170637,Streptophyta,False,,,,,,,,,,,,,
A15_107682,Streptophyta,True,DG(O-5:0_19:4),DG(O-5:0_19:4)+H,DG,alkyl-acyl,M+H,C,0.1568314271461052,bronze,1.9398172836157972,0.0383574940294444,1.0,2.0,C27 H47 O4
A15_148271,Streptophyta,True,DG(18:2_18:3),DG(18:2_18:3)+H,DG,diacyl,M+H,A,1.5752848005167317,gold,0.6027625671492141,0.2829232588314436,15.0,12.0,C39 H67 O5
A15_162509,Heterolobosea,False,,,,,,,,,,,,,
A15_165810,Heterolobosea,False,,,,,,,,,,,,,
A15_163780,Heterolobosea,False,,,,,,,,,,,,,
A15_161288,Heterolobosea,False,,,,,,,,,,,,,
A15_96128,Streptophyta,True,TG(18:3_21:6),TG(18:3_21:6)+Na,TG,triacyl,M+Na,C,0.0858276101565389,bronze,2.5765365890070444,0.0824222807303272,1.0,3.0,C42 H62 Na1 O6
A15_80727,Ascomycota,False,,,,,,,,,,,,,
A15_219837,Streptophyta,False,,,,,,,,,,,,,
A15_65386,Streptophyta,False,,,,,,,,,,,,,
A15_144584,Streptophyta,True,DG(16:0_18:3),DG(16:0_18:3)+NH4,DG,diacyl,M+NH4,A,0.9413388994190962,gold,3.1806796240527992,0.0683537045996267,6.0,8.0,C37 H70 N1 O5
A15_130488,Ascomycota,False,,,,,,,,,,,,,
A15_48718,Streptophyta,False,,,,,,,,,,,,,
A15_47690,Streptophyta,False,,,,,,,,,,,,,
A15_178386,Streptophyta,True,PI(18:0_20:4),PI(18:0_20:4)+H,PI,diacyl,M+H,A,0.9907120038873988,silver,2.527906994988018,0.2202904922341702,1.0,3.0,C47 H84 O13 P1
A15_125808,Streptophyta,True,PG(16:1_18:3),PG(16:1_18:3)+H,PG,diacyl,M+H,A,0.2240461928343281,gold,0.2269829306607267,0.0378675379662496,5.0,6.0,C40 H72 O10 P1
A15_84749,Streptophyta,False,,,,,,,,,,,,,
A15_88827,Streptophyta,False,,,,,,,,,,,,,
A15_177861,Streptophyta,True,TG(17:0_9:0_13:1),TG(17:0_9:0_13:1)+NH4,TG,triacyl,M+NH4,C,0.1858092759808345,bronze,0.1959989737707059,0.0475130000000021,1.0,1.0,C42 H82 N1 O6
A15_147652,Bacillota,True,PG(18:3_16:0),PG(18:3_16:0)+NH4,PG,diacyl,M+NH4,B,0.4078483892489396,gold,0.1615576752166999,0.1177602563056279,3.0,8.0,C40 H77 N1 O10 P1
A15_131419,Streptophyta,False,,,,,,,,,,,,,
A15_111338,Streptophyta,False,,,,,,,,,,,,,
A15_130385,Bacillota,True,PG(29:0),PG(29:0)+Na,PG,diacyl,M+Na,C,1.298566213606448,silver,2.062978660445075,0.0690788270822366,18.0,2.0,C35 H69 Na1 O10 P1
A15_168402,Bacillota,True,PA(18:2_18:2),PA(18:2_18:2)+NH4,PA,diacyl,M+NH4,A,2.059632399555963,gold,0.8632158643631761,0.2720397542478956,6.0,9.0,C39 H73 N1 O8 P1
A15_103862,Streptophyta,False,,,,,,,,,,,,,
A15_173547,Streptophyta,True,DGDG(18:1_18:1),DGDG(18:1_18:1)+NH4,DGDG,Digalactosyldiacylglycerol,M+NH4,A,1.0776894311896017,gold,0.8635760432955231,0.1579170000000012,7.0,5.0,C51 H96 N1 O15
A15_84080,Streptophyta,True,DG(15:2_18:3),DG(15:2_18:3)+H,DG,diacyl,M+H,A,0.4520383449606535,gold,0.9263286492760938,0.195370190579732,3.0,3.0,C36 H61 O5
A15_217574,Bacillota,False,,,,,,,,,,,,,
A15_105230,Pseudomonadota,True,DG(3:0_30:7),DG(3:0_30:7)+Na,DG,diacyl,M+Na,C,0.2007113537198747,bronze,2.0170615029230192,0.0045759999999983,1.0,1.0,C36 H56 Na1 O5
A15_135035,Streptophyta,True,DG(16:3_18:3),DG(16:3_18:3)+NH4,DG,diacyl,M+NH4,A,0.8110729862683244,gold,3.4233538089440336,0.0877227906036193,2.0,5.0,C37 H64 N1 O5
A15_190451,Streptophyta,False,,,,,,,,,,,,,
A15_132918,Streptophyta,False,,,,,,,,,,,,,
A15_134470,Streptophyta,True,MGDG(14:0_18:3),MGDG(14:0_18:3)+NH4,MGDG,Monogalactosyldiacylglycerol,M+NH4,A,1.0058376391390973,gold,4.308270579115873,0.1246440346408324,4.0,5.0,C41 H76 N1 O10
A15_89151,Streptophyta,False,,,,,,,,,,,,,
A15_182815,Streptophyta,True,DGDG(8:0_22:1),DGDG(8:0_22:1)+Na,DGDG,Digalactosyldiacylglycerol,M+Na,C,1.3934182409951703,silver,0.6813360871809695,0.2964680000000008,3.0,2.0,C45 H82 Na1 O15
A15_14121,Pseudomonadota,False,,,,,,,,,,,,,
A15_69861,Streptophyta,False,,,,,,,,,,,,,
A15_129985,Streptophyta,False,,,,,,,,,,,,,
A15_203849,Streptophyta,True,DGDG(10:0_20:0),DGDG(10:0_20:0)+Na,DGDG,Digalactosyldiacylglycerol,M+Na,C,0.3109938556415014,bronze,0.0460941486731231,0.0212182338287583,1.0,1.0,C45 H84 Na1 O15
A15_33209,Streptophyta,False,,,,,,,,,,,,,
A15_108468,Basidiomycota,True,TG(17:1_16:0),TG(17:1_16:0)+Na,TG,triacyl,M+Na,C,0.0422625849496515,bronze,0.2614873662032589,0.0085633553503612,2.0,4.0,C36 H66 Na1 O6
A15_175102,Streptophyta,True,TG(32:3_20:5),TG(32:3_20:5)+H,TG,triacyl,M+H,C,0.1776190561234054,bronze,2.621442840715354,0.0252718228128472,1.0,2.0,C55 H91 O6
A15_141580,Streptophyta,True,MGDG(14:0_18:3),MGDG(14:0_18:3)+NH4,MGDG,Monogalactosyldiacylglycerol,M+NH4,A,1.0058376391390973,gold,3.5958510585347843,0.249855965359167,4.0,5.0,C41 H76 N1 O10
A15_76210,Streptophyta,False,,,,,,,,,,,,,
A15_122492,Streptophyta,True,TG(4:0_16:2_18:3)+O:(s),TG(4:0_16:2_18:3)+NH4+O:(s),TG,triacyl,M+NH4,C,0.2762169482757879,bronze,0.1129562314623479,0.1820098416988429,1.0,1.0,C41 H72 N1 O7
A15_204099,Streptophyta,True,TG(49:16_18:3),TG(49:16_18:3)+NH4,TG,triacyl,M+NH4,B,0.5384340620654079,gold,0.611883143981062,0.0104288753758616,7.0,1.0,C70 H102 N1 O6
A15_142271,Streptophyta,False,,,,,,,,,,,,,
A15_140939,Bacillota,False,,,,,,,,,,,,,
A15_106618,Streptophyta,False,,,,,,,,,,,,,
A15_148964,Streptophyta,False,,,,,,,,,,,,,
A15_54991,Streptophyta,True,MGDG(34:7),MGDG(34:7)+NH4,MGDG,Monogalactosyldiacylglycerol,M+NH4,C,0.1596504481047279,silver,2.135833908443532,0.2398250500000003,2.0,2.0,C43 H72 N1 O10
A15_60023,Streptophyta,True,MGDG(34:7),MGDG(34:7)+NH4,MGDG,Monogalactosyldiacylglycerol,M+NH4,C,0.1596504481047279,silver,1.592892315175216,0.0464749499999994,2.0,3.0,C43 H72 N1 O10
A15_129061,Streptophyta,True,PI(20:4_16:0),PI(20:4_16:0)+NH4,PI,diacyl,M+NH4,B,0.736212776657196,gold,2.8067701585493245,0.0357964729103716,2.0,3.0,C45 H83 N1 O13 P1
A15_137995,Bacillota,True,TG(18:2_20:4),TG(18:2_20:4)+Na,TG,triacyl,M+Na,C,0.1566468144054924,bronze,1.0571581349414958,0.2736289999999997,1.0,1.0,C41 H66 Na1 O6
A15_144418,Streptophyta,False,,,,,,,,,,,,,
A15_144585,Streptophyta,True,DGDG(16:0_18:3),DGDG(16:0_18:3)+NH4,DGDG,Digalactosyldiacylglycerol,M+NH4,A,1.356285944547765,gold,0.9262763962950172,0.0675112956850867,11.0,4.0,C49 H90 N1 O15
A15_13016,Streptophyta,True,SM(d21:4),SM(d21:4)+H,SM,acyl,M+H,C,0.3691009177122807,bronze,3.3859676303229795,0.10318013221121,1.0,1.0,C26 H48 N2 O6 P1
A15_214127,Pseudomonadota,False,,,,,,,,,,,,,
A15_210364,Pseudomonadota,False,,,,,,,,,,,,,
A15_63879,Streptophyta,False,,,,,,,,,,,,,
A15_59411,Streptophyta,False,,,,,,,,,,,,,
A15_182858,Streptophyta,True,DG(16:0_30:6),DG(16:0_30:6)+NH4,DG,diacyl,M+NH4,C,0.1239834386308504,bronze,1.8701368660427304,0.0304150000000014,1.0,2.0,C49 H88 N1 O5
A15_114440,Streptophyta,True,TG(18:2_18:2)+O:(s),TG(18:2_18:2)+NH4+O:(s),TG,triacyl,M+NH4,B,1.1866664461711596,gold,1.0953333787036277,0.0183367984330473,11.0,7.0,C39 H70 N1 O7
A15_154916,Streptophyta,False,,,,,,,,,,,,,
A15_144702,Ascomycota,False,,,,,,,,,,,,,
A15_148052,Ascomycota,False,,,,,,,,,,,,,
A15_41705,Streptophyta,False,,,,,,,,,,,,,
A15_66196,Streptophyta,False,,,,,,,,,,,,,
A15_14249,Streptophyta,False,,,,,,,,,,,,,
A15_10850,Streptophyta,True,TG(15:2_4:0_4:0),TG(15:2_4:0_4:0)+NH4,TG,triacyl,M+NH4,C,0.3004399897912265,silver,0.5231307903094964,0.1410123999999997,7.0,4.0,C26 H48 N1 O6
A15_137225,Streptophyta,False,,,,,,,,,,,,,
A15_120466,Streptophyta,False,,,,,,,,,,,,,
A15_157949,Streptophyta,False,,,,,,,,,,,,,
A15_74963,Streptophyta,False,,,,,,,,,,,,,
A15_209363,Streptophyta,False,,,,,,,,,,,,,
A15_149948,Bacillota,True,PG(31:0),PG(31:0)+Na,PG,diacyl,M+Na,C,0.3683894149108958,silver,2.0001840711801107,0.2804200901287537,6.0,2.0,C37 H73 Na1 O10 P1
A15_45734,Streptophyta,False,,,,,,,,,,,,,
A15_49396,Streptophyta,False,,,,,,,,,,,,,
A15_43430,Streptophyta,False,,,,,,,,,,,,,
A15_175507,Pseudomonadota,True,PC(34:2),PC(34:2)+H,PC,diacyl,M+H,C,3.15654964726937,silver,0.413564391676766,0.0851373011146385,40.0,6.0,C42 H81 N1 O8 P1
A15_106349,Pseudomonadota,False,,,,,,,,,,,,,
A15_128100,Streptophyta,False,,,,,,,,,,,,,
A15_106535,Streptophyta,False,,,,,,,,,,,,,
A15_9663,Streptophyta,False,,,,,,,,,,,,,
A15_21020,Streptophyta,True,TG(3:0_3:0_18:3),TG(3:0_3:0_18:3)+NH4,TG,triacyl,M+NH4,C,0.1657551006453084,bronze,3.51355493945801,0.1870745,1.0,1.0,C27 H48 N1 O6
A15_126166,Streptophyta,True,MGDG(18:3_18:3),MGDG(18:3_18:3)+NH4,MGDG,Monogalactosyldiacylglycerol,M+NH4,A,0.8200795493309343,gold,0.9287123884342788,0.0567174924242426,12.0,2.0,C45 H78 N1 O10
A15_156835,Streptophyta,True,DG(18:1_18:3),DG(18:1_18:3)+H,DG,diacyl,M+H,A,1.239410356262221,gold,0.0596407837305831,0.2069029999999987,7.0,8.0,C39 H69 O5
A15_166199,Streptophyta,False,,,,,,,,,,,,,
A15_94773,Streptophyta,True,TG(18:2_16:0)+OO:(s),TG(18:2_16:0)+NH4+OO:(s),TG,triacyl,M+NH4,C,0.2065297223379859,bronze,1.9668120793243171,0.1895716071428577,1.0,1.0,C37 H70 N1 O8
A15_190059,Streptophyta,True,Cer(d16:1_22:1),Cer(d16:1_22:1)+H,Cer,acylsphingosines,M+H,A,1.0326308002356346,gold,2.08276679725793,0.2150010000000008,4.0,6.0,C38 H74 N1 O3
A15_198366,Streptophyta,True,TG(36:6_16:0)+OO:(s),TG(36:6_16:0)+NH4+OO:(s),TG,triacyl,M+NH4,B,0.2266835750611274,gold,0.3715941011272587,0.0279756137184108,4.0,6.0,C55 H98 N1 O8
A15_135154,Bacillota,True,DGDG(18:2_18:3),DGDG(18:2_18:3)+NH4,DGDG,Digalactosyldiacylglycerol,M+NH4,A,1.651671548295239,gold,0.386450667623663,0.0745239999999984,19.0,4.0,C51 H90 N1 O15
A15_172773,Streptophyta,False,,,,,,,,,,,,,
A15_173731,Streptophyta,False,,,,,,,,,,,,,
A15_178362,Streptophyta,False,,,,,,,,,,,,,
A15_76619,Streptophyta,True,TG(30:2_4:0)+OO:(s),TG(30:2_4:0)+NH4+OO:(s),TG,triacyl,M+NH4,C,0.0270184580855101,bronze,0.393868938611399,0.0406822,1.0,2.0,C37 H70 N1 O8
A15_91483,Streptophyta,True,TG(14:0_5:0_20:4)+OO:(s),TG(14:0_5:0_20:4)+NH4+OO:(s),TG,triacyl,M+NH4,C,0.0785901106384412,bronze,0.0641131016668837,0.291119062513534,1.0,1.0,C42 H76 N1 O8
A15_181244,Pseudomonadota,True,PE(20:4_16:0),PE(20:4_16:0)+H,PE,diacyl,M+H,B,0.5613628392545219,gold,1.696225311994782,0.1994184999999966,2.0,10.0,C41 H75 N1 O8 P1
A15_52767,Streptophyta,False,,,,,,,,,,,,,
A15_179766,Streptophyta,True,DGDG(10:0_20:0),DGDG(10:0_20:0)+Na,DGDG,Digalactosyldiacylglycerol,M+Na,C,0.1530761737455443,silver,1.0027132911339582,0.2310651106134251,2.0,3.0,C45 H84 Na1 O15
A15_179190,Pseudomonadota,True,PC(34:2),PC(34:2)+H,PC,diacyl,M+H,C,3.15654964726937,silver,0.577030214057014,0.1069626988853613,40.0,6.0,C42 H81 N1 O8 P1
A15_72276,Streptophyta,True,TG(10:0_18:1)+O:(s),TG(10:0_18:1)+NH4+O:(s),TG,triacyl,M+NH4,B,0.2968017583720984,silver,0.6239395031290877,0.1266526999999992,1.0,1.0,C31 H60 N1 O7
A15_120179,Streptophyta,True,TG(18:1_16:0)+O:(s),TG(18:1_16:0)+NH4+O:(s),TG,triacyl,M+NH4,B,1.19363491654214,gold,1.162423653388373,0.2766259999999985,3.0,5.0,C37 H72 N1 O7
A15_193706,Streptophyta,True,Cer(d14:1_22:0),Cer(d14:1_22:0)+H,Cer,acylsphingosines,M+H,A,1.457526479151608,gold,1.578797483658508,0.0935321469038221,4.0,2.0,C36 H72 N1 O3
A15_22328,Streptophyta,False,,,,,,,,,,,,,
A15_86727,Streptophyta,True,DG(16:3_10:0),DG(16:3_10:0)+H,DG,diacyl,M+H,B,0.2127520731453281,silver,1.938678179346244,0.2249348017690078,1.0,1.0,C29 H51 O5
A15_91119,Streptophyta,True,PG(23:7_16:1),PG(23:7_16:1)+H,PG,diacyl,M+H,C,0.0471831084642985,bronze,2.293114853038928,0.0553584000000011,1.0,1.0,C45 H74 O10 P1
A15_175103,Streptophyta,True,TG(36:6_16:0)+OO:(s),TG(36:6_16:0)+NH4+OO:(s),TG,triacyl,M+NH4,C,0.3417463630926689,silver,0.6491739309194969,0.1939550000000025,2.0,1.0,C55 H98 N1 O8
A15_14530,Streptophyta,False,,,,,,,,,,,,,
A15_167750,Streptophyta,True,DG(P-15:2_20:1),DG(P-15:2_20:1)+NH4,DG,alkenyl-acyl,M+NH4,C,0.2467244012491887,bronze,2.100978558381013,0.1822179999999988,1.0,1.0,C38 H72 N1 O4
A15_155118,Streptophyta,True,WE(O-10:0_17:2),WE(O-10:0_17:2)+Na,WE,Wax monoesters,M+Na,C,0.0559319737880131,bronze,0.0754647306205882,0.1618450000000013,1.0,1.0,C27 H50 Na1 O2
A15_145424,Bacillota,True,PE(16:1_14:0),PE(16:1_14:0)+H,PE,diacyl,M+H,B,2.379056552488617,gold,0.3808402322902645,0.0159023598459295,12.0,17.0,C35 H69 N1 O8 P1
A15_103860,Streptophyta,True,DG(O-26:5),DG(O-26:5)+H,DG,alkyl-acyl,M+H,C,0.5242052112974104,silver,0.870673144458568,0.0830166692609459,7.0,2.0,C29 H49 O4
A15_175629,Streptophyta,False,,,,,,,,,,,,,
A15_16464,Streptophyta,True,TG(29:3)+O:(s),TG(29:3)+NH4+O:(s),TG,triacyl,M+NH4,C,0.1327469336200887,bronze,2.175256269215995,0.04742641922047,1.0,2.0,C32 H58 N1 O7
A15_145530,Streptophyta,False,,,,,,,,,,,,,
A15_89419,Streptophyta,True,PG(21:2_16:2),PG(21:2_16:2)+NH4,PG,diacyl,M+NH4,C,0.0753742856259057,bronze,0.8238382499597088,0.0109408000000001,1.0,1.0,C43 H81 N1 O10 P1
A15_80797,Streptophyta,True,PC(42:13),PC(42:13)+H,PC,diacyl,M+H,C,1.030187442096642,silver,3.035890534169813,0.1068009500000011,4.0,1.0,C50 H75 N1 O8 P1
A15_128697,Streptophyta,True,DG(P-18:4_16:2),DG(P-18:4_16:2)+H,DG,alkenyl-acyl,M+H,C,0.8027214319414782,bronze,1.791713874366471,0.1283222749329997,1.0,2.0,C37 H61 O4
A15_133149,Bacillota,True,PEt(21:4_15:0),PEt(21:4_15:0)+H,PEt,diacyl,M+H,C,0.3007643579326534,bronze,4.31469543073865,0.033535322274881,1.0,1.0,C41 H74 O8 P1
A15_90216,Streptophyta,True,DG(O-26:5),DG(O-26:5)+H,DG,alkyl-acyl,M+H,C,0.238768029476569,silver,0.8372299770270863,0.1493123592708336,2.0,2.0,C29 H49 O4
A15_169058,Bacillota,True,PE(P-16:0_18:3),PE(P-16:0_18:3)+H,PE,alkenyl-acyl,M+H,B,0.8493688681407622,gold,0.6434827935268751,0.0807120729688577,2.0,5.0,C39 H73 N1 O7 P1
A15_180010,Streptophyta,False,,,,,,,,,,,,,
A15_166037,Streptophyta,True,MGDG(16:1_18:1),MGDG(16:1_18:1)+Na,MGDG,Monogalactosyldiacylglycerol,M+Na,C,0.1215854060152963,silver,1.3567318800769046,0.2371643242067254,2.0,2.0,C43 H78 Na1 O10
A15_82422,Streptophyta,True,TG(8:0_18:2),TG(8:0_18:2)+NH4,TG,triacyl,M+NH4,B,0.2209335374005966,gold,3.569831690000086,0.219885950000001,3.0,2.0,C29 H54 N1 O6
A15_141266,Bacillota,True,PE(14:0_14:0),PE(14:0_14:0)+H,PE,diacyl,M+H,A,2.476967183053658,gold,1.417500618560755,0.1176693303708376,5.0,10.0,C33 H67 N1 O8 P1
A15_139541,Bacillota,True,PE(14:0_14:0),PE(14:0_14:0)+H,PE,diacyl,M+H,A,2.476967183053658,gold,1.1786796799335506,0.0960693303708382,5.0,10.0,C33 H67 N1 O8 P1
A15_144665,Streptophyta,False,,,,,,,,,,,,,
A15_120285,Streptophyta,True,DG(P-18:4_18:3),DG(P-18:4_18:3)+H,DG,alkenyl-acyl,M+H,C,0.7479156141067713,silver,0.5791713471725283,0.212495096097113,4.0,6.0,C39 H63 O4
A15_84777,Streptophyta,False,,,,,,,,,,,,,
A15_88831,Streptophyta,False,,,,,,,,,,,,,
A15_79969,Streptophyta,False,,,,,,,,,,,,,
A15_98845,Bacillota,False,,,,,,,,,,,,,
A15_57845,Streptophyta,False,,,,,,,,,,,,,
A15_121059,Bacillota,True,DG(P-11:0_17:1),DG(P-11:0_17:1)+H,DG,alkenyl-acyl,M+H,C,0.6099423301023699,silver,0.812029905262367,0.0392158704029643,5.0,3.0,C31 H59 O4
A15_65621,Streptophyta,False,,,,,,,,,,,,,
A15_46440,Streptophyta,False,,,,,,,,,,,,,
A15_33316,Streptophyta,False,,,,,,,,,,,,,
A15_188546,Streptophyta,False,,,,,,,,,,,,,
A15_202755,Streptophyta,True,TG(16:2_16:1_20:4)+O:(s),TG(16:2_16:1_20:4)+NH4+O:(s),TG,triacyl,M+NH4,B,0.3121193429998722,silver,0.7867465398529148,0.0247534017094039,1.0,5.0,C55 H96 N1 O7
A15_118946,Streptophyta,False,,,,,,,,,,,,,
A15_132991,Bacillota,True,DG(O-13:0_17:2),DG(O-13:0_17:2)+H,DG,alkyl-acyl,M+H,C,0.74791607877536,silver,0.91105866439281,0.2332291159531987,11.0,2.0,C33 H63 O4
A15_755,Streptophyta,False,,,,,,,,,,,,,
A15_91344,Streptophyta,True,TG(21:0_16:3)+OO:(s),TG(21:0_16:3)+NH4+OO:(s),TG,triacyl,M+NH4,C,0.017828619874742,bronze,0.6622404431610064,0.1405653999999998,1.0,2.0,C40 H74 N1 O8
A15_69736,Streptophyta,False,,,,,,,,,,,,,
A15_66315,Streptophyta,False,,,,,,,,,,,,,
A15_68271,Streptophyta,False,,,,,,,,,,,,,
A15_143257,Bacillota,True,PG(16:0_18:3),PG(16:0_18:3)+NH4,PG,diacyl,M+NH4,A,1.4271939540291565,gold,0.0089268432071003,0.1003000000000007,7.0,9.0,C40 H77 N1 O10 P1
A15_208276,Bacillota,False,,,,,,,,,,,,,
A15_13800,Streptophyta,False,,,,,,,,,,,,,
A15_136990,Bacillota,True,PG(15:0_15:0),PG(15:0_15:0)+H,PG,diacyl,M+H,A,0.4331886314508229,gold,1.2365768795463594,0.2197549901681998,19.0,4.0,C36 H72 O10 P1
A15_68609,Streptophyta,True,TG(30:5_6:0)+OO:(s),TG(30:5_6:0)+NH4+OO:(s),TG,triacyl,M+NH4,B,0.2624557149416356,gold,2.070374881995784,0.2106617116821514,2.0,4.0,C39 H68 N1 O8
A15_63991,Streptophyta,False,,,,,,,,,,,,,
A15_85737,Streptophyta,False,,,,,,,,,,,,,
A15_150933,Streptophyta,True,DGDG(16:0_18:2),DGDG(16:0_18:2)+NH4,DGDG,Digalactosyldiacylglycerol,M+NH4,A,1.321150876093292,gold,4.065584727701761,0.2737778439483076,13.0,2.0,C49 H92 N1 O15
A15_154732,Streptophyta,True,DGDG(16:0_18:2),DGDG(16:0_18:2)+NH4,DGDG,Digalactosyldiacylglycerol,M+NH4,A,1.321150876093292,gold,3.102645523096635,0.1787778439483087,13.0,4.0,C49 H92 N1 O15
A15_223617,Bacillota,False,,,,,,,,,,,,,
A15_128239,Streptophyta,True,DG(16:1_18:4),DG(16:1_18:4)+H,DG,diacyl,M+H,A,0.96284760300511,gold,1.0103282302461007,0.0351076453728449,6.0,6.0,C37 H63 O5
A15_107499,Streptophyta,True,DG(16:1_18:4),DG(16:1_18:4)+Na,DG,diacyl,M+Na,A,0.3562222280972736,silver,0.5960004125953655,0.1339362522522513,1.0,4.0,C37 H62 Na1 O5
A15_56553,Streptophyta,False,,,,,,,,,,,,,
A15_214173,Pseudomonadota,True,DG(O-40:11),DG(O-40:11)+H,DG,alkyl-acyl,M+H,C,0.2484512434888843,silver,1.2899049921410506,0.0664781994452887,2.0,2.0,C43 H65 O4
A15_179650,Streptophyta,True,TG(18:3_18:3_18:3)+OO:(s),TG(18:3_18:3_18:3)+NH4+OO:(s),TG,triacyl,M+NH4,A,0.2033429169020448,silver,1.7046238809005398,0.0222543379310309,1.0,4.0,C57 H96 N1 O8
A15_19053,Streptophyta,False,,,,,,,,,,,,,
A15_182341,Streptophyta,False,,,,,,,,,,,,,
A15_31815,Streptophyta,True,TG(7:0_28:7),TG(7:0_28:7)+Na,TG,triacyl,M+Na,C,0.125477334801085,bronze,1.5001626108680544,0.0875180341085277,1.0,1.0,C38 H58 Na1 O6
A15_109935,Streptophyta,True,DG(16:3_18:3),DG(16:3_18:3)+H,DG,diacyl,M+H,A,0.3895257807124847,silver,0.4713608562959553,0.0038579999999992,1.0,2.0,C37 H61 O5
A15_60212,Streptophyta,False,,,,,,,,,,,,,
A15_61262,Streptophyta,False,,,,,,,,,,,,,
A15_119872,Streptophyta,True,PC(P-42:13),PC(P-42:13)+H,PC,alkenyl-acyl,M+H,C,0.0747528976856361,bronze,0.1566151571037209,0.2036890000000006,1.0,1.0,C50 H75 N1 O7 P1
A15_101765,Streptophyta,True,TG(18:3_18:1)+OO:(s),TG(18:3_18:1)+NH4+OO:(s),TG,triacyl,M+NH4,B,0.2943557250374726,gold,1.678813362527172,0.072499322130012,2.0,4.0,C39 H70 N1 O8
A15_214632,Streptophyta,False,,,,,,,,,,,,,
A15_133874,Streptophyta,True,DG(P-18:4_16:1),DG(P-18:4_16:1)+H,DG,alkenyl-acyl,M+H,C,0.3644101964613004,bronze,0.4440672405564336,0.174631999999999,1.0,2.0,C37 H63 O4
A15_161820,Streptophyta,True,DGDG(15:0_18:1),DGDG(15:0_18:1)+NH4,DGDG,Digalactosyldiacylglycerol,M+NH4,A,1.0440563739827546,gold,0.4976739186018069,0.0419979999999995,3.0,2.0,C48 H92 N1 O15
A15_111270,Streptophyta,True,MGDG(32:5),MGDG(32:5)+NH4,MGDG,Monogalactosyldiacylglycerol,M+NH4,C,0.0959789212123164,bronze,4.287117554808352,0.006997690677533,1.0,3.0,C41 H72 N1 O10
A15_107613,Streptophyta,False,,,,,,,,,,,,,
A15_130388,Bacillota,True,PG(17:3_14:0),PG(17:3_14:0)+Na,PG,diacyl,M+Na,C,0.0696288718957974,bronze,1.6929773101746386,0.2918036837606834,1.0,1.0,C37 H67 Na1 O10 P1
A15_174507,Streptophyta,False,,,,,,,,,,,,,
A15_177841,Streptophyta,True,DG(16:1_20:5),DG(16:1_20:5)+H,DG,diacyl,M+H,B,0.5228611780558999,gold,4.649081738243842,0.2298469999999994,3.0,8.0,C39 H65 O5
A15_103211,Streptophyta,False,,,,,,,,,,,,,
A15_104246,Streptophyta,False,,,,,,,,,,,,,
A15_142908,Streptophyta,True,PC(33:3),PC(33:3)+H,PC,diacyl,M+H,C,3.19722457733622,silver,0.8222904538028553,0.2219606810221659,18.0,14.0,C41 H77 N1 O8 P1
A15_1331,Streptophyta,False,,,,,,,,,,,,,
A15_114896,Streptophyta,False,,,,,,,,,,,,,
A15_91938,Streptophyta,False,,,,,,,,,,,,,
A15_82774,Streptophyta,False,,,,,,,,,,,,,
A15_161592,Streptophyta,False,,,,,,,,,,,,,
A15_104398,Streptophyta,True,TG(18:2_16:0)+O:(s),TG(18:2_16:0)+NH4+O:(s),TG,triacyl,M+NH4,C,0.2785213522252502,silver,3.3899478343946208,0.0858995233808546,2.0,3.0,C37 H70 N1 O7
A15_188480,Actinomycetota,False,,,,,,,,,,,,,
A15_21276,Streptophyta,False,,,,,,,,,,,,,
A15_214250,Pseudomonadota,True,Co(Q8),Co(Q8)+H,Co,Coenzyme Q,M+H,A,2.0853714343916434,gold,0.5505632021018955,0.0664019483638398,25.0,1.0,C49 H75 O4
A15_212179,Pseudomonadota,True,Co(Q8),Co(Q8)+H,Co,Coenzyme Q,M+H,A,2.0853714343916434,gold,0.2248191365535164,0.1098980516361578,25.0,2.0,C49 H75 O4
A15_215495,Pseudomonadota,True,Co(Q8),Co(Q8)+H,Co,Coenzyme Q,M+H,A,2.0853714343916434,gold,1.0110034877374594,0.1046019483638396,25.0,1.0,C49 H75 O4
A15_104330,Streptophyta,False,,,,,,,,,,,,,
A15_49642,Streptophyta,True,TG(24:7_15:2)+O:(s),TG(24:7_15:2)+Na+O:(s),TG,triacyl,M+Na,C,0.0434826213305435,bronze,3.51298104565911,0.0685601999999994,1.0,2.0,C42 H62 Na1 O7
A15_15173,Streptophyta,True,DG(P-5:0_20:5),DG(P-5:0_20:5)+Na,DG,alkenyl-acyl,M+Na,C,0.4621458310452069,bronze,1.307734656319251,0.004931,1.0,1.0,C28 H44 Na1 O4
A15_16802,Streptophyta,False,,,,,,,,,,,,,
A15_8773,Streptophyta,False,,,,,,,,,,,,,
A15_160890,Streptophyta,True,PC(40:6),PC(40:6)+H,PC,diacyl,M+H,C,2.576023493195014,silver,1.75191322128174,0.1128598431531777,17.0,4.0,C48 H85 N1 O8 P1
A15_162123,Streptophyta,True,PC(40:6),PC(40:6)+H,PC,diacyl,M+H,C,2.576023493195014,silver,0.6004615374652063,0.1945598431531792,17.0,5.0,C48 H85 N1 O8 P1
A15_209997,Streptophyta,True,TG(16:0_18:3_18:4)+O:(s),TG(16:0_18:3_18:4)+NH4+O:(s),TG,triacyl,M+NH4,A,0.5935292449725326,gold,1.0204033813921765,0.0255089999999995,3.0,8.0,C55 H96 N1 O7
A15_18959,Pseudomonadota,False,,,,,,,,,,,,,
A15_155458,Streptophyta,True,TG(9:0_17:3_17:3)+O:(s),TG(9:0_17:3_17:3)+NH4+O:(s),TG,triacyl,M+NH4,C,0.1202605606510062,bronze,1.502173921988002,0.0497605499454767,1.0,1.0,C46 H80 N1 O7
A15_193926,Streptophyta,True,DGDG(8:0_22:2),DGDG(8:0_22:2)+Na,DGDG,Digalactosyldiacylglycerol,M+Na,C,0.0887868079068915,bronze,3.31227037537834,0.2288752394038375,2.0,1.0,C45 H80 Na1 O15
A15_191863,Streptophyta,False,,,,,,,,,,,,,
A15_131093,Streptophyta,False,,,,,,,,,,,,,
A15_188732,Pseudomonadota,True,PE(18:1_18:1),PE(18:1_18:1)+H,PE,diacyl,M+H,A,1.211319282310496,gold,0.5933773786370007,0.2535988730850071,2.0,10.0,C41 H79 N1 O8 P1
A15_195768,Streptophyta,True,TG(32:5_18:2)+O:(s),TG(32:5_18:2)+NH4+O:(s),TG,triacyl,M+NH4,B,0.4624956852562605,gold,0.6148764576570374,0.1509618432618182,2.0,3.0,C53 H92 N1 O7
A15_213932,Pseudomonadota,False,,,,,,,,,,,,,
A15_165135,Bacillota,True,PA(18:2_18:2),PA(18:2_18:2)+NH4,PA,diacyl,M+NH4,A,2.059632399555963,gold,0.6126928872273604,0.0803397542478947,6.0,11.0,C39 H73 N1 O8 P1
A15_21235,Streptophyta,True,TG(29:3)+O:(s),TG(29:3)+NH4+O:(s),TG,triacyl,M+NH4,C,0.0658338567479433,bronze,1.4424572145011252,0.052451146120557,1.0,3.0,C32 H58 N1 O7
A15_179918,Discosea,False,,,,,,,,,,,,,
A15_178393,Discosea,False,,,,,,,,,,,,,
A15_76534,Streptophyta,False,,,,,,,,,,,,,
A15_145313,Streptophyta,True,PG(16:0_18:2),PG(16:0_18:2)+H,PG,diacyl,M+H,A,0.3442367956733563,gold,2.278070686324264,0.1665050000000008,3.0,2.0,C40 H76 O10 P1
A15_122339,Streptophyta,True,DGDG(18:3_18:3),DGDG(18:3_18:3)+NH4,DGDG,Digalactosyldiacylglycerol,M+NH4,A,1.5443788660903843,gold,0.3054433938628481,0.0191204041477046,23.0,7.0,C51 H88 N1 O15
A15_132183,Streptophyta,True,MGDG(18:3_18:3),MGDG(18:3_18:3)+NH4,MGDG,Monogalactosyldiacylglycerol,M+NH4,A,1.1565758836618782,gold,0.6957956827413243,0.1731890212349789,18.0,5.0,C45 H78 N1 O10
A15_52312,Streptophyta,False,,,,,,,,,,,,,
A15_99467,Streptophyta,True,MG(O-26:6),MG(O-26:6)+H,MG,monoalkyl,M+H,C,0.2037886042423253,bronze,0.2890914294263019,0.2103435000000004,1.0,1.0,C29 H49 O3
A15_43880,Streptophyta,False,,,,,,,,,,,,,
A15_120180,Streptophyta,True,TG(18:3_16:1),TG(18:3_16:1)+NH4,TG,triacyl,M+NH4,B,0.6663681803112376,silver,1.843504557250241,0.1603484999999995,1.0,1.0,C37 H66 N1 O6
A15_175443,Streptophyta,False,,,,,,,,,,,,,
A15_173911,Streptophyta,True,PI(20:4_18:0),PI(20:4_18:0)+H,PI,diacyl,M+H,B,0.9687768387907651,gold,1.4556965126787995,0.1351288491047988,2.0,4.0,C47 H84 O13 P1
A15_17931,Methanobacteriota,False,,,,,,,,,,,,,
A15_19590,Methanobacteriota,False,,,,,,,,,,,,,
A15_189807,Actinomycetota,False,,,,,,,,,,,,,
A15_36559,Streptophyta,True,TG(19:2_4:0_4:0),TG(19:2_4:0_4:0)+NH4,TG,triacyl,M+NH4,C,0.0737797195509809,bronze,0.4309861274043742,0.0433219131727842,2.0,3.0,C30 H56 N1 O6
A15_62337,Streptophyta,False,,,,,,,,,,,,,
A15_29167,Streptophyta,False,,,,,,,,,,,,,
A15_97908,Streptophyta,False,,,,,,,,,,,,,
A15_120778,Streptophyta,True,DG(18:2_18:4),DG(18:2_18:4)+H,DG,diacyl,M+H,A,0.8630017479851663,gold,0.2223809717386424,0.0638558938432432,12.0,17.0,C39 H65 O5
A15_113515,Streptophyta,True,DG(O-5:0_21:4),DG(O-5:0_21:4)+NH4,DG,alkyl-acyl,M+NH4,B,0.4029855890336941,gold,0.4696623089382741,0.0382870000000004,3.0,3.0,C29 H54 N1 O4
A15_14492,Basidiomycota,False,,,,,,,,,,,,,
A15_199741,Actinomycetota,True,MePC(36:2),MePC(36:2)+H,MePC,diacyl,M+H,C,0.670290156735276,bronze,2.2873758502698496,0.0919540000000012,1.0,2.0,C45 H88 N1 O8 P1
A15_168667,Streptophyta,False,,,,,,,,,,,,,
A15_142968,Basidiomycota,True,DG(P-15:2_18:1),DG(P-15:2_18:1)+H,DG,alkenyl-acyl,M+H,B,0.7161681685838445,gold,0.4793745399735638,0.0946139999999999,3.0,5.0,C36 H65 O4
A15_64054,Streptophyta,False,,,,,,,,,,,,,
A15_121067,Streptophyta,True,TG(18:2_16:1),TG(18:2_16:1)+NH4,TG,triacyl,M+NH4,B,0.387370441606853,gold,2.484394174457069,0.019665999999999,3.0,3.0,C37 H68 N1 O6
A15_197879,Actinomycetota,False,,,,,,,,,,,,,
A15_71898,Streptophyta,False,,,,,,,,,,,,,
A15_131920,Streptophyta,False,,,,,,,,,,,,,
A15_140986,Streptophyta,False,,,,,,,,,,,,,
A15_18721,Streptophyta,False,,,,,,,,,,,,,
A15_197863,Actinomycetota,True,TG(26:2_18:1)+OO:(s),TG(26:2_18:1)+NH4+OO:(s),TG,triacyl,M+NH4,B,0.5397409122831246,gold,0.428835154323475,0.1638208099804359,5.0,5.0,C47 H88 N1 O8
A15_199743,Actinomycetota,True,TG(26:2_18:1)+OO:(s),TG(26:2_18:1)+NH4+OO:(s),TG,triacyl,M+NH4,B,0.5397409122831246,gold,0.3445211635885197,0.2071208099804344,5.0,4.0,C47 H88 N1 O8
A15_97292,Streptophyta,False,,,,,,,,,,,,,
A15_113564,Bacillota,False,,,,,,,,,,,,,
A15_77600,Streptophyta,False,,,,,,,,,,,,,
A15_183879,Streptophyta,False,,,,,,,,,,,,,
A15_152941,Streptophyta,False,,,,,,,,,,,,,
A15_114455,Mucoromycota,True,PC(14:2_17:2),PC(14:2_17:2)+H,PC,diacyl,M+H,C,1.0513724783466458,silver,4.728065148323955,0.1187055600000004,2.0,1.0,C39 H71 N1 O8 P1
A15_169671,Basidiomycota,True,DG(P-15:2_18:1),DG(P-15:2_18:1)+H,DG,alkenyl-acyl,M+H,B,0.2216740868211568,silver,0.0594004758224436,0.1226233266407277,1.0,1.0,C36 H65 O4
A15_175682,Streptophyta,True,TG(9:0_18:2_18:3)+O:(s),TG(9:0_18:2_18:3)+NH4+O:(s),TG,triacyl,M+NH4,C,1.1598890145505596,bronze,1.8469443094266185,0.2532390000000006,1.0,1.0,C48 H86 N1 O7
A15_196425,Streptophyta,True,TG(18:2_18:3_18:3)+OO:(s),TG(18:2_18:3_18:3)+NH4+OO:(s),TG,triacyl,M+NH4,A,0.5714581000530911,gold,1.0848294349372227,0.1507630953025618,2.0,8.0,C57 H98 N1 O8
A15_141047,Streptophyta,True,PA(16:0_18:3),PA(16:0_18:3)+NH4,PA,diacyl,M+NH4,A,2.091477566806855,gold,0.0468573646394435,0.1357660000000002,12.0,20.0,C37 H71 N1 O8 P1
A15_114372,Streptophyta,True,MG(P-18:4),MG(P-18:4)+H,MG,monoalkenyl,M+H,C,0.41472505776794,bronze,1.0252259267285453,0.1623850000000004,1.0,1.0,C21 H35 O3
A15_96355,Streptophyta,False,,,,,,,,,,,,,
A15_146108,Pseudomonadota,False,,,,,,,,,,,,,
A15_147484,Pseudomonadota,False,,,,,,,,,,,,,
A15_74984,Streptophyta,False,,,,,,,,,,,,,
A15_10218,Methanobacteriota,False,,,,,,,,,,,,,
A15_207256,Bacillota,False,,,,,,,,,,,,,
A15_205684,Bacillota,False,,,,,,,,,,,,,
A15_78092,Streptophyta,False,,,,,,,,,,,,,
A15_89494,Streptophyta,False,,,,,,,,,,,,,
A15_208526,Pseudomonadota,False,,,,,,,,,,,,,
A15_129653,Streptophyta,False,,,,,,,,,,,,,
A15_19080,Methanobacteriota,False,,,,,,,,,,,,,
A15_20381,Methanobacteriota,False,,,,,,,,,,,,,
A15_188917,Streptophyta,False,,,,,,,,,,,,,
A15_8849,Bacillota,True,LPA(18:3),LPA(18:3)+H,LPA,monoacyl,M+H,C,0.2891844282366749,silver,3.759219222421296,0.2872957714635729,10.0,2.0,C21 H38 O7 P1
A15_125282,Streptophyta,True,MGDG(16:2_18:3),MGDG(16:2_18:3)+NH4,MGDG,Monogalactosyldiacylglycerol,M+NH4,A,0.8418504907659672,gold,2.994086954107183,0.0350646140143648,8.0,10.0,C43 H76 N1 O10
A15_215244,Streptophyta,False,,,,,,,,,,,,,
A15_205212,Streptophyta,False,,,,,,,,,,,,,
A15_69355,Streptophyta,False,,,,,,,,,,,,,
A15_6222,Streptophyta,False,,,,,,,,,,,,,
A15_181958,Streptophyta,False,,,,,,,,,,,,,
A15_136656,Streptophyta,True,TG(22:3_18:2)+O:(s),TG(22:3_18:2)+NH4+O:(s),TG,triacyl,M+NH4,C,0.1586013504085442,bronze,0.3342537619175428,0.1091582002843498,1.0,1.0,C43 H76 N1 O7
A15_146942,Streptophyta,True,TG(21:1_14:0)+O:(s),TG(21:1_14:0)+NH4+O:(s),TG,triacyl,M+NH4,C,0.0644801902806314,bronze,1.8535459417716835,0.1751786914991324,2.0,3.0,C38 H74 N1 O7
A15_100073,Streptophyta,False,,,,,,,,,,,,,
A15_47508,Streptophyta,False,,,,,,,,,,,,,
A15_128453,Streptophyta,True,DG(15:2_16:0),DG(15:2_16:0)+NH4,DG,diacyl,M+NH4,B,0.5538259484434882,gold,2.6294720912408813,0.1478099999999997,5.0,3.0,C34 H66 N1 O5
A15_56511,Streptophyta,False,,,,,,,,,,,,,
A15_114327,Streptophyta,True,DGDG(18:3_20:5),DGDG(18:3_20:5)+NH4,DGDG,Digalactosyldiacylglycerol,M+NH4,A,1.0336891135570243,gold,0.735626446419639,0.2493829999999999,9.0,4.0,C53 H88 N1 O15
A15_3707,Streptophyta,True,MG(22:6),MG(22:6)+H,MG,monoacyl,M+H,C,0.4320008670881778,bronze,1.3074612398737566,0.0317103662313704,1.0,1.0,C25 H39 O4
A15_214006,Streptophyta,False,,,,,,,,,,,,,
A15_59073,Streptophyta,False,,,,,,,,,,,,,
A15_62882,Streptophyta,False,,,,,,,,,,,,,
A15_178423,Streptophyta,False,,,,,,,,,,,,,
A15_164715,Pseudomonadota,False,,,,,,,,,,,,,
A15_163030,Pseudomonadota,False,,,,,,,,,,,,,
A15_182301,Streptophyta,False,,,,,,,,,,,,,
A15_132489,Streptophyta,True,PG(16:0_18:3),PG(16:0_18:3)+H,PG,diacyl,M+H,A,0.1371086004283126,silver,1.2704125804776751,0.2218596902369061,4.0,6.0,C40 H74 O10 P1
A15_125140,Streptophyta,True,PG(16:1_18:3),PG(16:1_18:3)+NH4,PG,diacyl,M+NH4,A,1.5195997141237871,gold,0.0155707712788184,0.1761605998284903,4.0,11.0,C40 H75 N1 O10 P1
A15_157095,Streptophyta,False,,,,,,,,,,,,,
A15_132386,Streptophyta,True,MGDG(15:0_18:2),MGDG(15:0_18:2)+Na,MGDG,Monogalactosyldiacylglycerol,M+Na,A,1.0128026825258851,silver,0.7556920641697769,0.2638339999999992,1.0,2.0,C42 H76 Na1 O10
A15_156278,Bacillota,True,DG(O-13:0_17:2),DG(O-13:0_17:2)+H,DG,alkyl-acyl,M+H,C,0.6554785108987857,silver,0.7215782947359969,0.1609765000000003,9.0,2.0,C33 H63 O4
A15_7292,Streptophyta,False,,,,,,,,,,,,,
A15_169733,Streptophyta,False,,,,,,,,,,,,,
A15_117661,Streptophyta,True,DGDG(18:3_18:3),DGDG(18:3_18:3)+Na,DGDG,Digalactosyldiacylglycerol,M+Na,B,0.2869468068032543,gold,0.2232159555632194,0.0763439999999988,7.0,3.0,C51 H84 Na1 O15
A15_5568,Streptophyta,False,,,,,,,,,,,,,
A15_81732,Streptophyta,True,PC(P-42:13),PC(P-42:13)+H,PC,alkenyl-acyl,M+H,C,0.4844107944091674,silver,0.9056255793555984,0.0480089686583227,4.0,1.0,C50 H75 N1 O7 P1
A15_47520,Streptophyta,False,,,,,,,,,,,,,
A15_149946,Bacillota,True,PG(15:0_16:0),PG(15:0_16:0)+H,PG,diacyl,M+H,A,0.697200209531452,gold,0.4084380285389979,0.0132344811026747,10.0,4.0,C37 H74 O10 P1
A15_124605,Streptophyta,False,,,,,,,,,,,,,
A15_148343,Streptophyta,False,,,,,,,,,,,,,
A15_211949,Streptophyta,True,TG(49:14_18:3),TG(49:14_18:3)+NH4,TG,triacyl,M+NH4,B,0.5941448456613039,gold,1.050907696733812,0.2250324839547772,5.0,3.0,C70 H106 N1 O6
A15_167196,Pseudomonadota,False,,,,,,,,,,,,,
A15_165136,Pseudomonadota,False,,,,,,,,,,,,,
A15_192763,Streptophyta,False,,,,,,,,,,,,,
A15_204791,Streptophyta,False,,,,,,,,,,,,,
A15_205872,Streptophyta,False,,,,,,,,,,,,,
A15_17290,Streptophyta,False,,,,,,,,,,,,,
A15_66971,Streptophyta,False,,,,,,,,,,,,,
A15_103841,Streptophyta,True,DG(P-50:15),DG(P-50:15)+NH4,DG,alkenyl-acyl,M+NH4,C,0.0103500649615473,bronze,2.9675696307873194,0.2286549799999999,1.0,1.0,C53 H78 N1 O4
A15_82447,Streptophyta,False,,,,,,,,,,,,,
A15_32630,Streptophyta,False,,,,,,,,,,,,,
A15_203209,Actinomycetota,True,Hex1Cer(d18:2_23:1),Hex1Cer(d18:2_23:1)+H,Hex1Cer,Ceramide monosaccharides,M+H,B,0.1704844501130893,silver,0.5019589017321765,0.1639680000000005,3.0,2.0,C47 H88 N1 O8
A15_196169,Streptophyta,False,,,,,,,,,,,,,
A15_174709,Pseudomonadota,True,DG(O-15:1_20:3),DG(O-15:1_20:3)+H,DG,alkyl-acyl,M+H,C,0.8286375400062098,bronze,3.327746724672295,0.0021839999999997,1.0,4.0,C38 H69 O4
A15_167962,Streptophyta,False,,,,,,,,,,,,,
A15_195562,Bacillota,False,,,,,,,,,,,,,
A15_80428,Streptophyta,False,,,,,,,,,,,,,
A15_103873,Streptophyta,False,,,,,,,,,,,,,
A15_126163,Basidiomycota,True,DG(P-17:1_17:1),DG(P-17:1_17:1)+Na,DG,alkenyl-acyl,M+Na,C,0.0866087018922792,bronze,3.4639577994575297,0.0117089999999997,1.0,5.0,C37 H68 Na1 O4
A15_126322,Basidiomycota,True,DG(P-17:1_17:1),DG(P-17:1_17:1)+Na,DG,alkenyl-acyl,M+Na,C,0.0866087018922792,bronze,3.915998185494932,0.0116089999999999,1.0,5.0,C37 H68 Na1 O4
A15_176329,Streptophyta,False,,,,,,,,,,,,,
A15_52108,Streptophyta,True,PEt(O-15:0_13:0),PEt(O-15:0_13:0)+Na,PEt,alkyl-acyl,M+Na,C,0.037907964062358,bronze,4.029690952092163,0.2317840999999996,1.0,1.0,C33 H67 Na1 O7 P1
A15_111163,Streptophyta,True,DG(O-11:0_18:2),DG(O-11:0_18:2)+Na,DG,alkyl-acyl,M+Na,C,0.1775945180413859,bronze,4.196364779654735,0.1673037799086749,1.0,1.0,C32 H60 Na1 O4
A15_74890,Streptophyta,False,,,,,,,,,,,,,
A15_19032,Streptophyta,False,,,,,,,,,,,,,
A15_212092,Bacillota,False,,,,,,,,,,,,,
A15_116698,Streptophyta,True,DGDG(18:3_18:3),DGDG(18:3_18:3)+Na,DGDG,Digalactosyldiacylglycerol,M+Na,B,0.2869468068032543,gold,0.8314232875305871,0.1208559999999998,7.0,2.0,C51 H84 Na1 O15
A15_99755,Streptophyta,True,DG(P-7:0_19:3),DG(P-7:0_19:3)+H,DG,alkenyl-acyl,M+H,B,0.380987512434273,gold,1.794882186225335,0.2616308695458009,5.0,4.0,C29 H51 O4
A15_89677,Streptophyta,False,,,,,,,,,,,,,
A15_61890,Streptophyta,False,,,,,,,,,,,,,
A15_141264,Streptophyta,True,PC(30:2),PC(30:2)+H,PC,diacyl,M+H,C,3.079441541679836,silver,0.7725528997662451,0.1589960000000001,7.0,3.0,C38 H73 N1 O8 P1
A15_107338,Streptophyta,True,PG(23:2_16:3),PG(23:2_16:3)+NH4,PG,diacyl,M+NH4,C,0.0341679180950492,bronze,0.9208402108909172,0.1868239999999996,1.0,1.0,C45 H83 N1 O10 P1
A15_137536,Streptophyta,True,PC(O-25:7_15:2),PC(O-25:7_15:2)+Na,PC,alkyl-acyl,M+Na,C,0.4331794391888316,bronze,3.6646572940463975,0.0971006711146351,1.0,1.0,C48 H80 N1 Na1 O7 P1
A15_85178,Streptophyta,True,DG(16:3_18:4),DG(16:3_18:4)+H,DG,diacyl,M+H,A,0.5019342405295423,gold,1.2569581644081007,0.0217050294117644,2.0,3.0,C37 H59 O5
A15_197151,Streptophyta,False,,,,,,,,,,,,,
A15_37916,Streptophyta,False,,,,,,,,,,,,,
A15_14080,Streptophyta,False,,,,,,,,,,,,,
A15_185346,Streptophyta,True,AcHexSiE (18:3),AcHexSiE (18:3)+NH4,AcHexSiE ,acylHexSterolEsters,M+NH4,C,0.8304168527844478,bronze,2.243270118591887,0.2689940000000028,1.0,1.0,C53 H92 N1 O7
A15_191790,Streptophyta,False,,,,,,,,,,,,,
A15_11657,Streptophyta,False,,,,,,,,,,,,,
A15_86864,Streptophyta,False,,,,,,,,,,,,,
A15_7021,Streptophyta,False,,,,,,,,,,,,,
A15_214067,Bacillota,True,TG(4:0_16:0_16:0),TG(4:0_16:0_16:0)+NH4,TG,triacyl,M+NH4,A,0.8040073211585396,gold,0.0015184003775842,0.1442389999999989,11.0,11.0,C39 H78 N1 O6
A15_2546,Bacillota,False,,,,,,,,,,,,,
A15_126387,Streptophyta,False,,,,,,,,,,,,,
A15_163091,Bacillota,False,,,,,,,,,,,,,
A15_154079,Bacillota,True,PEt(21:1_16:0),PEt(21:1_16:0)+K,PEt,diacyl,M+K,C,0.1004676020190492,silver,1.6969759319925473,0.2108190000000007,2.0,1.0,C42 H81 K1 O8 P1
A15_159026,Bacillota,False,,,,,,,,,,,,,
A15_57050,Streptophyta,False,,,,,,,,,,,,,
A15_212364,Pseudomonadota,True,Co(Q8),Co(Q8)+NH4,Co,Coenzyme Q,M+NH4,A,1.5149719387223626,gold,1.162224446039531,0.0344514678902321,36.0,10.0,C49 H78 N1 O4
A15_214251,Pseudomonadota,True,Co(Q8),Co(Q8)+NH4,Co,Coenzyme Q,M+NH4,A,1.5149719387223626,gold,0.8694459216398245,0.0996485321097679,36.0,8.0,C49 H78 N1 O4
A15_215414,Pseudomonadota,True,Co(Q8),Co(Q8)+NH4,Co,Coenzyme Q,M+NH4,A,1.5149719387223626,gold,0.920480697978938,0.1439485321097677,36.0,7.0,C49 H78 N1 O4
A15_105279,Streptophyta,True,MGDG(16:3_18:3),MGDG(16:3_18:3)+NH4,MGDG,Monogalactosyldiacylglycerol,M+NH4,B,0.4218291680150164,gold,1.51272378170256,0.2393509999999992,3.0,1.0,C43 H74 N1 O10
A15_180660,Actinomycetota,True,DG(O-15:0_17:2),DG(O-15:0_17:2)+H,DG,alkyl-acyl,M+H,C,0.321591578826702,silver,1.2217970933116042,0.1198481536439537,3.0,1.0,C35 H67 O4
A15_129896,Streptophyta,True,TG(21:0_16:3)+O:(s),TG(21:0_16:3)+NH4+O:(s),TG,triacyl,M+NH4,C,0.1126694487056369,bronze,2.177831085781406,0.1293846661753637,1.0,1.0,C40 H74 N1 O7
A15_10970,Methanobacteriota,False,,,,,,,,,,,,,
A15_154271,Streptophyta,True,PC(O-40:10),PC(O-40:10)+H,PC,alkyl-acyl,M+H,C,0.7811192831307382,bronze,1.8687909019396367,0.0152890000000009,1.0,2.0,C48 H79 N1 O7 P1
A15_797,Bacillota,False,,,,,,,,,,,,,
A15_24393,Streptophyta,False,,,,,,,,,,,,,
A15_104866,Streptophyta,True,DG(P-50:15),DG(P-50:15)+NH4,DG,alkenyl-acyl,M+NH4,C,0.0103500649615473,bronze,3.0407465381281216,0.2093549800000005,1.0,1.0,C53 H78 N1 O4
A15_44631,Ascomycota,True,LPC(20:1),LPC(20:1)+Na,LPC,monoacyl,M+Na,C,1.6713384164526102,silver,1.960286948414422,0.236742349284122,7.0,2.0,C28 H56 N1 Na1 O7 P1
A15_144677,Bacillota,True,PG(16:0_18:3),PG(16:0_18:3)+NH4,PG,diacyl,M+NH4,A,1.4271939540291565,gold,0.4849759683360935,0.1509000000000018,7.0,9.0,C40 H77 N1 O10 P1
A15_144114,Bacillota,True,PG(16:0_18:3),PG(16:0_18:3)+NH4,PG,diacyl,M+NH4,A,1.4271939540291565,gold,0.1877875390702321,0.142400000000002,7.0,9.0,C40 H77 N1 O10 P1
A15_125349,Streptophyta,False,,,,,,,,,,,,,
A15_179122,Streptophyta,False,,,,,,,,,,,,,
A15_158186,Streptophyta,False,,,,,,,,,,,,,
A15_98466,Streptophyta,False,,,,,,,,,,,,,
A15_80614,Streptophyta,False,,,,,,,,,,,,,
A15_175720,Streptophyta,False,,,,,,,,,,,,,
A15_119180,Streptophyta,True,BisMePE(36:5),BisMePE(36:5)+H,BisMePE,diacyl,M+H,C,0.0629494453603399,bronze,0.1201773425034255,0.2937999999999992,1.0,1.0,C43 H77 N1 O8 P1
A15_14267,Streptophyta,True,MG(P-18:4),MG(P-18:4)+H,MG,monoalkenyl,M+H,C,0.3347230454224562,silver,0.0760350245782298,0.033071176537323,6.0,1.0,C21 H35 O3
A15_7568,Streptophyta,False,,,,,,,,,,,,,
A15_102340,Streptophyta,True,DG(16:3_18:3),DG(16:3_18:3)+H,DG,diacyl,M+H,A,0.5089371125691047,gold,0.3586629526894908,0.1094159999999995,2.0,7.0,C37 H61 O5
A15_165652,Pseudomonadota,False,,,,,,,,,,,,,
A15_159087,Pseudomonadota,False,,,,,,,,,,,,,
A15_161730,Bacillota,True,WE(O-33:4),WE(O-33:4)+NH4,WE,Wax monoesters,M+NH4,C,0.2315839334205717,silver,0.3122542030999601,0.0964794999999991,4.0,3.0,C33 H62 N1 O2
A15_65024,Streptophyta,True,DG(18:3_18:4),DG(18:3_18:4)+H,DG,diacyl,M+H,A,0.8069567718225392,gold,0.1020758323081865,0.2767640695210067,5.0,6.0,C39 H63 O5
A15_121967,Streptophyta,False,,,,,,,,,,,,,
A15_167041,Streptophyta,True,MePC(34:2),MePC(34:2)+H,MePC,diacyl,M+H,C,1.448333399493316,bronze,2.6415365985129964,0.0030929999999997,1.0,1.0,C43 H84 N1 O8 P1
A15_18604,Streptophyta,False,,,,,,,,,,,,,
A15_215767,Streptophyta,False,,,,,,,,,,,,,
A15_143062,Streptophyta,False,,,,,,,,,,,,,
A15_89893,Streptophyta,True,TG(49:15)+O:(s),TG(49:15)+H+O:(s),TG,triacyl,M+H,C,0.1785109995761971,bronze,1.6203519957171797,0.0519549000000001,1.0,1.0,C52 H71 O7
A15_128777,Streptophyta,False,,,,,,,,,,,,,
A15_60076,Streptophyta,False,,,,,,,,,,,,,
A15_108239,Streptophyta,False,,,,,,,,,,,,,
A15_17683,Methanobacteriota,False,,,,,,,,,,,,,
A15_19413,Methanobacteriota,False,,,,,,,,,,,,,
A15_69117,Streptophyta,False,,,,,,,,,,,,,
A15_203055,Streptophyta,False,,,,,,,,,,,,,
A15_97478,Streptophyta,True,DG(P-7:0_19:3),DG(P-7:0_19:3)+H,DG,alkenyl-acyl,M+H,B,0.4680453140954232,gold,2.1081864846614096,0.0223786000000014,8.0,2.0,C29 H51 O4
A15_17244,Streptophyta,True,LPE(20:4),LPE(20:4)+H,LPE,monoacyl,M+H,A,1.0716173615677431,gold,0.9151772751821308,0.1169743070412629,25.0,4.0,C25 H45 N1 O7 P1
A15_161415,Streptophyta,True,PI(20:4_18:0),PI(20:4_18:0)+H,PI,diacyl,M+H,B,0.8318736341146241,gold,0.5921396355697036,0.2809183880772128,5.0,5.0,C47 H84 O13 P1
A15_104182,Streptophyta,False,,,,,,,,,,,,,
A15_136517,Streptophyta,False,,,,,,,,,,,,,
A15_19268,Streptophyta,False,,,,,,,,,,,,,
A15_223042,Bacillota,False,,,,,,,,,,,,,
A15_110194,Streptophyta,False,,,,,,,,,,,,,
A15_164356,Streptophyta,False,,,,,,,,,,,,,
A15_173465,Bacillota,True,PC(30:0),PC(30:0)+H,PC,diacyl,M+H,C,2.6526813262519986,silver,2.719808249820006,0.1686940000000021,7.0,5.0,C38 H77 N1 O8 P1
A15_133073,Streptophyta,True,DG(18:1_18:4),DG(18:1_18:4)+H,DG,diacyl,M+H,A,1.053277336686936,gold,0.1526516709076646,0.1204450000000001,7.0,9.0,C39 H67 O5
A15_211927,Pseudomonadota,False,,,,,,,,,,,,,
A15_214252,Pseudomonadota,False,,,,,,,,,,,,,
A15_110777,Streptophyta,True,PG(P-18:4_14:1),PG(P-18:4_14:1)+H,PG,alkenyl-acyl,M+H,C,0.0944479633452401,bronze,0.7246330486743171,0.2067899999999998,1.0,1.0,C38 H66 O9 P1
A15_94352,Streptophyta,False,,,,,,,,,,,,,
A15_33365,Streptophyta,False,,,,,,,,,,,,,
A15_210855,Streptophyta,False,,,,,,,,,,,,,
A15_115623,Streptophyta,True,TG(18:2_18:3),TG(18:2_18:3)+NH4,TG,triacyl,M+NH4,B,0.7398866019693124,gold,0.612675195170416,0.2109308141308901,10.0,8.0,C39 H68 N1 O6
A15_161927,Bacillota,False,,,,,,,,,,,,,
A15_9500,Streptophyta,False,,,,,,,,,,,,,
A15_125150,Streptophyta,False,,,,,,,,,,,,,
A15_126599,Streptophyta,False,,,,,,,,,,,,,
A15_155845,Streptophyta,True,WE(O-38:9),WE(O-38:9)+Na,WE,Wax monoesters,M+Na,C,0.4226361765701272,silver,0.9935967802557872,0.2065776283596321,2.0,3.0,C38 H58 Na1 O2
A15_105901,Streptophyta,False,,,,,,,,,,,,,
A15_154188,Actinomycetota,True,PG(16:0_17:1),PG(16:0_17:1)+H,PG,diacyl,M+H,A,1.0309816783409818,gold,4.217438833275382,0.1965289999999999,2.0,3.0,C39 H76 O10 P1
A15_35169,Basidiomycota,True,TG(9:0_22:6)+O:(s),TG(9:0_22:6)+Na+O:(s),TG,triacyl,M+Na,C,0.1145080623013253,bronze,0.8840567519462089,0.0514824000000002,1.0,1.0,C34 H52 Na1 O7
A15_180879,Streptophyta,False,,,,,,,,,,,,,
A15_144186,Streptophyta,False,,,,,,,,,,,,,
A15_141552,Streptophyta,False,,,,,,,,,,,,,
A15_142691,Streptophyta,False,,,,,,,,,,,,,
A15_190694,Streptophyta,False,,,,,,,,,,,,,
A15_150512,Actinomycetota,False,,,,,,,,,,,,,
A15_142132,Streptophyta,True,SM(d41:8),SM(d41:8)+H,SM,acyl,M+H,C,0.7737506099540566,bronze,2.780606627895645,0.2952434119718301,1.0,1.0,C46 H80 N2 O6 P1
A15_158323,Streptophyta,False,,,,,,,,,,,,,
A15_30037,Streptophyta,False,,,,,,,,,,,,,
A15_153303,Streptophyta,True,TG(9:0_17:3_17:3)+O:(s),TG(9:0_17:3_17:3)+NH4+O:(s),TG,triacyl,M+NH4,C,0.1202605606510062,bronze,0.0692566969895028,0.1048394500545235,1.0,1.0,C46 H80 N1 O7
A15_34525,Streptophyta,True,TG(7:0_28:7),TG(7:0_28:7)+Na,TG,triacyl,M+Na,C,0.125477334801085,bronze,1.389650270064495,0.2586819658914727,1.0,1.0,C38 H58 Na1 O6
A15_73951,Streptophyta,False,,,,,,,,,,,,,
A15_94603,Streptophyta,False,,,,,,,,,,,,,
A15_136875,Streptophyta,True,TG(25:1_9:0)+O:(s),TG(25:1_9:0)+NH4+O:(s),TG,triacyl,M+NH4,C,0.8887043757880578,silver,1.2021753590150075,0.0638030586730149,3.0,1.0,C37 H72 N1 O7
A15_149528,Streptophyta,False,,,,,,,,,,,,,
A15_77528,Streptophyta,False,,,,,,,,,,,,,
A15_74661,Streptophyta,False,,,,,,,,,,,,,
A15_145083,Streptophyta,False,,,,,,,,,,,,,
A15_115763,Streptophyta,False,,,,,,,,,,,,,
A15_102558,Streptophyta,True,TG(18:1_18:4),TG(18:1_18:4)+NH4,TG,triacyl,M+NH4,C,0.6882136840557875,silver,0.323886468909705,0.2065105000000002,6.0,2.0,C39 H68 N1 O6
A15_167913,Streptophyta,True,DG(19:1_28:7),DG(19:1_28:7)+NH4,DG,diacyl,M+NH4,C,0.0149772738978673,bronze,3.914748617440555,0.037448077493817,1.0,1.0,C50 H86 N1 O5
A15_96687,Streptophyta,True,DG(15:2_18:3),DG(15:2_18:3)+NH4,DG,diacyl,M+NH4,B,0.6493019601374227,gold,1.911647937999963,0.1744596774563191,3.0,4.0,C36 H64 N1 O5
A15_116259,Streptophyta,False,,,,,,,,,,,,,
A15_223857,Bacillota,False,,,,,,,,,,,,,
A15_205385,Streptophyta,False,,,,,,,,,,,,,
A15_192189,Streptophyta,False,,,,,,,,,,,,,
A15_187646,Streptophyta,True,TG(27:1_20:5)+O:(s),TG(27:1_20:5)+NH4+O:(s),TG,triacyl,M+NH4,B,0.2066471567653924,silver,0.6111037356953827,0.0246969999999997,1.0,4.0,C50 H88 N1 O7
A15_38419,Streptophyta,True,TG(19:2_4:0_4:0),TG(19:2_4:0_4:0)+NH4,TG,triacyl,M+NH4,C,0.0737797195509809,bronze,0.3815949507312067,0.1206219131727843,2.0,4.0,C30 H56 N1 O6
A15_167978,Streptophyta,False,,,,,,,,,,,,,
A15_96030,Streptophyta,False,,,,,,,,,,,,,
A15_107994,Streptophyta,False,,,,,,,,,,,,,
A15_112073,Streptophyta,False,,,,,,,,,,,,,
A15_103341,Streptophyta,False,,,,,,,,,,,,,
A15_110887,Streptophyta,True,DG(P-37:7),DG(P-37:7)+H,DG,alkenyl-acyl,M+H,C,0.0958047534883044,bronze,1.0562635741372393,0.1722740000000016,1.0,1.0,C40 H65 O4
A15_199334,Streptophyta,True,PI(24:5_16:0),PI(24:5_16:0)+H,PI,diacyl,M+H,C,0.029402063185335,bronze,0.9350107834978206,0.0486781335809602,1.0,2.0,C49 H86 O13 P1
A15_20518,Mucoromycota,False,,,,,,,,,,,,,
A15_129479,Bacillota,True,PG(18:1_15:0),PG(18:1_15:0)+NH4,PG,diacyl,M+NH4,C,1.509535328935419,silver,2.8462380708337496,0.1947557744767323,2.0,4.0,C39 H79 N1 O10 P1
A15_148412,Actinomycetota,False,,,,,,,,,,,,,
A15_95164,Streptophyta,False,,,,,,,,,,,,,
A15_198743,Streptophyta,False,,,,,,,,,,,,,
A15_196319,Streptophyta,False,,,,,,,,,,,,,
A15_89492,Streptophyta,False,,,,,,,,,,,,,
A15_124118,Streptophyta,True,TG(20:3_18:1)+O:(s),TG(20:3_18:1)+NH4+O:(s),TG,triacyl,M+NH4,C,0.4185235379173607,silver,1.3126324081601226,0.0420358721835434,2.0,3.0,C41 H74 N1 O7
A15_89493,Streptophyta,False,,,,,,,,,,,,,
A15_71270,Streptophyta,True,PG(26:8_15:2),PG(26:8_15:2)+H,PG,diacyl,M+H,C,0.3961085279566358,bronze,4.940043274173075,0.282661599999999,1.0,1.0,C47 H74 O10 P1
A15_214175,Pseudomonadota,False,,,,,,,,,,,,,
A15_39798,Streptophyta,False,,,,,,,,,,,,,
A15_160898,Streptophyta,False,,,,,,,,,,,,,
A15_187099,Streptophyta,True,DGDG(8:0_22:1),DGDG(8:0_22:1)+Na,DGDG,Digalactosyldiacylglycerol,M+Na,C,0.7238421975023246,bronze,0.6750724306249619,0.0972460000000019,1.0,2.0,C45 H82 Na1 O15
A15_53105,Streptophyta,False,,,,,,,,,,,,,
A15_54190,Streptophyta,False,,,,,,,,,,,,,
A15_50456,Streptophyta,False,,,,,,,,,,,,,
A15_102821,Streptophyta,True,DGDG(18:3_18:3),DGDG(18:3_18:3)+NH4,DGDG,Digalactosyldiacylglycerol,M+NH4,C,0.0635874542213903,bronze,1.929628789705932,0.0291124932363135,1.0,2.0,C51 H88 N1 O15
A15_224897,Bacillota,False,,,,,,,,,,,,,
A15_141643,Streptophyta,False,,,,,,,,,,,,,
A15_146734,Streptophyta,True,TG(10:0_15:2_15:2)+O:(s),TG(10:0_15:2_15:2)+NH4+O:(s),TG,triacyl,M+NH4,C,0.1451900518019194,bronze,2.230548028850233,0.2737800000000003,1.0,1.0,C43 H78 N1 O7
A15_107538,Streptophyta,False,,,,,,,,,,,,,
A15_105930,Streptophyta,True,TG(16:2_18:2),TG(16:2_18:2)+NH4,TG,triacyl,M+NH4,C,0.2965934913327069,silver,1.611104020690333,0.1932952976334618,2.0,1.0,C37 H66 N1 O6
A15_114921,Streptophyta,True,DG(18:4_18:2),DG(18:4_18:2)+H,DG,diacyl,M+H,B,0.3643634126854092,gold,0.3836848885427711,0.1789517914941676,3.0,8.0,C39 H65 O5
A15_10949,Basidiomycota,True,TG(25:5),TG(25:5)+NH4,TG,triacyl,M+NH4,C,0.6788517588570664,silver,3.5653204476778155,0.0198723461836585,3.0,1.0,C28 H46 N1 O6
A15_162015,Streptophyta,False,,,,,,,,,,,,,
A15_75099,Streptophyta,False,,,,,,,,,,,,,
A15_157320,Streptophyta,True,TG(29:2_9:0)+O:(s),TG(29:2_9:0)+NH4+O:(s),TG,triacyl,M+NH4,C,0.183080499968617,bronze,0.3940169392877213,0.0700362664040632,1.0,1.0,C41 H78 N1 O7
A15_21384,Methanobacteriota,False,,,,,,,,,,,,,
A15_111211,Streptophyta,False,,,,,,,,,,,,,
A15_197838,Actinomycetota,True,PC(42:4),PC(42:4)+H,PC,diacyl,M+H,C,1.2719759181839414,silver,3.7449454286997255,0.2309229879841439,7.0,1.0,C50 H93 N1 O8 P1
A15_199136,Actinomycetota,True,PC(42:4),PC(42:4)+H,PC,diacyl,M+H,C,1.2719759181839414,silver,3.552251089082589,0.2039229879841464,7.0,1.0,C50 H93 N1 O8 P1
A15_76950,Streptophyta,True,DG(O-16:3_16:1),DG(O-16:3_16:1)+Na,DG,alkyl-acyl,M+Na,C,0.4381099624074687,bronze,0.5846343528841278,0.175757061661959,1.0,1.0,C35 H62 Na1 O4
A15_1115,Streptophyta,False,,,,,,,,,,,,,
A15_224896,Bacillota,False,,,,,,,,,,,,,
A15_165595,Streptophyta,False,,,,,,,,,,,,,
A15_144122,Streptophyta,False,,,,,,,,,,,,,
A15_124540,Ascomycota,False,,,,,,,,,,,,,
A15_106267,Streptophyta,False,,,,,,,,,,,,,
A15_85888,Streptophyta,False,,,,,,,,,,,,,
A15_190635,Streptophyta,False,,,,,,,,,,,,,
A15_181061,Bacillota,False,,,,,,,,,,,,,
A15_138819,Streptophyta,False,,,,,,,,,,,,,
A15_85305,Streptophyta,False,,,,,,,,,,,,,
A15_105772,Streptophyta,True,DG(16:3_18:3),DG(16:3_18:3)+H,DG,diacyl,M+H,A,0.5089371125691047,gold,0.1554008514183537,0.0373839999999994,2.0,5.0,C37 H61 O5
A15_93353,Ascomycota,True,DG(O-4:0_18:2),DG(O-4:0_18:2)+H,DG,alkyl-acyl,M+H,C,0.2066532559485032,silver,1.555136489008541,0.0233595500000003,3.0,2.0,C25 H47 O4
A15_135355,Streptophyta,False,,,,,,,,,,,,,
A15_87736,Streptophyta,True,TG(26:8_18:4)+OO:(s),TG(26:8_18:4)+H+OO:(s),TG,triacyl,M+H,C,0.2612439154050956,bronze,2.8223514249611603,0.0593383023199027,1.0,1.0,C47 H67 O8
A15_130366,Streptophyta,True,DG(P-32:1),DG(P-32:1)+Na,DG,alkenyl-acyl,M+Na,C,0.4101869805362047,bronze,2.500997163005959,0.2521851476510051,1.0,2.0,C35 H66 Na1 O4
A15_71632,Streptophyta,True,TG(2:0_15:2_18:2)+OO:(s),TG(2:0_15:2_18:2)+NH4+OO:(s),TG,triacyl,M+NH4,C,0.2854397839286297,bronze,0.425617824861922,0.0188359,1.0,1.0,C38 H68 N1 O8
A15_71565,Streptophyta,True,PG(21:4_18:3),PG(21:4_18:3)+NH4,PG,diacyl,M+NH4,C,0.440569071665577,bronze,4.266842430014046,0.1883141999999997,1.0,2.0,C45 H79 N1 O10 P1
A15_98433,Streptophyta,True,DG(O-5:0_19:4),DG(O-5:0_19:4)+H,DG,alkyl-acyl,M+H,B,0.2053467808160344,silver,0.7206143732001924,0.2748402999999992,1.0,2.0,C27 H47 O4
A15_180571,Streptophyta,False,,,,,,,,,,,,,
A15_15383,Streptophyta,False,,,,,,,,,,,,,
A15_210581,Actinomycetota,False,,,,,,,,,,,,,
A15_175968,Actinomycetota,False,,,,,,,,,,,,,
A15_197963,Actinomycetota,False,,,,,,,,,,,,,
A15_42731,Mucoromycota,False,,,,,,,,,,,,,
A15_39651,Mucoromycota,False,,,,,,,,,,,,,
A15_43771,Mucoromycota,False,,,,,,,,,,,,,
A15_108179,Basidiomycota,False,,,,,,,,,,,,,
A15_202113,Streptophyta,False,,,,,,,,,,,,,
A15_112729,Streptophyta,False,,,,,,,,,,,,,
A15_193019,Streptophyta,False,,,,,,,,,,,,,
A15_193762,Actinomycetota,True,PE(O-28:6_16:0),PE(O-28:6_16:0)+H,PE,alkyl-acyl,M+H,C,0.2913340364157103,bronze,2.2571633935545248,0.2763442143698498,1.0,1.0,C49 H89 N1 O7 P1
A15_139776,Streptophyta,True,DGDG(18:2_20:4),DGDG(18:2_20:4)+NH4,DGDG,Digalactosyldiacylglycerol,M+NH4,A,1.606496433260676,gold,0.4464250554280071,0.0813819999999996,7.0,5.0,C53 H92 N1 O15
A15_127417,Ascomycota,True,PS(34:3),PS(34:3)+H,PS,diacyl,M+H,C,1.7276151667788702,silver,0.4412225555275267,0.1736445339175585,7.0,6.0,C40 H73 N1 O10 P1
A15_195470,Actinomycetota,False,,,,,,,,,,,,,
A15_189755,Actinomycetota,True,PC(O-24:3_15:0),PC(O-24:3_15:0)+Na,PC,alkyl-acyl,M+Na,C,0.1051865391077364,bronze,3.787972214007902,0.1156474820484767,1.0,2.0,C47 H90 N1 Na1 O7 P1
A15_6113,Streptophyta,True,TG(19:3_4:0),TG(19:3_4:0)+NH4,TG,triacyl,M+NH4,C,0.2178644251292042,silver,1.7716868467359446,0.140031501641459,6.0,1.0,C26 H46 N1 O6
A15_185755,Streptophyta,True,PC(42:5),PC(42:5)+H,PC,diacyl,M+H,C,1.827102390904694,silver,0.6242012184127317,0.0209792367806933,3.0,2.0,C50 H91 N1 O8 P1
A15_144748,Streptophyta,True,PA(16:0_18:3),PA(16:0_18:3)+NH4,PA,diacyl,M+NH4,A,2.091477566806855,gold,0.2879644703312742,0.1346340000000001,12.0,23.0,C37 H71 N1 O8 P1
A15_120145,Streptophyta,True,PG(P-18:4_19:0),PG(P-18:4_19:0)+NH4,PG,alkenyl-acyl,M+NH4,C,0.0107593462447527,bronze,0.1609701136725483,0.1427060560283681,1.0,1.0,C43 H81 N1 O9 P1
A15_172569,Streptophyta,False,,,,,,,,,,,,,
A15_75565,Bacillota,True,MG(O-27:8),MG(O-27:8)+H,MG,monoalkyl,M+H,C,0.0867404681732916,bronze,1.2198083051144375,0.0246460026292885,2.0,1.0,C30 H47 O3
A15_45339,Streptophyta,False,,,,,,,,,,,,,
A15_90661,Streptophyta,True,DG(14:1_18:2),DG(14:1_18:2)+Na,DG,diacyl,M+Na,A,0.5209663673695005,silver,1.1593944109390966,0.1446231000000004,1.0,2.0,C35 H62 Na1 O5
A15_114223,Bacillota,True,WE(O-31:3),WE(O-31:3)+Na,WE,Wax monoesters,M+Na,C,0.5404718568776649,silver,1.2229679908499942,0.2824717324660142,6.0,1.0,C31 H56 Na1 O2
A15_116091,Bacillota,True,WE(O-31:3),WE(O-31:3)+Na,WE,Wax monoesters,M+Na,C,0.5404718568776649,silver,1.3139861144795535,0.2318717324660131,6.0,1.0,C31 H56 Na1 O2
A15_172826,Streptophyta,False,,,,,,,,,,,,,
A15_143935,Streptophyta,True,TG(21:0_16:2)+O:(s),TG(21:0_16:2)+NH4+O:(s),TG,triacyl,M+NH4,C,0.0275172445250677,bronze,1.2719857331298616,0.0101202173913037,1.0,1.0,C40 H76 N1 O7
A15_61259,Streptophyta,False,,,,,,,,,,,,,
A15_158333,Streptophyta,True,PI(20:4_18:0),PI(20:4_18:0)+H,PI,diacyl,M+H,B,0.8318736341146241,gold,0.5649586649346443,0.028581611922787,5.0,4.0,C47 H84 O13 P1
A15_158497,Streptophyta,True,PI(20:4_18:0),PI(20:4_18:0)+H,PI,diacyl,M+H,B,0.8318736341146241,gold,1.0730912866656663,0.0243816119227879,5.0,4.0,C47 H84 O13 P1
A15_156267,Streptophyta,True,PI(20:4_18:0),PI(20:4_18:0)+H,PI,diacyl,M+H,B,0.8318736341146241,gold,1.274767126693966,0.0862816119227876,5.0,3.0,C47 H84 O13 P1
A15_12958,Pseudomonadota,False,,,,,,,,,,,,,
A15_94537,Streptophyta,True,DG(O-26:5),DG(O-26:5)+H,DG,alkyl-acyl,M+H,C,0.238768029476569,silver,0.2888536213742482,0.1806876407291664,2.0,2.0,C29 H49 O4
A15_135142,Streptophyta,True,PI(16:0_15:0),PI(16:0_15:0)+H,PI,diacyl,M+H,B,0.3098156535514483,silver,0.6936933030167822,0.2349859999999992,1.0,2.0,C40 H78 O13 P1
A15_145256,Streptophyta,False,,,,,,,,,,,,,
A15_211473,Pseudomonadota,True,PC(O-37:2),PC(O-37:2)+H,PC,alkyl-acyl,M+H,C,1.7111669954550837,silver,2.142538933670332,0.0889496683516064,7.0,4.0,C45 H89 N1 O7 P1
A15_174013,Streptophyta,True,TG(16:2_16:3_18:3)+O:(s),TG(16:2_16:3_18:3)+NH4+O:(s),TG,triacyl,M+NH4,C,0.3496317253772495,bronze,3.053283267156257,0.2112839999999991,1.0,1.0,C53 H90 N1 O7
A15_122518,Streptophyta,True,TG(3:0_15:0_13:1),TG(3:0_15:0_13:1)+NH4,TG,triacyl,M+NH4,C,0.4037828819607957,bronze,1.307767293172017,0.2042827603542942,1.0,1.0,C34 H66 N1 O6
A15_147139,Streptophyta,True,DG(16:1_18:3),DG(16:1_18:3)+H,DG,diacyl,M+H,A,1.0547602215006515,gold,0.5348513648225001,0.0003167799230752,10.0,11.0,C37 H65 O5
A15_49218,Streptophyta,False,,,,,,,,,,,,,
A15_98971,Streptophyta,False,,,,,,,,,,,,,
A15_103181,Streptophyta,True,TG(16:2_18:2),TG(16:2_18:2)+NH4,TG,triacyl,M+NH4,C,0.2965934913327069,silver,1.9237599589542569,0.0993952976334622,2.0,1.0,C37 H66 N1 O6
A15_27302,Methanobacteriota,False,,,,,,,,,,,,,
A15_23429,Pseudomonadota,True,LPE(16:0),LPE(16:0)+H,LPE,monoacyl,M+H,A,1.3694025120421396,gold,0.2608639690692295,0.0736884919676161,66.0,2.0,C21 H45 N1 O7 P1
A15_21006,Pseudomonadota,True,LPE(16:0),LPE(16:0)+H,LPE,monoacyl,M+H,A,1.3694025120421396,gold,0.1706137576123808,0.198188491967616,66.0,3.0,C21 H45 N1 O7 P1
A15_24881,Pseudomonadota,True,LPE(16:0),LPE(16:0)+H,LPE,monoacyl,M+H,A,1.3694025120421396,gold,0.2476566221053082,0.051088491967616,66.0,2.0,C21 H45 N1 O7 P1
A15_26175,Pseudomonadota,True,LPE(16:0),LPE(16:0)+H,LPE,monoacyl,M+H,A,1.3694025120421396,gold,0.3202970262147581,0.0645115080323841,66.0,4.0,C21 H45 N1 O7 P1
A15_27010,Pseudomonadota,True,LPE(16:0),LPE(16:0)+H,LPE,monoacyl,M+H,A,1.3694025120421396,gold,0.4655778028990098,0.0765115080323841,66.0,4.0,C21 H45 N1 O7 P1
A15_160280,Streptophyta,False,,,,,,,,,,,,,
A15_158690,Pseudomonadota,True,MGDG(16:0_18:3),MGDG(16:0_18:3)+Na,MGDG,Monogalactosyldiacylglycerol,M+Na,C,0.1229250725137288,bronze,2.7063053054677915,0.1047069999999994,1.0,1.0,C43 H76 Na1 O10
A15_156753,Pseudomonadota,True,MGDG(16:0_18:3),MGDG(16:0_18:3)+Na,MGDG,Monogalactosyldiacylglycerol,M+Na,C,0.1229250725137288,bronze,3.102164349021801,0.017907000000001,1.0,1.0,C43 H76 Na1 O10
A15_181384,Streptophyta,True,TG(O-25:1_24:8),TG(O-25:1_24:8)+H,TG,alkyl-acyl,M+H,C,0.0388703958918077,bronze,0.1020549530945328,0.1246369004633827,1.0,1.0,C52 H85 O5
A15_84990,Streptophyta,False,,,,,,,,,,,,,
A15_174893,Bacillota,True,PC(30:0),PC(30:0)+H,PC,diacyl,M+H,C,2.6526813262519986,silver,1.809733317730588,0.0664940000000022,7.0,4.0,C38 H77 N1 O8 P1
A15_15950,Streptophyta,False,,,,,,,,,,,,,
A15_95501,Streptophyta,False,,,,,,,,,,,,,
A15_75152,Streptophyta,True,PG(P-23:7_16:2),PG(P-23:7_16:2)+H,PG,alkenyl-acyl,M+H,C,0.3036319534292726,bronze,1.4005451187204052,0.2516682000000001,1.0,1.0,C45 H72 O9 P1
A15_171667,Streptophyta,True,DGDG(18:1_18:1),DGDG(18:1_18:1)+NH4,DGDG,Digalactosyldiacylglycerol,M+NH4,A,1.0776894311896017,gold,1.0245855813313232,0.1314170000000025,7.0,6.0,C51 H96 N1 O15
A15_175453,Streptophyta,True,DGDG(18:1_18:1),DGDG(18:1_18:1)+NH4,DGDG,Digalactosyldiacylglycerol,M+NH4,A,1.0776894311896017,gold,0.7742417412906384,0.2097170000000012,7.0,5.0,C51 H96 N1 O15
A15_167995,Streptophyta,True,DGDG(18:1_18:1),DGDG(18:1_18:1)+NH4,DGDG,Digalactosyldiacylglycerol,M+NH4,A,1.0776894311896017,gold,1.2053318342623434,0.0781170000000024,7.0,5.0,C51 H96 N1 O15
A15_166924,Streptophyta,True,DGDG(18:1_18:1),DGDG(18:1_18:1)+NH4,DGDG,Digalactosyldiacylglycerol,M+NH4,A,1.0776894311896017,gold,1.2998600730124497,0.0190829999999984,7.0,3.0,C51 H96 N1 O15
A15_134202,Ascomycota,False,,,,,,,,,,,,,
A15_132038,Ascomycota,False,,,,,,,,,,,,,
A15_187432,Actinomycetota,False,,,,,,,,,,,,,
A15_195030,Actinomycetota,True,MePC(36:2),MePC(36:2)+H,MePC,diacyl,M+H,C,1.654401413837883,bronze,2.9988694397730598,0.1848859999999987,1.0,1.0,C45 H88 N1 O8 P1
A15_90231,Streptophyta,True,MG(O-26:6),MG(O-26:6)+H,MG,monoalkyl,M+H,C,0.3580554529229553,silver,1.0212182800076728,0.0167636000000008,4.0,1.0,C29 H49 O3
A15_91983,Streptophyta,True,PS(15:1_16:0),PS(15:1_16:0)+H,PS,diacyl,M+H,C,0.1012041844260756,bronze,3.300242804816889,0.2124314999999992,1.0,2.0,C37 H71 N1 O10 P1
A15_99614,Streptophyta,False,,,,,,,,,,,,,
A15_80195,Streptophyta,False,,,,,,,,,,,,,
A15_7252,Streptophyta,False,,,,,,,,,,,,,
A15_122126,Streptophyta,False,,,,,,,,,,,,,
A15_140956,Streptophyta,True,DG(P-18:4_16:0),DG(P-18:4_16:0)+H,DG,alkenyl-acyl,M+H,C,0.546410851086844,silver,0.8872898344501579,0.0103192315856439,2.0,5.0,C37 H65 O4
A15_174950,Actinomycetota,True,DG(O-14:1_22:2),DG(O-14:1_22:2)+H,DG,alkyl-acyl,M+H,C,0.1898503413899229,bronze,2.528266846297708,0.0173328550211238,1.0,2.0,C39 H73 O4
A15_175976,Actinomycetota,True,DG(P-15:2_21:0),DG(P-15:2_21:0)+H,DG,alkenyl-acyl,M+H,C,0.303824755189609,bronze,1.6420584614881726,0.018384000000001,1.0,2.0,C39 H73 O4
A15_173038,Actinomycetota,True,DG(O-14:1_22:2),DG(O-14:1_22:2)+H,DG,alkyl-acyl,M+H,C,0.1898503413899229,bronze,2.041104824681554,0.0749671449788778,1.0,2.0,C39 H73 O4
A15_103477,Basidiomycota,True,DG(15:0_18:3),DG(15:0_18:3)+H,DG,diacyl,M+H,C,0.249204679063187,bronze,0.1992941082382217,0.0865830000000009,1.0,4.0,C36 H65 O5
A15_105296,Basidiomycota,True,DG(15:0_18:3),DG(15:0_18:3)+H,DG,diacyl,M+H,C,0.249204679063187,bronze,0.091931373695047,0.0518830000000001,1.0,4.0,C36 H65 O5
A15_114084,Bacillota,True,TG(21:3_15:2)+O:(s),TG(21:3_15:2)+H+O:(s),TG,triacyl,M+H,C,0.5835429209706603,bronze,1.91568441979162,0.1573582222390559,1.0,1.0,C39 H65 O7
A15_146641,Basidiomycota,True,Cer(d18:2_16:0),Cer(d18:2_16:0)+H-H2O,Cer,acylsphingosines,M+H-H2O,C,1.447089800533809,silver,0.0991228490373051,0.1967429999999996,6.0,5.0,C34 H64 N1 O2
A15_108495,Streptophyta,False,,,,,,,,,,,,,
A15_75542,Streptophyta,False,,,,,,,,,,,,,
A15_205653,Bacillota,False,,,,,,,,,,,,,
A15_138113,Streptophyta,False,,,,,,,,,,,,,
A15_66664,Streptophyta,False,,,,,,,,,,,,,
A15_104435,Streptophyta,False,,,,,,,,,,,,,
A15_183968,Actinomycetota,False,,,,,,,,,,,,,
A15_88563,Streptophyta,True,MG(O-25:6),MG(O-25:6)+NH4,MG,monoalkyl,M+NH4,C,0.6982138871266665,silver,2.078650824758768,0.0170093665917629,2.0,1.0,C28 H50 N1 O3
A15_177406,Basidiomycota,False,,,,,,,,,,,,,
A15_182039,Basidiomycota,False,,,,,,,,,,,,,
A15_133513,Actinomycetota,True,PC(40:9),PC(40:9)+H,PC,diacyl,M+H,C,2.380509189624324,silver,0.5953253873121971,0.2555714016251738,23.0,4.0,C48 H79 N1 O8 P1
A15_174128,Streptophyta,False,,,,,,,,,,,,,
A15_90786,Streptophyta,True,TG(16:2_18:2)+OO:(s),TG(16:2_18:2)+NH4+OO:(s),TG,triacyl,M+NH4,C,0.330431932875782,silver,1.086721650223042,0.2290513173907822,2.0,1.0,C37 H66 N1 O8
A15_146059,Streptophyta,True,DG(P-18:4_16:0),DG(P-18:4_16:0)+H,DG,alkenyl-acyl,M+H,C,0.6998534295541008,silver,0.1013457815009017,0.0547709999999987,7.0,6.0,C37 H65 O4
A15_84379,Streptophyta,True,DG(16:3_18:4),DG(16:3_18:4)+H,DG,diacyl,M+H,A,0.5019342405295423,gold,1.1832568891949464,0.2473949705882354,2.0,3.0,C37 H59 O5
A15_164762,Ascomycota,False,,,,,,,,,,,,,
A15_92108,Streptophyta,True,TG(3:0_15:2_16:2),TG(3:0_15:2_16:2)+H,TG,triacyl,M+H,B,0.4340779361413131,silver,1.3699113490786448,0.2459191999999994,1.0,1.0,C37 H63 O6
A15_100890,Streptophyta,False,,,,,,,,,,,,,
A15_165770,Bacillota,True,PE(18:1_15:0),PE(18:1_15:0)+H,PE,diacyl,M+H,B,1.0204662556825432,gold,0.035249829435302,0.1682580339943626,4.0,18.0,C38 H75 N1 O8 P1
A15_143775,Streptophyta,False,,,,,,,,,,,,,
A15_58501,Streptophyta,False,,,,,,,,,,,,,
A15_7381,Streptophyta,True,DG(17:3_2:0),DG(17:3_2:0)+Na,DG,diacyl,M+Na,C,0.1359958918052479,bronze,0.4470789122528286,0.1034987999999998,1.0,1.0,C22 H36 Na1 O5
A15_175899,Streptophyta,True,TG(6:0_18:1_18:2)+O:(s),TG(6:0_18:1_18:2)+NH4+O:(s),TG,triacyl,M+NH4,A,0.8289589634541028,silver,0.8072177887674031,0.2019370000000009,1.0,4.0,C45 H84 N1 O7
A15_203505,Discosea,False,,,,,,,,,,,,,
A15_61480,Streptophyta,False,,,,,,,,,,,,,
A15_70453,Streptophyta,False,,,,,,,,,,,,,
A15_200588,Actinomycetota,True,MePC(36:2),MePC(36:2)+H,MePC,diacyl,M+H,C,0.670290156735276,bronze,2.2274968815728746,0.0106539999999988,1.0,1.0,C45 H88 N1 O8 P1
A15_202771,Actinomycetota,True,MePC(36:2),MePC(36:2)+H,MePC,diacyl,M+H,C,0.670290156735276,bronze,2.1601330502362277,0.0331460000000021,1.0,1.0,C45 H88 N1 O8 P1
A15_164171,Ascomycota,True,Hex1Cer(d18:2_19:2),Hex1Cer(d18:2_19:2)+H,Hex1Cer,Ceramide monosaccharides,M+H,B,0.3712162521541025,gold,1.0364107225443266,0.0542409999999975,2.0,4.0,C43 H78 N1 O8
A15_179860,Streptophyta,False,,,,,,,,,,,,,
A15_11967,Bacillota,True,WE(O-18:1),WE(O-18:1)+NH4,WE,Wax monoesters,M+NH4,C,0.7900883628753723,silver,0.373704527200675,0.0812538662060373,28.0,2.0,C18 H38 N1 O2
A15_123200,Streptophyta,True,TG(9:0_9:0_18:3)+O:(s),TG(9:0_9:0_18:3)+NH4+O:(s),TG,triacyl,M+NH4,B,0.5313577473918343,gold,0.7099500343350235,0.2424778670316758,8.0,10.0,C39 H72 N1 O7
A15_161235,Bacillota,True,DG(O-15:2_15:0),DG(O-15:2_15:0)+NH4,DG,alkyl-acyl,M+NH4,C,1.6697135803202512,silver,0.1603204664363591,0.1497167298805148,13.0,5.0,C33 H66 N1 O4
A15_142035,Streptophyta,True,DG(18:2_18:4),DG(18:2_18:4)+H,DG,diacyl,M+H,A,0.888720262854266,gold,0.0088411853219748,0.2233479999999996,11.0,9.0,C39 H65 O5
A15_26337,Bacillota,True,SPH(d20:0),SPH(d20:0)+H,SPH,Sphinganine,M+H,C,0.1304297175396077,silver,0.7886319114181012,0.1327320372883917,5.0,2.0,C20 H44 N1 O2
A15_24883,Bacillota,True,SPH(d20:0),SPH(d20:0)+H,SPH,Sphinganine,M+H,C,0.1304297175396077,silver,0.8158769249540168,0.154532037288392,5.0,2.0,C20 H44 N1 O2
A15_92500,Streptophyta,True,WE(O-27:3),WE(O-27:3)+Na,WE,Wax monoesters,M+Na,C,0.2705721437082533,silver,0.3242719649658374,0.0162717932206213,3.0,1.0,C27 H48 Na1 O2
A15_94068,Streptophyta,True,WE(O-27:3),WE(O-27:3)+Na,WE,Wax monoesters,M+Na,C,0.2705721437082533,silver,0.2096137130273764,0.0319282067793782,3.0,1.0,C27 H48 Na1 O2
A15_143413,Streptophyta,False,,,,,,,,,,,,,
A15_187064,Actinomycetota,False,,,,,,,,,,,,,
A15_188404,Actinomycetota,False,,,,,,,,,,,,,
A15_184611,Actinomycetota,False,,,,,,,,,,,,,
A15_140878,Streptophyta,True,TG(4:0_18:2_18:3)+O:(s),TG(4:0_18:2_18:3)+NH4+O:(s),TG,triacyl,M+NH4,C,0.1592851999764232,bronze,0.5541378283438487,0.2329500000000006,1.0,2.0,C43 H76 N1 O7
A15_185112,Actinomycetota,True,TG(39:3_5:0)+O:(s),TG(39:3_5:0)+Na+O:(s),TG,triacyl,M+Na,C,0.0543550485897823,bronze,3.542420998699056,0.2135519999999999,1.0,1.0,C47 H84 Na1 O7
A15_84660,Streptophyta,False,,,,,,,,,,,,,
A15_183324,Streptophyta,False,,,,,,,,,,,,,
A15_161495,Streptophyta,True,PI(20:4_18:0),PI(20:4_18:0)+H,PI,diacyl,M+H,B,0.8318736341146241,gold,0.2032947409967065,0.2796183880772123,5.0,5.0,C47 H84 O13 P1
A15_136326,Bacillota,True,DG(O-13:0_17:2),DG(O-13:0_17:2)+H,DG,alkyl-acyl,M+H,C,0.74791607877536,silver,1.060063694060608,0.0258708840468013,11.0,1.0,C33 H63 O4
A15_117423,Streptophyta,False,,,,,,,,,,,,,
A15_102766,Basidiomycota,True,PG(18:2_15:0),PG(18:2_15:0)+NH4,PG,diacyl,M+NH4,B,0.7552715503134735,silver,0.3830768544973917,0.2016581999999989,1.0,2.0,C39 H77 N1 O10 P1
A15_8421,Streptophyta,False,,,,,,,,,,,,,
A15_68420,Streptophyta,True,PG(21:4_18:3),PG(21:4_18:3)+NH4,PG,diacyl,M+NH4,C,0.440569071665577,bronze,4.620973088248135,0.2216141999999994,1.0,1.0,C45 H79 N1 O10 P1
A15_158406,Pseudomonadota,True,PG(17:3_16:0),PG(17:3_16:0)+NH4,PG,diacyl,M+NH4,B,0.1038201624475573,silver,2.3227343200981383,0.0718477590519768,5.0,3.0,C39 H75 N1 O10 P1
A15_181731,Bacillota,True,DG(15:0_15:0),DG(15:0_15:0)+Na,DG,diacyl,M+Na,A,1.0,gold,2.8714992431305824,0.0499541661082076,5.0,2.0,C33 H64 Na1 O5
A15_104301,Streptophyta,False,,,,,,,,,,,,,
A15_182139,Ascomycota,False,,,,,,,,,,,,,
A15_169554,Streptophyta,False,,,,,,,,,,,,,
A15_152880,Streptophyta,False,,,,,,,,,,,,,
A15_149865,Streptophyta,False,,,,,,,,,,,,,
A15_154595,Streptophyta,False,,,,,,,,,,,,,
A15_37828,Streptophyta,False,,,,,,,,,,,,,
A15_116401,Streptophyta,True,PI(20:4_18:3),PI(20:4_18:3)+NH4,PI,diacyl,M+NH4,B,1.0,gold,0.486151567371853,0.0634852534076255,3.0,4.0,C47 H81 N1 O13 P1
A15_153503,Streptophyta,True,DG(P-18:4_16:0),DG(P-18:4_16:0)+H,DG,alkenyl-acyl,M+H,C,1.231335795913744,silver,0.6406826520461844,0.2707025056401804,10.0,6.0,C37 H65 O4
A15_11361,Streptophyta,False,,,,,,,,,,,,,
A15_61682,Basidiomycota,False,,,,,,,,,,,,,
A15_61893,Streptophyta,False,,,,,,,,,,,,,
A15_166044,Streptophyta,True,TG(18:3_18:3_18:3)+OO:(s),TG(18:3_18:3_18:3)+NH4+OO:(s),TG,triacyl,M+NH4,B,0.2743225037580759,silver,1.386708189222902,0.0483989999999998,1.0,4.0,C57 H96 N1 O8
A15_90663,Streptophyta,False,,,,,,,,,,,,,
A15_52231,Streptophyta,False,,,,,,,,,,,,,
A15_155109,Streptophyta,True,PI(18:1_18:1),PI(18:1_18:1)+Na,PI,diacyl,M+Na,A,1.2692083134745218,gold,0.0838596623722782,0.1661470000000005,3.0,3.0,C45 H83 Na1 O13 P1
A15_109224,Streptophyta,False,,,,,,,,,,,,,
A15_10122,Streptophyta,False,,,,,,,,,,,,,
A15_160430,Bacillota,True,DG(O-13:0_17:2),DG(O-13:0_17:2)+H,DG,alkyl-acyl,M+H,C,0.4658747560587787,silver,0.3993325086871637,0.1555431379310352,5.0,1.0,C33 H63 O4
A15_184949,Actinomycetota,False,,,,,,,,,,,,,
A15_121764,Streptophyta,True,TG(9:0_9:0_18:3)+O:(s),TG(9:0_9:0_18:3)+NH4+O:(s),TG,triacyl,M+NH4,B,0.5313577473918343,gold,0.7114503433533412,0.2776778670316755,8.0,9.0,C39 H72 N1 O7
A15_202877,Streptophyta,False,,,,,,,,,,,,,
A15_171905,Bacillota,True,PE(P-16:0_18:2),PE(P-16:0_18:2)+H,PE,alkenyl-acyl,M+H,B,1.7838340772663797,gold,1.5787375196226892,0.0102356135046086,5.0,5.0,C39 H75 N1 O7 P1
A15_173657,Bacillota,True,PE(P-16:0_18:2),PE(P-16:0_18:2)+H,PE,alkenyl-acyl,M+H,B,1.7838340772663797,gold,1.167617783622406,0.1961356135046088,5.0,6.0,C39 H75 N1 O7 P1
A15_171977,Actinomycetota,True,TG(O-5:0_17:1_10:0),TG(O-5:0_17:1_10:0)+H,TG,alkyl-acyl,M+H,B,0.4366654152932749,silver,1.1902614983274569,0.1601250000000025,1.0,2.0,C35 H67 O5
A15_125655,Bacillota,False,,,,,,,,,,,,,
A15_54232,Streptophyta,False,,,,,,,,,,,,,
A15_87575,Streptophyta,False,,,,,,,,,,,,,
A15_144760,Streptophyta,False,,,,,,,,,,,,,
A15_138668,Streptophyta,False,,,,,,,,,,,,,
A15_36059,Streptophyta,False,,,,,,,,,,,,,
A15_147105,Streptophyta,True,DG(P-15:2_21:4),DG(P-15:2_21:4)+H,DG,alkenyl-acyl,M+H,C,0.2664533222804447,bronze,1.709684774096362,0.1574310000000007,1.0,1.0,C39 H65 O4
A15_145400,Streptophyta,True,DG(P-15:2_21:4),DG(P-15:2_21:4)+H,DG,alkenyl-acyl,M+H,C,0.2664533222804447,bronze,1.875379081399189,0.1250309999999999,1.0,1.0,C39 H65 O4
A15_100981,Streptophyta,True,PC(24:8_20:6),PC(24:8_20:6)+H,PC,diacyl,M+H,C,0.3652546094323622,bronze,0.9949893336283788,0.0202922500000006,1.0,1.0,C52 H77 N1 O8 P1
A15_103510,Streptophyta,True,TG(P-17:2_20:6),TG(P-17:2_20:6)+Na,TG,alkenyl-acyl,M+Na,C,0.2931869043055164,silver,3.203281105451826,0.1714870000000008,4.0,1.0,C40 H60 Na1 O5
A15_124782,Streptophyta,True,DG(16:2_18:3),DG(16:2_18:3)+NH4,DG,diacyl,M+NH4,A,0.8881644125133916,silver,0.8379773622540687,0.1306259999999994,1.0,1.0,C37 H66 N1 O5
A15_180424,Actinomycetota,True,TG(3:0_16:0_21:0)+OO:(s),TG(3:0_16:0_21:0)+Na+OO:(s),TG,triacyl,M+Na,C,0.5414680848266189,bronze,3.5029167503796783,0.2635690000000004,1.0,1.0,C43 H82 Na1 O8
A15_152937,Actinomycetota,True,DGDG(15:0_16:0),DGDG(15:0_16:0)+NH4,DGDG,Digalactosyldiacylglycerol,M+NH4,B,0.8268236483173751,gold,0.271898285937234,0.131264999999999,3.0,3.0,C46 H90 N1 O15
A15_151362,Actinomycetota,True,DGDG(15:0_16:0),DGDG(15:0_16:0)+NH4,DGDG,Digalactosyldiacylglycerol,M+NH4,B,0.8268236483173751,gold,0.1882516611182913,0.2705649999999995,3.0,2.0,C46 H90 N1 O15
A15_14341,Basidiomycota,False,,,,,,,,,,,,,
A15_16316,Basidiomycota,False,,,,,,,,,,,,,
A15_18090,Basidiomycota,False,,,,,,,,,,,,,
A15_79153,Streptophyta,False,,,,,,,,,,,,,
A15_226503,Bacillota,True,TG(18:0_16:0_16:0),TG(18:0_16:0_16:0)+NH4,TG,triacyl,M+NH4,C,0.1378506288756303,silver,3.7891426601695,0.1441487040332134,2.0,2.0,C53 H106 N1 O6
A15_225879,Bacillota,True,TG(18:0_16:0_16:0),TG(18:0_16:0_16:0)+NH4,TG,triacyl,M+NH4,C,0.1378506288756303,silver,3.63318459757776,0.2097487040332133,2.0,2.0,C53 H106 N1 O6
A15_166745,Streptophyta,True,DGDG(16:0_18:1),DGDG(16:0_18:1)+Na,DGDG,Digalactosyldiacylglycerol,M+Na,A,0.4082378992417746,gold,0.0431159160873202,0.1299899999999993,5.0,2.0,C49 H90 Na1 O15
A15_173237,Streptophyta,True,PI(26:5_16:0),PI(26:5_16:0)+H,PI,diacyl,M+H,C,0.947391249045334,silver,2.1238876596790965,0.2231290000000001,2.0,2.0,C51 H90 O13 P1
A15_168736,Streptophyta,True,PI(26:5_16:0),PI(26:5_16:0)+H,PI,diacyl,M+H,C,0.947391249045334,silver,2.0155635764399524,0.2911290000000015,2.0,2.0,C51 H90 O13 P1
A15_170277,Streptophyta,True,PI(26:5_16:0),PI(26:5_16:0)+H,PI,diacyl,M+H,C,0.947391249045334,silver,2.082469630641243,0.2682290000000016,2.0,2.0,C51 H90 O13 P1
A15_171572,Streptophyta,True,PI(26:5_16:0),PI(26:5_16:0)+H,PI,diacyl,M+H,C,0.947391249045334,silver,2.062291615189792,0.2489290000000004,2.0,2.0,C51 H90 O13 P1
A15_54730,Discosea,True,LPE(18:0),LPE(18:0)+H,LPE,monoacyl,M+H,A,1.255713398493926,gold,0.9244749722810538,0.124442295433397,38.0,6.0,C23 H49 N1 O7 P1
A15_160107,Streptophyta,True,PI(20:4_18:0),PI(20:4_18:0)+H,PI,diacyl,M+H,B,0.8318736341146241,gold,0.644952901567428,0.1891183880772118,5.0,4.0,C47 H84 O13 P1
A15_148111,Basidiomycota,True,PS(17:1_18:1),PS(17:1_18:1)+H,PS,diacyl,M+H,A,0.59135980652595,gold,2.469538227752538,0.2081879999999998,3.0,2.0,C41 H77 N1 O10 P1
A15_104407,Streptophyta,False,,,,,,,,,,,,,
A15_20529,Streptophyta,False,,,,,,,,,,,,,
A15_16898,Streptophyta,True,LPC(20:4),LPC(20:4)+Na,LPC,monoacyl,M+Na,C,1.0,silver,1.2945897508073565,0.0762667936576475,17.0,4.0,C28 H50 N1 Na1 O7 P1
A15_117605,Streptophyta,True,DG(P-18:4_16:1),DG(P-18:4_16:1)+H,DG,alkenyl-acyl,M+H,C,0.6192192563539938,bronze,0.1107656416078298,0.1440080000000012,1.0,1.0,C37 H63 O4
A15_156349,Streptophyta,False,,,,,,,,,,,,,
A15_115817,Streptophyta,True,TG(9:0_28:4)+O:(s),TG(9:0_28:4)+NH4+O:(s),TG,triacyl,M+NH4,C,0.4497698035810226,bronze,0.4876589796575841,0.2429900000000007,1.0,1.0,C40 H72 N1 O7
A15_108351,Streptophyta,False,,,,,,,,,,,,,
A15_156489,Actinomycetota,True,DGDG(15:0_16:0),DGDG(15:0_16:0)+NH4,DGDG,Digalactosyldiacylglycerol,M+NH4,A,1.2187331573447533,gold,0.5448206873364612,0.0641299053880235,5.0,4.0,C46 H90 N1 O15
A15_154934,Actinomycetota,True,DGDG(15:0_16:0),DGDG(15:0_16:0)+NH4,DGDG,Digalactosyldiacylglycerol,M+NH4,A,1.2187331573447533,gold,0.4087554797795349,0.2001299053880245,5.0,4.0,C46 H90 N1 O15
A15_103199,Streptophyta,False,,,,,,,,,,,,,
A15_48404,Streptophyta,False,,,,,,,,,,,,,
A15_170646,Pseudomonadota,True,DG(O-19:3_17:1),DG(O-19:3_17:1)+H,DG,alkyl-acyl,M+H,C,0.4541687189954227,bronze,0.5194491147244154,0.1101199999999984,1.0,2.0,C39 H71 O4
A15_173898,Pseudomonadota,True,DG(P-15:2_21:1),DG(P-15:2_21:1)+H,DG,alkenyl-acyl,M+H,C,0.2171368796517608,bronze,1.2730045162132917,0.0277060729181037,1.0,3.0,C39 H71 O4
A15_104171,Streptophyta,True,MG(O-26:6),MG(O-26:6)+H,MG,monoalkyl,M+H,C,0.2037886042423253,bronze,0.5899667563086153,0.0533435000000004,1.0,1.0,C29 H49 O3
A15_203692,Bacillota,False,,,,,,,,,,,,,
A15_142007,Actinomycetota,True,DG(O-11:0_19:0),DG(O-11:0_19:0)+Na,DG,alkyl-acyl,M+Na,C,0.353320980546245,bronze,1.3503405392103542,0.1423319668049814,1.0,1.0,C33 H66 Na1 O4
A15_143974,Streptophyta,True,DGDG(18:2_18:2),DGDG(18:2_18:2)+NH4,DGDG,Digalactosyldiacylglycerol,M+NH4,A,1.700340587902048,gold,0.7245968597604395,0.2451889999999998,22.0,7.0,C51 H92 N1 O15
A15_225355,Streptophyta,False,,,,,,,,,,,,,
A15_74944,Streptophyta,True,PG(21:4_18:3),PG(21:4_18:3)+NH4,PG,diacyl,M+NH4,C,0.440569071665577,bronze,4.382056199096055,0.0401141999999996,1.0,2.0,C45 H79 N1 O10 P1
A15_119592,Streptophyta,False,,,,,,,,,,,,,
A15_185979,Actinomycetota,True,PC(O-36:4),PC(O-36:4)+H,PC,alkyl-acyl,M+H,C,2.673927997404957,silver,1.353307550338001,0.0212086294706708,7.0,3.0,C44 H83 N1 O7 P1
A15_198891,Streptophyta,False,,,,,,,,,,,,,
A15_104560,Streptophyta,False,,,,,,,,,,,,,
A15_187879,Actinomycetota,True,PE(O-23:6_21:0),PE(O-23:6_21:0)+H,PE,alkyl-acyl,M+H,C,0.3105141144167873,bronze,2.276862559208692,0.0099680000000006,1.0,2.0,C49 H89 N1 O7 P1
A15_186470,Actinomycetota,True,PE(O-23:6_21:0),PE(O-23:6_21:0)+H,PE,alkyl-acyl,M+H,C,0.3105141144167873,bronze,2.0324466215901182,0.0359680000000004,1.0,2.0,C49 H89 N1 O7 P1
A15_101800,Streptophyta,True,MG(O-25:6),MG(O-25:6)+H,MG,monoalkyl,M+H,C,0.2198387503597482,silver,0.3420644429479485,0.0178235499999992,6.0,2.0,C28 H47 O3
A15_124920,Streptophyta,True,MGDG(18:3_18:3),MGDG(18:3_18:3)+NH4,MGDG,Monogalactosyldiacylglycerol,M+NH4,A,0.8200795493309343,gold,0.1475459233515536,0.1627825075757574,12.0,2.0,C45 H78 N1 O10
A15_179119,Streptophyta,True,TG(25:2_16:1)+O:(s),TG(25:2_16:1)+NH4+O:(s),TG,triacyl,M+NH4,C,0.7742735331278338,bronze,0.4004842533011704,0.1331236635851986,1.0,2.0,C44 H82 N1 O7
A15_224113,Bacillota,False,,,,,,,,,,,,,
A15_59646,Streptophyta,False,,,,,,,,,,,,,
A15_179976,Ascomycota,True,Cer(d18:2_18:0),Cer(d18:2_18:0)+H-H2O,Cer,acylsphingosines,M+H-H2O,C,1.2944197199426453,silver,0.6660852675458429,0.0125852412349658,3.0,4.0,C36 H68 N1 O2
A15_179264,Ascomycota,True,Cer(d18:2_18:0),Cer(d18:2_18:0)+H-H2O,Cer,acylsphingosines,M+H-H2O,C,1.2944197199426453,silver,0.6422985804115544,0.0216852412349659,3.0,4.0,C36 H68 N1 O2
A15_9648,Streptophyta,True,TG(15:2_4:0_4:0),TG(15:2_4:0_4:0)+NH4,TG,triacyl,M+NH4,C,0.3004399897912265,silver,0.4954916313049618,0.1299123999999998,7.0,4.0,C26 H48 N1 O6
A15_195752,Streptophyta,True,PI(22:5_18:3),PI(22:5_18:3)+H,PI,diacyl,M+H,C,0.0655213575224606,bronze,0.931124791732144,0.2173839999999991,1.0,1.0,C49 H80 O13 P1
A15_121131,Bacillota,True,DG(O-5:0_22:0),DG(O-5:0_22:0)+Na,DG,alkyl-acyl,M+Na,C,0.7317196411089795,silver,2.2718288623263194,0.0132201092063635,12.0,3.0,C30 H60 Na1 O4
A15_114025,Streptophyta,False,,,,,,,,,,,,,
A15_167603,Streptophyta,True,TG(23:1_18:2)+O:(s),TG(23:1_18:2)+NH4+O:(s),TG,triacyl,M+NH4,C,0.2440712192957106,bronze,0.4352214772541783,0.0363240000000004,1.0,2.0,C44 H82 N1 O7
A15_124518,Bacillota,True,PG(O-14:2_16:1),PG(O-14:2_16:1)+NH4,PG,alkyl-acyl,M+NH4,C,0.0378943895224571,bronze,0.9586832797889704,0.1145557240920833,1.0,1.0,C36 H71 N1 O9 P1
A15_51712,Streptophyta,False,,,,,,,,,,,,,
A15_207009,Streptophyta,False,,,,,,,,,,,,,
A15_153757,Streptophyta,False,,,,,,,,,,,,,
A15_103327,Streptophyta,False,,,,,,,,,,,,,
A15_144351,Streptophyta,False,,,,,,,,,,,,,
A15_104493,Streptophyta,False,,,,,,,,,,,,,
A15_142661,Streptophyta,True,PC(37:4),PC(37:4)+H,PC,diacyl,M+H,C,1.2208137013992837,bronze,1.290402527016166,0.1042342535211258,1.0,1.0,C45 H83 N1 O8 P1
A15_212116,Streptophyta,False,,,,,,,,,,,,,
A15_166712,Streptophyta,True,DGDG(16:0_18:1),DGDG(16:0_18:1)+NH4,DGDG,Digalactosyldiacylglycerol,M+NH4,A,1.466508364831777,gold,1.939598910453574,0.2417662511248668,10.0,4.0,C49 H94 N1 O15
A15_190423,Actinomycetota,True,TG(O-45:14_8:0),TG(O-45:14_8:0)+NH4,TG,alkyl-acyl,M+NH4,C,0.1886694520755991,bronze,1.6583623111256696,0.0526924054930617,1.0,2.0,C56 H86 N1 O5
A15_116191,Streptophyta,True,DG(15:2_18:2),DG(15:2_18:2)+H,DG,diacyl,M+H,B,0.6176892469072626,gold,1.404164391572919,0.1669502208523603,2.0,2.0,C36 H63 O5
A15_143875,Streptophyta,False,,,,,,,,,,,,,
A15_48171,Streptophyta,False,,,,,,,,,,,,,
A15_203584,Streptophyta,True,TG(34:2_18:3)+OO:(s),TG(34:2_18:3)+NH4+OO:(s),TG,triacyl,M+NH4,B,0.5221674058978644,gold,0.6182194213345725,0.110739951908183,2.0,4.0,C55 H100 N1 O8
A15_84806,Streptophyta,True,TG(27:8_4:0_5:0),TG(27:8_4:0_5:0)+H,TG,triacyl,M+H,C,0.2293628214964886,bronze,2.454085288015246,0.1379809000000005,1.0,1.0,C39 H59 O6
A15_10568,Basidiomycota,True,PI(O-5:0_17:1),PI(O-5:0_17:1)+NH4,PI,alkyl-acyl,M+NH4,C,0.0321157358860084,bronze,1.3011524387604858,0.0729779639100312,1.0,1.0,C31 H63 N1 O12 P1
A15_178647,Streptophyta,False,,,,,,,,,,,,,
A15_96956,Streptophyta,True,TG(18:3_16:0)+OO:(s),TG(18:3_16:0)+NH4+OO:(s),TG,triacyl,M+NH4,B,0.5902059719897423,gold,0.9166804017451056,0.1786415352792634,8.0,4.0,C37 H68 N1 O8
A15_159961,Streptophyta,False,,,,,,,,,,,,,
A15_121850,Streptophyta,False,,,,,,,,,,,,,
A15_122951,Streptophyta,False,,,,,,,,,,,,,
A15_6912,Streptophyta,False,,,,,,,,,,,,,
A15_19230,Methanobacteriota,False,,,,,,,,,,,,,
A15_20380,Methanobacteriota,False,,,,,,,,,,,,,
A15_223868,Streptophyta,False,,,,,,,,,,,,,
A15_123338,Streptophyta,False,,,,,,,,,,,,,
A15_146861,Streptophyta,True,PG(16:0_18:2),PG(16:0_18:2)+NH4,PG,diacyl,M+NH4,A,1.9739662271859455,gold,0.8776047403220081,0.0202043225806463,7.0,7.0,C40 H79 N1 O10 P1
A15_58323,Streptophyta,False,,,,,,,,,,,,,
A15_143508,Bacillota,True,MGDG(16:2_18:2),MGDG(16:2_18:2)+Na,MGDG,Monogalactosyldiacylglycerol,M+Na,B,0.3300772117808598,silver,1.3130645528225902,0.1753679999999988,1.0,1.0,C43 H74 Na1 O10
A15_141882,Bacillota,True,MGDG(16:2_18:2),MGDG(16:2_18:2)+Na,MGDG,Monogalactosyldiacylglycerol,M+Na,B,0.3300772117808598,silver,1.653070889472809,0.1256679999999992,1.0,1.0,C43 H74 Na1 O10
A15_66220,Pseudomonadota,False,,,,,,,,,,,,,
A15_140050,Bacillota,True,PG(17:3_15:0),PG(17:3_15:0)+Na,PG,diacyl,M+Na,C,0.0466302021735865,bronze,2.14490427869637,0.1744585,2.0,1.0,C38 H69 Na1 O10 P1
A15_142152,Streptophyta,True,PG(16:0_18:3),PG(16:0_18:3)+NH4,PG,diacyl,M+NH4,A,1.4271939540291565,gold,0.2240013228574857,0.0558999999999993,7.0,9.0,C40 H77 N1 O10 P1
A15_170851,Streptophyta,False,,,,,,,,,,,,,
A15_130975,Bacillota,False,,,,,,,,,,,,,
A15_93922,Streptophyta,True,PC(42:12),PC(42:12)+H,PC,diacyl,M+H,C,0.5399615998594595,silver,0.0224592320674698,0.2165938500000006,4.0,3.0,C50 H77 N1 O8 P1
A15_57144,Streptophyta,False,,,,,,,,,,,,,
A15_56537,Streptophyta,False,,,,,,,,,,,,,
A15_208062,Streptophyta,False,,,,,,,,,,,,,
A15_33482,Streptophyta,True,TG(7:0_28:7),TG(7:0_28:7)+Na,TG,triacyl,M+Na,C,0.125477334801085,bronze,1.4196464743901407,0.2339819658914725,1.0,1.0,C38 H58 Na1 O6
A15_170216,Bacillota,False,,,,,,,,,,,,,
A15_14800,Streptophyta,False,,,,,,,,,,,,,
A15_4887,Streptophyta,False,,,,,,,,,,,,,
A15_131193,Streptophyta,True,MGDG(18:3_18:3),MGDG(18:3_18:3)+NH4,MGDG,Monogalactosyldiacylglycerol,M+NH4,A,1.1565758836618782,gold,0.530508524457916,0.2564890212349802,18.0,4.0,C45 H78 N1 O10
A15_124565,Ascomycota,False,,,,,,,,,,,,,
A15_221185,Streptophyta,True,WE(O-27:5_18:2),WE(O-27:5_18:2)+Na,WE,Wax monoesters,M+Na,C,0.3717584557774501,bronze,0.8473011818029775,0.2692649999999972,1.0,1.0,C45 H76 Na1 O2
A15_7144,Streptophyta,False,,,,,,,,,,,,,
A15_51194,Streptophyta,False,,,,,,,,,,,,,
A15_155260,Heterolobosea,False,,,,,,,,,,,,,
A15_124026,Streptophyta,False,,,,,,,,,,,,,
A15_180568,Streptophyta,False,,,,,,,,,,,,,
A15_179548,Streptophyta,False,,,,,,,,,,,,,
A15_138180,Streptophyta,True,MGDG(15:0_18:2),MGDG(15:0_18:2)+Na,MGDG,Monogalactosyldiacylglycerol,M+Na,A,1.0128026825258851,silver,0.0366654141063163,0.1325660000000006,1.0,1.0,C42 H76 Na1 O10
A15_145991,Pseudomonadota,False,,,,,,,,,,,,,
A15_27692,Streptophyta,True,DG(20:5_14:0),DG(20:5_14:0)+Na,DG,diacyl,M+Na,C,0.116342511963731,bronze,4.491581906370493,0.0238604624577751,1.0,2.0,C37 H62 Na1 O5
A15_73073,Streptophyta,True,DG(18:3_18:4),DG(18:3_18:4)+H,DG,diacyl,M+H,A,0.8069567718225392,gold,0.1677671916159409,0.1785359304789926,5.0,3.0,C39 H63 O5
A15_99133,Streptophyta,True,DG(O-15:2_17:3),DG(O-15:2_17:3)+Na,DG,alkyl-acyl,M+Na,C,0.4323873002526425,bronze,2.409886485646925,0.2925287448519977,1.0,1.0,C35 H60 Na1 O4
A15_65594,Streptophyta,False,,,,,,,,,,,,,
A15_104329,Basidiomycota,True,DG(15:2_18:2),DG(15:2_18:2)+H,DG,diacyl,M+H,C,1.0,silver,1.1036582191467477,0.1921493822076563,6.0,2.0,C36 H63 O5
A15_134795,Streptophyta,True,DGDG(17:1_18:3),DGDG(17:1_18:3)+NH4,DGDG,Digalactosyldiacylglycerol,M+NH4,A,0.7668960966903675,gold,1.4039595782180347,0.0565170624321371,2.0,4.0,C50 H90 N1 O15
A15_111572,Streptophyta,False,,,,,,,,,,,,,
A15_182012,Bacillota,False,,,,,,,,,,,,,
A15_183409,Bacillota,False,,,,,,,,,,,,,
A15_179011,Streptophyta,True,TG(11:0_18:3_18:3)+O:(s),TG(11:0_18:3_18:3)+NH4+O:(s),TG,triacyl,M+NH4,C,0.7709281655347474,bronze,0.0295526879193921,0.1357590000000001,1.0,2.0,C50 H88 N1 O7
A15_181358,Streptophyta,True,TG(11:0_18:3_18:3)+O:(s),TG(11:0_18:3_18:3)+NH4+O:(s),TG,triacyl,M+NH4,C,0.7709281655347474,bronze,0.1338912959231913,0.2277589999999989,1.0,2.0,C50 H88 N1 O7
A15_177583,Streptophyta,True,TG(11:0_18:3_18:3)+O:(s),TG(11:0_18:3_18:3)+NH4+O:(s),TG,triacyl,M+NH4,C,0.7709281655347474,bronze,0.0811082381265239,0.1069589999999998,1.0,2.0,C50 H88 N1 O7
A15_180335,Streptophyta,True,TG(11:0_18:3_18:3)+O:(s),TG(11:0_18:3_18:3)+NH4+O:(s),TG,triacyl,M+NH4,C,0.7709281655347474,bronze,0.4100816237349252,0.1753590000000002,1.0,2.0,C50 H88 N1 O7
A15_111637,Streptophyta,False,,,,,,,,,,,,,
A15_47196,Streptophyta,False,,,,,,,,,,,,,
A15_213324,Streptophyta,False,,,,,,,,,,,,,
A15_180050,Streptophyta,False,,,,,,,,,,,,,
A15_134277,Streptophyta,True,DG(18:2_18:4),DG(18:2_18:4)+H,DG,diacyl,M+H,A,0.888720262854266,gold,0.1636950484872664,0.0926519999999992,11.0,18.0,C39 H65 O5
A15_141948,Streptophyta,True,DG(P-15:2_19:2),DG(P-15:2_19:2)+H,DG,alkenyl-acyl,M+H,C,0.5976516631286873,silver,1.0219659732696889,0.0341914194383505,2.0,5.0,C37 H65 O4
A15_19874,Streptophyta,True,DG(36:8),DG(36:8)+H,DG,diacyl,M+H,C,0.538483501531495,bronze,0.4538267645242966,0.0686634824339589,1.0,2.0,C39 H61 O5
A15_17399,Streptophyta,True,TG(5:0_20:4),TG(5:0_20:4)+NH4,TG,triacyl,M+NH4,C,0.0966321995309366,bronze,2.7269339796379284,0.1720269999999999,1.0,1.0,C28 H48 N1 O6
A15_12512,Methanobacteriota,True,TG(25:1)+OO:(s),TG(25:1)+NH4+OO:(s),TG,triacyl,M+NH4,C,0.1166373071802628,silver,1.382149566222794,0.1138473566536686,9.0,2.0,C28 H54 N1 O8
A15_11014,Methanobacteriota,True,TG(25:1)+OO:(s),TG(25:1)+NH4+OO:(s),TG,triacyl,M+NH4,C,0.1166373071802628,silver,1.1492343224722912,0.0955473566536686,9.0,2.0,C28 H54 N1 O8
A15_116252,Streptophyta,True,PC(14:0_18:2),PC(14:0_18:2)+Na,PC,diacyl,M+Na,A,1.5279171228618535,silver,4.987673976075732,0.0213851524344566,1.0,4.0,C40 H76 N1 Na1 O8 P1
A15_80923,Basidiomycota,True,PG(P-5:0_21:2),PG(P-5:0_21:2)+NH4,PG,alkenyl-acyl,M+NH4,C,0.030119954718555,bronze,2.2984817663250543,0.1971870902141628,1.0,2.0,C32 H63 N1 O9 P1
A15_141756,Basidiomycota,True,DG(P-15:2_21:3),DG(P-15:2_21:3)+H,DG,alkenyl-acyl,M+H,C,0.5545933784066402,silver,1.388298701889899,0.0293685641931684,3.0,5.0,C39 H67 O4
A15_139856,Basidiomycota,True,DG(O-18:4_18:2),DG(O-18:4_18:2)+H,DG,alkyl-acyl,M+H,C,0.7343759668067085,silver,0.2445470006530712,0.2371549732126929,4.0,5.0,C39 H67 O4
A15_53054,Streptophyta,False,,,,,,,,,,,,,
A15_149106,Streptophyta,True,TG(5:0_16:0_16:2)+O:(s),TG(5:0_16:0_16:2)+NH4+O:(s),TG,triacyl,M+NH4,C,0.1396133376556937,bronze,1.4788079236735243,0.2044150000000009,1.0,1.0,C40 H76 N1 O7
A15_32296,Streptophyta,False,,,,,,,,,,,,,
A15_189545,Streptophyta,False,,,,,,,,,,,,,
A15_67331,Streptophyta,False,,,,,,,,,,,,,
A15_153885,Pseudomonadota,True,PEt(21:1_18:1),PEt(21:1_18:1)+Na,PEt,diacyl,M+Na,C,0.0227120965857003,bronze,2.8022762016697844,0.1559110000000014,1.0,1.0,C44 H83 Na1 O8 P1
A15_180334,Streptophyta,True,TG(7:0_16:1_18:2)+O:(s),TG(7:0_16:1_18:2)+NH4+O:(s),TG,triacyl,M+NH4,C,0.5964618343422211,bronze,0.258403359813271,0.0186789999999987,1.0,4.0,C44 H82 N1 O7
A15_26723,Streptophyta,False,,,,,,,,,,,,,
A15_147375,Streptophyta,True,PC(30:2),PC(30:2)+H,PC,diacyl,M+H,C,1.957517349460527,silver,0.7179847522222056,0.0490709999999996,8.0,9.0,C38 H73 N1 O8 P1
A15_154932,Streptophyta,True,TG(36:8_18:3),TG(36:8_18:3)+H,TG,triacyl,M+H,C,0.1251395654957179,bronze,0.3865425302996843,0.0056485468038154,1.0,2.0,C57 H89 O6
A15_158377,Ascomycota,True,Hex1Cer(d36:3),Hex1Cer(d36:3)+H,Hex1Cer,Ceramide monosaccharides,M+H,C,0.4414035500598079,silver,2.1952545727598505,0.0642526443132691,5.0,5.0,C42 H78 N1 O8
A15_90702,Streptophyta,True,TG(19:3_15:2)+O:(s),TG(19:3_15:2)+NH4+O:(s),TG,triacyl,M+NH4,C,0.1215167318710489,bronze,1.7207246002967704,0.2044332999999998,1.0,1.0,C37 H64 N1 O7
A15_189578,Actinomycetota,True,PC(O-36:4),PC(O-36:4)+H,PC,alkyl-acyl,M+H,C,2.673927997404957,silver,0.909636648066204,0.1160913705293289,7.0,5.0,C44 H83 N1 O7 P1
A15_156709,Streptophyta,False,,,,,,,,,,,,,
A15_168377,Streptophyta,False,,,,,,,,,,,,,
A15_223862,Streptophyta,False,,,,,,,,,,,,,
A15_78869,Streptophyta,False,,,,,,,,,,,,,
A15_13587,Streptophyta,False,,,,,,,,,,,,,
A15_19602,Streptophyta,False,,,,,,,,,,,,,
A15_173334,Streptophyta,True,TG(18:3_16:3_16:3)+O:(s),TG(18:3_16:3_16:3)+NH4+O:(s),TG,triacyl,M+NH4,B,0.6699852062235463,silver,0.7030100832461794,0.1499059999999978,1.0,1.0,C53 H88 N1 O7
A15_62746,Streptophyta,True,TG(18:3_18:3)+OO:(s),TG(18:3_18:3)+NH4+OO:(s),TG,triacyl,M+NH4,B,0.346000350140789,silver,0.3719035287678831,0.0522272966824637,1.0,3.0,C39 H66 N1 O8
A15_173261,Actinomycetota,True,DG(O-15:1_16:1),DG(O-15:1_16:1)+H,DG,alkyl-acyl,M+H,B,0.4793871064308335,gold,0.9184596523383676,0.2942758421683571,2.0,3.0,C34 H65 O4
A15_1324,Streptophyta,False,,,,,,,,,,,,,
A15_34098,Streptophyta,False,,,,,,,,,,,,,
A15_180628,Actinomycetota,False,,,,,,,,,,,,,
A15_74171,Streptophyta,False,,,,,,,,,,,,,
A15_222947,Streptophyta,False,,,,,,,,,,,,,
A15_109176,Streptophyta,False,,,,,,,,,,,,,
A15_110357,Streptophyta,False,,,,,,,,,,,,,
A15_50565,Streptophyta,False,,,,,,,,,,,,,
A15_178510,Bacillota,True,PE(P-17:1_18:2),PE(P-17:1_18:2)+H,PE,alkenyl-acyl,M+H,B,2.001423118665148,gold,4.549282618284311,0.1674149999999983,3.0,3.0,C40 H75 N1 O7 P1
A15_191858,Streptophyta,False,,,,,,,,,,,,,
A15_204272,Streptophyta,False,,,,,,,,,,,,,
A15_209544,Streptophyta,False,,,,,,,,,,,,,
A15_170485,Streptophyta,True,DG(P-17:3_18:1),DG(P-17:3_18:1)+NH4,DG,alkenyl-acyl,M+NH4,C,0.8511865645954807,silver,3.076996592905996,0.1724261098149142,4.0,2.0,C38 H70 N1 O4
A15_107690,Streptophyta,False,,,,,,,,,,,,,
A15_222150,Streptophyta,False,,,,,,,,,,,,,
A15_56447,Streptophyta,True,TG(20:4_18:2)+OO:(s),TG(20:4_18:2)+NH4+OO:(s),TG,triacyl,M+NH4,C,0.1413941886423587,bronze,1.4163072221543846,0.2154136999999991,1.0,1.0,C41 H70 N1 O8
A15_175543,Pseudomonadota,False,,,,,,,,,,,,,
A15_172728,Pseudomonadota,False,,,,,,,,,,,,,
A15_4061,Streptophyta,False,,,,,,,,,,,,,
A15_43447,Streptophyta,False,,,,,,,,,,,,,
A15_86287,Streptophyta,False,,,,,,,,,,,,,
A15_67791,Streptophyta,False,,,,,,,,,,,,,
A15_167494,Streptophyta,False,,,,,,,,,,,,,
A15_99374,Basidiomycota,False,,,,,,,,,,,,,
A15_120005,Basidiomycota,True,DG(15:1_18:2),DG(15:1_18:2)+Na,DG,diacyl,M+Na,C,0.1752115660823743,silver,1.2092250131201838,0.0518152884164297,2.0,4.0,C36 H64 Na1 O5
A15_79767,Streptophyta,True,PC(42:13),PC(42:13)+H,PC,diacyl,M+H,C,1.030187442096642,silver,0.4124560917844234,0.002400950000001,4.0,1.0,C50 H75 N1 O8 P1
A15_139143,Streptophyta,False,,,,,,,,,,,,,
A15_186292,Streptophyta,True,PG(26:0_20:2),PG(26:0_20:2)+H,PG,diacyl,M+H,C,0.2513998980120541,bronze,1.750503804547905,0.2271560000000008,1.0,1.0,C52 H100 O10 P1
A15_177933,Pseudomonadota,True,DG(O-13:0_19:0),DG(O-13:0_19:0)+Na,DG,alkyl-acyl,M+Na,C,0.394104931556238,bronze,0.557378295904972,0.0684328965239764,1.0,2.0,C35 H70 Na1 O4
A15_160440,Bacillota,True,PC(32:3),PC(32:3)+H,PC,diacyl,M+H,C,2.818877018395833,silver,0.5166561032449342,0.1807503126106873,13.0,10.0,C40 H75 N1 O8 P1
A15_94762,Streptophyta,True,TG(O-5:0_2:0_19:3),TG(O-5:0_2:0_19:3)+H,TG,alkyl-acyl,M+H,B,0.2069983055303836,silver,2.5991738117542185,0.0506245000000014,1.0,3.0,C29 H51 O5
A15_103960,Streptophyta,False,,,,,,,,,,,,,
A15_47193,Streptophyta,False,,,,,,,,,,,,,
A15_110127,Streptophyta,False,,,,,,,,,,,,,
A15_109183,Streptophyta,False,,,,,,,,,,,,,
A15_9159,Streptophyta,False,,,,,,,,,,,,,
A15_16616,Streptophyta,True,TG(5:0_20:4),TG(5:0_20:4)+NH4,TG,triacyl,M+NH4,C,0.0966321995309366,bronze,2.1261378324685767,0.0242269999999997,1.0,1.0,C28 H48 N1 O6
A15_203504,Streptophyta,True,PI(24:7_16:0),PI(24:7_16:0)+H,PI,diacyl,M+H,C,0.1041824739569069,silver,0.6457148537589228,0.0945077477787172,5.0,6.0,C49 H82 O13 P1
A15_124372,Streptophyta,True,DG(16:1_16:3),DG(16:1_16:3)+H,DG,diacyl,M+H,A,1.028451475042763,gold,1.8016336855667108,0.0812795270944111,2.0,2.0,C35 H61 O5
A15_167338,Streptophyta,True,PI(38:5),PI(38:5)+Na,PI,diacyl,M+Na,C,0.191921163482353,bronze,4.853779451845116,0.0964460000000002,1.0,1.0,C47 H81 Na1 O13 P1
A15_166750,Streptophyta,True,PI(38:5),PI(38:5)+Na,PI,diacyl,M+Na,C,0.191921163482353,bronze,4.79758237335895,0.0736460000000001,1.0,1.0,C47 H81 Na1 O13 P1
A15_139469,Streptophyta,True,DG(15:2_22:4),DG(15:2_22:4)+NH4,DG,diacyl,M+NH4,C,0.232693604153897,bronze,1.5229986131941855,0.2409349954802255,1.0,1.0,C40 H70 N1 O5
A15_88210,Streptophyta,False,,,,,,,,,,,,,
A15_117157,Streptophyta,True,DG(P-7:0_19:3),DG(P-7:0_19:3)+H,DG,alkenyl-acyl,M+H,B,0.3813713551832133,gold,2.5835413313315905,0.1968758167942113,5.0,4.0,C29 H51 O4
A15_118729,Streptophyta,True,PC(35:6),PC(35:6)+H,PC,diacyl,M+H,C,0.8536260852374675,silver,0.8061406760658414,0.290198389671362,2.0,5.0,C43 H75 N1 O8 P1
A15_61414,Streptophyta,True,DG(16:3_18:4),DG(16:3_18:4)+H,DG,diacyl,M+H,A,0.567844512903342,gold,2.595152950553594,0.0489105910510101,3.0,2.0,C37 H59 O5
A15_80974,Streptophyta,False,,,,,,,,,,,,,
A15_87385,Streptophyta,True,TG(37:6)+O:(s),TG(37:6)+NH4+O:(s),TG,triacyl,M+NH4,C,0.1783247422324234,bronze,1.061808461164189,0.0689726999999997,1.0,1.0,C40 H68 N1 O7
A15_18511,Streptophyta,True,TG(5:0_5:0_23:4)+OO:(s),TG(5:0_5:0_23:4)+NH4+OO:(s),TG,triacyl,M+NH4,C,0.0858331482267677,bronze,0.2427216702255635,0.1203902000000001,1.0,2.0,C36 H64 N1 O8
A15_178163,Pseudomonadota,False,,,,,,,,,,,,,
A15_176706,Pseudomonadota,False,,,,,,,,,,,,,
A15_156806,Streptophyta,False,,,,,,,,,,,,,
A15_144984,Streptophyta,False,,,,,,,,,,,,,
A15_82497,Streptophyta,True,DG(P-15:2_17:0),DG(P-15:2_17:0)+Na,DG,alkenyl-acyl,M+Na,C,0.2647626159906618,bronze,0.0305800025010614,0.0118246972951343,1.0,2.0,C35 H64 Na1 O4
A15_175104,Streptophyta,False,,,,,,,,,,,,,
A15_124179,Streptophyta,False,,,,,,,,,,,,,
A15_127984,Bacillota,False,,,,,,,,,,,,,
A15_49150,Streptophyta,False,,,,,,,,,,,,,
A15_138213,Streptophyta,False,,,,,,,,,,,,,
A15_162539,Streptophyta,True,DG(18:2_30:8),DG(18:2_30:8)+H,DG,diacyl,M+H,C,0.0516123682051703,bronze,1.3008729998034134,0.1222841599643285,1.0,1.0,C51 H81 O5
A15_36984,Ascomycota,True,WE(O-28:3),WE(O-28:3)+Na,WE,Wax monoesters,M+Na,C,0.3123395328154176,silver,0.5045885670044427,0.2403227499999998,2.0,2.0,C28 H50 Na1 O2
A15_34672,Ascomycota,True,WE(O-28:3),WE(O-28:3)+Na,WE,Wax monoesters,M+Na,C,0.160278355286849,bronze,1.8275972643018428,0.1069411999999996,1.0,1.0,C28 H50 Na1 O2
A15_74998,Streptophyta,False,,,,,,,,,,,,,
A15_51655,Streptophyta,False,,,,,,,,,,,,,
A15_47423,Streptophyta,False,,,,,,,,,,,,,
A15_147516,Streptophyta,True,MGDG(18:2_18:3),MGDG(18:2_18:3)+NH4,MGDG,Monogalactosyldiacylglycerol,M+NH4,A,0.9291915726282384,gold,1.7059194934669155,0.1550113135570523,16.0,9.0,C45 H80 N1 O10
A15_197532,Bacillota,False,,,,,,,,,,,,,
A15_187916,Bacillota,False,,,,,,,,,,,,,
A15_79537,Streptophyta,False,,,,,,,,,,,,,
A15_165160,Pseudomonadota,False,,,,,,,,,,,,,
A15_49372,Streptophyta,False,,,,,,,,,,,,,
A15_25740,Streptophyta,False,,,,,,,,,,,,,
A15_192314,Heterolobosea,False,,,,,,,,,,,,,
A15_207890,Streptophyta,True,TG(18:2_18:3_18:3)+O:(s),TG(18:2_18:3_18:3)+NH4+O:(s),TG,triacyl,M+NH4,A,2.030576988356096,gold,1.5964268470641478,0.2437919999999991,11.0,10.0,C57 H98 N1 O7
A15_72551,Streptophyta,True,TG(9:0_16:0)+O:(s),TG(9:0_16:0)+NH4+O:(s),TG,triacyl,M+NH4,B,0.9810964054331724,gold,1.23337841680439,0.1192827999999996,27.0,4.0,C28 H56 N1 O7
A15_220572,Streptophyta,True,CmE(20:5),CmE(20:5)+H,CmE,sterolEsters,M+H,A,0.4563624681185037,gold,1.5042127758824613,0.2517096057347672,3.0,1.0,C48 H77 O2
A15_79360,Bacillota,False,,,,,,,,,,,,,
A15_174094,Streptophyta,False,,,,,,,,,,,,,
A15_49234,Streptophyta,False,,,,,,,,,,,,,
A15_215297,Streptophyta,True,DG(O-15:1_24:0),DG(O-15:1_24:0)+NH4,DG,alkyl-acyl,M+NH4,C,0.1456729989452214,silver,1.19144372781379,0.1548835000000004,3.0,2.0,C42 H86 N1 O4
A15_104432,Streptophyta,False,,,,,,,,,,,,,
A15_98505,Streptophyta,True,DG(O-24:4),DG(O-24:4)+NH4,DG,alkyl-acyl,M+NH4,C,0.1338683715247301,bronze,0.7208289216913082,0.1506911107246971,1.0,1.0,C27 H50 N1 O4
A15_179951,Streptophyta,False,,,,,,,,,,,,,
A15_5952,Streptophyta,False,,,,,,,,,,,,,
A15_1927,Bacillota,False,,,,,,,,,,,,,
A15_112640,Streptophyta,False,,,,,,,,,,,,,
A15_104692,Streptophyta,True,TG(18:3_18:3),TG(18:3_18:3)+NH4,TG,triacyl,M+NH4,B,0.5357123615905284,gold,0.3235164400732496,0.2661063882352952,3.0,2.0,C39 H66 N1 O6
A15_88306,Streptophyta,True,PG(18:4_16:0),PG(18:4_16:0)+NH4,PG,diacyl,M+NH4,B,1.0065222247305354,gold,1.1267564043639398,0.0394052483894018,8.0,3.0,C40 H75 N1 O10 P1
A15_68378,Streptophyta,False,,,,,,,,,,,,,
A15_178537,Pseudomonadota,False,,,,,,,,,,,,,
A15_79809,Streptophyta,False,,,,,,,,,,,,,
A15_185442,Pseudomonadota,True,PC(34:4),PC(34:4)+H,PC,diacyl,M+H,C,1.87901113860453,silver,1.2498027381554122,0.1960994999999989,2.0,3.0,C42 H77 N1 O8 P1
A15_46128,Streptophyta,False,,,,,,,,,,,,,
A15_2069,Streptophyta,False,,,,,,,,,,,,,
A15_199913,Streptophyta,False,,,,,,,,,,,,,
A15_158681,Bacillota,True,PG(17:0_15:0),PG(17:0_15:0)+Na,PG,diacyl,M+Na,B,0.7306070388322736,gold,1.4528167211852097,0.017576871389652,2.0,3.0,C38 H75 Na1 O10 P1
A15_74348,Streptophyta,False,,,,,,,,,,,,,
A15_178752,Actinomycetota,True,MGDG(15:0_17:0),MGDG(15:0_17:0)+NH4,MGDG,Monogalactosyldiacylglycerol,M+NH4,A,1.3158727141623707,gold,1.455467980045883,0.2471924212994452,7.0,4.0,C41 H82 N1 O10
A15_35995,Streptophyta,False,,,,,,,,,,,,,
A15_14527,Streptophyta,False,,,,,,,,,,,,,
A15_131431,Actinomycetota,True,PE(18:2_15:0),PE(18:2_15:0)+H,PE,diacyl,M+H,B,0.9640310955183836,gold,0.1602337171074904,0.1433100000000013,2.0,8.0,C38 H73 N1 O8 P1
A15_100703,Streptophyta,True,TG(9:0_28:8),TG(9:0_28:8)+Na,TG,triacyl,M+Na,C,0.1668216991942237,bronze,0.6635178016975518,0.0352614344760411,1.0,4.0,C40 H60 Na1 O6
A15_74068,Streptophyta,True,PG(20:5_18:2),PG(20:5_18:2)+NH4,PG,diacyl,M+NH4,C,0.0134771046124592,bronze,0.1424344342364541,0.1095118999999993,1.0,1.0,C44 H77 N1 O10 P1
A15_111682,Bacillota,True,PG(13:0_14:0),PG(13:0_14:0)+H,PG,diacyl,M+H,A,0.3966935117171091,gold,2.048557716744263,0.0097614151913756,6.0,1.0,C33 H66 O10 P1
A15_212123,Streptophyta,False,,,,,,,,,,,,,
A15_175628,Streptophyta,True,Cer(d18:2_18:1),Cer(d18:2_18:1)+H,Cer,acylsphingosines,M+H,A,1.212415805898727,gold,1.5827842685306397,0.1953044513212454,7.0,5.0,C36 H68 N1 O3
A15_137833,Bacillota,True,WE(O-29:1),WE(O-29:1)+Na,WE,Wax monoesters,M+Na,C,0.2898221902913954,silver,0.9778110770820536,0.1851462842587103,6.0,1.0,C29 H56 Na1 O2
A15_179157,Pseudomonadota,True,DG(O-13:0_19:0),DG(O-13:0_19:0)+Na,DG,alkyl-acyl,M+Na,C,0.394104931556238,bronze,0.4136598361929957,0.1097328965239761,1.0,2.0,C35 H70 Na1 O4
A15_112664,Streptophyta,True,TG(9:0_28:4)+O:(s),TG(9:0_28:4)+NH4+O:(s),TG,triacyl,M+NH4,C,0.4497698035810226,bronze,1.086010973046977,0.1491100000000003,1.0,1.0,C40 H72 N1 O7
A15_95061,Streptophyta,True,PI(16:0_16:0),PI(16:0_16:0)+Na,PI,diacyl,M+Na,A,0.3948857233368525,gold,1.3998308058542217,0.041568001694916,3.0,6.0,C41 H79 Na1 O13 P1
A15_29096,Streptophyta,False,,,,,,,,,,,,,
A15_168767,Streptophyta,True,MGDG(16:0_18:2),MGDG(16:0_18:2)+Na,MGDG,Monogalactosyldiacylglycerol,M+Na,A,0.8133582621841349,gold,0.2834350434477798,0.0502562196841225,3.0,2.0,C43 H78 Na1 O10
A15_224884,Streptophyta,False,,,,,,,,,,,,,
A15_123726,Streptophyta,False,,,,,,,,,,,,,
A15_92804,Streptophyta,True,TG(20:1_18:4)+OO:(s),TG(20:1_18:4)+NH4+OO:(s),TG,triacyl,M+NH4,C,0.4016480898936332,bronze,0.2435618313823878,0.0255302481923536,1.0,2.0,C41 H72 N1 O8
A15_195637,Streptophyta,True,PI(24:2_16:3),PI(24:2_16:3)+H,PI,diacyl,M+H,C,0.0180095796699515,bronze,0.3204219392937215,0.0235550000000017,1.0,2.0,C49 H86 O13 P1
A15_59807,Streptophyta,False,,,,,,,,,,,,,
A15_187864,Basidiomycota,True,PC(39:2),PC(39:2)+H,PC,diacyl,M+H,C,0.8884204566125599,silver,2.321435568945841,0.0008620000000014,5.0,3.0,C47 H91 N1 O8 P1
A15_40156,Streptophyta,False,,,,,,,,,,,,,
A15_65584,Basidiomycota,True,PG(P-15:2_18:3),PG(P-15:2_18:3)+NH4,PG,alkenyl-acyl,M+NH4,C,0.0352907248805186,bronze,4.5346130055690885,0.0888638268142667,1.0,1.0,C39 H71 N1 O9 P1
A15_60071,Basidiomycota,True,PG(P-15:2_18:3),PG(P-15:2_18:3)+NH4,PG,alkenyl-acyl,M+NH4,C,0.0352907248805186,bronze,4.8777930432031065,0.1541361731857327,1.0,1.0,C39 H71 N1 O9 P1
A15_52385,Streptophyta,False,,,,,,,,,,,,,
A15_174086,Streptophyta,False,,,,,,,,,,,,,
A15_186054,Pseudomonadota,False,,,,,,,,,,,,,
A15_147617,Streptophyta,True,MGDG(16:0_18:3),MGDG(16:0_18:3)+NH4,MGDG,Monogalactosyldiacylglycerol,M+NH4,B,0.2554853548604792,gold,1.0758432176978403,0.0710009999999989,2.0,1.0,C43 H80 N1 O10
A15_134820,Pseudomonadota,False,,,,,,,,,,,,,
A15_54740,Streptophyta,False,,,,,,,,,,,,,
A15_76145,Streptophyta,False,,,,,,,,,,,,,
A15_148621,Streptophyta,False,,,,,,,,,,,,,
A15_86511,Streptophyta,False,,,,,,,,,,,,,
A15_174058,Streptophyta,True,TG(9:0_18:2_18:3)+O:(s),TG(9:0_18:2_18:3)+NH4+O:(s),TG,triacyl,M+NH4,C,1.1598890145505596,bronze,1.685907548255258,0.2192390000000017,1.0,1.0,C48 H86 N1 O7
A15_124171,Streptophyta,False,,,,,,,,,,,,,
A15_206800,Bacillota,False,,,,,,,,,,,,,
A15_21976,Streptophyta,False,,,,,,,,,,,,,
A15_222233,Streptophyta,False,,,,,,,,,,,,,
A15_191171,Streptophyta,True,DGDG(10:0_20:0),DGDG(10:0_20:0)+Na,DGDG,Digalactosyldiacylglycerol,M+Na,C,0.5172083713545,silver,0.8284825309383619,0.0291940000000003,5.0,3.0,C45 H84 Na1 O15
A15_205930,Streptophyta,False,,,,,,,,,,,,,
A15_86205,Streptophyta,False,,,,,,,,,,,,,
A15_166829,Streptophyta,False,,,,,,,,,,,,,
A15_222953,Streptophyta,False,,,,,,,,,,,,,
A15_154002,Bacillota,True,PA(16:0_18:2),PA(16:0_18:2)+NH4,PA,diacyl,M+NH4,A,2.196761713142601,gold,0.719354493873429,0.0563773110690366,10.0,11.0,C37 H73 N1 O8 P1
A15_48465,Streptophyta,False,,,,,,,,,,,,,
A15_209370,Streptophyta,False,,,,,,,,,,,,,
A15_121324,Streptophyta,False,,,,,,,,,,,,,
A15_133954,Bacillota,True,TG(20:4_20:5),TG(20:4_20:5)+NH4,TG,triacyl,M+NH4,B,0.5169678578577734,gold,0.3256171048229229,0.0756381616022103,2.0,1.0,C43 H68 N1 O6
A15_11823,Methanobacteriota,False,,,,,,,,,,,,,
A15_115785,Streptophyta,False,,,,,,,,,,,,,
A15_182036,Actinomycetota,True,TG(O-53:15),TG(O-53:15)+NH4,TG,alkyl-acyl,M+NH4,C,0.5139078356138618,bronze,1.3533595021190854,0.2275139999999993,1.0,1.0,C56 H84 N1 O5
A15_18238,Streptophyta,False,,,,,,,,,,,,,
A15_16724,Basidiomycota,False,,,,,,,,,,,,,
A15_17772,Basidiomycota,False,,,,,,,,,,,,,
A15_2507,Streptophyta,False,,,,,,,,,,,,,
A15_62140,Streptophyta,False,,,,,,,,,,,,,
A15_40057,Basidiomycota,False,,,,,,,,,,,,,
A15_90781,Streptophyta,False,,,,,,,,,,,,,
A15_210316,Streptophyta,False,,,,,,,,,,,,,
A15_159703,Streptophyta,False,,,,,,,,,,,,,
A15_100229,Streptophyta,False,,,,,,,,,,,,,
A15_63449,Streptophyta,False,,,,,,,,,,,,,
A15_197300,Streptophyta,False,,,,,,,,,,,,,
A15_49259,Methanobacteriota,False,,,,,,,,,,,,,
A15_5730,Streptophyta,False,,,,,,,,,,,,,
A15_167890,Streptophyta,True,DG(P-17:3_18:1),DG(P-17:3_18:1)+NH4,DG,alkenyl-acyl,M+NH4,C,0.5072328831070423,bronze,2.5638823546804272,0.2715496942577928,1.0,1.0,C38 H70 N1 O4
A15_156710,Streptophyta,False,,,,,,,,,,,,,
A15_139187,Streptophyta,False,,,,,,,,,,,,,
A15_140377,Streptophyta,False,,,,,,,,,,,,,
A15_48899,Streptophyta,False,,,,,,,,,,,,,
A15_124086,Streptophyta,False,,,,,,,,,,,,,
A15_131094,Bacillota,True,PG(16:0_15:0),PG(16:0_15:0)+NH4,PG,diacyl,M+NH4,B,0.816028223749105,gold,2.2245481224993133,0.2949629999999992,12.0,5.0,C37 H77 N1 O10 P1
A15_151213,Streptophyta,False,,,,,,,,,,,,,
A15_177149,Streptophyta,False,,,,,,,,,,,,,
A15_10186,Streptophyta,False,,,,,,,,,,,,,
A15_203129,Streptophyta,True,PI(23:4_16:0),PI(23:4_16:0)+H,PI,diacyl,M+H,C,0.0481257389466613,bronze,2.7669648988912523,0.0498277388059733,2.0,3.0,C48 H86 O13 P1
A15_172141,Streptophyta,False,,,,,,,,,,,,,
A15_3173,Bacillota,True,MG(O-13:1),MG(O-13:1)+NH4,MG,monoalkyl,M+NH4,C,0.0138548860378862,bronze,1.1003748862227891,0.0801843000000002,1.0,1.0,C16 H36 N1 O3
A15_7698,Bacillota,True,MG(O-13:1),MG(O-13:1)+NH4,MG,monoalkyl,M+NH4,C,0.0138548860378862,bronze,1.0969298037281123,0.0026156999999999,1.0,1.0,C16 H36 N1 O3
A15_12258,Bacillota,True,MG(O-13:1),MG(O-13:1)+NH4,MG,monoalkyl,M+NH4,C,0.0138548860378862,bronze,1.2140625956222102,0.0847156999999998,1.0,1.0,C16 H36 N1 O3
A15_11045,Bacillota,True,MG(O-13:1),MG(O-13:1)+NH4,MG,monoalkyl,M+NH4,C,0.0138548860378862,bronze,1.134825710059841,0.0593156999999999,1.0,1.0,C16 H36 N1 O3
A15_75742,Streptophyta,False,,,,,,,,,,,,,
A15_88024,Streptophyta,False,,,,,,,,,,,,,
A15_124187,Streptophyta,False,,,,,,,,,,,,,
A15_176904,Streptophyta,True,Hex1Cer(d18:2_20:0)+O:(s),Hex1Cer(d18:2_20:0)+H+O:(s),Hex1Cer,Ceramide monosaccharides,M+H,B,0.6286898446301507,gold,0.8538375505422827,0.0360554077498598,6.0,4.0,C44 H84 N1 O9
A15_160654,Pseudomonadota,False,,,,,,,,,,,,,
A15_173570,Streptophyta,False,,,,,,,,,,,,,
A15_153876,Streptophyta,True,DG(16:0_19:2),DG(16:0_19:2)+NH4,DG,diacyl,M+NH4,C,0.2219022236610786,bronze,0.4374935236197039,0.1894259999999992,1.0,1.0,C38 H74 N1 O5
A15_155044,Streptophyta,True,DGDG(16:0_16:1),DGDG(16:0_16:1)+NH4,DGDG,Digalactosyldiacylglycerol,M+NH4,A,1.0482780400350724,gold,3.037605349588702,0.125058000000001,7.0,5.0,C47 H90 N1 O15
A15_204874,Actinomycetota,False,,,,,,,,,,,,,
A15_210196,Actinomycetota,True,TG(34:3_16:1)+OO:(s),TG(34:3_16:1)+Na+OO:(s),TG,triacyl,M+Na,C,0.0517089398575899,bronze,2.532917453973837,0.0475680000000018,1.0,1.0,C53 H94 Na1 O8
A15_104326,Streptophyta,False,,,,,,,,,,,,,
A15_127362,Streptophyta,True,MGDG(18:3_20:5),MGDG(18:3_20:5)+NH4,MGDG,Monogalactosyldiacylglycerol,M+NH4,A,0.5793133172067166,gold,3.5774281733993534,0.0231821328416579,10.0,4.0,C47 H78 N1 O10
A15_130638,Bacillota,True,PG(15:1_15:0),PG(15:1_15:0)+Na,PG,diacyl,M+Na,B,2.224924298096109,gold,1.3922676853015186,0.0415884484941635,7.0,3.0,C36 H69 Na1 O10 P1
A15_99815,Streptophyta,False,,,,,,,,,,,,,
A15_225624,Streptophyta,False,,,,,,,,,,,,,
A15_55789,Methanobacteriota,False,,,,,,,,,,,,,
A15_38906,Streptophyta,False,,,,,,,,,,,,,
A15_188704,Streptophyta,True,Cer(d18:2_18:1),Cer(d18:2_18:1)+H,Cer,acylsphingosines,M+H,A,0.7810204098605394,gold,0.2698669836452052,0.1056969999999992,2.0,4.0,C36 H68 N1 O3
A15_162108,Pseudomonadota,True,DG(O-13:1_19:0),DG(O-13:1_19:0)+Na,DG,alkyl-acyl,M+Na,C,0.216651982089337,bronze,0.8635528815960302,0.0845958285714285,1.0,1.0,C35 H68 Na1 O4
A15_163877,Pseudomonadota,True,DG(O-18:4_16:0),DG(O-18:4_16:0)+H,DG,alkyl-acyl,M+H,C,0.7203009980794515,silver,0.4888644714950695,0.2630840150743943,10.0,3.0,C37 H67 O4
A15_179829,Streptophyta,True,AcHexCmE(18:3),AcHexCmE(18:3)+NH4,AcHexCmE,acylHexSterolEsters,M+NH4,A,0.8786772645098204,silver,0.2017201482640777,0.0576739999999986,1.0,2.0,C52 H90 N1 O7
A15_184464,Streptophyta,True,AcHexCmE(18:3),AcHexCmE(18:3)+NH4,AcHexCmE,acylHexSterolEsters,M+NH4,A,0.8786772645098204,silver,0.2493011548505984,0.1608739999999997,1.0,2.0,C52 H90 N1 O7
A15_182525,Streptophyta,True,AcHexCmE(18:3),AcHexCmE(18:3)+NH4,AcHexCmE,acylHexSterolEsters,M+NH4,A,0.8786772645098204,silver,0.1018000197075738,0.1235740000000014,1.0,2.0,C52 H90 N1 O7
A15_59417,Streptophyta,True,TG(18:3_18:3)+OO:(s),TG(18:3_18:3)+NH4+OO:(s),TG,triacyl,M+NH4,B,0.346000350140789,silver,0.3866859890449327,0.229872703317536,1.0,1.0,C39 H66 N1 O8
A15_151585,Streptophyta,True,MGDG(18:2_20:4),MGDG(18:2_20:4)+NH4,MGDG,Monogalactosyldiacylglycerol,M+NH4,A,0.8550289768136548,gold,2.0069176857603943,0.214987918589097,7.0,8.0,C47 H82 N1 O10
A15_192394,Streptophyta,True,WE(O-19:0_17:1),WE(O-19:0_17:1)+Na,WE,Wax monoesters,M+Na,C,0.3158355207530832,silver,2.757741618550848,0.2036590031470773,2.0,4.0,C36 H70 Na1 O2
A15_158954,Streptophyta,False,,,,,,,,,,,,,
A15_22464,Streptophyta,False,,,,,,,,,,,,,
A15_58481,Streptophyta,False,,,,,,,,,,,,,
A15_62244,Streptophyta,False,,,,,,,,,,,,,
A15_59545,Streptophyta,False,,,,,,,,,,,,,
A15_162140,Streptophyta,True,PG(O-26:1_18:2),PG(O-26:1_18:2)+H,PG,alkyl-acyl,M+H,C,0.6735643354082748,silver,1.0163861113426709,0.1757360000000005,3.0,2.0,C50 H96 O9 P1
A15_15122,Streptophyta,True,TG(28:5_4:0)+OO:(s),TG(28:5_4:0)+NH4+OO:(s),TG,triacyl,M+NH4,C,0.0381877036095588,bronze,0.5394654448477613,0.1846773200565894,1.0,1.0,C35 H60 N1 O8
A15_181510,Streptophyta,True,WE(O-24:3_18:2),WE(O-24:3_18:2)+Na,WE,Wax monoesters,M+Na,C,0.1479700216416888,bronze,1.3857319924569578,0.1194039999999994,1.0,1.0,C42 H74 Na1 O2
A15_118025,Streptophyta,True,TG(P-15:2_16:3_3:0),TG(P-15:2_16:3_3:0)+NH4,TG,alkenyl-acyl,M+NH4,C,0.4233024875447606,bronze,0.6507500718699636,0.1939594313273325,1.0,1.0,C37 H64 N1 O5
A15_128274,Streptophyta,True,DG(P-18:4_16:0),DG(P-18:4_16:0)+H,DG,alkenyl-acyl,M+H,C,0.261391110077029,bronze,0.567868163824621,0.0915320000000008,1.0,1.0,C37 H65 O4
A15_61313,Streptophyta,True,CL(P-23:2_16:0),CL(P-23:2_16:0)+Na,CL,alkenylacyl-monoacyl,M+Na,C,0.2200314711118496,bronze,1.084169033873803,0.0717060267568605,1.0,1.0,C48 H90 Na1 O15 P2
A15_136932,Streptophyta,True,DG(P-18:4_16:0),DG(P-18:4_16:0)+H,DG,alkenyl-acyl,M+H,C,0.6885179807076023,silver,1.125054951563777,0.0640628708910711,7.0,5.0,C37 H65 O4
A15_11538,Methanobacteriota,False,,,,,,,,,,,,,
A15_185068,Streptophyta,True,TG(36:6_18:3)+OO:(s),TG(36:6_18:3)+NH4+OO:(s),TG,triacyl,M+NH4,B,0.2759964647990726,silver,0.1068724184557384,0.1700908466109396,1.0,4.0,C57 H96 N1 O8
A15_226688,Streptophyta,False,,,,,,,,,,,,,
A15_20200,Basidiomycota,True,LPE(16:1),LPE(16:1)+H,LPE,monoacyl,M+H,A,1.1238010105928726,gold,0.4142100367254343,0.0455597399105887,14.0,4.0,C21 H43 N1 O7 P1
A15_16456,Basidiomycota,True,LPE(16:1),LPE(16:1)+H,LPE,monoacyl,M+H,A,1.4822702502882628,gold,0.2980737481719206,0.1883475213687981,63.0,5.0,C21 H43 N1 O7 P1
A15_17538,Basidiomycota,True,LPE(16:1),LPE(16:1)+H,LPE,monoacyl,M+H,A,1.4822702502882628,gold,0.2671192629009868,0.2523475213687982,63.0,6.0,C21 H43 N1 O7 P1
A15_133508,Streptophyta,False,,,,,,,,,,,,,
A15_83666,Streptophyta,False,,,,,,,,,,,,,
A15_127305,Streptophyta,False,,,,,,,,,,,,,
A15_175105,Streptophyta,False,,,,,,,,,,,,,
A15_12785,Streptophyta,False,,,,,,,,,,,,,
A15_169794,Streptophyta,True,DGDG(16:0_16:0),DGDG(16:0_16:0)+NH4,DGDG,Digalactosyldiacylglycerol,M+NH4,A,0.8326853917055101,gold,2.2687349689100333,0.203012000000001,8.0,4.0,C47 H92 N1 O15
A15_4632,Streptophyta,False,,,,,,,,,,,,,
A15_103889,Streptophyta,True,MG(P-18:4),MG(P-18:4)+H,MG,monoalkenyl,M+H,C,0.4446982297813076,bronze,0.0640757697276327,0.1618601000000001,1.0,1.0,C21 H35 O3
A15_102712,Streptophyta,True,MG(P-18:4),MG(P-18:4)+H,MG,monoalkenyl,M+H,C,0.4446982297813076,bronze,0.0968863882162564,0.1851601000000009,1.0,1.0,C21 H35 O3
A15_127770,Streptophyta,False,,,,,,,,,,,,,
A15_1330,Streptophyta,False,,,,,,,,,,,,,
A15_218252,Streptophyta,True,WE(O-29:6_16:1),WE(O-29:6_16:1)+Na,WE,Wax monoesters,M+Na,C,0.1865583551534369,bronze,1.4584317575598302,0.1248010000000015,1.0,2.0,C45 H76 Na1 O2
A15_218439,Streptophyta,False,,,,,,,,,,,,,
A15_157036,Streptophyta,True,DG(16:0_18:3),DG(16:0_18:3)+NH4,DG,diacyl,M+NH4,A,1.1386716487030046,gold,1.336633600900614,0.0567630002310455,4.0,2.0,C37 H70 N1 O5
A15_157677,Streptophyta,False,,,,,,,,,,,,,
A15_83076,Streptophyta,False,,,,,,,,,,,,,
A15_134885,Streptophyta,True,DGDG(15:0_18:3),DGDG(15:0_18:3)+NH4,DGDG,Digalactosyldiacylglycerol,M+NH4,A,1.507126199449771,gold,2.9647002854460807,0.2855238415118446,8.0,3.0,C48 H88 N1 O15
A15_69098,Basidiomycota,True,PG(15:2_18:3),PG(15:2_18:3)+NH4,PG,diacyl,M+NH4,C,0.1057148472734971,bronze,2.682983864003556,0.0974056,1.0,4.0,C39 H71 N1 O10 P1
A15_67127,Basidiomycota,True,PG(15:2_18:3),PG(15:2_18:3)+NH4,PG,diacyl,M+NH4,C,0.1057148472734971,bronze,2.5768698560215464,0.0031943999999999,1.0,2.0,C39 H71 N1 O10 P1
A15_110528,Streptophyta,True,Hex1Cer(d16:2_20:1),Hex1Cer(d16:2_20:1)+H,Hex1Cer,Ceramide monosaccharides,M+H,C,0.0520935367612581,bronze,1.189080914365724,0.0709609999999987,1.0,1.0,C42 H78 N1 O8
A15_104527,Streptophyta,False,,,,,,,,,,,,,
A15_220938,Streptophyta,True,CmE(18:4),CmE(18:4)+H,CmE,sterolEsters,M+H,A,1.2462362599869987,gold,0.2172099081337743,0.0866033436968152,8.0,2.0,C46 H75 O2
A15_136622,Streptophyta,True,DG(16:0_18:3),DG(16:0_18:3)+NH4,DG,diacyl,M+NH4,A,1.0869933590203325,gold,0.1178266272699338,0.2551587513368982,7.0,2.0,C37 H70 N1 O5
A15_99063,Streptophyta,False,,,,,,,,,,,,,
A15_54627,Streptophyta,False,,,,,,,,,,,,,
A15_105450,Streptophyta,True,PI(18:2_18:2),PI(18:2_18:2)+H,PI,diacyl,M+H,A,0.5614995840423483,silver,4.754109562077828,0.1072690000000005,1.0,3.0,C45 H80 O13 P1
A15_51286,Basidiomycota,False,,,,,,,,,,,,,
A15_217337,Streptophyta,False,,,,,,,,,,,,,
A15_81301,Streptophyta,False,,,,,,,,,,,,,
A15_99466,Pseudomonadota,False,,,,,,,,,,,,,
A15_98252,Pseudomonadota,False,,,,,,,,,,,,,
A15_100999,Pseudomonadota,False,,,,,,,,,,,,,
A15_14872,Streptophyta,False,,,,,,,,,,,,,
A15_13613,Streptophyta,False,,,,,,,,,,,,,
A15_161784,Streptophyta,False,,,,,,,,,,,,,
A15_123722,Ascomycota,False,,,,,,,,,,,,,
A15_122260,Ascomycota,False,,,,,,,,,,,,,
A15_167745,Streptophyta,False,,,,,,,,,,,,,
A15_88408,Streptophyta,False,,,,,,,,,,,,,
A15_166295,Bacillota,False,,,,,,,,,,,,,
A15_111893,Streptophyta,False,,,,,,,,,,,,,
A15_225478,Streptophyta,False,,,,,,,,,,,,,
A15_179493,Streptophyta,False,,,,,,,,,,,,,
A15_81235,Streptophyta,True,PC(42:12),PC(42:12)+H,PC,diacyl,M+H,C,1.3163620202869866,bronze,3.161421594842214,0.1858319000000001,1.0,1.0,C50 H77 N1 O8 P1
A15_16608,Streptophyta,False,,,,,,,,,,,,,
A15_151392,Basidiomycota,True,Cer(d18:2_16:0),Cer(d18:2_16:0)+H-H2O,Cer,acylsphingosines,M+H-H2O,C,1.447089800533809,silver,0.7494909922523633,0.0065570000000008,6.0,4.0,C34 H64 N1 O2
A15_152540,Basidiomycota,True,Cer(d18:2_16:0),Cer(d18:2_16:0)+H-H2O,Cer,acylsphingosines,M+H-H2O,C,1.447089800533809,silver,0.818922970110504,0.0283569999999997,6.0,4.0,C34 H64 N1 O2
A15_82625,Ascomycota,True,WE(O-9:0_19:3),WE(O-9:0_19:3)+Na,WE,Wax monoesters,M+Na,C,0.1682880025871652,bronze,0.1392681036285092,0.0606883658469605,1.0,1.0,C28 H50 Na1 O2
A15_194469,Streptophyta,True,PI(22:5_18:3),PI(22:5_18:3)+H,PI,diacyl,M+H,C,0.0655213575224606,bronze,0.8330568978307029,0.1907840000000007,1.0,1.0,C49 H80 O13 P1
A15_121099,Streptophyta,False,,,,,,,,,,,,,
A15_8966,Streptophyta,False,,,,,,,,,,,,,
A15_169935,Streptophyta,True,DGDG(18:1_18:1),DGDG(18:1_18:1)+NH4,DGDG,Digalactosyldiacylglycerol,M+NH4,A,1.0776894311896017,gold,0.9747245575505276,0.1086170000000024,7.0,5.0,C51 H96 N1 O15
A15_171822,Streptophyta,False,,,,,,,,,,,,,
A15_221188,Streptophyta,True,DG(O-44:7),DG(O-44:7)+NH4,DG,alkyl-acyl,M+NH4,C,0.2373890237028224,bronze,0.0548870513139896,0.1908600000000007,1.0,1.0,C47 H84 N1 O4
A15_13032,Basidiomycota,True,PI(O-5:0_17:1),PI(O-5:0_17:1)+NH4,PI,alkyl-acyl,M+NH4,C,0.0321157358860084,bronze,1.7428484434546363,0.1643779639100313,1.0,1.0,C31 H63 N1 O12 P1
A15_169630,Pseudomonadota,False,,,,,,,,,,,,,
A15_99360,Streptophyta,False,,,,,,,,,,,,,
A15_176142,Streptophyta,False,,,,,,,,,,,,,
A15_167230,Ascomycota,False,,,,,,,,,,,,,
A15_126427,Streptophyta,False,,,,,,,,,,,,,
A15_60944,Streptophyta,False,,,,,,,,,,,,,
A15_106785,Streptophyta,True,Hex1Cer(d16:2_20:2),Hex1Cer(d16:2_20:2)+H,Hex1Cer,Ceramide monosaccharides,M+H,C,0.014164307772643,bronze,1.0881828188225011,0.1857941554928341,1.0,1.0,C42 H76 N1 O8
A15_144438,Streptophyta,False,,,,,,,,,,,,,
A15_68024,Mucoromycota,True,DG(8:0_18:2),DG(8:0_18:2)+Na,DG,diacyl,M+Na,C,0.1538906319459411,bronze,1.862400603790863,0.0809454,1.0,1.0,C29 H52 Na1 O5
A15_64984,Mucoromycota,True,DG(8:0_18:2),DG(8:0_18:2)+Na,DG,diacyl,M+Na,C,0.1538906319459411,bronze,1.2823122895098262,0.1218545999999998,1.0,1.0,C29 H52 Na1 O5
A15_70227,Mucoromycota,True,DG(8:0_18:2),DG(8:0_18:2)+Na,DG,diacyl,M+Na,C,0.1538906319459411,bronze,1.971663738301055,0.1147454000000003,1.0,1.0,C29 H52 Na1 O5
A15_214889,Streptophyta,False,,,,,,,,,,,,,
A15_41688,Streptophyta,False,,,,,,,,,,,,,
A15_30170,Streptophyta,False,,,,,,,,,,,,,
A15_45060,Streptophyta,False,,,,,,,,,,,,,
A15_125202,Streptophyta,False,,,,,,,,,,,,,
A15_128398,Ascomycota,False,,,,,,,,,,,,,
A15_173563,Streptophyta,True,TG(12:0_12:1_16:1)+O:(s),TG(12:0_12:1_16:1)+NH4+O:(s),TG,triacyl,M+NH4,A,0.9800246456596226,silver,1.8739339371151784,0.2446127731855014,1.0,3.0,C43 H82 N1 O7
A15_82528,Streptophyta,True,DG(O-27:5),DG(O-27:5)+H,DG,alkyl-acyl,M+H,C,0.4482307278133238,bronze,0.5449475698021427,0.2691782000000007,1.0,1.0,C30 H51 O4
A15_90283,Streptophyta,True,TG(3:0_15:2_16:2),TG(3:0_15:2_16:2)+H,TG,triacyl,M+H,B,0.4340779361413131,silver,2.604452430338052,0.1940191999999996,1.0,1.0,C37 H63 O6
A15_158297,Pseudomonadota,False,,,,,,,,,,,,,
A15_219155,Streptophyta,False,,,,,,,,,,,,,
A15_223848,Bacillota,False,,,,,,,,,,,,,
A15_96578,Streptophyta,True,PC(19:3_16:2),PC(19:3_16:2)+H,PC,diacyl,M+H,C,0.7374424401524057,bronze,4.008485454688988,0.0019086000000001,1.0,1.0,C43 H77 N1 O8 P1
A15_139813,Streptophyta,False,,,,,,,,,,,,,
A15_7140,Pseudomonadota,False,,,,,,,,,,,,,
A15_6003,Pseudomonadota,False,,,,,,,,,,,,,
A15_179469,Streptophyta,False,,,,,,,,,,,,,
A15_86975,Basidiomycota,False,,,,,,,,,,,,,
A15_112365,Streptophyta,True,Hex1Cer(d34:2)+2O:(s),Hex1Cer(d34:2)+H+2O:(s),Hex1Cer,Ceramide monosaccharides,M+H,C,0.3882942155690744,silver,1.8418486822255773,0.1509371748858452,3.0,3.0,C40 H76 N1 O10
A15_134275,Streptophyta,False,,,,,,,,,,,,,
A15_149031,Bacillota,False,,,,,,,,,,,,,
A15_92301,Streptophyta,True,PC(42:12),PC(42:12)+H,PC,diacyl,M+H,C,1.3081733535952562,silver,0.6717597113218892,0.0106834999999989,8.0,3.0,C50 H77 N1 O8 P1
A15_181009,Streptophyta,True,DG(O-17:3_18:1),DG(O-17:3_18:1)+NH4,DG,alkyl-acyl,M+NH4,C,0.3048520512718715,bronze,0.2312201071041798,0.0109376320840688,1.0,3.0,C38 H72 N1 O4
A15_218067,Streptophyta,True,TG(18:0_16:1_18:3)+O:(s),TG(18:0_16:1_18:3)+Na+O:(s),TG,triacyl,M+Na,C,0.3579427605376313,bronze,2.2640423847821447,0.0713140000000009,1.0,5.0,C55 H98 Na1 O7
A15_88852,Streptophyta,False,,,,,,,,,,,,,
A15_141769,Streptophyta,False,,,,,,,,,,,,,
A15_177913,Streptophyta,False,,,,,,,,,,,,,
A15_24955,Streptophyta,False,,,,,,,,,,,,,
A15_219295,Streptophyta,False,,,,,,,,,,,,,
A15_42340,Streptophyta,False,,,,,,,,,,,,,
A15_135191,Streptophyta,True,PG(33:1)+D7:(s),PG(33:1)+Na+D7:(s),PG,Dlabeled FA,M+Na,C,0.7479875157922143,silver,0.5848297752001017,0.179571499999998,2.0,2.0,C39 H68 D7 Na1 O10 P1
A15_87123,Streptophyta,True,TG(5:0_6:0_20:4),TG(5:0_6:0_20:4)+NH4,TG,triacyl,M+NH4,A,0.4261984597617884,silver,0.887317304638326,0.1549610000000001,1.0,1.0,C34 H60 N1 O6
A15_104405,Pseudomonadota,True,PG(15:0_18:3),PG(15:0_18:3)+NH4,PG,diacyl,M+NH4,C,0.2148463974322248,bronze,2.531810506674579,0.0612574404761918,1.0,3.0,C39 H75 N1 O10 P1
A15_106354,Pseudomonadota,True,TG(43:11)+O:(s),TG(43:11)+NH4+O:(s),TG,triacyl,M+NH4,C,0.0117447680283804,bronze,0.8820221560958614,0.0034379643374684,1.0,3.0,C46 H70 N1 O7
A15_177910,Streptophyta,True,DG(16:0_18:3),DG(16:0_18:3)+H,DG,diacyl,M+H,A,1.073348618597471,gold,1.3964097541349052,0.168537999999998,9.0,4.0,C37 H67 O5
A15_30235,Streptophyta,False,,,,,,,,,,,,,
A15_131616,Streptophyta,True,TG(21:0_16:3)+O:(s),TG(21:0_16:3)+NH4+O:(s),TG,triacyl,M+NH4,C,0.1126694487056369,bronze,1.4416551105551607,0.2858846661753631,1.0,1.0,C40 H74 N1 O7
A15_62878,Streptophyta,False,,,,,,,,,,,,,
A15_48971,Streptophyta,True,DG(36:8),DG(36:8)+H,DG,diacyl,M+H,C,0.4762447773503066,silver,0.5684043529049357,0.0011652723063333,4.0,3.0,C39 H61 O5
A15_129480,Streptophyta,True,DG(16:1_18:4),DG(16:1_18:4)+H,DG,diacyl,M+H,A,0.96284760300511,gold,1.1209729669975703,0.0779076453728446,6.0,6.0,C37 H63 O5
A15_53191,Streptophyta,False,,,,,,,,,,,,,
A15_223383,Streptophyta,False,,,,,,,,,,,,,
A15_97107,Streptophyta,False,,,,,,,,,,,,,
A15_162468,Pseudomonadota,False,,,,,,,,,,,,,
A15_106509,Streptophyta,True,TG(O-10:0_6:0_18:4),TG(O-10:0_6:0_18:4)+H,TG,alkyl-acyl,M+H,C,0.6024629128204114,silver,0.3020333227101194,0.0393699999999999,3.0,2.0,C37 H65 O5
A15_163648,Streptophyta,False,,,,,,,,,,,,,
A15_114145,Streptophyta,False,,,,,,,,,,,,,
A15_180193,Streptophyta,True,Cer(d18:2_20:1),Cer(d18:2_20:1)+H-H2O,Cer,acylsphingosines,M+H-H2O,C,1.030325614697687,silver,0.0468122048007885,0.0402974999999976,2.0,4.0,C38 H70 N1 O2
A15_173759,Streptophyta,True,ChE(11:0),ChE(11:0)+NH4,ChE,sterolEsters,M+NH4,A,0.1163408025880972,silver,0.884120198697495,0.0071266240629732,1.0,3.0,C38 H70 N1 O2
A15_167767,Streptophyta,True,DG(16:0_18:4),DG(16:0_18:4)+NH4,DG,diacyl,M+NH4,A,1.272699906216174,gold,0.3541724437721887,0.1195382783684984,4.0,6.0,C37 H68 N1 O5
A15_186413,Streptophyta,False,,,,,,,,,,,,,
A15_197118,Streptophyta,True,TG(O-17:2_27:5),TG(O-17:2_27:5)+NH4,TG,alkyl-acyl,M+NH4,C,0.1534370375992055,bronze,3.5395952987050063,0.2438408452380933,1.0,1.0,C47 H82 N1 O5
A15_89467,Streptophyta,False,,,,,,,,,,,,,
A15_207692,Bacillota,False,,,,,,,,,,,,,
A15_205689,Bacillota,False,,,,,,,,,,,,,
A15_19886,Streptophyta,False,,,,,,,,,,,,,
A15_97677,Streptophyta,True,PG(21:4_16:1),PG(21:4_16:1)+NH4,PG,diacyl,M+NH4,C,0.0347305257269394,bronze,2.6920846539714804,0.1351928274425287,1.0,1.0,C43 H79 N1 O10 P1
A15_205330,Streptophyta,True,TG(36:6_16:0)+OO:(s),TG(36:6_16:0)+NH4+OO:(s),TG,triacyl,M+NH4,B,0.5847482613880973,gold,1.377670859184684,0.2180289378261228,6.0,5.0,C55 H98 N1 O8
A15_1025,Streptophyta,False,,,,,,,,,,,,,
A15_184808,Streptophyta,True,TG(16:0_18:2_18:4)+OO:(s),TG(16:0_18:2_18:4)+NH4+OO:(s),TG,triacyl,M+NH4,B,0.1259831099105969,silver,0.2992296721759069,0.2291033750000011,1.0,2.0,C55 H98 N1 O8
A15_60674,Streptophyta,False,,,,,,,,,,,,,
A15_169652,Streptophyta,False,,,,,,,,,,,,,
A15_73939,Streptophyta,False,,,,,,,,,,,,,
A15_184511,Pseudomonadota,True,TG(21:1_4:0_16:1)+OO:(s),TG(21:1_4:0_16:1)+Na+OO:(s),TG,triacyl,M+Na,C,0.3065486675182651,bronze,0.813693750972411,0.0382759999999997,1.0,2.0,C44 H80 Na1 O8
A15_182600,Pseudomonadota,True,TG(37:2_4:0)+OO:(s),TG(37:2_4:0)+Na+OO:(s),TG,triacyl,M+Na,C,0.366313787320298,bronze,0.5413536076799398,0.0711716140350873,1.0,3.0,C44 H80 Na1 O8
A15_181484,Pseudomonadota,True,TG(37:2_4:0)+OO:(s),TG(37:2_4:0)+Na+OO:(s),TG,triacyl,M+Na,C,0.366313787320298,bronze,0.5755833975704799,0.0288716140350864,1.0,3.0,C44 H80 Na1 O8
A15_127285,Streptophyta,True,PG(16:1_18:3),PG(16:1_18:3)+H,PG,diacyl,M+H,A,0.2240461928343281,gold,0.3910750334724459,0.0860675379662492,5.0,5.0,C40 H72 O10 P1
A15_61975,Streptophyta,False,,,,,,,,,,,,,
A15_149301,Mucoromycota,False,,,,,,,,,,,,,
A15_75484,Streptophyta,True,TG(9:0_9:0_18:3)+OO:(s),TG(9:0_9:0_18:3)+NH4+OO:(s),TG,triacyl,M+NH4,B,0.2478979332884182,silver,1.0558664966987843,0.0903963600837549,1.0,1.0,C39 H72 N1 O8
A15_96621,Streptophyta,False,,,,,,,,,,,,,
A15_120473,Streptophyta,True,PG(17:0_16:0),PG(17:0_16:0)+NH4,PG,diacyl,M+NH4,C,0.2499030091332058,bronze,0.1371915951009574,0.1352609506698314,1.0,1.0,C39 H81 N1 O10 P1
A15_155053,Streptophyta,True,DG(P-18:4_16:0),DG(P-18:4_16:0)+H,DG,alkenyl-acyl,M+H,C,1.231335795913744,silver,0.6232454852468093,0.1064025056401813,10.0,4.0,C37 H65 O4
A15_35055,Streptophyta,False,,,,,,,,,,,,,
A15_117771,Streptophyta,True,TG(13:1_8:0_16:3)+O:(s),TG(13:1_8:0_16:3)+NH4+O:(s),TG,triacyl,M+NH4,C,0.2024441756036684,bronze,0.5655807139609431,0.2788688489855051,1.0,1.0,C40 H72 N1 O7
A15_129079,Streptophyta,False,,,,,,,,,,,,,
A15_55078,Streptophyta,False,,,,,,,,,,,,,
A15_206185,Streptophyta,False,,,,,,,,,,,,,
A15_69401,Streptophyta,False,,,,,,,,,,,,,
A15_103592,Bacillota,True,DG(P-11:0_19:4),DG(P-11:0_19:4)+Na,DG,alkenyl-acyl,M+Na,C,0.6554042351223293,silver,2.555217522640778,0.0068001649792144,7.0,3.0,C33 H56 Na1 O4
A15_176986,Streptophyta,False,,,,,,,,,,,,,
A15_155222,Bacillota,True,PE(16:1_15:0),PE(16:1_15:0)+H,PE,diacyl,M+H,B,2.6394110160192925,gold,0.7161202425222742,0.1503388175104252,18.0,11.0,C36 H71 N1 O8 P1
A15_86109,Streptophyta,False,,,,,,,,,,,,,
A15_197840,Streptophyta,True,WE(O-18:0_18:0),WE(O-18:0_18:0)+Na,WE,Wax monoesters,M+Na,C,0.3291516174208627,bronze,0.4000765667833588,0.0699280002255768,1.0,1.0,C36 H72 Na1 O2
A15_132761,Streptophyta,False,,,,,,,,,,,,,
A15_222035,Streptophyta,False,,,,,,,,,,,,,
A15_174764,Streptophyta,False,,,,,,,,,,,,,
A15_208257,Streptophyta,True,TG(O-37:1_2:0),TG(O-37:1_2:0)+NH4,TG,alkyl-acyl,M+NH4,C,0.1734272389298636,bronze,2.422612663180385,0.1785347013759732,1.0,1.0,C42 H84 N1 O5
A15_198448,Streptophyta,True,TG(18:2_18:3_18:3)+O:(s),TG(18:2_18:3_18:3)+NH4+O:(s),TG,triacyl,M+NH4,A,1.0031448214721856,gold,0.0691333958022614,0.2357463582089529,9.0,8.0,C57 H98 N1 O7
A15_60090,Streptophyta,True,TG(20:4_18:2)+OO:(s),TG(20:4_18:2)+NH4+OO:(s),TG,triacyl,M+NH4,C,0.1413941886423587,bronze,1.6405772099615523,0.0257863000000009,1.0,1.0,C41 H70 N1 O8
A15_144437,Streptophyta,True,DG(18:2_18:3),DG(18:2_18:3)+H,DG,diacyl,M+H,A,1.5752848005167317,gold,0.4240452377198587,0.0934232588314429,15.0,12.0,C39 H67 O5
A15_11304,Streptophyta,False,,,,,,,,,,,,,
A15_114876,Basidiomycota,True,DG(16:0_24:6),DG(16:0_24:6)+H,DG,diacyl,M+H,C,0.1181327974107435,silver,1.6391881185060948,0.0687740000000012,3.0,1.0,C43 H73 O5
A15_165191,Streptophyta,True,PC(35:2),PC(35:2)+H,PC,diacyl,M+H,C,2.241856434519158,silver,3.1346793149213013,0.1549340498929385,17.0,6.0,C43 H83 N1 O8 P1
A15_218877,Streptophyta,False,,,,,,,,,,,,,
A15_89156,Streptophyta,False,,,,,,,,,,,,,
A15_105034,Bacillota,False,,,,,,,,,,,,,
A15_76863,Streptophyta,True,TG(2:0_15:2_18:2)+OO:(s),TG(2:0_15:2_18:2)+NH4+OO:(s),TG,triacyl,M+NH4,C,0.2854397839286297,bronze,0.4661283090954858,0.2225359000000004,1.0,1.0,C38 H68 N1 O8
A15_56161,Basidiomycota,False,,,,,,,,,,,,,
A15_15868,Streptophyta,True,TG(22:6_16:3)+O:(s),TG(22:6_16:3)+H+O:(s),TG,triacyl,M+H,C,0.0951749897188777,bronze,0.6236630683438538,0.0723370684457371,1.0,1.0,C41 H61 O7
A15_103840,Streptophyta,False,,,,,,,,,,,,,
A15_131575,Streptophyta,True,DG(18:2_18:4),DG(18:2_18:4)+H,DG,diacyl,M+H,A,1.0097365371156328,gold,0.4366337894099746,0.157216,10.0,20.0,C39 H65 O5
A15_1353,Streptophyta,False,,,,,,,,,,,,,
A15_88019,Streptophyta,False,,,,,,,,,,,,,
A15_196586,Bacillota,False,,,,,,,,,,,,,
A15_195274,Bacillota,False,,,,,,,,,,,,,
A15_41324,Ascomycota,True,LPC(P-18:1),LPC(P-18:1)+H,LPC,monoalkenyl,M+H,C,3.060864216134921,silver,0.3356393241021811,0.0640240999999992,11.0,3.0,C26 H53 N1 O6 P1
A15_52289,Basidiomycota,True,DG(25:5),DG(25:5)+H,DG,diacyl,M+H,C,0.1655255524314189,bronze,1.817351908970108,0.2351398964801205,1.0,2.0,C28 H45 O5
A15_82909,Streptophyta,False,,,,,,,,,,,,,
A15_99756,Streptophyta,False,,,,,,,,,,,,,
A15_218168,Streptophyta,False,,,,,,,,,,,,,
A15_57188,Streptophyta,False,,,,,,,,,,,,,
A15_13944,Ascomycota,False,,,,,,,,,,,,,
A15_130339,Streptophyta,True,DG(O-18:4_16:2),DG(O-18:4_16:2)+H,DG,alkyl-acyl,M+H,C,0.3408052605941724,bronze,0.1992036518678148,9.14067052981693e-06,1.0,2.0,C37 H63 O4
A15_167233,Pseudomonadota,True,PE(20:5_16:0),PE(20:5_16:0)+H,PE,diacyl,M+H,B,2.051509663811827,gold,3.515454982085183,0.0767028911925251,2.0,5.0,C41 H73 N1 O8 P1
A15_180210,Streptophyta,False,,,,,,,,,,,,,
A15_49844,Streptophyta,True,PS(23:0_6:0),PS(23:0_6:0)+H,PS,diacyl,M+H,C,0.2164575729556901,bronze,2.381957771010258,0.0149257,1.0,1.0,C35 H69 N1 O10 P1
A15_183835,Bacillota,True,TG(2:0_15:0_15:0),TG(2:0_15:0_15:0)+NH4,TG,triacyl,M+NH4,A,0.9534722368429912,gold,1.5551035072285089,0.2542752546469415,10.0,13.0,C35 H70 N1 O6
A15_209959,Streptophyta,False,,,,,,,,,,,,,
A15_164236,Pseudomonadota,True,PE(20:5_16:0),PE(20:5_16:0)+H,PE,diacyl,M+H,B,1.8392619591321115,gold,3.922525174594435,0.1228071513696473,3.0,9.0,C41 H73 N1 O8 P1
A15_14219,Streptophyta,False,,,,,,,,,,,,,
A15_119087,Streptophyta,False,,,,,,,,,,,,,
A15_205501,Actinomycetota,False,,,,,,,,,,,,,
A15_141628,Streptophyta,True,DG(P-18:4_16:1),DG(P-18:4_16:1)+H,DG,alkenyl-acyl,M+H,C,0.6886250342778497,silver,0.9217591224880772,0.0093630000000004,3.0,3.0,C37 H63 O4
A15_105567,Streptophyta,False,,,,,,,,,,,,,
A15_144164,Streptophyta,True,DG(P-15:2_21:4),DG(P-15:2_21:4)+H,DG,alkenyl-acyl,M+H,C,0.2664533222804447,bronze,1.790021401088587,0.0892309999999998,1.0,1.0,C39 H65 O4
A15_81157,Streptophyta,True,PC(18:2_18:4),PC(18:2_18:4)+H,PC,diacyl,M+H,C,0.9256321754893544,bronze,2.855949009600619,0.2397811999999994,1.0,2.0,C44 H77 N1 O8 P1
A15_181838,Pseudomonadota,True,PE(20:5_18:0),PE(20:5_18:0)+H,PE,diacyl,M+H,B,1.7548220573872029,gold,3.7632724953478895,0.0010026552996755,6.0,7.0,C43 H77 N1 O8 P1
A15_183830,Pseudomonadota,True,PE(20:5_18:0),PE(20:5_18:0)+H,PE,diacyl,M+H,B,1.7548220573872029,gold,3.5232306597196428,0.0301026552996752,6.0,8.0,C43 H77 N1 O8 P1
A15_33495,Basidiomycota,False,,,,,,,,,,,,,
A15_138499,Streptophyta,False,,,,,,,,,,,,,
A15_118831,Streptophyta,True,PC(34:5),PC(34:5)+H,PC,diacyl,M+H,C,1.8288098545064675,silver,2.2821519902332983,0.1573488347813008,11.0,3.0,C42 H75 N1 O8 P1
A15_125618,Streptophyta,True,MGDG(15:0_17:2),MGDG(15:0_17:2)+Na,MGDG,Monogalactosyldiacylglycerol,M+Na,B,0.482847074407813,silver,1.5277153287940377,0.2125839999999996,1.0,1.0,C41 H74 Na1 O10
A15_170431,Streptophyta,False,,,,,,,,,,,,,
A15_80697,Streptophyta,False,,,,,,,,,,,,,
A15_114069,Streptophyta,True,TG(18:2_16:0)+OO:(s),TG(18:2_16:0)+NH4+OO:(s),TG,triacyl,M+NH4,B,0.8167317686011213,gold,1.1072905450352677,0.0377664463707532,11.0,1.0,C37 H70 N1 O8
A15_157667,Streptophyta,False,,,,,,,,,,,,,
A15_101281,Streptophyta,True,PG(18:2_18:2),PG(18:2_18:2)+NH4,PG,diacyl,M+NH4,A,0.4002078193436825,silver,1.389670940175706,0.0288245999999983,1.0,2.0,C42 H79 N1 O10 P1
A15_139501,Streptophyta,True,DG(18:3_20:4),DG(18:3_20:4)+H,DG,diacyl,M+H,A,0.8496020920698384,gold,0.3126846746088593,0.147882996453152,5.0,4.0,C41 H67 O5
A15_220092,Streptophyta,False,,,,,,,,,,,,,
A15_55095,Streptophyta,False,,,,,,,,,,,,,
A15_127976,Basidiomycota,True,DG(O-18:4_18:2),DG(O-18:4_18:2)+H,DG,alkyl-acyl,M+H,C,0.7361215699525799,silver,1.3492354302866336,0.2212969205915822,2.0,5.0,C39 H67 O4
A15_23364,Streptophyta,False,,,,,,,,,,,,,
A15_142592,Streptophyta,True,DG(P-15:2_21:4),DG(P-15:2_21:4)+H,DG,alkenyl-acyl,M+H,C,0.2664533222804447,bronze,1.309675511002831,0.1412689999999994,1.0,2.0,C39 H65 O4
A15_168549,Ascomycota,True,Cer(d18:2_19:2),Cer(d18:2_19:2)+H,Cer,acylsphingosines,M+H,C,0.1222116865762994,silver,0.300824910727663,0.071434,3.0,2.0,C37 H68 N1 O3
A15_221251,Streptophyta,True,DG(O-28:8_16:0),DG(O-28:8_16:0)+NH4,DG,alkyl-acyl,M+NH4,B,0.1999175931497533,silver,2.6419151888251893,0.0334029999999998,1.0,2.0,C47 H82 N1 O4
A15_125280,Streptophyta,True,DG(16:1_18:4),DG(16:1_18:4)+H,DG,diacyl,M+H,A,0.96284760300511,gold,0.6647763635139243,0.2866923546271547,6.0,8.0,C37 H63 O5
A15_175123,Streptophyta,False,,,,,,,,,,,,,
A15_178095,Streptophyta,True,DG(18:1_19:1),DG(18:1_19:1)+NH4,DG,diacyl,M+NH4,A,1.0329505804088304,gold,0.9273248380181756,0.1210799999999991,2.0,3.0,C40 H78 N1 O5
A15_183260,Bacillota,True,PC(33:3),PC(33:3)+H,PC,diacyl,M+H,C,2.1179041173820097,silver,1.835541145219864,0.0948100000000025,9.0,5.0,C41 H77 N1 O8 P1
A15_209592,Streptophyta,True,TG(36:9_27:6),TG(36:9_27:6)+NH4,TG,triacyl,M+NH4,C,0.0309720309013587,bronze,3.196995787226263,0.0813175393258447,1.0,1.0,C66 H102 N1 O6
A15_72537,Streptophyta,False,,,,,,,,,,,,,
A15_68727,Streptophyta,False,,,,,,,,,,,,,
A15_188731,Streptophyta,False,,,,,,,,,,,,,
A15_46388,Basidiomycota,False,,,,,,,,,,,,,
A15_48095,Basidiomycota,False,,,,,,,,,,,,,
A15_48953,Basidiomycota,False,,,,,,,,,,,,,
A15_89626,Streptophyta,True,DG(P-7:0_19:3),DG(P-7:0_19:3)+H,DG,alkenyl-acyl,M+H,B,0.3584024162026104,gold,3.0608796390377124,0.1551698452625576,2.0,3.0,C29 H51 O4
A15_209023,Discosea,True,PG(O-24:0_17:3),PG(O-24:0_17:3)+NH4,PG,alkyl-acyl,M+NH4,C,0.1397345768755852,bronze,3.568666987655829,0.006616000000001,1.0,1.0,C47 H93 N1 O9 P1
A15_167314,Streptophyta,True,PA(16:0_18:2),PA(16:0_18:2)+NH4,PA,diacyl,M+NH4,A,2.548966097287677,gold,0.5798396859965984,0.2149197658989319,20.0,18.0,C37 H73 N1 O8 P1
A15_156842,Streptophyta,False,,,,,,,,,,,,,
A15_60490,Streptophyta,False,,,,,,,,,,,,,
A15_25987,Methanobacteriota,False,,,,,,,,,,,,,
A15_27168,Methanobacteriota,False,,,,,,,,,,,,,
A15_97716,Streptophyta,True,TG(18:2_16:1)+O:(s),TG(18:2_16:1)+NH4+O:(s),TG,triacyl,M+NH4,C,0.2893710485721665,bronze,1.73709943183424,0.1566853778546697,1.0,1.0,C37 H68 N1 O7
A15_199969,Streptophyta,True,TG(18:2_18:3_18:3)+O:(s),TG(18:2_18:3_18:3)+NH4+O:(s),TG,triacyl,M+NH4,A,1.0031448214721856,gold,0.0442111974037385,0.2070463582089523,9.0,8.0,C57 H98 N1 O7
A15_58132,Streptophyta,True,TG(18:1_18:3)+OO:(s),TG(18:1_18:3)+NH4+OO:(s),TG,triacyl,M+NH4,C,0.2052804556980016,silver,1.057479028884819,0.183602797265701,2.0,2.0,C39 H70 N1 O8
A15_162102,Pseudomonadota,True,PS(16:0_20:4),PS(16:0_20:4)+H,PS,diacyl,M+H,A,0.4548113966247546,silver,1.5804658242515053,0.0712740000000007,1.0,3.0,C42 H75 N1 O10 P1
A15_177310,Actinomycetota,True,DG(O-15:1_18:2),DG(O-15:1_18:2)+H,DG,alkyl-acyl,M+H,C,0.4845728428162502,silver,2.061954700748787,0.1675789999999999,4.0,2.0,C36 H67 O4
A15_199094,Streptophyta,False,,,,,,,,,,,,,
A15_127143,Basidiomycota,False,,,,,,,,,,,,,
A15_94426,Streptophyta,True,TG(9:0_26:6)+O:(s),TG(9:0_26:6)+NH4+O:(s),TG,triacyl,M+NH4,B,0.2002797289807809,silver,4.187368089942499,0.1380879185454553,1.0,4.0,C38 H64 N1 O7
A15_45977,Basidiomycota,True,MG(O-25:8),MG(O-25:8)+H,MG,monoalkyl,M+H,C,0.2480776458729747,silver,0.1547810813940127,0.0078109276892242,8.0,1.0,C28 H43 O3
A15_31183,Streptophyta,True,MG(16:0),MG(16:0)+H,MG,monoacyl,M+H,B,0.2197154255109598,gold,1.869301311818694,0.0029518168647104,3.0,3.0,C19 H39 O4
A15_133981,Bacillota,True,DG(O-5:0_24:0),DG(O-5:0_24:0)+Na,DG,alkyl-acyl,M+Na,C,0.6078114549948089,silver,1.2982928556350184,0.011413000000001,3.0,2.0,C32 H64 Na1 O4
A15_75548,Streptophyta,False,,,,,,,,,,,,,
A15_181613,Streptophyta,True,Cer(d18:2_20:1),Cer(d18:2_20:1)+H-H2O,Cer,acylsphingosines,M+H-H2O,C,1.030325614697687,silver,0.5941911018469053,0.1924025000000035,2.0,4.0,C38 H70 N1 O2
A15_121135,Heterolobosea,True,LPC(O-30:4),LPC(O-30:4)+H,LPC,monoalkyl,M+H,C,0.0292878054187926,bronze,2.6436933439559063,0.0760730217054259,1.0,1.0,C38 H73 N1 O6 P1
A15_79581,Streptophyta,False,,,,,,,,,,,,,
A15_126404,Streptophyta,True,TG(16:2_25:4)+O:(s),TG(16:2_25:4)+NH4+O:(s),TG,triacyl,M+NH4,C,0.0199763801733462,bronze,0.6950886294409497,0.051228,1.0,1.0,C44 H76 N1 O7
A15_118067,Streptophyta,True,TG(18:2_18:1)+O:(s),TG(18:2_18:1)+NH4+O:(s),TG,triacyl,M+NH4,B,0.6248312294302746,gold,0.4449269027565682,0.1081039229032079,2.0,3.0,C39 H72 N1 O7
A15_79039,Streptophyta,False,,,,,,,,,,,,,
A15_10175,Streptophyta,False,,,,,,,,,,,,,
A15_68196,Streptophyta,True,DG(P-7:0_19:3),DG(P-7:0_19:3)+H,DG,alkenyl-acyl,M+H,B,0.2386396585758581,gold,0.8697917232899935,0.0782927500000001,2.0,5.0,C29 H51 O4
A15_199071,Streptophyta,True,DGDG(8:0_22:2),DGDG(8:0_22:2)+Na,DGDG,Digalactosyldiacylglycerol,M+Na,C,0.0887868079068915,bronze,2.821060487279102,0.0365247605961656,2.0,1.0,C45 H80 Na1 O15
A15_217349,Streptophyta,True,TG(16:1_18:3_18:4),TG(16:1_18:3_18:4)+NH4,TG,triacyl,M+NH4,B,0.5540838329296993,gold,2.6382773103276684,0.0937577083333351,4.0,12.0,C55 H94 N1 O6
A15_224553,Streptophyta,False,,,,,,,,,,,,,
A15_176953,Streptophyta,False,,,,,,,,,,,,,
A15_153508,Streptophyta,False,,,,,,,,,,,,,
A15_7281,Streptophyta,False,,,,,,,,,,,,,
A15_12358,Streptophyta,False,,,,,,,,,,,,,
A15_17789,Streptophyta,False,,,,,,,,,,,,,
A15_187833,Streptophyta,False,,,,,,,,,,,,,
A15_115402,Streptophyta,True,MG(O-26:6),MG(O-26:6)+H,MG,monoalkyl,M+H,C,0.3583766121468939,silver,0.2806712256232404,0.1459690381966272,7.0,1.0,C29 H49 O3
A15_42920,Streptophyta,False,,,,,,,,,,,,,
A15_195300,Streptophyta,False,,,,,,,,,,,,,
A15_17438,Methanobacteriota,False,,,,,,,,,,,,,
A15_86680,Streptophyta,False,,,,,,,,,,,,,
A15_53587,Streptophyta,False,,,,,,,,,,,,,
A15_139749,Streptophyta,True,TG(O-13:0_26:4_2:0),TG(O-13:0_26:4_2:0)+Na,TG,alkyl-acyl,M+Na,C,0.1208161831637194,bronze,0.6859704963824638,0.201785000000001,1.0,1.0,C44 H78 Na1 O5
A15_71001,Streptophyta,True,TG(9:0_16:0)+O:(s),TG(9:0_16:0)+NH4+O:(s),TG,triacyl,M+NH4,B,0.9810964054331724,gold,1.2121594489675134,0.1611827999999997,27.0,4.0,C28 H56 N1 O7
A15_167571,Streptophyta,True,TG(9:0_14:0_20:5)+O:(s),TG(9:0_14:0_20:5)+NH4+O:(s),TG,triacyl,M+NH4,B,0.5310170923092195,silver,1.8171756622355744,0.1062410800000002,1.0,1.0,C46 H82 N1 O7
A15_226290,Streptophyta,False,,,,,,,,,,,,,
A15_138234,Streptophyta,True,PG(16:1_18:2),PG(16:1_18:2)+NH4,PG,diacyl,M+NH4,A,1.45244591947451,gold,0.6689112043343898,0.2004068864306774,4.0,9.0,C40 H77 N1 O10 P1
A15_101464,Streptophyta,True,PG(18:3_16:0),PG(18:3_16:0)+NH4,PG,diacyl,M+NH4,B,1.025230882724328,gold,0.0934147020224217,0.0813445999999995,6.0,4.0,C40 H77 N1 O10 P1
A15_100823,Streptophyta,True,TG(P-18:3_21:6),TG(P-18:3_21:6)+Na,TG,alkenyl-acyl,M+Na,C,0.6003955567422516,silver,0.7303039047964455,0.0615829643941374,2.0,1.0,C42 H62 Na1 O5
A15_131527,Streptophyta,True,DG(16:2_18:3),DG(16:2_18:3)+H,DG,diacyl,M+H,A,0.4673556571583167,gold,1.6928929416942082,0.0615006912051239,2.0,7.0,C37 H63 O5
A15_201236,Streptophyta,True,TG(O-22:6_18:3_18:4),TG(O-22:6_18:3_18:4)+H,TG,alkyl-acyl,M+H,C,0.1824718525692405,bronze,1.753596654388571,0.194623274368233,1.0,1.0,C61 H95 O5
A15_160292,Streptophyta,True,PE(15:0_18:1),PE(15:0_18:1)+H,PE,diacyl,M+H,A,1.105538747441008,gold,0.2859353894414808,0.067309999999999,2.0,13.0,C38 H75 N1 O8 P1
A15_4743,Streptophyta,True,DG(18:2),DG(18:2)+NH4,DG,diacyl,M+NH4,C,0.1468564085821216,bronze,0.8256665131315531,0.0562953000000001,1.0,2.0,C21 H40 N1 O5
A15_137178,Streptophyta,False,,,,,,,,,,,,,
A15_15341,Streptophyta,False,,,,,,,,,,,,,
A15_4619,Streptophyta,False,,,,,,,,,,,,,
A15_190639,Streptophyta,False,,,,,,,,,,,,,
A15_145822,Streptophyta,False,,,,,,,,,,,,,
A15_52540,Streptophyta,True,MG(O-26:7),MG(O-26:7)+H,MG,monoalkyl,M+H,C,0.3608906410590764,bronze,0.1087274514878075,0.0214632000000003,1.0,1.0,C29 H47 O3
A15_73242,Streptophyta,False,,,,,,,,,,,,,
A15_69093,Streptophyta,False,,,,,,,,,,,,,
A15_130299,Streptophyta,False,,,,,,,,,,,,,
A15_47259,Streptophyta,False,,,,,,,,,,,,,
A15_122125,Streptophyta,False,,,,,,,,,,,,,
A15_76655,Basidiomycota,False,,,,,,,,,,,,,
A15_15101,Bacillota,False,,,,,,,,,,,,,
A15_129612,Streptophyta,False,,,,,,,,,,,,,
A15_122144,Streptophyta,True,PI(26:7_18:3),PI(26:7_18:3)+H,PI,diacyl,M+H,C,0.2795798690729484,silver,1.3434971144461216,0.2397468687433939,2.0,3.0,C53 H84 O13 P1
A15_148750,Streptophyta,True,PC(33:2),PC(33:2)+H,PC,diacyl,M+H,C,2.824171422149648,silver,2.5351226260671047,0.2638850000000001,27.0,13.0,C41 H79 N1 O8 P1
A15_85706,Streptophyta,True,DG(6:0_21:2),DG(6:0_21:2)+H,DG,diacyl,M+H,C,0.4828799019811088,silver,0.5356083433056038,0.1212437410959701,8.0,1.0,C30 H55 O5
A15_111954,Basidiomycota,False,,,,,,,,,,,,,
A15_87018,Streptophyta,True,DG(O-16:3_16:0),DG(O-16:3_16:0)+Na,DG,alkyl-acyl,M+Na,C,0.4668856832288997,bronze,0.2406495638301287,0.2012853000000003,1.0,2.0,C35 H64 Na1 O4
A15_182281,Streptophyta,True,TG(18:2_24:1),TG(18:2_24:1)+NH4,TG,triacyl,M+NH4,C,0.354012202067547,bronze,4.657850049298918,0.0136221657860922,1.0,1.0,C45 H84 N1 O6
A15_185086,Streptophyta,True,TG(18:2_24:1),TG(18:2_24:1)+NH4,TG,triacyl,M+NH4,C,0.354012202067547,bronze,4.5081131648921104,0.047677834213907,1.0,1.0,C45 H84 N1 O6
A15_9418,Streptophyta,False,,,,,,,,,,,,,
A15_209211,Streptophyta,False,,,,,,,,,,,,,
A15_204140,Streptophyta,False,,,,,,,,,,,,,
A15_192190,Streptophyta,False,,,,,,,,,,,,,
A15_111181,Streptophyta,False,,,,,,,,,,,,,
A15_201388,Streptophyta,False,,,,,,,,,,,,,
A15_210433,Streptophyta,False,,,,,,,,,,,,,
A15_77889,Streptophyta,True,DG(16:3_18:4),DG(16:3_18:4)+H,DG,diacyl,M+H,A,0.3399094103820676,silver,1.2484928271569151,0.1500158532934143,1.0,4.0,C37 H59 O5
A15_25708,Streptophyta,False,,,,,,,,,,,,,
A15_167435,Streptophyta,True,PC(35:2),PC(35:2)+H,PC,diacyl,M+H,C,2.241856434519158,silver,1.3497705767370471,0.0622340498929396,17.0,6.0,C43 H83 N1 O8 P1
A15_222455,Bacillota,False,,,,,,,,,,,,,
A15_171695,Streptophyta,False,,,,,,,,,,,,,
A15_12742,Streptophyta,False,,,,,,,,,,,,,
A15_117657,Streptophyta,False,,,,,,,,,,,,,
A15_124939,Streptophyta,False,,,,,,,,,,,,,
A15_33537,Bacillota,False,,,,,,,,,,,,,
A15_30163,Bacillota,False,,,,,,,,,,,,,
A15_102141,Streptophyta,False,,,,,,,,,,,,,
A15_149733,Basidiomycota,True,Cer(d18:2_16:0),Cer(d18:2_16:0)+H-H2O,Cer,acylsphingosines,M+H-H2O,C,1.447089800533809,silver,0.8266376336974406,0.0996430000000003,6.0,5.0,C34 H64 N1 O2
A15_106941,Streptophyta,True,DG(O-16:2_18:3),DG(O-16:2_18:3)+Na,DG,alkyl-acyl,M+Na,C,0.5160927080702892,silver,0.6242422726824332,0.2830930000000009,3.0,2.0,C37 H64 Na1 O4
A15_166192,Streptophyta,False,,,,,,,,,,,,,
A15_130131,Streptophyta,True,PI(26:7_18:2),PI(26:7_18:2)+H,PI,diacyl,M+H,C,0.6135400495288669,bronze,0.4809849072289847,0.1900874882532015,1.0,2.0,C53 H86 O13 P1
A15_9237,Streptophyta,False,,,,,,,,,,,,,
A15_113076,Streptophyta,True,TG(13:1_10:0_18:3)+OO:(s),TG(13:1_10:0_18:3)+NH4+OO:(s),TG,triacyl,M+NH4,C,0.0212782682081349,bronze,0.0755183452950876,0.0832189999999997,1.0,1.0,C44 H80 N1 O8
A15_129636,Streptophyta,True,PI(15:0_16:0),PI(15:0_16:0)+H,PI,diacyl,M+H,A,0.4098607503028429,silver,0.9176631953905868,0.2479872611088627,1.0,2.0,C40 H78 O13 P1
A15_90665,Streptophyta,False,,,,,,,,,,,,,
A15_159415,Streptophyta,True,DG(16:1_18:3),DG(16:1_18:3)+NH4,DG,diacyl,M+NH4,A,1.4757685649378631,gold,0.728025171246815,0.0665940000000002,10.0,4.0,C37 H68 N1 O5
A15_91110,Streptophyta,False,,,,,,,,,,,,,
A15_119223,Streptophyta,True,PE(16:2_18:3),PE(16:2_18:3)+H,PE,diacyl,M+H,B,0.6005904991683026,gold,1.6467244118812487,0.031278452186541,3.0,9.0,C39 H69 N1 O8 P1
A15_159701,Pseudomonadota,False,,,,,,,,,,,,,
A15_21731,Streptophyta,False,,,,,,,,,,,,,
A15_46534,Methanobacteriota,False,,,,,,,,,,,,,
A15_124784,Streptophyta,True,PEt(22:2_18:3),PEt(22:2_18:3)+K,PEt,diacyl,M+K,C,0.6855710727947089,silver,2.0478516806832148,0.0361779999999996,3.0,1.0,C45 H79 K1 O8 P1
A15_167031,Streptophyta,True,DGDG(18:0_18:3),DGDG(18:0_18:3)+NH4,DGDG,Digalactosyldiacylglycerol,M+NH4,A,1.3585402526775674,gold,0.195268799146558,0.2197245216591774,17.0,4.0,C51 H94 N1 O15
A15_207005,Streptophyta,True,PI(24:7_16:0),PI(24:7_16:0)+H,PI,diacyl,M+H,C,0.0773241610797969,bronze,0.3344397511215473,0.2568200000000011,2.0,4.0,C49 H82 O13 P1
A15_122407,Streptophyta,True,TG(18:2_16:0)+OO:(s),TG(18:2_16:0)+NH4+OO:(s),TG,triacyl,M+NH4,C,0.913851610892942,silver,1.844496003242453,0.0537645650950793,3.0,1.0,C37 H70 N1 O8
A15_56781,Streptophyta,True,PG(18:2_18:3),PG(18:2_18:3)+NH4,PG,diacyl,M+NH4,A,0.130865944942923,silver,1.5117487235736164,0.0370387082148493,1.0,3.0,C42 H77 N1 O10 P1
A15_110851,Streptophyta,False,,,,,,,,,,,,,
A15_69056,Streptophyta,False,,,,,,,,,,,,,
A15_137986,Bacillota,True,PE(16:1_14:0),PE(16:1_14:0)+H,PE,diacyl,M+H,B,2.187442968386151,gold,0.6173864733818786,0.1575825621495887,3.0,17.0,C35 H69 N1 O8 P1
A15_175269,Basidiomycota,True,DG(P-15:2_18:1),DG(P-15:2_18:1)+H,DG,alkenyl-acyl,M+H,B,0.6115968321023879,silver,1.765331433448138,0.2163658087371089,1.0,2.0,C36 H65 O4
A15_172530,Basidiomycota,True,DG(P-15:2_18:1),DG(P-15:2_18:1)+H,DG,alkenyl-acyl,M+H,B,0.2216740868211568,silver,0.701078942964709,0.0887766733592734,1.0,1.0,C36 H65 O4
A15_75098,Streptophyta,False,,,,,,,,,,,,,
A15_88960,Streptophyta,True,TG(37:6)+O:(s),TG(37:6)+NH4+O:(s),TG,triacyl,M+NH4,C,0.1783247422324234,bronze,1.442832437052178,0.0068273000000012,1.0,1.0,C40 H68 N1 O7
A15_182013,Bacillota,True,DG(O-17:2_17:3),DG(O-17:2_17:3)+H,DG,alkyl-acyl,M+H,C,0.1179147533638321,bronze,1.1456529593949618,0.0129337002908265,1.0,1.0,C37 H65 O4
A15_177586,Bacillota,True,DG(P-18:4_16:0),DG(P-18:4_16:0)+H,DG,alkenyl-acyl,M+H,C,0.6193698240957859,silver,0.406672383561574,0.2059171676127462,2.0,4.0,C37 H65 O4
A15_9665,Streptophyta,False,,,,,,,,,,,,,
A15_118544,Streptophyta,False,,,,,,,,,,,,,
A15_69025,Streptophyta,False,,,,,,,,,,,,,
A15_64985,Streptophyta,False,,,,,,,,,,,,,
A15_107679,Streptophyta,True,MGDG(16:2_16:3),MGDG(16:2_16:3)+NH4,MGDG,Monogalactosyldiacylglycerol,M+NH4,B,0.6935836974445871,gold,1.164330172296931,0.0175742039977304,3.0,4.0,C41 H72 N1 O10
A15_82224,Streptophyta,False,,,,,,,,,,,,,
A15_47524,Mucoromycota,True,LPC(O-18:3),LPC(O-18:3)+H,LPC,monoalkyl,M+H,C,0.3326744606441624,silver,1.305833827788048,0.0824694194209874,4.0,2.0,C26 H51 N1 O6 P1
A15_44809,Mucoromycota,True,LPC(O-18:3),LPC(O-18:3)+H,LPC,monoalkyl,M+H,C,0.3326744606441624,silver,0.9112618669222712,0.1457694194209873,4.0,3.0,C26 H51 N1 O6 P1
A15_113837,Streptophyta,False,,,,,,,,,,,,,
A15_95102,Streptophyta,False,,,,,,,,,,,,,
A15_143776,Pseudomonadota,True,TG(25:4_23:6),TG(25:4_23:6)+NH4,TG,triacyl,M+NH4,C,0.0137617619435661,bronze,2.4713724635390037,0.0850169999999987,1.0,1.0,C51 H82 N1 O6
A15_224121,Bacillota,False,,,,,,,,,,,,,
A15_79002,Streptophyta,False,,,,,,,,,,,,,
A15_77770,Streptophyta,False,,,,,,,,,,,,,
A15_210919,Streptophyta,False,,,,,,,,,,,,,
A15_91356,Streptophyta,True,TG(19:2_6:0_6:0)+O:(s),TG(19:2_6:0_6:0)+NH4+O:(s),TG,triacyl,M+NH4,B,0.2131164708370088,silver,3.348766134597497,0.026305017826619,1.0,2.0,C34 H64 N1 O7
A15_166286,Pseudomonadota,True,PS(36:2),PS(36:2)+H,PS,diacyl,M+H,C,1.4080730269796802,silver,0.1002700542286263,0.221248000000001,17.0,2.0,C42 H79 N1 O10 P1
A15_75756,Streptophyta,False,,,,,,,,,,,,,
A15_188616,Streptophyta,False,,,,,,,,,,,,,
A15_128423,Basidiomycota,True,PE(33:4),PE(33:4)+H,PE,diacyl,M+H,C,1.6345249770102197,silver,0.4748007525692867,0.1578907033372534,4.0,5.0,C38 H69 N1 O8 P1
A15_126660,Basidiomycota,True,PE(33:4),PE(33:4)+H,PE,diacyl,M+H,C,1.6345249770102197,silver,1.0012709236095072,0.0532907033372538,4.0,3.0,C38 H69 N1 O8 P1
A15_109133,Streptophyta,False,,,,,,,,,,,,,
A15_183779,Pseudomonadota,True,PC(34:2),PC(34:2)+H,PC,diacyl,M+H,C,3.1229219846034733,silver,0.1290419387144192,0.2304184206185873,47.0,8.0,C42 H81 N1 O8 P1
A15_66550,Streptophyta,False,,,,,,,,,,,,,
A15_55223,Streptophyta,True,MG(O-26:6),MG(O-26:6)+H,MG,monoalkyl,M+H,C,0.2774572057289479,silver,0.2498923756968095,0.034661999999999,5.0,1.0,C29 H49 O3
A15_180048,Discosea,False,,,,,,,,,,,,,
A15_177306,Discosea,False,,,,,,,,,,,,,
A15_178532,Discosea,False,,,,,,,,,,,,,
A15_157843,Streptophyta,False,,,,,,,,,,,,,
A15_179828,Streptophyta,True,DG(16:0_30:6),DG(16:0_30:6)+NH4,DG,diacyl,M+NH4,C,0.1239834386308504,bronze,2.692809911893314,0.1196149999999995,1.0,2.0,C49 H88 N1 O5
A15_35567,Streptophyta,True,DG(30:6),DG(30:6)+H,DG,diacyl,M+H,C,0.0484529469571788,bronze,1.566291537152274,0.1137378999999993,1.0,1.0,C33 H53 O5
A15_175576,Pseudomonadota,True,PS(38:4),PS(38:4)+H,PS,diacyl,M+H,C,0.2214372155843221,bronze,3.3196924549345828,0.070888,1.0,2.0,C44 H79 N1 O10 P1
A15_178233,Pseudomonadota,True,PS(38:4),PS(38:4)+H,PS,diacyl,M+H,C,0.2214372155843221,bronze,2.94556039069676,0.0009119999999995,1.0,2.0,C44 H79 N1 O10 P1
A15_114504,Streptophyta,False,,,,,,,,,,,,,
A15_98543,Streptophyta,False,,,,,,,,,,,,,
A15_59726,Streptophyta,True,DG(16:2_18:3),DG(16:2_18:3)+Na,DG,diacyl,M+Na,A,0.3064679141165141,silver,1.0724170752112234,0.2135151867298583,1.0,1.0,C37 H62 Na1 O5
A15_180315,Pseudomonadota,False,,,,,,,,,,,,,
A15_120895,Bacillota,True,WE(O-33:6),WE(O-33:6)+Na,WE,Wax monoesters,M+Na,C,0.4122304240016029,silver,2.422638103249255,0.1787585000000007,4.0,1.0,C33 H54 Na1 O2
A15_120692,Bacillota,False,,,,,,,,,,,,,
A15_151257,Pseudomonadota,False,,,,,,,,,,,,,
A15_153034,Pseudomonadota,False,,,,,,,,,,,,,
A15_154126,Pseudomonadota,False,,,,,,,,,,,,,
A15_98878,Streptophyta,False,,,,,,,,,,,,,
A15_164616,Bacillota,False,,,,,,,,,,,,,
A15_163538,Bacillota,False,,,,,,,,,,,,,
A15_169924,Streptophyta,False,,,,,,,,,,,,,
A15_129415,Streptophyta,False,,,,,,,,,,,,,
A15_147080,Streptophyta,False,,,,,,,,,,,,,
A15_58627,Ascomycota,True,DG(P-25:6),DG(P-25:6)+H,DG,alkenyl-acyl,M+H,C,0.5285447528481909,silver,0.8711498980089798,0.0213824936685069,12.0,2.0,C28 H43 O4
A15_203792,Bacillota,True,SM(d43:5),SM(d43:5)+H,SM,acyl,M+H,C,0.7396759200657039,silver,3.5947300054925666,0.0077837243761393,6.0,2.0,C48 H90 N2 O6 P1
A15_157174,Streptophyta,False,,,,,,,,,,,,,
A15_149487,Pseudomonadota,True,PE(32:1),PE(32:1)+H,PE,diacyl,M+H,C,0.6896644041186452,bronze,3.136756977697193,0.0090210000000006,1.0,3.0,C37 H73 N1 O8 P1
A15_147603,Pseudomonadota,True,PC(29:1),PC(29:1)+H,PC,diacyl,M+H,C,2.597850748989623,bronze,4.109297897063527,0.0322867488993079,1.0,3.0,C37 H73 N1 O8 P1
A15_7335,Streptophyta,False,,,,,,,,,,,,,
A15_210920,Streptophyta,False,,,,,,,,,,,,,
A15_58354,Ascomycota,False,,,,,,,,,,,,,
A15_7197,Streptophyta,False,,,,,,,,,,,,,
A15_106396,Streptophyta,False,,,,,,,,,,,,,
A15_71769,Streptophyta,True,CL(P-23:2_16:0),CL(P-23:2_16:0)+Na,CL,alkenylacyl-monoacyl,M+Na,C,0.059265555010241,bronze,1.150730945600728,0.1363885999999992,1.0,1.0,C48 H90 Na1 O15 P2
A15_178857,Pseudomonadota,True,PC(36:2),PC(36:2)+H,PC,diacyl,M+H,C,3.19722457733622,silver,0.0067444536916991,0.2710332501092942,55.0,8.0,C44 H85 N1 O8 P1
A15_177679,Pseudomonadota,True,PC(36:2),PC(36:2)+H,PC,diacyl,M+H,C,3.19722457733622,silver,0.3984978483099182,0.0587854950849511,42.0,5.0,C44 H85 N1 O8 P1
A15_103374,Streptophyta,False,,,,,,,,,,,,,
A15_61645,Streptophyta,True,MGDG(34:7),MGDG(34:7)+NH4,MGDG,Monogalactosyldiacylglycerol,M+NH4,C,0.1596504481047279,silver,0.0781670738108059,0.1713749499999997,2.0,3.0,C43 H72 N1 O10
A15_97418,Streptophyta,False,,,,,,,,,,,,,
A15_151539,Basidiomycota,False,,,,,,,,,,,,,
A15_110355,Streptophyta,False,,,,,,,,,,,,,
A15_129740,Streptophyta,True,MGDG(16:1_18:2),MGDG(16:1_18:2)+Na,MGDG,Monogalactosyldiacylglycerol,M+Na,A,0.3500443202938855,silver,0.7025717750438735,0.2460699999999995,1.0,1.0,C43 H76 Na1 O10
A15_224135,Streptophyta,False,,,,,,,,,,,,,
A15_50009,Streptophyta,True,PEt(O-15:0_13:0),PEt(O-15:0_13:0)+Na,PEt,alkyl-acyl,M+Na,C,0.037907964062358,bronze,3.8708241759232656,0.2092159000000002,1.0,1.0,C33 H67 Na1 O7 P1
A15_88916,Streptophyta,True,PG(P-18:4_19:1),PG(P-18:4_19:1)+NH4,PG,alkenyl-acyl,M+NH4,C,0.0175743347331854,bronze,2.545047780245736,0.1600213548494409,1.0,1.0,C43 H79 N1 O9 P1
A15_106388,Bacillota,False,,,,,,,,,,,,,
A15_135051,Streptophyta,False,,,,,,,,,,,,,
A15_130217,Streptophyta,True,DG(P-18:4_16:2),DG(P-18:4_16:2)+H,DG,alkenyl-acyl,M+H,C,0.8027214319414782,bronze,1.695130748903847,0.1489222749329997,1.0,2.0,C37 H61 O4
A15_179442,Streptophyta,False,,,,,,,,,,,,,
A15_109364,Streptophyta,True,MG(P-28:8),MG(P-28:8)+H,MG,monoalkenyl,M+H,C,0.294366177843697,silver,0.605536771663458,0.1240250000000013,3.0,1.0,C31 H47 O3
A15_78344,Streptophyta,True,TG(23:3_3:0_3:0),TG(23:3_3:0_3:0)+NH4,TG,triacyl,M+NH4,B,0.197119477616454,silver,1.555010907737461,0.0439144999999996,1.0,4.0,C32 H58 N1 O6
A15_63088,Streptophyta,False,,,,,,,,,,,,,
A15_175023,Streptophyta,False,,,,,,,,,,,,,
A15_111953,Bacillota,False,,,,,,,,,,,,,
A15_79126,Streptophyta,False,,,,,,,,,,,,,
A15_224960,Streptophyta,False,,,,,,,,,,,,,
A15_50789,Streptophyta,False,,,,,,,,,,,,,
A15_128479,Streptophyta,False,,,,,,,,,,,,,
A15_110685,Pseudomonadota,True,PG(O-18:3_13:1),PG(O-18:3_13:1)+NH4,PG,alkyl-acyl,M+NH4,C,0.0295931445913121,bronze,1.831971926970908,0.1916790000000006,1.0,1.0,C37 H71 N1 O9 P1
A15_156714,Streptophyta,True,PI(21:0_15:2),PI(21:0_15:2)+Na,PI,diacyl,M+Na,B,0.152054839576941,silver,4.153413857594661,0.0166767934444553,1.0,5.0,C45 H83 Na1 O13 P1
A15_53041,Streptophyta,False,,,,,,,,,,,,,
A15_180393,Pseudomonadota,True,TG(37:2_3:0)+OO:(s),TG(37:2_3:0)+Na+OO:(s),TG,triacyl,M+Na,C,0.8043913772719455,bronze,0.8067084207265666,0.1663710206529955,1.0,1.0,C43 H78 Na1 O8
A15_175517,Pseudomonadota,True,TG(36:2_4:0)+OO:(s),TG(36:2_4:0)+Na+OO:(s),TG,triacyl,M+Na,C,0.3247600975211659,bronze,3.768195237555582,0.111696000000002,1.0,1.0,C43 H78 Na1 O8
A15_177308,Pseudomonadota,True,TG(36:2_4:0)+OO:(s),TG(36:2_4:0)+Na+OO:(s),TG,triacyl,M+Na,C,0.3247600975211659,bronze,3.966705400487816,0.1588960000000021,1.0,1.0,C43 H78 Na1 O8
A15_178961,Pseudomonadota,True,TG(37:2_3:0)+OO:(s),TG(37:2_3:0)+Na+OO:(s),TG,triacyl,M+Na,C,0.8043913772719455,bronze,0.7530572594310073,0.1969710206529953,1.0,1.0,C43 H78 Na1 O8
A15_173577,Pseudomonadota,True,TG(36:2_4:0)+OO:(s),TG(36:2_4:0)+Na+OO:(s),TG,triacyl,M+Na,C,0.3247600975211659,bronze,4.043158659853759,0.0824960000000025,1.0,1.0,C43 H78 Na1 O8
A15_108044,Streptophyta,True,TG(O-6:0_7:0_18:3),TG(O-6:0_7:0_18:3)+NH4,TG,alkyl-acyl,M+NH4,B,0.5822282143584117,silver,0.0074582848371541,0.070452712514621,1.0,1.0,C34 H64 N1 O5
A15_157842,Streptophyta,False,,,,,,,,,,,,,
A15_150599,Streptophyta,False,,,,,,,,,,,,,
A15_155208,Streptophyta,True,MePC(34:5),MePC(34:5)+H,MePC,diacyl,M+H,C,1.464903814315808,silver,3.4851213545124256,0.2712179999999975,2.0,2.0,C43 H78 N1 O8 P1
A15_154222,Streptophyta,True,MePC(34:5),MePC(34:5)+H,MePC,diacyl,M+H,C,1.464903814315808,silver,3.3483201747327187,0.2848179999999978,2.0,2.0,C43 H78 N1 O8 P1
A15_62964,Streptophyta,False,,,,,,,,,,,,,
A15_102532,Bacillota,False,,,,,,,,,,,,,
A15_181482,Pseudomonadota,True,PC(34:2),PC(34:2)+H,PC,diacyl,M+H,C,3.15323197346294,silver,0.6247628485838095,0.0005979999999965,19.0,5.0,C42 H81 N1 O8 P1
A15_180458,Pseudomonadota,True,PC(34:2),PC(34:2)+H,PC,diacyl,M+H,C,3.15323197346294,silver,0.7236333096337512,0.0225979999999985,19.0,6.0,C42 H81 N1 O8 P1
A15_150567,Streptophyta,False,,,,,,,,,,,,,
A15_166442,Streptophyta,False,,,,,,,,,,,,,
A15_117758,Streptophyta,True,PA(18:3_18:3),PA(18:3_18:3)+NH4,PA,diacyl,M+NH4,A,0.9398521856468702,gold,2.130196780382415,0.1826350946920456,6.0,9.0,C39 H69 N1 O8 P1
A15_141596,Streptophyta,True,PE(18:1_18:2),PE(18:1_18:2)+H,PE,diacyl,M+H,A,0.8064834895029618,gold,1.9504416728718688,0.1621705215981208,3.0,15.0,C41 H77 N1 O8 P1
A15_224276,Streptophyta,False,,,,,,,,,,,,,
A15_84667,Streptophyta,False,,,,,,,,,,,,,
A15_44225,Streptophyta,False,,,,,,,,,,,,,
A15_149774,Bacillota,True,DG(O-43:13),DG(O-43:13)+NH4,DG,alkyl-acyl,M+NH4,C,0.400958825326247,silver,3.645179689328178,0.0322589999999998,2.0,1.0,C46 H70 N1 O4
A15_52490,Streptophyta,False,,,,,,,,,,,,,
A15_83387,Streptophyta,True,TG(18:2_18:3)+O:(s),TG(18:2_18:3)+NH4+O:(s),TG,triacyl,M+NH4,C,0.9784993727021096,silver,0.1558152030033121,0.2689847051832217,2.0,3.0,C39 H68 N1 O7
A15_138168,Streptophyta,True,DGDG(18:1_16:3),DGDG(18:1_16:3)+NH4,DGDG,Digalactosyldiacylglycerol,M+NH4,A,1.2683305534445597,gold,1.53937437472308,0.0823820000000008,3.0,7.0,C49 H88 N1 O15
A15_31877,Streptophyta,False,,,,,,,,,,,,,
A15_94319,Streptophyta,False,,,,,,,,,,,,,
A15_72800,Streptophyta,False,,,,,,,,,,,,,
A15_86092,Streptophyta,False,,,,,,,,,,,,,
A15_75714,Streptophyta,False,,,,,,,,,,,,,
A15_98660,Streptophyta,False,,,,,,,,,,,,,
A15_163958,Streptophyta,False,,,,,,,,,,,,,
A15_92170,Streptophyta,True,BisMePA(32:4),BisMePA(32:4)+NH4,BisMePA,diacyl,M+NH4,C,1.692750696420457,silver,2.729412976981467,0.1042303908730168,2.0,3.0,C37 H69 N1 O8 P1
A15_211783,Streptophyta,True,DGDG(8:0_23:0),DGDG(8:0_23:0)+Na,DGDG,Digalactosyldiacylglycerol,M+Na,C,0.0131751730223652,bronze,0.0527643927397954,0.1942389999999996,1.0,2.0,C46 H86 Na1 O15
A15_37672,Bacillota,False,,,,,,,,,,,,,
A15_162261,Streptophyta,True,DG(21:1_14:2),DG(21:1_14:2)+NH4,DG,diacyl,M+NH4,C,0.4100791823915647,bronze,1.1503580617747662,0.1704889999999999,1.0,1.0,C38 H72 N1 O5
A15_147181,Streptophyta,False,,,,,,,,,,,,,
A15_160131,Streptophyta,True,TG(18:4_8:0_16:1)+O:(s),TG(18:4_8:0_16:1)+NH4+O:(s),TG,triacyl,M+NH4,C,0.1713833871889306,bronze,1.0978094078701264,0.285597000000001,1.0,1.0,C45 H80 N1 O7
A15_118241,Streptophyta,True,PE(18:2_18:3),PE(18:2_18:3)+H,PE,diacyl,M+H,A,0.7651529555087482,gold,4.260661542261167,0.0951150759578531,3.0,6.0,C41 H73 N1 O8 P1
A15_132780,Streptophyta,False,,,,,,,,,,,,,
A15_8059,Basidiomycota,True,PC(18:1),PC(18:1)+H,PC,diacyl,M+H,C,2.5201114307086367,silver,0.1421862800292342,0.0417150103045163,9.0,2.0,C26 H51 N1 O8 P1
A15_92422,Streptophyta,True,PI(16:0_16:0),PI(16:0_16:0)+Na,PI,diacyl,M+Na,A,0.3948857233368525,gold,0.6199995720694963,0.0855319983050844,3.0,3.0,C41 H79 Na1 O13 P1
A15_16279,Streptophyta,True,TG(19:4_4:0_4:0),TG(19:4_4:0_4:0)+NH4,TG,triacyl,M+NH4,C,0.0510035618833506,bronze,1.767910813748608,0.1070255383102654,6.0,1.0,C30 H52 N1 O6
A15_142377,Streptophyta,True,DG(18:3_18:4),DG(18:3_18:4)+NH4,DG,diacyl,M+NH4,A,0.8030987431264274,gold,0.2553638358650515,0.1524860000000014,5.0,4.0,C39 H66 N1 O5
A15_146013,Bacillota,True,PG(16:0_18:3),PG(16:0_18:3)+NH4,PG,diacyl,M+NH4,A,1.4271939540291565,gold,0.2218846906915815,0.2313000000000009,7.0,9.0,C40 H77 N1 O10 P1
A15_173242,Streptophyta,False,,,,,,,,,,,,,
A15_11841,Streptophyta,False,,,,,,,,,,,,,
A15_162552,Streptophyta,True,TG(P-21:6_18:3_20:6),TG(P-21:6_18:3_20:6)+NH4,TG,alkenyl-acyl,M+NH4,C,0.174572677743145,bronze,4.220275987768121,0.0476930000000006,1.0,1.0,C62 H94 N1 O5
A15_225604,Pseudomonadota,False,,,,,,,,,,,,,
A15_159628,Heterolobosea,False,,,,,,,,,,,,,
A15_64339,Basidiomycota,True,PG(22:5_16:0),PG(22:5_16:0)+NH4,PG,diacyl,M+NH4,C,0.0478780758565315,bronze,0.310302864353592,0.0463687999999988,1.0,1.0,C44 H81 N1 O10 P1
A15_68047,Basidiomycota,True,PG(22:5_16:0),PG(22:5_16:0)+NH4,PG,diacyl,M+NH4,C,0.0478780758565315,bronze,0.5153218102554439,0.0153312000000003,1.0,1.0,C44 H81 N1 O10 P1
A15_82434,Streptophyta,True,PI(18:4_16:0),PI(18:4_16:0)+NH4,PI,diacyl,M+NH4,B,0.3841870194005602,gold,4.787193250729871,0.0938887020202017,2.0,3.0,C43 H79 N1 O13 P1
A15_27147,Streptophyta,False,,,,,,,,,,,,,
A15_141130,Streptophyta,True,DG(16:1_18:3),DG(16:1_18:3)+H,DG,diacyl,M+H,A,1.1741474123342657,gold,1.719352134129558,0.1358230000000002,10.0,12.0,C37 H65 O5
A15_69087,Ascomycota,False,,,,,,,,,,,,,
A15_72393,Ascomycota,False,,,,,,,,,,,,,
A15_214351,Streptophyta,False,,,,,,,,,,,,,
A15_106312,Streptophyta,True,TG(46:13),TG(46:13)+NH4,TG,triacyl,M+NH4,C,0.3239884501149019,bronze,0.7606878572299131,0.0356719417968545,1.0,1.0,C49 H72 N1 O6
A15_1625,Streptophyta,False,,,,,,,,,,,,,
A15_58870,Streptophyta,False,,,,,,,,,,,,,
A15_60663,Streptophyta,False,,,,,,,,,,,,,
A15_76425,Streptophyta,True,Hex1Cer(d16:0_15:2),Hex1Cer(d16:0_15:2)+Na,Hex1Cer,Ceramide monosaccharides,M+Na,C,0.0652541486437308,bronze,4.755914034164133,0.1108050986661686,1.0,2.0,C37 H69 N1 Na1 O8
A15_161710,Pseudomonadota,False,,,,,,,,,,,,,
A15_21861,Streptophyta,False,,,,,,,,,,,,,
A15_127564,Streptophyta,True,PA(16:3_18:1),PA(16:3_18:1)+NH4,PA,diacyl,M+NH4,B,0.8444004254910643,gold,0.278936582651313,0.2944320209888769,2.0,13.0,C37 H69 N1 O8 P1
A15_40777,Streptophyta,False,,,,,,,,,,,,,
A15_44121,Streptophyta,False,,,,,,,,,,,,,
A15_82886,Streptophyta,False,,,,,,,,,,,,,
A15_93273,Streptophyta,False,,,,,,,,,,,,,
A15_108422,Streptophyta,True,MG(P-28:8),MG(P-28:8)+H,MG,monoalkenyl,M+H,C,0.294366177843697,silver,0.2353658038210317,0.0921250000000011,3.0,1.0,C31 H47 O3
A15_138535,Streptophyta,False,,,,,,,,,,,,,
A15_4172,Streptophyta,False,,,,,,,,,,,,,
A15_170936,Streptophyta,False,,,,,,,,,,,,,
A15_73840,Basidiomycota,True,PG(15:2_18:3),PG(15:2_18:3)+NH4,PG,diacyl,M+NH4,C,0.0585524441437186,bronze,0.0807746776242503,0.0203218999999998,1.0,4.0,C39 H71 N1 O10 P1
A15_120501,Streptophyta,False,,,,,,,,,,,,,
A15_180174,Bacillota,True,DG(15:0_16:1),DG(15:0_16:1)+NH4,DG,diacyl,M+NH4,A,1.4685736768578184,gold,0.9065184573153806,0.0650933959489705,10.0,8.0,C34 H68 N1 O5
A15_160465,Streptophyta,False,,,,,,,,,,,,,
A15_127171,Streptophyta,True,TG(37:5),TG(37:5)+NH4,TG,triacyl,M+NH4,C,0.9468986425573896,silver,1.6223008689818592,0.0769789999999996,4.0,6.0,C40 H70 N1 O6
A15_7560,Streptophyta,False,,,,,,,,,,,,,
A15_1574,Streptophyta,False,,,,,,,,,,,,,
A15_79272,Streptophyta,True,MG(O-26:7),MG(O-26:7)+H,MG,monoalkyl,M+H,C,0.1116188394726643,bronze,0.1979764022340529,0.0158414965983499,1.0,1.0,C29 H47 O3
A15_101783,Streptophyta,True,PI(20:6_16:0),PI(20:6_16:0)+NH4,PI,diacyl,M+NH4,B,0.7905450971099557,gold,2.451520146992703,0.2782533535174512,4.0,3.0,C45 H79 N1 O13 P1
A15_206740,Streptophyta,True,MePC(39:10),MePC(39:10)+H,MePC,diacyl,M+H,C,0.1690451343819194,silver,0.0428383113476658,0.0880090000000031,2.0,1.0,C48 H78 N1 O8 P1
A15_172188,Pseudomonadota,True,PS(36:1),PS(36:1)+H,PS,diacyl,M+H,C,0.8525453286961007,silver,4.337860894243842,0.1157219999999981,4.0,1.0,C42 H81 N1 O10 P1
A15_202558,Bacillota,False,,,,,,,,,,,,,
A15_20503,Streptophyta,True,TG(P-7:0_18:3),TG(P-7:0_18:3)+NH4,TG,alkenyl-acyl,M+NH4,C,0.2782614441078236,bronze,1.6266834155584091,0.0889497999999999,1.0,2.0,C28 H50 N1 O5
A15_144421,Pseudomonadota,True,DG(P-15:2_18:1),DG(P-15:2_18:1)+H,DG,alkenyl-acyl,M+H,B,0.7161681685838445,gold,0.123177626690644,0.0898860000000016,3.0,6.0,C36 H65 O4
A15_90294,Streptophyta,True,TG(18:2_13:0),TG(18:2_13:0)+Na,TG,triacyl,M+Na,C,0.2742861077793033,bronze,2.243529249212588,0.2324646725964871,1.0,1.0,C34 H60 Na1 O6
A15_9614,Streptophyta,False,,,,,,,,,,,,,
A15_31010,Basidiomycota,False,,,,,,,,,,,,,
A15_73927,Basidiomycota,False,,,,,,,,,,,,,
A15_11813,Streptophyta,True,TG(17:3_4:0_4:0),TG(17:3_4:0_4:0)+NH4,TG,triacyl,M+NH4,C,0.8811485674414015,silver,1.2220477251230872,0.0771114283221852,11.0,3.0,C28 H50 N1 O6
A15_86447,Streptophyta,False,,,,,,,,,,,,,
A15_182905,Pseudomonadota,False,,,,,,,,,,,,,
A15_99126,Basidiomycota,False,,,,,,,,,,,,,
A15_94624,Basidiomycota,False,,,,,,,,,,,,,
A15_106074,Streptophyta,True,PC(P-40:12),PC(P-40:12)+H,PC,alkenyl-acyl,M+H,C,0.2884666717088735,silver,0.5558913962902252,0.2783047632608681,2.0,1.0,C48 H73 N1 O7 P1
A15_67219,Streptophyta,False,,,,,,,,,,,,,
A15_146650,Pseudomonadota,True,TG(25:4_23:6),TG(25:4_23:6)+NH4,TG,triacyl,M+NH4,C,0.0137617619435661,bronze,1.6858966935356956,0.2655830000000012,1.0,1.0,C51 H82 N1 O6
A15_156093,Basidiomycota,True,DG(O-18:4_18:1),DG(O-18:4_18:1)+H,DG,alkyl-acyl,M+H,C,0.663949256636162,silver,0.3280923605458824,0.0590538119917081,6.0,5.0,C39 H69 O4
A15_203846,Bacillota,False,,,,,,,,,,,,,
A15_207788,Bacillota,False,,,,,,,,,,,,,
A15_122797,Streptophyta,False,,,,,,,,,,,,,
A15_173374,Streptophyta,False,,,,,,,,,,,,,
A15_13832,Streptophyta,False,,,,,,,,,,,,,
A15_212471,Streptophyta,True,TG(18:2_16:0_18:3)+O:(s),TG(18:2_16:0_18:3)+NH4+O:(s),TG,triacyl,M+NH4,B,1.0800261498670745,gold,0.0637919291468355,0.279899000907065,2.0,9.0,C55 H100 N1 O7
A15_80193,Streptophyta,False,,,,,,,,,,,,,
A15_82629,Streptophyta,False,,,,,,,,,,,,,
A15_85844,Streptophyta,False,,,,,,,,,,,,,
A15_163631,Streptophyta,False,,,,,,,,,,,,,
A15_163917,Streptophyta,True,PC(15:0_18:1),PC(15:0_18:1)+H,PC,diacyl,M+H,C,1.6516057337567207,silver,2.9930233872500818,0.2176057619047622,3.0,2.0,C41 H81 N1 O8 P1
A15_72750,Streptophyta,False,,,,,,,,,,,,,
A15_168802,Streptophyta,True,DGDG(16:0_18:1),DGDG(16:0_18:1)+NH4,DGDG,Digalactosyldiacylglycerol,M+NH4,A,1.466508364831777,gold,1.909705396440175,0.0202337488751336,10.0,2.0,C49 H94 N1 O15
A15_106507,Streptophyta,False,,,,,,,,,,,,,
A15_451,Streptophyta,False,,,,,,,,,,,,,
A15_178656,Streptophyta,False,,,,,,,,,,,,,
A15_174339,Streptophyta,False,,,,,,,,,,,,,
A15_177359,Streptophyta,False,,,,,,,,,,,,,
A15_175566,Streptophyta,False,,,,,,,,,,,,,
A15_201464,Streptophyta,False,,,,,,,,,,,,,
A15_79115,Streptophyta,False,,,,,,,,,,,,,
A15_173067,Bacillota,True,PC(32:3),PC(32:3)+H,PC,diacyl,M+H,C,2.638400444701943,silver,1.3733459476334686,0.0598150000000003,9.0,7.0,C40 H75 N1 O8 P1
A15_13798,Methanobacteriota,True,MG(17:3),MG(17:3)+NH4,MG,monoacyl,M+NH4,C,0.2717959910632451,silver,1.8862413065587775,0.082219734218774,2.0,1.0,C20 H38 N1 O4
A15_124726,Pseudomonadota,False,,,,,,,,,,,,,
A15_154252,Basidiomycota,True,DG(O-18:4_18:1),DG(O-18:4_18:1)+H,DG,alkyl-acyl,M+H,C,0.663949256636162,silver,0.4428020168544855,0.2177538119917077,6.0,3.0,C39 H69 O4
A15_63312,Streptophyta,False,,,,,,,,,,,,,
A15_227962,Bacillota,True,DG(O-13:0_17:2),DG(O-13:0_17:2)+H,DG,alkyl-acyl,M+H,C,0.2932194731952731,silver,2.1962203835225167,0.2880928274066079,2.0,1.0,C33 H63 O4
A15_145592,Streptophyta,True,DG(O-18:4_16:0),DG(O-18:4_16:0)+H,DG,alkyl-acyl,M+H,C,0.7024113237644983,silver,0.595718610094518,0.2581655941377505,4.0,2.0,C37 H67 O4
A15_154470,Streptophyta,True,DG(O-18:4_16:0),DG(O-18:4_16:0)+H,DG,alkyl-acyl,M+H,C,0.5845068836762265,silver,0.4650436621470543,0.0567903520695853,4.0,3.0,C37 H67 O4
A15_183759,Streptophyta,True,PC(O-32:0),PC(O-32:0)+H,PC,alkyl-acyl,M+H,C,1.939750007375029,silver,0.2668737318296519,0.2998041298961276,2.0,1.0,C40 H83 N1 O7 P1
A15_77694,Streptophyta,False,,,,,,,,,,,,,
A15_11279,Methanobacteriota,False,,,,,,,,,,,,,
A15_17479,Methanobacteriota,False,,,,,,,,,,,,,
A15_23038,Streptophyta,False,,,,,,,,,,,,,
A15_53539,Streptophyta,False,,,,,,,,,,,,,
A15_160092,Streptophyta,True,DG(P-15:2_19:1),DG(P-15:2_19:1)+H,DG,alkenyl-acyl,M+H,C,1.0,silver,0.7571232699066567,0.2315839999999998,6.0,3.0,C37 H67 O4
A15_6698,Bacillota,False,,,,,,,,,,,,,
A15_107473,Streptophyta,True,MG(P-28:8),MG(P-28:8)+H,MG,monoalkenyl,M+H,C,0.294366177843697,silver,0.2653274390901738,0.130374999999999,3.0,1.0,C31 H47 O3
A15_140790,Streptophyta,False,,,,,,,,,,,,,
A15_51421,Streptophyta,False,,,,,,,,,,,,,
A15_112314,Streptophyta,False,,,,,,,,,,,,,
A15_137066,Streptophyta,False,,,,,,,,,,,,,
A15_154318,Streptophyta,True,PC(22:1_16:0),PC(22:1_16:0)+H,PC,diacyl,M+H,C,0.3770590915567,silver,1.857864493537258,0.0042299999999997,2.0,3.0,C46 H91 N1 O8 P1
A15_144751,Streptophyta,False,,,,,,,,,,,,,
A15_179118,Streptophyta,False,,,,,,,,,,,,,
A15_147650,Streptophyta,False,,,,,,,,,,,,,
A15_61355,Streptophyta,False,,,,,,,,,,,,,
A15_149678,Pseudomonadota,True,DG(O-15:0_15:0),DG(O-15:0_15:0)+Na,DG,alkyl-acyl,M+Na,C,0.4487728902479649,bronze,1.5212188657981716,0.2388449999999995,1.0,1.0,C33 H66 Na1 O4
A15_159308,Bacillota,True,DG(O-15:0_17:2),DG(O-15:0_17:2)+H,DG,alkyl-acyl,M+H,C,0.441306874428889,silver,0.2669002934971714,0.0048214728836182,3.0,1.0,C35 H67 O4
A15_62833,Streptophyta,False,,,,,,,,,,,,,
A15_184885,Streptophyta,False,,,,,,,,,,,,,
A15_56070,Streptophyta,False,,,,,,,,,,,,,
A15_183056,Streptophyta,False,,,,,,,,,,,,,
A15_188784,Streptophyta,False,,,,,,,,,,,,,
A15_104230,Streptophyta,True,DGDG(16:2_17:3),DGDG(16:2_17:3)+NH4,DGDG,Digalactosyldiacylglycerol,M+NH4,A,0.5863782920101824,silver,0.5388067659273099,0.0612069999999995,1.0,3.0,C48 H84 N1 O15
A15_128031,Streptophyta,True,DGDG(18:3_20:4),DGDG(18:3_20:4)+NH4,DGDG,Digalactosyldiacylglycerol,M+NH4,A,1.4368068436490795,gold,0.067994154861827,0.0389729245698262,9.0,5.0,C53 H90 N1 O15
A15_224114,Bacillota,False,,,,,,,,,,,,,
A15_211185,Streptophyta,False,,,,,,,,,,,,,
A15_156348,Basidiomycota,True,PC(35:3),PC(35:3)+H,PC,diacyl,M+H,C,3.2292393457835704,silver,1.16865745340658,0.2093470772881254,23.0,6.0,C43 H81 N1 O8 P1
A15_204779,Streptophyta,True,TG(18:2_18:2_18:3)+OO:(s),TG(18:2_18:2_18:3)+NH4+OO:(s),TG,triacyl,M+NH4,A,0.5525539229548718,gold,2.519144050196637,0.2300162536549734,6.0,10.0,C57 H100 N1 O8
A15_31574,Streptophyta,False,,,,,,,,,,,,,
A15_64055,Streptophyta,True,PG(29:7_18:3),PG(29:7_18:3)+Na,PG,diacyl,M+Na,C,0.1596504906940242,bronze,0.835349262150209,0.0754908407582943,1.0,2.0,C53 H85 Na1 O10 P1
A15_114220,Streptophyta,True,DGDG(16:2_18:3),DGDG(16:2_18:3)+NH4,DGDG,Digalactosyldiacylglycerol,M+NH4,A,1.3888191477570888,gold,0.1775355792693425,0.022067982644284,9.0,3.0,C49 H86 N1 O15
A15_218502,Streptophyta,False,,,,,,,,,,,,,
A15_65209,Streptophyta,False,,,,,,,,,,,,,
A15_201235,Streptophyta,True,TG(24:1_20:5),TG(24:1_20:5)+NH4,TG,triacyl,M+NH4,C,1.0,bronze,2.2485261457496297,0.0286078059750245,1.0,1.0,C47 H82 N1 O6
A15_9874,Basidiomycota,True,PS(P-5:0_13:1),PS(P-5:0_13:1)+H,PS,alkenyl-acyl,M+H,B,0.4608022665189538,gold,1.401349631193853,0.0196184999999999,3.0,4.0,C24 H45 N1 O9 P1
A15_124356,Streptophyta,False,,,,,,,,,,,,,
A15_64274,Streptophyta,True,DGDG(18:3_18:4),DGDG(18:3_18:4)+NH4,DGDG,Digalactosyldiacylglycerol,M+NH4,B,1.0885620262651765,gold,1.1228247226027208,0.0633175308435332,4.0,3.0,C51 H86 N1 O15
A15_49733,Discosea,True,LPE(18:0),LPE(18:0)+H,LPE,monoacyl,M+H,A,0.8972062814952152,gold,0.5894926550983879,0.0330721388014954,25.0,5.0,C23 H49 N1 O7 P1
A15_47783,Discosea,True,LPE(18:0),LPE(18:0)+H,LPE,monoacyl,M+H,A,0.8972062814952152,gold,0.5314404914410237,0.0772721388014954,25.0,5.0,C23 H49 N1 O7 P1
A15_53532,Discosea,True,LPE(18:0),LPE(18:0)+H,LPE,monoacyl,M+H,A,0.8972062814952152,gold,0.6143721518127321,0.1202278611985043,25.0,5.0,C23 H49 N1 O7 P1
A15_51468,Discosea,True,LPE(18:0),LPE(18:0)+H,LPE,monoacyl,M+H,A,0.8972062814952152,gold,0.6040056950479763,0.0156278611985047,25.0,5.0,C23 H49 N1 O7 P1
A15_80284,Basidiomycota,False,,,,,,,,,,,,,
A15_83256,Basidiomycota,False,,,,,,,,,,,,,
A15_40723,Basidiomycota,True,WE(O-26:6),WE(O-26:6)+Na,WE,Wax monoesters,M+Na,C,0.209500720014333,bronze,0.4824597604526002,0.0853380000000001,1.0,1.0,C26 H40 Na1 O2
A15_128581,Pseudomonadota,False,,,,,,,,,,,,,
A15_158336,Streptophyta,True,PI(21:0_15:2),PI(21:0_15:2)+Na,PI,diacyl,M+Na,B,0.152054839576941,silver,3.6226719565337775,0.0400232065555457,1.0,5.0,C45 H83 Na1 O13 P1
A15_72292,Streptophyta,False,,,,,,,,,,,,,
A15_19893,Streptophyta,False,,,,,,,,,,,,,
A15_173475,Streptophyta,False,,,,,,,,,,,,,
A15_179959,Streptophyta,True,TG(18:2_18:3_18:3)+OO:(s),TG(18:2_18:3_18:3)+NH4+OO:(s),TG,triacyl,M+NH4,A,0.608443448066279,gold,2.8388175679929626,0.2324200711642348,6.0,2.0,C57 H98 N1 O8
A15_122307,Streptophyta,True,TG(18:1_16:0)+O:(s),TG(18:1_16:0)+NH4+O:(s),TG,triacyl,M+NH4,B,1.1671502635877562,gold,1.4757375756184623,0.0177011190315603,4.0,4.0,C37 H72 N1 O7
A15_175592,Streptophyta,True,AcHexCmE(12:0),AcHexCmE(12:0)+NH4,AcHexCmE,acylHexSterolEsters,M+NH4,A,0.0177363688853509,bronze,1.5800431968657351,0.2816960000000001,1.0,1.0,C46 H84 N1 O7
A15_195722,Bacillota,True,TG(30:1_14:0),TG(30:1_14:0)+NH4,TG,triacyl,M+NH4,C,0.3813946835856919,bronze,2.135109201823402,0.2989329999999981,1.0,1.0,C47 H92 N1 O6
A15_200132,Bacillota,False,,,,,,,,,,,,,
A15_86297,Streptophyta,False,,,,,,,,,,,,,
A15_61858,Streptophyta,False,,,,,,,,,,,,,
A15_166748,Pseudomonadota,True,PS(16:0_18:1),PS(16:0_18:1)+H,PS,diacyl,M+H,B,0.5721323301913721,gold,1.5066534203123942,0.0071689999999993,2.0,5.0,C40 H77 N1 O10 P1
A15_163126,Pseudomonadota,True,PS(16:0_18:1),PS(16:0_18:1)+H,PS,diacyl,M+H,A,1.083803989496142,gold,0.6889965894349451,0.1627124461468518,2.0,8.0,C40 H77 N1 O10 P1
A15_165133,Pseudomonadota,True,PS(16:0_18:1),PS(16:0_18:1)+H,PS,diacyl,M+H,B,0.5721323301913721,gold,1.7754956317061443,0.0448690000000002,2.0,7.0,C40 H77 N1 O10 P1
A15_109292,Streptophyta,False,,,,,,,,,,,,,
A15_48044,Methanobacteriota,False,,,,,,,,,,,,,
A15_69170,Streptophyta,False,,,,,,,,,,,,,
A15_57348,Basidiomycota,False,,,,,,,,,,,,,
A15_95945,Ascomycota,False,,,,,,,,,,,,,
A15_165726,Pseudomonadota,True,DG(O-18:3_17:1),DG(O-18:3_17:1)+H,DG,alkyl-acyl,M+H,C,0.1537777636149559,bronze,0.497036760939911,0.0402394826368848,1.0,6.0,C38 H69 O4
A15_15586,Ascomycota,False,,,,,,,,,,,,,
A15_12217,Ascomycota,False,,,,,,,,,,,,,
A15_128735,Streptophyta,True,DG(18:3_16:2),DG(18:3_16:2)+NH4,DG,diacyl,M+NH4,B,0.713676757406106,silver,1.141177384447079,0.1142880000000019,1.0,3.0,C37 H66 N1 O5
A15_5817,Streptophyta,True,TG(27:4)+OO:(s),TG(27:4)+NH4+OO:(s),TG,triacyl,M+NH4,C,0.1140886146488552,silver,0.5322555554445362,0.2531609693209529,2.0,1.0,C30 H52 N1 O8
A15_127170,Ascomycota,False,,,,,,,,,,,,,
A15_204052,Streptophyta,False,,,,,,,,,,,,,
A15_57299,Streptophyta,False,,,,,,,,,,,,,
A15_178327,Streptophyta,True,Cer(d18:2_20:1),Cer(d18:2_20:1)+H-H2O,Cer,acylsphingosines,M+H-H2O,C,1.030325614697687,silver,0.0066403114098639,0.0886974999999985,2.0,5.0,C38 H70 N1 O2
A15_149118,Streptophyta,False,,,,,,,,,,,,,
A15_63147,Streptophyta,True,TG(30:5_6:0)+OO:(s),TG(30:5_6:0)+NH4+OO:(s),TG,triacyl,M+NH4,B,0.2624557149416356,gold,2.75866233820716,0.0594382883178488,2.0,5.0,C39 H68 N1 O8
A15_70122,Streptophyta,False,,,,,,,,,,,,,
A15_49906,Streptophyta,False,,,,,,,,,,,,,
A15_54696,Ascomycota,False,,,,,,,,,,,,,
A15_70179,Basidiomycota,True,PG(22:5_16:0),PG(22:5_16:0)+NH4,PG,diacyl,M+NH4,C,0.0478780758565315,bronze,0.2280497306369194,0.1069312000000008,1.0,1.0,C44 H81 N1 O10 P1
A15_176951,Streptophyta,False,,,,,,,,,,,,,
A15_139043,Streptophyta,True,MGDG(18:3_20:4),MGDG(18:3_20:4)+NH4,MGDG,Monogalactosyldiacylglycerol,M+NH4,A,1.1702840994842911,gold,0.6620006035047952,0.1499812738644159,8.0,7.0,C47 H80 N1 O10
A15_74739,Streptophyta,False,,,,,,,,,,,,,
A15_153253,Streptophyta,False,,,,,,,,,,,,,
A15_180057,Streptophyta,False,,,,,,,,,,,,,
A15_48151,Streptophyta,False,,,,,,,,,,,,,
A15_145743,Streptophyta,False,,,,,,,,,,,,,
A15_212389,Streptophyta,True,DG(O-15:2_24:0),DG(O-15:2_24:0)+NH4,DG,alkyl-acyl,M+NH4,C,0.3431232266537228,silver,0.274199409634092,0.1661660610777708,2.0,1.0,C42 H84 N1 O4
A15_16975,Streptophyta,False,,,,,,,,,,,,,
A15_214360,Streptophyta,True,DG(O-44:8),DG(O-44:8)+NH4,DG,alkyl-acyl,M+NH4,C,0.212744186862112,bronze,0.1800027104321438,0.1580800000000017,1.0,2.0,C47 H82 N1 O4
A15_181006,Ascomycota,True,Hex1Cer(d18:2_24:1),Hex1Cer(d18:2_24:1)+H,Hex1Cer,Ceramide monosaccharides,M+H,C,1.0337679254699133,bronze,2.31968031205148,0.0434807502471805,1.0,4.0,C48 H90 N1 O8
A15_85239,Streptophyta,True,TG(18:2_18:3)+O:(s),TG(18:2_18:3)+NH4+O:(s),TG,triacyl,M+NH4,C,0.4387070414178399,silver,1.058615177933843,0.2591832173986645,3.0,4.0,C39 H68 N1 O7
A15_120402,Streptophyta,True,DG(18:3_18:4),DG(18:3_18:4)+H,DG,diacyl,M+H,A,0.7842354418145752,gold,0.0666729496788746,0.2600520350530768,7.0,9.0,C39 H63 O5
A15_51120,Streptophyta,False,,,,,,,,,,,,,
A15_195829,Streptophyta,False,,,,,,,,,,,,,
A15_125304,Streptophyta,False,,,,,,,,,,,,,
A15_169162,Streptophyta,True,DG(19:1_28:7),DG(19:1_28:7)+NH4,DG,diacyl,M+NH4,C,0.0149772738978673,bronze,3.953178610742574,0.0751480774938162,1.0,1.0,C50 H86 N1 O5
A15_45958,Streptophyta,False,,,,,,,,,,,,,
A15_156165,Bacillota,False,,,,,,,,,,,,,
A15_179732,Bacillota,True,PC(33:1)+D7:(s),PC(33:1)+H+D7:(s),PC,Dlabeled FA,M+H,C,1.560312632402724,silver,1.721555424868809,0.1962256483955862,37.0,2.0,C41 H74 D7 N1 O8 P1
A15_143977,Streptophyta,True,DG(O-13:1_23:4),DG(O-13:1_23:4)+Na,DG,alkyl-acyl,M+Na,C,0.3897348531904195,bronze,0.132471618375336,0.0252368470495678,1.0,1.0,C39 H68 Na1 O4
A15_141688,Streptophyta,True,DG(O-13:1_23:4),DG(O-13:1_23:4)+Na,DG,alkyl-acyl,M+Na,C,0.3897348531904195,bronze,0.2431366955944902,0.0128631529504321,1.0,1.0,C39 H68 Na1 O4
A15_81222,Streptophyta,False,,,,,,,,,,,,,
A15_219157,Streptophyta,False,,,,,,,,,,,,,
A15_98191,Streptophyta,True,TG(26:8_18:3)+O:(s),TG(26:8_18:3)+H+O:(s),TG,triacyl,M+H,C,0.215132518729991,bronze,0.6435774900712574,0.0254851371925628,1.0,2.0,C47 H69 O7
A15_152924,Streptophyta,False,,,,,,,,,,,,,
A15_158597,Streptophyta,False,,,,,,,,,,,,,
A15_155358,Streptophyta,True,DGDG(15:0_17:0),DGDG(15:0_17:0)+NH4,DGDG,Digalactosyldiacylglycerol,M+NH4,A,0.7096854213642337,gold,3.3042376517134584,0.2559515153250906,3.0,1.0,C47 H92 N1 O15
A15_179307,Basidiomycota,True,PE(18:1_18:1),PE(18:1_18:1)+H,PE,diacyl,M+H,A,1.915885448627342,gold,0.3949101631322559,0.1205580000000026,5.0,12.0,C41 H79 N1 O8 P1
A15_180111,Basidiomycota,True,PE(18:1_18:1),PE(18:1_18:1)+H,PE,diacyl,M+H,A,1.915885448627342,gold,0.5037003539004159,0.1068580000000025,5.0,12.0,C41 H79 N1 O8 P1
A15_68653,Streptophyta,True,TG(9:0_16:0)+O:(s),TG(9:0_16:0)+NH4+O:(s),TG,triacyl,M+NH4,B,0.9810964054331724,gold,1.1620055290874165,0.2007827999999998,27.0,4.0,C28 H56 N1 O7
A15_99927,Streptophyta,True,MGDG(18:4_16:0),MGDG(18:4_16:0)+NH4,MGDG,Monogalactosyldiacylglycerol,M+NH4,C,0.2655048389214791,bronze,3.431269808654621,0.0605364999999995,1.0,1.0,C43 H78 N1 O10
A15_148310,Streptophyta,False,,,,,,,,,,,,,
A15_182510,Streptophyta,False,,,,,,,,,,,,,
A15_200948,Bacillota,True,TG(2:0_15:0_17:0),TG(2:0_15:0_17:0)+NH4,TG,triacyl,M+NH4,A,1.3571772556094013,gold,0.791416127205907,0.1639774520729986,5.0,7.0,C37 H74 N1 O6
A15_116822,Streptophyta,False,,,,,,,,,,,,,
A15_148101,Bacillota,True,DG(O-5:0_24:0),DG(O-5:0_24:0)+Na,DG,alkyl-acyl,M+Na,C,1.0042673817172842,silver,0.7781822696104154,0.0215769999999988,6.0,4.0,C32 H64 Na1 O4
A15_133748,Streptophyta,False,,,,,,,,,,,,,
A15_175002,Bacillota,True,TG(46:12),TG(46:12)+NH4,TG,triacyl,M+NH4,C,0.5017399101194692,silver,2.5442414253733543,0.1807790000000011,6.0,3.0,C49 H74 N1 O6
A15_163475,Bacillota,False,,,,,,,,,,,,,
A15_32590,Streptophyta,False,,,,,,,,,,,,,
A15_75996,Streptophyta,False,,,,,,,,,,,,,
A15_161610,Basidiomycota,True,Cer(d18:2_18:2),Cer(d18:2_18:2)+H,Cer,acylsphingosines,M+H,A,0.6615103182619246,gold,1.1928531974026215,0.1295960000000011,5.0,3.0,C36 H66 N1 O3
A15_51724,Streptophyta,False,,,,,,,,,,,,,
A15_143941,Bacillota,True,TG(2:0_15:0_15:0),TG(2:0_15:0_15:0)+NH4,TG,triacyl,M+NH4,B,1.13585747528871,gold,2.031500120077172,0.0207114770733021,3.0,5.0,C35 H70 N1 O6
A15_147107,Bacillota,True,TG(2:0_15:0_15:0),TG(2:0_15:0_15:0)+NH4,TG,triacyl,M+NH4,B,1.13585747528871,gold,2.211343848702523,0.2878885229266963,3.0,6.0,C35 H70 N1 O6
A15_161906,Actinomycetota,True,DG(O-15:0_17:2),DG(O-15:0_17:2)+H,DG,alkyl-acyl,M+H,C,0.441306874428889,silver,0.0547526833048917,0.2757214728836175,3.0,1.0,C35 H67 O4
A15_168190,Streptophyta,True,DGDG(16:0_16:0),DGDG(16:0_16:0)+NH4,DGDG,Digalactosyldiacylglycerol,M+NH4,A,0.8326853917055101,gold,2.645392127046711,0.1701120000000013,8.0,3.0,C47 H92 N1 O15
A15_6402,Mucoromycota,False,,,,,,,,,,,,,
A15_137700,Streptophyta,True,TG(18:1_16:0),TG(18:1_16:0)+NH4,TG,triacyl,M+NH4,B,0.4986372059294837,gold,0.8243197774565301,0.1472268100176776,4.0,5.0,C37 H72 N1 O6
A15_90053,Streptophyta,False,,,,,,,,,,,,,
A15_204994,Bacillota,True,WE(O-44:10),WE(O-44:10)+Na,WE,Wax monoesters,M+Na,C,0.4168568039297883,silver,2.3232191502918766,0.0866499999999987,6.0,1.0,C44 H68 Na1 O2
A15_11073,Methanobacteriota,True,TG(38:6)+OO:(s),TG(38:6)+NH4+OO:(s),TG,triacyl,M+NH4,C,0.0691737155599178,bronze,1.8446209141630057,0.1231079366407681,1.0,1.0,C41 H70 N1 O8
A15_166031,Streptophyta,False,,,,,,,,,,,,,
A15_48050,Methanobacteriota,False,,,,,,,,,,,,,
A15_78739,Streptophyta,True,PG(18:4_16:1),PG(18:4_16:1)+NH4,PG,diacyl,M+NH4,B,0.7044226600104759,gold,0.167594851220358,0.2679856999999996,2.0,4.0,C40 H73 N1 O10 P1
A15_7678,Streptophyta,True,AcCa(12:1),AcCa(12:1)+H,AcCa,Fatty acyl carnitines,M+H,A,0.7439735442042974,gold,0.500640203787335,0.15488235,3.0,1.0,C19 H36 N1 O4
A15_154018,Streptophyta,False,,,,,,,,,,,,,
A15_132877,Streptophyta,True,DG(16:0_20:4),DG(16:0_20:4)+Na,DG,diacyl,M+Na,B,0.6510904579584179,silver,1.4898526156268763,0.0824867857142859,1.0,8.0,C39 H68 Na1 O5
A15_56045,Streptophyta,False,,,,,,,,,,,,,
A15_149208,Streptophyta,False,,,,,,,,,,,,,
A15_124941,Basidiomycota,True,DG(P-15:2_21:3),DG(P-15:2_21:3)+H,DG,alkenyl-acyl,M+H,C,0.0529865981305491,bronze,2.1935369501825552,0.040139271595331,1.0,3.0,C39 H67 O4
A15_15675,Basidiomycota,True,LPE(18:2),LPE(18:2)+H,LPE,monoacyl,M+H,A,1.5946056624637557,gold,0.7543902542527874,0.0313547751220832,54.0,4.0,C23 H45 N1 O7 P1
A15_16728,Basidiomycota,True,LPE(18:2),LPE(18:2)+H,LPE,monoacyl,M+H,A,1.5946056624637557,gold,1.0784602718251384,0.1132547751220833,54.0,4.0,C23 H45 N1 O7 P1
A15_14689,Basidiomycota,True,LPE(18:2),LPE(18:2)+H,LPE,monoacyl,M+H,A,1.5946056624637557,gold,0.1877909217588371,0.0478452248779168,54.0,5.0,C23 H45 N1 O7 P1
A15_53157,Streptophyta,False,,,,,,,,,,,,,
A15_89986,Bacillota,False,,,,,,,,,,,,,
A15_175645,Pseudomonadota,False,,,,,,,,,,,,,
A15_136621,Streptophyta,True,TG(13:1_9:0_17:0)+O:(s),TG(13:1_9:0_17:0)+NH4+O:(s),TG,triacyl,M+NH4,B,0.1942798770994032,silver,1.742093244507946,0.1070189999999993,1.0,3.0,C42 H82 N1 O7
A15_170048,Pseudomonadota,True,PC(38:4),PC(38:4)+H,PC,diacyl,M+H,C,2.251027747588036,silver,0.1112460720498692,0.0318481051296721,11.0,2.0,C46 H85 N1 O8 P1
A15_173188,Pseudomonadota,True,PC(38:4),PC(38:4)+H,PC,diacyl,M+H,C,3.012952038770053,silver,0.6756222806024536,0.2222970942313686,27.0,3.0,C46 H85 N1 O8 P1
A15_168373,Pseudomonadota,True,PC(38:4),PC(38:4)+H,PC,diacyl,M+H,C,2.7594119951376053,silver,0.2214595824571508,0.2921161401754109,31.0,2.0,C46 H85 N1 O8 P1
A15_171571,Pseudomonadota,True,PC(38:4),PC(38:4)+H,PC,diacyl,M+H,C,2.251027747588036,silver,0.0878066477147403,0.0708481051296736,11.0,1.0,C46 H85 N1 O8 P1
A15_223475,Streptophyta,True,SM(d38:0),SM(d38:0)+H,SM,acyl,M+H,C,0.0477852703478421,bronze,0.9660714405208805,0.0744588579817815,2.0,1.0,C43 H90 N2 O6 P1
A15_150922,Streptophyta,True,PI(18:1_18:2),PI(18:1_18:2)+NH4,PI,diacyl,M+NH4,B,0.577579013477666,gold,1.328938978684583,0.2936815999545494,2.0,4.0,C45 H85 N1 O13 P1
A15_157336,Streptophyta,True,TG(36:6_18:4)+OO:(s),TG(36:6_18:4)+NH4+OO:(s),TG,triacyl,M+NH4,C,0.4403019437132539,bronze,3.6844606070714834,0.0256295960517753,1.0,1.0,C57 H94 N1 O8
A15_126685,Streptophyta,False,,,,,,,,,,,,,
A15_142223,Streptophyta,True,DG(16:1_18:3),DG(16:1_18:3)+H,DG,diacyl,M+H,A,1.0547602215006515,gold,0.5043160533925937,0.1735167799230748,10.0,14.0,C37 H65 O5
A15_108352,Streptophyta,True,PG(P-18:4_19:1),PG(P-18:4_19:1)+NH4,PG,alkenyl-acyl,M+NH4,C,0.2270369835989241,bronze,4.005914767298991,0.1683990000000008,1.0,1.0,C43 H79 N1 O9 P1
A15_157291,Streptophyta,False,,,,,,,,,,,,,
A15_158998,Streptophyta,False,,,,,,,,,,,,,
A15_178620,Streptophyta,True,TG(3:0_16:0_21:0)+OO:(s),TG(3:0_16:0_21:0)+Na+OO:(s),TG,triacyl,M+Na,C,0.5414680848266189,bronze,0.205107696702341,0.1212690000000016,1.0,1.0,C43 H82 Na1 O8
A15_72233,Streptophyta,False,,,,,,,,,,,,,
A15_216492,Streptophyta,True,DG(O-44:9),DG(O-44:9)+NH4,DG,alkyl-acyl,M+NH4,C,0.1437323995477146,silver,0.5947513459282409,0.1825467198431525,2.0,2.0,C47 H80 N1 O4
A15_37699,Streptophyta,False,,,,,,,,,,,,,
A15_622,Streptophyta,False,,,,,,,,,,,,,
A15_39746,Basidiomycota,False,,,,,,,,,,,,,
A15_38171,Basidiomycota,False,,,,,,,,,,,,,
A15_214046,Streptophyta,True,TG(49:14_18:3),TG(49:14_18:3)+NH4,TG,triacyl,M+NH4,B,0.5941448456613039,gold,0.3845514193163749,0.026932483954777,5.0,3.0,C70 H106 N1 O6
A15_183981,Ascomycota,True,TG(18:2_9:0_18:1)+OO:(s),TG(18:2_9:0_18:1)+NH4+OO:(s),TG,triacyl,M+NH4,C,0.0989518162513825,bronze,0.3733455132063331,0.0734534144486716,1.0,5.0,C48 H90 N1 O8
A15_160407,Streptophyta,False,,,,,,,,,,,,,
A15_129842,Bacillota,False,,,,,,,,,,,,,
A15_54512,Streptophyta,False,,,,,,,,,,,,,
A15_83191,Streptophyta,False,,,,,,,,,,,,,
A15_44144,Streptophyta,False,,,,,,,,,,,,,
A15_122194,Streptophyta,False,,,,,,,,,,,,,
A15_200467,Streptophyta,False,,,,,,,,,,,,,
A15_62989,Streptophyta,False,,,,,,,,,,,,,
A15_171194,Streptophyta,False,,,,,,,,,,,,,
A15_175949,Streptophyta,False,,,,,,,,,,,,,
A15_162620,Streptophyta,True,DGDG(16:0_19:2),DGDG(16:0_19:2)+NH4,DGDG,Digalactosyldiacylglycerol,M+NH4,B,0.7609494619021956,silver,2.708603441006214,0.0720279999999995,1.0,2.0,C50 H94 N1 O15
A15_53862,Streptophyta,False,,,,,,,,,,,,,
A15_145442,Bacillota,False,,,,,,,,,,,,,
A15_43099,Streptophyta,False,,,,,,,,,,,,,
A15_163144,Streptophyta,False,,,,,,,,,,,,,
A15_192026,Actinomycetota,True,PC(O-18:4_18:0),PC(O-18:4_18:0)+H,PC,alkyl-acyl,M+H,C,0.9957263537907792,silver,0.4491949181025216,0.1100460000000005,2.0,5.0,C44 H83 N1 O7 P1
A15_118297,Pseudomonadota,False,,,,,,,,,,,,,
A15_180082,Streptophyta,False,,,,,,,,,,,,,
A15_214864,Streptophyta,True,TG(14:1_18:1_18:2)+O:(s),TG(14:1_18:1_18:2)+NH4+O:(s),TG,triacyl,M+NH4,B,0.5949781715570653,silver,0.178560990111595,0.0100064062499996,1.0,8.0,C53 H98 N1 O7
A15_132243,Streptophyta,True,TG(19:2_16:0)+O:(s),TG(19:2_16:0)+NH4+O:(s),TG,triacyl,M+NH4,B,0.5716989309862865,gold,0.0330237529074809,0.281307712041885,2.0,3.0,C38 H72 N1 O7
A15_51629,Streptophyta,False,,,,,,,,,,,,,
A15_90664,Streptophyta,False,,,,,,,,,,,,,
A15_76854,Streptophyta,False,,,,,,,,,,,,,
A15_78110,Streptophyta,False,,,,,,,,,,,,,
A15_62645,Streptophyta,False,,,,,,,,,,,,,
A15_185447,Streptophyta,False,,,,,,,,,,,,,
A15_190822,Actinomycetota,True,TG(39:3_5:0)+O:(s),TG(39:3_5:0)+Na+O:(s),TG,triacyl,M+Na,C,0.0543550485897823,bronze,3.279533638626853,0.1081479999999999,1.0,1.0,C47 H84 Na1 O7
A15_118542,Streptophyta,False,,,,,,,,,,,,,
A15_94955,Streptophyta,False,,,,,,,,,,,,,
A15_119807,Streptophyta,False,,,,,,,,,,,,,
A15_201692,Streptophyta,True,SM(d38:0),SM(d38:0)+H,SM,acyl,M+H,C,1.0945939968448508,silver,0.99220282307315,0.2975200000000022,3.0,1.0,C43 H90 N2 O6 P1
A15_194602,Streptophyta,False,,,,,,,,,,,,,
A15_196688,Streptophyta,False,,,,,,,,,,,,,
A15_201183,Streptophyta,False,,,,,,,,,,,,,
A15_199469,Streptophyta,False,,,,,,,,,,,,,
A15_124293,Streptophyta,False,,,,,,,,,,,,,
A15_77911,Basidiomycota,True,PS(15:1_18:2),PS(15:1_18:2)+H,PS,diacyl,M+H,C,0.0310280386910516,bronze,0.942196331754815,0.1963192999999998,1.0,4.0,C39 H71 N1 O10 P1
A15_167460,Streptophyta,True,TG(27:4_18:2)+OO:(s),TG(27:4_18:2)+NH4+OO:(s),TG,triacyl,M+NH4,B,0.5036168650557313,silver,1.923374823611745,0.0221876536430283,1.0,3.0,C48 H84 N1 O8
A15_136883,Streptophyta,False,,,,,,,,,,,,,
A15_45174,Streptophyta,False,,,,,,,,,,,,,
A15_67836,Streptophyta,False,,,,,,,,,,,,,
A15_105036,Streptophyta,False,,,,,,,,,,,,,
A15_122036,Streptophyta,False,,,,,,,,,,,,,
A15_212509,Streptophyta,True,Cer(d19:0_23:0)+2O:(s),Cer(d19:0_23:0)+H+2O:(s),Cer,acylsphinganines,M+H,C,0.3810554504087092,bronze,0.2963320443868861,0.1834440000000015,1.0,2.0,C42 H86 N1 O5
A15_73007,Ascomycota,True,WE(O-27:3),WE(O-27:3)+Na,WE,Wax monoesters,M+Na,C,0.3411784839245176,silver,0.5079548565265867,0.1997780595308702,7.0,1.0,C27 H48 Na1 O2
A15_75972,Ascomycota,True,WE(O-27:3),WE(O-27:3)+Na,WE,Wax monoesters,M+Na,C,0.3411784839245176,silver,0.503274928538452,0.1550780595308705,7.0,1.0,C27 H48 Na1 O2
A15_114945,Streptophyta,False,,,,,,,,,,,,,
A15_198813,Streptophyta,True,TG(36:5_18:2)+OO:(s),TG(36:5_18:2)+NH4+OO:(s),TG,triacyl,M+NH4,B,0.2404720391662303,gold,0.3622462683251851,0.1226425980689818,2.0,5.0,C57 H100 N1 O8
A15_146927,Bacillota,True,DG(O-5:0_24:0),DG(O-5:0_24:0)+Na,DG,alkyl-acyl,M+Na,C,1.0042673817172842,silver,0.8136649956517181,0.1092769999999987,6.0,6.0,C32 H64 Na1 O4
A15_193768,Streptophyta,False,,,,,,,,,,,,,
A15_40244,Ascomycota,True,DG(23:6_2:0),DG(23:6_2:0)+Na,DG,diacyl,M+Na,C,0.6969065509188803,silver,2.0769671962805685,0.1724549557006547,2.0,3.0,C28 H42 Na1 O5
A15_21533,Streptophyta,False,,,,,,,,,,,,,
A15_106666,Streptophyta,False,,,,,,,,,,,,,
A15_198379,Streptophyta,False,,,,,,,,,,,,,
A15_182959,Streptophyta,False,,,,,,,,,,,,,
A15_22003,Basidiomycota,False,,,,,,,,,,,,,
A15_20428,Basidiomycota,False,,,,,,,,,,,,,
A15_86551,Streptophyta,True,PG(13:0_18:1),PG(13:0_18:1)+NH4,PG,diacyl,M+NH4,C,0.0504853835046245,bronze,0.0387002862322504,0.2293492308823523,1.0,1.0,C37 H75 N1 O10 P1
A15_193741,Streptophyta,True,TG(O-5:0_16:0_16:1),TG(O-5:0_16:0_16:1)+NH4,TG,alkyl-acyl,M+NH4,C,0.2624027396978974,silver,0.2300840275948391,0.0461859360587375,2.0,2.0,C40 H80 N1 O5
A15_200491,Streptophyta,True,TG(36:6_16:0)+OO:(s),TG(36:6_16:0)+NH4+OO:(s),TG,triacyl,M+NH4,B,0.2266835750611274,gold,1.5373146448577166,0.108675613718411,4.0,6.0,C55 H98 N1 O8
A15_193152,Bacillota,False,,,,,,,,,,,,,
A15_154492,Streptophyta,True,PE(18:2_15:0),PE(18:2_15:0)+H,PE,diacyl,M+H,B,1.8995448555310637,gold,1.0422419252276611,0.0677223830578626,8.0,12.0,C38 H73 N1 O8 P1
A15_127622,Streptophyta,False,,,,,,,,,,,,,
A15_121701,Streptophyta,True,MGDG(18:3_18:3),MGDG(18:3_18:3)+NH4,MGDG,Monogalactosyldiacylglycerol,M+NH4,A,0.6582325157700897,gold,0.621963221032201,0.033850000000001,5.0,1.0,C45 H78 N1 O10
A15_134148,Streptophyta,True,TG(25:4_16:0)+OO:(s),TG(25:4_16:0)+NH4+OO:(s),TG,triacyl,M+NH4,B,0.3389269770217292,silver,3.282440130528835,0.0062532070312499,1.0,2.0,C44 H80 N1 O8
A15_167038,Streptophyta,False,,,,,,,,,,,,,
A15_171645,Streptophyta,False,,,,,,,,,,,,,
A15_193306,Streptophyta,True,TG(18:3_18:3_18:4)+O:(s),TG(18:3_18:3_18:4)+NH4+O:(s),TG,triacyl,M+NH4,A,1.799705936665526,gold,1.2017970733459866,0.0062304386921496,3.0,4.0,C57 H94 N1 O7
A15_63788,Streptophyta,False,,,,,,,,,,,,,
A15_94448,Streptophyta,False,,,,,,,,,,,,,
A15_155409,Streptophyta,False,,,,,,,,,,,,,
A15_83017,Streptophyta,False,,,,,,,,,,,,,
A15_139384,Streptophyta,False,,,,,,,,,,,,,
A15_165393,Mucoromycota,False,,,,,,,,,,,,,
A15_164149,Mucoromycota,False,,,,,,,,,,,,,
A15_144639,Streptophyta,False,,,,,,,,,,,,,
A15_86321,Streptophyta,False,,,,,,,,,,,,,
A15_187843,Streptophyta,False,,,,,,,,,,,,,
A15_129607,Streptophyta,True,TG(16:2_25:4)+O:(s),TG(16:2_25:4)+NH4+O:(s),TG,triacyl,M+NH4,C,0.0199763801733462,bronze,0.682769315231901,0.2859280000000002,1.0,1.0,C44 H76 N1 O7
A15_77465,Streptophyta,False,,,,,,,,,,,,,
A15_81987,Ascomycota,True,WE(O-26:6),WE(O-26:6)+Na,WE,Wax monoesters,M+Na,C,0.1082928426313621,bronze,0.1599472243433834,0.2611216000000009,1.0,1.0,C26 H40 Na1 O2
A15_21268,Streptophyta,False,,,,,,,,,,,,,
A15_6728,Streptophyta,True,TG(3:0_3:0_16:3)+OO:(s),TG(3:0_3:0_16:3)+H+OO:(s),TG,triacyl,M+H,C,0.2129014453330494,silver,3.0316400075368044,0.0098851467747604,2.0,1.0,C25 H41 O8
A15_51345,Streptophyta,False,,,,,,,,,,,,,
A15_100036,Streptophyta,True,DGDG(16:3_18:3),DGDG(16:3_18:3)+NH4,DGDG,Digalactosyldiacylglycerol,M+NH4,A,0.9059374506218816,gold,0.8079235839865725,0.1396880412511265,10.0,5.0,C49 H84 N1 O15
A15_160828,Streptophyta,True,MGDG(18:2_20:3),MGDG(18:2_20:3)+NH4,MGDG,Monogalactosyldiacylglycerol,M+NH4,A,1.1226647620329873,gold,0.999090446547413,0.1894490453255066,4.0,2.0,C47 H84 N1 O10
A15_8888,Streptophyta,False,,,,,,,,,,,,,
A15_133514,Streptophyta,False,,,,,,,,,,,,,
A15_62969,Streptophyta,False,,,,,,,,,,,,,
A15_47641,Streptophyta,False,,,,,,,,,,,,,
A15_179641,Pseudomonadota,False,,,,,,,,,,,,,
A15_178523,Pseudomonadota,False,,,,,,,,,,,,,
A15_175221,Pseudomonadota,False,,,,,,,,,,,,,
A15_176092,Pseudomonadota,False,,,,,,,,,,,,,
A15_174271,Pseudomonadota,False,,,,,,,,,,,,,
A15_48745,Streptophyta,False,,,,,,,,,,,,,
A15_97689,Streptophyta,False,,,,,,,,,,,,,
A15_74337,Ascomycota,False,,,,,,,,,,,,,
A15_101359,Streptophyta,True,DG(15:2_18:3),DG(15:2_18:3)+NH4,DG,diacyl,M+NH4,B,0.6493019601374227,gold,1.6372949720102985,0.0618403225436807,3.0,4.0,C36 H64 N1 O5
A15_179793,Pseudomonadota,True,PA(17:0_18:2),PA(17:0_18:2)+NH4,PA,diacyl,M+NH4,B,0.7701484156126545,gold,0.7281766182056422,0.2505482621383237,3.0,10.0,C38 H75 N1 O8 P1
A15_106142,Streptophyta,True,PG(21:4_16:0),PG(21:4_16:0)+NH4,PG,diacyl,M+NH4,C,0.1101512706310872,bronze,4.0205015654858505,0.2706419999999987,1.0,1.0,C43 H81 N1 O10 P1
A15_223968,Streptophyta,False,,,,,,,,,,,,,
A15_207599,Streptophyta,False,,,,,,,,,,,,,
A15_164131,Streptophyta,True,TG(9:0_14:0_20:5)+O:(s),TG(9:0_14:0_20:5)+NH4+O:(s),TG,triacyl,M+NH4,B,0.5310170923092195,silver,1.9972952667317088,0.2067589199999986,1.0,1.0,C46 H82 N1 O7
A15_162726,Streptophyta,True,MGDG(16:0_18:2),MGDG(16:0_18:2)+NH4,MGDG,Monogalactosyldiacylglycerol,M+NH4,B,0.7169224443776214,gold,3.3530755764832985,0.0420960000000008,6.0,3.0,C43 H82 N1 O10
A15_86374,Streptophyta,True,PG(16:0_18:4),PG(16:0_18:4)+H,PG,diacyl,M+H,A,0.2216733131258306,gold,1.0371337448841893,0.2332041457471874,3.0,4.0,C40 H72 O10 P1
A15_206875,Streptophyta,True,TG(18:1_18:4_18:4)+O:(s),TG(18:1_18:4_18:4)+H+O:(s),TG,triacyl,M+H,C,0.9441925500891852,silver,2.0176039131671195,0.0652176206225725,2.0,2.0,C57 H93 O7
A15_114135,Streptophyta,False,,,,,,,,,,,,,
A15_110692,Streptophyta,True,DG(O-16:2_18:3),DG(O-16:2_18:3)+Na,DG,alkyl-acyl,M+Na,C,0.5160927080702892,silver,0.7031712537291505,0.0395070000000004,3.0,2.0,C37 H64 Na1 O4
A15_137061,Streptophyta,False,,,,,,,,,,,,,
A15_87382,Streptophyta,False,,,,,,,,,,,,,
A15_60364,Streptophyta,False,,,,,,,,,,,,,
A15_5380,Streptophyta,False,,,,,,,,,,,,,
A15_82032,Streptophyta,False,,,,,,,,,,,,,
A15_42867,Streptophyta,False,,,,,,,,,,,,,
A15_67126,Streptophyta,False,,,,,,,,,,,,,
A15_19637,Basidiomycota,False,,,,,,,,,,,,,
A15_206611,Streptophyta,True,TG(18:1_18:3_18:3)+O:(s),TG(18:1_18:3_18:3)+NH4+O:(s),TG,triacyl,M+NH4,A,0.6503952460526694,gold,0.010462767048683,0.0221226885841545,3.0,8.0,C57 H100 N1 O7
A15_92763,Streptophyta,False,,,,,,,,,,,,,
A15_43133,Streptophyta,True,DG(30:6),DG(30:6)+H,DG,diacyl,M+H,C,0.0484529469571788,bronze,1.2168312816353797,0.0558621000000005,1.0,1.0,C33 H53 O5
A15_72185,Streptophyta,False,,,,,,,,,,,,,
A15_173568,Streptophyta,True,PE(17:0_15:0),PE(17:0_15:0)+H,PE,diacyl,M+H,B,2.057749543314558,gold,0.0058877985940675,0.0592872929173609,10.0,12.0,C37 H75 N1 O8 P1
A15_216678,Streptophyta,True,TG(29:8_18:3_18:4),TG(29:8_18:3_18:4)+NH4,TG,triacyl,M+NH4,C,0.5694819783176724,silver,0.5652145285457729,0.1604266541466223,2.0,2.0,C68 H106 N1 O6
A15_166378,Streptophyta,False,,,,,,,,,,,,,
A15_168169,Streptophyta,False,,,,,,,,,,,,,
A15_96861,Streptophyta,True,TG(20:3_18:1)+OO:(s),TG(20:3_18:1)+NH4+OO:(s),TG,triacyl,M+NH4,C,0.2347544231240274,bronze,0.5703500593195252,0.0952024555555564,1.0,1.0,C41 H74 N1 O8
A15_66936,Streptophyta,False,,,,,,,,,,,,,
A15_214332,Streptophyta,True,DG(O-44:7),DG(O-44:7)+NH4,DG,alkyl-acyl,M+NH4,C,0.256444739150748,silver,2.3360446241403188,0.1850703217052469,3.0,1.0,C47 H84 N1 O4
A15_85411,Streptophyta,False,,,,,,,,,,,,,
A15_65479,Methanobacteriota,False,,,,,,,,,,,,,
A15_29868,Streptophyta,False,,,,,,,,,,,,,
A15_11298,Bacillota,True,LPG(15:0),LPG(15:0)+H,LPG,monoacyl,M+H,C,1.713890480378673,silver,2.132846623115189,0.0356489625864671,22.0,1.0,C21 H44 O9 P1
A15_16382,Basidiomycota,False,,,,,,,,,,,,,
A15_14099,Basidiomycota,False,,,,,,,,,,,,,
A15_88987,Streptophyta,False,,,,,,,,,,,,,
A15_150337,Bacillota,True,DG(O-13:0_17:2),DG(O-13:0_17:2)+H,DG,alkyl-acyl,M+H,C,0.6554785108987857,silver,0.7311299046106409,0.2555235000000007,9.0,1.0,C33 H63 O4
A15_40371,Ascomycota,True,DG(25:6),DG(25:6)+NH4,DG,diacyl,M+NH4,C,0.1419719128705607,silver,0.2436835596960892,0.2911533000000004,3.0,2.0,C28 H46 N1 O5
A15_142074,Streptophyta,False,,,,,,,,,,,,,
A15_165292,Bacillota,True,DG(O-13:0_17:2),DG(O-13:0_17:2)+H,DG,alkyl-acyl,M+H,C,0.4658747560587787,silver,0.4814763617800914,0.2566568620689651,5.0,2.0,C33 H63 O4
A15_33387,Streptophyta,False,,,,,,,,,,,,,
A15_47624,Streptophyta,False,,,,,,,,,,,,,
A15_24686,Streptophyta,False,,,,,,,,,,,,,
A15_137212,Streptophyta,False,,,,,,,,,,,,,
A15_143943,Streptophyta,False,,,,,,,,,,,,,
A15_148878,Streptophyta,False,,,,,,,,,,,,,
A15_145527,Streptophyta,False,,,,,,,,,,,,,
A15_126776,Streptophyta,True,MGDG(16:2_18:3),MGDG(16:2_18:3)+Na,MGDG,Monogalactosyldiacylglycerol,M+Na,C,0.445728852869532,silver,0.1853533549833322,0.1160009194103022,3.0,1.0,C43 H72 Na1 O10
A15_1133,Streptophyta,True,TG(14:1_4:0)+O:(s),TG(14:1_4:0)+Na+O:(s),TG,triacyl,M+Na,C,0.3376841535343944,bronze,1.217619782005033,0.0542153999999999,1.0,1.0,C21 H36 Na1 O7
A15_139712,Streptophyta,False,,,,,,,,,,,,,
A15_13406,Streptophyta,False,,,,,,,,,,,,,
A15_219265,Streptophyta,True,CmE(22:6),CmE(22:6)+H,CmE,sterolEsters,M+H,A,0.3615360662279867,gold,2.2511510250988263,0.0479508039370166,2.0,1.0,C50 H79 O2
A15_74703,Streptophyta,False,,,,,,,,,,,,,
A15_223194,Streptophyta,False,,,,,,,,,,,,,
A15_13366,Bacillota,False,,,,,,,,,,,,,
A15_14591,Bacillota,False,,,,,,,,,,,,,
A15_27716,Streptophyta,True,TG(18:4_4:0_4:0),TG(18:4_4:0_4:0)+NH4,TG,triacyl,M+NH4,C,0.0634919202006955,bronze,2.102085574519982,0.1658710271772885,1.0,1.0,C29 H50 N1 O6
A15_213166,Streptophyta,False,,,,,,,,,,,,,
A15_88050,Streptophyta,True,DG(6:0_21:3),DG(6:0_21:3)+H,DG,diacyl,M+H,B,0.4098841281299428,gold,1.5146424324621195,0.1226999259651968,6.0,4.0,C30 H53 O5
A15_161556,Streptophyta,False,,,,,,,,,,,,,
A15_4251,Streptophyta,True,TG(18:1),TG(18:1)+NH4,TG,triacyl,M+NH4,C,0.2571473382659509,silver,0.5280842999361172,0.0038740999999999,4.0,2.0,C21 H40 N1 O6
A15_60788,Streptophyta,False,,,,,,,,,,,,,
A15_125900,Ascomycota,False,,,,,,,,,,,,,
A15_76822,Streptophyta,False,,,,,,,,,,,,,
A15_161503,Streptophyta,False,,,,,,,,,,,,,
A15_14242,Streptophyta,False,,,,,,,,,,,,,
A15_14896,Streptophyta,False,,,,,,,,,,,,,
A15_166475,Streptophyta,True,TG(4:0_18:1_18:1)+O:(s),TG(4:0_18:1_18:1)+NH4+O:(s),TG,triacyl,M+NH4,C,0.0354004124160859,bronze,0.6856437348576708,0.2070545000000017,2.0,2.0,C43 H82 N1 O7
A15_59128,Streptophyta,False,,,,,,,,,,,,,
A15_62528,Streptophyta,False,,,,,,,,,,,,,
A15_48233,Streptophyta,False,,,,,,,,,,,,,
A15_77049,Streptophyta,True,PG(18:2_18:2),PG(18:2_18:2)+NH4,PG,diacyl,M+NH4,A,0.052290254745036,bronze,1.107904598460463,0.2905912877652374,1.0,1.0,C42 H79 N1 O10 P1
A15_140224,Bacillota,True,DG(P-15:2_18:1),DG(P-15:2_18:1)+H,DG,alkenyl-acyl,M+H,C,0.7843436468440885,silver,0.4035137449087108,0.1468086188260233,4.0,8.0,C36 H65 O4
A15_38034,Streptophyta,True,TG(14:1_18:2),TG(14:1_18:2)+Na,TG,triacyl,M+Na,C,0.3093432630846055,bronze,4.229485213905128,0.19685065,1.0,1.0,C35 H60 Na1 O6
A15_85961,Streptophyta,False,,,,,,,,,,,,,
A15_85521,Streptophyta,True,TG(16:1_18:4),TG(16:1_18:4)+NH4,TG,triacyl,M+NH4,C,0.4257940967871036,silver,2.4875532187820246,0.2431845133928813,2.0,2.0,C37 H64 N1 O6
A15_86375,Streptophyta,True,TG(16:1_18:4),TG(16:1_18:4)+NH4,TG,triacyl,M+NH4,C,0.4257940967871036,silver,2.2385536949176097,0.2052845133928809,2.0,2.0,C37 H64 N1 O6
A15_116988,Streptophyta,False,,,,,,,,,,,,,
A15_100286,Streptophyta,True,TG(18:1_18:4),TG(18:1_18:4)+NH4,TG,triacyl,M+NH4,C,0.6882136840557875,silver,0.801842467290231,0.2751105000000002,6.0,2.0,C39 H68 N1 O6
A15_99299,Streptophyta,True,TG(18:1_18:4),TG(18:1_18:4)+NH4,TG,triacyl,M+NH4,C,0.6882136840557875,silver,0.6471641007048707,0.2954104999999991,6.0,2.0,C39 H68 N1 O6
A15_200145,Streptophyta,True,DG(15:0_24:1),DG(15:0_24:1)+NH4,DG,diacyl,M+NH4,C,0.0759514523910303,bronze,1.6900875514922094,0.1708668797259598,3.0,1.0,C42 H84 N1 O5
A15_14542,Ascomycota,True,LPC(20:5),LPC(20:5)+H,LPC,monoacyl,M+H,C,3.1675771996313538,silver,2.24259823901755,0.0273032488583351,21.0,4.0,C28 H49 N1 O7 P1
A15_46831,Streptophyta,False,,,,,,,,,,,,,
A15_43212,Streptophyta,False,,,,,,,,,,,,,
A15_161762,Streptophyta,True,DG(16:1_18:3),DG(16:1_18:3)+NH4,DG,diacyl,M+NH4,A,1.4757685649378631,gold,0.7511081250097366,0.1431940000000011,10.0,4.0,C37 H68 N1 O5
A15_196372,Streptophyta,True,Cer(d16:2_24:1)+O:(s),Cer(d16:2_24:1)+H-H2O+O:(s),Cer,acylsphingosines,M+H-H2O,C,0.4792987424995507,bronze,2.6132758924999786,0.0058259999999989,1.0,1.0,C40 H74 N1 O3
A15_99520,Streptophyta,False,,,,,,,,,,,,,
A15_224267,Streptophyta,True,MePC(39:8),MePC(39:8)+H,MePC,diacyl,M+H,C,0.2688694404843594,bronze,0.2090613798042395,0.1534334332562075,1.0,1.0,C48 H82 N1 O8 P1
A15_163703,Pseudomonadota,True,TG(38:10_8:0),TG(38:10_8:0)+NH4,TG,triacyl,M+NH4,B,0.1060448895906391,silver,4.390012885776026,0.1352456757990889,1.0,2.0,C49 H78 N1 O6
A15_153686,Bacillota,False,,,,,,,,,,,,,
A15_155333,Bacillota,False,,,,,,,,,,,,,
A15_110633,Streptophyta,True,DGDG(18:3_18:3),DGDG(18:3_18:3)+NH4,DGDG,Digalactosyldiacylglycerol,M+NH4,C,0.0481710156591274,bronze,3.181448346207654,0.2052024724703027,1.0,1.0,C51 H88 N1 O15
A15_122465,Streptophyta,True,DG(P-18:4_18:3),DG(P-18:4_18:3)+H,DG,alkenyl-acyl,M+H,C,0.7479156141067713,silver,0.0451410704218968,0.0169950960971139,4.0,4.0,C39 H63 O4
A15_14382,Basidiomycota,False,,,,,,,,,,,,,
A15_56524,Streptophyta,False,,,,,,,,,,,,,
A15_219374,Discosea,False,,,,,,,,,,,,,
A15_217512,Discosea,False,,,,,,,,,,,,,
A15_137865,Bacillota,False,,,,,,,,,,,,,
A15_21009,Streptophyta,True,TG(25:7_2:0_2:0),TG(25:7_2:0_2:0)+NH4,TG,triacyl,M+NH4,C,0.0622905112898902,bronze,2.568520507868923,0.1526540999999999,1.0,2.0,C32 H50 N1 O6
A15_11808,Streptophyta,False,,,,,,,,,,,,,
A15_149711,Streptophyta,True,DG(P-15:2_23:3),DG(P-15:2_23:3)+H,DG,alkenyl-acyl,M+H,C,0.1596879492187227,bronze,3.200949013689081,0.2794010000000018,1.0,1.0,C41 H71 O4
A15_108223,Streptophyta,True,DGDG(17:3_18:3),DGDG(17:3_18:3)+NH4,DGDG,Digalactosyldiacylglycerol,M+NH4,A,0.85351958552472,gold,0.859136977152443,0.2603489999999997,6.0,3.0,C50 H86 N1 O15
A15_107482,Streptophyta,False,,,,,,,,,,,,,
A15_180063,Streptophyta,False,,,,,,,,,,,,,
A15_104730,Streptophyta,False,,,,,,,,,,,,,
A15_118947,Streptophyta,False,,,,,,,,,,,,,
A15_125020,Streptophyta,False,,,,,,,,,,,,,
A15_176619,Streptophyta,True,PI(20:4_18:0),PI(20:4_18:0)+H,PI,diacyl,M+H,B,0.9687768387907651,gold,1.989740704264528,0.2608288491047972,2.0,4.0,C47 H84 O13 P1
A15_151022,Streptophyta,False,,,,,,,,,,,,,
A15_89344,Streptophyta,False,,,,,,,,,,,,,
A15_133417,Streptophyta,False,,,,,,,,,,,,,
A15_78300,Ascomycota,True,TG(13:1_6:0_6:0),TG(13:1_6:0_6:0)+H,TG,triacyl,M+H,C,0.4951119567369263,silver,2.2479229425933096,0.2756457000000001,2.0,1.0,C28 H51 O6
A15_55393,Basidiomycota,True,PS(O-10:0_14:1),PS(O-10:0_14:1)+H,PS,alkyl-acyl,M+H,C,0.064759206736044,bronze,0.8757725433563941,0.1276899481989382,1.0,1.0,C30 H59 N1 O9 P1
A15_64587,Streptophyta,False,,,,,,,,,,,,,
A15_16043,Streptophyta,False,,,,,,,,,,,,,
A15_160820,Streptophyta,True,DG(16:1_18:3),DG(16:1_18:3)+NH4,DG,diacyl,M+NH4,A,1.4757685649378631,gold,0.6785617028877602,0.1213940000000004,10.0,4.0,C37 H68 N1 O5
A15_114719,Bacillota,False,,,,,,,,,,,,,
A15_78665,Streptophyta,False,,,,,,,,,,,,,
A15_217045,Streptophyta,True,DG(O-24:6_20:2),DG(O-24:6_20:2)+NH4,DG,alkyl-acyl,M+NH4,C,0.0654280829078856,bronze,2.6645137498048035,0.1023574300254424,1.0,2.0,C47 H82 N1 O4
A15_43704,Ascomycota,True,MG(P-25:8),MG(P-25:8)+H,MG,monoalkenyl,M+H,C,0.5728217662867952,silver,0.4002432355506232,0.285034200000001,6.0,1.0,C28 H41 O3
A15_126273,Streptophyta,False,,,,,,,,,,,,,
A15_118351,Bacillota,False,,,,,,,,,,,,,
A15_169860,Streptophyta,False,,,,,,,,,,,,,
A15_138605,Pseudomonadota,False,,,,,,,,,,,,,
A15_61518,Streptophyta,False,,,,,,,,,,,,,
A15_15584,Ascomycota,False,,,,,,,,,,,,,
A15_66591,Streptophyta,False,,,,,,,,,,,,,
A15_118015,Streptophyta,False,,,,,,,,,,,,,
A15_45785,Streptophyta,True,PG(P-15:2_12:0),PG(P-15:2_12:0)+NH4,PG,alkenyl-acyl,M+NH4,C,0.0460336094188424,bronze,0.2363525789172311,0.2788240999999996,1.0,1.0,C33 H65 N1 O9 P1
A15_57628,Basidiomycota,True,TG(48:11)+OO:(s),TG(48:11)+NH4+OO:(s),TG,triacyl,M+NH4,C,0.1023172400133014,bronze,1.236071965850223,0.174384956441278,1.0,1.0,C51 H80 N1 O8
A15_82858,Streptophyta,False,,,,,,,,,,,,,
A15_151730,Basidiomycota,True,DG(O-16:1_18:1),DG(O-16:1_18:1)+Na,DG,alkyl-acyl,M+Na,C,0.6004228478295127,bronze,0.5890819045010841,0.0023229117647058,1.0,3.0,C37 H70 Na1 O4
A15_3265,Streptophyta,False,,,,,,,,,,,,,
A15_53069,Streptophyta,False,,,,,,,,,,,,,
A15_54708,Streptophyta,False,,,,,,,,,,,,,
A15_34847,Streptophyta,False,,,,,,,,,,,,,
A15_103265,Streptophyta,True,TG(18:1_18:2)+O:(s),TG(18:1_18:2)+NH4+O:(s),TG,triacyl,M+NH4,B,0.4090109338025304,gold,1.5950091142775302,0.1299292819397326,3.0,4.0,C39 H72 N1 O7
A15_203658,Bacillota,False,,,,,,,,,,,,,
A15_63317,Streptophyta,False,,,,,,,,,,,,,
A15_135538,Streptophyta,True,DG(15:2_16:0),DG(15:2_16:0)+NH4,DG,diacyl,M+NH4,B,0.3980774114703141,gold,1.5732616515618754,0.1144653849307637,2.0,5.0,C34 H66 N1 O5
A15_1668,Streptophyta,False,,,,,,,,,,,,,
A15_171881,Streptophyta,False,,,,,,,,,,,,,
A15_140731,Bacillota,False,,,,,,,,,,,,,
A15_189206,Streptophyta,True,DG(37:6),DG(37:6)+NH4,DG,diacyl,M+NH4,C,0.1829236668965466,bronze,2.766903273210294,0.238289089689232,1.0,1.0,C40 H70 N1 O5
A15_56284,Streptophyta,False,,,,,,,,,,,,,
A15_191792,Streptophyta,True,AcHexStE(7:0),AcHexStE(7:0)+NH4,AcHexStE,acylHexSterolEsters,M+NH4,C,0.2826373883473092,bronze,2.980759831530283,0.1704609999999995,1.0,1.0,C42 H74 N1 O7
A15_168852,Pseudomonadota,True,PE(15:0_20:4),PE(15:0_20:4)+H,PE,diacyl,M+H,A,1.9553835684005592,gold,0.8503030701549771,0.1033779999999993,2.0,5.0,C40 H73 N1 O8 P1
A15_171131,Pseudomonadota,True,PE(15:0_20:4),PE(15:0_20:4)+H,PE,diacyl,M+H,A,1.9553835684005592,gold,2.10562489869635,0.1639219999999994,2.0,5.0,C40 H73 N1 O8 P1
A15_166898,Pseudomonadota,True,PE(15:0_20:4),PE(15:0_20:4)+H,PE,diacyl,M+H,A,1.9553835684005592,gold,0.8420443634996135,0.1984779999999997,2.0,4.0,C40 H73 N1 O8 P1
A15_36650,Streptophyta,False,,,,,,,,,,,,,
A15_214557,Streptophyta,False,,,,,,,,,,,,,
A15_106232,Streptophyta,True,DG(P-7:0_19:3),DG(P-7:0_19:3)+H,DG,alkenyl-acyl,M+H,B,0.2388147382236378,silver,2.390701726972989,0.0910350000000015,1.0,2.0,C29 H51 O4
A15_41339,Methanobacteriota,False,,,,,,,,,,,,,
A15_137683,Ascomycota,False,,,,,,,,,,,,,
A15_126161,Streptophyta,True,DG(15:2_16:0),DG(15:2_16:0)+H,DG,diacyl,M+H,B,0.4177535435454353,gold,2.0059516356382843,0.174673499999999,3.0,1.0,C34 H63 O5
A15_15535,Streptophyta,True,DG(P-7:0_13:1),DG(P-7:0_13:1)+NH4,DG,alkenyl-acyl,M+NH4,C,0.2500614583669435,silver,0.6652066586053856,0.021083572600304,2.0,1.0,C23 H46 N1 O4
A15_123498,Ascomycota,True,TG(18:2_16:0),TG(18:2_16:0)+Na,TG,triacyl,M+Na,C,1.2825579290132405,silver,2.745587980212153,0.0929676757217699,2.0,7.0,C37 H66 Na1 O6
A15_101624,Streptophyta,False,,,,,,,,,,,,,
A15_121561,Streptophyta,True,DG(P-13:1_20:2),DG(P-13:1_20:2)+Na,DG,alkenyl-acyl,M+Na,C,0.3487204618796963,bronze,0.6644375565435998,0.0680425042117942,1.0,2.0,C36 H64 Na1 O4
A15_193576,Streptophyta,False,,,,,,,,,,,,,
A15_23850,Methanobacteriota,False,,,,,,,,,,,,,
A15_127252,Streptophyta,True,MGDG(18:3_18:3),MGDG(18:3_18:3)+NH4,MGDG,Monogalactosyldiacylglycerol,M+NH4,A,0.8200795493309343,gold,0.9514236088040314,0.0833174924242428,12.0,2.0,C45 H78 N1 O10
A15_177160,Methanobacteriota,False,,,,,,,,,,,,,
A15_105961,Streptophyta,False,,,,,,,,,,,,,
A15_21661,Streptophyta,False,,,,,,,,,,,,,
A15_151557,Streptophyta,True,DG(18:1_20:5),DG(18:1_20:5)+H,DG,diacyl,M+H,A,0.7229105126004517,gold,1.179894445544067,0.2386850000000002,3.0,4.0,C41 H69 O5
A15_22531,Streptophyta,False,,,,,,,,,,,,,
A15_208852,Streptophyta,False,,,,,,,,,,,,,
A15_12944,Streptophyta,True,WE(O-23:4),WE(O-23:4)+NH4,WE,Wax monoesters,M+NH4,C,0.2378196016278753,silver,0.1411654779266638,0.091466231585108,10.0,2.0,C23 H42 N1 O2
A15_147634,Streptophyta,True,PC(18:2_16:0),PC(18:2_16:0)+Na,PC,diacyl,M+Na,B,1.7356848959186293,gold,2.616127312483727,0.2297669614057707,3.0,9.0,C42 H80 N1 Na1 O8 P1
A15_17547,Streptophyta,False,,,,,,,,,,,,,
A15_107623,Streptophyta,True,DG(16:2_16:3),DG(16:2_16:3)+H,DG,diacyl,M+H,A,0.5401392319592014,gold,1.3370463338888186,0.0611279024054098,2.0,5.0,C35 H59 O5
A15_75293,Streptophyta,False,,,,,,,,,,,,,
A15_154632,Streptophyta,False,,,,,,,,,,,,,
A15_151472,Streptophyta,True,TG(22:5_18:3_18:4)+OO:(s),TG(22:5_18:3_18:4)+H+OO:(s),TG,triacyl,M+H,C,0.143319990579781,bronze,0.5884610406307054,0.0368950511811014,1.0,1.0,C61 H95 O8
A15_151738,Streptophyta,False,,,,,,,,,,,,,
A15_57028,Streptophyta,False,,,,,,,,,,,,,
A15_160841,Streptophyta,False,,,,,,,,,,,,,
A15_177886,Streptophyta,False,,,,,,,,,,,,,
A15_141132,Bacillota,True,BisMePA(32:5),BisMePA(32:5)+NH4,BisMePA,diacyl,M+NH4,C,0.0727939110191515,bronze,3.423064797291623,0.2229019999999995,1.0,1.0,C37 H67 N1 O8 P1
A15_182298,Streptophyta,False,,,,,,,,,,,,,
A15_82064,Streptophyta,True,TG(18:2_18:3)+O:(s),TG(18:2_18:3)+NH4+O:(s),TG,triacyl,M+NH4,C,0.9784993727021096,silver,0.0984566143346113,0.2981847051832211,2.0,3.0,C39 H68 N1 O7
A15_101400,Basidiomycota,True,Hex1Cer(d18:1_15:1)+O:(s),Hex1Cer(d18:1_15:1)+H+O:(s),Hex1Cer,Ceramide monosaccharides,M+H,B,0.0963167981759955,bronze,0.4781491131961453,0.1209385712320951,1.0,2.0,C39 H74 N1 O9
A15_89216,Basidiomycota,False,,,,,,,,,,,,,
A15_141469,Streptophyta,True,PI(18:1_18:1),PI(18:1_18:1)+Na,PI,diacyl,M+Na,A,0.8340223216844804,gold,1.479208747105575,0.1337577279510551,5.0,3.0,C45 H83 Na1 O13 P1
A15_142199,Streptophyta,True,PI(18:1_18:1),PI(18:1_18:1)+Na,PI,diacyl,M+Na,A,0.8340223216844804,gold,0.1399288528619552,0.0211422720489444,5.0,3.0,C45 H83 Na1 O13 P1
A15_143038,Streptophyta,True,PI(18:1_18:1),PI(18:1_18:1)+Na,PI,diacyl,M+Na,A,0.8340223216844804,gold,0.5285831954375227,0.1858422720489443,5.0,2.0,C45 H83 Na1 O13 P1
A15_168219,Streptophyta,False,,,,,,,,,,,,,
A15_88222,Streptophyta,True,TG(21:0_16:3)+OO:(s),TG(21:0_16:3)+NH4+OO:(s),TG,triacyl,M+NH4,C,0.017828619874742,bronze,0.4109989001369953,0.2580653999999995,1.0,1.0,C40 H74 N1 O8
A15_173992,Pseudomonadota,True,PC(34:1),PC(34:1)+H,PC,diacyl,M+H,C,3.19722457733622,silver,3.863493613593664,0.0009891270778332,41.0,5.0,C42 H83 N1 O8 P1
A15_166762,Streptophyta,False,,,,,,,,,,,,,
A15_163112,Streptophyta,False,,,,,,,,,,,,,
A15_10361,Methanobacteriota,False,,,,,,,,,,,,,
A15_163491,Streptophyta,False,,,,,,,,,,,,,
A15_102261,Streptophyta,True,TG(20:2_18:3)+O:(s),TG(20:2_18:3)+NH4+O:(s),TG,triacyl,M+NH4,C,0.2702923566157673,bronze,0.6667605768129651,0.1946601705263155,1.0,2.0,C41 H72 N1 O7
A15_74516,Streptophyta,False,,,,,,,,,,,,,
A15_209007,Streptophyta,True,TG(34:2_18:3)+OO:(s),TG(34:2_18:3)+NH4+OO:(s),TG,triacyl,M+NH4,B,0.5221674058978644,gold,0.3490400431604354,0.2261600480918169,2.0,8.0,C55 H100 N1 O8
A15_89955,Streptophyta,False,,,,,,,,,,,,,
A15_64955,Streptophyta,True,TG(28:6_6:0_6:0)+O:(s),TG(28:6_6:0_6:0)+NH4+O:(s),TG,triacyl,M+NH4,C,0.1549176463867014,bronze,0.715488565003603,0.0212509442338078,1.0,1.0,C43 H74 N1 O7
A15_184270,Streptophyta,False,,,,,,,,,,,,,
A15_139079,Streptophyta,True,DG(O-13:1_23:4),DG(O-13:1_23:4)+Na,DG,alkyl-acyl,M+Na,C,0.3897348531904195,bronze,0.3262268468438768,0.1895631529504324,1.0,1.0,C39 H68 Na1 O4
A15_136547,Bacillota,True,PG(16:1_15:0),PG(16:1_15:0)+Na,PG,diacyl,M+Na,B,0.6871498274582128,gold,3.086404025179639,0.0996299182188398,2.0,4.0,C37 H71 Na1 O10 P1
A15_133264,Streptophyta,True,PC(O-25:7_13:1),PC(O-25:7_13:1)+Na,PC,alkyl-acyl,M+Na,C,0.5513577196034947,silver,1.9171598495333184,0.2314732100622301,4.0,3.0,C46 H78 N1 Na1 O7 P1
A15_4290,Streptophyta,False,,,,,,,,,,,,,
A15_128326,Streptophyta,False,,,,,,,,,,,,,
A15_146960,Pseudomonadota,True,PE(16:1_14:0),PE(16:1_14:0)+H,PE,diacyl,M+H,B,2.379056552488617,gold,0.6555675948761317,0.0628976401540715,12.0,15.0,C35 H69 N1 O8 P1
A15_184345,Streptophyta,True,DGDG(10:0_22:1),DGDG(10:0_22:1)+Na,DGDG,Digalactosyldiacylglycerol,M+Na,C,0.2300498855780026,silver,1.5727985408259042,0.1984260000000013,2.0,1.0,C47 H86 Na1 O15
A15_165481,Ascomycota,False,,,,,,,,,,,,,
A15_24244,Streptophyta,True,MG(18:3),MG(18:3)+NH4,MG,monoacyl,M+NH4,B,0.4838153568217357,gold,1.3201411305353674,0.2365286499999999,2.0,1.0,C21 H40 N1 O4
A15_97214,Bacillota,True,TG(17:2_17:0)+OO:(s),TG(17:2_17:0)+Na+OO:(s),TG,triacyl,M+Na,C,0.1481012693005002,bronze,3.8900568975524714,0.2117209671875013,1.0,1.0,C37 H66 Na1 O8
A15_134022,Streptophyta,True,PG(O-16:3_21:3),PG(O-16:3_21:3)+NH4,PG,alkyl-acyl,M+NH4,C,0.089011286944224,bronze,3.083530649199194,0.1219440000000009,1.0,2.0,C43 H79 N1 O9 P1
A15_107466,Ascomycota,True,PG(P-18:4_19:0),PG(P-18:4_19:0)+NH4,PG,alkenyl-acyl,M+NH4,C,0.0426497302269823,bronze,0.0551153446411934,0.1423430000000003,1.0,1.0,C43 H81 N1 O9 P1
A15_173846,Streptophyta,False,,,,,,,,,,,,,
A15_26698,Streptophyta,False,,,,,,,,,,,,,
A15_182155,Streptophyta,False,,,,,,,,,,,,,
A15_176459,Methanobacteriota,False,,,,,,,,,,,,,
A15_187378,Bacillota,False,,,,,,,,,,,,,
A15_61254,Basidiomycota,True,TG(48:11)+OO:(s),TG(48:11)+NH4+OO:(s),TG,triacyl,M+NH4,C,0.1023172400133014,bronze,1.2252881391983776,0.1690150435587218,1.0,1.0,C51 H80 N1 O8
A15_26305,Pseudomonadota,False,,,,,,,,,,,,,
A15_25367,Pseudomonadota,False,,,,,,,,,,,,,
A15_53177,Streptophyta,False,,,,,,,,,,,,,
A15_70687,Streptophyta,False,,,,,,,,,,,,,
A15_19630,Streptophyta,False,,,,,,,,,,,,,
A15_149119,Bacillota,True,DG(O-15:2_14:0),DG(O-15:2_14:0)+NH4,DG,alkyl-acyl,M+NH4,C,0.722935319286373,silver,0.4218122870911779,0.0400700000000018,2.0,1.0,C32 H64 N1 O4
A15_152948,Bacillota,True,DG(O-15:2_14:0),DG(O-15:2_14:0)+NH4,DG,alkyl-acyl,M+NH4,C,0.722935319286373,silver,0.7921946326801113,0.1331700000000015,2.0,1.0,C32 H64 N1 O4
A15_218362,Streptophyta,False,,,,,,,,,,,,,
A15_24725,Streptophyta,False,,,,,,,,,,,,,
A15_59693,Streptophyta,False,,,,,,,,,,,,,
A15_223710,Streptophyta,False,,,,,,,,,,,,,
A15_134776,Basidiomycota,True,DG(O-17:3_18:3),DG(O-17:3_18:3)+NH4,DG,alkyl-acyl,M+NH4,C,0.3600111831505099,bronze,4.932599264033931,0.1479487866666655,1.0,1.0,C38 H68 N1 O4
A15_126709,Basidiomycota,False,,,,,,,,,,,,,
A15_133049,Basidiomycota,True,DG(O-17:3_18:3),DG(O-17:3_18:3)+NH4,DG,alkyl-acyl,M+NH4,C,0.3600111831505099,bronze,4.8379963385753655,0.1823487866666653,1.0,1.0,C38 H68 N1 O4
A15_130392,Basidiomycota,True,DG(O-17:3_18:3),DG(O-17:3_18:3)+NH4,DG,alkyl-acyl,M+NH4,C,0.3600111831505099,bronze,4.811441128075983,0.2730487866666653,1.0,1.0,C38 H68 N1 O4
A15_176732,Streptophyta,True,Hex1Cer(d18:2_20:1),Hex1Cer(d18:2_20:1)+H,Hex1Cer,Ceramide monosaccharides,M+H,B,0.4862815059623956,gold,1.164813828125031,0.1553459999999979,2.0,3.0,C44 H82 N1 O8
A15_173164,Streptophyta,False,,,,,,,,,,,,,
A15_92562,Streptophyta,False,,,,,,,,,,,,,
A15_131098,Streptophyta,True,TG(19:2_16:0)+O:(s),TG(19:2_16:0)+NH4+O:(s),TG,triacyl,M+NH4,B,0.5716989309862865,gold,0.090729159501591,0.2575077120418854,2.0,4.0,C38 H72 N1 O7
A15_98286,Streptophyta,True,TG(18:3_18:2),TG(18:3_18:2)+Na,TG,triacyl,M+Na,C,0.3741579444297059,bronze,1.1683174534022,0.1592400000000005,1.0,2.0,C39 H64 Na1 O6
A15_120738,Streptophyta,True,DG(P-18:4_16:0),DG(P-18:4_16:0)+H,DG,alkenyl-acyl,M+H,C,0.8942917854542467,silver,0.7738172529439554,0.1142705045672389,10.0,5.0,C37 H65 O4
A15_173361,Streptophyta,True,DG(O-18:1_18:2),DG(O-18:1_18:2)+Na,DG,alkyl-acyl,M+Na,C,0.3206402218800737,bronze,2.3382200863874494,0.0793549309362937,1.0,4.0,C39 H72 Na1 O4
A15_58246,Streptophyta,False,,,,,,,,,,,,,
A15_121890,Ascomycota,True,TG(18:1_18:2),TG(18:1_18:2)+Na,TG,triacyl,M+Na,C,0.6389663877209008,silver,0.4459961684049889,0.0576014999999987,2.0,2.0,C39 H68 Na1 O6
A15_189724,Streptophyta,False,,,,,,,,,,,,,
A15_193302,Streptophyta,False,,,,,,,,,,,,,
A15_194063,Streptophyta,False,,,,,,,,,,,,,
A15_191667,Streptophyta,False,,,,,,,,,,,,,
A15_154232,Bacillota,False,,,,,,,,,,,,,
A15_191902,Streptophyta,True,PI(19:2_18:2),PI(19:2_18:2)+H,PI,diacyl,M+H,C,0.063438878767481,bronze,0.2568769961509495,0.0793895675675671,1.0,2.0,C46 H82 O13 P1
A15_30986,Basidiomycota,True,DG(23:6_2:0),DG(23:6_2:0)+H,DG,diacyl,M+H,B,0.2142019903397266,gold,1.9769861277195075,0.1103976281364471,2.0,2.0,C28 H43 O5
A15_131020,Streptophyta,False,,,,,,,,,,,,,
A15_13482,Streptophyta,False,,,,,,,,,,,,,
A15_56809,Mucoromycota,False,,,,,,,,,,,,,
A15_160230,Streptophyta,True,DG(16:0_18:3),DG(16:0_18:3)+H,DG,diacyl,M+H,A,1.0114430517660546,gold,0.0443022695624015,0.2842675000000003,13.0,4.0,C37 H67 O5
A15_160888,Streptophyta,True,DGDG(16:0_18:2),DGDG(16:0_18:2)+NH4,DGDG,Digalactosyldiacylglycerol,M+NH4,A,1.3166030471297212,gold,0.928738316700457,0.0425619283867337,20.0,3.0,C49 H92 N1 O15
A15_158548,Streptophyta,False,,,,,,,,,,,,,
A15_61667,Streptophyta,False,,,,,,,,,,,,,
A15_138772,Pseudomonadota,True,PG(O-36:5),PG(O-36:5)+NH4,PG,alkyl-acyl,M+NH4,C,0.0194038828482694,bronze,1.8258758512620947,0.0162890000000004,1.0,1.0,C42 H79 N1 O9 P1
A15_114963,Streptophyta,True,TG(18:0_18:4),TG(18:0_18:4)+NH4,TG,triacyl,M+NH4,B,0.6771427971201809,gold,1.0574193665834033,0.0343680866626119,8.0,7.0,C39 H70 N1 O6
A15_37142,Ascomycota,True,DG(25:6),DG(25:6)+NH4,DG,diacyl,M+NH4,C,0.1419719128705607,silver,0.2499816234578852,0.2105532999999999,3.0,2.0,C28 H46 N1 O5
A15_35908,Ascomycota,True,DG(25:6),DG(25:6)+NH4,DG,diacyl,M+NH4,C,0.1419719128705607,silver,0.3234590283891442,0.1950533000000005,3.0,2.0,C28 H46 N1 O5
A15_24420,Basidiomycota,True,DG(P-25:6),DG(P-25:6)+H,DG,alkenyl-acyl,M+H,C,0.3014946966283113,silver,0.893273800387839,0.0530864890087245,4.0,2.0,C28 H43 O4
A15_150343,Streptophyta,False,,,,,,,,,,,,,
A15_139169,Heterolobosea,False,,,,,,,,,,,,,
A15_74506,Streptophyta,False,,,,,,,,,,,,,
A15_88683,Streptophyta,True,DGDG(16:3_17:3),DGDG(16:3_17:3)+NH4,DGDG,Digalactosyldiacylglycerol,M+NH4,B,0.5644257198127346,silver,0.8100343824539318,0.1906874999999992,1.0,2.0,C48 H82 N1 O15
A15_123449,Ascomycota,False,,,,,,,,,,,,,
A15_168684,Streptophyta,True,TG(18:3_18:3_18:4)+OO:(s),TG(18:3_18:3_18:4)+NH4+OO:(s),TG,triacyl,M+NH4,A,0.3233744542911272,gold,4.279601607336057,0.2224965000000001,2.0,1.0,C57 H94 N1 O8
A15_20711,Mucoromycota,True,PC(19:2),PC(19:2)+H,PC,diacyl,M+H,C,2.724034205365044,silver,1.90335648297746,0.0904235999999998,10.0,3.0,C27 H51 N1 O8 P1
A15_102943,Basidiomycota,False,,,,,,,,,,,,,
A15_100966,Basidiomycota,False,,,,,,,,,,,,,
A15_202758,Streptophyta,True,TG(18:2_18:2_18:3)+OO:(s),TG(18:2_18:2_18:3)+NH4+OO:(s),TG,triacyl,M+NH4,A,0.5525539229548718,gold,2.543962006243769,0.0491162536549723,6.0,8.0,C57 H100 N1 O8
A15_119606,Streptophyta,False,,,,,,,,,,,,,
A15_30684,Streptophyta,False,,,,,,,,,,,,,
A15_201399,Streptophyta,True,Cer(d18:2_22:2),Cer(d18:2_22:2)+H,Cer,acylsphingosines,M+H,C,0.10798902084204,silver,0.6388005598490856,0.1899930000000012,2.0,2.0,C40 H74 N1 O3
A15_204223,Streptophyta,True,Cer(d18:2_22:2),Cer(d18:2_22:2)+H,Cer,acylsphingosines,M+H,C,0.6874687856126045,silver,1.017286862382324,0.2649766984442863,4.0,3.0,C40 H74 N1 O3
A15_202960,Streptophyta,True,Cer(d18:2_22:2),Cer(d18:2_22:2)+H,Cer,acylsphingosines,M+H,C,0.6874687856126045,silver,1.1405503843022755,0.2842766984442839,4.0,3.0,C40 H74 N1 O3
A15_199858,Streptophyta,True,Cer(d18:2_22:2),Cer(d18:2_22:2)+H,Cer,acylsphingosines,M+H,C,0.10798902084204,silver,0.7409795609128615,0.1584930000000035,2.0,1.0,C40 H74 N1 O3
A15_197910,Streptophyta,True,Cer(d18:2_22:2),Cer(d18:2_22:2)+H,Cer,acylsphingosines,M+H,C,0.10798902084204,silver,1.2470085912075128,0.0270930000000007,2.0,1.0,C40 H74 N1 O3
A15_105953,Streptophyta,False,,,,,,,,,,,,,
A15_132508,Streptophyta,False,,,,,,,,,,,,,
A15_211302,Streptophyta,True,TG(36:9_27:6),TG(36:9_27:6)+NH4,TG,triacyl,M+NH4,C,0.0309720309013587,bronze,4.75356250212075,0.2333175393258422,1.0,1.0,C66 H102 N1 O6
A15_17990,Streptophyta,False,,,,,,,,,,,,,
A15_157552,Pseudomonadota,True,TG(46:10),TG(46:10)+NH4,TG,triacyl,M+NH4,C,0.0824694877370652,bronze,2.809204125419782,0.0212269999999996,1.0,2.0,C49 H78 N1 O6
A15_41448,Streptophyta,False,,,,,,,,,,,,,
A15_37896,Streptophyta,False,,,,,,,,,,,,,
A15_33939,Streptophyta,False,,,,,,,,,,,,,
A15_206657,Discosea,False,,,,,,,,,,,,,
A15_132226,Streptophyta,True,DG(P-18:4_16:1),DG(P-18:4_16:1)+H,DG,alkenyl-acyl,M+H,C,0.3644101964613004,bronze,0.3688229609261839,0.0138680000000004,1.0,2.0,C37 H63 O4
A15_166438,Streptophyta,False,,,,,,,,,,,,,
A15_127881,Streptophyta,True,TG(O-10:0_6:0_22:6),TG(O-10:0_6:0_22:6)+H,TG,alkyl-acyl,M+H,C,0.4224115268246552,bronze,0.0047945835050612,0.0590220000000005,1.0,1.0,C41 H69 O5
A15_172090,Streptophyta,False,,,,,,,,,,,,,
A15_123956,Streptophyta,False,,,,,,,,,,,,,
A15_110754,Streptophyta,False,,,,,,,,,,,,,
A15_86691,Ascomycota,False,,,,,,,,,,,,,
A15_2607,Streptophyta,False,,,,,,,,,,,,,
A15_119198,Streptophyta,True,DG(18:3_18:4),DG(18:3_18:4)+H,DG,diacyl,M+H,A,0.7842354418145752,gold,0.0813916592001609,0.2207520350530778,7.0,9.0,C39 H63 O5
A15_62058,Streptophyta,True,DG(18:3_18:4),DG(18:3_18:4)+H,DG,diacyl,M+H,A,1.2314893057915757,gold,0.20620701527618,0.0323813499999987,3.0,6.0,C39 H63 O5
A15_83586,Streptophyta,False,,,,,,,,,,,,,
A15_107942,Streptophyta,False,,,,,,,,,,,,,
A15_190681,Streptophyta,True,PI(22:6_18:1),PI(22:6_18:1)+H,PI,diacyl,M+H,C,0.0195247004423282,bronze,1.392731950604851,0.1274970000000017,1.0,1.0,C49 H82 O13 P1
A15_1337,Streptophyta,False,,,,,,,,,,,,,
A15_211162,Streptophyta,False,,,,,,,,,,,,,
A15_141461,Streptophyta,False,,,,,,,,,,,,,
A15_147129,Streptophyta,True,MGDG(20:4_20:4),MGDG(20:4_20:4)+NH4,MGDG,Monogalactosyldiacylglycerol,M+NH4,A,0.5788156442998813,gold,2.2828492721414024,0.090864999999999,8.0,1.0,C49 H82 N1 O10
A15_107543,Streptophyta,True,DG(O-24:4),DG(O-24:4)+NH4,DG,alkyl-acyl,M+NH4,C,0.1613186103030942,bronze,1.3618930904665911,0.0117473567676107,1.0,1.0,C27 H50 N1 O4
A15_103359,Streptophyta,False,,,,,,,,,,,,,
A15_214068,Bacillota,False,,,,,,,,,,,,,
A15_187498,Streptophyta,True,PI(22:6_18:1),PI(22:6_18:1)+H,PI,diacyl,M+H,C,0.0195247004423282,bronze,0.6187219379250382,0.2142969999999984,1.0,1.0,C49 H82 O13 P1
A15_129258,Streptophyta,False,,,,,,,,,,,,,
A15_152086,Streptophyta,False,,,,,,,,,,,,,
A15_150248,Streptophyta,False,,,,,,,,,,,,,
A15_168539,Streptophyta,False,,,,,,,,,,,,,
A15_186235,Streptophyta,True,DG(O-37:8),DG(O-37:8)+NH4,DG,alkyl-acyl,M+NH4,C,0.2440432045962852,silver,2.685664643857317,0.0340400000000009,2.0,1.0,C40 H68 N1 O4
A15_142526,Streptophyta,False,,,,,,,,,,,,,
A15_83214,Streptophyta,False,,,,,,,,,,,,,
A15_207174,Streptophyta,False,,,,,,,,,,,,,
A15_109574,Streptophyta,False,,,,,,,,,,,,,
A15_85867,Streptophyta,False,,,,,,,,,,,,,
A15_98862,Streptophyta,False,,,,,,,,,,,,,
A15_79415,Streptophyta,True,DG(16:3_16:3),DG(16:3_16:3)+H,DG,diacyl,M+H,A,0.4557680458863534,silver,1.957103029768818,0.1314009000000009,1.0,2.0,C35 H57 O5
A15_142915,Streptophyta,False,,,,,,,,,,,,,
A15_77423,Streptophyta,False,,,,,,,,,,,,,
A15_181595,Basidiomycota,False,,,,,,,,,,,,,
A15_100186,Streptophyta,True,TG(16:2_18:2),TG(16:2_18:2)+NH4,TG,triacyl,M+NH4,C,0.2965934913327069,silver,1.7883831848934866,0.2011047023665373,2.0,3.0,C37 H66 N1 O6
A15_33848,Streptophyta,False,,,,,,,,,,,,,
A15_77216,Streptophyta,False,,,,,,,,,,,,,
A15_125598,Streptophyta,False,,,,,,,,,,,,,
A15_148603,Streptophyta,True,DGDG(16:0_18:3),DGDG(16:0_18:3)+NH4,DGDG,Digalactosyldiacylglycerol,M+NH4,A,1.2500084428751068,gold,0.0344746423187446,0.1340322183559035,23.0,4.0,C49 H90 N1 O15
A15_172412,Bacillota,False,,,,,,,,,,,,,
A15_65933,Streptophyta,True,TG(15:0_18:4),TG(15:0_18:4)+NH4,TG,triacyl,M+NH4,C,0.5164547841244533,bronze,0.8524557169533337,0.0958175000000007,1.0,2.0,C36 H64 N1 O6
A15_83708,Streptophyta,False,,,,,,,,,,,,,
A15_182917,Actinomycetota,False,,,,,,,,,,,,,
A15_48622,Streptophyta,False,,,,,,,,,,,,,
A15_110631,Streptophyta,False,,,,,,,,,,,,,
A15_120881,Streptophyta,False,,,,,,,,,,,,,
A15_123355,Streptophyta,False,,,,,,,,,,,,,
A15_207617,Streptophyta,True,TG(36:5_16:0)+O:(s),TG(36:5_16:0)+NH4+O:(s),TG,triacyl,M+NH4,B,0.7211166869009507,gold,2.4003282229384704,0.0556860000000014,2.0,6.0,C55 H100 N1 O7
A15_166261,Streptophyta,True,DG(18:1_28:6),DG(18:1_28:6)+H,DG,diacyl,M+H,C,0.0440864998827059,bronze,3.0462761829178597,0.0109594912985269,1.0,1.0,C49 H83 O5
A15_23369,Streptophyta,False,,,,,,,,,,,,,
A15_212856,Streptophyta,False,,,,,,,,,,,,,
A15_124109,Streptophyta,False,,,,,,,,,,,,,
A15_66500,Streptophyta,False,,,,,,,,,,,,,
A15_92302,Basidiomycota,False,,,,,,,,,,,,,
A15_58322,Streptophyta,True,TG(17:0_4:0_4:0),TG(17:0_4:0_4:0)+NH4,TG,triacyl,M+NH4,C,0.1039478706565303,silver,0.9172289611536932,0.0123009979174897,10.0,5.0,C28 H56 N1 O6
A15_211896,Streptophyta,False,,,,,,,,,,,,,
A15_78188,Bacillota,True,WE(O-26:2),WE(O-26:2)+Na,WE,Wax monoesters,M+Na,C,0.3703648383731259,silver,1.0358207744581784,0.0109857922844245,7.0,1.0,C26 H48 Na1 O2
A15_47625,Streptophyta,False,,,,,,,,,,,,,
A15_85973,Streptophyta,False,,,,,,,,,,,,,
A15_79676,Ascomycota,False,,,,,,,,,,,,,
A15_221698,Streptophyta,True,DG(O-44:7),DG(O-44:7)+NH4,DG,alkyl-acyl,M+NH4,C,0.2373890237028224,bronze,0.2698962057967116,0.1541600000000009,1.0,1.0,C47 H84 N1 O4
A15_224168,Bacillota,True,TG(10:0_14:0_16:0),TG(10:0_14:0_16:0)+NH4,TG,triacyl,M+NH4,A,0.680105319973745,gold,0.0794476638995781,0.1495689999999996,7.0,14.0,C43 H86 N1 O6
A15_70602,Basidiomycota,True,DG(P-25:6),DG(P-25:6)+H,DG,alkenyl-acyl,M+H,C,0.4772547096928067,silver,3.348005627966185,0.0304795355429261,4.0,1.0,C28 H43 O4
A15_117582,Streptophyta,False,,,,,,,,,,,,,
A15_123488,Streptophyta,True,MGDG(20:5_20:5),MGDG(20:5_20:5)+NH4,MGDG,Monogalactosyldiacylglycerol,M+NH4,B,0.662482143509771,gold,3.9645322944217134,0.1840780192231061,8.0,3.0,C49 H78 N1 O10
A15_16597,Streptophyta,False,,,,,,,,,,,,,
A15_208063,Streptophyta,True,DG(O-28:8_16:1),DG(O-28:8_16:1)+NH4,DG,alkyl-acyl,M+NH4,C,0.0650139505286762,bronze,1.4871295610536188,0.1199370000000001,1.0,1.0,C47 H80 N1 O4
A15_36707,Streptophyta,False,,,,,,,,,,,,,
A15_114645,Streptophyta,False,,,,,,,,,,,,,
A15_86326,Streptophyta,True,TG(3:0_8:0_16:0),TG(3:0_8:0_16:0)+NH4,TG,triacyl,M+NH4,B,0.5757709961030727,silver,0.3409900392636775,0.2908606999999996,1.0,3.0,C30 H60 N1 O6
A15_129864,Streptophyta,False,,,,,,,,,,,,,
A15_170102,Streptophyta,True,TG(16:1_18:2_18:3),TG(16:1_18:2_18:3)+Na,TG,triacyl,M+Na,A,0.6223112525978989,silver,1.1511690086273971,0.1321850480682993,1.0,3.0,C55 H94 Na1 O6
A15_61160,Streptophyta,False,,,,,,,,,,,,,
A15_223193,Streptophyta,False,,,,,,,,,,,,,
A15_169055,Streptophyta,False,,,,,,,,,,,,,
A15_138540,Streptophyta,True,DG(P-18:4_16:0),DG(P-18:4_16:0)+H,DG,alkenyl-acyl,M+H,C,0.6885179807076023,silver,0.9576582554947054,0.1465371291089283,7.0,5.0,C37 H65 O4
A15_18586,Basidiomycota,False,,,,,,,,,,,,,
A15_112654,Pseudomonadota,False,,,,,,,,,,,,,
A15_107389,Pseudomonadota,False,,,,,,,,,,,,,
A15_150335,Streptophyta,False,,,,,,,,,,,,,
A15_97625,Streptophyta,False,,,,,,,,,,,,,
A15_61983,Streptophyta,True,TG(15:0_18:4),TG(15:0_18:4)+NH4,TG,triacyl,M+NH4,C,0.5164547841244533,bronze,0.6479950179516651,0.0026175000000003,1.0,2.0,C36 H64 N1 O6
A15_60743,Streptophyta,False,,,,,,,,,,,,,
A15_140259,Streptophyta,False,,,,,,,,,,,,,
A15_217072,Streptophyta,True,DG(O-23:1_20:6),DG(O-23:1_20:6)+NH4,DG,alkyl-acyl,M+NH4,C,0.0896467000576423,bronze,3.669586216946726,0.1938747846989379,1.0,1.0,C46 H82 N1 O4
A15_98847,Streptophyta,False,,,,,,,,,,,,,
A15_117039,Streptophyta,False,,,,,,,,,,,,,
A15_138434,Streptophyta,False,,,,,,,,,,,,,
A15_152229,Streptophyta,True,PG(16:1_18:1),PG(16:1_18:1)+NH4,PG,diacyl,M+NH4,A,1.0079503254992446,gold,1.7561606881354646,0.107913849240786,9.0,12.0,C40 H79 N1 O10 P1
A15_2340,Streptophyta,False,,,,,,,,,,,,,
A15_94370,Streptophyta,True,TG(18:3_16:0)+OO:(s),TG(18:3_16:0)+NH4+OO:(s),TG,triacyl,M+NH4,B,0.5902059719897423,gold,0.9059851242718828,0.2174415352792635,8.0,4.0,C37 H68 N1 O8
A15_156668,Streptophyta,True,DG(P-15:2_19:1),DG(P-15:2_19:1)+H,DG,alkenyl-acyl,M+H,C,1.0,silver,0.6076886062275821,0.1188160000000007,6.0,5.0,C37 H67 O4
A15_104896,Streptophyta,False,,,,,,,,,,,,,
A15_152325,Bacillota,True,PE(18:2_15:0),PE(18:2_15:0)+H,PE,diacyl,M+H,B,1.8995448555310637,gold,0.8700015730969948,0.1994223830578612,8.0,14.0,C38 H73 N1 O8 P1
A15_64859,Streptophyta,True,TG(21:3_4:0_4:0),TG(21:3_4:0_4:0)+NH4,TG,triacyl,M+NH4,C,0.0628404752425073,bronze,1.227218241891205,0.0625657944660122,1.0,1.0,C32 H58 N1 O6
A15_176994,Streptophyta,False,,,,,,,,,,,,,
A15_166436,Streptophyta,False,,,,,,,,,,,,,
A15_117216,Streptophyta,False,,,,,,,,,,,,,
A15_139174,Bacillota,True,PE(33:3),PE(33:3)+H,PE,diacyl,M+H,C,2.125928170388329,silver,0.3456802578581435,0.0681263173939292,7.0,10.0,C38 H71 N1 O8 P1
A15_138196,Bacillota,True,PE(33:3),PE(33:3)+H,PE,diacyl,M+H,C,2.125928170388329,silver,2.505588845523577,0.1286263173939286,7.0,9.0,C38 H71 N1 O8 P1
A15_139053,Bacillota,True,PE(33:3),PE(33:3)+H,PE,diacyl,M+H,C,2.125928170388329,silver,0.7939370043410482,0.0725263173939296,7.0,10.0,C38 H71 N1 O8 P1
A15_204431,Streptophyta,True,TG(49:15_18:3),TG(49:15_18:3)+NH4,TG,triacyl,M+NH4,C,0.7503126089493724,silver,0.875268190095202,0.2991470000000014,7.0,1.0,C70 H104 N1 O6
A15_131891,Streptophyta,True,BisMePA(31:3),BisMePA(31:3)+NH4,BisMePA,diacyl,M+NH4,C,0.6640474374317646,silver,0.1875773451675293,0.1960943073962298,2.0,5.0,C36 H69 N1 O8 P1
A15_89136,Streptophyta,False,,,,,,,,,,,,,
A15_51215,Ascomycota,False,,,,,,,,,,,,,
A15_117413,Streptophyta,True,PC(P-25:8_13:0),PC(P-25:8_13:0)+Na,PC,alkenyl-acyl,M+Na,C,0.1397240425416936,bronze,2.6802184451839586,0.123802154306114,1.0,2.0,C46 H76 N1 Na1 O7 P1
A15_102560,Streptophyta,True,Hex1Cer(d16:2_19:2)+O:(s),Hex1Cer(d16:2_19:2)+H+O:(s),Hex1Cer,Ceramide monosaccharides,M+H,B,0.7851014134278828,silver,0.4645540783442266,0.2157900000000001,1.0,1.0,C41 H74 N1 O9
A15_74861,Streptophyta,True,TG(6:0_9:0_18:4),TG(6:0_9:0_18:4)+NH4,TG,triacyl,M+NH4,A,0.281776605019726,silver,0.5495725214705709,0.0065606577705592,1.0,2.0,C36 H64 N1 O6
A15_174077,Streptophyta,True,DG(P-17:3_18:1),DG(P-17:3_18:1)+NH4,DG,alkenyl-acyl,M+NH4,C,0.8511865645954807,silver,2.9992507860283686,0.0703261098149141,4.0,2.0,C38 H70 N1 O4
A15_1267,Streptophyta,False,,,,,,,,,,,,,
A15_6138,Bacillota,False,,,,,,,,,,,,,
A15_10327,Bacillota,False,,,,,,,,,,,,,
A15_8025,Bacillota,False,,,,,,,,,,,,,
A15_148608,Streptophyta,True,PE(16:1_16:1),PE(16:1_16:1)+H,PE,diacyl,M+H,A,1.6967738325583668,gold,0.7270435472709599,0.0223996823734733,11.0,18.0,C37 H71 N1 O8 P1
A15_79437,Streptophyta,False,,,,,,,,,,,,,
A15_18141,Basidiomycota,False,,,,,,,,,,,,,
A15_118157,Streptophyta,True,DG(16:2_18:3),DG(16:2_18:3)+NH4,DG,diacyl,M+NH4,A,0.6646464926643996,gold,1.158126413987319,0.0207339319940089,3.0,2.0,C37 H66 N1 O5
A15_115741,Streptophyta,True,DG(16:2_18:3),DG(16:2_18:3)+NH4,DG,diacyl,M+NH4,A,0.6646464926643996,gold,0.0663016375918494,0.0869339319940092,3.0,2.0,C37 H66 N1 O5
A15_32711,Streptophyta,False,,,,,,,,,,,,,
A15_31106,Streptophyta,False,,,,,,,,,,,,,
A15_110187,Streptophyta,True,DG(O-16:2_18:3),DG(O-16:2_18:3)+Na,DG,alkyl-acyl,M+Na,C,0.5160927080702892,silver,0.6880571945297772,0.0235070000000003,3.0,2.0,C37 H64 Na1 O4
A15_90615,Streptophyta,False,,,,,,,,,,,,,
A15_90791,Streptophyta,True,PG(19:3_18:2),PG(19:3_18:2)+NH4,PG,diacyl,M+NH4,C,0.0492117689814318,bronze,1.1524923511676604,0.1991312999999994,1.0,1.0,C43 H79 N1 O10 P1
A15_150541,Streptophyta,True,PA(16:0_18:3),PA(16:0_18:3)+NH4,PA,diacyl,M+NH4,A,2.166166918047948,gold,1.0787045121377803,0.2768765304476392,15.0,15.0,C37 H71 N1 O8 P1
A15_212394,Bacillota,False,,,,,,,,,,,,,
A15_214844,Bacillota,False,,,,,,,,,,,,,
A15_214109,Bacillota,False,,,,,,,,,,,,,
A15_210761,Bacillota,False,,,,,,,,,,,,,
A15_47643,Streptophyta,False,,,,,,,,,,,,,
A15_78634,Streptophyta,True,PG(16:1_18:4),PG(16:1_18:4)+H,PG,diacyl,M+H,A,0.7329451741269637,gold,0.0531743343635239,0.1860494250993083,3.0,2.0,C40 H70 O10 P1
A15_73694,Streptophyta,True,TG(6:0_9:0_18:4),TG(6:0_9:0_18:4)+NH4,TG,triacyl,M+NH4,A,0.281776605019726,silver,1.1233813827905843,0.1145606577705589,1.0,2.0,C36 H64 N1 O6
A15_59643,Basidiomycota,True,TG(48:11)+OO:(s),TG(48:11)+NH4+OO:(s),TG,triacyl,M+NH4,C,0.1023172400133014,bronze,0.8766112018374069,0.0546849564412781,1.0,1.0,C51 H80 N1 O8
A15_48150,Streptophyta,True,PG(P-15:2_12:0),PG(P-15:2_12:0)+NH4,PG,alkenyl-acyl,M+NH4,C,0.0460336094188424,bronze,0.1979170557711823,0.1711240999999992,1.0,1.0,C33 H65 N1 O9 P1
A15_173618,Mucoromycota,False,,,,,,,,,,,,,
A15_44911,Streptophyta,False,,,,,,,,,,,,,
A15_24952,Pseudomonadota,False,,,,,,,,,,,,,
A15_23636,Pseudomonadota,False,,,,,,,,,,,,,
A15_60794,Basidiomycota,False,,,,,,,,,,,,,
A15_62991,Basidiomycota,False,,,,,,,,,,,,,
A15_161405,Streptophyta,True,PA(25:0_16:0),PA(25:0_16:0)+NH4,PA,diacyl,M+NH4,C,0.5085459750584997,silver,0.5410572896831309,0.1923129627685096,8.0,3.0,C44 H91 N1 O8 P1
A15_168682,Streptophyta,False,,,,,,,,,,,,,
A15_70336,Streptophyta,True,DG(18:3_14:2),DG(18:3_14:2)+Na,DG,diacyl,M+Na,C,0.6999994660351182,silver,0.405413983017461,0.0914561732664358,2.0,3.0,C35 H58 Na1 O5
A15_68228,Streptophyta,True,DG(18:3_14:2),DG(18:3_14:2)+Na,DG,diacyl,M+Na,C,0.6999994660351182,silver,0.7624181686525392,0.0016438267335647,2.0,2.0,C35 H58 Na1 O5
A15_73642,Streptophyta,True,DG(14:2_18:3),DG(14:2_18:3)+Na,DG,diacyl,M+Na,B,0.2648844997517676,silver,3.1543624285384926,0.2662807999999996,1.0,4.0,C35 H58 Na1 O5
A15_164517,Pseudomonadota,True,DG(O-13:0_19:0),DG(O-13:0_19:0)+Na,DG,alkyl-acyl,M+Na,C,0.2895687128062507,bronze,4.12723289859666,0.2387870000000003,1.0,1.0,C35 H70 Na1 O4
A15_144690,Bacillota,True,PE(14:0_15:0),PE(14:0_15:0)+H,PE,diacyl,M+H,B,2.751344487387384,gold,0.7141013962836503,0.2253699999999998,4.0,9.0,C34 H69 N1 O8 P1
A15_14384,Streptophyta,False,,,,,,,,,,,,,
A15_220943,Streptophyta,False,,,,,,,,,,,,,
A15_83375,Streptophyta,True,PG(18:1_18:3),PG(18:1_18:3)+NH4,PG,diacyl,M+NH4,C,0.4807963221271881,silver,4.955789750541835,0.1536443138571535,2.0,4.0,C42 H79 N1 O10 P1
A15_72567,Streptophyta,True,PG(16:1_18:4),PG(16:1_18:4)+NH4,PG,diacyl,M+NH4,A,0.7643039493039524,silver,1.930870813941162,0.1526443000000004,1.0,2.0,C40 H73 N1 O10 P1
A15_42789,Streptophyta,False,,,,,,,,,,,,,
A15_48340,Basidiomycota,True,WE(O-26:5),WE(O-26:5)+Na,WE,Wax monoesters,M+Na,C,0.2812362664114178,silver,0.0275036943093977,0.0077599211605932,3.0,2.0,C26 H42 Na1 O2
A15_106668,Streptophyta,True,DG(18:4_18:4),DG(18:4_18:4)+H,DG,diacyl,M+H,A,0.5360427988355002,silver,0.3592479890265254,0.1594429999999995,1.0,4.0,C39 H61 O5
A15_39806,Streptophyta,False,,,,,,,,,,,,,
A15_51926,Streptophyta,True,TG(25:6_9:0)+OO:(s),TG(25:6_9:0)+NH4+OO:(s),TG,triacyl,M+NH4,C,0.028216588571049,bronze,1.986631517884014,0.0373650822922977,1.0,1.0,C37 H62 N1 O8
A15_128079,Streptophyta,True,DGDG(14:0_18:3),DGDG(14:0_18:3)+NH4,DGDG,Digalactosyldiacylglycerol,M+NH4,A,1.2266359468765171,gold,0.8520229371387092,0.2873404519280296,8.0,3.0,C47 H86 N1 O15
A15_161666,Streptophyta,True,PC(31:0),PC(31:0)+H,PC,diacyl,M+H,C,1.0,silver,1.2749409318105809,0.0802425000000006,2.0,1.0,C39 H79 N1 O8 P1
A15_162313,Streptophyta,True,PC(31:0),PC(31:0)+H,PC,diacyl,M+H,C,1.0,silver,1.1153410752463688,0.0975425000000012,2.0,1.0,C39 H79 N1 O8 P1
A15_64346,Streptophyta,False,,,,,,,,,,,,,
A15_123132,Streptophyta,True,DGDG(14:0_18:3),DGDG(14:0_18:3)+Na,DGDG,Digalactosyldiacylglycerol,M+Na,C,0.2281586654648967,silver,2.845506125940621,0.0299711234419266,2.0,1.0,C47 H82 Na1 O15
A15_27573,Basidiomycota,False,,,,,,,,,,,,,
A15_16105,Basidiomycota,False,,,,,,,,,,,,,
A15_5097,Streptophyta,False,,,,,,,,,,,,,
A15_221122,Streptophyta,False,,,,,,,,,,,,,
A15_193504,Streptophyta,True,TG(18:3_18:3_18:4)+O:(s),TG(18:3_18:3_18:4)+H+O:(s),TG,triacyl,M+H,C,0.0737203576820195,bronze,4.492506389397581,0.047630999999999,1.0,1.0,C57 H91 O7
A15_138176,Streptophyta,False,,,,,,,,,,,,,
A15_182230,Actinomycetota,False,,,,,,,,,,,,,
A15_54213,Streptophyta,False,,,,,,,,,,,,,
A15_129487,Streptophyta,True,DG(18:3_20:4),DG(18:3_20:4)+H,DG,diacyl,M+H,A,0.2548290470261397,silver,1.369887506506381,0.0856287102396518,1.0,9.0,C41 H67 O5
A15_164139,Streptophyta,False,,,,,,,,,,,,,
A15_65371,Streptophyta,True,DG(P-7:0_19:3),DG(P-7:0_19:3)+H,DG,alkenyl-acyl,M+H,B,0.2386396585758581,gold,0.971220979117774,0.0413927499999999,2.0,4.0,C29 H51 O4
A15_122700,Streptophyta,True,MGDG(18:3_18:3),MGDG(18:3_18:3)+NH4,MGDG,Monogalactosyldiacylglycerol,M+NH4,A,0.6582325157700897,gold,0.1046532240188767,0.0553500000000006,5.0,1.0,C45 H78 N1 O10
A15_81237,Streptophyta,False,,,,,,,,,,,,,
A15_4447,Streptophyta,False,,,,,,,,,,,,,
A15_113194,Actinomycetota,False,,,,,,,,,,,,,
A15_112320,Actinomycetota,False,,,,,,,,,,,,,
A15_102060,Streptophyta,True,PC(34:4),PC(34:4)+H,PC,diacyl,M+H,C,1.849971602748406,silver,0.5776007058054967,0.1204761486131325,14.0,4.0,C42 H77 N1 O8 P1
A15_71687,Streptophyta,True,TG(6:0_9:0_18:4),TG(6:0_9:0_18:4)+NH4,TG,triacyl,M+NH4,A,0.281776605019726,silver,0.8744011819752404,0.1644606577705589,1.0,2.0,C36 H64 N1 O6
A15_165794,Streptophyta,False,,,,,,,,,,,,,
A15_87261,Basidiomycota,False,,,,,,,,,,,,,
A15_64987,Streptophyta,False,,,,,,,,,,,,,
A15_87187,Streptophyta,False,,,,,,,,,,,,,
A15_51842,Streptophyta,False,,,,,,,,,,,,,
A15_129677,Streptophyta,False,,,,,,,,,,,,,
A15_218843,Streptophyta,True,TG(29:8_18:3_18:4),TG(29:8_18:3_18:4)+NH4,TG,triacyl,M+NH4,C,0.5694819783176724,silver,0.4030216065918417,0.0793266541466231,2.0,2.0,C68 H106 N1 O6
A15_174291,Streptophyta,False,,,,,,,,,,,,,
A15_205156,Streptophyta,False,,,,,,,,,,,,,
A15_185044,Streptophyta,False,,,,,,,,,,,,,
A15_147844,Streptophyta,True,DG(15:1_16:0),DG(15:1_16:0)+NH4,DG,diacyl,M+NH4,B,0.3823870197486315,silver,0.1019443967797362,0.0976996516869412,1.0,1.0,C34 H68 N1 O5
A15_108358,Streptophyta,False,,,,,,,,,,,,,
A15_105006,Streptophyta,False,,,,,,,,,,,,,
A15_86981,Streptophyta,False,,,,,,,,,,,,,
A15_184118,Ascomycota,True,TG(36:1_5:0)+OO:(s),TG(36:1_5:0)+Na+OO:(s),TG,triacyl,M+Na,C,0.0647059619494244,bronze,1.6813446955993616,0.1018430000000023,1.0,2.0,C44 H82 Na1 O8
A15_182693,Ascomycota,True,TG(36:1_5:0)+OO:(s),TG(36:1_5:0)+Na+OO:(s),TG,triacyl,M+Na,C,0.0647059619494244,bronze,1.693162148188021,0.1254430000000006,1.0,2.0,C44 H82 Na1 O8
A15_113764,Streptophyta,True,TG(18:2_20:2)+O:(s),TG(18:2_20:2)+NH4+O:(s),TG,triacyl,M+NH4,C,0.0635640797645313,bronze,0.4389150838563868,0.0449892132716041,1.0,2.0,C41 H74 N1 O7
A15_145308,Streptophyta,True,DG(18:2_18:3),DG(18:2_18:3)+H,DG,diacyl,M+H,A,1.5752848005167317,gold,0.5361497368472985,0.1226232588314442,15.0,12.0,C39 H67 O5
A15_125021,Streptophyta,False,,,,,,,,,,,,,
A15_137169,Streptophyta,False,,,,,,,,,,,,,
A15_143953,Streptophyta,False,,,,,,,,,,,,,
A15_106913,Streptophyta,False,,,,,,,,,,,,,
A15_184714,Ascomycota,True,Cer(d16:1_20:0),Cer(d16:1_20:0)+H-H2O,Cer,acylsphingosines,M+H-H2O,C,1.346760217934681,silver,0.8677265473183391,0.0943028545090882,7.0,4.0,C36 H70 N1 O2
A15_181201,Ascomycota,True,WE(O-36:3),WE(O-36:3)+NH4,WE,Wax monoesters,M+NH4,C,0.3191778506468985,bronze,2.148086201623971,0.0538550000000022,1.0,2.0,C36 H70 N1 O2
A15_60870,Streptophyta,False,,,,,,,,,,,,,
A15_139198,Streptophyta,True,PE(20:5_20:5),PE(20:5_20:5)+H,PE,diacyl,M+H,A,1.440503911309131,gold,4.383054180203041,0.1589356408662769,2.0,3.0,C45 H71 N1 O8 P1
A15_121178,Streptophyta,False,,,,,,,,,,,,,
A15_68839,Streptophyta,False,,,,,,,,,,,,,
A15_146601,Streptophyta,False,,,,,,,,,,,,,
A15_58830,Streptophyta,False,,,,,,,,,,,,,
A15_105592,Streptophyta,False,,,,,,,,,,,,,
A15_204922,Streptophyta,False,,,,,,,,,,,,,
A15_82922,Streptophyta,False,,,,,,,,,,,,,
A15_110727,Streptophyta,False,,,,,,,,,,,,,
A15_15301,Streptophyta,False,,,,,,,,,,,,,
A15_140277,Basidiomycota,True,PA(18:2_18:2),PA(18:2_18:2)+NH4,PA,diacyl,M+NH4,A,2.346155170041141,gold,0.8871531374829553,0.2246043458698459,12.0,10.0,C39 H73 N1 O8 P1
A15_106748,Streptophyta,True,DGDG(18:3_18:4),DGDG(18:3_18:4)+Na,DGDG,Digalactosyldiacylglycerol,M+Na,C,0.1463307448630444,bronze,1.020504024021244,0.0896230000000013,1.0,1.0,C51 H82 Na1 O15
A15_40962,Ascomycota,False,,,,,,,,,,,,,
A15_53068,Streptophyta,False,,,,,,,,,,,,,
A15_100580,Streptophyta,False,,,,,,,,,,,,,
A15_79188,Streptophyta,False,,,,,,,,,,,,,
A15_114644,Bacillota,False,,,,,,,,,,,,,
A15_117364,Bacillota,False,,,,,,,,,,,,,
A15_178822,Streptophyta,True,TG(34:3_22:5)+O:(s),TG(34:3_22:5)+H+O:(s),TG,triacyl,M+H,C,0.3481062211553573,bronze,1.1442132138304644,0.0696940000000019,1.0,1.0,C59 H99 O7
A15_142874,Pseudomonadota,True,PG(O-17:2_18:1),PG(O-17:2_18:1)+NH4,PG,alkyl-acyl,M+NH4,C,0.0369194817742661,bronze,2.0196574436341352,0.2992202361111111,1.0,1.0,C41 H81 N1 O9 P1
A15_169273,Basidiomycota,True,TG(7:0_16:0_20:6)+O:(s),TG(7:0_16:0_20:6)+NH4+O:(s),TG,triacyl,M+NH4,C,0.1700738525622201,bronze,0.7457047990017718,0.176570421818182,1.0,1.0,C46 H80 N1 O7
A15_167662,Basidiomycota,True,TG(7:0_16:0_20:6)+O:(s),TG(7:0_16:0_20:6)+NH4+O:(s),TG,triacyl,M+NH4,C,0.1700738525622201,bronze,0.4121931241703247,0.2073704218181831,1.0,1.0,C46 H80 N1 O7
A15_165921,Basidiomycota,True,TG(7:0_16:0_20:6)+O:(s),TG(7:0_16:0_20:6)+NH4+O:(s),TG,triacyl,M+NH4,C,0.1700738525622201,bronze,0.1933671613107386,0.237870421818183,1.0,1.0,C46 H80 N1 O7
A15_112952,Basidiomycota,True,TG(18:0_18:2)+O:(s),TG(18:0_18:2)+NH4+O:(s),TG,triacyl,M+NH4,B,0.4486600584990255,gold,2.7453343566118336,0.1235680568696206,2.0,2.0,C39 H74 N1 O7
A15_89009,Streptophyta,False,,,,,,,,,,,,,
A15_172840,Streptophyta,True,TG(49:15_18:3)+OO:(s),TG(49:15_18:3)+Na+OO:(s),TG,triacyl,M+Na,C,0.3098297691381303,bronze,0.947387939568356,0.2604779246509956,1.0,1.0,C70 H100 Na1 O8
A15_46432,Streptophyta,False,,,,,,,,,,,,,
A15_87642,Streptophyta,False,,,,,,,,,,,,,
A15_72016,Streptophyta,False,,,,,,,,,,,,,
A15_141208,Ascomycota,True,TG(18:1_16:0),TG(18:1_16:0)+Na,TG,triacyl,M+Na,C,0.1238799554720362,silver,1.627981768042568,0.1766415695284759,2.0,4.0,C37 H68 Na1 O6
A15_150587,Bacillota,True,PG(15:0_16:0),PG(15:0_16:0)+NH4,PG,diacyl,M+NH4,A,1.678693457554295,gold,4.146146196583394,0.0801219999999993,12.0,8.0,C37 H77 N1 O10 P1
A15_128208,Streptophyta,False,,,,,,,,,,,,,
A15_150814,Streptophyta,False,,,,,,,,,,,,,
A15_63840,Pseudomonadota,False,,,,,,,,,,,,,
A15_26470,Pseudomonadota,True,WE(O-6:0_12:1),WE(O-6:0_12:1)+Na,WE,Wax monoesters,M+Na,C,0.1787215603245645,bronze,4.648485781055229,0.1262553059523812,1.0,1.0,C18 H34 Na1 O2
A15_25019,Pseudomonadota,True,WE(O-6:0_12:1),WE(O-6:0_12:1)+Na,WE,Wax monoesters,M+Na,C,0.1787215603245645,bronze,4.582965341776284,0.1016553059523812,1.0,1.0,C18 H34 Na1 O2
A15_28543,Pseudomonadota,True,WE(O-6:0_12:1),WE(O-6:0_12:1)+Na,WE,Wax monoesters,M+Na,C,0.1787215603245645,bronze,4.582965341776284,0.1652553059523809,1.0,1.0,C18 H34 Na1 O2
A15_105706,Streptophyta,False,,,,,,,,,,,,,
A15_14124,Streptophyta,True,MG(18:3),MG(18:3)+H,MG,monoacyl,M+H,B,0.6441661977833317,gold,0.986996389852307,0.1552149647003813,19.0,3.0,C21 H37 O4
A15_77955,Streptophyta,True,PA(18:2_18:4),PA(18:2_18:4)+NH4,PA,diacyl,M+NH4,A,1.1745080498294913,gold,1.1702498893296944,0.2918162999999998,3.0,4.0,C39 H69 N1 O8 P1
A15_26537,Streptophyta,False,,,,,,,,,,,,,
A15_11390,Streptophyta,False,,,,,,,,,,,,,
A15_42272,Streptophyta,False,,,,,,,,,,,,,
A15_57576,Streptophyta,True,MGDG(34:7),MGDG(34:7)+NH4,MGDG,Monogalactosyldiacylglycerol,M+NH4,C,0.1596504481047279,silver,2.39419038096633,0.1274250500000002,2.0,3.0,C43 H72 N1 O10
A15_176491,Actinomycetota,False,,,,,,,,,,,,,
A15_175418,Actinomycetota,False,,,,,,,,,,,,,
A15_171888,Actinomycetota,False,,,,,,,,,,,,,
A15_80603,Streptophyta,False,,,,,,,,,,,,,
A15_138816,Streptophyta,True,DG(16:0_18:3),DG(16:0_18:3)+NH4,DG,diacyl,M+NH4,A,1.0869933590203325,gold,0.2936619716390283,0.2189587513368991,7.0,3.0,C37 H70 N1 O5
A15_87056,Streptophyta,False,,,,,,,,,,,,,
A15_62333,Streptophyta,True,TG(26:8_13:1)+O:(s),TG(26:8_13:1)+Na+O:(s),TG,triacyl,M+Na,C,0.0319798338129976,bronze,1.1972183710430615,0.0904787941896039,1.0,2.0,C42 H62 Na1 O7
A15_22086,Streptophyta,False,,,,,,,,,,,,,
A15_177688,Actinomycetota,True,PC(34:3),PC(34:3)+H,PC,diacyl,M+H,C,3.19722457733622,silver,1.3896404883218385,0.181006,9.0,6.0,C42 H79 N1 O8 P1
A15_89530,Streptophyta,False,,,,,,,,,,,,,
A15_98424,Streptophyta,False,,,,,,,,,,,,,
A15_59883,Streptophyta,True,TG(30:4_4:0)+OO:(s),TG(30:4_4:0)+NH4+OO:(s),TG,triacyl,M+NH4,C,0.0906648840509841,bronze,0.1024422709420092,0.0009320999999999,1.0,1.0,C37 H66 N1 O8
A15_37304,Streptophyta,True,TG(17:2_4:0_4:0),TG(17:2_4:0_4:0)+NH4,TG,triacyl,M+NH4,C,0.1086959343509013,silver,2.6899591212062397,0.1259254000000007,4.0,2.0,C28 H52 N1 O6
A15_93391,Ascomycota,False,,,,,,,,,,,,,
A15_89294,Ascomycota,False,,,,,,,,,,,,,
A15_205834,Streptophyta,True,DGDG(8:0_22:1),DGDG(8:0_22:1)+Na,DGDG,Digalactosyldiacylglycerol,M+Na,C,0.0387909745888773,bronze,0.9796719715532936,0.2143979420127095,1.0,1.0,C45 H82 Na1 O15
A15_208394,Streptophyta,True,TG(49:15_18:3),TG(49:15_18:3)+NH4,TG,triacyl,M+NH4,C,0.7503126089493724,silver,0.512162402056429,0.1921469999999985,7.0,1.0,C70 H104 N1 O6
A15_91985,Streptophyta,False,,,,,,,,,,,,,
A15_174382,Streptophyta,True,DG(16:0_18:3),DG(16:0_18:3)+NH4,DG,diacyl,M+NH4,A,1.4863156275784153,gold,1.6018116433071838,0.0112554314629065,8.0,10.0,C37 H70 N1 O5
A15_18126,Basidiomycota,False,,,,,,,,,,,,,
A15_20226,Streptophyta,False,,,,,,,,,,,,,
A15_75634,Streptophyta,True,PG(16:1_18:4),PG(16:1_18:4)+NH4,PG,diacyl,M+NH4,A,0.321007625790136,silver,1.8412194491984024,0.0801064000000009,1.0,2.0,C40 H73 N1 O10 P1
A15_106263,Streptophyta,False,,,,,,,,,,,,,
A15_192927,Streptophyta,False,,,,,,,,,,,,,
A15_125443,Streptophyta,True,DG(P-18:4_16:2),DG(P-18:4_16:2)+H,DG,alkenyl-acyl,M+H,C,0.8027214319414782,bronze,2.790909114328348,0.1846777250669991,1.0,1.0,C37 H61 O4
A15_98145,Basidiomycota,False,,,,,,,,,,,,,
A15_201669,Streptophyta,True,TG(39:6_13:0)+O:(s),TG(39:6_13:0)+Na+O:(s),TG,triacyl,M+Na,C,0.1092966790943698,bronze,0.2754303026178464,0.2148450000000004,1.0,2.0,C55 H94 Na1 O7
A15_8968,Streptophyta,False,,,,,,,,,,,,,
A15_168847,Streptophyta,False,,,,,,,,,,,,,
A15_16374,Bacillota,False,,,,,,,,,,,,,
A15_97162,Streptophyta,False,,,,,,,,,,,,,
A15_129030,Streptophyta,True,TG(9:0_9:0_18:3)+O:(s),TG(9:0_9:0_18:3)+NH4+O:(s),TG,triacyl,M+NH4,B,0.5313577473918343,gold,0.8344756983457663,0.2367221329683246,8.0,7.0,C39 H72 N1 O7
A15_59777,Streptophyta,False,,,,,,,,,,,,,
A15_139819,Bacillota,False,,,,,,,,,,,,,
A15_128339,Basidiomycota,True,PE(18:2_18:2),PE(18:2_18:2)+H,PE,diacyl,M+H,A,1.462576992401433,gold,2.6495693590290506,0.1360006771963089,18.0,11.0,C41 H75 N1 O8 P1
A15_20053,Streptophyta,False,,,,,,,,,,,,,
A15_85045,Streptophyta,False,,,,,,,,,,,,,
A15_12697,Bacillota,False,,,,,,,,,,,,,
A15_126202,Ascomycota,True,TG(18:2_16:0),TG(18:2_16:0)+Na,TG,triacyl,M+Na,C,1.2825579290132405,silver,2.286477124677859,0.23316767572177,2.0,6.0,C37 H66 Na1 O6
A15_124803,Ascomycota,True,TG(18:2_16:0),TG(18:2_16:0)+Na,TG,triacyl,M+Na,C,1.2825579290132405,silver,2.5470106722931725,0.1325676757217699,2.0,7.0,C37 H66 Na1 O6
A15_124530,Streptophyta,True,PG(16:0_16:1),PG(16:0_16:1)+Na,PG,diacyl,M+Na,A,0.4216401585510486,gold,0.9655218634719503,0.269088,5.0,5.0,C38 H73 Na1 O10 P1
A15_185785,Streptophyta,True,TG(16:0_18:2_18:3)+O:(s),TG(16:0_18:2_18:3)+Na+O:(s),TG,triacyl,M+Na,B,1.2793268718302593,gold,0.2835115842935602,0.1994679403644248,2.0,4.0,C55 H96 Na1 O7
A15_79087,Streptophyta,False,,,,,,,,,,,,,
A15_224970,Bacillota,False,,,,,,,,,,,,,
A15_147151,Streptophyta,True,PG(16:0_18:2),PG(16:0_18:2)+H,PG,diacyl,M+H,A,0.3442367956733563,gold,1.488787865054461,0.0093049999999994,3.0,3.0,C40 H76 O10 P1
A15_162253,Streptophyta,False,,,,,,,,,,,,,
A15_62820,Streptophyta,False,,,,,,,,,,,,,
A15_184142,Streptophyta,True,Cer(d18:2_24:1)+O:(s),Cer(d18:2_24:1)+H+O:(s),Cer,acylsphingosines,M+H,C,0.1290027419981054,bronze,3.142931392358424,0.1260923513414233,1.0,1.0,C42 H80 N1 O4
A15_121094,Bacillota,False,,,,,,,,,,,,,
A15_164646,Streptophyta,True,MGDG(18:1_20:4),MGDG(18:1_20:4)+NH4,MGDG,Monogalactosyldiacylglycerol,M+NH4,A,1.0863181719281123,gold,4.193515463996844,0.0737105517058953,7.0,4.0,C47 H84 N1 O10
A15_150255,Streptophyta,False,,,,,,,,,,,,,
A15_154258,Ascomycota,False,,,,,,,,,,,,,
A15_98676,Bacillota,True,MGDG(15:0_15:0),MGDG(15:0_15:0)+Na,MGDG,Monogalactosyldiacylglycerol,M+Na,C,0.0852842161368374,bronze,0.8184741584164696,0.0005821237539933,1.0,1.0,C39 H74 Na1 O10
A15_1863,Streptophyta,False,,,,,,,,,,,,,
A15_158006,Streptophyta,True,DG(18:2_20:4),DG(18:2_20:4)+H,DG,diacyl,M+H,A,0.6883151680716422,gold,1.7106953490729635,0.0212070000000004,3.0,3.0,C41 H69 O5
A15_167029,Streptophyta,True,DG(O-18:4_16:0),DG(O-18:4_16:0)+H,DG,alkyl-acyl,M+H,C,0.7203009980794515,silver,0.6765263557439795,0.029015984925607,10.0,4.0,C37 H67 O4
A15_111335,Streptophyta,False,,,,,,,,,,,,,
A15_123727,Streptophyta,True,TG(18:2_16:1),TG(18:2_16:1)+NH4,TG,triacyl,M+NH4,B,0.387370441606853,gold,2.3141135084255318,0.1498340000000002,3.0,3.0,C37 H68 N1 O6
A15_2709,Streptophyta,False,,,,,,,,,,,,,
A15_171224,Streptophyta,False,,,,,,,,,,,,,
A15_116483,Streptophyta,False,,,,,,,,,,,,,
A15_180532,Bacillota,True,PE(18:0_15:0),PE(18:0_15:0)+H,PE,diacyl,M+H,B,0.8920579229203356,gold,1.5726380784049114,0.2041888693493909,3.0,3.0,C38 H77 N1 O8 P1
A15_63328,Basidiomycota,True,DG(O-25:6),DG(O-25:6)+NH4,DG,alkyl-acyl,M+NH4,C,0.3404227989864034,silver,1.0294663095935028,0.268228241362725,2.0,1.0,C28 H48 N1 O4
A15_65642,Basidiomycota,False,,,,,,,,,,,,,
A15_201584,Streptophyta,False,,,,,,,,,,,,,
A15_200885,Streptophyta,False,,,,,,,,,,,,,
A15_55797,Streptophyta,True,TG(11:0_18:3),TG(11:0_18:3)+NH4,TG,triacyl,M+NH4,C,0.3163417351645375,silver,0.1307752528170238,0.2448485999999992,2.0,2.0,C32 H58 N1 O6
A15_181448,Streptophyta,False,,,,,,,,,,,,,
A15_22371,Streptophyta,True,LPC(20:4),LPC(20:4)+Na,LPC,monoacyl,M+Na,C,1.0,silver,1.44115003656642,0.0805332063423525,17.0,2.0,C28 H50 N1 Na1 O7 P1
A15_89510,Streptophyta,True,PG(21:2_16:2),PG(21:2_16:2)+NH4,PG,diacyl,M+NH4,C,0.0753742856259057,bronze,2.0918295822917528,0.120340800000001,1.0,1.0,C43 H81 N1 O10 P1
A15_79410,Bacillota,False,,,,,,,,,,,,,
A15_114082,Streptophyta,True,DG(18:2_24:7),DG(18:2_24:7)+H,DG,diacyl,M+H,C,0.18708270060641,bronze,1.6900670315261463,0.0710597919191915,1.0,1.0,C45 H71 O5
A15_179410,Bacillota,True,TG(33:1_4:0)+OO:(s),TG(33:1_4:0)+Na+OO:(s),TG,triacyl,M+Na,C,0.3107511340410042,bronze,0.4630168112984313,0.1640617157232675,1.0,1.0,C40 H74 Na1 O8
A15_180472,Bacillota,True,TG(33:1_4:0)+OO:(s),TG(33:1_4:0)+Na+OO:(s),TG,triacyl,M+Na,C,0.3107511340410042,bronze,0.1384359730476251,0.1418617157232695,1.0,1.0,C40 H74 Na1 O8
A15_144029,Streptophyta,True,DG(16:1_18:3),DG(16:1_18:3)+H,DG,diacyl,M+H,A,1.0547602215006515,gold,0.5297621461213483,0.1076167799230756,10.0,13.0,C37 H65 O5
A15_166747,Ascomycota,True,PA(27:0_16:0),PA(27:0_16:0)+NH4,PA,diacyl,M+NH4,C,0.0395231456925394,bronze,2.902646427486519,0.0890976962490501,1.0,2.0,C46 H95 N1 O8 P1
A15_16257,Ascomycota,True,LPC(20:5),LPC(20:5)+H,LPC,monoacyl,M+H,C,3.1675771996313538,silver,3.666109055544665,0.225496751141665,21.0,6.0,C28 H49 N1 O7 P1
A15_170249,Ascomycota,True,PA(25:0_18:0),PA(25:0_18:0)+NH4,PA,diacyl,M+NH4,C,0.0417225616393225,bronze,2.789086456254377,0.0099770000000027,1.0,2.0,C46 H95 N1 O8 P1
A15_166674,Bacillota,True,Cer(d18:2_16:0),Cer(d18:2_16:0)+H-H2O,Cer,acylsphingosines,M+H-H2O,C,1.1643836969020986,silver,1.668403196641182,0.0657010000000006,4.0,2.0,C34 H64 N1 O2
A15_162289,Bacillota,True,Cer(d18:2_16:0),Cer(d18:2_16:0)+H-H2O,Cer,acylsphingosines,M+H-H2O,C,1.1643836969020986,silver,1.4523929821579118,0.1469989999999992,4.0,4.0,C34 H64 N1 O2
A15_167915,Bacillota,True,Cer(d18:2_16:0),Cer(d18:2_16:0)+H-H2O,Cer,acylsphingosines,M+H-H2O,C,1.1643836969020986,silver,1.6182579764788816,0.0969010000000007,4.0,2.0,C34 H64 N1 O2
A15_21662,Streptophyta,True,MG(18:2),MG(18:2)+H,MG,monoacyl,M+H,A,0.4903279375945701,gold,0.866981799163918,0.0513250999999996,11.0,2.0,C21 H39 O4
A15_178968,Streptophyta,False,,,,,,,,,,,,,
A15_27380,Streptophyta,False,,,,,,,,,,,,,
A15_165526,Streptophyta,False,,,,,,,,,,,,,
A15_34503,Basidiomycota,True,DG(25:6),DG(25:6)+H,DG,diacyl,M+H,C,0.1385862069975541,silver,1.6082069855915928,0.1415953535388761,2.0,1.0,C28 H43 O5
A15_133237,Streptophyta,False,,,,,,,,,,,,,
A15_171199,Streptophyta,False,,,,,,,,,,,,,
A15_50955,Streptophyta,False,,,,,,,,,,,,,
A15_102925,Streptophyta,True,PG(18:2_18:2),PG(18:2_18:2)+NH4,PG,diacyl,M+NH4,A,0.5424547469529953,gold,0.7457612980109631,0.1445865063736828,3.0,5.0,C42 H79 N1 O10 P1
A15_53346,Streptophyta,False,,,,,,,,,,,,,
A15_29103,Mucoromycota,True,LPC(19:2),LPC(19:2)+H,LPC,monoacyl,M+H,C,2.174200952208652,silver,0.6382360395954715,0.0586331595268752,13.0,2.0,C27 H53 N1 O7 P1
A15_174616,Bacillota,False,,,,,,,,,,,,,
A15_84273,Streptophyta,False,,,,,,,,,,,,,
A15_54911,Streptophyta,False,,,,,,,,,,,,,
A15_30581,Streptophyta,False,,,,,,,,,,,,,
A15_73760,Streptophyta,False,,,,,,,,,,,,,
A15_212975,Streptophyta,True,DG(15:0_25:1),DG(15:0_25:1)+NH4,DG,diacyl,M+NH4,C,0.5702097878467178,silver,1.2831354269121076,0.2335942805381456,2.0,2.0,C43 H86 N1 O5
A15_149149,Streptophyta,True,PC(36:5),PC(36:5)+H,PC,diacyl,M+H,C,3.19722457733622,silver,1.2358227186721682,0.0745409327521304,42.0,9.0,C44 H79 N1 O8 P1
A15_101487,Streptophyta,True,PG(16:0_16:0),PG(16:0_16:0)+Na,PG,diacyl,M+Na,A,0.159522337967461,silver,0.4814381920674921,0.1761412,1.0,3.0,C38 H75 Na1 O10 P1
A15_142630,Pseudomonadota,True,PG(O-17:2_16:1),PG(O-17:2_16:1)+NH4,PG,alkyl-acyl,M+NH4,C,0.0130092591469368,bronze,4.247292189334171,0.0945214166666659,1.0,1.0,C39 H77 N1 O9 P1
A15_138584,Basidiomycota,True,Cer(d16:0_17:2),Cer(d16:0_17:2)+H-H2O,Cer,acylsphingosines,M+H-H2O,C,0.0778487149636072,bronze,1.850364933165556,0.0077197514903453,1.0,2.0,C33 H62 N1 O2
A15_26582,Ascomycota,False,,,,,,,,,,,,,
A15_211096,Streptophyta,False,,,,,,,,,,,,,
A15_171975,Streptophyta,False,,,,,,,,,,,,,
A15_104598,Bacillota,False,,,,,,,,,,,,,
A15_199460,Streptophyta,True,MePC(39:9),MePC(39:9)+H,MePC,diacyl,M+H,C,1.0,silver,1.667432032522302,0.0454929999999969,3.0,1.0,C48 H80 N1 O8 P1
A15_66026,Streptophyta,False,,,,,,,,,,,,,
A15_81158,Streptophyta,True,DG(O-26:5),DG(O-26:5)+H,DG,alkyl-acyl,M+H,C,0.375806920126151,silver,1.7441232552537496,0.2828405151515136,3.0,2.0,C29 H49 O4
A15_60807,Basidiomycota,False,,,,,,,,,,,,,
A15_201919,Streptophyta,True,TG(16:0_18:3_18:3)+O:(s),TG(16:0_18:3_18:3)+NH4+O:(s),TG,triacyl,M+NH4,B,0.1701421270173717,silver,1.0528148110911202,0.2574240000000003,1.0,2.0,C55 H98 N1 O7
A15_45816,Streptophyta,False,,,,,,,,,,,,,
A15_154880,Streptophyta,True,DG(18:0_18:4),DG(18:0_18:4)+H,DG,diacyl,M+H,A,0.8348536827120855,gold,0.7357534820830833,0.018918669851379,5.0,4.0,C39 H69 O5
A15_99370,Streptophyta,False,,,,,,,,,,,,,
A15_7067,Streptophyta,False,,,,,,,,,,,,,
A15_141569,Streptophyta,False,,,,,,,,,,,,,
A15_120327,Streptophyta,True,PA(22:6_18:1),PA(22:6_18:1)+NH4,PA,diacyl,M+NH4,C,0.1065665067530307,bronze,4.741952156464198,0.0259832951949441,1.0,5.0,C43 H75 N1 O8 P1
A15_20755,Streptophyta,False,,,,,,,,,,,,,
A15_49351,Ascomycota,False,,,,,,,,,,,,,
A15_153,Streptophyta,False,,,,,,,,,,,,,
A15_130733,Streptophyta,True,DG(18:2_18:3),DG(18:2_18:3)+NH4,DG,diacyl,M+NH4,A,0.4623876319813572,gold,0.8261770781393044,0.2116979762987014,2.0,1.0,C39 H70 N1 O5
A15_57254,Streptophyta,False,,,,,,,,,,,,,
A15_87206,Streptophyta,False,,,,,,,,,,,,,
A15_76697,Streptophyta,False,,,,,,,,,,,,,
A15_40131,Streptophyta,False,,,,,,,,,,,,,
A15_56536,Streptophyta,False,,,,,,,,,,,,,
A15_203729,Streptophyta,True,DG(O-15:1_24:1),DG(O-15:1_24:1)+NH4,DG,alkyl-acyl,M+NH4,C,0.2241879730591105,bronze,0.3145259067110711,0.1118503731899096,1.0,1.0,C42 H84 N1 O4
A15_211910,Streptophyta,False,,,,,,,,,,,,,
A15_173774,Pseudomonadota,True,TG(22:4_4:0_18:1)+OO:(s),TG(22:4_4:0_18:1)+Na+OO:(s),TG,triacyl,M+Na,C,0.0828824179486161,bronze,2.209986470407044,0.0815009999999993,1.0,2.0,C47 H80 Na1 O8
A15_174537,Pseudomonadota,True,TG(22:4_4:0_18:1)+OO:(s),TG(22:4_4:0_18:1)+Na+OO:(s),TG,triacyl,M+Na,C,0.0828824179486161,bronze,2.0113866779046403,0.0913010000000014,1.0,2.0,C47 H80 Na1 O8
A15_170787,Pseudomonadota,True,TG(24:5_4:0_16:0)+OO:(s),TG(24:5_4:0_16:0)+Na+OO:(s),TG,triacyl,M+Na,C,0.3172103841443436,bronze,1.6194804072159528,0.0113769999999995,1.0,3.0,C47 H80 Na1 O8
A15_172607,Pseudomonadota,True,TG(22:4_4:0_18:1)+OO:(s),TG(22:4_4:0_18:1)+Na+OO:(s),TG,triacyl,M+Na,C,0.0828824179486161,bronze,2.0993739179679745,0.0605010000000021,1.0,3.0,C47 H80 Na1 O8
A15_174594,Streptophyta,False,,,,,,,,,,,,,
A15_53374,Streptophyta,False,,,,,,,,,,,,,
A15_87428,Streptophyta,True,TG(P-5:0_22:7_10:0),TG(P-5:0_22:7_10:0)+H,TG,alkenyl-acyl,M+H,C,0.1816471227584135,bronze,1.9016849257824608,0.0036237695501721,1.0,2.0,C40 H63 O5
A15_7370,Streptophyta,False,,,,,,,,,,,,,
A15_220041,Streptophyta,True,DG(O-25:6_18:2),DG(O-25:6_18:2)+NH4,DG,alkyl-acyl,M+NH4,C,0.1818200363482224,silver,0.673977275823266,0.0417150000000035,2.0,3.0,C46 H80 N1 O4
A15_115103,Streptophyta,True,DG(15:2_16:1),DG(15:2_16:1)+NH4,DG,diacyl,M+NH4,B,0.3253656876063258,silver,0.35715116684534,0.1173610000000007,1.0,1.0,C34 H64 N1 O5
A15_202314,Streptophyta,True,TG(49:16_18:3),TG(49:16_18:3)+NH4,TG,triacyl,M+NH4,B,0.5384340620654079,gold,0.4656032102145948,0.0561288753758617,7.0,1.0,C70 H102 N1 O6
A15_58407,Streptophyta,False,,,,,,,,,,,,,
A15_167852,Streptophyta,False,,,,,,,,,,,,,
A15_150175,Pseudomonadota,True,TG(26:6_20:5),TG(26:6_20:5)+NH4,TG,triacyl,M+NH4,C,0.2077747321314295,bronze,0.4044320991733304,0.1079384116865878,1.0,1.0,C49 H76 N1 O6
A15_2552,Streptophyta,True,TG(22:2_4:0)+O:(s),TG(22:2_4:0)+NH4+O:(s),TG,triacyl,M+NH4,C,0.0621921116307899,bronze,2.9731085658032548,0.1339468999999999,1.0,1.0,C29 H54 N1 O7
A15_161055,Pseudomonadota,True,PS(35:2),PS(35:2)+H,PS,diacyl,M+H,C,0.8301845011949767,silver,0.3521651796511863,0.2597182522266195,2.0,3.0,C41 H77 N1 O10 P1
A15_159485,Pseudomonadota,True,PS(35:2),PS(35:2)+H,PS,diacyl,M+H,C,1.1521711779451365,silver,0.0596120911281619,0.2684029335098472,7.0,4.0,C41 H77 N1 O10 P1
A15_128845,Streptophyta,True,DG(15:2_16:0),DG(15:2_16:0)+H,DG,diacyl,M+H,B,0.4177535435454353,gold,1.4274926795400102,0.0290265000000005,3.0,3.0,C34 H63 O5
A15_106439,Streptophyta,False,,,,,,,,,,,,,
A15_182770,Streptophyta,False,,,,,,,,,,,,,
A15_29928,Streptophyta,False,,,,,,,,,,,,,
A15_98282,Basidiomycota,True,PG(P-18:4_17:1),PG(P-18:4_17:1)+NH4,PG,alkenyl-acyl,M+NH4,C,0.0543402828196414,bronze,1.2318016878176754,0.1092172634362551,2.0,3.0,C41 H75 N1 O9 P1
A15_217421,Methanobacteriota,True,TG(34:0_15:2),TG(34:0_15:2)+NH4,TG,triacyl,M+NH4,C,0.2173430115700713,bronze,0.136612378174153,0.080252999999999,1.0,1.0,C52 H100 N1 O6
A15_44706,Streptophyta,False,,,,,,,,,,,,,
A15_113819,Streptophyta,False,,,,,,,,,,,,,
A15_47623,Streptophyta,False,,,,,,,,,,,,,
A15_76811,Streptophyta,False,,,,,,,,,,,,,
A15_190507,Heterolobosea,False,,,,,,,,,,,,,
A15_114260,Streptophyta,False,,,,,,,,,,,,,
A15_152542,Streptophyta,True,TG(18:1_16:0),TG(18:1_16:0)+NH4,TG,triacyl,M+NH4,B,0.931308676918924,gold,0.4009183573229685,0.2343101669209488,7.0,10.0,C37 H72 N1 O6
A15_155311,Streptophyta,True,TG(18:4_8:0_16:1)+O:(s),TG(18:4_8:0_16:1)+NH4+O:(s),TG,triacyl,M+NH4,C,0.1713833871889306,bronze,2.5028632386625422,0.0266029999999997,1.0,1.0,C45 H80 N1 O7
A15_67728,Streptophyta,True,TG(16:1_18:3)+O:(s),TG(16:1_18:3)+Na+O:(s),TG,triacyl,M+Na,C,0.2428500255039198,bronze,0.814909812784421,0.1005078000000008,1.0,2.0,C37 H62 Na1 O7
A15_201099,Streptophyta,True,TG(18:3_18:3_18:3)+O:(s),TG(18:3_18:3_18:3)+NH4+O:(s),TG,triacyl,M+NH4,A,1.616743396179337,gold,1.5534494916451072,0.2556214919492028,10.0,10.0,C57 H96 N1 O7
A15_163216,Bacillota,False,,,,,,,,,,,,,
A15_161096,Bacillota,False,,,,,,,,,,,,,
A15_89783,Streptophyta,False,,,,,,,,,,,,,
A15_156813,Streptophyta,False,,,,,,,,,,,,,
A15_211961,Streptophyta,True,DG(15:0_25:1),DG(15:0_25:1)+NH4,DG,diacyl,M+NH4,C,0.5702097878467178,silver,1.197009048379223,0.2737942805381443,2.0,2.0,C43 H86 N1 O5
A15_76756,Streptophyta,False,,,,,,,,,,,,,
A15_140344,Streptophyta,False,,,,,,,,,,,,,
A15_187201,Basidiomycota,True,PC(39:2),PC(39:2)+H,PC,diacyl,M+H,C,0.8884204566125599,silver,0.6090057857835385,0.0253380000000014,5.0,3.0,C47 H91 N1 O8 P1
A15_99766,Streptophyta,False,,,,,,,,,,,,,
A15_27130,Streptophyta,False,,,,,,,,,,,,,
A15_169489,Streptophyta,False,,,,,,,,,,,,,
A15_107374,Streptophyta,False,,,,,,,,,,,,,
A15_140514,Bacillota,True,DG(O-13:0_17:2),DG(O-13:0_17:2)+H,DG,alkyl-acyl,M+H,C,0.74791607877536,silver,0.9836508639918864,0.2794708840468001,11.0,2.0,C33 H63 O4
A15_129231,Streptophyta,False,,,,,,,,,,,,,
A15_81926,Streptophyta,True,TG(27:8_4:0_5:0),TG(27:8_4:0_5:0)+H,TG,triacyl,M+H,C,0.2293628214964886,bronze,1.7017924457613207,0.1602190999999999,1.0,1.0,C39 H59 O6
A15_37242,Ascomycota,True,LPC(18:2),LPC(18:2)+Na,LPC,monoacyl,M+Na,C,0.2358915609991242,silver,4.391628068936743,0.1554573598449993,3.0,1.0,C26 H50 N1 Na1 O7 P1
A15_120461,Streptophyta,False,,,,,,,,,,,,,
A15_171220,Streptophyta,True,TG(23:1_18:2)+O:(s),TG(23:1_18:2)+NH4+O:(s),TG,triacyl,M+NH4,C,0.2440712192957106,bronze,0.5641909461172613,0.1110760000000006,1.0,2.0,C44 H82 N1 O7
A15_217234,Streptophyta,False,,,,,,,,,,,,,
A15_71749,Streptophyta,False,,,,,,,,,,,,,
A15_132447,Streptophyta,True,PG(16:0_18:3),PG(16:0_18:3)+NH4,PG,diacyl,M+NH4,A,1.2136518655519426,gold,0.921475625388996,0.0826399272736697,8.0,6.0,C40 H77 N1 O10 P1
A15_27969,Streptophyta,False,,,,,,,,,,,,,
A15_134684,Streptophyta,True,DGDG(16:2_18:2),DGDG(16:2_18:2)+NH4,DGDG,Digalactosyldiacylglycerol,M+NH4,A,1.3499295647648744,gold,1.2834266605114324,0.1303171556124045,3.0,7.0,C49 H88 N1 O15
A15_203642,Streptophyta,False,,,,,,,,,,,,,
A15_211289,Streptophyta,False,,,,,,,,,,,,,
A15_129005,Streptophyta,True,PG(33:3),PG(33:3)+NH4,PG,diacyl,M+NH4,C,0.9061225501524924,silver,1.7815282045936174,0.1754891372342104,5.0,2.0,C39 H75 N1 O10 P1
A15_142651,Streptophyta,False,,,,,,,,,,,,,
A15_174278,Streptophyta,False,,,,,,,,,,,,,
A15_157071,Streptophyta,True,TG(18:4_8:0_16:1)+O:(s),TG(18:4_8:0_16:1)+NH4+O:(s),TG,triacyl,M+NH4,C,0.1713833871889306,bronze,1.7943084301952013,0.0695969999999999,1.0,1.0,C45 H80 N1 O7
A15_190027,Streptophyta,False,,,,,,,,,,,,,
A15_77284,Streptophyta,True,DG(26:5),DG(26:5)+NH4,DG,diacyl,M+NH4,C,0.2111960818087929,bronze,1.9911874929633089,0.0132900397770985,1.0,3.0,C29 H50 N1 O5
A15_184211,Ascomycota,False,,,,,,,,,,,,,
A15_161395,Streptophyta,False,,,,,,,,,,,,,
A15_169209,Streptophyta,False,,,,,,,,,,,,,
A15_225499,Streptophyta,False,,,,,,,,,,,,,
A15_104331,Streptophyta,True,PG(15:2_16:0),PG(15:2_16:0)+NH4,PG,diacyl,M+NH4,C,0.6765368933694641,silver,0.8261558594895916,0.152230900000001,6.0,2.0,C37 H73 N1 O10 P1
A15_86761,Streptophyta,False,,,,,,,,,,,,,
A15_81033,Streptophyta,False,,,,,,,,,,,,,
A15_103906,Streptophyta,True,DGDG(16:3_18:3),DGDG(16:3_18:3)+NH4,DGDG,Digalactosyldiacylglycerol,M+NH4,A,0.9059374506218816,gold,0.9536204864539364,0.2531119587488746,10.0,4.0,C49 H84 N1 O15
A15_154649,Streptophyta,True,PC(40:9),PC(40:9)+H,PC,diacyl,M+H,C,2.602349996594925,silver,0.1111105417806288,0.0632455497074122,4.0,2.0,C48 H79 N1 O8 P1
A15_191048,Bacillota,True,Cer(d18:0_18:0),Cer(d18:0_18:0)+H,Cer,acylsphinganines,M+H,C,0.6754290993283554,silver,0.20965622976056,0.1013257194794832,7.0,5.0,C36 H74 N1 O3
A15_193628,Bacillota,True,Cer(d18:0_18:0),Cer(d18:0_18:0)+H,Cer,acylsphinganines,M+H,C,0.6754290993283554,silver,0.0137126747293356,0.1740257194794807,7.0,5.0,C36 H74 N1 O3
A15_192144,Bacillota,True,Cer(d18:0_18:0),Cer(d18:0_18:0)+H,Cer,acylsphinganines,M+H,C,0.6754290993283554,silver,0.1357861873093926,0.1359257194794807,7.0,5.0,C36 H74 N1 O3
A15_195826,Streptophyta,False,,,,,,,,,,,,,
A15_138416,Streptophyta,False,,,,,,,,,,,,,
A15_74933,Ascomycota,False,,,,,,,,,,,,,
A15_100154,Streptophyta,True,DG(O-31:5),DG(O-31:5)+H,DG,alkyl-acyl,M+H,C,0.3132202969436326,bronze,2.016987061244939,0.0814780000000006,1.0,1.0,C34 H59 O4
A15_171196,Streptophyta,False,,,,,,,,,,,,,
A15_122624,Streptophyta,True,DG(18:2_18:3),DG(18:2_18:3)+NH4,DG,diacyl,M+NH4,B,0.2787002438285002,silver,0.564567567250067,0.0203009999999999,1.0,3.0,C39 H70 N1 O5
A15_168892,Streptophyta,False,,,,,,,,,,,,,
A15_147280,Streptophyta,False,,,,,,,,,,,,,
A15_185220,Pseudomonadota,False,,,,,,,,,,,,,
A15_49780,Streptophyta,False,,,,,,,,,,,,,
A15_118517,Streptophyta,False,,,,,,,,,,,,,
A15_182249,Basidiomycota,False,,,,,,,,,,,,,
A15_57662,Bacillota,False,,,,,,,,,,,,,
A15_39268,Streptophyta,False,,,,,,,,,,,,,
A15_49202,Methanobacteriota,False,,,,,,,,,,,,,
A15_74091,Streptophyta,False,,,,,,,,,,,,,
A15_137990,Streptophyta,False,,,,,,,,,,,,,
A15_144632,Pseudomonadota,True,PG(O-17:2_19:1),PG(O-17:2_19:1)+NH4,PG,alkyl-acyl,M+NH4,C,0.0513820830674192,bronze,2.0766579618251124,0.1937810000000013,1.0,2.0,C42 H83 N1 O9 P1
A15_118173,Streptophyta,True,TG(43:7)+O:(s),TG(43:7)+H+O:(s),TG,triacyl,M+H,C,0.1130139220664843,bronze,3.402059260155605,0.0299300000000002,1.0,2.0,C46 H75 O7
A15_31378,Streptophyta,False,,,,,,,,,,,,,
A15_163234,Streptophyta,True,Hex1Cer(d18:2_18:0),Hex1Cer(d18:2_18:0)+H,Hex1Cer,Ceramide monosaccharides,M+H,B,1.1374116486488848,gold,0.6815155118528289,0.1470395,2.0,6.0,C42 H80 N1 O8
A15_69337,Streptophyta,False,,,,,,,,,,,,,
A15_17703,Streptophyta,True,DG(P-5:0_20:5),DG(P-5:0_20:5)+Na,DG,alkenyl-acyl,M+Na,C,0.4621458310452069,bronze,2.300644373930222,0.1714690000000001,1.0,1.0,C28 H44 Na1 O4
A15_213259,Streptophyta,True,TG(18:2_18:2_18:3)+O:(s),TG(18:2_18:2_18:3)+NH4+O:(s),TG,triacyl,M+NH4,A,0.7766008398271342,gold,0.1151337721852967,0.0771975682819352,5.0,15.0,C57 H100 N1 O7
A15_66913,Streptophyta,False,,,,,,,,,,,,,
A15_206186,Streptophyta,False,,,,,,,,,,,,,
A15_184859,Streptophyta,False,,,,,,,,,,,,,
A15_117328,Mucoromycota,False,,,,,,,,,,,,,
A15_121956,Streptophyta,True,DG(18:3_18:4),DG(18:3_18:4)+H,DG,diacyl,M+H,A,1.0652415933292043,gold,0.8122112982633632,0.0806760113823923,4.0,8.0,C39 H63 O5
A15_58254,Streptophyta,True,DG(16:1_18:3),DG(16:1_18:3)+Na,DG,diacyl,M+Na,A,0.2139764171082643,silver,0.3721275810390034,0.1017399534188028,1.0,2.0,C37 H64 Na1 O5
A15_143443,Streptophyta,True,PG(16:0_18:2),PG(16:0_18:2)+NH4,PG,diacyl,M+NH4,A,1.9739662271859455,gold,0.2891049365338876,0.2740956774193552,7.0,8.0,C40 H79 N1 O10 P1
A15_142305,Streptophyta,True,PG(16:0_18:2),PG(16:0_18:2)+NH4,PG,diacyl,M+NH4,A,1.9739662271859455,gold,0.3335758793583244,0.291395677419354,7.0,8.0,C40 H79 N1 O10 P1
A15_142394,Streptophyta,True,DG(18:2_16:3),DG(18:2_16:3)+NH4,DG,diacyl,M+NH4,A,0.9570212690955524,silver,0.1165847053460479,0.1698590000000006,1.0,1.0,C37 H66 N1 O5
A15_77277,Streptophyta,False,,,,,,,,,,,,,
A15_177515,Bacillota,False,,,,,,,,,,,,,
A15_181854,Bacillota,False,,,,,,,,,,,,,
A15_150799,Streptophyta,False,,,,,,,,,,,,,
A15_54965,Streptophyta,False,,,,,,,,,,,,,
A15_107714,Streptophyta,True,Hex1Cer(d16:2_20:2),Hex1Cer(d16:2_20:2)+H,Hex1Cer,Ceramide monosaccharides,M+H,C,0.014164307772643,bronze,1.5559656891573816,0.0732941554928334,1.0,1.0,C42 H76 N1 O8
A15_102754,Streptophyta,False,,,,,,,,,,,,,
A15_134900,Streptophyta,False,,,,,,,,,,,,,
A15_112124,Bacillota,True,PG(14:1_14:0),PG(14:1_14:0)+NH4,PG,diacyl,M+NH4,B,0.8627024932396625,gold,0.2797990606872315,0.0475270000000005,3.0,6.0,C34 H69 N1 O10 P1
A15_105628,Streptophyta,False,,,,,,,,,,,,,
A15_100852,Streptophyta,False,,,,,,,,,,,,,
A15_45662,Streptophyta,False,,,,,,,,,,,,,
A15_110611,Basidiomycota,True,PG(P-17:3_21:2),PG(P-17:3_21:2)+NH4,PG,alkenyl-acyl,M+NH4,C,0.0881130613693663,bronze,1.9845379857245184,0.0319050837095531,1.0,1.0,C44 H81 N1 O9 P1
A15_112008,Basidiomycota,True,PG(P-17:3_21:2),PG(P-17:3_21:2)+NH4,PG,alkenyl-acyl,M+NH4,C,0.0881130613693663,bronze,1.7190606599907876,0.1846050837095543,1.0,1.0,C44 H81 N1 O9 P1
A15_194859,Actinomycetota,True,TG(12:1_16:1_16:1)+OO:(s),TG(12:1_16:1_16:1)+NH4+OO:(s),TG,triacyl,M+NH4,A,0.4465530752789511,silver,1.6302702488355936,0.1653431965811975,1.0,2.0,C47 H88 N1 O8
A15_192100,Actinomycetota,True,TG(12:1_16:1_16:1)+OO:(s),TG(12:1_16:1_16:1)+NH4+OO:(s),TG,triacyl,M+NH4,A,0.4465530752789511,silver,0.2749549488231419,0.2605431965811959,1.0,1.0,C47 H88 N1 O8
A15_114395,Streptophyta,False,,,,,,,,,,,,,
A15_72294,Streptophyta,False,,,,,,,,,,,,,
A15_136699,Streptophyta,False,,,,,,,,,,,,,
A15_136021,Basidiomycota,True,DG(P-15:2_18:1),DG(P-15:2_18:1)+H,DG,alkenyl-acyl,M+H,C,0.7843436468440885,silver,0.3625510900959905,0.0389913811739752,4.0,6.0,C36 H65 O4
A15_144108,Streptophyta,True,TG(18:2_16:0),TG(18:2_16:0)+NH4,TG,triacyl,M+NH4,B,0.7691778489916572,gold,0.3380447225104768,0.1026789162071466,10.0,11.0,C37 H70 N1 O6
A15_6503,Streptophyta,False,,,,,,,,,,,,,
A15_104758,Streptophyta,False,,,,,,,,,,,,,
A15_39306,Streptophyta,False,,,,,,,,,,,,,
A15_188187,Streptophyta,True,TG(36:8_16:0)+OO:(s),TG(36:8_16:0)+NH4+OO:(s),TG,triacyl,M+NH4,B,0.4359721335947588,silver,3.833072410716745,0.0269350000000017,1.0,1.0,C55 H94 N1 O8
A15_174718,Streptophyta,True,PC(35:4),PC(35:4)+H,PC,diacyl,M+H,C,2.054083184063315,silver,0.9986833515187664,0.1297167769784195,6.0,6.0,C43 H79 N1 O8 P1
A15_174045,Streptophyta,True,TG(37:3_4:0)+OO:(s),TG(37:3_4:0)+Na+OO:(s),TG,triacyl,M+Na,C,0.0375458668773747,bronze,0.8668124841457728,0.0423503008658023,1.0,1.0,C44 H78 Na1 O8
A15_175383,Streptophyta,True,TG(37:3_4:0)+OO:(s),TG(37:3_4:0)+Na+OO:(s),TG,triacyl,M+Na,C,0.0375458668773747,bronze,1.207381509929468,0.1873503008658019,1.0,1.0,C44 H78 Na1 O8
A15_103076,Streptophyta,False,,,,,,,,,,,,,
A15_172692,Streptophyta,False,,,,,,,,,,,,,
A15_65876,Streptophyta,False,,,,,,,,,,,,,
A15_138358,Streptophyta,False,,,,,,,,,,,,,
A15_7031,Streptophyta,True,LPC(14:1),LPC(14:1)+H,LPC,monoacyl,M+H,C,2.0881177462743468,silver,0.9363410306739608,0.0221904611139935,8.0,1.0,C22 H45 N1 O7 P1
A15_122538,Streptophyta,False,,,,,,,,,,,,,
A15_60849,Basidiomycota,True,DG(P-5:0_20:6),DG(P-5:0_20:6)+H,DG,alkenyl-acyl,M+H,B,0.418122122778061,gold,0.7172534151347602,0.0415000835012815,3.0,2.0,C28 H43 O4
A15_199960,Streptophyta,True,DG(O-15:2_24:1),DG(O-15:2_24:1)+NH4,DG,alkyl-acyl,M+NH4,C,0.0908541467821441,bronze,0.2614681160403069,0.0369234754098357,1.0,2.0,C42 H82 N1 O4
A15_43501,Basidiomycota,False,,,,,,,,,,,,,
A15_207066,Streptophyta,False,,,,,,,,,,,,,
A15_13728,Streptophyta,False,,,,,,,,,,,,,
A15_116756,Streptophyta,False,,,,,,,,,,,,,
A15_108858,Streptophyta,True,MG(O-24:5),MG(O-24:5)+H,MG,monoalkyl,M+H,C,0.2961277073495534,silver,1.5453543221103854,0.2077819999999999,2.0,1.0,C27 H47 O3
A15_95456,Streptophyta,False,,,,,,,,,,,,,
A15_126779,Streptophyta,True,DG(19:3_18:4),DG(19:3_18:4)+H,DG,diacyl,M+H,A,0.723715159449459,gold,0.5343295338875046,0.1414688131987382,3.0,6.0,C40 H65 O5
A15_184351,Streptophyta,False,,,,,,,,,,,,,
A15_102902,Streptophyta,False,,,,,,,,,,,,,
A15_68874,Streptophyta,True,DG(O-26:5),DG(O-26:5)+H,DG,alkyl-acyl,M+H,C,0.947470751003284,silver,0.4547236763686692,0.1518309000000011,3.0,2.0,C29 H49 O4
A15_100437,Streptophyta,True,DG(O-5:0_21:5),DG(O-5:0_21:5)+NH4,DG,alkyl-acyl,M+NH4,C,0.2869319930121842,bronze,1.6195086674209225,0.0231812394093431,1.0,1.0,C29 H52 N1 O4
A15_216709,Streptophyta,True,TG(49:14_18:3),TG(49:14_18:3)+NH4,TG,triacyl,M+NH4,B,0.5941448456613039,gold,1.1633122873780348,0.0715675160452242,5.0,3.0,C70 H106 N1 O6
A15_46619,Ascomycota,False,,,,,,,,,,,,,
A15_50015,Ascomycota,False,,,,,,,,,,,,,
A15_165816,Bacillota,True,PA(16:0_18:1),PA(16:0_18:1)+NH4,PA,diacyl,M+NH4,A,1.188216503938349,gold,2.232873282032398,0.1492349190600173,2.0,10.0,C37 H75 N1 O8 P1
A15_82696,Streptophyta,True,TG(3:0_13:1_18:2),TG(3:0_13:1_18:2)+Na,TG,triacyl,M+Na,C,0.4501129396113583,bronze,0.0477692489228143,0.2312789560680759,1.0,2.0,C37 H64 Na1 O6
A15_180401,Streptophyta,False,,,,,,,,,,,,,
A15_177020,Streptophyta,False,,,,,,,,,,,,,
A15_179202,Streptophyta,False,,,,,,,,,,,,,
A15_198377,Streptophyta,True,TG(18:2_18:3_18:4),TG(18:2_18:3_18:4)+H,TG,triacyl,M+H,C,1.5580595949528124,silver,1.7123241706247123,0.2256440000000026,3.0,3.0,C57 H93 O6
A15_103464,Streptophyta,True,DG(11:0_18:2),DG(11:0_18:2)+Na,DG,diacyl,M+Na,C,0.2107067116845488,bronze,0.5834929516756528,0.0811679999999999,1.0,1.0,C32 H58 Na1 O5
A15_121480,Streptophyta,False,,,,,,,,,,,,,
A15_177753,Streptophyta,True,TG(36:7_18:4)+OO:(s),TG(36:7_18:4)+NH4+OO:(s),TG,triacyl,M+NH4,C,0.1146735519659706,bronze,1.129360772494549,0.0435439999999971,1.0,2.0,C57 H92 N1 O8
A15_154939,Streptophyta,False,,,,,,,,,,,,,
A15_185722,Ascomycota,True,PC(O-38:3),PC(O-38:3)+H,PC,alkyl-acyl,M+H,C,1.593210639361374,silver,0.5051125240689393,0.2817871882478862,6.0,3.0,C46 H89 N1 O7 P1
A15_180212,Ascomycota,True,PC(O-20:2_18:1),PC(O-20:2_18:1)+H,PC,alkyl-acyl,M+H,C,1.061747541039934,silver,2.8279302517590565,0.0232448000000005,3.0,3.0,C46 H89 N1 O7 P1
A15_90658,Streptophyta,False,,,,,,,,,,,,,
A15_27482,Bacillota,True,WE(O-20:1),WE(O-20:1)+NH4,WE,Wax monoesters,M+NH4,C,0.5512286701906466,silver,0.1020414202376371,0.0184399665514192,14.0,2.0,C20 H42 N1 O2
A15_26604,Bacillota,True,WE(O-20:1),WE(O-20:1)+NH4,WE,Wax monoesters,M+NH4,C,0.5512286701906466,silver,0.205584767825964,0.144760033448581,14.0,2.0,C20 H42 N1 O2
A15_52534,Ascomycota,False,,,,,,,,,,,,,
A15_87697,Streptophyta,True,TG(5:0_22:0),TG(5:0_22:0)+NH4,TG,triacyl,M+NH4,C,0.1578508353717556,bronze,0.4761310183605391,0.1170436000000005,1.0,1.0,C30 H60 N1 O6
A15_3325,Streptophyta,True,DG(2:0_16:2),DG(2:0_16:2)+NH4,DG,diacyl,M+NH4,C,0.2020396667078932,bronze,0.1143276411089166,0.0397297999999999,1.0,2.0,C21 H40 N1 O5
A15_141035,Basidiomycota,True,Cer(d18:2_17:1),Cer(d18:2_17:1)+H,Cer,acylsphingosines,M+H,A,0.8371547571868648,gold,1.8283942313996917,0.2408877606218311,2.0,2.0,C35 H66 N1 O3
A15_10368,Streptophyta,False,,,,,,,,,,,,,
A15_100418,Bacillota,True,PG(18:1_16:3),PG(18:1_16:3)+NH4,PG,diacyl,M+NH4,C,0.0248582336419974,bronze,0.1154683133275201,0.1159198406118839,1.0,1.0,C40 H75 N1 O10 P1
A15_122846,Streptophyta,True,DG(P-18:4_16:1),DG(P-18:4_16:1)+H,DG,alkenyl-acyl,M+H,C,0.4906501293533621,silver,0.569276041900875,0.1888398987655115,2.0,1.0,C37 H63 O4
A15_197630,Actinomycetota,False,,,,,,,,,,,,,
A15_178821,Streptophyta,True,TG(18:3_18:3_18:3)+O:(s),TG(18:3_18:3_18:3)+H+O:(s),TG,triacyl,M+H,B,0.3613173966155042,silver,3.680046111581204,0.1510220000000011,1.0,5.0,C57 H93 O7
A15_140275,Streptophyta,True,DG(P-15:2_22:5),DG(P-15:2_22:5)+H,DG,alkenyl-acyl,M+H,C,0.6312663569250466,silver,1.7481535646520163,0.1084033279980154,2.0,5.0,C40 H65 O4
A15_54713,Streptophyta,False,,,,,,,,,,,,,
A15_106541,Streptophyta,False,,,,,,,,,,,,,
A15_165986,Mucoromycota,True,DG(O-17:3_16:1),DG(O-17:3_16:1)+NH4,DG,alkyl-acyl,M+NH4,C,0.8934496722989353,silver,2.308129511327317,0.0770188827556896,2.0,3.0,C36 H68 N1 O4
A15_5662,Streptophyta,False,,,,,,,,,,,,,
A15_115693,Streptophyta,False,,,,,,,,,,,,,
A15_225161,Bacillota,False,,,,,,,,,,,,,
A15_41285,Streptophyta,False,,,,,,,,,,,,,
A15_4805,Bacillota,True,SPH(d16:0),SPH(d16:0)+H,SPH,Sphinganine,M+H,C,0.5127803880030244,silver,0.4568748455776796,0.0249712699547739,53.0,2.0,C16 H36 N1 O2
A15_3172,Bacillota,True,SPH(d16:0),SPH(d16:0)+H,SPH,Sphinganine,M+H,C,0.5127803880030244,silver,0.1834253052793679,0.0502712699547738,53.0,2.0,C16 H36 N1 O2
A15_9017,Bacillota,True,SPH(d16:0),SPH(d16:0)+H,SPH,Sphinganine,M+H,C,0.5127803880030244,silver,0.4459368668702544,0.0343287300452261,53.0,5.0,C16 H36 N1 O2
A15_78381,Bacillota,True,MG(O-27:7),MG(O-27:7)+NH4,MG,monoalkyl,M+NH4,C,0.4719353765727604,bronze,1.6338365944045938,0.0107794000000005,1.0,1.0,C30 H52 N1 O3
A15_53877,Streptophyta,False,,,,,,,,,,,,,
A15_29806,Streptophyta,True,TG(15:0_2:0_2:0),TG(15:0_2:0_2:0)+H,TG,triacyl,M+H,B,0.1795819241471344,silver,3.189482455518734,0.1179801176190475,3.0,4.0,C22 H41 O6
A15_57537,Streptophyta,False,,,,,,,,,,,,,
A15_167299,Streptophyta,False,,,,,,,,,,,,,
A15_107269,Streptophyta,True,DG(18:3_18:4),DG(18:3_18:4)+H,DG,diacyl,M+H,A,0.8073284418555754,gold,0.1174287634353421,0.2608511814217351,6.0,10.0,C39 H63 O5
A15_87120,Streptophyta,False,,,,,,,,,,,,,
A15_222158,Streptophyta,False,,,,,,,,,,,,,
A15_218959,Streptophyta,True,TG(42:4),TG(42:4)+NH4,TG,triacyl,M+NH4,C,0.4649921608543818,silver,1.7322306967404664,0.1977827535111593,56.0,8.0,C45 H82 N1 O6
A15_103165,Streptophyta,False,,,,,,,,,,,,,
A15_159937,Actinomycetota,False,,,,,,,,,,,,,
A15_95532,Basidiomycota,False,,,,,,,,,,,,,
A15_67059,Basidiomycota,False,,,,,,,,,,,,,
A15_71857,Basidiomycota,False,,,,,,,,,,,,,
A15_1042,Streptophyta,False,,,,,,,,,,,,,
A15_82975,Streptophyta,True,TG(30:3)+O:(s),TG(30:3)+NH4+O:(s),TG,triacyl,M+NH4,C,0.2386531114012693,silver,0.981265239622408,0.1570194152160677,3.0,4.0,C33 H60 N1 O7
A15_34619,Streptophyta,False,,,,,,,,,,,,,
A15_53417,Streptophyta,False,,,,,,,,,,,,,
A15_166292,Streptophyta,True,TG(6:0_18:2_18:2)+O:(s),TG(6:0_18:2_18:2)+NH4+O:(s),TG,triacyl,M+NH4,C,0.0390211818975215,bronze,0.1047622545506371,0.1834190000000006,1.0,1.0,C45 H82 N1 O7
A15_222592,Streptophyta,False,,,,,,,,,,,,,
A15_58677,Bacillota,False,,,,,,,,,,,,,
A15_58894,Streptophyta,False,,,,,,,,,,,,,
A15_148708,Streptophyta,True,DG(16:0_18:1),DG(16:0_18:1)+Na,DG,diacyl,M+Na,A,0.2963302201472555,silver,1.2098645322597312,0.1565233423772607,1.0,3.0,C37 H70 Na1 O5
A15_163928,Discosea,False,,,,,,,,,,,,,
A15_96354,Streptophyta,True,DG(15:2_18:3),DG(15:2_18:3)+Na,DG,diacyl,M+Na,C,0.2785045658332858,silver,0.6566891608866152,0.011232200000002,2.0,1.0,C36 H60 Na1 O5
A15_201848,Streptophyta,False,,,,,,,,,,,,,
A15_139709,Streptophyta,False,,,,,,,,,,,,,
A15_177491,Discosea,True,DG(20:3_20:4),DG(20:3_20:4)+NH4,DG,diacyl,M+NH4,A,0.9809048388947094,gold,0.4295425899654645,0.2586875000000006,9.0,8.0,C43 H74 N1 O5
A15_174081,Discosea,True,DG(20:3_20:4),DG(20:3_20:4)+NH4,DG,diacyl,M+NH4,A,0.9809048388947094,gold,0.6939478397399252,0.1220874999999992,9.0,7.0,C43 H74 N1 O5
A15_171531,Discosea,True,DG(20:3_20:4),DG(20:3_20:4)+NH4,DG,diacyl,M+NH4,A,0.9809048388947094,gold,1.1614049770232633,0.0145124999999985,9.0,3.0,C43 H74 N1 O5
A15_111100,Bacillota,False,,,,,,,,,,,,,
A15_115518,Streptophyta,False,,,,,,,,,,,,,
A15_38207,Streptophyta,True,DG(P-5:0_22:5),DG(P-5:0_22:5)+H,DG,alkenyl-acyl,M+H,B,0.308404711208529,silver,2.039562231687546,0.0858411907454872,1.0,1.0,C30 H49 O4
A15_122155,Streptophyta,True,MGDG(18:3_18:4),MGDG(18:3_18:4)+NH4,MGDG,Monogalactosyldiacylglycerol,M+NH4,A,0.4187507800158461,gold,0.0647347108605305,0.0432275000000004,4.0,5.0,C45 H76 N1 O10
A15_119314,Streptophyta,False,,,,,,,,,,,,,
A15_191228,Basidiomycota,True,DG(O-18:4_18:1),DG(O-18:4_18:1)+H,DG,alkyl-acyl,M+H,C,0.9009751095405848,silver,1.2980166170231917,0.1048181598915576,4.0,3.0,C39 H69 O4
A15_192844,Basidiomycota,True,DG(O-18:4_18:1),DG(O-18:4_18:1)+H,DG,alkyl-acyl,M+H,C,0.9009751095405848,silver,1.0935344125299498,0.1882181598915586,4.0,3.0,C39 H69 O4
A15_159484,Discosea,True,PS(38:4),PS(38:4)+H,PS,diacyl,M+H,C,0.7013640248548166,silver,0.0345986514757839,0.186830721880959,5.0,5.0,C44 H79 N1 O10 P1
A15_161291,Discosea,True,PS(20:4_18:0),PS(20:4_18:0)+H,PS,diacyl,M+H,B,1.0964848893362418,gold,0.2439348294773779,0.2768486072511287,7.0,6.0,C44 H79 N1 O10 P1
A15_162570,Discosea,True,PS(20:4_18:0),PS(20:4_18:0)+H,PS,diacyl,M+H,B,1.0964848893362418,gold,0.2500883534639948,0.1919486072511276,7.0,5.0,C44 H79 N1 O10 P1
A15_158151,Discosea,True,PS(38:4),PS(38:4)+H,PS,diacyl,M+H,C,0.7013640248548166,silver,0.105701659819241,0.2058307218809592,5.0,5.0,C44 H79 N1 O10 P1
A15_153336,Discosea,True,PG(22:6_16:0),PG(22:6_16:0)+NH4,PG,diacyl,M+NH4,B,0.173191644049036,silver,2.595485553601559,0.1934139999999988,1.0,4.0,C44 H79 N1 O10 P1
A15_144949,Actinomycetota,True,PC(34:4),PC(34:4)+H,PC,diacyl,M+H,C,3.19722457733622,silver,0.0738222009989887,0.1934406145546301,29.0,6.0,C42 H77 N1 O8 P1
A15_47992,Basidiomycota,False,,,,,,,,,,,,,
A15_50713,Basidiomycota,False,,,,,,,,,,,,,
A15_180071,Streptophyta,True,TG(18:3_18:3_18:4)+OO:(s),TG(18:3_18:3_18:4)+NH4+OO:(s),TG,triacyl,M+NH4,A,0.0779383894274153,bronze,2.272482200588921,0.2068401241610757,1.0,1.0,C57 H94 N1 O8
A15_161581,Streptophyta,False,,,,,,,,,,,,,
A15_192727,Streptophyta,False,,,,,,,,,,,,,
A15_70646,Streptophyta,False,,,,,,,,,,,,,
A15_12039,Streptophyta,False,,,,,,,,,,,,,
A15_150295,Streptophyta,False,,,,,,,,,,,,,
A15_76474,Streptophyta,True,PG(16:1_18:3),PG(16:1_18:3)+NH4,PG,diacyl,M+NH4,A,0.5586661652722892,silver,1.4994451524086068,0.1150100999999992,1.0,2.0,C40 H75 N1 O10 P1
A15_162032,Streptophyta,True,DG(18:2_18:3),DG(18:2_18:3)+Na,DG,diacyl,M+Na,B,0.4850864848852086,silver,1.123656151013889,0.2408750000000008,1.0,4.0,C39 H66 Na1 O5
A15_218015,Streptophyta,True,DG(O-44:9),DG(O-44:9)+NH4,DG,alkyl-acyl,M+NH4,C,0.1437323995477146,silver,0.3061527749359835,0.0019532801568473,2.0,3.0,C47 H80 N1 O4
A15_138109,Streptophyta,True,PC(O-25:7_13:1),PC(O-25:7_13:1)+Na,PC,alkyl-acyl,M+Na,C,0.5513577196034947,silver,3.0842899193694127,0.2095267899377688,4.0,1.0,C46 H78 N1 Na1 O7 P1
A15_155686,Pseudomonadota,False,,,,,,,,,,,,,
A15_158730,Pseudomonadota,False,,,,,,,,,,,,,
A15_81750,Streptophyta,False,,,,,,,,,,,,,
A15_136593,Streptophyta,True,MGDG(18:3_20:4),MGDG(18:3_20:4)+NH4,MGDG,Monogalactosyldiacylglycerol,M+NH4,A,1.1702840994842911,gold,2.028029765777539,0.2666187261355848,8.0,3.0,C47 H80 N1 O10
A15_83238,Actinomycetota,False,,,,,,,,,,,,,
A15_39499,Streptophyta,False,,,,,,,,,,,,,
A15_115199,Streptophyta,True,PG(22:7_17:3),PG(22:7_17:3)+NH4,PG,diacyl,M+NH4,C,0.1067296140698847,bronze,1.6450618730978874,0.2215441549295782,1.0,2.0,C45 H73 N1 O10 P1
A15_79524,Streptophyta,True,PS(13:0_18:2),PS(13:0_18:2)+H,PS,diacyl,M+H,C,0.2262566344155218,bronze,2.003744963699324,0.1276631999999997,1.0,1.0,C37 H69 N1 O10 P1
A15_134972,Streptophyta,False,,,,,,,,,,,,,
A15_80491,Pseudomonadota,False,,,,,,,,,,,,,
A15_51491,Bacillota,False,,,,,,,,,,,,,
A15_203300,Streptophyta,False,,,,,,,,,,,,,
A15_108167,Streptophyta,False,,,,,,,,,,,,,
A15_168465,Streptophyta,True,PG(18:2_19:1),PG(18:2_19:1)+NH4,PG,diacyl,M+NH4,B,0.9466647714262864,silver,3.056303650899936,0.0347160000000013,1.0,1.0,C43 H83 N1 O10 P1
A15_154345,Streptophyta,True,DG(O-18:4_18:2),DG(O-18:4_18:2)+H,DG,alkyl-acyl,M+H,C,1.0643931570497451,silver,0.3846630911548868,0.0158414377064399,15.0,8.0,C39 H67 O4
A15_222160,Streptophyta,False,,,,,,,,,,,,,
A15_79727,Streptophyta,False,,,,,,,,,,,,,
A15_115376,Streptophyta,False,,,,,,,,,,,,,
A15_221471,Streptophyta,False,,,,,,,,,,,,,
A15_177493,Bacillota,True,PE(18:0_15:0),PE(18:0_15:0)+H,PE,diacyl,M+H,B,0.8920579229203356,gold,2.553480706149448,0.2315111306506097,3.0,4.0,C38 H77 N1 O8 P1
A15_135317,Streptophyta,False,,,,,,,,,,,,,
A15_133896,Streptophyta,False,,,,,,,,,,,,,
A15_137270,Streptophyta,True,DG(O-13:1_23:4),DG(O-13:1_23:4)+Na,DG,alkyl-acyl,M+Na,C,0.3897348531904195,bronze,0.2267887536563257,0.2701631529504329,1.0,1.0,C39 H68 Na1 O4
A15_85224,Streptophyta,True,PA(16:1_18:4),PA(16:1_18:4)+NH4,PA,diacyl,M+NH4,A,1.115105570088614,silver,1.6051925748427405,0.2218564999999994,1.0,2.0,C37 H67 N1 O8 P1
A15_134475,Streptophyta,False,,,,,,,,,,,,,
A15_108788,Bacillota,True,TG(28:1_6:0)+OO:(s),TG(28:1_6:0)+Na+OO:(s),TG,triacyl,M+Na,C,0.0500881333355204,bronze,1.355375379460588,0.0937719387830604,2.0,1.0,C37 H68 Na1 O8
A15_176209,Streptophyta,False,,,,,,,,,,,,,
A15_176408,Streptophyta,True,AcHexCmE(12:0),AcHexCmE(12:0)+NH4,AcHexCmE,acylHexSterolEsters,M+NH4,A,0.0177363688853509,bronze,1.6246262695247424,0.2276960000000016,1.0,1.0,C46 H84 N1 O7
A15_78597,Streptophyta,True,TG(49:15)+O:(s),TG(49:15)+NH4+O:(s),TG,triacyl,M+NH4,C,0.0166497026803022,bronze,1.286941204034296,0.2507010999999997,1.0,2.0,C52 H74 N1 O7
A15_77240,Streptophyta,True,TG(49:15)+O:(s),TG(49:15)+NH4+O:(s),TG,triacyl,M+NH4,C,0.0166497026803022,bronze,1.506454709598772,0.2170011,1.0,1.0,C52 H74 N1 O7
A15_67878,Streptophyta,True,TG(15:0_18:4),TG(15:0_18:4)+NH4,TG,triacyl,M+NH4,C,0.5164547841244533,bronze,0.8969753742648168,0.2234175000000009,1.0,3.0,C36 H64 N1 O6
A15_76262,Streptophyta,False,,,,,,,,,,,,,
A15_92423,Streptophyta,True,PC(42:12),PC(42:12)+H,PC,diacyl,M+H,C,1.3081733535952562,silver,2.044168619822385,0.144816500000001,8.0,2.0,C50 H77 N1 O8 P1
A15_142897,Streptophyta,False,,,,,,,,,,,,,
A15_76361,Basidiomycota,True,PS(15:1_18:2),PS(15:1_18:2)+H,PS,diacyl,M+H,C,0.0310280386910516,bronze,1.7857359975609444,0.0318192999999995,1.0,4.0,C39 H71 N1 O10 P1
A15_32540,Ascomycota,True,DG(3:0_22:6),DG(3:0_22:6)+Na,DG,diacyl,M+Na,C,0.0365330373860375,bronze,1.029032358350297,0.2183750689125081,1.0,1.0,C28 H42 Na1 O5
A15_213814,Streptophyta,True,TG(P-15:2_18:4_25:4),TG(P-15:2_18:4_25:4)+H,TG,alkenyl-acyl,M+H,C,0.1108848023735109,bronze,1.230192843499885,0.0471004042288534,1.0,1.0,C61 H99 O5
A15_174340,Streptophyta,False,,,,,,,,,,,,,
A15_212253,Streptophyta,False,,,,,,,,,,,,,
A15_72123,Streptophyta,False,,,,,,,,,,,,,
A15_113372,Mucoromycota,False,,,,,,,,,,,,,
A15_26269,Streptophyta,False,,,,,,,,,,,,,
A15_170105,Streptophyta,False,,,,,,,,,,,,,
A15_59092,Streptophyta,False,,,,,,,,,,,,,
A15_181548,Streptophyta,True,PG(26:0_20:2),PG(26:0_20:2)+H,PG,diacyl,M+H,C,0.2513998980120541,bronze,0.0306282024473864,0.0406440000000003,1.0,4.0,C52 H100 O10 P1
A15_112266,Streptophyta,False,,,,,,,,,,,,,
A15_143313,Streptophyta,False,,,,,,,,,,,,,
A15_58953,Streptophyta,False,,,,,,,,,,,,,
A15_206199,Basidiomycota,False,,,,,,,,,,,,,
A15_30896,Streptophyta,False,,,,,,,,,,,,,
A15_115183,Streptophyta,True,PC(18:2_14:0),PC(18:2_14:0)+Na,PC,diacyl,M+Na,B,1.5679642704280004,silver,3.285053111017899,0.0277729999999998,1.0,5.0,C40 H76 N1 Na1 O8 P1
A15_156286,Streptophyta,True,PC(32:1),PC(32:1)+H,PC,diacyl,M+H,C,3.19722457733622,silver,0.0769369825291576,0.2242328675042504,39.0,6.0,C40 H79 N1 O8 P1
A15_123753,Bacillota,False,,,,,,,,,,,,,
A15_48755,Basidiomycota,False,,,,,,,,,,,,,
A15_161633,Streptophyta,True,MGDG(16:0_18:3),MGDG(16:0_18:3)+Na,MGDG,Monogalactosyldiacylglycerol,M+Na,C,0.1229250725137288,bronze,2.3207621082595606,0.2826070000000005,1.0,1.0,C43 H76 Na1 O10
A15_140080,Streptophyta,True,TG(3:0_18:0_15:2)+O:(s),TG(3:0_18:0_15:2)+NH4+O:(s),TG,triacyl,M+NH4,B,0.2726156503591387,gold,1.0682156532163032,0.0010871104659457,2.0,12.0,C39 H74 N1 O7
A15_46946,Pseudomonadota,True,LPG(18:0),LPG(18:0)+H,LPG,monoacyl,M+H,C,1.478533859920076,silver,0.4614095705663305,0.0383838,4.0,3.0,C24 H50 O9 P1
A15_57214,Streptophyta,False,,,,,,,,,,,,,
A15_187104,Pseudomonadota,True,PC(36:5),PC(36:5)+H,PC,diacyl,M+H,C,3.0325195612898974,silver,1.631693898690501,0.1498530000000002,5.0,5.0,C44 H79 N1 O8 P1
A15_169289,Streptophyta,False,,,,,,,,,,,,,
A15_193351,Ascomycota,False,,,,,,,,,,,,,
A15_146565,Pseudomonadota,True,PG(15:0_15:0),PG(15:0_15:0)+NH4,PG,diacyl,M+NH4,A,0.903681375356016,gold,3.4502188993496183,0.0125340000000004,2.0,5.0,C36 H75 N1 O10 P1
A15_40384,Streptophyta,True,DG(6:0_19:2),DG(6:0_19:2)+H,DG,diacyl,M+H,C,0.4051145149537734,silver,0.3347172134753138,0.1799485000000009,3.0,1.0,C28 H51 O5
A15_129285,Basidiomycota,True,DG(O-18:4_18:2),DG(O-18:4_18:2)+H,DG,alkyl-acyl,M+H,C,0.7361215699525799,silver,0.1999484093129773,0.0339969205915817,2.0,4.0,C39 H67 O4
A15_53849,Methanobacteriota,False,,,,,,,,,,,,,
A15_13402,Streptophyta,True,TG(23:6_4:0),TG(23:6_4:0)+NH4,TG,triacyl,M+NH4,C,0.0542448316690888,bronze,0.8917249203195869,0.0200868999999999,3.0,1.0,C30 H48 N1 O6
A15_12125,Streptophyta,True,TG(23:6_4:0),TG(23:6_4:0)+NH4,TG,triacyl,M+NH4,C,0.0542448316690888,bronze,0.7643964314948076,0.0403868999999996,3.0,1.0,C30 H48 N1 O6
A15_178145,Streptophyta,True,WE(O-24:3_18:2),WE(O-24:3_18:2)+Na,WE,Wax monoesters,M+Na,C,0.1479700216416888,bronze,1.0242807754619057,0.2890039999999985,1.0,1.0,C42 H74 Na1 O2
A15_169265,Streptophyta,True,PG(18:2_19:1),PG(18:2_19:1)+NH4,PG,diacyl,M+NH4,B,0.9466647714262864,silver,0.9309473575618764,0.0454160000000012,1.0,1.0,C43 H83 N1 O10 P1
A15_220720,Streptophyta,True,TG(16:1_18:3_18:3),TG(16:1_18:3_18:3)+NH4,TG,triacyl,M+NH4,A,1.330371317274763,gold,2.15937632469357,0.1369170138432842,6.0,23.0,C55 H96 N1 O6
A15_122742,Streptophyta,True,TG(18:2_16:0)+O:(s),TG(18:2_16:0)+NH4+O:(s),TG,triacyl,M+NH4,B,1.029773356797245,gold,1.513679975095486,0.1748530000000006,13.0,3.0,C37 H70 N1 O7
A15_57216,Streptophyta,False,,,,,,,,,,,,,
A15_166172,Actinomycetota,False,,,,,,,,,,,,,
A15_194654,Streptophyta,False,,,,,,,,,,,,,
A15_2154,Streptophyta,False,,,,,,,,,,,,,
A15_117146,Streptophyta,True,TG(7:0_16:0_18:4)+OO:(s),TG(7:0_16:0_18:4)+NH4+OO:(s),TG,triacyl,M+NH4,C,0.0897053997345058,bronze,0.0630373940603302,0.10684,1.0,1.0,C44 H80 N1 O8
A15_11478,Streptophyta,True,MG(P-18:4),MG(P-18:4)+H,MG,monoalkenyl,M+H,C,0.3347230454224562,silver,0.0342760410205951,0.0830288234626768,6.0,2.0,C21 H35 O3
A15_176909,Bacillota,True,DG(O-15:1_16:1),DG(O-15:1_16:1)+H,DG,alkyl-acyl,M+H,B,0.4793871064308335,gold,0.1240231285470369,0.0478241578316414,2.0,3.0,C34 H65 O4
A15_177695,Bacillota,True,DG(O-15:1_16:1),DG(O-15:1_16:1)+H,DG,alkyl-acyl,M+H,B,0.4793871064308335,gold,0.2226299352008465,0.0676241578316414,2.0,3.0,C34 H65 O4
A15_91634,Streptophyta,True,PG(19:4_18:2),PG(19:4_18:2)+NH4,PG,diacyl,M+NH4,C,0.0575262846945233,bronze,3.0646664718707286,0.008359099999998,1.0,2.0,C43 H77 N1 O10 P1
A15_196813,Streptophyta,False,,,,,,,,,,,,,
A15_87768,Streptophyta,False,,,,,,,,,,,,,
A15_125799,Bacillota,True,TG(18:2_16:0)+O:(s),TG(18:2_16:0)+Na+O:(s),TG,triacyl,M+Na,C,0.7230626927590686,silver,0.5198876955666993,0.2938116646922619,3.0,5.0,C37 H66 Na1 O7
A15_119376,Bacillota,True,TG(18:2_16:0)+O:(s),TG(18:2_16:0)+Na+O:(s),TG,triacyl,M+Na,C,0.1332194890857038,bronze,0.6479226864702032,0.0953859999999995,1.0,2.0,C37 H66 Na1 O7
A15_120377,Bacillota,True,TG(18:2_16:0)+O:(s),TG(18:2_16:0)+Na+O:(s),TG,triacyl,M+Na,C,0.1332194890857038,bronze,0.7067945464973263,0.0730859999999999,1.0,2.0,C37 H66 Na1 O7
A15_75757,Bacillota,True,WE(O-26:3),WE(O-26:3)+Na,WE,Wax monoesters,M+Na,C,0.3804249172892411,silver,0.7188638256876453,0.2479599822383198,8.0,1.0,C26 H46 Na1 O2
A15_18492,Basidiomycota,True,LPE(18:2),LPE(18:2)+H,LPE,monoacyl,M+H,A,1.5946056624637557,gold,0.9551045629178496,0.1592547751220832,54.0,5.0,C23 H45 N1 O7 P1
A15_5584,Streptophyta,False,,,,,,,,,,,,,
A15_46717,Streptophyta,False,,,,,,,,,,,,,
A15_187202,Actinomycetota,True,PE(O-40:5),PE(O-40:5)+H,PE,alkyl-acyl,M+H,C,1.163849260550125,silver,1.5594677188878967,0.1526589999999998,3.0,8.0,C45 H83 N1 O7 P1
A15_228526,Streptophyta,True,Cer(d45:2),Cer(d45:2)+H-H2O,Cer,acylceramides,M+H-H2O,C,0.0269721041088902,bronze,1.193100350623426,0.0696409523329002,1.0,1.0,C45 H84 N1 O3
A15_14633,Bacillota,True,WE(O-18:0),WE(O-18:0)+NH4,WE,Wax monoesters,M+NH4,C,0.6015724520744609,silver,0.5398277558672613,0.1360524824905944,9.0,4.0,C18 H40 N1 O2
A15_12843,Bacillota,True,WE(O-18:0),WE(O-18:0)+NH4,WE,Wax monoesters,M+NH4,C,0.6015724520744609,silver,0.4505140162412543,0.0647524824905945,9.0,4.0,C18 H40 N1 O2
A15_6282,Pseudomonadota,False,,,,,,,,,,,,,
A15_75404,Ascomycota,True,TG(9:0_16:0)+O:(s),TG(9:0_16:0)+NH4+O:(s),TG,triacyl,M+NH4,B,0.9810964054331724,gold,1.3819112155603874,0.1155172000000002,27.0,3.0,C28 H56 N1 O7
A15_56281,Streptophyta,False,,,,,,,,,,,,,
A15_42721,Methanobacteriota,False,,,,,,,,,,,,,
A15_45489,Methanobacteriota,False,,,,,,,,,,,,,
A15_128141,Streptophyta,False,,,,,,,,,,,,,
A15_127760,Streptophyta,True,TG(43:7),TG(43:7)+H,TG,triacyl,M+H,C,0.3718225839329993,silver,1.8259189884921487,0.0376523344932984,5.0,7.0,C46 H75 O6
A15_59797,Streptophyta,False,,,,,,,,,,,,,
A15_103492,Streptophyta,True,DG(17:3_16:3),DG(17:3_16:3)+H,DG,diacyl,M+H,B,0.2994460431755258,silver,2.424165779973866,0.256419000000001,1.0,2.0,C36 H59 O5
A15_184226,Streptophyta,True,PC(40:2),PC(40:2)+Na,PC,diacyl,M+Na,C,0.5138756773829375,bronze,4.01864560039063,0.1943289999999997,1.0,1.0,C48 H92 N1 Na1 O8 P1
A15_11086,Streptophyta,False,,,,,,,,,,,,,
A15_143204,Streptophyta,True,DG(16:0_18:3),DG(16:0_18:3)+NH4,DG,diacyl,M+NH4,A,1.0869933590203325,gold,0.4169110814507828,0.2008412486631012,7.0,8.0,C37 H70 N1 O5
A15_141906,Streptophyta,True,DG(16:0_18:3),DG(16:0_18:3)+NH4,DG,diacyl,M+NH4,A,1.0869933590203325,gold,1.3026622452525076,0.2112412486631019,7.0,8.0,C37 H70 N1 O5
A15_222954,Streptophyta,False,,,,,,,,,,,,,
A15_168197,Streptophyta,False,,,,,,,,,,,,,
A15_55945,Streptophyta,False,,,,,,,,,,,,,
A15_168292,Streptophyta,True,TG(23:1_18:2)+O:(s),TG(23:1_18:2)+NH4+O:(s),TG,triacyl,M+NH4,C,0.2440712192957106,bronze,0.4569426532350069,0.0066240000000021,1.0,2.0,C44 H82 N1 O7
A15_97298,Streptophyta,True,DG(O-13:1_18:3),DG(O-13:1_18:3)+Na,DG,alkyl-acyl,M+Na,C,0.222830184711088,bronze,0.3027746707534032,0.0164256567993703,1.0,1.0,C34 H60 Na1 O4
A15_179105,Ascomycota,True,PC(O-20:2_18:1),PC(O-20:2_18:1)+H,PC,alkyl-acyl,M+H,C,1.061747541039934,silver,1.1200298002564235,0.1501552000000003,3.0,4.0,C46 H89 N1 O7 P1
A15_119348,Streptophyta,False,,,,,,,,,,,,,
A15_184289,Streptophyta,True,DG(19:0_18:1),DG(19:0_18:1)+NH4,DG,diacyl,M+NH4,A,0.8096350618102143,silver,2.47887577578631,0.1790160000000007,1.0,1.0,C40 H80 N1 O5
A15_176708,Streptophyta,True,TG(18:3_16:3_16:3)+O:(s),TG(18:3_16:3_16:3)+NH4+O:(s),TG,triacyl,M+NH4,B,0.6699852062235463,silver,0.1598995592578182,0.0598059999999982,1.0,1.0,C53 H88 N1 O7
A15_228168,Bacillota,False,,,,,,,,,,,,,
A15_92539,Streptophyta,True,DG(15:2_18:4),DG(15:2_18:4)+NH4,DG,diacyl,M+NH4,A,0.3308624471659899,silver,2.5127168109691915,0.1717080059523805,1.0,1.0,C36 H62 N1 O5
A15_89227,Streptophyta,True,TG(22:3_13:1),TG(22:3_13:1)+Na,TG,triacyl,M+Na,C,0.2819017051188018,bronze,0.5951535540219383,0.2488994000000008,1.0,1.0,C38 H64 Na1 O6
A15_133557,Streptophyta,True,PE(16:2_16:1),PE(16:2_16:1)+H,PE,diacyl,M+H,B,1.802368682233177,gold,0.176395606162006,0.2304390036180787,5.0,18.0,C37 H69 N1 O8 P1
A15_104660,Streptophyta,True,PS(17:2_18:2),PS(17:2_18:2)+H,PS,diacyl,M+H,B,0.4887547506628244,gold,0.9089478530110656,0.0705854999999999,2.0,2.0,C41 H73 N1 O10 P1
A15_228620,Actinomycetota,True,TG(15:0_16:0_18:1),TG(15:0_16:0_18:1)+NH4,TG,triacyl,M+NH4,A,1.0337534456827366,gold,2.070361633791824,0.0732653603355721,13.0,25.0,C52 H102 N1 O6
A15_228821,Actinomycetota,True,TG(15:0_16:0_18:1),TG(15:0_16:0_18:1)+NH4,TG,triacyl,M+NH4,A,1.1978115117996668,gold,0.0521807477900602,0.2848770000000016,41.0,27.0,C52 H102 N1 O6
A15_228483,Actinomycetota,True,TG(15:0_16:0_18:1),TG(15:0_16:0_18:1)+NH4,TG,triacyl,M+NH4,A,1.0337534456827366,gold,2.042874914567008,0.0559653603355734,13.0,26.0,C52 H102 N1 O6
A15_130935,Bacillota,False,,,,,,,,,,,,,
A15_180582,Pseudomonadota,False,,,,,,,,,,,,,
A15_179722,Streptophyta,False,,,,,,,,,,,,,
A15_185593,Basidiomycota,True,TG(3:0_29:3_18:4)+OO:(s),TG(3:0_29:3_18:4)+NH4+OO:(s),TG,triacyl,M+NH4,C,0.1426191727028535,bronze,2.208665813095596,0.016664620805372,1.0,1.0,C53 H92 N1 O8
A15_21521,Streptophyta,False,,,,,,,,,,,,,
A15_42335,Streptophyta,False,,,,,,,,,,,,,
A15_8037,Pseudomonadota,False,,,,,,,,,,,,,
A15_42787,Streptophyta,False,,,,,,,,,,,,,
A15_126477,Streptophyta,False,,,,,,,,,,,,,
A15_108331,Streptophyta,False,,,,,,,,,,,,,
A15_166349,Streptophyta,True,TG(22:1_18:3),TG(22:1_18:3)+NH4,TG,triacyl,M+NH4,C,0.0112406839611872,bronze,0.4121048837181603,0.0895476980146288,1.0,1.0,C43 H78 N1 O6
A15_47474,Streptophyta,False,,,,,,,,,,,,,
A15_60250,Basidiomycota,True,TG(27:4),TG(27:4)+H,TG,triacyl,M+H,C,0.14651977794818,bronze,4.307511934623466,0.0181370000000002,1.0,1.0,C30 H49 O6
A15_62217,Basidiomycota,True,TG(27:4),TG(27:4)+H,TG,triacyl,M+H,C,0.14651977794818,bronze,4.159099447589826,0.0601370000000001,1.0,1.0,C30 H49 O6
A15_101092,Streptophyta,False,,,,,,,,,,,,,
A15_57087,Streptophyta,False,,,,,,,,,,,,,
A15_65542,Streptophyta,True,TG(3:0_4:0_20:1),TG(3:0_4:0_20:1)+NH4,TG,triacyl,M+NH4,C,0.0902478423715268,bronze,0.4010329747554275,0.0636109999999998,1.0,4.0,C30 H58 N1 O6
A15_168572,Streptophyta,True,DG(P-19:4_18:2),DG(P-19:4_18:2)+H,DG,alkenyl-acyl,M+H,C,0.3347234876199021,silver,0.9476968008375084,0.0092389999999991,2.0,1.0,C40 H67 O4
A15_118587,Streptophyta,True,TG(18:2_16:0)+O:(s),TG(18:2_16:0)+NH4+O:(s),TG,triacyl,M+NH4,B,0.8642716995202058,gold,1.2343424698959744,0.0121464926910288,4.0,3.0,C37 H70 N1 O7
A15_115943,Streptophyta,False,,,,,,,,,,,,,
A15_123412,Bacillota,False,,,,,,,,,,,,,
A15_48302,Streptophyta,False,,,,,,,,,,,,,
A15_62889,Basidiomycota,False,,,,,,,,,,,,,
A15_60607,Basidiomycota,False,,,,,,,,,,,,,
A15_18330,Streptophyta,False,,,,,,,,,,,,,
A15_201847,Streptophyta,False,,,,,,,,,,,,,
A15_67129,Ascomycota,False,,,,,,,,,,,,,
A15_45788,Streptophyta,False,,,,,,,,,,,,,
A15_193953,Streptophyta,False,,,,,,,,,,,,,
A15_140121,Streptophyta,False,,,,,,,,,,,,,
A15_165648,Pseudomonadota,True,PG(16:0_18:1),PG(16:0_18:1)+NH4,PG,diacyl,M+NH4,A,1.3203955211644816,gold,2.1562452895564386,0.0276784788404196,16.0,6.0,C40 H81 N1 O10 P1
A15_160221,Streptophyta,True,LPC(29:0),LPC(29:0)+H,LPC,monoacyl,M+H,C,0.9835006793615616,silver,2.35135717012813,0.1682746170666735,4.0,2.0,C37 H77 N1 O7 P1
A15_22666,Streptophyta,False,,,,,,,,,,,,,
A15_125445,Streptophyta,False,,,,,,,,,,,,,
A15_207763,Streptophyta,False,,,,,,,,,,,,,
A15_123905,Streptophyta,False,,,,,,,,,,,,,
A15_161514,Pseudomonadota,False,,,,,,,,,,,,,
A15_205549,Streptophyta,False,,,,,,,,,,,,,
A15_156143,Streptophyta,False,,,,,,,,,,,,,
A15_208830,Streptophyta,False,,,,,,,,,,,,,
A15_185663,Streptophyta,True,Cer(d18:2_18:1),Cer(d18:2_18:1)+H,Cer,acylsphingosines,M+H,A,0.7810204098605394,gold,0.820958151837927,0.2241970000000002,2.0,4.0,C36 H68 N1 O3
A15_182189,Streptophyta,False,,,,,,,,,,,,,
A15_2195,Streptophyta,True,PC(20:3),PC(20:3)+H,PC,diacyl,M+H,C,2.6934964211141814,silver,0.5063558300933111,0.1107968999999999,14.0,1.0,C28 H51 N1 O8 P1
A15_133281,Streptophyta,False,,,,,,,,,,,,,
A15_108479,Pseudomonadota,True,TG(43:11)+O:(s),TG(43:11)+NH4+O:(s),TG,triacyl,M+NH4,C,0.0117447680283804,bronze,0.7631197052639608,0.1733379643374686,1.0,2.0,C46 H70 N1 O7
A15_113820,Bacillota,True,DG(P-11:0_17:1),DG(P-11:0_17:1)+H,DG,alkenyl-acyl,M+H,C,0.2767791046908594,silver,1.1531402466416674,0.0339949999999991,3.0,2.0,C31 H59 O4
A15_141313,Streptophyta,False,,,,,,,,,,,,,
A15_33372,Streptophyta,False,,,,,,,,,,,,,
A15_44725,Streptophyta,False,,,,,,,,,,,,,
A15_220861,Streptophyta,False,,,,,,,,,,,,,
A15_31649,Streptophyta,True,MG(P-27:8),MG(P-27:8)+H,MG,monoalkenyl,M+H,C,0.0745030393302595,bronze,2.4565724439200243,0.0055007994202895,1.0,1.0,C30 H45 O3
A15_161911,Streptophyta,False,,,,,,,,,,,,,
A15_108775,Streptophyta,False,,,,,,,,,,,,,
A15_42467,Ascomycota,False,,,,,,,,,,,,,
A15_77345,Streptophyta,False,,,,,,,,,,,,,
A15_46838,Streptophyta,False,,,,,,,,,,,,,
A15_131317,Streptophyta,True,DG(19:3_18:4),DG(19:3_18:4)+H,DG,diacyl,M+H,A,0.723715159449459,gold,0.0435088190674079,0.0208311868012618,3.0,9.0,C40 H65 O5
A15_90217,Basidiomycota,True,PG(P-18:4_15:1),PG(P-18:4_15:1)+NH4,PG,alkenyl-acyl,M+NH4,C,0.1072787157823288,bronze,1.7005161149826469,0.1041170061050067,1.0,1.0,C39 H71 N1 O9 P1
A15_85868,Basidiomycota,True,PG(P-18:4_15:1),PG(P-18:4_15:1)+NH4,PG,alkenyl-acyl,M+NH4,C,0.1072787157823288,bronze,2.6504352457440543,0.2819170061050062,1.0,1.0,C39 H71 N1 O9 P1
A15_130201,Streptophyta,True,DG(22:3_15:1),DG(22:3_15:1)+Na,DG,diacyl,M+Na,C,0.1232216482556268,silver,2.180048020221481,0.1755796514951413,3.0,3.0,C40 H70 Na1 O5
A15_78993,Streptophyta,True,DG(18:2_13:1),DG(18:2_13:1)+Na,DG,diacyl,M+Na,C,0.0796553963664626,bronze,3.1831806368256204,0.2422799325755544,1.0,1.0,C34 H60 Na1 O5
A15_58140,Streptophyta,False,,,,,,,,,,,,,
A15_125459,Streptophyta,True,PA(16:3_18:1),PA(16:3_18:1)+NH4,PA,diacyl,M+NH4,B,0.8444004254910643,gold,0.2337783421793513,0.203332020988876,2.0,8.0,C37 H69 N1 O8 P1
A15_17864,Streptophyta,False,,,,,,,,,,,,,
A15_142718,Bacillota,True,DG(O-13:0_17:2),DG(O-13:0_17:2)+H,DG,alkyl-acyl,M+H,C,0.7941101818460807,silver,0.6991533660207399,0.0099510869828414,6.0,1.0,C33 H63 O4
A15_17957,Streptophyta,False,,,,,,,,,,,,,
A15_66230,Streptophyta,False,,,,,,,,,,,,,
A15_142705,Streptophyta,True,PA(16:0_18:3),PA(16:0_18:3)+NH4,PA,diacyl,M+NH4,A,2.091477566806855,gold,0.0119984964608351,0.0918659999999995,12.0,19.0,C37 H71 N1 O8 P1
A15_177868,Streptophyta,False,,,,,,,,,,,,,
A15_136281,Streptophyta,False,,,,,,,,,,,,,
A15_54107,Streptophyta,False,,,,,,,,,,,,,
A15_104300,Streptophyta,False,,,,,,,,,,,,,
A15_180900,Streptophyta,False,,,,,,,,,,,,,
A15_90962,Streptophyta,False,,,,,,,,,,,,,
A15_211466,Streptophyta,False,,,,,,,,,,,,,
A15_187617,Streptophyta,False,,,,,,,,,,,,,
A15_67694,Streptophyta,True,PG(22:7_16:0),PG(22:7_16:0)+NH4,PG,diacyl,M+NH4,C,0.1405148376904606,bronze,2.1255132480848813,0.230212938205832,1.0,1.0,C44 H77 N1 O10 P1
A15_59954,Streptophyta,False,,,,,,,,,,,,,
A15_90494,Streptophyta,True,TG(3:0_6:0_18:0),TG(3:0_6:0_18:0)+NH4,TG,triacyl,M+NH4,B,0.9783631636591822,gold,1.7034403326493626,0.1780921726783866,4.0,4.0,C30 H60 N1 O6
A15_99392,Basidiomycota,True,PG(P-15:2_23:3),PG(P-15:2_23:3)+NH4,PG,alkenyl-acyl,M+NH4,C,0.0107488333473311,bronze,1.949996837583432,0.1739766326942273,1.0,2.0,C44 H81 N1 O9 P1
A15_122529,Pseudomonadota,False,,,,,,,,,,,,,
A15_3276,Streptophyta,False,,,,,,,,,,,,,
A15_181768,Pseudomonadota,True,PC(37:2),PC(37:2)+H,PC,diacyl,M+H,C,1.8348926079463117,silver,1.3459429148329314,0.2053989999999999,8.0,2.0,C45 H87 N1 O8 P1
A15_141910,Actinomycetota,True,MGDG(18:4_20:5),MGDG(18:4_20:5)+NH4,MGDG,Monogalactosyldiacylglycerol,M+NH4,B,0.5373322697976255,silver,0.1946658447155115,0.0870570000000015,1.0,2.0,C47 H76 N1 O10
A15_51550,Streptophyta,False,,,,,,,,,,,,,
A15_60552,Ascomycota,False,,,,,,,,,,,,,
A15_67475,Ascomycota,False,,,,,,,,,,,,,
A15_61729,Ascomycota,False,,,,,,,,,,,,,
A15_63500,Ascomycota,False,,,,,,,,,,,,,
A15_65192,Ascomycota,False,,,,,,,,,,,,,
A15_121022,Streptophyta,False,,,,,,,,,,,,,
A15_88311,Streptophyta,False,,,,,,,,,,,,,
A15_27091,Streptophyta,False,,,,,,,,,,,,,
A15_97950,Streptophyta,True,DG(O-13:1_18:3),DG(O-13:1_18:3)+Na,DG,alkyl-acyl,M+Na,C,0.222830184711088,bronze,0.3135769096231379,0.0031256567993693,1.0,1.0,C34 H60 Na1 O4
A15_47133,Streptophyta,False,,,,,,,,,,,,,
A15_136492,Streptophyta,False,,,,,,,,,,,,,
A15_173772,Streptophyta,False,,,,,,,,,,,,,
A15_62044,Streptophyta,False,,,,,,,,,,,,,
A15_142434,Streptophyta,False,,,,,,,,,,,,,
A15_129249,Streptophyta,True,DG(16:0_18:4),DG(16:0_18:4)+NH4,DG,diacyl,M+NH4,A,0.6916620940849524,gold,1.750485147552394,0.1510049999999996,3.0,2.0,C37 H68 N1 O5
A15_33373,Streptophyta,False,,,,,,,,,,,,,
A15_75383,Streptophyta,False,,,,,,,,,,,,,
A15_50244,Streptophyta,False,,,,,,,,,,,,,
A15_143195,Streptophyta,True,DG(O-13:1_22:4),DG(O-13:1_22:4)+Na,DG,alkyl-acyl,M+Na,C,0.1460403117633242,silver,0.7438704191353638,0.0013928248666932,2.0,5.0,C38 H66 Na1 O4
A15_119916,Streptophyta,False,,,,,,,,,,,,,
A15_63106,Basidiomycota,False,,,,,,,,,,,,,
A15_103792,Streptophyta,True,TG(33:3)+O:(s),TG(33:3)+NH4+O:(s),TG,triacyl,M+NH4,C,0.2559409442805254,silver,1.3162082455812123,0.1675320500000001,2.0,1.0,C36 H66 N1 O7
A15_101686,Streptophyta,False,,,,,,,,,,,,,
A15_137596,Streptophyta,False,,,,,,,,,,,,,
A15_170967,Bacillota,False,,,,,,,,,,,,,
A15_169094,Bacillota,False,,,,,,,,,,,,,
A15_111470,Streptophyta,True,PI(13:0_16:0),PI(13:0_16:0)+H,PI,diacyl,M+H,C,0.4772752461548049,silver,1.7849623190699384,0.0838071872063217,3.0,2.0,C38 H74 O13 P1
A15_18506,Streptophyta,False,,,,,,,,,,,,,
A15_201224,Streptophyta,True,PI(23:5_16:0),PI(23:5_16:0)+H,PI,diacyl,M+H,C,0.0520512753080242,bronze,0.608458029814491,0.0787707622314606,2.0,1.0,C48 H84 O13 P1
A15_103676,Streptophyta,False,,,,,,,,,,,,,
A15_139305,Ascomycota,False,,,,,,,,,,,,,
A15_103797,Streptophyta,False,,,,,,,,,,,,,
A15_143834,Streptophyta,True,PI(20:4_16:0),PI(20:4_16:0)+NH4,PI,diacyl,M+NH4,B,1.0,gold,1.0384381242985858,0.2623259933485329,16.0,6.0,C45 H83 N1 O13 P1
A15_125766,Streptophyta,True,DG(18:2_18:4),DG(18:2_18:4)+H,DG,diacyl,M+H,A,0.8630017479851663,gold,0.0351652783777377,0.2479441061567566,12.0,15.0,C39 H65 O5
A15_149249,Streptophyta,True,DG(6:0_29:1),DG(6:0_29:1)+NH4,DG,diacyl,M+NH4,B,0.3681059159365253,gold,0.5558883715243998,0.0371528571428587,2.0,1.0,C38 H76 N1 O5
A15_12887,Streptophyta,False,,,,,,,,,,,,,
A15_36192,Streptophyta,False,,,,,,,,,,,,,
A15_133682,Streptophyta,True,Cer(d18:1_18:2)+O:(s),Cer(d18:1_18:2)+H+O:(s),Cer,acylsphingosines,M+H,C,0.3985893914268767,bronze,1.5778068094008624,0.0191449999999999,1.0,1.0,C36 H68 N1 O4
A15_170322,Streptophyta,True,TG(54:7)+OO:(s),TG(54:7)+NH4+OO:(s),TG,triacyl,M+NH4,C,0.017126997920787,bronze,0.143763559918924,0.0065073562091519,1.0,2.0,C57 H100 N1 O8
A15_60757,Streptophyta,False,,,,,,,,,,,,,
A15_118008,Streptophyta,True,PI(20:4_18:3),PI(20:4_18:3)+NH4,PI,diacyl,M+NH4,B,1.0,gold,0.1166647314853925,0.0197852534076243,3.0,3.0,C47 H81 N1 O13 P1
A15_61123,Streptophyta,True,TG(19:3_20:6),TG(19:3_20:6)+Na,TG,triacyl,M+Na,C,0.2456808829902185,bronze,4.683248224192397,0.1885038999999997,1.0,1.0,C42 H62 Na1 O6
A15_98882,Streptophyta,False,,,,,,,,,,,,,
A15_142373,Streptophyta,True,DG(16:0_21:5),DG(16:0_21:5)+NH4,DG,diacyl,M+NH4,C,0.2021390800283425,bronze,0.5489681355806766,0.1131130000000002,1.0,1.0,C40 H72 N1 O5
A15_13778,Streptophyta,True,BisMeLPA(17:3),BisMeLPA(17:3)+H,BisMeLPA,monoacyl,M+H,C,0.0501984278297227,bronze,1.0196176787373543,0.1445992186388798,1.0,1.0,C22 H40 O7 P1
A15_47626,Streptophyta,False,,,,,,,,,,,,,
A15_218309,Streptophyta,False,,,,,,,,,,,,,
A15_83647,Streptophyta,False,,,,,,,,,,,,,
A15_178977,Actinomycetota,True,PC(34:3),PC(34:3)+H,PC,diacyl,M+H,C,3.19722457733622,silver,1.4477991109130952,0.1179059999999978,9.0,7.0,C42 H79 N1 O8 P1
A15_77799,Methanobacteriota,False,,,,,,,,,,,,,
A15_164647,Streptophyta,False,,,,,,,,,,,,,
A15_162652,Pseudomonadota,False,,,,,,,,,,,,,
A15_106309,Streptophyta,False,,,,,,,,,,,,,
A15_91102,Streptophyta,True,DG(P-22:7_13:1),DG(P-22:7_13:1)+Na,DG,alkenyl-acyl,M+Na,C,0.3375684792406964,bronze,1.9574077083880848,0.1981341240622072,1.0,1.0,C38 H58 Na1 O4
A15_196739,Heterolobosea,False,,,,,,,,,,,,,
A15_113821,Streptophyta,True,DG(18:4_18:2),DG(18:4_18:2)+H,DG,diacyl,M+H,B,0.3643634126854092,gold,0.4195457215343131,0.1983517914941668,3.0,8.0,C39 H65 O5
A15_185519,Streptophyta,True,BisMePE(18:3_18:0),BisMePE(18:3_18:0)+H,BisMePE,diacyl,M+H,B,0.306893984467222,silver,3.527828493219828,0.0109331228174411,1.0,5.0,C43 H81 N1 O8 P1
A15_55011,Streptophyta,False,,,,,,,,,,,,,
A15_47006,Streptophyta,False,,,,,,,,,,,,,
A15_55315,Streptophyta,False,,,,,,,,,,,,,
A15_129525,Streptophyta,False,,,,,,,,,,,,,
A15_74993,Streptophyta,True,PG(26:8_15:2),PG(26:8_15:2)+H,PG,diacyl,M+H,C,0.3961085279566358,bronze,4.855656147169787,0.0772384000000006,1.0,1.0,C47 H74 O10 P1
A15_97644,Streptophyta,True,TG(26:8_13:1),TG(26:8_13:1)+Na,TG,triacyl,M+Na,C,0.0592733668122522,bronze,2.3613402753542005,0.0176167999999989,1.0,2.0,C42 H62 Na1 O6
A15_135978,Streptophyta,True,PE(16:2_16:1),PE(16:2_16:1)+H,PE,diacyl,M+H,B,1.802368682233177,gold,0.2987598593952969,0.1078390036180785,5.0,12.0,C37 H69 N1 O8 P1
A15_38704,Bacillota,False,,,,,,,,,,,,,
A15_44662,Bacillota,False,,,,,,,,,,,,,
A15_156116,Basidiomycota,True,DG(O-15:1_21:2),DG(O-15:1_21:2)+Na,DG,alkyl-acyl,M+Na,C,0.1341661069904748,bronze,2.8582189266388425,0.0830891688117922,1.0,1.0,C39 H72 Na1 O4
A15_165891,Bacillota,False,,,,,,,,,,,,,
A15_154270,Streptophyta,False,,,,,,,,,,,,,
A15_102373,Streptophyta,True,TG(33:3)+O:(s),TG(33:3)+H+O:(s),TG,triacyl,M+H,C,0.3957335371027143,bronze,3.735476091921658,0.2960597000000007,1.0,1.0,C36 H63 O7
A15_74791,Ascomycota,False,,,,,,,,,,,,,
A15_72124,Basidiomycota,False,,,,,,,,,,,,,
A15_146517,Streptophyta,False,,,,,,,,,,,,,
A15_135180,Basidiomycota,True,Cer(d16:1_17:1),Cer(d16:1_17:1)+H-H2O,Cer,acylsphingosines,M+H-H2O,C,1.2432672099123876,bronze,2.072377659276832,0.2281936276714642,1.0,2.0,C33 H62 N1 O2
A15_17680,Streptophyta,False,,,,,,,,,,,,,
A15_178618,Streptophyta,False,,,,,,,,,,,,,
A15_139935,Streptophyta,False,,,,,,,,,,,,,
A15_57314,Streptophyta,False,,,,,,,,,,,,,
A15_151583,Streptophyta,True,PC(O-25:7_15:1),PC(O-25:7_15:1)+Na,PC,alkyl-acyl,M+Na,C,0.3395260340378041,silver,0.0069491701556381,0.1458298656117733,2.0,1.0,C48 H82 N1 Na1 O7 P1
A15_98012,Bacillota,True,TG(40:10),TG(40:10)+NH4,TG,triacyl,M+NH4,C,0.2055869444613373,bronze,4.3777369527967736,0.0813524831863041,1.0,1.0,C43 H66 N1 O6
A15_95045,Bacillota,True,TG(40:10),TG(40:10)+NH4,TG,triacyl,M+NH4,C,0.2055869444613373,bronze,4.631894985834785,0.0365524831863037,1.0,1.0,C43 H66 N1 O6
A15_147212,Streptophyta,False,,,,,,,,,,,,,
A15_103504,Streptophyta,False,,,,,,,,,,,,,
A15_112702,Streptophyta,False,,,,,,,,,,,,,
A15_103718,Streptophyta,False,,,,,,,,,,,,,
A15_174846,Pseudomonadota,True,PG(17:0_17:0),PG(17:0_17:0)+NH4,PG,diacyl,M+NH4,A,1.0709980391381633,gold,2.8648312351161405,0.0236497929765349,4.0,5.0,C40 H83 N1 O10 P1
A15_195551,Streptophyta,True,TG(29:4_21:2)+OO:(s),TG(29:4_21:2)+NH4+OO:(s),TG,triacyl,M+NH4,C,0.1699086820906957,bronze,4.117961483504038,0.0099887777544935,1.0,4.0,C53 H94 N1 O8
A15_153696,Streptophyta,False,,,,,,,,,,,,,
A15_76970,Streptophyta,True,PS(13:1_18:1),PS(13:1_18:1)+H,PS,diacyl,M+H,C,0.0302865690019555,bronze,1.6683138291764787,0.1134051999999998,1.0,1.0,C37 H69 N1 O10 P1
A15_17066,Streptophyta,False,,,,,,,,,,,,,
A15_204833,Basidiomycota,False,,,,,,,,,,,,,
A15_39979,Streptophyta,False,,,,,,,,,,,,,
A15_176437,Pseudomonadota,False,,,,,,,,,,,,,
A15_141602,Streptophyta,True,MePC(28:2),MePC(28:2)+H,MePC,diacyl,M+H,C,1.2648464853017274,bronze,4.696815717126822,0.1561699999999994,1.0,1.0,C37 H72 N1 O8 P1
A15_16424,Streptophyta,True,LPE(20:4),LPE(20:4)+H,LPE,monoacyl,M+H,A,1.0716173615677431,gold,1.1799637125970992,0.0832743070412629,25.0,4.0,C25 H45 N1 O7 P1
A15_120006,Streptophyta,False,,,,,,,,,,,,,
A15_146631,Basidiomycota,True,Cer(d18:2_17:1),Cer(d18:2_17:1)+H,Cer,acylsphingosines,M+H,A,0.8371547571868648,gold,2.1109820796030108,0.2676122393781686,2.0,5.0,C35 H66 N1 O3
A15_144776,Basidiomycota,True,Cer(d18:2_17:1),Cer(d18:2_17:1)+H,Cer,acylsphingosines,M+H,A,0.8371547571868648,gold,1.791931294750897,0.0211122393781693,2.0,4.0,C35 H66 N1 O3
A15_143264,Basidiomycota,True,Cer(d18:2_17:1),Cer(d18:2_17:1)+H,Cer,acylsphingosines,M+H,A,0.8371547571868648,gold,1.8612108764705848,0.0040877606218305,2.0,4.0,C35 H66 N1 O3
A15_11193,Streptophyta,False,,,,,,,,,,,,,
A15_181137,Streptophyta,True,TG(21:3_29:3)+OO:(s),TG(21:3_29:3)+NH4+OO:(s),TG,triacyl,M+NH4,B,0.2104099548939704,silver,1.0075910680702576,0.1913640000000001,1.0,3.0,C53 H94 N1 O8
A15_116462,Streptophyta,False,,,,,,,,,,,,,
A15_33138,Streptophyta,True,MG(16:0),MG(16:0)+H,MG,monoacyl,M+H,B,0.2197154255109598,gold,2.1681396386700174,0.0916518168647098,3.0,3.0,C19 H39 O4
A15_103638,Streptophyta,True,PG(24:5_16:0),PG(24:5_16:0)+NH4,PG,diacyl,M+NH4,C,0.037386102312323,bronze,0.5104370105910123,0.194094666987592,1.0,1.0,C46 H85 N1 O10 P1
A15_130720,Streptophyta,False,,,,,,,,,,,,,
A15_1268,Streptophyta,False,,,,,,,,,,,,,
A15_10444,Streptophyta,False,,,,,,,,,,,,,
A15_204523,Streptophyta,False,,,,,,,,,,,,,
A15_161935,Streptophyta,True,PE(17:1_15:0),PE(17:1_15:0)+H,PE,diacyl,M+H,B,2.287182350744577,gold,0.1428682771036997,0.1740153089945799,18.0,20.0,C37 H73 N1 O8 P1
A15_203445,Streptophyta,False,,,,,,,,,,,,,
A15_34071,Streptophyta,False,,,,,,,,,,,,,
A15_17578,Streptophyta,True,BisMeLPA(17:2),BisMeLPA(17:2)+H,BisMeLPA,monoacyl,M+H,C,0.1554280246707207,bronze,2.2459709975874564,0.1981330999999997,1.0,1.0,C22 H42 O7 P1
A15_10590,Streptophyta,False,,,,,,,,,,,,,
A15_119578,Streptophyta,True,DGDG(18:3_18:3),DGDG(18:3_18:3)+Na,DGDG,Digalactosyldiacylglycerol,M+Na,B,0.2869468068032543,gold,0.365988435107778,0.139844,7.0,4.0,C51 H84 Na1 O15
A15_30658,Streptophyta,True,PS(8:0_18:0),PS(8:0_18:0)+H,PS,diacyl,M+H,C,0.4354173284903698,bronze,0.8280432536088501,0.0109526174087601,1.0,3.0,C32 H63 N1 O10 P1
A15_124275,Streptophyta,False,,,,,,,,,,,,,
A15_52663,Basidiomycota,True,MG(O-25:7),MG(O-25:7)+H,MG,monoalkyl,M+H,C,0.3027632667353919,silver,0.5256316958692531,0.2608068870379458,4.0,2.0,C28 H45 O3
A15_106308,Streptophyta,False,,,,,,,,,,,,,
A15_29217,Basidiomycota,True,DG(O-24:6),DG(O-24:6)+H,DG,alkyl-acyl,M+H,C,0.5474823236008711,silver,2.074017670422841,0.2129625000000001,2.0,2.0,C27 H43 O4
A15_177277,Streptophyta,True,Cer(d16:1_18:0),Cer(d16:1_18:0)+H,Cer,acylsphingosines,M+H,A,1.9730527070368789,gold,1.070843618964895,0.139655279683712,8.0,5.0,C34 H68 N1 O3
A15_67573,Streptophyta,False,,,,,,,,,,,,,
A15_175379,Pseudomonadota,False,,,,,,,,,,,,,
A15_129676,Streptophyta,False,,,,,,,,,,,,,
A15_51693,Streptophyta,True,TG(36:5)+OO:(s),TG(36:5)+NH4+OO:(s),TG,triacyl,M+NH4,C,0.0314514236661699,bronze,0.4530113223117421,0.2825971000000002,1.0,1.0,C39 H68 N1 O8
A15_56028,Streptophyta,False,,,,,,,,,,,,,
A15_202170,Streptophyta,True,Cer(d16:1_22:2),Cer(d16:1_22:2)+H,Cer,acylsphingosines,M+H,A,0.5004492800001565,gold,0.1028721210430585,0.2261790624168718,4.0,2.0,C38 H72 N1 O3
A15_74824,Streptophyta,False,,,,,,,,,,,,,
A15_181128,Ascomycota,False,,,,,,,,,,,,,
A15_138444,Bacillota,True,PE(14:1_15:0),PE(14:1_15:0)+H,PE,diacyl,M+H,B,2.507279992101026,gold,0.058369857883609,0.1428170000000008,11.0,12.0,C34 H67 N1 O8 P1
A15_211965,Streptophyta,True,TG(16:1_16:3_18:4),TG(16:1_16:3_18:4)+NH4,TG,triacyl,M+NH4,B,0.6793445829047629,gold,2.31912447079575,0.1084359119782014,2.0,4.0,C53 H90 N1 O6
A15_29670,Streptophyta,True,TG(20:1_7:0)+OO:(s),TG(20:1_7:0)+NH4+OO:(s),TG,triacyl,M+NH4,C,0.0551324874729654,bronze,3.5495445233494296,0.1742352732558139,1.0,1.0,C30 H58 N1 O8
A15_57715,Basidiomycota,False,,,,,,,,,,,,,
A15_59093,Basidiomycota,False,,,,,,,,,,,,,
A15_75977,Streptophyta,False,,,,,,,,,,,,,
A15_47487,Basidiomycota,True,TG(2:0_5:0_16:1),TG(2:0_5:0_16:1)+Na,TG,triacyl,M+Na,C,0.6290081107572663,silver,0.3584402879606984,0.2085413000000002,2.0,1.0,C26 H46 Na1 O6
A15_54788,Streptophyta,True,TG(20:2_13:1)+OO:(s),TG(20:2_13:1)+NH4+OO:(s),TG,triacyl,M+NH4,C,0.4602863990734775,bronze,2.065295979294629,0.0888809000000003,1.0,1.0,C36 H66 N1 O8
A15_169350,Bacillota,False,,,,,,,,,,,,,
A15_85304,Streptophyta,True,PC(P-42:13),PC(P-42:13)+H,PC,alkenyl-acyl,M+H,C,0.4844107944091674,silver,0.6149439083873004,0.1988910313416774,4.0,1.0,C50 H75 N1 O7 P1
A15_57204,Streptophyta,False,,,,,,,,,,,,,
A15_149461,Streptophyta,False,,,,,,,,,,,,,
A15_105958,Streptophyta,True,DG(14:2_16:2),DG(14:2_16:2)+H,DG,diacyl,M+H,A,0.5521205814228963,silver,3.513894966007378,0.148638,1.0,2.0,C33 H57 O5
A15_66267,Bacillota,True,DG(P-11:0_19:4),DG(P-11:0_19:4)+Na,DG,alkenyl-acyl,M+Na,C,0.1841821172450939,silver,2.469336356190841,0.043079742200387,8.0,3.0,C33 H56 Na1 O4
A15_3851,Streptophyta,False,,,,,,,,,,,,,
A15_48946,Basidiomycota,True,TG(18:2_4:0_4:0)+O:(s),TG(18:2_4:0_4:0)+NH4+O:(s),TG,triacyl,M+NH4,C,0.0790107797474803,bronze,1.3223082911744757,0.0822689999999992,1.0,1.0,C29 H54 N1 O7
A15_20208,Streptophyta,False,,,,,,,,,,,,,
A15_136358,Streptophyta,True,DGDG(14:0_18:2),DGDG(14:0_18:2)+NH4,DGDG,Digalactosyldiacylglycerol,M+NH4,A,1.2181541351314835,gold,2.8037949096413013,0.1914307624227458,5.0,2.0,C47 H88 N1 O15
A15_70622,Methanobacteriota,False,,,,,,,,,,,,,
A15_15432,Streptophyta,True,MG(18:3),MG(18:3)+H,MG,monoacyl,M+H,B,0.6441661977833317,gold,1.0011499716677297,0.228314964700381,19.0,3.0,C21 H37 O4
A15_80469,Streptophyta,False,,,,,,,,,,,,,
A15_217986,Streptophyta,False,,,,,,,,,,,,,
A15_70571,Ascomycota,True,WE(O-26:4),WE(O-26:4)+Na,WE,Wax monoesters,M+Na,C,0.1712046770359561,silver,0.9007171093197673,0.1842455588036227,9.0,1.0,C26 H44 Na1 O2
A15_22110,Streptophyta,False,,,,,,,,,,,,,
A15_48699,Basidiomycota,False,,,,,,,,,,,,,
A15_157280,Streptophyta,False,,,,,,,,,,,,,
A15_45418,Basidiomycota,False,,,,,,,,,,,,,
A15_47315,Basidiomycota,False,,,,,,,,,,,,,
A15_67415,Streptophyta,True,TG(18:3_18:3)+OO:(s),TG(18:3_18:3)+NH4+OO:(s),TG,triacyl,M+NH4,B,0.3307302198459297,silver,2.4832734610432405,0.0819019999999994,1.0,3.0,C39 H66 N1 O8
A15_106501,Streptophyta,False,,,,,,,,,,,,,
A15_102242,Streptophyta,False,,,,,,,,,,,,,
A15_216214,Bacillota,False,,,,,,,,,,,,,
A15_47445,Streptophyta,False,,,,,,,,,,,,,
A15_194374,Streptophyta,True,PI(19:2_18:2),PI(19:2_18:2)+H,PI,diacyl,M+H,C,0.063438878767481,bronze,0.0233478125213237,0.1847895675675666,1.0,2.0,C46 H82 O13 P1
A15_81469,Streptophyta,False,,,,,,,,,,,,,
A15_154708,Streptophyta,True,WE(O-38:9),WE(O-38:9)+Na,WE,Wax monoesters,M+Na,C,0.4226361765701272,silver,1.3167246069049603,0.2544776283596324,2.0,3.0,C38 H58 Na1 O2
A15_152967,Streptophyta,True,WE(O-26:8_12:1),WE(O-26:8_12:1)+Na,WE,Wax monoesters,M+Na,C,0.4896488036074852,bronze,0.2731804963223007,0.0078420000000001,1.0,3.0,C38 H58 Na1 O2
A15_16275,Streptophyta,False,,,,,,,,,,,,,
A15_94305,Bacillota,True,MePC(26:1),MePC(26:1)+H,MePC,diacyl,M+H,C,0.2964196900870743,bronze,1.992137590140508,0.1146428523364502,1.0,1.0,C35 H70 N1 O8 P1
A15_148339,Streptophyta,True,DG(16:0_29:8),DG(16:0_29:8)+NH4,DG,diacyl,M+NH4,C,0.3237291456433294,bronze,1.4833140777535236,0.0543372755905515,1.0,2.0,C48 H82 N1 O5
A15_12827,Streptophyta,True,TG(17:3_2:0_2:0),TG(17:3_2:0_2:0)+H,TG,triacyl,M+H,C,0.3023646226481023,bronze,0.7638117533846611,0.0402919999999999,1.0,2.0,C24 H39 O6
A15_182060,Streptophyta,False,,,,,,,,,,,,,
A15_147368,Streptophyta,True,TG(24:5_18:0)+O:(s),TG(24:5_18:0)+NH4+O:(s),TG,triacyl,M+NH4,C,0.0926127382811051,bronze,0.2012431091415478,0.2077810000000006,1.0,2.0,C45 H80 N1 O7
A15_37786,Basidiomycota,True,DG(P-25:6),DG(P-25:6)+H,DG,alkenyl-acyl,M+H,C,0.3563928755460541,silver,1.2366694062250922,0.173314828424278,4.0,2.0,C28 H43 O4
A15_180366,Streptophyta,True,PI(22:3_18:4),PI(22:3_18:4)+H,PI,diacyl,M+H,C,0.0864773276674767,bronze,0.1610562730063232,0.0349900000000005,1.0,1.0,C49 H82 O13 P1
A15_152449,Streptophyta,False,,,,,,,,,,,,,
A15_137597,Streptophyta,True,MGDG(18:2_18:3),MGDG(18:2_18:3)+NH4,MGDG,Monogalactosyldiacylglycerol,M+NH4,B,0.7122623676660408,gold,4.315723136721104,0.2249059999999989,3.0,1.0,C45 H80 N1 O10
A15_57844,Streptophyta,True,TG(18:2_18:3)+OO:(s),TG(18:2_18:3)+NH4+OO:(s),TG,triacyl,M+NH4,C,0.1667990616514178,bronze,0.250386248415728,0.1671151867298581,1.0,2.0,C39 H68 N1 O8
A15_171688,Streptophyta,True,TG(9:0_18:2_18:3)+O:(s),TG(9:0_18:2_18:3)+NH4+O:(s),TG,triacyl,M+NH4,C,1.1598890145505596,bronze,1.7328237753861186,0.1381390000000024,1.0,2.0,C48 H86 N1 O7
A15_205577,Streptophyta,False,,,,,,,,,,,,,
A15_7287,Basidiomycota,True,DG(4:0_21:5),DG(4:0_21:5)+NH4,DG,diacyl,M+NH4,C,0.1290086705062574,bronze,0.7243805639530342,0.0729239000000001,1.0,1.0,C28 H48 N1 O5
A15_56675,Streptophyta,False,,,,,,,,,,,,,
A15_70577,Streptophyta,False,,,,,,,,,,,,,
A15_31212,Streptophyta,False,,,,,,,,,,,,,
A15_173491,Streptophyta,False,,,,,,,,,,,,,
A15_91552,Streptophyta,True,MG(O-25:6),MG(O-25:6)+NH4,MG,monoalkyl,M+NH4,C,0.6982138871266665,silver,2.495710935764821,0.2486906334082377,2.0,1.0,C28 H50 N1 O3
A15_44352,Bacillota,False,,,,,,,,,,,,,
A15_70455,Streptophyta,True,TG(18:2_4:0_4:0),TG(18:2_4:0_4:0)+H,TG,triacyl,M+H,C,0.1679315318591887,bronze,3.28020939746796,0.2285740999999994,1.0,1.0,C29 H51 O6
A15_186419,Actinomycetota,False,,,,,,,,,,,,,
A15_151286,Streptophyta,True,MGDG(18:1_16:2),MGDG(18:1_16:2)+NH4,MGDG,Monogalactosyldiacylglycerol,M+NH4,A,0.9368821872178386,gold,4.243845434877316,0.0470019351010932,3.0,5.0,C43 H80 N1 O10
A15_100679,Streptophyta,True,PG(O-16:1_20:4),PG(O-16:1_20:4)+NH4,PG,alkyl-acyl,M+NH4,C,0.0142146966555034,bronze,3.481756566499216,0.0906503222683277,1.0,1.0,C42 H79 N1 O9 P1
A15_87051,Streptophyta,True,PG(19:4_16:0),PG(19:4_16:0)+NH4,PG,diacyl,M+NH4,C,0.0637169961593792,bronze,1.7216604131154514,0.2384185333429638,2.0,2.0,C41 H77 N1 O10 P1
A15_71446,Streptophyta,False,,,,,,,,,,,,,
A15_145788,Streptophyta,True,DG(16:1_18:3),DG(16:1_18:3)+H,DG,diacyl,M+H,A,1.0547602215006515,gold,0.5738687101117754,0.0795167799230753,10.0,12.0,C37 H65 O5
A15_122881,Streptophyta,True,DG(P-39:7),DG(P-39:7)+H,DG,alkenyl-acyl,M+H,C,0.640939446330113,bronze,3.003294810653641,0.0611433370445126,1.0,1.0,C42 H69 O4
A15_205810,Pseudomonadota,True,PC(37:1),PC(37:1)+H,PC,diacyl,M+H,C,2.9366772603058706,silver,0.6093019053928949,0.2734923895628078,19.0,2.0,C45 H89 N1 O8 P1
A15_203935,Pseudomonadota,True,PC(37:1),PC(37:1)+H,PC,diacyl,M+H,C,2.9366772603058706,silver,1.0665483865166296,0.1295923895628057,19.0,2.0,C45 H89 N1 O8 P1
A15_89143,Streptophyta,False,,,,,,,,,,,,,
A15_13542,Streptophyta,False,,,,,,,,,,,,,
A15_132694,Streptophyta,True,TG(21:0_16:3)+O:(s),TG(21:0_16:3)+NH4+O:(s),TG,triacyl,M+NH4,C,0.1126694487056369,bronze,2.5437153570227347,0.2399846661753635,1.0,1.0,C40 H74 N1 O7
A15_19238,Bacillota,False,,,,,,,,,,,,,
A15_24651,Bacillota,False,,,,,,,,,,,,,
A15_21968,Bacillota,False,,,,,,,,,,,,,
A15_20712,Bacillota,False,,,,,,,,,,,,,
A15_125572,Streptophyta,True,DG(15:2_16:0),DG(15:2_16:0)+NH4,DG,diacyl,M+NH4,B,0.5538259484434882,gold,2.9478558232390446,0.2834099999999999,5.0,3.0,C34 H66 N1 O5
A15_20433,Bacillota,False,,,,,,,,,,,,,
A15_115813,Streptophyta,False,,,,,,,,,,,,,
A15_213077,Streptophyta,False,,,,,,,,,,,,,
A15_183022,Streptophyta,True,Cer(d16:1_18:0),Cer(d16:1_18:0)+H,Cer,acylsphingosines,M+H,A,2.040014734557386,gold,0.5532731390800846,0.1246145991492717,3.0,5.0,C34 H68 N1 O3
A15_172017,Bacillota,True,DG(15:0_16:1),DG(15:0_16:1)+NH4,DG,diacyl,M+NH4,A,1.2449319157270513,gold,1.6246805281315626,0.0336180473332348,3.0,2.0,C34 H68 N1 O5
A15_131417,Streptophyta,False,,,,,,,,,,,,,
A15_102642,Streptophyta,False,,,,,,,,,,,,,
A15_17924,Streptophyta,False,,,,,,,,,,,,,
A15_30423,Basidiomycota,False,,,,,,,,,,,,,
A15_183583,Pseudomonadota,False,,,,,,,,,,,,,
A15_134058,Basidiomycota,True,TG(22:3_18:2)+O:(s),TG(22:3_18:2)+NH4+O:(s),TG,triacyl,M+NH4,C,0.1586013504085442,bronze,0.8658723666164573,0.0956417997156506,1.0,1.0,C43 H76 N1 O7
A15_132742,Basidiomycota,True,TG(22:3_18:2)+O:(s),TG(22:3_18:2)+NH4+O:(s),TG,triacyl,M+NH4,C,0.1586013504085442,bronze,0.826905538644167,0.1221417997156493,1.0,1.0,C43 H76 N1 O7
A15_11845,Methanobacteriota,False,,,,,,,,,,,,,
A15_16264,Methanobacteriota,False,,,,,,,,,,,,,
A15_142854,Streptophyta,True,DG(18:2_18:3),DG(18:2_18:3)+H,DG,diacyl,M+H,A,1.5752848005167317,gold,0.5312756276749622,0.0290232588314438,15.0,11.0,C39 H67 O5
A15_102914,Streptophyta,True,PG(O-15:1_21:5),PG(O-15:1_21:5)+NH4,PG,alkyl-acyl,M+NH4,C,0.0136572961420453,bronze,0.3561739129962081,0.1834819783783778,1.0,1.0,C42 H77 N1 O9 P1
A15_131275,Streptophyta,True,DG(18:2_18:3),DG(18:2_18:3)+H,DG,diacyl,M+H,A,0.7222967039960444,gold,0.5054737116216683,0.0503929588248794,5.0,11.0,C39 H67 O5
A15_173359,Streptophyta,False,,,,,,,,,,,,,
A15_55904,Basidiomycota,False,,,,,,,,,,,,,
A15_57886,Basidiomycota,False,,,,,,,,,,,,,
A15_42181,Streptophyta,False,,,,,,,,,,,,,
A15_115635,Streptophyta,False,,,,,,,,,,,,,
A15_64562,Streptophyta,False,,,,,,,,,,,,,
A15_59219,Streptophyta,False,,,,,,,,,,,,,
A15_37449,Ascomycota,True,DG(23:6_2:0),DG(23:6_2:0)+Na,DG,diacyl,M+Na,C,0.6969065509188803,silver,2.091511411293538,0.2239549557006546,2.0,3.0,C28 H42 Na1 O5
A15_105176,Streptophyta,False,,,,,,,,,,,,,
A15_161263,Streptophyta,False,,,,,,,,,,,,,
A15_141940,Streptophyta,True,DG(O-18:4_16:0),DG(O-18:4_16:0)+H,DG,alkyl-acyl,M+H,C,0.2538171041562852,bronze,2.3722557162164897,0.0151985942029,1.0,2.0,C37 H67 O4
A15_10468,Streptophyta,False,,,,,,,,,,,,,
A15_207248,Bacillota,False,,,,,,,,,,,,,
A15_210850,Bacillota,False,,,,,,,,,,,,,
A15_102281,Streptophyta,False,,,,,,,,,,,,,
A15_44170,Basidiomycota,False,,,,,,,,,,,,,
A15_80202,Streptophyta,False,,,,,,,,,,,,,
A15_77114,Streptophyta,True,PG(16:1_18:4),PG(16:1_18:4)+H,PG,diacyl,M+H,A,0.7329451741269637,gold,1.080863257813881,0.0427494250993083,3.0,1.0,C40 H70 O10 P1
A15_138842,Bacillota,True,PC(O-6:0_23:2),PC(O-6:0_23:2)+Na,PC,alkyl-acyl,M+Na,C,0.305180779495284,bronze,2.9071284910277155,0.1268220000000006,1.0,1.0,C37 H72 N1 Na1 O7 P1
A15_163326,Pseudomonadota,True,PC(15:0_18:1),PC(15:0_18:1)+H,PC,diacyl,M+H,C,1.6516057337567207,silver,1.137862651841008,0.1707057619047614,3.0,5.0,C41 H81 N1 O8 P1
A15_123437,Streptophyta,False,,,,,,,,,,,,,
A15_105396,Streptophyta,True,MG(O-23:4),MG(O-23:4)+H,MG,monoalkyl,M+H,C,0.0819449555658448,bronze,0.7768019232650495,0.1985590000000012,1.0,1.0,C26 H47 O3
A15_99007,Streptophyta,False,,,,,,,,,,,,,
A15_168744,Streptophyta,True,MGDG(17:1_20:1),MGDG(17:1_20:1)+NH4,MGDG,Monogalactosyldiacylglycerol,M+NH4,B,0.91336728397754,silver,1.043611145896078,0.2027689999999999,1.0,2.0,C46 H88 N1 O10
A15_220122,Streptophyta,False,,,,,,,,,,,,,
A15_191152,Streptophyta,True,TG(32:6_18:2)+O:(s),TG(32:6_18:2)+NH4+O:(s),TG,triacyl,M+NH4,B,0.6555364700951352,gold,0.9740977697006672,0.1665180480028958,2.0,4.0,C53 H90 N1 O7
A15_170776,Streptophyta,False,,,,,,,,,,,,,
A15_57695,Streptophyta,False,,,,,,,,,,,,,
A15_4736,Streptophyta,False,,,,,,,,,,,,,
A15_216505,Streptophyta,False,,,,,,,,,,,,,
A15_194792,Streptophyta,True,Cer(d15:0_23:1)+O:(s),Cer(d15:0_23:1)+H+O:(s),Cer,acylsphingosines,M+H,C,0.5166930374046901,silver,1.3599945182645272,0.0220480062196593,4.0,5.0,C38 H76 N1 O4
A15_26948,Basidiomycota,False,,,,,,,,,,,,,
A15_212487,Streptophyta,True,TG(34:2_24:5),TG(34:2_24:5)+Na,TG,triacyl,M+Na,C,0.1108045195339468,bronze,4.8117861735247605,0.225449061659166,1.0,2.0,C61 H104 Na1 O6
A15_15243,Streptophyta,False,,,,,,,,,,,,,
A15_171880,Ascomycota,False,,,,,,,,,,,,,
A15_74276,Streptophyta,True,TG(7:0_9:0_18:3),TG(7:0_9:0_18:3)+Na,TG,triacyl,M+Na,B,0.2346854444223569,silver,0.2582255964375816,0.0727401818145665,1.0,2.0,C37 H64 Na1 O6
A15_14417,Streptophyta,False,,,,,,,,,,,,,
A15_90325,Streptophyta,True,DG(21:4_5:0),DG(21:4_5:0)+NH4,DG,diacyl,M+NH4,B,0.0959530842895337,bronze,0.3745158829140027,0.1830369499999982,2.0,1.0,C29 H52 N1 O5
A15_100943,Streptophyta,False,,,,,,,,,,,,,
A15_66807,Streptophyta,True,MG(O-27:8),MG(O-27:8)+H,MG,monoalkyl,M+H,C,0.1400165256931208,silver,0.0053057612712317,0.1661934240300304,2.0,1.0,C30 H47 O3
A15_203414,Streptophyta,False,,,,,,,,,,,,,
A15_17439,Streptophyta,True,DG(4:0_21:4),DG(4:0_21:4)+NH4,DG,diacyl,M+NH4,C,0.1813790310163043,bronze,4.223773512558522,0.2124779000000001,1.0,2.0,C28 H50 N1 O5
A15_134075,Streptophyta,False,,,,,,,,,,,,,
A15_131890,Streptophyta,True,TG(18:3_16:0),TG(18:3_16:0)+H,TG,triacyl,M+H,C,0.3275938824810798,silver,0.9305799575772092,0.2440799768424391,3.0,9.0,C37 H65 O6
A15_117742,Streptophyta,False,,,,,,,,,,,,,
A15_167644,Streptophyta,False,,,,,,,,,,,,,
A15_195929,Streptophyta,True,PI(22:4_16:0),PI(22:4_16:0)+H,PI,diacyl,M+H,C,0.0668050594696515,bronze,3.9760638773487407,0.2861211469387719,1.0,1.0,C47 H84 O13 P1
A15_96082,Basidiomycota,True,TG(P-15:2_2:0_18:3),TG(P-15:2_2:0_18:3)+NH4,TG,alkenyl-acyl,M+NH4,C,0.2010179080713723,bronze,3.9095470864267687,0.1476137393835603,1.0,1.0,C38 H66 N1 O5
A15_110919,Bacillota,False,,,,,,,,,,,,,
A15_163531,Bacillota,True,PA(16:0_18:1),PA(16:0_18:1)+NH4,PA,diacyl,M+NH4,A,1.188216503938349,gold,3.168587506066839,0.0051650809399834,2.0,7.0,C37 H75 N1 O8 P1
A15_73424,Streptophyta,False,,,,,,,,,,,,,
A15_179691,Basidiomycota,True,PG(O-33:0),PG(O-33:0)+NH4,PG,alkyl-acyl,M+NH4,C,1.190909397351568,silver,1.3028156418281438,0.0441845,2.0,5.0,C39 H83 N1 O9 P1
A15_59116,Streptophyta,False,,,,,,,,,,,,,
A15_142986,Streptophyta,False,,,,,,,,,,,,,
A15_196036,Streptophyta,False,,,,,,,,,,,,,
A15_221451,Streptophyta,True,PI(P-15:2_23:2),PI(P-15:2_23:2)+H,PI,alkenyl-acyl,M+H,C,0.1432852884742923,bronze,1.3817211732678822,0.0620119999999992,1.0,1.0,C47 H84 O12 P1
A15_149965,Streptophyta,False,,,,,,,,,,,,,
A15_53994,Streptophyta,False,,,,,,,,,,,,,
A15_81997,Streptophyta,True,PEt(22:2_18:4),PEt(22:2_18:4)+K,PEt,diacyl,M+K,C,0.1431547185155253,silver,3.456992615161429,0.2531975317357089,3.0,1.0,C45 H77 K1 O8 P1
A15_131369,Streptophyta,False,,,,,,,,,,,,,
A15_150101,Streptophyta,True,DG(O-15:0_17:2),DG(O-15:0_17:2)+H,DG,alkyl-acyl,M+H,C,0.0728084819247303,bronze,0.4873726431238736,0.1645210000000005,1.0,2.0,C35 H67 O4
A15_115976,Streptophyta,False,,,,,,,,,,,,,
A15_51276,Streptophyta,False,,,,,,,,,,,,,
A15_34158,Streptophyta,True,PS(11:0_16:0),PS(11:0_16:0)+H,PS,diacyl,M+H,C,0.1850543699677783,silver,0.8375843637565192,0.0290421000000007,2.0,2.0,C33 H65 N1 O10 P1
A15_156394,Streptophyta,False,,,,,,,,,,,,,
A15_110663,Streptophyta,False,,,,,,,,,,,,,
A15_131808,Streptophyta,False,,,,,,,,,,,,,
A15_31298,Streptophyta,False,,,,,,,,,,,,,
A15_79698,Streptophyta,False,,,,,,,,,,,,,
A15_154109,Actinomycetota,True,DG(P-15:2_18:0),DG(P-15:2_18:0)+H,DG,alkenyl-acyl,M+H,C,0.5777471712645876,silver,0.4216924937509026,0.1660754999999998,3.0,4.0,C36 H67 O4
A15_140298,Streptophyta,False,,,,,,,,,,,,,
A15_198356,Streptophyta,True,TG(17:2_19:0_16:3)+OO:(s),TG(17:2_19:0_16:3)+NH4+OO:(s),TG,triacyl,M+NH4,B,0.4551565423299212,gold,1.3067080081186933,0.0108095678807949,2.0,4.0,C55 H100 N1 O8
A15_20730,Streptophyta,False,,,,,,,,,,,,,
A15_83831,Streptophyta,False,,,,,,,,,,,,,
A15_190046,Ascomycota,False,,,,,,,,,,,,,
A15_58828,Streptophyta,False,,,,,,,,,,,,,
A15_91118,Streptophyta,False,,,,,,,,,,,,,
A15_100283,Streptophyta,False,,,,,,,,,,,,,
A15_190200,Bacillota,False,,,,,,,,,,,,,
A15_82266,Streptophyta,False,,,,,,,,,,,,,
A15_85479,Streptophyta,True,TG(18:3_18:3)+O:(s),TG(18:3_18:3)+NH4+O:(s),TG,triacyl,M+NH4,B,0.3015436902249474,silver,3.4724322645856684,0.0451282999999982,1.0,2.0,C39 H66 N1 O7
A15_162553,Streptophyta,False,,,,,,,,,,,,,
A15_149595,Pseudomonadota,True,PG(17:1_15:0),PG(17:1_15:0)+Na,PG,diacyl,M+Na,B,1.4242829833150894,gold,3.746129707380798,0.213809307877657,3.0,2.0,C38 H73 Na1 O10 P1
A15_109502,Streptophyta,False,,,,,,,,,,,,,
A15_222075,Streptophyta,True,SiE(18:4),SiE(18:4)+H,SiE,sterolEsters,M+H,A,1.243413286954658,gold,0.1095479719549991,0.1602199999999989,10.0,7.0,C47 H77 O2
A15_65204,Streptophyta,True,MGDG(18:3_18:4),MGDG(18:3_18:4)+NH4,MGDG,Monogalactosyldiacylglycerol,M+NH4,B,0.1434258220906142,silver,1.6060716317188248,0.0252556999999997,1.0,1.0,C45 H76 N1 O10
A15_165767,Pseudomonadota,True,PC(33:1),PC(33:1)+H,PC,diacyl,M+H,C,3.1174557839971104,silver,0.5288097988703236,0.1314084551814609,31.0,9.0,C41 H81 N1 O8 P1
A15_113116,Streptophyta,True,DG(P-18:4_16:1),DG(P-18:4_16:1)+H,DG,alkenyl-acyl,M+H,C,0.724374899624151,bronze,1.6389787814010846,0.1707330000000002,1.0,1.0,C37 H63 O4
A15_168255,Streptophyta,True,PI(18:0_20:5),PI(18:0_20:5)+H,PI,diacyl,M+H,A,1.2241523855125716,silver,3.379456724200951,0.0268220797557798,1.0,3.0,C47 H82 O13 P1
A15_43300,Streptophyta,False,,,,,,,,,,,,,
A15_121469,Streptophyta,False,,,,,,,,,,,,,
A15_166986,Streptophyta,True,TG(5:0_16:0_18:2)+OO:(s),TG(5:0_16:0_18:2)+NH4+OO:(s),TG,triacyl,M+NH4,C,0.210973474652016,bronze,0.614550328484672,0.0605109999999999,1.0,5.0,C42 H80 N1 O8
A15_27860,Streptophyta,False,,,,,,,,,,,,,
A15_38408,Basidiomycota,False,,,,,,,,,,,,,
A15_21612,Bacillota,False,,,,,,,,,,,,,
A15_20346,Bacillota,False,,,,,,,,,,,,,
A15_109021,Streptophyta,True,TG(P-9:0_27:5),TG(P-9:0_27:5)+H,TG,alkenyl-acyl,M+H,C,0.3327027544316556,bronze,0.271194369857733,0.0400746099747486,1.0,1.0,C39 H65 O5
A15_18072,Basidiomycota,False,,,,,,,,,,,,,
A15_102858,Streptophyta,False,,,,,,,,,,,,,
A15_32521,Streptophyta,False,,,,,,,,,,,,,
A15_116362,Streptophyta,False,,,,,,,,,,,,,
A15_65136,Streptophyta,False,,,,,,,,,,,,,
A15_79846,Ascomycota,False,,,,,,,,,,,,,
A15_115247,Streptophyta,False,,,,,,,,,,,,,
A15_57142,Streptophyta,False,,,,,,,,,,,,,
A15_38009,Streptophyta,False,,,,,,,,,,,,,
A15_175786,Bacillota,False,,,,,,,,,,,,,
A15_98194,Streptophyta,True,PG(18:3_16:0),PG(18:3_16:0)+NH4,PG,diacyl,M+NH4,B,1.025230882724328,gold,0.6790154039274473,0.1292553999999999,6.0,2.0,C40 H77 N1 O10 P1
A15_215075,Streptophyta,True,DG(O-25:7_18:1),DG(O-25:7_18:1)+NH4,DG,alkyl-acyl,M+NH4,C,0.1827539679884127,silver,1.0964014988925666,0.1370310340852363,2.0,1.0,C46 H80 N1 O4
A15_32724,Streptophyta,False,,,,,,,,,,,,,
A15_185119,Pseudomonadota,True,PC(37:2),PC(37:2)+H,PC,diacyl,M+H,C,2.930703227011857,silver,0.6741566515865405,0.1591909917857847,23.0,6.0,C45 H87 N1 O8 P1
A15_183462,Pseudomonadota,True,PC(37:2),PC(37:2)+H,PC,diacyl,M+H,C,1.8348926079463117,silver,0.4826464436396358,0.0864989999999998,8.0,4.0,C45 H87 N1 O8 P1
A15_212038,Heterolobosea,False,,,,,,,,,,,,,
A15_116894,Streptophyta,False,,,,,,,,,,,,,
A15_170198,Streptophyta,True,PI(16:0_20:3),PI(16:0_20:3)+H,PI,diacyl,M+H,A,0.8162523602028198,silver,2.002860493124412,0.2819709999999986,1.0,1.0,C45 H82 O13 P1
A15_194133,Streptophyta,False,,,,,,,,,,,,,
A15_138182,Streptophyta,False,,,,,,,,,,,,,
A15_11326,Streptophyta,False,,,,,,,,,,,,,
A15_207565,Streptophyta,False,,,,,,,,,,,,,
A15_211577,Streptophyta,False,,,,,,,,,,,,,
A15_70871,Streptophyta,True,TG(15:1_18:3),TG(15:1_18:3)+Na,TG,triacyl,M+Na,C,0.8839954612840193,bronze,1.5383928248091576,0.1236903083678182,1.0,2.0,C36 H60 Na1 O6
A15_150398,Streptophyta,True,DG(P-15:2_20:1),DG(P-15:2_20:1)+NH4,DG,alkenyl-acyl,M+NH4,B,0.4314018016670619,silver,0.5559051070756036,0.2850251286899183,1.0,2.0,C38 H72 N1 O4
A15_96806,Streptophyta,True,DG(O-31:5),DG(O-31:5)+H,DG,alkyl-acyl,M+H,C,0.3132202969436326,bronze,0.4687037335694219,0.2157219999999995,1.0,1.0,C34 H59 O4
A15_9738,Streptophyta,False,,,,,,,,,,,,,
A15_167040,Streptophyta,False,,,,,,,,,,,,,
A15_218097,Streptophyta,True,DG(P-18:4_18:3),DG(P-18:4_18:3)+H,DG,alkenyl-acyl,M+H,C,0.6735672818981621,silver,2.512484825306032,0.2530390604234505,3.0,2.0,C39 H63 O4
A15_166347,Streptophyta,False,,,,,,,,,,,,,
A15_20773,Ascomycota,True,TG(25:6),TG(25:6)+NH4,TG,triacyl,M+NH4,C,0.1445985012368885,bronze,0.9452050916290782,0.2895523999999998,1.0,1.0,C28 H44 N1 O6
A15_143605,Pseudomonadota,True,PE(14:0_14:0),PE(14:0_14:0)+H,PE,diacyl,M+H,A,1.7704251086131295,gold,1.1629477510093913,0.1425796820130003,2.0,7.0,C33 H67 N1 O8 P1
A15_156506,Streptophyta,True,DGDG(17:0_18:3),DGDG(17:0_18:3)+NH4,DGDG,Digalactosyldiacylglycerol,M+NH4,A,1.5071549654734988,gold,0.5932720282221011,0.1810882376215712,7.0,3.0,C50 H92 N1 O15
A15_43709,Streptophyta,False,,,,,,,,,,,,,
A15_40383,Streptophyta,True,DG(P-8:0_18:4),DG(P-8:0_18:4)+H,DG,alkenyl-acyl,M+H,C,0.4282249874111494,bronze,3.754841985403513,0.0195403,1.0,2.0,C29 H49 O4
A15_121592,Streptophyta,False,,,,,,,,,,,,,
A15_65135,Streptophyta,False,,,,,,,,,,,,,
A15_151713,Streptophyta,False,,,,,,,,,,,,,
A15_183641,Ascomycota,True,TG(24:0_17:1)+OO:(s),TG(24:0_17:1)+NH4+OO:(s),TG,triacyl,M+NH4,C,0.0433336676626398,bronze,1.0089041000554153,0.1709476842105282,1.0,1.0,C44 H86 N1 O8
A15_220019,Streptophyta,True,TG(18:3_18:3_20:4),TG(18:3_18:3_20:4)+NH4,TG,triacyl,M+NH4,A,1.1725114295102017,gold,2.7940572338353653,0.0298291557615009,9.0,17.0,C59 H98 N1 O6
A15_162477,Streptophyta,True,DG(18:3_20:3),DG(18:3_20:3)+NH4,DG,diacyl,M+NH4,A,0.8336340583340693,silver,0.5705282649836628,0.2437970000000007,1.0,1.0,C41 H72 N1 O5
A15_110490,Streptophyta,False,,,,,,,,,,,,,
A15_176496,Streptophyta,True,TG(32:5_15:0)+O:(s),TG(32:5_15:0)+NH4+O:(s),TG,triacyl,M+NH4,C,0.3730856713689329,bronze,2.6331258040009566,0.0954130000000006,1.0,1.0,C50 H90 N1 O7
A15_81740,Streptophyta,False,,,,,,,,,,,,,
A15_103689,Streptophyta,False,,,,,,,,,,,,,
A15_113966,Streptophyta,False,,,,,,,,,,,,,
A15_150999,Streptophyta,True,Cer(d18:2_20:4),Cer(d18:2_20:4)+H,Cer,acylsphingosines,M+H,C,0.949101117795581,silver,2.106335632106956,0.1344854731265918,2.0,1.0,C38 H66 N1 O3
A15_52035,Methanobacteriota,False,,,,,,,,,,,,,
A15_101268,Streptophyta,False,,,,,,,,,,,,,
A15_29476,Streptophyta,True,MG(16:0),MG(16:0)+H,MG,monoacyl,M+H,B,0.2197154255109598,gold,1.9206169714582595,0.0213481831352897,3.0,3.0,C19 H39 O4
A15_69197,Streptophyta,False,,,,,,,,,,,,,
A15_85701,Streptophyta,False,,,,,,,,,,,,,
A15_132689,Streptophyta,True,DG(P-15:2_18:2),DG(P-15:2_18:2)+H,DG,alkenyl-acyl,M+H,C,0.9678556884907612,silver,0.8083758694512357,0.2096408796680489,3.0,2.0,C36 H63 O4
A15_59236,Streptophyta,False,,,,,,,,,,,,,
A15_69677,Streptophyta,False,,,,,,,,,,,,,
A15_115769,Basidiomycota,True,TG(28:2_8:0)+O:(s),TG(28:2_8:0)+Na+O:(s),TG,triacyl,M+Na,C,0.4806284716323712,bronze,1.6568977898294814,0.1262059999999998,1.0,1.0,C39 H70 Na1 O7
A15_33327,Basidiomycota,True,DG(O-24:6),DG(O-24:6)+H,DG,alkyl-acyl,M+H,C,0.1204851436332604,silver,0.3264670460540415,0.1320272999999998,2.0,1.0,C27 H43 O4
A15_209996,Streptophyta,True,TG(21:2_13:0_20:3),TG(21:2_13:0_20:3)+Na,TG,triacyl,M+Na,C,0.1425628360924563,bronze,3.2861710267733075,0.0034756507936499,1.0,1.0,C57 H100 Na1 O6
A15_165787,Streptophyta,False,,,,,,,,,,,,,
A15_165207,Streptophyta,False,,,,,,,,,,,,,
A15_174775,Actinomycetota,False,,,,,,,,,,,,,
A15_48888,Streptophyta,False,,,,,,,,,,,,,
A15_72236,Streptophyta,True,PG(12:0_16:0),PG(12:0_16:0)+Na,PG,diacyl,M+Na,C,0.1041440186318045,silver,0.0648577250297903,0.0474485505431321,2.0,1.0,C34 H67 Na1 O10 P1
A15_190752,Streptophyta,False,,,,,,,,,,,,,
A15_198580,Pseudomonadota,False,,,,,,,,,,,,,
A15_133089,Streptophyta,False,,,,,,,,,,,,,
A15_185577,Pseudomonadota,False,,,,,,,,,,,,,
A15_168773,Bacillota,True,TG(32:0_4:0)+OO:(s),TG(32:0_4:0)+Na+OO:(s),TG,triacyl,M+Na,C,0.4047440081737586,bronze,0.2135712518918203,0.1488499999999994,1.0,1.0,C39 H74 Na1 O8
A15_146090,Streptophyta,False,,,,,,,,,,,,,
A15_109820,Streptophyta,False,,,,,,,,,,,,,
A15_39195,Streptophyta,True,TG(15:0_4:0_4:0),TG(15:0_4:0_4:0)+NH4,TG,triacyl,M+NH4,C,0.0696035617810594,bronze,0.4965269382639744,0.1218693170928792,8.0,5.0,C26 H52 N1 O6
A15_110812,Streptophyta,False,,,,,,,,,,,,,
A15_24832,Methanobacteriota,True,PC(24:3_23:4),PC(24:3_23:4)+Na,PC,diacyl,M+Na,C,0.0566615201541628,bronze,0.5697679438703408,0.0685216999999998,1.0,1.0,C55 H96 N1 Na1 O8 P1
A15_62556,Streptophyta,False,,,,,,,,,,,,,
A15_120583,Streptophyta,False,,,,,,,,,,,,,
A15_31488,Streptophyta,False,,,,,,,,,,,,,
A15_142538,Basidiomycota,True,DG(P-15:2_21:3),DG(P-15:2_21:3)+H,DG,alkenyl-acyl,M+H,C,0.5545933784066402,silver,1.0380078384131004,0.1570314358068323,3.0,5.0,C39 H67 O4
A15_20881,Streptophyta,False,,,,,,,,,,,,,
A15_75468,Ascomycota,True,DG(19:4_8:0),DG(19:4_8:0)+NH4,DG,diacyl,M+NH4,C,0.439253334654848,silver,1.1277060007908943,0.1390126536983551,2.0,1.0,C30 H54 N1 O5
A15_107122,Streptophyta,True,TG(18:1_18:4),TG(18:1_18:4)+NH4,TG,triacyl,M+NH4,B,0.674174866775761,gold,0.9282183786429096,0.1522354299310997,7.0,2.0,C39 H68 N1 O6
A15_87920,Streptophyta,False,,,,,,,,,,,,,
A15_157911,Streptophyta,True,DG(P-15:2_20:1),DG(P-15:2_20:1)+NH4,DG,alkenyl-acyl,M+NH4,C,0.3282833592164019,bronze,1.9178231172719815,0.0548900000000003,1.0,1.0,C38 H72 N1 O4
A15_218964,Streptophyta,True,TG(32:0_19:2),TG(32:0_19:2)+NH4,TG,triacyl,M+NH4,C,0.0641946235852049,bronze,0.5244855365318716,0.1564659999999982,1.0,2.0,C54 H104 N1 O6
A15_211414,Streptophyta,False,,,,,,,,,,,,,
A15_64484,Streptophyta,False,,,,,,,,,,,,,
A15_12035,Pseudomonadota,False,,,,,,,,,,,,,
A15_130709,Streptophyta,True,PG(33:3),PG(33:3)+NH4,PG,diacyl,M+NH4,C,0.9061225501524924,silver,1.9298228157903432,0.1374891372342102,5.0,2.0,C39 H75 N1 O10 P1
A15_149179,Streptophyta,False,,,,,,,,,,,,,
A15_133169,Streptophyta,True,DG(16:2_18:3),DG(16:2_18:3)+NH4,DG,diacyl,M+NH4,A,0.341629825574178,silver,0.0025060396747645,0.203952000000001,1.0,1.0,C37 H66 N1 O5
A15_68459,Basidiomycota,False,,,,,,,,,,,,,
A15_84952,Streptophyta,True,PG(20:4_18:3),PG(20:4_18:3)+NH4,PG,diacyl,M+NH4,C,0.0198367304673836,bronze,2.698154916657096,0.0016738000000007,3.0,2.0,C44 H77 N1 O10 P1
A15_87315,Streptophyta,True,PG(20:4_18:3),PG(20:4_18:3)+NH4,PG,diacyl,M+NH4,C,0.0198367304673836,bronze,2.598219546693281,0.0673738000000003,3.0,2.0,C44 H77 N1 O10 P1
A15_173813,Pseudomonadota,False,,,,,,,,,,,,,
A15_129524,Streptophyta,True,DG(P-15:2_18:2),DG(P-15:2_18:2)+H,DG,alkenyl-acyl,M+H,B,0.9004950086853531,gold,0.182785317215458,0.1432050234502266,8.0,2.0,C36 H63 O4
A15_121969,Streptophyta,False,,,,,,,,,,,,,
A15_119224,Streptophyta,True,TG(18:3_16:0)+O:(s),TG(18:3_16:0)+NH4+O:(s),TG,triacyl,M+NH4,B,0.938616950933042,gold,1.3720299547803567,0.1894257712299332,5.0,5.0,C37 H68 N1 O7
A15_96569,Streptophyta,False,,,,,,,,,,,,,
A15_200034,Streptophyta,True,TG(O-22:6_18:3_18:4),TG(O-22:6_18:3_18:4)+H,TG,alkyl-acyl,M+H,C,0.1824718525692405,bronze,1.3900497809231738,0.0675767256317669,1.0,1.0,C61 H95 O5
A15_94460,Streptophyta,False,,,,,,,,,,,,,
A15_77715,Streptophyta,False,,,,,,,,,,,,,
A15_138143,Basidiomycota,True,DG(O-18:4_18:2),DG(O-18:4_18:2)+H,DG,alkyl-acyl,M+H,C,0.7343759668067085,silver,0.2745718804133786,0.1126549732126935,4.0,5.0,C39 H67 O4
A15_26069,Streptophyta,False,,,,,,,,,,,,,
A15_16679,Streptophyta,True,LPC(20:4),LPC(20:4)+H,LPC,monoacyl,M+H,C,2.742772278711249,silver,0.2210639080417765,0.1552047542205974,20.0,4.0,C28 H51 N1 O7 P1
A15_131816,Streptophyta,True,TG(43:7),TG(43:7)+H,TG,triacyl,M+H,C,0.3718225839329993,silver,1.4900786136497528,0.2256523344932972,5.0,6.0,C46 H75 O6
A15_176330,Streptophyta,True,Cer(d18:2_20:1),Cer(d18:2_20:1)+H-H2O,Cer,acylsphingosines,M+H-H2O,C,1.030325614697687,silver,0.0083869154032251,0.131597499999998,2.0,5.0,C38 H70 N1 O2
A15_70860,Streptophyta,False,,,,,,,,,,,,,
A15_183670,Streptophyta,False,,,,,,,,,,,,,
A15_147838,Streptophyta,False,,,,,,,,,,,,,
A15_44812,Streptophyta,True,TG(34:5)+OO:(s),TG(34:5)+NH4+OO:(s),TG,triacyl,M+NH4,C,0.1114802387041288,bronze,0.6145322152219024,0.1250748000000001,1.0,1.0,C37 H64 N1 O8
A15_27932,Streptophyta,True,PS(9:0_16:0),PS(9:0_16:0)+H,PS,diacyl,M+H,C,0.02488593630034,bronze,1.8067266138289453,0.037052408153853,1.0,1.0,C31 H61 N1 O10 P1
A15_2481,Streptophyta,False,,,,,,,,,,,,,
A15_191577,Streptophyta,False,,,,,,,,,,,,,
A15_188736,Streptophyta,False,,,,,,,,,,,,,
A15_14217,Pseudomonadota,True,LPG(17:1),LPG(17:1)+H,LPG,monoacyl,M+H,C,1.1704730278920832,silver,0.91724170871679,0.2389706,3.0,1.0,C23 H46 O9 P1
A15_86642,Streptophyta,False,,,,,,,,,,,,,
A15_54858,Streptophyta,False,,,,,,,,,,,,,
A15_60139,Streptophyta,False,,,,,,,,,,,,,
A15_148331,Streptophyta,True,PI(18:1_18:2),PI(18:1_18:2)+NH4,PI,diacyl,M+NH4,B,0.577579013477666,gold,1.7648734081123945,0.2195815999545498,2.0,5.0,C45 H85 N1 O13 P1
A15_112631,Streptophyta,True,TG(22:3_13:0),TG(22:3_13:0)+Na,TG,triacyl,M+Na,C,0.3379731908648145,bronze,0.0562424900476457,0.044029,1.0,1.0,C38 H66 Na1 O6
A15_180761,Streptophyta,False,,,,,,,,,,,,,
A15_167814,Streptophyta,False,,,,,,,,,,,,,
A15_19250,Streptophyta,False,,,,,,,,,,,,,
A15_105207,Streptophyta,False,,,,,,,,,,,,,
A15_170493,Streptophyta,True,Cer(d18:2_20:1),Cer(d18:2_20:1)+H,Cer,acylsphingosines,M+H,C,0.4677481130721672,bronze,0.5709423446565076,0.0055069999999979,1.0,2.0,C38 H72 N1 O3
A15_80172,Streptophyta,False,,,,,,,,,,,,,
A15_77315,Streptophyta,True,TG(3:0_15:2_16:3),TG(3:0_15:2_16:3)+H,TG,triacyl,M+H,C,0.4109419663229722,silver,1.408363075489046,0.212914316245488,2.0,1.0,C37 H61 O6
A15_45954,Basidiomycota,False,,,,,,,,,,,,,
A15_126619,Streptophyta,True,DG(18:3_20:5),DG(18:3_20:5)+H,DG,diacyl,M+H,A,0.6089724989064718,gold,1.359274272680262,0.013867741877318,2.0,3.0,C41 H65 O5
A15_84397,Streptophyta,True,MG(O-26:7),MG(O-26:7)+H,MG,monoalkyl,M+H,C,0.2178757354606865,bronze,0.1446957012428916,0.1515666999999982,1.0,1.0,C29 H47 O3
A15_174750,Streptophyta,False,,,,,,,,,,,,,
A15_22163,Streptophyta,False,,,,,,,,,,,,,
A15_178364,Basidiomycota,True,PC(O-41:11),PC(O-41:11)+H,PC,alkyl-acyl,M+H,C,0.6535830600918021,silver,0.1128037808644263,0.0377039999999979,4.0,4.0,C49 H79 N1 O7 P1
A15_91474,Streptophyta,False,,,,,,,,,,,,,
A15_63856,Streptophyta,False,,,,,,,,,,,,,
A15_119386,Streptophyta,True,DG(P-18:4_18:2),DG(P-18:4_18:2)+H,DG,alkenyl-acyl,M+H,C,0.3246522776769069,bronze,1.6863285319424586,0.0374375414475522,1.0,3.0,C39 H65 O4
A15_160154,Ascomycota,True,Hex1Cer(d42:3)+2O:(s),Hex1Cer(d42:3)+H+2O:(s),Hex1Cer,Ceramide monosaccharides,M+H,C,0.5265005301862606,bronze,3.6756651805122456,0.0358060000000008,1.0,2.0,C48 H90 N1 O10
A15_157916,Ascomycota,True,Hex1Cer(d42:3)+2O:(s),Hex1Cer(d42:3)+H+2O:(s),Hex1Cer,Ceramide monosaccharides,M+H,C,0.5265005301862606,bronze,3.861235800029805,0.1135059999999992,1.0,2.0,C48 H90 N1 O10
A15_221546,Streptophyta,True,SiE(18:4),SiE(18:4)+H,SiE,sterolEsters,M+H,A,1.243413286954658,gold,0.7627626592365726,0.2639199999999988,10.0,6.0,C47 H77 O2
A15_28556,Actinomycetota,False,,,,,,,,,,,,,
A15_220878,Streptophyta,False,,,,,,,,,,,,,
A15_138462,Streptophyta,False,,,,,,,,,,,,,
A15_15610,Streptophyta,False,,,,,,,,,,,,,
A15_89997,Streptophyta,False,,,,,,,,,,,,,
A15_170137,Actinomycetota,True,DG(15:0_18:2),DG(15:0_18:2)+Na,DG,diacyl,M+Na,A,0.4565047367457957,silver,1.6945597665558896,0.2974289999999993,1.0,3.0,C36 H66 Na1 O5
A15_153652,Pseudomonadota,True,MGDG(18:0_16:3),MGDG(18:0_16:3)+Na,MGDG,Monogalactosyldiacylglycerol,M+Na,A,0.2532556665750013,silver,0.6152330927227947,0.2102910000000015,1.0,1.0,C43 H76 Na1 O10
A15_151670,Pseudomonadota,True,MGDG(18:0_16:3),MGDG(18:0_16:3)+Na,MGDG,Monogalactosyldiacylglycerol,M+Na,A,0.2532556665750013,silver,0.2864262691777699,0.1714910000000014,1.0,1.0,C43 H76 Na1 O10
A15_13410,Streptophyta,True,DAP(O-8:0),DAP(O-8:0)+H,DAP,dialkyl,M+H,C,0.5915643557384515,silver,0.009148488696898,0.0501420999999999,10.0,1.0,C16 H23 O4
A15_143230,Streptophyta,True,PG(16:0_18:2),PG(16:0_18:2)+H,PG,diacyl,M+H,A,0.3442367956733563,gold,2.8452848731657547,0.2208050000000003,3.0,2.0,C40 H76 O10 P1
A15_189750,Streptophyta,False,,,,,,,,,,,,,
A15_33742,Streptophyta,True,DG(30:6),DG(30:6)+H,DG,diacyl,M+H,C,0.0484529469571788,bronze,1.889306368995156,0.1684378999999998,1.0,1.0,C33 H53 O5
A15_213811,Streptophyta,True,TG(47:13_18:3),TG(47:13_18:3)+NH4,TG,triacyl,M+NH4,B,0.7366569939639189,gold,0.9038884784959113,0.1047545604066968,5.0,4.0,C68 H104 N1 O6
A15_127281,Streptophyta,True,DG(35:5),DG(35:5)+NH4,DG,diacyl,M+NH4,C,0.9015158609123346,silver,0.739900120198528,0.1578173791160608,2.0,1.0,C38 H68 N1 O5
A15_96915,Bacillota,True,MGDG(15:0_15:0),MGDG(15:0_15:0)+Na,MGDG,Monogalactosyldiacylglycerol,M+Na,C,0.1390387674166354,silver,0.3233801838792823,0.0832793500000015,2.0,2.0,C39 H74 Na1 O10
A15_71448,Streptophyta,True,TG(7:0_9:0_18:3),TG(7:0_9:0_18:3)+Na,TG,triacyl,M+Na,B,0.2346854444223569,silver,0.1737582880636004,0.2966401818145669,1.0,2.0,C37 H64 Na1 O6
A15_202183,Streptophyta,False,,,,,,,,,,,,,
A15_166580,Streptophyta,True,DG(16:0_18:4),DG(16:0_18:4)+NH4,DG,diacyl,M+NH4,A,1.272699906216174,gold,0.3838505201432223,0.1449382783684978,4.0,6.0,C37 H68 N1 O5
A15_160352,Pseudomonadota,False,,,,,,,,,,,,,
A15_60254,Streptophyta,False,,,,,,,,,,,,,
A15_198548,Streptophyta,False,,,,,,,,,,,,,
A15_106384,Streptophyta,True,TG(O-6:0_7:0_18:3),TG(O-6:0_7:0_18:3)+NH4,TG,alkyl-acyl,M+NH4,B,0.5822282143584117,silver,0.3993534232732763,0.0157472874853787,1.0,1.0,C34 H64 N1 O5
A15_210596,Streptophyta,False,,,,,,,,,,,,,
A15_176047,Streptophyta,False,,,,,,,,,,,,,
A15_50372,Ascomycota,False,,,,,,,,,,,,,
A15_116701,Streptophyta,True,TG(26:8_20:4),TG(26:8_20:4)+NH4,TG,triacyl,M+NH4,C,0.0307922484469081,bronze,0.2251902798672486,0.0852061319628489,1.0,2.0,C49 H74 N1 O6
A15_16672,Methanobacteriota,True,TG(38:6)+OO:(s),TG(38:6)+NH4+OO:(s),TG,triacyl,M+NH4,C,0.0691737155599178,bronze,0.239086416622799,0.2176079366407681,1.0,1.0,C41 H70 N1 O8
A15_145672,Streptophyta,True,DG(O-18:2_13:0),DG(O-18:2_13:0)+NH4,DG,alkyl-acyl,M+NH4,C,0.5477050895493056,bronze,1.0272329599561822,0.0442689999999998,1.0,4.0,C34 H68 N1 O4
A15_26089,Basidiomycota,True,DG(23:6_2:0),DG(23:6_2:0)+H,DG,diacyl,M+H,B,0.2142019903397266,gold,1.7179010306645168,0.1364023718635527,2.0,3.0,C28 H43 O5
A15_23317,Ascomycota,False,,,,,,,,,,,,,
A15_24289,Ascomycota,False,,,,,,,,,,,,,
A15_124469,Streptophyta,True,DG(P-18:4_16:1),DG(P-18:4_16:1)+H,DG,alkenyl-acyl,M+H,C,0.4906501293533621,silver,0.317294962615211,0.1022398987655108,2.0,1.0,C37 H63 O4
A15_115280,Streptophyta,True,MGDG(16:3_18:3),MGDG(16:3_18:3)+Na,MGDG,Monogalactosyldiacylglycerol,M+Na,C,0.4437738573490651,silver,2.190183652444793,0.1401261132865485,2.0,1.0,C43 H70 Na1 O10
A15_176250,Actinomycetota,False,,,,,,,,,,,,,
A15_103848,Streptophyta,False,,,,,,,,,,,,,
A15_112009,Streptophyta,False,,,,,,,,,,,,,
A15_165427,Streptophyta,False,,,,,,,,,,,,,
A15_161704,Streptophyta,True,DG(18:2_18:3),DG(18:2_18:3)+NH4,DG,diacyl,M+NH4,A,1.5817908947948986,gold,0.1464184091933251,0.2741147695114883,27.0,8.0,C39 H70 N1 O5
A15_179159,Streptophyta,True,TG(21:1_20:3)+O:(s),TG(21:1_20:3)+NH4+O:(s),TG,triacyl,M+NH4,C,0.1086084358505429,bronze,2.347566506707776,0.163141104588572,1.0,2.0,C44 H80 N1 O7
A15_199642,Actinomycetota,True,Hex1Cer(d43:3)+O:(s),Hex1Cer(d43:3)+H+O:(s),Hex1Cer,Ceramide monosaccharides,M+H,C,0.1422376214403163,bronze,2.970789062702064,0.0005699999999997,1.0,1.0,C49 H92 N1 O9
A15_12763,Streptophyta,False,,,,,,,,,,,,,
A15_93998,Streptophyta,True,TG(18:2_16:0),TG(18:2_16:0)+Na,TG,triacyl,M+Na,C,0.55486101347344,silver,0.5614620246800807,0.2063735733901399,2.0,6.0,C37 H66 Na1 O6
A15_221665,Streptophyta,True,SM(d36:0),SM(d36:0)+H,SM,acyl,M+H,C,0.200876942267089,silver,0.3207706039731209,0.1295339999999996,3.0,1.0,C41 H86 N2 O6 P1
A15_130693,Streptophyta,True,TG(37:5),TG(37:5)+NH4,TG,triacyl,M+NH4,C,0.9468986425573896,silver,1.043969657572711,0.0681210000000014,4.0,5.0,C40 H70 N1 O6
A15_162157,Bacillota,False,,,,,,,,,,,,,
A15_163643,Bacillota,False,,,,,,,,,,,,,
A15_173545,Basidiomycota,False,,,,,,,,,,,,,
A15_173102,Streptophyta,False,,,,,,,,,,,,,
A15_174529,Streptophyta,False,,,,,,,,,,,,,
A15_148911,Streptophyta,False,,,,,,,,,,,,,
A15_199305,Heterolobosea,False,,,,,,,,,,,,,
A15_61537,Streptophyta,False,,,,,,,,,,,,,
A15_128532,Streptophyta,False,,,,,,,,,,,,,
A15_167648,Streptophyta,True,PG(16:0_18:1),PG(16:0_18:1)+NH4,PG,diacyl,M+NH4,A,1.3203955211644816,gold,0.9873879252792858,0.2924784788404206,16.0,7.0,C40 H81 N1 O10 P1
A15_212761,Streptophyta,True,MePC(38:8),MePC(38:8)+H,MePC,diacyl,M+H,C,0.5972846296427524,silver,0.4982974107394894,0.007905877639299,5.0,1.0,C47 H80 N1 O8 P1
A15_164281,Streptophyta,False,,,,,,,,,,,,,
A15_149768,Bacillota,True,PG(17:0_15:0),PG(17:0_15:0)+Na,PG,diacyl,M+Na,B,0.2912876598171786,gold,4.503208007749688,0.1624994401180135,2.0,7.0,C38 H75 Na1 O10 P1
A15_171823,Streptophyta,False,,,,,,,,,,,,,
A15_122130,Streptophyta,True,DG(16:1_18:3),DG(16:1_18:3)+H,DG,diacyl,M+H,A,0.5088832118089962,gold,1.4549376965790168,0.1149390000000014,4.0,4.0,C37 H65 O5
A15_141608,Streptophyta,False,,,,,,,,,,,,,
A15_84583,Streptophyta,False,,,,,,,,,,,,,
A15_167109,Streptophyta,True,PI(18:0_20:5),PI(18:0_20:5)+H,PI,diacyl,M+H,A,1.2241523855125716,silver,2.9955166861418125,0.0771220797557799,1.0,3.0,C47 H82 O13 P1
A15_204394,Streptophyta,True,PC(35:1),PC(35:1)+H,PC,diacyl,M+H,C,2.735785698286336,silver,0.2401264686752348,0.0419024277502799,22.0,4.0,C43 H85 N1 O8 P1
A15_202534,Streptophyta,True,PC(35:1),PC(35:1)+H,PC,diacyl,M+H,C,3.130072815558252,silver,0.155425592481584,0.2263472870127145,26.0,4.0,C43 H85 N1 O8 P1
A15_197780,Streptophyta,True,PC(35:1),PC(35:1)+H,PC,diacyl,M+H,C,3.130072815558252,silver,0.6204591621772456,0.0791527129872839,26.0,5.0,C43 H85 N1 O8 P1
A15_199820,Streptophyta,True,PC(35:1),PC(35:1)+H,PC,diacyl,M+H,C,3.130072815558252,silver,1.087797981455242,0.0165472870127167,26.0,5.0,C43 H85 N1 O8 P1
A15_148360,Basidiomycota,False,,,,,,,,,,,,,
A15_2302,Streptophyta,False,,,,,,,,,,,,,
A15_135694,Streptophyta,True,DG(P-11:0_23:3),DG(P-11:0_23:3)+H,DG,alkenyl-acyl,M+H,C,0.2664296670778566,silver,0.8335344890975419,0.2925107943925251,2.0,2.0,C37 H67 O4
A15_157063,Bacillota,True,PE(15:0_15:0),PE(15:0_15:0)+H,PE,diacyl,M+H,A,2.6027207282397864,gold,0.4439564991555184,0.0962222783127142,19.0,15.0,C35 H71 N1 O8 P1
A15_111747,Streptophyta,True,DGDG(16:3_18:3),DGDG(16:3_18:3)+NH4,DGDG,Digalactosyldiacylglycerol,M+NH4,A,0.7479991958236515,gold,0.9743053110499434,0.0334872089846118,4.0,2.0,C49 H84 N1 O15
A15_175785,Streptophyta,True,TG(15:1_4:0_18:0)+OO:(s),TG(15:1_4:0_18:0)+NH4+OO:(s),TG,triacyl,M+NH4,C,0.1806424235497734,bronze,2.5363685640896496,0.2763924137931042,1.0,1.0,C40 H78 N1 O8
A15_146014,Streptophyta,True,PC(35:0),PC(35:0)+H,PC,diacyl,M+H,C,0.0246392207836676,bronze,0.5064058417183132,0.2585789999999992,1.0,1.0,C43 H87 N1 O8 P1
A15_184371,Streptophyta,False,,,,,,,,,,,,,
A15_182990,Streptophyta,False,,,,,,,,,,,,,
A15_153590,Streptophyta,True,DG(16:0_18:3),DG(16:0_18:3)+NH4,DG,diacyl,M+NH4,A,1.1219148625437023,silver,0.08994422161437,0.112276602693603,1.0,2.0,C37 H70 N1 O5
A15_60667,Basidiomycota,False,,,,,,,,,,,,,
A15_186362,Streptophyta,False,,,,,,,,,,,,,
A15_47642,Streptophyta,False,,,,,,,,,,,,,
A15_93389,Streptophyta,True,DG(O-26:5),DG(O-26:5)+H,DG,alkyl-acyl,M+H,C,0.238768029476569,silver,0.1002816538259293,0.1048876407291672,2.0,2.0,C29 H49 O4
A15_93071,Streptophyta,True,TG(18:2_16:1)+OO:(s),TG(18:2_16:1)+NH4+OO:(s),TG,triacyl,M+NH4,C,0.6377866948999893,silver,0.3770092770042367,0.228538799999999,3.0,2.0,C37 H68 N1 O8
A15_10093,Streptophyta,False,,,,,,,,,,,,,
A15_152503,Streptophyta,True,DG(16:1_29:7),DG(16:1_29:7)+NH4,DG,diacyl,M+NH4,C,0.0548874829735767,bronze,0.4336070580422987,0.1153700000000004,1.0,1.0,C48 H82 N1 O5
A15_198027,Ascomycota,True,DG(O-15:0_17:2),DG(O-15:0_17:2)+H,DG,alkyl-acyl,M+H,C,0.7724894576164246,silver,1.1280618931586313,0.0639618672167436,10.0,1.0,C35 H67 O4
A15_85175,Streptophyta,False,,,,,,,,,,,,,
A15_27495,Streptophyta,True,TG(15:0_2:0_2:0),TG(15:0_2:0_2:0)+H,TG,triacyl,M+H,B,0.1795819241471344,silver,2.972680178938883,0.1969801176190477,3.0,4.0,C22 H41 O6
A15_106141,Streptophyta,True,Hex1Cer(d18:2_16:0)+O:(s),Hex1Cer(d18:2_16:0)+H+O:(s),Hex1Cer,Ceramide monosaccharides,M+H,B,0.3214249838493753,gold,1.9049718373860487,0.1394479999999998,2.0,3.0,C40 H76 N1 O9
A15_202821,Streptophyta,True,TG(49:16_18:3),TG(49:16_18:3)+NH4,TG,triacyl,M+NH4,B,0.5384340620654079,gold,0.0571590130765547,0.045328875375862,7.0,1.0,C70 H102 N1 O6
A15_68168,Streptophyta,False,,,,,,,,,,,,,
A15_44991,Basidiomycota,False,,,,,,,,,,,,,
A15_42041,Basidiomycota,False,,,,,,,,,,,,,
A15_133886,Pseudomonadota,True,PC(28:0),PC(28:0)+H,PC,diacyl,M+H,C,2.31241960729624,silver,1.077176147318285,0.15838875472555,4.0,4.0,C36 H73 N1 O8 P1
A15_138107,Pseudomonadota,True,PC(28:0),PC(28:0)+H,PC,diacyl,M+H,C,2.31241960729624,silver,1.88630367185978,0.0110887547255487,4.0,3.0,C36 H73 N1 O8 P1
A15_136020,Pseudomonadota,True,PC(28:0),PC(28:0)+H,PC,diacyl,M+H,C,2.31241960729624,silver,0.9961159406763812,0.1308887547255484,4.0,4.0,C36 H73 N1 O8 P1
A15_183169,Pseudomonadota,False,,,,,,,,,,,,,
A15_193242,Pseudomonadota,False,,,,,,,,,,,,,
A15_185470,Pseudomonadota,False,,,,,,,,,,,,,
A15_149064,Streptophyta,True,PC(30:2),PC(30:2)+H,PC,diacyl,M+H,C,2.953162310500687,silver,0.8803529253240354,0.2311402434781939,14.0,12.0,C38 H73 N1 O8 P1
A15_141698,Streptophyta,True,DGDG(14:0_18:2),DGDG(14:0_18:2)+NH4,DGDG,Digalactosyldiacylglycerol,M+NH4,A,1.2181541351314835,gold,3.2460969147681284,0.0896692375772545,5.0,4.0,C47 H88 N1 O15
A15_18688,Streptophyta,True,TG(24:3_5:0)+O:(s),TG(24:3_5:0)+NH4+O:(s),TG,triacyl,M+NH4,C,0.1541956540795925,bronze,1.7794233877103949,0.0899927521242132,1.0,3.0,C32 H58 N1 O7
A15_123552,Streptophyta,True,DG(16:1_18:4),DG(16:1_18:4)+H,DG,diacyl,M+H,A,0.8736913464574396,gold,1.6753295620627786,0.1800637254229578,3.0,7.0,C37 H63 O5
A15_214574,Streptophyta,True,TG(O-53:7),TG(O-53:7)+NH4,TG,alkyl-acyl,M+NH4,C,0.0907997187612681,bronze,0.94045222301964,0.2359299999999997,1.0,1.0,C56 H100 N1 O5
A15_71801,Streptophyta,True,PG(16:1_18:4),PG(16:1_18:4)+H,PG,diacyl,M+H,A,0.7329451741269637,gold,0.5872486294056399,0.1624505749006912,3.0,1.0,C40 H70 O10 P1
A15_194665,Bacillota,False,,,,,,,,,,,,,
A15_176091,Actinomycetota,True,TG(12:0_6:0_16:0),TG(12:0_6:0_16:0)+NH4,TG,triacyl,M+NH4,B,0.211896371452724,silver,1.5017293308922497,0.151764,1.0,2.0,C37 H74 N1 O6
A15_177600,Actinomycetota,True,TG(12:0_6:0_16:0),TG(12:0_6:0_16:0)+NH4,TG,triacyl,M+NH4,B,0.211896371452724,silver,0.9958032034625264,0.2478639999999998,1.0,2.0,C37 H74 N1 O6
A15_103670,Streptophyta,False,,,,,,,,,,,,,
A15_14412,Streptophyta,False,,,,,,,,,,,,,
A15_216763,Streptophyta,False,,,,,,,,,,,,,
A15_98407,Streptophyta,True,TG(18:2_16:0)+OO:(s),TG(18:2_16:0)+NH4+OO:(s),TG,triacyl,M+NH4,C,0.4035568618714312,silver,0.8475190698222475,0.2890055,3.0,2.0,C37 H70 N1 O8
A15_163504,Basidiomycota,False,,,,,,,,,,,,,
A15_199677,Streptophyta,False,,,,,,,,,,,,,
A15_159594,Streptophyta,True,WE(O-38:9),WE(O-38:9)+Na,WE,Wax monoesters,M+Na,C,0.4226361765701272,silver,1.0691103297549125,0.1306223716403671,2.0,1.0,C38 H58 Na1 O2
A15_127920,Streptophyta,True,PG(33:3),PG(33:3)+NH4,PG,diacyl,M+NH4,C,0.9061225501524924,silver,1.6506014672661593,0.2802891372342113,5.0,3.0,C39 H75 N1 O10 P1
A15_13982,Streptophyta,False,,,,,,,,,,,,,
A15_63160,Streptophyta,False,,,,,,,,,,,,,
A15_117531,Streptophyta,False,,,,,,,,,,,,,
A15_99336,Streptophyta,False,,,,,,,,,,,,,
A15_14958,Streptophyta,True,MG(P-20:5),MG(P-20:5)+H,MG,monoalkenyl,M+H,C,0.3825320516888691,bronze,0.2019291885649939,0.1554075982369349,1.0,1.0,C23 H37 O3
A15_13568,Streptophyta,True,MG(P-20:5),MG(P-20:5)+H,MG,monoalkenyl,M+H,C,0.3825320516888691,bronze,0.0690657228215163,0.103907598236935,1.0,1.0,C23 H37 O3
A15_15977,Streptophyta,True,MG(P-20:5),MG(P-20:5)+H,MG,monoalkenyl,M+H,C,0.3825320516888691,bronze,0.0967456143639852,0.2025075982369348,1.0,1.0,C23 H37 O3
A15_106717,Streptophyta,True,PI(18:3_18:3),PI(18:3_18:3)+NH4,PI,diacyl,M+NH4,A,0.988751460711806,gold,0.3829309500651727,0.2214731190029919,4.0,6.0,C45 H79 N1 O13 P1
A15_136930,Streptophyta,False,,,,,,,,,,,,,
A15_27588,Streptophyta,False,,,,,,,,,,,,,
A15_114323,Streptophyta,False,,,,,,,,,,,,,
A15_23863,Basidiomycota,True,DG(25:5),DG(25:5)+H,DG,diacyl,M+H,C,0.0771662803176616,bronze,0.2358325521839605,0.1710870773215291,2.0,1.0,C28 H45 O5
A15_172494,Streptophyta,False,,,,,,,,,,,,,
A15_108264,Streptophyta,True,DG(16:1_18:4),DG(16:1_18:4)+H,DG,diacyl,M+H,A,0.6376888149224398,gold,0.2224233531710188,0.236460000000001,2.0,3.0,C37 H63 O5
A15_121218,Streptophyta,False,,,,,,,,,,,,,
A15_119137,Streptophyta,False,,,,,,,,,,,,,
A15_68361,Basidiomycota,True,DG(7:0_18:1),DG(7:0_18:1)+Na,DG,diacyl,M+Na,C,0.0563984586144934,bronze,3.474961435002249,0.2862465564301697,1.0,1.0,C28 H52 Na1 O5
A15_213857,Streptophyta,False,,,,,,,,,,,,,
A15_185040,Pseudomonadota,True,PE(18:1_18:1),PE(18:1_18:1)+H,PE,diacyl,M+H,A,1.211319282310496,gold,2.5360073141162283,0.1120988730850065,2.0,14.0,C41 H79 N1 O8 P1
A15_176446,Pseudomonadota,True,PG(16:1_18:1),PG(16:1_18:1)+NH4,PG,diacyl,M+NH4,B,0.1573694881475552,silver,0.7439436261605804,0.0625925892160452,1.0,3.0,C40 H79 N1 O10 P1
A15_172416,Pseudomonadota,True,PG(16:1_18:1),PG(16:1_18:1)+NH4,PG,diacyl,M+NH4,B,0.1573694881475552,silver,0.2495306195596208,0.0551074107839539,1.0,2.0,C40 H79 N1 O10 P1
A15_174334,Pseudomonadota,True,PG(16:1_18:1),PG(16:1_18:1)+NH4,PG,diacyl,M+NH4,B,0.1573694881475552,silver,0.3698638989111704,0.008492589216047,1.0,3.0,C40 H79 N1 O10 P1
A15_149089,Streptophyta,False,,,,,,,,,,,,,
A15_103512,Streptophyta,False,,,,,,,,,,,,,
A15_1605,Streptophyta,True,AcCa(16:2),AcCa(16:2)+H,AcCa,Fatty acyl carnitines,M+H,A,0.9880356781780426,gold,0.3482180380039805,0.2229439000000002,2.0,1.0,C23 H42 N1 O4
A15_149930,Streptophyta,False,,,,,,,,,,,,,
A15_136623,Actinomycetota,True,DG(O-13:0_17:0),DG(O-13:0_17:0)+Na,DG,alkyl-acyl,M+Na,C,0.4745250323664871,bronze,4.507689343542336,0.2312180000000001,1.0,1.0,C33 H66 Na1 O4
A15_139311,Actinomycetota,False,,,,,,,,,,,,,
A15_137944,Actinomycetota,False,,,,,,,,,,,,,
A15_129589,Streptophyta,False,,,,,,,,,,,,,
A15_220493,Streptophyta,False,,,,,,,,,,,,,
A15_178179,Actinomycetota,True,TG(8:0_18:1_18:1)+OO:(s),TG(8:0_18:1_18:1)+Na+OO:(s),TG,triacyl,M+Na,C,0.7893602139984637,silver,1.148601941607013,0.2223180000000013,2.0,2.0,C47 H86 Na1 O8
A15_177405,Actinomycetota,True,TG(8:0_18:1_18:1)+OO:(s),TG(8:0_18:1_18:1)+Na+OO:(s),TG,triacyl,M+Na,B,0.6311402814725435,silver,4.363428909027976,0.0714989999999993,1.0,1.0,C47 H86 Na1 O8
A15_54271,Streptophyta,True,DG(O-26:5),DG(O-26:5)+H,DG,alkyl-acyl,M+H,C,0.3193074986918917,silver,0.1445894996203307,0.1162000401370315,2.0,2.0,C29 H49 O4
A15_86649,Streptophyta,False,,,,,,,,,,,,,
A15_18895,Streptophyta,False,,,,,,,,,,,,,
A15_178075,Ascomycota,False,,,,,,,,,,,,,
A15_1734,Streptophyta,False,,,,,,,,,,,,,
A15_84769,Streptophyta,False,,,,,,,,,,,,,
A15_71453,Streptophyta,False,,,,,,,,,,,,,
A15_131698,Actinomycetota,True,Hex1Cer(d37:4),Hex1Cer(d37:4)+H,Hex1Cer,Ceramide monosaccharides,M+H,C,0.2690894705702951,bronze,1.5108873086918535,0.0243700000000011,1.0,1.0,C43 H78 N1 O8
A15_80150,Streptophyta,True,TG(30:3)+O:(s),TG(30:3)+NH4+O:(s),TG,triacyl,M+NH4,C,0.2386531114012693,silver,1.295462764452033,0.0116805847839325,3.0,3.0,C33 H60 N1 O7
A15_57375,Streptophyta,False,,,,,,,,,,,,,
A15_10636,Streptophyta,False,,,,,,,,,,,,,
A15_71807,Streptophyta,False,,,,,,,,,,,,,
A15_159655,Streptophyta,False,,,,,,,,,,,,,
A15_118843,Streptophyta,False,,,,,,,,,,,,,
A15_41459,Streptophyta,False,,,,,,,,,,,,,
A15_127887,Streptophyta,False,,,,,,,,,,,,,
A15_21924,Streptophyta,False,,,,,,,,,,,,,
A15_118622,Streptophyta,False,,,,,,,,,,,,,
A15_41207,Streptophyta,False,,,,,,,,,,,,,
A15_29164,Streptophyta,False,,,,,,,,,,,,,
A15_101761,Streptophyta,True,DG(P-50:15),DG(P-50:15)+NH4,DG,alkenyl-acyl,M+NH4,C,0.0103500649615473,bronze,3.4078925834062845,0.279354979999999,1.0,1.0,C53 H78 N1 O4
A15_21934,Basidiomycota,True,DG(P-25:6),DG(P-25:6)+H,DG,alkenyl-acyl,M+H,C,0.29631466665388,silver,0.5084640268781438,0.0175520499999999,10.0,3.0,C28 H43 O4
A15_20398,Basidiomycota,True,DG(P-25:6),DG(P-25:6)+H,DG,alkenyl-acyl,M+H,C,0.29631466665388,silver,0.4813952205940965,0.0337520499999999,10.0,2.0,C28 H43 O4
A15_126568,Streptophyta,True,DGDG(16:1_18:3),DGDG(16:1_18:3)+NH4,DGDG,Digalactosyldiacylglycerol,M+NH4,A,1.5431954164648278,gold,0.9696302836342344,0.0795558557056015,15.0,8.0,C49 H88 N1 O15
A15_148370,Streptophyta,False,,,,,,,,,,,,,
A15_4246,Streptophyta,True,TG(28:7_2:0)+O:(s),TG(28:7_2:0)+H+O:(s),TG,triacyl,M+H,C,0.0953331359437772,bronze,0.6420099670536757,0.0290932999999999,1.0,1.0,C33 H49 O7
A15_224184,Bacillota,False,,,,,,,,,,,,,
A15_140847,Streptophyta,True,PI(25:0_16:0),PI(25:0_16:0)+NH4,PI,diacyl,M+NH4,C,0.1448106566038879,silver,1.1048260431410468,0.0268451421356434,2.0,1.0,C50 H101 N1 O13 P1
A15_161230,Streptophyta,False,,,,,,,,,,,,,
A15_61309,Streptophyta,True,TG(21:4_15:2),TG(21:4_15:2)+H,TG,triacyl,M+H,B,0.1481243194566731,silver,0.5161553003471754,0.1310910000000005,1.0,3.0,C39 H63 O6
A15_44485,Streptophyta,False,,,,,,,,,,,,,
A15_34931,Streptophyta,False,,,,,,,,,,,,,
A15_222512,Streptophyta,False,,,,,,,,,,,,,
A15_29892,Ascomycota,True,TG(18:2_5:0),TG(18:2_5:0)+Na,TG,triacyl,M+Na,C,0.5008137817275657,bronze,0.8209302553530514,0.0635111999999997,1.0,1.0,C26 H44 Na1 O6
A15_59248,Streptophyta,False,,,,,,,,,,,,,
A15_179039,Streptophyta,False,,,,,,,,,,,,,
A15_103918,Mucoromycota,False,,,,,,,,,,,,,
A15_101384,Mucoromycota,False,,,,,,,,,,,,,
A15_78231,Streptophyta,False,,,,,,,,,,,,,
A15_67051,Streptophyta,False,,,,,,,,,,,,,
A15_6578,Streptophyta,False,,,,,,,,,,,,,
A15_52968,Streptophyta,False,,,,,,,,,,,,,
A15_157680,Basidiomycota,True,PE(18:1_18:2),PE(18:1_18:2)+H,PE,diacyl,M+H,A,1.151413985418145,gold,3.986449926448991,0.0903755000000003,3.0,8.0,C41 H77 N1 O8 P1
A15_163546,Streptophyta,False,,,,,,,,,,,,,
A15_219166,Streptophyta,True,DG(O-25:6_18:2),DG(O-25:6_18:2)+NH4,DG,alkyl-acyl,M+NH4,C,0.1818200363482224,silver,0.7176019539457827,0.0197849999999988,2.0,3.0,C46 H80 N1 O4
A15_52005,Streptophyta,False,,,,,,,,,,,,,
A15_137527,Streptophyta,True,TG(21:3_16:0)+O:(s),TG(21:3_16:0)+NH4+O:(s),TG,triacyl,M+NH4,C,0.3320764570846005,bronze,1.4077669649356672,0.1004639999999987,1.0,1.0,C40 H74 N1 O7
A15_42332,Streptophyta,False,,,,,,,,,,,,,
A15_118691,Actinomycetota,True,DG(P-10:0_20:2),DG(P-10:0_20:2)+H,DG,alkenyl-acyl,M+H,B,0.2390542628328492,silver,1.2276624694137344,0.2656448051118207,1.0,1.0,C33 H61 O4
A15_199728,Streptophyta,False,,,,,,,,,,,,,
A15_55616,Streptophyta,False,,,,,,,,,,,,,
A15_53957,Streptophyta,False,,,,,,,,,,,,,
A15_50670,Streptophyta,False,,,,,,,,,,,,,
A15_48810,Streptophyta,False,,,,,,,,,,,,,
A15_39017,Basidiomycota,True,DG(P-5:0_20:5),DG(P-5:0_20:5)+H,DG,alkenyl-acyl,M+H,C,0.3528612955668987,bronze,0.4838543222182839,0.0183725572727277,1.0,1.0,C28 H45 O4
A15_41314,Basidiomycota,True,DG(P-5:0_20:5),DG(P-5:0_20:5)+H,DG,alkenyl-acyl,M+H,C,0.3528612955668987,bronze,0.7959822278918889,0.0196274427272724,1.0,1.0,C28 H45 O4
A15_157197,Streptophyta,False,,,,,,,,,,,,,
A15_126943,Pseudomonadota,True,DG(O-5:0_23:3),DG(O-5:0_23:3)+H,DG,alkyl-acyl,M+H,C,0.1787601661381971,silver,0.2055134378258799,0.0226989999999993,2.0,3.0,C31 H57 O4
A15_168578,Streptophyta,False,,,,,,,,,,,,,
A15_39336,Streptophyta,False,,,,,,,,,,,,,
A15_212909,Streptophyta,True,TG(47:13_18:3),TG(47:13_18:3)+NH4,TG,triacyl,M+NH4,B,0.7366569939639189,gold,0.7952341606366387,0.1372545604066992,5.0,4.0,C68 H104 N1 O6
A15_115021,Streptophyta,True,DG(18:2_18:4),DG(18:2_18:4)+NH4,DG,diacyl,M+NH4,A,0.4864413714544764,gold,0.7188428694090965,0.0640935000000002,2.0,2.0,C39 H68 N1 O5
A15_169892,Streptophyta,False,,,,,,,,,,,,,
A15_121302,Streptophyta,True,DG(P-18:4_16:1),DG(P-18:4_16:1)+H,DG,alkenyl-acyl,M+H,C,0.4906501293533621,silver,0.4555345668479836,0.2335398987655104,2.0,1.0,C37 H63 O4
A15_130817,Streptophyta,False,,,,,,,,,,,,,
A15_78353,Streptophyta,False,,,,,,,,,,,,,
A15_93818,Streptophyta,True,PA(16:0_18:4),PA(16:0_18:4)+NH4,PA,diacyl,M+NH4,A,0.8913214585675122,gold,0.8492720110663883,0.2905680999999998,6.0,3.0,C37 H69 N1 O8 P1
A15_171694,Streptophyta,True,PE(18:2_18:1),PE(18:2_18:1)+H,PE,diacyl,M+H,B,1.6905327496997131,gold,1.5274081422775292,0.0163330595931725,8.0,17.0,C41 H77 N1 O8 P1
A15_160835,Streptophyta,False,,,,,,,,,,,,,
A15_169403,Ascomycota,True,TG(25:1_18:3)+O:(s),TG(25:1_18:3)+NH4+O:(s),TG,triacyl,M+NH4,C,0.1492108069024305,silver,0.0798914999540829,0.2156094999999993,2.0,2.0,C46 H84 N1 O7
A15_169782,Actinomycetota,True,PC(33:1),PC(33:1)+H,PC,diacyl,M+H,C,3.1174557839971104,silver,1.88166756975988,0.1953915448185395,31.0,9.0,C41 H81 N1 O8 P1
A15_100118,Basidiomycota,False,,,,,,,,,,,,,
A15_160838,Streptophyta,True,TG(O-61:18),TG(O-61:18)+NH4,TG,alkyl-acyl,M+NH4,C,0.220371455670989,silver,1.717599185641549,0.0552724999999991,2.0,1.0,C64 H94 N1 O5
A15_112948,Streptophyta,False,,,,,,,,,,,,,
A15_156573,Streptophyta,True,PA(16:0_18:3),PA(16:0_18:3)+NH4,PA,diacyl,M+NH4,A,2.166166918047948,gold,1.1048486143845018,0.0658234695523596,15.0,13.0,C37 H71 N1 O8 P1
A15_212951,Streptophyta,True,TG(16:3_18:3_18:3),TG(16:3_18:3_18:3)+NH4,TG,triacyl,M+NH4,A,1.0767833644871951,gold,2.407812865465141,0.0424127445321858,6.0,6.0,C55 H92 N1 O6
A15_128188,Bacillota,False,,,,,,,,,,,,,
A15_127060,Streptophyta,False,,,,,,,,,,,,,
A15_66054,Basidiomycota,False,,,,,,,,,,,,,
A15_135969,Actinomycetota,True,DG(O-5:0_24:0),DG(O-5:0_24:0)+Na,DG,alkyl-acyl,M+Na,C,0.6078114549948089,silver,1.4420911387877695,0.0340869999999995,3.0,2.0,C32 H64 Na1 O4
A15_127961,Basidiomycota,True,TG(18:0_18:1)+O:(s),TG(18:0_18:1)+NH4+O:(s),TG,triacyl,M+NH4,C,0.482555103788568,silver,0.1757849612488473,0.1688378069206297,2.0,4.0,C39 H76 N1 O7
A15_84228,Ascomycota,False,,,,,,,,,,,,,
A15_85869,Streptophyta,False,,,,,,,,,,,,,
A15_166565,Actinomycetota,True,DGDG(16:0_16:0),DGDG(16:0_16:0)+NH4,DGDG,Digalactosyldiacylglycerol,M+NH4,A,0.8326853917055101,gold,3.0747596710131866,0.1049879999999987,8.0,3.0,C47 H92 N1 O15
A15_162693,Actinomycetota,True,DGDG(15:0_17:0),DGDG(15:0_17:0)+NH4,DGDG,Digalactosyldiacylglycerol,M+NH4,A,1.116811162814808,gold,1.6231993438470675,0.1099995168686547,7.0,2.0,C47 H92 N1 O15
A15_130372,Streptophyta,True,TG(19:1_15:2),TG(19:1_15:2)+H,TG,triacyl,M+H,B,1.0,gold,2.9402246523992543,0.2323885184106728,3.0,9.0,C37 H65 O6
A15_134258,Streptophyta,False,,,,,,,,,,,,,
A15_34197,Methanobacteriota,False,,,,,,,,,,,,,
A15_94282,Streptophyta,True,TG(2:0_16:0_16:3)+O:(s),TG(2:0_16:0_16:3)+NH4+O:(s),TG,triacyl,M+NH4,B,0.2199903118176922,silver,1.32770924507121,0.0019675426470584,1.0,3.0,C37 H68 N1 O7
A15_185017,Pseudomonadota,False,,,,,,,,,,,,,
A15_28073,Streptophyta,False,,,,,,,,,,,,,
A15_203309,Streptophyta,False,,,,,,,,,,,,,
A15_11792,Streptophyta,False,,,,,,,,,,,,,
A15_42995,Bacillota,False,,,,,,,,,,,,,
A15_44265,Bacillota,False,,,,,,,,,,,,,
A15_201022,Streptophyta,True,TG(44:11_18:3)+OO:(s),TG(44:11_18:3)+NH4+OO:(s),TG,triacyl,M+NH4,C,0.1708267006137679,bronze,2.279382554479477,0.1202787196455794,1.0,1.0,C65 H102 N1 O8
A15_168006,Streptophyta,False,,,,,,,,,,,,,
A15_181152,Streptophyta,True,PA(16:0_18:1),PA(16:0_18:1)+NH4,PA,diacyl,M+NH4,B,1.6850339421798148,gold,0.065447356738035,0.2499342142611347,5.0,13.0,C37 H75 N1 O8 P1
A15_181569,Streptophyta,True,Cer(d16:0_21:1)+O:(s),Cer(d16:0_21:1)+H+O:(s),Cer,acylsphingosines,M+H,C,0.5445834191485781,silver,1.7010798115991512,0.2410079999999972,3.0,1.0,C37 H74 N1 O4
A15_119271,Streptophyta,True,DG(18:2_18:4),DG(18:2_18:4)+H,DG,diacyl,M+H,A,0.8630017479851663,gold,0.7651837097552552,0.214855893843243,12.0,16.0,C39 H65 O5
A15_173771,Streptophyta,False,,,,,,,,,,,,,
A15_18551,Basidiomycota,False,,,,,,,,,,,,,
A15_134769,Streptophyta,False,,,,,,,,,,,,,
A15_117054,Streptophyta,False,,,,,,,,,,,,,
A15_70474,Streptophyta,False,,,,,,,,,,,,,
A15_30301,Streptophyta,False,,,,,,,,,,,,,
A15_122796,Streptophyta,False,,,,,,,,,,,,,
A15_117482,Streptophyta,False,,,,,,,,,,,,,
A15_183104,Pseudomonadota,True,PA(16:0_18:1),PA(16:0_18:1)+NH4,PA,diacyl,M+NH4,B,1.6850339421798148,gold,0.3244321342934165,0.1346342142611334,5.0,9.0,C37 H75 N1 O8 P1
A15_5040,Streptophyta,True,DG(6:0_10:0),DG(6:0_10:0)+Na,DG,diacyl,M+Na,B,0.3483549695776383,gold,2.768581849925996,0.0977816499999999,9.0,3.0,C19 H36 Na1 O5
A15_142402,Streptophyta,False,,,,,,,,,,,,,
A15_171060,Streptophyta,False,,,,,,,,,,,,,
A15_127504,Streptophyta,False,,,,,,,,,,,,,
A15_97449,Streptophyta,False,,,,,,,,,,,,,
A15_105926,Streptophyta,True,TG(18:2_16:1)+O:(s),TG(18:2_16:1)+NH4+O:(s),TG,triacyl,M+NH4,B,0.5726697936485061,gold,1.600783210032036,0.0551037793914233,2.0,2.0,C37 H68 N1 O7
A15_91669,Streptophyta,False,,,,,,,,,,,,,
A15_139482,Streptophyta,False,,,,,,,,,,,,,
A15_111028,Streptophyta,True,DG(16:0_18:3),DG(16:0_18:3)+NH4,DG,diacyl,M+NH4,A,0.7010448988409619,silver,1.626506984076346,0.0975429999999999,1.0,2.0,C37 H70 N1 O5
A15_104888,Streptophyta,True,TG(17:2_16:0)+OO:(s),TG(17:2_16:0)+NH4+OO:(s),TG,triacyl,M+NH4,C,0.4114254794168029,silver,0.512489636758262,0.1872248537499992,5.0,3.0,C36 H68 N1 O8
A15_60203,Ascomycota,True,MG(O-25:8),MG(O-25:8)+H,MG,monoalkyl,M+H,C,0.3070828039098807,silver,0.0337723503386764,0.1558869317081264,8.0,2.0,C28 H43 O3
A15_134767,Streptophyta,False,,,,,,,,,,,,,
A15_178991,Streptophyta,True,MGDG(16:0_18:1),MGDG(16:0_18:1)+Na,MGDG,Monogalactosyldiacylglycerol,M+Na,C,0.1783876048787553,bronze,0.3315253041248149,0.0994130685881842,1.0,1.0,C43 H80 Na1 O10
A15_61102,Streptophyta,False,,,,,,,,,,,,,
A15_4649,Streptophyta,False,,,,,,,,,,,,,
A15_130952,Actinomycetota,True,PC(40:9),PC(40:9)+H,PC,diacyl,M+H,C,2.380509189624324,silver,0.7618805054377864,0.1667714016251746,23.0,4.0,C48 H79 N1 O8 P1
A15_128946,Actinomycetota,True,PC(40:9),PC(40:9)+H,PC,diacyl,M+H,C,2.380509189624324,silver,0.1125566154620635,0.0177285983748252,23.0,4.0,C48 H79 N1 O8 P1
A15_136650,Basidiomycota,False,,,,,,,,,,,,,
A15_219356,Streptophyta,True,ChE(18:4),ChE(18:4)+H,ChE,sterolEsters,M+H,A,0.5451327863763032,gold,0.0546478068215016,0.0026490000000016,2.0,2.0,C45 H73 O2
A15_189142,Ascomycota,False,,,,,,,,,,,,,
A15_136672,Ascomycota,False,,,,,,,,,,,,,
A15_139756,Ascomycota,True,TG(23:3_15:2),TG(23:3_15:2)+H,TG,triacyl,M+H,B,0.1688903644476605,silver,1.7043161299088254,0.0792958002244681,1.0,2.0,C41 H69 O6
A15_167691,Mucoromycota,True,DG(P-15:2_18:1),DG(P-15:2_18:1)+NH4,DG,alkenyl-acyl,M+NH4,C,0.7839292933504036,silver,0.6717354973306513,0.1570579999999974,2.0,3.0,C36 H68 N1 O4
A15_691,Streptophyta,False,,,,,,,,,,,,,
A15_161251,Streptophyta,False,,,,,,,,,,,,,
A15_10844,Streptophyta,False,,,,,,,,,,,,,
A15_161914,Pseudomonadota,True,MGDG(16:3_18:3),MGDG(16:3_18:3)+NH4,MGDG,Monogalactosyldiacylglycerol,M+NH4,C,0.054100245813066,bronze,3.975836077462557,0.2712060000000011,1.0,1.0,C43 H74 N1 O10
A15_187126,Basidiomycota,False,,,,,,,,,,,,,
A15_63243,Streptophyta,False,,,,,,,,,,,,,
A15_548,Streptophyta,False,,,,,,,,,,,,,
A15_146148,Streptophyta,False,,,,,,,,,,,,,
A15_43453,Streptophyta,False,,,,,,,,,,,,,
A15_47115,Streptophyta,False,,,,,,,,,,,,,
A15_40260,Streptophyta,False,,,,,,,,,,,,,
A15_196942,Ascomycota,True,DG(O-15:1_19:2),DG(O-15:1_19:2)+H,DG,alkyl-acyl,M+H,C,0.2708051371095964,bronze,0.1450283529275213,0.2648279999999978,1.0,3.0,C37 H69 O4
A15_195704,Ascomycota,True,DG(O-15:1_19:2),DG(O-15:1_19:2)+H,DG,alkyl-acyl,M+H,C,0.2708051371095964,bronze,0.2974044602172786,0.1901279999999978,1.0,2.0,C37 H69 O4
A15_96195,Streptophyta,False,,,,,,,,,,,,,
A15_101972,Basidiomycota,True,PG(O-17:2_21:4),PG(O-17:2_21:4)+NH4,PG,alkyl-acyl,M+NH4,C,0.0497508213585488,bronze,1.511739070782402,0.0122660283234257,1.0,2.0,C44 H81 N1 O9 P1
A15_197224,Bacillota,False,,,,,,,,,,,,,
A15_37324,Streptophyta,False,,,,,,,,,,,,,
A15_40906,Basidiomycota,False,,,,,,,,,,,,,
A15_42150,Basidiomycota,False,,,,,,,,,,,,,
A15_83745,Streptophyta,True,TG(18:3_18:1)+OO:(s),TG(18:3_18:1)+NH4+OO:(s),TG,triacyl,M+NH4,B,0.1789063434433408,silver,0.8139739089112629,0.1193169999999996,1.0,3.0,C39 H70 N1 O8
A15_18837,Streptophyta,False,,,,,,,,,,,,,
A15_18687,Streptophyta,False,,,,,,,,,,,,,
A15_197119,Streptophyta,True,TG(25:1_16:0)+OO:(s),TG(25:1_16:0)+NH4+OO:(s),TG,triacyl,M+NH4,B,0.6227851318279994,gold,1.0100140448742656,0.0622616276529051,9.0,6.0,C44 H86 N1 O8
A15_127500,Streptophyta,False,,,,,,,,,,,,,
A15_62993,Streptophyta,False,,,,,,,,,,,,,
A15_56302,Streptophyta,False,,,,,,,,,,,,,
A15_103101,Streptophyta,False,,,,,,,,,,,,,
A15_119443,Heterolobosea,True,PC(26:0),PC(26:0)+H,PC,diacyl,M+H,C,1.810176238924712,silver,1.205640006790047,0.1077544156157728,3.0,1.0,C34 H69 N1 O8 P1
A15_114901,Heterolobosea,False,,,,,,,,,,,,,
A15_51705,Streptophyta,False,,,,,,,,,,,,,
A15_2237,Streptophyta,False,,,,,,,,,,,,,
A15_51446,Basidiomycota,True,DG(P-25:6),DG(P-25:6)+NH4,DG,alkenyl-acyl,M+NH4,C,0.7666776566102255,silver,1.0283183954031967,0.0428427000000004,2.0,1.0,C28 H46 N1 O4
A15_116400,Streptophyta,False,,,,,,,,,,,,,
A15_126256,Streptophyta,True,DG(18:4_19:4),DG(18:4_19:4)+H,DG,diacyl,M+H,B,0.3189699617277387,silver,2.04343528966378,0.083108000000001,1.0,2.0,C40 H63 O5
A15_34439,Basidiomycota,True,DG(23:6_2:0),DG(23:6_2:0)+Na,DG,diacyl,M+Na,C,0.0592879138054107,bronze,2.3669087740342687,0.0967698833466075,1.0,2.0,C28 H42 Na1 O5
A15_35230,Basidiomycota,True,DG(23:6_2:0),DG(23:6_2:0)+Na,DG,diacyl,M+Na,C,0.0592879138054107,bronze,3.202162411776454,0.024230116653392,1.0,2.0,C28 H42 Na1 O5
A15_79124,Streptophyta,False,,,,,,,,,,,,,
A15_102684,Streptophyta,True,PG(O-16:1_20:4),PG(O-16:1_20:4)+NH4,PG,alkyl-acyl,M+NH4,C,0.0142146966555034,bronze,3.5904882702326595,0.2216503222683261,1.0,1.0,C42 H79 N1 O9 P1
A15_70459,Streptophyta,False,,,,,,,,,,,,,
A15_165689,Streptophyta,True,PI(18:0_20:4),PI(18:0_20:4)+H,PI,diacyl,M+H,A,1.6179802305848137,gold,1.771164974525792,0.0469722379410768,3.0,3.0,C47 H84 O13 P1
A15_115752,Streptophyta,False,,,,,,,,,,,,,
A15_208984,Bacillota,False,,,,,,,,,,,,,
A15_85789,Streptophyta,False,,,,,,,,,,,,,
A15_48662,Streptophyta,False,,,,,,,,,,,,,
A15_167472,Streptophyta,False,,,,,,,,,,,,,
A15_213330,Streptophyta,True,TG(36:4_16:0)+OO:(s),TG(36:4_16:0)+NH4+OO:(s),TG,triacyl,M+NH4,B,0.3538736645360018,gold,0.1161694460187142,0.2496956602395599,6.0,8.0,C55 H102 N1 O8
A15_15872,Streptophyta,False,,,,,,,,,,,,,
A15_192559,Pseudomonadota,True,MePC(33:2),MePC(33:2)+H,MePC,diacyl,M+H,C,0.9319927907426976,bronze,2.622698914729753,0.0076350000000005,1.0,3.0,C42 H82 N1 O8 P1
A15_63572,Streptophyta,False,,,,,,,,,,,,,
A15_203497,Actinomycetota,False,,,,,,,,,,,,,
A15_206289,Actinomycetota,False,,,,,,,,,,,,,
A15_166760,Streptophyta,False,,,,,,,,,,,,,
A15_58582,Streptophyta,False,,,,,,,,,,,,,
A15_170868,Actinomycetota,True,PC(O-36:4),PC(O-36:4)+H,PC,alkyl-acyl,M+H,C,2.3064743468533133,silver,0.5915179363954028,0.0005169999999985,7.0,2.0,C44 H83 N1 O7 P1
A15_172435,Actinomycetota,True,PC(O-36:4),PC(O-36:4)+H,PC,alkyl-acyl,M+H,C,2.3064743468533133,silver,0.4431944291990294,0.0286830000000009,7.0,3.0,C44 H83 N1 O7 P1
A15_149194,Streptophyta,False,,,,,,,,,,,,,
A15_175392,Pseudomonadota,False,,,,,,,,,,,,,
A15_172696,Streptophyta,False,,,,,,,,,,,,,
A15_202935,Bacillota,False,,,,,,,,,,,,,
A15_59688,Streptophyta,False,,,,,,,,,,,,,
A15_111385,Streptophyta,True,PC(34:3),PC(34:3)+H,PC,diacyl,M+H,C,2.66466336762168,silver,1.008900729772118,0.0987405070707065,18.0,6.0,C42 H79 N1 O8 P1
A15_151072,Actinomycetota,True,DG(P-15:2_18:0),DG(P-15:2_18:0)+H,DG,alkenyl-acyl,M+H,C,0.3252535421799428,bronze,1.6992373823489204,0.1829812850241552,1.0,2.0,C36 H67 O4
A15_33679,Streptophyta,False,,,,,,,,,,,,,
A15_125449,Ascomycota,True,PG(16:1_18:4),PG(16:1_18:4)+NH4,PG,diacyl,M+NH4,A,1.040577252528945,silver,0.3455737225112053,0.0511015980199847,1.0,5.0,C40 H73 N1 O10 P1
A15_183174,Streptophyta,True,WE(O-24:3_18:2),WE(O-24:3_18:2)+Na,WE,Wax monoesters,M+Na,C,0.1479700216416888,bronze,0.8475010457011238,0.0839040000000004,1.0,1.0,C42 H74 Na1 O2
A15_46794,Basidiomycota,True,WE(O-26:4),WE(O-26:4)+Na,WE,Wax monoesters,M+Na,C,0.1694117078474886,silver,0.3141515067199774,0.1277154999999998,3.0,1.0,C26 H44 Na1 O2
A15_119316,Streptophyta,True,DGDG(18:3_18:3),DGDG(18:3_18:3)+NH4,DGDG,Digalactosyldiacylglycerol,M+NH4,A,1.5443788660903843,gold,0.0718410864995205,0.1947204041477057,23.0,6.0,C51 H88 N1 O15
A15_41482,Pseudomonadota,True,LPE(19:1),LPE(19:1)+H,LPE,monoacyl,M+H,A,1.5847417275953588,gold,0.8293184944657717,0.0113100499999987,24.0,4.0,C24 H49 N1 O7 P1
A15_43635,Pseudomonadota,True,LPE(19:1),LPE(19:1)+H,LPE,monoacyl,M+H,A,1.5847417275953588,gold,0.8940532960335705,0.0537899500000005,24.0,4.0,C24 H49 N1 O7 P1
A15_138179,Streptophyta,False,,,,,,,,,,,,,
A15_193356,Streptophyta,False,,,,,,,,,,,,,
A15_61892,Streptophyta,False,,,,,,,,,,,,,
A15_69899,Basidiomycota,False,,,,,,,,,,,,,
A15_67872,Basidiomycota,False,,,,,,,,,,,,,
A15_56498,Streptophyta,False,,,,,,,,,,,,,
A15_136606,Streptophyta,False,,,,,,,,,,,,,
A15_114873,Streptophyta,True,TG(37:5)+O:(s),TG(37:5)+NH4+O:(s),TG,triacyl,M+NH4,C,0.0731414371997467,bronze,0.1251680686867517,0.0995480000000004,1.0,1.0,C40 H70 N1 O7
A15_168411,Streptophyta,True,PC(35:2),PC(35:2)+H,PC,diacyl,M+H,C,2.241856434519158,silver,0.1434327086758161,0.03693404989294,17.0,6.0,C43 H83 N1 O8 P1
A15_100787,Streptophyta,True,PC(35:5),PC(35:5)+H,PC,diacyl,M+H,C,1.8018844765888935,silver,0.6331037936115534,0.0466489195077706,4.0,5.0,C43 H77 N1 O8 P1
A15_54199,Streptophyta,False,,,,,,,,,,,,,
A15_201232,Streptophyta,False,,,,,,,,,,,,,
A15_24015,Basidiomycota,False,,,,,,,,,,,,,
A15_21255,Basidiomycota,True,LPC(17:2),LPC(17:2)+H,LPC,monoacyl,M+H,C,2.322064664158052,silver,1.439252894332257,0.1980628755704319,10.0,4.0,C25 H49 N1 O7 P1
A15_137341,Bacillota,False,,,,,,,,,,,,,
A15_28336,Streptophyta,False,,,,,,,,,,,,,
A15_30681,Streptophyta,False,,,,,,,,,,,,,
A15_76038,Streptophyta,True,TG(P-7:0_25:6),TG(P-7:0_25:6)+H,TG,alkenyl-acyl,M+H,C,0.2303145333110852,bronze,0.9493197439299228,0.0374581999999996,1.0,1.0,C35 H55 O5
A15_163948,Streptophyta,False,,,,,,,,,,,,,
A15_190831,Streptophyta,False,,,,,,,,,,,,,
A15_113511,Streptophyta,False,,,,,,,,,,,,,
A15_12165,Methanobacteriota,True,TG(23:1)+O:(s),TG(23:1)+NH4+O:(s),TG,triacyl,M+NH4,C,0.1216852024176087,silver,0.1199468771966568,0.1358891329570664,6.0,3.0,C26 H50 N1 O7
A15_91508,Streptophyta,True,TG(17:2_20:6),TG(17:2_20:6)+Na,TG,triacyl,M+Na,C,0.3498667056782153,bronze,4.330296929093675,0.0860716000000003,1.0,1.0,C40 H60 Na1 O6
A15_165100,Streptophyta,True,TG(14:0_18:4_20:4)+OO:(s),TG(14:0_18:4_20:4)+NH4+OO:(s),TG,triacyl,M+NH4,C,0.1315028813222464,bronze,1.6912426909357616,0.0710490000000003,1.0,3.0,C55 H94 N1 O8
A15_61168,Streptophyta,True,DG(P-5:0_21:6),DG(P-5:0_21:6)+NH4,DG,alkenyl-acyl,M+NH4,B,0.1271486263248943,silver,0.6587001418233679,0.244381699999999,1.0,1.0,C29 H48 N1 O4
A15_22479,Methanobacteriota,False,,,,,,,,,,,,,
A15_95518,Streptophyta,False,,,,,,,,,,,,,
A15_167256,Streptophyta,False,,,,,,,,,,,,,
A15_125815,Streptophyta,False,,,,,,,,,,,,,
A15_33928,Streptophyta,True,TG(26:2_2:0)+OO:(s),TG(26:2_2:0)+NH4+OO:(s),TG,triacyl,M+NH4,C,0.0257251320853593,bronze,0.1703133215174998,0.0767829000000004,1.0,2.0,C31 H58 N1 O8
A15_55611,Streptophyta,False,,,,,,,,,,,,,
A15_181631,Pseudomonadota,True,PE(21:0_15:2),PE(21:0_15:2)+H,PE,diacyl,M+H,B,1.415127620132988,gold,0.3818356441278767,0.0815327471788585,2.0,11.0,C41 H79 N1 O8 P1
A15_185784,Pseudomonadota,True,PE(18:1_18:1),PE(18:1_18:1)+H,PE,diacyl,M+H,A,1.211319282310496,gold,0.935864875179192,0.0027011269149923,2.0,14.0,C41 H79 N1 O8 P1
A15_169192,Bacillota,False,,,,,,,,,,,,,
A15_162232,Bacillota,False,,,,,,,,,,,,,
A15_164737,Bacillota,False,,,,,,,,,,,,,
A15_163550,Bacillota,False,,,,,,,,,,,,,
A15_21984,Streptophyta,False,,,,,,,,,,,,,
A15_66214,Streptophyta,False,,,,,,,,,,,,,
A15_28602,Streptophyta,False,,,,,,,,,,,,,
A15_104136,Streptophyta,False,,,,,,,,,,,,,
A15_84203,Streptophyta,True,PG(17:2_18:2),PG(17:2_18:2)+NH4,PG,diacyl,M+NH4,C,0.0198079643001777,bronze,0.5094124642520884,0.0862018354477616,1.0,2.0,C41 H77 N1 O10 P1
A15_136773,Streptophyta,False,,,,,,,,,,,,,
A15_114971,Streptophyta,True,PI(22:7_18:2),PI(22:7_18:2)+NH4,PI,diacyl,M+NH4,B,0.6356668213281469,silver,4.075008687163182,0.0247440000000001,1.0,2.0,C49 H81 N1 O13 P1
A15_190897,Streptophyta,False,,,,,,,,,,,,,
A15_155891,Basidiomycota,True,PC(33:2),PC(33:2)+H,PC,diacyl,M+H,C,3.19722457733622,silver,1.092067561677155,0.2101729999999992,36.0,12.0,C41 H79 N1 O8 P1
A15_77338,Streptophyta,False,,,,,,,,,,,,,
A15_3074,Streptophyta,False,,,,,,,,,,,,,
A15_22761,Pseudomonadota,True,LPE(17:1),LPE(17:1)+H,LPE,monoacyl,M+H,A,1.3772301016477035,gold,0.9386316661491806,0.1289298870099879,32.0,5.0,C22 H45 N1 O7 P1
A15_10806,Streptophyta,False,,,,,,,,,,,,,
A15_110525,Streptophyta,True,PI(18:3_18:3),PI(18:3_18:3)+NH4,PI,diacyl,M+NH4,A,0.988751460711806,gold,0.3256261956832873,0.0316731190029919,4.0,5.0,C45 H79 N1 O13 P1
A15_124433,Streptophyta,False,,,,,,,,,,,,,
A15_184275,Streptophyta,True,Cer(d18:2_18:1),Cer(d18:2_18:1)+H,Cer,acylsphingosines,M+H,A,0.7810204098605394,gold,0.2894218418927384,0.2793969999999994,2.0,4.0,C36 H68 N1 O3
A15_35893,Streptophyta,False,,,,,,,,,,,,,
A15_156984,Streptophyta,True,DGDG(16:0_16:1),DGDG(16:0_16:1)+NH4,DGDG,Digalactosyldiacylglycerol,M+NH4,A,1.0482780400350724,gold,3.1421589027988066,0.2399579999999996,7.0,5.0,C47 H90 N1 O15
A15_174496,Streptophyta,False,,,,,,,,,,,,,
A15_88878,Streptophyta,True,TG(16:2_18:2)+OO:(s),TG(16:2_18:2)+NH4+OO:(s),TG,triacyl,M+NH4,C,0.330431932875782,silver,1.0576019619767925,0.1661513173907813,2.0,1.0,C37 H66 N1 O8
A15_122279,Streptophyta,False,,,,,,,,,,,,,
A15_56999,Streptophyta,False,,,,,,,,,,,,,
A15_80973,Streptophyta,True,DG(21:5_5:0),DG(21:5_5:0)+NH4,DG,diacyl,M+NH4,C,0.3089916010560004,bronze,1.2284586342541484,0.1858982999999998,1.0,2.0,C29 H50 N1 O5
A15_101809,Streptophyta,True,TG(3:0_15:2_18:4),TG(3:0_15:2_18:4)+NH4,TG,triacyl,M+NH4,B,0.5071121013590014,silver,3.2111882227593123,0.0760611656565668,1.0,1.0,C39 H66 N1 O6
A15_180251,Actinomycetota,True,DG(O-15:1_18:2),DG(O-15:1_18:2)+H,DG,alkyl-acyl,M+H,C,0.4845728428162502,silver,2.475441128735368,0.0377209999999976,4.0,1.0,C36 H67 O4
A15_88932,Streptophyta,True,DG(O-5:0_21:5),DG(O-5:0_21:5)+NH4,DG,alkyl-acyl,M+NH4,C,0.1939926738449285,bronze,0.4795907905872984,0.051462032216559,1.0,2.0,C29 H52 N1 O4
A15_172434,Bacillota,True,PC(O-36:5),PC(O-36:5)+H,PC,alkyl-acyl,M+H,C,2.4608745787908024,silver,4.3664824390383,0.1718239999999973,7.0,4.0,C44 H81 N1 O7 P1
A15_171284,Bacillota,True,PC(O-36:5),PC(O-36:5)+H,PC,alkyl-acyl,M+H,C,2.4608745787908024,silver,4.477364591962926,0.1896239999999984,7.0,4.0,C44 H81 N1 O7 P1
A15_171247,Bacillota,True,PC(O-18:4_18:1),PC(O-18:4_18:1)+H,PC,alkyl-acyl,M+H,C,1.3249159514057776,silver,4.491667940075097,0.1206898277790138,3.0,1.0,C44 H81 N1 O7 P1
A15_44714,Streptophyta,True,LPC(P-18:0),LPC(P-18:0)+H,LPC,monoalkenyl,M+H,C,3.001864978854268,silver,0.3406873824676639,0.0684043986494531,12.0,3.0,C26 H55 N1 O6 P1
A15_48208,Streptophyta,True,LPC(P-18:0),LPC(P-18:0)+H,LPC,monoalkenyl,M+H,C,3.001864978854268,silver,0.4075668859901568,0.1112043986494537,12.0,3.0,C26 H55 N1 O6 P1
A15_99297,Streptophyta,False,,,,,,,,,,,,,
A15_32076,Streptophyta,True,DG(O-26:6),DG(O-26:6)+H,DG,alkyl-acyl,M+H,C,0.4047651517963019,bronze,2.2839752813168297,0.138009211136052,1.0,1.0,C29 H47 O4
A15_127024,Streptophyta,False,,,,,,,,,,,,,
A15_201596,Streptophyta,False,,,,,,,,,,,,,
A15_179919,Streptophyta,True,TG(21:1_20:3)+O:(s),TG(21:1_20:3)+NH4+O:(s),TG,triacyl,M+NH4,C,0.1086084358505429,bronze,2.42516017233725,0.1512411045885713,1.0,2.0,C44 H80 N1 O7
A15_143805,Streptophyta,False,,,,,,,,,,,,,
A15_188979,Pseudomonadota,True,PA(16:0_18:1),PA(16:0_18:1)+NH4,PA,diacyl,M+NH4,A,1.6593033910136394,gold,1.226929789774945,0.2121995384687274,4.0,6.0,C37 H75 N1 O8 P1
A15_215755,Streptophyta,False,,,,,,,,,,,,,
A15_168341,Streptophyta,False,,,,,,,,,,,,,
A15_153079,Streptophyta,False,,,,,,,,,,,,,
A15_167489,Streptophyta,False,,,,,,,,,,,,,
A15_167042,Streptophyta,True,DG(O-34:6),DG(O-34:6)+NH4,DG,alkyl-acyl,M+NH4,C,0.5140233803911063,silver,1.6221359306841552,0.1772484999999992,2.0,2.0,C37 H66 N1 O4
A15_80761,Streptophyta,False,,,,,,,,,,,,,
A15_134235,Streptophyta,True,DG(16:0_18:4),DG(16:0_18:4)+H,DG,diacyl,M+H,A,1.3391599865695951,gold,0.3503080495298659,0.109452549243711,21.0,5.0,C37 H65 O5
A15_138026,Basidiomycota,True,TG(2:0_16:0_18:1)+O:(s),TG(2:0_16:0_18:1)+NH4+O:(s),TG,triacyl,M+NH4,C,0.1637946950976462,bronze,0.7950055299964766,0.0085999999999994,1.0,4.0,C39 H76 N1 O7
A15_140194,Basidiomycota,True,TG(36:1)+O:(s),TG(36:1)+NH4+O:(s),TG,triacyl,M+NH4,C,0.2282919607649513,bronze,3.4328009321700166,0.001812000000001,1.0,2.0,C39 H76 N1 O7
A15_222527,Streptophyta,True,PI(P-15:2_23:2),PI(P-15:2_23:2)+H,PI,alkenyl-acyl,M+H,C,0.1432852884742923,bronze,1.4299098297037056,0.1320880000000031,1.0,2.0,C47 H84 O12 P1
A15_57280,Streptophyta,False,,,,,,,,,,,,,
A15_49647,Methanobacteriota,False,,,,,,,,,,,,,
A15_167572,Streptophyta,False,,,,,,,,,,,,,
A15_74589,Bacillota,True,DG(P-11:0_19:4),DG(P-11:0_19:4)+Na,DG,alkenyl-acyl,M+Na,C,0.10725191894824,silver,2.3785448430136955,0.0835822000000003,2.0,2.0,C33 H56 Na1 O4
A15_196580,Actinomycetota,True,TG(27:2_18:1)+OO:(s),TG(27:2_18:1)+NH4+OO:(s),TG,triacyl,M+NH4,B,0.6590636735861238,gold,0.1276159852954382,0.2597241031073523,19.0,3.0,C48 H90 N1 O8
A15_95506,Streptophyta,True,TG(3:0_6:0_18:0),TG(3:0_6:0_18:0)+NH4,TG,triacyl,M+NH4,B,0.9783631636591822,gold,1.4621321453909248,0.0908078273216137,4.0,4.0,C30 H60 N1 O6
A15_190542,Streptophyta,False,,,,,,,,,,,,,
A15_135472,Basidiomycota,False,,,,,,,,,,,,,
A15_201911,Streptophyta,True,TG(17:2_19:0_16:3)+OO:(s),TG(17:2_19:0_16:3)+NH4+OO:(s),TG,triacyl,M+NH4,B,0.4551565423299212,gold,1.3321859356376538,0.2814095678807931,2.0,3.0,C55 H100 N1 O8
A15_13310,Streptophyta,False,,,,,,,,,,,,,
A15_16813,Streptophyta,False,,,,,,,,,,,,,
A15_14801,Streptophyta,False,,,,,,,,,,,,,
A15_41165,Streptophyta,False,,,,,,,,,,,,,
A15_33697,Actinomycetota,False,,,,,,,,,,,,,
A15_100079,Streptophyta,True,TG(26:8_13:1),TG(26:8_13:1)+Na,TG,triacyl,M+Na,C,0.0592733668122522,bronze,2.9317770526132207,0.1789832000000011,1.0,2.0,C42 H62 Na1 O6
A15_111883,Streptophyta,False,,,,,,,,,,,,,
A15_36905,Ascomycota,False,,,,,,,,,,,,,
A15_89547,Streptophyta,False,,,,,,,,,,,,,
A15_184937,Streptophyta,True,DG(O-50:14),DG(O-50:14)+NH4,DG,alkyl-acyl,M+NH4,C,0.2112251547308415,silver,4.424921989844076,0.0536522768957397,2.0,3.0,C53 H82 N1 O4
A15_109900,Streptophyta,True,DG(O-11:0_18:2),DG(O-11:0_18:2)+Na,DG,alkyl-acyl,M+Na,C,0.1775945180413859,bronze,4.107926502344396,0.2388037799086753,1.0,1.0,C32 H60 Na1 O4
A15_26171,Methanobacteriota,False,,,,,,,,,,,,,
A15_23914,Methanobacteriota,False,,,,,,,,,,,,,
A15_165280,Streptophyta,False,,,,,,,,,,,,,
A15_32462,Streptophyta,True,DG(O-26:6),DG(O-26:6)+H,DG,alkyl-acyl,M+H,C,0.4047651517963019,bronze,1.101859452573907,0.1449092111360519,1.0,1.0,C29 H47 O4
A15_162425,Streptophyta,True,PEt(15:1_16:2),PEt(15:1_16:2)+Li,PEt,diacyl,M+Li,C,0.0126278018336336,bronze,1.313090306339956,0.1379174822690174,1.0,1.0,C36 H65 Li1 O8 P1
A15_124453,Streptophyta,True,DG(P-7:0_19:3),DG(P-7:0_19:3)+H,DG,alkenyl-acyl,M+H,B,0.3369710894258956,silver,3.6294357853878574,0.1523140000000005,1.0,2.0,C29 H51 O4
A15_190081,Streptophyta,False,,,,,,,,,,,,,
A15_72591,Streptophyta,False,,,,,,,,,,,,,
A15_124825,Streptophyta,False,,,,,,,,,,,,,
A15_79137,Streptophyta,False,,,,,,,,,,,,,
A15_78947,Basidiomycota,False,,,,,,,,,,,,,
A15_4285,Methanobacteriota,False,,,,,,,,,,,,,
A15_130995,Streptophyta,True,DG(P-15:2_21:4),DG(P-15:2_21:4)+H,DG,alkenyl-acyl,M+H,C,0.6513691248174985,silver,1.6585050215570825,0.1771167399723356,2.0,5.0,C39 H65 O4
A15_59586,Streptophyta,True,DG(P-15:2_19:3),DG(P-15:2_19:3)+Na,DG,alkenyl-acyl,M+Na,C,0.4730898235102645,bronze,4.119179111328288,0.0269008589286272,1.0,1.0,C37 H62 Na1 O4
A15_137238,Streptophyta,True,DG(18:1_18:3),DG(18:1_18:3)+NH4,DG,diacyl,M+NH4,A,1.2625710533431995,gold,0.2767148055202179,0.2863535750316579,7.0,1.0,C39 H72 N1 O5
A15_135987,Streptophyta,False,,,,,,,,,,,,,
A15_121472,Streptophyta,False,,,,,,,,,,,,,
A15_111469,Streptophyta,False,,,,,,,,,,,,,
A15_655,Streptophyta,True,MGDG(18:2),MGDG(18:2)+NH4,MGDG,Monogalactosyldiacylglycerol,M+NH4,C,0.0571322454710277,bronze,2.133705210853638,0.1116530696969695,1.0,1.0,C27 H50 N1 O10
A15_167973,Streptophyta,False,,,,,,,,,,,,,
A15_218459,Bacillota,False,,,,,,,,,,,,,
A15_219917,Bacillota,False,,,,,,,,,,,,,
A15_219019,Bacillota,False,,,,,,,,,,,,,
A15_179010,Ascomycota,True,TG(8:0_17:1_18:1)+OO:(s),TG(8:0_17:1_18:1)+Na+OO:(s),TG,triacyl,M+Na,C,0.3035573228738687,bronze,0.5371702472883904,0.0751465245283,1.0,3.0,C46 H84 Na1 O8
A15_182997,Ascomycota,True,TG(8:0_17:1_18:1)+OO:(s),TG(8:0_17:1_18:1)+Na+OO:(s),TG,triacyl,M+Na,C,0.3035573228738687,bronze,0.3213253002500008,0.0785534754717005,1.0,2.0,C46 H84 Na1 O8
A15_180439,Ascomycota,True,TG(8:0_17:1_18:1)+OO:(s),TG(8:0_17:1_18:1)+Na+OO:(s),TG,triacyl,M+Na,C,0.3035573228738687,bronze,0.473686429688934,0.0464465245282994,1.0,3.0,C46 H84 Na1 O8
A15_936,Streptophyta,False,,,,,,,,,,,,,
A15_71217,Basidiomycota,True,TG(7:0_18:1),TG(7:0_18:1)+Na,TG,triacyl,M+Na,C,0.2609242038251583,bronze,4.149103964012003,0.2518689999999992,1.0,1.0,C28 H50 Na1 O6
A15_66423,Basidiomycota,True,TG(27:4),TG(27:4)+H,TG,triacyl,M+H,C,0.14651977794818,bronze,4.046305986825475,0.2981370000000005,1.0,1.0,C30 H49 O6
A15_82264,Streptophyta,False,,,,,,,,,,,,,
A15_103015,Streptophyta,True,DG(18:3_18:4),DG(18:3_18:4)+NH4,DG,diacyl,M+NH4,A,0.4511665888052843,gold,1.75791689781436,0.2633246202020203,2.0,1.0,C39 H66 N1 O5
A15_89069,Streptophyta,True,TG(17:2_6:0_8:0),TG(17:2_6:0_8:0)+NH4,TG,triacyl,M+NH4,C,0.4519688836411865,bronze,0.426734386462442,0.2567420242087017,1.0,1.0,C34 H64 N1 O6
A15_129484,Bacillota,True,DG(O-9:0_19:2),DG(O-9:0_19:2)+H,DG,alkyl-acyl,M+H,C,0.244613287874196,bronze,0.0754602955912187,0.0753936007546265,1.0,2.0,C31 H59 O4
A15_55456,Streptophyta,False,,,,,,,,,,,,,
A15_169130,Streptophyta,False,,,,,,,,,,,,,
A15_202176,Streptophyta,False,,,,,,,,,,,,,
A15_105660,Streptophyta,True,PG(18:2_18:2),PG(18:2_18:2)+NH4,PG,diacyl,M+NH4,A,0.5424547469529953,gold,0.5745591725216824,0.0044865063736825,3.0,3.0,C42 H79 N1 O10 P1
A15_103290,Streptophyta,True,WE(O-26:2),WE(O-26:2)+Na,WE,Wax monoesters,M+Na,C,0.295744718031121,silver,0.6446634860495596,0.0215279999999999,5.0,1.0,C26 H48 Na1 O2
A15_56643,Streptophyta,False,,,,,,,,,,,,,
A15_161912,Streptophyta,True,PG(17:0_15:0),PG(17:0_15:0)+NH4,PG,diacyl,M+NH4,B,1.6780441083139894,gold,1.7600260776299368,0.1015235208241591,15.0,6.0,C38 H79 N1 O10 P1
A15_122717,Streptophyta,True,PC(38:8),PC(38:8)+H,PC,diacyl,M+H,C,2.234085868948098,silver,1.4575193306181349,0.0208048033778123,16.0,5.0,C46 H77 N1 O8 P1
A15_123931,Streptophyta,True,PC(38:8),PC(38:8)+H,PC,diacyl,M+H,C,2.791759469228055,silver,1.0320861861039368,0.0585771610169487,15.0,1.0,C46 H77 N1 O8 P1
A15_125333,Streptophyta,True,PC(38:8),PC(38:8)+H,PC,diacyl,M+H,C,2.234085868948098,silver,2.8767729872291885,0.232095196622188,16.0,2.0,C46 H77 N1 O8 P1
A15_121953,Streptophyta,True,PC(38:8),PC(38:8)+H,PC,diacyl,M+H,C,2.234085868948098,silver,1.6656098254772835,0.0468048033778121,16.0,5.0,C46 H77 N1 O8 P1
A15_104199,Streptophyta,False,,,,,,,,,,,,,
A15_70503,Bacillota,False,,,,,,,,,,,,,
A15_114442,Streptophyta,True,DGDG(16:2_18:3),DGDG(16:2_18:3)+Na,DGDG,Digalactosyldiacylglycerol,M+Na,B,0.4161983145645415,gold,0.855591563879893,0.0332143954713384,3.0,1.0,C49 H82 Na1 O15
A15_156846,Basidiomycota,True,Cer(d16:1_18:1),Cer(d16:1_18:1)+H,Cer,acylsphingosines,M+H,A,1.6674377733938943,gold,0.5843357928399552,0.1936838991135001,4.0,2.0,C34 H66 N1 O3
A15_114256,Streptophyta,True,Hex1Cer(d34:2)+2O:(s),Hex1Cer(d34:2)+H+2O:(s),Hex1Cer,Ceramide monosaccharides,M+H,C,0.3882942155690744,silver,1.6365235763559665,0.0157371748858459,3.0,3.0,C40 H76 N1 O10
A15_54580,Mucoromycota,False,,,,,,,,,,,,,
A15_173856,Streptophyta,False,,,,,,,,,,,,,
A15_83808,Streptophyta,False,,,,,,,,,,,,,
A15_150849,Streptophyta,False,,,,,,,,,,,,,
A15_23807,Streptophyta,True,TG(18:4_4:0_4:0),TG(18:4_4:0_4:0)+NH4,TG,triacyl,M+NH4,C,0.0634919202006955,bronze,3.439720496812189,0.2912710271772885,1.0,1.0,C29 H50 N1 O6
A15_45319,Methanobacteriota,False,,,,,,,,,,,,,
A15_180323,Bacillota,True,DG(15:0_16:1),DG(15:0_16:1)+Na,DG,diacyl,M+Na,C,0.2645692249995332,silver,2.086995847018311,0.2860518917120771,3.0,3.0,C34 H64 Na1 O5
A15_171696,Streptophyta,False,,,,,,,,,,,,,
A15_215885,Streptophyta,False,,,,,,,,,,,,,
A15_30530,Streptophyta,False,,,,,,,,,,,,,
A15_125615,Streptophyta,False,,,,,,,,,,,,,
A15_112087,Streptophyta,False,,,,,,,,,,,,,
A15_99261,Streptophyta,False,,,,,,,,,,,,,
A15_31901,Streptophyta,False,,,,,,,,,,,,,
A15_104771,Streptophyta,False,,,,,,,,,,,,,
A15_83900,Streptophyta,False,,,,,,,,,,,,,
A15_67964,Streptophyta,True,TG(15:0_18:4),TG(15:0_18:4)+Na,TG,triacyl,M+Na,C,0.4754977464510583,silver,1.142597811538807,0.2051292,2.0,3.0,C36 H60 Na1 O6
A15_73609,Ascomycota,False,,,,,,,,,,,,,
A15_220444,Streptophyta,True,PG(14:2_25:1),PG(14:2_25:1)+H,PG,diacyl,M+H,C,0.6966860186827493,silver,1.0966094397537616,0.0614820000000015,8.0,3.0,C45 H84 O10 P1
A15_86057,Streptophyta,False,,,,,,,,,,,,,
A15_161925,Pseudomonadota,True,PG(17:1_18:1),PG(17:1_18:1)+NH4,PG,diacyl,M+NH4,A,1.505723522640528,gold,2.937415855129841,0.0065504141856091,6.0,8.0,C41 H81 N1 O10 P1
A15_174612,Actinomycetota,False,,,,,,,,,,,,,
A15_208328,Streptophyta,True,PI(22:1_16:3),PI(22:1_16:3)+H,PI,diacyl,M+H,C,0.202194690316086,bronze,0.7065500644308667,0.142735701418875,1.0,2.0,C47 H84 O13 P1
A15_177901,Actinomycetota,False,,,,,,,,,,,,,
A15_80806,Streptophyta,True,PG(18:1_18:3),PG(18:1_18:3)+NH4,PG,diacyl,M+NH4,C,0.0193853165435305,bronze,1.9573844806943148,0.0560505039215675,1.0,2.0,C42 H79 N1 O10 P1
A15_40256,Basidiomycota,True,DG(P-25:6),DG(P-25:6)+H,DG,alkenyl-acyl,M+H,C,0.3563928755460541,silver,1.2750169282303596,0.0876148284242779,4.0,2.0,C28 H43 O4
A15_220026,Streptophyta,False,,,,,,,,,,,,,
A15_139830,Streptophyta,True,TG(18:1_16:0),TG(18:1_16:0)+NH4,TG,triacyl,M+NH4,B,0.4986372059294837,gold,0.808358997180845,0.0859731899823224,4.0,5.0,C37 H72 N1 O6
A15_146618,Basidiomycota,False,,,,,,,,,,,,,
A15_149250,Streptophyta,False,,,,,,,,,,,,,
A15_101408,Bacillota,False,,,,,,,,,,,,,
A15_102806,Bacillota,False,,,,,,,,,,,,,
A15_69077,Basidiomycota,False,,,,,,,,,,,,,
A15_238,Streptophyta,False,,,,,,,,,,,,,
A15_10440,Bacillota,False,,,,,,,,,,,,,
A15_150011,Streptophyta,False,,,,,,,,,,,,,
A15_136269,Streptophyta,False,,,,,,,,,,,,,
A15_49475,Streptophyta,True,PG(P-15:2_12:0),PG(P-15:2_12:0)+NH4,PG,alkenyl-acyl,M+NH4,C,0.0460336094188424,bronze,1.0858311119642123,0.0267240999999991,1.0,1.0,C33 H65 N1 O9 P1
A15_59060,Streptophyta,False,,,,,,,,,,,,,
A15_131415,Streptophyta,True,DG(18:3_18:1),DG(18:3_18:1)+NH4,DG,diacyl,M+NH4,C,0.2710515575685988,bronze,1.9624723277425191,0.2048000000000005,1.0,1.0,C39 H72 N1 O5
A15_160706,Streptophyta,True,PG(15:0_17:0),PG(15:0_17:0)+H,PG,diacyl,M+H,A,1.3495029376464482,gold,4.494956199958162,0.1446466239883381,14.0,4.0,C38 H76 O10 P1
A15_159501,Streptophyta,True,PG(15:0_17:0),PG(15:0_17:0)+H,PG,diacyl,M+H,A,1.3495029376464482,gold,4.991148900340358,0.112346623988337,14.0,3.0,C38 H76 O10 P1
A15_159002,Streptophyta,True,PG(15:0_17:0),PG(15:0_17:0)+H,PG,diacyl,M+H,A,1.3495029376464482,gold,1.5938282339572172,0.0092466239883375,14.0,7.0,C38 H76 O10 P1
A15_102231,Ascomycota,False,,,,,,,,,,,,,
A15_81109,Streptophyta,True,DG(P-4:0_22:2),DG(P-4:0_22:2)+NH4,DG,alkenyl-acyl,M+NH4,C,0.0483588047138966,bronze,0.2282045807856535,0.1476203242941505,1.0,1.0,C29 H56 N1 O4
A15_158710,Streptophyta,False,,,,,,,,,,,,,
A15_128382,Streptophyta,False,,,,,,,,,,,,,
A15_201734,Streptophyta,False,,,,,,,,,,,,,
A15_12465,Streptophyta,False,,,,,,,,,,,,,
A15_143474,Streptophyta,True,PC(34:4),PC(34:4)+H,PC,diacyl,M+H,C,2.5717125128157945,silver,0.4417514661411764,0.0090858883724376,17.0,6.0,C42 H77 N1 O8 P1
A15_169203,Streptophyta,True,PI(18:0_20:4),PI(18:0_20:4)+H,PI,diacyl,M+H,A,1.6179802305848137,gold,0.9892516016623164,0.2325722379410777,3.0,3.0,C47 H84 O13 P1
A15_99911,Streptophyta,False,,,,,,,,,,,,,
A15_214195,Streptophyta,True,DGDG(8:0_23:0),DGDG(8:0_23:0)+Na,DGDG,Digalactosyldiacylglycerol,M+Na,C,0.0131751730223652,bronze,0.0825530781416959,0.0663389999999992,1.0,3.0,C46 H86 Na1 O15
A15_149345,Streptophyta,True,DG(18:3_18:3),DG(18:3_18:3)+NH4,DG,diacyl,M+NH4,A,1.3887646374928926,gold,0.9662255602869664,0.0326679999999992,24.0,9.0,C39 H68 N1 O5
A15_1741,Streptophyta,True,TG(18:1),TG(18:1)+NH4,TG,triacyl,M+NH4,C,0.2571473382659509,silver,0.6498885385779173,0.0711258999999999,4.0,2.0,C21 H40 N1 O6
A15_75342,Streptophyta,False,,,,,,,,,,,,,
A15_55534,Ascomycota,False,,,,,,,,,,,,,
A15_159395,Streptophyta,True,DG(P-15:2_19:0),DG(P-15:2_19:0)+H,DG,alkenyl-acyl,M+H,C,0.5619260611652721,silver,0.201570022444811,0.0469220000000003,4.0,3.0,C37 H69 O4
A15_54721,Streptophyta,False,,,,,,,,,,,,,
A15_122668,Streptophyta,True,PE(18:2_12:0),PE(18:2_12:0)+H,PE,diacyl,M+H,B,1.4338996266729716,gold,0.0308739909664075,0.2157609583786186,2.0,12.0,C35 H67 N1 O8 P1
A15_70522,Bacillota,False,,,,,,,,,,,,,
A15_34980,Basidiomycota,True,MG(O-25:8),MG(O-25:8)+H,MG,monoalkyl,M+H,C,0.3376800406601774,silver,0.3640953155400358,0.0093712000000003,12.0,2.0,C28 H43 O3
A15_86809,Streptophyta,True,TG(45:12),TG(45:12)+NH4,TG,triacyl,M+NH4,C,0.0475109496906358,bronze,2.121357240914316,0.2760303646551723,1.0,1.0,C48 H72 N1 O6
A15_13476,Streptophyta,False,,,,,,,,,,,,,
A15_38356,Streptophyta,False,,,,,,,,,,,,,
A15_41425,Streptophyta,False,,,,,,,,,,,,,
A15_158120,Streptophyta,True,DG(P-15:2_19:1),DG(P-15:2_19:1)+H,DG,alkenyl-acyl,M+H,C,1.0,silver,0.6320151762768754,0.0752159999999992,6.0,5.0,C37 H67 O4
A15_111861,Streptophyta,True,DG(18:2_18:4),DG(18:2_18:4)+H,DG,diacyl,M+H,A,1.6615629481964542,gold,0.9586546383641716,0.1075658578569989,2.0,4.0,C39 H65 O5
A15_150930,Basidiomycota,True,TG(20:4_18:1),TG(20:4_18:1)+H,TG,triacyl,M+H,C,0.4000263567157558,bronze,2.868720687647152,0.0925910000000005,1.0,1.0,C41 H69 O6
A15_154007,Basidiomycota,True,TG(20:4_18:1),TG(20:4_18:1)+H,TG,triacyl,M+H,C,0.4000263567157558,bronze,2.985830183373803,0.1541910000000008,1.0,1.0,C41 H69 O6
A15_155867,Streptophyta,True,DG(18:3_22:5),DG(18:3_22:5)+NH4,DG,diacyl,M+NH4,A,0.7020291460810072,gold,0.5742134621701519,0.1422271660329048,2.0,2.0,C43 H72 N1 O5
A15_160077,Streptophyta,False,,,,,,,,,,,,,
A15_72601,Streptophyta,False,,,,,,,,,,,,,
A15_20619,Streptophyta,False,,,,,,,,,,,,,
A15_124409,Streptophyta,True,TG(18:0_18:3),TG(18:0_18:3)+NH4,TG,triacyl,M+NH4,C,0.8747184396088714,silver,1.0077937354857365,0.165128883425778,6.0,6.0,C39 H72 N1 O6
A15_119046,Streptophyta,True,TG(18:2_18:3),TG(18:2_18:3)+NH4,TG,triacyl,M+NH4,B,0.7398866019693124,gold,0.3899387105648315,0.0687308141308893,10.0,4.0,C39 H68 N1 O6
A15_162256,Streptophyta,False,,,,,,,,,,,,,
A15_102723,Streptophyta,False,,,,,,,,,,,,,
A15_209985,Methanobacteriota,False,,,,,,,,,,,,,
A15_121167,Streptophyta,False,,,,,,,,,,,,,
A15_131100,Streptophyta,True,PS(16:0_18:2),PS(16:0_18:2)+H,PS,diacyl,M+H,A,1.283106507371328,gold,0.3408768835271357,0.2749109999999994,4.0,11.0,C40 H75 N1 O10 P1
A15_58913,Streptophyta,False,,,,,,,,,,,,,
A15_125935,Ascomycota,True,DG(O-16:1_22:3),DG(O-16:1_22:3)+Na,DG,alkyl-acyl,M+Na,C,0.3032696652955304,bronze,3.431411972549707,0.0658079999999987,1.0,2.0,C41 H74 Na1 O4
A15_182811,Streptophyta,True,TG(5:0_18:0_18:2)+O:(s),TG(5:0_18:0_18:2)+NH4+O:(s),TG,triacyl,M+NH4,B,0.1991695200678128,silver,1.4942701980545925,0.2556189999999994,1.0,1.0,C44 H84 N1 O7
A15_72392,Basidiomycota,False,,,,,,,,,,,,,
A15_77417,Basidiomycota,False,,,,,,,,,,,,,
A15_122195,Streptophyta,True,DG(16:1_18:4),DG(16:1_18:4)+H,DG,diacyl,M+H,A,0.8736913464574396,gold,1.4046753815234785,0.1457637254229578,3.0,4.0,C37 H63 O5
A15_157025,Streptophyta,False,,,,,,,,,,,,,
A15_125927,Streptophyta,False,,,,,,,,,,,,,
A15_151556,Actinomycetota,True,DGDG(14:0_16:0),DGDG(14:0_16:0)+NH4,DGDG,Digalactosyldiacylglycerol,M+NH4,A,0.8411328629938284,gold,1.1351786773331096,0.0721229999999995,2.0,2.0,C45 H88 N1 O15
A15_47703,Basidiomycota,False,,,,,,,,,,,,,
A15_199202,Streptophyta,False,,,,,,,,,,,,,
A15_91964,Streptophyta,False,,,,,,,,,,,,,
A15_36016,Methanobacteriota,False,,,,,,,,,,,,,
A15_202493,Streptophyta,False,,,,,,,,,,,,,
A15_169030,Pseudomonadota,False,,,,,,,,,,,,,
A15_78017,Ascomycota,False,,,,,,,,,,,,,
A15_103320,Streptophyta,False,,,,,,,,,,,,,
A15_148169,Streptophyta,False,,,,,,,,,,,,,
A15_13361,Streptophyta,False,,,,,,,,,,,,,
A15_186318,Pseudomonadota,True,PA(16:0_18:1),PA(16:0_18:1)+NH4,PA,diacyl,M+NH4,B,1.6850339421798148,gold,0.4847158369561085,0.0313342142611325,5.0,8.0,C37 H75 N1 O8 P1
A15_114531,Streptophyta,False,,,,,,,,,,,,,
A15_35146,Streptophyta,False,,,,,,,,,,,,,
A15_162070,Streptophyta,True,PG(15:0_17:0),PG(15:0_17:0)+H,PG,diacyl,M+H,A,1.3495029376464482,gold,3.5523296407643725,0.2402466239883374,14.0,5.0,C38 H76 O10 P1
A15_29659,Pseudomonadota,False,,,,,,,,,,,,,
A15_198347,Basidiomycota,True,DG(P-18:4_18:0),DG(P-18:4_18:0)+H,DG,alkenyl-acyl,M+H,C,0.7100066766029899,bronze,1.4106987841286924,0.0565750000000022,1.0,2.0,C39 H69 O4
A15_157034,Streptophyta,True,DG(15:2_20:1),DG(15:2_20:1)+NH4,DG,diacyl,M+NH4,C,0.3338620281309286,bronze,1.7887968976722213,0.0144769999999994,1.0,2.0,C38 H72 N1 O5
A15_48746,Streptophyta,False,,,,,,,,,,,,,
A15_46426,Streptophyta,False,,,,,,,,,,,,,
A15_61116,Streptophyta,False,,,,,,,,,,,,,
A15_105372,Streptophyta,True,DGDG(18:3_18:3),DGDG(18:3_18:3)+NH4,DGDG,Digalactosyldiacylglycerol,M+NH4,C,0.0481710156591274,bronze,3.3857204540724024,0.0599975275296973,1.0,2.0,C51 H88 N1 O15
A15_88845,Streptophyta,True,TG(16:0_16:0)+O:(s),TG(16:0_16:0)+Na+O:(s),TG,triacyl,M+Na,C,0.1701715433034322,bronze,0.0881271917977316,0.2696024999999995,1.0,1.0,C35 H66 Na1 O7
A15_60892,Streptophyta,True,DG(P-15:2_19:3),DG(P-15:2_19:3)+Na,DG,alkenyl-acyl,M+Na,C,0.4730898235102645,bronze,3.6945489378659184,0.0450991410713728,1.0,1.0,C37 H62 Na1 O4
A15_208615,Streptophyta,True,TG(16:2_18:1_18:1)+OO:(s),TG(16:2_18:1_18:1)+NH4+OO:(s),TG,triacyl,M+NH4,B,0.2919193472720265,gold,0.1012155955875321,0.2502048702182193,4.0,5.0,C55 H102 N1 O8
A15_132378,Streptophyta,True,PC(35:5),PC(35:5)+H,PC,diacyl,M+H,C,2.6771986330245583,silver,2.7516487482522525,0.0220307127887888,9.0,8.0,C43 H77 N1 O8 P1
A15_131355,Streptophyta,False,,,,,,,,,,,,,
A15_52084,Streptophyta,False,,,,,,,,,,,,,
A15_89458,Bacillota,False,,,,,,,,,,,,,
A15_86729,Bacillota,False,,,,,,,,,,,,,
A15_17731,Streptophyta,True,TG(19:4_4:0_4:0),TG(19:4_4:0_4:0)+NH4,TG,triacyl,M+NH4,C,0.0510035618833506,bronze,1.8655414376469064,0.0841255383102654,6.0,1.0,C30 H52 N1 O6
A15_215063,Streptophyta,True,TG(18:3_18:3_18:4),TG(18:3_18:3_18:4)+NH4,TG,triacyl,M+NH4,B,0.7555430149251958,gold,0.035973092863983,0.1052293506052279,4.0,10.0,C57 H94 N1 O6
A15_55347,Streptophyta,True,DG(P-5:0_21:3),DG(P-5:0_21:3)+Na,DG,alkenyl-acyl,M+Na,C,0.1730309175461155,bronze,4.413985315889776,0.1173335999999993,1.0,1.0,C29 H50 Na1 O4
A15_22854,Methanobacteriota,False,,,,,,,,,,,,,
A15_21453,Methanobacteriota,False,,,,,,,,,,,,,
A15_24081,Methanobacteriota,False,,,,,,,,,,,,,
A15_27042,Methanobacteriota,False,,,,,,,,,,,,,
A15_7540,Actinomycetota,False,,,,,,,,,,,,,
A15_52662,Streptophyta,False,,,,,,,,,,,,,
A15_56119,Streptophyta,False,,,,,,,,,,,,,
A15_14207,Streptophyta,False,,,,,,,,,,,,,
A15_48391,Streptophyta,False,,,,,,,,,,,,,
A15_112323,Streptophyta,True,PG(O-15:1_21:4),PG(O-15:1_21:4)+NH4,PG,alkyl-acyl,M+NH4,C,0.0164813361067872,bronze,1.131551583792285,0.0331905342105276,1.0,4.0,C42 H79 N1 O9 P1
A15_142689,Streptophyta,True,MGDG(18:1_16:3),MGDG(18:1_16:3)+NH4,MGDG,Monogalactosyldiacylglycerol,M+NH4,A,0.6842250315127544,gold,3.954727451421105,0.0933685853366625,4.0,4.0,C43 H78 N1 O10
A15_209770,Streptophyta,False,,,,,,,,,,,,,
A15_7014,Streptophyta,False,,,,,,,,,,,,,
A15_94894,Streptophyta,False,,,,,,,,,,,,,
A15_203793,Streptophyta,False,,,,,,,,,,,,,
A15_25474,Streptophyta,False,,,,,,,,,,,,,
A15_91113,Streptophyta,False,,,,,,,,,,,,,
A15_159676,Streptophyta,True,DG(16:0_18:4),DG(16:0_18:4)+Na,DG,diacyl,M+Na,A,0.3656106847007426,silver,1.160665316190769,0.1580379999999994,1.0,2.0,C37 H64 Na1 O5
A15_180229,Streptophyta,False,,,,,,,,,,,,,
A15_22147,Streptophyta,True,BisMePA(21:4),BisMePA(21:4)+NH4,BisMePA,diacyl,M+NH4,C,0.3000036161767266,bronze,3.8013079726555,0.0135971999999999,1.0,2.0,C26 H47 N1 O8 P1
A15_95165,Streptophyta,False,,,,,,,,,,,,,
A15_50898,Streptophyta,True,TG(46:11)+OO:(s),TG(46:11)+NH4+OO:(s),TG,triacyl,M+NH4,C,0.0719196223256359,bronze,4.164976688963809,0.1263622999999993,1.0,1.0,C49 H76 N1 O8
A15_145248,Bacillota,False,,,,,,,,,,,,,
A15_80537,Ascomycota,True,PG(O-12:0_22:6),PG(O-12:0_22:6)+NH4,PG,alkyl-acyl,M+NH4,C,0.1324030854838388,bronze,2.606467342270683,0.053223031782946,1.0,1.0,C40 H73 N1 O9 P1
A15_112514,Streptophyta,False,,,,,,,,,,,,,
A15_129767,Bacillota,False,,,,,,,,,,,,,
A15_128554,Bacillota,False,,,,,,,,,,,,,
A15_175406,Streptophyta,True,TG(11:0_18:3_18:3)+O:(s),TG(11:0_18:3_18:3)+NH4+O:(s),TG,triacyl,M+NH4,C,0.7709281655347474,bronze,0.2527754193179267,0.0452590000000014,1.0,2.0,C50 H88 N1 O7
A15_47254,Streptophyta,False,,,,,,,,,,,,,
A15_71763,Streptophyta,False,,,,,,,,,,,,,
A15_158367,Bacillota,False,,,,,,,,,,,,,
A15_178429,Streptophyta,False,,,,,,,,,,,,,
A15_81322,Streptophyta,False,,,,,,,,,,,,,
A15_78096,Streptophyta,False,,,,,,,,,,,,,
A15_105162,Streptophyta,True,TG(18:2_18:2)+O:(s),TG(18:2_18:2)+NH4+O:(s),TG,triacyl,M+NH4,B,0.7057481401794327,gold,1.689218595471984,0.0224907711600028,2.0,4.0,C39 H70 N1 O7
A15_75328,Streptophyta,False,,,,,,,,,,,,,
A15_91427,Streptophyta,False,,,,,,,,,,,,,
A15_52866,Streptophyta,True,TG(21:4_17:3)+OO:(s),TG(21:4_17:3)+H+OO:(s),TG,triacyl,M+H,C,0.1453504999651301,bronze,3.5434477077653104,0.2220778999999995,1.0,1.0,C41 H65 O8
A15_185949,Streptophyta,False,,,,,,,,,,,,,
A15_58895,Streptophyta,False,,,,,,,,,,,,,
A15_124177,Streptophyta,False,,,,,,,,,,,,,
A15_200702,Streptophyta,False,,,,,,,,,,,,,
A15_30264,Streptophyta,False,,,,,,,,,,,,,
A15_176143,Streptophyta,True,MGDG(17:1_22:1),MGDG(17:1_22:1)+NH4,MGDG,Monogalactosyldiacylglycerol,M+NH4,B,0.559508995348579,silver,2.713452601969528,0.1446899999999971,1.0,4.0,C48 H92 N1 O10
A15_227936,Bacillota,True,TG(15:0_15:0_18:1)+D7:(s),TG(15:0_15:0_18:1)+NH4+D7:(s),TG,Dlabeled FA,M+NH4,A,1.5980562572660066,gold,0.7704141186234064,0.1477254999999999,14.0,6.0,C51 H93 D7 N1 O6
A15_228617,Bacillota,True,TG(15:0_15:0_18:1)+D7:(s),TG(15:0_15:0_18:1)+NH4+D7:(s),TG,Dlabeled FA,M+NH4,A,1.5980562572660066,gold,0.7957214415065311,0.0541254999999978,14.0,5.0,C51 H93 D7 N1 O6
A15_228830,Bacillota,True,TG(15:0_15:0_18:1)+D7:(s),TG(15:0_15:0_18:1)+NH4+D7:(s),TG,Dlabeled FA,M+NH4,A,1.5980562572660066,gold,0.793311220347802,0.0365254999999997,14.0,4.0,C51 H93 D7 N1 O6
A15_228174,Bacillota,True,TG(15:0_15:0_18:1)+D7:(s),TG(15:0_15:0_18:1)+NH4+D7:(s),TG,Dlabeled FA,M+NH4,A,1.5980562572660066,gold,0.578801490141431,0.1247255000000002,14.0,6.0,C51 H93 D7 N1 O6
A15_227609,Bacillota,True,TG(15:0_15:0_18:1)+D7:(s),TG(15:0_15:0_18:1)+NH4+D7:(s),TG,Dlabeled FA,M+NH4,A,1.5980562572660066,gold,0.4498545854795598,0.1805254999999981,14.0,6.0,C51 H93 D7 N1 O6
A15_114462,Streptophyta,True,PC(P-44:14),PC(P-44:14)+H,PC,alkenyl-acyl,M+H,C,0.4433054033873453,silver,0.4566079863448237,0.2838609999999999,2.0,1.0,C52 H77 N1 O7 P1
A15_151042,Streptophyta,False,,,,,,,,,,,,,
A15_170043,Streptophyta,False,,,,,,,,,,,,,
A15_52446,Methanobacteriota,False,,,,,,,,,,,,,
A15_53725,Methanobacteriota,False,,,,,,,,,,,,,
A15_209313,Streptophyta,False,,,,,,,,,,,,,
A15_122697,Streptophyta,True,DG(18:2_18:3),DG(18:2_18:3)+H,DG,diacyl,M+H,A,0.6138616935563518,gold,0.9015883443023036,0.1748664999999984,2.0,7.0,C39 H67 O5
A15_41591,Streptophyta,False,,,,,,,,,,,,,
A15_115846,Streptophyta,False,,,,,,,,,,,,,
A15_126498,Streptophyta,False,,,,,,,,,,,,,
A15_183964,Streptophyta,True,Hex1Cer(d42:2)+2O:(s),Hex1Cer(d42:2)+H+2O:(s),Hex1Cer,Ceramide monosaccharides,M+H,C,0.6356781166434865,bronze,0.041964074305022,0.1975499457052549,1.0,1.0,C48 H92 N1 O10
A15_102700,Streptophyta,False,,,,,,,,,,,,,
A15_25951,Methanobacteriota,False,,,,,,,,,,,,,
A15_26826,Methanobacteriota,False,,,,,,,,,,,,,
A15_211147,Streptophyta,False,,,,,,,,,,,,,
A15_218087,Streptophyta,False,,,,,,,,,,,,,
A15_47597,Streptophyta,False,,,,,,,,,,,,,
A15_116710,Streptophyta,False,,,,,,,,,,,,,
A15_103850,Streptophyta,False,,,,,,,,,,,,,
A15_14358,Streptophyta,False,,,,,,,,,,,,,
A15_163020,Streptophyta,False,,,,,,,,,,,,,
A15_102160,Streptophyta,True,TG(22:4_18:3)+O:(s),TG(22:4_18:3)+NH4+O:(s),TG,triacyl,M+NH4,C,0.0502243784367966,bronze,1.093730305297015,0.1466940000000001,1.0,1.0,C43 H72 N1 O7
A15_190826,Streptophyta,False,,,,,,,,,,,,,
A15_179705,Streptophyta,True,TG(O-15:2_16:1_5:0),TG(O-15:2_16:1_5:0)+NH4,TG,alkyl-acyl,M+NH4,B,0.387679738575365,silver,2.7869115072116672,0.0228819999999991,1.0,1.0,C39 H74 N1 O5
A15_70652,Streptophyta,False,,,,,,,,,,,,,
A15_17406,Pseudomonadota,True,LPG(17:1),LPG(17:1)+H,LPG,monoacyl,M+H,C,1.1704730278920832,silver,0.1269543510654109,0.0236706000000004,3.0,1.0,C23 H46 O9 P1
A15_63368,Streptophyta,True,TG(8:0_16:0)+O:(s),TG(8:0_16:0)+NH4+O:(s),TG,triacyl,M+NH4,B,0.7789821375362946,silver,0.0974280624066296,0.1641273669469987,1.0,3.0,C27 H54 N1 O7
A15_164175,Ascomycota,True,MePC(34:3),MePC(34:3)+H,MePC,diacyl,M+H,C,0.853138449300525,silver,3.1151162010851183,0.1950925000000012,2.0,1.0,C43 H82 N1 O8 P1
A15_15329,Streptophyta,True,TG(16:2_4:0_4:0),TG(16:2_4:0_4:0)+NH4,TG,triacyl,M+NH4,C,0.1314848511670829,silver,1.1753111262266112,0.1143770806766291,2.0,3.0,C27 H50 N1 O6
A15_223711,Streptophyta,False,,,,,,,,,,,,,
A15_123989,Streptophyta,True,PI(18:4_16:0),PI(18:4_16:0)+NH4,PI,diacyl,M+NH4,B,0.5922964084761263,gold,1.94478646286866,0.0661429211046655,2.0,3.0,C43 H79 N1 O13 P1
A15_62888,Streptophyta,False,,,,,,,,,,,,,
A15_60128,Basidiomycota,True,MG(P-24:6),MG(P-24:6)+H,MG,monoalkenyl,M+H,C,0.3451852107547901,silver,0.5238759036672592,0.0715358999999997,4.0,1.0,C27 H43 O3
A15_170744,Streptophyta,False,,,,,,,,,,,,,
A15_81026,Basidiomycota,True,PS(18:1_18:3),PS(18:1_18:3)+H,PS,diacyl,M+H,A,0.6345732207022986,gold,1.9124667993183773,0.1858083999999999,2.0,3.0,C42 H75 N1 O10 P1
A15_126704,Streptophyta,True,DG(15:2_16:0),DG(15:2_16:0)+NH4,DG,diacyl,M+NH4,B,0.5538259484434882,gold,2.990072435556857,0.2511100000000006,5.0,3.0,C34 H66 N1 O5
A15_164709,Bacillota,False,,,,,,,,,,,,,
A15_78239,Streptophyta,False,,,,,,,,,,,,,
A15_73769,Streptophyta,True,DG(P-17:3_14:1),DG(P-17:3_14:1)+Na,DG,alkenyl-acyl,M+Na,C,0.2901297281152954,bronze,4.993423267315325,0.0855984999999996,1.0,1.0,C34 H58 Na1 O4
A15_170542,Actinomycetota,False,,,,,,,,,,,,,
A15_23608,Streptophyta,False,,,,,,,,,,,,,
A15_18823,Streptophyta,False,,,,,,,,,,,,,
A15_99994,Streptophyta,False,,,,,,,,,,,,,
A15_94606,Streptophyta,False,,,,,,,,,,,,,
A15_124994,Streptophyta,False,,,,,,,,,,,,,
A15_224282,Bacillota,True,TG(P-23:6_21:1),TG(P-23:6_21:1)+H,TG,alkenyl-acyl,M+H,C,0.3178271536953543,silver,1.8818050641134365,0.2210743578584519,16.0,6.0,C47 H77 O5
A15_95334,Streptophyta,True,PC(34:4),PC(34:4)+H,PC,diacyl,M+H,C,1.4524363262782638,silver,1.0670505867036388,0.1279536000000014,5.0,1.0,C42 H77 N1 O8 P1
A15_74916,Streptophyta,False,,,,,,,,,,,,,
A15_135613,Streptophyta,False,,,,,,,,,,,,,
A15_170556,Bacillota,True,PE(P-16:0_18:2),PE(P-16:0_18:2)+H,PE,alkenyl-acyl,M+H,B,1.7838340772663797,gold,1.8171300213685064,0.022764386495389,5.0,5.0,C39 H75 N1 O7 P1
A15_168176,Bacillota,True,PE(P-16:0_18:2),PE(P-16:0_18:2)+H,PE,alkenyl-acyl,M+H,B,1.7838340772663797,gold,1.7743050126340478,0.0618643864953902,5.0,5.0,C39 H75 N1 O7 P1
A15_182862,Ascomycota,False,,,,,,,,,,,,,
A15_181099,Ascomycota,False,,,,,,,,,,,,,
A15_123407,Streptophyta,True,MGDG(33:3),MGDG(33:3)+NH4,MGDG,Monogalactosyldiacylglycerol,M+NH4,C,0.0296224547558373,bronze,2.024869119402995,0.083006000000001,1.0,1.0,C42 H78 N1 O10
A15_163819,Bacillota,False,,,,,,,,,,,,,
A15_81421,Streptophyta,False,,,,,,,,,,,,,
A15_2931,Streptophyta,False,,,,,,,,,,,,,
A15_71993,Streptophyta,False,,,,,,,,,,,,,
A15_206292,Streptophyta,False,,,,,,,,,,,,,
A15_158009,Streptophyta,True,MePC(38:5),MePC(38:5)+H,MePC,diacyl,M+H,C,0.583436178618144,bronze,2.5461681211365,0.2421100000000002,1.0,2.0,C47 H86 N1 O8 P1
A15_58471,Streptophyta,True,DG(P-15:2_19:3),DG(P-15:2_19:3)+Na,DG,alkenyl-acyl,M+Na,C,0.4730898235102645,bronze,3.568170840373061,0.0784008589286271,1.0,1.0,C37 H62 Na1 O4
A15_98172,Streptophyta,True,DG(29:3),DG(29:3)+H,DG,diacyl,M+H,C,0.0887853886864352,bronze,1.1600719029514628,0.0239136106014274,1.0,1.0,C32 H57 O5
A15_95899,Streptophyta,False,,,,,,,,,,,,,
A15_46599,Streptophyta,False,,,,,,,,,,,,,
A15_44359,Basidiomycota,False,,,,,,,,,,,,,
A15_158696,Pseudomonadota,True,PE(35:5),PE(35:5)+H,PE,diacyl,M+H,C,0.0606350810128292,bronze,1.1300002962521585,0.0931800000000002,1.0,1.0,C40 H71 N1 O8 P1
A15_152520,Pseudomonadota,True,PE(20:5_15:0),PE(20:5_15:0)+H,PE,diacyl,M+H,B,0.6407312366532225,gold,4.855154525947111,0.2868399999999997,2.0,2.0,C40 H71 N1 O8 P1
A15_13422,Streptophyta,False,,,,,,,,,,,,,
A15_215153,Streptophyta,False,,,,,,,,,,,,,
A15_60020,Streptophyta,True,TG(18:2_16:3)+OO:(s),TG(18:2_16:3)+NH4+OO:(s),TG,triacyl,M+NH4,C,0.2771645712035696,bronze,0.909563810955254,0.2527290000000004,1.0,1.0,C37 H64 N1 O8
A15_62891,Streptophyta,True,TG(18:2_16:3)+OO:(s),TG(18:2_16:3)+NH4+OO:(s),TG,triacyl,M+NH4,C,0.2771645712035696,bronze,0.5759546993689022,0.1918290000000002,1.0,1.0,C37 H64 N1 O8
A15_66211,Streptophyta,True,TG(18:2_16:3)+OO:(s),TG(18:2_16:3)+NH4+OO:(s),TG,triacyl,M+NH4,C,0.2771645712035696,bronze,0.4114562793616691,0.1344289999999999,1.0,1.0,C37 H64 N1 O8
A15_123980,Streptophyta,True,TG(10:0_6:0_18:0),TG(10:0_6:0_18:0)+Na,TG,triacyl,M+Na,C,0.2275447285580704,bronze,2.273927775908413,0.0589008080142541,1.0,1.0,C37 H70 Na1 O6
A15_32471,Methanobacteriota,False,,,,,,,,,,,,,
A15_33770,Methanobacteriota,False,,,,,,,,,,,,,
A15_17448,Streptophyta,False,,,,,,,,,,,,,
A15_3061,Streptophyta,True,PEt(O-5:0_12:1),PEt(O-5:0_12:1)+H,PEt,alkyl-acyl,M+H,C,0.1206147909282494,silver,0.3037678507012249,0.1198150016077461,2.0,1.0,C22 H44 O7 P1
A15_134772,Streptophyta,False,,,,,,,,,,,,,
A15_203062,Bacillota,False,,,,,,,,,,,,,
A15_199954,Bacillota,False,,,,,,,,,,,,,
A15_204297,Bacillota,False,,,,,,,,,,,,,
A15_201294,Bacillota,False,,,,,,,,,,,,,
A15_207543,Bacillota,False,,,,,,,,,,,,,
A15_183859,Ascomycota,True,DG(O-18:3_18:1),DG(O-18:3_18:1)+H,DG,alkyl-acyl,M+H,C,1.103875608664637,silver,0.7223495411891109,0.1602955907991159,4.0,7.0,C39 H71 O4
A15_218316,Streptophyta,True,ChE(18:4),ChE(18:4)+H,ChE,sterolEsters,M+H,A,0.5451327863763032,gold,0.3527496128691215,0.0954510000000006,2.0,2.0,C45 H73 O2
A15_169125,Bacillota,True,TG(2:0_15:2_25:7)+O:(s),TG(2:0_15:2_25:7)+H+O:(s),TG,triacyl,M+H,C,0.3416494169166284,silver,2.95801951713219,0.0895244999999995,2.0,2.0,C45 H69 O7
A15_118901,Streptophyta,False,,,,,,,,,,,,,
A15_102314,Streptophyta,False,,,,,,,,,,,,,
A15_85610,Streptophyta,False,,,,,,,,,,,,,
A15_71321,Basidiomycota,False,,,,,,,,,,,,,
A15_68862,Basidiomycota,False,,,,,,,,,,,,,
A15_66488,Basidiomycota,False,,,,,,,,,,,,,
A15_35476,Basidiomycota,False,,,,,,,,,,,,,
A15_64219,Basidiomycota,False,,,,,,,,,,,,,
A15_88038,Streptophyta,True,PG(21:2_16:2),PG(21:2_16:2)+NH4,PG,diacyl,M+NH4,C,0.0753742856259057,bronze,4.2673774255975765,0.1089408000000009,1.0,1.0,C43 H81 N1 O10 P1
A15_123504,Streptophyta,True,PG(P-16:3_19:1),PG(P-16:3_19:1)+NH4,PG,alkenyl-acyl,M+NH4,C,0.0359842106435746,bronze,1.0748032153568832,0.039244,1.0,2.0,C41 H77 N1 O9 P1
A15_47644,Streptophyta,False,,,,,,,,,,,,,
A15_71152,Streptophyta,True,TG(9:0_9:0_18:3)+OO:(s),TG(9:0_9:0_18:3)+NH4+OO:(s),TG,triacyl,M+NH4,B,0.2478979332884182,silver,1.1291240411494723,0.1830036399162447,1.0,1.0,C39 H72 N1 O8
A15_55043,Ascomycota,False,,,,,,,,,,,,,
A15_117964,Streptophyta,True,PE(20:5_20:5),PE(20:5_20:5)+H,PE,diacyl,M+H,A,1.4726786187825174,gold,3.1488432174949867,0.1118682643150918,6.0,4.0,C45 H71 N1 O8 P1
A15_20692,Bacillota,False,,,,,,,,,,,,,
A15_211966,Streptophyta,False,,,,,,,,,,,,,
A15_584,Streptophyta,False,,,,,,,,,,,,,
A15_4581,Streptophyta,False,,,,,,,,,,,,,
A15_150917,Streptophyta,True,PI(25:0_16:0),PI(25:0_16:0)+NH4,PI,diacyl,M+NH4,C,0.0478107318773064,bronze,1.4927965339481624,0.078596303773228,1.0,2.0,C50 H101 N1 O13 P1
A15_164369,Bacillota,False,,,,,,,,,,,,,
A15_155319,Ascomycota,True,Hex1Cer(d36:3),Hex1Cer(d36:3)+H,Hex1Cer,Ceramide monosaccharides,M+H,C,0.4414035500598079,silver,0.1054202836486677,0.2976473556867312,5.0,4.0,C42 H78 N1 O8
A15_198324,Streptophyta,True,DG(O-21:3_18:1),DG(O-21:3_18:1)+NH4,DG,alkyl-acyl,M+NH4,B,0.464952007576798,silver,1.1276477083565986,0.1366860577267381,1.0,1.0,C42 H80 N1 O4
A15_111826,Streptophyta,True,TG(O-17:2_2:0_16:3),TG(O-17:2_2:0_16:3)+NH4,TG,alkyl-acyl,M+NH4,C,0.2167626972128385,bronze,0.643544968877502,0.1189626728110599,1.0,1.0,C38 H68 N1 O5
A15_169836,Streptophyta,True,DG(15:0_20:1),DG(15:0_20:1)+NH4,DG,diacyl,M+NH4,B,0.5464176448200995,silver,1.0215029790371644,0.0342470000000005,1.0,1.0,C38 H76 N1 O5
A15_92656,Streptophyta,True,TG(18:1_15:2),TG(18:1_15:2)+NH4,TG,triacyl,M+NH4,C,0.2739197558018846,bronze,1.4267054204927805,0.1868856000000001,1.0,1.0,C36 H66 N1 O6
A15_185427,Basidiomycota,True,DG(O-24:6_18:1),DG(O-24:6_18:1)+H,DG,alkyl-acyl,M+H,C,0.2665726816440775,bronze,3.112566663461827,0.0464243754324797,1.0,2.0,C45 H77 O4
A15_163378,Streptophyta,True,PC(37:4),PC(37:4)+H,PC,diacyl,M+H,C,2.190972235284414,silver,0.3483425099512091,0.1640055274285394,7.0,7.0,C45 H83 N1 O8 P1
A15_106298,Streptophyta,True,TG(O-5:0_2:0_19:3),TG(O-5:0_2:0_19:3)+H,TG,alkyl-acyl,M+H,B,0.2077297689040449,silver,2.503214786102561,0.078754236101501,1.0,1.0,C29 H51 O5
A15_181191,Streptophyta,True,DG(16:0_18:3),DG(16:0_18:3)+NH4,DG,diacyl,M+NH4,A,1.5619750068192015,gold,0.1142988715422299,0.0650960000000004,25.0,7.0,C37 H70 N1 O5
A15_78215,Streptophyta,True,Hex1Cer(d16:0_15:2),Hex1Cer(d16:0_15:2)+Na,Hex1Cer,Ceramide monosaccharides,M+Na,C,0.0652541486437308,bronze,4.527468102240625,0.2020050986661683,1.0,1.0,C37 H69 N1 Na1 O8
A15_29528,Basidiomycota,False,,,,,,,,,,,,,
A15_156620,Basidiomycota,True,PE(16:0_18:2),PE(16:0_18:2)+H,PE,diacyl,M+H,A,0.8191799064574539,gold,0.7244430919668421,0.0082750000000011,2.0,13.0,C39 H75 N1 O8 P1
A15_157719,Basidiomycota,True,PE(16:0_18:2),PE(16:0_18:2)+H,PE,diacyl,M+H,A,0.8191799064574539,gold,0.7300256277882994,0.0082249999999994,2.0,13.0,C39 H75 N1 O8 P1
A15_70118,Basidiomycota,False,,,,,,,,,,,,,
A15_48274,Methanobacteriota,False,,,,,,,,,,,,,
A15_131623,Streptophyta,False,,,,,,,,,,,,,
A15_28128,Streptophyta,False,,,,,,,,,,,,,
A15_180728,Basidiomycota,True,PE(16:0_18:1),PE(16:0_18:1)+H,PE,diacyl,M+H,B,1.800788242710552,gold,0.9141032492995774,0.0787568616100351,3.0,20.0,C39 H77 N1 O8 P1
A15_193402,Streptophyta,True,DGDG(8:0_22:1),DGDG(8:0_22:1)+Na,DGDG,Digalactosyldiacylglycerol,M+Na,C,0.2740365309845525,silver,1.09022102517244,0.2028269098605299,2.0,2.0,C45 H82 Na1 O15
A15_197663,Streptophyta,False,,,,,,,,,,,,,
A15_74087,Streptophyta,True,DG(26:5),DG(26:5)+NH4,DG,diacyl,M+NH4,C,0.2111960818087929,bronze,2.3263035307878885,0.2291099602229014,1.0,1.0,C29 H50 N1 O5
A15_119302,Streptophyta,False,,,,,,,,,,,,,
A15_132246,Streptophyta,True,TG(18:2_18:1)+O:(s),TG(18:2_18:1)+NH4+O:(s),TG,triacyl,M+NH4,B,0.4977651428843035,gold,2.856746334105033,0.1439249246915377,2.0,5.0,C39 H72 N1 O7
A15_24849,Streptophyta,False,,,,,,,,,,,,,
A15_114165,Streptophyta,True,DG(18:2_18:4),DG(18:2_18:4)+NH4,DG,diacyl,M+NH4,A,0.4864413714544764,gold,0.5808592745372821,0.0412935,2.0,2.0,C39 H68 N1 O5
A15_184500,Bacillota,False,,,,,,,,,,,,,
A15_176613,Streptophyta,True,DG(P-22:7_20:1),DG(P-22:7_20:1)+H,DG,alkenyl-acyl,M+H,B,0.6374732879613361,silver,1.1898610668401284,0.264558550777334,1.0,1.0,C45 H73 O4
A15_107730,Streptophyta,True,TG(46:13),TG(46:13)+NH4,TG,triacyl,M+NH4,C,0.3239884501149019,bronze,1.5043311902961127,0.2326719417968537,1.0,1.0,C49 H72 N1 O6
A15_57033,Methanobacteriota,False,,,,,,,,,,,,,
A15_87856,Streptophyta,True,DG(O-26:5),DG(O-26:5)+H,DG,alkyl-acyl,M+H,C,0.375806920126151,silver,0.2810610385498374,0.1213594848484866,3.0,1.0,C29 H49 O4
A15_174398,Basidiomycota,True,PC(40:6),PC(40:6)+H,PC,diacyl,M+H,C,2.791759469228055,silver,0.567161742700124,0.0361065129301501,15.0,2.0,C48 H85 N1 O8 P1
A15_58190,Streptophyta,True,PG(18:2_18:2),PG(18:2_18:2)+NH4,PG,diacyl,M+NH4,A,0.0677467776764462,bronze,3.605410692301715,0.2745811005688274,1.0,1.0,C42 H79 N1 O10 P1
A15_87908,Basidiomycota,False,,,,,,,,,,,,,
A15_90966,Basidiomycota,True,PG(P-18:4_15:1),PG(P-18:4_15:1)+H,PG,alkenyl-acyl,M+H,C,0.142810240558622,silver,1.6182269498744315,0.2762083450371797,5.0,1.0,C39 H68 O9 P1
A15_70585,Streptophyta,True,PG(18:2_18:3),PG(18:2_18:3)+NH4,PG,diacyl,M+NH4,A,0.0925883583340641,bronze,2.734850114401018,0.0310674999999998,1.0,2.0,C42 H77 N1 O10 P1
A15_104484,Streptophyta,False,,,,,,,,,,,,,
A15_45728,Methanobacteriota,False,,,,,,,,,,,,,
A15_107871,Streptophyta,False,,,,,,,,,,,,,
A15_80312,Streptophyta,False,,,,,,,,,,,,,
A15_45838,Streptophyta,True,TG(29:5_6:0)+O:(s),TG(29:5_6:0)+NH4+O:(s),TG,triacyl,M+NH4,C,0.147807423332003,bronze,1.6715128463105728,0.2358801000000001,1.0,1.0,C38 H66 N1 O7
A15_33208,Streptophyta,False,,,,,,,,,,,,,
A15_146247,Streptophyta,False,,,,,,,,,,,,,
A15_103047,Streptophyta,True,PC(O-45:14),PC(O-45:14)+H,PC,alkyl-acyl,M+H,C,0.3661038399795441,bronze,0.8387768875009581,0.0363671499999984,1.0,1.0,C53 H81 N1 O7 P1
A15_48938,Basidiomycota,True,MG(25:8),MG(25:8)+NH4,MG,monoacyl,M+NH4,C,0.3914453792912721,bronze,0.3297293941247809,0.0748093500000006,1.0,1.0,C28 H44 N1 O4
A15_33237,Methanobacteriota,True,LPE(18:1)+D7:(s),LPE(18:1)+H+D7:(s),LPE,Dlabeled FA,M+H,B,0.6854863349341741,gold,2.904142431451635,0.0993207840209833,70.0,2.0,C23 H40 D7 N1 O7 P1
A15_76359,Streptophyta,True,TG(3:0_8:0_18:2),TG(3:0_8:0_18:2)+NH4,TG,triacyl,M+NH4,B,0.6490412626472276,silver,1.020033901737794,0.1570948000000003,1.0,2.0,C32 H60 N1 O6
A15_106458,Streptophyta,True,DG(6:0_29:4),DG(6:0_29:4)+Na,DG,diacyl,M+Na,B,0.1670370450033614,silver,0.066000012728545,0.11215235179219,1.0,4.0,C38 H66 Na1 O5
A15_128544,Streptophyta,False,,,,,,,,,,,,,
A15_180314,Bacillota,True,PC(33:3),PC(33:3)+H,PC,diacyl,M+H,C,2.1179041173820097,silver,0.0579691398335041,0.2972900000000003,9.0,8.0,C41 H77 N1 O8 P1
A15_177812,Bacillota,True,BisMePA(36:4),BisMePA(36:4)+NH4,BisMePA,diacyl,M+NH4,C,2.4037350032072142,silver,0.4319330450301655,0.2686991369080722,10.0,10.0,C41 H77 N1 O8 P1
A15_91376,Streptophyta,False,,,,,,,,,,,,,
A15_155105,Basidiomycota,True,Cer(d16:1_18:1),Cer(d16:1_18:1)+H,Cer,acylsphingosines,M+H,A,1.4657820504855088,gold,0.308475522086388,0.1121890000000007,6.0,4.0,C34 H66 N1 O3
A15_152526,Basidiomycota,True,Cer(d16:1_18:1),Cer(d16:1_18:1)+H,Cer,acylsphingosines,M+H,A,1.4657820504855088,gold,0.2022320801418457,0.0555890000000012,6.0,5.0,C34 H66 N1 O3
A15_89968,Streptophyta,False,,,,,,,,,,,,,
A15_84286,Streptophyta,False,,,,,,,,,,,,,
A15_85990,Streptophyta,False,,,,,,,,,,,,,
A15_210689,Pseudomonadota,True,DG(14:0_30:5),DG(14:0_30:5)+NH4,DG,diacyl,M+NH4,C,0.4225107128748683,silver,0.8725923011932607,0.2150460000000009,2.0,2.0,C47 H86 N1 O5
A15_169746,Streptophyta,True,TG(27:2_18:3)+O:(s),TG(27:2_18:3)+NH4+O:(s),TG,triacyl,M+NH4,C,0.0711013505105837,bronze,0.0099759796027863,0.0240870522627467,1.0,2.0,C48 H86 N1 O7
A15_57300,Streptophyta,False,,,,,,,,,,,,,
A15_174376,Actinomycetota,True,TG(3:0_16:0_17:3),TG(3:0_16:0_17:3)+H,TG,triacyl,M+H,C,1.405835267872409,bronze,2.4327259786991045,0.1934976252736788,1.0,1.0,C39 H69 O6
A15_176809,Actinomycetota,True,TG(3:0_16:0_17:3),TG(3:0_16:0_17:3)+H,TG,triacyl,M+H,C,1.405835267872409,bronze,2.653718758833972,0.0808976252736783,1.0,1.0,C39 H69 O6
A15_142841,Actinomycetota,False,,,,,,,,,,,,,
A15_121066,Streptophyta,True,TG(28:5_3:0_6:0),TG(28:5_3:0_6:0)+NH4,TG,triacyl,M+NH4,B,0.3902479419836072,silver,0.6947717637521326,0.1493165315942022,1.0,1.0,C40 H70 N1 O6
A15_7169,Streptophyta,False,,,,,,,,,,,,,
A15_156525,Streptophyta,True,MGDG(16:0_18:3),MGDG(16:0_18:3)+NH4,MGDG,Monogalactosyldiacylglycerol,M+NH4,A,0.9307682630346744,gold,3.7486886727059305,0.245265036795045,9.0,4.0,C43 H80 N1 O10
A15_74035,Streptophyta,True,TG(15:0_18:4),TG(15:0_18:4)+Na,TG,triacyl,M+Na,C,0.163392359309024,bronze,2.3947379184070745,0.0450100000000004,1.0,2.0,C36 H60 Na1 O6
A15_156360,Streptophyta,False,,,,,,,,,,,,,
A15_110454,Streptophyta,True,DG(15:2_18:2),DG(15:2_18:2)+Na,DG,diacyl,M+Na,C,1.1666654813664556,silver,2.1330703599168728,0.13856,3.0,2.0,C36 H62 Na1 O5
A15_162823,Bacillota,False,,,,,,,,,,,,,
A15_161508,Bacillota,False,,,,,,,,,,,,,
A15_163867,Bacillota,False,,,,,,,,,,,,,
A15_42458,Streptophyta,False,,,,,,,,,,,,,
A15_44446,Streptophyta,False,,,,,,,,,,,,,
A15_116869,Streptophyta,False,,,,,,,,,,,,,
A15_175228,Actinomycetota,False,,,,,,,,,,,,,
A15_176886,Actinomycetota,False,,,,,,,,,,,,,
A15_178392,Actinomycetota,False,,,,,,,,,,,,,
A15_173985,Actinomycetota,False,,,,,,,,,,,,,
A15_133471,Streptophyta,False,,,,,,,,,,,,,
A15_30631,Streptophyta,True,TG(18:4_4:0_4:0),TG(18:4_4:0_4:0)+NH4,TG,triacyl,M+NH4,C,0.0634919202006955,bronze,2.312566126438921,0.0922710271772886,1.0,1.0,C29 H50 N1 O6
A15_141465,Streptophyta,False,,,,,,,,,,,,,
A15_159349,Streptophyta,True,PG(16:0_18:1),PG(16:0_18:1)+H,PG,diacyl,M+H,A,0.2694508015129631,gold,0.2111893603333369,0.1193406031647175,5.0,3.0,C40 H78 O10 P1
A15_166276,Streptophyta,False,,,,,,,,,,,,,
A15_145013,Streptophyta,False,,,,,,,,,,,,,
A15_77121,Streptophyta,False,,,,,,,,,,,,,
A15_15215,Streptophyta,False,,,,,,,,,,,,,
A15_45490,Streptophyta,False,,,,,,,,,,,,,
A15_173914,Streptophyta,True,TG(18:1_20:0),TG(18:1_20:0)+NH4,TG,triacyl,M+NH4,B,0.420961341429035,gold,0.219879312586366,0.0732400932642463,2.0,1.0,C41 H80 N1 O6
A15_215195,Streptophyta,False,,,,,,,,,,,,,
A15_128669,Ascomycota,False,,,,,,,,,,,,,
A15_53682,Ascomycota,True,WE(O-25:3),WE(O-25:3)+Na,WE,Wax monoesters,M+Na,C,0.3165866098719182,silver,0.1993059028225631,0.0382736000000001,4.0,1.0,C25 H44 Na1 O2
A15_165951,Actinomycetota,True,PC(37:4),PC(37:4)+H,PC,diacyl,M+H,C,2.190972235284414,silver,0.6810524073568959,0.1517055274285397,7.0,8.0,C45 H83 N1 O8 P1
A15_164879,Actinomycetota,True,PC(37:4),PC(37:4)+H,PC,diacyl,M+H,C,2.190972235284414,silver,0.3935748330230936,0.1834055274285386,7.0,7.0,C45 H83 N1 O8 P1
A15_161832,Actinomycetota,True,PC(37:4),PC(37:4)+H,PC,diacyl,M+H,C,2.190972235284414,silver,0.8932084525385157,0.2847055274285388,7.0,6.0,C45 H83 N1 O8 P1
A15_163988,Actinomycetota,True,PC(37:4),PC(37:4)+H,PC,diacyl,M+H,C,2.190972235284414,silver,0.4952590216793338,0.2036055274285395,7.0,7.0,C45 H83 N1 O8 P1
A15_92676,Streptophyta,False,,,,,,,,,,,,,
A15_168675,Streptophyta,True,DG(15:2_26:8),DG(15:2_26:8)+H,DG,diacyl,M+H,C,0.0794832101441163,bronze,1.457452947099572,0.0133315139080067,1.0,1.0,C44 H67 O5
A15_111264,Streptophyta,True,TG(18:2_18:3),TG(18:2_18:3)+NH4,TG,triacyl,M+NH4,B,0.8355327396495782,gold,0.951775488630997,0.1634648247273276,6.0,3.0,C39 H68 N1 O6
A15_46232,Streptophyta,False,,,,,,,,,,,,,
A15_92244,Streptophyta,True,TG(18:2_16:1)+OO:(s),TG(18:2_16:1)+NH4+OO:(s),TG,triacyl,M+NH4,C,0.6377866948999893,silver,0.3586744905293852,0.2463387999999984,3.0,2.0,C37 H68 N1 O8
A15_66939,Streptophyta,False,,,,,,,,,,,,,
A15_63602,Streptophyta,False,,,,,,,,,,,,,
A15_104610,Streptophyta,False,,,,,,,,,,,,,
A15_16508,Streptophyta,False,,,,,,,,,,,,,
A15_65377,Streptophyta,False,,,,,,,,,,,,,
A15_67825,Streptophyta,False,,,,,,,,,,,,,
A15_74966,Actinomycetota,False,,,,,,,,,,,,,
A15_71727,Actinomycetota,False,,,,,,,,,,,,,
A15_73037,Actinomycetota,False,,,,,,,,,,,,,
A15_53357,Streptophyta,False,,,,,,,,,,,,,
A15_157242,Bacillota,True,PG(16:1_16:1),PG(16:1_16:1)+NH4,PG,diacyl,M+NH4,A,1.2156542727898787,gold,4.409437809591438,0.0717970000000018,2.0,1.0,C38 H75 N1 O10 P1
A15_39418,Streptophyta,True,DG(15:2_18:4),DG(15:2_18:4)+H,DG,diacyl,M+H,C,0.2740505221518834,bronze,0.0936004039060657,0.0962432703411346,1.0,1.0,C36 H59 O5
A15_13069,Streptophyta,True,LPC(20:4),LPC(20:4)+Na,LPC,monoacyl,M+Na,C,1.0,silver,0.5582573979643729,0.2932667936576476,17.0,3.0,C28 H50 N1 Na1 O7 P1
A15_14752,Streptophyta,True,LPC(20:4),LPC(20:4)+Na,LPC,monoacyl,M+Na,C,1.0,silver,1.1692189378156306,0.1354667936576472,17.0,3.0,C28 H50 N1 Na1 O7 P1
A15_103099,Streptophyta,True,TG(9:0_18:1),TG(9:0_18:1)+Na,TG,triacyl,M+Na,C,0.1348157462861397,bronze,0.0408358488626378,0.2132978985282783,1.0,1.0,C30 H54 Na1 O6
A15_85129,Streptophyta,False,,,,,,,,,,,,,
A15_130283,Streptophyta,True,MGDG(18:2_16:3),MGDG(18:2_16:3)+Na,MGDG,Monogalactosyldiacylglycerol,M+Na,C,0.1762457874083489,silver,2.2455494773550133,0.2582465000000002,2.0,1.0,C43 H72 Na1 O10
A15_77519,Streptophyta,True,TG(21:5_6:0_6:0),TG(21:5_6:0_6:0)+NH4,TG,triacyl,M+NH4,C,0.1393385817569632,bronze,1.9379967170159176,0.0909941499389495,1.0,1.0,C36 H62 N1 O6
A15_38327,Ascomycota,False,,,,,,,,,,,,,
A15_212952,Streptophyta,True,Co(Q10),Co(Q10)+H,Co,Coenzyme Q,M+H,A,1.5413845461091462,gold,2.8508058273025885,0.0807694331645976,3.0,1.0,C59 H91 O4
A15_164609,Streptophyta,False,,,,,,,,,,,,,
A15_31401,Streptophyta,True,MG(O-26:8),MG(O-26:8)+H,MG,monoalkyl,M+H,C,0.4376660390543028,silver,0.8505635262545171,0.2519469098654716,4.0,1.0,C29 H45 O3
A15_74401,Streptophyta,True,TG(50:15)+O:(s),TG(50:15)+NH4+O:(s),TG,triacyl,M+NH4,C,0.0272242146153641,bronze,0.3656291613085724,0.1185723476036031,2.0,2.0,C53 H76 N1 O7
A15_38652,Streptophyta,False,,,,,,,,,,,,,
A15_104962,Streptophyta,False,,,,,,,,,,,,,
A15_183937,Bacillota,False,,,,,,,,,,,,,
A15_172304,Basidiomycota,True,TG(O-6:0_12:0_15:2),TG(O-6:0_12:0_15:2)+Na,TG,alkyl-acyl,M+Na,C,0.1824783993820613,bronze,2.0094311168308723,0.0327179999999991,1.0,1.0,C36 H66 Na1 O5
A15_225713,Bacillota,False,,,,,,,,,,,,,
A15_204941,Streptophyta,False,,,,,,,,,,,,,
A15_114067,Streptophyta,False,,,,,,,,,,,,,
A15_161630,Streptophyta,True,PC(14:0_18:1),PC(14:0_18:1)+H,PC,diacyl,M+H,C,2.12382022699973,silver,0.8753444023259636,0.163365131661795,2.0,4.0,C40 H79 N1 O8 P1
A15_160337,Streptophyta,True,PC(14:0_18:1),PC(14:0_18:1)+H,PC,diacyl,M+H,C,2.12382022699973,silver,0.6296279404674741,0.1872651316617943,2.0,5.0,C40 H79 N1 O8 P1
A15_162345,Streptophyta,True,PC(14:0_18:1),PC(14:0_18:1)+H,PC,diacyl,M+H,C,2.12382022699973,silver,0.7661370710021389,0.1521651316617944,2.0,4.0,C40 H79 N1 O8 P1
A15_61829,Streptophyta,True,TG(14:0_19:3)+OO:(s),TG(14:0_19:3)+NH4+OO:(s),TG,triacyl,M+NH4,B,0.1662980549189846,silver,2.520440542732129,0.2998225999999988,1.0,2.0,C36 H66 N1 O8
A15_147761,Streptophyta,True,TG(36:4_6:0)+OO:(s),TG(36:4_6:0)+Na+OO:(s),TG,triacyl,M+Na,C,0.1129368148985797,bronze,1.123653450716915,0.119276000000001,1.0,1.0,C45 H78 Na1 O8
A15_107584,Streptophyta,True,DG(O-26:5),DG(O-26:5)+H,DG,alkyl-acyl,M+H,C,0.5242052112974104,silver,0.7622982228930617,0.2796166692609461,7.0,2.0,C29 H49 O4
A15_112495,Streptophyta,True,DG(16:0_18:3),DG(16:0_18:3)+H,DG,diacyl,M+H,A,0.8431375400421456,gold,2.515054803792677,0.1517805000000009,2.0,2.0,C37 H67 O5
A15_214303,Streptophyta,True,TG(36:4_16:0)+OO:(s),TG(36:4_16:0)+NH4+OO:(s),TG,triacyl,M+NH4,B,0.3538736645360018,gold,0.4674114169795021,0.2828956602395607,6.0,8.0,C55 H102 N1 O8
A15_220225,Streptophyta,True,DG(O-25:5_18:1),DG(O-25:5_18:1)+NH4,DG,alkyl-acyl,M+NH4,C,0.7914799842423579,bronze,0.4269586488280066,0.0258724063433923,1.0,2.0,C46 H84 N1 O4
A15_181498,Actinomycetota,False,,,,,,,,,,,,,
A15_71889,Streptophyta,False,,,,,,,,,,,,,
A15_28986,Streptophyta,True,WE(O-21:2),WE(O-21:2)+NH4,WE,Wax monoesters,M+NH4,C,0.358349252390472,silver,0.6136784697608814,0.0248707000000001,4.0,1.0,C21 H42 N1 O2
A15_91120,Streptophyta,False,,,,,,,,,,,,,
A15_204308,Streptophyta,True,DG(22:1_16:0),DG(22:1_16:0)+NH4,DG,diacyl,M+NH4,C,0.0494565769171648,bronze,1.42951182450819,0.0921092446042415,1.0,1.0,C41 H82 N1 O5
A15_170763,Streptophyta,False,,,,,,,,,,,,,
A15_78748,Streptophyta,False,,,,,,,,,,,,,
A15_135695,Basidiomycota,True,TG(2:0_16:0_18:1)+O:(s),TG(2:0_16:0_18:1)+NH4+O:(s),TG,triacyl,M+NH4,C,0.1637946950976462,bronze,0.4699037987675416,0.0405999999999995,1.0,4.0,C39 H76 N1 O7
A15_200809,Bacillota,False,,,,,,,,,,,,,
A15_7879,Streptophyta,False,,,,,,,,,,,,,
A15_52030,Streptophyta,True,PS(23:0_6:0),PS(23:0_6:0)+H,PS,diacyl,M+H,C,0.2164575729556901,bronze,1.3163846270074144,0.0714743000000002,1.0,1.0,C35 H69 N1 O10 P1
A15_83192,Streptophyta,False,,,,,,,,,,,,,
A15_103059,Streptophyta,False,,,,,,,,,,,,,
A15_48195,Methanobacteriota,False,,,,,,,,,,,,,
A15_124004,Streptophyta,True,PG(36:4),PG(36:4)+NH4,PG,diacyl,M+NH4,C,0.4808587362624503,bronze,0.4976282343292089,0.039517,1.0,1.0,C42 H79 N1 O10 P1
A15_106894,Streptophyta,False,,,,,,,,,,,,,
A15_4005,Streptophyta,False,,,,,,,,,,,,,
A15_28603,Basidiomycota,False,,,,,,,,,,,,,
A15_152074,Streptophyta,False,,,,,,,,,,,,,
A15_147301,Streptophyta,False,,,,,,,,,,,,,
A15_104104,Pseudomonadota,False,,,,,,,,,,,,,
A15_160457,Streptophyta,False,,,,,,,,,,,,,
A15_130287,Streptophyta,False,,,,,,,,,,,,,
A15_43018,Bacillota,False,,,,,,,,,,,,,
A15_44954,Bacillota,False,,,,,,,,,,,,,
A15_1477,Streptophyta,False,,,,,,,,,,,,,
A15_119427,Streptophyta,True,DG(15:1_16:0),DG(15:1_16:0)+Na,DG,diacyl,M+Na,C,0.3346376769809625,bronze,1.0707765619775542,0.0408000000000008,1.0,1.0,C34 H64 Na1 O5
A15_168507,Streptophyta,False,,,,,,,,,,,,,
A15_40428,Ascomycota,False,,,,,,,,,,,,,
A15_40643,Streptophyta,True,AcCa(16:0),AcCa(16:0)+H,AcCa,Fatty acyl carnitines,M+H,B,0.101818720725986,silver,1.5035272915986713,0.1890555299737633,1.0,1.0,C23 H46 N1 O4
A15_131937,Streptophyta,True,CerP(d33:0),CerP(d33:0)+H,CerP,dihydroceramide 1-phosphates,M+H,C,0.4980614718162965,bronze,4.551742282053075,0.2668770000000009,1.0,1.0,C33 H69 N1 O6 P1
A15_23736,Streptophyta,False,,,,,,,,,,,,,
A15_113244,Streptophyta,True,DGDG(18:3_18:3),DGDG(18:3_18:3)+NH4,DGDG,Digalactosyldiacylglycerol,M+NH4,C,0.0165585123876815,bronze,4.369370388337869,0.0856810472843445,1.0,1.0,C51 H88 N1 O15
A15_49026,Streptophyta,False,,,,,,,,,,,,,
A15_135251,Streptophyta,True,MGDG(20:4_20:5),MGDG(20:4_20:5)+NH4,MGDG,Monogalactosyldiacylglycerol,M+NH4,B,0.8332773423013793,gold,1.276954988740005,0.0864254815205978,8.0,3.0,C49 H80 N1 O10
A15_229547,Actinomycetota,True,TG(16:0_16:0_17:0),TG(16:0_16:0_17:0)+NH4,TG,triacyl,M+NH4,A,1.0096485616800952,gold,1.28325677257591,0.2253470467735852,7.0,5.0,C52 H104 N1 O6
A15_178702,Methanobacteriota,False,,,,,,,,,,,,,
A15_175388,Streptophyta,True,PA(25:0_18:0),PA(25:0_18:0)+NH4,PA,diacyl,M+NH4,C,0.0417225616393225,bronze,1.856925036175341,0.2148770000000013,1.0,2.0,C46 H95 N1 O8 P1
A15_62924,Pseudomonadota,True,PG(P-4:0_23:3),PG(P-4:0_23:3)+NH4,PG,alkenyl-acyl,M+NH4,C,0.1175024195999757,silver,2.987254977236653,0.2176574398009947,3.0,1.0,C33 H63 N1 O9 P1
A15_109277,Streptophyta,False,,,,,,,,,,,,,
A15_114672,Streptophyta,True,DG(O-25:7_23:6),DG(O-25:7_23:6)+Na,DG,alkyl-acyl,M+Na,C,0.893670079522602,bronze,4.142855594648234,0.2664559999999998,1.0,1.0,C51 H76 Na1 O4
A15_148926,Actinomycetota,True,PS(33:1)+D7:(s),PS(33:1)+H+D7:(s),PS,Dlabeled FA,M+H,C,0.202974946008425,silver,0.8920575889289071,0.2445491540348818,2.0,1.0,C39 H68 D7 N1 O10 P1
A15_150916,Actinomycetota,True,PS(33:1)+D7:(s),PS(33:1)+H+D7:(s),PS,Dlabeled FA,M+H,C,0.3017489792670478,bronze,2.020453103968061,0.288473999999999,1.0,1.0,C39 H68 D7 N1 O10 P1
A15_42114,Streptophyta,False,,,,,,,,,,,,,
A15_50945,Basidiomycota,False,,,,,,,,,,,,,
A15_178126,Actinomycetota,True,PI(35:0),PI(35:0)+NH4,PI,diacyl,M+NH4,C,0.895850862956299,silver,0.7516408141775845,0.1884299647095169,2.0,2.0,C44 H89 N1 O13 P1
A15_179316,Actinomycetota,True,PI(35:0),PI(35:0)+NH4,PI,diacyl,M+NH4,C,0.895850862956299,silver,1.3615599837100965,0.1680299647095147,2.0,2.0,C44 H89 N1 O13 P1
A15_176900,Actinomycetota,True,PI(35:0),PI(35:0)+NH4,PI,diacyl,M+NH4,C,0.895850862956299,silver,0.706844461637609,0.2231299647095141,2.0,2.0,C44 H89 N1 O13 P1
A15_166343,Methanobacteriota,False,,,,,,,,,,,,,
A15_168174,Methanobacteriota,False,,,,,,,,,,,,,
A15_174786,Basidiomycota,True,DG(15:0_18:2),DG(15:0_18:2)+NH4,DG,diacyl,M+NH4,A,1.7575504760444425,gold,1.8240752892096663,0.2721440000000008,17.0,4.0,C36 H70 N1 O5
A15_177523,Basidiomycota,True,DG(15:0_18:2),DG(15:0_18:2)+NH4,DG,diacyl,M+NH4,A,1.7575504760444425,gold,2.221375124739511,0.1869440000000004,17.0,6.0,C36 H70 N1 O5
A15_176245,Basidiomycota,True,DG(15:0_18:2),DG(15:0_18:2)+NH4,DG,diacyl,M+NH4,A,1.7575504760444425,gold,1.8089879474975656,0.2433440000000004,17.0,5.0,C36 H70 N1 O5
A15_7602,Streptophyta,True,TG(3:0_6:0_9:0),TG(3:0_6:0_9:0)+NH4,TG,triacyl,M+NH4,B,0.4276055576753919,gold,0.450821844240338,0.1516322999999999,8.0,4.0,C21 H42 N1 O6
A15_174001,Streptophyta,True,DG(16:0_18:3),DG(16:0_18:3)+H,DG,diacyl,M+H,A,1.073348618597471,gold,0.6863471935879897,0.0655619999999999,9.0,2.0,C37 H67 O5
A15_169626,Bacillota,False,,,,,,,,,,,,,
A15_162817,Bacillota,False,,,,,,,,,,,,,
A15_53986,Streptophyta,False,,,,,,,,,,,,,
A15_134747,Ascomycota,True,PC(38:4),PC(38:4)+H,PC,diacyl,M+H,C,1.1684073947961822,silver,2.736098716311336,0.2376079999999998,3.0,3.0,C46 H85 N1 O8 P1
A15_43254,Bacillota,False,,,,,,,,,,,,,
A15_222328,Streptophyta,True,SM(d36:0),SM(d36:0)+H,SM,acyl,M+H,C,0.200876942267089,silver,0.2894193174730632,0.0265660000000025,3.0,1.0,C41 H86 N2 O6 P1
A15_9864,Streptophyta,False,,,,,,,,,,,,,
A15_171098,Streptophyta,False,,,,,,,,,,,,,
A15_30846,Streptophyta,True,MePC(18:2),MePC(18:2)+H,MePC,diacyl,M+H,C,0.1189712027192857,bronze,1.669380524855661,0.0708771999999999,1.0,1.0,C27 H52 N1 O8 P1
A15_93653,Streptophyta,True,TG(3:0_15:2_16:2),TG(3:0_15:2_16:2)+H,TG,triacyl,M+H,B,0.4340779361413131,silver,2.171949123365424,0.0752807999999998,1.0,5.0,C37 H63 O6
A15_68768,Streptophyta,False,,,,,,,,,,,,,
A15_65546,Streptophyta,False,,,,,,,,,,,,,
A15_72836,Streptophyta,True,TG(25:1),TG(25:1)+H,TG,triacyl,M+H,C,0.2487216767471277,bronze,1.9594016787093664,0.1063243000000007,1.0,1.0,C28 H51 O6
A15_168833,Streptophyta,False,,,,,,,,,,,,,
A15_139788,Bacillota,False,,,,,,,,,,,,,
A15_44630,Streptophyta,False,,,,,,,,,,,,,
A15_167087,Streptophyta,False,,,,,,,,,,,,,
A15_164506,Bacillota,False,,,,,,,,,,,,,
A15_5271,Streptophyta,False,,,,,,,,,,,,,
A15_39892,Streptophyta,False,,,,,,,,,,,,,
A15_44071,Streptophyta,True,TG(16:0_4:0_4:0),TG(16:0_4:0_4:0)+NH4,TG,triacyl,M+NH4,C,0.5303272965266139,silver,0.3993363896955034,0.0125644313747894,8.0,3.0,C27 H54 N1 O6
A15_173711,Streptophyta,True,Cer(d16:1_22:2),Cer(d16:1_22:2)+H,Cer,acylsphingosines,M+H,A,0.4739250232903508,silver,0.6598767060759514,0.1315360000000005,1.0,5.0,C38 H72 N1 O3
A15_102352,Streptophyta,False,,,,,,,,,,,,,
A15_134281,Streptophyta,False,,,,,,,,,,,,,
A15_18771,Streptophyta,True,TG(22:5_2:0_2:0),TG(22:5_2:0_2:0)+NH4,TG,triacyl,M+NH4,C,0.0554791045330129,bronze,3.961140016682395,0.2725796000000002,1.0,1.0,C29 H48 N1 O6
A15_107972,Bacillota,False,,,,,,,,,,,,,
A15_106482,Bacillota,False,,,,,,,,,,,,,
A15_109419,Bacillota,False,,,,,,,,,,,,,
A15_114528,Bacillota,False,,,,,,,,,,,,,
A15_53775,Streptophyta,False,,,,,,,,,,,,,
A15_168944,Streptophyta,True,DG(20:1_28:7),DG(20:1_28:7)+NH4,DG,diacyl,M+NH4,C,0.1054388607979582,silver,1.492180559107882,0.1495104229640649,2.0,3.0,C51 H88 N1 O5
A15_199813,Streptophyta,True,PI(23:4_16:0),PI(23:4_16:0)+H,PI,diacyl,M+H,C,0.0481257389466613,bronze,3.24279206920674,0.053672261194027,2.0,3.0,C48 H86 O13 P1
A15_108717,Streptophyta,False,,,,,,,,,,,,,
A15_61530,Methanobacteriota,False,,,,,,,,,,,,,
A15_45048,Streptophyta,False,,,,,,,,,,,,,
A15_46171,Streptophyta,False,,,,,,,,,,,,,
A15_137583,Streptophyta,True,PE(16:2_16:1),PE(16:2_16:1)+H,PE,diacyl,M+H,B,1.802368682233177,gold,0.2579717782563331,0.0260609963819202,5.0,12.0,C37 H69 N1 O8 P1
A15_55255,Ascomycota,False,,,,,,,,,,,,,
A15_122373,Streptophyta,True,DGDG(20:4_18:3),DGDG(20:4_18:3)+NH4,DGDG,Digalactosyldiacylglycerol,M+NH4,B,0.5725308113440636,silver,1.2917443227351155,0.1839949999999994,1.0,1.0,C53 H90 N1 O15
A15_1760,Streptophyta,False,,,,,,,,,,,,,
A15_175831,Pseudomonadota,True,BisMePA(35:5),BisMePA(35:5)+NH4,BisMePA,diacyl,M+NH4,C,0.0247475289355512,bronze,4.959419508617982,0.0690640000000009,1.0,2.0,C40 H73 N1 O8 P1
A15_219694,Streptophyta,True,DG(O-25:4_18:4),DG(O-25:4_18:4)+Na,DG,alkyl-acyl,M+Na,C,1.0261276297282325,bronze,2.5965985736292283,0.0205540000000006,1.0,1.0,C46 H76 Na1 O4
A15_98705,Streptophyta,True,PG(18:2_18:2),PG(18:2_18:2)+NH4,PG,diacyl,M+NH4,A,0.4002078193436825,silver,0.659208670758555,0.2986245999999983,1.0,2.0,C42 H79 N1 O10 P1
A15_109598,Streptophyta,True,PG(20:3_16:0),PG(20:3_16:0)+NH4,PG,diacyl,M+NH4,C,0.1403775764122939,bronze,2.9614870368211244,0.1397975597345144,1.0,1.0,C42 H81 N1 O10 P1
A15_173481,Streptophyta,True,TG(43:7_15:2)+OO:(s),TG(43:7_15:2)+H+OO:(s),TG,triacyl,M+H,C,0.0700331982921083,bronze,0.0898447743573023,0.0077250000000006,1.0,2.0,C61 H101 O8
A15_97380,Streptophyta,False,,,,,,,,,,,,,
A15_205378,Streptophyta,False,,,,,,,,,,,,,
A15_197339,Pseudomonadota,True,PE(O-34:1),PE(O-34:1)+H,PE,alkyl-acyl,M+H,C,1.8324581520854808,silver,2.39947846458586,0.1836705943829848,3.0,4.0,C39 H79 N1 O7 P1
A15_192528,Pseudomonadota,True,PE(O-16:0_18:1),PE(O-16:0_18:1)+H,PE,alkyl-acyl,M+H,B,1.3233641955508182,gold,3.152660125980399,0.0238380000000013,2.0,6.0,C39 H79 N1 O7 P1
A15_18743,Streptophyta,True,LPC(20:4),LPC(20:4)+H,LPC,monoacyl,M+H,C,2.742772278711249,silver,0.4819304132771169,0.2670047542205975,20.0,4.0,C28 H51 N1 O7 P1
A15_150423,Streptophyta,False,,,,,,,,,,,,,
A15_119433,Streptophyta,True,MGDG(18:3_18:3),MGDG(18:3_18:3)+NH4,MGDG,Monogalactosyldiacylglycerol,M+NH4,A,0.457195157243689,gold,2.7459723831715745,0.0492480000000004,2.0,2.0,C45 H78 N1 O10
A15_172999,Streptophyta,False,,,,,,,,,,,,,
A15_114992,Streptophyta,True,TG(5:0_14:0_24:5)+OO:(s),TG(5:0_14:0_24:5)+Na+OO:(s),TG,triacyl,M+Na,C,0.0992327270617666,bronze,0.2415954336472656,0.0311444089403973,1.0,1.0,C46 H78 Na1 O8
A15_149454,Streptophyta,True,MGDG(18:2_18:3),MGDG(18:2_18:3)+NH4,MGDG,Monogalactosyldiacylglycerol,M+NH4,A,1.3507423767140947,gold,4.380266019295942,0.1342420000000004,9.0,7.0,C45 H80 N1 O10
A15_46908,Streptophyta,False,,,,,,,,,,,,,
A15_127200,Streptophyta,False,,,,,,,,,,,,,
A15_188562,Actinomycetota,False,,,,,,,,,,,,,
A15_83476,Streptophyta,False,,,,,,,,,,,,,
A15_46365,Streptophyta,False,,,,,,,,,,,,,
A15_66226,Basidiomycota,True,DG(7:0_18:1),DG(7:0_18:1)+Na,DG,diacyl,M+Na,C,0.0563984586144934,bronze,3.2816260269563204,0.1246465564301697,1.0,2.0,C28 H52 Na1 O5
A15_215582,Streptophyta,False,,,,,,,,,,,,,
A15_171925,Actinomycetota,False,,,,,,,,,,,,,
A15_129287,Streptophyta,False,,,,,,,,,,,,,
A15_66744,Streptophyta,False,,,,,,,,,,,,,
A15_80598,Streptophyta,True,PS(13:0_18:2),PS(13:0_18:2)+H,PS,diacyl,M+H,C,0.2262566344155218,bronze,1.6836171644156537,0.0606631999999995,1.0,1.0,C37 H69 N1 O10 P1
A15_199390,Streptophyta,False,,,,,,,,,,,,,
A15_64233,Basidiomycota,False,,,,,,,,,,,,,
A15_62276,Basidiomycota,False,,,,,,,,,,,,,
A15_192536,Streptophyta,False,,,,,,,,,,,,,
A15_221079,Streptophyta,False,,,,,,,,,,,,,
A15_115393,Streptophyta,False,,,,,,,,,,,,,
A15_193195,Streptophyta,True,PG(23:0_21:1),PG(23:0_21:1)+H,PG,diacyl,M+H,C,0.1075267304446026,bronze,1.3290565976690532,0.1233530000000016,1.0,1.0,C50 H98 O10 P1
A15_185341,Streptophyta,False,,,,,,,,,,,,,
A15_121097,Streptophyta,False,,,,,,,,,,,,,
A15_112535,Streptophyta,True,TG(17:2_16:0)+O:(s),TG(17:2_16:0)+NH4+O:(s),TG,triacyl,M+NH4,B,0.34416263499933,silver,0.9238869418182104,0.1240489999999994,1.0,1.0,C36 H68 N1 O7
A15_78744,Streptophyta,False,,,,,,,,,,,,,
A15_162228,Streptophyta,False,,,,,,,,,,,,,
A15_83152,Ascomycota,False,,,,,,,,,,,,,
A15_188920,Actinomycetota,True,PE(O-40:5),PE(O-40:5)+H,PE,alkyl-acyl,M+H,C,1.163849260550125,silver,2.397297954808032,0.0257590000000007,3.0,10.0,C45 H83 N1 O7 P1
A15_178921,Streptophyta,True,DG(P-22:7_20:1),DG(P-22:7_20:1)+H,DG,alkenyl-acyl,M+H,B,0.6374732879613361,silver,0.6747701210447684,0.1647585507773321,1.0,2.0,C45 H73 O4
A15_101980,Streptophyta,False,,,,,,,,,,,,,
A15_48901,Methanobacteriota,True,LPE(18:1)+D7:(s),LPE(18:1)+H+D7:(s),LPE,Dlabeled FA,M+H,B,0.7108079650244014,gold,3.1770158426594257,0.2109917999999995,6.0,2.0,C23 H40 D7 N1 O7 P1
A15_121545,Bacillota,True,TG(3:0_15:2_18:3)+O:(s),TG(3:0_15:2_18:3)+H+O:(s),TG,triacyl,M+H,C,0.4203887267437467,bronze,0.4469277552396627,0.1251639999999998,1.0,4.0,C39 H65 O7
A15_114147,Streptophyta,False,,,,,,,,,,,,,
A15_147421,Streptophyta,False,,,,,,,,,,,,,
A15_55779,Basidiomycota,False,,,,,,,,,,,,,
A15_120342,Streptophyta,True,MGDG(18:3_18:4),MGDG(18:3_18:4)+NH4,MGDG,Monogalactosyldiacylglycerol,M+NH4,A,0.4187507800158461,gold,0.1988193533974181,0.0236724999999999,4.0,6.0,C45 H76 N1 O10
A15_81020,Streptophyta,False,,,,,,,,,,,,,
A15_54921,Basidiomycota,False,,,,,,,,,,,,,
A15_54169,Basidiomycota,False,,,,,,,,,,,,,
A15_58539,Streptophyta,True,MG(O-27:7),MG(O-27:7)+H,MG,monoalkyl,M+H,C,0.4138897935695049,silver,0.8585695634175735,0.2653588853304898,6.0,2.0,C30 H49 O3
A15_23437,Methanobacteriota,False,,,,,,,,,,,,,
A15_136807,Streptophyta,False,,,,,,,,,,,,,
A15_119603,Streptophyta,True,TG(18:2_16:0)+O:(s),TG(18:2_16:0)+NH4+O:(s),TG,triacyl,M+NH4,B,0.8642716995202058,gold,1.417008502523483,0.1412535073089706,4.0,3.0,C37 H70 N1 O7
A15_154826,Streptophyta,False,,,,,,,,,,,,,
A15_149541,Basidiomycota,True,DG(O-13:0_21:2),DG(O-13:0_21:2)+Na,DG,alkyl-acyl,M+Na,C,0.2634861405297083,bronze,0.0886473873270602,0.0210539999999994,1.0,4.0,C37 H70 Na1 O4
A15_150470,Basidiomycota,True,DG(O-17:3_19:2),DG(O-17:3_19:2)+H,DG,alkyl-acyl,M+H,C,0.1689684467460381,bronze,0.2092627912136655,0.0492654389312967,1.0,3.0,C39 H69 O4
A15_42365,Streptophyta,True,TG(28:4_5:0)+O:(s),TG(28:4_5:0)+NH4+O:(s),TG,triacyl,M+NH4,C,0.0627363292769115,bronze,2.057055991025321,0.0540250250000005,1.0,2.0,C36 H64 N1 O7
A15_77721,Streptophyta,False,,,,,,,,,,,,,
A15_68568,Basidiomycota,True,LPC(P-17:2),LPC(P-17:2)+H,LPC,monoalkenyl,M+H,C,0.4099347784721732,bronze,1.833882428281621,0.1268739628081556,1.0,2.0,C25 H49 N1 O6 P1
A15_66127,Basidiomycota,True,LPC(P-17:2),LPC(P-17:2)+H,LPC,monoalkenyl,M+H,C,0.4099347784721732,bronze,1.976644081120648,0.0984739628081561,1.0,2.0,C25 H49 N1 O6 P1
A15_129608,Streptophyta,False,,,,,,,,,,,,,
A15_95549,Streptophyta,False,,,,,,,,,,,,,
A15_92941,Streptophyta,True,TG(3:0_6:0_18:1),TG(3:0_6:0_18:1)+NH4,TG,triacyl,M+NH4,B,0.9764180166511576,gold,0.048567594686701,0.0469279299658129,12.0,4.0,C30 H58 N1 O6
A15_126357,Streptophyta,True,TG(9:0_9:0_18:3)+O:(s),TG(9:0_9:0_18:3)+NH4+O:(s),TG,triacyl,M+NH4,B,0.5313577473918343,gold,0.5329136012693197,0.1424221329683241,8.0,11.0,C39 H72 N1 O7
A15_71250,Streptophyta,True,TG(18:2_16:3)+OO:(s),TG(18:2_16:3)+NH4+OO:(s),TG,triacyl,M+NH4,B,0.227809008958562,silver,1.672836807243521,0.2792648076923072,1.0,2.0,C37 H64 N1 O8
A15_69041,Streptophyta,True,TG(18:2_16:3)+OO:(s),TG(18:2_16:3)+NH4+OO:(s),TG,triacyl,M+NH4,C,0.2771645712035696,bronze,0.849184021768357,0.2161710000000001,1.0,1.0,C37 H64 N1 O8
A15_57696,Streptophyta,False,,,,,,,,,,,,,
A15_168226,Basidiomycota,True,DG(O-18:3_18:1),DG(O-18:3_18:1)+H,DG,alkyl-acyl,M+H,C,0.6474784286904856,silver,1.607532239889393,0.1860060000000007,6.0,3.0,C39 H71 O4
A15_140004,Streptophyta,True,DG(17:2_18:1),DG(17:2_18:1)+NH4,DG,diacyl,M+NH4,C,0.579244857133909,silver,0.7498617535056137,0.2522254329115885,2.0,6.0,C38 H72 N1 O5
A15_106533,Streptophyta,False,,,,,,,,,,,,,
A15_1666,Streptophyta,False,,,,,,,,,,,,,
A15_179362,Ascomycota,False,,,,,,,,,,,,,
A15_113093,Ascomycota,False,,,,,,,,,,,,,
A15_53829,Streptophyta,True,DG(5:0_19:2),DG(5:0_19:2)+H,DG,diacyl,M+H,C,0.6433552873284222,silver,1.0508142140799466,0.0967605306123884,5.0,2.0,C27 H49 O5
A15_135044,Bacillota,True,PI(O-31:2),PI(O-31:2)+NH4,PI,alkyl-acyl,M+NH4,C,0.6235723272718332,silver,1.6766731484661035,0.0667440220900825,2.0,1.0,C40 H79 N1 O12 P1
A15_76641,Ascomycota,False,,,,,,,,,,,,,
A15_127837,Streptophyta,False,,,,,,,,,,,,,
A15_202619,Streptophyta,True,TG(39:6_13:0)+O:(s),TG(39:6_13:0)+Na+O:(s),TG,triacyl,M+Na,C,0.1092966790943698,bronze,0.2686863817994835,0.2300450000000005,1.0,2.0,C55 H94 Na1 O7
A15_193149,Streptophyta,False,,,,,,,,,,,,,
A15_107101,Streptophyta,True,DGDG(18:3_18:4),DGDG(18:3_18:4)+NH4,DGDG,Digalactosyldiacylglycerol,M+NH4,A,0.7463587277182814,gold,0.4155943301242488,0.2607656344389504,5.0,7.0,C51 H86 N1 O15
A15_115449,Ascomycota,False,,,,,,,,,,,,,
A15_5749,Streptophyta,False,,,,,,,,,,,,,
A15_69660,Streptophyta,True,DG(P-17:3_14:1),DG(P-17:3_14:1)+Na,DG,alkenyl-acyl,M+Na,C,0.2901297281152954,bronze,4.966319429569661,0.1766984999999996,1.0,1.0,C34 H58 Na1 O4
A15_114051,Ascomycota,True,PG(20:2_20:3),PG(20:2_20:3)+NH4,PG,diacyl,M+NH4,C,0.0535153710634668,bronze,3.570146817321941,0.1005220000000015,1.0,1.0,C46 H85 N1 O10 P1
A15_115288,Streptophyta,True,TG(38:7),TG(38:7)+H,TG,triacyl,M+H,C,0.1029894374309125,bronze,1.3484153277614837,0.0686790960904666,1.0,5.0,C41 H65 O6
A15_154603,Pseudomonadota,True,PG(17:1_17:1),PG(17:1_17:1)+H,PG,diacyl,M+H,A,0.1208863570702616,silver,2.335436444636627,0.1942418752516008,1.0,6.0,C40 H76 O10 P1
A15_109675,Streptophyta,True,DG(O-26:4),DG(O-26:4)+NH4,DG,alkyl-acyl,M+NH4,C,0.354784494141154,silver,0.2892257744756873,0.1404835000000002,2.0,2.0,C29 H54 N1 O4
A15_87849,Streptophyta,False,,,,,,,,,,,,,
A15_204219,Streptophyta,True,TG(32:5_16:0)+O:(s),TG(32:5_16:0)+NH4+O:(s),TG,triacyl,M+NH4,B,0.8876260753734272,gold,1.462496783669398,0.1222613607144893,2.0,3.0,C51 H92 N1 O7
A15_83628,Streptophyta,False,,,,,,,,,,,,,
A15_125692,Streptophyta,False,,,,,,,,,,,,,
A15_32718,Ascomycota,True,DG(25:6),DG(25:6)+NH4,DG,diacyl,M+NH4,C,0.1419719128705607,silver,0.3885390065046006,0.0190466999999996,3.0,1.0,C28 H46 N1 O5
A15_175135,Streptophyta,False,,,,,,,,,,,,,
A15_111471,Streptophyta,False,,,,,,,,,,,,,
A15_8845,Streptophyta,True,TG(21:3_6:0)+OO:(s),TG(21:3_6:0)+NH4+OO:(s),TG,triacyl,M+NH4,B,0.2263600130233123,gold,0.4360246511705996,0.2420867272348985,5.0,3.0,C30 H54 N1 O8
A15_219589,Streptophyta,True,WE(O-45:7),WE(O-45:7)+Na,WE,Wax monoesters,M+Na,C,0.0325468433184416,bronze,1.3240055559217836,0.1215399999999995,1.0,1.0,C45 H76 Na1 O2
A15_75664,Streptophyta,False,,,,,,,,,,,,,
A15_43845,Ascomycota,False,,,,,,,,,,,,,
A15_105281,Streptophyta,True,TG(16:2_16:1),TG(16:2_16:1)+NH4,TG,triacyl,M+NH4,C,0.1100179529047997,bronze,0.3437491259489096,0.0518059999999991,1.0,1.0,C35 H64 N1 O6
A15_145865,Basidiomycota,False,,,,,,,,,,,,,
A15_203890,Actinomycetota,True,SM(d40:2),SM(d40:2)+H,SM,acyl,M+H,C,1.6931471805599454,silver,2.185419062806168,0.0180205790365164,6.0,3.0,C45 H90 N2 O6 P1
A15_199946,Actinomycetota,True,SM(d40:2),SM(d40:2)+H,SM,acyl,M+H,C,1.6931471805599454,silver,2.1077769196234177,0.1145205790365189,6.0,2.0,C45 H90 N2 O6 P1
A15_202245,Actinomycetota,True,SM(d40:2),SM(d40:2)+H,SM,acyl,M+H,C,1.6931471805599454,silver,2.0326804090045383,0.057820579036516,6.0,3.0,C45 H90 N2 O6 P1
A15_134646,Actinomycetota,True,PC(40:9),PC(40:9)+H,PC,diacyl,M+H,C,1.7934456494302489,silver,0.8833175565096709,0.1455577663549032,5.0,2.0,C48 H79 N1 O8 P1
A15_173329,Actinomycetota,True,DG(14:0_18:1),DG(14:0_18:1)+NH4,DG,diacyl,M+NH4,A,1.2468705015442598,gold,0.8141205310779612,0.2589760000000005,3.0,1.0,C35 H70 N1 O5
A15_177304,Actinomycetota,True,MGDG(15:0_18:0),MGDG(15:0_18:0)+Na,MGDG,Monogalactosyldiacylglycerol,M+Na,A,0.8645808653461846,silver,0.7389786944179306,0.2301539999999988,1.0,1.0,C42 H80 Na1 O10
A15_142276,Streptophyta,False,,,,,,,,,,,,,
A15_163680,Bacillota,True,PE(20:4_14:0),PE(20:4_14:0)+H,PE,diacyl,M+H,B,1.7529438838166465,gold,3.267814473918309,0.0052925563027219,2.0,6.0,C39 H71 N1 O8 P1
A15_1928,Streptophyta,False,,,,,,,,,,,,,
A15_94254,Streptophyta,False,,,,,,,,,,,,,
A15_25919,Pseudomonadota,True,MG(O-17:3),MG(O-17:3)+H,MG,monoalkyl,M+H,C,0.2036355732388065,silver,0.7801856258639231,0.0537806,2.0,1.0,C20 H37 O3
A15_22112,Pseudomonadota,True,MG(O-17:3),MG(O-17:3)+H,MG,monoalkyl,M+H,C,0.2036355732388065,silver,1.0722481310070051,0.1569806000000002,2.0,1.0,C20 H37 O3
A15_23470,Pseudomonadota,True,MG(O-17:3),MG(O-17:3)+H,MG,monoalkyl,M+H,C,0.2036355732388065,silver,0.9984639030777458,0.0965806000000002,2.0,1.0,C20 H37 O3
A15_151584,Actinomycetota,True,DGDG(15:0_17:0),DGDG(15:0_17:0)+NH4,DGDG,Digalactosyldiacylglycerol,M+NH4,B,0.1087358558032809,silver,4.331923250968585,0.2053485095645228,3.0,1.0,C47 H92 N1 O15
A15_224563,Bacillota,False,,,,,,,,,,,,,
A15_88550,Streptophyta,True,TG(26:1_8:0)+OO:(s),TG(26:1_8:0)+NH4+OO:(s),TG,triacyl,M+NH4,C,0.1307107223979967,bronze,1.4153203084032513,0.2523970702277829,1.0,1.0,C37 H72 N1 O8
A15_119301,Streptophyta,True,PG(17:0_16:0),PG(17:0_16:0)+NH4,PG,diacyl,M+NH4,C,0.2499030091332058,bronze,0.0973817786043886,0.0542390493301692,1.0,1.0,C39 H81 N1 O10 P1
A15_26224,Streptophyta,False,,,,,,,,,,,,,
A15_42833,Basidiomycota,False,,,,,,,,,,,,,
A15_1777,Streptophyta,False,,,,,,,,,,,,,
A15_60620,Streptophyta,True,TG(24:7_6:0_6:0),TG(24:7_6:0_6:0)+H,TG,triacyl,M+H,B,0.1763945961274098,silver,0.207354265211475,0.0335972145526071,1.0,1.0,C39 H61 O6
A15_168215,Streptophyta,True,TG(18:3_18:3_20:4),TG(18:3_18:3_20:4)+Na,TG,triacyl,M+Na,B,0.2818131738530106,silver,2.249080126307565,0.098301000000001,1.0,1.0,C59 H94 Na1 O6
A15_159417,Actinomycetota,True,PC(37:4),PC(37:4)+H,PC,diacyl,M+H,C,2.945910149055313,silver,0.5532925293484854,0.0351320152334508,11.0,6.0,C45 H83 N1 O8 P1
A15_156890,Actinomycetota,True,PC(37:4),PC(37:4)+H,PC,diacyl,M+H,C,2.945910149055313,silver,1.1382912377507004,0.04906798476655,11.0,4.0,C45 H83 N1 O8 P1
A15_180889,Actinomycetota,True,PC(33:0),PC(33:0)+H,PC,diacyl,M+H,C,1.8119824797963868,silver,1.1559513104760173,0.0646360000000001,3.0,4.0,C41 H83 N1 O8 P1
A15_179719,Actinomycetota,True,PC(33:0),PC(33:0)+H,PC,diacyl,M+H,C,1.8119824797963868,silver,1.0397323105325094,0.0792360000000016,3.0,4.0,C41 H83 N1 O8 P1
A15_12043,Actinomycetota,False,,,,,,,,,,,,,
A15_21600,Actinomycetota,False,,,,,,,,,,,,,
A15_116785,Streptophyta,True,DGDG(15:2_18:2),DGDG(15:2_18:2)+NH4,DGDG,Digalactosyldiacylglycerol,M+NH4,B,0.7426603590288252,silver,0.9501801445286002,0.1490980000000004,1.0,2.0,C48 H86 N1 O15
A15_69244,Streptophyta,False,,,,,,,,,,,,,
A15_97216,Streptophyta,False,,,,,,,,,,,,,
A15_93522,Streptophyta,False,,,,,,,,,,,,,
A15_84587,Streptophyta,False,,,,,,,,,,,,,
A15_56708,Streptophyta,False,,,,,,,,,,,,,
A15_168007,Streptophyta,False,,,,,,,,,,,,,
A15_29326,Streptophyta,True,TG(9:0_21:6)+O:(s),TG(9:0_21:6)+Na+O:(s),TG,triacyl,M+Na,C,0.1008922297560896,bronze,1.0749213829545472,0.2600947000000002,1.0,1.0,C33 H50 Na1 O7
A15_71216,Streptophyta,False,,,,,,,,,,,,,
A15_178326,Streptophyta,True,DG(18:0_17:1),DG(18:0_17:1)+NH4,DG,diacyl,M+NH4,A,0.7496814004822084,gold,1.9411188889528077,0.245811500000002,2.0,4.0,C38 H76 N1 O5
A15_42189,Mucoromycota,True,LPC(20:2),LPC(20:2)+H,LPC,monoacyl,M+H,C,2.084363858531182,silver,0.0748785348720341,0.2490447999999991,9.0,2.0,C28 H55 N1 O7 P1
A15_114180,Streptophyta,False,,,,,,,,,,,,,
A15_81407,Streptophyta,False,,,,,,,,,,,,,
A15_147489,Actinomycetota,False,,,,,,,,,,,,,
A15_76525,Streptophyta,False,,,,,,,,,,,,,
A15_20855,Methanobacteriota,False,,,,,,,,,,,,,
A15_25859,Methanobacteriota,False,,,,,,,,,,,,,
A15_72444,Basidiomycota,False,,,,,,,,,,,,,
A15_12032,Basidiomycota,False,,,,,,,,,,,,,
A15_9993,Basidiomycota,False,,,,,,,,,,,,,
A15_8087,Basidiomycota,False,,,,,,,,,,,,,
A15_13782,Basidiomycota,False,,,,,,,,,,,,,
A15_109084,Basidiomycota,False,,,,,,,,,,,,,
A15_185989,Streptophyta,True,TG(O-5:0_16:0_16:1),TG(O-5:0_16:0_16:1)+NH4,TG,alkyl-acyl,M+NH4,C,0.2624027396978974,silver,0.4928388134204483,0.2280140639412629,2.0,2.0,C40 H80 N1 O5
A15_69817,Ascomycota,False,,,,,,,,,,,,,
A15_72435,Ascomycota,False,,,,,,,,,,,,,
A15_21139,Streptophyta,False,,,,,,,,,,,,,
A15_43696,Streptophyta,False,,,,,,,,,,,,,
A15_167116,Streptophyta,False,,,,,,,,,,,,,
A15_71378,Streptophyta,False,,,,,,,,,,,,,
A15_218190,Streptophyta,True,TG(18:2_18:3_18:4),TG(18:2_18:3_18:4)+NH4,TG,triacyl,M+NH4,A,1.5443618935132932,gold,0.2570495283099024,0.2966060639973022,18.0,21.0,C57 H96 N1 O6
A15_103417,Ascomycota,True,DG(6:0_20:0),DG(6:0_20:0)+Na,DG,diacyl,M+Na,C,0.1308493216812259,bronze,0.8746447202231821,0.0311901265060257,1.0,1.0,C29 H56 Na1 O5
A15_5620,Streptophyta,False,,,,,,,,,,,,,
A15_168439,Streptophyta,False,,,,,,,,,,,,,
A15_136562,Streptophyta,True,PG(16:1_18:1),PG(16:1_18:1)+NH4,PG,diacyl,M+NH4,A,0.7291663513401296,gold,1.5523688900765746,0.2542824250122457,2.0,4.0,C40 H79 N1 O10 P1
A15_8374,Basidiomycota,False,,,,,,,,,,,,,
A15_223358,Streptophyta,False,,,,,,,,,,,,,
A15_166893,Bacillota,False,,,,,,,,,,,,,
A15_202450,Streptophyta,False,,,,,,,,,,,,,
A15_42058,Streptophyta,False,,,,,,,,,,,,,
A15_58588,Streptophyta,False,,,,,,,,,,,,,
A15_54753,Streptophyta,False,,,,,,,,,,,,,
A15_52816,Streptophyta,False,,,,,,,,,,,,,
A15_208344,Streptophyta,True,TG(34:6_16:0)+O:(s),TG(34:6_16:0)+NH4+O:(s),TG,triacyl,M+NH4,C,0.3331933422423204,silver,1.4654326160201845,0.0229649999999992,2.0,3.0,C53 H94 N1 O7
A15_1340,Streptophyta,False,,,,,,,,,,,,,
A15_107732,Streptophyta,True,Hex1Cer(d16:2_20:1),Hex1Cer(d16:2_20:1)+H,Hex1Cer,Ceramide monosaccharides,M+H,C,0.0520935367612581,bronze,1.0386473380527892,0.2780609999999992,1.0,1.0,C42 H78 N1 O8
A15_106017,Streptophyta,True,TG(2:0_15:2_18:2)+O:(s),TG(2:0_15:2_18:2)+NH4+O:(s),TG,triacyl,M+NH4,C,0.2956496349546399,bronze,4.097102914254992,0.0562740000000001,1.0,1.0,C38 H68 N1 O7
A15_167381,Actinomycetota,True,DG(O-15:1_20:2),DG(O-15:1_20:2)+H,DG,alkyl-acyl,M+H,C,0.2467878462122625,bronze,1.7819200829940225,0.0664669773247013,1.0,1.0,C38 H71 O4
A15_164913,Actinomycetota,True,DG(O-15:1_20:2),DG(O-15:1_20:2)+H,DG,alkyl-acyl,M+H,C,0.2467878462122625,bronze,1.5486279132621616,0.1744669773247,1.0,1.0,C38 H71 O4
A15_146186,Pseudomonadota,False,,,,,,,,,,,,,
A15_161045,Streptophyta,True,TG(25:4_18:1)+O:(s),TG(25:4_18:1)+NH4+O:(s),TG,triacyl,M+NH4,C,0.0441392683789068,bronze,0.0549124500990825,0.0045680000000007,1.0,1.0,C46 H82 N1 O7
A15_147762,Basidiomycota,True,PA(18:2_18:2),PA(18:2_18:2)+NH4,PA,diacyl,M+NH4,A,2.520140811831777,gold,0.6280211474183816,0.2435051885640611,17.0,18.0,C39 H73 N1 O8 P1
A15_119291,Actinomycetota,False,,,,,,,,,,,,,
A15_118043,Actinomycetota,False,,,,,,,,,,,,,
A15_147235,Streptophyta,False,,,,,,,,,,,,,
A15_31283,Streptophyta,False,,,,,,,,,,,,,
A15_105778,Streptophyta,True,DGDG(18:3_18:4),DGDG(18:3_18:4)+Na,DGDG,Digalactosyldiacylglycerol,M+Na,C,0.1463307448630444,bronze,0.8868303509796618,0.0619230000000001,1.0,1.0,C51 H82 Na1 O15
A15_147124,Streptophyta,True,DG(18:2_28:7),DG(18:2_28:7)+H,DG,diacyl,M+H,B,0.0492732276363013,bronze,2.2058807187817293,0.0169010000000007,2.0,1.0,C49 H79 O5
A15_83897,Streptophyta,False,,,,,,,,,,,,,
A15_181644,Streptophyta,True,TG(O-5:0_18:3_11:0),TG(O-5:0_18:3_11:0)+Na,TG,alkyl-acyl,M+Na,C,0.2256593054025123,silver,2.210209618264632,0.0210814844047746,2.0,5.0,C37 H66 Na1 O5
A15_101815,Bacillota,True,WE(O-28:3),WE(O-28:3)+Na,WE,Wax monoesters,M+Na,C,0.3836817917069248,silver,3.268308151592715,0.2967345056768575,5.0,2.0,C28 H50 Na1 O2
A15_140440,Streptophyta,False,,,,,,,,,,,,,
A15_23740,Streptophyta,False,,,,,,,,,,,,,
A15_152846,Streptophyta,False,,,,,,,,,,,,,
A15_35097,Basidiomycota,True,MG(P-25:8),MG(P-25:8)+NH4,MG,monoalkenyl,M+NH4,C,0.4466271603059284,bronze,2.077668583339336,0.0859493999999996,1.0,1.0,C28 H44 N1 O3
A15_139458,Streptophyta,True,DG(16:0_18:3),DG(16:0_18:3)+H,DG,diacyl,M+H,A,1.1794589801701214,gold,0.011751090034612,0.1444765453554524,10.0,11.0,C37 H67 O5
A15_18034,Streptophyta,False,,,,,,,,,,,,,
A15_102203,Streptophyta,False,,,,,,,,,,,,,
A15_185902,Actinomycetota,False,,,,,,,,,,,,,
A15_170004,Bacillota,False,,,,,,,,,,,,,
A15_58805,Streptophyta,True,TG(3:0_6:0_20:4),TG(3:0_6:0_20:4)+NH4,TG,triacyl,M+NH4,B,0.3076900743735284,gold,2.6010420273822845,0.1319756384752493,2.0,5.0,C32 H56 N1 O6
A15_115619,Streptophyta,False,,,,,,,,,,,,,
A15_131413,Bacillota,True,PE(18:1_18:3),PE(18:1_18:3)+H,PE,diacyl,M+H,A,1.0059493196493254,gold,0.0818847154711193,0.1173680000000008,2.0,11.0,C41 H75 N1 O8 P1
A15_101743,Streptophyta,True,TG(16:1_2:0_18:4)+O:(s),TG(16:1_2:0_18:4)+Na+O:(s),TG,triacyl,M+Na,C,0.2343409854469335,bronze,2.2324744203697544,0.0551574000000005,1.0,2.0,C39 H64 Na1 O7
A15_179880,Streptophyta,False,,,,,,,,,,,,,
A15_150260,Basidiomycota,True,Cer(d16:1_18:1),Cer(d16:1_18:1)+H,Cer,acylsphingosines,M+H,A,1.4657820504855088,gold,0.9328891901965288,0.0842109999999998,6.0,4.0,C34 H66 N1 O3
A15_73518,Streptophyta,False,,,,,,,,,,,,,
A15_165261,Bacillota,False,,,,,,,,,,,,,
A15_75230,Streptophyta,False,,,,,,,,,,,,,
A15_91942,Streptophyta,True,TG(18:1_18:3)+O:(s),TG(18:1_18:3)+NH4+O:(s),TG,triacyl,M+NH4,B,0.9640701513618636,silver,0.101904592421829,0.1535851000000008,1.0,3.0,C39 H70 N1 O7
A15_158892,Ascomycota,True,PS(16:0_20:4),PS(16:0_20:4)+H,PS,diacyl,M+H,A,0.4548113966247546,silver,1.1486165953037308,0.2427740000000007,1.0,2.0,C42 H75 N1 O10 P1
A15_49424,Streptophyta,False,,,,,,,,,,,,,
A15_52235,Ascomycota,False,,,,,,,,,,,,,
A15_181538,Methanobacteriota,False,,,,,,,,,,,,,
A15_66263,Streptophyta,False,,,,,,,,,,,,,
A15_23526,Bacillota,False,,,,,,,,,,,,,
A15_24400,Bacillota,False,,,,,,,,,,,,,
A15_102771,Streptophyta,False,,,,,,,,,,,,,
A15_115982,Streptophyta,True,TG(6:0_7:0_23:5),TG(6:0_7:0_23:5)+Na,TG,triacyl,M+Na,C,0.4961229289006416,bronze,1.5913457569479084,0.1899721407206485,1.0,3.0,C39 H64 Na1 O6
A15_158052,Streptophyta,False,,,,,,,,,,,,,
A15_48153,Streptophyta,False,,,,,,,,,,,,,
A15_1065,Streptophyta,False,,,,,,,,,,,,,
A15_53607,Streptophyta,False,,,,,,,,,,,,,
A15_28359,Bacillota,True,TG(21:2_4:0)+O:(s),TG(21:2_4:0)+NH4+O:(s),TG,triacyl,M+NH4,C,0.0913969345685432,bronze,1.9414522700538528,0.0586796999999998,1.0,1.0,C28 H52 N1 O7
A15_25857,Bacillota,True,TG(21:2_4:0)+O:(s),TG(21:2_4:0)+NH4+O:(s),TG,triacyl,M+NH4,C,0.0913969345685432,bronze,2.363322481733414,0.2585796999999998,1.0,1.0,C28 H52 N1 O7
A15_82025,Streptophyta,False,,,,,,,,,,,,,
A15_33115,Streptophyta,False,,,,,,,,,,,,,
A15_189375,Methanobacteriota,True,TG(2:0_18:0_18:0),TG(2:0_18:0_18:0)+NH4,TG,triacyl,M+NH4,C,0.1259005103541636,bronze,2.5424910763936457,0.2003200000000013,1.0,1.0,C41 H82 N1 O6
A15_115980,Actinomycetota,True,DG(P-10:0_20:2),DG(P-10:0_20:2)+H,DG,alkenyl-acyl,M+H,B,0.2390542628328492,silver,1.2391687294411544,0.0197448051118218,1.0,1.0,C33 H61 O4
A15_112856,Actinomycetota,True,DG(P-10:0_20:2),DG(P-10:0_20:2)+H,DG,alkenyl-acyl,M+H,B,0.2390542628328492,silver,1.2775229314449104,0.0452551948881776,1.0,1.0,C33 H61 O4
A15_84776,Basidiomycota,False,,,,,,,,,,,,,
A15_83265,Basidiomycota,False,,,,,,,,,,,,,
A15_115940,Streptophyta,True,TG(18:2_18:1)+O:(s),TG(18:2_18:1)+NH4+O:(s),TG,triacyl,M+NH4,B,0.6248312294302746,gold,0.3504075851400277,0.0160039229032076,2.0,4.0,C39 H72 N1 O7
A15_115900,Streptophyta,False,,,,,,,,,,,,,
A15_224834,Bacillota,False,,,,,,,,,,,,,
A15_68929,Streptophyta,False,,,,,,,,,,,,,
A15_227181,Actinomycetota,True,TG(14:0_15:0_18:1),TG(14:0_15:0_18:1)+NH4,TG,triacyl,M+NH4,A,1.0382230363207727,gold,0.5286338722771147,0.2592465008818401,11.0,33.0,C50 H98 N1 O6
A15_227369,Actinomycetota,True,TG(14:0_15:0_18:1),TG(14:0_15:0_18:1)+NH4,TG,triacyl,M+NH4,A,1.0382230363207727,gold,0.409930357789831,0.2431465008818385,11.0,36.0,C50 H98 N1 O6
A15_37378,Methanobacteriota,False,,,,,,,,,,,,,
A15_46199,Methanobacteriota,False,,,,,,,,,,,,,
A15_106991,Streptophyta,False,,,,,,,,,,,,,
A15_82862,Streptophyta,False,,,,,,,,,,,,,
A15_103027,Pseudomonadota,False,,,,,,,,,,,,,
A15_100578,Streptophyta,True,TG(18:1_18:2)+O:(s),TG(18:1_18:2)+NH4+O:(s),TG,triacyl,M+NH4,B,0.4090109338025304,gold,1.8665657223337664,0.0806707180602686,3.0,2.0,C39 H72 N1 O7
A15_73042,Streptophyta,False,,,,,,,,,,,,,
A15_99658,Streptophyta,True,TG(9:0_18:0)+O:(s),TG(9:0_18:0)+NH4+O:(s),TG,triacyl,M+NH4,B,0.7834437952175217,gold,0.5635319888874968,0.012043052298754,4.0,1.0,C30 H60 N1 O7
A15_161746,Streptophyta,False,,,,,,,,,,,,,
A15_91358,Streptophyta,True,MG(O-24:6),MG(O-24:6)+H,MG,monoalkyl,M+H,C,0.1860455278838446,silver,1.0891368964116783,0.0029102910546701,2.0,1.0,C27 H45 O3
A15_76253,Ascomycota,False,,,,,,,,,,,,,
A15_185401,Pseudomonadota,True,TG(36:2_4:0)+OO:(s),TG(36:2_4:0)+Na+OO:(s),TG,triacyl,M+Na,C,1.5089678350648403,silver,0.2206356637874124,0.1227482399497006,2.0,4.0,C43 H78 Na1 O8
A15_187982,Pseudomonadota,True,TG(36:2_4:0)+OO:(s),TG(36:2_4:0)+Na+OO:(s),TG,triacyl,M+Na,C,1.5089678350648403,silver,0.0556582596243484,0.083851760050301,2.0,3.0,C43 H78 Na1 O8
A15_181514,Pseudomonadota,True,TG(36:2_4:0)+OO:(s),TG(36:2_4:0)+Na+OO:(s),TG,triacyl,M+Na,C,1.5089678350648403,silver,0.1683355386824776,0.2851482399497023,2.0,3.0,C43 H78 Na1 O8
A15_171073,Actinomycetota,True,DG(31:0),DG(31:0)+NH4,DG,diacyl,M+NH4,C,0.1472898083685837,silver,1.87716075993924,0.0274200000000028,2.0,2.0,C34 H70 N1 O5
A15_122238,Streptophyta,False,,,,,,,,,,,,,
A15_123911,Streptophyta,False,,,,,,,,,,,,,
A15_50025,Streptophyta,False,,,,,,,,,,,,,
A15_161867,Streptophyta,False,,,,,,,,,,,,,
A15_107529,Bacillota,True,TG(8:0_15:2_19:4),TG(8:0_15:2_19:4)+NH4,TG,triacyl,M+NH4,B,0.2969576382557113,silver,4.1189441069301385,0.0956030000000005,1.0,1.0,C45 H78 N1 O6
A15_105895,Bacillota,True,TG(8:0_15:2_19:4),TG(8:0_15:2_19:4)+NH4,TG,triacyl,M+NH4,B,0.2969576382557113,silver,3.4642557384772497,0.1758030000000001,1.0,1.0,C45 H78 N1 O6
A15_108060,Bacillota,True,TG(8:0_15:2_19:4),TG(8:0_15:2_19:4)+NH4,TG,triacyl,M+NH4,B,0.2969576382557113,silver,4.165609492531184,0.0831029999999994,1.0,1.0,C45 H78 N1 O6
A15_32770,Streptophyta,False,,,,,,,,,,,,,
A15_78382,Streptophyta,True,DG(O-27:7),DG(O-27:7)+NH4,DG,alkyl-acyl,M+NH4,C,0.6007905447532729,bronze,0.0663532665417767,0.1830942000000002,1.0,1.0,C30 H50 N1 O4
A15_56984,Streptophyta,False,,,,,,,,,,,,,
A15_190880,Streptophyta,False,,,,,,,,,,,,,
A15_134107,Streptophyta,True,TG(18:2_18:1)+O:(s),TG(18:2_18:1)+NH4+O:(s),TG,triacyl,M+NH4,B,0.4977651428843035,gold,2.92726100962254,0.1069249246915369,2.0,5.0,C39 H72 N1 O7
A15_26769,Streptophyta,False,,,,,,,,,,,,,
A15_55328,Streptophyta,False,,,,,,,,,,,,,
A15_81695,Streptophyta,False,,,,,,,,,,,,,
A15_122790,Streptophyta,False,,,,,,,,,,,,,
A15_112634,Streptophyta,False,,,,,,,,,,,,,
A15_89614,Streptophyta,False,,,,,,,,,,,,,
A15_194005,Streptophyta,False,,,,,,,,,,,,,
A15_212915,Streptophyta,False,,,,,,,,,,,,,
A15_190640,Streptophyta,True,TG(16:0_18:3_18:3),TG(16:0_18:3_18:3)+Na,TG,triacyl,M+Na,C,0.1172054687163947,bronze,2.522201757312577,0.258500999999999,1.0,1.0,C55 H94 Na1 O6
A15_54187,Ascomycota,False,,,,,,,,,,,,,
A15_80994,Streptophyta,False,,,,,,,,,,,,,
A15_45049,Streptophyta,False,,,,,,,,,,,,,
A15_76724,Streptophyta,False,,,,,,,,,,,,,
A15_223969,Streptophyta,False,,,,,,,,,,,,,
A15_218608,Streptophyta,True,TG(18:2_20:5_20:5),TG(18:2_20:5_20:5)+NH4,TG,triacyl,M+NH4,B,0.6627139365114358,gold,3.1317167508629304,0.2007981650268817,8.0,10.0,C61 H98 N1 O6
A15_149586,Streptophyta,True,DG(P-18:4_18:3),DG(P-18:4_18:3)+H,DG,alkenyl-acyl,M+H,C,0.5617926767856567,silver,0.3479065994892727,0.2421135000000003,2.0,3.0,C39 H63 O4
A15_2134,Streptophyta,False,,,,,,,,,,,,,
A15_19030,Ascomycota,True,DG(25:6),DG(25:6)+H,DG,diacyl,M+H,C,0.2774601650627986,silver,0.5288079562954844,0.0590923782122709,5.0,1.0,C28 H43 O5
A15_21423,Ascomycota,True,DG(25:6),DG(25:6)+H,DG,diacyl,M+H,C,0.2774601650627986,silver,0.8074870729015057,0.1402076217877286,5.0,2.0,C28 H43 O5
A15_155622,Actinomycetota,True,DG(P-15:2_18:0),DG(P-15:2_18:0)+H,DG,alkenyl-acyl,M+H,C,0.5777471712645876,silver,0.3560317533032917,0.0328754999999993,3.0,4.0,C36 H67 O4
A15_211522,Streptophyta,True,MePC(38:8),MePC(38:8)+H,MePC,diacyl,M+H,C,0.5972846296427524,silver,0.4359166512442962,0.0934058776393023,5.0,1.0,C47 H80 N1 O8 P1
A15_30184,Streptophyta,True,TG(15:0_4:0_4:0),TG(15:0_4:0_4:0)+NH4,TG,triacyl,M+NH4,C,1.0,silver,0.2994619672855762,0.1461758427640345,16.0,3.0,C26 H52 N1 O6
A15_30007,Streptophyta,True,MG(P-24:6),MG(P-24:6)+H,MG,monoalkenyl,M+H,C,0.7132752507796958,silver,0.2592354416800009,0.0967027009478491,2.0,1.0,C27 H43 O3
A15_214002,Streptophyta,True,DG(O-25:6_18:3),DG(O-25:6_18:3)+NH4,DG,alkyl-acyl,M+NH4,C,0.2323782319618997,bronze,0.2305892674030826,0.0236709999999966,1.0,3.0,C46 H78 N1 O4
A15_165372,Streptophyta,False,,,,,,,,,,,,,
A15_92008,Streptophyta,True,PG(O-12:0_22:5),PG(O-12:0_22:5)+NH4,PG,alkyl-acyl,M+NH4,C,0.1741325845753314,bronze,0.7785388613620392,0.2551781826330526,1.0,1.0,C40 H75 N1 O9 P1
A15_130387,Bacillota,True,PG(16:2_15:0),PG(16:2_15:0)+NH4,PG,diacyl,M+NH4,B,0.7068092952037303,gold,0.4820404042687944,0.1366960000000006,3.0,2.0,C37 H73 N1 O10 P1
A15_133153,Streptophyta,False,,,,,,,,,,,,,
A15_122239,Streptophyta,True,DG(O-18:2_20:5),DG(O-18:2_20:5)+Na,DG,alkyl-acyl,M+Na,C,0.2130683421497163,bronze,4.4913278644206205,0.1801009999999987,1.0,1.0,C41 H68 Na1 O4
A15_168232,Ascomycota,False,,,,,,,,,,,,,
A15_54072,Streptophyta,True,DG(26:3),DG(26:3)+NH4,DG,diacyl,M+NH4,C,0.3049786955387966,bronze,1.6738352410765698,0.0731989262738164,1.0,1.0,C29 H54 N1 O5
A15_141745,Pseudomonadota,True,PG(16:1_15:0),PG(16:1_15:0)+NH4,PG,diacyl,M+NH4,B,1.6867821747901175,gold,1.5041605761503207,0.1328459999999989,26.0,7.0,C37 H75 N1 O10 P1
A15_114286,Streptophyta,False,,,,,,,,,,,,,
A15_178925,Actinomycetota,True,PC(34:4),PC(34:4)+H,PC,diacyl,M+H,C,1.6696281074891368,silver,3.817215986875041,0.1400110000000012,4.0,3.0,C42 H77 N1 O8 P1
A15_95938,Streptophyta,False,,,,,,,,,,,,,
A15_70581,Streptophyta,True,TG(50:15)+O:(s),TG(50:15)+NH4+O:(s),TG,triacyl,M+NH4,C,0.0272242146153641,bronze,0.4956142954382699,0.0829276523963962,2.0,2.0,C53 H76 N1 O7
A15_67576,Streptophyta,True,TG(50:15)+O:(s),TG(50:15)+NH4+O:(s),TG,triacyl,M+NH4,C,0.0272242146153641,bronze,0.2141786350112892,0.1314276523963968,2.0,2.0,C53 H76 N1 O7
A15_134053,Bacillota,False,,,,,,,,,,,,,
A15_58373,Streptophyta,False,,,,,,,,,,,,,
A15_22372,Actinomycetota,False,,,,,,,,,,,,,
A15_142982,Streptophyta,False,,,,,,,,,,,,,
A15_30715,Streptophyta,False,,,,,,,,,,,,,
A15_37019,Streptophyta,False,,,,,,,,,,,,,
A15_128207,Streptophyta,True,TG(P-4:0_20:4_14:1),TG(P-4:0_20:4_14:1)+H,TG,alkenyl-acyl,M+H,C,0.2902770526700319,bronze,1.513726903927997,0.0009789999999991,1.0,3.0,C41 H69 O5
A15_45545,Streptophyta,False,,,,,,,,,,,,,
A15_168890,Streptophyta,True,PA(34:1),PA(34:1)+Na,PA,diacyl,M+Na,C,1.1408419287942788,silver,0.6399266784635899,0.179828999999998,3.0,1.0,C37 H71 Na1 O8 P1
A15_172976,Streptophyta,False,,,,,,,,,,,,,
A15_80819,Streptophyta,False,,,,,,,,,,,,,
A15_160289,Actinomycetota,True,PC(30:0),PC(30:0)+H,PC,diacyl,M+H,C,3.19722457733622,silver,0.4623116747720454,0.0758246603710883,25.0,3.0,C38 H77 N1 O8 P1
A15_163061,Actinomycetota,True,PC(30:0),PC(30:0)+H,PC,diacyl,M+H,C,3.0125414355618503,silver,0.4118627455356191,0.2169962136192005,19.0,4.0,C38 H77 N1 O8 P1
A15_17179,Bacillota,False,,,,,,,,,,,,,
A15_13954,Bacillota,False,,,,,,,,,,,,,
A15_15662,Bacillota,False,,,,,,,,,,,,,
A15_202651,Streptophyta,True,TG(27:1_22:5)+O:(s),TG(27:1_22:5)+NH4+O:(s),TG,triacyl,M+NH4,C,0.1792908124285942,bronze,0.0076316528728649,0.1526361972385288,1.0,1.0,C52 H92 N1 O7
A15_90857,Basidiomycota,True,TG(20:1_13:0)+O:(s),TG(20:1_13:0)+NH4+O:(s),TG,triacyl,M+NH4,C,0.5399132874468094,silver,1.2581379791148517,0.1595582499999999,2.0,2.0,C36 H70 N1 O7
A15_95037,Streptophyta,True,TG(18:1_15:2),TG(18:1_15:2)+NH4,TG,triacyl,M+NH4,C,0.2739197558018846,bronze,1.2689372326701172,0.079085599999999,1.0,1.0,C36 H66 N1 O6
A15_22375,Actinomycetota,False,,,,,,,,,,,,,
A15_71886,Streptophyta,False,,,,,,,,,,,,,
A15_38491,Basidiomycota,False,,,,,,,,,,,,,
A15_40997,Basidiomycota,False,,,,,,,,,,,,,
A15_187837,Streptophyta,False,,,,,,,,,,,,,
A15_100526,Ascomycota,True,PG(P-18:4_19:0),PG(P-18:4_19:0)+NH4,PG,alkenyl-acyl,M+NH4,C,0.0426497302269823,bronze,0.3351898152491123,0.2646569999999997,1.0,1.0,C43 H81 N1 O9 P1
A15_69698,Streptophyta,False,,,,,,,,,,,,,
A15_183265,Streptophyta,False,,,,,,,,,,,,,
A15_209564,Streptophyta,False,,,,,,,,,,,,,
A15_75939,Streptophyta,False,,,,,,,,,,,,,
A15_86327,Streptophyta,True,PG(20:5_16:0),PG(20:5_16:0)+NH4,PG,diacyl,M+NH4,C,0.0729809655303307,bronze,1.4109904344839677,0.156440400000001,1.0,3.0,C42 H77 N1 O10 P1
A15_171164,Bacillota,False,,,,,,,,,,,,,
A15_169175,Bacillota,False,,,,,,,,,,,,,
A15_507,Streptophyta,False,,,,,,,,,,,,,
A15_67871,Streptophyta,False,,,,,,,,,,,,,
A15_1069,Streptophyta,True,TG(5:0_13:1),TG(5:0_13:1)+Na,TG,triacyl,M+Na,C,0.1919741950862065,silver,1.268279203381787,0.1987304,2.0,1.0,C21 H36 Na1 O6
A15_60446,Streptophyta,True,TG(30:4)+OO:(s),TG(30:4)+H+OO:(s),TG,triacyl,M+H,C,0.0912850944266347,bronze,3.155145871541176,0.0007926926666472,2.0,1.0,C33 H55 O8
A15_78475,Streptophyta,False,,,,,,,,,,,,,
A15_38549,Bacillota,False,,,,,,,,,,,,,
A15_86075,Streptophyta,False,,,,,,,,,,,,,
A15_18592,Pseudomonadota,False,,,,,,,,,,,,,
A15_51848,Streptophyta,True,MePC(28:6),MePC(28:6)+H,MePC,diacyl,M+H,C,0.3303569722860642,bronze,1.0170895514893583,0.1817780000000004,1.0,1.0,C37 H64 N1 O8 P1
A15_102639,Streptophyta,False,,,,,,,,,,,,,
A15_55771,Basidiomycota,False,,,,,,,,,,,,,
A15_7747,Streptophyta,False,,,,,,,,,,,,,
A15_86319,Streptophyta,False,,,,,,,,,,,,,
A15_63288,Streptophyta,False,,,,,,,,,,,,,
A15_180546,Streptophyta,False,,,,,,,,,,,,,
A15_219897,Bacillota,True,TG(8:0_12:0_18:0),TG(8:0_12:0_18:0)+NH4,TG,triacyl,M+NH4,A,0.4948716285680996,gold,0.6337784763585996,0.0970255515669222,2.0,13.0,C41 H82 N1 O6
A15_163569,Basidiomycota,True,PC(O-41:12),PC(O-41:12)+H,PC,alkyl-acyl,M+H,C,1.0073817229593682,silver,0.8745584949012927,0.2501294999999999,5.0,2.0,C49 H77 N1 O7 P1
A15_119346,Streptophyta,True,TG(18:2_18:2),TG(18:2_18:2)+NH4,TG,triacyl,M+NH4,C,0.8218694077965789,silver,1.630652220409441,0.204565643377002,3.0,5.0,C39 H70 N1 O6
A15_163494,Bacillota,False,,,,,,,,,,,,,
A15_21905,Streptophyta,False,,,,,,,,,,,,,
A15_170785,Actinomycetota,False,,,,,,,,,,,,,
A15_160647,Actinomycetota,True,MGDG(16:0_16:1),MGDG(16:0_16:1)+Na,MGDG,Monogalactosyldiacylglycerol,M+Na,A,1.037515978255324,silver,1.9578620427353908,0.2109150000000017,1.0,1.0,C41 H76 Na1 O10
A15_29836,Basidiomycota,True,DG(P-25:6),DG(P-25:6)+H,DG,alkenyl-acyl,M+H,C,0.4962125261472841,silver,0.8005419034210933,0.1881230693098383,4.0,1.0,C28 H43 O4
A15_222377,Streptophyta,False,,,,,,,,,,,,,
A15_88889,Streptophyta,False,,,,,,,,,,,,,
A15_116490,Streptophyta,False,,,,,,,,,,,,,
A15_98820,Streptophyta,False,,,,,,,,,,,,,
A15_214305,Bacillota,True,AcHexSiE (11:0),AcHexSiE (11:0)+H,AcHexSiE ,acylHexSterolEsters,M+H,C,0.3184868064854412,bronze,2.287561168708124,0.2304542201257859,1.0,1.0,C46 H81 O7
A15_212188,Bacillota,False,,,,,,,,,,,,,
A15_171038,Streptophyta,False,,,,,,,,,,,,,
A15_192358,Streptophyta,True,TG(11:0_16:0_18:3)+O:(s),TG(11:0_16:0_18:3)+NH4+O:(s),TG,triacyl,M+NH4,C,0.3015351681528698,bronze,1.206844314793354,0.0856369999999984,1.0,2.0,C48 H90 N1 O7
A15_104053,Streptophyta,True,PG(O-15:1_21:5),PG(O-15:1_21:5)+NH4,PG,alkyl-acyl,M+NH4,C,0.0136572961420453,bronze,0.6442867329196962,0.1930819783783768,1.0,1.0,C42 H77 N1 O9 P1
A15_184991,Streptophyta,True,PI(24:3_16:0),PI(24:3_16:0)+H,PI,diacyl,M+H,C,0.1150260244373455,bronze,1.5796293566210222,0.0430952919463081,1.0,1.0,C49 H90 O13 P1
A15_130324,Streptophyta,True,DG(O-13:1_16:0),DG(O-13:1_16:0)+Na,DG,alkyl-acyl,M+Na,C,1.4225551992593324,silver,0.3004153691966762,0.0613497839079766,2.0,2.0,C32 H62 Na1 O4
A15_188990,Streptophyta,False,,,,,,,,,,,,,
A15_5580,Streptophyta,False,,,,,,,,,,,,,
A15_120646,Streptophyta,False,,,,,,,,,,,,,
A15_18462,Bacillota,False,,,,,,,,,,,,,
A15_123621,Streptophyta,True,PE(34:5),PE(34:5)+H,PE,diacyl,M+H,C,0.8473138857403915,silver,1.7397821992377964,0.0352190000000014,2.0,8.0,C39 H69 N1 O8 P1
A15_37564,Methanobacteriota,False,,,,,,,,,,,,,
A15_130191,Streptophyta,True,DG(15:2_18:1),DG(15:2_18:1)+NH4,DG,diacyl,M+NH4,B,0.4518939260343392,gold,0.9606142816447336,0.158432080559665,2.0,3.0,C36 H68 N1 O5
A15_189938,Streptophyta,True,Hex1Cer(d18:2_24:1)+O:(s),Hex1Cer(d18:2_24:1)+H+O:(s),Hex1Cer,Ceramide monosaccharides,M+H,B,0.6569707488084406,gold,2.1517938388557614,0.0827063836362427,4.0,2.0,C48 H90 N1 O9
A15_78170,Ascomycota,False,,,,,,,,,,,,,
A15_40797,Streptophyta,False,,,,,,,,,,,,,
A15_161104,Actinomycetota,True,BisMePA(17:1_15:0),BisMePA(17:1_15:0)+NH4,BisMePA,diacyl,M+NH4,C,1.3451889473476617,bronze,4.609592338938105,0.26538202836484,1.0,1.0,C37 H75 N1 O8 P1
A15_164132,Bacillota,False,,,,,,,,,,,,,
A15_162325,Bacillota,False,,,,,,,,,,,,,
A15_165421,Bacillota,False,,,,,,,,,,,,,
A15_151172,Basidiomycota,True,TG(18:1_18:0),TG(18:1_18:0)+NH4,TG,triacyl,M+NH4,C,0.3833563176540926,silver,1.5719087830141047,0.067074440550078,2.0,7.0,C39 H76 N1 O6
A15_51516,Streptophyta,False,,,,,,,,,,,,,
A15_91491,Streptophyta,True,TG(17:2_6:0_8:0),TG(17:2_6:0_8:0)+NH4,TG,triacyl,M+NH4,C,0.4519688836411865,bronze,0.0953883502181734,0.1175420242087028,1.0,1.0,C34 H64 N1 O6
A15_110342,Streptophyta,True,TG(18:2_18:3),TG(18:2_18:3)+NH4,TG,triacyl,M+NH4,B,0.8355327396495782,gold,0.9100123536716748,0.1877648247273278,6.0,2.0,C39 H68 N1 O6
A15_22581,Streptophyta,True,MG(16:0),MG(16:0)+H,MG,monoacyl,M+H,B,0.2330519271564687,gold,1.2055689326378738,0.0531731999999998,4.0,1.0,C19 H39 O4
A15_105797,Streptophyta,True,DG(17:3_16:3),DG(17:3_16:3)+H,DG,diacyl,M+H,B,0.2994460431755258,silver,2.901912305040213,0.275919,1.0,2.0,C36 H59 O5
A15_136803,Streptophyta,False,,,,,,,,,,,,,
A15_145467,Basidiomycota,True,PA(18:2_18:2),PA(18:2_18:2)+NH4,PA,diacyl,M+NH4,A,2.251249321096792,gold,0.5356147797868752,0.2537639273826997,11.0,18.0,C39 H73 N1 O8 P1
A15_15331,Streptophyta,True,TG(32:4)+OO:(s),TG(32:4)+NH4+OO:(s),TG,triacyl,M+NH4,C,0.0514561369773337,bronze,0.6274502480994542,0.0419553000000001,2.0,2.0,C35 H62 N1 O8
A15_65160,Streptophyta,False,,,,,,,,,,,,,
A15_72801,Ascomycota,True,WE(O-26:4),WE(O-26:4)+Na,WE,Wax monoesters,M+Na,C,0.1712046770359561,silver,0.8642496654399879,0.0226455588036227,9.0,1.0,C26 H44 Na1 O2
A15_74550,Ascomycota,True,WE(O-26:4),WE(O-26:4)+Na,WE,Wax monoesters,M+Na,C,0.1712046770359561,silver,0.842369197697244,0.0013544411963772,9.0,1.0,C26 H44 Na1 O2
A15_20617,Bacillota,False,,,,,,,,,,,,,
A15_75502,Streptophyta,True,PG(16:1_18:4),PG(16:1_18:4)+H,PG,diacyl,M+H,A,0.7329451741269637,gold,1.3627363107238328,0.0023494250993083,3.0,1.0,C40 H70 O10 P1
A15_181630,Pseudomonadota,True,PE(P-18:0_20:4),PE(P-18:0_20:4)+H,PE,alkenyl-acyl,M+H,B,1.6903268660730308,gold,0.952717949255226,0.1794387617136905,6.0,10.0,C43 H79 N1 O7 P1
A15_100785,Streptophyta,True,PG(P-18:4_17:0),PG(P-18:4_17:0)+NH4,PG,alkenyl-acyl,M+NH4,C,0.0322659007228512,bronze,1.5789866134842108,0.1699477999999992,3.0,1.0,C41 H77 N1 O9 P1
A15_149283,Basidiomycota,True,PA(18:2_18:2),PA(18:2_18:2)+NH4,PA,diacyl,M+NH4,A,2.520140811831777,gold,0.5538440996362084,0.184405188564062,17.0,21.0,C39 H73 N1 O8 P1
A15_19417,Bacillota,False,,,,,,,,,,,,,
A15_219398,Streptophyta,True,DG(O-25:5_18:1),DG(O-25:5_18:1)+NH4,DG,alkyl-acyl,M+NH4,C,0.7914799842423579,bronze,0.6158652389342082,0.1172724063433925,1.0,2.0,C46 H84 N1 O4
A15_130317,Streptophyta,False,,,,,,,,,,,,,
A15_85919,Streptophyta,False,,,,,,,,,,,,,
A15_86011,Streptophyta,True,MG(26:5),MG(26:5)+NH4,MG,monoacyl,M+NH4,C,0.3626086541150776,bronze,0.8788474737295938,0.0700296442565164,1.0,2.0,C29 H52 N1 O4
A15_125456,Streptophyta,False,,,,,,,,,,,,,
A15_164455,Streptophyta,True,DG(18:3_20:3),DG(18:3_20:3)+NH4,DG,diacyl,M+NH4,A,0.9544142199567668,gold,0.067065801880793,0.2845720000000007,4.0,2.0,C41 H72 N1 O5
A15_105045,Streptophyta,False,,,,,,,,,,,,,
A15_141289,Streptophyta,False,,,,,,,,,,,,,
A15_9930,Streptophyta,False,,,,,,,,,,,,,
A15_34807,Streptophyta,False,,,,,,,,,,,,,
A15_134721,Streptophyta,False,,,,,,,,,,,,,
A15_70259,Streptophyta,False,,,,,,,,,,,,,
A15_121616,Streptophyta,True,PE(16:2_18:3),PE(16:2_18:3)+H,PE,diacyl,M+H,B,0.6005904991683026,gold,1.0710514907185105,0.1507784521865414,3.0,7.0,C39 H69 N1 O8 P1
A15_181190,Streptophyta,False,,,,,,,,,,,,,
A15_1028,Streptophyta,False,,,,,,,,,,,,,
A15_99687,Streptophyta,False,,,,,,,,,,,,,
A15_84485,Streptophyta,False,,,,,,,,,,,,,
A15_93143,Streptophyta,True,PC(24:0),PC(24:0)+H,PC,diacyl,M+H,C,2.6872947049408347,silver,1.149765838724751,0.1748277150355086,7.0,5.0,C32 H65 N1 O8 P1
A15_19647,Bacillota,False,,,,,,,,,,,,,
A15_102945,Streptophyta,False,,,,,,,,,,,,,
A15_90560,Streptophyta,False,,,,,,,,,,,,,
A15_131397,Ascomycota,False,,,,,,,,,,,,,
A15_202981,Basidiomycota,False,,,,,,,,,,,,,
A15_146418,Basidiomycota,True,DG(O-18:4_18:2),DG(O-18:4_18:2)+H,DG,alkyl-acyl,M+H,C,0.8200836859479763,silver,0.792762473760469,0.1609561504913372,4.0,5.0,C39 H67 O4
A15_144998,Basidiomycota,True,DG(O-18:4_18:2),DG(O-18:4_18:2)+H,DG,alkyl-acyl,M+H,C,0.8200836859479763,silver,0.724372397019569,0.2468561504913378,4.0,4.0,C39 H67 O4
A15_5663,Streptophyta,False,,,,,,,,,,,,,
A15_112151,Streptophyta,False,,,,,,,,,,,,,
A15_183602,Streptophyta,False,,,,,,,,,,,,,
A15_108494,Streptophyta,True,TG(3:0_28:7_28:7),TG(3:0_28:7_28:7)+H,TG,triacyl,M+H,C,0.7257533796284197,silver,1.192509955619364,0.2222530000000002,4.0,2.0,C62 H93 O6
A15_50533,Methanobacteriota,False,,,,,,,,,,,,,
A15_196803,Streptophyta,True,TG(17:2_19:0_16:3)+OO:(s),TG(17:2_19:0_16:3)+NH4+OO:(s),TG,triacyl,M+NH4,B,0.4551565423299212,gold,1.4872690010893037,0.2416904321192063,2.0,5.0,C55 H100 N1 O8
A15_185867,Streptophyta,False,,,,,,,,,,,,,
A15_180339,Streptophyta,False,,,,,,,,,,,,,
A15_148531,Streptophyta,True,TG(26:6_20:5),TG(26:6_20:5)+NH4,TG,triacyl,M+NH4,C,0.2077747321314295,bronze,3.9405921255199514,0.1714384116865872,1.0,1.0,C49 H76 N1 O6
A15_36727,Basidiomycota,False,,,,,,,,,,,,,
A15_40755,Basidiomycota,False,,,,,,,,,,,,,
A15_38742,Basidiomycota,False,,,,,,,,,,,,,
A15_111806,Bacillota,False,,,,,,,,,,,,,
A15_92025,Streptophyta,False,,,,,,,,,,,,,
A15_155433,Streptophyta,False,,,,,,,,,,,,,
A15_202324,Streptophyta,True,DG(O-15:2_24:1),DG(O-15:2_24:1)+NH4,DG,alkyl-acyl,M+NH4,C,0.0908541467821441,bronze,0.0508225130195449,0.1265234754098365,1.0,2.0,C42 H82 N1 O4
A15_85270,Streptophyta,True,PG(18:0_18:3),PG(18:0_18:3)+NH4,PG,diacyl,M+NH4,C,0.073680414944097,bronze,3.723872454300912,0.1292549445665436,1.0,1.0,C42 H81 N1 O10 P1
A15_168766,Ascomycota,True,Cer(d18:2_18:1),Cer(d18:2_18:1)+H,Cer,acylsphingosines,M+H,A,1.212415805898727,gold,1.8334430265390305,0.1523955486787542,7.0,2.0,C36 H68 N1 O3
A15_28357,Pseudomonadota,False,,,,,,,,,,,,,
A15_26751,Pseudomonadota,False,,,,,,,,,,,,,
A15_25161,Pseudomonadota,False,,,,,,,,,,,,,
A15_50815,Streptophyta,False,,,,,,,,,,,,,
A15_55647,Streptophyta,False,,,,,,,,,,,,,
A15_36956,Bacillota,False,,,,,,,,,,,,,
A15_39952,Bacillota,False,,,,,,,,,,,,,
A15_178144,Bacillota,False,,,,,,,,,,,,,
A15_9412,Streptophyta,False,,,,,,,,,,,,,
A15_19150,Pseudomonadota,False,,,,,,,,,,,,,
A15_128684,Streptophyta,True,PI(15:0_16:0),PI(15:0_16:0)+H,PI,diacyl,M+H,A,0.4098607503028429,silver,0.9151554083801472,0.2316872611088634,1.0,2.0,C40 H78 O13 P1
A15_152078,Streptophyta,False,,,,,,,,,,,,,
A15_47481,Streptophyta,False,,,,,,,,,,,,,
A15_98119,Streptophyta,False,,,,,,,,,,,,,
A15_205060,Streptophyta,True,DG(O-25:8_18:1),DG(O-25:8_18:1)+NH4,DG,alkyl-acyl,M+NH4,B,0.4170148640660677,gold,1.2427083631490117,0.2881972925515619,3.0,3.0,C46 H78 N1 O4
A15_82519,Streptophyta,False,,,,,,,,,,,,,
A15_88656,Streptophyta,True,PG(16:2_18:1),PG(16:2_18:1)+NH4,PG,diacyl,M+NH4,C,0.0237820378889908,bronze,1.2275923672780462,0.2741640893748567,1.0,1.0,C40 H77 N1 O10 P1
A15_80812,Streptophyta,True,PG(16:0_18:3),PG(16:0_18:3)+NH4,PG,diacyl,M+NH4,C,0.110234579830196,bronze,0.1736117663067305,0.2996073500000005,1.0,1.0,C40 H77 N1 O10 P1
A15_83986,Streptophyta,False,,,,,,,,,,,,,
A15_106608,Streptophyta,True,TG(18:2_16:1)+O:(s),TG(18:2_16:1)+NH4+O:(s),TG,triacyl,M+NH4,B,0.5726697936485061,gold,1.491150855699477,0.0323037793914231,2.0,3.0,C37 H68 N1 O7
A15_59201,Streptophyta,True,TG(9:0_6:0_18:4),TG(9:0_6:0_18:4)+NH4,TG,triacyl,M+NH4,C,0.1597595236380112,bronze,0.3214105182693161,0.237866923012552,1.0,2.0,C36 H64 N1 O6
A15_179535,Actinomycetota,True,MGDG(15:0_17:0),MGDG(15:0_17:0)+NH4,MGDG,Monogalactosyldiacylglycerol,M+NH4,A,1.3158727141623707,gold,2.262319014687273,0.1087924212994444,7.0,4.0,C41 H82 N1 O10
A15_123515,Streptophyta,False,,,,,,,,,,,,,
A15_30672,Streptophyta,False,,,,,,,,,,,,,
A15_162366,Actinomycetota,True,PA(O-24:7_18:1),PA(O-24:7_18:1)+NH4,PA,alkyl-acyl,M+NH4,C,0.0584254692813468,bronze,3.816629413024307,0.0897129999999997,1.0,1.0,C45 H79 N1 O7 P1
A15_149704,Streptophyta,False,,,,,,,,,,,,,
A15_24034,Methanobacteriota,False,,,,,,,,,,,,,
A15_141711,Basidiomycota,True,TG(18:1_18:1),TG(18:1_18:1)+NH4,TG,triacyl,M+NH4,B,0.5774380770289242,gold,1.7769462224648946,0.0331777885707804,10.0,5.0,C39 H74 N1 O6
A15_55447,Streptophyta,False,,,,,,,,,,,,,
A15_117585,Streptophyta,False,,,,,,,,,,,,,
A15_170720,Streptophyta,False,,,,,,,,,,,,,
A15_7798,Streptophyta,False,,,,,,,,,,,,,
A15_182863,Ascomycota,True,DG(P-15:2_19:0),DG(P-15:2_19:0)+H,DG,alkenyl-acyl,M+H,C,0.3189546801394527,bronze,0.3931507949308247,0.2546495299500897,1.0,1.0,C37 H69 O4
A15_181405,Ascomycota,True,DG(P-15:2_19:0),DG(P-15:2_19:0)+H,DG,alkenyl-acyl,M+H,C,0.3189546801394527,bronze,0.3602513935850761,0.279349529950089,1.0,1.0,C37 H69 O4
A15_185060,Ascomycota,True,DG(P-15:2_19:0),DG(P-15:2_19:0)+H,DG,alkenyl-acyl,M+H,C,0.3189546801394527,bronze,0.3775668677077323,0.1601495299500897,1.0,1.0,C37 H69 O4
A15_32440,Basidiomycota,False,,,,,,,,,,,,,
A15_67816,Streptophyta,False,,,,,,,,,,,,,
A15_110703,Streptophyta,False,,,,,,,,,,,,,
A15_1879,Streptophyta,True,TG(14:2_2:0_2:0),TG(14:2_2:0_2:0)+H,TG,triacyl,M+H,C,0.1104672808932546,bronze,3.3707471301611096,0.0005688375798298,1.0,1.0,C21 H35 O6
A15_110643,Streptophyta,True,TG(O-6:0_7:0_18:3),TG(O-6:0_7:0_18:3)+NH4,TG,alkyl-acyl,M+NH4,B,0.5822282143584117,silver,0.6323722998573886,0.2070527125146206,1.0,1.0,C34 H64 N1 O5
A15_123439,Streptophyta,True,PI(16:1_15:0),PI(16:1_15:0)+H,PI,diacyl,M+H,B,0.5643337370309696,gold,1.1243068511357712,0.0254199999999986,2.0,2.0,C40 H76 O13 P1
A15_128844,Actinomycetota,True,TG(19:1_15:2),TG(19:1_15:2)+H,TG,triacyl,M+H,B,1.0,gold,3.1598873379427364,0.1323885184106732,3.0,7.0,C37 H65 O6
A15_228491,Bacillota,False,,,,,,,,,,,,,
A15_229430,Bacillota,False,,,,,,,,,,,,,
A15_84748,Streptophyta,True,TG(3:0_15:2_15:2),TG(3:0_15:2_15:2)+H,TG,triacyl,M+H,B,0.3646137954416716,gold,0.492040432655889,0.1744794756715517,2.0,4.0,C36 H61 O6
A15_186097,Streptophyta,True,Cer(d18:1_20:5),Cer(d18:1_20:5)+H,Cer,acylsphingosines,M+H,C,0.6081266531081403,silver,0.2100891571875063,0.0107931489980828,2.0,1.0,C38 H66 N1 O3
A15_140139,Basidiomycota,False,,,,,,,,,,,,,
A15_90732,Streptophyta,True,TG(30:4_2:0)+OO:(s),TG(30:4_2:0)+H+OO:(s),TG,triacyl,M+H,B,0.1279660848978516,silver,0.622437124602656,0.0287709000000013,1.0,6.0,C35 H59 O8
A15_122386,Streptophyta,False,,,,,,,,,,,,,
A15_58012,Streptophyta,False,,,,,,,,,,,,,
A15_199872,Heterolobosea,False,,,,,,,,,,,,,
A15_111894,Streptophyta,False,,,,,,,,,,,,,
A15_155112,Streptophyta,True,DG(16:1_18:1),DG(16:1_18:1)+H,DG,diacyl,M+H,B,0.2637700791301995,silver,2.5640663608118954,0.0902940000000001,1.0,1.0,C37 H69 O5
A15_56910,Streptophyta,False,,,,,,,,,,,,,
A15_219622,Streptophyta,True,SiE(23:7),SiE(23:7)+H,SiE,sterolEsters,M+H,A,0.2874276401973681,silver,4.069129342988284,0.2982854897314375,1.0,1.0,C52 H81 O2
A15_59768,Streptophyta,False,,,,,,,,,,,,,
A15_14947,Streptophyta,False,,,,,,,,,,,,,
A15_108124,Streptophyta,True,MG(P-28:8),MG(P-28:8)+NH4,MG,monoalkenyl,M+NH4,C,0.3687220977975555,silver,0.4048279323049941,0.0443655000000013,2.0,1.0,C31 H50 N1 O3
A15_156994,Streptophyta,True,DGDG(16:0_18:2),DGDG(16:0_18:2)+Na,DGDG,Digalactosyldiacylglycerol,M+Na,B,0.3995993248158165,gold,1.1228559643427365,0.0277284889607649,7.0,1.0,C49 H88 Na1 O15
A15_86264,Streptophyta,False,,,,,,,,,,,,,
A15_120582,Actinomycetota,True,DG(15:0_15:1),DG(15:0_15:1)+H,DG,diacyl,M+H,A,0.2309219346778641,silver,0.5164817063536223,0.0227030000000016,1.0,3.0,C33 H63 O5
A15_181913,Actinomycetota,True,DG(16:1_18:1),DG(16:1_18:1)+NH4,DG,diacyl,M+NH4,A,1.5485621783111467,gold,1.424735831985824,0.1470095066829486,11.0,4.0,C37 H72 N1 O5
A15_180140,Actinomycetota,True,DG(16:1_18:1),DG(16:1_18:1)+NH4,DG,diacyl,M+NH4,A,1.5485621783111467,gold,1.7424878931274048,0.2695095066829474,11.0,4.0,C37 H72 N1 O5
A15_184173,Actinomycetota,True,DG(16:0_18:2),DG(16:0_18:2)+NH4,DG,diacyl,M+NH4,A,1.8337810417878948,gold,0.6830394079882958,0.067991711617612,16.0,8.0,C37 H72 N1 O5
A15_23246,Bacillota,False,,,,,,,,,,,,,
A15_24856,Bacillota,False,,,,,,,,,,,,,
A15_91702,Streptophyta,False,,,,,,,,,,,,,
A15_77463,Streptophyta,False,,,,,,,,,,,,,
A15_174580,Actinomycetota,False,,,,,,,,,,,,,
A15_173413,Actinomycetota,False,,,,,,,,,,,,,
A15_151428,Basidiomycota,True,PC(33:2),PC(33:2)+H,PC,diacyl,M+H,C,2.824171422149648,silver,1.7333031309066698,0.0995850000000011,27.0,13.0,C41 H79 N1 O8 P1
A15_152725,Basidiomycota,True,PC(33:2),PC(33:2)+H,PC,diacyl,M+H,C,2.824171422149648,silver,1.5842209725195382,0.0807850000000005,27.0,14.0,C41 H79 N1 O8 P1
A15_50567,Streptophyta,False,,,,,,,,,,,,,
A15_114159,Streptophyta,False,,,,,,,,,,,,,
A15_116220,Streptophyta,True,DG(15:2_18:2),DG(15:2_18:2)+NH4,DG,diacyl,M+NH4,B,0.4338965617755504,gold,0.9590362955991866,0.0988113469975537,3.0,3.0,C36 H66 N1 O5
A15_222384,Streptophyta,False,,,,,,,,,,,,,
A15_93702,Streptophyta,False,,,,,,,,,,,,,
A15_178550,Streptophyta,False,,,,,,,,,,,,,
A15_175028,Bacillota,True,DG(O-15:1_16:1),DG(O-15:1_16:1)+H,DG,alkyl-acyl,M+H,B,0.4793871064308335,gold,0.2821661298493542,0.1396758421683586,2.0,4.0,C34 H65 O4
A15_23678,Methanobacteriota,False,,,,,,,,,,,,,
A15_24570,Methanobacteriota,False,,,,,,,,,,,,,
A15_20901,Methanobacteriota,False,,,,,,,,,,,,,
A15_18765,Methanobacteriota,False,,,,,,,,,,,,,
A15_227179,Streptophyta,False,,,,,,,,,,,,,
A15_133284,Streptophyta,True,TG(15:0_15:0),TG(15:0_15:0)+NH4,TG,triacyl,M+NH4,B,1.045042571919812,gold,1.8254385217203983,0.1069752150521292,6.0,1.0,C33 H66 N1 O6
A15_136142,Streptophyta,False,,,,,,,,,,,,,
A15_135159,Streptophyta,False,,,,,,,,,,,,,
A15_168170,Streptophyta,True,Cer(d16:1_16:0),Cer(d16:1_16:0)+H,Cer,acylsphingosines,M+H,A,2.1079740307734025,gold,0.1637311587797987,0.2280670000000011,3.0,1.0,C32 H64 N1 O3
A15_145671,Streptophyta,True,TG(18:2_16:0),TG(18:2_16:0)+NH4,TG,triacyl,M+NH4,B,0.7691778489916572,gold,0.0434179848054939,0.1801789162071454,10.0,11.0,C37 H70 N1 O6
A15_32723,Streptophyta,False,,,,,,,,,,,,,
A15_124701,Streptophyta,False,,,,,,,,,,,,,
A15_44363,Ascomycota,True,PI(27:6_15:0),PI(27:6_15:0)+H,PI,diacyl,M+H,C,0.0130224542288821,bronze,1.714860162706941,0.1528666999999997,1.0,1.0,C51 H88 O13 P1
A15_89005,Streptophyta,False,,,,,,,,,,,,,
A15_152877,Basidiomycota,True,PC(32:2),PC(32:2)+H,PC,diacyl,M+H,C,3.19722457733622,silver,0.0381043870342455,0.2072325000000017,50.0,14.0,C40 H77 N1 O8 P1
A15_189996,Ascomycota,False,,,,,,,,,,,,,
A15_219513,Bacillota,True,DG(41:0),DG(41:0)+NH4,DG,diacyl,M+NH4,C,0.071379127845322,bronze,2.568384510458012,0.2064050000000001,1.0,1.0,C44 H90 N1 O5
A15_218370,Bacillota,True,DG(41:0),DG(41:0)+NH4,DG,diacyl,M+NH4,C,0.071379127845322,bronze,2.341073105603097,0.2608049999999977,1.0,1.0,C44 H90 N1 O5
A15_169117,Streptophyta,False,,,,,,,,,,,,,
A15_107850,Streptophyta,False,,,,,,,,,,,,,
A15_106302,Streptophyta,False,,,,,,,,,,,,,
A15_111434,Streptophyta,False,,,,,,,,,,,,,
A15_136639,Streptophyta,True,TG(15:0_18:2),TG(15:0_18:2)+NH4,TG,triacyl,M+NH4,C,1.654147881787571,bronze,0.0039210321283568,0.1036278211598897,1.0,1.0,C36 H68 N1 O6
A15_179807,Ascomycota,True,TG(2:0_16:0_18:0),TG(2:0_16:0_18:0)+NH4,TG,triacyl,M+NH4,B,0.3811627939697006,silver,0.6571599171701545,0.2187531532889366,1.0,2.0,C39 H78 N1 O6
A15_181383,Ascomycota,True,TG(2:0_16:0_18:0),TG(2:0_16:0_18:0)+NH4,TG,triacyl,M+NH4,B,0.3811627939697006,silver,0.0205926745163797,0.1745531532889366,1.0,2.0,C39 H78 N1 O6
A15_75896,Streptophyta,False,,,,,,,,,,,,,
A15_133203,Basidiomycota,False,,,,,,,,,,,,,
A15_159001,Bacillota,False,,,,,,,,,,,,,
A15_37966,Basidiomycota,True,WE(O-26:6),WE(O-26:6)+Na,WE,Wax monoesters,M+Na,C,0.209500720014333,bronze,0.3523326723611167,0.1458379999999994,1.0,1.0,C26 H40 Na1 O2
A15_102268,Streptophyta,True,TG(O-5:0_2:0_19:3),TG(O-5:0_2:0_19:3)+H,TG,alkyl-acyl,M+H,B,0.2077297689040449,silver,3.1853586944933143,0.0624457638985003,1.0,4.0,C29 H51 O5
A15_214013,Streptophyta,False,,,,,,,,,,,,,
A15_25968,Bacillota,False,,,,,,,,,,,,,
A15_19732,Bacillota,False,,,,,,,,,,,,,
A15_21522,Bacillota,False,,,,,,,,,,,,,
A15_23217,Bacillota,False,,,,,,,,,,,,,
A15_115190,Streptophyta,False,,,,,,,,,,,,,
A15_106262,Streptophyta,False,,,,,,,,,,,,,
A15_110215,Streptophyta,True,TG(18:2_6:0_6:0),TG(18:2_6:0_6:0)+NH4,TG,triacyl,M+NH4,C,0.3178659560874923,bronze,1.9177235944783837,0.1373840000000008,1.0,1.0,C33 H62 N1 O6
A15_226504,Streptophyta,False,,,,,,,,,,,,,
A15_26717,Methanobacteriota,False,,,,,,,,,,,,,
A15_144247,Streptophyta,False,,,,,,,,,,,,,
A15_115636,Streptophyta,True,TG(18:3_16:0)+O:(s),TG(18:3_16:0)+NH4+O:(s),TG,triacyl,M+NH4,B,0.7199212202549966,gold,0.807630363298705,0.1419612317801348,3.0,1.0,C37 H68 N1 O7
A15_172481,Pseudomonadota,True,PA(16:0_18:2),PA(16:0_18:2)+NH4,PA,diacyl,M+NH4,A,2.427436990374832,gold,0.1223164910198147,0.0278499999999972,8.0,13.0,C37 H73 N1 O8 P1
A15_102792,Streptophyta,False,,,,,,,,,,,,,
A15_123794,Streptophyta,True,DG(15:2_16:1),DG(15:2_16:1)+NH4,DG,diacyl,M+NH4,B,0.2603752999609024,gold,1.0271433884117942,0.0888872338248862,2.0,3.0,C34 H64 N1 O5
A15_22729,Streptophyta,False,,,,,,,,,,,,,
A15_84760,Streptophyta,True,PG(13:0_25:6),PG(13:0_25:6)+NH4,PG,diacyl,M+NH4,C,0.0234819875824389,bronze,0.5021156742493803,0.1198857610904582,1.0,1.0,C44 H79 N1 O10 P1
A15_108493,Streptophyta,False,,,,,,,,,,,,,
A15_117337,Streptophyta,True,DG(O-17:3_18:4),DG(O-17:3_18:4)+NH4,DG,alkyl-acyl,M+NH4,C,0.1494545799009407,bronze,1.5002000927838064,0.2402542933365055,1.0,1.0,C38 H66 N1 O4
A15_102452,Streptophyta,True,DG(6:0_19:2),DG(6:0_19:2)+H,DG,diacyl,M+H,B,0.4209131183396106,gold,0.8386431523227923,0.1330816576946283,3.0,2.0,C28 H51 O5
A15_66517,Ascomycota,False,,,,,,,,,,,,,
A15_81307,Streptophyta,True,TG(10:0_18:2)+O:(s),TG(10:0_18:2)+NH4+O:(s),TG,triacyl,M+NH4,B,0.289050741392602,gold,0.9570568911715994,0.0794938753562419,3.0,4.0,C31 H58 N1 O7
A15_173162,Streptophyta,True,MGDG(16:0_16:0),MGDG(16:0_16:0)+NH4,MGDG,Monogalactosyldiacylglycerol,M+NH4,C,0.1154976359308708,silver,2.1484046868298683,0.0744659999999974,2.0,2.0,C41 H82 N1 O10
A15_89417,Mucoromycota,True,PA(18:2_18:3),PA(18:2_18:3)+NH4,PA,diacyl,M+NH4,A,1.6066206457594516,gold,0.8238685913144319,0.2745901999999987,11.0,5.0,C39 H71 N1 O8 P1
A15_121706,Streptophyta,True,DG(O-16:2_18:2),DG(O-16:2_18:2)+Na,DG,alkyl-acyl,M+Na,C,0.3955508522257787,bronze,1.1096963087464942,0.0110670000000006,1.0,2.0,C37 H66 Na1 O4
A15_87342,Streptophyta,True,PG(22:5_16:0),PG(22:5_16:0)+NH4,PG,diacyl,M+NH4,C,0.0638391505684073,bronze,2.2823319777024675,0.0551498000000005,1.0,2.0,C44 H81 N1 O10 P1
A15_221833,Bacillota,False,,,,,,,,,,,,,
A15_222531,Bacillota,False,,,,,,,,,,,,,
A15_219129,Bacillota,False,,,,,,,,,,,,,
A15_220511,Bacillota,False,,,,,,,,,,,,,
A15_219943,Bacillota,False,,,,,,,,,,,,,
A15_176891,Pseudomonadota,True,PE(18:1_15:0),PE(18:1_15:0)+H,PE,diacyl,M+H,B,1.254518556985673,gold,0.931007228096387,0.2927900000000001,5.0,14.0,C38 H75 N1 O8 P1
A15_139015,Streptophyta,False,,,,,,,,,,,,,
A15_66728,Streptophyta,True,DG(P-6:0_20:6),DG(P-6:0_20:6)+H,DG,alkenyl-acyl,M+H,C,0.2687800793992526,bronze,1.5070477202841976,0.1322716999999995,1.0,1.0,C29 H45 O4
A15_68573,Streptophyta,True,DG(P-6:0_20:6),DG(P-6:0_20:6)+H,DG,alkenyl-acyl,M+H,C,0.2687800793992526,bronze,1.6229376426273052,0.1161716999999997,1.0,1.0,C29 H45 O4
A15_60597,Streptophyta,False,,,,,,,,,,,,,
A15_188893,Bacillota,False,,,,,,,,,,,,,
A15_213540,Streptophyta,False,,,,,,,,,,,,,
A15_103642,Streptophyta,True,TG(34:4),TG(34:4)+H,TG,triacyl,M+H,C,0.3322772242482033,silver,0.8875735486512014,0.042224899999999,2.0,2.0,C37 H63 O6
A15_157450,Streptophyta,True,PC(31:1),PC(31:1)+H,PC,diacyl,M+H,C,3.19722457733622,silver,0.8032219785215706,0.2689084242600135,19.0,6.0,C39 H77 N1 O8 P1
A15_162632,Streptophyta,False,,,,,,,,,,,,,
A15_169436,Streptophyta,False,,,,,,,,,,,,,
A15_17691,Streptophyta,False,,,,,,,,,,,,,
A15_18189,Streptophyta,False,,,,,,,,,,,,,
A15_41745,Streptophyta,False,,,,,,,,,,,,,
A15_164968,Pseudomonadota,False,,,,,,,,,,,,,
A15_124738,Streptophyta,True,PEt(22:3_20:5),PEt(22:3_20:5)+K,PEt,diacyl,M+K,C,0.7304814296341556,bronze,2.479376141838665,0.080086090196076,1.0,1.0,C47 H77 K1 O8 P1
A15_133001,Streptophyta,True,PE(13:1_18:1),PE(13:1_18:1)+H,PE,diacyl,M+H,B,1.4650544400956824,gold,0.2301002834663447,0.0956863572000301,4.0,12.0,C36 H69 N1 O8 P1
A15_95554,Streptophyta,True,TG(9:0_6:0_16:1),TG(9:0_6:0_16:1)+Na,TG,triacyl,M+Na,C,0.7184301422106423,bronze,0.8525449939355261,0.0070258772194726,1.0,3.0,C34 H62 Na1 O6
A15_97372,Streptophyta,True,TG(9:0_6:0_16:1),TG(9:0_6:0_16:1)+Na,TG,triacyl,M+Na,C,0.7184301422106423,bronze,1.0917530067054204,0.0400258772194721,1.0,3.0,C34 H62 Na1 O6
A15_25725,Streptophyta,False,,,,,,,,,,,,,
A15_20360,Streptophyta,False,,,,,,,,,,,,,
A15_62972,Streptophyta,False,,,,,,,,,,,,,
A15_6580,Pseudomonadota,False,,,,,,,,,,,,,
A15_8189,Pseudomonadota,False,,,,,,,,,,,,,
A15_107438,Streptophyta,False,,,,,,,,,,,,,
A15_112979,Streptophyta,False,,,,,,,,,,,,,
A15_162591,Streptophyta,False,,,,,,,,,,,,,
A15_170014,Ascomycota,True,TG(22:3_16:0)+O:(s),TG(22:3_16:0)+NH4+O:(s),TG,triacyl,M+NH4,C,0.0719327936986086,bronze,0.5818968548489193,0.0652150000000002,1.0,2.0,C41 H76 N1 O7
A15_42012,Basidiomycota,False,,,,,,,,,,,,,
A15_111895,Streptophyta,False,,,,,,,,,,,,,
A15_109669,Streptophyta,True,LPC(24:1),LPC(24:1)+H,LPC,monoacyl,M+H,C,1.5081189308490806,silver,0.938091699113949,0.2105823899617078,8.0,6.0,C32 H65 N1 O7 P1
A15_63622,Basidiomycota,False,,,,,,,,,,,,,
A15_126566,Streptophyta,False,,,,,,,,,,,,,
A15_15948,Streptophyta,False,,,,,,,,,,,,,
A15_164461,Streptophyta,True,PE(20:4_18:1),PE(20:4_18:1)+H,PE,diacyl,M+H,B,2.216029993947857,gold,2.5319238235636217,0.0607639004520628,8.0,10.0,C43 H77 N1 O8 P1
A15_51177,Streptophyta,False,,,,,,,,,,,,,
A15_215884,Streptophyta,True,DG(15:1_29:5),DG(15:1_29:5)+NH4,DG,diacyl,M+NH4,B,0.1932242741325903,silver,1.162238310922424,0.0338174439312268,1.0,3.0,C47 H84 N1 O5
A15_175216,Streptophyta,True,Cer(d18:1_16:0),Cer(d18:1_16:0)+H,Cer,acylsphingosines,M+H,A,2.0270068477054477,gold,0.1583293577971033,0.272478999999997,24.0,5.0,C34 H68 N1 O3
A15_109145,Streptophyta,False,,,,,,,,,,,,,
A15_39661,Streptophyta,True,DG(4:0_19:2),DG(4:0_19:2)+NH4,DG,diacyl,M+NH4,C,0.0138995020019207,bronze,1.157412160465907,0.0417000721891938,1.0,1.0,C26 H50 N1 O5
A15_171640,Streptophyta,False,,,,,,,,,,,,,
A15_162314,Bacillota,False,,,,,,,,,,,,,
A15_164295,Bacillota,False,,,,,,,,,,,,,
A15_57339,Streptophyta,False,,,,,,,,,,,,,
A15_55849,Basidiomycota,False,,,,,,,,,,,,,
A15_108097,Streptophyta,True,DGDG(18:3_18:4),DGDG(18:3_18:4)+Na,DGDG,Digalactosyldiacylglycerol,M+Na,C,0.1463307448630444,bronze,1.3860177912600695,0.1613230000000012,1.0,1.0,C51 H82 Na1 O15
A15_143486,Streptophyta,True,DG(20:4_30:7),DG(20:4_30:7)+NH4,DG,diacyl,M+NH4,B,0.3075704805581575,silver,2.992971633597277,0.2348770000000009,1.0,1.0,C53 H86 N1 O5
A15_85922,Streptophyta,False,,,,,,,,,,,,,
A15_131877,Streptophyta,False,,,,,,,,,,,,,
A15_137063,Streptophyta,True,PG(O-36:5),PG(O-36:5)+NH4,PG,alkyl-acyl,M+NH4,C,0.0194038828482694,bronze,3.2199575261585105,0.1658109999999997,1.0,1.0,C42 H79 N1 O9 P1
A15_35955,Streptophyta,False,,,,,,,,,,,,,
A15_90972,Streptophyta,False,,,,,,,,,,,,,
A15_45138,Streptophyta,False,,,,,,,,,,,,,
A15_133573,Streptophyta,True,PC(17:2_18:2),PC(17:2_18:2)+H,PC,diacyl,M+H,C,0.5565934402324372,bronze,1.8313070417563968,0.0051349999999992,1.0,2.0,C43 H79 N1 O8 P1
A15_103380,Streptophyta,True,PG(P-18:4_17:0),PG(P-18:4_17:0)+NH4,PG,alkenyl-acyl,M+NH4,C,0.0322659007228512,bronze,1.3100470832812223,0.2344522000000015,3.0,1.0,C41 H77 N1 O9 P1
A15_84526,Streptophyta,True,PG(16:1_16:3),PG(16:1_16:3)+H,PG,diacyl,M+H,A,0.8060331477853967,silver,0.7458876068620922,0.0150444000000007,1.0,1.0,C38 H68 O10 P1
A15_31334,Streptophyta,False,,,,,,,,,,,,,
A15_212202,Streptophyta,True,TG(36:4_16:0)+OO:(s),TG(36:4_16:0)+NH4+OO:(s),TG,triacyl,M+NH4,B,0.3538736645360018,gold,0.2607266059310903,0.1358956602395622,6.0,5.0,C55 H102 N1 O8
A15_56365,Ascomycota,False,,,,,,,,,,,,,
A15_18732,Bacillota,False,,,,,,,,,,,,,
A15_199912,Streptophyta,True,Cer(d16:0_24:1)+O:(s),Cer(d16:0_24:1)+H+O:(s),Cer,acylsphingosines,M+H,C,0.5820868665359652,silver,1.218238519170041,0.2298739648237706,6.0,3.0,C40 H80 N1 O4
A15_172064,Ascomycota,False,,,,,,,,,,,,,
A15_32878,Pseudomonadota,False,,,,,,,,,,,,,
A15_34947,Pseudomonadota,False,,,,,,,,,,,,,
A15_91524,Streptophyta,False,,,,,,,,,,,,,
A15_21296,Streptophyta,False,,,,,,,,,,,,,
A15_70636,Streptophyta,False,,,,,,,,,,,,,
A15_46162,Streptophyta,False,,,,,,,,,,,,,
A15_168735,Streptophyta,True,PA(16:0_16:0),PA(16:0_16:0)+NH4,PA,diacyl,M+NH4,A,1.1684912839234225,gold,1.5777300250858215,0.0267370937971929,4.0,3.0,C35 H73 N1 O8 P1
A15_118554,Streptophyta,False,,,,,,,,,,,,,
A15_60152,Streptophyta,False,,,,,,,,,,,,,
A15_105810,Bacillota,False,,,,,,,,,,,,,
A15_70919,Streptophyta,False,,,,,,,,,,,,,
A15_155155,Streptophyta,False,,,,,,,,,,,,,
A15_128755,Mucoromycota,True,TG(10:0_6:0_18:0),TG(10:0_6:0_18:0)+Na,TG,triacyl,M+Na,C,0.2275447285580704,bronze,4.834257524410024,0.1955008080142537,1.0,1.0,C37 H70 Na1 O6
A15_134090,Actinomycetota,True,DG(P-15:2_18:1),DG(P-15:2_18:1)+H,DG,alkenyl-acyl,M+H,C,0.7843436468440885,silver,0.4373524624876574,0.1537913811739759,4.0,5.0,C36 H65 O4
A15_135723,Bacillota,True,DG(O-5:0_23:0),DG(O-5:0_23:0)+Na,DG,alkyl-acyl,M+Na,C,0.2629577912001826,bronze,4.00368504105283,0.1149162386065345,1.0,1.0,C31 H62 Na1 O4
A15_50303,Methanobacteriota,False,,,,,,,,,,,,,
A15_77487,Streptophyta,False,,,,,,,,,,,,,
A15_142946,Streptophyta,False,,,,,,,,,,,,,
A15_92144,Streptophyta,False,,,,,,,,,,,,,
A15_83759,Streptophyta,False,,,,,,,,,,,,,
A15_80729,Streptophyta,False,,,,,,,,,,,,,
A15_80390,Streptophyta,False,,,,,,,,,,,,,
A15_162023,Bacillota,True,PE(20:4_14:0),PE(20:4_14:0)+H,PE,diacyl,M+H,B,1.7529438838166465,gold,3.4222033062263217,0.1037925563027215,2.0,7.0,C39 H71 N1 O8 P1
A15_110051,Streptophyta,True,DG(P-14:2_21:6),DG(P-14:2_21:6)+Na,DG,alkenyl-acyl,M+Na,C,0.3086555273425418,bronze,1.605409826997505,0.2238932690189781,1.0,1.0,C38 H58 Na1 O4
A15_65576,Streptophyta,False,,,,,,,,,,,,,
A15_78286,Streptophyta,True,TG(18:1_15:2),TG(18:1_15:2)+NH4,TG,triacyl,M+NH4,C,0.2256390524200557,silver,0.094379179966025,0.0011164000000007,2.0,2.0,C36 H66 N1 O6
A15_166877,Bacillota,False,,,,,,,,,,,,,
A15_159054,Bacillota,False,,,,,,,,,,,,,
A15_50212,Methanobacteriota,False,,,,,,,,,,,,,
A15_174848,Streptophyta,True,Cer(d18:2_19:0),Cer(d18:2_19:0)+H,Cer,acylsphingosines,M+H,C,0.0879157071734304,bronze,3.3027423285885305,0.0275309999999997,1.0,3.0,C37 H72 N1 O3
A15_116524,Streptophyta,False,,,,,,,,,,,,,
A15_8814,Bacillota,False,,,,,,,,,,,,,
A15_23604,Streptophyta,True,LPA(16:0),LPA(16:0)+NH4,LPA,monoacyl,M+NH4,C,0.908026813262854,silver,1.0878529614452748,0.075626319737863,10.0,2.0,C19 H43 N1 O7 P1
A15_142044,Streptophyta,True,PA(16:1_18:3),PA(16:1_18:3)+NH4,PA,diacyl,M+NH4,A,1.9605590770922023,gold,0.7597773628948881,0.2693992084741161,5.0,13.0,C37 H69 N1 O8 P1
A15_216177,Streptophyta,True,TG(16:2_18:2_16:3),TG(16:2_18:2_16:3)+NH4,TG,triacyl,M+NH4,A,0.6441399629628678,gold,1.6395927704993032,0.0093621927862983,2.0,5.0,C53 H92 N1 O6
A15_162973,Streptophyta,False,,,,,,,,,,,,,
A15_48301,Streptophyta,False,,,,,,,,,,,,,
A15_95270,Streptophyta,True,TG(9:0_9:0_18:4)+O:(s),TG(9:0_9:0_18:4)+NH4+O:(s),TG,triacyl,M+NH4,B,0.2714524613934648,silver,0.0680852956883223,0.0504213630158716,1.0,3.0,C39 H70 N1 O7
A15_56137,Basidiomycota,False,,,,,,,,,,,,,
A15_40722,Basidiomycota,False,,,,,,,,,,,,,
A15_42945,Basidiomycota,False,,,,,,,,,,,,,
A15_183186,Streptophyta,False,,,,,,,,,,,,,
A15_157019,Bacillota,True,PA(18:2_18:3),PA(18:2_18:3)+NH4,PA,diacyl,M+NH4,B,0.221410856806512,gold,0.2784236906304194,0.0375551442003185,2.0,7.0,C39 H71 N1 O8 P1
A15_27525,Streptophyta,False,,,,,,,,,,,,,
A15_20637,Basidiomycota,True,LPA(16:0),LPA(16:0)+NH4,LPA,monoacyl,M+NH4,C,0.908026813262854,silver,1.9494427286862572,0.2049736802621371,10.0,1.0,C19 H43 N1 O7 P1
A15_173757,Ascomycota,True,DG(O-20:5_18:0),DG(O-20:5_18:0)+H,DG,alkyl-acyl,M+H,C,0.6217778571399757,silver,3.9259697471684376,0.0214039999999968,2.0,1.0,C41 H73 O4
A15_46887,Streptophyta,False,,,,,,,,,,,,,
A15_197367,Streptophyta,False,,,,,,,,,,,,,
A15_124318,Streptophyta,True,PC(35:6),PC(35:6)+H,PC,diacyl,M+H,C,2.513940527892923,silver,4.197681070135276,0.1239394458946634,7.0,3.0,C43 H75 N1 O8 P1
A15_66959,Streptophyta,False,,,,,,,,,,,,,
A15_92622,Basidiomycota,False,,,,,,,,,,,,,
A15_212859,Streptophyta,False,,,,,,,,,,,,,
A15_28023,Streptophyta,True,PS(9:0_18:2),PS(9:0_18:2)+H,PS,diacyl,M+H,C,0.0329575083441824,bronze,0.6298616278261268,0.0266656000000002,1.0,1.0,C33 H61 N1 O10 P1
A15_106889,Streptophyta,True,TG(27:3_9:0)+O:(s),TG(27:3_9:0)+NH4+O:(s),TG,triacyl,M+NH4,B,0.3808699987216158,gold,1.3053781208977957,0.0115879999999997,2.0,9.0,C39 H72 N1 O7
A15_6715,Streptophyta,False,,,,,,,,,,,,,
A15_165945,Bacillota,False,,,,,,,,,,,,,
A15_164839,Bacillota,False,,,,,,,,,,,,,
A15_179494,Streptophyta,False,,,,,,,,,,,,,
A15_211145,Streptophyta,True,TG(49:14_18:3),TG(49:14_18:3)+NH4,TG,triacyl,M+NH4,B,0.5941448456613039,gold,1.7066593432016235,0.2435324839547767,5.0,3.0,C70 H106 N1 O6
A15_58831,Methanobacteriota,False,,,,,,,,,,,,,
A15_159058,Bacillota,False,,,,,,,,,,,,,
A15_154265,Ascomycota,False,,,,,,,,,,,,,
A15_153086,Ascomycota,False,,,,,,,,,,,,,
A15_122099,Streptophyta,True,PC(35:6),PC(35:6)+H,PC,diacyl,M+H,C,2.513940527892923,silver,3.898150234288197,0.1723394458946625,7.0,4.0,C43 H75 N1 O8 P1
A15_147748,Basidiomycota,True,PC(36:4),PC(36:4)+H,PC,diacyl,M+H,C,3.302585092994046,silver,2.5464867866273515,0.1006442690085496,32.0,3.0,C44 H81 N1 O8 P1
A15_95511,Streptophyta,True,TG(22:3_13:1),TG(22:3_13:1)+Na,TG,triacyl,M+Na,C,0.2819017051188018,bronze,2.832735875216174,0.0989006000000003,1.0,2.0,C38 H64 Na1 O6
A15_60681,Streptophyta,True,PG(10:0_18:2),PG(10:0_18:2)+NH4,PG,diacyl,M+NH4,C,0.2315825191925097,silver,0.6929735402384606,0.1037563000000005,3.0,1.0,C34 H67 N1 O10 P1
A15_47745,Ascomycota,True,LPC(O-16:0),LPC(O-16:0)+H,LPC,monoalkyl,M+H,C,0.5329640968226204,silver,1.336199008683512,0.2225295870151766,12.0,1.0,C24 H53 N1 O6 P1
A15_44038,Ascomycota,True,LPC(O-16:0),LPC(O-16:0)+H,LPC,monoalkyl,M+H,C,0.5329640968226204,silver,1.8005806472584085,0.0826295870151767,12.0,1.0,C24 H53 N1 O6 P1
A15_49521,Ascomycota,False,,,,,,,,,,,,,
A15_68592,Basidiomycota,True,TG(3:0_6:0_18:2),TG(3:0_6:0_18:2)+NH4,TG,triacyl,M+NH4,B,0.7428344912729039,gold,0.0236342250640536,0.0287828160716729,10.0,5.0,C30 H56 N1 O6
A15_62392,Basidiomycota,True,TG(9:0_18:2),TG(9:0_18:2)+NH4,TG,triacyl,M+NH4,B,0.62856478479274,gold,0.315243146420325,0.1809057555606958,3.0,5.0,C30 H56 N1 O6
A15_218022,Streptophyta,False,,,,,,,,,,,,,
A15_113134,Streptophyta,False,,,,,,,,,,,,,
A15_95865,Streptophyta,False,,,,,,,,,,,,,
A15_16752,Streptophyta,False,,,,,,,,,,,,,
A15_223872,Streptophyta,False,,,,,,,,,,,,,
A15_164161,Streptophyta,False,,,,,,,,,,,,,
A15_85682,Streptophyta,True,PG(16:1_16:3),PG(16:1_16:3)+H,PG,diacyl,M+H,A,0.8060331477853967,silver,0.1518592240057521,0.0313555999999994,1.0,2.0,C38 H68 O10 P1
A15_87250,Streptophyta,False,,,,,,,,,,,,,
A15_23244,Bacillota,False,,,,,,,,,,,,,
A15_28926,Bacillota,False,,,,,,,,,,,,,
A15_25320,Bacillota,False,,,,,,,,,,,,,
A15_39520,Basidiomycota,False,,,,,,,,,,,,,
A15_64238,Streptophyta,False,,,,,,,,,,,,,
A15_33551,Basidiomycota,True,MG(O-25:8),MG(O-25:8)+H,MG,monoalkyl,M+H,C,0.3376800406601774,silver,0.7595836405702041,0.2031287999999991,12.0,3.0,C28 H43 O3
A15_51994,Streptophyta,False,,,,,,,,,,,,,
A15_224136,Streptophyta,False,,,,,,,,,,,,,
A15_92080,Streptophyta,True,PG(18:0_18:3),PG(18:0_18:3)+NH4,PG,diacyl,M+NH4,C,0.2620750970239455,bronze,3.265965730439479,0.131557404761903,1.0,2.0,C42 H81 N1 O10 P1
A15_93762,Streptophyta,False,,,,,,,,,,,,,
A15_198055,Streptophyta,True,TG(16:0_20:0_18:4),TG(16:0_20:0_18:4)+Na,TG,triacyl,M+Na,C,0.1929665083266141,bronze,1.387250568282637,0.1657112222222245,1.0,1.0,C57 H102 Na1 O6
A15_159051,Bacillota,False,,,,,,,,,,,,,
A15_167345,Bacillota,False,,,,,,,,,,,,,
A15_62171,Streptophyta,True,PG(15:2_18:2),PG(15:2_18:2)+NH4,PG,diacyl,M+NH4,C,0.0346895524483221,bronze,1.5328262305202074,0.0078771203819272,1.0,3.0,C39 H73 N1 O10 P1
A15_65089,Streptophyta,False,,,,,,,,,,,,,
A15_102568,Bacillota,False,,,,,,,,,,,,,
A15_99800,Streptophyta,True,DGDG(16:3_18:3),DGDG(16:3_18:3)+Na,DGDG,Digalactosyldiacylglycerol,M+Na,C,0.0755149002234969,bronze,0.2656911883281949,0.2713775999999992,3.0,2.0,C49 H80 Na1 O15
A15_52580,Streptophyta,False,,,,,,,,,,,,,
A15_183665,Ascomycota,True,PC(O-38:3),PC(O-38:3)+H,PC,alkyl-acyl,M+H,C,1.593210639361374,silver,1.5383630462154618,0.2749871882478878,6.0,3.0,C46 H89 N1 O7 P1
A15_68289,Streptophyta,False,,,,,,,,,,,,,
A15_27750,Streptophyta,False,,,,,,,,,,,,,
A15_84374,Streptophyta,False,,,,,,,,,,,,,
A15_109835,Streptophyta,True,DG(O-15:2_18:4),DG(O-15:2_18:4)+H,DG,alkyl-acyl,M+H,C,0.1416591940145972,bronze,1.127568355892991,0.0309729999999994,1.0,3.0,C36 H61 O4
A15_117912,Streptophyta,False,,,,,,,,,,,,,
A15_159725,Streptophyta,False,,,,,,,,,,,,,
A15_99720,Streptophyta,True,PS(15:1_16:0),PS(15:1_16:0)+H,PS,diacyl,M+H,C,0.9372452413162664,silver,0.4405626073743337,0.1754907175014537,6.0,1.0,C37 H71 N1 O10 P1
A15_115814,Streptophyta,True,TG(18:2_16:1),TG(18:2_16:1)+NH4,TG,triacyl,M+NH4,B,0.387370441606853,gold,1.600863047575496,0.2837659999999999,3.0,3.0,C37 H68 N1 O6
A15_163301,Streptophyta,False,,,,,,,,,,,,,
A15_194420,Streptophyta,True,TG(8:0_18:1_18:3)+O:(s),TG(8:0_18:1_18:3)+NH4+O:(s),TG,triacyl,M+NH4,B,0.4769249701471725,silver,1.35649536125814,0.2886874454022994,1.0,4.0,C47 H86 N1 O7
A15_172905,Bacillota,True,DG(16:1_18:2),DG(16:1_18:2)+NH4,DG,diacyl,M+NH4,A,1.6002866086927874,gold,1.4951903528570047,0.0122232073252028,8.0,9.0,C37 H70 N1 O5
A15_130613,Streptophyta,False,,,,,,,,,,,,,
A15_39325,Basidiomycota,True,MG(O-25:8),MG(O-25:8)+H,MG,monoalkyl,M+H,C,0.3376800406601774,silver,0.1511401932127738,0.1838712000000004,12.0,1.0,C28 H43 O3
A15_7322,Streptophyta,True,LPG(18:3),LPG(18:3)+NH4,LPG,monoacyl,M+NH4,C,0.5665134147112693,bronze,2.1927075684976254,0.0724363000000001,1.0,1.0,C24 H47 N1 O9 P1
A15_179504,Streptophyta,True,PC(19:1_16:0),PC(19:1_16:0)+H,PC,diacyl,M+H,C,1.095527523248586,silver,4.696027451010481,0.0997780000000005,3.0,3.0,C43 H85 N1 O8 P1
A15_14760,Bacillota,True,PEt(22:3_3:0),PEt(22:3_3:0)+H,PEt,diacyl,M+H,C,0.051319246177018,bronze,0.6606109359283135,0.0904818962577924,1.0,1.0,C30 H54 O8 P1
A15_16330,Bacillota,True,PEt(22:3_3:0),PEt(22:3_3:0)+H,PEt,diacyl,M+H,C,0.051319246177018,bronze,0.6885166921583862,0.0644818962577926,1.0,1.0,C30 H54 O8 P1
A15_25093,Bacillota,False,,,,,,,,,,,,,
A15_28287,Bacillota,False,,,,,,,,,,,,,
A15_22290,Bacillota,False,,,,,,,,,,,,,
A15_29134,Bacillota,False,,,,,,,,,,,,,
A15_157509,Actinomycetota,True,PC(30:0),PC(30:0)+H,PC,diacyl,M+H,C,3.19722457733622,silver,0.0589360174895596,0.0073246603710881,25.0,2.0,C38 H77 N1 O8 P1
A15_155517,Actinomycetota,True,PC(30:0),PC(30:0)+H,PC,diacyl,M+H,C,3.19722457733622,silver,0.064199644665133,0.0481753396289121,25.0,3.0,C38 H77 N1 O8 P1
A15_156467,Actinomycetota,True,PC(30:0),PC(30:0)+H,PC,diacyl,M+H,C,3.19722457733622,silver,0.0995834500885343,0.0320753396289124,25.0,3.0,C38 H77 N1 O8 P1
A15_159134,Actinomycetota,True,PC(30:0),PC(30:0)+H,PC,diacyl,M+H,C,3.19722457733622,silver,0.3136995526830144,0.0361246603710885,25.0,2.0,C38 H77 N1 O8 P1
A15_121119,Streptophyta,True,TG(18:2_18:3),TG(18:2_18:3)+NH4,TG,triacyl,M+NH4,B,0.7398866019693124,gold,1.0364929545839472,0.10456918586911,10.0,5.0,C39 H68 N1 O6
A15_30276,Streptophyta,False,,,,,,,,,,,,,
A15_51515,Basidiomycota,False,,,,,,,,,,,,,
A15_53568,Basidiomycota,False,,,,,,,,,,,,,
A15_74475,Streptophyta,False,,,,,,,,,,,,,
A15_132127,Streptophyta,True,PE(20:5_20:5),PE(20:5_20:5)+H,PE,diacyl,M+H,A,0.6810695378782369,silver,4.1294389869707135,0.223018753404526,1.0,2.0,C45 H71 N1 O8 P1
A15_142443,Streptophyta,False,,,,,,,,,,,,,
A15_112816,Streptophyta,False,,,,,,,,,,,,,
A15_53144,Streptophyta,False,,,,,,,,,,,,,
A15_35970,Bacillota,False,,,,,,,,,,,,,
A15_94136,Streptophyta,True,TG(18:3_18:3),TG(18:3_18:3)+NH4,TG,triacyl,M+NH4,B,0.5602908088510883,silver,1.5058703794133843,0.2961711214848215,1.0,3.0,C39 H66 N1 O6
A15_144295,Basidiomycota,True,TG(18:1_18:1),TG(18:1_18:1)+NH4,TG,triacyl,M+NH4,B,0.5774380770289242,gold,1.2880938199277838,0.17162221142922,10.0,7.0,C39 H74 N1 O6
A15_83397,Streptophyta,True,PG(O-11:0_23:5),PG(O-11:0_23:5)+NH4,PG,alkyl-acyl,M+NH4,C,0.1676478824213253,bronze,1.001502529651432,0.2917636608946612,1.0,1.0,C40 H75 N1 O9 P1
A15_78124,Streptophyta,False,,,,,,,,,,,,,
A15_82418,Streptophyta,True,TG(21:2_2:0_3:0),TG(21:2_2:0_3:0)+H,TG,triacyl,M+H,C,0.3368688186774684,bronze,3.415387798892272,0.0295500000000004,1.0,3.0,C29 H51 O6
A15_161574,Ascomycota,False,,,,,,,,,,,,,
A15_87302,Streptophyta,False,,,,,,,,,,,,,
A15_55550,Basidiomycota,False,,,,,,,,,,,,,
A15_207401,Actinomycetota,True,TG(16:1_16:1_16:1)+OO:(s),TG(16:1_16:1_16:1)+NH4+OO:(s),TG,triacyl,M+NH4,B,0.2721394211197108,silver,3.4290715159068768,0.1177189999999974,1.0,2.0,C51 H96 N1 O8
A15_116104,Streptophyta,False,,,,,,,,,,,,,
A15_172891,Streptophyta,False,,,,,,,,,,,,,
A15_15100,Streptophyta,True,TG(24:4_2:0)+O:(s),TG(24:4_2:0)+NH4+O:(s),TG,triacyl,M+NH4,C,0.1190737302311594,bronze,0.92512535589392,0.1505967999999997,1.0,2.0,C29 H50 N1 O7
A15_72615,Methanobacteriota,False,,,,,,,,,,,,,
A15_73884,Methanobacteriota,False,,,,,,,,,,,,,
A15_933,Streptophyta,True,TG(22:7_2:0_2:0),TG(22:7_2:0_2:0)+H,TG,triacyl,M+H,B,0.3511362797633707,silver,2.2335794972574408,0.0692935999999999,1.0,1.0,C29 H41 O6
A15_26611,Ascomycota,False,,,,,,,,,,,,,
A15_80258,Streptophyta,False,,,,,,,,,,,,,
A15_224019,Streptophyta,False,,,,,,,,,,,,,
A15_35447,Streptophyta,False,,,,,,,,,,,,,
A15_41479,Methanobacteriota,False,,,,,,,,,,,,,
A15_42640,Methanobacteriota,False,,,,,,,,,,,,,
A15_20173,Bacillota,False,,,,,,,,,,,,,
A15_24030,Bacillota,False,,,,,,,,,,,,,
A15_23205,Bacillota,False,,,,,,,,,,,,,
A15_20847,Basidiomycota,False,,,,,,,,,,,,,
A15_21579,Basidiomycota,False,,,,,,,,,,,,,
A15_73881,Ascomycota,False,,,,,,,,,,,,,
A15_101197,Bacillota,False,,,,,,,,,,,,,
A15_89763,Streptophyta,True,PS(26:8_16:0),PS(26:8_16:0)+H,PS,diacyl,M+H,C,0.0324202723324735,bronze,0.0758881603123643,0.1533648544117642,1.0,2.0,C48 H79 N1 O10 P1
A15_38235,Streptophyta,False,,,,,,,,,,,,,
A15_4364,Bacillota,False,,,,,,,,,,,,,
A15_79793,Streptophyta,True,PG(18:2_18:3),PG(18:2_18:3)+NH4,PG,diacyl,M+NH4,A,0.1072713827859649,silver,1.896979621291038,0.0909004893772893,1.0,2.0,C42 H77 N1 O10 P1
A15_85550,Basidiomycota,True,TG(18:2_18:2)+O:(s),TG(18:2_18:2)+NH4+O:(s),TG,triacyl,M+NH4,C,0.5673081624295091,bronze,2.299797735385933,0.2210210999999997,1.0,1.0,C39 H70 N1 O7
A15_168553,Bacillota,False,,,,,,,,,,,,,
A15_169921,Bacillota,False,,,,,,,,,,,,,
A15_19623,Bacillota,False,,,,,,,,,,,,,
A15_104903,Streptophyta,False,,,,,,,,,,,,,
A15_122820,Streptophyta,False,,,,,,,,,,,,,
A15_116373,Streptophyta,True,DGDG(18:3_20:5),DGDG(18:3_20:5)+NH4,DGDG,Digalactosyldiacylglycerol,M+NH4,A,1.0336891135570243,gold,0.6252661558223277,0.1731829999999998,9.0,4.0,C53 H88 N1 O15
A15_109734,Basidiomycota,True,TG(18:0_18:2)+O:(s),TG(18:0_18:2)+NH4+O:(s),TG,triacyl,M+NH4,B,0.2383415229160423,silver,2.2247992167645387,0.16405926380909,1.0,2.0,C39 H74 N1 O7
A15_155301,Pseudomonadota,True,PG(16:1_18:1),PG(16:1_18:1)+NH4,PG,diacyl,M+NH4,A,1.0079503254992446,gold,1.591356868048022,0.2704138492407857,9.0,11.0,C40 H79 N1 O10 P1
A15_114146,Streptophyta,True,PI(13:0_16:0),PI(13:0_16:0)+H,PI,diacyl,M+H,C,0.4772752461548049,silver,2.2229181642935325,0.2341928127936778,3.0,2.0,C38 H74 O13 P1
A15_21665,Bacillota,False,,,,,,,,,,,,,
A15_27043,Bacillota,False,,,,,,,,,,,,,
A15_23689,Bacillota,False,,,,,,,,,,,,,
A15_113733,Streptophyta,True,PI(22:7_18:2),PI(22:7_18:2)+NH4,PI,diacyl,M+NH4,B,0.6356668213281469,silver,4.005634815904493,0.0745439999999995,1.0,2.0,C49 H81 N1 O13 P1
A15_192877,Streptophyta,True,Cer(d18:2_24:1)+2O:(s),Cer(d18:2_24:1)+H+2O:(s),Cer,acylsphingosines,M+H,C,0.2267214368105047,bronze,0.8757548737184858,0.1647414755628524,1.0,1.0,C42 H80 N1 O5
A15_119689,Basidiomycota,True,PC(P-41:12),PC(P-41:12)+H,PC,alkenyl-acyl,M+H,C,0.2890131907505626,silver,1.1717899603597597,0.1629454644796943,3.0,1.0,C49 H75 N1 O7 P1
A15_108063,Streptophyta,True,DG(2:0_22:2),DG(2:0_22:2)+NH4,DG,diacyl,M+NH4,B,0.1663549980849377,silver,0.2454069493069096,0.1434390000000007,1.0,3.0,C27 H52 N1 O5
A15_215423,Basidiomycota,False,,,,,,,,,,,,,
A15_114178,Streptophyta,False,,,,,,,,,,,,,
A15_31928,Streptophyta,False,,,,,,,,,,,,,
A15_77811,Streptophyta,False,,,,,,,,,,,,,
A15_83064,Ascomycota,False,,,,,,,,,,,,,
A15_20029,Discosea,True,PC(21:3),PC(21:3)+H,PC,diacyl,M+H,C,1.5382105514714417,bronze,0.7407534885207112,0.2381951999999998,1.0,1.0,C29 H53 N1 O8 P1
A15_185051,Basidiomycota,True,TG(18:3_18:1_18:1)+OO:(s),TG(18:3_18:1_18:1)+NH4+OO:(s),TG,triacyl,M+NH4,C,0.0942608991363304,bronze,0.9892015446823992,0.0427801379310324,1.0,2.0,C57 H104 N1 O8
A15_118623,Streptophyta,False,,,,,,,,,,,,,
A15_3507,Streptophyta,True,TG(6:0_6:0_6:0),TG(6:0_6:0_6:0)+Na,TG,triacyl,M+Na,C,0.3497733063849227,silver,1.3754228296889806,0.0176048999999998,3.0,3.0,C21 H38 Na1 O6
A15_83306,Streptophyta,False,,,,,,,,,,,,,
A15_115688,Streptophyta,True,DG(32:7),DG(32:7)+NH4,DG,diacyl,M+NH4,C,0.1461599996129618,bronze,1.3609701618256782,0.1479990000000004,1.0,1.0,C35 H58 N1 O5
A15_216273,Bacillota,False,,,,,,,,,,,,,
A15_215102,Bacillota,False,,,,,,,,,,,,,
A15_217469,Bacillota,False,,,,,,,,,,,,,
A15_218661,Bacillota,False,,,,,,,,,,,,,
A15_173649,Streptophyta,False,,,,,,,,,,,,,
A15_31082,Streptophyta,False,,,,,,,,,,,,,
A15_106167,Streptophyta,False,,,,,,,,,,,,,
A15_210105,Streptophyta,False,,,,,,,,,,,,,
A15_127607,Streptophyta,False,,,,,,,,,,,,,
A15_216888,Streptophyta,False,,,,,,,,,,,,,
A15_119245,Streptophyta,False,,,,,,,,,,,,,
A15_182529,Methanobacteriota,True,DG(22:1_28:7),DG(22:1_28:7)+NH4,DG,diacyl,M+NH4,C,0.0328984403085914,bronze,1.2188237236980766,0.156570630434782,1.0,1.0,C53 H92 N1 O5
A15_211233,Streptophyta,True,DG(O-15:2_24:0),DG(O-15:2_24:0)+NH4,DG,alkyl-acyl,M+NH4,C,0.3431232266537228,silver,0.0026882267869001,0.20766606107777,2.0,1.0,C42 H84 N1 O4
A15_93724,Bacillota,False,,,,,,,,,,,,,
A15_176352,Actinomycetota,True,PC(34:3),PC(34:3)+H,PC,diacyl,M+H,C,3.19722457733622,silver,0.4704989984709239,0.1838931397414214,22.0,7.0,C42 H79 N1 O8 P1
A15_132497,Streptophyta,False,,,,,,,,,,,,,
A15_79511,Streptophyta,True,TG(30:3)+O:(s),TG(30:3)+NH4+O:(s),TG,triacyl,M+NH4,C,0.2386531114012693,silver,1.3727244811335184,0.0292805847839332,3.0,3.0,C33 H60 N1 O7
A15_30678,Streptophyta,False,,,,,,,,,,,,,
A15_84661,Streptophyta,False,,,,,,,,,,,,,
A15_132537,Streptophyta,False,,,,,,,,,,,,,
A15_121465,Streptophyta,True,BisMePA(30:3),BisMePA(30:3)+NH4,BisMePA,diacyl,M+NH4,C,0.7391311619660916,silver,0.2709846692235018,0.1110395000000021,2.0,6.0,C35 H67 N1 O8 P1
A15_85741,Streptophyta,False,,,,,,,,,,,,,
A15_89591,Streptophyta,False,,,,,,,,,,,,,
A15_88092,Streptophyta,False,,,,,,,,,,,,,
A15_189700,Streptophyta,True,Cer(d18:2_24:1)+O:(s),Cer(d18:2_24:1)+H-H2O+O:(s),Cer,acylsphingosines,M+H-H2O,C,0.3614868775059369,bronze,1.326289226225998,0.0999450000000017,1.0,1.0,C42 H78 N1 O3
A15_122035,Streptophyta,True,MGDG(20:5_20:5),MGDG(20:5_20:5)+NH4,MGDG,Monogalactosyldiacylglycerol,M+NH4,B,0.662482143509771,gold,3.3530412109937315,0.211578019223106,8.0,3.0,C49 H78 N1 O10
A15_139575,Streptophyta,True,PEt(24:7_16:0),PEt(24:7_16:0)+H,PEt,diacyl,M+H,C,1.3255085092147636,bronze,1.209543021526781,0.2039640752499032,1.0,1.0,C45 H76 O8 P1
A15_37400,Streptophyta,False,,,,,,,,,,,,,
A15_136468,Ascomycota,True,PC(38:4),PC(38:4)+H,PC,diacyl,M+H,C,1.1684073947961822,silver,4.45209931903635,0.1804079999999999,3.0,3.0,C46 H85 N1 O8 P1
A15_211464,Streptophyta,True,DG(O-15:1_23:0),DG(O-15:1_23:0)+NH4,DG,alkyl-acyl,M+NH4,C,0.0728747826413306,bronze,0.4825575226540767,0.1540225268099391,1.0,1.0,C41 H84 N1 O4
A15_61412,Streptophyta,False,,,,,,,,,,,,,
A15_25005,Streptophyta,True,PS(9:0_16:0),PS(9:0_16:0)+H,PS,diacyl,M+H,C,0.02488593630034,bronze,0.7525347920976316,0.0821475918461471,1.0,1.0,C31 H61 N1 O10 P1
A15_171443,Streptophyta,True,TG(25:1_18:3)+O:(s),TG(25:1_18:3)+NH4+O:(s),TG,triacyl,M+NH4,C,0.1492108069024305,silver,0.09562667218311,0.2772095000000014,2.0,2.0,C46 H84 N1 O7
A15_180103,Streptophyta,False,,,,,,,,,,,,,
A15_109291,Streptophyta,True,TG(30:5_15:2),TG(30:5_15:2)+H,TG,triacyl,M+H,C,0.0220544668768537,bronze,0.6667881206089538,0.000710999999999,1.0,1.0,C48 H79 O6
A15_7610,Streptophyta,False,,,,,,,,,,,,,
A15_99040,Streptophyta,True,TG(15:0_16:1),TG(15:0_16:1)+Na,TG,triacyl,M+Na,C,0.6110930717165409,silver,0.9611216948894936,0.1494480241703009,3.0,7.0,C34 H62 Na1 O6
A15_61377,Ascomycota,False,,,,,,,,,,,,,
A15_154427,Bacillota,False,,,,,,,,,,,,,
A15_25730,Streptophyta,True,PS(9:0_18:2),PS(9:0_18:2)+H,PS,diacyl,M+H,C,0.0329575083441824,bronze,1.1642789919349827,0.2328656000000002,1.0,1.0,C33 H61 N1 O10 P1
A15_118147,Streptophyta,True,TG(2:0_18:3_18:3)+O:(s),TG(2:0_18:3_18:3)+NH4+O:(s),TG,triacyl,M+NH4,C,0.3786380766025507,silver,2.91030618362607,0.0738389858695658,2.0,1.0,C41 H70 N1 O7
A15_105373,Streptophyta,True,DGDG(16:3_18:3),DGDG(16:3_18:3)+Na,DGDG,Digalactosyldiacylglycerol,M+Na,C,0.0755149002234969,bronze,0.0338133797251418,0.2203224000000005,3.0,2.0,C49 H80 Na1 O15
A15_201305,Streptophyta,False,,,,,,,,,,,,,
A15_166166,Streptophyta,True,Cer(d18:2_18:1),Cer(d18:2_18:1)+H-H2O,Cer,acylsphingosines,M+H-H2O,C,0.3784612551483345,bronze,1.7317771787628464,0.0161499999999996,1.0,1.0,C36 H66 N1 O2
A15_56525,Streptophyta,True,TG(3:0_15:2_15:2),TG(3:0_15:2_15:2)+H,TG,triacyl,M+H,C,0.0526404220259748,bronze,1.9672265094481376,0.0343780873617687,1.0,1.0,C36 H61 O6
A15_158246,Streptophyta,False,,,,,,,,,,,,,
A15_44561,Streptophyta,False,,,,,,,,,,,,,
A15_118458,Streptophyta,True,DG(O-16:1_16:0),DG(O-16:1_16:0)+Na,DG,alkyl-acyl,M+Na,C,0.6909500009179381,bronze,1.658420007974468,0.2851895438985767,1.0,1.0,C35 H68 Na1 O4
A15_104456,Streptophyta,True,TG(18:2_16:1)+O:(s),TG(18:2_16:1)+NH4+O:(s),TG,triacyl,M+NH4,B,0.5726697936485061,gold,1.4645258588546035,0.108903779391424,2.0,2.0,C37 H68 N1 O7
A15_128514,Ascomycota,True,DG(O-16:1_22:3),DG(O-16:1_22:3)+Na,DG,alkyl-acyl,M+Na,C,0.3032696652955304,bronze,2.701545859862642,0.0335920000000005,1.0,2.0,C41 H74 Na1 O4
A15_142798,Basidiomycota,True,TG(18:1_18:1),TG(18:1_18:1)+NH4,TG,triacyl,M+NH4,B,0.5774380770289242,gold,1.137913554016033,0.1278222114292191,10.0,7.0,C39 H74 N1 O6
A15_54235,Streptophyta,False,,,,,,,,,,,,,
A15_74170,Methanobacteriota,False,,,,,,,,,,,,,
A15_72632,Methanobacteriota,False,,,,,,,,,,,,,
A15_100391,Streptophyta,True,DG(13:0_16:0),DG(13:0_16:0)+Na,DG,diacyl,M+Na,A,0.1337473058801993,silver,0.38666227005375,0.2079528928571434,1.0,3.0,C32 H62 Na1 O5
A15_92813,Streptophyta,False,,,,,,,,,,,,,
A15_66786,Streptophyta,False,,,,,,,,,,,,,
A15_108196,Streptophyta,True,TG(O-10:0_6:0_18:4),TG(O-10:0_6:0_18:4)+H,TG,alkyl-acyl,M+H,C,0.6024629128204114,silver,0.0577511911290738,0.1426700000000007,3.0,2.0,C37 H65 O5
A15_113487,Streptophyta,False,,,,,,,,,,,,,
A15_79530,Streptophyta,False,,,,,,,,,,,,,
A15_141420,Streptophyta,False,,,,,,,,,,,,,
A15_73267,Streptophyta,True,PG(12:1_28:8),PG(12:1_28:8)+NH4,PG,diacyl,M+NH4,C,0.0233643852837222,bronze,0.1682682247789809,0.1411233381355927,1.0,1.0,C46 H77 N1 O10 P1
A15_49461,Streptophyta,True,TG(32:5)+OO:(s),TG(32:5)+NH4+OO:(s),TG,triacyl,M+NH4,C,0.0657524242646418,bronze,1.7468148523527127,0.1739305,1.0,1.0,C35 H60 N1 O8
A15_208952,Streptophyta,True,TG(34:2_22:5),TG(34:2_22:5)+H,TG,triacyl,M+H,C,0.2611192064179684,silver,0.5350546099370624,0.1585289999999979,2.0,2.0,C59 H101 O6
A15_50621,Streptophyta,False,,,,,,,,,,,,,
A15_57590,Streptophyta,False,,,,,,,,,,,,,
A15_134145,Bacillota,True,PG(15:1_15:0),PG(15:1_15:0)+NH4,PG,diacyl,M+NH4,B,1.6398353773030991,gold,1.4499448308712273,0.2903200000000012,17.0,9.0,C36 H73 N1 O10 P1
A15_149061,Basidiomycota,True,PC(36:4),PC(36:4)+H,PC,diacyl,M+H,C,3.302585092994046,silver,2.445536710567574,0.0237442690085494,32.0,4.0,C44 H81 N1 O8 P1
A15_107251,Streptophyta,False,,,,,,,,,,,,,
A15_36638,Methanobacteriota,False,,,,,,,,,,,,,
A15_121725,Streptophyta,False,,,,,,,,,,,,,
A15_65222,Streptophyta,False,,,,,,,,,,,,,
A15_207489,Streptophyta,False,,,,,,,,,,,,,
A15_61680,Streptophyta,False,,,,,,,,,,,,,
A15_57127,Basidiomycota,False,,,,,,,,,,,,,
A15_58649,Basidiomycota,False,,,,,,,,,,,,,
A15_56126,Basidiomycota,False,,,,,,,,,,,,,
A15_141042,Streptophyta,True,DG(18:1_18:3),DG(18:1_18:3)+NH4,DG,diacyl,M+NH4,A,1.2625710533431995,gold,0.6486382613007771,0.0536535750316584,7.0,6.0,C39 H72 N1 O5
A15_69273,Streptophyta,False,,,,,,,,,,,,,
A15_112167,Streptophyta,False,,,,,,,,,,,,,
A15_113421,Streptophyta,False,,,,,,,,,,,,,
A15_92534,Streptophyta,True,TG(3:0_6:0_18:0),TG(3:0_6:0_18:0)+NH4,TG,triacyl,M+NH4,B,0.9783631636591822,gold,1.64876895660868,0.0711921726783852,4.0,4.0,C30 H60 N1 O6
A15_68570,Basidiomycota,False,,,,,,,,,,,,,
A15_45125,Ascomycota,False,,,,,,,,,,,,,
A15_99722,Streptophyta,True,TG(34:4)+O:(s),TG(34:4)+H+O:(s),TG,triacyl,M+H,C,0.8166926174365602,silver,0.022092800218802,0.2246632307357803,2.0,5.0,C37 H63 O7
A15_168562,Methanobacteriota,False,,,,,,,,,,,,,
A15_146959,Streptophyta,True,DG(O-29:3),DG(O-29:3)+NH4,DG,alkyl-acyl,M+NH4,C,0.3143230131777217,bronze,4.875437622930554,0.0574869999999982,1.0,2.0,C32 H62 N1 O4
A15_152076,Streptophyta,False,,,,,,,,,,,,,
A15_157830,Streptophyta,True,PG(17:0_17:1),PG(17:0_17:1)+H,PG,diacyl,M+H,A,0.2200743819000175,silver,0.1137110675391067,0.2410630000000004,1.0,2.0,C40 H78 O10 P1
A15_26139,Streptophyta,False,,,,,,,,,,,,,
A15_4230,Streptophyta,True,TG(5:0_13:1),TG(5:0_13:1)+Na,TG,triacyl,M+Na,C,0.1919741950862065,silver,1.2952902398474215,0.0948303999999999,2.0,1.0,C21 H36 Na1 O6
A15_48135,Streptophyta,False,,,,,,,,,,,,,
A15_111878,Streptophyta,False,,,,,,,,,,,,,
A15_106838,Streptophyta,False,,,,,,,,,,,,,
A15_207487,Streptophyta,False,,,,,,,,,,,,,
A15_192977,Bacillota,False,,,,,,,,,,,,,
A15_103681,Streptophyta,True,TG(16:1_18:4),TG(16:1_18:4)+NH4,TG,triacyl,M+NH4,C,0.2950101821719457,bronze,4.517973626990781,0.2961865011044384,1.0,1.0,C37 H64 N1 O6
A15_195138,Streptophyta,False,,,,,,,,,,,,,
A15_73292,Streptophyta,True,DG(P-6:0_20:6),DG(P-6:0_20:6)+H,DG,alkenyl-acyl,M+H,C,0.2687800793992526,bronze,1.6010716216465353,0.0411283000000004,1.0,1.0,C29 H45 O4
A15_20597,Bacillota,False,,,,,,,,,,,,,
A15_17001,Bacillota,False,,,,,,,,,,,,,
A15_15496,Bacillota,False,,,,,,,,,,,,,
A15_140689,Ascomycota,True,PC(35:5),PC(35:5)+H,PC,diacyl,M+H,C,3.079441541679836,silver,3.096060769423536,0.2514115000000014,17.0,7.0,C43 H77 N1 O8 P1
A15_44721,Bacillota,False,,,,,,,,,,,,,
A15_38106,Bacillota,False,,,,,,,,,,,,,
A15_129744,Bacillota,True,WE(O-30:5),WE(O-30:5)+NH4,WE,Wax monoesters,M+NH4,C,0.2004988634854277,bronze,0.2005005406172556,0.1125489999999995,1.0,2.0,C30 H54 N1 O2
A15_79628,Streptophyta,False,,,,,,,,,,,,,
A15_77899,Streptophyta,False,,,,,,,,,,,,,
A15_108326,Streptophyta,True,Cer(d16:1_18:1)+O:(s),Cer(d16:1_18:1)+H+O:(s),Cer,acylsphingosines,M+H,A,1.2668691108775183,gold,0.853831493668558,0.1003450000000008,3.0,5.0,C34 H66 N1 O4
A15_116964,Streptophyta,True,DG(O-13:0_18:3),DG(O-13:0_18:3)+Na,DG,alkyl-acyl,M+Na,C,0.7046799420829172,silver,0.6270209610125813,0.1905349084987619,3.0,3.0,C34 H62 Na1 O4
A15_104132,Streptophyta,False,,,,,,,,,,,,,
A15_150776,Streptophyta,False,,,,,,,,,,,,,
A15_107511,Bacillota,False,,,,,,,,,,,,,
A15_102234,Bacillota,False,,,,,,,,,,,,,
A15_103381,Bacillota,False,,,,,,,,,,,,,
A15_137739,Streptophyta,False,,,,,,,,,,,,,
A15_141675,Streptophyta,False,,,,,,,,,,,,,
A15_36224,Streptophyta,False,,,,,,,,,,,,,
A15_173196,Pseudomonadota,True,MGDG(16:0_18:2),MGDG(16:0_18:2)+Na,MGDG,Monogalactosyldiacylglycerol,M+Na,C,0.0798615667983091,bronze,1.135971302810145,0.0860426553832844,1.0,1.0,C43 H78 Na1 O10
A15_77897,Streptophyta,False,,,,,,,,,,,,,
A15_60334,Basidiomycota,True,LPC(P-17:2),LPC(P-17:2)+H,LPC,monoalkenyl,M+H,C,0.4099347784721732,bronze,2.001117511354811,0.173926037191844,1.0,1.0,C25 H49 N1 O6 P1
A15_61877,Basidiomycota,True,LPC(P-17:2),LPC(P-17:2)+H,LPC,monoalkenyl,M+H,C,0.4099347784721732,bronze,2.168352650478984,0.144226037191844,1.0,1.0,C25 H49 N1 O6 P1
A15_64232,Basidiomycota,True,LPC(P-17:2),LPC(P-17:2)+H,LPC,monoalkenyl,M+H,C,0.4099347784721732,bronze,2.0908534326939288,0.1013260371918445,1.0,1.0,C25 H49 N1 O6 P1
A15_182236,Streptophyta,False,,,,,,,,,,,,,
A15_60989,Streptophyta,False,,,,,,,,,,,,,
A15_5184,Basidiomycota,False,,,,,,,,,,,,,
A15_6599,Basidiomycota,False,,,,,,,,,,,,,
A15_115460,Streptophyta,False,,,,,,,,,,,,,
A15_210625,Streptophyta,False,,,,,,,,,,,,,
A15_179480,Bacillota,True,DG(O-25:8_16:3),DG(O-25:8_16:3)+Na,DG,alkyl-acyl,M+Na,C,0.7496046971721352,bronze,1.5499758660958618,0.0110290000000006,1.0,1.0,C44 H66 Na1 O4
A15_181280,Bacillota,True,DG(O-25:8_16:3),DG(O-25:8_16:3)+Na,DG,alkyl-acyl,M+Na,C,0.7496046971721352,bronze,1.5617149514878754,0.0257709999999988,1.0,1.0,C44 H66 Na1 O4
A15_67430,Streptophyta,False,,,,,,,,,,,,,
A15_114317,Streptophyta,False,,,,,,,,,,,,,
A15_99521,Streptophyta,False,,,,,,,,,,,,,
A15_22984,Streptophyta,False,,,,,,,,,,,,,
A15_120742,Streptophyta,True,TG(P-11:0_15:2_5:0),TG(P-11:0_15:2_5:0)+Na,TG,alkenyl-acyl,M+Na,C,0.5543529712758576,bronze,0.6148442340105128,0.186092651211073,1.0,1.0,C34 H60 Na1 O5
A15_81944,Streptophyta,False,,,,,,,,,,,,,
A15_47405,Streptophyta,False,,,,,,,,,,,,,
A15_90096,Streptophyta,False,,,,,,,,,,,,,
A15_40398,Streptophyta,False,,,,,,,,,,,,,
A15_218269,Bacillota,False,,,,,,,,,,,,,
A15_141217,Streptophyta,True,Hex1Cer(d18:2_16:1),Hex1Cer(d18:2_16:1)+H,Hex1Cer,Ceramide monosaccharides,M+H,B,0.6567262550992683,gold,3.653493455068637,0.1004272041283478,4.0,4.0,C40 H74 N1 O8
A15_17684,Basidiomycota,True,TG(21:5_2:0_2:0),TG(21:5_2:0_2:0)+H,TG,triacyl,M+H,C,0.0638471942299904,bronze,1.6283549359723408,0.0992767999999997,1.0,1.0,C28 H43 O6
A15_32069,Methanobacteriota,False,,,,,,,,,,,,,
A15_159345,Basidiomycota,True,BisMePA(36:4),BisMePA(36:4)+NH4,BisMePA,diacyl,M+NH4,C,2.118667115457664,silver,1.9462016586025488,0.2284778965708458,20.0,12.0,C41 H77 N1 O8 P1
A15_161717,Basidiomycota,True,BisMePA(36:4),BisMePA(36:4)+NH4,BisMePA,diacyl,M+NH4,C,2.118667115457664,silver,0.5536773322812244,0.2606778965708471,20.0,11.0,C41 H77 N1 O8 P1
A15_160801,Basidiomycota,True,BisMePA(36:4),BisMePA(36:4)+NH4,BisMePA,diacyl,M+NH4,C,2.118667115457664,silver,0.6802702925840814,0.2734778965708457,20.0,11.0,C41 H77 N1 O8 P1
A15_10782,Bacillota,False,,,,,,,,,,,,,
A15_8429,Bacillota,False,,,,,,,,,,,,,
A15_50296,Ascomycota,False,,,,,,,,,,,,,
A15_100791,Streptophyta,False,,,,,,,,,,,,,
A15_174410,Streptophyta,False,,,,,,,,,,,,,
A15_229316,Bacillota,True,TG(15:0_16:0_16:0),TG(15:0_16:0_16:0)+NH4,TG,triacyl,M+NH4,A,1.0,gold,0.1244180760796923,0.1054135322366605,59.0,24.0,C50 H100 N1 O6
A15_147964,Pseudomonadota,True,DG(P-15:2_18:1),DG(P-15:2_18:1)+H,DG,alkenyl-acyl,M+H,C,0.4039315397258535,bronze,1.408254763847413,0.00893182965949,1.0,3.0,C36 H65 O4
A15_146317,Pseudomonadota,True,DG(P-15:2_18:1),DG(P-15:2_18:1)+H,DG,alkenyl-acyl,M+H,C,0.4039315397258535,bronze,1.3637300884033663,0.0247681703405096,1.0,3.0,C36 H65 O4
A15_30234,Streptophyta,True,LPG(O-16:0),LPG(O-16:0)+H,LPG,monoalkyl,M+H,C,0.1630740644318786,silver,2.066550331666293,0.0909548499999997,2.0,2.0,C22 H48 O8 P1
A15_72381,Streptophyta,False,,,,,,,,,,,,,
A15_41898,Ascomycota,True,PI(27:6_15:0),PI(27:6_15:0)+H,PI,diacyl,M+H,C,0.0130224542288821,bronze,1.6988957739046209,0.2377666999999999,1.0,1.0,C51 H88 O13 P1
A15_42858,Ascomycota,True,DG(23:6_2:0),DG(23:6_2:0)+Na,DG,diacyl,M+Na,C,0.6969065509188803,silver,1.6468741709510335,0.084145044299345,2.0,2.0,C28 H42 Na1 O5
A15_70489,Streptophyta,False,,,,,,,,,,,,,
A15_96022,Streptophyta,False,,,,,,,,,,,,,
A15_91068,Streptophyta,True,TG(27:2_3:0)+O:(s),TG(27:2_3:0)+Na+O:(s),TG,triacyl,M+Na,C,0.2072177963351697,silver,0.2218950931757403,0.1019429600283921,2.0,2.0,C33 H58 Na1 O7
A15_205561,Streptophyta,True,DG(O-18:4_16:0),DG(O-18:4_16:0)+H,DG,alkyl-acyl,M+H,C,0.5994316593242476,bronze,1.4209113670068456,0.2933160000000008,1.0,1.0,C37 H67 O4
A15_45720,Ascomycota,True,PEt(O-5:0_14:2),PEt(O-5:0_14:2)+Li,PEt,alkyl-acyl,M+Li,C,0.1435001611242106,silver,2.6033153218844856,0.1192804845954933,2.0,1.0,C24 H45 Li1 O7 P1
A15_35129,Streptophyta,False,,,,,,,,,,,,,
A15_17573,Bacillota,False,,,,,,,,,,,,,
A15_17786,Streptophyta,True,TG(26:7),TG(26:7)+NH4,TG,triacyl,M+NH4,C,0.0676260464727245,bronze,3.052787452960871,0.2999844332388783,5.0,2.0,C29 H44 N1 O6
A15_214417,Streptophyta,True,TG(18:2_18:2_18:3)+O:(s),TG(18:2_18:2_18:3)+NH4+O:(s),TG,triacyl,M+NH4,A,0.961199480757038,gold,0.7156174529020584,0.1447250000000011,6.0,15.0,C57 H100 N1 O7
A15_67956,Basidiomycota,True,TG(18:1_18:2)+OO:(s),TG(18:1_18:2)+Na+OO:(s),TG,triacyl,M+Na,C,0.4489135637044076,bronze,2.9232970992494725,0.0677284,1.0,3.0,C39 H68 Na1 O8
A15_49356,Streptophyta,False,,,,,,,,,,,,,
A15_177241,Basidiomycota,False,,,,,,,,,,,,,
A15_23146,Ascomycota,False,,,,,,,,,,,,,
A15_180603,Actinomycetota,True,DG(20:4_20:5),DG(20:4_20:5)+NH4,DG,diacyl,M+NH4,A,0.0799896494034641,bronze,3.831526779559234,0.0413050000000012,1.0,2.0,C43 H70 N1 O5
A15_42342,Streptophyta,False,,,,,,,,,,,,,
A15_103928,Streptophyta,True,TG(18:1_18:4)+O:(s),TG(18:1_18:4)+H+O:(s),TG,triacyl,M+H,C,0.4583793107802402,bronze,2.220232446718265,0.1472785912904584,1.0,3.0,C39 H65 O7
A15_102728,Streptophyta,True,TG(5:0_29:2)+O:(s),TG(5:0_29:2)+Na+O:(s),TG,triacyl,M+Na,C,0.115014690490672,bronze,1.405783266705232,0.0306554000000005,1.0,3.0,C37 H66 Na1 O7
A15_30558,Bacillota,False,,,,,,,,,,,,,
A15_1513,Pseudomonadota,False,,,,,,,,,,,,,
A15_115552,Streptophyta,False,,,,,,,,,,,,,
A15_178708,Bacillota,False,,,,,,,,,,,,,
A15_71470,Streptophyta,False,,,,,,,,,,,,,
A15_209205,Streptophyta,True,TG(16:0_16:0_18:4),TG(16:0_16:0_18:4)+Na,TG,triacyl,M+Na,A,0.8478048592916559,gold,0.804733651660282,0.1734159999999995,7.0,6.0,C53 H94 Na1 O6
A15_24897,Streptophyta,False,,,,,,,,,,,,,
A15_175564,Streptophyta,False,,,,,,,,,,,,,
A15_68571,Streptophyta,False,,,,,,,,,,,,,
A15_32518,Bacillota,False,,,,,,,,,,,,,
A15_124087,Streptophyta,True,DG(18:1_18:4),DG(18:1_18:4)+H,DG,diacyl,M+H,A,0.8856883603516376,gold,0.7181796354535365,0.0033733001215789,4.0,13.0,C39 H67 O5
A15_109757,Streptophyta,True,TG(17:2_16:0)+O:(s),TG(17:2_16:0)+NH4+O:(s),TG,triacyl,M+NH4,C,0.1700534845707925,bronze,0.6980706245554569,0.1476452019867533,1.0,1.0,C36 H68 N1 O7
A15_205988,Streptophyta,True,DG(O-25:8_18:2),DG(O-25:8_18:2)+H,DG,alkyl-acyl,M+H,C,0.417218236434799,bronze,1.302681582961783,0.0927919999999993,1.0,2.0,C46 H73 O4
A15_74606,Streptophyta,False,,,,,,,,,,,,,
A15_130864,Streptophyta,True,TG(18:0_18:3),TG(18:0_18:3)+NH4,TG,triacyl,M+NH4,C,0.8747184396088714,silver,0.5973616162168617,0.2900711165742216,6.0,4.0,C39 H72 N1 O6
A15_1778,Bacillota,False,,,,,,,,,,,,,
A15_3814,Bacillota,False,,,,,,,,,,,,,
A15_47833,Streptophyta,False,,,,,,,,,,,,,
A15_31302,Streptophyta,False,,,,,,,,,,,,,
A15_60266,Streptophyta,True,TG(18:4_9:0_9:0)+OO:(s),TG(18:4_9:0_9:0)+NH4+OO:(s),TG,triacyl,M+NH4,C,0.1714620309019247,bronze,2.571559781137213,0.1422973068357853,1.0,1.0,C39 H70 N1 O8
A15_137706,Streptophyta,True,TG(3:0_18:0_15:2)+O:(s),TG(3:0_18:0_15:2)+NH4+O:(s),TG,triacyl,M+NH4,B,0.2726156503591387,gold,1.494515088536675,0.2357871104659459,2.0,10.0,C39 H74 N1 O7
A15_43459,Bacillota,False,,,,,,,,,,,,,
A15_44726,Bacillota,False,,,,,,,,,,,,,
A15_41640,Bacillota,False,,,,,,,,,,,,,
A15_3816,Bacillota,False,,,,,,,,,,,,,
A15_1650,Bacillota,False,,,,,,,,,,,,,
A15_161875,Actinomycetota,True,MGDG(14:0_17:0),MGDG(14:0_17:0)+Na,MGDG,Monogalactosyldiacylglycerol,M+Na,A,1.0744730083712883,silver,3.769535008892452,0.282192181272892,1.0,1.0,C40 H76 Na1 O10
A15_194375,Streptophyta,False,,,,,,,,,,,,,
A15_105823,Streptophyta,False,,,,,,,,,,,,,
A15_2138,Streptophyta,False,,,,,,,,,,,,,
A15_194649,Streptophyta,False,,,,,,,,,,,,,
A15_217078,Streptophyta,False,,,,,,,,,,,,,
A15_194736,Bacillota,True,DGDG(8:0_22:1),DGDG(8:0_22:1)+Na,DGDG,Digalactosyldiacylglycerol,M+Na,C,0.2740365309845525,silver,1.1410368660703238,0.2479269098605314,2.0,3.0,C45 H82 Na1 O15
A15_197640,Bacillota,True,PI(20:4_18:1),PI(20:4_18:1)+H,PI,diacyl,M+H,C,0.1762539901193554,bronze,1.4053329600466329,0.0131329999999998,1.0,2.0,C47 H82 O13 P1
A15_192324,Bacillota,True,DGDG(10:0_20:1),DGDG(10:0_20:1)+Na,DGDG,Digalactosyldiacylglycerol,M+Na,C,2.1415666331188064,silver,1.0238285852033675,0.2777527718958694,6.0,4.0,C45 H82 Na1 O15
A15_200412,Bacillota,True,DGDG(10:0_20:1),DGDG(10:0_20:1)+Na,DGDG,Digalactosyldiacylglycerol,M+Na,C,0.0272087477521185,bronze,1.959797818093979,0.0810299999999983,1.0,2.0,C45 H82 Na1 O15
A15_85020,Streptophyta,True,MG(26:5),MG(26:5)+NH4,MG,monoacyl,M+NH4,C,0.3626086541150776,bronze,0.8767571237785775,0.093729644256518,1.0,2.0,C29 H52 N1 O4
A15_184195,Streptophyta,False,,,,,,,,,,,,,
A15_213455,Methanobacteriota,False,,,,,,,,,,,,,
A15_211671,Methanobacteriota,False,,,,,,,,,,,,,
A15_51172,Basidiomycota,False,,,,,,,,,,,,,
A15_49439,Basidiomycota,False,,,,,,,,,,,,,
A15_39739,Streptophyta,False,,,,,,,,,,,,,
A15_141030,Streptophyta,False,,,,,,,,,,,,,
A15_16448,Bacillota,False,,,,,,,,,,,,,
A15_14367,Bacillota,False,,,,,,,,,,,,,
A15_18817,Bacillota,False,,,,,,,,,,,,,
A15_1944,Bacillota,False,,,,,,,,,,,,,
A15_4626,Bacillota,False,,,,,,,,,,,,,
A15_155572,Streptophyta,True,TG(22:7_18:3_19:4),TG(22:7_18:3_19:4)+NH4,TG,triacyl,M+NH4,B,0.0877932189470869,bronze,0.3547922760311817,0.1965541803278707,1.0,1.0,C62 H96 N1 O6
A15_98426,Streptophyta,False,,,,,,,,,,,,,
A15_55134,Streptophyta,False,,,,,,,,,,,,,
A15_102359,Streptophyta,False,,,,,,,,,,,,,
A15_105664,Streptophyta,False,,,,,,,,,,,,,
A15_61232,Streptophyta,False,,,,,,,,,,,,,
A15_72325,Streptophyta,False,,,,,,,,,,,,,
A15_111139,Streptophyta,False,,,,,,,,,,,,,
A15_201931,Streptophyta,False,,,,,,,,,,,,,
A15_77917,Streptophyta,True,PG(12:1_28:8),PG(12:1_28:8)+NH4,PG,diacyl,M+NH4,C,0.0233643852837222,bronze,0.1359145064372582,0.1370766618644072,1.0,1.0,C46 H77 N1 O10 P1
A15_105118,Bacillota,False,,,,,,,,,,,,,
A15_60287,Ascomycota,False,,,,,,,,,,,,,
A15_57531,Ascomycota,False,,,,,,,,,,,,,
A15_58829,Ascomycota,False,,,,,,,,,,,,,
A15_120859,Streptophyta,True,DG(15:2_16:1),DG(15:2_16:1)+NH4,DG,diacyl,M+NH4,B,0.3253656876063258,silver,0.0170912808923909,0.2580390000000001,1.0,2.0,C34 H64 N1 O5
A15_213914,Streptophyta,True,SiE(17:2),SiE(17:2)+H,SiE,sterolEsters,M+H,A,0.3402200338246307,gold,0.1838065686243573,0.0523179999999996,3.0,1.0,C46 H79 O2
A15_12065,Methanobacteriota,True,WE(O-20:2),WE(O-20:2)+NH4,WE,Wax monoesters,M+NH4,C,0.1160639712681853,silver,1.5264783832573543,0.1379166999999999,3.0,1.0,C20 H40 N1 O2
A15_157757,Actinomycetota,False,,,,,,,,,,,,,
A15_71369,Basidiomycota,True,TG(9:0_15:0),TG(9:0_15:0)+NH4,TG,triacyl,M+NH4,B,0.6843785199754935,gold,2.680893685680821,0.0769002070886353,2.0,4.0,C27 H54 N1 O6
A15_85769,Streptophyta,True,MePC(26:1),MePC(26:1)+H,MePC,diacyl,M+H,C,0.70701784333721,silver,3.22631139970676,0.2451037000000013,3.0,2.0,C35 H70 N1 O8 P1
A15_158894,Bacillota,True,SM(d36:2)+D9:(s),SM(d36:2)+H+D9:(s),SM,sphingomyelin_D7LCB,M+H,C,1.0,silver,0.4254595106345833,0.1780692362593825,9.0,2.0,C41 H73 D9 N2 O6 P1
A15_163010,Bacillota,True,SM(d36:2)+D9:(s),SM(d36:2)+H+D9:(s),SM,sphingomyelin_D7LCB,M+H,C,0.7397858654476729,silver,1.2411336406721545,0.2352125000000011,31.0,3.0,C41 H73 D9 N2 O6 P1
A15_30546,Ascomycota,True,DG(P-25:6),DG(P-25:6)+NH4,DG,alkenyl-acyl,M+NH4,C,0.2628754158211105,silver,1.1791026256160164,0.0888915999999993,3.0,2.0,C28 H46 N1 O4
A15_122886,Streptophyta,True,DG(16:2_18:3),DG(16:2_18:3)+NH4,DG,diacyl,M+NH4,A,0.8881644125133916,silver,0.5981075026003981,0.1773260000000007,1.0,2.0,C37 H66 N1 O5
A15_88661,Streptophyta,True,PG(19:4_16:0),PG(19:4_16:0)+NH4,PG,diacyl,M+NH4,C,0.0637169961593792,bronze,0.5674067822839053,0.133918533342964,2.0,3.0,C41 H77 N1 O10 P1
A15_172478,Streptophyta,False,,,,,,,,,,,,,
A15_139854,Ascomycota,False,,,,,,,,,,,,,
A15_142210,Ascomycota,False,,,,,,,,,,,,,
A15_144578,Ascomycota,False,,,,,,,,,,,,,
A15_138774,Ascomycota,False,,,,,,,,,,,,,
A15_207856,Streptophyta,False,,,,,,,,,,,,,
A15_1921,Streptophyta,True,PEt(O-5:0_12:1),PEt(O-5:0_12:1)+H,PEt,alkyl-acyl,M+H,C,0.1206147909282494,silver,0.2926883423421123,0.1303150016077461,2.0,1.0,C22 H44 O7 P1
A15_213188,Streptophyta,True,TG(18:2_18:1_18:2)+OO:(s),TG(18:2_18:1_18:2)+NH4+OO:(s),TG,triacyl,M+NH4,B,0.4190666469417314,gold,2.7271371344294018,0.0825916415604588,4.0,9.0,C57 H104 N1 O8
A15_111404,Streptophyta,True,TG(15:0_16:1),TG(15:0_16:1)+Na,TG,triacyl,M+Na,C,0.4526003531964637,silver,0.1252966017296028,0.2044358648936803,2.0,2.0,C34 H62 Na1 O6
A15_221139,Ascomycota,False,,,,,,,,,,,,,
A15_179152,Pseudomonadota,False,,,,,,,,,,,,,
A15_159189,Bacillota,True,PA(15:0_18:2),PA(15:0_18:2)+NH4,PA,diacyl,M+NH4,A,1.5337729034189238,gold,0.1632786731282637,0.0243342883213575,2.0,10.0,C36 H71 N1 O8 P1
A15_55746,Streptophyta,False,,,,,,,,,,,,,
A15_26459,Streptophyta,False,,,,,,,,,,,,,
A15_68009,Streptophyta,False,,,,,,,,,,,,,
A15_188089,Streptophyta,False,,,,,,,,,,,,,
A15_83408,Streptophyta,True,PG(16:1_16:3),PG(16:1_16:3)+H,PG,diacyl,M+H,A,0.8060331477853967,silver,0.3713002150509015,0.0553444000000009,1.0,1.0,C38 H68 O10 P1
A15_186367,Streptophyta,True,TG(9:0_16:0_20:5)+O:(s),TG(9:0_16:0_20:5)+NH4+O:(s),TG,triacyl,M+NH4,A,1.1306775929586368,silver,0.6868833979887244,0.0126129999999982,1.0,1.0,C48 H86 N1 O7
A15_152025,Streptophyta,False,,,,,,,,,,,,,
A15_115201,Streptophyta,False,,,,,,,,,,,,,
A15_225872,Bacillota,False,,,,,,,,,,,,,
A15_37245,Bacillota,False,,,,,,,,,,,,,
A15_34213,Bacillota,False,,,,,,,,,,,,,
A15_136453,Basidiomycota,True,PA(36:4),PA(36:4)+Na,PA,diacyl,M+Na,C,0.2135004351551623,silver,0.4620684869927272,0.2688188519185317,4.0,2.0,C39 H69 Na1 O8 P1
A15_139797,Streptophyta,False,,,,,,,,,,,,,
A15_108460,Streptophyta,True,TG(27:3_9:0)+O:(s),TG(27:3_9:0)+NH4+O:(s),TG,triacyl,M+NH4,B,0.3808699987216158,gold,1.3008771902647458,0.0646880000000003,2.0,10.0,C39 H72 N1 O7
A15_36182,Methanobacteriota,False,,,,,,,,,,,,,
A15_124408,Streptophyta,False,,,,,,,,,,,,,
A15_80789,Streptophyta,False,,,,,,,,,,,,,
A15_53460,Streptophyta,False,,,,,,,,,,,,,
A15_94353,Streptophyta,False,,,,,,,,,,,,,
A15_42377,Mucoromycota,False,,,,,,,,,,,,,
A15_51111,Streptophyta,False,,,,,,,,,,,,,
A15_52996,Streptophyta,False,,,,,,,,,,,,,
A15_50024,Streptophyta,False,,,,,,,,,,,,,
A15_86244,Streptophyta,False,,,,,,,,,,,,,
A15_138953,Bacillota,False,,,,,,,,,,,,,
A15_50210,Streptophyta,False,,,,,,,,,,,,,
A15_103932,Streptophyta,False,,,,,,,,,,,,,
A15_50852,Streptophyta,False,,,,,,,,,,,,,
A15_123777,Bacillota,True,MG(O-25:3),MG(O-25:3)+NH4,MG,monoalkyl,M+NH4,C,0.4146197524387039,bronze,0.7172093492866486,0.13748,1.0,1.0,C28 H56 N1 O3
A15_131761,Bacillota,False,,,,,,,,,,,,,
A15_126176,Bacillota,True,MG(O-25:3),MG(O-25:3)+NH4,MG,monoalkyl,M+NH4,C,0.4146197524387039,bronze,0.9944831873652892,0.2136800000000001,1.0,1.0,C28 H56 N1 O3
A15_170513,Streptophyta,False,,,,,,,,,,,,,
A15_33681,Ascomycota,True,LPC(17:1),LPC(17:1)+H,LPC,monoacyl,M+H,C,1.6282852674847228,silver,0.2100496475444125,0.2247438499999985,9.0,5.0,C25 H51 N1 O7 P1
A15_55799,Streptophyta,False,,,,,,,,,,,,,
A15_96086,Streptophyta,False,,,,,,,,,,,,,
A15_225503,Ascomycota,False,,,,,,,,,,,,,
A15_224959,Ascomycota,False,,,,,,,,,,,,,
A15_225393,Ascomycota,False,,,,,,,,,,,,,
A15_75615,Basidiomycota,False,,,,,,,,,,,,,
A15_136631,Streptophyta,True,DG(15:2_16:0),DG(15:2_16:0)+NH4,DG,diacyl,M+NH4,B,0.3980774114703141,gold,1.063142658108687,0.1571653849307637,2.0,5.0,C34 H66 N1 O5
A15_162590,Bacillota,False,,,,,,,,,,,,,
A15_222381,Bacillota,True,TG(18:1_18:1_18:2)+O:(s),TG(18:1_18:1_18:2)+NH4+O:(s),TG,triacyl,M+NH4,A,1.063780170155242,gold,1.5193431084656126,0.1162042084043157,6.0,11.0,C57 H106 N1 O7
A15_176983,Ascomycota,False,,,,,,,,,,,,,
A15_141613,Basidiomycota,False,,,,,,,,,,,,,
A15_143307,Basidiomycota,False,,,,,,,,,,,,,
A15_107707,Streptophyta,False,,,,,,,,,,,,,
A15_19213,Pseudomonadota,False,,,,,,,,,,,,,
A15_23717,Bacillota,False,,,,,,,,,,,,,
A15_27941,Bacillota,False,,,,,,,,,,,,,
A15_21912,Bacillota,False,,,,,,,,,,,,,
A15_139258,Basidiomycota,True,TG(18:0_18:2),TG(18:0_18:2)+NH4,TG,triacyl,M+NH4,C,0.3311147052085445,silver,1.4039751907678313,0.2745290000000011,3.0,4.0,C39 H74 N1 O6
A15_137486,Basidiomycota,True,TG(18:0_18:2),TG(18:0_18:2)+NH4,TG,triacyl,M+NH4,C,0.3311147052085445,silver,1.4545461433751077,0.2536290000000001,3.0,3.0,C39 H74 N1 O6
A15_146249,Basidiomycota,True,TG(20:4_7:0_16:0)+OO:(s),TG(20:4_7:0_16:0)+Na+OO:(s),TG,triacyl,M+Na,C,0.5453082755960643,bronze,0.7617643746294018,0.0517469999999988,1.0,1.0,C46 H80 Na1 O8
A15_99468,Streptophyta,True,PS(17:2_16:0),PS(17:2_16:0)+H,PS,diacyl,M+H,C,0.0361118654325998,bronze,1.281434086758411,0.1709809103376152,2.0,3.0,C39 H73 N1 O10 P1
A15_20734,Bacillota,False,,,,,,,,,,,,,
A15_170910,Actinomycetota,False,,,,,,,,,,,,,
A15_113317,Streptophyta,False,,,,,,,,,,,,,
A15_122117,Streptophyta,False,,,,,,,,,,,,,
A15_216229,Streptophyta,True,TG(16:2_18:2_16:3),TG(16:2_18:2_16:3)+NH4,TG,triacyl,M+NH4,A,0.6441399629628678,gold,2.4718441672559623,0.0066621927862975,2.0,5.0,C53 H92 N1 O6
A15_18446,Bacillota,False,,,,,,,,,,,,,
A15_205010,Streptophyta,True,TG(39:7_15:2)+OO:(s),TG(39:7_15:2)+H+OO:(s),TG,triacyl,M+H,C,0.0519436881612941,bronze,4.1228802445682415,0.1841059999999998,1.0,1.0,C57 H93 O8
A15_61546,Streptophyta,True,TG(15:0_18:4),TG(15:0_18:4)+Na,TG,triacyl,M+Na,C,0.4754977464510583,silver,0.6290460711386483,0.1161707999999999,2.0,1.0,C36 H60 Na1 O6
A15_46104,Streptophyta,False,,,,,,,,,,,,,
A15_19584,Streptophyta,False,,,,,,,,,,,,,
A15_164306,Streptophyta,False,,,,,,,,,,,,,
A15_178500,Streptophyta,True,TG(23:0_16:1)+O:(s),TG(23:0_16:1)+NH4+O:(s),TG,triacyl,M+NH4,C,0.0410033461607032,bronze,0.9727216183450778,0.1208443524657596,1.0,1.0,C42 H82 N1 O7
A15_84462,Streptophyta,False,,,,,,,,,,,,,
A15_59536,Streptophyta,False,,,,,,,,,,,,,
A15_52823,Streptophyta,False,,,,,,,,,,,,,
A15_186441,Pseudomonadota,True,TG(27:2_16:1)+OO:(s),TG(27:2_16:1)+NH4+OO:(s),TG,triacyl,M+NH4,C,0.2898360405588799,bronze,1.3149553338433084,0.2221083146551699,1.0,1.0,C46 H86 N1 O8
A15_61948,Streptophyta,False,,,,,,,,,,,,,
A15_96526,Bacillota,False,,,,,,,,,,,,,
A15_98165,Bacillota,False,,,,,,,,,,,,,
A15_100976,Bacillota,False,,,,,,,,,,,,,
A15_47879,Streptophyta,False,,,,,,,,,,,,,
A15_68893,Actinomycetota,False,,,,,,,,,,,,,
A15_163413,Streptophyta,True,DG(P-15:2_17:0),DG(P-15:2_17:0)+H,DG,alkenyl-acyl,M+H,C,0.6706792232918559,bronze,0.0890810698898453,0.1936926937984484,1.0,1.0,C35 H65 O4
A15_213374,Streptophyta,False,,,,,,,,,,,,,
A15_99195,Streptophyta,True,PS(36:4),PS(36:4)+H,PS,diacyl,M+H,C,0.2609219355342146,silver,2.4372789054766417,0.0245093843220338,3.0,3.0,C42 H75 N1 O10 P1
A15_55468,Streptophyta,False,,,,,,,,,,,,,
A15_21381,Bacillota,False,,,,,,,,,,,,,
A15_634,Streptophyta,True,DG(13:1_2:0),DG(13:1_2:0)+Na,DG,diacyl,M+Na,C,0.1634173179964738,bronze,0.5804708523722695,0.0125627999999999,1.0,1.0,C18 H32 Na1 O5
A15_8445,Streptophyta,False,,,,,,,,,,,,,
A15_78918,Streptophyta,False,,,,,,,,,,,,,
A15_182591,Actinomycetota,True,DG(P-15:2_18:0),DG(P-15:2_18:0)+H,DG,alkenyl-acyl,M+H,B,0.563359638985201,silver,2.3576206510666218,0.0263859999999986,1.0,4.0,C36 H67 O4
A15_183657,Actinomycetota,True,DG(P-15:2_18:0),DG(P-15:2_18:0)+H,DG,alkenyl-acyl,M+H,B,0.563359638985201,silver,2.393113035308213,0.0115859999999976,1.0,4.0,C36 H67 O4
A15_65880,Streptophyta,True,TG(O-4:0_6:0_23:6),TG(O-4:0_6:0_23:6)+H,TG,alkyl-acyl,M+H,C,0.4235724430781009,bronze,1.665586679129697,0.0677118903874056,1.0,1.0,C36 H59 O5
A15_136488,Streptophyta,True,TG(3:0_13:0_16:0),TG(3:0_13:0_16:0)+Na,TG,triacyl,M+Na,C,0.9569252245695284,silver,1.6947006834028575,0.0753792021530959,3.0,7.0,C35 H66 Na1 O6
A15_60169,Ascomycota,False,,,,,,,,,,,,,
A15_20566,Streptophyta,False,,,,,,,,,,,,,
A15_124049,Streptophyta,True,PC(30:2),PC(30:2)+H,PC,diacyl,M+H,C,2.511167751886964,silver,1.9651425149659232,0.0194729339257602,4.0,5.0,C38 H73 N1 O8 P1
A15_125737,Streptophyta,True,PC(30:2),PC(30:2)+H,PC,diacyl,M+H,C,3.079441541679836,silver,0.189181098449136,0.2372900957050951,14.0,7.0,C38 H73 N1 O8 P1
A15_67526,Streptophyta,False,,,,,,,,,,,,,
A15_193808,Streptophyta,False,,,,,,,,,,,,,
A15_91377,Streptophyta,True,PG(15:2_21:3),PG(15:2_21:3)+NH4,PG,diacyl,M+NH4,C,0.0916187098604099,bronze,2.447009657363642,0.0855740868721461,1.0,2.0,C42 H77 N1 O10 P1
A15_114189,Streptophyta,True,DG(15:2_18:2),DG(15:2_18:2)+NH4,DG,diacyl,M+NH4,B,0.4338965617755504,gold,1.2442710839727107,0.0274886530024449,3.0,2.0,C36 H66 N1 O5
A15_58506,Streptophyta,False,,,,,,,,,,,,,
A15_79627,Streptophyta,True,TG(2:0_15:1_15:2)+OO:(s),TG(2:0_15:1_15:2)+H+OO:(s),TG,triacyl,M+H,C,0.3156824129753209,bronze,0.6024358757685492,0.2987214999999992,1.0,1.0,C35 H61 O8
A15_143152,Streptophyta,False,,,,,,,,,,,,,
A15_100477,Bacillota,True,SM(d33:5),SM(d33:5)+H,SM,acyl,M+H,C,0.1479702725420199,bronze,1.3971449670234946,0.2488928000000001,1.0,1.0,C38 H70 N2 O6 P1
A15_184812,Streptophyta,True,DG(22:1_28:7),DG(22:1_28:7)+NH4,DG,diacyl,M+NH4,C,0.0328984403085914,bronze,1.1009179851802977,0.0353293695652183,1.0,1.0,C53 H92 N1 O5
A15_1821,Streptophyta,False,,,,,,,,,,,,,
A15_20710,Bacillota,False,,,,,,,,,,,,,
A15_39320,Streptophyta,False,,,,,,,,,,,,,
A15_24972,Pseudomonadota,False,,,,,,,,,,,,,
A15_25989,Streptophyta,True,WE(O-22:4),WE(O-22:4)+NH4,WE,Wax monoesters,M+NH4,C,0.3410833275989798,silver,0.8102037702996138,0.2497866000000002,5.0,2.0,C22 H40 N1 O2
A15_100508,Streptophyta,True,PS(18:2_18:3),PS(18:2_18:3)+H,PS,diacyl,M+H,A,0.7453950693596221,gold,2.1253506835397986,0.1871517000000011,3.0,2.0,C42 H73 N1 O10 P1
A15_78486,Streptophyta,True,TG(3:0_15:2_18:3),TG(3:0_15:2_18:3)+H,TG,triacyl,M+H,B,0.4702887193111084,gold,1.6536044850948606,0.028094499999999,3.0,3.0,C39 H65 O6
A15_138530,Streptophyta,True,DG(6:0_19:2),DG(6:0_19:2)+H,DG,diacyl,M+H,C,0.3817699093053751,silver,0.6356750856501486,0.1012039999999991,2.0,1.0,C28 H51 O5
A15_145139,Streptophyta,True,TG(3:0_16:0_15:2),TG(3:0_16:0_15:2)+H,TG,triacyl,M+H,B,0.8419297298564318,gold,0.1150451640222256,0.0755542369870863,18.0,5.0,C37 H67 O6
A15_142244,Streptophyta,False,,,,,,,,,,,,,
A15_143070,Streptophyta,False,,,,,,,,,,,,,
A15_146133,Streptophyta,False,,,,,,,,,,,,,
A15_151821,Actinomycetota,True,DG(20:5_20:5),DG(20:5_20:5)+NH4,DG,diacyl,M+NH4,A,0.776113331439986,gold,2.2336592706992358,0.1733102839255345,4.0,5.0,C43 H68 N1 O5
A15_150137,Actinomycetota,True,DG(20:5_20:5),DG(20:5_20:5)+NH4,DG,diacyl,M+NH4,A,0.776113331439986,gold,2.0538522481853057,0.1491102839255358,4.0,5.0,C43 H68 N1 O5
A15_153528,Actinomycetota,True,DG(20:5_20:5),DG(20:5_20:5)+NH4,DG,diacyl,M+NH4,A,0.776113331439986,gold,2.2646096662569715,0.2619102839255358,4.0,4.0,C43 H68 N1 O5
A15_158068,Streptophyta,False,,,,,,,,,,,,,
A15_82239,Streptophyta,False,,,,,,,,,,,,,
A15_106847,Streptophyta,True,PS(18:2_18:2),PS(18:2_18:2)+H,PS,diacyl,M+H,A,1.7008000305470925,gold,0.2151982673900432,0.0941559999999999,3.0,6.0,C42 H75 N1 O10 P1
A15_37370,Basidiomycota,False,,,,,,,,,,,,,
A15_122685,Basidiomycota,True,Hex1Cer(d19:1_16:1)+O:(s),Hex1Cer(d19:1_16:1)+H+O:(s),Hex1Cer,Ceramide monosaccharides,M+H,B,0.0720299711913432,bronze,0.4404317471355298,0.1982309999999998,1.0,1.0,C41 H78 N1 O9
A15_125619,Streptophyta,False,,,,,,,,,,,,,
A15_63889,Actinomycetota,False,,,,,,,,,,,,,
A15_66973,Actinomycetota,False,,,,,,,,,,,,,
A15_61644,Actinomycetota,False,,,,,,,,,,,,,
A15_59649,Actinomycetota,False,,,,,,,,,,,,,
A15_58655,Streptophyta,False,,,,,,,,,,,,,
A15_72903,Streptophyta,True,DG(P-6:0_20:6),DG(P-6:0_20:6)+H,DG,alkenyl-acyl,M+H,C,0.2687800793992526,bronze,1.6120046322564512,0.0323283000000005,1.0,1.0,C29 H45 O4
A15_151533,Bacillota,False,,,,,,,,,,,,,
A15_45208,Streptophyta,False,,,,,,,,,,,,,
A15_133201,Streptophyta,False,,,,,,,,,,,,,
A15_158545,Streptophyta,True,Cer(d18:2_18:1),Cer(d18:2_18:1)+H-H2O,Cer,acylsphingosines,M+H-H2O,C,0.730802720100068,bronze,2.002053614547397,0.077871964397115,1.0,2.0,C36 H66 N1 O2
A15_24891,Streptophyta,False,,,,,,,,,,,,,
A15_120355,Streptophyta,False,,,,,,,,,,,,,
A15_27805,Methanobacteriota,False,,,,,,,,,,,,,
A15_180950,Pseudomonadota,False,,,,,,,,,,,,,
A15_38293,Methanobacteriota,False,,,,,,,,,,,,,
A15_120488,Streptophyta,False,,,,,,,,,,,,,
A15_216362,Streptophyta,True,TG(36:4_16:0)+OO:(s),TG(36:4_16:0)+NH4+OO:(s),TG,triacyl,M+NH4,B,0.380822731588604,gold,1.45128361543654,0.1167094316606913,4.0,6.0,C55 H102 N1 O8
A15_200918,Streptophyta,True,TG(36:4_18:2)+OO:(s),TG(36:4_18:2)+NH4+OO:(s),TG,triacyl,M+NH4,B,0.2438993026613428,gold,1.3484300111137022,0.1366623797221393,6.0,5.0,C57 H102 N1 O8
A15_43951,Basidiomycota,False,,,,,,,,,,,,,
A15_47728,Basidiomycota,False,,,,,,,,,,,,,
A15_167815,Streptophyta,True,TG(41:6_15:2)+OO:(s),TG(41:6_15:2)+H+OO:(s),TG,triacyl,M+H,C,0.2371779636187498,bronze,0.8377793845409351,0.2702857717391307,1.0,1.0,C59 H99 O8
A15_226240,Actinomycetota,True,TG(15:0_16:1_16:1),TG(15:0_16:1_16:1)+NH4,TG,triacyl,M+NH4,A,1.0692556080658526,gold,0.5208957567906606,0.1231333704594099,19.0,50.0,C50 H96 N1 O6
A15_94431,Streptophyta,True,TG(P-7:0_6:0_18:2),TG(P-7:0_6:0_18:2)+Na,TG,alkenyl-acyl,M+Na,C,0.4794614995000179,bronze,2.317239767168962,0.2679754929696969,1.0,1.0,C34 H60 Na1 O5
A15_2467,Pseudomonadota,False,,,,,,,,,,,,,
A15_37976,Streptophyta,False,,,,,,,,,,,,,
A15_105175,Streptophyta,True,DG(15:1_20:5),DG(15:1_20:5)+NH4,DG,diacyl,M+NH4,B,0.401206889772593,silver,0.2189452563025237,0.1692950173099419,1.0,1.0,C38 H66 N1 O5
A15_160960,Bacillota,False,,,,,,,,,,,,,
A15_165852,Bacillota,False,,,,,,,,,,,,,
A15_161947,Bacillota,False,,,,,,,,,,,,,
A15_109841,Streptophyta,False,,,,,,,,,,,,,
A15_105811,Bacillota,False,,,,,,,,,,,,,
A15_118363,Bacillota,False,,,,,,,,,,,,,
A15_117004,Bacillota,False,,,,,,,,,,,,,
A15_125024,Bacillota,False,,,,,,,,,,,,,
A15_41184,Streptophyta,True,WE(O-27:4),WE(O-27:4)+Na,WE,Wax monoesters,M+Na,C,0.2950003731165795,bronze,0.4748321692524552,0.0849474818666742,1.0,1.0,C27 H46 Na1 O2
A15_143543,Streptophyta,False,,,,,,,,,,,,,
A15_141162,Streptophyta,False,,,,,,,,,,,,,
A15_141378,Bacillota,False,,,,,,,,,,,,,
A15_26451,Basidiomycota,False,,,,,,,,,,,,,
A15_27387,Basidiomycota,False,,,,,,,,,,,,,
A15_71668,Streptophyta,False,,,,,,,,,,,,,
A15_196228,Streptophyta,False,,,,,,,,,,,,,
A15_96958,Basidiomycota,False,,,,,,,,,,,,,
A15_137719,Streptophyta,False,,,,,,,,,,,,,
A15_30310,Streptophyta,True,PG(O-5:0_18:3),PG(O-5:0_18:3)+NH4,PG,alkyl-acyl,M+NH4,C,0.2261078423796554,silver,2.142059852598683,0.2476268367047853,2.0,2.0,C29 H57 N1 O9 P1
A15_129125,Streptophyta,False,,,,,,,,,,,,,
A15_64240,Streptophyta,True,DG(P-6:0_20:6),DG(P-6:0_20:6)+H,DG,alkenyl-acyl,M+H,C,0.2687800793992526,bronze,1.581392201946251,0.2730717,1.0,1.0,C29 H45 O4
A15_137638,Streptophyta,True,PC(38:1),PC(38:1)+H,PC,diacyl,M+H,C,0.976038972821369,silver,2.824957019862519,0.2198772530541006,2.0,1.0,C46 H91 N1 O8 P1
A15_141317,Streptophyta,True,PA(25:0_18:2),PA(25:0_18:2)+NH4,PA,diacyl,M+NH4,C,0.4757060936524796,silver,1.8002823044539358,0.228181499999998,4.0,2.0,C46 H91 N1 O8 P1
A15_20903,Methanobacteriota,False,,,,,,,,,,,,,
A15_32301,Ascomycota,False,,,,,,,,,,,,,
A15_35237,Ascomycota,False,,,,,,,,,,,,,
A15_161413,Bacillota,False,,,,,,,,,,,,,
A15_165477,Bacillota,False,,,,,,,,,,,,,
A15_163952,Bacillota,False,,,,,,,,,,,,,
A15_162881,Bacillota,False,,,,,,,,,,,,,
A15_168552,Bacillota,False,,,,,,,,,,,,,
A15_152232,Streptophyta,True,PS(19:3_18:1),PS(19:3_18:1)+H,PS,diacyl,M+H,B,0.3349967579172436,gold,0.5589965816918003,0.0104179999999995,3.0,4.0,C43 H77 N1 O10 P1
A15_151154,Streptophyta,True,PS(19:3_18:1),PS(19:3_18:1)+H,PS,diacyl,M+H,B,0.3349967579172436,gold,0.2647054120361278,0.033517999999999,3.0,4.0,C43 H77 N1 O10 P1
A15_22326,Streptophyta,False,,,,,,,,,,,,,
A15_26601,Streptophyta,True,MG(19:4),MG(19:4)+H,MG,monoacyl,M+H,C,0.6764546192567686,silver,1.8919521536964297,0.1828872999999999,5.0,1.0,C22 H37 O4
A15_118168,Streptophyta,True,DG(O-5:0_21:3),DG(O-5:0_21:3)+NH4,DG,alkyl-acyl,M+NH4,C,0.2184477263338685,bronze,4.615227985084535,0.0182960293577991,1.0,2.0,C29 H56 N1 O4
A15_23503,Methanobacteriota,False,,,,,,,,,,,,,
A15_75044,Streptophyta,True,MG(O-21:3),MG(O-21:3)+H,MG,monoalkyl,M+H,C,0.5137580772401764,silver,1.031428806493602,0.0242847499999996,2.0,1.0,C24 H45 O3
A15_217615,Streptophyta,True,TG(16:0_16:0_18:3)+O:(s),TG(16:0_16:0_18:3)+Na+O:(s),TG,triacyl,M+Na,A,1.1296913521352048,gold,4.024244322544013,0.0490625000000015,2.0,1.0,C53 H96 Na1 O7
A15_31609,Streptophyta,False,,,,,,,,,,,,,
A15_29681,Streptophyta,False,,,,,,,,,,,,,
A15_190652,Actinomycetota,True,TG(41:0)+OO:(s),TG(41:0)+H+OO:(s),TG,triacyl,M+H,C,0.1993484574376965,silver,3.149874605044086,0.2424835271730749,3.0,1.0,C44 H85 O8
A15_192113,Actinomycetota,True,TG(41:0)+OO:(s),TG(41:0)+H+OO:(s),TG,triacyl,M+H,C,0.1993484574376965,silver,3.407418175873408,0.1930835271730764,3.0,1.0,C44 H85 O8
A15_141117,Ascomycota,True,PC(35:4),PC(35:4)+H,PC,diacyl,M+H,C,2.845613087675891,silver,0.0395807701919351,0.0542900080186914,17.0,8.0,C43 H79 N1 O8 P1
A15_218409,Streptophyta,False,,,,,,,,,,,,,
A15_162302,Streptophyta,False,,,,,,,,,,,,,
A15_85519,Streptophyta,False,,,,,,,,,,,,,
A15_168545,Basidiomycota,True,PC(O-20:6_18:1),PC(O-20:6_18:1)+H,PC,alkyl-acyl,M+H,C,1.3031521689190495,bronze,0.9127095660954944,0.1280830488505735,1.0,2.0,C46 H81 N1 O7 P1
A15_170983,Basidiomycota,True,PC(O-38:7),PC(O-38:7)+H,PC,alkyl-acyl,M+H,C,2.049770368628343,silver,0.5092962622838635,0.2319489723270464,3.0,2.0,C46 H81 N1 O7 P1
A15_175174,Basidiomycota,True,PC(O-38:7),PC(O-38:7)+H,PC,alkyl-acyl,M+H,C,2.049770368628343,silver,0.9886967434850542,0.0045489723270435,3.0,1.0,C46 H81 N1 O7 P1
A15_173057,Basidiomycota,True,PC(O-38:7),PC(O-38:7)+H,PC,alkyl-acyl,M+H,C,2.049770368628343,silver,0.9596038251274148,0.0469489723270442,3.0,1.0,C46 H81 N1 O7 P1
A15_176483,Basidiomycota,True,PC(O-38:7),PC(O-38:7)+H,PC,alkyl-acyl,M+H,C,2.049770368628343,silver,0.1981289137454554,0.2313510276729538,3.0,1.0,C46 H81 N1 O7 P1
A15_170662,Streptophyta,False,,,,,,,,,,,,,
A15_172306,Streptophyta,True,PC(O-18:1_20:1),PC(O-18:1_20:1)+H,PC,alkyl-acyl,M+H,C,0.5853503467233383,bronze,4.134641165116284,0.2892910000000004,1.0,1.0,C46 H91 N1 O7 P1
A15_144018,Streptophyta,False,,,,,,,,,,,,,
A15_18355,Streptophyta,True,BisMeLPA(17:3),BisMeLPA(17:3)+H,BisMeLPA,monoacyl,M+H,C,0.0501984278297227,bronze,0.6193940793743535,0.2469007813611199,1.0,1.0,C22 H40 O7 P1
A15_23536,Streptophyta,True,WE(O-21:2),WE(O-21:2)+NH4,WE,Wax monoesters,M+NH4,C,0.0206090960909318,bronze,0.1971364033756741,0.1396116000000002,1.0,1.0,C21 H42 N1 O2
A15_144337,Basidiomycota,True,TG(2:0_16:0_18:1),TG(2:0_16:0_18:1)+NH4,TG,triacyl,M+NH4,C,0.3442163290373469,bronze,1.4334103814515131,0.0545760000000008,1.0,3.0,C39 H76 N1 O6
A15_178178,Methanobacteriota,False,,,,,,,,,,,,,
A15_176917,Methanobacteriota,False,,,,,,,,,,,,,
A15_105122,Streptophyta,False,,,,,,,,,,,,,
A15_149808,Streptophyta,True,PS(19:3_18:1),PS(19:3_18:1)+H,PS,diacyl,M+H,B,0.3349967579172436,gold,0.1397886911992501,0.0920179999999994,3.0,4.0,C43 H77 N1 O10 P1
A15_91196,Streptophyta,True,DGDG(33:6),DGDG(33:6)+NH4,DGDG,Digalactosyldiacylglycerol,M+NH4,C,0.3250796442196813,bronze,0.729308584797495,0.2102848000000001,1.0,1.0,C48 H82 N1 O15
A15_31403,Methanobacteriota,False,,,,,,,,,,,,,
A15_64176,Streptophyta,True,TG(30:5_6:0)+OO:(s),TG(30:5_6:0)+NH4+OO:(s),TG,triacyl,M+NH4,B,0.2624557149416356,gold,2.844145510674183,0.0040617116821515,2.0,5.0,C39 H68 N1 O8
A15_13359,Streptophyta,False,,,,,,,,,,,,,
A15_162796,Bacillota,False,,,,,,,,,,,,,
A15_164757,Bacillota,False,,,,,,,,,,,,,
A15_122955,Streptophyta,True,DG(O-16:2_18:2),DG(O-16:2_18:2)+Na,DG,alkyl-acyl,M+Na,C,0.3955508522257787,bronze,1.092959528905102,0.1083670000000012,1.0,2.0,C37 H66 Na1 O4
A15_165176,Bacillota,False,,,,,,,,,,,,,
A15_98394,Streptophyta,False,,,,,,,,,,,,,
A15_170332,Bacillota,False,,,,,,,,,,,,,
A15_163827,Pseudomonadota,True,TG(46:10_2:0),TG(46:10_2:0)+NH4,TG,triacyl,M+NH4,C,0.0158592759725016,bronze,0.368451352885279,0.2246584009791803,1.0,1.0,C51 H82 N1 O6
A15_214049,Streptophyta,True,DG(22:0_18:3),DG(22:0_18:3)+NH4,DG,diacyl,M+NH4,A,1.2721941941953343,gold,1.3202265568633569,0.1219979999999978,7.0,4.0,C43 H82 N1 O5
A15_29910,Ascomycota,False,,,,,,,,,,,,,
A15_31589,Ascomycota,False,,,,,,,,,,,,,
A15_75483,Streptophyta,True,TG(21:3_15:2),TG(21:3_15:2)+H,TG,triacyl,M+H,B,0.4461340303809757,gold,2.7659673220845225,0.0205720746087898,3.0,2.0,C39 H65 O6
A15_172149,Bacillota,False,,,,,,,,,,,,,
A15_140716,Basidiomycota,False,,,,,,,,,,,,,
A15_128987,Actinomycetota,True,DG(O-5:0_24:0),DG(O-5:0_24:0)+Na,DG,alkyl-acyl,M+Na,C,0.5905222322080035,silver,1.0071247954207905,0.1069718616295851,4.0,1.0,C32 H64 Na1 O4
A15_125928,Actinomycetota,False,,,,,,,,,,,,,
A15_198000,Bacillota,True,DG(16:0_16:0),DG(16:0_16:0)+Na,DG,diacyl,M+Na,C,0.2188212336112916,silver,2.8694840257350984,0.0123549999999994,2.0,3.0,C35 H68 Na1 O5
A15_72158,Streptophyta,True,DG(18:2_13:1),DG(18:2_13:1)+Na,DG,diacyl,M+Na,C,0.0796553963664626,bronze,3.667923968678581,0.2540200674244461,1.0,1.0,C34 H60 Na1 O5
A15_32932,Methanobacteriota,False,,,,,,,,,,,,,
A15_10442,Streptophyta,False,,,,,,,,,,,,,
A15_216216,Streptophyta,True,TG(34:1_22:6),TG(34:1_22:6)+H,TG,triacyl,M+H,C,0.0861287296216936,bronze,0.3672263341992668,0.2734120854439936,1.0,1.0,C59 H101 O6
A15_115575,Streptophyta,False,,,,,,,,,,,,,
A15_19464,Streptophyta,False,,,,,,,,,,,,,
A15_17482,Bacillota,False,,,,,,,,,,,,,
A15_19370,Bacillota,False,,,,,,,,,,,,,
A15_20661,Bacillota,False,,,,,,,,,,,,,
A15_54320,Streptophyta,False,,,,,,,,,,,,,
A15_50946,Basidiomycota,False,,,,,,,,,,,,,
A15_210146,Streptophyta,False,,,,,,,,,,,,,
A15_79022,Streptophyta,False,,,,,,,,,,,,,
A15_104436,Streptophyta,False,,,,,,,,,,,,,
A15_168678,Streptophyta,False,,,,,,,,,,,,,
A15_86923,Streptophyta,True,TG(27:2_3:0)+O:(s),TG(27:2_3:0)+Na+O:(s),TG,triacyl,M+Na,C,0.2072177963351697,silver,0.9141146392058752,0.226642960028391,2.0,2.0,C33 H58 Na1 O7
A15_76781,Streptophyta,False,,,,,,,,,,,,,
A15_117466,Streptophyta,True,TG(26:7_20:4),TG(26:7_20:4)+NH4,TG,triacyl,M+NH4,C,0.0889160906528449,bronze,1.12244152795366,0.2992815470932779,1.0,1.0,C49 H76 N1 O6
A15_62850,Streptophyta,True,TG(14:2_4:0_15:2),TG(14:2_4:0_15:2)+H,TG,triacyl,M+H,C,0.8359283802296915,bronze,1.0767550275929554,0.1678850587833551,1.0,1.0,C36 H61 O6
A15_89147,Bacillota,True,DG(O-5:0_14:1),DG(O-5:0_14:1)+Na,DG,alkyl-acyl,M+Na,C,0.4237811910919773,silver,1.61462240923314,0.0304748879422902,56.0,2.0,C22 H42 Na1 O4
A15_151993,Pseudomonadota,False,,,,,,,,,,,,,
A15_60489,Streptophyta,True,DG(4:0_21:2),DG(4:0_21:2)+NH4,DG,diacyl,M+NH4,C,0.0592353608481734,bronze,1.7949605358311118,0.0132288999999996,1.0,3.0,C28 H54 N1 O5
A15_138043,Streptophyta,False,,,,,,,,,,,,,
A15_93238,Streptophyta,False,,,,,,,,,,,,,
A15_79135,Ascomycota,True,PG(P-18:4_15:2),PG(P-18:4_15:2)+H,PG,alkenyl-acyl,M+H,C,0.1156628975737637,bronze,2.0137192656398244,0.0312678298434638,1.0,1.0,C39 H66 O9 P1
A15_37286,Streptophyta,False,,,,,,,,,,,,,
A15_147149,Ascomycota,False,,,,,,,,,,,,,
A15_32388,Streptophyta,False,,,,,,,,,,,,,
A15_113436,Streptophyta,True,WE(O-27:2),WE(O-27:2)+Na,WE,Wax monoesters,M+Na,C,0.4828883008712158,silver,0.6362721736939502,0.0015451837344446,9.0,2.0,C27 H50 Na1 O2
A15_4934,Streptophyta,False,,,,,,,,,,,,,
A15_37965,Basidiomycota,False,,,,,,,,,,,,,
A15_30381,Streptophyta,False,,,,,,,,,,,,,
A15_116502,Streptophyta,False,,,,,,,,,,,,,
A15_175641,Streptophyta,True,PE(18:1_15:0),PE(18:1_15:0)+H,PE,diacyl,M+H,B,1.254518556985673,gold,0.5690598853782641,0.0249899999999989,5.0,15.0,C38 H75 N1 O8 P1
A15_171348,Streptophyta,True,PE(18:1_15:0),PE(18:1_15:0)+H,PE,diacyl,M+H,B,1.254518556985673,gold,0.510864405818445,0.1565100000000008,5.0,21.0,C38 H75 N1 O8 P1
A15_93598,Streptophyta,True,DG(6:0_19:2),DG(6:0_19:2)+H,DG,diacyl,M+H,C,0.5052563296034895,silver,0.560948938861383,0.1589079061428933,8.0,1.0,C28 H51 O5
A15_84752,Streptophyta,True,MG(O-26:6),MG(O-26:6)+H,MG,monoalkyl,M+H,C,0.4203791554065019,silver,0.0644528083044829,0.1964532500000011,3.0,2.0,C29 H49 O3
A15_85120,Streptophyta,True,DG(O-16:2_18:3),DG(O-16:2_18:3)+Na,DG,alkyl-acyl,M+Na,C,0.8333211129280066,silver,0.417991497960312,0.1438866000000001,2.0,1.0,C37 H64 Na1 O4
A15_98366,Streptophyta,False,,,,,,,,,,,,,
A15_68383,Actinomycetota,False,,,,,,,,,,,,,
A15_123897,Streptophyta,False,,,,,,,,,,,,,
A15_161136,Bacillota,False,,,,,,,,,,,,,
A15_162457,Bacillota,False,,,,,,,,,,,,,
A15_165643,Bacillota,False,,,,,,,,,,,,,
A15_65989,Streptophyta,True,PA(18:3_18:4),PA(18:3_18:4)+NH4,PA,diacyl,M+NH4,A,0.6381922273409029,silver,0.3732467472547162,0.0431550999999998,1.0,1.0,C39 H67 N1 O8 P1
A15_75336,Streptophyta,False,,,,,,,,,,,,,
A15_31893,Bacillota,False,,,,,,,,,,,,,
A15_15807,Ascomycota,True,TG(15:1_4:0_4:0),TG(15:1_4:0_4:0)+NH4,TG,triacyl,M+NH4,C,0.1383246960151586,silver,0.7075230532641354,0.0514726000000003,13.0,2.0,C26 H50 N1 O6
A15_14675,Ascomycota,True,TG(15:1_4:0_4:0),TG(15:1_4:0_4:0)+NH4,TG,triacyl,M+NH4,C,0.1383246960151586,silver,0.8112569612325344,0.0693725999999999,13.0,2.0,C26 H50 N1 O6
A15_112135,Bacillota,False,,,,,,,,,,,,,
A15_20582,Streptophyta,False,,,,,,,,,,,,,
A15_35622,Streptophyta,False,,,,,,,,,,,,,
A15_74198,Streptophyta,True,PG(P-18:4_15:2),PG(P-18:4_15:2)+NH4,PG,alkenyl-acyl,M+NH4,C,0.0109281800093127,bronze,2.2940802707350283,0.0932424086381535,1.0,1.0,C39 H69 N1 O9 P1
A15_163805,Streptophyta,True,Cer(d18:2_18:2),Cer(d18:2_18:2)+H,Cer,acylsphingosines,M+H,C,0.1365465516993517,bronze,4.74004565526911,0.1360720000000004,1.0,1.0,C36 H66 N1 O3
A15_92130,Streptophyta,False,,,,,,,,,,,,,
A15_127019,Streptophyta,True,PC(36:8),PC(36:8)+H,PC,diacyl,M+H,C,1.342536278315824,silver,1.119078225963667,0.1482211964104305,5.0,2.0,C44 H73 N1 O8 P1
A15_116859,Streptophyta,True,TG(18:1_23:6)+O:(s),TG(18:1_23:6)+NH4+O:(s),TG,triacyl,M+NH4,C,0.0395121835376173,bronze,0.6524408401529471,0.0868400000000004,1.0,1.0,C44 H74 N1 O7
A15_54920,Streptophyta,True,PEt(23:4_16:3),PEt(23:4_16:3)+K,PEt,diacyl,M+K,C,0.0107403376532019,bronze,1.3298672258644957,0.0579514150183149,1.0,1.0,C44 H73 K1 O8 P1
A15_125816,Streptophyta,False,,,,,,,,,,,,,
A15_213196,Streptophyta,False,,,,,,,,,,,,,
A15_124826,Streptophyta,False,,,,,,,,,,,,,
A15_92962,Bacillota,True,TG(16:2_6:0_15:0)+OO:(s),TG(16:2_6:0_15:0)+Na+OO:(s),TG,triacyl,M+Na,C,0.1605108836527161,bronze,1.7083824865240014,0.0512739689964156,1.0,2.0,C40 H72 Na1 O8
A15_93958,Bacillota,True,TG(16:2_6:0_15:0)+OO:(s),TG(16:2_6:0_15:0)+Na+OO:(s),TG,triacyl,M+Na,C,0.1605108836527161,bronze,1.665738955970397,0.0273739689964163,1.0,2.0,C40 H72 Na1 O8
A15_91830,Bacillota,True,TG(16:2_6:0_15:0)+OO:(s),TG(16:2_6:0_15:0)+Na+OO:(s),TG,triacyl,M+Na,C,0.1605108836527161,bronze,1.6486815448319372,0.173073968996416,1.0,2.0,C40 H72 Na1 O8
A15_2710,Bacillota,False,,,,,,,,,,,,,
A15_163602,Bacillota,True,PG(17:1_15:0),PG(17:1_15:0)+H,PG,diacyl,M+H,C,0.9108291961548431,silver,1.2065420285463513,0.0432719999999999,2.0,1.0,C38 H74 O10 P1
A15_93900,Bacillota,False,,,,,,,,,,,,,
A15_92290,Bacillota,False,,,,,,,,,,,,,
A15_159507,Streptophyta,True,PC(38:6),PC(38:6)+H,PC,diacyl,M+H,C,3.19722457733622,silver,2.607458084375537,0.0002469252805532,13.0,6.0,C46 H81 N1 O8 P1
A15_31395,Streptophyta,False,,,,,,,,,,,,,
A15_56615,Streptophyta,True,TG(30:4_4:0)+OO:(s),TG(30:4_4:0)+NH4+OO:(s),TG,triacyl,M+NH4,C,0.0906648840509841,bronze,0.1734291244467672,0.1858320999999998,1.0,2.0,C37 H66 N1 O8
A15_205452,Streptophyta,True,TG(34:2_23:5),TG(34:2_23:5)+Na,TG,triacyl,M+Na,C,0.0764327902821895,bronze,0.0763303768459147,0.0352549999999993,1.0,1.0,C60 H102 Na1 O6
A15_50026,Streptophyta,False,,,,,,,,,,,,,
A15_55743,Streptophyta,True,DG(24:4_2:0),DG(24:4_2:0)+Na,DG,diacyl,M+Na,C,0.0318824710676198,bronze,0.4480610640562705,0.2631886999999997,1.0,1.0,C29 H48 Na1 O5
A15_24572,Bacillota,False,,,,,,,,,,,,,
A15_22070,Bacillota,False,,,,,,,,,,,,,
A15_168275,Ascomycota,True,PE(20:5_18:1),PE(20:5_18:1)+H,PE,diacyl,M+H,B,1.7095159102477022,gold,2.447591253628865,0.1049870594071329,2.0,4.0,C43 H75 N1 O8 P1
A15_170006,Ascomycota,True,PE(20:5_18:1),PE(20:5_18:1)+H,PE,diacyl,M+H,B,1.7095159102477022,gold,2.5548482282724247,0.026112940592867,2.0,3.0,C43 H75 N1 O8 P1
A15_21630,Basidiomycota,True,WE(O-6:0_12:1),WE(O-6:0_12:1)+Na,WE,Wax monoesters,M+Na,C,0.1787215603245645,bronze,4.474856597822667,0.127444694047619,1.0,1.0,C18 H34 Na1 O2
A15_166476,Streptophyta,False,,,,,,,,,,,,,
A15_190190,Streptophyta,True,TG(3:0_16:0_18:1)+O:(s),TG(3:0_16:0_18:1)+NH4+O:(s),TG,triacyl,M+NH4,C,0.7823190922032879,silver,2.280111993359102,0.1696780349183058,3.0,3.0,C40 H78 N1 O7
A15_109810,Streptophyta,True,DG(16:0_18:4),DG(16:0_18:4)+Na,DG,diacyl,M+Na,B,0.6608638803913477,silver,0.9279809497103336,0.0259499999999999,1.0,4.0,C37 H64 Na1 O5
A15_163702,Streptophyta,False,,,,,,,,,,,,,
A15_101571,Streptophyta,True,TG(15:0_16:1),TG(15:0_16:1)+Na,TG,triacyl,M+Na,C,0.6110930717165409,silver,0.9254949674216448,0.0164519758296997,3.0,5.0,C34 H62 Na1 O6
A15_185308,Streptophyta,False,,,,,,,,,,,,,
A15_56612,Streptophyta,False,,,,,,,,,,,,,
A15_2326,Bacillota,False,,,,,,,,,,,,,
A15_93283,Bacillota,False,,,,,,,,,,,,,
A15_134536,Streptophyta,False,,,,,,,,,,,,,
A15_67318,Streptophyta,False,,,,,,,,,,,,,
A15_139144,Streptophyta,False,,,,,,,,,,,,,
A15_103695,Streptophyta,False,,,,,,,,,,,,,
A15_118150,Streptophyta,False,,,,,,,,,,,,,
A15_165270,Bacillota,True,PEt(15:1_16:2),PEt(15:1_16:2)+Li,PEt,diacyl,M+Li,C,0.0126278018336336,bronze,1.3161048415946706,0.2501174822690188,1.0,1.0,C36 H65 Li1 O8 P1
A15_164062,Bacillota,True,PEt(15:1_16:2),PEt(15:1_16:2)+Li,PEt,diacyl,M+Li,C,0.0126278018336336,bronze,1.3296702504658,0.2163174822690177,1.0,1.0,C36 H65 Li1 O8 P1
A15_170243,Bacillota,False,,,,,,,,,,,,,
A15_166840,Bacillota,True,PEt(15:1_16:2),PEt(15:1_16:2)+Li,PEt,diacyl,M+Li,C,0.0126278018336336,bronze,1.2859594896940347,0.2867174822690188,1.0,1.0,C36 H65 Li1 O8 P1
A15_168908,Bacillota,False,,,,,,,,,,,,,
A15_160756,Bacillota,True,PEt(15:1_16:2),PEt(15:1_16:2)+Li,PEt,diacyl,M+Li,C,0.0126278018336336,bronze,1.2859594896940347,0.0993174822690186,1.0,2.0,C36 H65 Li1 O8 P1
A15_24086,Streptophyta,False,,,,,,,,,,,,,
A15_145407,Bacillota,False,,,,,,,,,,,,,
A15_163334,Methanobacteriota,False,,,,,,,,,,,,,
A15_145799,Pseudomonadota,True,PG(16:1_17:1),PG(16:1_17:1)+NH4,PG,diacyl,M+NH4,A,1.3626350866814916,gold,0.3181870202404387,0.08937023676018,6.0,7.0,C39 H77 N1 O10 P1
A15_132963,Streptophyta,False,,,,,,,,,,,,,
A15_57648,Streptophyta,False,,,,,,,,,,,,,
A15_134686,Streptophyta,True,PE(13:1_18:1),PE(13:1_18:1)+H,PE,diacyl,M+H,B,1.4650544400956824,gold,0.0714584303667845,0.0225136427999697,4.0,13.0,C36 H69 N1 O8 P1
A15_197592,Streptophyta,True,DG(21:1_16:0),DG(21:1_16:0)+NH4,DG,diacyl,M+NH4,C,0.0469388252570442,bronze,1.084633164127695,0.1483033779389622,2.0,3.0,C40 H80 N1 O5
A15_70402,Streptophyta,False,,,,,,,,,,,,,
A15_46472,Streptophyta,False,,,,,,,,,,,,,
A15_98753,Bacillota,False,,,,,,,,,,,,,
A15_96491,Bacillota,False,,,,,,,,,,,,,
A15_75758,Streptophyta,True,DG(6:0_19:2),DG(6:0_19:2)+H,DG,diacyl,M+H,C,0.3088877829389972,silver,0.1891774792381394,0.1709445999999994,2.0,2.0,C28 H51 O5
A15_130370,Streptophyta,False,,,,,,,,,,,,,
A15_199194,Streptophyta,True,TG(18:3_18:3_18:3)+O:(s),TG(18:3_18:3_18:3)+NH4+O:(s),TG,triacyl,M+NH4,A,0.2651629794719887,gold,0.1015338352103846,0.093706137487981,2.0,4.0,C57 H96 N1 O7
A15_80630,Streptophyta,True,PG(18:2_18:3),PG(18:2_18:3)+NH4,PG,diacyl,M+NH4,A,0.1072713827859649,silver,3.254851732937765,0.0658004893772892,1.0,2.0,C42 H77 N1 O10 P1
A15_24478,Streptophyta,False,,,,,,,,,,,,,
A15_62177,Streptophyta,False,,,,,,,,,,,,,
A15_126777,Streptophyta,False,,,,,,,,,,,,,
A15_93335,Bacillota,False,,,,,,,,,,,,,
A15_133760,Streptophyta,True,PC(34:4),PC(34:4)+H,PC,diacyl,M+H,C,3.066491144618068,silver,0.9637716210612284,0.1198009963108681,35.0,4.0,C42 H77 N1 O8 P1
A15_189137,Streptophyta,False,,,,,,,,,,,,,
A15_201481,Streptophyta,True,Cer(d20:0_18:0),Cer(d20:0_18:0)+H,Cer,acylsphinganines,M+H,C,0.2732130027757312,bronze,0.9985349848491488,0.0133285733234984,1.0,3.0,C38 H78 N1 O3
A15_36020,Bacillota,False,,,,,,,,,,,,,
A15_112302,Streptophyta,False,,,,,,,,,,,,,
A15_93085,Streptophyta,False,,,,,,,,,,,,,
A15_211391,Streptophyta,False,,,,,,,,,,,,,
A15_5057,Bacillota,False,,,,,,,,,,,,,
A15_24995,Streptophyta,False,,,,,,,,,,,,,
A15_3838,Streptophyta,True,DG(18:2),DG(18:2)+H,DG,diacyl,M+H,C,0.4736981377126175,silver,0.2524778772605164,0.2959574597426144,14.0,4.0,C21 H37 O5
A15_103246,Streptophyta,False,,,,,,,,,,,,,
A15_169487,Streptophyta,True,PE(18:1_15:0),PE(18:1_15:0)+H,PE,diacyl,M+H,B,1.0204662556825432,gold,0.3631318409764464,0.0846419660056359,4.0,17.0,C38 H75 N1 O8 P1
A15_197360,Streptophyta,False,,,,,,,,,,,,,
A15_159986,Streptophyta,False,,,,,,,,,,,,,
A15_63152,Streptophyta,True,TG(24:3_3:0)+O:(s),TG(24:3_3:0)+NH4+O:(s),TG,triacyl,M+NH4,C,0.079936417417437,bronze,1.363963699938514,0.0154267745704466,1.0,2.0,C30 H54 N1 O7
A15_87823,Streptophyta,False,,,,,,,,,,,,,
A15_100788,Streptophyta,False,,,,,,,,,,,,,
A15_108526,Streptophyta,True,TG(15:0_16:1),TG(15:0_16:1)+Na,TG,triacyl,M+Na,C,0.4526003531964637,silver,0.1308771350382643,0.0499358648936798,2.0,3.0,C34 H62 Na1 O6
A15_179466,Streptophyta,False,,,,,,,,,,,,,
A15_149105,Ascomycota,True,TG(21:1_18:2)+OO:(s),TG(21:1_18:2)+NH4+OO:(s),TG,triacyl,M+NH4,C,0.3300222533634337,silver,0.7766049348138903,0.291564000000001,2.0,2.0,C42 H78 N1 O8
A15_31813,Bacillota,False,,,,,,,,,,,,,
A15_25060,Bacillota,False,,,,,,,,,,,,,
A15_26884,Bacillota,False,,,,,,,,,,,,,
A15_27990,Bacillota,False,,,,,,,,,,,,,
A15_32623,Methanobacteriota,False,,,,,,,,,,,,,
A15_34232,Methanobacteriota,False,,,,,,,,,,,,,
A15_86979,Ascomycota,True,TG(18:1_18:2)+OO:(s),TG(18:1_18:2)+Na+OO:(s),TG,triacyl,M+Na,C,0.688916258163595,bronze,3.98237603391929,0.2106867999999995,1.0,2.0,C39 H68 Na1 O8
A15_90270,Ascomycota,False,,,,,,,,,,,,,
A15_60034,Streptophyta,True,TG(18:1_18:3)+OO:(s),TG(18:1_18:3)+Na+OO:(s),TG,triacyl,M+Na,C,0.3788912067753558,silver,2.1924424238459266,0.1597429000000003,3.0,3.0,C39 H66 Na1 O8
A15_217627,Streptophyta,True,TG(16:0_16:0_16:1),TG(16:0_16:0_16:1)+Na,TG,triacyl,M+Na,A,0.4934184761541571,silver,0.232260221800839,0.0327480000000015,1.0,3.0,C51 H96 Na1 O6
A15_38605,Actinomycetota,True,PI(O-11:0_13:1),PI(O-11:0_13:1)+NH4,PI,alkyl-acyl,M+NH4,C,0.1317018184205888,silver,3.4550330195011387,0.1398855999999995,2.0,2.0,C33 H67 N1 O12 P1
A15_140495,Streptophyta,True,TG(3:0_16:0_15:2),TG(3:0_16:0_15:2)+H,TG,triacyl,M+H,B,0.8419297298564318,gold,0.0545042594714107,0.2415542369870849,18.0,6.0,C37 H67 O6
A15_128209,Streptophyta,False,,,,,,,,,,,,,
A15_163317,Streptophyta,False,,,,,,,,,,,,,
A15_83038,Streptophyta,True,PG(20:5_16:0),PG(20:5_16:0)+NH4,PG,diacyl,M+NH4,C,0.0729809655303307,bronze,0.94946747473823,0.2861595999999995,1.0,1.0,C42 H77 N1 O10 P1
A15_49302,Streptophyta,False,,,,,,,,,,,,,
A15_170051,Bacillota,False,,,,,,,,,,,,,
A15_213600,Streptophyta,True,TG(25:1_18:0)+OO:(s),TG(25:1_18:0)+NH4+OO:(s),TG,triacyl,M+NH4,C,0.1661025734135074,bronze,3.6836320932929456,0.1765409999999967,1.0,1.0,C46 H90 N1 O8
A15_51025,Streptophyta,False,,,,,,,,,,,,,
A15_180240,Actinomycetota,False,,,,,,,,,,,,,
A15_165458,Ascomycota,True,PE(20:5_18:1),PE(20:5_18:1)+H,PE,diacyl,M+H,B,1.7095159102477022,gold,2.408350902706246,0.1937870594071338,2.0,6.0,C43 H75 N1 O8 P1
A15_188114,Bacillota,True,PC(33:3),PC(33:3)+H,PC,diacyl,M+H,C,0.3009780279555117,bronze,0.0246372861370181,0.1106619999999978,1.0,1.0,C41 H77 N1 O8 P1
A15_75337,Streptophyta,True,PG(20:5_18:2),PG(20:5_18:2)+NH4,PG,diacyl,M+NH4,C,0.0134771046124592,bronze,0.2647080557841348,0.1263881000000006,1.0,1.0,C44 H77 N1 O10 P1
A15_107912,Streptophyta,False,,,,,,,,,,,,,
A15_191899,Streptophyta,True,Cer(d14:1_22:0),Cer(d14:1_22:0)+H,Cer,acylsphingosines,M+H,A,1.6837787344131685,gold,1.1772660491769649,0.0936094445824622,8.0,5.0,C36 H72 N1 O3
A15_85968,Bacillota,False,,,,,,,,,,,,,
A15_38554,Streptophyta,False,,,,,,,,,,,,,
A15_18231,Streptophyta,False,,,,,,,,,,,,,
A15_177775,Actinomycetota,True,MGDG(16:0_18:1),MGDG(16:0_18:1)+Na,MGDG,Monogalactosyldiacylglycerol,M+Na,C,0.1783876048787553,bronze,0.3674428430983779,0.1218130685881853,1.0,1.0,C43 H80 Na1 O10
A15_85760,Streptophyta,False,,,,,,,,,,,,,
A15_57025,Streptophyta,False,,,,,,,,,,,,,
A15_132702,Bacillota,True,PG(16:1_16:1),PG(16:1_16:1)+NH4,PG,diacyl,M+NH4,A,1.639992128781317,gold,2.9690467428802547,0.0359259999999999,8.0,5.0,C38 H75 N1 O10 P1
A15_134059,Bacillota,True,PG(17:2_15:0),PG(17:2_15:0)+NH4,PG,diacyl,M+NH4,B,1.140578844316271,gold,2.810113199175513,0.0437980275482097,8.0,5.0,C38 H75 N1 O10 P1
A15_172469,Actinomycetota,True,DG(P-15:2_19:0),DG(P-15:2_19:0)+H,DG,alkenyl-acyl,M+H,C,0.450920969548649,silver,1.284988666380606,0.187069000000001,4.0,3.0,C37 H69 O4
A15_173488,Actinomycetota,True,DG(P-15:2_19:0),DG(P-15:2_19:0)+H,DG,alkenyl-acyl,M+H,C,0.450920969548649,silver,1.354250648704585,0.0125309999999991,4.0,4.0,C37 H69 O4
A15_204176,Streptophyta,True,PC(44:3),PC(44:3)+H,PC,diacyl,M+H,C,0.4530075185405968,bronze,2.025721628743132,0.2076034793189478,1.0,1.0,C52 H99 N1 O8 P1
A15_157326,Streptophyta,False,,,,,,,,,,,,,
A15_213083,Streptophyta,True,DG(25:7_18:0),DG(25:7_18:0)+NH4,DG,diacyl,M+NH4,B,0.1663020933312134,silver,0.0526691265043156,0.0711319941976,2.0,2.0,C46 H80 N1 O5
A15_173639,Basidiomycota,True,PC(35:2),PC(35:2)+H,PC,diacyl,M+H,C,2.682537064391686,silver,1.0263797153839993,0.0645980000000001,32.0,8.0,C43 H83 N1 O8 P1
A15_92659,Streptophyta,True,PG(20:5_16:0),PG(20:5_16:0)+NH4,PG,diacyl,M+NH4,C,0.0226734941126687,bronze,2.087470407088229,0.1066071725574708,1.0,1.0,C42 H77 N1 O10 P1
A15_196889,Streptophyta,False,,,,,,,,,,,,,
A15_90320,Streptophyta,False,,,,,,,,,,,,,
A15_33247,Basidiomycota,False,,,,,,,,,,,,,
A15_39859,Streptophyta,False,,,,,,,,,,,,,
A15_174490,Streptophyta,False,,,,,,,,,,,,,
A15_124013,Streptophyta,False,,,,,,,,,,,,,
A15_203147,Pseudomonadota,True,PE(19:1_19:1),PE(19:1_19:1)+H,PE,diacyl,M+H,A,1.835059390746976,gold,0.1609179543930343,0.0941266962944595,3.0,8.0,C43 H83 N1 O8 P1
A15_201285,Pseudomonadota,True,PE(19:1_19:1),PE(19:1_19:1)+H,PE,diacyl,M+H,A,1.835059390746976,gold,0.1712728036394168,0.0484266962944595,3.0,8.0,C43 H83 N1 O8 P1
A15_161544,Basidiomycota,True,TG(18:0_18:1),TG(18:0_18:1)+NH4,TG,triacyl,M+NH4,B,1.0,gold,1.163861626861581,0.1910814642652223,3.0,5.0,C39 H76 N1 O6
A15_188147,Streptophyta,True,TG(9:0_18:2_18:3)+O:(s),TG(9:0_18:2_18:3)+NH4+O:(s),TG,triacyl,M+NH4,B,0.1241826113189397,silver,2.1167505341560737,0.0964959999999983,1.0,3.0,C48 H86 N1 O7
A15_155449,Basidiomycota,False,,,,,,,,,,,,,
A15_6249,Bacillota,False,,,,,,,,,,,,,
A15_206859,Streptophyta,True,TG(16:0_16:0_18:4),TG(16:0_16:0_18:4)+Na,TG,triacyl,M+Na,A,0.8478048592916559,gold,2.480620546755943,0.0690840000000001,7.0,6.0,C53 H94 Na1 O6
A15_4009,Streptophyta,True,MG(17:3),MG(17:3)+NH4,MG,monoacyl,M+NH4,B,0.2123173225644964,gold,0.7746730771054443,0.2873656644561606,3.0,3.0,C20 H38 N1 O4
A15_215476,Streptophyta,False,,,,,,,,,,,,,
A15_95718,Streptophyta,True,TG(15:1_16:0),TG(15:1_16:0)+NH4,TG,triacyl,M+NH4,C,0.0510336272737174,bronze,1.1701311937414065,0.1073357584992642,1.0,1.0,C34 H66 N1 O6
A15_55602,Basidiomycota,True,WE(O-26:3),WE(O-26:3)+Na,WE,Wax monoesters,M+Na,C,0.1205764299221538,silver,0.6922514439687881,0.0920876422413785,3.0,1.0,C26 H46 Na1 O2
A15_57084,Basidiomycota,True,WE(O-26:3),WE(O-26:3)+Na,WE,Wax monoesters,M+Na,C,0.1205764299221538,silver,0.6414459838892879,0.0663123577586217,3.0,1.0,C26 H46 Na1 O2
A15_180025,Actinomycetota,True,MGDG(16:0_18:1),MGDG(16:0_18:1)+Na,MGDG,Monogalactosyldiacylglycerol,M+Na,C,0.1783876048787553,bronze,0.6239967674858614,0.0038869314118166,1.0,1.0,C43 H80 Na1 O10
A15_180783,Ascomycota,False,,,,,,,,,,,,,
A15_129944,Ascomycota,False,,,,,,,,,,,,,
A15_65875,Streptophyta,False,,,,,,,,,,,,,
A15_145438,Streptophyta,False,,,,,,,,,,,,,
A15_146230,Streptophyta,False,,,,,,,,,,,,,
A15_66195,Streptophyta,False,,,,,,,,,,,,,
A15_120976,Streptophyta,False,,,,,,,,,,,,,
A15_73434,Streptophyta,False,,,,,,,,,,,,,
A15_25104,Streptophyta,False,,,,,,,,,,,,,
A15_1389,Bacillota,False,,,,,,,,,,,,,
A15_141459,Bacillota,False,,,,,,,,,,,,,
A15_139573,Bacillota,False,,,,,,,,,,,,,
A15_128244,Bacillota,False,,,,,,,,,,,,,
A15_130561,Bacillota,False,,,,,,,,,,,,,
A15_126467,Bacillota,False,,,,,,,,,,,,,
A15_125160,Bacillota,False,,,,,,,,,,,,,
A15_12198,Streptophyta,False,,,,,,,,,,,,,
A15_130230,Streptophyta,False,,,,,,,,,,,,,
A15_185234,Streptophyta,False,,,,,,,,,,,,,
A15_63676,Basidiomycota,True,LPC(19:0),LPC(19:0)+H,LPC,monoacyl,M+H,C,2.1900759249202784,silver,0.882828770553744,0.1747556908779524,28.0,1.0,C27 H57 N1 O7 P1
A15_64677,Basidiomycota,True,LPC(19:0),LPC(19:0)+H,LPC,monoacyl,M+H,C,2.1900759249202784,silver,0.7788142204979666,0.0574556908779522,28.0,1.0,C27 H57 N1 O7 P1
A15_61679,Basidiomycota,True,LPC(19:0),LPC(19:0)+H,LPC,monoacyl,M+H,C,2.1900759249202784,silver,0.2030197821219422,0.2146556908779526,28.0,2.0,C27 H57 N1 O7 P1
A15_38725,Basidiomycota,False,,,,,,,,,,,,,
A15_40890,Basidiomycota,False,,,,,,,,,,,,,
A15_30303,Bacillota,False,,,,,,,,,,,,,
A15_219759,Bacillota,True,PG(14:2_25:1),PG(14:2_25:1)+H,PG,diacyl,M+H,C,0.6966860186827493,silver,0.2178000127183424,0.0662179999999992,8.0,3.0,C45 H84 O10 P1
A15_93723,Streptophyta,True,TG(3:0_15:2_15:2),TG(3:0_15:2_15:2)+H,TG,triacyl,M+H,C,1.3558454726514384,silver,0.7996398117017283,0.2615871540322594,4.0,4.0,C36 H61 O6
A15_50289,Ascomycota,False,,,,,,,,,,,,,
A15_48397,Ascomycota,False,,,,,,,,,,,,,
A15_5708,Streptophyta,False,,,,,,,,,,,,,
A15_55021,Basidiomycota,False,,,,,,,,,,,,,
A15_57305,Basidiomycota,False,,,,,,,,,,,,,
A15_150216,Streptophyta,False,,,,,,,,,,,,,
A15_87181,Streptophyta,True,DG(O-12:1_18:2),DG(O-12:1_18:2)+Na,DG,alkyl-acyl,M+Na,C,0.32007575942776,bronze,3.434652026074545,0.2153849999999995,1.0,1.0,C33 H60 Na1 O4
A15_115106,Streptophyta,True,PI(20:5_18:2),PI(20:5_18:2)+NH4,PI,diacyl,M+NH4,B,0.7425679605042665,gold,0.0313490776183119,0.0181733878858132,4.0,5.0,C47 H81 N1 O13 P1
A15_187272,Streptophyta,False,,,,,,,,,,,,,
A15_191748,Streptophyta,False,,,,,,,,,,,,,
A15_46457,Streptophyta,False,,,,,,,,,,,,,
A15_69981,Streptophyta,False,,,,,,,,,,,,,
A15_216538,Streptophyta,False,,,,,,,,,,,,,
A15_2122,Streptophyta,False,,,,,,,,,,,,,
A15_40329,Streptophyta,False,,,,,,,,,,,,,
A15_110543,Streptophyta,False,,,,,,,,,,,,,
A15_168117,Bacillota,False,,,,,,,,,,,,,
A15_218721,Streptophyta,False,,,,,,,,,,,,,
A15_170314,Streptophyta,True,Cer(d18:1_20:5),Cer(d18:1_20:5)+H,Cer,acylsphingosines,M+H,C,0.1650204617934816,silver,3.077452690780777,0.108122999999999,3.0,1.0,C38 H66 N1 O3
A15_140386,Streptophyta,False,,,,,,,,,,,,,
A15_113910,Streptophyta,False,,,,,,,,,,,,,
A15_120157,Bacillota,True,DAP(O-14:0_O-6:0),DAP(O-14:0_O-6:0)+H,DAP,dialkyl,M+H,B,1.1333633604174729,gold,0.1509247258417153,0.2050790828406477,3.0,2.0,C28 H47 O4
A15_1941,Bacillota,False,,,,,,,,,,,,,
A15_214152,Streptophyta,True,ChE(24:6),ChE(24:6)+H,ChE,sterolEsters,M+H,A,0.2119988856714268,silver,3.701748851412397,0.2700939208523571,1.0,1.0,C51 H81 O2
A15_1094,Pseudomonadota,False,,,,,,,,,,,,,
A15_130635,Bacillota,True,DG(O-13:0_17:2),DG(O-13:0_17:2)+H,DG,alkyl-acyl,M+H,C,0.4201803357164932,bronze,0.5406291276916128,0.1866529999999997,1.0,2.0,C33 H63 O4
A15_97058,Streptophyta,True,TG(15:1_16:0),TG(15:1_16:0)+NH4,TG,triacyl,M+NH4,C,0.0510336272737174,bronze,1.048657276300049,0.1280357584992639,1.0,1.0,C34 H66 N1 O6
A15_25809,Streptophyta,False,,,,,,,,,,,,,
A15_77384,Streptophyta,False,,,,,,,,,,,,,
A15_70825,Streptophyta,False,,,,,,,,,,,,,
A15_229753,Actinomycetota,True,TG(16:0_16:0_17:0),TG(16:0_16:0_17:0)+NH4,TG,triacyl,M+NH4,A,0.7251257641991984,gold,0.7707162169092112,0.1371949999999984,30.0,11.0,C52 H104 N1 O6
A15_229905,Actinomycetota,True,TG(16:0_16:0_17:0),TG(16:0_16:0_17:0)+NH4,TG,triacyl,M+NH4,A,0.7251257641991984,gold,0.8708608920689889,0.1068949999999979,30.0,11.0,C52 H104 N1 O6
A15_158815,Bacillota,False,,,,,,,,,,,,,
A15_139611,Actinomycetota,False,,,,,,,,,,,,,
A15_130582,Streptophyta,True,PC(35:5),PC(35:5)+H,PC,diacyl,M+H,C,2.6771986330245583,silver,2.155464757043738,0.1189307127887886,9.0,4.0,C43 H77 N1 O8 P1
A15_63367,Basidiomycota,True,BisMeLPA(18:0),BisMeLPA(18:0)+H,BisMeLPA,monoacyl,M+H,C,1.571732629173513,silver,1.3045081544560475,0.0844372324121467,2.0,1.0,C23 H48 O7 P1
A15_140061,Bacillota,False,,,,,,,,,,,,,
A15_141871,Bacillota,False,,,,,,,,,,,,,
A15_19415,Streptophyta,True,WE(O-6:0_12:1),WE(O-6:0_12:1)+Na,WE,Wax monoesters,M+Na,C,0.1787215603245645,bronze,4.556757163474435,0.2109446940476189,1.0,1.0,C18 H34 Na1 O2
A15_112054,Streptophyta,False,,,,,,,,,,,,,
A15_100210,Bacillota,False,,,,,,,,,,,,,
A15_97609,Bacillota,False,,,,,,,,,,,,,
A15_220792,Bacillota,True,TG(42:4),TG(42:4)+NH4,TG,triacyl,M+NH4,C,0.4649921608543818,silver,0.9623887483837258,0.1117827535111573,56.0,8.0,C45 H82 N1 O6
A15_219876,Bacillota,True,TG(42:4),TG(42:4)+NH4,TG,triacyl,M+NH4,C,0.4649921608543818,silver,1.1589442522419222,0.1545827535111605,56.0,8.0,C45 H82 N1 O6
A15_221410,Bacillota,True,TG(42:4),TG(42:4)+NH4,TG,triacyl,M+NH4,C,0.4649921608543818,silver,0.9501040268658368,0.077482753511159,56.0,7.0,C45 H82 N1 O6
A15_219474,Bacillota,True,TG(42:4),TG(42:4)+NH4,TG,triacyl,M+NH4,C,0.4649921608543818,silver,1.665347312093402,0.1743827535111606,56.0,8.0,C45 H82 N1 O6
A15_109691,Streptophyta,True,MG(O-23:4),MG(O-23:4)+H,MG,monoalkyl,M+H,C,0.1730837242463371,bronze,3.3943982211710853,0.2093130752294509,1.0,1.0,C26 H47 O3
A15_63928,Streptophyta,False,,,,,,,,,,,,,
A15_181858,Pseudomonadota,False,,,,,,,,,,,,,
A15_88401,Streptophyta,True,TG(2:0_13:0_18:3),TG(2:0_13:0_18:3)+Na,TG,triacyl,M+Na,C,0.2548906261013542,bronze,1.6847294534527153,0.0999626191964289,1.0,2.0,C36 H62 Na1 O6
A15_38315,Streptophyta,False,,,,,,,,,,,,,
A15_184133,Streptophyta,False,,,,,,,,,,,,,
A15_79454,Streptophyta,True,TG(46:13)+OO:(s),TG(46:13)+NH4+OO:(s),TG,triacyl,M+NH4,C,0.0161717879866058,bronze,0.8385054924066913,0.2757592999999998,1.0,1.0,C49 H72 N1 O8
A15_225338,Streptophyta,False,,,,,,,,,,,,,
A15_131868,Streptophyta,True,PE(32:3),PE(32:3)+H,PE,diacyl,M+H,C,1.809230885351608,silver,0.1412026491091516,0.2823319999999985,5.0,14.0,C37 H69 N1 O8 P1
A15_208113,Basidiomycota,False,,,,,,,,,,,,,
A15_204595,Streptophyta,True,TG(16:3_16:3_18:3),TG(16:3_16:3_18:3)+NH4,TG,triacyl,M+NH4,A,0.7540607780006723,gold,2.6619788356746668,0.0512130191796451,3.0,3.0,C53 H88 N1 O6
A15_166649,Streptophyta,False,,,,,,,,,,,,,
A15_83355,Streptophyta,True,DG(P-4:0_22:2),DG(P-4:0_22:2)+NH4,DG,alkenyl-acyl,M+NH4,C,0.0483588047138966,bronze,0.2924639046373076,0.0588203242941514,1.0,1.0,C29 H56 N1 O4
A15_50551,Streptophyta,True,WE(O-27:3),WE(O-27:3)+Na,WE,Wax monoesters,M+Na,C,0.0975921585073581,bronze,0.2449508613708273,0.0881964999999995,1.0,1.0,C27 H48 Na1 O2
A15_46620,Streptophyta,False,,,,,,,,,,,,,
A15_166710,Streptophyta,True,TG(O-43:13_18:3),TG(O-43:13_18:3)+NH4,TG,alkyl-acyl,M+NH4,C,0.1060629085822699,bronze,0.6246882486108478,0.034063878453038,1.0,2.0,C64 H98 N1 O5
A15_84055,Streptophyta,False,,,,,,,,,,,,,
A15_75877,Streptophyta,False,,,,,,,,,,,,,
A15_31385,Streptophyta,False,,,,,,,,,,,,,
A15_94751,Bacillota,True,SM(d33:5),SM(d33:5)+H,SM,acyl,M+H,C,0.0744773937437781,bronze,0.2469663163821162,0.2833964000000026,4.0,1.0,C38 H70 N2 O6 P1
A15_18444,Basidiomycota,False,,,,,,,,,,,,,
A15_20688,Basidiomycota,False,,,,,,,,,,,,,
A15_30726,Streptophyta,False,,,,,,,,,,,,,
A15_115414,Streptophyta,False,,,,,,,,,,,,,
A15_73205,Streptophyta,False,,,,,,,,,,,,,
A15_34426,Bacillota,False,,,,,,,,,,,,,
A15_27047,Bacillota,False,,,,,,,,,,,,,
A15_30567,Bacillota,False,,,,,,,,,,,,,
A15_32570,Bacillota,False,,,,,,,,,,,,,
A15_25920,Bacillota,False,,,,,,,,,,,,,
A15_27915,Bacillota,False,,,,,,,,,,,,,
A15_24297,Bacillota,False,,,,,,,,,,,,,
A15_155202,Streptophyta,False,,,,,,,,,,,,,
A15_48974,Streptophyta,False,,,,,,,,,,,,,
A15_90969,Streptophyta,True,PE(18:3_18:3),PE(18:3_18:3)+H,PE,diacyl,M+H,A,0.0640503769132849,bronze,4.337897018654549,0.2249023000000001,1.0,1.0,C41 H71 N1 O8 P1
A15_121994,Streptophyta,True,TG(18:1_23:6)+O:(s),TG(18:1_23:6)+NH4+O:(s),TG,triacyl,M+NH4,C,0.0395121835376173,bronze,1.943140539377671,0.1578600000000012,1.0,1.0,C44 H74 N1 O7
A15_88888,Streptophyta,False,,,,,,,,,,,,,
A15_75605,Streptophyta,True,TG(18:1_15:2),TG(18:1_15:2)+NH4,TG,triacyl,M+NH4,C,0.2256390524200557,silver,0.0878055143953167,0.1252835999999995,2.0,2.0,C36 H66 N1 O6
A15_175973,Streptophyta,False,,,,,,,,,,,,,
A15_55723,Streptophyta,False,,,,,,,,,,,,,
A15_65490,Streptophyta,False,,,,,,,,,,,,,
A15_206135,Bacillota,False,,,,,,,,,,,,,
A15_208623,Bacillota,False,,,,,,,,,,,,,
A15_209506,Bacillota,False,,,,,,,,,,,,,
A15_211311,Bacillota,False,,,,,,,,,,,,,
A15_207727,Bacillota,False,,,,,,,,,,,,,
A15_89976,Ascomycota,True,DG(P-6:0_16:1),DG(P-6:0_16:1)+H,DG,alkenyl-acyl,M+H,B,0.46706302215458,silver,0.7283001809051733,0.1586936138332095,1.0,1.0,C25 H47 O4
A15_161873,Streptophyta,True,DG(P-15:2_17:0),DG(P-15:2_17:0)+H,DG,alkenyl-acyl,M+H,C,0.6706792232918559,bronze,0.1618761961753671,0.1087926937984491,1.0,1.0,C35 H65 O4
A15_151731,Ascomycota,False,,,,,,,,,,,,,
A15_70201,Streptophyta,True,TG(2:0_16:0_18:3)+OO:(s),TG(2:0_16:0_18:3)+Na+OO:(s),TG,triacyl,M+Na,C,0.3261193686159144,bronze,0.8995906672189375,0.069343164197531,1.0,2.0,C39 H68 Na1 O8
A15_207632,Streptophyta,True,TG(16:0_16:0_18:4),TG(16:0_16:0_18:4)+Na,TG,triacyl,M+Na,A,0.8478048592916559,gold,1.3366871229285326,0.1000160000000001,7.0,7.0,C53 H94 Na1 O6
A15_111641,Streptophyta,True,MePC(36:7),MePC(36:7)+H,MePC,diacyl,M+H,C,0.298287887623893,bronze,2.1869811148377543,0.1692569834268109,1.0,1.0,C45 H78 N1 O8 P1
A15_164095,Bacillota,False,,,,,,,,,,,,,
A15_165468,Bacillota,False,,,,,,,,,,,,,
A15_111604,Streptophyta,True,TG(26:7_20:4),TG(26:7_20:4)+NH4,TG,triacyl,M+NH4,C,0.0889160906528449,bronze,0.5685801282005312,0.1960184529067223,1.0,1.0,C49 H76 N1 O6
A15_77940,Streptophyta,False,,,,,,,,,,,,,
A15_218507,Bacillota,True,DG(O-17:1_20:5),DG(O-17:1_20:5)+NH4,DG,alkyl-acyl,M+NH4,B,0.1050388599808849,silver,1.1828263199268076,0.0346620000000008,10.0,3.0,C40 H72 N1 O4
A15_186606,Streptophyta,False,,,,,,,,,,,,,
A15_32955,Ascomycota,False,,,,,,,,,,,,,
A15_29782,Ascomycota,False,,,,,,,,,,,,,
A15_158866,Streptophyta,True,Cer(d18:1_18:2),Cer(d18:1_18:2)+H,Cer,acylsphingosines,M+H,A,0.8361507898618448,gold,0.5195419982589641,0.1126644184618719,3.0,4.0,C36 H68 N1 O3
A15_166604,Actinomycetota,False,,,,,,,,,,,,,
A15_146408,Streptophyta,True,PG(18:0_15:0),PG(18:0_15:0)+NH4,PG,diacyl,M+NH4,C,1.1588888155478014,silver,4.290949319954676,0.2447271205278554,5.0,2.0,C39 H81 N1 O10 P1
A15_167191,Ascomycota,True,DG(P-16:3_18:0),DG(P-16:3_18:0)+NH4,DG,alkenyl-acyl,M+NH4,C,0.1045502778279832,bronze,2.6164124446415613,0.0725910000000009,1.0,2.0,C37 H70 N1 O4
A15_121224,Basidiomycota,False,,,,,,,,,,,,,
A15_98504,Streptophyta,False,,,,,,,,,,,,,
A15_154290,Streptophyta,False,,,,,,,,,,,,,
A15_149163,Streptophyta,False,,,,,,,,,,,,,
A15_136128,Streptophyta,True,TG(3:0_18:0_15:2)+O:(s),TG(3:0_18:0_15:2)+NH4+O:(s),TG,triacyl,M+NH4,B,0.2726156503591387,gold,1.434683566889436,0.2639871104659459,2.0,10.0,C39 H74 N1 O7
A15_61432,Actinomycetota,False,,,,,,,,,,,,,
A15_63494,Actinomycetota,False,,,,,,,,,,,,,
A15_215151,Streptophyta,True,TG(18:2_16:0_16:0),TG(18:2_16:0_16:0)+Na,TG,triacyl,M+Na,C,1.208965882917473,silver,1.2338411654221535,0.1278030000000001,5.0,12.0,C53 H98 Na1 O6
A15_215100,Bacillota,False,,,,,,,,,,,,,
A15_214170,Bacillota,False,,,,,,,,,,,,,
A15_217744,Bacillota,False,,,,,,,,,,,,,
A15_213376,Bacillota,False,,,,,,,,,,,,,
A15_216840,Bacillota,False,,,,,,,,,,,,,
A15_183329,Actinomycetota,True,DG(O-25:8_16:3),DG(O-25:8_16:3)+Na,DG,alkyl-acyl,M+Na,C,0.7496046971721352,bronze,1.4516610163481116,0.2257709999999981,1.0,1.0,C44 H66 Na1 O4
A15_121019,Streptophyta,False,,,,,,,,,,,,,
A15_75410,Streptophyta,True,TG(P-8:0_18:2),TG(P-8:0_18:2)+Na,TG,alkenyl-acyl,M+Na,C,0.4904967023176622,bronze,1.7605472224663408,0.0026516,1.0,1.0,C29 H50 Na1 O5
A15_65568,Streptophyta,False,,,,,,,,,,,,,
A15_208215,Basidiomycota,False,,,,,,,,,,,,,
A15_31240,Streptophyta,True,MG(O-27:8),MG(O-27:8)+H,MG,monoalkyl,M+H,C,0.2605636727896027,silver,1.6928671364657817,0.123835627494186,2.0,1.0,C30 H47 O3
A15_107998,Streptophyta,False,,,,,,,,,,,,,
A15_18310,Streptophyta,False,,,,,,,,,,,,,
A15_171099,Basidiomycota,True,PI(38:3),PI(38:3)+NH4,PI,diacyl,M+NH4,C,0.8576066363088269,silver,0.438180039727931,0.1795722654989227,6.0,4.0,C47 H89 N1 O13 P1
A15_173198,Basidiomycota,True,PI(38:3),PI(38:3)+NH4,PI,diacyl,M+NH4,C,0.8576066363088269,silver,0.6521649549407742,0.1044722654989236,6.0,4.0,C47 H89 N1 O13 P1
A15_71038,Streptophyta,False,,,,,,,,,,,,,
A15_218255,Streptophyta,True,TG(P-15:2_18:3_23:3),TG(P-15:2_18:3_23:3)+H,TG,alkenyl-acyl,M+H,C,0.1047176371963733,bronze,0.4543214326153776,0.1788107277241621,1.0,1.0,C59 H99 O5
A15_108570,Streptophyta,False,,,,,,,,,,,,,
A15_220069,Streptophyta,False,,,,,,,,,,,,,
A15_93780,Ascomycota,True,DG(6:0_21:3),DG(6:0_21:3)+H,DG,diacyl,M+H,B,0.4733429711957748,gold,0.6988801973846476,0.229946575433658,2.0,3.0,C30 H53 O5
A15_39507,Streptophyta,False,,,,,,,,,,,,,
A15_36791,Streptophyta,False,,,,,,,,,,,,,
A15_34530,Streptophyta,False,,,,,,,,,,,,,
A15_66218,Streptophyta,False,,,,,,,,,,,,,
A15_15148,Streptophyta,False,,,,,,,,,,,,,
A15_204640,Streptophyta,True,TG(32:2_16:2)+O:(s),TG(32:2_16:2)+NH4+O:(s),TG,triacyl,M+NH4,B,0.5298364898999205,gold,1.380808035365267,0.0277277182638577,2.0,5.0,C51 H94 N1 O7
A15_79907,Bacillota,True,WE(O-28:6),WE(O-28:6)+NH4,WE,Wax monoesters,M+NH4,C,0.2460392169815475,silver,4.696780614720899,0.1109507500000006,2.0,1.0,C28 H48 N1 O2
A15_168995,Methanobacteriota,False,,,,,,,,,,,,,
A15_44956,Methanobacteriota,True,LPE(18:1)+D7:(s),LPE(18:1)+H+D7:(s),LPE,Dlabeled FA,M+H,B,0.7108079650244014,gold,4.3178666397617125,0.1269917999999998,6.0,2.0,C23 H40 D7 N1 O7 P1
A15_42287,Methanobacteriota,True,LPE(18:1)+D7:(s),LPE(18:1)+H+D7:(s),LPE,Dlabeled FA,M+H,B,0.7108079650244014,gold,4.564093088920398,0.0164917999999998,6.0,1.0,C23 H40 D7 N1 O7 P1
A15_46874,Methanobacteriota,True,LPE(18:1)+D7:(s),LPE(18:1)+H+D7:(s),LPE,Dlabeled FA,M+H,B,0.7108079650244014,gold,4.174234488296326,0.1543917999999999,6.0,2.0,C23 H40 D7 N1 O7 P1
A15_62881,Streptophyta,False,,,,,,,,,,,,,
A15_32994,Streptophyta,True,MG(O-27:8),MG(O-27:8)+H,MG,monoalkyl,M+H,C,0.2605636727896027,silver,1.7829077652122811,0.0978356274941862,2.0,1.0,C30 H47 O3
A15_221233,Streptophyta,True,TG(36:4_16:0)+O:(s),TG(36:4_16:0)+NH4+O:(s),TG,triacyl,M+NH4,B,0.7029205789556807,gold,0.3823622657126302,0.128949923742482,7.0,15.0,C55 H102 N1 O7
A15_143414,Bacillota,False,,,,,,,,,,,,,
A15_141842,Bacillota,False,,,,,,,,,,,,,
A15_151106,Bacillota,False,,,,,,,,,,,,,
A15_75623,Streptophyta,False,,,,,,,,,,,,,
A15_97018,Bacillota,True,TG(16:0_16:0)+OO:(s),TG(16:0_16:0)+Na+OO:(s),TG,triacyl,M+Na,C,0.287016989847791,silver,1.1125445050485754,0.2917757038588764,2.0,3.0,C35 H66 Na1 O8
A15_143104,Streptophyta,True,TG(18:1_16:0),TG(18:1_16:0)+NH4,TG,triacyl,M+NH4,B,0.4986372059294837,gold,0.3614569415185172,0.281673189982321,4.0,5.0,C37 H72 N1 O6
A15_14081,Streptophyta,True,TG(5:0_20:4),TG(5:0_20:4)+NH4,TG,triacyl,M+NH4,C,0.0966321995309366,bronze,1.9804903903744493,0.2081729999999999,1.0,1.0,C28 H48 N1 O6
A15_89914,Bacillota,False,,,,,,,,,,,,,
A15_88476,Bacillota,False,,,,,,,,,,,,,
A15_74799,Basidiomycota,False,,,,,,,,,,,,,
A15_106481,Streptophyta,True,PE(18:3_15:0),PE(18:3_15:0)+H,PE,diacyl,M+H,B,0.90029985528736,silver,1.4312699985571873,0.1148259999999989,1.0,3.0,C38 H71 N1 O8 P1
A15_12189,Streptophyta,False,,,,,,,,,,,,,
A15_180102,Actinomycetota,True,PC(O-34:2),PC(O-34:2)+H,PC,alkyl-acyl,M+H,C,2.485704893500257,silver,3.201952445987492,0.1708645313126986,9.0,2.0,C42 H83 N1 O7 P1
A15_178591,Actinomycetota,True,PC(O-34:2),PC(O-34:2)+H,PC,alkyl-acyl,M+H,C,2.485704893500257,silver,3.1106265098399724,0.0214354686873008,9.0,3.0,C42 H83 N1 O7 P1
A15_177421,Actinomycetota,True,PC(O-34:2),PC(O-34:2)+H,PC,alkyl-acyl,M+H,C,2.485704893500257,silver,3.2328421045328177,0.0444354686873005,9.0,3.0,C42 H83 N1 O7 P1
A15_92839,Streptophyta,False,,,,,,,,,,,,,
A15_221392,Streptophyta,False,,,,,,,,,,,,,
A15_13253,Bacillota,False,,,,,,,,,,,,,
A15_17067,Bacillota,False,,,,,,,,,,,,,
A15_15228,Bacillota,False,,,,,,,,,,,,,
A15_20754,Bacillota,False,,,,,,,,,,,,,
A15_22501,Bacillota,False,,,,,,,,,,,,,
A15_56105,Methanobacteriota,False,,,,,,,,,,,,,
A15_55172,Methanobacteriota,False,,,,,,,,,,,,,
A15_152301,Streptophyta,True,Cer(d18:2_20:4),Cer(d18:2_20:4)+H,Cer,acylsphingosines,M+H,C,0.949101117795581,silver,1.889056620597907,0.1088854731265911,2.0,1.0,C38 H66 N1 O3
A15_177880,Streptophyta,True,PC(19:1_16:0),PC(19:1_16:0)+H,PC,diacyl,M+H,C,1.095527523248586,silver,2.791834947742521,0.2577780000000018,3.0,2.0,C43 H85 N1 O8 P1
A15_130723,Streptophyta,True,PG(16:2_18:2),PG(16:2_18:2)+H,PG,diacyl,M+H,A,0.7669285642911872,gold,0.0157580976631404,0.1743170000000002,2.0,2.0,C40 H72 O10 P1
A15_28934,Bacillota,False,,,,,,,,,,,,,
A15_26802,Bacillota,False,,,,,,,,,,,,,
A15_31610,Bacillota,False,,,,,,,,,,,,,
A15_80807,Streptophyta,True,DG(15:2_18:3),DG(15:2_18:3)+H,DG,diacyl,M+H,A,0.4520383449606535,gold,0.5705875248681298,0.080129809420268,3.0,2.0,C36 H61 O5
A15_114202,Bacillota,False,,,,,,,,,,,,,
A15_191890,Ascomycota,True,DG(O-18:4_16:0),DG(O-18:4_16:0)+H,DG,alkyl-acyl,M+H,C,0.7599703176238448,silver,1.136893608639256,0.1422849684060096,5.0,4.0,C37 H67 O4
A15_18994,Streptophyta,True,MG(O-26:8),MG(O-26:8)+H,MG,monoalkyl,M+H,C,0.1950981476499791,bronze,3.3838871107557584,0.1470256279460269,1.0,1.0,C29 H45 O3
A15_59742,Streptophyta,False,,,,,,,,,,,,,
A15_88319,Streptophyta,True,TG(27:2_3:0)+O:(s),TG(27:2_3:0)+Na+O:(s),TG,triacyl,M+Na,C,0.2072177963351697,silver,0.5323758004390955,0.194942960028392,2.0,2.0,C33 H58 Na1 O7
A15_147958,Streptophyta,True,PG(18:0_15:0),PG(18:0_15:0)+NH4,PG,diacyl,M+NH4,C,1.1588888155478014,silver,4.113363395473944,0.2091271205278548,5.0,2.0,C39 H81 N1 O10 P1
A15_55173,Streptophyta,True,WE(O-27:3),WE(O-27:3)+Na,WE,Wax monoesters,M+Na,C,0.0975921585073581,bronze,1.0896806776362833,0.1442035000000006,1.0,1.0,C27 H48 Na1 O2
A15_209364,Ascomycota,False,,,,,,,,,,,,,
A15_210665,Ascomycota,False,,,,,,,,,,,,,
A15_212073,Ascomycota,False,,,,,,,,,,,,,
A15_220986,Streptophyta,False,,,,,,,,,,,,,
A15_133501,Streptophyta,True,TG(18:2_16:0)+O:(s),TG(18:2_16:0)+NH4+O:(s),TG,triacyl,M+NH4,B,0.7367325423479044,gold,0.6665143536890296,0.0810170292474588,6.0,6.0,C37 H70 N1 O7
A15_51355,Streptophyta,True,TG(O-4:0_2:0_19:2),TG(O-4:0_2:0_19:2)+H,TG,alkyl-acyl,M+H,C,0.6119221115949623,bronze,0.803523371095412,0.225786824121589,1.0,1.0,C28 H51 O5
A15_32249,Bacillota,False,,,,,,,,,,,,,
A15_27173,Bacillota,False,,,,,,,,,,,,,
A15_33002,Bacillota,False,,,,,,,,,,,,,
A15_28616,Bacillota,False,,,,,,,,,,,,,
A15_131123,Streptophyta,True,PC(35:6),PC(35:6)+H,PC,diacyl,M+H,C,1.782824707932219,silver,1.4186070329396692,0.194275000000001,3.0,2.0,C43 H75 N1 O8 P1
A15_183303,Methanobacteriota,False,,,,,,,,,,,,,
A15_184501,Methanobacteriota,False,,,,,,,,,,,,,
A15_222854,Streptophyta,False,,,,,,,,,,,,,
A15_165499,Streptophyta,False,,,,,,,,,,,,,
A15_31853,Streptophyta,False,,,,,,,,,,,,,
A15_89954,Streptophyta,False,,,,,,,,,,,,,
A15_30935,Streptophyta,False,,,,,,,,,,,,,
A15_128280,Streptophyta,False,,,,,,,,,,,,,
A15_126842,Streptophyta,False,,,,,,,,,,,,,
A15_124339,Streptophyta,False,,,,,,,,,,,,,
A15_98638,Streptophyta,True,WE(O-14:1_14:2),WE(O-14:1_14:2)+Na,WE,Wax monoesters,M+Na,C,0.3044770614064466,bronze,0.6591811635514947,0.2996331932816538,1.0,1.0,C28 H50 Na1 O2
A15_99260,Streptophyta,True,WE(O-14:1_14:2),WE(O-14:1_14:2)+Na,WE,Wax monoesters,M+Na,C,0.3044770614064466,bronze,0.5073819473465707,0.2842331932816542,1.0,1.0,C28 H50 Na1 O2
A15_94765,Streptophyta,True,WE(O-28:3),WE(O-28:3)+Na,WE,Wax monoesters,M+Na,C,0.1721730321577351,silver,4.512025467141218,0.2059879000000002,2.0,1.0,C28 H50 Na1 O2
A15_96981,Streptophyta,False,,,,,,,,,,,,,
A15_52102,Streptophyta,False,,,,,,,,,,,,,
A15_218009,Streptophyta,False,,,,,,,,,,,,,
A15_138691,Ascomycota,True,PC(35:4),PC(35:4)+H,PC,diacyl,M+H,C,2.845613087675891,silver,0.7801417074242613,0.0173099919813086,17.0,7.0,C43 H79 N1 O8 P1
A15_77954,Ascomycota,False,,,,,,,,,,,,,
A15_156285,Basidiomycota,True,PC(21:4_18:2),PC(21:4_18:2)+H,PC,diacyl,M+H,C,1.2064951973319524,silver,0.9337247660932304,0.0072854283088226,2.0,3.0,C47 H83 N1 O8 P1
A15_152777,Basidiomycota,True,MGDG(18:2_20:4),MGDG(18:2_20:4)+NH4,MGDG,Monogalactosyldiacylglycerol,M+NH4,A,0.8550289768136548,gold,3.8470630847628415,0.2545879185890953,7.0,4.0,C47 H82 N1 O10
A15_166626,Streptophyta,False,,,,,,,,,,,,,
A15_145642,Actinomycetota,False,,,,,,,,,,,,,
A15_158878,Actinomycetota,True,DG(P-15:2_18:0),DG(P-15:2_18:0)+H,DG,alkenyl-acyl,M+H,C,0.5777471712645876,silver,0.8671209875260233,0.1527244999999997,3.0,5.0,C36 H67 O4
A15_93044,Streptophyta,False,,,,,,,,,,,,,
A15_37255,Methanobacteriota,False,,,,,,,,,,,,,
A15_61721,Ascomycota,False,,,,,,,,,,,,,
A15_155073,Streptophyta,False,,,,,,,,,,,,,
A15_55264,Streptophyta,False,,,,,,,,,,,,,
A15_124723,Streptophyta,False,,,,,,,,,,,,,
A15_36789,Streptophyta,False,,,,,,,,,,,,,
A15_62108,Streptophyta,False,,,,,,,,,,,,,
A15_71490,Streptophyta,True,TG(9:0_16:0)+O:(s),TG(9:0_16:0)+Na+O:(s),TG,triacyl,M+Na,C,0.0910709305107979,bronze,2.1901351980248567,0.0212140638076974,1.0,4.0,C28 H52 Na1 O7
A15_165907,Streptophyta,False,,,,,,,,,,,,,
A15_130834,Streptophyta,True,PE(40:10),PE(40:10)+H,PE,diacyl,M+H,C,0.2461412591896284,silver,3.28640190425711,0.2567472122171157,2.0,2.0,C45 H71 N1 O8 P1
A15_11588,Streptophyta,True,LPA(16:1),LPA(16:1)+H,LPA,monoacyl,M+H,C,0.1973731801357022,bronze,4.622430681733962,0.2851494182280936,1.0,1.0,C19 H38 O7 P1
A15_168732,Streptophyta,False,,,,,,,,,,,,,
A15_159498,Streptophyta,False,,,,,,,,,,,,,
A15_162378,Streptophyta,False,,,,,,,,,,,,,
A15_160876,Streptophyta,False,,,,,,,,,,,,,
A15_159715,Streptophyta,False,,,,,,,,,,,,,
A15_95228,Streptophyta,False,,,,,,,,,,,,,
A15_141665,Streptophyta,False,,,,,,,,,,,,,
A15_27732,Bacillota,False,,,,,,,,,,,,,
A15_32250,Bacillota,False,,,,,,,,,,,,,
A15_33122,Bacillota,False,,,,,,,,,,,,,
A15_28794,Bacillota,False,,,,,,,,,,,,,
A15_217795,Streptophyta,True,TG(16:1_16:1_18:1)+O:(s),TG(16:1_16:1_18:1)+NH4+O:(s),TG,triacyl,M+NH4,A,0.4719221697841829,gold,2.7504102492733904,0.0508877045425286,3.0,14.0,C53 H100 N1 O7
A15_175760,Basidiomycota,True,PC(O-41:11),PC(O-41:11)+H,PC,alkyl-acyl,M+H,C,0.6535830600918021,silver,0.5202636425087283,0.2201039999999992,4.0,3.0,C49 H79 N1 O7 P1
A15_126300,Streptophyta,True,DG(18:2_18:3),DG(18:2_18:3)+H,DG,diacyl,M+H,A,0.7222967039960444,gold,0.4437350983812486,0.1745070411751204,5.0,10.0,C39 H67 O5
A15_148272,Basidiomycota,True,TG(18:1_18:0),TG(18:1_18:0)+NH4,TG,triacyl,M+NH4,C,0.3833563176540926,silver,1.842316474857031,0.272874440550078,2.0,5.0,C39 H76 N1 O6
A15_149526,Basidiomycota,True,TG(18:1_18:0),TG(18:1_18:0)+NH4,TG,triacyl,M+NH4,C,0.3833563176540926,silver,1.5826028752719474,0.1759744405500782,2.0,6.0,C39 H76 N1 O6
A15_208204,Streptophyta,False,,,,,,,,,,,,,
A15_17503,Streptophyta,False,,,,,,,,,,,,,
A15_114458,Streptophyta,False,,,,,,,,,,,,,
A15_14762,Streptophyta,True,LPC(20:4),LPC(20:4)+H,LPC,monoacyl,M+H,C,2.742772278711249,silver,0.2816878261819026,0.0940047542205975,20.0,5.0,C28 H51 N1 O7 P1
A15_13369,Streptophyta,True,LPC(20:4),LPC(20:4)+H,LPC,monoacyl,M+H,C,2.742772278711249,silver,0.6766616594019184,0.0659952457794026,20.0,3.0,C28 H51 N1 O7 P1
A15_166640,Ascomycota,True,TG(2:0_18:1_18:2)+O:(s),TG(2:0_18:1_18:2)+NH4+O:(s),TG,triacyl,M+NH4,C,0.1430072713777381,bronze,1.3686164579750169,0.0445759999999992,1.0,2.0,C41 H76 N1 O7
A15_94921,Streptophyta,False,,,,,,,,,,,,,
A15_142404,Ascomycota,False,,,,,,,,,,,,,
A15_69352,Streptophyta,False,,,,,,,,,,,,,
A15_65446,Streptophyta,False,,,,,,,,,,,,,
A15_118555,Streptophyta,False,,,,,,,,,,,,,
A15_37103,Streptophyta,False,,,,,,,,,,,,,
A15_56468,Streptophyta,False,,,,,,,,,,,,,
A15_72415,Streptophyta,False,,,,,,,,,,,,,
A15_204546,Streptophyta,True,TG(18:2_18:2_16:3)+O:(s),TG(18:2_18:2_16:3)+NH4+O:(s),TG,triacyl,M+NH4,A,0.2117727205361753,silver,1.047858720553797,0.2046589999999994,1.0,5.0,C55 H96 N1 O7
A15_16612,Streptophyta,True,LPA(16:1),LPA(16:1)+H,LPA,monoacyl,M+H,C,0.1973731801357022,bronze,3.664551090060348,0.0495494182280937,1.0,1.0,C19 H38 O7 P1
A15_55626,Streptophyta,False,,,,,,,,,,,,,
A15_45786,Streptophyta,True,PS(27:8_18:2),PS(27:8_18:2)+H,PS,diacyl,M+H,C,0.0146262043956068,bronze,3.0185790697640806,0.2239461051724145,1.0,1.0,C51 H81 N1 O10 P1
A15_104170,Streptophyta,False,,,,,,,,,,,,,
A15_67739,Streptophyta,True,DG(P-15:2_22:4),DG(P-15:2_22:4)+Na,DG,alkenyl-acyl,M+Na,C,0.1371730652360412,bronze,1.0973128119171778,0.1350539992263693,1.0,2.0,C40 H66 Na1 O4
A15_35679,Bacillota,False,,,,,,,,,,,,,
A15_103424,Streptophyta,True,TG(12:0_6:0_15:2),TG(12:0_6:0_15:2)+NH4,TG,triacyl,M+NH4,C,0.3856000599539887,bronze,0.9454536616444652,0.0352285517618859,1.0,4.0,C36 H68 N1 O6
A15_199349,Streptophyta,True,TG(36:4_18:2)+OO:(s),TG(36:4_18:2)+NH4+OO:(s),TG,triacyl,M+NH4,B,0.2438993026613428,gold,1.3527368414471603,0.1649623797221373,6.0,5.0,C57 H102 N1 O8
A15_169816,Streptophyta,False,,,,,,,,,,,,,
A15_72341,Streptophyta,False,,,,,,,,,,,,,
A15_218722,Pseudomonadota,False,,,,,,,,,,,,,
A15_93487,Streptophyta,False,,,,,,,,,,,,,
A15_42300,Basidiomycota,True,WE(O-22:3),WE(O-22:3)+NH4,WE,Wax monoesters,M+NH4,C,0.8947629047733077,bronze,1.1451457803473075,0.1160971298876178,1.0,1.0,C22 H42 N1 O2
A15_137387,Streptophyta,True,DG(18:1_18:3),DG(18:1_18:3)+H,DG,diacyl,M+H,A,1.47638284595086,gold,0.6206971447050484,0.2704829247657851,9.0,6.0,C39 H69 O5
A15_170011,Streptophyta,False,,,,,,,,,,,,,
A15_55215,Streptophyta,False,,,,,,,,,,,,,
A15_42834,Pseudomonadota,False,,,,,,,,,,,,,
A15_47924,Pseudomonadota,False,,,,,,,,,,,,,
A15_81028,Streptophyta,False,,,,,,,,,,,,,
A15_53146,Streptophyta,False,,,,,,,,,,,,,
A15_174151,Streptophyta,True,PC(O-40:6),PC(O-40:6)+H,PC,alkyl-acyl,M+H,C,1.0,bronze,2.811694353924773,0.0269903380131708,1.0,2.0,C48 H87 N1 O7 P1
A15_32284,Streptophyta,False,,,,,,,,,,,,,
A15_88717,Streptophyta,False,,,,,,,,,,,,,
A15_170240,Bacillota,False,,,,,,,,,,,,,
A15_168387,Bacillota,False,,,,,,,,,,,,,
A15_108831,Streptophyta,False,,,,,,,,,,,,,
A15_109955,Bacillota,False,,,,,,,,,,,,,
A15_203276,Streptophyta,True,TG(27:2_16:0)+OO:(s),TG(27:2_16:0)+NH4+OO:(s),TG,triacyl,M+NH4,B,0.39412526817088,gold,2.521750778362098,0.033144,7.0,6.0,C46 H88 N1 O8
A15_170298,Streptophyta,False,,,,,,,,,,,,,
A15_183492,Actinomycetota,True,PC(33:0),PC(33:0)+H,PC,diacyl,M+H,C,2.4555630805331385,silver,1.0157314450391486,0.1641841565476163,13.0,4.0,C41 H83 N1 O8 P1
A15_181730,Actinomycetota,True,PC(33:0),PC(33:0)+H,PC,diacyl,M+H,C,2.4555630805331385,silver,1.5594251304843767,0.2897841565476184,13.0,4.0,C41 H83 N1 O8 P1
A15_177412,Actinomycetota,True,PC(32:0),PC(32:0)+H,PC,diacyl,M+H,C,3.19722457733622,silver,1.5136347793383966,0.1563828909221278,32.0,7.0,C40 H81 N1 O8 P1
A15_175624,Actinomycetota,True,PC(32:0),PC(32:0)+H,PC,diacyl,M+H,C,3.19722457733622,silver,1.3557186997859356,0.0027171090778708,32.0,6.0,C40 H81 N1 O8 P1
A15_48388,Streptophyta,False,,,,,,,,,,,,,
A15_21410,Basidiomycota,False,,,,,,,,,,,,,
A15_34102,Streptophyta,False,,,,,,,,,,,,,
A15_161080,Streptophyta,False,,,,,,,,,,,,,
A15_123320,Actinomycetota,False,,,,,,,,,,,,,
A15_107471,Bacillota,False,,,,,,,,,,,,,
A15_167551,Streptophyta,True,DG(O-13:1_20:1),DG(O-13:1_20:1)+NH4,DG,alkyl-acyl,M+NH4,C,0.1724793238763638,bronze,2.19355472912291,0.0094469999999997,1.0,3.0,C36 H72 N1 O4
A15_172564,Actinomycetota,True,PG(19:0_15:0),PG(19:0_15:0)+H,PG,diacyl,M+H,C,0.0765254517555142,bronze,2.200211413505105,0.0563656678472561,1.0,2.0,C40 H80 O10 P1
A15_170748,Actinomycetota,True,TG(36:5_6:0)+O:(s),TG(36:5_6:0)+Na+O:(s),TG,triacyl,M+Na,C,0.0302861218884676,bronze,1.939107797837274,0.0480440000000026,1.0,2.0,C45 H76 Na1 O7
A15_167546,Actinomycetota,True,TG(36:5_6:0)+O:(s),TG(36:5_6:0)+Na+O:(s),TG,triacyl,M+Na,C,0.0302861218884676,bronze,2.000315016983393,0.0473559999999988,1.0,2.0,C45 H76 Na1 O7
A15_93237,Streptophyta,False,,,,,,,,,,,,,
A15_80252,Streptophyta,True,WE(O-28:6),WE(O-28:6)+Na,WE,Wax monoesters,M+Na,C,0.0598862115507909,bronze,1.0540781211556411,0.0377758999999997,1.0,1.0,C28 H44 Na1 O2
A15_9210,Streptophyta,True,LPI(20:4),LPI(20:4)+NH4,LPI,monoacyl,M+NH4,C,0.3491632292778689,silver,0.6070301210929344,0.0065676235304197,5.0,2.0,C29 H53 N1 O12 P1
A15_173419,Ascomycota,False,,,,,,,,,,,,,
A15_117663,Actinomycetota,True,DG(P-10:0_20:2),DG(P-10:0_20:2)+H,DG,alkenyl-acyl,M+H,B,0.2390542628328492,silver,1.2928646132882151,0.2208448051118221,1.0,1.0,C33 H61 O4
A15_55749,Streptophyta,False,,,,,,,,,,,,,
A15_120026,Actinomycetota,True,MGDG(18:4_20:5),MGDG(18:4_20:5)+NH4,MGDG,Monogalactosyldiacylglycerol,M+NH4,B,0.326426426853182,silver,3.314007432065253,0.0957980000000002,1.0,2.0,C47 H76 N1 O10
A15_90873,Mucoromycota,False,,,,,,,,,,,,,
A15_31668,Streptophyta,False,,,,,,,,,,,,,
A15_64979,Streptophyta,False,,,,,,,,,,,,,
A15_149899,Bacillota,False,,,,,,,,,,,,,
A15_145036,Bacillota,False,,,,,,,,,,,,,
A15_45177,Bacillota,False,,,,,,,,,,,,,
A15_42852,Bacillota,False,,,,,,,,,,,,,
A15_128399,Bacillota,True,PS(19:3_20:5),PS(19:3_20:5)+H,PS,diacyl,M+H,C,0.1088183157226028,silver,2.9812921197049955,0.2366336865193723,2.0,2.0,C45 H73 N1 O10 P1
A15_6414,Methanobacteriota,False,,,,,,,,,,,,,
A15_147559,Bacillota,False,,,,,,,,,,,,,
A15_125908,Bacillota,False,,,,,,,,,,,,,
A15_226382,Actinomycetota,True,TG(14:0_14:0_16:0),TG(14:0_14:0_16:0)+NH4,TG,triacyl,M+NH4,A,0.9347154681047332,gold,1.0125343832651676,0.1430712779605265,32.0,15.0,C47 H94 N1 O6
A15_22580,Basidiomycota,False,,,,,,,,,,,,,
A15_32568,Streptophyta,False,,,,,,,,,,,,,
A15_148449,Streptophyta,True,DG(15:0_18:2),DG(15:0_18:2)+H,DG,diacyl,M+H,C,0.6233698011979406,silver,4.599929247014823,0.1168334725558128,2.0,3.0,C36 H67 O5
A15_62949,Streptophyta,False,,,,,,,,,,,,,
A15_86643,Streptophyta,False,,,,,,,,,,,,,
A15_87791,Bacillota,False,,,,,,,,,,,,,
A15_138667,Bacillota,False,,,,,,,,,,,,,
A15_15060,Bacillota,False,,,,,,,,,,,,,
A15_13886,Bacillota,False,,,,,,,,,,,,,
A15_8488,Bacillota,False,,,,,,,,,,,,,
A15_10209,Bacillota,False,,,,,,,,,,,,,
A15_161520,Actinomycetota,False,,,,,,,,,,,,,
A15_160078,Actinomycetota,False,,,,,,,,,,,,,
A15_181173,Actinomycetota,True,DG(15:2_29:8),DG(15:2_29:8)+NH4,DG,diacyl,M+NH4,C,0.8807747830510598,silver,2.558719461576911,0.2126836053570855,2.0,3.0,C47 H76 N1 O5
A15_179764,Actinomycetota,True,DG(15:2_29:8),DG(15:2_29:8)+NH4,DG,diacyl,M+NH4,C,0.8807747830510598,silver,2.5464673323661557,0.1859836053570838,2.0,3.0,C47 H76 N1 O5
A15_178496,Actinomycetota,True,PC(32:0),PC(32:0)+H,PC,diacyl,M+H,C,3.19722457733622,silver,1.787265345427126,0.2353828909221285,32.0,7.0,C40 H81 N1 O8 P1
A15_107734,Ascomycota,True,PG(25:4_14:0),PG(25:4_14:0)+NH4,PG,diacyl,M+NH4,C,0.276697787563449,bronze,4.153488933425507,0.1921546021857931,1.0,1.0,C45 H85 N1 O10 P1
A15_28815,Bacillota,False,,,,,,,,,,,,,
A15_30374,Bacillota,False,,,,,,,,,,,,,
A15_27062,Bacillota,False,,,,,,,,,,,,,
A15_25721,Bacillota,False,,,,,,,,,,,,,
A15_160714,Streptophyta,False,,,,,,,,,,,,,
A15_182820,Streptophyta,True,TG(21:1_20:3)+O:(s),TG(21:1_20:3)+NH4+O:(s),TG,triacyl,M+NH4,C,0.1086084358505429,bronze,4.44395253595022,0.0840588954114274,1.0,1.0,C44 H80 N1 O7
A15_85742,Streptophyta,True,TG(18:4_2:0_16:0)+OO:(s),TG(18:4_2:0_16:0)+Na+OO:(s),TG,triacyl,M+Na,C,0.1406819917519035,bronze,3.26062106495907,0.1592374190045244,1.0,1.0,C39 H66 Na1 O8
A15_47570,Basidiomycota,False,,,,,,,,,,,,,
A15_217247,Bacillota,False,,,,,,,,,,,,,
A15_144730,Actinomycetota,True,PC(32:2),PC(32:2)+H,PC,diacyl,M+H,C,3.19722457733622,silver,1.4627081637025976,0.2304186232978136,39.0,7.0,C40 H77 N1 O8 P1
A15_206838,Streptophyta,True,TG(28:5_15:2_15:2),TG(28:5_15:2_15:2)+H,TG,triacyl,M+H,C,0.1089857096731211,silver,0.4528411345298062,0.0299073363095239,2.0,3.0,C61 H101 O6
A15_192199,Actinomycetota,True,PE(O-40:5),PE(O-40:5)+H,PE,alkyl-acyl,M+H,C,0.6554644965977438,silver,0.3462998727255572,0.2626738094202068,4.0,8.0,C45 H83 N1 O7 P1
A15_194952,Actinomycetota,True,PE(P-18:0_22:4),PE(P-18:0_22:4)+H,PE,alkenyl-acyl,M+H,B,2.127120098546332,gold,0.4803939337992414,0.2839817546012568,2.0,8.0,C45 H83 N1 O7 P1
A15_193950,Actinomycetota,True,PE(O-40:5),PE(O-40:5)+H,PE,alkyl-acyl,M+H,C,0.6554644965977438,silver,0.1951322628409157,0.2314738094202084,4.0,7.0,C45 H83 N1 O7 P1
A15_190463,Actinomycetota,True,PE(O-40:5),PE(O-40:5)+H,PE,alkyl-acyl,M+H,C,1.163849260550125,silver,2.205134932506616,0.1001410000000007,3.0,11.0,C45 H83 N1 O7 P1
A15_126162,Streptophyta,True,SM(d36:4),SM(d36:4)+H,SM,acyl,M+H,C,1.002188619769894,bronze,2.795621555125537,0.2223732597319543,1.0,1.0,C41 H78 N2 O6 P1
A15_49540,Streptophyta,False,,,,,,,,,,,,,
A15_110248,Actinomycetota,False,,,,,,,,,,,,,
A15_144784,Actinomycetota,True,PC(29:0),PC(29:0)+H,PC,diacyl,M+H,C,1.8062961691987112,silver,0.2016261190053254,0.1817752845616524,3.0,3.0,C37 H75 N1 O8 P1
A15_82019,Streptophyta,True,TG(3:0_5:0_16:0),TG(3:0_5:0_16:0)+NH4,TG,triacyl,M+NH4,B,0.8193196864372965,gold,0.1126595667499608,0.1531839499999989,7.0,4.0,C27 H54 N1 O6
A15_121051,Streptophyta,True,TG(17:0_18:2)+OO:(s),TG(17:0_18:2)+NH4+OO:(s),TG,triacyl,M+NH4,C,0.3544724018333749,bronze,2.330952241960349,0.0111669999999985,1.0,2.0,C38 H72 N1 O8
A15_126367,Streptophyta,False,,,,,,,,,,,,,
A15_156012,Actinomycetota,False,,,,,,,,,,,,,
A15_218782,Bacillota,True,TG(12:0_12:0_14:0),TG(12:0_12:0_14:0)+NH4,TG,triacyl,M+NH4,A,0.6990801466064775,gold,0.311321877444201,0.2983081581521887,6.0,12.0,C41 H82 N1 O6
A15_196119,Streptophyta,True,PC(O-38:3),PC(O-38:3)+H,PC,alkyl-acyl,M+H,C,1.4834851608538493,silver,0.3186135766072963,0.0974844833347781,7.0,6.0,C46 H89 N1 O7 P1
A15_220389,Bacillota,False,,,,,,,,,,,,,
A15_222452,Bacillota,False,,,,,,,,,,,,,
A15_227512,Bacillota,False,,,,,,,,,,,,,
A15_226590,Bacillota,False,,,,,,,,,,,,,
A15_227287,Bacillota,False,,,,,,,,,,,,,
A15_66492,Streptophyta,True,TG(14:2_4:0_15:2),TG(14:2_4:0_15:2)+H,TG,triacyl,M+H,C,0.8359283802296915,bronze,1.1581876207977937,0.0676149412166449,1.0,2.0,C36 H61 O6
A15_72164,Streptophyta,False,,,,,,,,,,,,,
A15_156301,Streptophyta,True,PG(16:0_16:1),PG(16:0_16:1)+NH4,PG,diacyl,M+NH4,A,1.3747957918227132,gold,4.291161139930101,0.0277387999294536,4.0,3.0,C38 H77 N1 O10 P1
A15_209154,Streptophyta,False,,,,,,,,,,,,,
A15_76634,Streptophyta,False,,,,,,,,,,,,,
A15_46549,Ascomycota,False,,,,,,,,,,,,,
A15_123487,Actinomycetota,True,PI(31:0),PI(31:0)+NH4,PI,diacyl,M+NH4,C,1.8277702577068424,silver,1.218365719836726,0.2744775377956063,6.0,3.0,C40 H81 N1 O13 P1
A15_111752,Streptophyta,True,MG(O-26:5),MG(O-26:5)+H,MG,monoalkyl,M+H,C,0.0490116732353333,bronze,0.8193948404173881,0.0105760000000003,1.0,1.0,C29 H51 O3
A15_168300,Methanobacteriota,True,PC(O-36:6),PC(O-36:6)+H,PC,alkyl-acyl,M+H,C,1.331668268861556,bronze,1.652589290474137,0.2924527309236975,1.0,1.0,C44 H79 N1 O7 P1
A15_157996,Actinomycetota,False,,,,,,,,,,,,,
A15_100228,Basidiomycota,True,PG(O-15:1_21:5),PG(O-15:1_21:5)+NH4,PG,alkyl-acyl,M+NH4,C,0.0136572961420453,bronze,1.247766826152959,0.0907180216216225,1.0,1.0,C42 H77 N1 O9 P1
A15_152636,Bacillota,False,,,,,,,,,,,,,
A15_62532,Streptophyta,False,,,,,,,,,,,,,
A15_186522,Streptophyta,True,TG(21:1_20:3)+O:(s),TG(21:1_20:3)+NH4+O:(s),TG,triacyl,M+NH4,C,0.1086084358505429,bronze,2.6974185525127323,0.1822588954114259,1.0,1.0,C44 H80 N1 O7
A15_163559,Actinomycetota,False,,,,,,,,,,,,,
A15_162507,Actinomycetota,True,MGDG(16:0_16:1),MGDG(16:0_16:1)+Na,MGDG,Monogalactosyldiacylglycerol,M+Na,A,1.037515978255324,silver,1.2686016966437998,0.2777150000000006,1.0,1.0,C41 H76 Na1 O10
A15_105581,Streptophyta,False,,,,,,,,,,,,,
A15_44901,Bacillota,False,,,,,,,,,,,,,
A15_70659,Streptophyta,False,,,,,,,,,,,,,
A15_75055,Streptophyta,False,,,,,,,,,,,,,
A15_164749,Streptophyta,False,,,,,,,,,,,,,
A15_111019,Streptophyta,False,,,,,,,,,,,,,
A15_174404,Actinomycetota,True,DG(16:1_16:1),DG(16:1_16:1)+NH4,DG,diacyl,M+NH4,A,1.374145657479859,gold,0.6255170177299616,0.0290740000000013,6.0,8.0,C35 H68 N1 O5
A15_172531,Actinomycetota,True,DG(16:1_16:1),DG(16:1_16:1)+NH4,DG,diacyl,M+NH4,A,1.374145657479859,gold,0.6856019478257487,0.0077260000000016,6.0,8.0,C35 H68 N1 O5
A15_25387,Streptophyta,False,,,,,,,,,,,,,
A15_212133,Streptophyta,True,Cer(d16:1_22:0),Cer(d16:1_22:0)+H,Cer,acylsphingosines,M+H,A,0.6761583243159233,silver,1.418198372420019,0.0538130000000016,1.0,1.0,C38 H76 N1 O3
A15_163816,Basidiomycota,True,TG(9:0_9:0_18:1)+O:(s),TG(9:0_9:0_18:1)+NH4+O:(s),TG,triacyl,M+NH4,B,0.7426946179580177,silver,0.8756868479728902,0.073066319818837,1.0,2.0,C39 H76 N1 O7
A15_155098,Basidiomycota,True,PC(32:2),PC(32:2)+H,PC,diacyl,M+H,C,2.9597928212302054,silver,0.0020599042885893,0.0493120000000004,27.0,14.0,C40 H77 N1 O8 P1
A15_221509,Bacillota,True,PG(14:2_25:1),PG(14:2_25:1)+H,PG,diacyl,M+H,C,0.6966860186827493,silver,1.020589395849581,0.1232820000000032,8.0,3.0,C45 H84 O10 P1
A15_145195,Streptophyta,True,PC(37:1),PC(37:1)+H,PC,diacyl,M+H,C,0.3555740056895125,silver,0.4892467642954996,0.1407500000000006,2.0,1.0,C45 H89 N1 O8 P1
A15_58117,Streptophyta,False,,,,,,,,,,,,,
A15_221096,Pseudomonadota,False,,,,,,,,,,,,,
A15_113794,Methanobacteriota,False,,,,,,,,,,,,,
A15_55862,Streptophyta,True,DG(4:0_22:6),DG(4:0_22:6)+NH4,DG,diacyl,M+NH4,C,0.1941824604021329,bronze,0.2524936082163028,0.2021591006102481,1.0,1.0,C29 H48 N1 O5
A15_154094,Bacillota,False,,,,,,,,,,,,,
A15_155232,Bacillota,False,,,,,,,,,,,,,
A15_116225,Streptophyta,True,WE(O-27:2),WE(O-27:2)+Na,WE,Wax monoesters,M+Na,C,0.4828883008712158,silver,0.5640737951211884,0.1800451837344443,9.0,1.0,C27 H50 Na1 O2
A15_220357,Pseudomonadota,False,,,,,,,,,,,,,
A15_219099,Pseudomonadota,False,,,,,,,,,,,,,
A15_79520,Streptophyta,True,TG(3:0_5:0_16:0),TG(3:0_5:0_16:0)+NH4,TG,triacyl,M+NH4,B,0.8193196864372965,gold,0.0470475668009289,0.2896839499999997,7.0,2.0,C27 H54 N1 O6
A15_221649,Streptophyta,False,,,,,,,,,,,,,
A15_114417,Streptophyta,True,MePC(36:7),MePC(36:7)+H,MePC,diacyl,M+H,C,0.298287887623893,bronze,2.6001004732858624,0.0675569834268099,1.0,1.0,C45 H78 N1 O8 P1
A15_30168,Streptophyta,False,,,,,,,,,,,,,
A15_22054,Streptophyta,False,,,,,,,,,,,,,
A15_39296,Streptophyta,False,,,,,,,,,,,,,
A15_175776,Actinomycetota,False,,,,,,,,,,,,,
A15_55232,Streptophyta,False,,,,,,,,,,,,,
A15_140679,Streptophyta,True,DG(18:1_18:3),DG(18:1_18:3)+H,DG,diacyl,M+H,A,1.0442279350962358,gold,0.4524207275604485,0.0576352512086906,18.0,9.0,C39 H69 O5
A15_170255,Actinomycetota,True,DG(15:2_18:0),DG(15:2_18:0)+NH4,DG,diacyl,M+NH4,B,0.3584018973630339,gold,2.4204782942814598,0.1095139166666712,2.0,4.0,C36 H70 N1 O5
A15_40846,Methanobacteriota,False,,,,,,,,,,,,,
A15_123325,Streptophyta,False,,,,,,,,,,,,,
A15_216908,Streptophyta,True,TG(16:1_20:5_20:5),TG(16:1_20:5_20:5)+NH4,TG,triacyl,M+NH4,B,0.9353799746732538,gold,2.339060936970039,0.15100742155958,6.0,14.0,C59 H96 N1 O6
A15_168746,Actinomycetota,True,DG(16:1_16:1),DG(16:1_16:1)+NH4,DG,diacyl,M+NH4,A,1.374145657479859,gold,0.8006216911140094,0.1771259999999994,6.0,10.0,C35 H68 N1 O5
A15_170286,Actinomycetota,True,DG(16:1_16:1),DG(16:1_16:1)+NH4,DG,diacyl,M+NH4,A,1.374145657479859,gold,0.8538397903503165,0.1054260000000013,6.0,8.0,C35 H68 N1 O5
A15_213923,Streptophyta,True,TG(34:0_23:5),TG(34:0_23:5)+Na,TG,triacyl,M+Na,C,0.165955136283344,bronze,3.1512888560712256,0.2775420000000004,1.0,1.0,C60 H106 Na1 O6
A15_34027,Streptophyta,False,,,,,,,,,,,,,
A15_153769,Bacillota,False,,,,,,,,,,,,,
A15_74960,Streptophyta,False,,,,,,,,,,,,,
A15_19781,Streptophyta,False,,,,,,,,,,,,,
A15_166803,Basidiomycota,True,TG(16:1_7:0_18:1)+O:(s),TG(16:1_7:0_18:1)+Na+O:(s),TG,triacyl,M+Na,C,0.0187012352927365,bronze,0.3233963712851572,0.2268300000000014,1.0,1.0,C44 H80 Na1 O7
A15_170820,Basidiomycota,False,,,,,,,,,,,,,
A15_115001,Streptophyta,False,,,,,,,,,,,,,
A15_212997,Streptophyta,True,TG(16:0_16:1_18:2)+O:(s),TG(16:0_16:1_18:2)+Na+O:(s),TG,triacyl,M+Na,A,0.4448347859274028,silver,1.0040535177295369,0.1462339999999997,1.0,2.0,C53 H96 Na1 O7
A15_36937,Streptophyta,False,,,,,,,,,,,,,
A15_54676,Streptophyta,False,,,,,,,,,,,,,
A15_50811,Streptophyta,False,,,,,,,,,,,,,
A15_8581,Streptophyta,False,,,,,,,,,,,,,
A15_155027,Streptophyta,True,PI(18:1_16:0),PI(18:1_16:0)+NH4,PI,diacyl,M+NH4,B,0.698933915042821,gold,2.809536899895249,0.0792800000000006,3.0,4.0,C43 H85 N1 O13 P1
A15_85314,Streptophyta,False,,,,,,,,,,,,,
A15_113481,Streptophyta,True,MG(O-27:6),MG(O-27:6)+H,MG,monoalkyl,M+H,C,0.3068713917994474,silver,1.184630127480722,0.0220359999999999,2.0,1.0,C30 H51 O3
A15_183369,Basidiomycota,False,,,,,,,,,,,,,
A15_9045,Bacillota,False,,,,,,,,,,,,,
A15_7199,Bacillota,False,,,,,,,,,,,,,
A15_14163,Bacillota,False,,,,,,,,,,,,,
A15_129839,Streptophyta,False,,,,,,,,,,,,,
A15_13802,Streptophyta,True,WE(O-19:1),WE(O-19:1)+NH4,WE,Wax monoesters,M+NH4,C,0.433218310284039,silver,0.0088319857084605,0.0494324999999999,3.0,1.0,C19 H40 N1 O2
A15_150569,Actinomycetota,True,PC(29:0),PC(29:0)+H,PC,diacyl,M+H,C,2.406042387999537,silver,1.6720627636582548,0.1781069211703041,9.0,3.0,C37 H75 N1 O8 P1
A15_148895,Actinomycetota,True,PC(29:0),PC(29:0)+H,PC,diacyl,M+H,C,2.406042387999537,silver,1.5175545666480426,0.2062069211703043,9.0,3.0,C37 H75 N1 O8 P1
A15_146196,Actinomycetota,True,PC(29:0),PC(29:0)+H,PC,diacyl,M+H,C,2.406042387999537,silver,0.0360111025518144,0.2477069211703053,9.0,4.0,C37 H75 N1 O8 P1
A15_90476,Actinomycetota,False,,,,,,,,,,,,,
A15_88838,Actinomycetota,False,,,,,,,,,,,,,
A15_203349,Streptophyta,True,TG(36:6_16:0)+OO:(s),TG(36:6_16:0)+NH4+OO:(s),TG,triacyl,M+NH4,B,0.2266835750611274,gold,1.7415930126333654,0.2933756137184105,4.0,6.0,C55 H98 N1 O8
A15_182361,Streptophyta,True,MGDG(16:0_18:1),MGDG(16:0_18:1)+Na,MGDG,Monogalactosyldiacylglycerol,M+Na,C,0.1783876048787553,bronze,0.5035567484509005,0.2326869314118163,1.0,1.0,C43 H80 Na1 O10
A15_11121,Streptophyta,True,LPC(15:1),LPC(15:1)+H,LPC,monoacyl,M+H,C,2.9224296315102145,silver,0.1469947435948074,0.0888324981627355,16.0,5.0,C23 H47 N1 O7 P1
A15_204507,Streptophyta,True,Cer(d18:0_19:0),Cer(d18:0_19:0)+H,Cer,acylsphinganines,M+H,C,0.5021130372079923,bronze,0.6026357214970219,0.1584220000000016,1.0,3.0,C37 H76 N1 O3
A15_172629,Actinomycetota,False,,,,,,,,,,,,,
A15_132671,Bacillota,False,,,,,,,,,,,,,
A15_121387,Bacillota,False,,,,,,,,,,,,,
A15_120530,Bacillota,True,BisMePA(31:4),BisMePA(31:4)+NH4,BisMePA,diacyl,M+NH4,C,2.1012198315431703,silver,4.9136301812486,0.1464730000000003,4.0,1.0,C36 H67 N1 O8 P1
A15_118440,Bacillota,True,BisMePA(31:4),BisMePA(31:4)+NH4,BisMePA,diacyl,M+NH4,C,2.1012198315431703,silver,4.980548059787715,0.1882730000000005,4.0,1.0,C36 H67 N1 O8 P1
