motif,phylum,kingdom,n_motif_in_phylum,n_motif_total,n_phylum_total,observed_frac,expected_frac,enrichment_ratio,odds_ratio,pvalue,padj,significant
motif_0,Chlorophyta,Plantae,3,31,303,0.0968,0.0529,1.8282,1.9261,0.2243261027158696,0.6361082410969265,False
motif_0,Heterolobosea,Protozoa,2,31,506,0.0645,0.0884,0.7298,0.71,0.7734784048449987,0.8970009254697551,False
motif_0,Methanobacteriota,Archaea,2,31,277,0.0645,0.0484,1.3332,1.3587,0.4467991934440507,0.7156883735687211,False
motif_0,Mollusca,Animalia,2,31,324,0.0645,0.0566,1.1398,1.1504,0.530825257509335,0.7763287727147306,False
motif_0,Streptophyta,Plantae,10,31,1144,0.3226,0.1999,1.614,1.9144,0.07375825780125558,0.43188986109328437,False
motif_0,Thermoproteota,Archaea,3,31,306,0.0968,0.0535,1.8102,1.9059,0.2286645212092346,0.6361082410969265,False
motif_1,Heterolobosea,Protozoa,4,21,506,0.1905,0.0884,2.1547,2.4378,0.10845955912806761,0.5125399382622401,False
motif_1,Methanobacteriota,Archaea,2,21,277,0.0952,0.0484,1.968,2.0777,0.2702711503723978,0.6450543693352696,False
motif_1,Streptophyta,Plantae,4,21,1144,0.1905,0.1999,0.953,0.9418,0.6293977391909774,0.8229884709073723,False
motif_10,Arthropoda,Animalia,3,47,744,0.0638,0.13,0.4911,0.4542,0.9543783746150323,0.9944454574894428,False
motif_10,Heterolobosea,Protozoa,5,47,506,0.1064,0.0884,1.2034,1.2299,0.4027226722200598,0.6985510250220266,False
motif_10,Methanobacteriota,Archaea,9,47,277,0.1915,0.0484,3.957,4.7801,0.0003434718363511447,0.008483106297804686,True
motif_10,Nematoda,Animalia,4,47,234,0.0851,0.0409,2.0818,2.203,0.12422017734479446,0.5384245435242913,False
motif_10,Streptophyta,Plantae,4,47,1144,0.0851,0.1999,0.4258,0.3702,0.9908544345144256,0.9999988974232555,False
motif_10,Thermoproteota,Archaea,8,47,306,0.1702,0.0535,3.184,3.7026,0.0030778064709596526,0.055956231534530346,False
motif_100,Arthropoda,Animalia,2,25,744,0.08,0.13,0.6155,0.5809,0.8548549690068732,0.9490486956123482,False
motif_100,Chlorophyta,Plantae,4,25,303,0.16,0.0529,3.0226,3.44,0.040403471436093706,0.33686715993532906,False
motif_100,Mollusca,Animalia,3,25,324,0.12,0.0566,2.12,2.2846,0.16551958585799212,0.5815292241060912,False
motif_100,Nematoda,Animalia,2,25,234,0.08,0.0409,1.9569,2.0491,0.2724408863331895,0.6450543693352696,False
motif_100,Streptophyta,Plantae,4,25,1144,0.16,0.1999,0.8006,0.7617,0.7660726117029905,0.892380276411604,False
motif_101,Mollusca,Animalia,2,19,324,0.1053,0.0566,1.8596,1.9668,0.29271374742945006,0.6450543693352696,False
motif_101,Streptophyta,Plantae,9,19,1144,0.4737,0.1999,2.3701,3.6238,0.006538443340850244,0.09928337579105567,False
motif_102,Arthropoda,Animalia,3,21,744,0.1429,0.13,1.0991,1.1161,0.5262508378761607,0.774002636831342,False
motif_102,Chlorophyta,Plantae,2,21,303,0.0952,0.0529,1.7992,1.8891,0.3063130816894168,0.6499149092219259,False
motif_102,Mucoromycota,Fungi,2,21,161,0.0952,0.0281,3.386,3.6703,0.11661388716879108,0.5287532697949424,False
motif_102,Streptophyta,Plantae,6,21,1144,0.2857,0.1999,1.4296,1.6046,0.22987025198201305,0.6361082410969265,False
motif_102,Thermoproteota,Archaea,3,21,306,0.1429,0.0535,2.6723,2.9703,0.09876581420754213,0.49916776369757787,False
motif_103,Arthropoda,Animalia,5,31,744,0.1613,0.13,1.2409,1.2892,0.37693931819191057,0.6858983026913616,False
motif_103,Methanobacteriota,Archaea,2,31,277,0.0645,0.0484,1.3332,1.3587,0.4467991934440507,0.7156883735687211,False
motif_103,Mollusca,Animalia,2,31,324,0.0645,0.0566,1.1398,1.1504,0.530825257509335,0.7763287727147306,False
motif_103,Nematoda,Animalia,2,31,234,0.0645,0.0409,1.5782,1.6234,0.36374000532436773,0.6772911336694131,False
motif_103,Streptophyta,Plantae,10,31,1144,0.3226,0.1999,1.614,1.9144,0.07375825780125558,0.43188986109328437,False
motif_104,Arthropoda,Animalia,2,17,744,0.1176,0.13,0.9051,0.8922,0.6685352656246046,0.847977386339736,False
motif_104,Mucoromycota,Fungi,2,17,161,0.1176,0.0281,4.1827,4.6524,0.08115321823061335,0.45394129626337976,False
motif_104,Streptophyta,Plantae,6,17,1144,0.3529,0.1999,1.7659,2.19,0.10509482748679563,0.5125399382622401,False
motif_105,Arthropoda,Animalia,5,37,744,0.1351,0.13,1.0397,1.0462,0.5361389639489247,0.7763287727147306,False
motif_105,Chlorophyta,Plantae,2,37,303,0.0541,0.0529,1.0211,1.0225,0.5907083517060805,0.7998583246804417,False
motif_105,Heterolobosea,Protozoa,8,37,506,0.2162,0.0884,2.4459,2.8744,0.013690889061871542,0.17067975030466523,False
motif_105,Methanobacteriota,Archaea,3,37,277,0.0811,0.0484,1.6755,1.7431,0.2651461822320745,0.6450543693352696,False
motif_105,Mollusca,Animalia,6,37,324,0.1622,0.0566,2.8649,3.2678,0.01647716011927727,0.19431173510030583,False
motif_105,Streptophyta,Plantae,3,37,1144,0.0811,0.1999,0.4057,0.3515,0.9866811438183253,0.9999988974232555,False
motif_106,Heterolobosea,Protozoa,5,29,506,0.1724,0.0884,1.9504,2.1598,0.10750787367530736,0.5125399382622401,False
motif_106,Nematoda,Animalia,2,29,234,0.069,0.0409,1.687,1.7443,0.33364615660590846,0.6499149092219259,False
motif_106,Streptophyta,Plantae,7,29,1144,0.2414,0.1999,1.2077,1.2755,0.35623473150505913,0.6663232757687024,False
motif_106,Thermoproteota,Archaea,3,29,306,0.1034,0.0535,1.9351,2.0533,0.20027788881341274,0.6256891562213777,False
motif_107,Arthropoda,Animalia,4,39,744,0.1026,0.13,0.7891,0.7637,0.7650221129576016,0.892380276411604,False
motif_107,Methanobacteriota,Archaea,2,39,277,0.0513,0.0484,1.0597,1.0634,0.5697710971578194,0.796827314294429,False
motif_107,Mollusca,Animalia,10,39,324,0.2564,0.0566,4.5299,5.8983,4.282382307049134e-05,0.0015003088587308324,True
motif_107,Nematoda,Animalia,12,39,234,0.3077,0.0409,7.5266,10.9369,2.4149255199719088e-08,2.431644235110176e-06,True
motif_107,Streptophyta,Plantae,3,39,1144,0.0769,0.1999,0.3849,0.3319,0.990643109590322,0.9999988974232555,False
motif_107,Thermoproteota,Archaea,5,39,306,0.1282,0.0535,2.3982,2.6304,0.054851297555853815,0.3909190121275891,False
motif_108,Chlorophyta,Plantae,3,30,303,0.1,0.0529,1.8891,1.9978,0.21023160078971093,0.6361082410969265,False
motif_108,Heterolobosea,Protozoa,2,30,506,0.0667,0.0884,0.7542,0.7355,0.7574465633237303,0.892380276411604,False
motif_108,Methanobacteriota,Archaea,2,30,277,0.0667,0.0484,1.3776,1.4075,0.43007667022302565,0.7107446985582112,False
motif_108,Mollusca,Animalia,3,30,324,0.1,0.0566,1.7667,1.8598,0.23958012996378097,0.6450543693352696,False
motif_108,Mucoromycota,Fungi,2,30,161,0.0667,0.0281,2.3702,2.4865,0.2060141541676589,0.6361082410969265,False
motif_108,Streptophyta,Plantae,5,30,1144,0.1667,0.1999,0.8339,0.7998,0.7448428809380083,0.8871697261973844,False
motif_109,Heterolobosea,Protozoa,3,21,506,0.1429,0.0884,1.616,1.723,0.28236337935490663,0.6450543693352696,False
motif_109,Methanobacteriota,Archaea,5,21,277,0.2381,0.0484,4.9201,6.2397,0.0027463203042865595,0.052100482294363856,False
motif_109,Nematoda,Animalia,3,21,234,0.1429,0.0409,3.4945,3.9481,0.05210191320596386,0.38101343232741164,False
motif_109,Streptophyta,Plantae,3,21,1144,0.1429,0.1999,0.7148,0.6664,0.8213981524752851,0.9269053289570244,False
motif_109,Thermoproteota,Archaea,2,21,306,0.0952,0.0535,1.7815,1.8695,0.3104649775099824,0.6499149092219259,False
motif_11,Arthropoda,Animalia,3,26,744,0.1154,0.13,0.8877,0.8726,0.6755530350698153,0.851925744611164,False
motif_11,Heterolobosea,Protozoa,2,26,506,0.0769,0.0884,0.8702,0.8588,0.6832540247596282,0.8583296721788419,False
motif_11,Mollusca,Animalia,2,26,324,0.0769,0.0566,1.359,1.3913,0.43761647068924386,0.7156883735687211,False
motif_11,Streptophyta,Plantae,4,26,1144,0.1538,0.1999,0.7698,0.727,0.7932844983268268,0.9116720213210374,False
motif_11,Thermoproteota,Archaea,8,26,306,0.3077,0.0535,5.7557,8.0537,4.079503654179363e-05,0.0014833528564779962,True
motif_110,Arthropoda,Animalia,15,41,744,0.3659,0.13,2.8147,3.9205,0.00010601992444525626,0.0033274375740947513,True
motif_110,Chlorophyta,Plantae,3,41,303,0.0732,0.0529,1.3823,1.4166,0.3706382712130879,0.6790956342524939,False
motif_110,Heterolobosea,Protozoa,5,41,506,0.122,0.0884,1.3795,1.4366,0.29433537057971204,0.6475378152753665,False
motif_110,Methanobacteriota,Archaea,4,41,277,0.0976,0.0484,2.016,2.1424,0.13473220503123517,0.5479333721329754,False
motif_110,Streptophyta,Plantae,4,41,1144,0.0976,0.1999,0.4881,0.4308,0.9758920225176039,0.9999988974232555,False
motif_111,Arthropoda,Animalia,9,22,744,0.4091,0.13,3.1474,4.6785,0.0010335389325001687,0.022343374646962545,True
motif_111,Heterolobosea,Protozoa,2,22,506,0.0909,0.0884,1.0284,1.0313,0.5914918703519233,0.7998583246804417,False
motif_111,Streptophyta,Plantae,2,22,1144,0.0909,0.1999,0.4549,0.3993,0.9521876520707722,0.9931582761439368,False
motif_112,Arthropoda,Animalia,4,32,744,0.125,0.13,0.9617,0.956,0.6128090731005226,0.8150273444150546,False
motif_112,Heterolobosea,Protozoa,4,32,506,0.125,0.0884,1.414,1.4769,0.3123271159078596,0.6499149092219259,False
motif_112,Streptophyta,Plantae,6,32,1144,0.1875,0.1999,0.9382,0.9235,0.6396252563383978,0.8298503139931458,False
motif_113,Arthropoda,Animalia,4,25,744,0.16,0.13,1.231,1.2764,0.41219337193111893,0.6999677456115959,False
motif_113,Bacillota,Bacteria,3,25,102,0.12,0.0178,6.7341,7.7135,0.009505256158819812,0.12568060921106194,False
motif_113,Heterolobosea,Protozoa,2,25,506,0.08,0.0884,0.905,0.8963,0.662022623276376,0.8465859455982212,False
motif_113,Streptophyta,Plantae,2,25,1144,0.08,0.1999,0.4003,0.347,0.9727465836482603,0.9999988974232555,False
motif_113,Thermoproteota,Archaea,2,25,306,0.08,0.0535,1.4965,1.5432,0.3894870145964191,0.6899032504826964,False
motif_114,Arthropoda,Animalia,13,58,744,0.2241,0.13,1.7244,1.9503,0.03228872131680315,0.2963425098175413,False
motif_114,Bacillota,Bacteria,2,58,102,0.0345,0.0178,1.9351,1.9879,0.2767071957147709,0.6450543693352696,False
motif_114,Chlorophyta,Plantae,11,58,303,0.1897,0.0529,3.5828,4.3073,0.00018561901939346132,0.005169687157149805,True
motif_114,Heterolobosea,Protozoa,3,58,506,0.0517,0.0884,0.5851,0.5599,0.8978142389239542,0.9674585298533509,False
motif_114,Methanobacteriota,Archaea,7,58,277,0.1207,0.0484,2.494,2.7431,0.020905323025642034,0.22985792463677407,False
motif_114,Mollusca,Animalia,4,58,324,0.069,0.0566,1.2184,1.2375,0.41796237411675924,0.70186701927915,False
motif_114,Streptophyta,Plantae,6,58,1144,0.1034,0.1999,0.5176,0.4591,0.9841752127748638,0.9999988974232555,False
motif_114,Thermoproteota,Archaea,6,58,306,0.1034,0.0535,1.9351,2.0638,0.08770166875645309,0.4726864630069913,False
motif_115,Chlorophyta,Plantae,7,25,303,0.28,0.0529,5.2895,7.0985,0.00022852400699217986,0.005982758503055269,True
motif_115,Heterolobosea,Protozoa,10,25,506,0.4,0.0884,4.5249,6.9933,2.5720359191292027e-05,0.00108606290907746,True
motif_116,Arthropoda,Animalia,4,21,744,0.1905,0.13,1.4654,1.5781,0.2875537115878889,0.6450543693352696,False
motif_116,Chlorophyta,Plantae,2,21,303,0.0952,0.0529,1.7992,1.8891,0.3063130816894168,0.6499149092219259,False
motif_116,Streptophyta,Plantae,3,21,1144,0.1429,0.1999,0.7148,0.6664,0.8213981524752851,0.9269053289570244,False
motif_116,Thermoproteota,Archaea,3,21,306,0.1429,0.0535,2.6723,2.9703,0.09876581420754213,0.49916776369757787,False
motif_117,Heterolobosea,Protozoa,2,22,506,0.0909,0.0884,1.0284,1.0313,0.5914918703519233,0.7998583246804417,False
motif_117,Methanobacteriota,Archaea,2,22,277,0.0909,0.0484,1.8786,1.9735,0.2885414409102893,0.6450543693352696,False
motif_117,Streptophyta,Plantae,8,22,1144,0.3636,0.1999,1.8195,2.2968,0.05559146603501779,0.391232414192679,False
motif_118,Heterolobosea,Protozoa,2,20,506,0.1,0.0884,1.1312,1.1464,0.5386842028185014,0.7763287727147306,False
motif_118,Methanobacteriota,Archaea,2,20,277,0.1,0.0484,2.0664,2.1935,0.2519893194888674,0.6450543693352696,False
motif_118,Streptophyta,Plantae,4,20,1144,0.2,0.1999,1.0007,1.0009,0.5882457768433875,0.7998583246804417,False
motif_118,Thermoproteota,Archaea,2,20,306,0.1,0.0535,1.8706,1.9737,0.2903031524335593,0.6450543693352696,False
motif_119,Nematoda,Animalia,2,16,234,0.125,0.0409,3.0577,3.3719,0.13727096411608924,0.5495663243951102,False
motif_119,Thermoproteota,Archaea,2,16,306,0.125,0.0535,2.3382,2.5395,0.20954905215881636,0.6361082410969265,False
motif_12,Arthropoda,Animalia,5,25,744,0.2,0.13,1.5387,1.6779,0.217811631986906,0.6361082410969265,False
motif_12,Methanobacteriota,Archaea,2,25,277,0.08,0.0484,1.6531,1.7151,0.3428873114110443,0.6590888261924478,False
motif_12,Streptophyta,Plantae,5,25,1144,0.2,0.1999,1.0007,1.0009,0.5789826840256838,0.7998583246804417,False
motif_12,Thermoproteota,Archaea,5,25,306,0.2,0.0535,3.7412,4.4834,0.009269948991476422,0.12477636419767513,False
motif_120,Mollusca,Animalia,2,23,324,0.087,0.0566,1.5362,1.5909,0.3771032084988226,0.6858983026913616,False
motif_120,Nematoda,Animalia,3,23,234,0.1304,0.0409,3.1906,3.5519,0.06539641521970622,0.4179962721280487,False
motif_120,Streptophyta,Plantae,5,23,1144,0.2174,0.1999,1.0877,1.1126,0.498776850549096,0.7498938873875983,False
motif_121,Arthropoda,Animalia,5,25,744,0.2,0.13,1.5387,1.6779,0.217811631986906,0.6361082410969265,False
motif_121,Heterolobosea,Protozoa,4,25,506,0.16,0.0884,1.81,1.9719,0.17468261171762084,0.5972886160968468,False
motif_121,Streptophyta,Plantae,8,25,1144,0.32,0.1999,1.6011,1.8902,0.10829439856408514,0.5125399382622401,False
motif_122,Heterolobosea,Protozoa,3,15,506,0.2,0.0884,2.2625,2.5875,0.1410051196453823,0.55428138623365,False
motif_122,Streptophyta,Plantae,3,15,1144,0.2,0.1999,1.0007,1.0009,0.6017143325595311,0.8070123579102727,False
motif_123,Chlorophyta,Plantae,2,18,303,0.1111,0.0529,2.099,2.2446,0.24626206894670014,0.6450543693352696,False
motif_123,Mollusca,Animalia,2,18,324,0.1111,0.0566,1.963,2.0901,0.2712621153329085,0.6450543693352696,False
motif_123,Streptophyta,Plantae,6,18,1144,0.3333,0.1999,1.6678,2.007,0.13223121796926665,0.5460273322453314,False
motif_123,Thermoproteota,Archaea,2,18,306,0.1111,0.0535,2.0784,2.2212,0.24982511811740796,0.6450543693352696,False
motif_124,Arthropoda,Animalia,3,22,744,0.1364,0.13,1.0491,1.0571,0.5590428625900897,0.7919773886692938,False
motif_124,Heterolobosea,Protozoa,2,22,506,0.0909,0.0884,1.0284,1.0313,0.5914918703519233,0.7998583246804417,False
motif_124,Mollusca,Animalia,2,22,324,0.0909,0.0566,1.6061,1.6708,0.35632260736294247,0.6663232757687024,False
motif_124,Nematoda,Animalia,2,22,234,0.0909,0.0409,2.2238,2.3578,0.22634957175240436,0.6361082410969265,False
motif_124,Streptophyta,Plantae,3,22,1144,0.1364,0.1999,0.6823,0.6312,0.8456487099492742,0.9436949371897697,False
motif_125,Arthropoda,Animalia,5,19,744,0.2632,0.13,2.0246,2.4,0.09003872619343835,0.4752447281742371,False
motif_125,Heterolobosea,Protozoa,2,19,506,0.1053,0.0884,1.1908,1.2141,0.5105677801831872,0.7589550530769843,False
motif_125,Streptophyta,Plantae,2,19,1144,0.1053,0.1999,0.5267,0.4701,0.917268661565308,0.9745979529131397,False
motif_126,Arthropoda,Animalia,3,19,744,0.1579,0.13,1.2148,1.2561,0.45687950701976165,0.7156883735687211,False
motif_126,Mollusca,Animalia,2,19,324,0.1053,0.0566,1.8596,1.9668,0.29271374742945006,0.6450543693352696,False
motif_126,Streptophyta,Plantae,3,19,1144,0.1579,0.1999,0.79,0.75,0.7631109602316917,0.892380276411604,False
motif_126,Thermoproteota,Archaea,3,19,306,0.1579,0.0535,2.9536,3.3428,0.07773398025512446,0.4442921089097645,False
motif_127,Chlorophyta,Plantae,2,21,303,0.0952,0.0529,1.7992,1.8891,0.3063130816894168,0.6499149092219259,False
motif_127,Streptophyta,Plantae,7,21,1144,0.3333,0.1999,1.6678,2.0079,0.10779161827160263,0.5125399382622401,False
motif_128,Arthropoda,Animalia,3,19,744,0.1579,0.13,1.2148,1.2561,0.45687950701976165,0.7156883735687211,False
motif_128,Chlorophyta,Plantae,2,19,303,0.1053,0.0529,1.9885,2.1122,0.2663003675100769,0.6450543693352696,False
motif_128,Streptophyta,Plantae,3,19,1144,0.1579,0.1999,0.79,0.75,0.7631109602316917,0.892380276411604,False
motif_129,Chlorophyta,Plantae,2,39,303,0.0513,0.0529,0.9688,0.9669,0.6196717554964561,0.8160942188297289,False
motif_129,Streptophyta,Plantae,7,39,1144,0.1795,0.1999,0.8981,0.875,0.6876400941719065,0.8613346622659115,False
motif_13,Arthropoda,Animalia,11,42,744,0.2619,0.13,2.015,2.3958,0.015751180917332328,0.18877010885899384,False
motif_13,Heterolobosea,Protozoa,9,42,506,0.2143,0.0884,2.4241,2.8453,0.009707233142566635,0.12706768183619724,False
motif_13,Methanobacteriota,Archaea,2,42,277,0.0476,0.0484,0.984,0.9831,0.6105242538608767,0.8150273444150546,False
motif_13,Mollusca,Animalia,5,42,324,0.119,0.0566,2.1032,2.2719,0.08640014152278297,0.47124077188884544,False
motif_13,Streptophyta,Plantae,4,42,1144,0.0952,0.1999,0.4765,0.4194,0.9794183755820967,0.9999988974232555,False
motif_130,Arthropoda,Animalia,3,19,744,0.1579,0.13,1.2148,1.2561,0.45687950701976165,0.7156883735687211,False
motif_130,Chlorophyta,Plantae,2,19,303,0.1053,0.0529,1.9885,2.1122,0.2663003675100769,0.6450543693352696,False
motif_130,Heterolobosea,Protozoa,4,19,506,0.2105,0.0884,2.3815,2.7639,0.08060755422133617,0.4528553153464766,False
motif_130,Mollusca,Animalia,3,19,324,0.1579,0.0566,2.7895,3.1449,0.08892324251230461,0.4726864630069913,False
motif_130,Streptophyta,Plantae,3,19,1144,0.1579,0.1999,0.79,0.75,0.7631109602316917,0.892380276411604,False
motif_131,Chlorophyta,Plantae,4,36,303,0.1111,0.0529,2.099,2.2529,0.12043931305561649,0.5308251205043838,False
motif_131,Mollusca,Animalia,2,36,324,0.0556,0.0566,0.9815,0.9803,0.6129848068229284,0.8150273444150546,False
motif_131,Mucoromycota,Fungi,3,36,161,0.0833,0.0281,2.9627,3.1818,0.07938508799039648,0.44790982835960774,False
motif_131,Streptophyta,Plantae,21,36,1144,0.5833,0.1999,2.9187,5.691,4.406462891987743e-07,3.0358210134799765e-05,True
motif_132,Arthropoda,Animalia,7,19,744,0.3684,0.13,2.8345,3.9322,0.007453539487072059,0.107216298775575,False
motif_132,Heterolobosea,Protozoa,2,19,506,0.1053,0.0884,1.1908,1.2141,0.5105677801831872,0.7589550530769843,False
motif_132,Streptophyta,Plantae,5,19,1144,0.2632,0.1999,1.3167,1.4317,0.32599588379362177,0.6499149092219259,False
motif_133,Methanobacteriota,Archaea,3,21,277,0.1429,0.0484,2.952,3.3023,0.07831192609532522,0.4442921089097645,False
motif_133,Mollusca,Animalia,2,21,324,0.0952,0.0566,1.6825,1.7591,0.3352993668998426,0.6502324018842873,False
motif_133,Streptophyta,Plantae,8,21,1144,0.381,0.1999,1.9061,2.474,0.042592873592399084,0.34780750912470193,False
motif_134,Arthropoda,Animalia,4,29,744,0.1379,0.13,1.0612,1.0714,0.5316612995953245,0.7763287727147306,False
motif_134,Bacillota,Bacteria,3,29,102,0.1034,0.0178,5.8053,6.5221,0.01434583290915028,0.17530628177959034,False
motif_134,Heterolobosea,Protozoa,2,29,506,0.069,0.0884,0.7802,0.7629,0.7404441621481298,0.8871697261973844,False
motif_134,Nematoda,Animalia,2,29,234,0.069,0.0409,1.687,1.7443,0.33364615660590846,0.6499149092219259,False
motif_134,Streptophyta,Plantae,4,29,1144,0.1379,0.1999,0.6901,0.6393,0.8598714690574828,0.9490486956123482,False
motif_135,Arthropoda,Animalia,5,30,744,0.1667,0.13,1.2823,1.341,0.34964498562813473,0.6663232757687024,False
motif_135,Chlorophyta,Plantae,3,30,303,0.1,0.0529,1.8891,1.9978,0.21023160078971093,0.6361082410969265,False
motif_135,Heterolobosea,Protozoa,3,30,506,0.1,0.0884,1.1312,1.1467,0.5024105456897237,0.7521980950242781,False
motif_135,Mucoromycota,Fungi,4,30,161,0.1333,0.0281,4.7404,5.4258,0.009341545982713646,0.12477636419767513,False
motif_135,Streptophyta,Plantae,5,30,1144,0.1667,0.1999,0.8339,0.7998,0.7448428809380083,0.8871697261973844,False
motif_136,Arthropoda,Animalia,12,34,744,0.3529,0.13,2.7154,3.6945,0.0007566365569280796,0.017428738665271854,True
motif_136,Heterolobosea,Protozoa,2,34,506,0.0588,0.0884,0.6654,0.6431,0.8161376970779951,0.9269053289570244,False
motif_136,Mollusca,Animalia,2,34,324,0.0588,0.0566,1.0392,1.0419,0.5814973263257782,0.7998583246804417,False
motif_136,Nematoda,Animalia,6,34,234,0.1765,0.0409,4.3167,5.1335,0.0022473377184552383,0.043906941394894136,True
motif_136,Streptophyta,Plantae,4,34,1144,0.1176,0.1999,0.5886,0.5322,0.9303159614390587,0.9800787783102551,False
motif_136,Thermoproteota,Archaea,2,34,306,0.0588,0.0535,1.1003,1.1073,0.5497082143907284,0.7838431945941867,False
motif_137,Bacillota,Bacteria,6,36,102,0.1667,0.0178,9.3529,11.65,3.48840713730202e-05,0.0013430367478612776,True
motif_137,Chlorophyta,Plantae,3,36,303,0.0833,0.0529,1.5743,1.6327,0.29690586973552,0.6499149092219259,False
motif_137,Heterolobosea,Protozoa,4,36,506,0.1111,0.0884,1.2569,1.2913,0.39540101649067433,0.69487332784717,False
motif_137,Mucoromycota,Fungi,2,36,161,0.0556,0.0281,1.9752,2.0455,0.26889076590245226,0.6450543693352696,False
motif_137,Streptophyta,Plantae,5,36,1144,0.1389,0.1999,0.6949,0.6442,0.8734688363986607,0.9551969146581845,False
motif_137,Thermoproteota,Archaea,3,36,306,0.0833,0.0535,1.5588,1.6157,0.30215270781197723,0.6499149092219259,False
motif_138,Arthropoda,Animalia,2,23,744,0.087,0.13,0.669,0.6365,0.8201943164909467,0.9269053289570244,False
motif_138,Heterolobosea,Protozoa,3,23,506,0.1304,0.0884,1.4755,1.5501,0.3325109460013663,0.6499149092219259,False
motif_138,Nematoda,Animalia,3,23,234,0.1304,0.0409,3.1906,3.5519,0.06539641521970622,0.4179962721280487,False
motif_138,Streptophyta,Plantae,4,23,1144,0.1739,0.1999,0.8702,0.8423,0.703397485931093,0.8661780894485426,False
motif_139,Arthropoda,Animalia,3,29,744,0.1034,0.13,0.7959,0.7714,0.7468762706413428,0.8871697261973844,False
motif_139,Bacillota,Bacteria,2,29,102,0.069,0.0178,3.8702,4.1444,0.0935794595351157,0.4899820501258658,False
motif_139,Chlorophyta,Plantae,4,29,303,0.1379,0.0529,2.6057,2.8875,0.0644168379577465,0.4174373753321027,False
motif_139,Heterolobosea,Protozoa,2,29,506,0.069,0.0884,0.7802,0.7629,0.7404441621481298,0.8871697261973844,False
motif_139,Methanobacteriota,Archaea,2,29,277,0.069,0.0484,1.4251,1.4599,0.4130912278327013,0.6999677456115959,False
motif_139,Nematoda,Animalia,2,29,234,0.069,0.0409,1.687,1.7443,0.33364615660590846,0.6499149092219259,False
motif_139,Streptophyta,Plantae,6,29,1144,0.2069,0.1999,1.0352,1.0446,0.5361247073249553,0.7763287727147306,False
motif_14,Arthropoda,Animalia,3,35,744,0.0857,0.13,0.6594,0.626,0.8516127151278154,0.948732803491328,False
motif_14,Streptophyta,Plantae,5,35,1144,0.1429,0.1999,0.7148,0.6658,0.8568469918218143,0.9490486956123482,False
motif_140,Arthropoda,Animalia,4,34,744,0.1176,0.13,0.9051,0.8919,0.6617954200182612,0.8465859455982212,False
motif_140,Chlorophyta,Plantae,2,34,303,0.0588,0.0529,1.1112,1.119,0.5442577664037078,0.7781540290656888,False
motif_140,Heterolobosea,Protozoa,4,34,506,0.1176,0.0884,1.3309,1.378,0.3538617737595172,0.6663232757687024,False
motif_140,Streptophyta,Plantae,8,34,1144,0.2353,0.1999,1.1773,1.2335,0.36638416590053,0.6790956342524939,False
motif_140,Thermoproteota,Archaea,3,34,306,0.0882,0.0535,1.6505,1.7205,0.27246739244495066,0.6450543693352696,False
motif_141,Arthropoda,Animalia,2,17,744,0.1176,0.13,0.9051,0.8922,0.6685352656246046,0.847977386339736,False
motif_141,Methanobacteriota,Archaea,2,17,277,0.1176,0.0484,2.4311,2.6337,0.19755712210964016,0.6216400789459591,False
motif_141,Mollusca,Animalia,2,17,324,0.1176,0.0566,2.0784,2.2298,0.24979056158694565,0.6450543693352696,False
motif_141,Streptophyta,Plantae,2,17,1144,0.1176,0.1999,0.5886,0.533,0.8818811528847073,0.9603847164110498,False
motif_141,Thermoproteota,Archaea,2,17,306,0.1176,0.0535,2.2007,2.3697,0.22962782426241207,0.6361082410969265,False
motif_142,Arthropoda,Animalia,5,23,744,0.2174,0.13,1.6725,1.8651,0.1701268807167784,0.5894206784771345,False
motif_142,Heterolobosea,Protozoa,2,23,506,0.087,0.0884,0.9837,0.982,0.6161567202900713,0.8150273444150546,False
motif_142,Nematoda,Animalia,2,23,234,0.087,0.0409,2.1271,2.2451,0.24167844380313738,0.6450543693352696,False
motif_142,Streptophyta,Plantae,3,23,1144,0.1304,0.1999,0.6526,0.5995,0.8669863935520015,0.9536850329072017,False
motif_143,Arthropoda,Animalia,2,18,744,0.1111,0.13,0.8548,0.8363,0.6995259702332584,0.8661780894485426,False
motif_143,Methanobacteriota,Archaea,2,18,277,0.1111,0.0484,2.296,2.4686,0.21557925018772384,0.6361082410969265,False
motif_143,Mollusca,Animalia,2,18,324,0.1111,0.0566,1.963,2.0901,0.2712621153329085,0.6450543693352696,False
motif_143,Nematoda,Animalia,2,18,234,0.1111,0.0409,2.7179,2.9494,0.16615120688745463,0.5815292241060912,False
motif_143,Streptophyta,Plantae,2,18,1144,0.1111,0.1999,0.5559,0.4996,0.9010415351091379,0.9674585298533509,False
motif_144,Arthropoda,Animalia,5,17,744,0.2941,0.13,2.2628,2.8011,0.059491998521087566,0.4031546968553976,False
motif_144,Heterolobosea,Protozoa,4,17,506,0.2353,0.0884,2.6617,3.1903,0.056865504626498364,0.3938462727835257,False
motif_144,Streptophyta,Plantae,2,17,1144,0.1176,0.1999,0.5886,0.533,0.8818811528847073,0.9603847164110498,False
motif_145,Mollusca,Animalia,2,14,324,0.1429,0.0566,2.5238,2.7888,0.1860476791005196,0.616547878335646,False
motif_145,Streptophyta,Plantae,2,14,1144,0.1429,0.1999,0.7148,0.6667,0.802088079168043,0.915373405083669,False
motif_146,Arthropoda,Animalia,4,21,744,0.1905,0.13,1.4654,1.5781,0.2875537115878889,0.6450543693352696,False
motif_146,Chlorophyta,Plantae,4,21,303,0.1905,0.0529,3.5983,4.2526,0.022543672918604853,0.23183445738379987,False
motif_146,Streptophyta,Plantae,5,21,1144,0.2381,0.1999,1.1913,1.2522,0.4133499368661296,0.6999677456115959,False
motif_146,Thermoproteota,Archaea,2,21,306,0.0952,0.0535,1.7815,1.8695,0.3104649775099824,0.6499149092219259,False
motif_147,Arthropoda,Animalia,23,68,744,0.3382,0.13,2.6022,3.4984,7.503111528924147e-06,0.00042702491266790037,True
motif_147,Chlorophyta,Plantae,10,68,303,0.1471,0.0529,2.7781,3.1558,0.0028034322343776378,0.052424182782861824,False
motif_147,Heterolobosea,Protozoa,13,68,506,0.1912,0.0884,2.1626,2.4753,0.005817471189919696,0.09401320725438125,False
motif_147,Nematoda,Animalia,2,68,234,0.0294,0.0409,0.7195,0.7085,0.7736547325098193,0.8970009254697551,False
motif_147,Streptophyta,Plantae,7,68,1144,0.1029,0.1999,0.5151,0.4561,0.9897207251896972,0.9999988974232555,False
motif_148,Arthropoda,Animalia,2,20,744,0.1,0.13,0.7694,0.743,0.7542860979151301,0.891119586796846,False
motif_148,Chlorophyta,Plantae,2,20,303,0.1,0.0529,1.8891,1.9945,0.2863359341990757,0.6450543693352696,False
motif_148,Mollusca,Animalia,3,20,324,0.15,0.0566,2.65,2.9593,0.1004255286794073,0.49983656669712606,False
motif_148,Streptophyta,Plantae,4,20,1144,0.2,0.1999,1.0007,1.0009,0.5882457768433875,0.7998583246804417,False
motif_149,Arthropoda,Animalia,2,18,744,0.1111,0.13,0.8548,0.8363,0.6995259702332584,0.8661780894485426,False
motif_149,Mollusca,Animalia,2,18,324,0.1111,0.0566,1.963,2.0901,0.2712621153329085,0.6450543693352696,False
motif_149,Nematoda,Animalia,2,18,234,0.1111,0.0409,2.7179,2.9494,0.16615120688745463,0.5815292241060912,False
motif_149,Streptophyta,Plantae,4,18,1144,0.2222,0.1999,1.1119,1.1444,0.49852240790100777,0.7498938873875983,False
motif_15,Chlorophyta,Plantae,2,22,303,0.0909,0.0529,1.7174,1.7944,0.3261819889803099,0.6499149092219259,False
motif_15,Heterolobosea,Protozoa,2,22,506,0.0909,0.0884,1.0284,1.0313,0.5914918703519233,0.7998583246804417,False
motif_15,Methanobacteriota,Archaea,2,22,277,0.0909,0.0484,1.8786,1.9735,0.2885414409102893,0.6450543693352696,False
motif_15,Mollusca,Animalia,2,22,324,0.0909,0.0566,1.6061,1.6708,0.35632260736294247,0.6663232757687024,False
motif_15,Nematoda,Animalia,2,22,234,0.0909,0.0409,2.2238,2.3578,0.22634957175240436,0.6361082410969265,False
motif_15,Streptophyta,Plantae,5,22,1144,0.2273,0.1999,1.1372,1.1783,0.45653676742028104,0.7156883735687211,False
motif_150,Arthropoda,Animalia,4,22,744,0.1818,0.13,1.3988,1.4901,0.318568014687943,0.6499149092219259,False
motif_150,Heterolobosea,Protozoa,4,22,506,0.1818,0.0884,2.0568,2.3019,0.12379773580246703,0.5383761998851473,False
motif_150,Mollusca,Animalia,2,22,324,0.0909,0.0566,1.6061,1.6708,0.35632260736294247,0.6663232757687024,False
motif_150,Streptophyta,Plantae,5,22,1144,0.2273,0.1999,1.1372,1.1783,0.45653676742028104,0.7156883735687211,False
motif_150,Thermoproteota,Archaea,4,22,306,0.1818,0.0535,3.4011,3.9735,0.02729615687894933,0.2589178938735121,False
motif_151,Heterolobosea,Protozoa,2,21,506,0.0952,0.0884,1.0774,1.0858,0.5656653421304588,0.7938134862496702,False
motif_151,Mollusca,Animalia,5,21,324,0.2381,0.0566,4.2063,5.2743,0.005403282068112805,0.08841120283949577,False
motif_151,Nematoda,Animalia,3,21,234,0.1429,0.0409,3.4945,3.9481,0.05210191320596386,0.38101343232741164,False
motif_151,Streptophyta,Plantae,6,21,1144,0.2857,0.1999,1.4296,1.6046,0.22987025198201305,0.6361082410969265,False
motif_152,Arthropoda,Animalia,22,70,744,0.3143,0.13,2.418,3.1309,4.355365670876366e-05,0.0015003088587308324,True
motif_152,Chlorophyta,Plantae,4,70,303,0.0571,0.0529,1.0795,1.0854,0.5118478099248218,0.7596471464757276,False
motif_152,Heterolobosea,Protozoa,4,70,506,0.0571,0.0884,0.6464,0.622,0.8780368137566739,0.9577918243395717,False
motif_152,Mollusca,Animalia,4,70,324,0.0571,0.0566,1.0095,1.0102,0.5657967782054563,0.7938134862496702,False
motif_152,Mucoromycota,Fungi,4,70,161,0.0571,0.0281,2.0316,2.122,0.13350572676634748,0.5479333721329754,False
motif_152,Streptophyta,Plantae,14,70,1144,0.2,0.1999,1.0007,1.0009,0.5470050751481743,0.7808393057458671,False
motif_152,Thermoproteota,Archaea,3,70,306,0.0429,0.0535,0.8017,0.7907,0.7313067110734269,0.8831000782242766,False
motif_153,Heterolobosea,Protozoa,2,19,506,0.1053,0.0884,1.1908,1.2141,0.5105677801831872,0.7589550530769843,False
motif_153,Methanobacteriota,Archaea,3,19,277,0.1579,0.0484,3.2628,3.7165,0.06119726660401464,0.41080626658797514,False
motif_153,Mollusca,Animalia,3,19,324,0.1579,0.0566,2.7895,3.1449,0.08892324251230461,0.4726864630069913,False
motif_153,Streptophyta,Plantae,4,19,1144,0.2105,0.1999,1.0534,1.0678,0.5445294809963108,0.7781540290656888,False
motif_154,Arthropoda,Animalia,21,126,744,0.1667,0.13,1.2823,1.3485,0.13572754113521474,0.5483560226728275,False
motif_154,Bacillota,Bacteria,2,126,102,0.0159,0.0178,0.8908,0.8868,0.6622643302464313,0.8465859455982212,False
motif_154,Chlorophyta,Plantae,12,126,303,0.0952,0.0529,1.7992,1.9197,0.033881364865246545,0.3037719630726557,False
motif_154,Heterolobosea,Protozoa,22,126,506,0.1746,0.0884,1.9752,2.2351,0.0013703321556265806,0.027596381411002985,True
motif_154,Methanobacteriota,Archaea,3,126,277,0.0238,0.0484,0.492,0.4739,0.94819416634389,0.9905775493388234,False
motif_154,Mollusca,Animalia,11,126,324,0.0873,0.0566,1.5423,1.6151,0.09947132063651905,0.49983656669712606,False
motif_154,Mucoromycota,Fungi,7,126,161,0.0556,0.0281,1.9752,2.0794,0.06379882406704845,0.4174373753321027,False
motif_154,Nematoda,Animalia,2,126,234,0.0159,0.0409,0.3883,0.3731,0.9681778518044667,0.9999988974232555,False
motif_154,Streptophyta,Plantae,31,126,1144,0.246,0.1999,1.231,1.3149,0.11698803476840337,0.5287532697949424,False
motif_154,Thermoproteota,Archaea,2,126,306,0.0159,0.0535,0.2969,0.2809,0.9924567662208437,0.9999988974232555,False
motif_155,Chlorophyta,Plantae,2,19,303,0.1053,0.0529,1.9885,2.1122,0.2663003675100769,0.6450543693352696,False
motif_155,Methanobacteriota,Archaea,2,19,277,0.1053,0.0484,2.1752,2.323,0.2337418364916896,0.6361082410969265,False
motif_155,Mollusca,Animalia,2,19,324,0.1053,0.0566,1.8596,1.9668,0.29271374742945006,0.6450543693352696,False
motif_155,Streptophyta,Plantae,5,19,1144,0.2632,0.1999,1.3167,1.4317,0.32599588379362177,0.6499149092219259,False
motif_156,Arthropoda,Animalia,4,24,744,0.1667,0.13,1.2823,1.3405,0.3810922935400449,0.6858983026913616,False
motif_156,Heterolobosea,Protozoa,2,24,506,0.0833,0.0884,0.9427,0.9372,0.6396630762559848,0.8298503139931458,False
motif_156,Streptophyta,Plantae,5,24,1144,0.2083,0.1999,1.0424,1.0538,0.5396937992134491,0.7763287727147306,False
motif_156,Thermoproteota,Archaea,2,24,306,0.0833,0.0535,1.5588,1.6136,0.3700546713068334,0.6790956342524939,False
motif_157,Arthropoda,Animalia,2,48,744,0.0417,0.13,0.3206,0.2891,0.9899894059757082,0.9999988974232555,False
motif_157,Chlorophyta,Plantae,2,48,303,0.0417,0.0529,0.7871,0.7764,0.730619218570422,0.8831000782242766,False
motif_157,Streptophyta,Plantae,17,48,1144,0.3542,0.1999,1.7721,2.2135,0.008986005200433227,0.12252792507674058,False
motif_158,Arthropoda,Animalia,2,46,744,0.0435,0.13,0.3345,0.3024,0.9872323110365908,0.9999988974232555,False
motif_158,Chlorophyta,Plantae,8,46,303,0.1739,0.0529,3.2854,3.8416,0.0025154389834147308,0.04842220043073357,True
motif_158,Heterolobosea,Protozoa,4,46,506,0.087,0.0884,0.9837,0.982,0.5897017817652358,0.7998583246804417,False
motif_158,Methanobacteriota,Archaea,5,46,277,0.1087,0.0484,2.2461,2.4238,0.06966967005337277,0.4241748748830928,False
motif_158,Mucoromycota,Fungi,5,46,161,0.1087,0.0281,3.8644,4.3168,0.008940510466646684,0.12252792507674058,False
motif_158,Streptophyta,Plantae,13,46,1144,0.2826,0.1999,1.414,1.5838,0.11300465662814575,0.5190284053552379,False
motif_158,Thermoproteota,Archaea,2,46,306,0.0435,0.0535,0.8133,0.8035,0.7138246277784607,0.8778320909566789,False
motif_159,Arthropoda,Animalia,5,25,744,0.2,0.13,1.5387,1.6779,0.217811631986906,0.6361082410969265,False
motif_159,Mollusca,Animalia,2,25,324,0.08,0.0566,1.4133,1.4521,0.4177823359405467,0.70186701927915,False
motif_159,Streptophyta,Plantae,7,25,1144,0.28,0.1999,1.401,1.5603,0.2190140335480274,0.6361082410969265,False
motif_159,Thermoproteota,Archaea,2,25,306,0.08,0.0535,1.4965,1.5432,0.3894870145964191,0.6899032504826964,False
motif_16,Arthropoda,Animalia,14,49,744,0.2857,0.13,2.1982,2.7096,0.00292058272941773,0.05384567313813814,False
motif_16,Bacillota,Bacteria,2,49,102,0.0408,0.0178,2.2905,2.3723,0.21705425926448255,0.6361082410969265,False
motif_16,Chlorophyta,Plantae,2,49,303,0.0408,0.0529,0.7711,0.7597,0.7410849431725784,0.8871697261973844,False
motif_16,Heterolobosea,Protozoa,3,49,506,0.0612,0.0884,0.6926,0.6706,0.8209035856439809,0.9269053289570244,False
motif_16,Mucoromycota,Fungi,3,49,161,0.0612,0.0281,2.1767,2.2772,0.1584324173066891,0.5780243656767898,False
motif_16,Streptophyta,Plantae,8,49,1144,0.1633,0.1999,0.8169,0.7796,0.791315163687841,0.9116720213210374,False
motif_16,Thermoproteota,Archaea,2,49,306,0.0408,0.0535,0.7635,0.7518,0.7461077781723395,0.8871697261973844,False
motif_160,Basidiomycota,Fungi,2,18,31,0.1111,0.0054,20.5161,24.4698,0.004115146678693097,0.07279360814066572,False
motif_160,Heterolobosea,Protozoa,2,18,506,0.1111,0.0884,1.2569,1.2902,0.4813499633623282,0.7378069110553719,False
motif_160,Streptophyta,Plantae,3,18,1144,0.1667,0.1999,0.8339,0.8002,0.7285980950892632,0.8822709588083677,False
motif_161,Arthropoda,Animalia,4,18,744,0.2222,0.13,1.7097,1.9174,0.1983004776291296,0.6224827942842461,False
motif_161,Heterolobosea,Protozoa,3,18,506,0.1667,0.0884,1.8854,2.0688,0.20893678888549963,0.6361082410969265,False
motif_161,Streptophyta,Plantae,3,18,1144,0.1667,0.1999,0.8339,0.8002,0.7285980950892632,0.8822709588083677,False
motif_162,Arthropoda,Animalia,105,541,744,0.1941,0.13,1.4932,1.7125,6.186622178942536e-06,0.00036810401964708085,True
motif_162,Bacillota,Bacteria,3,541,102,0.0055,0.0178,0.3112,0.2864,0.9974507680273647,0.9999988974232555,False
motif_162,Chlorophyta,Plantae,27,541,303,0.0499,0.0529,0.9428,0.9339,0.6595187165777996,0.8465859455982212,False
motif_162,Heterolobosea,Protozoa,28,541,506,0.0518,0.0884,0.5855,0.5372,0.9997160107287014,0.9999988974232555,False
motif_162,Methanobacteriota,Archaea,8,541,277,0.0148,0.0484,0.3056,0.2742,0.9999968776216602,0.9999988974232555,False
motif_162,Mollusca,Animalia,119,541,324,0.22,0.0566,3.886,6.8476,4.608423373736672e-44,6.032426196221304e-41,True
motif_162,Mucoromycota,Fungi,13,541,161,0.024,0.0281,0.8543,0.8376,0.7662608332212704,0.892380276411604,False
motif_162,Nematoda,Animalia,26,541,234,0.0481,0.0409,1.1756,1.2075,0.2165865364144112,0.6361082410969265,False
motif_162,Streptophyta,Plantae,117,541,1144,0.2163,0.1999,1.0821,1.1167,0.1717299727729579,0.5915645641047419,False
motif_162,Thermoproteota,Archaea,23,541,306,0.0425,0.0535,0.7953,0.7688,0.9047027714634139,0.9686377157837517,False
motif_163,Arthropoda,Animalia,3,37,744,0.0811,0.13,0.6238,0.5889,0.8769709309744137,0.9577918243395717,False
motif_163,Chlorophyta,Plantae,4,37,303,0.1081,0.0529,2.0423,2.1843,0.12974662089738345,0.5460273322453314,False
motif_163,Heterolobosea,Protozoa,6,37,506,0.1622,0.0884,1.8344,2.0079,0.10329579636666869,0.5121749903180656,False
motif_163,Mollusca,Animalia,4,37,324,0.1081,0.0566,1.9099,2.033,0.15459013810918934,0.5753021996486786,False
motif_163,Nematoda,Animalia,2,37,234,0.0541,0.0409,1.3222,1.3436,0.4504580275763679,0.7156883735687211,False
motif_163,Streptophyta,Plantae,7,37,1144,0.1892,0.1999,0.9466,0.9337,0.6299728402209221,0.8229884709073723,False
motif_164,Arthropoda,Animalia,2,25,744,0.08,0.13,0.6155,0.5809,0.8548549690068732,0.9490486956123482,False
motif_164,Heterolobosea,Protozoa,2,25,506,0.08,0.0884,0.905,0.8963,0.662022623276376,0.8465859455982212,False
motif_164,Mucoromycota,Fungi,2,25,161,0.08,0.0281,2.8442,3.0298,0.15514260998929222,0.5753021996486786,False
motif_164,Streptophyta,Plantae,5,25,1144,0.2,0.1999,1.0007,1.0009,0.5789826840256838,0.7998583246804417,False
motif_165,Chlorophyta,Plantae,2,69,303,0.029,0.0529,0.5476,0.531,0.8875728560846501,0.9625790129368741,False
motif_165,Heterolobosea,Protozoa,5,69,506,0.0725,0.0884,0.8197,0.8037,0.7422313745435418,0.8871697261973844,False
motif_165,Methanobacteriota,Archaea,3,69,277,0.0435,0.0484,0.8984,0.8927,0.6565156073088425,0.8465859455982212,False
motif_165,Mollusca,Animalia,4,69,324,0.058,0.0566,1.0242,1.026,0.5542311415787645,0.7885745264419595,False
motif_165,Nematoda,Animalia,5,69,234,0.0725,0.0409,1.7726,1.8511,0.1504772100847283,0.5726007790724109,False
motif_165,Streptophyta,Plantae,17,69,1144,0.2464,0.1999,1.2327,1.3135,0.20308051586426967,0.6329342744436405,False
motif_165,Thermoproteota,Archaea,5,69,306,0.0725,0.0535,1.3555,1.3896,0.3084300143335217,0.6499149092219259,False
motif_166,Arthropoda,Animalia,2,30,744,0.0667,0.13,0.5129,0.4767,0.9164492057824838,0.9745979529131397,False
motif_166,Heterolobosea,Protozoa,2,30,506,0.0667,0.0884,0.7542,0.7355,0.7574465633237303,0.892380276411604,False
motif_166,Mollusca,Animalia,2,30,324,0.0667,0.0566,1.1778,1.1917,0.5130329242498286,0.7596833686007078,False
motif_166,Streptophyta,Plantae,4,30,1144,0.1333,0.1999,0.6671,0.6146,0.8775681749220173,0.9577918243395717,False
motif_167,Arthropoda,Animalia,3,23,744,0.1304,0.13,1.0035,1.004,0.5904264750184283,0.7998583246804417,False
motif_167,Bacillota,Bacteria,2,23,102,0.087,0.0178,4.8798,5.3343,0.06241788675966869,0.4168623151449302,False
motif_167,Mollusca,Animalia,3,23,324,0.1304,0.0566,2.3043,2.514,0.13812629543620417,0.5495663243951102,False
motif_168,Arthropoda,Animalia,3,24,744,0.125,0.13,0.9617,0.956,0.6203313580867686,0.8160942188297289,False
motif_168,Heterolobosea,Protozoa,4,24,506,0.1667,0.0884,1.8854,2.0709,0.1569799353557692,0.5772099308446683,False
motif_168,Streptophyta,Plantae,4,24,1144,0.1667,0.1999,0.8339,0.8,0.7361382232746214,0.8864810802819497,False
motif_168,Thermoproteota,Archaea,2,24,306,0.0833,0.0535,1.5588,1.6136,0.3700546713068334,0.6790956342524939,False
motif_169,Chlorophyta,Plantae,2,22,303,0.0909,0.0529,1.7174,1.7944,0.3261819889803099,0.6499149092219259,False
motif_169,Streptophyta,Plantae,9,22,1144,0.4091,0.1999,2.0469,2.7857,0.01984533681781636,0.22203030679078306,False
motif_169,Thermoproteota,Archaea,2,22,306,0.0909,0.0535,1.7005,1.7757,0.33050642556661686,0.6499149092219259,False
motif_17,Arthropoda,Animalia,10,21,744,0.4762,0.13,3.6636,6.1543,0.00011834349291232969,0.003520718914141808,True
motif_17,Streptophyta,Plantae,4,21,1144,0.1905,0.1999,0.953,0.9418,0.6293977391909774,0.8229884709073723,False
motif_170,Arthropoda,Animalia,5,15,744,0.3333,0.13,2.5645,3.3627,0.03592052982655501,0.3115208070253603,False
motif_170,Methanobacteriota,Archaea,3,15,277,0.2,0.0484,4.1329,4.9589,0.033097804078548766,0.30086823290847453,False
motif_170,Mollusca,Animalia,2,15,324,0.1333,0.0566,2.3556,2.5738,0.20709493272602458,0.6361082410969265,False
motif_170,Streptophyta,Plantae,3,15,1144,0.2,0.1999,1.0007,1.0009,0.6017143325595311,0.8070123579102727,False
motif_171,Arthropoda,Animalia,2,18,744,0.1111,0.13,0.8548,0.8363,0.6995259702332584,0.8661780894485426,False
motif_171,Heterolobosea,Protozoa,4,18,506,0.2222,0.0884,2.5138,2.9619,0.06820132607678993,0.4197049069275442,False
motif_171,Streptophyta,Plantae,3,18,1144,0.1667,0.1999,0.8339,0.8002,0.7285980950892632,0.8822709588083677,False
motif_172,Arthropoda,Animalia,3,20,744,0.15,0.13,1.154,1.1819,0.4921512484064078,0.74878240924277,False
motif_172,Heterolobosea,Protozoa,2,20,506,0.1,0.0884,1.1312,1.1464,0.5386842028185014,0.7763287727147306,False
motif_172,Mollusca,Animalia,2,20,324,0.1,0.0566,1.7667,1.8571,0.3140791050683435,0.6499149092219259,False
motif_172,Streptophyta,Plantae,6,20,1144,0.3,0.1999,1.501,1.7196,0.19499064235046726,0.6216400789459591,False
motif_173,Arthropoda,Animalia,6,24,744,0.25,0.13,1.9234,2.2412,0.08149442675469384,0.45394129626337976,False
motif_173,Heterolobosea,Protozoa,2,24,506,0.0833,0.0884,0.9427,0.9372,0.6396630762559848,0.8298503139931458,False
motif_173,Methanobacteriota,Archaea,2,24,277,0.0833,0.0484,1.722,1.7934,0.32488519173561287,0.6499149092219259,False
motif_173,Nematoda,Animalia,2,24,234,0.0833,0.0409,2.0385,2.1426,0.2570519255578979,0.6450543693352696,False
motif_173,Streptophyta,Plantae,5,24,1144,0.2083,0.1999,1.0424,1.0538,0.5396937992134491,0.7763287727147306,False
motif_174,Arthropoda,Animalia,4,19,744,0.2105,0.13,1.6197,1.7892,0.22717027801198053,0.6361082410969265,False
motif_174,Heterolobosea,Protozoa,3,19,506,0.1579,0.0884,1.7861,1.9391,0.23299852038503024,0.6361082410969265,False
motif_174,Streptophyta,Plantae,4,19,1144,0.2105,0.1999,1.0534,1.0678,0.5445294809963108,0.7781540290656888,False
motif_175,Arthropoda,Animalia,4,22,744,0.1818,0.13,1.3988,1.4901,0.318568014687943,0.6499149092219259,False
motif_175,Nematoda,Animalia,2,22,234,0.0909,0.0409,2.2238,2.3578,0.22634957175240436,0.6361082410969265,False
motif_175,Streptophyta,Plantae,6,22,1144,0.2727,0.1999,1.3646,1.504,0.26651471298201446,0.6450543693352696,False
motif_176,Bacillota,Bacteria,2,19,102,0.1053,0.0178,5.9071,6.5941,0.04415911121293757,0.3546274636670876,False
motif_176,Heterolobosea,Protozoa,3,19,506,0.1579,0.0884,1.7861,1.9391,0.23299852038503024,0.6361082410969265,False
motif_176,Methanobacteriota,Archaea,2,19,277,0.1053,0.0484,2.1752,2.323,0.2337418364916896,0.6361082410969265,False
motif_176,Streptophyta,Plantae,2,19,1144,0.1053,0.1999,0.5267,0.4701,0.917268661565308,0.9745979529131397,False
motif_177,Arthropoda,Animalia,4,20,744,0.2,0.13,1.5387,1.677,0.25700630582876693,0.6450543693352696,False
motif_177,Heterolobosea,Protozoa,2,20,506,0.1,0.0884,1.1312,1.1464,0.5386842028185014,0.7763287727147306,False
motif_177,Mucoromycota,Fungi,3,20,161,0.15,0.0281,5.3329,6.1943,0.017517820804373335,0.20292767639756368,False
motif_177,Thermoproteota,Archaea,3,20,306,0.15,0.0535,2.8059,3.1456,0.08798297146296638,0.4726864630069913,False
motif_178,Arthropoda,Animalia,3,28,744,0.1071,0.13,0.8243,0.8024,0.7246126529469271,0.8822709588083677,False
motif_178,Heterolobosea,Protozoa,3,28,506,0.1071,0.0884,1.212,1.2389,0.4556979319913093,0.7156883735687211,False
motif_178,Streptophyta,Plantae,5,28,1144,0.1786,0.1999,0.8935,0.8698,0.6850318466446126,0.8589144513963581,False
motif_179,Arthropoda,Animalia,6,40,744,0.15,0.13,1.154,1.1827,0.42122270264502193,0.70186701927915,False
motif_179,Chlorophyta,Plantae,2,40,303,0.05,0.0529,0.9446,0.9412,0.6335525345490436,0.8268397484792602,False
motif_179,Streptophyta,Plantae,17,40,1144,0.425,0.1999,2.1265,2.9887,0.0009418866693962979,0.020897112715928035,True
motif_18,Arthropoda,Animalia,2,27,744,0.0741,0.13,0.5699,0.5342,0.883312726400536,0.9611441054516223,False
motif_18,Bacillota,Bacteria,2,27,102,0.0741,0.0178,4.1569,4.4776,0.08275167949041905,0.4570546348226099,False
motif_18,Chlorophyta,Plantae,3,27,303,0.1111,0.0529,2.099,2.2487,0.16931985904409994,0.5894206784771345,False
motif_18,Heterolobosea,Protozoa,3,27,506,0.1111,0.0884,1.2569,1.2908,0.43165930890280974,0.7107446985582112,False
motif_18,Streptophyta,Plantae,3,27,1144,0.1111,0.1999,0.5559,0.4991,0.928452346646143,0.9800787783102551,False
motif_180,Arthropoda,Animalia,10,51,744,0.1961,0.13,1.5085,1.6412,0.11779522909055613,0.5287532697949424,False
motif_180,Chlorophyta,Plantae,4,51,303,0.0784,0.0529,1.4817,1.5296,0.28359385336575216,0.6450543693352696,False
motif_180,Heterolobosea,Protozoa,4,51,506,0.0784,0.0884,0.8872,0.8767,0.671995008694696,0.8507170854752003,False
motif_180,Mollusca,Animalia,7,51,324,0.1373,0.0566,2.4248,2.688,0.023583869899203354,0.23545757391233346,False
motif_180,Nematoda,Animalia,4,51,234,0.0784,0.0409,1.9186,2.0141,0.15405175921061678,0.5753021996486786,False
motif_180,Streptophyta,Plantae,6,51,1144,0.1176,0.1999,0.5886,0.5313,0.9583274424117973,0.9971785549420054,False
motif_180,Thermoproteota,Archaea,5,51,306,0.098,0.0535,1.8339,1.9399,0.13478574929474263,0.5479333721329754,False
motif_181,Arthropoda,Animalia,2,18,744,0.1111,0.13,0.8548,0.8363,0.6995259702332584,0.8661780894485426,False
motif_181,Heterolobosea,Protozoa,2,18,506,0.1111,0.0884,1.2569,1.2902,0.4813499633623282,0.7378069110553719,False
motif_181,Mollusca,Animalia,2,18,324,0.1111,0.0566,1.963,2.0901,0.2712621153329085,0.6450543693352696,False
motif_181,Streptophyta,Plantae,2,18,1144,0.1111,0.1999,0.5559,0.4996,0.9010415351091379,0.9674585298533509,False
motif_181,Thermoproteota,Archaea,2,18,306,0.1111,0.0535,2.0784,2.2212,0.24982511811740796,0.6450543693352696,False
motif_182,Arthropoda,Animalia,3,23,744,0.1304,0.13,1.0035,1.004,0.5904264750184283,0.7998583246804417,False
motif_182,Heterolobosea,Protozoa,2,23,506,0.087,0.0884,0.9837,0.982,0.6161567202900713,0.8150273444150546,False
motif_182,Streptophyta,Plantae,9,23,1144,0.3913,0.1999,1.9579,2.5862,0.026966978836536253,0.2582714498633736,False
motif_183,Arthropoda,Animalia,8,47,744,0.1702,0.13,1.3095,1.3771,0.2613103685989204,0.6450543693352696,False
motif_183,Heterolobosea,Protozoa,8,47,506,0.1702,0.0884,1.9255,2.1333,0.05147425048933756,0.38101343232741164,False
motif_183,Methanobacteriota,Archaea,4,47,277,0.0851,0.0484,1.7587,1.8414,0.19110404407727638,0.6216400789459591,False
motif_183,Mucoromycota,Fungi,2,47,161,0.0426,0.0281,1.5129,1.5424,0.38298722012973613,0.6858983026913616,False
motif_183,Streptophyta,Plantae,8,47,1144,0.1702,0.1999,0.8517,0.82,0.7497212676339027,0.8897417401022472,False
motif_184,Arthropoda,Animalia,3,19,744,0.1579,0.13,1.2148,1.2561,0.45687950701976165,0.7156883735687211,False
motif_184,Chlorophyta,Plantae,2,19,303,0.1053,0.0529,1.9885,2.1122,0.2663003675100769,0.6450543693352696,False
motif_184,Streptophyta,Plantae,3,19,1144,0.1579,0.1999,0.79,0.75,0.7631109602316917,0.892380276411604,False
motif_185,Chlorophyta,Plantae,2,25,303,0.08,0.0529,1.5113,1.5594,0.3847195835613062,0.68610072872173,False
motif_185,Mucoromycota,Fungi,2,25,161,0.08,0.0281,2.8442,3.0298,0.15514260998929222,0.5753021996486786,False
motif_185,Thermoproteota,Archaea,4,25,306,0.16,0.0535,2.9929,3.404,0.04166631604455936,0.34302646353665533,False
motif_186,Arthropoda,Animalia,2,22,744,0.0909,0.13,0.6994,0.6685,0.8002145041889885,0.9140320994619423,False
motif_186,Basidiomycota,Fungi,2,22,31,0.0909,0.0054,16.7859,19.5621,0.006129951402017457,0.09552507601477205,False
motif_186,Chlorophyta,Plantae,2,22,303,0.0909,0.0529,1.7174,1.7944,0.3261819889803099,0.6499149092219259,False
motif_186,Methanobacteriota,Archaea,3,22,277,0.1364,0.0484,2.8179,3.1279,0.08756824499348315,0.4726864630069913,False
motif_186,Mollusca,Animalia,2,22,324,0.0909,0.0566,1.6061,1.6708,0.35632260736294247,0.6663232757687024,False
motif_186,Streptophyta,Plantae,3,22,1144,0.1364,0.1999,0.6823,0.6312,0.8456487099492742,0.9436949371897697,False
motif_187,Arthropoda,Animalia,2,25,744,0.08,0.13,0.6155,0.5809,0.8548549690068732,0.9490486956123482,False
motif_187,Chlorophyta,Plantae,2,25,303,0.08,0.0529,1.5113,1.5594,0.3847195835613062,0.68610072872173,False
motif_187,Heterolobosea,Protozoa,6,25,506,0.24,0.0884,2.7149,3.2836,0.01916265864644768,0.21624069110517252,False
motif_187,Streptophyta,Plantae,3,25,1144,0.12,0.1999,0.6004,0.5447,0.9019889498881295,0.9674585298533509,False
motif_188,Arthropoda,Animalia,3,25,744,0.12,0.13,0.9232,0.9124,0.6487138107443572,0.838268882788118,False
motif_188,Mollusca,Animalia,3,25,324,0.12,0.0566,2.12,2.2846,0.16551958585799212,0.5815292241060912,False
motif_188,Thermoproteota,Archaea,10,25,306,0.4,0.0535,7.4824,12.1689,2.6292665591818586e-07,2.0245352505700313e-05,True
motif_189,Heterolobosea,Protozoa,3,10,506,0.3,0.0884,3.3937,4.4399,0.051501667726757315,0.38101343232741164,False
motif_189,Streptophyta,Plantae,3,10,1144,0.3,0.1999,1.501,1.7177,0.3217252488037414,0.6499149092219259,False
motif_19,Arthropoda,Animalia,4,29,744,0.1379,0.13,1.0612,1.0714,0.5316612995953245,0.7763287727147306,False
motif_19,Heterolobosea,Protozoa,2,29,506,0.069,0.0884,0.7802,0.7629,0.7404441621481298,0.8871697261973844,False
motif_19,Mollusca,Animalia,2,29,324,0.069,0.0566,1.2184,1.236,0.4948027379640917,0.74878240924277,False
motif_19,Mucoromycota,Fungi,2,29,161,0.069,0.0281,2.4519,2.5791,0.1956743672834055,0.6216400789459591,False
motif_19,Streptophyta,Plantae,6,29,1144,0.2069,0.1999,1.0352,1.0446,0.5361247073249553,0.7763287727147306,False
motif_190,Arthropoda,Animalia,6,36,744,0.1667,0.13,1.2823,1.3415,0.32337694872634465,0.6499149092219259,False
motif_190,Bacillota,Bacteria,2,36,102,0.0556,0.0178,3.1176,3.2871,0.13423837941637454,0.5479333721329754,False
motif_190,Heterolobosea,Protozoa,2,36,506,0.0556,0.0884,0.6285,0.605,0.8404411674729959,0.9419108700991127,False
motif_190,Mucoromycota,Fungi,2,36,161,0.0556,0.0281,1.9752,2.0455,0.26889076590245226,0.6450543693352696,False
motif_190,Streptophyta,Plantae,7,36,1144,0.1944,0.1999,0.9729,0.9662,0.5990045549625882,0.8058550487626187,False
motif_190,Thermoproteota,Archaea,2,36,306,0.0556,0.0535,1.0392,1.0418,0.5811106447364554,0.7998583246804417,False
motif_191,Arthropoda,Animalia,4,22,744,0.1818,0.13,1.3988,1.4901,0.318568014687943,0.6499149092219259,False
motif_191,Heterolobosea,Protozoa,3,22,506,0.1364,0.0884,1.5426,1.632,0.30740005991581815,0.6499149092219259,False
motif_191,Methanobacteriota,Archaea,2,22,277,0.0909,0.0484,1.8786,1.9735,0.2885414409102893,0.6450543693352696,False
motif_191,Mollusca,Animalia,2,22,324,0.0909,0.0566,1.6061,1.6708,0.35632260736294247,0.6663232757687024,False
motif_191,Streptophyta,Plantae,5,22,1144,0.2273,0.1999,1.1372,1.1783,0.45653676742028104,0.7156883735687211,False
motif_192,Arthropoda,Animalia,22,64,744,0.3438,0.13,2.6447,3.5825,8.787947273500374e-06,0.00046632135235594055,True
motif_192,Chlorophyta,Plantae,5,64,303,0.0781,0.0529,1.4759,1.5249,0.24966985355358265,0.6450543693352696,False
motif_192,Heterolobosea,Protozoa,3,64,506,0.0469,0.0884,0.5303,0.5042,0.9310623324286784,0.9800787783102551,False
motif_192,Mollusca,Animalia,2,64,324,0.0312,0.0566,0.5521,0.5348,0.8851660337527485,0.961321556385937,False
motif_192,Mucoromycota,Fungi,2,64,161,0.0312,0.0281,1.111,1.116,0.5419131298561931,0.7778117181817509,False
motif_192,Streptophyta,Plantae,18,64,1144,0.2812,0.1999,1.4072,1.5756,0.07341244458805221,0.43188986109328437,False
motif_193,Heterolobosea,Protozoa,5,34,506,0.1471,0.0884,1.6636,1.7857,0.17707776607565842,0.6020644046572386,False
motif_193,Streptophyta,Plantae,5,34,1144,0.1471,0.1999,0.7358,0.6889,0.8384393818517796,0.9419108700991127,False
motif_194,Arthropoda,Animalia,5,30,744,0.1667,0.13,1.2823,1.341,0.34964498562813473,0.6663232757687024,False
motif_194,Heterolobosea,Protozoa,2,30,506,0.0667,0.0884,0.7542,0.7355,0.7574465633237303,0.892380276411604,False
motif_194,Mollusca,Animalia,5,30,324,0.1667,0.0566,2.9444,3.3699,0.024957726511895737,0.24563657145918436,False
motif_194,Streptophyta,Plantae,6,30,1144,0.2,0.1999,1.0007,1.0009,0.5721105993272058,0.7992452236065233,False
motif_195,Arthropoda,Animalia,3,21,744,0.1429,0.13,1.0991,1.1161,0.5262508378761607,0.774002636831342,False
motif_195,Streptophyta,Plantae,5,21,1144,0.2381,0.1999,1.1913,1.2522,0.4133499368661296,0.6999677456115959,False
motif_196,Arthropoda,Animalia,2,19,744,0.1053,0.13,0.8098,0.7869,0.7280726129642581,0.8822709588083677,False
motif_196,Heterolobosea,Protozoa,3,19,506,0.1579,0.0884,1.7861,1.9391,0.23299852038503024,0.6361082410969265,False
motif_196,Nematoda,Animalia,2,19,234,0.1053,0.0409,2.5749,2.7754,0.1809593361119968,0.6058203861140763,False
motif_196,Streptophyta,Plantae,5,19,1144,0.2632,0.1999,1.3167,1.4317,0.32599588379362177,0.6499149092219259,False
motif_197,Arthropoda,Animalia,2,18,744,0.1111,0.13,0.8548,0.8363,0.6995259702332584,0.8661780894485426,False
motif_197,Mollusca,Animalia,2,18,324,0.1111,0.0566,1.963,2.0901,0.2712621153329085,0.6450543693352696,False
motif_197,Nematoda,Animalia,2,18,234,0.1111,0.0409,2.7179,2.9494,0.16615120688745463,0.5815292241060912,False
motif_197,Streptophyta,Plantae,2,18,1144,0.1111,0.1999,0.5559,0.4996,0.9010415351091379,0.9674585298533509,False
motif_198,Mollusca,Animalia,2,24,324,0.0833,0.0566,1.4722,1.5184,0.3976013159339422,0.69487332784717,False
motif_198,Nematoda,Animalia,2,24,234,0.0833,0.0409,2.0385,2.1426,0.2570519255578979,0.6450543693352696,False
motif_198,Streptophyta,Plantae,7,24,1144,0.2917,0.1999,1.4594,1.6525,0.1880125357525236,0.6199204264484972,False
motif_199,Arthropoda,Animalia,3,25,744,0.12,0.13,0.9232,0.9124,0.6487138107443572,0.838268882788118,False
motif_199,Heterolobosea,Protozoa,2,25,506,0.08,0.0884,0.905,0.8963,0.662022623276376,0.8465859455982212,False
motif_199,Mucoromycota,Fungi,2,25,161,0.08,0.0281,2.8442,3.0298,0.15514260998929222,0.5753021996486786,False
motif_199,Streptophyta,Plantae,4,25,1144,0.16,0.1999,0.8006,0.7617,0.7660726117029905,0.892380276411604,False
motif_199,Thermoproteota,Archaea,2,25,306,0.08,0.0535,1.4965,1.5432,0.3894870145964191,0.6899032504826964,False
motif_2,Heterolobosea,Protozoa,2,21,506,0.0952,0.0884,1.0774,1.0858,0.5656653421304588,0.7938134862496702,False
motif_2,Mucoromycota,Fungi,2,21,161,0.0952,0.0281,3.386,3.6703,0.11661388716879108,0.5287532697949424,False
motif_2,Nematoda,Animalia,3,21,234,0.1429,0.0409,3.4945,3.9481,0.05210191320596386,0.38101343232741164,False
motif_2,Streptophyta,Plantae,2,21,1144,0.0952,0.1999,0.4765,0.4204,0.9425022936960905,0.9861994424046222,False
motif_2,Thermoproteota,Archaea,2,21,306,0.0952,0.0535,1.7815,1.8695,0.3104649775099824,0.6499149092219259,False
motif_20,Arthropoda,Animalia,15,35,744,0.4286,0.13,3.2972,5.1029,1.156668774370094e-05,0.0005823382406347896,True
motif_20,Heterolobosea,Protozoa,2,35,506,0.0571,0.0884,0.6464,0.6235,0.8286768022407538,0.9335094097531382,False
motif_20,Mollusca,Animalia,2,35,324,0.0571,0.0566,1.0095,1.0102,0.5974715215901485,0.8054482201457306,False
motif_20,Streptophyta,Plantae,3,35,1144,0.0857,0.1999,0.4289,0.3737,0.9811339373807707,0.9999988974232555,False
motif_200,Arthropoda,Animalia,4,21,744,0.1905,0.13,1.4654,1.5781,0.2875537115878889,0.6450543693352696,False
motif_200,Methanobacteriota,Archaea,3,21,277,0.1429,0.0484,2.952,3.3023,0.07831192609532522,0.4442921089097645,False
motif_200,Streptophyta,Plantae,4,21,1144,0.1905,0.1999,0.953,0.9418,0.6293977391909774,0.8229884709073723,False
motif_200,Thermoproteota,Archaea,2,21,306,0.0952,0.0535,1.7815,1.8695,0.3104649775099824,0.6499149092219259,False
motif_201,Arthropoda,Animalia,5,25,744,0.2,0.13,1.5387,1.6779,0.217811631986906,0.6361082410969265,False
motif_201,Heterolobosea,Protozoa,5,25,506,0.2,0.0884,2.2625,2.5938,0.0640408844560477,0.4174373753321027,False
motif_201,Mollusca,Animalia,3,25,324,0.12,0.0566,2.12,2.2846,0.16551958585799212,0.5815292241060912,False
motif_202,Arthropoda,Animalia,6,36,744,0.1667,0.13,1.2823,1.3415,0.32337694872634465,0.6499149092219259,False
motif_202,Bacillota,Bacteria,2,36,102,0.0556,0.0178,3.1176,3.2871,0.13423837941637454,0.5479333721329754,False
motif_202,Methanobacteriota,Archaea,2,36,277,0.0556,0.0484,1.148,1.1579,0.5260316482587877,0.774002636831342,False
motif_202,Mollusca,Animalia,2,36,324,0.0556,0.0566,0.9815,0.9803,0.6129848068229284,0.8150273444150546,False
motif_202,Mucoromycota,Fungi,2,36,161,0.0556,0.0281,1.9752,2.0455,0.26889076590245226,0.6450543693352696,False
motif_202,Nematoda,Animalia,2,36,234,0.0556,0.0409,1.359,1.3834,0.43644629549174146,0.7156883735687211,False
motif_202,Streptophyta,Plantae,5,36,1144,0.1389,0.1999,0.6949,0.6442,0.8734688363986607,0.9551969146581845,False
motif_202,Thermoproteota,Archaea,3,36,306,0.0833,0.0535,1.5588,1.6157,0.30215270781197723,0.6499149092219259,False
motif_203,Arthropoda,Animalia,4,79,744,0.0506,0.13,0.3895,0.3535,0.9944699378903236,0.9999988974232555,False
motif_203,Chlorophyta,Plantae,2,79,303,0.0253,0.0529,0.4783,0.4611,0.9276233175526829,0.9800787783102551,False
motif_203,Heterolobosea,Protozoa,4,79,506,0.0506,0.0884,0.5728,0.5464,0.9280963701622258,0.9800787783102551,False
motif_203,Streptophyta,Plantae,20,79,1144,0.2532,0.1999,1.2667,1.3635,0.1468743539035143,0.5660010736835945,False
motif_203,Thermoproteota,Archaea,2,79,306,0.0253,0.0535,0.4736,0.4563,0.9301495088951418,0.9800787783102551,False
motif_204,Arthropoda,Animalia,2,24,744,0.0833,0.13,0.6411,0.6074,0.8383636763458719,0.9419108700991127,False
motif_204,Chlorophyta,Plantae,3,24,303,0.125,0.0529,2.3614,2.5714,0.13113255408893557,0.5460273322453314,False
motif_204,Methanobacteriota,Archaea,2,24,277,0.0833,0.0484,1.722,1.7934,0.32488519173561287,0.6499149092219259,False
motif_204,Mollusca,Animalia,2,24,324,0.0833,0.0566,1.4722,1.5184,0.3976013159339422,0.69487332784717,False
motif_204,Streptophyta,Plantae,4,24,1144,0.1667,0.1999,0.8339,0.8,0.7361382232746214,0.8864810802819497,False
motif_205,Arthropoda,Animalia,4,26,744,0.1538,0.13,1.1836,1.2182,0.44294642424917624,0.7156883735687211,False
motif_205,Heterolobosea,Protozoa,4,26,506,0.1538,0.0884,1.7403,1.8819,0.19302729919320338,0.6216400789459591,False
motif_205,Methanobacteriota,Archaea,4,26,277,0.1538,0.0484,3.1791,3.6131,0.03461272592970946,0.3040809277985885,False
motif_205,Mollusca,Animalia,2,26,324,0.0769,0.0566,1.359,1.3913,0.43761647068924386,0.7156883735687211,False
motif_205,Streptophyta,Plantae,4,26,1144,0.1538,0.1999,0.7698,0.727,0.7932844983268268,0.9116720213210374,False
motif_205,Thermoproteota,Archaea,2,26,306,0.0769,0.0535,1.4389,1.4786,0.4086492747969142,0.6999677456115959,False
motif_206,Arthropoda,Animalia,4,22,744,0.1818,0.13,1.3988,1.4901,0.318568014687943,0.6499149092219259,False
motif_206,Bacillota,Bacteria,3,22,102,0.1364,0.0178,7.6524,8.9362,0.006614758855625355,0.09928337579105567,False
motif_206,Chlorophyta,Plantae,4,22,303,0.1818,0.0529,3.4347,4.0156,0.02643685335638659,0.2563395632852596,False
motif_206,Heterolobosea,Protozoa,2,22,506,0.0909,0.0884,1.0284,1.0313,0.5914918703519233,0.7998583246804417,False
motif_206,Methanobacteriota,Archaea,2,22,277,0.0909,0.0484,1.8786,1.9735,0.2885414409102893,0.6450543693352696,False
motif_207,Arthropoda,Animalia,4,26,744,0.1538,0.13,1.1836,1.2182,0.44294642424917624,0.7156883735687211,False
motif_207,Chlorophyta,Plantae,2,26,303,0.0769,0.0529,1.4532,1.4942,0.4037591509146563,0.6985510250220266,False
motif_207,Heterolobosea,Protozoa,4,26,506,0.1538,0.0884,1.7403,1.8819,0.19302729919320338,0.6216400789459591,False
motif_207,Methanobacteriota,Archaea,4,26,277,0.1538,0.0484,3.1791,3.6131,0.03461272592970946,0.3040809277985885,False
motif_207,Streptophyta,Plantae,3,26,1144,0.1154,0.1999,0.5773,0.5209,0.9161677913961256,0.9745979529131397,False
motif_208,Arthropoda,Animalia,12,34,744,0.3529,0.13,2.7154,3.6945,0.0007566365569280796,0.017428738665271854,True
motif_208,Heterolobosea,Protozoa,3,34,506,0.0882,0.0884,0.9981,0.9979,0.589135404712858,0.7998583246804417,False
motif_208,Streptophyta,Plantae,7,34,1144,0.2059,0.1999,1.0301,1.0382,0.5333497289123674,0.7763287727147306,False
motif_209,Arthropoda,Animalia,3,24,744,0.125,0.13,0.9617,0.956,0.6203313580867686,0.8160942188297289,False
motif_209,Heterolobosea,Protozoa,2,24,506,0.0833,0.0884,0.9427,0.9372,0.6396630762559848,0.8298503139931458,False
motif_209,Methanobacteriota,Archaea,3,24,277,0.125,0.0484,2.583,2.829,0.1073664922472227,0.5125399382622401,False
motif_209,Mollusca,Animalia,2,24,324,0.0833,0.0566,1.4722,1.5184,0.3976013159339422,0.69487332784717,False
motif_209,Streptophyta,Plantae,3,24,1144,0.125,0.1999,0.6254,0.5708,0.8856789893059129,0.961321556385937,False
motif_209,Thermoproteota,Archaea,2,24,306,0.0833,0.0535,1.5588,1.6136,0.3700546713068334,0.6790956342524939,False
motif_21,Arthropoda,Animalia,3,26,744,0.1154,0.13,0.8877,0.8726,0.6755530350698153,0.851925744611164,False
motif_21,Heterolobosea,Protozoa,3,26,506,0.1154,0.0884,1.3053,1.3471,0.4072458054773499,0.6999677456115959,False
motif_21,Nematoda,Animalia,2,26,234,0.0769,0.0409,1.8817,1.9634,0.2878184833821089,0.6450543693352696,False
motif_21,Streptophyta,Plantae,5,26,1144,0.1923,0.1999,0.9622,0.953,0.6164072352718901,0.8150273444150546,False
motif_210,Arthropoda,Animalia,36,58,744,0.6207,0.13,4.7753,11.4592,1.94602702111219e-18,4.245582284393094e-16,True
motif_210,Methanobacteriota,Archaea,4,58,277,0.069,0.0484,1.4251,1.4633,0.30815928472227,0.6499149092219259,False
motif_210,Streptophyta,Plantae,8,58,1144,0.1379,0.1999,0.6901,0.638,0.9169609059024082,0.9745979529131397,False
motif_210,Thermoproteota,Archaea,2,58,306,0.0345,0.0535,0.645,0.6299,0.8248191608146771,0.9299640667583224,False
motif_211,Arthropoda,Animalia,4,27,744,0.1481,0.13,1.1398,1.165,0.47319589750612495,0.7339021680515612,False
motif_211,Chlorophyta,Plantae,2,27,303,0.0741,0.0529,1.3993,1.4342,0.4225142942643011,0.70186701927915,False
motif_211,Mollusca,Animalia,2,27,324,0.0741,0.0566,1.3086,1.3354,0.4570782890018723,0.7156883735687211,False
motif_211,Mucoromycota,Fungi,2,27,161,0.0741,0.0281,2.6335,2.7864,0.1752168285570582,0.5972886160968468,False
motif_211,Nematoda,Animalia,4,27,234,0.1481,0.0409,3.6239,4.1338,0.022793775520057447,0.23183445738379987,False
motif_211,Streptophyta,Plantae,7,27,1144,0.2593,0.1999,1.2972,1.4037,0.28564592498263003,0.6450543693352696,False
motif_212,Arthropoda,Animalia,7,23,744,0.3043,0.13,2.3415,2.9467,0.022805010368676416,0.23183445738379987,False
motif_212,Heterolobosea,Protozoa,3,23,506,0.1304,0.0884,1.4755,1.5501,0.3325109460013663,0.6499149092219259,False
motif_212,Methanobacteriota,Archaea,2,23,277,0.087,0.0484,1.7969,1.8791,0.3067586334449136,0.6499149092219259,False
motif_212,Streptophyta,Plantae,5,23,1144,0.2174,0.1999,1.0877,1.1126,0.498776850549096,0.7498938873875983,False
motif_213,Arthropoda,Animalia,3,26,744,0.1154,0.13,0.8877,0.8726,0.6755530350698153,0.851925744611164,False
motif_213,Chlorophyta,Plantae,2,26,303,0.0769,0.0529,1.4532,1.4942,0.4037591509146563,0.6985510250220266,False
motif_213,Streptophyta,Plantae,6,26,1144,0.2308,0.1999,1.1547,1.2021,0.4217995687916171,0.70186701927915,False
motif_214,Chlorophyta,Plantae,6,26,303,0.2308,0.0529,4.3595,5.4556,0.001958457688921663,0.03884274416361298,True
motif_214,Streptophyta,Plantae,10,26,1144,0.3846,0.1999,1.9244,2.5154,0.022846940414446282,0.23183445738379987,False
motif_215,Heterolobosea,Protozoa,2,28,506,0.0714,0.0884,0.808,0.7924,0.7224341920310092,0.8821514527692081,False
motif_215,Mollusca,Animalia,2,28,324,0.0714,0.0566,1.2619,1.2838,0.476146330093811,0.7360909852342502,False
motif_215,Mucoromycota,Fungi,3,28,161,0.1071,0.0281,3.8092,4.2061,0.04277846368913447,0.34780750912470193,False
motif_215,Streptophyta,Plantae,9,28,1144,0.3214,0.1999,1.6083,1.9035,0.08919293839780508,0.4726864630069913,False
motif_215,Thermoproteota,Archaea,2,28,306,0.0714,0.0535,1.3361,1.3644,0.4460604837759382,0.7156883735687211,False
motif_216,Arthropoda,Animalia,5,39,744,0.1282,0.13,0.9864,0.9842,0.5851325917770207,0.7998583246804417,False
motif_216,Chlorophyta,Plantae,2,39,303,0.0513,0.0529,0.9688,0.9669,0.6196717554964561,0.8160942188297289,False
motif_216,Heterolobosea,Protozoa,7,39,506,0.1795,0.0884,2.0304,2.2734,0.05199763498276783,0.38101343232741164,False
motif_216,Nematoda,Animalia,3,39,234,0.0769,0.0409,1.8817,1.9675,0.21252440383692942,0.6361082410969265,False
motif_216,Streptophyta,Plantae,6,39,1144,0.1538,0.1999,0.7698,0.7265,0.8203358150925746,0.9269053289570244,False
motif_216,Thermoproteota,Archaea,4,39,306,0.1026,0.0535,1.9186,2.0371,0.15305117636196458,0.5753021996486786,False
motif_217,Chlorophyta,Plantae,2,27,303,0.0741,0.0529,1.3993,1.4342,0.4225142942643011,0.70186701927915,False
motif_217,Methanobacteriota,Archaea,2,27,277,0.0741,0.0484,1.5307,1.5773,0.37840006751809413,0.6858983026913616,False
motif_217,Mucoromycota,Fungi,4,27,161,0.1481,0.0281,5.2671,6.1368,0.0063855194800004145,0.09833699999200639,False
motif_217,Streptophyta,Plantae,7,27,1144,0.2593,0.1999,1.2972,1.4037,0.28564592498263003,0.6450543693352696,False
motif_218,Arthropoda,Animalia,2,23,744,0.087,0.13,0.669,0.6365,0.8201943164909467,0.9269053289570244,False
motif_218,Heterolobosea,Protozoa,2,23,506,0.087,0.0884,0.9837,0.982,0.6161567202900713,0.8150273444150546,False
motif_218,Streptophyta,Plantae,4,23,1144,0.1739,0.1999,0.8702,0.8423,0.703397485931093,0.8661780894485426,False
motif_219,Arthropoda,Animalia,4,17,744,0.2353,0.13,1.8102,2.0653,0.17065732402049963,0.5894206784771345,False
motif_219,Heterolobosea,Protozoa,3,17,506,0.1765,0.0884,1.9963,2.217,0.18548087841738128,0.6162296189044469,False
motif_219,Mollusca,Animalia,2,17,324,0.1176,0.0566,2.0784,2.2298,0.24979056158694565,0.6450543693352696,False
motif_219,Nematoda,Animalia,4,17,234,0.2353,0.0409,5.7557,7.3271,0.004253509444538691,0.07423791817201529,False
motif_22,Arthropoda,Animalia,9,40,744,0.225,0.13,1.731,1.9548,0.06696172162135085,0.4179962721280487,False
motif_22,Chlorophyta,Plantae,3,40,303,0.075,0.0529,1.4168,1.4551,0.35593695349729326,0.6663232757687024,False
motif_22,Heterolobosea,Protozoa,3,40,506,0.075,0.0884,0.8484,0.8352,0.6996397992171436,0.8661780894485426,False
motif_22,Mollusca,Animalia,3,40,324,0.075,0.0566,1.325,1.3546,0.39664415664895175,0.69487332784717,False
motif_22,Streptophyta,Plantae,10,40,1144,0.25,0.1999,1.2509,1.3374,0.26690411730051267,0.6450543693352696,False
motif_22,Thermoproteota,Archaea,3,40,306,0.075,0.0535,1.4029,1.4399,0.36177352349010017,0.6745890915221383,False
motif_220,Streptophyta,Plantae,4,17,1144,0.2353,0.1999,1.1773,1.2327,0.45061096844236465,0.7156883735687211,False
motif_221,Chlorophyta,Plantae,2,31,303,0.0645,0.0529,1.2188,1.2354,0.4942723870005481,0.74878240924277,False
motif_221,Methanobacteriota,Archaea,2,31,277,0.0645,0.0484,1.3332,1.3587,0.4467991934440507,0.7156883735687211,False
motif_221,Mollusca,Animalia,2,31,324,0.0645,0.0566,1.1398,1.1504,0.530825257509335,0.7763287727147306,False
motif_221,Streptophyta,Plantae,10,31,1144,0.3226,0.1999,1.614,1.9144,0.07375825780125558,0.43188986109328437,False
motif_222,Arthropoda,Animalia,3,18,744,0.1667,0.13,1.2823,1.3401,0.42060962875537516,0.70186701927915,False
motif_222,Heterolobosea,Protozoa,2,18,506,0.1111,0.0884,1.2569,1.2902,0.4813499633623282,0.7378069110553719,False
motif_222,Methanobacteriota,Archaea,2,18,277,0.1111,0.0484,2.296,2.4686,0.21557925018772384,0.6361082410969265,False
motif_222,Mollusca,Animalia,2,18,324,0.1111,0.0566,1.963,2.0901,0.2712621153329085,0.6450543693352696,False
motif_222,Streptophyta,Plantae,2,18,1144,0.1111,0.1999,0.5559,0.4996,0.9010415351091379,0.9674585298533509,False
motif_223,Chlorophyta,Plantae,4,19,303,0.2105,0.0529,3.9771,4.8214,0.015863034357898643,0.18877010885899384,False
motif_223,Heterolobosea,Protozoa,2,19,506,0.1053,0.0884,1.1908,1.2141,0.5105677801831872,0.7589550530769843,False
motif_223,Nematoda,Animalia,2,19,234,0.1053,0.0409,2.5749,2.7754,0.1809593361119968,0.6058203861140763,False
motif_223,Streptophyta,Plantae,3,19,1144,0.1579,0.1999,0.79,0.75,0.7631109602316917,0.892380276411604,False
motif_223,Thermoproteota,Archaea,2,19,306,0.1053,0.0535,1.969,2.0902,0.27007113433650004,0.6450543693352696,False
motif_224,Arthropoda,Animalia,3,27,744,0.1111,0.13,0.8548,0.836,0.7008476772652767,0.8661780894485426,False
motif_224,Methanobacteriota,Archaea,3,27,277,0.1111,0.0484,2.296,2.474,0.1399169157394454,0.5536324648235258,False
motif_224,Nematoda,Animalia,2,27,234,0.0741,0.0409,1.812,1.8845,0.30316002485072396,0.6499149092219259,False
motif_224,Streptophyta,Plantae,5,27,1144,0.1852,0.1999,0.9266,0.9095,0.6517951046791606,0.8414199132396659,False
motif_224,Thermoproteota,Archaea,2,27,306,0.0741,0.0535,1.3856,1.4192,0.4275147856397238,0.7092735797242059,False
motif_225,Arthropoda,Animalia,2,25,744,0.08,0.13,0.6155,0.5809,0.8548549690068732,0.9490486956123482,False
motif_225,Heterolobosea,Protozoa,2,25,506,0.08,0.0884,0.905,0.8963,0.662022623276376,0.8465859455982212,False
motif_225,Methanobacteriota,Archaea,2,25,277,0.08,0.0484,1.6531,1.7151,0.3428873114110443,0.6590888261924478,False
motif_225,Mucoromycota,Fungi,2,25,161,0.08,0.0281,2.8442,3.0298,0.15514260998929222,0.5753021996486786,False
motif_225,Streptophyta,Plantae,9,25,1144,0.36,0.1999,1.8013,2.2619,0.04621933693847254,0.36667340637854884,False
motif_226,Arthropoda,Animalia,3,23,744,0.1304,0.13,1.0035,1.004,0.5904264750184283,0.7998583246804417,False
motif_226,Heterolobosea,Protozoa,3,23,506,0.1304,0.0884,1.4755,1.5501,0.3325109460013663,0.6499149092219259,False
motif_226,Mollusca,Animalia,3,23,324,0.1304,0.0566,2.3043,2.514,0.13812629543620417,0.5495663243951102,False
motif_226,Nematoda,Animalia,2,23,234,0.087,0.0409,2.1271,2.2451,0.24167844380313738,0.6450543693352696,False
motif_226,Streptophyta,Plantae,7,23,1144,0.3043,0.1999,1.5228,1.7562,0.15896773998750524,0.5780243656767898,False
motif_227,Chlorophyta,Plantae,3,29,303,0.1034,0.0529,1.9543,2.075,0.19634509336732006,0.6216400789459591,False
motif_227,Methanobacteriota,Archaea,2,29,277,0.069,0.0484,1.4251,1.4599,0.4130912278327013,0.6999677456115959,False
motif_227,Mollusca,Animalia,4,29,324,0.1379,0.0566,2.4368,2.6875,0.0784044898076055,0.4442921089097645,False
motif_227,Mucoromycota,Fungi,4,29,161,0.1379,0.0281,4.9038,5.6438,0.008273805426494162,0.11772186199218324,False
motif_227,Nematoda,Animalia,2,29,234,0.069,0.0409,1.687,1.7443,0.33364615660590846,0.6499149092219259,False
motif_227,Streptophyta,Plantae,4,29,1144,0.1379,0.1999,0.6901,0.6393,0.8598714690574828,0.9490486956123482,False
motif_227,Thermoproteota,Archaea,3,29,306,0.1034,0.0535,1.9351,2.0533,0.20027788881341274,0.6256891562213777,False
motif_228,Arthropoda,Animalia,2,33,744,0.0606,0.13,0.4663,0.4303,0.9405894495502786,0.9861994424046222,False
motif_228,Heterolobosea,Protozoa,3,33,506,0.0909,0.0884,1.0284,1.0314,0.5683759666875632,0.7965783087730408,False
motif_228,Mollusca,Animalia,2,33,324,0.0606,0.0566,1.0707,1.0757,0.5650629294379526,0.7938134862496702,False
motif_228,Mucoromycota,Fungi,3,33,161,0.0909,0.0281,3.2321,3.5019,0.06441737953940775,0.4174373753321027,False
motif_228,Streptophyta,Plantae,7,33,1144,0.2121,0.1999,1.0613,1.0783,0.49897446593934164,0.7498938873875983,False
motif_228,Thermoproteota,Archaea,4,33,306,0.1212,0.0535,2.2674,2.4613,0.09702745523763734,0.4961286676018253,False
motif_229,Arthropoda,Animalia,2,23,744,0.087,0.13,0.669,0.6365,0.8201943164909467,0.9269053289570244,False
motif_229,Methanobacteriota,Archaea,2,23,277,0.087,0.0484,1.7969,1.8791,0.3067586334449136,0.6499149092219259,False
motif_229,Mollusca,Animalia,3,23,324,0.1304,0.0566,2.3043,2.514,0.13812629543620417,0.5495663243951102,False
motif_229,Streptophyta,Plantae,4,23,1144,0.1739,0.1999,0.8702,0.8423,0.703397485931093,0.8661780894485426,False
motif_23,Arthropoda,Animalia,5,122,744,0.041,0.13,0.3153,0.2812,0.9997920158135499,0.9999988974232555,False
motif_23,Chlorophyta,Plantae,7,122,303,0.0574,0.0529,1.0839,1.0911,0.46952764012728176,0.7290767270778313,False
motif_23,Heterolobosea,Protozoa,5,122,506,0.041,0.0884,0.4636,0.4351,0.9866496829196416,0.9999988974232555,False
motif_23,Methanobacteriota,Archaea,7,122,277,0.0574,0.0484,1.1857,1.2021,0.377583578338035,0.6858983026913616,False
motif_23,Mollusca,Animalia,7,122,324,0.0574,0.0566,1.0137,1.0148,0.5415578023938706,0.7778117181817509,False
motif_23,Mucoromycota,Fungi,2,122,161,0.0164,0.0281,0.5828,0.5705,0.863370245798815,0.9513061041672128,False
motif_23,Nematoda,Animalia,5,122,234,0.041,0.0409,1.0025,1.0027,0.5627630413919327,0.7938134862496702,False
motif_23,Streptophyta,Plantae,34,122,1144,0.2787,0.1999,1.3944,1.5636,0.021422969293878102,0.22985792463677407,False
motif_23,Thermoproteota,Archaea,3,122,306,0.0246,0.0535,0.46,0.4409,0.9628420220105124,0.9994926303027444,False
motif_230,Arthropoda,Animalia,2,22,744,0.0909,0.13,0.6994,0.6685,0.8002145041889885,0.9140320994619423,False
motif_230,Mollusca,Animalia,5,22,324,0.2273,0.0566,4.0152,4.9631,0.00667451265822223,0.09928337579105567,False
motif_230,Streptophyta,Plantae,4,22,1144,0.1818,0.1999,0.9097,0.8893,0.6678112884733542,0.847977386339736,False
motif_231,Streptophyta,Plantae,6,21,1144,0.2857,0.1999,1.4296,1.6046,0.22987025198201305,0.6361082410969265,False
motif_232,Arthropoda,Animalia,2,16,744,0.125,0.13,0.9617,0.9561,0.6350085406767296,0.8279145216592023,False
motif_232,Chlorophyta,Plantae,2,16,303,0.125,0.0529,2.3614,2.5662,0.2064323701449783,0.6361082410969265,False
motif_232,Thermoproteota,Archaea,3,16,306,0.1875,0.0535,3.5074,4.1165,0.050486832737102805,0.38101343232741164,False
motif_233,Heterolobosea,Protozoa,5,30,506,0.1667,0.0884,1.8854,2.0731,0.12016958373457898,0.5308251205043838,False
motif_233,Streptophyta,Plantae,8,30,1144,0.2667,0.1999,1.3343,1.459,0.2381251058406931,0.6440201726146018,False
motif_234,Arthropoda,Animalia,12,30,744,0.4,0.13,3.0774,4.5191,0.00019586852511141732,0.0052324877422621485,True
motif_234,Chlorophyta,Plantae,2,30,303,0.0667,0.0529,1.2594,1.2798,0.47685649769185956,0.7360909852342502,False
motif_234,Heterolobosea,Protozoa,3,30,506,0.1,0.0884,1.1312,1.1467,0.5024105456897237,0.7521980950242781,False
motif_234,Nematoda,Animalia,2,30,234,0.0667,0.0409,1.6308,1.6817,0.34875098435992935,0.6663232757687024,False
motif_234,Streptophyta,Plantae,5,30,1144,0.1667,0.1999,0.8339,0.7998,0.7448428809380083,0.8871697261973844,False
motif_235,Arthropoda,Animalia,5,33,744,0.1515,0.13,1.1657,1.1966,0.4313287571081059,0.7107446985582112,False
motif_235,Chlorophyta,Plantae,4,33,303,0.1212,0.0529,2.2898,2.4874,0.0943817137594081,0.4902605686947032,False
motif_235,Heterolobosea,Protozoa,4,33,506,0.1212,0.0884,1.3712,1.4257,0.33306365520847503,0.6499149092219259,False
motif_235,Mucoromycota,Fungi,2,33,161,0.0606,0.0281,2.1547,2.2447,0.2373358655224797,0.6440201726146018,False
motif_235,Nematoda,Animalia,2,33,234,0.0606,0.0409,1.4825,1.5181,0.3933090977397939,0.6947929945227937,False
motif_235,Streptophyta,Plantae,3,33,1144,0.0909,0.1999,0.4549,0.3988,0.9734193730101388,0.9999988974232555,False
motif_236,Arthropoda,Animalia,2,32,744,0.0625,0.13,0.4808,0.4447,0.9333910519001147,0.98058498149057,False
motif_236,Ascomycota,Fungi,2,32,9,0.0625,0.0016,39.75,54.1429,0.001063790693824081,0.022459709971221327,True
motif_236,Bacillota,Bacteria,6,32,102,0.1875,0.0178,10.5221,13.4519,1.7193730807913154e-05,0.00080380691526994,True
motif_236,Basidiomycota,Fungi,4,32,31,0.125,0.0054,23.0806,29.9735,2.277810334864301e-05,0.0009938845761124566,True
motif_236,Mucoromycota,Fungi,2,32,161,0.0625,0.0281,2.222,2.3199,0.22685595728108146,0.6361082410969265,False
motif_236,Streptophyta,Plantae,7,32,1144,0.2188,0.1999,1.0945,1.1217,0.46382721089451856,0.7217636364786163,False
motif_237,Arthropoda,Animalia,6,26,744,0.2308,0.13,1.7754,2.0163,0.11180383276833923,0.5184682483410522,False
motif_237,Heterolobosea,Protozoa,2,26,506,0.0769,0.0884,0.8702,0.8588,0.6832540247596282,0.8583296721788419,False
motif_237,Streptophyta,Plantae,8,26,1144,0.3077,0.1999,1.5395,1.7848,0.1303839274247174,0.5460273322453314,False
motif_238,Arthropoda,Animalia,45,76,744,0.5921,0.13,4.5554,10.2776,1.4530273389114975e-21,4.755031966587876e-19,True
motif_238,Chlorophyta,Plantae,3,76,303,0.0395,0.0529,0.7457,0.7326,0.775115305294575,0.89789905719522,False
motif_238,Heterolobosea,Protozoa,3,76,506,0.0395,0.0884,0.4465,0.4204,0.969777054157129,0.9999988974232555,False
motif_238,Methanobacteriota,Archaea,2,76,277,0.0263,0.0484,0.5438,0.5281,0.8894509630706366,0.9638173101485623,False
motif_238,Mollusca,Animalia,3,76,324,0.0395,0.0566,0.6974,0.682,0.8131106230167359,0.9269053289570244,False
motif_238,Streptophyta,Plantae,9,76,1144,0.1184,0.1999,0.5925,0.5341,0.9789780800221849,0.9999988974232555,False
motif_239,Arthropoda,Animalia,3,21,744,0.1429,0.13,1.0991,1.1161,0.5262508378761607,0.774002636831342,False
motif_239,Heterolobosea,Protozoa,3,21,506,0.1429,0.0884,1.616,1.723,0.28236337935490663,0.6450543693352696,False
motif_239,Mollusca,Animalia,2,21,324,0.0952,0.0566,1.6825,1.7591,0.3352993668998426,0.6502324018842873,False
motif_239,Streptophyta,Plantae,7,21,1144,0.3333,0.1999,1.6678,2.0079,0.10779161827160263,0.5125399382622401,False
motif_24,Arthropoda,Animalia,11,24,744,0.4583,0.13,3.5262,5.7338,8.301345408927101e-05,0.002716615285071394,True
motif_24,Thermoproteota,Archaea,2,24,306,0.0833,0.0535,1.5588,1.6136,0.3700546713068334,0.6790956342524939,False
motif_240,Arthropoda,Animalia,2,20,744,0.1,0.13,0.7694,0.743,0.7542860979151301,0.891119586796846,False
motif_240,Bacillota,Bacteria,2,20,102,0.1,0.0178,5.6118,6.2267,0.048507401950786386,0.37795350686654394,False
motif_240,Heterolobosea,Protozoa,3,20,506,0.15,0.0884,1.6968,1.8247,0.2575199764653583,0.6450543693352696,False
motif_240,Mollusca,Animalia,4,20,324,0.2,0.0566,3.5333,4.2062,0.023743620898722704,0.23545757391233346,False
motif_240,Nematoda,Animalia,2,20,234,0.1,0.0409,2.4462,2.6207,0.19595449565696194,0.6216400789459591,False
motif_240,Streptophyta,Plantae,3,20,1144,0.15,0.1999,0.7505,0.7057,0.7939695220060983,0.9116720213210374,False
motif_241,Heterolobosea,Protozoa,3,22,506,0.1364,0.0884,1.5426,1.632,0.30740005991581815,0.6499149092219259,False
motif_241,Mollusca,Animalia,2,22,324,0.0909,0.0566,1.6061,1.6708,0.35632260736294247,0.6663232757687024,False
motif_241,Streptophyta,Plantae,4,22,1144,0.1818,0.1999,0.9097,0.8893,0.6678112884733542,0.847977386339736,False
motif_241,Thermoproteota,Archaea,2,22,306,0.0909,0.0535,1.7005,1.7757,0.33050642556661686,0.6499149092219259,False
motif_242,Arthropoda,Animalia,7,54,744,0.1296,0.13,0.9973,0.9969,0.5644038582760378,0.7938134862496702,False
motif_242,Chlorophyta,Plantae,2,54,303,0.037,0.0529,0.6997,0.686,0.7883356495100373,0.9116001459440273,False
motif_242,Heterolobosea,Protozoa,4,54,506,0.0741,0.0884,0.8379,0.8236,0.715572256700382,0.87845820528875,False
motif_242,Methanobacteriota,Archaea,2,54,277,0.037,0.0484,0.7653,0.7545,0.7442251967951663,0.8871697261973844,False
motif_242,Mollusca,Animalia,3,54,324,0.0556,0.0566,0.9815,0.9802,0.5972194309247301,0.8054482201457306,False
motif_242,Mucoromycota,Fungi,3,54,161,0.0556,0.0281,1.9752,2.0521,0.1935183844460997,0.6216400789459591,False
motif_242,Nematoda,Animalia,6,54,234,0.1111,0.0409,2.7179,2.9836,0.021927775594377117,0.23183445738379987,False
motif_242,Streptophyta,Plantae,8,54,1144,0.1481,0.1999,0.7413,0.6941,0.8724493854073683,0.9551969146581845,False
motif_242,Thermoproteota,Archaea,3,54,306,0.0556,0.0535,1.0392,1.0419,0.5575868283126266,0.7919773886692938,False
motif_243,Chlorophyta,Plantae,2,13,303,0.1538,0.0529,2.9063,3.2679,0.1484549819967498,0.5665526863957595,False
motif_243,Methanobacteriota,Archaea,2,13,277,0.1538,0.0484,3.1791,3.594,0.12818161925061478,0.5460273322453314,False
motif_243,Streptophyta,Plantae,4,13,1144,0.3077,0.1999,1.5395,1.7821,0.2520849680690831,0.6450543693352696,False
motif_244,Chlorophyta,Plantae,3,18,303,0.1667,0.0529,3.1485,3.604,0.06645124218956035,0.4179962721280487,False
motif_244,Mollusca,Animalia,2,18,324,0.1111,0.0566,1.963,2.0901,0.2712621153329085,0.6450543693352696,False
motif_244,Mucoromycota,Fungi,4,18,161,0.2222,0.0281,7.9006,10.0983,0.0013555105679189216,0.027596381411002985,True
motif_244,Streptophyta,Plantae,3,18,1144,0.1667,0.1999,0.8339,0.8002,0.7285980950892632,0.8822709588083677,False
motif_245,Arthropoda,Animalia,2,23,744,0.087,0.13,0.669,0.6365,0.8201943164909467,0.9269053289570244,False
motif_245,Chlorophyta,Plantae,3,23,303,0.1304,0.0529,2.4641,2.7005,0.11916135568335219,0.5287532697949424,False
motif_245,Streptophyta,Plantae,8,23,1144,0.3478,0.1999,1.7403,2.1432,0.0708578592075413,0.42743289263903944,False
motif_245,Thermoproteota,Archaea,2,23,306,0.087,0.0535,1.6266,1.6908,0.35038284491332666,0.6663232757687024,False
motif_246,Mucoromycota,Fungi,2,14,161,0.1429,0.0281,5.079,5.8187,0.05733751379659741,0.39502529241971585,False
motif_246,Streptophyta,Plantae,3,14,1144,0.2143,0.1999,1.0722,1.0921,0.551620895907403,0.7857146384578788,False
motif_247,Arthropoda,Animalia,2,17,744,0.1176,0.13,0.9051,0.8922,0.6685352656246046,0.847977386339736,False
motif_247,Chlorophyta,Plantae,2,17,303,0.1176,0.0529,2.2225,2.3947,0.2262830881959069,0.6361082410969265,False
motif_247,Methanobacteriota,Archaea,2,17,277,0.1176,0.0484,2.4311,2.6337,0.19755712210964016,0.6216400789459591,False
motif_247,Streptophyta,Plantae,7,17,1144,0.4118,0.1999,2.0603,2.8135,0.03730433482605491,0.3170868460214668,False
motif_247,Thermoproteota,Archaea,2,17,306,0.1176,0.0535,2.2007,2.3697,0.22962782426241207,0.6361082410969265,False
motif_248,Actinomycetota,Bacteria,2,19,8,0.1053,0.0014,75.3158,111.7451,0.000288865735084299,0.0072716393697182195,True
motif_248,Heterolobosea,Protozoa,3,19,506,0.1579,0.0884,1.7861,1.9391,0.23299852038503024,0.6361082410969265,False
motif_248,Mollusca,Animalia,3,19,324,0.1579,0.0566,2.7895,3.1449,0.08892324251230461,0.4726864630069913,False
motif_248,Streptophyta,Plantae,6,19,1144,0.3158,0.1999,1.5801,1.8522,0.16231106065888742,0.5815292241060912,False
motif_249,Arthropoda,Animalia,3,23,744,0.1304,0.13,1.0035,1.004,0.5904264750184283,0.7998583246804417,False
motif_249,Chlorophyta,Plantae,3,23,303,0.1304,0.0529,2.4641,2.7005,0.11916135568335219,0.5287532697949424,False
motif_249,Heterolobosea,Protozoa,2,23,506,0.087,0.0884,0.9837,0.982,0.6161567202900713,0.8150273444150546,False
motif_249,Nematoda,Animalia,2,23,234,0.087,0.0409,2.1271,2.2451,0.24167844380313738,0.6450543693352696,False
motif_249,Streptophyta,Plantae,7,23,1144,0.3043,0.1999,1.5228,1.7562,0.15896773998750524,0.5780243656767898,False
motif_25,Arthropoda,Animalia,3,25,744,0.12,0.13,0.9232,0.9124,0.6487138107443572,0.838268882788118,False
motif_25,Heterolobosea,Protozoa,2,25,506,0.08,0.0884,0.905,0.8963,0.662022623276376,0.8465859455982212,False
motif_25,Methanobacteriota,Archaea,2,25,277,0.08,0.0484,1.6531,1.7151,0.3428873114110443,0.6590888261924478,False
motif_25,Mollusca,Animalia,5,25,324,0.2,0.0566,3.5333,4.2163,0.01171648999914656,0.1518503505829985,False
motif_25,Streptophyta,Plantae,4,25,1144,0.16,0.1999,0.8006,0.7617,0.7660726117029905,0.892380276411604,False
motif_25,Thermoproteota,Archaea,2,25,306,0.08,0.0535,1.4965,1.5432,0.3894870145964191,0.6899032504826964,False
motif_250,Arthropoda,Animalia,7,18,744,0.3889,0.13,2.9919,4.2905,0.005290446249618583,0.08766068532595854,False
motif_250,Heterolobosea,Protozoa,3,18,506,0.1667,0.0884,1.8854,2.0688,0.20893678888549963,0.6361082410969265,False
motif_250,Mollusca,Animalia,2,18,324,0.1111,0.0566,1.963,2.0901,0.2712621153329085,0.6450543693352696,False
motif_250,Thermoproteota,Archaea,2,18,306,0.1111,0.0535,2.0784,2.2212,0.24982511811740796,0.6450543693352696,False
motif_251,Arthropoda,Animalia,3,28,744,0.1071,0.13,0.8243,0.8024,0.7246126529469271,0.8822709588083677,False
motif_251,Heterolobosea,Protozoa,5,28,506,0.1786,0.0884,2.02,2.2542,0.095539747523854,0.4939146554439293,False
motif_251,Streptophyta,Plantae,7,28,1144,0.25,0.1999,1.2509,1.3366,0.3206138434332344,0.6499149092219259,False
motif_252,Arthropoda,Animalia,6,21,744,0.2857,0.13,2.1982,2.6911,0.04589444000031431,0.3663159875634844,False
motif_252,Methanobacteriota,Archaea,2,21,277,0.0952,0.0484,1.968,2.0777,0.2702711503723978,0.6450543693352696,False
motif_252,Streptophyta,Plantae,6,21,1144,0.2857,0.1999,1.4296,1.6046,0.22987025198201305,0.6361082410969265,False
motif_252,Thermoproteota,Archaea,2,21,306,0.0952,0.0535,1.7815,1.8695,0.3104649775099824,0.6499149092219259,False
motif_253,Arthropoda,Animalia,5,18,744,0.2778,0.13,2.1371,2.5851,0.07390628639029466,0.43188986109328437,False
motif_253,Streptophyta,Plantae,3,18,1144,0.1667,0.1999,0.8339,0.8002,0.7285980950892632,0.8822709588083677,False
motif_254,Methanobacteriota,Archaea,3,26,277,0.1154,0.0484,2.3843,2.582,0.12871926192968997,0.5460273322453314,False
motif_254,Streptophyta,Plantae,5,26,1144,0.1923,0.1999,0.9622,0.953,0.6164072352718901,0.8150273444150546,False
motif_255,Arthropoda,Animalia,9,39,744,0.2308,0.13,1.7754,2.0204,0.058313801895335575,0.3975664931301785,False
motif_255,Heterolobosea,Protozoa,2,39,506,0.0513,0.0884,0.5801,0.5557,0.8714685073412389,0.9551969146581845,False
motif_255,Nematoda,Animalia,6,39,234,0.1538,0.0409,3.7633,4.3517,0.004598007423062065,0.07816612619205511,False
motif_255,Streptophyta,Plantae,3,39,1144,0.0769,0.1999,0.3849,0.3319,0.990643109590322,0.9999988974232555,False
motif_255,Thermoproteota,Archaea,5,39,306,0.1282,0.0535,2.3982,2.6304,0.054851297555853815,0.3909190121275891,False
motif_256,Arthropoda,Animalia,3,18,744,0.1667,0.13,1.2823,1.3401,0.42060962875537516,0.70186701927915,False
motif_256,Heterolobosea,Protozoa,2,18,506,0.1111,0.0884,1.2569,1.2902,0.4813499633623282,0.7378069110553719,False
motif_256,Methanobacteriota,Archaea,2,18,277,0.1111,0.0484,2.296,2.4686,0.21557925018772384,0.6361082410969265,False
motif_256,Streptophyta,Plantae,4,18,1144,0.2222,0.1999,1.1119,1.1444,0.49852240790100777,0.7498938873875983,False
motif_257,Heterolobosea,Protozoa,2,15,506,0.1333,0.0884,1.5083,1.5888,0.3877033350028013,0.6899032504826964,False
motif_257,Mollusca,Animalia,2,15,324,0.1333,0.0566,2.3556,2.5738,0.20709493272602458,0.6361082410969265,False
motif_257,Streptophyta,Plantae,3,15,1144,0.2,0.1999,1.0007,1.0009,0.6017143325595311,0.8070123579102727,False
motif_258,Mollusca,Animalia,2,18,324,0.1111,0.0566,1.963,2.0901,0.2712621153329085,0.6450543693352696,False
motif_258,Streptophyta,Plantae,10,18,1144,0.5556,0.1999,2.7797,5.0397,0.0008874537667914779,0.02002891346086284,True
motif_259,Arthropoda,Animalia,5,40,744,0.125,0.13,0.9617,0.9559,0.608548290224449,0.8145089078771,False
motif_259,Heterolobosea,Protozoa,9,40,506,0.225,0.0884,2.5453,3.03,0.006973065548227084,0.10230339349865515,False
motif_259,Methanobacteriota,Archaea,2,40,277,0.05,0.0484,1.0332,1.0352,0.5836893902311011,0.7998583246804417,False
motif_259,Nematoda,Animalia,3,40,234,0.075,0.0409,1.8346,1.914,0.22335331653994026,0.6361082410969265,False
motif_259,Streptophyta,Plantae,6,40,1144,0.15,0.1999,0.7505,0.705,0.8390652095680141,0.9419108700991127,False
motif_26,Methanobacteriota,Archaea,3,18,277,0.1667,0.0484,3.444,3.965,0.05338009748497209,0.3880491978750186,False
motif_26,Mollusca,Animalia,3,18,324,0.1667,0.0566,2.9444,3.3551,0.07801813161924472,0.4442921089097645,False
motif_26,Streptophyta,Plantae,5,18,1144,0.2778,0.1999,1.3899,1.5422,0.28292093033711263,0.6450543693352696,False
motif_260,Arthropoda,Animalia,4,26,744,0.1538,0.13,1.1836,1.2182,0.44294642424917624,0.7156883735687211,False
motif_260,Heterolobosea,Protozoa,7,26,506,0.2692,0.0884,3.0456,3.8385,0.0060118186566192906,0.09552507601477205,False
motif_260,Nematoda,Animalia,2,26,234,0.0769,0.0409,1.8817,1.9634,0.2878184833821089,0.6450543693352696,False
motif_260,Thermoproteota,Archaea,3,26,306,0.1154,0.0535,2.1584,2.3224,0.1595398921904801,0.5784978362253143,False
motif_261,Arthropoda,Animalia,3,19,744,0.1579,0.13,1.2148,1.2561,0.45687950701976165,0.7156883735687211,False
motif_261,Streptophyta,Plantae,2,19,1144,0.1053,0.1999,0.5267,0.4701,0.917268661565308,0.9745979529131397,False
motif_262,Bacillota,Bacteria,14,40,102,0.35,0.0178,19.6412,34.2413,2.068010971854066e-15,3.0078070690633026e-13,True
motif_262,Basidiomycota,Fungi,6,40,31,0.15,0.0054,27.6968,39.9459,5.1045396440703214e-08,4.454561596058701e-06,True
motif_262,Mucoromycota,Fungi,2,40,161,0.05,0.0281,1.7776,1.8289,0.31090462608120145,0.6499149092219259,False
motif_262,Nematoda,Animalia,2,40,234,0.05,0.0409,1.2231,1.2368,0.4912755532437432,0.74878240924277,False
motif_262,Streptophyta,Plantae,7,40,1144,0.175,0.1999,0.8756,0.8483,0.7142025797317517,0.8778320909566789,False
motif_263,Arthropoda,Animalia,8,33,744,0.2424,0.13,1.8651,2.1543,0.056104872031302745,0.3927341042191192,False
motif_263,Methanobacteriota,Archaea,2,33,277,0.0606,0.0484,1.2524,1.2706,0.47939999793930466,0.7378069110553719,False
motif_263,Streptophyta,Plantae,4,33,1144,0.1212,0.1999,0.6065,0.5506,0.9195069520758493,0.9761837796166153,False
motif_264,Arthropoda,Animalia,4,19,744,0.2105,0.13,1.6197,1.7892,0.22717027801198053,0.6361082410969265,False
motif_264,Chlorophyta,Plantae,3,19,303,0.1579,0.0529,2.9828,3.3781,0.07593653115799696,0.43982707648592045,False
motif_264,Mollusca,Animalia,2,19,324,0.1053,0.0566,1.8596,1.9668,0.29271374742945006,0.6450543693352696,False
motif_264,Streptophyta,Plantae,3,19,1144,0.1579,0.1999,0.79,0.75,0.7631109602316917,0.892380276411604,False
motif_265,Chlorophyta,Plantae,2,19,303,0.1053,0.0529,1.9885,2.1122,0.2663003675100769,0.6450543693352696,False
motif_265,Heterolobosea,Protozoa,2,19,506,0.1053,0.0884,1.1908,1.2141,0.5105677801831872,0.7589550530769843,False
motif_265,Streptophyta,Plantae,3,19,1144,0.1579,0.1999,0.79,0.75,0.7631109602316917,0.892380276411604,False
motif_266,Arthropoda,Animalia,14,32,744,0.4375,0.13,3.3659,5.2868,1.707192408133243e-05,0.00080380691526994,True
motif_266,Heterolobosea,Protozoa,5,32,506,0.1562,0.0884,1.7675,1.9188,0.14744565785034816,0.5660010736835945,False
motif_266,Methanobacteriota,Archaea,2,32,277,0.0625,0.0484,1.2915,1.3132,0.4632444276799956,0.7217636364786163,False
motif_266,Nematoda,Animalia,2,32,234,0.0625,0.0409,1.5288,1.569,0.37859746974319036,0.6858983026913616,False
motif_266,Streptophyta,Plantae,2,32,1144,0.0625,0.1999,0.3127,0.2656,0.9929466389909553,0.9999988974232555,False
motif_266,Thermoproteota,Archaea,2,32,306,0.0625,0.0535,1.1691,1.1816,0.5166934142118093,0.7642391855404048,False
motif_267,Arthropoda,Animalia,5,26,744,0.1923,0.13,1.4795,1.5977,0.24305158418180298,0.6450543693352696,False
motif_267,Heterolobosea,Protozoa,3,26,506,0.1154,0.0884,1.3053,1.3471,0.4072458054773499,0.6999677456115959,False
motif_267,Mollusca,Animalia,3,26,324,0.1154,0.0566,2.0385,2.1849,0.17977271895618183,0.6058203861140763,False
motif_267,Streptophyta,Plantae,4,26,1144,0.1538,0.1999,0.7698,0.727,0.7932844983268268,0.9116720213210374,False
motif_267,Thermoproteota,Archaea,4,26,306,0.1538,0.0535,2.8778,3.2486,0.04724443000348325,0.3703171190093388,False
motif_268,Mollusca,Animalia,2,19,324,0.1053,0.0566,1.8596,1.9668,0.29271374742945006,0.6450543693352696,False
motif_268,Streptophyta,Plantae,7,19,1144,0.3684,0.1999,1.8434,2.3436,0.06705822547508802,0.4179962721280487,False
motif_269,Arthropoda,Animalia,5,25,744,0.2,0.13,1.5387,1.6779,0.217811631986906,0.6361082410969265,False
motif_269,Heterolobosea,Protozoa,5,25,506,0.2,0.0884,2.2625,2.5938,0.0640408844560477,0.4174373753321027,False
motif_269,Streptophyta,Plantae,6,25,1144,0.24,0.1999,1.2008,1.2657,0.3825382599645113,0.6858983026913616,False
motif_27,Arthropoda,Animalia,10,31,744,0.3226,0.13,2.4818,3.2172,0.004398136466005347,0.0757521136052763,False
motif_27,Chlorophyta,Plantae,2,31,303,0.0645,0.0529,1.2188,1.2354,0.4942723870005481,0.74878240924277,False
motif_27,Heterolobosea,Protozoa,2,31,506,0.0645,0.0884,0.7298,0.71,0.7734784048449987,0.8970009254697551,False
motif_27,Mucoromycota,Fungi,3,31,161,0.0968,0.0281,3.4406,3.7534,0.05524829430374636,0.3909190121275891,False
motif_27,Streptophyta,Plantae,6,31,1144,0.1935,0.1999,0.9684,0.9606,0.6066631228176704,0.8128168145018736,False
motif_270,Bacillota,Bacteria,2,74,102,0.027,0.0178,1.5167,1.5417,0.3814759529088846,0.6858983026913616,False
motif_270,Chlorophyta,Plantae,28,74,303,0.3784,0.0529,7.148,11.8972,1.1840365858252501e-17,2.2141484154932177e-15,True
motif_270,Mollusca,Animalia,2,74,324,0.027,0.0566,0.4775,0.4596,0.9283213281321183,0.9800787783102551,False
motif_270,Streptophyta,Plantae,30,74,1144,0.4054,0.1999,2.0284,2.7762,3.6448382583160154e-05,0.0013631695086101896,True
motif_271,Heterolobosea,Protozoa,2,17,506,0.1176,0.0884,1.3309,1.3765,0.4510818328649032,0.7156883735687211,False
motif_271,Methanobacteriota,Archaea,2,17,277,0.1176,0.0484,2.4311,2.6337,0.19755712210964016,0.6216400789459591,False
motif_271,Nematoda,Animalia,2,17,234,0.1176,0.0409,2.8778,3.1466,0.15157301755770342,0.5750987825595182,False
motif_271,Streptophyta,Plantae,6,17,1144,0.3529,0.1999,1.7659,2.19,0.10509482748679563,0.5125399382622401,False
motif_272,Arthropoda,Animalia,2,17,744,0.1176,0.13,0.9051,0.8922,0.6685352656246046,0.847977386339736,False
motif_272,Chlorophyta,Plantae,2,17,303,0.1176,0.0529,2.2225,2.3947,0.2262830881959069,0.6361082410969265,False
motif_272,Streptophyta,Plantae,3,17,1144,0.1765,0.1999,0.883,0.8575,0.690252147224554,0.8613346622659115,False
motif_273,Arthropoda,Animalia,4,28,744,0.1429,0.13,1.0991,1.1162,0.5028062132515229,0.7521980950242781,False
motif_273,Chlorophyta,Plantae,3,28,303,0.1071,0.0529,2.024,2.1584,0.182697342807709,0.6100786268757425,False
motif_273,Heterolobosea,Protozoa,2,28,506,0.0714,0.0884,0.808,0.7924,0.7224341920310092,0.8821514527692081,False
motif_273,Nematoda,Animalia,2,28,234,0.0714,0.0409,1.7473,1.8117,0.31844284003956475,0.6499149092219259,False
motif_273,Streptophyta,Plantae,2,28,1144,0.0714,0.1999,0.3574,0.3067,0.9846375783457362,0.9999988974232555,False
motif_274,Arthropoda,Animalia,2,47,744,0.0426,0.13,0.3274,0.2956,0.9886924859886601,0.9999988974232555,False
motif_274,Chlorophyta,Plantae,2,47,303,0.0426,0.0529,0.8039,0.7938,0.7197976593317923,0.8813986305568906,False
motif_274,Heterolobosea,Protozoa,2,47,506,0.0426,0.0884,0.4814,0.4562,0.9290650508229329,0.9800787783102551,False
motif_274,Methanobacteriota,Archaea,3,47,277,0.0638,0.0484,1.319,1.3445,0.3992149282156838,0.6967631213791068,False
motif_274,Mucoromycota,Fungi,2,47,161,0.0426,0.0281,1.5129,1.5424,0.38298722012973613,0.6858983026913616,False
motif_274,Nematoda,Animalia,2,47,234,0.0426,0.0409,1.0409,1.0431,0.5787508660405377,0.7998583246804417,False
motif_274,Streptophyta,Plantae,11,47,1144,0.234,0.1999,1.171,1.2255,0.3317834781353984,0.6499149092219259,False
motif_274,Thermoproteota,Archaea,3,47,306,0.0638,0.0535,1.194,1.2093,0.46350136696265265,0.7217636364786163,False
motif_275,Arthropoda,Animalia,2,20,744,0.1,0.13,0.7694,0.743,0.7542860979151301,0.891119586796846,False
motif_275,Heterolobosea,Protozoa,2,20,506,0.1,0.0884,1.1312,1.1464,0.5386842028185014,0.7763287727147306,False
motif_275,Methanobacteriota,Archaea,2,20,277,0.1,0.0484,2.0664,2.1935,0.2519893194888674,0.6450543693352696,False
motif_275,Streptophyta,Plantae,5,20,1144,0.25,0.1999,1.2509,1.336,0.3696642976080066,0.6790956342524939,False
motif_276,Arthropoda,Animalia,4,26,744,0.1538,0.13,1.1836,1.2182,0.44294642424917624,0.7156883735687211,False
motif_276,Basidiomycota,Fungi,2,26,31,0.0769,0.0054,14.2035,16.2902,0.008509160326921814,0.11976871901011457,False
motif_276,Chlorophyta,Plantae,2,26,303,0.0769,0.0529,1.4532,1.4942,0.4037591509146563,0.6985510250220266,False
motif_276,Streptophyta,Plantae,7,26,1144,0.2692,0.1999,1.3471,1.4779,0.251667230540826,0.6450543693352696,False
motif_276,Thermoproteota,Archaea,2,26,306,0.0769,0.0535,1.4389,1.4786,0.4086492747969142,0.6999677456115959,False
motif_277,Mollusca,Animalia,3,21,324,0.1429,0.0566,2.5238,2.7944,0.11248661766910528,0.5184682483410522,False
motif_277,Streptophyta,Plantae,4,21,1144,0.1905,0.1999,0.953,0.9418,0.6293977391909774,0.8229884709073723,False
motif_277,Thermoproteota,Archaea,2,21,306,0.0952,0.0535,1.7815,1.8695,0.3104649775099824,0.6499149092219259,False
motif_278,Heterolobosea,Protozoa,3,21,506,0.1429,0.0884,1.616,1.723,0.28236337935490663,0.6450543693352696,False
motif_278,Mollusca,Animalia,2,21,324,0.0952,0.0566,1.6825,1.7591,0.3352993668998426,0.6502324018842873,False
motif_278,Streptophyta,Plantae,9,21,1144,0.4286,0.1999,2.1444,3.0185,0.014187092505154656,0.17519720838912684,False
motif_279,Arthropoda,Animalia,3,23,744,0.1304,0.13,1.0035,1.004,0.5904264750184283,0.7998583246804417,False
motif_279,Heterolobosea,Protozoa,3,23,506,0.1304,0.0884,1.4755,1.5501,0.3325109460013663,0.6499149092219259,False
motif_279,Nematoda,Animalia,2,23,234,0.087,0.0409,2.1271,2.2451,0.24167844380313738,0.6450543693352696,False
motif_279,Streptophyta,Plantae,2,23,1144,0.087,0.1999,0.4351,0.3802,0.9603020576439883,0.9984395500047504,False
motif_279,Thermoproteota,Archaea,3,23,306,0.1304,0.0535,2.4399,2.6723,0.12180402242616577,0.5348887811938131,False
motif_28,Methanobacteriota,Archaea,4,32,277,0.125,0.0484,2.583,2.8357,0.0665676517798245,0.4179962721280487,False
motif_28,Nematoda,Animalia,3,32,234,0.0938,0.0409,2.2933,2.4456,0.1408780390420275,0.55428138623365,False
motif_28,Streptophyta,Plantae,4,32,1144,0.125,0.1999,0.6254,0.5704,0.9072191287630861,0.9686377157837517,False
motif_28,Thermoproteota,Archaea,3,32,306,0.0938,0.0535,1.7537,1.8399,0.2431319576748204,0.6450543693352696,False
motif_280,Arthropoda,Animalia,15,42,744,0.3571,0.13,2.7477,3.7746,0.00014542630291163318,0.004230289566918396,True
motif_280,Heterolobosea,Protozoa,3,42,506,0.0714,0.0884,0.808,0.792,0.7310458308985199,0.8831000782242766,False
motif_280,Mollusca,Animalia,12,42,324,0.2857,0.0566,5.0476,6.8846,2.09421860115842e-06,0.00013706660744581859,True
motif_280,Streptophyta,Plantae,5,42,1144,0.119,0.1999,0.5957,0.539,0.9423916684049216,0.9861994424046222,False
motif_281,Nematoda,Animalia,2,18,234,0.1111,0.0409,2.7179,2.9494,0.16615120688745463,0.5815292241060912,False
motif_281,Streptophyta,Plantae,2,18,1144,0.1111,0.1999,0.5559,0.4996,0.9010415351091379,0.9674585298533509,False
motif_282,Heterolobosea,Protozoa,12,29,506,0.4138,0.0884,4.6809,7.4318,2.5597186612040473e-06,0.00015955579654838563,True
motif_282,Nematoda,Animalia,2,29,234,0.069,0.0409,1.687,1.7443,0.33364615660590846,0.6499149092219259,False
motif_282,Streptophyta,Plantae,2,29,1144,0.069,0.1999,0.3451,0.2953,0.9873366656180687,0.9999988974232555,False
motif_282,Thermoproteota,Archaea,2,29,306,0.069,0.0535,1.2901,1.3136,0.46426660192131014,0.7217636364786163,False
motif_283,Arthropoda,Animalia,15,48,744,0.3125,0.13,2.4042,3.0845,0.0007589290327887668,0.017428738665271854,True
motif_283,Heterolobosea,Protozoa,2,48,506,0.0417,0.0884,0.4713,0.4462,0.9342479474929405,0.9806981261172887,False
motif_283,Methanobacteriota,Archaea,6,48,277,0.125,0.0484,2.583,2.8492,0.027030701780964235,0.2582714498633736,False
motif_283,Mollusca,Animalia,4,48,324,0.0833,0.0566,1.4722,1.5216,0.2874119414464985,0.6450543693352696,False
motif_283,Nematoda,Animalia,4,48,234,0.0833,0.0409,2.0385,2.1526,0.13143089778130568,0.5460273322453314,False
motif_283,Streptophyta,Plantae,4,48,1144,0.0833,0.1999,0.417,0.3617,0.9922529683355289,0.9999988974232555,False
motif_283,Thermoproteota,Archaea,6,48,306,0.125,0.0535,2.3382,2.56,0.041152746197183884,0.3409426884310994,False
motif_284,Arthropoda,Animalia,2,29,744,0.069,0.13,0.5306,0.4945,0.9065311024116293,0.9686377157837517,False
motif_284,Bacillota,Bacteria,2,29,102,0.069,0.0178,3.8702,4.1444,0.0935794595351157,0.4899820501258658,False
motif_284,Chlorophyta,Plantae,3,29,303,0.1034,0.0529,1.9543,2.075,0.19634509336732006,0.6216400789459591,False
motif_284,Heterolobosea,Protozoa,4,29,506,0.1379,0.0884,1.5603,1.6551,0.2511501820170456,0.6450543693352696,False
motif_284,Mollusca,Animalia,2,29,324,0.069,0.0566,1.2184,1.236,0.4948027379640917,0.74878240924277,False
motif_284,Mucoromycota,Fungi,2,29,161,0.069,0.0281,2.4519,2.5791,0.1956743672834055,0.6216400789459591,False
motif_284,Streptophyta,Plantae,4,29,1144,0.1379,0.1999,0.6901,0.6393,0.8598714690574828,0.9490486956123482,False
motif_285,Ascomycota,Fungi,2,199,9,0.0101,0.0016,6.392,8.0029,0.03685651645722872,0.31532797413406793,False
motif_285,Bacillota,Bacteria,13,199,102,0.0653,0.0178,3.666,4.2689,4.487334843108352e-05,0.0015061336691355983,True
motif_285,Basidiomycota,Fungi,4,199,31,0.0201,0.0054,3.7115,4.177,0.02138661556107096,0.22985792463677407,False
motif_285,Heterolobosea,Protozoa,55,199,506,0.2764,0.0884,3.1265,4.2971,2.822794184042055e-15,3.69503758691105e-13,True
motif_285,Mucoromycota,Fungi,8,199,161,0.0402,0.0281,1.4293,1.4706,0.19686718797712385,0.6216400789459591,False
motif_285,Streptophyta,Plantae,55,199,1144,0.2764,0.1999,1.3829,1.5558,0.005060693824564956,0.08492882328660932,False
motif_286,Arthropoda,Animalia,3,17,744,0.1765,0.13,1.3577,1.4361,0.3835581035676675,0.6858983026913616,False
motif_286,Chlorophyta,Plantae,2,17,303,0.1176,0.0529,2.2225,2.3947,0.2262830881959069,0.6361082410969265,False
motif_286,Streptophyta,Plantae,4,17,1144,0.2353,0.1999,1.1773,1.2327,0.45061096844236465,0.7156883735687211,False
motif_287,Arthropoda,Animalia,2,15,744,0.1333,0.13,1.0258,1.0299,0.5988808953127919,0.8058550487626187,False
motif_287,Methanobacteriota,Archaea,2,15,277,0.1333,0.0484,2.7552,3.04,0.16218382951732985,0.5815292241060912,False
motif_287,Mollusca,Animalia,3,15,324,0.2,0.0566,3.5333,4.1963,0.04924053053473657,0.38101343232741164,False
motif_287,Streptophyta,Plantae,4,15,1144,0.2667,0.1999,1.3343,1.4574,0.35124714929889106,0.6663232757687024,False
motif_288,Arthropoda,Animalia,2,26,744,0.0769,0.13,0.5918,0.5566,0.8697967968349612,0.9543705004668603,False
motif_288,Chlorophyta,Plantae,2,26,303,0.0769,0.0529,1.4532,1.4942,0.4037591509146563,0.6985510250220266,False
motif_288,Heterolobosea,Protozoa,6,26,506,0.2308,0.0884,2.6105,3.1188,0.02310791064339619,0.2326788848631201,False
motif_288,Mollusca,Animalia,3,26,324,0.1154,0.0566,2.0385,2.1849,0.17977271895618183,0.6058203861140763,False
motif_288,Streptophyta,Plantae,4,26,1144,0.1538,0.1999,0.7698,0.727,0.7932844983268268,0.9116720213210374,False
motif_288,Thermoproteota,Archaea,4,26,306,0.1538,0.0535,2.8778,3.2486,0.04724443000348325,0.3703171190093388,False
motif_289,Arthropoda,Animalia,5,24,744,0.2083,0.13,1.6028,1.7666,0.19345121070680074,0.6216400789459591,False
motif_289,Chlorophyta,Plantae,2,24,303,0.0833,0.0529,1.5743,1.6306,0.3654223930142747,0.6790956342524939,False
motif_289,Heterolobosea,Protozoa,2,24,506,0.0833,0.0884,0.9427,0.9372,0.6396630762559848,0.8298503139931458,False
motif_289,Mucoromycota,Fungi,3,24,161,0.125,0.0281,4.4441,5.0108,0.028663835590400623,0.2680068627702458,False
motif_289,Nematoda,Animalia,3,24,234,0.125,0.0409,3.0577,3.3822,0.07257014450077202,0.43188986109328437,False
motif_289,Streptophyta,Plantae,5,24,1144,0.2083,0.1999,1.0424,1.0538,0.5396937992134491,0.7763287727147306,False
motif_29,Arthropoda,Animalia,3,27,744,0.1111,0.13,0.8548,0.836,0.7008476772652767,0.8661780894485426,False
motif_29,Bacillota,Bacteria,2,27,102,0.0741,0.0178,4.1569,4.4776,0.08275167949041905,0.4570546348226099,False
motif_29,Mollusca,Animalia,2,27,324,0.0741,0.0566,1.3086,1.3354,0.4570782890018723,0.7156883735687211,False
motif_29,Mucoromycota,Fungi,2,27,161,0.0741,0.0281,2.6335,2.7864,0.1752168285570582,0.5972886160968468,False
motif_29,Streptophyta,Plantae,4,27,1144,0.1481,0.1999,0.7413,0.6952,0.8178913493959861,0.9269053289570244,False
motif_290,Arthropoda,Animalia,2,29,744,0.069,0.13,0.5306,0.4945,0.9065311024116293,0.9686377157837517,False
motif_290,Mollusca,Animalia,2,29,324,0.069,0.0566,1.2184,1.236,0.4948027379640917,0.74878240924277,False
motif_290,Mucoromycota,Fungi,2,29,161,0.069,0.0281,2.4519,2.5791,0.1956743672834055,0.6216400789459591,False
motif_290,Streptophyta,Plantae,7,29,1144,0.2414,0.1999,1.2077,1.2755,0.35623473150505913,0.6663232757687024,False
motif_291,Arthropoda,Animalia,3,53,744,0.0566,0.13,0.4355,0.3992,0.9757157569062496,0.9999988974232555,False
motif_291,Bacillota,Bacteria,3,53,102,0.0566,0.0178,3.1765,3.377,0.06785615153888272,0.4197049069275442,False
motif_291,Heterolobosea,Protozoa,15,53,506,0.283,0.0884,3.2016,4.1644,3.375452975940322e-05,0.0013389296804563278,True
motif_291,Nematoda,Animalia,3,53,234,0.0566,0.0409,1.3846,1.413,0.3694035515201437,0.6790956342524939,False
motif_291,Streptophyta,Plantae,3,53,1144,0.0566,0.1999,0.2832,0.2382,0.999290131875083,0.9999988974232555,False
motif_291,Thermoproteota,Archaea,4,53,306,0.0755,0.0535,1.4118,1.4513,0.3141561410755495,0.6499149092219259,False
motif_292,Heterolobosea,Protozoa,4,30,506,0.1333,0.0884,1.5083,1.5912,0.271301043291271,0.6450543693352696,False
motif_292,Methanobacteriota,Archaea,2,30,277,0.0667,0.0484,1.3776,1.4075,0.43007667022302565,0.7107446985582112,False
motif_292,Mollusca,Animalia,2,30,324,0.0667,0.0566,1.1778,1.1917,0.5130329242498286,0.7596833686007078,False
motif_292,Nematoda,Animalia,4,30,234,0.1333,0.0409,3.2615,3.6548,0.03237355149267258,0.2963425098175413,False
motif_292,Streptophyta,Plantae,5,30,1144,0.1667,0.1999,0.8339,0.7998,0.7448428809380083,0.8871697261973844,False
motif_293,Arthropoda,Animalia,4,35,744,0.1143,0.13,0.8793,0.8629,0.6846513397328648,0.8589144513963581,False
motif_293,Chlorophyta,Plantae,3,35,303,0.0857,0.0529,1.6192,1.6841,0.2822003233455282,0.6450543693352696,False
motif_293,Methanobacteriota,Archaea,2,35,277,0.0571,0.0484,1.1808,1.1932,0.5108016820174356,0.7589550530769843,False
motif_293,Nematoda,Animalia,2,35,234,0.0571,0.0409,1.3978,1.4255,0.4222445215863197,0.70186701927915,False
motif_293,Streptophyta,Plantae,5,35,1144,0.1429,0.1999,0.7148,0.6658,0.8568469918218143,0.9490486956123482,False
motif_293,Thermoproteota,Archaea,2,35,306,0.0571,0.0535,1.0689,1.0736,0.5656129815739838,0.7938134862496702,False
motif_294,Arthropoda,Animalia,2,22,744,0.0909,0.13,0.6994,0.6685,0.8002145041889885,0.9140320994619423,False
motif_294,Bacillota,Bacteria,2,22,102,0.0909,0.0178,5.1016,5.602,0.057643260233948876,0.39505250076564963,False
motif_294,Chlorophyta,Plantae,3,22,303,0.1364,0.0529,2.5761,2.8432,0.10762400878048534,0.5125399382622401,False
motif_294,Methanobacteriota,Archaea,2,22,277,0.0909,0.0484,1.8786,1.9735,0.2885414409102893,0.6450543693352696,False
motif_294,Streptophyta,Plantae,5,22,1144,0.2273,0.1999,1.1372,1.1783,0.45653676742028104,0.7156883735687211,False
motif_294,Thermoproteota,Archaea,2,22,306,0.0909,0.0535,1.7005,1.7757,0.33050642556661686,0.6499149092219259,False
motif_295,Arthropoda,Animalia,6,33,744,0.1818,0.13,1.3988,1.4914,0.25234049715112644,0.6450543693352696,False
motif_295,Heterolobosea,Protozoa,6,33,506,0.1818,0.0884,2.0568,2.3071,0.06601298833325805,0.4179962721280487,False
motif_295,Mollusca,Animalia,3,33,324,0.0909,0.0566,1.6061,1.6729,0.286342414813657,0.6450543693352696,False
motif_295,Streptophyta,Plantae,12,33,1144,0.3636,0.1999,1.8195,2.3014,0.02115667273190093,0.22985792463677407,False
motif_296,Arthropoda,Animalia,4,22,744,0.1818,0.13,1.3988,1.4901,0.318568014687943,0.6499149092219259,False
motif_296,Chlorophyta,Plantae,2,22,303,0.0909,0.0529,1.7174,1.7944,0.3261819889803099,0.6499149092219259,False
motif_296,Streptophyta,Plantae,5,22,1144,0.2273,0.1999,1.1372,1.1783,0.45653676742028104,0.7156883735687211,False
motif_296,Thermoproteota,Archaea,3,22,306,0.1364,0.0535,2.5508,2.8134,0.11005049694363574,0.5148757319233047,False
motif_297,Arthropoda,Animalia,5,23,744,0.2174,0.13,1.6725,1.8651,0.1701268807167784,0.5894206784771345,False
motif_297,Chlorophyta,Plantae,3,23,303,0.1304,0.0529,2.4641,2.7005,0.11916135568335219,0.5287532697949424,False
motif_297,Heterolobosea,Protozoa,3,23,506,0.1304,0.0884,1.4755,1.5501,0.3325109460013663,0.6499149092219259,False
motif_297,Mollusca,Animalia,2,23,324,0.087,0.0566,1.5362,1.5909,0.3771032084988226,0.6858983026913616,False
motif_297,Streptophyta,Plantae,4,23,1144,0.1739,0.1999,0.8702,0.8423,0.703397485931093,0.8661780894485426,False
motif_297,Thermoproteota,Archaea,2,23,306,0.087,0.0535,1.6266,1.6908,0.35038284491332666,0.6663232757687024,False
motif_298,Chlorophyta,Plantae,2,22,303,0.0909,0.0529,1.7174,1.7944,0.3261819889803099,0.6499149092219259,False
motif_298,Mollusca,Animalia,3,22,324,0.1364,0.0566,2.4091,2.6468,0.12506696226884179,0.5403057874914651,False
motif_298,Nematoda,Animalia,2,22,234,0.0909,0.0409,2.2238,2.3578,0.22634957175240436,0.6361082410969265,False
motif_298,Streptophyta,Plantae,7,22,1144,0.3182,0.1999,1.592,1.8736,0.1321516893153423,0.5460273322453314,False
motif_299,Arthropoda,Animalia,29,115,744,0.2522,0.13,1.9401,2.3081,0.00025351644261682315,0.006506922027165127,True
motif_299,Chlorophyta,Plantae,12,115,303,0.1043,0.0529,1.9712,2.1291,0.017934440461593582,0.20593142600198247,False
motif_299,Heterolobosea,Protozoa,2,115,506,0.0174,0.0884,0.1967,0.1793,0.9997357287357137,0.9999988974232555,False
motif_299,Mollusca,Animalia,13,115,324,0.113,0.0566,1.9971,2.1712,0.01258343576974099,0.15991958662709665,False
motif_299,Mucoromycota,Fungi,5,115,161,0.0435,0.0281,1.5458,1.5889,0.22212014099688043,0.6361082410969265,False
motif_299,Nematoda,Animalia,11,115,234,0.0957,0.0409,2.3398,2.5546,0.007033846764613417,0.10230339349865515,False
motif_299,Streptophyta,Plantae,28,115,1144,0.2435,0.1999,1.2182,1.2957,0.144137074229349,0.5598677453003497,False
motif_299,Thermoproteota,Archaea,7,115,306,0.0609,0.0535,1.1386,1.1511,0.41819716575568305,0.70186701927915,False
motif_3,Chlorophyta,Plantae,3,24,303,0.125,0.0529,2.3614,2.5714,0.13113255408893557,0.5460273322453314,False
motif_3,Heterolobosea,Protozoa,4,24,506,0.1667,0.0884,1.8854,2.0709,0.1569799353557692,0.5772099308446683,False
motif_3,Mollusca,Animalia,2,24,324,0.0833,0.0566,1.4722,1.5184,0.3976013159339422,0.69487332784717,False
motif_3,Streptophyta,Plantae,10,24,1144,0.4167,0.1999,2.0848,2.876,0.012390577006020637,0.15901240491059818,False
motif_30,Heterolobosea,Protozoa,3,21,506,0.1429,0.0884,1.616,1.723,0.28236337935490663,0.6450543693352696,False
motif_30,Streptophyta,Plantae,6,21,1144,0.2857,0.1999,1.4296,1.6046,0.22987025198201305,0.6361082410969265,False
motif_31,Arthropoda,Animalia,5,25,744,0.2,0.13,1.5387,1.6779,0.217811631986906,0.6361082410969265,False
motif_31,Chlorophyta,Plantae,3,25,303,0.12,0.0529,2.2669,2.4541,0.143504701723414,0.5590704004641337,False
motif_31,Heterolobosea,Protozoa,9,25,506,0.36,0.0884,4.0724,5.8876,0.00017258463617536736,0.004911158451164258,True
motif_31,Mucoromycota,Fungi,2,25,161,0.08,0.0281,2.8442,3.0298,0.15514260998929222,0.5753021996486786,False
motif_32,Arthropoda,Animalia,2,22,744,0.0909,0.13,0.6994,0.6685,0.8002145041889885,0.9140320994619423,False
motif_32,Heterolobosea,Protozoa,2,22,506,0.0909,0.0884,1.0284,1.0313,0.5914918703519233,0.7998583246804417,False
motif_32,Streptophyta,Plantae,3,22,1144,0.1364,0.1999,0.6823,0.6312,0.8456487099492742,0.9436949371897697,False
motif_33,Arthropoda,Animalia,5,21,744,0.2381,0.13,1.8318,2.0991,0.12717983135249852,0.5440470563412437,False
motif_33,Heterolobosea,Protozoa,2,21,506,0.0952,0.0884,1.0774,1.0858,0.5656653421304588,0.7938134862496702,False
motif_33,Methanobacteriota,Archaea,2,21,277,0.0952,0.0484,1.968,2.0777,0.2702711503723978,0.6450543693352696,False
motif_33,Streptophyta,Plantae,2,21,1144,0.0952,0.1999,0.4765,0.4204,0.9425022936960905,0.9861994424046222,False
motif_33,Thermoproteota,Archaea,3,21,306,0.1429,0.0535,2.6723,2.9703,0.09876581420754213,0.49916776369757787,False
motif_34,Heterolobosea,Protozoa,2,17,506,0.1176,0.0884,1.3309,1.3765,0.4510818328649032,0.7156883735687211,False
motif_34,Streptophyta,Plantae,6,17,1144,0.3529,0.1999,1.7659,2.19,0.10509482748679563,0.5125399382622401,False
motif_35,Arthropoda,Animalia,3,79,744,0.038,0.13,0.2922,0.2612,0.9987084964115572,0.9999988974232555,False
motif_35,Chlorophyta,Plantae,5,79,303,0.0633,0.0529,1.1956,1.2124,0.40775236336289566,0.6999677456115959,False
motif_35,Heterolobosea,Protozoa,16,79,506,0.2025,0.0884,2.2911,2.6718,0.0012382548815592365,0.025728184761286358,True
motif_35,Methanobacteriota,Archaea,2,79,277,0.0253,0.0484,0.5231,0.5072,0.9019004815442683,0.9674585298533509,False
motif_35,Mollusca,Animalia,3,79,324,0.038,0.0566,0.6709,0.6547,0.833281694287038,0.9378897143781021,False
motif_35,Mucoromycota,Fungi,5,79,161,0.0633,0.0281,2.2502,2.3774,0.07074150411700375,0.42743289263903944,False
motif_35,Nematoda,Animalia,2,79,234,0.0253,0.0409,0.6193,0.606,0.8404521743894298,0.9419108700991127,False
motif_35,Streptophyta,Plantae,12,79,1144,0.1519,0.1999,0.76,0.714,0.890953024016086,0.9646464089636532,False
motif_36,Arthropoda,Animalia,6,30,744,0.2,0.13,1.5387,1.6789,0.18654661347589993,0.6166401945453359,False
motif_36,Chlorophyta,Plantae,2,30,303,0.0667,0.0529,1.2594,1.2798,0.47685649769185956,0.7360909852342502,False
motif_36,Heterolobosea,Protozoa,3,30,506,0.1,0.0884,1.1312,1.1467,0.5024105456897237,0.7521980950242781,False
motif_36,Nematoda,Animalia,3,30,234,0.1,0.0409,2.4462,2.6277,0.12217856804961813,0.5348887811938131,False
motif_36,Streptophyta,Plantae,8,30,1144,0.2667,0.1999,1.3343,1.459,0.2381251058406931,0.6440201726146018,False
motif_37,Arthropoda,Animalia,4,17,744,0.2353,0.13,1.8102,2.0653,0.17065732402049963,0.5894206784771345,False
motif_37,Heterolobosea,Protozoa,3,17,506,0.1765,0.0884,1.9963,2.217,0.18548087841738128,0.6162296189044469,False
motif_37,Mollusca,Animalia,2,17,324,0.1176,0.0566,2.0784,2.2298,0.24979056158694565,0.6450543693352696,False
motif_37,Streptophyta,Plantae,3,17,1144,0.1765,0.1999,0.883,0.8575,0.690252147224554,0.8613346622659115,False
motif_38,Arthropoda,Animalia,4,26,744,0.1538,0.13,1.1836,1.2182,0.44294642424917624,0.7156883735687211,False
motif_38,Chlorophyta,Plantae,3,26,303,0.1154,0.0529,2.1797,2.347,0.15624477532109882,0.5772099308446683,False
motif_38,Heterolobosea,Protozoa,2,26,506,0.0769,0.0884,0.8702,0.8588,0.6832540247596282,0.8583296721788419,False
motif_38,Methanobacteriota,Archaea,4,26,277,0.1538,0.0484,3.1791,3.6131,0.03461272592970946,0.3040809277985885,False
motif_38,Mollusca,Animalia,2,26,324,0.0769,0.0566,1.359,1.3913,0.43761647068924386,0.7156883735687211,False
motif_38,Nematoda,Animalia,2,26,234,0.0769,0.0409,1.8817,1.9634,0.2878184833821089,0.6450543693352696,False
motif_39,Arthropoda,Animalia,2,28,744,0.0714,0.13,0.5495,0.5136,0.895520424358506,0.9674585298533509,False
motif_39,Nematoda,Animalia,2,28,234,0.0714,0.0409,1.7473,1.8117,0.31844284003956475,0.6499149092219259,False
motif_39,Streptophyta,Plantae,8,28,1144,0.2857,0.1999,1.4296,1.6056,0.18074216963081777,0.6058203861140763,False
motif_4,Chlorophyta,Plantae,2,21,303,0.0952,0.0529,1.7992,1.8891,0.3063130816894168,0.6499149092219259,False
motif_4,Mollusca,Animalia,4,21,324,0.1905,0.0566,3.3651,3.9581,0.02805899474121915,0.26423902241910696,False
motif_4,Streptophyta,Plantae,3,21,1144,0.1429,0.1999,0.7148,0.6664,0.8213981524752851,0.9269053289570244,False
motif_4,Thermoproteota,Archaea,2,21,306,0.0952,0.0535,1.7815,1.8695,0.3104649775099824,0.6499149092219259,False
motif_40,Arthropoda,Animalia,3,22,744,0.1364,0.13,1.0491,1.0571,0.5590428625900897,0.7919773886692938,False
motif_40,Methanobacteriota,Archaea,2,22,277,0.0909,0.0484,1.8786,1.9735,0.2885414409102893,0.6450543693352696,False
motif_40,Mucoromycota,Fungi,2,22,161,0.0909,0.0281,3.2321,3.4862,0.12600361032670132,0.5425615984133291,False
motif_40,Streptophyta,Plantae,6,22,1144,0.2727,0.1999,1.3646,1.504,0.26651471298201446,0.6450543693352696,False
motif_40,Thermoproteota,Archaea,3,22,306,0.1364,0.0535,2.5508,2.8134,0.11005049694363574,0.5148757319233047,False
motif_41,Arthropoda,Animalia,3,16,744,0.1875,0.13,1.4425,1.5469,0.34598737776522615,0.663100259875082,False
motif_41,Heterolobosea,Protozoa,2,16,506,0.125,0.0884,1.414,1.4751,0.41983466175342965,0.70186701927915,False
motif_41,Streptophyta,Plantae,2,16,1144,0.125,0.1999,0.6254,0.5712,0.8593365639835128,0.9490486956123482,False
motif_42,Arthropoda,Animalia,3,20,744,0.15,0.13,1.154,1.1819,0.4921512484064078,0.74878240924277,False
motif_42,Chlorophyta,Plantae,2,20,303,0.1,0.0529,1.8891,1.9945,0.2863359341990757,0.6450543693352696,False
motif_42,Heterolobosea,Protozoa,4,20,506,0.2,0.0884,2.2625,2.5906,0.09404360259650496,0.4902605686947032,False
motif_42,Streptophyta,Plantae,7,20,1144,0.35,0.1999,1.7512,2.1628,0.08605870337853484,0.47124077188884544,False
motif_43,Arthropoda,Animalia,2,17,744,0.1176,0.13,0.9051,0.8922,0.6685352656246046,0.847977386339736,False
motif_43,Heterolobosea,Protozoa,2,17,506,0.1176,0.0884,1.3309,1.3765,0.4510818328649032,0.7156883735687211,False
motif_43,Streptophyta,Plantae,4,17,1144,0.2353,0.1999,1.1773,1.2327,0.45061096844236465,0.7156883735687211,False
motif_44,Arthropoda,Animalia,69,115,744,0.6,0.13,4.6161,10.9644,4.0298507562659395e-33,2.6375373199760574e-30,True
motif_44,Bacillota,Bacteria,3,115,102,0.0261,0.0178,1.4639,1.4908,0.33684781565312194,0.6522689211389595,False
motif_44,Chlorophyta,Plantae,6,115,303,0.0522,0.0529,0.9856,0.9845,0.5746777658655227,0.7998583246804417,False
motif_44,Heterolobosea,Protozoa,14,115,506,0.1217,0.0884,1.3771,1.4416,0.13551024315073484,0.5483560226728275,False
motif_44,Methanobacteriota,Archaea,2,115,277,0.0174,0.0484,0.3594,0.3433,0.9781007400816809,0.9999988974232555,False
motif_44,Nematoda,Animalia,4,115,234,0.0348,0.0409,0.8508,0.8428,0.6987924228752365,0.8661780894485426,False
motif_44,Streptophyta,Plantae,6,115,1144,0.0522,0.1999,0.2611,0.2163,0.9999988974232554,0.9999988974232555,False
motif_45,Arthropoda,Animalia,2,11,744,0.1818,0.13,1.3988,1.4888,0.42864755801976995,0.710252725883391,False
motif_45,Heterolobosea,Protozoa,2,11,506,0.1818,0.0884,2.0568,2.2967,0.2532937968530712,0.6450543693352696,False
motif_45,Methanobacteriota,Archaea,2,11,277,0.1818,0.0484,3.7571,4.3943,0.09621714067089532,0.4939146554439293,False
motif_45,Mucoromycota,Fungi,2,11,161,0.1818,0.0281,6.4641,7.7624,0.036606916451559786,0.31525298444139316,False
motif_46,Arthropoda,Animalia,10,67,744,0.1493,0.13,1.1483,1.1767,0.37093459013791685,0.6790956342524939,False
motif_46,Chlorophyta,Plantae,6,67,303,0.0896,0.0529,1.6917,1.7751,0.14200339029142328,0.5565342451840511,False
motif_46,Heterolobosea,Protozoa,5,67,506,0.0746,0.0884,0.8442,0.83,0.7182288366022654,0.8803010740752486,False
motif_46,Methanobacteriota,Archaea,2,67,277,0.0299,0.0484,0.6168,0.6022,0.8428439398534855,0.9436949371897697,False
motif_46,Mollusca,Animalia,2,67,324,0.0299,0.0566,0.5274,0.5098,0.9001503496967722,0.9674585298533509,False
motif_46,Mucoromycota,Fungi,4,67,161,0.0597,0.0281,2.1226,2.2242,0.11879775362018778,0.5287532697949424,False
motif_46,Nematoda,Animalia,3,67,234,0.0448,0.0409,1.0953,1.1011,0.5206393891957808,0.7692065016447822,False
motif_46,Streptophyta,Plantae,7,67,1144,0.1045,0.1999,0.5228,0.4638,0.9881770707284128,0.9999988974232555,False
motif_46,Thermoproteota,Archaea,4,67,306,0.0597,0.0535,1.1168,1.1258,0.4849862858683796,0.7425111674873789,False
motif_47,Arthropoda,Animalia,11,39,744,0.2821,0.13,2.17,2.6541,0.008867534888841526,0.12252792507674058,False
motif_47,Heterolobosea,Protozoa,7,39,506,0.1795,0.0884,2.0304,2.2734,0.05199763498276783,0.38101343232741164,False
motif_47,Methanobacteriota,Archaea,2,39,277,0.0513,0.0484,1.0597,1.0634,0.5697710971578194,0.796827314294429,False
motif_47,Mucoromycota,Fungi,2,39,161,0.0513,0.0281,1.8232,1.8786,0.30043138469106134,0.6499149092219259,False
motif_47,Streptophyta,Plantae,3,39,1144,0.0769,0.1999,0.3849,0.3319,0.990643109590322,0.9999988974232555,False
motif_48,Arthropoda,Animalia,4,20,744,0.2,0.13,1.5387,1.677,0.25700630582876693,0.6450543693352696,False
motif_48,Chlorophyta,Plantae,2,20,303,0.1,0.0529,1.8891,1.9945,0.2863359341990757,0.6450543693352696,False
motif_48,Heterolobosea,Protozoa,2,20,506,0.1,0.0884,1.1312,1.1464,0.5386842028185014,0.7763287727147306,False
motif_48,Streptophyta,Plantae,6,20,1144,0.3,0.1999,1.501,1.7196,0.19499064235046726,0.6216400789459591,False
motif_49,Heterolobosea,Protozoa,3,21,506,0.1429,0.0884,1.616,1.723,0.28236337935490663,0.6450543693352696,False
motif_49,Mollusca,Animalia,3,21,324,0.1429,0.0566,2.5238,2.7944,0.11248661766910528,0.5184682483410522,False
motif_49,Streptophyta,Plantae,4,21,1144,0.1905,0.1999,0.953,0.9418,0.6293977391909774,0.8229884709073723,False
motif_5,Heterolobosea,Protozoa,2,21,506,0.0952,0.0884,1.0774,1.0858,0.5656653421304588,0.7938134862496702,False
motif_5,Methanobacteriota,Archaea,2,21,277,0.0952,0.0484,1.968,2.0777,0.2702711503723978,0.6450543693352696,False
motif_5,Mucoromycota,Fungi,3,21,161,0.1429,0.0281,5.079,5.8492,0.02002371550652212,0.2221274881189615,False
motif_5,Streptophyta,Plantae,5,21,1144,0.2381,0.1999,1.1913,1.2522,0.4133499368661296,0.6999677456115959,False
motif_5,Thermoproteota,Archaea,2,21,306,0.0952,0.0535,1.7815,1.8695,0.3104649775099824,0.6499149092219259,False
motif_50,Arthropoda,Animalia,3,22,744,0.1364,0.13,1.0491,1.0571,0.5590428625900897,0.7919773886692938,False
motif_50,Heterolobosea,Protozoa,2,22,506,0.0909,0.0884,1.0284,1.0313,0.5914918703519233,0.7998583246804417,False
motif_50,Streptophyta,Plantae,5,22,1144,0.2273,0.1999,1.1372,1.1783,0.45653676742028104,0.7156883735687211,False
motif_51,Arthropoda,Animalia,5,33,744,0.1515,0.13,1.1657,1.1966,0.4313287571081059,0.7107446985582112,False
motif_51,Methanobacteriota,Archaea,2,33,277,0.0606,0.0484,1.2524,1.2706,0.47939999793930466,0.7378069110553719,False
motif_51,Nematoda,Animalia,2,33,234,0.0606,0.0409,1.4825,1.5181,0.3933090977397939,0.6947929945227937,False
motif_51,Streptophyta,Plantae,6,33,1144,0.1818,0.1999,0.9097,0.8891,0.6708809875381879,0.8501289571030861,False
motif_52,Arthropoda,Animalia,5,29,744,0.1724,0.13,1.3265,1.3972,0.3224619236027619,0.6499149092219259,False
motif_52,Chlorophyta,Plantae,3,29,303,0.1034,0.0529,1.9543,2.075,0.19634509336732006,0.6216400789459591,False
motif_52,Heterolobosea,Protozoa,2,29,506,0.069,0.0884,0.7802,0.7629,0.7404441621481298,0.8871697261973844,False
motif_52,Methanobacteriota,Archaea,2,29,277,0.069,0.0484,1.4251,1.4599,0.4130912278327013,0.6999677456115959,False
motif_52,Streptophyta,Plantae,3,29,1144,0.1034,0.1999,0.5176,0.4605,0.948199900169248,0.9905775493388234,False
motif_52,Thermoproteota,Archaea,2,29,306,0.069,0.0535,1.2901,1.3136,0.46426660192131014,0.7217636364786163,False
motif_53,Arthropoda,Animalia,4,32,744,0.125,0.13,0.9617,0.956,0.6128090731005226,0.8150273444150546,False
motif_53,Heterolobosea,Protozoa,5,32,506,0.1562,0.0884,1.7675,1.9188,0.14744565785034816,0.5660010736835945,False
motif_53,Mucoromycota,Fungi,3,32,161,0.0938,0.0281,3.3331,3.6233,0.05974943559201462,0.4031546968553976,False
motif_53,Streptophyta,Plantae,2,32,1144,0.0625,0.1999,0.3127,0.2656,0.9929466389909553,0.9999988974232555,False
motif_54,Arthropoda,Animalia,2,18,744,0.1111,0.13,0.8548,0.8363,0.6995259702332584,0.8661780894485426,False
motif_54,Chlorophyta,Plantae,2,18,303,0.1111,0.0529,2.099,2.2446,0.24626206894670014,0.6450543693352696,False
motif_54,Heterolobosea,Protozoa,3,18,506,0.1667,0.0884,1.8854,2.0688,0.20893678888549963,0.6361082410969265,False
motif_54,Nematoda,Animalia,2,18,234,0.1111,0.0409,2.7179,2.9494,0.16615120688745463,0.5815292241060912,False
motif_54,Streptophyta,Plantae,4,18,1144,0.2222,0.1999,1.1119,1.1444,0.49852240790100777,0.7498938873875983,False
motif_55,Arthropoda,Animalia,2,20,744,0.1,0.13,0.7694,0.743,0.7542860979151301,0.891119586796846,False
motif_55,Chlorophyta,Plantae,2,20,303,0.1,0.0529,1.8891,1.9945,0.2863359341990757,0.6450543693352696,False
motif_55,Mollusca,Animalia,2,20,324,0.1,0.0566,1.7667,1.8571,0.3140791050683435,0.6499149092219259,False
motif_55,Mucoromycota,Fungi,2,20,161,0.1,0.0281,3.5553,3.8749,0.10741482320095593,0.5125399382622401,False
motif_55,Streptophyta,Plantae,2,20,1144,0.1,0.1999,0.5003,0.4439,0.9309685659607757,0.9800787783102551,False
motif_55,Thermoproteota,Archaea,2,20,306,0.1,0.0535,1.8706,1.9737,0.2903031524335593,0.6450543693352696,False
motif_56,Arthropoda,Animalia,3,18,744,0.1667,0.13,1.2823,1.3401,0.42060962875537516,0.70186701927915,False
motif_56,Chlorophyta,Plantae,2,18,303,0.1111,0.0529,2.099,2.2446,0.24626206894670014,0.6450543693352696,False
motif_56,Streptophyta,Plantae,6,18,1144,0.3333,0.1999,1.6678,2.007,0.13223121796926665,0.5460273322453314,False
motif_57,Chlorophyta,Plantae,3,19,303,0.1579,0.0529,2.9828,3.3781,0.07593653115799696,0.43982707648592045,False
motif_57,Heterolobosea,Protozoa,8,19,506,0.4211,0.0884,4.7631,7.6042,0.00011086756184986831,0.0033750148479413404,True
motif_57,Streptophyta,Plantae,3,19,1144,0.1579,0.1999,0.79,0.75,0.7631109602316917,0.892380276411604,False
motif_58,Arthropoda,Animalia,15,28,744,0.5357,0.13,4.1215,7.8617,3.2337365654174633e-07,2.351645091184144e-05,True
motif_58,Streptophyta,Plantae,7,28,1144,0.25,0.1999,1.2509,1.3366,0.3206138434332344,0.6499149092219259,False
motif_59,Arthropoda,Animalia,3,23,744,0.1304,0.13,1.0035,1.004,0.5904264750184283,0.7998583246804417,False
motif_59,Chlorophyta,Plantae,2,23,303,0.087,0.0529,1.6427,1.7086,0.3458982397704963,0.663100259875082,False
motif_59,Heterolobosea,Protozoa,4,23,506,0.1739,0.0884,1.9673,2.1803,0.1399941526788289,0.5536324648235258,False
motif_59,Streptophyta,Plantae,3,23,1144,0.1304,0.1999,0.6526,0.5995,0.8669863935520015,0.9536850329072017,False
motif_6,Arthropoda,Animalia,5,25,744,0.2,0.13,1.5387,1.6779,0.217811631986906,0.6361082410969265,False
motif_6,Heterolobosea,Protozoa,6,25,506,0.24,0.0884,2.7149,3.2836,0.01916265864644768,0.21624069110517252,False
motif_60,Arthropoda,Animalia,5,22,744,0.2273,0.13,1.7485,1.9752,0.14798934763764476,0.5664270644961316,False
motif_60,Chlorophyta,Plantae,2,22,303,0.0909,0.0529,1.7174,1.7944,0.3261819889803099,0.6499149092219259,False
motif_60,Heterolobosea,Protozoa,3,22,506,0.1364,0.0884,1.5426,1.632,0.30740005991581815,0.6499149092219259,False
motif_60,Nematoda,Animalia,2,22,234,0.0909,0.0409,2.2238,2.3578,0.22634957175240436,0.6361082410969265,False
motif_60,Streptophyta,Plantae,3,22,1144,0.1364,0.1999,0.6823,0.6312,0.8456487099492742,0.9436949371897697,False
motif_60,Thermoproteota,Archaea,2,22,306,0.0909,0.0535,1.7005,1.7757,0.33050642556661686,0.6499149092219259,False
motif_61,Arthropoda,Animalia,42,266,744,0.1579,0.13,1.2148,1.2703,0.10009052059742458,0.49983656669712606,False
motif_61,Chlorophyta,Plantae,19,266,303,0.0714,0.0529,1.3494,1.4014,0.11051800188049536,0.5148757319233047,False
motif_61,Heterolobosea,Protozoa,9,266,506,0.0338,0.0884,0.3827,0.3496,0.9999034536336986,0.9999988974232555,False
motif_61,Methanobacteriota,Archaea,20,266,277,0.0752,0.0484,1.5537,1.6453,0.03204075308956115,0.2963425098175413,False
motif_61,Mollusca,Animalia,30,266,324,0.1128,0.0566,1.9925,2.2328,0.00019386695057547551,0.0052324877422621485,True
motif_61,Mucoromycota,Fungi,7,266,161,0.0263,0.0281,0.9356,0.9309,0.6270872984697382,0.8229884709073723,False
motif_61,Nematoda,Animalia,27,266,234,0.1015,0.0409,2.4829,2.8657,8.906060969364793e-06,0.00046632135235594055,True
motif_61,Streptophyta,Plantae,53,266,1144,0.1992,0.1999,0.9969,0.996,0.5358110322356542,0.7763287727147306,False
motif_61,Thermoproteota,Archaea,12,266,306,0.0451,0.0535,0.8439,0.8298,0.7713396015916085,0.8967825161072039,False
motif_62,Arthropoda,Animalia,8,134,744,0.0597,0.13,0.4593,0.4187,0.9976121028716449,0.9999988974232555,False
motif_62,Chlorophyta,Plantae,42,134,303,0.3134,0.0529,5.9211,9.3211,2.3909632729787046e-22,1.0432569747763747e-19,True
motif_62,Mollusca,Animalia,3,134,324,0.0224,0.0566,0.3955,0.3759,0.9841596398082486,0.9999988974232555,False
motif_62,Mucoromycota,Fungi,5,134,161,0.0373,0.0281,1.3266,1.3501,0.32487090160316495,0.6499149092219259,False
motif_62,Streptophyta,Plantae,69,134,1144,0.5149,0.1999,2.5764,4.4585,1.938788083035671e-16,3.1723420008671164e-14,True
motif_63,Arthropoda,Animalia,8,54,744,0.1481,0.13,1.1398,1.1659,0.4039748861280933,0.6985510250220266,False
motif_63,Chlorophyta,Plantae,2,54,303,0.037,0.0529,0.6997,0.686,0.7883356495100373,0.9116001459440273,False
motif_63,Heterolobosea,Protozoa,3,54,506,0.0556,0.0884,0.6285,0.6043,0.8682491621420578,0.9542721689705741,False
motif_63,Mollusca,Animalia,4,54,324,0.0741,0.0566,1.3086,1.3375,0.3657585024272699,0.6790956342524939,False
motif_63,Mucoromycota,Fungi,2,54,161,0.037,0.0281,1.3168,1.3331,0.4517150958591324,0.7156883735687211,False
motif_63,Nematoda,Animalia,4,54,234,0.0741,0.0409,1.812,1.8922,0.17801772944122876,0.6036922482864467,False
motif_63,Streptophyta,Plantae,4,54,1144,0.0741,0.1999,0.3706,0.3179,0.9972019803227062,0.9999988974232555,False
motif_63,Thermoproteota,Archaea,18,54,306,0.3333,0.0535,6.2353,9.3438,1.3023806749031328e-10,1.4206802528735006e-08,True
motif_64,Arthropoda,Animalia,4,22,744,0.1818,0.13,1.3988,1.4901,0.318568014687943,0.6499149092219259,False
motif_64,Heterolobosea,Protozoa,4,22,506,0.1818,0.0884,2.0568,2.3019,0.12379773580246703,0.5383761998851473,False
motif_64,Nematoda,Animalia,2,22,234,0.0909,0.0409,2.2238,2.3578,0.22634957175240436,0.6361082410969265,False
motif_64,Streptophyta,Plantae,5,22,1144,0.2273,0.1999,1.1372,1.1783,0.45653676742028104,0.7156883735687211,False
motif_65,Arthropoda,Animalia,5,64,744,0.0781,0.13,0.6011,0.5643,0.9321604881560487,0.9800787783102551,False
motif_65,Ascomycota,Fungi,3,64,9,0.0469,0.0016,29.8125,46.3443,0.00010676270291213105,0.0033274375740947513,True
motif_65,Bacillota,Bacteria,13,64,102,0.2031,0.0178,11.3989,15.9557,5.1999509523796344e-11,6.187941633331765e-09,True
motif_65,Basidiomycota,Fungi,5,64,31,0.0781,0.0054,14.4254,18.3638,2.025380078186405e-05,0.0009142146628779324,True
motif_65,Chlorophyta,Plantae,2,64,303,0.0312,0.0529,0.5903,0.5743,0.8605997536257323,0.9490522978063045,False
motif_65,Heterolobosea,Protozoa,3,64,506,0.0469,0.0884,0.5303,0.5042,0.9310623324286784,0.9800787783102551,False
motif_65,Mollusca,Animalia,2,64,324,0.0312,0.0566,0.5521,0.5348,0.8851660337527485,0.961321556385937,False
motif_65,Mucoromycota,Fungi,4,64,161,0.0625,0.0281,2.222,2.3367,0.10484913925621255,0.5125399382622401,False
motif_65,Streptophyta,Plantae,2,64,1144,0.0312,0.1999,0.1564,0.1276,0.9999900036216719,0.9999988974232555,False
motif_65,Thermoproteota,Archaea,3,64,306,0.0469,0.0535,0.8768,0.8695,0.6733356284609704,0.8515906644013626,False
motif_66,Arthropoda,Animalia,19,149,744,0.1275,0.13,0.9811,0.9777,0.5737577600301846,0.7998583246804417,False
motif_66,Chlorophyta,Plantae,13,149,303,0.0872,0.0529,1.6482,1.742,0.051134483467039325,0.38101343232741164,False
motif_66,Heterolobosea,Protozoa,2,149,506,0.0134,0.0884,0.1518,0.1369,0.9999865466362354,0.9999988974232555,False
motif_66,Methanobacteriota,Archaea,6,149,277,0.0403,0.0484,0.8321,0.8212,0.7354204498228788,0.8864810802819497,False
motif_66,Mollusca,Animalia,22,149,324,0.1477,0.0566,2.6085,3.0246,2.7485105588504674e-05,0.0011243126004797693,True
motif_66,Mucoromycota,Fungi,5,149,161,0.0336,0.0281,1.193,1.2062,0.4093503873994135,0.6999677456115959,False
motif_66,Nematoda,Animalia,15,149,234,0.1007,0.0409,2.4626,2.7377,0.0010412114999730445,0.022343374646962545,True
motif_66,Streptophyta,Plantae,44,149,1144,0.2953,0.1999,1.4775,1.7048,0.003124211252407428,0.056021815471251006,False
motif_66,Thermoproteota,Archaea,9,149,306,0.0604,0.0535,1.1299,1.1424,0.4022794604130724,0.6985510250220266,False
motif_67,Arthropoda,Animalia,7,101,744,0.0693,0.13,0.5332,0.4937,0.9830029537099021,0.9999988974232555,False
motif_67,Chlorophyta,Plantae,6,101,303,0.0594,0.0529,1.1222,1.1326,0.4466732325515978,0.7156883735687211,False
motif_67,Heterolobosea,Protozoa,5,101,506,0.0495,0.0884,0.56,0.5325,0.9516288885427916,0.9931582761439368,False
motif_67,Methanobacteriota,Archaea,8,101,277,0.0792,0.0484,1.6368,1.7121,0.11473760925944948,0.5251452116105573,False
motif_67,Mollusca,Animalia,3,101,324,0.0297,0.0566,0.5248,0.5056,0.9315204607285639,0.9800787783102551,False
motif_67,Nematoda,Animalia,8,101,234,0.0792,0.0409,1.9375,2.0542,0.05365691735323023,0.3880491978750186,False
motif_67,Streptophyta,Plantae,18,101,1144,0.1782,0.1999,0.8917,0.8661,0.7455707251615955,0.8871697261973844,False
motif_67,Thermoproteota,Archaea,4,101,306,0.0396,0.0535,0.7408,0.7266,0.7969051480466565,0.9140320994619423,False
motif_68,Arthropoda,Animalia,35,52,744,0.6731,0.13,5.1783,14.4118,1.1621828950948523e-19,3.042594819358323e-17,True
motif_68,Methanobacteriota,Archaea,6,52,277,0.1154,0.0484,2.3843,2.5996,0.038244377034452014,0.32297993250385604,False
motif_68,Streptophyta,Plantae,5,52,1144,0.0962,0.1999,0.4811,0.4234,0.9865338013406554,0.9999988974232555,False
motif_69,Arthropoda,Animalia,8,28,744,0.2857,0.13,2.1982,2.6957,0.022457826448491477,0.23183445738379987,False
motif_69,Chlorophyta,Plantae,5,28,303,0.1786,0.0529,3.3734,3.9378,0.014463772675474221,0.17530628177959034,False
motif_69,Heterolobosea,Protozoa,2,28,506,0.0714,0.0884,0.808,0.7924,0.7224341920310092,0.8821514527692081,False
motif_69,Nematoda,Animalia,2,28,234,0.0714,0.0409,1.7473,1.8117,0.31844284003956475,0.6499149092219259,False
motif_69,Streptophyta,Plantae,2,28,1144,0.0714,0.1999,0.3574,0.3067,0.9846375783457362,0.9999988974232555,False
motif_7,Arthropoda,Animalia,2,26,744,0.0769,0.13,0.5918,0.5566,0.8697967968349612,0.9543705004668603,False
motif_7,Heterolobosea,Protozoa,3,26,506,0.1154,0.0884,1.3053,1.3471,0.4072458054773499,0.6999677456115959,False
motif_7,Methanobacteriota,Archaea,2,26,277,0.0769,0.0484,1.5896,1.6433,0.36073464886782375,0.6736114912524698,False
motif_7,Mollusca,Animalia,2,26,324,0.0769,0.0566,1.359,1.3913,0.43761647068924386,0.7156883735687211,False
motif_7,Streptophyta,Plantae,6,26,1144,0.2308,0.1999,1.1547,1.2021,0.4217995687916171,0.70186701927915,False
motif_70,Chlorophyta,Plantae,3,25,303,0.12,0.0529,2.2669,2.4541,0.143504701723414,0.5590704004641337,False
motif_70,Heterolobosea,Protozoa,3,25,506,0.12,0.0884,1.3575,1.4086,0.3825282855214872,0.6858983026913616,False
motif_70,Nematoda,Animalia,2,25,234,0.08,0.0409,1.9569,2.0491,0.2724408863331895,0.6450543693352696,False
motif_70,Streptophyta,Plantae,7,25,1144,0.28,0.1999,1.401,1.5603,0.2190140335480274,0.6361082410969265,False
motif_71,Arthropoda,Animalia,5,21,744,0.2381,0.13,1.8318,2.0991,0.12717983135249852,0.5440470563412437,False
motif_71,Heterolobosea,Protozoa,3,21,506,0.1429,0.0884,1.616,1.723,0.28236337935490663,0.6450543693352696,False
motif_71,Streptophyta,Plantae,5,21,1144,0.2381,0.1999,1.1913,1.2522,0.4133499368661296,0.6999677456115959,False
motif_72,Arthropoda,Animalia,3,13,744,0.2308,0.13,1.7754,2.0121,0.23352411761877298,0.6361082410969265,False
motif_72,Heterolobosea,Protozoa,2,13,506,0.1538,0.0884,1.7403,1.8784,0.32130968435411517,0.6499149092219259,False
motif_72,Mucoromycota,Fungi,2,13,161,0.1538,0.0281,5.4697,6.3488,0.05005037657980964,0.38101343232741164,False
motif_73,Arthropoda,Animalia,6,23,744,0.2609,0.13,2.007,2.3735,0.06829422855276311,0.4197049069275442,False
motif_73,Streptophyta,Plantae,7,23,1144,0.3043,0.1999,1.5228,1.7562,0.15896773998750524,0.5780243656767898,False
motif_74,Arthropoda,Animalia,2,12,744,0.1667,0.13,1.2823,1.3396,0.474878895815128,0.7356407983692338,False
motif_74,Streptophyta,Plantae,2,12,1144,0.1667,0.1999,0.8339,0.8004,0.7250230607631925,0.8822709588083677,False
motif_75,Arthropoda,Animalia,3,17,744,0.1765,0.13,1.3577,1.4361,0.3835581035676675,0.6858983026913616,False
motif_75,Heterolobosea,Protozoa,2,17,506,0.1176,0.0884,1.3309,1.3765,0.4510818328649032,0.7156883735687211,False
motif_75,Mollusca,Animalia,2,17,324,0.1176,0.0566,2.0784,2.2298,0.24979056158694565,0.6450543693352696,False
motif_75,Streptophyta,Plantae,3,17,1144,0.1765,0.1999,0.883,0.8575,0.690252147224554,0.8613346622659115,False
motif_76,Heterolobosea,Protozoa,4,27,506,0.1481,0.0884,1.6759,1.7998,0.21193777807367478,0.6361082410969265,False
motif_76,Methanobacteriota,Archaea,2,27,277,0.0741,0.0484,1.5307,1.5773,0.37840006751809413,0.6858983026913616,False
motif_76,Streptophyta,Plantae,7,27,1144,0.2593,0.1999,1.2972,1.4037,0.28564592498263003,0.6450543693352696,False
motif_77,Arthropoda,Animalia,5,20,744,0.25,0.13,1.9234,2.2395,0.10782616674483561,0.5125399382622401,False
motif_77,Streptophyta,Plantae,3,20,1144,0.15,0.1999,0.7505,0.7057,0.7939695220060983,0.9116720213210374,False
motif_77,Thermoproteota,Archaea,2,20,306,0.1,0.0535,1.8706,1.9737,0.2903031524335593,0.6450543693352696,False
motif_78,Arthropoda,Animalia,3,20,744,0.15,0.13,1.154,1.1819,0.4921512484064078,0.74878240924277,False
motif_78,Heterolobosea,Protozoa,3,20,506,0.15,0.0884,1.6968,1.8247,0.2575199764653583,0.6450543693352696,False
motif_78,Mollusca,Animalia,2,20,324,0.1,0.0566,1.7667,1.8571,0.3140791050683435,0.6499149092219259,False
motif_78,Streptophyta,Plantae,4,20,1144,0.2,0.1999,1.0007,1.0009,0.5882457768433875,0.7998583246804417,False
motif_79,Heterolobosea,Protozoa,3,16,506,0.1875,0.0884,2.121,2.388,0.16278404774840202,0.5815292241060912,False
motif_79,Methanobacteriota,Archaea,3,16,277,0.1875,0.0484,3.8745,4.5766,0.03931582071818178,0.3299000597442304,False
motif_79,Nematoda,Animalia,2,16,234,0.125,0.0409,3.0577,3.3719,0.13727096411608924,0.5495663243951102,False
motif_79,Streptophyta,Plantae,2,16,1144,0.125,0.1999,0.6254,0.5712,0.8593365639835128,0.9490486956123482,False
motif_79,Thermoproteota,Archaea,2,16,306,0.125,0.0535,2.3382,2.5395,0.20954905215881636,0.6361082410969265,False
motif_8,Arthropoda,Animalia,3,29,744,0.1034,0.13,0.7959,0.7714,0.7468762706413428,0.8871697261973844,False
motif_8,Heterolobosea,Protozoa,9,29,506,0.3103,0.0884,3.5107,4.7064,0.0006135915100299341,0.014873912715355254,True
motif_8,Streptophyta,Plantae,5,29,1144,0.1724,0.1999,0.8627,0.8333,0.716054167336208,0.87845820528875,False
motif_80,Arthropoda,Animalia,4,20,744,0.2,0.13,1.5387,1.677,0.25700630582876693,0.6450543693352696,False
motif_80,Heterolobosea,Protozoa,6,20,506,0.3,0.0884,3.3937,4.4606,0.006121799976983079,0.09552507601477205,False
motif_80,Mollusca,Animalia,3,20,324,0.15,0.0566,2.65,2.9593,0.1004255286794073,0.49983656669712606,False
motif_80,Streptophyta,Plantae,4,20,1144,0.2,0.1999,1.0007,1.0009,0.5882457768433875,0.7998583246804417,False
motif_81,Heterolobosea,Protozoa,2,12,506,0.1667,0.0884,1.8854,2.0667,0.287392914715525,0.6450543693352696,False
motif_81,Nematoda,Animalia,2,12,234,0.1667,0.0409,4.0769,4.7241,0.08387456662320782,0.461310116427643,False
motif_81,Thermoproteota,Archaea,2,12,306,0.1667,0.0535,3.1176,3.5579,0.13209749247708824,0.5460273322453314,False
motif_82,Chlorophyta,Plantae,10,98,303,0.102,0.0529,1.9277,2.0683,0.0335995488552428,0.3033228238035367,False
motif_82,Heterolobosea,Protozoa,11,98,506,0.1122,0.0884,1.2697,1.3106,0.24620993838208877,0.6450543693352696,False
motif_82,Methanobacteriota,Archaea,2,98,277,0.0204,0.0484,0.4217,0.4054,0.9549411306831395,0.9944454574894428,False
motif_82,Mollusca,Animalia,4,98,324,0.0408,0.0566,0.7211,0.7056,0.8141615369019884,0.9269053289570244,False
motif_82,Nematoda,Animalia,3,98,234,0.0306,0.0409,0.7488,0.7375,0.7714110871938209,0.8967825161072039,False
motif_82,Streptophyta,Plantae,28,98,1144,0.2857,0.1999,1.4296,1.6165,0.025323435412654322,0.2473759474266008,False
motif_82,Thermoproteota,Archaea,3,98,306,0.0306,0.0535,0.5726,0.5548,0.9024193009556467,0.9674585298533509,False
motif_83,Chlorophyta,Plantae,4,29,303,0.1379,0.0529,2.6057,2.8875,0.0644168379577465,0.4174373753321027,False
motif_83,Methanobacteriota,Archaea,3,29,277,0.1034,0.0484,2.1377,2.2828,0.1632297293492028,0.5815292241060912,False
motif_83,Nematoda,Animalia,2,29,234,0.069,0.0409,1.687,1.7443,0.33364615660590846,0.6499149092219259,False
motif_83,Streptophyta,Plantae,7,29,1144,0.2414,0.1999,1.2077,1.2755,0.35623473150505913,0.6663232757687024,False
motif_83,Thermoproteota,Archaea,4,29,306,0.1379,0.0535,2.5801,2.8572,0.06632515901682372,0.4179962721280487,False
motif_84,Arthropoda,Animalia,6,25,744,0.24,0.13,1.8465,2.1228,0.09600952558637928,0.4939146554439293,False
motif_84,Methanobacteriota,Archaea,3,25,277,0.12,0.0484,2.4797,2.6999,0.1178608154681538,0.5287532697949424,False
motif_84,Streptophyta,Plantae,6,25,1144,0.24,0.1999,1.2008,1.2657,0.3825382599645113,0.6858983026913616,False
motif_85,Arthropoda,Animalia,3,20,744,0.15,0.13,1.154,1.1819,0.4921512484064078,0.74878240924277,False
motif_85,Streptophyta,Plantae,3,20,1144,0.15,0.1999,0.7505,0.7057,0.7939695220060983,0.9116720213210374,False
motif_86,Arthropoda,Animalia,4,19,744,0.2105,0.13,1.6197,1.7892,0.22717027801198053,0.6361082410969265,False
motif_86,Heterolobosea,Protozoa,3,19,506,0.1579,0.0884,1.7861,1.9391,0.23299852038503024,0.6361082410969265,False
motif_86,Streptophyta,Plantae,4,19,1144,0.2105,0.1999,1.0534,1.0678,0.5445294809963108,0.7781540290656888,False
motif_86,Thermoproteota,Archaea,2,19,306,0.1053,0.0535,1.969,2.0902,0.27007113433650004,0.6450543693352696,False
motif_87,Arthropoda,Animalia,3,24,744,0.125,0.13,0.9617,0.956,0.6203313580867686,0.8160942188297289,False
motif_87,Heterolobosea,Protozoa,5,24,506,0.2083,0.0884,2.3567,2.7309,0.05506523929412772,0.3909190121275891,False
motif_87,Mollusca,Animalia,2,24,324,0.0833,0.0566,1.4722,1.5184,0.3976013159339422,0.69487332784717,False
motif_87,Streptophyta,Plantae,5,24,1144,0.2083,0.1999,1.0424,1.0538,0.5396937992134491,0.7763287727147306,False
motif_88,Arthropoda,Animalia,7,26,744,0.2692,0.13,2.0713,2.48,0.04336183497984641,0.35037433326307993,False
motif_88,Heterolobosea,Protozoa,2,26,506,0.0769,0.0884,0.8702,0.8588,0.6832540247596282,0.8583296721788419,False
motif_88,Streptophyta,Plantae,5,26,1144,0.1923,0.1999,0.9622,0.953,0.6164072352718901,0.8150273444150546,False
motif_88,Thermoproteota,Archaea,2,26,306,0.0769,0.0535,1.4389,1.4786,0.4086492747969142,0.6999677456115959,False
motif_89,Arthropoda,Animalia,2,17,744,0.1176,0.13,0.9051,0.8922,0.6685352656246046,0.847977386339736,False
motif_89,Bacillota,Bacteria,2,17,102,0.1176,0.0178,6.6021,7.476,0.03593555527947242,0.3115208070253603,False
motif_89,Mollusca,Animalia,2,17,324,0.1176,0.0566,2.0784,2.2298,0.24979056158694565,0.6450543693352696,False
motif_89,Streptophyta,Plantae,4,17,1144,0.2353,0.1999,1.1773,1.2327,0.45061096844236465,0.7156883735687211,False
motif_9,Heterolobosea,Protozoa,4,25,506,0.16,0.0884,1.81,1.9719,0.17468261171762084,0.5972886160968468,False
motif_9,Mollusca,Animalia,3,25,324,0.12,0.0566,2.12,2.2846,0.16551958585799212,0.5815292241060912,False
motif_9,Nematoda,Animalia,4,25,234,0.16,0.0409,3.9138,4.5292,0.01750610879810704,0.20292767639756368,False
motif_9,Streptophyta,Plantae,2,25,1144,0.08,0.1999,0.4003,0.347,0.9727465836482603,0.9999988974232555,False
motif_90,Methanobacteriota,Archaea,2,25,277,0.08,0.0484,1.6531,1.7151,0.3428873114110443,0.6590888261924478,False
motif_90,Mollusca,Animalia,2,25,324,0.08,0.0566,1.4133,1.4521,0.4177823359405467,0.70186701927915,False
motif_90,Streptophyta,Plantae,7,25,1144,0.28,0.1999,1.401,1.5603,0.2190140335480274,0.6361082410969265,False
motif_90,Thermoproteota,Archaea,3,25,306,0.12,0.0535,2.2447,2.4284,0.14658272347659582,0.5660010736835945,False
motif_91,Arthropoda,Animalia,4,20,744,0.2,0.13,1.5387,1.677,0.25700630582876693,0.6450543693352696,False
motif_91,Methanobacteriota,Archaea,2,20,277,0.1,0.0484,2.0664,2.1935,0.2519893194888674,0.6450543693352696,False
motif_91,Streptophyta,Plantae,5,20,1144,0.25,0.1999,1.2509,1.336,0.3696642976080066,0.6790956342524939,False
motif_91,Thermoproteota,Archaea,2,20,306,0.1,0.0535,1.8706,1.9737,0.2903031524335593,0.6450543693352696,False
motif_92,Arthropoda,Animalia,3,25,744,0.12,0.13,0.9232,0.9124,0.6487138107443572,0.838268882788118,False
motif_92,Heterolobosea,Protozoa,2,25,506,0.08,0.0884,0.905,0.8963,0.662022623276376,0.8465859455982212,False
motif_92,Methanobacteriota,Archaea,2,25,277,0.08,0.0484,1.6531,1.7151,0.3428873114110443,0.6590888261924478,False
motif_92,Mollusca,Animalia,2,25,324,0.08,0.0566,1.4133,1.4521,0.4177823359405467,0.70186701927915,False
motif_92,Streptophyta,Plantae,6,25,1144,0.24,0.1999,1.2008,1.2657,0.3825382599645113,0.6858983026913616,False
motif_93,Arthropoda,Animalia,7,29,744,0.2414,0.13,1.8571,2.1405,0.07314425451186396,0.43188986109328437,False
motif_93,Streptophyta,Plantae,6,29,1144,0.2069,0.1999,1.0352,1.0446,0.5361247073249553,0.7763287727147306,False
motif_93,Thermoproteota,Archaea,2,29,306,0.069,0.0535,1.2901,1.3136,0.46426660192131014,0.7217636364786163,False
motif_94,Arthropoda,Animalia,2,20,744,0.1,0.13,0.7694,0.743,0.7542860979151301,0.891119586796846,False
motif_94,Methanobacteriota,Archaea,3,20,277,0.15,0.0484,3.0996,3.4972,0.06951448951709274,0.4241748748830928,False
motif_94,Nematoda,Animalia,2,20,234,0.1,0.0409,2.4462,2.6207,0.19595449565696194,0.6216400789459591,False
motif_94,Streptophyta,Plantae,4,20,1144,0.2,0.1999,1.0007,1.0009,0.5882457768433875,0.7998583246804417,False
motif_94,Thermoproteota,Archaea,2,20,306,0.1,0.0535,1.8706,1.9737,0.2903031524335593,0.6450543693352696,False
motif_95,Arthropoda,Animalia,2,37,744,0.0541,0.13,0.4159,0.3808,0.9626366133363659,0.9994926303027444,False
motif_95,Chlorophyta,Plantae,2,37,303,0.0541,0.0529,1.0211,1.0225,0.5907083517060805,0.7998583246804417,False
motif_95,Heterolobosea,Protozoa,2,37,506,0.0541,0.0884,0.6115,0.5876,0.8514694621138534,0.948732803491328,False
motif_95,Mollusca,Animalia,13,37,324,0.3514,0.0566,6.2072,9.3633,4.996715136889401e-08,4.454561596058701e-06,True
motif_95,Streptophyta,Plantae,13,37,1144,0.3514,0.1999,1.758,2.182,0.022559989247400127,0.23183445738379987,False
motif_96,Arthropoda,Animalia,17,32,744,0.5312,0.13,4.0872,7.74,6.102647250599101e-08,4.99272828189639e-06,True
motif_96,Bacillota,Bacteria,2,32,102,0.0625,0.0178,3.5074,3.728,0.1105271815664237,0.5148757319233047,False
motif_96,Streptophyta,Plantae,4,32,1144,0.125,0.1999,0.6254,0.5704,0.9072191287630861,0.9686377157837517,False
motif_97,Heterolobosea,Protozoa,4,17,506,0.2353,0.0884,2.6617,3.1903,0.056865504626498364,0.3938462727835257,False
motif_97,Streptophyta,Plantae,3,17,1144,0.1765,0.1999,0.883,0.8575,0.690252147224554,0.8613346622659115,False
motif_97,Thermoproteota,Archaea,2,17,306,0.1176,0.0535,2.2007,2.3697,0.22962782426241207,0.6361082410969265,False
motif_98,Arthropoda,Animalia,4,41,744,0.0976,0.13,0.7506,0.7221,0.7987567412673355,0.9140320994619423,False
motif_98,Methanobacteriota,Archaea,2,41,277,0.0488,0.0484,1.008,1.0085,0.5972739094814281,0.8054482201457306,False
motif_98,Streptophyta,Plantae,4,41,1144,0.0976,0.1999,0.4881,0.4308,0.9758920225176039,0.9999988974232555,False
motif_99,Arthropoda,Animalia,2,28,744,0.0714,0.13,0.5495,0.5136,0.895520424358506,0.9674585298533509,False
motif_99,Bacillota,Bacteria,3,28,102,0.1071,0.0178,6.0126,6.7842,0.013027583470572805,0.16397218041326733,False
motif_99,Heterolobosea,Protozoa,3,28,506,0.1071,0.0884,1.212,1.2389,0.4556979319913093,0.7156883735687211,False
motif_99,Methanobacteriota,Archaea,2,28,277,0.0714,0.0484,1.476,1.5164,0.39585940035108064,0.69487332784717,False
motif_99,Nematoda,Animalia,2,28,234,0.0714,0.0409,1.7473,1.8117,0.31844284003956475,0.6499149092219259,False
motif_99,Streptophyta,Plantae,7,28,1144,0.25,0.1999,1.2509,1.3366,0.3206138434332344,0.6499149092219259,False
