motif,phylum,kingdom,n_motif_in_phylum,n_motif_total,n_phylum_total,observed_frac,expected_frac,enrichment_ratio,odds_ratio,pvalue,padj,significant
motif_0,Arthropoda,Animalia,2,32,336,0.0625,0.0391,1.5988,1.6425,0.35762224388746044,0.813577666267855,False
motif_0,Methanobacteriota,Archaea,3,32,869,0.0938,0.1011,0.9273,0.9194,0.6414677541020282,0.9497811466344049,False
motif_0,Mucoromycota,Fungi,3,32,862,0.0938,0.1003,0.9348,0.9278,0.6358028938934106,0.9497811466344049,False
motif_0,Nematoda,Animalia,2,32,128,0.0625,0.0149,4.1968,4.464,0.08170605474684652,0.49399972990175034,False
motif_0,Streptophyta,Plantae,4,32,1334,0.125,0.1552,0.8054,0.7769,0.754213836799261,0.9798930526380571,False
motif_0,Thermoproteota,Archaea,4,32,992,0.125,0.1154,1.083,1.0953,0.5135867963949319,0.911127260507399,False
motif_1,Chlorophyta,Plantae,4,43,286,0.093,0.0333,2.7956,3.0078,0.05369637105923513,0.40167230569799295,False
motif_1,Evosea,Protozoa,5,43,532,0.1163,0.0619,1.8786,2.0036,0.12454672259967571,0.5792528045168349,False
motif_1,Mollusca,Animalia,2,43,370,0.0465,0.043,1.0805,1.0848,0.5582363844297268,0.9330584541935542,False
motif_1,Mucoromycota,Fungi,7,43,862,0.1628,0.1003,1.6232,1.7505,0.13421415768936487,0.601394125118331,False
motif_1,Streptophyta,Plantae,4,43,1334,0.093,0.1552,0.5994,0.5569,0.9184168439224998,0.9970658001700066,False
motif_1,Thermoproteota,Archaea,2,43,992,0.0465,0.1154,0.403,0.3726,0.9664201298725796,1.0,False
motif_2,Mollusca,Animalia,3,30,370,0.1,0.043,2.323,2.482,0.13695871297224077,0.601394125118331,False
motif_2,Mucoromycota,Fungi,2,30,862,0.0667,0.1003,0.6647,0.64,0.8181282438193953,0.99451782107906,False
motif_2,Streptophyta,Plantae,6,30,1334,0.2,0.1552,1.2886,1.3624,0.31810877031710616,0.8117970567183294,False
motif_3,Chlorophyta,Plantae,5,28,286,0.1786,0.0333,5.3665,6.4103,0.0020629788381600505,0.04157695812291794,True
motif_3,Mucoromycota,Fungi,3,28,862,0.1071,0.1003,1.0683,1.0768,0.5429573409626866,0.9189162967462194,False
motif_3,Streptophyta,Plantae,4,28,1334,0.1429,0.1552,0.9204,0.9069,0.6516292074322156,0.9497811466344049,False
motif_3,Thermoproteota,Archaea,3,28,992,0.1071,0.1154,0.9283,0.9195,0.6426648635875976,0.9497811466344049,False
motif_4,Evosea,Protozoa,4,29,532,0.1379,0.0619,2.2284,2.4358,0.10127379981579102,0.5415048071783112,False
motif_4,Methanobacteriota,Archaea,2,29,869,0.069,0.1011,0.6821,0.6578,0.8067818968938026,0.99451782107906,False
motif_4,Streptophyta,Plantae,3,29,1334,0.1034,0.1552,0.6665,0.6272,0.8499666649053945,0.9945676565140079,False
motif_4,Thermoproteota,Archaea,6,29,992,0.2069,0.1154,1.7926,2.0055,0.1096599695491482,0.5560821681653579,False
motif_5,Arthropoda,Animalia,4,33,336,0.1212,0.0391,3.1006,3.4192,0.038436508579418945,0.30985739224023884,False
motif_5,Evosea,Protozoa,4,33,532,0.1212,0.0619,1.9583,2.0987,0.14448887604037666,0.6084520257449363,False
motif_5,Methanobacteriota,Archaea,2,33,869,0.0606,0.1011,0.5994,0.5726,0.8606890046247815,0.9970658001700066,False
motif_5,Mollusca,Animalia,2,33,370,0.0606,0.043,1.4079,1.4365,0.41867545586193744,0.8580936331355484,False
motif_5,Mucoromycota,Fungi,4,33,862,0.1212,0.1003,1.2086,1.2385,0.4253919148251349,0.8660865725436107,False
motif_5,Streptophyta,Plantae,4,33,1334,0.1212,0.1552,0.781,0.75,0.7758574572813655,0.9929515092354594,False
motif_6,Methanobacteriota,Archaea,3,26,869,0.1154,0.1011,1.1412,1.1602,0.49732317968302614,0.9038058248112336,False
motif_6,Mucoromycota,Fungi,5,26,862,0.1923,0.1003,1.9175,2.1426,0.11256976189486304,0.5599989420845718,False
motif_6,Streptophyta,Plantae,5,26,1334,0.1923,0.1552,1.239,1.2971,0.37818295994387424,0.8289435788359458,False
motif_7,Methanobacteriota,Archaea,3,24,869,0.125,0.1011,1.2363,1.271,0.4431813379400231,0.8799453980400443,False
motif_7,Mucoromycota,Fungi,3,24,862,0.125,0.1003,1.2464,1.2826,0.4377763623933336,0.8744402054413221,False
motif_7,Thermoproteota,Archaea,2,24,992,0.0833,0.1154,0.722,0.6961,0.7827249132993015,0.99451782107906,False
motif_8,Evosea,Protozoa,3,23,532,0.1304,0.0619,2.1073,2.2806,0.16735054893148513,0.6416464949275479,False
motif_8,Methanobacteriota,Archaea,4,23,869,0.1739,0.1011,1.7201,1.8758,0.1978267217748064,0.692613823229389,False
motif_8,Mollusca,Animalia,2,23,370,0.087,0.043,2.02,2.1232,0.2604352778538918,0.7633316092778542,False
motif_8,Streptophyta,Plantae,3,23,1334,0.1304,0.1552,0.8404,0.816,0.7158852047052862,0.9693122668360981,False
motif_8,Thermoproteota,Archaea,2,23,992,0.087,0.1154,0.7534,0.7294,0.7620790544440192,0.986810769016473,False
motif_9,Chlorophyta,Plantae,3,37,286,0.0811,0.0333,2.4367,2.58,0.12403071228659329,0.5792528045168349,False
motif_9,Discosea,Protozoa,2,37,136,0.0541,0.0158,3.4161,3.5923,0.11573866804830367,0.5632854061050568,False
motif_9,Evosea,Protozoa,4,37,532,0.1081,0.0619,1.7466,1.8434,0.1935616682090924,0.6875363902188464,False
motif_9,Methanobacteriota,Archaea,3,37,869,0.0811,0.1011,0.8019,0.7837,0.737362259422647,0.9748809687236342,False
motif_9,Mucoromycota,Fungi,6,37,862,0.1622,0.1003,1.6169,1.7415,0.16089820514609415,0.63232994622415,False
motif_9,Streptophyta,Plantae,4,37,1334,0.1081,0.1552,0.6965,0.6587,0.84766350638775,0.9945676565140079,False
motif_9,Thermoproteota,Archaea,2,37,992,0.0541,0.1154,0.4683,0.4368,0.9380361198818209,0.9998341823455873,False
motif_10,Arthropoda,Animalia,4,37,336,0.1081,0.0391,2.7654,3.0033,0.05500801115110014,0.4059746175095278,False
motif_10,Methanobacteriota,Archaea,2,37,869,0.0541,0.1011,0.5346,0.5069,0.9004925322532368,0.9970658001700066,False
motif_10,Mollusca,Animalia,2,37,370,0.0541,0.043,1.2557,1.2717,0.47735197571419785,0.898679408170921,False
motif_10,Mucoromycota,Fungi,4,37,862,0.1081,0.1003,1.0779,1.0878,0.5162157863688048,0.911127260507399,False
motif_10,Streptophyta,Plantae,3,37,1334,0.0811,0.1552,0.5224,0.4791,0.9413735478855123,1.0,False
motif_10,Thermoproteota,Archaea,4,37,992,0.1081,0.1154,0.9367,0.9287,0.6321749302106263,0.9497811466344049,False
motif_11,Arthropoda,Animalia,2,41,336,0.0488,0.0391,1.2478,1.2621,0.48029258295023947,0.9008913938464727,False
motif_11,Evosea,Protozoa,5,41,532,0.122,0.0619,1.9702,2.1155,0.10694415784543332,0.5560821681653579,False
motif_11,Methanobacteriota,Archaea,4,41,869,0.0976,0.1011,0.9649,0.961,0.6064175121847044,0.9457225487642414,False
motif_11,Streptophyta,Plantae,7,41,1334,0.1707,0.1552,1.1,1.1213,0.45667790635162836,0.8938760555663073,False
motif_11,Thermoproteota,Archaea,6,41,992,0.1463,0.1154,1.2679,1.3158,0.3337866138406348,0.813577666267855,False
motif_12,Arthropoda,Animalia,2,57,336,0.0351,0.0391,0.8976,0.8932,0.6591064471755579,0.9497811466344049,False
motif_12,Discosea,Protozoa,3,57,136,0.0526,0.0158,3.3262,3.5109,0.06111483080332994,0.4269889512125985,False
motif_12,Evosea,Protozoa,8,57,532,0.1404,0.0619,2.2675,2.497,0.023153180761477616,0.22329325249719517,False
motif_12,Methanobacteriota,Archaea,3,57,869,0.0526,0.1011,0.5206,0.4922,0.9371668405385215,0.9998341823455873,False
motif_12,Mollusca,Animalia,3,57,370,0.0526,0.043,1.2226,1.2369,0.44720626112805406,0.8854008091855176,False
motif_12,Mucoromycota,Fungi,5,57,862,0.0877,0.1003,0.8746,0.8618,0.6893598633152764,0.9608420010562251,False
motif_12,Streptophyta,Plantae,6,57,1334,0.1053,0.1552,0.6782,0.6387,0.8956812744405831,0.9970658001700066,False
motif_12,Thermoproteota,Archaea,5,57,992,0.0877,0.1154,0.76,0.7356,0.8028836893530792,0.99451782107906,False
motif_13,Evosea,Protozoa,4,37,532,0.1081,0.0619,1.7466,1.8434,0.1935616682090924,0.6875363902188464,False
motif_13,Methanobacteriota,Archaea,3,37,869,0.0811,0.1011,0.8019,0.7837,0.737362259422647,0.9748809687236342,False
motif_13,Mucoromycota,Fungi,4,37,862,0.1081,0.1003,1.0779,1.0878,0.5162157863688048,0.911127260507399,False
motif_13,Streptophyta,Plantae,2,37,1334,0.0541,0.1552,0.3483,0.31,0.9849541444044523,1.0,False
motif_13,Thermoproteota,Archaea,9,37,992,0.2432,0.1154,2.1075,2.4769,0.02200327515333572,0.21754181472354558,False
motif_14,Discosea,Protozoa,6,82,136,0.0732,0.0158,4.6243,5.0909,0.0018380411234157385,0.03852534194679388,True
motif_14,Evosea,Protozoa,15,82,532,0.1829,0.0619,2.9554,3.4626,0.0001287823915771855,0.0042176233241528254,True
motif_14,Methanobacteriota,Archaea,6,82,869,0.0732,0.1011,0.7237,0.6998,0.8493494592981614,0.9945676565140079,False
motif_14,Mollusca,Animalia,5,82,370,0.061,0.043,1.4164,1.4496,0.2777297051671531,0.78242131993327,False
motif_14,Mucoromycota,Fungi,4,82,862,0.0488,0.1003,0.4864,0.4575,0.9705538225506173,1.0,False
motif_14,Streptophyta,Plantae,7,82,1334,0.0854,0.1552,0.55,0.5054,0.9789304311821976,1.0,False
motif_14,Thermoproteota,Archaea,4,82,992,0.0488,0.1154,0.4226,0.3906,0.9889071939446344,1.0,False
motif_15,Evosea,Protozoa,2,34,532,0.0588,0.0619,0.9504,0.9471,0.6311281670535739,0.9497811466344049,False
motif_15,Methanobacteriota,Archaea,4,34,869,0.1176,0.1011,1.1636,1.1863,0.45501365466720334,0.8929855994217774,False
motif_15,Mucoromycota,Fungi,11,34,862,0.3235,0.1003,3.2259,4.333,0.0003169281789146376,0.009400209382147365,True
motif_15,Streptophyta,Plantae,7,34,1334,0.2059,0.1552,1.3265,1.4133,0.26891974890629056,0.7770989802953838,False
motif_15,Thermoproteota,Archaea,2,34,992,0.0588,0.1154,0.5097,0.478,0.9163907990434476,0.9970658001700066,False
motif_16,Arthropoda,Animalia,3,37,336,0.0811,0.0391,2.0741,2.1794,0.17472282260192945,0.6493245322227732,False
motif_16,Chlorophyta,Plantae,2,37,286,0.0541,0.0333,1.6245,1.6648,0.3501571781155587,0.813577666267855,False
motif_16,Evosea,Protozoa,2,37,532,0.0541,0.0619,0.8733,0.8656,0.6770384256519688,0.9545330987667221,False
motif_16,Methanobacteriota,Archaea,4,37,869,0.1081,0.1011,1.0693,1.078,0.5228455264947458,0.9112684706842263,False
motif_16,Mollusca,Animalia,2,37,370,0.0541,0.043,1.2557,1.2717,0.47735197571419785,0.898679408170921,False
motif_16,Mucoromycota,Fungi,3,37,862,0.0811,0.1003,0.8085,0.7908,0.7321455396874084,0.9737164030360457,False
motif_16,Streptophyta,Plantae,6,37,1334,0.1622,0.1552,1.0448,1.0537,0.5228779647310255,0.9112684706842263,False
motif_16,Thermoproteota,Archaea,5,37,992,0.1351,0.1154,1.1709,1.1985,0.4269828840466274,0.8660865725436107,False
motif_17,Evosea,Protozoa,4,30,532,0.1333,0.0619,2.1541,2.3418,0.11144856300560178,0.5579526784866433,False
motif_17,Methanobacteriota,Archaea,3,30,869,0.1,0.1011,0.9891,0.9878,0.5968141528845257,0.9359786252766238,False
motif_17,Mucoromycota,Fungi,4,30,862,0.1333,0.1003,1.3295,1.3819,0.3545832280412598,0.813577666267855,False
motif_17,Streptophyta,Plantae,4,30,1334,0.1333,0.1552,0.8591,0.8369,0.7061624148707009,0.9644546621865697,False
motif_17,Thermoproteota,Archaea,4,30,992,0.1333,0.1154,1.1552,1.1799,0.4614789674757406,0.8938760555663073,False
motif_18,Chlorophyta,Plantae,3,31,286,0.0968,0.0333,2.9083,3.1352,0.08269970067157828,0.49399972990175034,False
motif_18,Discosea,Protozoa,2,31,136,0.0645,0.0158,4.0773,4.3387,0.08582028010644832,0.5015222317001367,False
motif_18,Evosea,Protozoa,3,31,532,0.0968,0.0619,1.5635,1.6274,0.3004739627225464,0.7963680495616817,False
motif_18,Mollusca,Animalia,2,31,370,0.0645,0.043,1.4987,1.536,0.38810589950588814,0.8289435788359458,False
motif_18,Mucoromycota,Fungi,4,31,862,0.129,0.1003,1.2866,1.3306,0.37830191257684587,0.8289435788359458,False
motif_18,Nematoda,Animalia,2,31,128,0.0645,0.0149,4.3322,4.6185,0.07732933569052422,0.48238776073612727,False
motif_18,Thermoproteota,Archaea,4,31,992,0.129,0.1154,1.118,1.136,0.48780382402668127,0.9008913938464727,False
motif_19,Arthropoda,Animalia,7,37,336,0.1892,0.0391,4.8395,5.8362,0.0004897537206058621,0.013049031335464664,True
motif_19,Methanobacteriota,Archaea,2,37,869,0.0541,0.1011,0.5346,0.5069,0.9004925322532368,0.9970658001700066,False
motif_19,Mollusca,Animalia,6,37,370,0.1622,0.043,3.767,4.357,0.004578046012047489,0.07822487316237667,False
motif_19,Nematoda,Animalia,3,37,128,0.0811,0.0149,5.4445,5.9527,0.017338256673088026,0.19059957685380682,False
motif_19,Streptophyta,Plantae,4,37,1334,0.1081,0.1552,0.6965,0.6587,0.84766350638775,0.9945676565140079,False
motif_19,Thermoproteota,Archaea,6,37,992,0.1622,0.1154,1.405,1.4864,0.2502537472580655,0.7522698955931839,False
motif_20,Methanobacteriota,Archaea,3,34,869,0.0882,0.1011,0.8727,0.8599,0.6825215588212562,0.9562601519313856,False
motif_20,Mucoromycota,Fungi,3,34,862,0.0882,0.1003,0.8798,0.8677,0.6769953961556335,0.9545330987667221,False
motif_20,Streptophyta,Plantae,9,34,1334,0.2647,0.1552,1.7055,1.966,0.06978144905392114,0.4580372320350451,False
motif_20,Thermoproteota,Archaea,3,34,992,0.0882,0.1154,0.7645,0.7409,0.7689152591597598,0.9915789888426106,False
motif_21,Arthropoda,Animalia,5,35,336,0.1429,0.0391,3.6543,4.1435,0.01096158437082714,0.14727872334136977,False
motif_21,Evosea,Protozoa,2,35,532,0.0571,0.0619,0.9232,0.9182,0.6469733095649499,0.9497811466344049,False
motif_21,Methanobacteriota,Archaea,2,35,869,0.0571,0.1011,0.5652,0.5378,0.8821354758421923,0.9970658001700066,False
motif_21,Mollusca,Animalia,7,35,370,0.2,0.043,4.6459,5.6453,0.0006120512122235302,0.015272135009768087,True
motif_21,Mucoromycota,Fungi,4,35,862,0.1143,0.1003,1.1395,1.1583,0.47152843529675437,0.898679408170921,False
motif_21,Streptophyta,Plantae,2,35,1334,0.0571,0.1552,0.3682,0.3289,0.9798860475916324,1.0,False
motif_21,Thermoproteota,Archaea,4,35,992,0.1143,0.1154,0.9902,0.9889,0.5870040687413809,0.9357699537637565,False
motif_22,Evosea,Protozoa,2,25,532,0.08,0.0619,1.2925,1.3191,0.46390795289762676,0.8938760555663073,False
motif_22,Mucoromycota,Fungi,3,25,862,0.12,0.1003,1.1965,1.2241,0.4650419535716728,0.8938760555663073,False
motif_22,Streptophyta,Plantae,2,25,1334,0.08,0.1552,0.5154,0.4725,0.9178133044212853,0.9970658001700066,False
motif_22,Thermoproteota,Archaea,7,25,992,0.28,0.1154,2.426,2.9946,0.019798934424268975,0.20611870804603197,False
motif_23,Chlorophyta,Plantae,2,36,286,0.0556,0.0333,1.6696,1.714,0.33793412590858757,0.813577666267855,False
motif_23,Methanobacteriota,Archaea,3,36,869,0.0833,0.1011,0.8242,0.8076,0.7199690108068713,0.9711786221641464,False
motif_23,Mollusca,Animalia,4,36,370,0.1111,0.043,2.5811,2.7982,0.06739900001373081,0.45085628945355244,False
motif_23,Mucoromycota,Fungi,5,36,862,0.1389,0.1003,1.3849,1.4495,0.2911147618673676,0.7876633488046504,False
motif_23,Nematoda,Animalia,2,36,128,0.0556,0.0149,3.7305,3.937,0.09992882869387537,0.5415048071783112,False
motif_23,Streptophyta,Plantae,5,36,1334,0.1389,0.1552,0.8949,0.8774,0.6769169232090012,0.9545330987667221,False
motif_23,Thermoproteota,Archaea,4,36,992,0.1111,0.1154,0.9627,0.9579,0.6099920063010047,0.946485841892679,False
motif_24,Chlorophyta,Plantae,2,25,286,0.08,0.0333,2.4042,2.537,0.20152138092435515,0.6985076256350136,False
motif_24,Mucoromycota,Fungi,3,25,862,0.12,0.1003,1.1965,1.2241,0.4650419535716728,0.8938760555663073,False
motif_24,Streptophyta,Plantae,4,25,1334,0.16,0.1552,1.0309,1.0369,0.5580267206190013,0.9330584541935542,False
motif_24,Thermoproteota,Archaea,3,25,992,0.12,0.1154,1.0397,1.0453,0.5635911982388975,0.9330584541935542,False
motif_25,Methanobacteriota,Archaea,2,34,869,0.0588,0.1011,0.5818,0.5546,0.8718244699875017,0.9970658001700066,False
motif_25,Mucoromycota,Fungi,6,34,862,0.1765,0.1003,1.7596,1.9288,0.11934264097981753,0.5702329228579731,False
motif_25,Streptophyta,Plantae,8,34,1334,0.2353,0.1552,1.516,1.6788,0.14592062613841184,0.6084520257449363,False
motif_25,Thermoproteota,Archaea,4,34,992,0.1176,0.1154,1.0193,1.022,0.5632441417308449,0.9330584541935542,False
motif_26,Arthropoda,Animalia,3,32,336,0.0938,0.0391,2.3982,2.5567,0.12800051395023795,0.5866379239935103,False
motif_26,Chlorophyta,Plantae,2,32,286,0.0625,0.0333,1.8783,1.9434,0.28846010748199097,0.7848804736022612,False
motif_26,Evosea,Protozoa,2,32,532,0.0625,0.0619,1.0098,1.0104,0.5977878751766732,0.9359786252766238,False
motif_26,Methanobacteriota,Archaea,5,32,869,0.1562,0.1011,1.5454,1.6502,0.2177060315365932,0.7248215974390833,False
motif_26,Mucoromycota,Fungi,4,32,862,0.125,0.1003,1.2464,1.2829,0.40193098141136935,0.8413255696120808,False
motif_26,Streptophyta,Plantae,3,32,1334,0.0938,0.1552,0.604,0.5621,0.8934582561743624,0.9970658001700066,False
motif_26,Thermoproteota,Archaea,2,32,992,0.0625,0.1154,0.5415,0.51,0.8982037697302097,0.9970658001700066,False
motif_27,Arthropoda,Animalia,6,116,336,0.0517,0.0391,1.3231,1.3469,0.3007797986704923,0.7963680495616817,False
motif_27,Evosea,Protozoa,2,116,532,0.0172,0.0619,0.2786,0.2631,0.9949722828316894,1.0,False
motif_27,Methanobacteriota,Archaea,3,116,869,0.0259,0.1011,0.2558,0.2334,0.9996049592031648,1.0,False
motif_27,Mollusca,Animalia,2,116,370,0.0172,0.043,0.4005,0.3867,0.9631237899732451,1.0,False
motif_27,Mucoromycota,Fungi,67,116,862,0.5776,0.1003,5.7591,13.216,1.5212914467891561e-37,3.416385934789362e-35,True
motif_27,Streptophyta,Plantae,23,116,1334,0.1983,0.1552,1.2775,1.3522,0.12444280131604292,0.5792528045168349,False
motif_27,Thermoproteota,Archaea,4,116,992,0.0345,0.1154,0.2988,0.2708,0.999568451322768,1.0,False
motif_28,Evosea,Protozoa,7,38,532,0.1842,0.0619,2.9761,3.4546,0.007881201405021594,0.11366283127242152,False
motif_28,Methanobacteriota,Archaea,5,38,869,0.1316,0.1011,1.3014,1.3491,0.3383330620074495,0.813577666267855,False
motif_28,Mucoromycota,Fungi,3,38,862,0.0789,0.1003,0.7872,0.7681,0.7487960572061871,0.9798930526380571,False
motif_28,Streptophyta,Plantae,5,38,1334,0.1316,0.1552,0.8478,0.824,0.7237807587265053,0.9732962811959506,False
motif_28,Thermoproteota,Archaea,5,38,992,0.1316,0.1154,1.14,1.1621,0.4506717998692535,0.8900201876814905,False
motif_29,Arthropoda,Animalia,4,29,336,0.1379,0.0391,3.5283,3.9682,0.025179568076059824,0.23701964679979667,False
motif_29,Evosea,Protozoa,2,29,532,0.069,0.0619,1.1142,1.1231,0.5436336870063512,0.9189162967462194,False
motif_29,Methanobacteriota,Archaea,2,29,869,0.069,0.1011,0.6821,0.6578,0.8067818968938026,0.99451782107906,False
motif_29,Mucoromycota,Fungi,5,29,862,0.1724,0.1003,1.7191,1.874,0.15949385703289612,0.6283818126709592,False
motif_29,Streptophyta,Plantae,5,29,1334,0.1724,0.1552,1.1109,1.1345,0.47614173419339345,0.898679408170921,False
motif_29,Thermoproteota,Archaea,2,29,992,0.069,0.1154,0.5975,0.5669,0.8639215529632233,0.9970658001700066,False
motif_30,Chlorophyta,Plantae,2,31,286,0.0645,0.0333,1.9389,2.0107,0.2760007234803072,0.780766807106678,False
motif_30,Evosea,Protozoa,3,31,532,0.0968,0.0619,1.5635,1.6274,0.3004739627225464,0.7963680495616817,False
motif_30,Methanobacteriota,Archaea,2,31,869,0.0645,0.1011,0.6381,0.6123,0.8357239450670726,0.99451782107906,False
motif_30,Nematoda,Animalia,2,31,128,0.0645,0.0149,4.3322,4.6185,0.07732933569052422,0.48238776073612727,False
motif_30,Streptophyta,Plantae,4,31,1334,0.129,0.1552,0.8314,0.8058,0.730992596721408,0.9737164030360457,False
motif_30,Thermoproteota,Archaea,4,31,992,0.129,0.1154,1.118,1.136,0.48780382402668127,0.9008913938464727,False
motif_31,Chlorophyta,Plantae,2,40,286,0.05,0.0333,1.5026,1.5328,0.3863292910452907,0.8289435788359458,False
motif_31,Evosea,Protozoa,5,40,532,0.125,0.0619,2.0195,2.1762,0.09863447695836314,0.5415048071783112,False
motif_31,Methanobacteriota,Archaea,3,40,869,0.075,0.1011,0.7418,0.7199,0.7844219310496336,0.99451782107906,False
motif_31,Mucoromycota,Fungi,3,40,862,0.075,0.1003,0.7478,0.7264,0.7795999345971477,0.99451782107906,False
motif_31,Streptophyta,Plantae,2,40,1334,0.05,0.1552,0.3222,0.2854,0.9903073364081949,1.0,False
motif_31,Thermoproteota,Archaea,7,40,992,0.175,0.1154,1.5163,1.6302,0.17197777141465784,0.6493245322227732,False
motif_32,Evosea,Protozoa,2,23,532,0.087,0.0619,1.4049,1.4451,0.42108267207772115,0.860719849655032,False
motif_32,Methanobacteriota,Archaea,2,23,869,0.087,0.1011,0.8601,0.8464,0.6913368748780058,0.960903242536008,False
motif_32,Mucoromycota,Fungi,2,23,862,0.087,0.1003,0.867,0.854,0.6868681455217251,0.9606376554805621,False
motif_32,Streptophyta,Plantae,4,23,1334,0.1739,0.1552,1.1205,1.1463,0.4886881372897417,0.9008913938464727,False
motif_32,Thermoproteota,Archaea,3,23,992,0.1304,0.1154,1.1301,1.1501,0.5053210323941304,0.9049664058897045,False
motif_33,Bacillota,Bacteria,2,26,33,0.0769,0.0038,20.035,22.9516,0.004386015886150625,0.07576721948383278,False
motif_33,Evosea,Protozoa,2,26,532,0.0769,0.0619,1.2428,1.264,0.4846108270061165,0.9008913938464727,False
motif_33,Methanobacteriota,Archaea,3,26,869,0.1154,0.1011,1.1412,1.1602,0.49732317968302614,0.9038058248112336,False
motif_33,Mucoromycota,Fungi,3,26,862,0.1154,0.1003,1.1505,1.1707,0.4917078981681129,0.9008913938464727,False
motif_33,Streptophyta,Plantae,8,26,1334,0.3077,0.1552,1.9825,2.4277,0.03820887396120741,0.30985739224023884,False
motif_33,Thermoproteota,Archaea,3,26,992,0.1154,0.1154,0.9997,0.9997,0.5911065929309225,0.9357699537637565,False
motif_34,Arthropoda,Animalia,3,27,336,0.1111,0.0391,2.8423,3.0912,0.08677621112164735,0.5033660659897773,False
motif_34,Chlorophyta,Plantae,2,27,286,0.0741,0.0333,2.2261,2.3335,0.226190647601733,0.7346522686568684,False
motif_34,Evosea,Protozoa,2,27,532,0.0741,0.0619,1.1967,1.2133,0.5048101059367353,0.9049664058897045,False
motif_34,Mollusca,Animalia,3,27,370,0.1111,0.043,2.5811,2.7933,0.10817223452829233,0.5560821681653579,False
motif_34,Streptophyta,Plantae,7,27,1334,0.2593,0.1552,1.6704,1.9098,0.11313190843341678,0.5610200632723381,False
motif_34,Thermoproteota,Archaea,4,27,992,0.1481,0.1154,1.2836,1.3343,0.38016272605014145,0.8289435788359458,False
motif_35,Evosea,Protozoa,3,32,532,0.0938,0.0619,1.5146,1.5711,0.3177908089136632,0.8117970567183294,False
motif_35,Methanobacteriota,Archaea,3,32,869,0.0938,0.1011,0.9273,0.9194,0.6414677541020282,0.9497811466344049,False
motif_35,Mucoromycota,Fungi,8,32,862,0.25,0.1003,2.4927,3.009,0.011728304503485363,0.15237103040891728,False
motif_35,Streptophyta,Plantae,8,32,1334,0.25,0.1552,1.6108,1.8193,0.1113040316432859,0.5579526784866433,False
motif_35,Thermoproteota,Archaea,2,32,992,0.0625,0.1154,0.5415,0.51,0.8982037697302097,0.9970658001700066,False
motif_36,Chlorophyta,Plantae,3,47,286,0.0638,0.0333,1.9182,1.9912,0.20509462452309865,0.7085906587918924,False
motif_36,Evosea,Protozoa,5,47,532,0.1064,0.0619,1.7187,1.8119,0.16337677634543407,0.6357640697172154,False
motif_36,Methanobacteriota,Archaea,5,47,869,0.1064,0.1011,1.0522,1.0588,0.5226772039468078,0.9112684706842263,False
motif_36,Mucoromycota,Fungi,3,47,862,0.0638,0.1003,0.6364,0.6103,0.8637404357921441,0.9970658001700066,False
motif_36,Streptophyta,Plantae,5,47,1334,0.1064,0.1552,0.6854,0.6467,0.8744408663248333,0.9970658001700066,False
motif_36,Thermoproteota,Archaea,5,47,992,0.1064,0.1154,0.9217,0.912,0.6451786931920012,0.9497811466344049,False
motif_37,Bacillota,Bacteria,2,33,33,0.0606,0.0038,15.7851,17.7544,0.007007183191632966,0.1059162690119906,False
motif_37,Evosea,Protozoa,3,33,532,0.0909,0.0619,1.4687,1.5185,0.3351210022009919,0.813577666267855,False
motif_37,Methanobacteriota,Archaea,5,33,869,0.1515,0.1011,1.4986,1.591,0.2369355920424265,0.7471987564425434,False
motif_37,Streptophyta,Plantae,3,33,1334,0.0909,0.1552,0.5857,0.5433,0.9052183360636621,0.9970658001700066,False
motif_37,Thermoproteota,Archaea,4,33,992,0.1212,0.1154,1.0502,1.0574,0.5387543879257124,0.9189162967462194,False
motif_38,Evosea,Protozoa,2,47,532,0.0426,0.0619,0.6875,0.6724,0.7972562367932536,0.99451782107906,False
motif_38,Methanobacteriota,Archaea,5,47,869,0.1064,0.1011,1.0522,1.0588,0.5226772039468078,0.9112684706842263,False
motif_38,Mucoromycota,Fungi,12,47,862,0.2553,0.1003,2.5458,3.1051,0.0018248301558182727,0.03852534194679388,True
motif_38,Streptophyta,Plantae,2,47,1334,0.0426,0.1552,0.2742,0.2408,0.9965839604897418,1.0,False
motif_38,Thermoproteota,Archaea,4,47,992,0.0851,0.1154,0.7374,0.7118,0.8075719182054877,0.99451782107906,False
motif_39,Discosea,Protozoa,2,29,136,0.069,0.0158,4.3585,4.6611,0.0764578311832389,0.48101985405551234,False
motif_39,Evosea,Protozoa,3,29,532,0.1034,0.0619,1.6713,1.753,0.2660318744545801,0.7701696254928175,False
motif_39,Methanobacteriota,Archaea,4,29,869,0.1379,0.1011,1.3642,1.4245,0.3364316738688977,0.813577666267855,False
motif_39,Mollusca,Animalia,3,29,370,0.1034,0.043,2.4031,2.5778,0.12708803857206102,0.5866379239935103,False
motif_39,Mucoromycota,Fungi,4,29,862,0.1379,0.1003,1.3753,1.4374,0.3308599271793723,0.813577666267855,False
motif_39,Streptophyta,Plantae,2,29,1334,0.069,0.1552,0.4443,0.4023,0.952721687077332,1.0,False
motif_39,Thermoproteota,Archaea,6,29,992,0.2069,0.1154,1.7926,2.0055,0.1096599695491482,0.5560821681653579,False
motif_40,Evosea,Protozoa,4,28,532,0.1429,0.0619,2.308,2.5376,0.09155237932784194,0.5223120808386437,False
motif_40,Methanobacteriota,Archaea,2,28,869,0.0714,0.1011,0.7065,0.6832,0.7906706805228142,0.99451782107906,False
motif_40,Mollusca,Animalia,4,28,370,0.1429,0.043,3.3185,3.7345,0.030551318932033937,0.26449862010628994,False
motif_40,Mucoromycota,Fungi,4,28,862,0.1429,0.1003,1.4244,1.4975,0.30722322784882367,0.8078792365045253,False
motif_40,Streptophyta,Plantae,6,28,1334,0.2143,0.1552,1.3806,1.4867,0.2606635483956048,0.7633316092778542,False
motif_40,Thermoproteota,Archaea,3,28,992,0.1071,0.1154,0.9283,0.9195,0.6426648635875976,0.9497811466344049,False
motif_41,Discosea,Protozoa,3,31,136,0.0968,0.0158,6.116,6.7919,0.012603469926652969,0.1564159086136479,False
motif_41,Evosea,Protozoa,2,31,532,0.0645,0.0619,1.0423,1.0454,0.5802880585352351,0.9357699537637565,False
motif_41,Methanobacteriota,Archaea,2,31,869,0.0645,0.1011,0.6381,0.6123,0.8357239450670726,0.99451782107906,False
motif_41,Mucoromycota,Fungi,3,31,862,0.0968,0.1003,0.9649,0.961,0.6138774020982194,0.946485841892679,False
motif_41,Streptophyta,Plantae,7,31,1334,0.2258,0.1552,1.4549,1.5906,0.19550175981413762,0.6875363902188464,False
motif_41,Thermoproteota,Archaea,6,31,992,0.1935,0.1154,1.677,1.8445,0.1401310579098573,0.6084520257449363,False
motif_42,Methanobacteriota,Archaea,2,56,869,0.0357,0.1011,0.3532,0.3277,0.9815995667056991,1.0,False
motif_42,Streptophyta,Plantae,4,56,1334,0.0714,0.1552,0.4602,0.4169,0.9816785315988864,1.0,False
motif_42,Thermoproteota,Archaea,3,56,992,0.0536,0.1154,0.4642,0.4321,0.9644874533407746,1.0,False
motif_43,Methanobacteriota,Archaea,9,44,869,0.2045,0.1011,2.0231,2.2996,0.029451937600567663,0.26177018162167687,False
motif_43,Mucoromycota,Fungi,4,44,862,0.0909,0.1003,0.9065,0.8966,0.6563904414452086,0.9497811466344049,False
motif_43,Streptophyta,Plantae,27,44,1334,0.6136,0.1552,3.9537,8.8027,5.2526155434733985e-12,5.160694771462614e-10,True
motif_44,Arthropoda,Animalia,7,41,336,0.1707,0.0391,4.3674,5.1471,0.0009351783640012636,0.021305802727680963,True
motif_44,Chlorophyta,Plantae,2,41,286,0.0488,0.0333,1.466,1.4933,0.398195162543653,0.8413255696120808,False
motif_44,Discosea,Protozoa,2,41,136,0.0488,0.0158,3.0829,3.2223,0.13693594885755547,0.601394125118331,False
motif_44,Mucoromycota,Fungi,2,41,862,0.0488,0.1003,0.4864,0.4588,0.9273426786395886,0.9998341823455873,False
motif_44,Streptophyta,Plantae,13,41,1334,0.3171,0.1552,2.0429,2.5421,0.007175017745245472,0.10688146639500716,False
motif_45,Methanobacteriota,Archaea,10,30,869,0.3333,0.1011,3.2969,4.4854,0.0004824999612882419,0.013049031335464664,True
motif_45,Mollusca,Animalia,3,30,370,0.1,0.043,2.323,2.482,0.13695871297224077,0.601394125118331,False
motif_45,Mucoromycota,Fungi,2,30,862,0.0667,0.1003,0.6647,0.64,0.8181282438193953,0.99451782107906,False
motif_45,Streptophyta,Plantae,4,30,1334,0.1333,0.1552,0.8591,0.8369,0.7061624148707009,0.9644546621865697,False
motif_45,Thermoproteota,Archaea,4,30,992,0.1333,0.1154,1.1552,1.1799,0.4614789674757406,0.8938760555663073,False
motif_46,Arthropoda,Animalia,2,39,336,0.0513,0.0391,1.3118,1.3306,0.45421912595277175,0.8929855994217774,False
motif_46,Evosea,Protozoa,2,39,532,0.0513,0.0619,0.8285,0.8186,0.7049861501216409,0.9644546621865697,False
motif_46,Methanobacteriota,Archaea,2,39,869,0.0513,0.1011,0.5072,0.4794,0.9161544399933597,0.9970658001700066,False
motif_46,Mucoromycota,Fungi,5,39,862,0.1282,0.1003,1.2783,1.3211,0.35263457666662973,0.813577666267855,False
motif_46,Streptophyta,Plantae,8,39,1334,0.2051,0.1552,1.3216,1.4071,0.2510853376854116,0.7522698955931839,False
motif_46,Thermoproteota,Archaea,12,39,992,0.3077,0.1154,2.6659,3.4358,0.0010476521222613526,0.023195903326687976,True
motif_47,Arthropoda,Animalia,2,26,336,0.0769,0.0391,1.9677,2.0546,0.27033628042984165,0.7783308293694342,False
motif_47,Evosea,Protozoa,2,26,532,0.0769,0.0619,1.2428,1.264,0.4846108270061165,0.9008913938464727,False
motif_47,Streptophyta,Plantae,9,26,1334,0.3462,0.1552,2.2303,2.8944,0.01304984740899296,0.1602684384916948,False
motif_47,Thermoproteota,Archaea,5,26,992,0.1923,0.1154,1.6662,1.829,0.17375831759113067,0.6493245322227732,False
motif_48,Methanobacteriota,Archaea,3,25,869,0.12,0.1011,1.1869,1.2131,0.4705655426716526,0.898679408170921,False
motif_48,Nematoda,Animalia,2,25,128,0.08,0.0149,5.3719,5.8275,0.052824455057497624,0.39732078158079553,False
motif_48,Streptophyta,Plantae,8,25,1334,0.32,0.1552,2.0618,2.5708,0.030467635022064503,0.26449862010628994,False
motif_48,Thermoproteota,Archaea,5,25,992,0.2,0.1154,1.7329,1.9207,0.15403463626138703,0.6224741599046283,False
motif_49,Chlorophyta,Plantae,2,27,286,0.0741,0.0333,2.2261,2.3335,0.226190647601733,0.7346522686568684,False
motif_49,Methanobacteriota,Archaea,2,27,869,0.0741,0.1011,0.7326,0.7106,0.7733855722317338,0.9929515092354594,False
motif_49,Mucoromycota,Fungi,4,27,862,0.1481,0.1003,1.4772,1.5628,0.28377016705198027,0.7826524280874282,False
motif_49,Streptophyta,Plantae,3,27,1334,0.1111,0.1552,0.7159,0.6797,0.8129902875263441,0.99451782107906,False
motif_49,Thermoproteota,Archaea,2,27,992,0.0741,0.1154,0.6418,0.6124,0.8354850627123069,0.99451782107906,False
motif_50,Methanobacteriota,Archaea,2,38,869,0.0526,0.1011,0.5206,0.4928,0.9086371852636758,0.9970658001700066,False
motif_50,Mollusca,Animalia,2,38,370,0.0526,0.043,1.2226,1.2363,0.4914526336368923,0.9008913938464727,False
motif_50,Mucoromycota,Fungi,3,38,862,0.0789,0.1003,0.7872,0.7681,0.7487960572061871,0.9798930526380571,False
motif_50,Streptophyta,Plantae,7,38,1334,0.1842,0.1552,1.1869,1.2303,0.37536379270412135,0.8289435788359458,False
motif_50,Thermoproteota,Archaea,4,38,992,0.1053,0.1154,0.912,0.9013,0.6535282396625526,0.9497811466344049,False
motif_51,Evosea,Protozoa,3,30,532,0.1,0.0619,1.6156,1.6879,0.28320779794891054,0.7826524280874282,False
motif_51,Methanobacteriota,Archaea,2,30,869,0.0667,0.1011,0.6594,0.6342,0.8217795928944653,0.99451782107906,False
motif_51,Mucoromycota,Fungi,3,30,862,0.1,0.1003,0.9971,0.9968,0.5910797740800218,0.9357699537637565,False
motif_51,Streptophyta,Plantae,2,30,1334,0.0667,0.1552,0.4295,0.3879,0.9589200279464807,1.0,False
motif_51,Thermoproteota,Archaea,4,30,992,0.1333,0.1154,1.1552,1.1799,0.4614789674757406,0.8938760555663073,False
motif_52,Arthropoda,Animalia,5,230,336,0.0217,0.0391,0.5561,0.5394,0.9502371405101889,1.0,False
motif_52,Bacillota,Bacteria,2,230,33,0.0087,0.0038,2.2648,2.3582,0.22061831357151673,0.7270691591916651,False
motif_52,Chlorophyta,Plantae,4,230,286,0.0174,0.0333,0.5227,0.5073,0.9514339727896309,1.0,False
motif_52,Discosea,Protozoa,17,230,136,0.0739,0.0158,4.6712,5.5305,1.1182272662576319e-07,7.031413050227989e-06,True
motif_52,Evosea,Protozoa,19,230,532,0.0826,0.0619,1.3346,1.3783,0.12070221617739883,0.5732443620268005,False
motif_52,Methanobacteriota,Archaea,17,230,869,0.0739,0.1011,0.7311,0.7038,0.9381395794909296,0.9998341823455873,False
motif_52,Mollusca,Animalia,14,230,370,0.0609,0.043,1.414,1.4582,0.12059034017340484,0.5732443620268005,False
motif_52,Mucoromycota,Fungi,3,230,862,0.013,0.1003,0.1301,0.1155,0.9999999926593195,1.0,False
motif_52,Streptophyta,Plantae,27,230,1334,0.1174,0.1552,0.7564,0.7182,0.9592323176943193,1.0,False
motif_52,Thermoproteota,Archaea,106,230,992,0.4609,0.1154,3.9931,7.216,1.2287064357854505e-40,3.21921086175788e-38,True
motif_53,Methanobacteriota,Archaea,2,33,869,0.0606,0.1011,0.5994,0.5726,0.8606890046247815,0.9970658001700066,False
motif_53,Mollusca,Animalia,5,33,370,0.1515,0.043,3.5197,4.0103,0.012636654194614048,0.1564159086136479,False
motif_53,Streptophyta,Plantae,5,33,1334,0.1515,0.1552,0.9762,0.9719,0.5972975883040044,0.9359786252766238,False
motif_53,Thermoproteota,Archaea,4,33,992,0.1212,0.1154,1.0502,1.0574,0.5387543879257124,0.9189162967462194,False
motif_54,Chlorophyta,Plantae,3,32,286,0.0938,0.0333,2.8174,3.0267,0.08910996345505315,0.5150031711446454,False
motif_54,Evosea,Protozoa,3,32,532,0.0938,0.0619,1.5146,1.5711,0.3177908089136632,0.8117970567183294,False
motif_54,Methanobacteriota,Archaea,3,32,869,0.0938,0.1011,0.9273,0.9194,0.6414677541020282,0.9497811466344049,False
motif_54,Mollusca,Animalia,3,32,370,0.0938,0.043,2.1778,2.3103,0.1574382449212401,0.6249821237782561,False
motif_54,Streptophyta,Plantae,4,32,1334,0.125,0.1552,0.8054,0.7769,0.754213836799261,0.9798930526380571,False
motif_54,Thermoproteota,Archaea,5,32,992,0.1562,0.1154,1.3538,1.4214,0.3073230174489225,0.8078792365045253,False
motif_55,Arthropoda,Animalia,2,39,336,0.0513,0.0391,1.3118,1.3306,0.45421912595277175,0.8929855994217774,False
motif_55,Evosea,Protozoa,4,39,532,0.1026,0.0619,1.657,1.7377,0.21980945421214523,0.7259253403812864,False
motif_55,Methanobacteriota,Archaea,2,39,869,0.0513,0.1011,0.5072,0.4794,0.9161544399933597,0.9970658001700066,False
motif_55,Mucoromycota,Fungi,2,39,862,0.0513,0.1003,0.5113,0.4837,0.9137668417675981,0.9970658001700066,False
motif_55,Streptophyta,Plantae,5,39,1334,0.1282,0.1552,0.826,0.7997,0.7453009247646276,0.9798930526380571,False
motif_55,Thermoproteota,Archaea,4,39,992,0.1026,0.1154,0.8886,0.8754,0.6740350313324701,0.9545330987667221,False
motif_56,Arthropoda,Animalia,3,54,336,0.0556,0.0391,1.4211,1.4499,0.35396758943402395,0.813577666267855,False
motif_56,Discosea,Protozoa,2,54,136,0.037,0.0158,2.3407,2.413,0.21027925631301844,0.7186065020088369,False
motif_56,Evosea,Protozoa,6,54,532,0.1111,0.0619,1.7951,1.9047,0.11501716390164474,0.5632854061050568,False
motif_56,Mollusca,Animalia,2,54,370,0.037,0.043,0.8604,0.8542,0.6823303594375336,0.9562601519313856,False
motif_56,Mucoromycota,Fungi,5,54,862,0.0926,0.1003,0.9232,0.9149,0.6418735221547196,0.9497811466344049,False
motif_56,Streptophyta,Plantae,6,54,1334,0.1111,0.1552,0.7159,0.6789,0.8639320849664563,0.9970658001700066,False
motif_56,Thermoproteota,Archaea,4,54,992,0.0741,0.1154,0.6418,0.6116,0.8843759152192998,0.9970658001700066,False
motif_57,Evosea,Protozoa,5,33,532,0.1515,0.0619,2.4479,2.7226,0.05034735742670466,0.384764027456515,False
motif_57,Methanobacteriota,Archaea,3,33,869,0.0909,0.1011,0.8992,0.8887,0.662447331984134,0.9497811466344049,False
motif_57,Mucoromycota,Fungi,3,33,862,0.0909,0.1003,0.9065,0.8967,0.6568439918002382,0.9497811466344049,False
motif_57,Streptophyta,Plantae,4,33,1334,0.1212,0.1552,0.781,0.75,0.7758574572813655,0.9929515092354594,False
motif_58,Streptophyta,Plantae,5,27,1334,0.1852,0.1552,1.1932,1.2379,0.4111718376327203,0.8515970075871362,False
motif_58,Thermoproteota,Archaea,6,27,992,0.2222,0.1154,1.9254,2.197,0.0830086677394554,0.49399972990175034,False
motif_59,Methanobacteriota,Archaea,7,38,869,0.1842,0.1011,1.822,2.0158,0.08327603589310677,0.49399972990175034,False
motif_59,Mollusca,Animalia,2,38,370,0.0526,0.043,1.2226,1.2363,0.4914526336368923,0.9008913938464727,False
motif_59,Mucoromycota,Fungi,13,38,862,0.3421,0.1003,3.4111,4.721,4.724458698912839e-05,0.001650410905486885,True
motif_59,Streptophyta,Plantae,2,38,1334,0.0526,0.1552,0.3391,0.3013,0.9869984524621882,1.0,False
motif_59,Thermoproteota,Archaea,7,38,992,0.1842,0.1154,1.5961,1.7358,0.14154818800882593,0.6084520257449363,False
motif_60,Methanobacteriota,Archaea,7,31,869,0.2258,0.1011,2.2334,2.6061,0.03195311172320737,0.2721306416886691,False
motif_60,Mollusca,Animalia,2,31,370,0.0645,0.043,1.4987,1.536,0.38810589950588814,0.8289435788359458,False
motif_60,Mucoromycota,Fungi,2,31,862,0.0645,0.1003,0.6433,0.6178,0.8322145087656834,0.99451782107906,False
motif_60,Streptophyta,Plantae,5,31,1334,0.1613,0.1552,1.0392,1.0469,0.538558687378426,0.9189162967462194,False
motif_60,Thermoproteota,Archaea,3,31,992,0.0968,0.1154,0.8385,0.8206,0.7110650731285046,0.9661143430924886,False
motif_61,Arthropoda,Animalia,2,39,336,0.0513,0.0391,1.3118,1.3306,0.45421912595277175,0.8929855994217774,False
motif_61,Evosea,Protozoa,2,39,532,0.0513,0.0619,0.8285,0.8186,0.7049861501216409,0.9644546621865697,False
motif_61,Methanobacteriota,Archaea,2,39,869,0.0513,0.1011,0.5072,0.4794,0.9161544399933597,0.9970658001700066,False
motif_61,Mollusca,Animalia,2,39,370,0.0513,0.043,1.1913,1.2027,0.5053115919536166,0.9049664058897045,False
motif_61,Mucoromycota,Fungi,2,39,862,0.0513,0.1003,0.5113,0.4837,0.9137668417675981,0.9970658001700066,False
motif_61,Streptophyta,Plantae,4,39,1334,0.1026,0.1552,0.6608,0.6209,0.8756021784347239,0.9970658001700066,False
motif_61,Thermoproteota,Archaea,5,39,992,0.1282,0.1154,1.1108,1.1277,0.4740938125507748,0.898679408170921,False
motif_62,Arthropoda,Animalia,2,29,336,0.069,0.0391,1.7642,1.8257,0.31428163373491896,0.8085936632263382,False
motif_62,Methanobacteriota,Archaea,3,29,869,0.1034,0.1011,1.0232,1.0259,0.5731692595144717,0.9357699537637565,False
motif_62,Mollusca,Animalia,4,29,370,0.1379,0.043,3.2041,3.5847,0.034275528240623424,0.2881343871350803,False
motif_62,Streptophyta,Plantae,5,29,1334,0.1724,0.1552,1.1109,1.1345,0.47614173419339345,0.898679408170921,False
motif_62,Thermoproteota,Archaea,4,29,992,0.1379,0.1154,1.1951,1.2272,0.43469723899178564,0.8703825227033843,False
motif_63,Arthropoda,Animalia,2,28,336,0.0714,0.0391,1.8272,1.8961,0.2996762276424062,0.7963680495616817,False
motif_63,Methanobacteriota,Archaea,2,28,869,0.0714,0.1011,0.7065,0.6832,0.7906706805228142,0.99451782107906,False
motif_63,Mollusca,Animalia,2,28,370,0.0714,0.043,1.6593,1.7138,0.341003829110139,0.813577666267855,False
motif_63,Streptophyta,Plantae,3,28,1334,0.1071,0.1552,0.6903,0.6524,0.8323536171376393,0.99451782107906,False
motif_63,Thermoproteota,Archaea,2,28,992,0.0714,0.1154,0.6189,0.5887,0.8503173857219,0.9945676565140079,False
motif_64,Evosea,Protozoa,2,46,532,0.0435,0.0619,0.7024,0.6877,0.7873055005403604,0.99451782107906,False
motif_64,Methanobacteriota,Archaea,2,46,869,0.0435,0.1011,0.43,0.4027,0.9545648169218685,1.0,False
motif_64,Mucoromycota,Fungi,13,46,862,0.2826,0.1003,2.8179,3.5728,0.0004156178797963806,0.011879114673452915,True
motif_64,Streptophyta,Plantae,2,46,1334,0.0435,0.1552,0.2801,0.2463,0.9960300848904174,1.0,False
motif_64,Thermoproteota,Archaea,2,46,992,0.0435,0.1154,0.3767,0.3471,0.975420507936898,1.0,False
motif_65,Arthropoda,Animalia,6,38,336,0.1579,0.0391,4.039,4.6744,0.0032680377379602226,0.059736689814807786,False
motif_65,Evosea,Protozoa,2,38,532,0.0526,0.0619,0.8503,0.8414,0.6912726645487788,0.960903242536008,False
motif_65,Methanobacteriota,Archaea,3,38,869,0.0789,0.1011,0.7808,0.7612,0.7538887780653346,0.9798930526380571,False
motif_65,Mucoromycota,Fungi,11,38,862,0.2895,0.1003,2.8863,3.6892,0.0009170023727372975,0.021198937205044583,True
motif_65,Streptophyta,Plantae,6,38,1334,0.1579,0.1552,1.0173,1.0207,0.5505368719860704,0.9275926717707423,False
motif_66,Arthropoda,Animalia,3,34,336,0.0882,0.0391,2.2571,2.3912,0.1461203344775556,0.6084520257449363,False
motif_66,Discosea,Protozoa,3,34,136,0.0882,0.0158,5.5763,6.1324,0.016212826594388365,0.18598383512607003,False
motif_66,Evosea,Protozoa,2,34,532,0.0588,0.0619,0.9504,0.9471,0.6311281670535739,0.9497811466344049,False
motif_66,Methanobacteriota,Archaea,2,34,869,0.0588,0.1011,0.5818,0.5546,0.8718244699875017,0.9970658001700066,False
motif_66,Mollusca,Animalia,2,34,370,0.0588,0.043,1.3665,1.3915,0.43366855583172415,0.8703825227033843,False
motif_66,Mucoromycota,Fungi,2,34,862,0.0588,0.1003,0.5865,0.5597,0.8687471387333439,0.9970658001700066,False
motif_66,Streptophyta,Plantae,5,34,1334,0.1471,0.1552,0.9475,0.9382,0.6250346387291257,0.9497811466344049,False
motif_66,Thermoproteota,Archaea,6,34,992,0.1765,0.1154,1.529,1.6463,0.1921567935721932,0.6875363902188464,False
motif_67,Methanobacteriota,Archaea,3,34,869,0.0882,0.1011,0.8727,0.8599,0.6825215588212562,0.9562601519313856,False
motif_67,Mucoromycota,Fungi,2,34,862,0.0588,0.1003,0.5865,0.5597,0.8687471387333439,0.9970658001700066,False
motif_67,Streptophyta,Plantae,9,34,1334,0.2647,0.1552,1.7055,1.966,0.06978144905392114,0.4580372320350451,False
motif_67,Thermoproteota,Archaea,5,34,992,0.1471,0.1154,1.2742,1.3231,0.35508123438722,0.813577666267855,False
motif_68,Evosea,Protozoa,4,28,532,0.1429,0.0619,2.308,2.5376,0.09155237932784194,0.5223120808386437,False
motif_68,Methanobacteriota,Archaea,2,28,869,0.0714,0.1011,0.7065,0.6832,0.7906706805228142,0.99451782107906,False
motif_68,Mucoromycota,Fungi,5,28,862,0.1786,0.1003,1.7805,1.9558,0.14305180227092104,0.6084520257449363,False
motif_68,Streptophyta,Plantae,3,28,1334,0.1071,0.1552,0.6903,0.6524,0.8323536171376393,0.99451782107906,False
motif_68,Thermoproteota,Archaea,4,28,992,0.1429,0.1154,1.2378,1.2785,0.4075555154862094,0.8463372131364877,False
motif_69,Evosea,Protozoa,4,29,532,0.1379,0.0619,2.2284,2.4358,0.10127379981579102,0.5415048071783112,False
motif_69,Methanobacteriota,Archaea,4,29,869,0.1379,0.1011,1.3642,1.4245,0.3364316738688977,0.813577666267855,False
motif_69,Streptophyta,Plantae,7,29,1334,0.2414,0.1552,1.5552,1.7357,0.15170447172365545,0.6194270897391854,False
motif_70,Arthropoda,Animalia,3,43,336,0.0698,0.0391,1.7847,1.8511,0.23579148308589196,0.7471987564425434,False
motif_70,Chlorophyta,Plantae,2,43,286,0.0465,0.0333,1.3978,1.4201,0.4215994174518923,0.860719849655032,False
motif_70,Evosea,Protozoa,3,43,532,0.0698,0.0619,1.1272,1.1375,0.5025231542058356,0.9049664058897045,False
motif_70,Methanobacteriota,Archaea,4,43,869,0.093,0.1011,0.9201,0.9115,0.6446829656086477,0.9497811466344049,False
motif_70,Mucoromycota,Fungi,5,43,862,0.1163,0.1003,1.1594,1.1814,0.4351912613516922,0.8703825227033843,False
motif_70,Streptophyta,Plantae,9,43,1334,0.2093,0.1552,1.3485,1.4438,0.2143953751413492,0.7202696717406181,False
motif_70,Thermoproteota,Archaea,5,43,992,0.1163,0.1154,1.0075,1.0085,0.5638712032340181,0.9330584541935542,False
motif_71,Chlorophyta,Plantae,4,33,286,0.1212,0.0333,3.6427,4.0499,0.022993601311353147,0.2231230942064639,False
motif_71,Evosea,Protozoa,3,33,532,0.0909,0.0619,1.4687,1.5185,0.3351210022009919,0.813577666267855,False
motif_71,Methanobacteriota,Archaea,4,33,869,0.1212,0.1011,1.1989,1.2273,0.4316719752809684,0.8703825227033843,False
motif_71,Mucoromycota,Fungi,3,33,862,0.0909,0.1003,0.9065,0.8967,0.6568439918002382,0.9497811466344049,False
motif_71,Thermoproteota,Archaea,2,33,992,0.0606,0.1154,0.5251,0.4935,0.9077157672855836,0.9970658001700066,False
motif_72,Arthropoda,Animalia,2,47,336,0.0426,0.0391,1.0885,1.093,0.5537235068122652,0.9309661526298192,False
motif_72,Discosea,Protozoa,2,47,136,0.0426,0.0158,2.6893,2.7907,0.1701226701294903,0.6475371366672125,False
motif_72,Evosea,Protozoa,3,47,532,0.0638,0.0619,1.0312,1.0336,0.5634139348502638,0.9330584541935542,False
motif_72,Methanobacteriota,Archaea,6,47,869,0.1277,0.1011,1.2626,1.3032,0.3378879605972263,0.813577666267855,False
motif_72,Streptophyta,Plantae,6,47,1334,0.1277,0.1552,0.8225,0.7956,0.7586309395161557,0.9839668621447168,False
motif_72,Thermoproteota,Archaea,4,47,992,0.0851,0.1154,0.7374,0.7118,0.8075719182054877,0.99451782107906,False
motif_73,Arthropoda,Animalia,3,34,336,0.0882,0.0391,2.2571,2.3912,0.1461203344775556,0.6084520257449363,False
motif_73,Methanobacteriota,Archaea,3,34,869,0.0882,0.1011,0.8727,0.8599,0.6825215588212562,0.9562601519313856,False
motif_73,Mollusca,Animalia,2,34,370,0.0588,0.043,1.3665,1.3915,0.43366855583172415,0.8703825227033843,False
motif_73,Mucoromycota,Fungi,5,34,862,0.1471,0.1003,1.4663,1.5499,0.25123517505497556,0.7522698955931839,False
motif_73,Streptophyta,Plantae,2,34,1334,0.0588,0.1552,0.379,0.3392,0.9767655888068156,1.0,False
motif_73,Thermoproteota,Archaea,3,34,992,0.0882,0.1154,0.7645,0.7409,0.7689152591597598,0.9915789888426106,False
motif_74,Arthropoda,Animalia,2,34,336,0.0588,0.0391,1.5047,1.5395,0.38596736564413753,0.8289435788359458,False
motif_74,Chlorophyta,Plantae,2,34,286,0.0588,0.0333,1.7678,1.8215,0.31329283057429963,0.8085936632263382,False
motif_74,Evosea,Protozoa,6,34,532,0.1765,0.0619,2.8511,3.2734,0.016675436543440333,0.18724133033063003,False
motif_74,Mucoromycota,Fungi,2,34,862,0.0588,0.1003,0.5865,0.5597,0.8687471387333439,0.9970658001700066,False
motif_74,Nematoda,Animalia,2,34,128,0.0588,0.0149,3.9499,4.184,0.09068045662515313,0.5221599919953873,False
motif_74,Streptophyta,Plantae,4,34,1334,0.1176,0.1552,0.758,0.7249,0.7959671664216642,0.99451782107906,False
motif_74,Thermoproteota,Archaea,3,34,992,0.0882,0.1154,0.7645,0.7409,0.7689152591597598,0.9915789888426106,False
motif_75,Methanobacteriota,Archaea,3,36,869,0.0833,0.1011,0.8242,0.8076,0.7199690108068713,0.9711786221641464,False
motif_75,Mollusca,Animalia,5,36,370,0.1389,0.043,3.2264,3.6209,0.0180764776495934,0.1959739507942126,False
motif_75,Mucoromycota,Fungi,2,36,862,0.0556,0.1003,0.5539,0.5266,0.8888812251808019,0.9970658001700066,False
motif_75,Nematoda,Animalia,2,36,128,0.0556,0.0149,3.7305,3.937,0.09992882869387537,0.5415048071783112,False
motif_75,Streptophyta,Plantae,8,36,1334,0.2222,0.1552,1.4318,1.5585,0.18512630950880007,0.6815422916811095,False
motif_75,Thermoproteota,Archaea,6,36,992,0.1667,0.1154,1.4441,1.5361,0.23033037003497484,0.7404485515234773,False
motif_76,Evosea,Protozoa,5,33,532,0.1515,0.0619,2.4479,2.7226,0.05034735742670466,0.384764027456515,False
motif_76,Methanobacteriota,Archaea,6,33,869,0.1818,0.1011,1.7983,1.9825,0.11002049270392723,0.556116445435928,False
motif_76,Mucoromycota,Fungi,2,33,862,0.0606,0.1003,0.6043,0.5778,0.8574676244640668,0.9970658001700066,False
motif_76,Streptophyta,Plantae,3,33,1334,0.0909,0.1552,0.5857,0.5433,0.9052183360636621,0.9970658001700066,False
motif_76,Thermoproteota,Archaea,5,33,992,0.1515,0.1154,1.3128,1.3705,0.3311217577967747,0.813577666267855,False
motif_77,Chlorophyta,Plantae,2,39,286,0.0513,0.0333,1.5412,1.5744,0.37436281572165686,0.8289435788359458,False
motif_77,Methanobacteriota,Archaea,5,39,869,0.1282,0.1011,1.268,1.3092,0.3591791691082663,0.8150994597945757,False
motif_77,Mollusca,Animalia,2,39,370,0.0513,0.043,1.1913,1.2027,0.5053115919536166,0.9049664058897045,False
motif_77,Mucoromycota,Fungi,4,39,862,0.1026,0.1003,1.0227,1.0254,0.5590614934313739,0.9330584541935542,False
motif_77,Streptophyta,Plantae,6,39,1334,0.1538,0.1552,0.9912,0.9896,0.5774436296672716,0.9357699537637565,False
motif_77,Thermoproteota,Archaea,3,39,992,0.0769,0.1154,0.6665,0.6376,0.8440333622772931,0.9945676565140079,False
motif_78,Evosea,Protozoa,2,23,532,0.087,0.0619,1.4049,1.4451,0.42108267207772115,0.860719849655032,False
motif_78,Streptophyta,Plantae,5,23,1334,0.2174,0.1552,1.4007,1.5139,0.27990651844819947,0.7826524280874282,False
motif_78,Thermoproteota,Archaea,5,23,992,0.2174,0.1154,1.8835,2.1347,0.11767594464644639,0.5657082109608982,False
motif_79,Arthropoda,Animalia,4,28,336,0.1429,0.0391,3.6543,4.134,0.02237593470469692,0.21847807053281715,False
motif_79,Methanobacteriota,Archaea,2,28,869,0.0714,0.1011,0.7065,0.6832,0.7906706805228142,0.99451782107906,False
motif_79,Streptophyta,Plantae,8,28,1334,0.2857,0.1552,1.8409,2.1843,0.05738009250399715,0.40815160821847746,False
motif_79,Thermoproteota,Archaea,3,28,992,0.1071,0.1154,0.9283,0.9195,0.6426648635875976,0.9497811466344049,False
motif_80,Evosea,Protozoa,3,34,532,0.0882,0.0619,1.4255,1.4694,0.35242945292604344,0.813577666267855,False
motif_80,Mucoromycota,Fungi,6,34,862,0.1765,0.1003,1.7596,1.9288,0.11934264097981753,0.5702329228579731,False
motif_80,Streptophyta,Plantae,10,34,1334,0.2941,0.1552,1.895,2.2775,0.029474123503204077,0.26177018162167687,False
motif_80,Thermoproteota,Archaea,8,34,992,0.2353,0.1154,2.0387,2.3693,0.03613688639020929,0.29741981887648694,False
motif_81,Methanobacteriota,Archaea,2,25,869,0.08,0.1011,0.7913,0.7726,0.7350556801427854,0.9748809687236342,False
motif_81,Mucoromycota,Fungi,2,25,862,0.08,0.1003,0.7977,0.7796,0.7307711921664326,0.9737164030360457,False
motif_81,Streptophyta,Plantae,6,25,1334,0.24,0.1552,1.5463,1.7221,0.18092008149904734,0.6691914543917705,False
motif_81,Thermoproteota,Archaea,5,25,992,0.2,0.1154,1.7329,1.9207,0.15403463626138703,0.6224741599046283,False
motif_82,Evosea,Protozoa,2,29,532,0.069,0.0619,1.1142,1.1231,0.5436336870063512,0.9189162967462194,False
motif_82,Methanobacteriota,Archaea,5,29,869,0.1724,0.1011,1.7053,1.8572,0.16338974819704521,0.6357640697172154,False
motif_82,Mollusca,Animalia,4,29,370,0.1379,0.043,3.2041,3.5847,0.034275528240623424,0.2881343871350803,False
motif_82,Streptophyta,Plantae,6,29,1334,0.2069,0.1552,1.333,1.4218,0.2890876553535046,0.7848804736022612,False
motif_82,Thermoproteota,Archaea,5,29,992,0.1724,0.1154,1.4938,1.5998,0.23791974357635703,0.7471987564425434,False
motif_83,Arthropoda,Animalia,2,32,336,0.0625,0.0391,1.5988,1.6425,0.35762224388746044,0.813577666267855,False
motif_83,Chlorophyta,Plantae,2,32,286,0.0625,0.0333,1.8783,1.9434,0.28846010748199097,0.7848804736022612,False
motif_83,Methanobacteriota,Archaea,7,32,869,0.2188,0.1011,2.1636,2.5015,0.03745956023822114,0.3067001494504356,False
motif_83,Mucoromycota,Fungi,3,32,862,0.0938,0.1003,0.9348,0.9278,0.6358028938934106,0.9497811466344049,False
motif_83,Streptophyta,Plantae,5,32,1334,0.1562,0.1552,1.0067,1.008,0.5684439161764376,0.9357699537637565,False
motif_83,Thermoproteota,Archaea,5,32,992,0.1562,0.1154,1.3538,1.4214,0.3073230174489225,0.8078792365045253,False
motif_84,Arthropoda,Animalia,3,51,336,0.0588,0.0391,1.5047,1.5411,0.32151472679654053,0.813577666267855,False
motif_84,Chlorophyta,Plantae,2,51,286,0.0392,0.0333,1.1785,1.1871,0.5101263443295044,0.9081750999841235,False
motif_84,Discosea,Protozoa,2,51,136,0.0392,0.0158,2.4784,2.5617,0.19292668013567346,0.6875363902188464,False
motif_84,Evosea,Protozoa,5,51,532,0.098,0.0619,1.5839,1.6535,0.20635250050617565,0.7098164787652257,False
motif_84,Methanobacteriota,Archaea,2,51,869,0.0392,0.1011,0.3879,0.3614,0.9709798133041063,1.0,False
motif_84,Mollusca,Animalia,5,51,370,0.098,0.043,2.2774,2.4357,0.06713363587408025,0.45085628945355244,False
motif_84,Mucoromycota,Fungi,4,51,862,0.0784,0.1003,0.782,0.7624,0.7664365284874786,0.9915789888426106,False
motif_84,Streptophyta,Plantae,3,51,1334,0.0588,0.1552,0.379,0.3387,0.9903388006781285,1.0,False
motif_84,Thermoproteota,Archaea,7,51,992,0.1373,0.1154,1.1892,1.2209,0.37395032588744975,0.8289435788359458,False
motif_85,Evosea,Protozoa,3,28,532,0.1071,0.0619,1.731,1.8234,0.248987935698843,0.7522698955931839,False
motif_85,Methanobacteriota,Archaea,3,28,869,0.1071,0.1011,1.0597,1.0671,0.548679164447688,0.9254545563430961,False
motif_85,Mucoromycota,Fungi,3,28,862,0.1071,0.1003,1.0683,1.0768,0.5429573409626866,0.9189162967462194,False
motif_85,Streptophyta,Plantae,3,28,1334,0.1071,0.1552,0.6903,0.6524,0.8323536171376393,0.99451782107906,False
motif_85,Thermoproteota,Archaea,3,28,992,0.1071,0.1154,0.9283,0.9195,0.6426648635875976,0.9497811466344049,False
motif_86,Bacillota,Bacteria,2,29,33,0.069,0.0038,17.9624,20.3943,0.005439921674303589,0.08683726885858496,False
motif_86,Methanobacteriota,Archaea,3,29,869,0.1034,0.1011,1.0232,1.0259,0.5731692595144717,0.9357699537637565,False
motif_86,Mucoromycota,Fungi,7,29,862,0.2414,0.1003,2.4068,2.8696,0.021729484212468852,0.21656355225021479,False
motif_86,Nematoda,Animalia,3,29,128,0.1034,0.0149,6.9464,7.7917,0.00888607444987488,0.12472240210002956,False
motif_86,Streptophyta,Plantae,6,29,1334,0.2069,0.1552,1.333,1.4218,0.2890876553535046,0.7848804736022612,False
motif_87,Evosea,Protozoa,2,25,532,0.08,0.0619,1.2925,1.3191,0.46390795289762676,0.8938760555663073,False
motif_87,Methanobacteriota,Archaea,2,25,869,0.08,0.1011,0.7913,0.7726,0.7350556801427854,0.9748809687236342,False
motif_87,Nematoda,Animalia,4,25,128,0.16,0.0149,10.7438,12.9739,0.00046580759626507783,0.012846483181205305,True
motif_87,Streptophyta,Plantae,2,25,1334,0.08,0.1552,0.5154,0.4725,0.9178133044212853,0.9970658001700066,False
motif_87,Thermoproteota,Archaea,5,25,992,0.2,0.1154,1.7329,1.9207,0.15403463626138703,0.6224741599046283,False
motif_88,Evosea,Protozoa,3,45,532,0.0667,0.0619,1.0771,1.083,0.5335283496781907,0.9189162967462194,False
motif_88,Methanobacteriota,Archaea,2,45,869,0.0444,0.1011,0.4396,0.4122,0.9503521073349614,1.0,False
motif_88,Mollusca,Animalia,2,45,370,0.0444,0.043,1.0324,1.0341,0.5831491410330659,0.9357699537637565,False
motif_88,Mucoromycota,Fungi,3,45,862,0.0667,0.1003,0.6647,0.6395,0.843144856270399,0.9945676565140079,False
motif_88,Streptophyta,Plantae,2,45,1334,0.0444,0.1552,0.2864,0.252,0.9953882467412465,1.0,False
motif_88,Thermoproteota,Archaea,8,45,992,0.1778,0.1154,1.5403,1.6625,0.1410052250085336,0.6084520257449363,False
motif_89,Methanobacteriota,Archaea,4,31,869,0.129,0.1011,1.2762,1.3186,0.38427237348459137,0.8289435788359458,False
motif_89,Mollusca,Animalia,2,31,370,0.0645,0.043,1.4987,1.536,0.38810589950588814,0.8289435788359458,False
motif_89,Mucoromycota,Fungi,5,31,862,0.1613,0.1003,1.6082,1.7294,0.19448210742605182,0.6875363902188464,False
motif_89,Streptophyta,Plantae,6,31,1334,0.1935,0.1552,1.247,1.3077,0.34753445283781886,0.813577666267855,False
motif_89,Thermoproteota,Archaea,4,31,992,0.129,0.1154,1.118,1.136,0.48780382402668127,0.9008913938464727,False
motif_90,Chlorophyta,Plantae,2,30,286,0.0667,0.0333,2.0035,2.0827,0.2635296897507119,0.7685875181597757,False
motif_90,Mollusca,Animalia,4,30,370,0.1333,0.043,3.0973,3.4464,0.03825196897044335,0.30985739224023884,False
motif_90,Streptophyta,Plantae,2,30,1334,0.0667,0.1552,0.4295,0.3879,0.9589200279464807,1.0,False
motif_90,Thermoproteota,Archaea,9,30,992,0.3,0.1154,2.5993,3.3056,0.005280859747775258,0.0855825930258011,False
motif_91,Chlorophyta,Plantae,3,29,286,0.1034,0.0333,3.1089,3.3771,0.0705120929723161,0.4580372320350451,False
motif_91,Evosea,Protozoa,2,29,532,0.069,0.0619,1.1142,1.1231,0.5436336870063512,0.9189162967462194,False
motif_91,Methanobacteriota,Archaea,2,29,869,0.069,0.1011,0.6821,0.6578,0.8067818968938026,0.99451782107906,False
motif_91,Mollusca,Animalia,2,29,370,0.069,0.043,1.6021,1.6502,0.3568494432240709,0.813577666267855,False
motif_91,Mucoromycota,Fungi,3,29,862,0.1034,0.1003,1.0315,1.0352,0.5674301194761457,0.9357699537637565,False
motif_91,Streptophyta,Plantae,2,29,1334,0.069,0.1552,0.4443,0.4023,0.952721687077332,1.0,False
motif_91,Thermoproteota,Archaea,3,29,992,0.1034,0.1154,0.8963,0.884,0.6666611279640371,0.9501280989659713,False
motif_92,Evosea,Protozoa,4,51,532,0.0784,0.0619,1.2671,1.2921,0.3889605610430185,0.8296417937036975,False
motif_92,Methanobacteriota,Archaea,4,51,869,0.0784,0.1011,0.7757,0.7555,0.7721042577599182,0.9929515092354594,False
motif_92,Mollusca,Animalia,2,51,370,0.0392,0.043,0.911,0.9068,0.6515979007784926,0.9497811466344049,False
motif_92,Mucoromycota,Fungi,3,51,862,0.0588,0.1003,0.5865,0.5592,0.8979072930714929,0.9970658001700066,False
motif_92,Nematoda,Animalia,3,51,128,0.0588,0.0149,3.9499,4.2095,0.04002432151115676,0.31776885563403245,False
motif_92,Streptophyta,Plantae,6,51,1334,0.1176,0.1552,0.758,0.7245,0.8245648498144372,0.99451782107906,False
motif_92,Thermoproteota,Archaea,2,51,992,0.0392,0.1154,0.3398,0.3114,0.9854906984579802,1.0,False
motif_93,Arthropoda,Animalia,3,37,336,0.0811,0.0391,2.0741,2.1794,0.17472282260192945,0.6493245322227732,False
motif_93,Chlorophyta,Plantae,2,37,286,0.0541,0.0333,1.6245,1.6648,0.3501571781155587,0.813577666267855,False
motif_93,Methanobacteriota,Archaea,12,37,869,0.3243,0.1011,3.2078,4.3133,0.00017898590400400706,0.005627316821885982,True
motif_93,Mollusca,Animalia,2,37,370,0.0541,0.043,1.2557,1.2717,0.47735197571419785,0.898679408170921,False
motif_93,Streptophyta,Plantae,5,37,1334,0.1351,0.1552,0.8707,0.8499,0.7009855104711848,0.9644546621865697,False
motif_93,Thermoproteota,Archaea,4,37,992,0.1081,0.1154,0.9367,0.9287,0.6321749302106263,0.9497811466344049,False
motif_94,Mollusca,Animalia,2,22,370,0.0909,0.043,2.1118,2.2296,0.2442340886859511,0.748413230827125,False
motif_94,Mucoromycota,Fungi,2,22,862,0.0909,0.1003,0.9065,0.8969,0.6627925686119226,0.9497811466344049,False
motif_94,Streptophyta,Plantae,5,22,1334,0.2273,0.1552,1.4643,1.6032,0.2482362910734882,0.7522698955931839,False
motif_94,Thermoproteota,Archaea,3,22,992,0.1364,0.1154,1.1815,1.2108,0.47471481781565616,0.898679408170921,False
motif_95,Methanobacteriota,Archaea,4,24,869,0.1667,0.1011,1.6484,1.7817,0.21979304407865433,0.7259253403812864,False
motif_95,Mollusca,Animalia,2,24,370,0.0833,0.043,1.9358,2.0264,0.27664574526617025,0.780766807106678,False
motif_95,Mucoromycota,Fungi,4,24,862,0.1667,0.1003,1.6618,1.7979,0.2155575517186272,0.7202696717406181,False
motif_95,Streptophyta,Plantae,2,24,1334,0.0833,0.1552,0.5369,0.4941,0.9058736100535367,0.9970658001700066,False
motif_95,Thermoproteota,Archaea,2,24,992,0.0833,0.1154,0.722,0.6961,0.7827249132993015,0.99451782107906,False
motif_96,Chlorophyta,Plantae,2,44,286,0.0455,0.0333,1.366,1.3862,0.43312629459558577,0.8703825227033843,False
motif_96,Discosea,Protozoa,3,44,136,0.0682,0.0158,4.309,4.6312,0.03202555261603294,0.2721306416886691,False
motif_96,Evosea,Protozoa,16,44,532,0.3636,0.0619,5.8749,8.8981,3.0626304032310733e-09,2.292597616132975e-07,True
motif_96,Mucoromycota,Fungi,4,44,862,0.0909,0.1003,0.9065,0.8966,0.6563904414452086,0.9497811466344049,False
motif_96,Streptophyta,Plantae,5,44,1334,0.1136,0.1552,0.7322,0.6967,0.8344321382105137,0.99451782107906,False
motif_96,Thermoproteota,Archaea,2,44,992,0.0455,0.1154,0.3938,0.3637,0.9697254561636184,1.0,False
motif_97,Arthropoda,Animalia,2,32,336,0.0625,0.0391,1.5988,1.6425,0.35762224388746044,0.813577666267855,False
motif_97,Evosea,Protozoa,4,32,532,0.125,0.0619,2.0195,2.174,0.1330777828750832,0.6011444674702034,False
motif_97,Methanobacteriota,Archaea,3,32,869,0.0938,0.1011,0.9273,0.9194,0.6414677541020282,0.9497811466344049,False
motif_97,Mucoromycota,Fungi,4,32,862,0.125,0.1003,1.2464,1.2829,0.40193098141136935,0.8413255696120808,False
motif_97,Streptophyta,Plantae,2,32,1334,0.0625,0.1552,0.4027,0.3619,0.9690600310182612,1.0,False
motif_97,Thermoproteota,Archaea,6,32,992,0.1875,0.1154,1.6246,1.7734,0.15668729461992537,0.6249821237782561,False
motif_98,Chlorophyta,Plantae,3,29,286,0.1034,0.0333,3.1089,3.3771,0.0705120929723161,0.4580372320350451,False
motif_98,Evosea,Protozoa,3,29,532,0.1034,0.0619,1.6713,1.753,0.2660318744545801,0.7701696254928175,False
motif_98,Methanobacteriota,Archaea,4,29,869,0.1379,0.1011,1.3642,1.4245,0.3364316738688977,0.813577666267855,False
motif_98,Mucoromycota,Fungi,2,29,862,0.069,0.1003,0.6877,0.6637,0.8029916791701038,0.99451782107906,False
motif_98,Streptophyta,Plantae,2,29,1334,0.069,0.1552,0.4443,0.4023,0.952721687077332,1.0,False
motif_98,Thermoproteota,Archaea,5,29,992,0.1724,0.1154,1.4938,1.5998,0.23791974357635703,0.7471987564425434,False
motif_99,Arthropoda,Animalia,11,58,336,0.1897,0.0391,4.8514,5.9137,1.2108814353714728e-05,0.0005144609774064743,True
motif_99,Evosea,Protozoa,5,58,532,0.0862,0.0619,1.3928,1.4339,0.28872013168464244,0.7848804736022612,False
motif_99,Methanobacteriota,Archaea,3,58,869,0.0517,0.1011,0.5116,0.4832,0.9418428789857963,1.0,False
motif_99,Mucoromycota,Fungi,2,58,862,0.0345,0.1003,0.3438,0.3188,0.9839897166551675,1.0,False
motif_99,Streptophyta,Plantae,5,58,1334,0.0862,0.1552,0.5554,0.5117,0.9586088054490761,1.0,False
motif_99,Thermoproteota,Archaea,3,58,992,0.0517,0.1154,0.4482,0.4163,0.9704891031338491,1.0,False
motif_100,Chlorophyta,Plantae,2,28,286,0.0714,0.0333,2.1466,2.2435,0.23860927209551958,0.7471987564425434,False
motif_100,Methanobacteriota,Archaea,6,28,869,0.2143,0.1011,2.1194,2.4346,0.05719947465995774,0.40815160821847746,False
motif_100,Mollusca,Animalia,3,28,370,0.1071,0.043,2.4889,2.6812,0.11748674439984332,0.5657082109608982,False
motif_100,Mucoromycota,Fungi,2,28,862,0.0714,0.1003,0.7122,0.6894,0.7867460543636239,0.99451782107906,False
motif_100,Streptophyta,Plantae,3,28,1334,0.1071,0.1552,0.6903,0.6524,0.8323536171376393,0.99451782107906,False
motif_100,Thermoproteota,Archaea,5,28,992,0.1786,0.1154,1.5472,1.6695,0.2158059894337348,0.7202696717406181,False
motif_101,Evosea,Protozoa,2,30,532,0.0667,0.0619,1.0771,1.0829,0.5622355362247389,0.9330584541935542,False
motif_101,Methanobacteriota,Archaea,7,30,869,0.2333,0.1011,2.3078,2.7197,0.027015430571832998,0.24835237929193843,False
motif_101,Mucoromycota,Fungi,4,30,862,0.1333,0.1003,1.3295,1.3819,0.3545832280412598,0.813577666267855,False
motif_101,Thermoproteota,Archaea,3,30,992,0.1,0.1154,0.8664,0.8511,0.6894591457960699,0.9608420010562251,False
motif_102,Mucoromycota,Fungi,3,31,862,0.0968,0.1003,0.9649,0.961,0.6138774020982194,0.946485841892679,False
motif_102,Streptophyta,Plantae,6,31,1334,0.1935,0.1552,1.247,1.3077,0.34753445283781886,0.813577666267855,False
motif_102,Thermoproteota,Archaea,9,31,992,0.2903,0.1154,2.5154,3.155,0.006695140993505705,0.10318393766461734,False
motif_103,Methanobacteriota,Archaea,13,35,869,0.3714,0.1011,3.6737,5.3182,1.8711875105190092e-05,0.0007174406747648493,True
motif_103,Mucoromycota,Fungi,4,35,862,0.1143,0.1003,1.1395,1.1583,0.47152843529675437,0.898679408170921,False
motif_103,Streptophyta,Plantae,3,35,1334,0.0857,0.1552,0.5523,0.5092,0.9252780188573374,0.9998341823455873,False
motif_103,Thermoproteota,Archaea,3,35,992,0.0857,0.1154,0.7427,0.7177,0.7859694332614828,0.99451782107906,False
motif_104,Chlorophyta,Plantae,2,31,286,0.0645,0.0333,1.9389,2.0107,0.2760007234803072,0.780766807106678,False
motif_104,Evosea,Protozoa,2,31,532,0.0645,0.0619,1.0423,1.0454,0.5802880585352351,0.9357699537637565,False
motif_104,Methanobacteriota,Archaea,6,31,869,0.1935,0.1011,1.9143,2.1416,0.08659647798343661,0.5033660659897773,False
motif_104,Mollusca,Animalia,2,31,370,0.0645,0.043,1.4987,1.536,0.38810589950588814,0.8289435788359458,False
motif_104,Streptophyta,Plantae,10,31,1334,0.3226,0.1552,2.0784,2.6039,0.015410563234959826,0.17944744744708774,False
motif_104,Thermoproteota,Archaea,2,31,992,0.0645,0.1154,0.559,0.5276,0.8877844003956219,0.9970658001700066,False
motif_105,Arthropoda,Animalia,9,37,336,0.2432,0.0391,6.2222,8.0908,9.036969473295052e-06,0.00040588902891485206,True
motif_105,Evosea,Protozoa,2,37,532,0.0541,0.0619,0.8733,0.8656,0.6770384256519688,0.9545330987667221,False
motif_105,Methanobacteriota,Archaea,3,37,869,0.0811,0.1011,0.8019,0.7837,0.737362259422647,0.9748809687236342,False
motif_105,Mucoromycota,Fungi,4,37,862,0.1081,0.1003,1.0779,1.0878,0.5162157863688048,0.911127260507399,False
motif_105,Streptophyta,Plantae,7,37,1334,0.1892,0.1552,1.219,1.2715,0.34826852016584636,0.813577666267855,False
motif_105,Thermoproteota,Archaea,2,37,992,0.0541,0.1154,0.4683,0.4368,0.9380361198818209,0.9998341823455873,False
motif_106,Arthropoda,Animalia,5,34,336,0.1471,0.0391,3.7618,4.2869,0.00969851351343173,0.133737396869427,False
motif_106,Chlorophyta,Plantae,3,34,286,0.0882,0.0333,2.6517,2.8307,0.1025271594768973,0.542669005716103,False
motif_106,Evosea,Protozoa,2,34,532,0.0588,0.0619,0.9504,0.9471,0.6311281670535739,0.9497811466344049,False
motif_106,Mucoromycota,Fungi,3,34,862,0.0882,0.1003,0.8798,0.8677,0.6769953961556335,0.9545330987667221,False
motif_106,Streptophyta,Plantae,4,34,1334,0.1176,0.1552,0.758,0.7249,0.7959671664216642,0.99451782107906,False
motif_106,Thermoproteota,Archaea,6,34,992,0.1765,0.1154,1.529,1.6463,0.1921567935721932,0.6875363902188464,False
motif_107,Chlorophyta,Plantae,2,37,286,0.0541,0.0333,1.6245,1.6648,0.3501571781155587,0.813577666267855,False
motif_107,Evosea,Protozoa,4,37,532,0.1081,0.0619,1.7466,1.8434,0.1935616682090924,0.6875363902188464,False
motif_107,Methanobacteriota,Archaea,4,37,869,0.1081,0.1011,1.0693,1.078,0.5228455264947458,0.9112684706842263,False
motif_107,Mucoromycota,Fungi,3,37,862,0.0811,0.1003,0.8085,0.7908,0.7321455396874084,0.9737164030360457,False
motif_107,Streptophyta,Plantae,8,37,1334,0.2162,0.1552,1.3931,1.5046,0.20625454039898358,0.7098164787652257,False
motif_108,Evosea,Protozoa,2,32,532,0.0625,0.0619,1.0098,1.0104,0.5977878751766732,0.9359786252766238,False
motif_108,Methanobacteriota,Archaea,2,32,869,0.0625,0.1011,0.6182,0.5918,0.8486743577980757,0.9945676565140079,False
motif_108,Mucoromycota,Fungi,8,32,862,0.25,0.1003,2.4927,3.009,0.011728304503485363,0.15237103040891728,False
motif_108,Nematoda,Animalia,2,32,128,0.0625,0.0149,4.1968,4.464,0.08170605474684652,0.49399972990175034,False
motif_108,Streptophyta,Plantae,3,32,1334,0.0938,0.1552,0.604,0.5621,0.8934582561743624,0.9970658001700066,False
motif_108,Thermoproteota,Archaea,3,32,992,0.0938,0.1154,0.8123,0.7922,0.7314938603768051,0.9737164030360457,False
motif_109,Arthropoda,Animalia,3,30,336,0.1,0.0391,2.558,2.7467,0.1107607730266896,0.5579526784866433,False
motif_109,Methanobacteriota,Archaea,4,30,869,0.1333,0.1011,1.3188,1.3695,0.36036521918398856,0.8150994597945757,False
motif_109,Mucoromycota,Fungi,4,30,862,0.1333,0.1003,1.3295,1.3819,0.3545832280412598,0.813577666267855,False
motif_109,Streptophyta,Plantae,4,30,1334,0.1333,0.1552,0.8591,0.8369,0.7061624148707009,0.9644546621865697,False
motif_109,Thermoproteota,Archaea,4,30,992,0.1333,0.1154,1.1552,1.1799,0.4614789674757406,0.8938760555663073,False
motif_110,Discosea,Protozoa,2,31,136,0.0645,0.0158,4.0773,4.3387,0.08582028010644832,0.5015222317001367,False
motif_110,Evosea,Protozoa,4,31,532,0.129,0.0619,2.0846,2.2548,0.12205692672831167,0.5761966631138317,False
motif_110,Methanobacteriota,Archaea,4,31,869,0.129,0.1011,1.2762,1.3186,0.38427237348459137,0.8289435788359458,False
motif_110,Mollusca,Animalia,2,31,370,0.0645,0.043,1.4987,1.536,0.38810589950588814,0.8289435788359458,False
motif_110,Streptophyta,Plantae,5,31,1334,0.1613,0.1552,1.0392,1.0469,0.538558687378426,0.9189162967462194,False
motif_110,Thermoproteota,Archaea,5,31,992,0.1613,0.1154,1.3975,1.4763,0.2837861857568919,0.7826524280874282,False
motif_111,Discosea,Protozoa,2,35,136,0.0571,0.0158,3.6113,3.8109,0.10548919796195151,0.5509269740737135,False
motif_111,Evosea,Protozoa,7,35,532,0.2,0.0619,3.2312,3.8262,0.0049296615485735044,0.08244072291869733,False
motif_111,Mucoromycota,Fungi,2,35,862,0.0571,0.1003,0.5698,0.5426,0.8792010305513555,0.9970658001700066,False
motif_111,Streptophyta,Plantae,5,35,1334,0.1429,0.1552,0.9204,0.9068,0.651589978272529,0.9497811466344049,False
motif_111,Thermoproteota,Archaea,2,35,992,0.0571,0.1154,0.4951,0.4634,0.9242951242423545,0.9998341823455873,False
motif_112,Arthropoda,Animalia,3,37,336,0.0811,0.0391,2.0741,2.1794,0.17472282260192945,0.6493245322227732,False
motif_112,Chlorophyta,Plantae,2,37,286,0.0541,0.0333,1.6245,1.6648,0.3501571781155587,0.813577666267855,False
motif_112,Evosea,Protozoa,6,37,532,0.1622,0.0619,2.6199,2.9555,0.024666814976418677,0.23644044599347658,False
motif_112,Streptophyta,Plantae,11,37,1334,0.2973,0.1552,1.9155,2.3137,0.02120857615247438,0.21649273838759564,False
motif_112,Thermoproteota,Archaea,5,37,992,0.1351,0.1154,1.1709,1.1985,0.4269828840466274,0.8660865725436107,False
motif_113,Arthropoda,Animalia,3,32,336,0.0938,0.0391,2.3982,2.5567,0.12800051395023795,0.5866379239935103,False
motif_113,Evosea,Protozoa,2,32,532,0.0625,0.0619,1.0098,1.0104,0.5977878751766732,0.9359786252766238,False
motif_113,Methanobacteriota,Archaea,3,32,869,0.0938,0.1011,0.9273,0.9194,0.6414677541020282,0.9497811466344049,False
motif_113,Mucoromycota,Fungi,2,32,862,0.0625,0.1003,0.6232,0.5971,0.8453086164238348,0.9945676565140079,False
motif_113,Streptophyta,Plantae,6,32,1334,0.1875,0.1552,1.2081,1.2572,0.3771784518691672,0.8289435788359458,False
motif_113,Thermoproteota,Archaea,2,32,992,0.0625,0.1154,0.5415,0.51,0.8982037697302097,0.9970658001700066,False
motif_114,Methanobacteriota,Archaea,3,33,869,0.0909,0.1011,0.8992,0.8887,0.662447331984134,0.9497811466344049,False
motif_114,Mollusca,Animalia,2,33,370,0.0606,0.043,1.4079,1.4365,0.41867545586193744,0.8580936331355484,False
motif_114,Mucoromycota,Fungi,8,33,862,0.2424,0.1003,2.4172,2.8882,0.014157365489478541,0.16860135264742626,False
motif_114,Streptophyta,Plantae,7,33,1334,0.2121,0.1552,1.3667,1.4679,0.24359640010113887,0.748413230827125,False
motif_114,Thermoproteota,Archaea,4,33,992,0.1212,0.1154,1.0502,1.0574,0.5387543879257124,0.9189162967462194,False
motif_115,Chlorophyta,Plantae,2,25,286,0.08,0.0333,2.4042,2.537,0.20152138092435515,0.6985076256350136,False
motif_115,Methanobacteriota,Archaea,2,25,869,0.08,0.1011,0.7913,0.7726,0.7350556801427854,0.9748809687236342,False
motif_115,Mollusca,Animalia,2,25,370,0.08,0.043,1.8584,1.9381,0.29283475035608475,0.788246964999598,False
motif_115,Mucoromycota,Fungi,3,25,862,0.12,0.1003,1.1965,1.2241,0.4650419535716728,0.8938760555663073,False
motif_115,Streptophyta,Plantae,4,25,1334,0.16,0.1552,1.0309,1.0369,0.5580267206190013,0.9330584541935542,False
motif_115,Thermoproteota,Archaea,8,25,992,0.32,0.1154,2.7726,3.6279,0.005468759298346,0.08683726885858496,False
motif_116,Methanobacteriota,Archaea,3,37,869,0.0811,0.1011,0.8019,0.7837,0.737362259422647,0.9748809687236342,False
motif_116,Mucoromycota,Fungi,5,37,862,0.1351,0.1003,1.3474,1.4041,0.31146109885506645,0.8085936632263382,False
motif_116,Streptophyta,Plantae,7,37,1334,0.1892,0.1552,1.219,1.2715,0.34826852016584636,0.813577666267855,False
motif_116,Thermoproteota,Archaea,6,37,992,0.1622,0.1154,1.405,1.4864,0.2502537472580655,0.7522698955931839,False
motif_117,Methanobacteriota,Archaea,8,26,869,0.3077,0.1011,3.0433,3.9788,0.0031445918829354144,0.05955781252981291,False
motif_117,Mucoromycota,Fungi,2,26,862,0.0769,0.1003,0.767,0.747,0.7506931333329593,0.9798930526380571,False
motif_117,Streptophyta,Plantae,11,26,1334,0.4231,0.1552,2.7259,4.0164,0.0009756068559877599,0.021909342537325124,True
motif_118,Methanobacteriota,Archaea,7,28,869,0.25,0.1011,2.4727,2.9795,0.018750027140185536,0.20188385386555935,False
motif_118,Mollusca,Animalia,2,28,370,0.0714,0.043,1.6593,1.7138,0.341003829110139,0.813577666267855,False
motif_118,Thermoproteota,Archaea,3,28,992,0.1071,0.1154,0.9283,0.9195,0.6426648635875976,0.9497811466344049,False
motif_119,Methanobacteriota,Archaea,3,31,869,0.0968,0.1011,0.9572,0.9524,0.6195864863916613,0.9493079499100308,False
motif_119,Mucoromycota,Fungi,3,31,862,0.0968,0.1003,0.9649,0.961,0.6138774020982194,0.946485841892679,False
motif_119,Streptophyta,Plantae,6,31,1334,0.1935,0.1552,1.247,1.3077,0.34753445283781886,0.813577666267855,False
motif_119,Thermoproteota,Archaea,3,31,992,0.0968,0.1154,0.8385,0.8206,0.7110650731285046,0.9661143430924886,False
motif_120,Methanobacteriota,Archaea,3,26,869,0.1154,0.1011,1.1412,1.1602,0.49732317968302614,0.9038058248112336,False
motif_120,Mucoromycota,Fungi,8,26,862,0.3077,0.1003,3.068,4.0151,0.0029882159272919383,0.05799352392225836,False
motif_120,Streptophyta,Plantae,5,26,1334,0.1923,0.1552,1.239,1.2971,0.37818295994387424,0.8289435788359458,False
motif_121,Arthropoda,Animalia,2,35,336,0.0571,0.0391,1.4617,1.4927,0.3999364327342002,0.8413255696120808,False
motif_121,Evosea,Protozoa,2,35,532,0.0571,0.0619,0.9232,0.9182,0.6469733095649499,0.9497811466344049,False
motif_121,Mucoromycota,Fungi,9,35,862,0.2571,0.1003,2.564,3.1276,0.006313607514895083,0.09826723775658486,False
motif_121,Nematoda,Animalia,2,35,128,0.0571,0.0149,3.8371,4.0568,0.09527190743265357,0.5329802081285816,False
motif_121,Streptophyta,Plantae,4,35,1334,0.1143,0.1552,0.7363,0.7014,0.8145964810215525,0.99451782107906,False
motif_121,Thermoproteota,Archaea,4,35,992,0.1143,0.1154,0.9902,0.9889,0.5870040687413809,0.9357699537637565,False
motif_122,Chlorophyta,Plantae,5,28,286,0.1786,0.0333,5.3665,6.4103,0.0020629788381600505,0.04157695812291794,True
motif_122,Mucoromycota,Fungi,2,28,862,0.0714,0.1003,0.7122,0.6894,0.7867460543636239,0.99451782107906,False
motif_122,Streptophyta,Plantae,3,28,1334,0.1071,0.1552,0.6903,0.6524,0.8323536171376393,0.99451782107906,False
motif_122,Thermoproteota,Archaea,3,28,992,0.1071,0.1154,0.9283,0.9195,0.6426648635875976,0.9497811466344049,False
motif_123,Arthropoda,Animalia,2,36,336,0.0556,0.0391,1.4211,1.4486,0.4137552689969134,0.8546955096756214,False
motif_123,Evosea,Protozoa,3,36,532,0.0833,0.0619,1.3463,1.38,0.38685197178327646,0.8289435788359458,False
motif_123,Methanobacteriota,Archaea,7,36,869,0.1944,0.1011,1.9232,2.1553,0.06551010918472462,0.4458090547116325,False
motif_123,Mucoromycota,Fungi,2,36,862,0.0556,0.1003,0.5539,0.5266,0.8888812251808019,0.9970658001700066,False
motif_123,Streptophyta,Plantae,3,36,1334,0.0833,0.1552,0.5369,0.4937,0.9337754364127208,0.9998341823455873,False
motif_123,Thermoproteota,Archaea,4,36,992,0.1111,0.1154,0.9627,0.9579,0.6099920063010047,0.946485841892679,False
motif_124,Evosea,Protozoa,2,33,532,0.0606,0.0619,0.9792,0.9777,0.614734125046072,0.946485841892679,False
motif_124,Methanobacteriota,Archaea,4,33,869,0.1212,0.1011,1.1989,1.2273,0.4316719752809684,0.8703825227033843,False
motif_124,Streptophyta,Plantae,4,33,1334,0.1212,0.1552,0.781,0.75,0.7758574572813655,0.9929515092354594,False
motif_125,Evosea,Protozoa,2,37,532,0.0541,0.0619,0.8733,0.8656,0.6770384256519688,0.9545330987667221,False
motif_125,Methanobacteriota,Archaea,2,37,869,0.0541,0.1011,0.5346,0.5069,0.9004925322532368,0.9970658001700066,False
motif_125,Mollusca,Animalia,9,37,370,0.2432,0.043,5.6505,7.2985,1.9616403583237047e-05,0.0007342139626868723,True
motif_125,Mucoromycota,Fungi,3,37,862,0.0811,0.1003,0.8085,0.7908,0.7321455396874084,0.9737164030360457,False
motif_125,Streptophyta,Plantae,11,37,1334,0.2973,0.1552,1.9155,2.3137,0.02120857615247438,0.21649273838759564,False
motif_125,Thermoproteota,Archaea,4,37,992,0.1081,0.1154,0.9367,0.9287,0.6321749302106263,0.9497811466344049,False
motif_126,Evosea,Protozoa,11,65,532,0.1692,0.0619,2.7341,3.1314,0.001944781174623339,0.04022626324352486,True
motif_126,Methanobacteriota,Archaea,10,65,869,0.1538,0.1011,1.5216,1.6237,0.11645481597157309,0.5650215145287435,False
motif_126,Mucoromycota,Fungi,3,65,862,0.0462,0.1003,0.4602,0.4321,0.9650605173494688,1.0,False
motif_126,Streptophyta,Plantae,3,65,1334,0.0462,0.1552,0.2974,0.2617,0.9986005727113352,1.0,False
motif_126,Thermoproteota,Archaea,6,65,992,0.0923,0.1154,0.7998,0.7781,0.7764997411076964,0.9929515092354594,False
motif_127,Chlorophyta,Plantae,2,35,286,0.0571,0.0333,1.7173,1.7661,0.3256427575487981,0.813577666267855,False
motif_127,Streptophyta,Plantae,11,35,1334,0.3143,0.1552,2.025,2.5071,0.013878046422635173,0.16653655707162207,False
motif_127,Thermoproteota,Archaea,4,35,992,0.1143,0.1154,0.9902,0.9889,0.5870040687413809,0.9357699537637565,False
motif_128,Evosea,Protozoa,3,29,532,0.1034,0.0619,1.6713,1.753,0.2660318744545801,0.7701696254928175,False
motif_128,Mollusca,Animalia,2,29,370,0.069,0.043,1.6021,1.6502,0.3568494432240709,0.813577666267855,False
motif_128,Mucoromycota,Fungi,2,29,862,0.069,0.1003,0.6877,0.6637,0.8029916791701038,0.99451782107906,False
motif_128,Streptophyta,Plantae,7,29,1334,0.2414,0.1552,1.5552,1.7357,0.15170447172365545,0.6194270897391854,False
motif_128,Thermoproteota,Archaea,3,29,992,0.1034,0.1154,0.8963,0.884,0.6666611279640371,0.9501280989659713,False
motif_129,Chlorophyta,Plantae,3,26,286,0.1154,0.0333,3.4676,3.819,0.053914030853865466,0.40167230569799295,False
motif_129,Methanobacteriota,Archaea,2,26,869,0.0769,0.1011,0.7608,0.7403,0.7548667218477654,0.9798930526380571,False
motif_129,Mucoromycota,Fungi,2,26,862,0.0769,0.1003,0.767,0.747,0.7506931333329593,0.9798930526380571,False
motif_129,Streptophyta,Plantae,2,26,1334,0.0769,0.1552,0.4956,0.4528,0.9283174258518769,0.9998341823455873,False
motif_129,Thermoproteota,Archaea,2,26,992,0.0769,0.1154,0.6665,0.638,0.8193361377922117,0.99451782107906,False
motif_130,Evosea,Protozoa,3,31,532,0.0968,0.0619,1.5635,1.6274,0.3004739627225464,0.7963680495616817,False
motif_130,Methanobacteriota,Archaea,4,31,869,0.129,0.1011,1.2762,1.3186,0.38427237348459137,0.8289435788359458,False
motif_130,Mucoromycota,Fungi,5,31,862,0.1613,0.1003,1.6082,1.7294,0.19448210742605182,0.6875363902188464,False
motif_130,Streptophyta,Plantae,4,31,1334,0.129,0.1552,0.8314,0.8058,0.730992596721408,0.9737164030360457,False
motif_130,Thermoproteota,Archaea,2,31,992,0.0645,0.1154,0.559,0.5276,0.8877844003956219,0.9970658001700066,False
motif_131,Evosea,Protozoa,2,31,532,0.0645,0.0619,1.0423,1.0454,0.5802880585352351,0.9357699537637565,False
motif_131,Methanobacteriota,Archaea,2,31,869,0.0645,0.1011,0.6381,0.6123,0.8357239450670726,0.99451782107906,False
motif_131,Mollusca,Animalia,2,31,370,0.0645,0.043,1.4987,1.536,0.38810589950588814,0.8289435788359458,False
motif_131,Mucoromycota,Fungi,2,31,862,0.0645,0.1003,0.6433,0.6178,0.8322145087656834,0.99451782107906,False
motif_131,Streptophyta,Plantae,3,31,1334,0.0968,0.1552,0.6235,0.5822,0.8804040918579467,0.9970658001700066,False
motif_131,Thermoproteota,Archaea,4,31,992,0.129,0.1154,1.118,1.136,0.48780382402668127,0.9008913938464727,False
motif_132,Arthropoda,Animalia,3,28,336,0.1071,0.0391,2.7408,2.9672,0.09450424429168149,0.5329802081285816,False
motif_132,Evosea,Protozoa,3,28,532,0.1071,0.0619,1.731,1.8234,0.248987935698843,0.7522698955931839,False
motif_132,Methanobacteriota,Archaea,2,28,869,0.0714,0.1011,0.7065,0.6832,0.7906706805228142,0.99451782107906,False
motif_132,Mucoromycota,Fungi,6,28,862,0.2143,0.1003,2.1366,2.4568,0.05535743144082586,0.40599690003952105,False
motif_132,Streptophyta,Plantae,2,28,1334,0.0714,0.1552,0.4602,0.4178,0.9456351338240949,1.0,False
motif_132,Thermoproteota,Archaea,2,28,992,0.0714,0.1154,0.6189,0.5887,0.8503173857219,0.9945676565140079,False
motif_133,Discosea,Protozoa,4,36,136,0.1111,0.0158,7.0221,7.9801,0.002385563394235858,0.046876320696734614,True
motif_133,Evosea,Protozoa,6,36,532,0.1667,0.0619,2.6927,3.0544,0.021766565684181893,0.21656355225021479,False
motif_133,Methanobacteriota,Archaea,5,36,869,0.1389,0.1011,1.3737,1.4365,0.29700493729582633,0.7963680495616817,False
motif_133,Mollusca,Animalia,2,36,370,0.0556,0.043,1.2905,1.3093,0.4630159578344932,0.8938760555663073,False
motif_133,Streptophyta,Plantae,7,36,1334,0.1944,0.1552,1.2528,1.3155,0.32140101048022374,0.813577666267855,False
motif_133,Thermoproteota,Archaea,3,36,992,0.0833,0.1154,0.722,0.6958,0.8019673811669807,0.99451782107906,False
motif_134,Arthropoda,Animalia,4,34,336,0.1176,0.0391,3.0095,3.3048,0.04226824125488391,0.3338978655913442,False
motif_134,Chlorophyta,Plantae,3,34,286,0.0882,0.0333,2.6517,2.8307,0.1025271594768973,0.542669005716103,False
motif_134,Evosea,Protozoa,3,34,532,0.0882,0.0619,1.4255,1.4694,0.35242945292604344,0.813577666267855,False
motif_134,Methanobacteriota,Archaea,6,34,869,0.1765,0.1011,1.7454,1.9114,0.12282762256008975,0.576373201983466,False
motif_134,Mucoromycota,Fungi,3,34,862,0.0882,0.1003,0.8798,0.8677,0.6769953961556335,0.9545330987667221,False
motif_134,Streptophyta,Plantae,2,34,1334,0.0588,0.1552,0.379,0.3392,0.9767655888068156,1.0,False
motif_134,Thermoproteota,Archaea,2,34,992,0.0588,0.1154,0.5097,0.478,0.9163907990434476,0.9970658001700066,False
motif_135,Arthropoda,Animalia,4,42,336,0.0952,0.0391,2.4362,2.6065,0.08030468965957646,0.49399972990175034,False
motif_135,Chlorophyta,Plantae,3,42,286,0.0714,0.0333,2.1466,2.2479,0.16302091371563604,0.6357640697172154,False
motif_135,Evosea,Protozoa,9,42,532,0.2143,0.0619,3.462,4.1874,0.0008823248029319893,0.02101537257892556,True
motif_135,Methanobacteriota,Archaea,4,42,869,0.0952,0.1011,0.942,0.9356,0.625861247021648,0.9497811466344049,False
motif_135,Streptophyta,Plantae,6,42,1334,0.1429,0.1552,0.9204,0.9068,0.6529070112355422,0.9497811466344049,False
motif_136,Arthropoda,Animalia,2,31,336,0.0645,0.0391,1.6503,1.6994,0.34327088576638387,0.813577666267855,False
motif_136,Chlorophyta,Plantae,2,31,286,0.0645,0.0333,1.9389,2.0107,0.2760007234803072,0.780766807106678,False
motif_136,Methanobacteriota,Archaea,3,31,869,0.0968,0.1011,0.9572,0.9524,0.6195864863916613,0.9493079499100308,False
motif_136,Mollusca,Animalia,2,31,370,0.0645,0.043,1.4987,1.536,0.38810589950588814,0.8289435788359458,False
motif_136,Mucoromycota,Fungi,3,31,862,0.0968,0.1003,0.9649,0.961,0.6138774020982194,0.946485841892679,False
motif_136,Streptophyta,Plantae,7,31,1334,0.2258,0.1552,1.4549,1.5906,0.19550175981413762,0.6875363902188464,False
motif_136,Thermoproteota,Archaea,2,31,992,0.0645,0.1154,0.559,0.5276,0.8877844003956219,0.9970658001700066,False
motif_137,Arthropoda,Animalia,6,30,336,0.2,0.0391,5.1161,6.2386,0.0009141965254192069,0.021198937205044583,True
motif_137,Methanobacteriota,Archaea,2,30,869,0.0667,0.1011,0.6594,0.6342,0.8217795928944653,0.99451782107906,False
motif_137,Mollusca,Animalia,2,30,370,0.0667,0.043,1.5486,1.591,0.37255592395634435,0.8289435788359458,False
motif_137,Mucoromycota,Fungi,4,30,862,0.1333,0.1003,1.3295,1.3819,0.3545832280412598,0.813577666267855,False
motif_137,Streptophyta,Plantae,5,30,1334,0.1667,0.1552,1.0738,1.0889,0.5077483269686509,0.9049664058897045,False
motif_138,Arthropoda,Animalia,2,31,336,0.0645,0.0391,1.6503,1.6994,0.34327088576638387,0.813577666267855,False
motif_138,Evosea,Protozoa,2,31,532,0.0645,0.0619,1.0423,1.0454,0.5802880585352351,0.9357699537637565,False
motif_138,Methanobacteriota,Archaea,3,31,869,0.0968,0.1011,0.9572,0.9524,0.6195864863916613,0.9493079499100308,False
motif_138,Streptophyta,Plantae,3,31,1334,0.0968,0.1552,0.6235,0.5822,0.8804040918579467,0.9970658001700066,False
motif_138,Thermoproteota,Archaea,4,31,992,0.129,0.1154,1.118,1.136,0.48780382402668127,0.9008913938464727,False
motif_139,Arthropoda,Animalia,2,24,336,0.0833,0.0391,2.1317,2.242,0.24096659356023364,0.748413230827125,False
motif_139,Chlorophyta,Plantae,2,24,286,0.0833,0.0333,2.5044,2.6527,0.18930805734140482,0.6875363902188464,False
motif_139,Methanobacteriota,Archaea,2,24,869,0.0833,0.1011,0.8242,0.8078,0.713896469145095,0.9682875319206984,False
motif_139,Mollusca,Animalia,3,24,370,0.125,0.043,2.9037,3.1935,0.08212013631883043,0.49399972990175034,False
motif_139,Streptophyta,Plantae,5,24,1334,0.2083,0.1552,1.3423,1.434,0.3123003067192274,0.8085936632263382,False
motif_140,Discosea,Protozoa,8,57,136,0.1404,0.0158,8.87,10.727,2.7504569395816613e-06,0.000139474784162012,True
motif_140,Evosea,Protozoa,22,57,532,0.386,0.0619,6.2357,9.8945,7.754103867317751e-13,9.376500984171927e-11,True
motif_140,Methanobacteriota,Archaea,2,57,869,0.0351,0.1011,0.347,0.3217,0.9832153022026875,1.0,False
motif_140,Mucoromycota,Fungi,2,57,862,0.0351,0.1003,0.3499,0.3247,0.9824599410262925,1.0,False
motif_140,Thermoproteota,Archaea,4,57,992,0.0702,0.1154,0.608,0.5767,0.9081138302431762,0.9970658001700066,False
motif_141,Chlorophyta,Plantae,2,26,286,0.0769,0.0333,2.3117,2.431,0.2138219934302294,0.7202696717406181,False
motif_141,Evosea,Protozoa,2,26,532,0.0769,0.0619,1.2428,1.264,0.4846108270061165,0.9008913938464727,False
motif_141,Methanobacteriota,Archaea,3,26,869,0.1154,0.1011,1.1412,1.1602,0.49732317968302614,0.9038058248112336,False
motif_141,Mollusca,Animalia,2,26,370,0.0769,0.043,1.7869,1.8571,0.30897416835339553,0.8081653787879164,False
motif_141,Mucoromycota,Fungi,2,26,862,0.0769,0.1003,0.767,0.747,0.7506931333329593,0.9798930526380571,False
motif_141,Streptophyta,Plantae,4,26,1334,0.1538,0.1552,0.9912,0.9896,0.5907255861962972,0.9357699537637565,False
motif_141,Thermoproteota,Archaea,2,26,992,0.0769,0.1154,0.6665,0.638,0.8193361377922117,0.99451782107906,False
motif_142,Methanobacteriota,Archaea,5,26,869,0.1923,0.1011,1.9021,2.1233,0.11553481368797185,0.5632854061050568,False
motif_142,Mucoromycota,Fungi,3,26,862,0.1154,0.1003,1.1505,1.1707,0.4917078981681129,0.9008913938464727,False
motif_142,Streptophyta,Plantae,3,26,1334,0.1154,0.1552,0.7434,0.7093,0.7917638472541856,0.99451782107906,False
motif_142,Thermoproteota,Archaea,5,26,992,0.1923,0.1154,1.6662,1.829,0.17375831759113067,0.6493245322227732,False
motif_143,Discosea,Protozoa,2,30,136,0.0667,0.0158,4.2132,4.4941,0.08109661493355824,0.49399972990175034,False
motif_143,Evosea,Protozoa,2,30,532,0.0667,0.0619,1.0771,1.0829,0.5622355362247389,0.9330584541935542,False
motif_143,Methanobacteriota,Archaea,2,30,869,0.0667,0.1011,0.6594,0.6342,0.8217795928944653,0.99451782107906,False
motif_143,Mollusca,Animalia,3,30,370,0.1,0.043,2.323,2.482,0.13695871297224077,0.601394125118331,False
motif_143,Mucoromycota,Fungi,4,30,862,0.1333,0.1003,1.3295,1.3819,0.3545832280412598,0.813577666267855,False
motif_143,Streptophyta,Plantae,5,30,1334,0.1667,0.1552,1.0738,1.0889,0.5077483269686509,0.9049664058897045,False
motif_143,Thermoproteota,Archaea,2,30,992,0.0667,0.1154,0.5776,0.5465,0.8763831534751627,0.9970658001700066,False
motif_144,Arthropoda,Animalia,2,265,336,0.0075,0.0391,0.1931,0.1821,0.9997361958791038,1.0,False
motif_144,Bacillota,Bacteria,5,265,33,0.0189,0.0038,4.9142,5.7019,0.003137685249256951,0.05955781252981291,False
motif_144,Chlorophyta,Plantae,4,265,286,0.0151,0.0333,0.4536,0.4374,0.9789334302931555,1.0,False
motif_144,Discosea,Protozoa,6,265,136,0.0226,0.0158,1.4309,1.4612,0.24253703221417275,0.748413230827125,False
motif_144,Evosea,Protozoa,19,265,532,0.0717,0.0619,1.1584,1.1769,0.2849994382616228,0.7846219210985482,False
motif_144,Methanobacteriota,Archaea,34,265,869,0.1283,0.1011,1.269,1.3211,0.08567342671549663,0.5015222317001367,False
motif_144,Mollusca,Animalia,12,265,370,0.0453,0.043,1.0519,1.0562,0.4710398493463084,0.898679408170921,False
motif_144,Mucoromycota,Fungi,25,265,862,0.0943,0.1003,0.9407,0.9325,0.659059708550342,0.9497811466344049,False
motif_144,Streptophyta,Plantae,35,265,1334,0.1321,0.1552,0.851,0.8237,0.8747605237269258,0.9970658001700066,False
motif_144,Thermoproteota,Archaea,26,265,992,0.0981,0.1154,0.8501,0.8293,0.8397747079798129,0.9945676565140079,False
motif_145,Methanobacteriota,Archaea,3,20,869,0.15,0.1011,1.4836,1.5709,0.3293545471144086,0.813577666267855,False
motif_145,Streptophyta,Plantae,2,20,1334,0.1,0.1552,0.6443,0.6042,0.8400930582926949,0.9945676565140079,False
motif_145,Thermoproteota,Archaea,4,20,992,0.2,0.1154,1.7329,1.9198,0.19292981047362542,0.6875363902188464,False
motif_146,Chlorophyta,Plantae,2,40,286,0.05,0.0333,1.5026,1.5328,0.3863292910452907,0.8289435788359458,False
motif_146,Mollusca,Animalia,2,40,370,0.05,0.043,1.1615,1.1709,0.518923489043982,0.9112684706842263,False
motif_146,Mucoromycota,Fungi,9,40,862,0.225,0.1003,2.2435,2.6214,0.015544220659461669,0.179672903504954,False
motif_146,Streptophyta,Plantae,7,40,1334,0.175,0.1552,1.1275,1.1554,0.42969546587832935,0.8693452668735312,False
motif_146,Thermoproteota,Archaea,4,40,992,0.1,0.1154,0.8664,0.851,0.6936853760384576,0.96331573421595,False
motif_147,Chlorophyta,Plantae,2,37,286,0.0541,0.0333,1.6245,1.6648,0.3501571781155587,0.813577666267855,False
motif_147,Discosea,Protozoa,2,37,136,0.0541,0.0158,3.4161,3.5923,0.11573866804830367,0.5632854061050568,False
motif_147,Evosea,Protozoa,3,37,532,0.0811,0.0619,1.3099,1.3392,0.40390699856923384,0.842097880306148,False
motif_147,Mollusca,Animalia,3,37,370,0.0811,0.043,1.8835,1.9693,0.21213564493965326,0.7202696717406181,False
motif_147,Mucoromycota,Fungi,3,37,862,0.0811,0.1003,0.8085,0.7908,0.7321455396874084,0.9737164030360457,False
motif_147,Streptophyta,Plantae,7,37,1334,0.1892,0.1552,1.219,1.2715,0.34826852016584636,0.813577666267855,False
motif_147,Thermoproteota,Archaea,5,37,992,0.1351,0.1154,1.1709,1.1985,0.4269828840466274,0.8660865725436107,False
motif_148,Chlorophyta,Plantae,2,42,286,0.0476,0.0333,1.4311,1.4558,0.4099538749850538,0.8501945797843069,False
motif_148,Discosea,Protozoa,3,42,136,0.0714,0.0158,4.5142,4.8699,0.02839655097513484,0.25508216075949697,False
motif_148,Mucoromycota,Fungi,14,42,862,0.3333,0.1003,3.3237,4.543,3.381810110023033e-05,0.0012082285211264107,True
motif_148,Thermoproteota,Archaea,5,42,992,0.119,0.1154,1.0315,1.0359,0.5421213022948477,0.9189162967462194,False
motif_149,Chlorophyta,Plantae,2,31,286,0.0645,0.0333,1.9389,2.0107,0.2760007234803072,0.780766807106678,False
motif_149,Evosea,Protozoa,5,31,532,0.1613,0.0619,2.6058,2.9328,0.03984210787730988,0.31776885563403245,False
motif_149,Methanobacteriota,Archaea,10,31,869,0.3226,0.1011,3.1905,4.2713,0.0006485788069968353,0.015930716946859765,True
motif_149,Streptophyta,Plantae,2,31,1334,0.0645,0.1552,0.4157,0.3744,0.9643349200905176,1.0,False
motif_149,Thermoproteota,Archaea,3,31,992,0.0968,0.1154,0.8385,0.8206,0.7110650731285046,0.9661143430924886,False
motif_150,Evosea,Protozoa,2,43,532,0.0465,0.0619,0.7514,0.7383,0.7548395129681664,0.9798930526380571,False
motif_150,Methanobacteriota,Archaea,2,43,869,0.0465,0.1011,0.46,0.4324,0.9407829913621243,1.0,False
motif_150,Mollusca,Animalia,16,43,370,0.3721,0.043,8.6436,13.7234,9.242582706051277e-12,8.546670596419181e-10,True
motif_150,Mucoromycota,Fungi,4,43,862,0.093,0.1003,0.9275,0.9197,0.638132384805224,0.9497811466344049,False
motif_150,Streptophyta,Plantae,4,43,1334,0.093,0.1552,0.5994,0.5569,0.9184168439224998,0.9970658001700066,False
motif_150,Thermoproteota,Archaea,5,43,992,0.1163,0.1154,1.0075,1.0085,0.5638712032340181,0.9330584541935542,False
motif_151,Arthropoda,Animalia,2,46,336,0.0435,0.0391,1.1122,1.118,0.5420045347463566,0.9189162967462194,False
motif_151,Chlorophyta,Plantae,3,46,286,0.0652,0.0333,1.9599,2.0378,0.19647979080971423,0.689433551680515,False
motif_151,Streptophyta,Plantae,2,46,1334,0.0435,0.1552,0.2801,0.2463,0.9960300848904174,1.0,False
motif_151,Thermoproteota,Archaea,3,46,992,0.0652,0.1154,0.5651,0.5333,0.9132185228654244,0.9970658001700066,False
motif_152,Arthropoda,Animalia,4,35,336,0.1143,0.0391,2.9235,3.1978,0.04630780988508478,0.360375629402739,False
motif_152,Chlorophyta,Plantae,3,35,286,0.0857,0.0333,2.5759,2.7419,0.10951903549508002,0.5560821681653579,False
motif_152,Discosea,Protozoa,5,35,136,0.1429,0.0158,9.0284,10.7239,0.000204225220232764,0.006173885503959712,True
motif_152,Methanobacteriota,Archaea,2,35,869,0.0571,0.1011,0.5652,0.5378,0.8821354758421923,0.9970658001700066,False
motif_152,Mucoromycota,Fungi,2,35,862,0.0571,0.1003,0.5698,0.5426,0.8792010305513555,0.9970658001700066,False
motif_152,Streptophyta,Plantae,3,35,1334,0.0857,0.1552,0.5523,0.5092,0.9252780188573374,0.9998341823455873,False
motif_152,Thermoproteota,Archaea,3,35,992,0.0857,0.1154,0.7427,0.7177,0.7859694332614828,0.99451782107906,False
motif_153,Methanobacteriota,Archaea,2,30,869,0.0667,0.1011,0.6594,0.6342,0.8217795928944653,0.99451782107906,False
motif_153,Mucoromycota,Fungi,4,30,862,0.1333,0.1003,1.3295,1.3819,0.3545832280412598,0.813577666267855,False
motif_153,Streptophyta,Plantae,4,30,1334,0.1333,0.1552,0.8591,0.8369,0.7061624148707009,0.9644546621865697,False
motif_153,Thermoproteota,Archaea,4,30,992,0.1333,0.1154,1.1552,1.1799,0.4614789674757406,0.8938760555663073,False
motif_154,Arthropoda,Animalia,3,34,336,0.0882,0.0391,2.2571,2.3912,0.1461203344775556,0.6084520257449363,False
motif_154,Chlorophyta,Plantae,2,34,286,0.0588,0.0333,1.7678,1.8215,0.31329283057429963,0.8085936632263382,False
motif_154,Evosea,Protozoa,2,34,532,0.0588,0.0619,0.9504,0.9471,0.6311281670535739,0.9497811466344049,False
motif_154,Methanobacteriota,Archaea,6,34,869,0.1765,0.1011,1.7454,1.9114,0.12282762256008975,0.576373201983466,False
motif_154,Mucoromycota,Fungi,3,34,862,0.0882,0.1003,0.8798,0.8677,0.6769953961556335,0.9545330987667221,False
motif_154,Streptophyta,Plantae,4,34,1334,0.1176,0.1552,0.758,0.7249,0.7959671664216642,0.99451782107906,False
motif_154,Thermoproteota,Archaea,2,34,992,0.0588,0.1154,0.5097,0.478,0.9163907990434476,0.9970658001700066,False
motif_155,Mucoromycota,Fungi,4,19,862,0.2105,0.1003,2.0992,2.3988,0.11570475283979591,0.5632854061050568,False
motif_155,Streptophyta,Plantae,7,19,1334,0.3684,0.1552,2.3737,3.1866,0.019389811068675936,0.20456901342254075,False
motif_155,Thermoproteota,Archaea,2,19,992,0.1053,0.1154,0.912,0.9015,0.6618535222025996,0.9497811466344049,False
motif_156,Methanobacteriota,Archaea,2,28,869,0.0714,0.1011,0.7065,0.6832,0.7906706805228142,0.99451782107906,False
motif_156,Mollusca,Animalia,3,28,370,0.1071,0.043,2.4889,2.6812,0.11748674439984332,0.5657082109608982,False
motif_156,Streptophyta,Plantae,6,28,1334,0.2143,0.1552,1.3806,1.4867,0.2606635483956048,0.7633316092778542,False
motif_156,Thermoproteota,Archaea,3,28,992,0.1071,0.1154,0.9283,0.9195,0.6426648635875976,0.9497811466344049,False
motif_157,Chlorophyta,Plantae,2,31,286,0.0645,0.0333,1.9389,2.0107,0.2760007234803072,0.780766807106678,False
motif_157,Evosea,Protozoa,3,31,532,0.0968,0.0619,1.5635,1.6274,0.3004739627225464,0.7963680495616817,False
motif_157,Methanobacteriota,Archaea,2,31,869,0.0645,0.1011,0.6381,0.6123,0.8357239450670726,0.99451782107906,False
motif_157,Mucoromycota,Fungi,5,31,862,0.1613,0.1003,1.6082,1.7294,0.19448210742605182,0.6875363902188464,False
motif_157,Streptophyta,Plantae,6,31,1334,0.1935,0.1552,1.247,1.3077,0.34753445283781886,0.813577666267855,False
motif_158,Evosea,Protozoa,3,43,532,0.0698,0.0619,1.1272,1.1375,0.5025231542058356,0.9049664058897045,False
motif_158,Methanobacteriota,Archaea,5,43,869,0.1163,0.1011,1.1501,1.1708,0.44234949079840047,0.8799453980400443,False
motif_158,Mollusca,Animalia,3,43,370,0.0698,0.043,1.6207,1.6727,0.282020097471787,0.7826524280874282,False
motif_158,Mucoromycota,Fungi,6,43,862,0.1395,0.1003,1.3913,1.4579,0.2586918234569012,0.7633316092778542,False
motif_158,Streptophyta,Plantae,4,43,1334,0.093,0.1552,0.5994,0.5569,0.9184168439224998,0.9970658001700066,False
motif_158,Thermoproteota,Archaea,7,43,992,0.1628,0.1154,1.4105,1.4938,0.222282770908087,0.7310219997228301,False
motif_159,Mucoromycota,Fungi,5,41,862,0.122,0.1003,1.216,1.2474,0.39403173470111497,0.83818387949953,False
motif_159,Nematoda,Animalia,20,41,128,0.4878,0.0149,32.7553,74.4797,1.2839899086251864e-26,2.018432136358793e-24,True
motif_159,Thermoproteota,Archaea,3,41,992,0.0732,0.1154,0.634,0.6039,0.8675722761751585,0.9970658001700066,False
motif_160,Arthropoda,Animalia,29,543,336,0.0534,0.0391,1.3662,1.4234,0.052808929258860694,0.39732078158079553,False
motif_160,Chlorophyta,Plantae,18,543,286,0.0331,0.0333,0.9962,0.9958,0.5426546833519954,0.9189162967462194,False
motif_160,Discosea,Protozoa,5,543,136,0.0092,0.0158,0.5819,0.5619,0.9372117672035296,0.9998341823455873,False
motif_160,Evosea,Protozoa,14,543,532,0.0258,0.0619,0.4165,0.3849,0.9999812959464,1.0,False
motif_160,Methanobacteriota,Archaea,22,543,869,0.0405,0.1011,0.4007,0.3592,0.9999999784459381,1.0,False
motif_160,Mollusca,Animalia,16,543,370,0.0295,0.043,0.6845,0.6602,0.9632778312695403,1.0,False
motif_160,Mucoromycota,Fungi,60,543,862,0.1105,0.1003,1.1018,1.123,0.2260472172681062,0.7346522686568684,False
motif_160,Nematoda,Animalia,4,543,128,0.0074,0.0149,0.4946,0.4745,0.9653131272955985,1.0,False
motif_160,Streptophyta,Plantae,264,543,1334,0.4862,0.1552,3.1325,6.1744,1.1512194213590537e-79,6.032389767921441e-77,True
motif_160,Thermoproteota,Archaea,14,543,992,0.0258,0.1154,0.2234,0.1914,0.9999999999999994,1.0,False
motif_161,Methanobacteriota,Archaea,2,31,869,0.0645,0.1011,0.6381,0.6123,0.8357239450670726,0.99451782107906,False
motif_161,Mucoromycota,Fungi,13,31,862,0.4194,0.1003,4.1814,6.5629,3.507422441472181e-06,0.0001723021274373209,True
motif_161,Streptophyta,Plantae,7,31,1334,0.2258,0.1552,1.4549,1.5906,0.19550175981413762,0.6875363902188464,False
motif_161,Thermoproteota,Archaea,2,31,992,0.0645,0.1154,0.559,0.5276,0.8877844003956219,0.9970658001700066,False
motif_162,Methanobacteriota,Archaea,2,28,869,0.0714,0.1011,0.7065,0.6832,0.7906706805228142,0.99451782107906,False
motif_162,Mucoromycota,Fungi,3,28,862,0.1071,0.1003,1.0683,1.0768,0.5429573409626866,0.9189162967462194,False
motif_162,Streptophyta,Plantae,4,28,1334,0.1429,0.1552,0.9204,0.9069,0.6516292074322156,0.9497811466344049,False
motif_162,Thermoproteota,Archaea,5,28,992,0.1786,0.1154,1.5472,1.6695,0.2158059894337348,0.7202696717406181,False
motif_163,Evosea,Protozoa,2,31,532,0.0645,0.0619,1.0423,1.0454,0.5802880585352351,0.9357699537637565,False
motif_163,Methanobacteriota,Archaea,2,31,869,0.0645,0.1011,0.6381,0.6123,0.8357239450670726,0.99451782107906,False
motif_163,Mollusca,Animalia,3,31,370,0.0968,0.043,2.248,2.3931,0.1470812784879617,0.6084520257449363,False
motif_163,Streptophyta,Plantae,2,31,1334,0.0645,0.1552,0.4157,0.3744,0.9643349200905176,1.0,False
motif_163,Thermoproteota,Archaea,3,31,992,0.0968,0.1154,0.8385,0.8206,0.7110650731285046,0.9661143430924886,False
motif_164,Evosea,Protozoa,3,31,532,0.0968,0.0619,1.5635,1.6274,0.3004739627225464,0.7963680495616817,False
motif_164,Methanobacteriota,Archaea,2,31,869,0.0645,0.1011,0.6381,0.6123,0.8357239450670726,0.99451782107906,False
motif_164,Mucoromycota,Fungi,2,31,862,0.0645,0.1003,0.6433,0.6178,0.8322145087656834,0.99451782107906,False
motif_164,Streptophyta,Plantae,5,31,1334,0.1613,0.1552,1.0392,1.0469,0.538558687378426,0.9189162967462194,False
motif_164,Thermoproteota,Archaea,8,31,992,0.2581,0.1154,2.236,2.6794,0.021381056946154997,0.21656355225021479,False
motif_165,Arthropoda,Animalia,2,33,336,0.0606,0.0391,1.5503,1.5893,0.3718587167519856,0.8289435788359458,False
motif_165,Chlorophyta,Plantae,5,33,286,0.1515,0.0333,4.5534,5.2625,0.004350464051087014,0.07576721948383278,False
motif_165,Mucoromycota,Fungi,2,33,862,0.0606,0.1003,0.6043,0.5778,0.8574676244640668,0.9970658001700066,False
motif_165,Streptophyta,Plantae,5,33,1334,0.1515,0.1552,0.9762,0.9719,0.5972975883040044,0.9359786252766238,False
motif_165,Thermoproteota,Archaea,8,33,992,0.2424,0.1154,2.1004,2.4644,0.03062261377820914,0.26449862010628994,False
motif_166,Chlorophyta,Plantae,2,41,286,0.0488,0.0333,1.466,1.4933,0.398195162543653,0.8413255696120808,False
motif_166,Evosea,Protozoa,10,41,532,0.2439,0.0619,3.9405,4.9635,0.000148283413982829,0.004757174015938922,True
motif_166,Methanobacteriota,Archaea,3,41,869,0.0732,0.1011,0.7237,0.7009,0.7984749114863389,0.99451782107906,False
motif_166,Mucoromycota,Fungi,4,41,862,0.0976,0.1003,0.9728,0.9697,0.5997697531569184,0.9372147633823814,False
motif_166,Streptophyta,Plantae,4,41,1334,0.0976,0.1552,0.6286,0.5872,0.8989932856002111,0.9970658001700066,False
motif_166,Thermoproteota,Archaea,6,41,992,0.1463,0.1154,1.2679,1.3158,0.3337866138406348,0.813577666267855,False
motif_167,Methanobacteriota,Archaea,3,35,869,0.0857,0.1011,0.8478,0.8329,0.701692873385108,0.9644546621865697,False
motif_167,Mucoromycota,Fungi,3,35,862,0.0857,0.1003,0.8547,0.8405,0.6962579237361533,0.9643325604521875,False
motif_167,Streptophyta,Plantae,8,35,1334,0.2286,0.1552,1.4727,1.6164,0.16498613669944143,0.6366079943692103,False
motif_167,Thermoproteota,Archaea,2,35,992,0.0571,0.1154,0.4951,0.4634,0.9242951242423545,0.9998341823455873,False
motif_168,Chlorophyta,Plantae,10,42,286,0.2381,0.0333,7.1553,9.3716,8.145290945393197e-07,4.415309436606244e-05,True
motif_168,Evosea,Protozoa,2,42,532,0.0476,0.0619,0.7693,0.7569,0.7431038683745698,0.9798930526380571,False
motif_168,Methanobacteriota,Archaea,2,42,869,0.0476,0.1011,0.471,0.4433,0.9353643931443965,0.9998341823455873,False
motif_168,Mucoromycota,Fungi,3,42,862,0.0714,0.1003,0.7122,0.689,0.8072234321400343,0.99451782107906,False
motif_168,Streptophyta,Plantae,9,42,1334,0.2143,0.1552,1.3806,1.4878,0.1944403133594834,0.6875363902188464,False
motif_168,Thermoproteota,Archaea,3,42,992,0.0714,0.1154,0.6189,0.5883,0.8781234019506978,0.9970658001700066,False
motif_169,Evosea,Protozoa,2,31,532,0.0645,0.0619,1.0423,1.0454,0.5802880585352351,0.9357699537637565,False
motif_169,Mucoromycota,Fungi,3,31,862,0.0968,0.1003,0.9649,0.961,0.6138774020982194,0.946485841892679,False
motif_169,Streptophyta,Plantae,11,31,1334,0.3548,0.1552,2.2862,3.0102,0.005081942625729376,0.08409277692259558,False
motif_169,Thermoproteota,Archaea,3,31,992,0.0968,0.1154,0.8385,0.8206,0.7110650731285046,0.9661143430924886,False
motif_170,Methanobacteriota,Archaea,2,21,869,0.0952,0.1011,0.942,0.9357,0.6418361104268763,0.9497811466344049,False
motif_170,Mollusca,Animalia,2,21,370,0.0952,0.043,2.2124,2.3473,0.22807571136906069,0.7383715386742368,False
motif_170,Mucoromycota,Fungi,2,21,862,0.0952,0.1003,0.9496,0.9442,0.6372489271930517,0.9497811466344049,False
motif_170,Streptophyta,Plantae,8,21,1334,0.381,0.1552,2.4545,3.3637,0.010133135084952786,0.13732145132367052,False
motif_170,Thermoproteota,Archaea,4,21,992,0.1905,0.1154,1.6503,1.8066,0.21809199464929158,0.7248215974390833,False
motif_171,Discosea,Protozoa,2,160,136,0.0125,0.0158,0.79,0.7841,0.7244821391244245,0.9734067715415344,False
motif_171,Methanobacteriota,Archaea,115,160,869,0.7188,0.1011,7.1089,26.0335,5.9304509462894574e-80,4.661334443783514e-77,True
motif_171,Thermoproteota,Archaea,33,160,992,0.2062,0.1154,1.787,2.0256,0.0005908062946515996,0.015225368773644502,True
motif_172,Evosea,Protozoa,3,30,532,0.1,0.0619,1.6156,1.6879,0.28320779794891054,0.7826524280874282,False
motif_172,Methanobacteriota,Archaea,2,30,869,0.0667,0.1011,0.6594,0.6342,0.8217795928944653,0.99451782107906,False
motif_172,Mollusca,Animalia,2,30,370,0.0667,0.043,1.5486,1.591,0.37255592395634435,0.8289435788359458,False
motif_172,Streptophyta,Plantae,3,30,1334,0.1,0.1552,0.6443,0.6039,0.8659449149092493,0.9970658001700066,False
motif_172,Thermoproteota,Archaea,5,30,992,0.1667,0.1154,1.4441,1.5356,0.26061600384607975,0.7633316092778542,False
motif_173,Evosea,Protozoa,2,31,532,0.0645,0.0619,1.0423,1.0454,0.5802880585352351,0.9357699537637565,False
motif_173,Methanobacteriota,Archaea,4,31,869,0.129,0.1011,1.2762,1.3186,0.38427237348459137,0.8289435788359458,False
motif_173,Mollusca,Animalia,3,31,370,0.0968,0.043,2.248,2.3931,0.1470812784879617,0.6084520257449363,False
motif_173,Mucoromycota,Fungi,2,31,862,0.0645,0.1003,0.6433,0.6178,0.8322145087656834,0.99451782107906,False
motif_173,Streptophyta,Plantae,3,31,1334,0.0968,0.1552,0.6235,0.5822,0.8804040918579467,0.9970658001700066,False
motif_173,Thermoproteota,Archaea,4,31,992,0.129,0.1154,1.118,1.136,0.48780382402668127,0.9008913938464727,False
motif_174,Arthropoda,Animalia,2,26,336,0.0769,0.0391,1.9677,2.0546,0.27033628042984165,0.7783308293694342,False
motif_174,Methanobacteriota,Archaea,5,26,869,0.1923,0.1011,1.9021,2.1233,0.11553481368797185,0.5632854061050568,False
motif_174,Mollusca,Animalia,2,26,370,0.0769,0.043,1.7869,1.8571,0.30897416835339553,0.8081653787879164,False
motif_174,Mucoromycota,Fungi,3,26,862,0.1154,0.1003,1.1505,1.1707,0.4917078981681129,0.9008913938464727,False
motif_174,Streptophyta,Plantae,3,26,1334,0.1154,0.1552,0.7434,0.7093,0.7917638472541856,0.99451782107906,False
motif_174,Thermoproteota,Archaea,4,26,992,0.1538,0.1154,1.333,1.3951,0.35263983893337486,0.813577666267855,False
motif_175,Arthropoda,Animalia,2,36,336,0.0556,0.0391,1.4211,1.4486,0.4137552689969134,0.8546955096756214,False
motif_175,Evosea,Protozoa,5,36,532,0.1389,0.0619,2.2439,2.4582,0.06886947591616416,0.4580372320350451,False
motif_175,Methanobacteriota,Archaea,3,36,869,0.0833,0.1011,0.8242,0.8076,0.7199690108068713,0.9711786221641464,False
motif_175,Mollusca,Animalia,3,36,370,0.0833,0.043,1.9358,2.0292,0.20086425498173593,0.6985076256350136,False
motif_175,Mucoromycota,Fungi,4,36,862,0.1111,0.1003,1.1079,1.1219,0.494080144475428,0.9031325431574102,False
motif_175,Streptophyta,Plantae,2,36,1334,0.0556,0.1552,0.3579,0.3192,0.9825984364845096,1.0,False
motif_175,Thermoproteota,Archaea,6,36,992,0.1667,0.1154,1.4441,1.5361,0.23033037003497484,0.7404485515234773,False
motif_176,Evosea,Protozoa,6,35,532,0.1714,0.0619,2.7696,3.1601,0.019105596887205888,0.20293242099113282,False
motif_176,Methanobacteriota,Archaea,3,35,869,0.0857,0.1011,0.8478,0.8329,0.701692873385108,0.9644546621865697,False
motif_176,Mucoromycota,Fungi,5,35,862,0.1429,0.1003,1.4244,1.4981,0.27101674423527017,0.778863477034451,False
motif_176,Streptophyta,Plantae,6,35,1334,0.1714,0.1552,1.1045,1.1267,0.46570260146870596,0.8938760555663073,False
motif_176,Thermoproteota,Archaea,5,35,992,0.1429,0.1154,1.2378,1.2788,0.37910470739919283,0.8289435788359458,False
motif_177,Chlorophyta,Plantae,2,28,286,0.0714,0.0333,2.1466,2.2435,0.23860927209551958,0.7471987564425434,False
motif_177,Methanobacteriota,Archaea,5,28,869,0.1786,0.1011,1.7662,1.9382,0.14663623302116685,0.6084520257449363,False
motif_177,Mucoromycota,Fungi,3,28,862,0.1071,0.1003,1.0683,1.0768,0.5429573409626866,0.9189162967462194,False
motif_177,Streptophyta,Plantae,4,28,1334,0.1429,0.1552,0.9204,0.9069,0.6516292074322156,0.9497811466344049,False
motif_177,Thermoproteota,Archaea,2,28,992,0.0714,0.1154,0.6189,0.5887,0.8503173857219,0.9945676565140079,False
motif_178,Evosea,Protozoa,2,34,532,0.0588,0.0619,0.9504,0.9471,0.6311281670535739,0.9497811466344049,False
motif_178,Methanobacteriota,Archaea,4,34,869,0.1176,0.1011,1.1636,1.1863,0.45501365466720334,0.8929855994217774,False
motif_178,Mollusca,Animalia,4,34,370,0.1176,0.043,2.7329,2.9854,0.056684372773979086,0.40815160821847746,False
motif_178,Mucoromycota,Fungi,3,34,862,0.0882,0.1003,0.8798,0.8677,0.6769953961556335,0.9545330987667221,False
motif_178,Streptophyta,Plantae,3,34,1334,0.0882,0.1552,0.5685,0.5257,0.9157910298999845,0.9970658001700066,False
motif_178,Thermoproteota,Archaea,2,34,992,0.0588,0.1154,0.5097,0.478,0.9163907990434476,0.9970658001700066,False
motif_179,Evosea,Protozoa,2,32,532,0.0625,0.0619,1.0098,1.0104,0.5977878751766732,0.9359786252766238,False
motif_179,Methanobacteriota,Archaea,3,32,869,0.0938,0.1011,0.9273,0.9194,0.6414677541020282,0.9497811466344049,False
motif_179,Mollusca,Animalia,3,32,370,0.0938,0.043,2.1778,2.3103,0.1574382449212401,0.6249821237782561,False
motif_179,Mucoromycota,Fungi,4,32,862,0.125,0.1003,1.2464,1.2829,0.40193098141136935,0.8413255696120808,False
motif_179,Streptophyta,Plantae,3,32,1334,0.0938,0.1552,0.604,0.5621,0.8934582561743624,0.9970658001700066,False
motif_179,Thermoproteota,Archaea,4,32,992,0.125,0.1154,1.083,1.0953,0.5135867963949319,0.911127260507399,False
motif_180,Arthropoda,Animalia,3,42,336,0.0714,0.0391,1.8272,1.8988,0.22533752069455942,0.7346522686568684,False
motif_180,Discosea,Protozoa,3,42,136,0.0714,0.0158,4.5142,4.8699,0.02839655097513484,0.25508216075949697,False
motif_180,Evosea,Protozoa,3,42,532,0.0714,0.0619,1.154,1.1668,0.48663037363629447,0.9008913938464727,False
motif_180,Mollusca,Animalia,2,42,370,0.0476,0.043,1.1062,1.1121,0.5453891152688927,0.9208933288965621,False
motif_180,Mucoromycota,Fungi,6,42,862,0.1429,0.1003,1.4244,1.4986,0.24132284683817545,0.748413230827125,False
motif_180,Streptophyta,Plantae,4,42,1334,0.0952,0.1552,0.6136,0.5717,0.9091655613009377,0.9970658001700066,False
motif_180,Thermoproteota,Archaea,2,42,992,0.0476,0.1154,0.4126,0.382,0.9627690091572514,1.0,False
motif_181,Mollusca,Animalia,3,30,370,0.1,0.043,2.323,2.482,0.13695871297224077,0.601394125118331,False
motif_181,Mucoromycota,Fungi,3,30,862,0.1,0.1003,0.9971,0.9968,0.5910797740800218,0.9357699537637565,False
motif_181,Streptophyta,Plantae,4,30,1334,0.1333,0.1552,0.8591,0.8369,0.7061624148707009,0.9644546621865697,False
motif_181,Thermoproteota,Archaea,3,30,992,0.1,0.1154,0.8664,0.8511,0.6894591457960699,0.9608420010562251,False
motif_182,Evosea,Protozoa,2,22,532,0.0909,0.0619,1.4687,1.5175,0.39901900919543987,0.8413255696120808,False
motif_182,Mucoromycota,Fungi,4,22,862,0.1818,0.1003,1.8129,1.9982,0.1729776259396861,0.6493245322227732,False
motif_182,Nematoda,Animalia,3,22,128,0.1364,0.0149,9.1566,10.6712,0.0040394731109955695,0.07134889584814647,False
motif_182,Streptophyta,Plantae,2,22,1334,0.0909,0.1552,0.5857,0.5436,0.8769833211522072,0.9970658001700066,False
motif_182,Thermoproteota,Archaea,4,22,992,0.1818,0.1154,1.5753,1.706,0.24406513639752714,0.748413230827125,False
motif_183,Chlorophyta,Plantae,2,31,286,0.0645,0.0333,1.9389,2.0107,0.2760007234803072,0.780766807106678,False
motif_183,Mollusca,Animalia,3,31,370,0.0968,0.043,2.248,2.3931,0.1470812784879617,0.6084520257449363,False
motif_183,Streptophyta,Plantae,7,31,1334,0.2258,0.1552,1.4549,1.5906,0.19550175981413762,0.6875363902188464,False
motif_183,Thermoproteota,Archaea,2,31,992,0.0645,0.1154,0.559,0.5276,0.8877844003956219,0.9970658001700066,False
motif_184,Discosea,Protozoa,2,29,136,0.069,0.0158,4.3585,4.6611,0.0764578311832389,0.48101985405551234,False
motif_184,Methanobacteriota,Archaea,3,29,869,0.1034,0.1011,1.0232,1.0259,0.5731692595144717,0.9357699537637565,False
motif_184,Mollusca,Animalia,2,29,370,0.069,0.043,1.6021,1.6502,0.3568494432240709,0.813577666267855,False
motif_184,Mucoromycota,Fungi,2,29,862,0.069,0.1003,0.6877,0.6637,0.8029916791701038,0.99451782107906,False
motif_184,Streptophyta,Plantae,5,29,1334,0.1724,0.1552,1.1109,1.1345,0.47614173419339345,0.898679408170921,False
motif_185,Evosea,Protozoa,3,44,532,0.0682,0.0619,1.1015,1.1096,0.518160159601536,0.911127260507399,False
motif_185,Methanobacteriota,Archaea,7,44,869,0.1591,0.1011,1.5735,1.6876,0.1511642981838949,0.6194270897391854,False
motif_185,Mucoromycota,Fungi,17,44,862,0.3864,0.1003,3.8524,5.7419,4.5139254526426564e-07,2.534246718412234e-05,True
motif_185,Thermoproteota,Archaea,2,44,992,0.0455,0.1154,0.3938,0.3637,0.9697254561636184,1.0,False
motif_186,Chlorophyta,Plantae,4,32,286,0.125,0.0333,3.7566,4.195,0.020733827097987555,0.2144314223555029,False
motif_186,Methanobacteriota,Archaea,2,32,869,0.0625,0.1011,0.6182,0.5918,0.8486743577980757,0.9945676565140079,False
motif_186,Mucoromycota,Fungi,6,32,862,0.1875,0.1003,1.8696,2.0777,0.09503396155675481,0.5329802081285816,False
motif_186,Streptophyta,Plantae,2,32,1334,0.0625,0.1552,0.4027,0.3619,0.9690600310182612,1.0,False
motif_187,Streptophyta,Plantae,4,21,1334,0.1905,0.1552,1.2272,1.2816,0.41526156335992676,0.8566813354354395,False
motif_187,Thermoproteota,Archaea,7,21,992,0.3333,0.1154,2.8881,3.8523,0.007213971496366174,0.10688146639500716,False
motif_188,Arthropoda,Animalia,2,33,336,0.0606,0.0391,1.5503,1.5893,0.3718587167519856,0.8289435788359458,False
motif_188,Evosea,Protozoa,6,33,532,0.1818,0.0619,2.9375,3.395,0.014466960836473287,0.17099295063861658,False
motif_188,Mollusca,Animalia,2,33,370,0.0606,0.043,1.4079,1.4365,0.41867545586193744,0.8580936331355484,False
motif_188,Mucoromycota,Fungi,2,33,862,0.0606,0.1003,0.6043,0.5778,0.8574676244640668,0.9970658001700066,False
motif_188,Streptophyta,Plantae,7,33,1334,0.2121,0.1552,1.3667,1.4679,0.24359640010113887,0.748413230827125,False
motif_189,Arthropoda,Animalia,2,33,336,0.0606,0.0391,1.5503,1.5893,0.3718587167519856,0.8289435788359458,False
motif_189,Methanobacteriota,Archaea,3,33,869,0.0909,0.1011,0.8992,0.8887,0.662447331984134,0.9497811466344049,False
motif_189,Mollusca,Animalia,3,33,370,0.0909,0.043,2.1118,2.233,0.16801219603023163,0.6424910932445537,False
motif_189,Mucoromycota,Fungi,4,33,862,0.1212,0.1003,1.2086,1.2385,0.4253919148251349,0.8660865725436107,False
motif_189,Streptophyta,Plantae,4,33,1334,0.1212,0.1552,0.781,0.75,0.7758574572813655,0.9929515092354594,False
motif_189,Thermoproteota,Archaea,2,33,992,0.0606,0.1154,0.5251,0.4935,0.9077157672855836,0.9970658001700066,False
motif_190,Arthropoda,Animalia,2,24,336,0.0833,0.0391,2.1317,2.242,0.24096659356023364,0.748413230827125,False
motif_190,Methanobacteriota,Archaea,3,24,869,0.125,0.1011,1.2363,1.271,0.4431813379400231,0.8799453980400443,False
motif_190,Mollusca,Animalia,2,24,370,0.0833,0.043,1.9358,2.0264,0.27664574526617025,0.780766807106678,False
motif_190,Mucoromycota,Fungi,2,24,862,0.0833,0.1003,0.8309,0.8151,0.7095128530788517,0.9661143430924886,False
motif_190,Streptophyta,Plantae,4,24,1334,0.1667,0.1552,1.0738,1.0889,0.5239657034038446,0.9120534186978463,False
motif_190,Thermoproteota,Archaea,6,24,992,0.25,0.1154,2.1661,2.5642,0.05066549216507545,0.384764027456515,False
motif_191,Chlorophyta,Plantae,3,30,286,0.1,0.0333,3.0052,3.2517,0.07649806839305222,0.48101985405551234,False
motif_191,Evosea,Protozoa,5,30,532,0.1667,0.0619,2.6927,3.0505,0.035137839082020804,0.29071938440493,False
motif_191,Methanobacteriota,Archaea,3,30,869,0.1,0.1011,0.9891,0.9878,0.5968141528845257,0.9359786252766238,False
motif_191,Mucoromycota,Fungi,3,30,862,0.1,0.1003,0.9971,0.9968,0.5910797740800218,0.9357699537637565,False
motif_191,Streptophyta,Plantae,5,30,1334,0.1667,0.1552,1.0738,1.0889,0.5077483269686509,0.9049664058897045,False
motif_192,Bacillota,Bacteria,2,27,33,0.0741,0.0038,19.2929,22.031,0.004725564003522238,0.07987727541437589,False
motif_192,Methanobacteriota,Archaea,4,27,869,0.1481,0.1011,1.4653,1.5487,0.2888598807619585,0.7848804736022612,False
motif_192,Mollusca,Animalia,3,27,370,0.1111,0.043,2.5811,2.7933,0.10817223452829233,0.5560821681653579,False
motif_192,Mucoromycota,Fungi,3,27,862,0.1111,0.1003,1.1079,1.1218,0.5177001145576297,0.911127260507399,False
motif_192,Streptophyta,Plantae,4,27,1334,0.1481,0.1552,0.9545,0.9465,0.6219523250769188,0.9497811466344049,False
motif_192,Thermoproteota,Archaea,2,27,992,0.0741,0.1154,0.6418,0.6124,0.8354850627123069,0.99451782107906,False
motif_193,Methanobacteriota,Archaea,2,26,869,0.0769,0.1011,0.7608,0.7403,0.7548667218477654,0.9798930526380571,False
motif_193,Mucoromycota,Fungi,2,26,862,0.0769,0.1003,0.767,0.747,0.7506931333329593,0.9798930526380571,False
motif_193,Nematoda,Animalia,2,26,128,0.0769,0.0149,5.1653,5.584,0.0566822439329467,0.40815160821847746,False
motif_193,Streptophyta,Plantae,4,26,1334,0.1538,0.1552,0.9912,0.9896,0.5907255861962972,0.9357699537637565,False
motif_193,Thermoproteota,Archaea,3,26,992,0.1154,0.1154,0.9997,0.9997,0.5911065929309225,0.9357699537637565,False
motif_194,Arthropoda,Animalia,19,509,336,0.0373,0.0391,0.9549,0.9503,0.6181367219406995,0.9493079499100308,False
motif_194,Bacillota,Bacteria,2,509,33,0.0039,0.0038,1.0234,1.025,0.5900341298961134,0.9357699537637565,False
motif_194,Chlorophyta,Plantae,7,509,286,0.0138,0.0333,0.4133,0.3902,0.9984993178390253,1.0,False
motif_194,Discosea,Protozoa,12,509,136,0.0236,0.0158,1.4899,1.5503,0.10746577745778116,0.5560821681653579,False
motif_194,Evosea,Protozoa,19,509,532,0.0373,0.0619,0.6031,0.5724,0.9956345634378487,1.0,False
motif_194,Methanobacteriota,Archaea,67,509,869,0.1316,0.1011,1.3019,1.3767,0.013411376471627495,0.16217449087229555,False
motif_194,Mollusca,Animalia,34,509,370,0.0668,0.043,1.5517,1.651,0.006806517702097734,0.10388199832716154,False
motif_194,Mucoromycota,Fungi,60,509,862,0.1179,0.1003,1.1754,1.2137,0.10106762505041639,0.5415048071783112,False
motif_194,Nematoda,Animalia,5,509,128,0.0098,0.0149,0.6596,0.6423,0.8830744022130016,0.9970658001700066,False
motif_194,Streptophyta,Plantae,75,509,1334,0.1473,0.1552,0.9494,0.9371,0.7119698648284067,0.9665083139121377,False
motif_194,Thermoproteota,Archaea,90,509,992,0.1768,0.1154,1.532,1.7108,1.6127443631027635e-05,0.0006500600355891138,True
motif_195,Chlorophyta,Plantae,2,26,286,0.0769,0.0333,2.3117,2.431,0.2138219934302294,0.7202696717406181,False
motif_195,Mollusca,Animalia,2,26,370,0.0769,0.043,1.7869,1.8571,0.30897416835339553,0.8081653787879164,False
motif_195,Mucoromycota,Fungi,3,26,862,0.1154,0.1003,1.1505,1.1707,0.4917078981681129,0.9008913938464727,False
motif_195,Streptophyta,Plantae,2,26,1334,0.0769,0.1552,0.4956,0.4528,0.9283174258518769,0.9998341823455873,False
motif_195,Thermoproteota,Archaea,6,26,992,0.2308,0.1154,1.9995,2.3072,0.07119517467646366,0.46057125346255506,False
motif_196,Evosea,Protozoa,2,69,532,0.029,0.0619,0.4683,0.4504,0.9331721639366287,0.9998341823455873,False
motif_196,Streptophyta,Plantae,2,69,1334,0.029,0.1552,0.1868,0.1612,0.9998842142540854,1.0,False
motif_197,Chlorophyta,Plantae,3,33,286,0.0909,0.0333,2.732,2.9254,0.09572159966942316,0.5335970024125292,False
motif_197,Evosea,Protozoa,2,33,532,0.0606,0.0619,0.9792,0.9777,0.614734125046072,0.946485841892679,False
motif_197,Methanobacteriota,Archaea,3,33,869,0.0909,0.1011,0.8992,0.8887,0.662447331984134,0.9497811466344049,False
motif_197,Mucoromycota,Fungi,3,33,862,0.0909,0.1003,0.9065,0.8967,0.6568439918002382,0.9497811466344049,False
motif_197,Streptophyta,Plantae,7,33,1334,0.2121,0.1552,1.3667,1.4679,0.24359640010113887,0.748413230827125,False
motif_197,Thermoproteota,Archaea,5,33,992,0.1515,0.1154,1.3128,1.3705,0.3311217577967747,0.813577666267855,False
motif_198,Arthropoda,Animalia,4,25,336,0.16,0.0391,4.0929,4.7263,0.015147519514487324,0.1777007513192095,False
motif_198,Evosea,Protozoa,3,25,532,0.12,0.0619,1.9387,2.0728,0.19909656318157232,0.6955106607142927,False
motif_198,Mucoromycota,Fungi,2,25,862,0.08,0.1003,0.7977,0.7796,0.7307711921664326,0.9737164030360457,False
motif_198,Streptophyta,Plantae,3,25,1334,0.12,0.1552,0.7732,0.7417,0.7685671248244292,0.9915789888426106,False
motif_198,Thermoproteota,Archaea,5,25,992,0.2,0.1154,1.7329,1.9207,0.15403463626138703,0.6224741599046283,False
motif_199,Arthropoda,Animalia,2,29,336,0.069,0.0391,1.7642,1.8257,0.31428163373491896,0.8085936632263382,False
motif_199,Chlorophyta,Plantae,2,29,286,0.069,0.0333,2.0726,2.1601,0.25106091499353467,0.7522698955931839,False
motif_199,Methanobacteriota,Archaea,5,29,869,0.1724,0.1011,1.7053,1.8572,0.16338974819704521,0.6357640697172154,False
motif_199,Streptophyta,Plantae,3,29,1334,0.1034,0.1552,0.6665,0.6272,0.8499666649053945,0.9945676565140079,False
motif_199,Thermoproteota,Archaea,2,29,992,0.069,0.1154,0.5975,0.5669,0.8639215529632233,0.9970658001700066,False
motif_200,Chlorophyta,Plantae,2,29,286,0.069,0.0333,2.0726,2.1601,0.25106091499353467,0.7522698955931839,False
motif_200,Evosea,Protozoa,2,29,532,0.069,0.0619,1.1142,1.1231,0.5436336870063512,0.9189162967462194,False
motif_200,Methanobacteriota,Archaea,4,29,869,0.1379,0.1011,1.3642,1.4245,0.3364316738688977,0.813577666267855,False
motif_200,Streptophyta,Plantae,3,29,1334,0.1034,0.1552,0.6665,0.6272,0.8499666649053945,0.9945676565140079,False
motif_200,Thermoproteota,Archaea,6,29,992,0.2069,0.1154,1.7926,2.0055,0.1096599695491482,0.5560821681653579,False
motif_201,Methanobacteriota,Archaea,2,22,869,0.0909,0.1011,0.8992,0.8888,0.6673299989066444,0.9502198897475045,False
motif_201,Mucoromycota,Fungi,4,22,862,0.1818,0.1003,1.8129,1.9982,0.1729776259396861,0.6493245322227732,False
motif_201,Streptophyta,Plantae,2,22,1334,0.0909,0.1552,0.5857,0.5436,0.8769833211522072,0.9970658001700066,False
motif_201,Thermoproteota,Archaea,4,22,992,0.1818,0.1154,1.5753,1.706,0.24406513639752714,0.748413230827125,False
motif_202,Methanobacteriota,Archaea,3,29,869,0.1034,0.1011,1.0232,1.0259,0.5731692595144717,0.9357699537637565,False
motif_202,Mollusca,Animalia,2,29,370,0.069,0.043,1.6021,1.6502,0.3568494432240709,0.813577666267855,False
motif_202,Mucoromycota,Fungi,6,29,862,0.2069,0.1003,2.063,2.3497,0.06412993941344068,0.4383141945996902,False
motif_202,Streptophyta,Plantae,4,29,1334,0.1379,0.1552,0.8887,0.8705,0.6797072031504274,0.9557242606014954,False
motif_202,Thermoproteota,Archaea,3,29,992,0.1034,0.1154,0.8963,0.884,0.6666611279640371,0.9501280989659713,False
motif_203,Arthropoda,Animalia,21,120,336,0.175,0.0391,4.4766,5.4949,5.991454847601163e-09,4.1132432526565724e-07,True
motif_203,Chlorophyta,Plantae,2,120,286,0.0167,0.0333,0.5009,0.4888,0.913100725148061,0.9970658001700066,False
motif_203,Discosea,Protozoa,2,120,136,0.0167,0.0158,1.0533,1.055,0.5697220001306964,0.9357699537637565,False
motif_203,Evosea,Protozoa,24,120,532,0.2,0.0619,3.2312,3.9208,2.395102982141219e-07,1.394482180713332e-05,True
motif_203,Mollusca,Animalia,7,120,370,0.0583,0.043,1.3551,1.3843,0.25866824490458257,0.7633316092778542,False
motif_203,Mucoromycota,Fungi,43,120,862,0.3583,0.1003,3.5729,5.2203,1.68500112271244e-14,2.408019786276323e-12,True
motif_203,Streptophyta,Plantae,5,120,1334,0.0417,0.1552,0.2685,0.2338,0.9999832573076409,1.0,False
motif_203,Thermoproteota,Archaea,3,120,992,0.025,0.1154,0.2166,0.1941,0.9999482303964069,1.0,False
motif_204,Methanobacteriota,Archaea,6,25,869,0.24,0.1011,2.3738,2.8202,0.03479001738100324,0.28955237237700027,False
motif_204,Mollusca,Animalia,2,25,370,0.08,0.043,1.8584,1.9381,0.29283475035608475,0.788246964999598,False
motif_204,Mucoromycota,Fungi,2,25,862,0.08,0.1003,0.7977,0.7796,0.7307711921664326,0.9737164030360457,False
motif_204,Streptophyta,Plantae,4,25,1334,0.16,0.1552,1.0309,1.0369,0.5580267206190013,0.9330584541935542,False
motif_204,Thermoproteota,Archaea,4,25,992,0.16,0.1154,1.3863,1.4617,0.3251196048807216,0.813577666267855,False
motif_205,Arthropoda,Animalia,2,34,336,0.0588,0.0391,1.5047,1.5395,0.38596736564413753,0.8289435788359458,False
motif_205,Discosea,Protozoa,2,34,136,0.0588,0.0158,3.7176,3.9305,0.10046304623838512,0.5415048071783112,False
motif_205,Evosea,Protozoa,4,34,532,0.1176,0.0619,1.9007,2.0285,0.15626701137545784,0.6249821237782561,False
motif_205,Mollusca,Animalia,2,34,370,0.0588,0.043,1.3665,1.3915,0.43366855583172415,0.8703825227033843,False
motif_205,Mucoromycota,Fungi,4,34,862,0.1176,0.1003,1.1731,1.197,0.4486128134611561,0.887068355674135,False
motif_205,Streptophyta,Plantae,5,34,1334,0.1471,0.1552,0.9475,0.9382,0.6250346387291257,0.9497811466344049,False
motif_205,Thermoproteota,Archaea,2,34,992,0.0588,0.1154,0.5097,0.478,0.9163907990434476,0.9970658001700066,False
motif_206,Chlorophyta,Plantae,2,29,286,0.069,0.0333,2.0726,2.1601,0.25106091499353467,0.7522698955931839,False
motif_206,Methanobacteriota,Archaea,2,29,869,0.069,0.1011,0.6821,0.6578,0.8067818968938026,0.99451782107906,False
motif_206,Mucoromycota,Fungi,3,29,862,0.1034,0.1003,1.0315,1.0352,0.5674301194761457,0.9357699537637565,False
motif_206,Streptophyta,Plantae,5,29,1334,0.1724,0.1552,1.1109,1.1345,0.47614173419339345,0.898679408170921,False
motif_206,Thermoproteota,Archaea,3,29,992,0.1034,0.1154,0.8963,0.884,0.6666611279640371,0.9501280989659713,False
motif_207,Methanobacteriota,Archaea,3,33,869,0.0909,0.1011,0.8992,0.8887,0.662447331984134,0.9497811466344049,False
motif_207,Mollusca,Animalia,2,33,370,0.0606,0.043,1.4079,1.4365,0.41867545586193744,0.8580936331355484,False
motif_207,Mucoromycota,Fungi,5,33,862,0.1515,0.1003,1.5108,1.6055,0.23183921416156986,0.7422632274174904,False
motif_207,Streptophyta,Plantae,5,33,1334,0.1515,0.1552,0.9762,0.9719,0.5972975883040044,0.9359786252766238,False
motif_207,Thermoproteota,Archaea,5,33,992,0.1515,0.1154,1.3128,1.3705,0.3311217577967747,0.813577666267855,False
motif_208,Evosea,Protozoa,4,33,532,0.1212,0.0619,1.9583,2.0987,0.14448887604037666,0.6084520257449363,False
motif_208,Methanobacteriota,Archaea,2,33,869,0.0606,0.1011,0.5994,0.5726,0.8606890046247815,0.9970658001700066,False
motif_208,Streptophyta,Plantae,4,33,1334,0.1212,0.1552,0.781,0.75,0.7758574572813655,0.9929515092354594,False
motif_208,Thermoproteota,Archaea,4,33,992,0.1212,0.1154,1.0502,1.0574,0.5387543879257124,0.9189162967462194,False
motif_209,Chlorophyta,Plantae,2,31,286,0.0645,0.0333,1.9389,2.0107,0.2760007234803072,0.780766807106678,False
motif_209,Methanobacteriota,Archaea,2,31,869,0.0645,0.1011,0.6381,0.6123,0.8357239450670726,0.99451782107906,False
motif_209,Mucoromycota,Fungi,10,31,862,0.3226,0.1003,3.2165,4.3103,0.0006080517396337392,0.015272135009768087,True
motif_209,Streptophyta,Plantae,4,31,1334,0.129,0.1552,0.8314,0.8058,0.730992596721408,0.9737164030360457,False
motif_209,Thermoproteota,Archaea,2,31,992,0.0645,0.1154,0.559,0.5276,0.8877844003956219,0.9970658001700066,False
motif_210,Arthropoda,Animalia,2,53,336,0.0377,0.0391,0.9653,0.9637,0.6195313399768108,0.9493079499100308,False
motif_210,Chlorophyta,Plantae,3,53,286,0.0566,0.0333,1.7011,1.751,0.25831687928983377,0.7633316092778542,False
motif_210,Discosea,Protozoa,13,53,136,0.2453,0.0158,15.5015,22.2453,1.0709026256508879e-12,1.2024706625165683e-10,True
motif_210,Methanobacteriota,Archaea,3,53,869,0.0566,0.1011,0.5598,0.5318,0.9147864473187887,0.9970658001700066,False
motif_210,Mucoromycota,Fungi,8,53,862,0.1509,0.1003,1.5051,1.6004,0.1569683128852495,0.6249821237782561,False
motif_210,Nematoda,Animalia,2,53,128,0.0377,0.0149,2.5339,2.6194,0.1865349131166461,0.685123559391046,False
motif_210,Streptophyta,Plantae,5,53,1334,0.0943,0.1552,0.6078,0.5654,0.9302854716536522,0.9998341823455873,False
motif_210,Thermoproteota,Archaea,2,53,992,0.0377,0.1154,0.327,0.2991,0.9882749828341784,1.0,False
motif_211,Chlorophyta,Plantae,2,27,286,0.0741,0.0333,2.2261,2.3335,0.226190647601733,0.7346522686568684,False
motif_211,Evosea,Protozoa,2,27,532,0.0741,0.0619,1.1967,1.2133,0.5048101059367353,0.9049664058897045,False
motif_211,Methanobacteriota,Archaea,5,27,869,0.1852,0.1011,1.8316,2.0265,0.13066538331380823,0.5953796596211783,False
motif_211,Mollusca,Animalia,2,27,370,0.0741,0.043,1.7207,1.7826,0.3250383230594037,0.813577666267855,False
motif_211,Mucoromycota,Fungi,3,27,862,0.1111,0.1003,1.1079,1.1218,0.5177001145576297,0.911127260507399,False
motif_211,Streptophyta,Plantae,3,27,1334,0.1111,0.1552,0.7159,0.6797,0.8129902875263441,0.99451782107906,False
motif_211,Thermoproteota,Archaea,2,27,992,0.0741,0.1154,0.6418,0.6124,0.8354850627123069,0.99451782107906,False
motif_212,Arthropoda,Animalia,2,45,336,0.0444,0.0391,1.1369,1.1441,0.5300742186527435,0.9189162967462194,False
motif_212,Chlorophyta,Plantae,6,45,286,0.1333,0.0333,4.007,4.544,0.0035192380818912603,0.0628663893719666,False
motif_212,Discosea,Protozoa,2,45,136,0.0444,0.0158,2.8088,2.9212,0.15890446185404802,0.6283818126709592,False
motif_212,Methanobacteriota,Archaea,6,45,869,0.1333,0.1011,1.3188,1.3704,0.3009176981168187,0.7963680495616817,False
motif_212,Streptophyta,Plantae,4,45,1334,0.0889,0.1552,0.5727,0.5296,0.9344264501582291,0.9998341823455873,False
motif_213,Methanobacteriota,Archaea,2,36,869,0.0556,0.1011,0.5495,0.5219,0.8916746796677995,0.9970658001700066,False
motif_213,Mucoromycota,Fungi,9,36,862,0.25,0.1003,2.4927,3.0113,0.007686965229017809,0.11188804944459256,False
motif_213,Streptophyta,Plantae,11,36,1334,0.3056,0.1552,1.9687,2.4065,0.017255253020362103,0.19059957685380682,False
motif_213,Thermoproteota,Archaea,2,36,992,0.0556,0.1154,0.4814,0.4497,0.9314908738350236,0.9998341823455873,False
motif_214,Discosea,Protozoa,3,30,136,0.1,0.0158,6.3199,7.0443,0.011514858678767155,0.1521122507816972,False
motif_214,Evosea,Protozoa,3,30,532,0.1,0.0619,1.6156,1.6879,0.28320779794891054,0.7826524280874282,False
motif_214,Methanobacteriota,Archaea,2,30,869,0.0667,0.1011,0.6594,0.6342,0.8217795928944653,0.99451782107906,False
motif_214,Mollusca,Animalia,5,30,370,0.1667,0.043,3.8716,4.4932,0.00842866349679382,0.11936809925189087,False
motif_214,Mucoromycota,Fungi,3,30,862,0.1,0.1003,0.9971,0.9968,0.5910797740800218,0.9357699537637565,False
motif_214,Streptophyta,Plantae,5,30,1334,0.1667,0.1552,1.0738,1.0889,0.5077483269686509,0.9049664058897045,False
motif_215,Evosea,Protozoa,8,32,532,0.25,0.0619,4.039,5.1139,0.0005715020420576814,0.014973353501911254,True
motif_215,Methanobacteriota,Archaea,3,32,869,0.0938,0.1011,0.9273,0.9194,0.6414677541020282,0.9497811466344049,False
motif_215,Streptophyta,Plantae,6,32,1334,0.1875,0.1552,1.2081,1.2572,0.3771784518691672,0.8289435788359458,False
motif_216,Arthropoda,Animalia,3,34,336,0.0882,0.0391,2.2571,2.3912,0.1461203344775556,0.6084520257449363,False
motif_216,Mollusca,Animalia,4,34,370,0.1176,0.043,2.7329,2.9854,0.056684372773979086,0.40815160821847746,False
motif_216,Mucoromycota,Fungi,9,34,862,0.2647,0.1003,2.6394,3.2531,0.005136901978599525,0.08411676989956723,False
motif_216,Streptophyta,Plantae,9,34,1334,0.2647,0.1552,1.7055,1.966,0.06978144905392114,0.4580372320350451,False
motif_216,Thermoproteota,Archaea,2,34,992,0.0588,0.1154,0.5097,0.478,0.9163907990434476,0.9970658001700066,False
motif_217,Arthropoda,Animalia,4,29,336,0.1379,0.0391,3.5283,3.9682,0.025179568076059824,0.23701964679979667,False
motif_217,Evosea,Protozoa,2,29,532,0.069,0.0619,1.1142,1.1231,0.5436336870063512,0.9189162967462194,False
motif_217,Mucoromycota,Fungi,4,29,862,0.1379,0.1003,1.3753,1.4374,0.3308599271793723,0.813577666267855,False
motif_217,Streptophyta,Plantae,4,29,1334,0.1379,0.1552,0.8887,0.8705,0.6797072031504274,0.9557242606014954,False
motif_217,Thermoproteota,Archaea,2,29,992,0.069,0.1154,0.5975,0.5669,0.8639215529632233,0.9970658001700066,False
motif_218,Mollusca,Animalia,2,37,370,0.0541,0.043,1.2557,1.2717,0.47735197571419785,0.898679408170921,False
motif_218,Streptophyta,Plantae,5,37,1334,0.1351,0.1552,0.8707,0.8499,0.7009855104711848,0.9644546621865697,False
motif_218,Thermoproteota,Archaea,6,37,992,0.1622,0.1154,1.405,1.4864,0.2502537472580655,0.7522698955931839,False
motif_219,Methanobacteriota,Archaea,9,42,869,0.2143,0.1011,2.1194,2.4396,0.02220111838485153,0.2181259881311663,False
motif_219,Mucoromycota,Fungi,2,42,862,0.0476,0.1003,0.4748,0.4473,0.9333486409645663,0.9998341823455873,False
motif_219,Streptophyta,Plantae,4,42,1334,0.0952,0.1552,0.6136,0.5717,0.9091655613009377,0.9970658001700066,False
motif_219,Thermoproteota,Archaea,8,42,992,0.1905,0.1154,1.6503,1.8099,0.10424695393119045,0.5480809751833826,False
motif_220,Arthropoda,Animalia,2,25,336,0.08,0.0391,2.0464,2.1442,0.2556435875719472,0.7633316092778542,False
motif_220,Methanobacteriota,Archaea,3,25,869,0.12,0.1011,1.1869,1.2131,0.4705655426716526,0.898679408170921,False
motif_220,Streptophyta,Plantae,14,25,1334,0.56,0.1552,3.6081,6.9904,3.622669859411219e-06,0.00017257081875740718,True
motif_221,Arthropoda,Animalia,4,29,336,0.1379,0.0391,3.5283,3.9682,0.025179568076059824,0.23701964679979667,False
motif_221,Chlorophyta,Plantae,3,29,286,0.1034,0.0333,3.1089,3.3771,0.0705120929723161,0.4580372320350451,False
motif_221,Methanobacteriota,Archaea,2,29,869,0.069,0.1011,0.6821,0.6578,0.8067818968938026,0.99451782107906,False
motif_221,Mucoromycota,Fungi,2,29,862,0.069,0.1003,0.6877,0.6637,0.8029916791701038,0.99451782107906,False
motif_221,Streptophyta,Plantae,5,29,1334,0.1724,0.1552,1.1109,1.1345,0.47614173419339345,0.898679408170921,False
motif_221,Thermoproteota,Archaea,4,29,992,0.1379,0.1154,1.1951,1.2272,0.43469723899178564,0.8703825227033843,False
motif_222,Chlorophyta,Plantae,2,36,286,0.0556,0.0333,1.6696,1.714,0.33793412590858757,0.813577666267855,False
motif_222,Evosea,Protozoa,3,36,532,0.0833,0.0619,1.3463,1.38,0.38685197178327646,0.8289435788359458,False
motif_222,Mucoromycota,Fungi,3,36,862,0.0833,0.1003,0.8309,0.8149,0.7146377218507646,0.9684573265081051,False
motif_222,Streptophyta,Plantae,3,36,1334,0.0833,0.1552,0.5369,0.4937,0.9337754364127208,0.9998341823455873,False
motif_222,Thermoproteota,Archaea,5,36,992,0.1389,0.1154,1.2034,1.2374,0.4031005682643892,0.8415326604403983,False
motif_223,Methanobacteriota,Archaea,3,24,869,0.125,0.1011,1.2363,1.271,0.4431813379400231,0.8799453980400443,False
motif_223,Streptophyta,Plantae,5,24,1334,0.2083,0.1552,1.3423,1.434,0.3123003067192274,0.8085936632263382,False
motif_223,Thermoproteota,Archaea,5,24,992,0.2083,0.1154,1.8051,2.0221,0.1353102742468071,0.601394125118331,False
motif_224,Methanobacteriota,Archaea,21,44,869,0.4773,0.1011,4.7206,8.2938,2.08765070546694e-10,1.8232149494411277e-08,True
motif_224,Streptophyta,Plantae,5,44,1334,0.1136,0.1552,0.7322,0.6967,0.8344321382105137,0.99451782107906,False
motif_224,Thermoproteota,Archaea,3,44,992,0.0682,0.1154,0.5907,0.5595,0.8970082777607666,0.9970658001700066,False
motif_225,Evosea,Protozoa,6,32,532,0.1875,0.0619,3.0293,3.526,0.01247044842985815,0.1564159086136479,False
motif_225,Mucoromycota,Fungi,4,32,862,0.125,0.1003,1.2464,1.2829,0.40193098141136935,0.8413255696120808,False
motif_225,Nematoda,Animalia,2,32,128,0.0625,0.0149,4.1968,4.464,0.08170605474684652,0.49399972990175034,False
motif_225,Streptophyta,Plantae,7,32,1334,0.2188,0.1552,1.4094,1.5268,0.21907712370197602,0.7259253403812864,False
motif_226,Arthropoda,Animalia,2,81,336,0.0247,0.0391,0.6316,0.62,0.8314429044311267,0.99451782107906,False
motif_226,Chlorophyta,Plantae,4,81,286,0.0494,0.0333,1.4841,1.5164,0.2833397325902215,0.7826524280874282,False
motif_226,Methanobacteriota,Archaea,4,81,869,0.0494,0.1011,0.4884,0.4594,0.9698480185317016,1.0,False
motif_226,Mucoromycota,Fungi,6,81,862,0.0741,0.1003,0.7386,0.7157,0.8353227516438004,0.99451782107906,False
motif_226,Streptophyta,Plantae,56,81,1334,0.6914,0.1552,4.4544,12.6828,1.7908510115296073e-27,3.128019766805047e-25,True
motif_227,Arthropoda,Animalia,2,31,336,0.0645,0.0391,1.6503,1.6994,0.34327088576638387,0.813577666267855,False
motif_227,Evosea,Protozoa,4,31,532,0.129,0.0619,2.0846,2.2548,0.12205692672831167,0.5761966631138317,False
motif_227,Methanobacteriota,Archaea,2,31,869,0.0645,0.1011,0.6381,0.6123,0.8357239450670726,0.99451782107906,False
motif_227,Mollusca,Animalia,3,31,370,0.0968,0.043,2.248,2.3931,0.1470812784879617,0.6084520257449363,False
motif_227,Streptophyta,Plantae,6,31,1334,0.1935,0.1552,1.247,1.3077,0.34753445283781886,0.813577666267855,False
motif_227,Thermoproteota,Archaea,2,31,992,0.0645,0.1154,0.559,0.5276,0.8877844003956219,0.9970658001700066,False
motif_228,Arthropoda,Animalia,3,33,336,0.0909,0.0391,2.3255,2.4712,0.13695691448731986,0.601394125118331,False
motif_228,Evosea,Protozoa,2,33,532,0.0606,0.0619,0.9792,0.9777,0.614734125046072,0.946485841892679,False
motif_228,Methanobacteriota,Archaea,5,33,869,0.1515,0.1011,1.4986,1.591,0.2369355920424265,0.7471987564425434,False
motif_228,Mollusca,Animalia,5,33,370,0.1515,0.043,3.5197,4.0103,0.012636654194614048,0.1564159086136479,False
motif_228,Mucoromycota,Fungi,3,33,862,0.0909,0.1003,0.9065,0.8967,0.6568439918002382,0.9497811466344049,False
motif_228,Streptophyta,Plantae,7,33,1334,0.2121,0.1552,1.3667,1.4679,0.24359640010113887,0.748413230827125,False
motif_229,Evosea,Protozoa,4,36,532,0.1111,0.0619,1.7951,1.9013,0.18082809777437975,0.6691914543917705,False
motif_229,Mollusca,Animalia,2,36,370,0.0556,0.043,1.2905,1.3093,0.4630159578344932,0.8938760555663073,False
motif_229,Mucoromycota,Fungi,2,36,862,0.0556,0.1003,0.5539,0.5266,0.8888812251808019,0.9970658001700066,False
motif_229,Streptophyta,Plantae,4,36,1334,0.1111,0.1552,0.7159,0.6794,0.8318064257481214,0.99451782107906,False
motif_229,Thermoproteota,Archaea,5,36,992,0.1389,0.1154,1.2034,1.2374,0.4031005682643892,0.8415326604403983,False
motif_230,Chlorophyta,Plantae,2,29,286,0.069,0.0333,2.0726,2.1601,0.25106091499353467,0.7522698955931839,False
motif_230,Evosea,Protozoa,4,29,532,0.1379,0.0619,2.2284,2.4358,0.10127379981579102,0.5415048071783112,False
motif_230,Methanobacteriota,Archaea,3,29,869,0.1034,0.1011,1.0232,1.0259,0.5731692595144717,0.9357699537637565,False
motif_230,Streptophyta,Plantae,10,29,1334,0.3448,0.1552,2.2217,2.8788,0.009320030974931635,0.12965565214683655,False
motif_231,Arthropoda,Animalia,2,35,336,0.0571,0.0391,1.4617,1.4927,0.3999364327342002,0.8413255696120808,False
motif_231,Chlorophyta,Plantae,4,35,286,0.1143,0.0333,3.4346,3.7877,0.027947148616281496,0.2539475007213556,False
motif_231,Methanobacteriota,Archaea,3,35,869,0.0857,0.1011,0.8478,0.8329,0.701692873385108,0.9644546621865697,False
motif_231,Mollusca,Animalia,3,35,370,0.0857,0.043,1.9911,2.0929,0.18974215040106887,0.6875363902188464,False
motif_231,Mucoromycota,Fungi,3,35,862,0.0857,0.1003,0.8547,0.8405,0.6962579237361533,0.9643325604521875,False
motif_231,Thermoproteota,Archaea,4,35,992,0.1143,0.1154,0.9902,0.9889,0.5870040687413809,0.9357699537637565,False
motif_232,Arthropoda,Animalia,9,38,336,0.2368,0.0391,6.0585,7.8108,1.1438868377035172e-05,0.0004994972524638692,True
motif_232,Evosea,Protozoa,5,38,532,0.1316,0.0619,2.1258,2.3087,0.08304311504662726,0.49399972990175034,False
motif_232,Methanobacteriota,Archaea,2,38,869,0.0526,0.1011,0.5206,0.4928,0.9086371852636758,0.9970658001700066,False
motif_232,Mollusca,Animalia,2,38,370,0.0526,0.043,1.2226,1.2363,0.4914526336368923,0.9008913938464727,False
motif_232,Streptophyta,Plantae,7,38,1334,0.1842,0.1552,1.1869,1.2303,0.37536379270412135,0.8289435788359458,False
motif_232,Thermoproteota,Archaea,7,38,992,0.1842,0.1154,1.5961,1.7358,0.14154818800882593,0.6084520257449363,False
motif_233,Arthropoda,Animalia,3,33,336,0.0909,0.0391,2.3255,2.4712,0.13695691448731986,0.601394125118331,False
motif_233,Chlorophyta,Plantae,2,33,286,0.0606,0.0333,1.8214,1.8805,0.30089484992151155,0.7963680495616817,False
motif_233,Evosea,Protozoa,2,33,532,0.0606,0.0619,0.9792,0.9777,0.614734125046072,0.946485841892679,False
motif_233,Methanobacteriota,Archaea,7,33,869,0.2121,0.1011,2.098,2.405,0.04355449964861771,0.34233836723813527,False
motif_233,Mucoromycota,Fungi,2,33,862,0.0606,0.1003,0.6043,0.5778,0.8574676244640668,0.9970658001700066,False
motif_233,Streptophyta,Plantae,4,33,1334,0.1212,0.1552,0.781,0.75,0.7758574572813655,0.9929515092354594,False
motif_233,Thermoproteota,Archaea,5,33,992,0.1515,0.1154,1.3128,1.3705,0.3311217577967747,0.813577666267855,False
motif_234,Methanobacteriota,Archaea,6,30,869,0.2,0.1011,1.9781,2.2312,0.07602034257823095,0.48101985405551234,False
motif_234,Mucoromycota,Fungi,3,30,862,0.1,0.1003,0.9971,0.9968,0.5910797740800218,0.9357699537637565,False
motif_234,Streptophyta,Plantae,4,30,1334,0.1333,0.1552,0.8591,0.8369,0.7061624148707009,0.9644546621865697,False
motif_234,Thermoproteota,Archaea,5,30,992,0.1667,0.1154,1.4441,1.5356,0.26061600384607975,0.7633316092778542,False
motif_235,Evosea,Protozoa,2,32,532,0.0625,0.0619,1.0098,1.0104,0.5977878751766732,0.9359786252766238,False
motif_235,Methanobacteriota,Archaea,2,32,869,0.0625,0.1011,0.6182,0.5918,0.8486743577980757,0.9945676565140079,False
motif_235,Mucoromycota,Fungi,5,32,862,0.1562,0.1003,1.558,1.6652,0.21289843073518092,0.7202696717406181,False
motif_235,Streptophyta,Plantae,4,32,1334,0.125,0.1552,0.8054,0.7769,0.754213836799261,0.9798930526380571,False
motif_235,Thermoproteota,Archaea,4,32,992,0.125,0.1154,1.083,1.0953,0.5135867963949319,0.911127260507399,False
motif_236,Arthropoda,Animalia,3,29,336,0.1034,0.0391,2.6462,2.8527,0.10250324539348402,0.542669005716103,False
motif_236,Methanobacteriota,Archaea,2,29,869,0.069,0.1011,0.6821,0.6578,0.8067818968938026,0.99451782107906,False
motif_236,Mucoromycota,Fungi,6,29,862,0.2069,0.1003,2.063,2.3497,0.06412993941344068,0.4383141945996902,False
motif_236,Streptophyta,Plantae,2,29,1334,0.069,0.1552,0.4443,0.4023,0.952721687077332,1.0,False
motif_236,Thermoproteota,Archaea,2,29,992,0.069,0.1154,0.5975,0.5669,0.8639215529632233,0.9970658001700066,False
motif_237,Arthropoda,Animalia,3,32,336,0.0938,0.0391,2.3982,2.5567,0.12800051395023795,0.5866379239935103,False
motif_237,Evosea,Protozoa,3,32,532,0.0938,0.0619,1.5146,1.5711,0.3177908089136632,0.8117970567183294,False
motif_237,Methanobacteriota,Archaea,2,32,869,0.0625,0.1011,0.6182,0.5918,0.8486743577980757,0.9945676565140079,False
motif_237,Mucoromycota,Fungi,3,32,862,0.0938,0.1003,0.9348,0.9278,0.6358028938934106,0.9497811466344049,False
motif_237,Streptophyta,Plantae,4,32,1334,0.125,0.1552,0.8054,0.7769,0.754213836799261,0.9798930526380571,False
motif_237,Thermoproteota,Archaea,9,32,992,0.2812,0.1154,2.4368,3.0174,0.008382546563030096,0.11936809925189087,False
motif_238,Chlorophyta,Plantae,2,30,286,0.0667,0.0333,2.0035,2.0827,0.2635296897507119,0.7685875181597757,False
motif_238,Methanobacteriota,Archaea,4,30,869,0.1333,0.1011,1.3188,1.3695,0.36036521918398856,0.8150994597945757,False
motif_238,Mucoromycota,Fungi,10,30,862,0.3333,0.1003,3.3237,4.5264,0.0004519975710927921,0.01268821753139052,True
motif_238,Streptophyta,Plantae,4,30,1334,0.1333,0.1552,0.8591,0.8369,0.7061624148707009,0.9644546621865697,False
motif_239,Evosea,Protozoa,2,28,532,0.0714,0.0619,1.154,1.1665,0.5244887344165732,0.9120534186978463,False
motif_239,Mucoromycota,Fungi,2,28,862,0.0714,0.1003,0.7122,0.6894,0.7867460543636239,0.99451782107906,False
motif_239,Streptophyta,Plantae,5,28,1334,0.1786,0.1552,1.1505,1.184,0.4438910309451369,0.8799453980400443,False
motif_239,Thermoproteota,Archaea,8,28,992,0.2857,0.1154,2.4755,3.0825,0.011494843661701837,0.1521122507816972,False
motif_240,Arthropoda,Animalia,3,38,336,0.0789,0.0391,2.0195,2.1169,0.18458481630055465,0.6811439700104974,False
motif_240,Mollusca,Animalia,3,38,370,0.0789,0.043,1.8339,1.9128,0.22354013310570053,0.7336223157456393,False
motif_240,Mucoromycota,Fungi,3,38,862,0.0789,0.1003,0.7872,0.7681,0.7487960572061871,0.9798930526380571,False
motif_240,Streptophyta,Plantae,8,38,1334,0.2105,0.1552,1.3564,1.4542,0.2282751703534854,0.7383715386742368,False
motif_241,Chlorophyta,Plantae,3,35,286,0.0857,0.0333,2.5759,2.7419,0.10951903549508002,0.5560821681653579,False
motif_241,Evosea,Protozoa,2,35,532,0.0571,0.0619,0.9232,0.9182,0.6469733095649499,0.9497811466344049,False
motif_241,Methanobacteriota,Archaea,13,35,869,0.3714,0.1011,3.6737,5.3182,1.8711875105190092e-05,0.0007174406747648493,True
motif_241,Streptophyta,Plantae,9,35,1334,0.2571,0.1552,1.6568,1.8901,0.0815745279949368,0.49399972990175034,False
motif_242,Arthropoda,Animalia,2,29,336,0.069,0.0391,1.7642,1.8257,0.31428163373491896,0.8085936632263382,False
motif_242,Discosea,Protozoa,2,29,136,0.069,0.0158,4.3585,4.6611,0.0764578311832389,0.48101985405551234,False
motif_242,Methanobacteriota,Archaea,2,29,869,0.069,0.1011,0.6821,0.6578,0.8067818968938026,0.99451782107906,False
motif_242,Mollusca,Animalia,2,29,370,0.069,0.043,1.6021,1.6502,0.3568494432240709,0.813577666267855,False
motif_242,Mucoromycota,Fungi,5,29,862,0.1724,0.1003,1.7191,1.874,0.15949385703289612,0.6283818126709592,False
motif_242,Streptophyta,Plantae,7,29,1334,0.2414,0.1552,1.5552,1.7357,0.15170447172365545,0.6194270897391854,False
motif_242,Thermoproteota,Archaea,3,29,992,0.1034,0.1154,0.8963,0.884,0.6666611279640371,0.9501280989659713,False
motif_243,Evosea,Protozoa,2,25,532,0.08,0.0619,1.2925,1.3191,0.46390795289762676,0.8938760555663073,False
motif_243,Mucoromycota,Fungi,5,25,862,0.2,0.1003,1.9942,2.25,0.09863405604248017,0.5415048071783112,False
motif_243,Streptophyta,Plantae,9,25,1334,0.36,0.1552,2.3195,3.0757,0.009861555529515752,0.1348031764556414,False
motif_244,Methanobacteriota,Archaea,7,40,869,0.175,0.1011,1.7309,1.8931,0.1035351420842529,0.546165246162569,False
motif_244,Mollusca,Animalia,4,40,370,0.1,0.043,2.323,2.486,0.09170364778083058,0.5223120808386437,False
motif_244,Mucoromycota,Fungi,6,40,862,0.15,0.1003,1.4956,1.5872,0.2077304085870301,0.711442706533358,False
motif_244,Streptophyta,Plantae,3,40,1334,0.075,0.1552,0.4832,0.4401,0.9595844157072746,1.0,False
motif_244,Thermoproteota,Archaea,6,40,992,0.15,0.1154,1.2996,1.3547,0.3124769975561271,0.8085936632263382,False
motif_245,Arthropoda,Animalia,2,30,336,0.0667,0.0391,1.7054,1.7603,0.328818838071221,0.813577666267855,False
motif_245,Chlorophyta,Plantae,4,30,286,0.1333,0.0333,4.007,4.5188,0.016638314185690527,0.18724133033063003,False
motif_245,Methanobacteriota,Archaea,4,30,869,0.1333,0.1011,1.3188,1.3695,0.36036521918398856,0.8150994597945757,False
motif_245,Mucoromycota,Fungi,3,30,862,0.1,0.1003,0.9971,0.9968,0.5910797740800218,0.9357699537637565,False
motif_245,Streptophyta,Plantae,6,30,1334,0.2,0.1552,1.2886,1.3624,0.31810877031710616,0.8117970567183294,False
motif_245,Thermoproteota,Archaea,3,30,992,0.1,0.1154,0.8664,0.8511,0.6894591457960699,0.9608420010562251,False
motif_246,Evosea,Protozoa,6,23,532,0.2609,0.0619,4.2146,5.3988,0.0022290422005399584,0.04435511821833943,True
motif_246,Methanobacteriota,Archaea,2,23,869,0.087,0.1011,0.8601,0.8464,0.6913368748780058,0.960903242536008,False
motif_246,Mucoromycota,Fungi,2,23,862,0.087,0.1003,0.867,0.854,0.6868681455217251,0.9606376554805621,False
motif_246,Streptophyta,Plantae,6,23,1334,0.2609,0.1552,1.6808,1.9252,0.1342234725245278,0.601394125118331,False
motif_247,Arthropoda,Animalia,3,36,336,0.0833,0.0391,2.1317,2.2457,0.16501621626807852,0.6366079943692103,False
motif_247,Methanobacteriota,Archaea,3,36,869,0.0833,0.1011,0.8242,0.8076,0.7199690108068713,0.9711786221641464,False
motif_247,Mollusca,Animalia,4,36,370,0.1111,0.043,2.5811,2.7982,0.06739900001373081,0.45085628945355244,False
motif_247,Mucoromycota,Fungi,2,36,862,0.0556,0.1003,0.5539,0.5266,0.8888812251808019,0.9970658001700066,False
motif_247,Streptophyta,Plantae,7,36,1334,0.1944,0.1552,1.2528,1.3155,0.32140101048022374,0.813577666267855,False
motif_247,Thermoproteota,Archaea,6,36,992,0.1667,0.1154,1.4441,1.5361,0.23033037003497484,0.7404485515234773,False
motif_248,Arthropoda,Animalia,8,42,336,0.1905,0.0391,4.8724,5.9003,0.00018482305589699637,0.0056968988994133005,True
motif_248,Evosea,Protozoa,4,42,532,0.0952,0.0619,1.5387,1.5999,0.26075640851285475,0.7633316092778542,False
motif_248,Methanobacteriota,Archaea,4,42,869,0.0952,0.1011,0.942,0.9356,0.625861247021648,0.9497811466344049,False
motif_248,Mollusca,Animalia,9,42,370,0.2143,0.043,4.9778,6.1889,5.808963954758729e-05,0.0019851502906262438,True
motif_248,Streptophyta,Plantae,6,42,1334,0.1429,0.1552,0.9204,0.9068,0.6529070112355422,0.9497811466344049,False
motif_248,Thermoproteota,Archaea,3,42,992,0.0714,0.1154,0.6189,0.5883,0.8781234019506978,0.9970658001700066,False
motif_249,Arthropoda,Animalia,2,35,336,0.0571,0.0391,1.4617,1.4927,0.3999364327342002,0.8413255696120808,False
motif_249,Evosea,Protozoa,2,35,532,0.0571,0.0619,0.9232,0.9182,0.6469733095649499,0.9497811466344049,False
motif_249,Methanobacteriota,Archaea,2,35,869,0.0571,0.1011,0.5652,0.5378,0.8821354758421923,0.9970658001700066,False
motif_249,Mucoromycota,Fungi,7,35,862,0.2,0.1003,1.9942,2.2529,0.05552756584509989,0.40599690003952105,False
motif_249,Streptophyta,Plantae,4,35,1334,0.1143,0.1552,0.7363,0.7014,0.8145964810215525,0.99451782107906,False
motif_249,Thermoproteota,Archaea,6,35,992,0.1714,0.1154,1.4853,1.5893,0.21094039631538097,0.7193021757218632,False
motif_250,Evosea,Protozoa,2,45,532,0.0444,0.0619,0.718,0.7038,0.7769277076078976,0.9929515092354594,False
motif_250,Methanobacteriota,Archaea,8,45,869,0.1778,0.1011,1.7583,1.9309,0.0790880789198125,0.49140893305116695,False
motif_250,Mollusca,Animalia,3,45,370,0.0667,0.043,1.5486,1.5926,0.3058233244183577,0.8078792365045253,False
motif_250,Mucoromycota,Fungi,10,45,862,0.2222,0.1003,2.2158,2.5815,0.012048390885230525,0.15524647927526544,False
motif_250,Streptophyta,Plantae,4,45,1334,0.0889,0.1552,0.5727,0.5296,0.9344264501582291,0.9998341823455873,False
motif_250,Thermoproteota,Archaea,7,45,992,0.1556,0.1154,1.3478,1.4148,0.2583546871414769,0.7633316092778542,False
motif_251,Methanobacteriota,Archaea,5,70,869,0.0714,0.1011,0.7065,0.6821,0.8492529638776232,0.9945676565140079,False
motif_251,Mollusca,Animalia,2,70,370,0.0286,0.043,0.6637,0.6519,0.8105483421498628,0.99451782107906,False
motif_251,Mucoromycota,Fungi,25,70,862,0.3571,0.1003,3.5611,5.1029,6.018103995617122e-09,4.1132432526565724e-07,True
motif_251,Streptophyta,Plantae,25,70,1334,0.3571,0.1552,2.3011,3.0626,2.5702918221244508e-05,0.000939650870785962,True
motif_251,Thermoproteota,Archaea,4,70,992,0.0571,0.1154,0.4951,0.4623,0.9681846414392848,1.0,False
motif_252,Chlorophyta,Plantae,4,60,286,0.0667,0.0333,2.0035,2.0904,0.13849024585068137,0.6064252548113401,False
motif_252,Methanobacteriota,Archaea,6,60,869,0.1,0.1011,0.9891,0.9878,0.5745637829207175,0.9357699537637565,False
motif_252,Mollusca,Animalia,14,60,370,0.2333,0.043,5.4203,6.9923,1.6735802337890935e-07,1.011872356737098e-05,True
motif_252,Mucoromycota,Fungi,6,60,862,0.1,0.1003,0.9971,0.9968,0.5663266967344055,0.9357699537637565,False
motif_252,Streptophyta,Plantae,9,60,1334,0.15,0.1552,0.9665,0.9603,0.5995166269671268,0.9372147633823814,False
motif_252,Thermoproteota,Archaea,4,60,992,0.0667,0.1154,0.5776,0.5456,0.927422308474291,0.9998341823455873,False
motif_253,Evosea,Protozoa,3,29,532,0.1034,0.0619,1.6713,1.753,0.2660318744545801,0.7701696254928175,False
motif_253,Methanobacteriota,Archaea,3,29,869,0.1034,0.1011,1.0232,1.0259,0.5731692595144717,0.9357699537637565,False
motif_253,Mollusca,Animalia,5,29,370,0.1724,0.043,4.0051,4.6809,0.007275010753349724,0.10688146639500716,False
motif_253,Mucoromycota,Fungi,6,29,862,0.2069,0.1003,2.063,2.3497,0.06412993941344068,0.4383141945996902,False
motif_253,Streptophyta,Plantae,3,29,1334,0.1034,0.1552,0.6665,0.6272,0.8499666649053945,0.9945676565140079,False
motif_254,Methanobacteriota,Archaea,51,77,869,0.6623,0.1011,6.551,18.4644,8.114420876087161e-33,1.5944837021511274e-30,True
motif_254,Mucoromycota,Fungi,7,77,862,0.0909,0.1003,0.9065,0.8963,0.6645007554893336,0.9501280989659713,False
motif_254,Streptophyta,Plantae,3,77,1334,0.039,0.1552,0.251,0.2189,0.9997504419398763,1.0,False
motif_254,Thermoproteota,Archaea,9,77,992,0.1169,0.1154,1.0127,1.0145,0.5371658238381541,0.9189162967462194,False
motif_255,Arthropoda,Animalia,9,36,336,0.25,0.0391,6.3951,8.3914,7.079609611835131e-06,0.0003273278326413184,True
motif_255,Evosea,Protozoa,3,36,532,0.0833,0.0619,1.3463,1.38,0.38685197178327646,0.8289435788359458,False
motif_255,Mollusca,Animalia,5,36,370,0.1389,0.043,3.2264,3.6209,0.0180764776495934,0.1959739507942126,False
motif_255,Mucoromycota,Fungi,5,36,862,0.1389,0.1003,1.3849,1.4495,0.2911147618673676,0.7876633488046504,False
motif_255,Streptophyta,Plantae,4,36,1334,0.1111,0.1552,0.7159,0.6794,0.8318064257481214,0.99451782107906,False
motif_255,Thermoproteota,Archaea,2,36,992,0.0556,0.1154,0.4814,0.4497,0.9314908738350236,0.9998341823455873,False
motif_256,Arthropoda,Animalia,2,64,336,0.0312,0.0391,0.7994,0.7917,0.7203525912489788,0.9711786221641464,False
motif_256,Chlorophyta,Plantae,8,64,286,0.125,0.0333,3.7566,4.241,0.0011950189675631238,0.026091247458461538,True
motif_256,Evosea,Protozoa,2,64,532,0.0312,0.0619,0.5049,0.487,0.9133138630118032,0.9970658001700066,False
motif_256,Methanobacteriota,Archaea,2,64,869,0.0312,0.1011,0.3091,0.2852,0.991235888937242,1.0,False
motif_256,Mucoromycota,Fungi,20,64,862,0.3125,0.1003,3.1159,4.1508,2.2992150973903094e-06,0.00012047887110325222,True
motif_256,Streptophyta,Plantae,9,64,1334,0.1406,0.1552,0.9061,0.8899,0.6792403740930869,0.9557242606014954,False
motif_256,Thermoproteota,Archaea,4,64,992,0.0625,0.1154,0.5415,0.509,0.9474666254450511,1.0,False
motif_257,Arthropoda,Animalia,3,35,336,0.0857,0.0391,2.1926,2.3162,0.15547775865809982,0.6249821237782561,False
motif_257,Evosea,Protozoa,4,35,532,0.1143,0.0619,1.8464,1.9629,0.16838825090124435,0.6424910932445537,False
motif_257,Methanobacteriota,Archaea,3,35,869,0.0857,0.1011,0.8478,0.8329,0.701692873385108,0.9644546621865697,False
motif_257,Mollusca,Animalia,3,35,370,0.0857,0.043,1.9911,2.0929,0.18974215040106887,0.6875363902188464,False
motif_257,Mucoromycota,Fungi,3,35,862,0.0857,0.1003,0.8547,0.8405,0.6962579237361533,0.9643325604521875,False
motif_257,Streptophyta,Plantae,6,35,1334,0.1714,0.1552,1.1045,1.1267,0.46570260146870596,0.8938760555663073,False
motif_258,Chlorophyta,Plantae,2,50,286,0.04,0.0333,1.2021,1.212,0.4995461468851783,0.9049664058897045,False
motif_258,Evosea,Protozoa,5,50,532,0.1,0.0619,1.6156,1.6905,0.19526918580901903,0.6875363902188464,False
motif_258,Methanobacteriota,Archaea,5,50,869,0.1,0.1011,0.9891,0.9878,0.5794733149494771,0.9357699537637565,False
motif_258,Mollusca,Animalia,4,50,370,0.08,0.043,1.8584,1.9432,0.16719068755913244,0.6416464949275479,False
motif_258,Mucoromycota,Fungi,2,50,862,0.04,0.1003,0.3988,0.3723,0.9670148734974949,1.0,False
motif_258,Streptophyta,Plantae,2,50,1334,0.04,0.1552,0.2577,0.2256,0.9978284631647132,1.0,False
motif_258,Thermoproteota,Archaea,2,50,992,0.04,0.1154,0.3466,0.318,0.9838669734400588,1.0,False
motif_259,Arthropoda,Animalia,6,38,336,0.1579,0.0391,4.039,4.6744,0.0032680377379602226,0.059736689814807786,False
motif_259,Chlorophyta,Plantae,3,38,286,0.0789,0.0333,2.3726,2.506,0.13153479224633,0.5958867245280426,False
motif_259,Methanobacteriota,Archaea,2,38,869,0.0526,0.1011,0.5206,0.4928,0.9086371852636758,0.9970658001700066,False
motif_259,Mucoromycota,Fungi,4,38,862,0.1053,0.1003,1.0496,1.0557,0.5378895019683235,0.9189162967462194,False
motif_259,Streptophyta,Plantae,5,38,1334,0.1316,0.1552,0.8478,0.824,0.7237807587265053,0.9732962811959506,False
motif_259,Thermoproteota,Archaea,3,38,992,0.0789,0.1154,0.684,0.6559,0.8309565675892296,0.99451782107906,False
motif_260,Evosea,Protozoa,2,33,532,0.0606,0.0619,0.9792,0.9777,0.614734125046072,0.946485841892679,False
motif_260,Methanobacteriota,Archaea,5,33,869,0.1515,0.1011,1.4986,1.591,0.2369355920424265,0.7471987564425434,False
motif_260,Mucoromycota,Fungi,3,33,862,0.0909,0.1003,0.9065,0.8967,0.6568439918002382,0.9497811466344049,False
motif_260,Streptophyta,Plantae,6,33,1334,0.1818,0.1552,1.1715,1.2105,0.4068633522620626,0.8463372131364877,False
motif_260,Thermoproteota,Archaea,8,33,992,0.2424,0.1154,2.1004,2.4644,0.03062261377820914,0.26449862010628994,False
motif_261,Arthropoda,Animalia,3,32,336,0.0938,0.0391,2.3982,2.5567,0.12800051395023795,0.5866379239935103,False
motif_261,Methanobacteriota,Archaea,2,32,869,0.0625,0.1011,0.6182,0.5918,0.8486743577980757,0.9945676565140079,False
motif_261,Mucoromycota,Fungi,2,32,862,0.0625,0.1003,0.6232,0.5971,0.8453086164238348,0.9945676565140079,False
motif_261,Thermoproteota,Archaea,8,32,992,0.25,0.1154,2.1661,2.5674,0.025713893740529944,0.2388162297435473,False
motif_262,Evosea,Protozoa,6,45,532,0.1333,0.0619,2.1541,2.3469,0.05725303389970465,0.40815160821847746,False
motif_262,Mucoromycota,Fungi,2,45,862,0.0444,0.1003,0.4432,0.4159,0.9486682354381354,1.0,False
motif_262,Streptophyta,Plantae,7,45,1334,0.1556,0.1552,1.0022,1.0027,0.5608275527339983,0.9330584541935542,False
motif_262,Thermoproteota,Archaea,2,45,992,0.0444,0.1154,0.3851,0.3552,0.9727160738033557,1.0,False
motif_263,Evosea,Protozoa,7,33,532,0.2121,0.0619,3.427,4.1215,0.0034861426000900443,0.0628663893719666,False
motif_263,Methanobacteriota,Archaea,5,33,869,0.1515,0.1011,1.4986,1.591,0.2369355920424265,0.7471987564425434,False
motif_263,Mollusca,Animalia,2,33,370,0.0606,0.043,1.4079,1.4365,0.41867545586193744,0.8580936331355484,False
motif_263,Mucoromycota,Fungi,5,33,862,0.1515,0.1003,1.5108,1.6055,0.23183921416156986,0.7422632274174904,False
motif_263,Streptophyta,Plantae,5,33,1334,0.1515,0.1552,0.9762,0.9719,0.5972975883040044,0.9359786252766238,False
motif_263,Thermoproteota,Archaea,4,33,992,0.1212,0.1154,1.0502,1.0574,0.5387543879257124,0.9189162967462194,False
motif_264,Chlorophyta,Plantae,3,48,286,0.0625,0.0333,1.8783,1.9468,0.2137944509415788,0.7202696717406181,False
motif_264,Discosea,Protozoa,3,48,136,0.0625,0.0158,3.9499,4.2175,0.03997411635743236,0.31776885563403245,False
motif_264,Evosea,Protozoa,2,48,532,0.0417,0.0619,0.6732,0.6577,0.8067929073441015,0.99451782107906,False
motif_264,Methanobacteriota,Archaea,2,48,869,0.0417,0.1011,0.4121,0.3851,0.9619871193320265,1.0,False
motif_264,Mollusca,Animalia,4,48,370,0.0833,0.043,1.9358,2.032,0.15062590807675114,0.6194270897391854,False
motif_264,Mucoromycota,Fungi,4,48,862,0.0833,0.1003,0.8309,0.8147,0.7230776691279523,0.9732962811959506,False
motif_264,Streptophyta,Plantae,10,48,1334,0.2083,0.1552,1.3423,1.4356,0.20173184608034106,0.6985076256350136,False
motif_264,Thermoproteota,Archaea,3,48,992,0.0625,0.1154,0.5415,0.5095,0.92707457445393,0.9998341823455873,False
motif_265,Arthropoda,Animalia,2,41,336,0.0488,0.0391,1.2478,1.2621,0.48029258295023947,0.9008913938464727,False
motif_265,Chlorophyta,Plantae,3,41,286,0.0732,0.0333,2.199,2.3073,0.1549447968272251,0.6245467195189688,False
motif_265,Mollusca,Animalia,3,41,370,0.0732,0.043,1.6997,1.7612,0.25839607471593773,0.7633316092778542,False
motif_265,Mucoromycota,Fungi,8,41,862,0.1951,0.1003,1.9456,2.1858,0.047938643637551966,0.3712292994986783,False
motif_265,Streptophyta,Plantae,6,41,1334,0.1463,0.1552,0.9429,0.9328,0.6286892228172474,0.9497811466344049,False
motif_265,Thermoproteota,Archaea,5,41,992,0.122,0.1154,1.0566,1.0648,0.5198757227477406,0.9112684706842263,False
motif_266,Arthropoda,Animalia,2,30,336,0.0667,0.0391,1.7054,1.7603,0.328818838071221,0.813577666267855,False
motif_266,Streptophyta,Plantae,4,30,1334,0.1333,0.1552,0.8591,0.8369,0.7061624148707009,0.9644546621865697,False
motif_267,Evosea,Protozoa,4,29,532,0.1379,0.0619,2.2284,2.4358,0.10127379981579102,0.5415048071783112,False
motif_267,Methanobacteriota,Archaea,3,29,869,0.1034,0.1011,1.0232,1.0259,0.5731692595144717,0.9357699537637565,False
motif_267,Mucoromycota,Fungi,2,29,862,0.069,0.1003,0.6877,0.6637,0.8029916791701038,0.99451782107906,False
motif_267,Streptophyta,Plantae,6,29,1334,0.2069,0.1552,1.333,1.4218,0.2890876553535046,0.7848804736022612,False
motif_267,Thermoproteota,Archaea,2,29,992,0.069,0.1154,0.5975,0.5669,0.8639215529632233,0.9970658001700066,False
motif_268,Arthropoda,Animalia,5,63,336,0.0794,0.0391,2.0302,2.1359,0.0991225174758239,0.5415048071783112,False
motif_268,Chlorophyta,Plantae,3,63,286,0.0476,0.0333,1.4311,1.4574,0.34986105742922424,0.813577666267855,False
motif_268,Evosea,Protozoa,5,63,532,0.0794,0.0619,1.2822,1.3095,0.3507062627169186,0.813577666267855,False
motif_268,Methanobacteriota,Archaea,3,63,869,0.0476,0.1011,0.471,0.4426,0.9607442920204045,1.0,False
motif_268,Mollusca,Animalia,2,63,370,0.0317,0.043,0.7375,0.7274,0.7613845215544262,0.9867242109509958,False
motif_268,Mucoromycota,Fungi,2,63,862,0.0317,0.1003,0.3165,0.2925,0.9898898896506525,1.0,False
motif_268,Streptophyta,Plantae,8,63,1334,0.127,0.1552,0.8182,0.7905,0.7825130416456372,0.99451782107906,False
motif_268,Thermoproteota,Archaea,16,63,992,0.254,0.1154,2.2005,2.6355,0.0016760103794645673,0.03609162077422328,True
motif_269,Methanobacteriota,Archaea,9,40,869,0.225,0.1011,2.2254,2.5977,0.01632682522099088,0.18598383512607003,False
motif_269,Mucoromycota,Fungi,6,40,862,0.15,0.1003,1.4956,1.5872,0.2077304085870301,0.711442706533358,False
motif_269,Streptophyta,Plantae,7,40,1334,0.175,0.1552,1.1275,1.1554,0.42969546587832935,0.8693452668735312,False
motif_269,Thermoproteota,Archaea,5,40,992,0.125,0.1154,1.083,1.0954,0.4971819289785811,0.9038058248112336,False
motif_270,Evosea,Protozoa,2,27,532,0.0741,0.0619,1.1967,1.2133,0.5048101059367353,0.9049664058897045,False
motif_270,Methanobacteriota,Archaea,5,27,869,0.1852,0.1011,1.8316,2.0265,0.13066538331380823,0.5953796596211783,False
motif_270,Mucoromycota,Fungi,4,27,862,0.1481,0.1003,1.4772,1.5628,0.28377016705198027,0.7826524280874282,False
motif_270,Streptophyta,Plantae,9,27,1334,0.3333,0.1552,2.1477,2.7332,0.016943051891223825,0.18889700406385712,False
motif_270,Thermoproteota,Archaea,4,27,992,0.1481,0.1154,1.2836,1.3343,0.38016272605014145,0.8289435788359458,False
motif_271,Arthropoda,Animalia,2,43,336,0.0465,0.0391,1.1898,1.2002,0.5055890605984935,0.9049664058897045,False
motif_271,Methanobacteriota,Archaea,4,43,869,0.093,0.1011,0.9201,0.9115,0.6446829656086477,0.9497811466344049,False
motif_271,Mollusca,Animalia,4,43,370,0.093,0.043,2.1609,2.294,0.11229697233957751,0.5599989420845718,False
motif_271,Nematoda,Animalia,3,43,128,0.0698,0.0149,4.6848,5.0562,0.02582618260585435,0.2388162297435473,False
motif_271,Streptophyta,Plantae,4,43,1334,0.093,0.1552,0.5994,0.5569,0.9184168439224998,0.9970658001700066,False
motif_271,Thermoproteota,Archaea,5,43,992,0.1163,0.1154,1.0075,1.0085,0.5638712032340181,0.9330584541935542,False
motif_272,Discosea,Protozoa,3,57,136,0.0526,0.0158,3.3262,3.5109,0.06111483080332994,0.4269889512125985,False
motif_272,Evosea,Protozoa,6,57,532,0.1053,0.0619,1.7006,1.792,0.13903507053656014,0.6071198080096459,False
motif_272,Methanobacteriota,Archaea,6,57,869,0.1053,0.1011,1.0411,1.0463,0.5227182949572249,0.9112684706842263,False
motif_272,Mucoromycota,Fungi,2,57,862,0.0351,0.1003,0.3499,0.3247,0.9824599410262925,1.0,False
motif_272,Streptophyta,Plantae,10,57,1334,0.1754,0.1552,1.1304,1.1593,0.3901724037865229,0.8310989413989349,False
motif_272,Thermoproteota,Archaea,3,57,992,0.0526,0.1154,0.456,0.4241,0.9676193212906412,1.0,False
motif_273,Chlorophyta,Plantae,3,30,286,0.1,0.0333,3.0052,3.2517,0.07649806839305222,0.48101985405551234,False
motif_273,Evosea,Protozoa,3,30,532,0.1,0.0619,1.6156,1.6879,0.28320779794891054,0.7826524280874282,False
motif_273,Mollusca,Animalia,2,30,370,0.0667,0.043,1.5486,1.591,0.37255592395634435,0.8289435788359458,False
motif_273,Mucoromycota,Fungi,3,30,862,0.1,0.1003,0.9971,0.9968,0.5910797740800218,0.9357699537637565,False
motif_273,Streptophyta,Plantae,5,30,1334,0.1667,0.1552,1.0738,1.0889,0.5077483269686509,0.9049664058897045,False
motif_274,Mucoromycota,Fungi,2,25,862,0.08,0.1003,0.7977,0.7796,0.7307711921664326,0.9737164030360457,False
motif_274,Streptophyta,Plantae,7,25,1334,0.28,0.1552,1.804,2.1226,0.08046192116257302,0.49399972990175034,False
motif_274,Thermoproteota,Archaea,4,25,992,0.16,0.1154,1.3863,1.4617,0.3251196048807216,0.813577666267855,False
motif_275,Arthropoda,Animalia,3,135,336,0.0222,0.0391,0.5685,0.5547,0.9032383461817131,0.9970658001700066,False
motif_275,Chlorophyta,Plantae,3,135,286,0.0222,0.0333,0.6678,0.6567,0.8324712768806534,0.99451782107906,False
motif_275,Discosea,Protozoa,5,135,136,0.037,0.0158,2.3407,2.4454,0.06273692770538478,0.43638252368524283,False
motif_275,Evosea,Protozoa,9,135,532,0.0667,0.0619,1.0771,1.084,0.45890742876965857,0.8938760555663073,False
motif_275,Methanobacteriota,Archaea,27,135,869,0.2,0.1011,1.9781,2.2619,0.000387370767729365,0.011276793460565959,True
motif_275,Mucoromycota,Fungi,15,135,862,0.1111,0.1003,1.1079,1.1235,0.37763056690737323,0.8289435788359458,False
motif_275,Nematoda,Animalia,2,135,128,0.0148,0.0149,0.9948,0.9946,0.600999894878468,0.9382044039215012,False
motif_275,Streptophyta,Plantae,7,135,1334,0.0519,0.1552,0.3341,0.294,0.9999557080119478,1.0,False
motif_275,Thermoproteota,Archaea,18,135,992,0.1333,0.1154,1.1552,1.1824,0.2927585468455672,0.788246964999598,False
motif_276,Chlorophyta,Plantae,2,36,286,0.0556,0.0333,1.6696,1.714,0.33793412590858757,0.813577666267855,False
motif_276,Evosea,Protozoa,3,36,532,0.0833,0.0619,1.3463,1.38,0.38685197178327646,0.8289435788359458,False
motif_276,Mucoromycota,Fungi,4,36,862,0.1111,0.1003,1.1079,1.1219,0.494080144475428,0.9031325431574102,False
motif_276,Nematoda,Animalia,2,36,128,0.0556,0.0149,3.7305,3.937,0.09992882869387537,0.5415048071783112,False
motif_276,Streptophyta,Plantae,3,36,1334,0.0833,0.1552,0.5369,0.4937,0.9337754364127208,0.9998341823455873,False
motif_276,Thermoproteota,Archaea,2,36,992,0.0556,0.1154,0.4814,0.4497,0.9314908738350236,0.9998341823455873,False
motif_277,Arthropoda,Animalia,2,49,336,0.0408,0.0391,1.0441,1.0462,0.5765208732339357,0.9357699537637565,False
motif_277,Methanobacteriota,Archaea,24,49,869,0.4898,0.1011,4.8444,8.7491,5.146048832109805e-12,5.160694771462614e-10,True
motif_277,Mucoromycota,Fungi,5,49,862,0.102,0.1003,1.0174,1.0195,0.5534331390268067,0.9309661526298192,False
motif_277,Streptophyta,Plantae,4,49,1334,0.0816,0.1552,0.526,0.4823,0.9581978895902731,1.0,False
motif_277,Thermoproteota,Archaea,7,49,992,0.1429,0.1154,1.2378,1.2794,0.3346325486241765,0.813577666267855,False
motif_278,Arthropoda,Animalia,4,32,336,0.125,0.0391,3.1975,3.5417,0.03481259438883782,0.28955237237700027,False
motif_278,Chlorophyta,Plantae,2,32,286,0.0625,0.0333,1.8783,1.9434,0.28846010748199097,0.7848804736022612,False
motif_278,Evosea,Protozoa,5,32,532,0.1562,0.0619,2.5244,2.8238,0.04491093370091204,0.35124372028772993,False
motif_278,Methanobacteriota,Archaea,2,32,869,0.0625,0.1011,0.6182,0.5918,0.8486743577980757,0.9945676565140079,False
motif_278,Streptophyta,Plantae,4,32,1334,0.125,0.1552,0.8054,0.7769,0.754213836799261,0.9798930526380571,False
motif_278,Thermoproteota,Archaea,8,32,992,0.25,0.1154,2.1661,2.5674,0.025713893740529944,0.2388162297435473,False
motif_279,Mucoromycota,Fungi,22,133,862,0.1654,0.1003,1.6493,1.7984,0.012585934977585953,0.1564159086136479,False
motif_279,Streptophyta,Plantae,106,133,1334,0.797,0.1552,5.135,23.1272,8.263234289507668e-62,3.2474510757765137e-59,True
motif_280,Chlorophyta,Plantae,2,22,286,0.0909,0.0333,2.732,2.9187,0.16522650235536757,0.6366079943692103,False
motif_280,Evosea,Protozoa,2,22,532,0.0909,0.0619,1.4687,1.5175,0.39901900919543987,0.8413255696120808,False
motif_280,Methanobacteriota,Archaea,3,22,869,0.1364,0.1011,1.3487,1.4052,0.3868972256291938,0.8289435788359458,False
motif_280,Mollusca,Animalia,4,22,370,0.1818,0.043,4.2236,4.983,0.013352681250954273,0.16217449087229555,False
motif_280,Mucoromycota,Fungi,2,22,862,0.0909,0.1003,0.9065,0.8969,0.6627925686119226,0.9497811466344049,False
motif_280,Streptophyta,Plantae,2,22,1334,0.0909,0.1552,0.5857,0.5436,0.8769833211522072,0.9970658001700066,False
motif_280,Thermoproteota,Archaea,2,22,992,0.0909,0.1154,0.7877,0.766,0.739752269917942,0.9763984620579385,False
motif_281,Arthropoda,Animalia,3,28,336,0.1071,0.0391,2.7408,2.9672,0.09450424429168149,0.5329802081285816,False
motif_281,Chlorophyta,Plantae,2,28,286,0.0714,0.0333,2.1466,2.2435,0.23860927209551958,0.7471987564425434,False
motif_281,Mucoromycota,Fungi,5,28,862,0.1786,0.1003,1.7805,1.9558,0.14305180227092104,0.6084520257449363,False
motif_281,Streptophyta,Plantae,5,28,1334,0.1786,0.1552,1.1505,1.184,0.4438910309451369,0.8799453980400443,False
motif_281,Thermoproteota,Archaea,4,28,992,0.1429,0.1154,1.2378,1.2785,0.4075555154862094,0.8463372131364877,False
motif_282,Methanobacteriota,Archaea,6,30,869,0.2,0.1011,1.9781,2.2312,0.07602034257823095,0.48101985405551234,False
motif_282,Mucoromycota,Fungi,2,30,862,0.0667,0.1003,0.6647,0.64,0.8181282438193953,0.99451782107906,False
motif_282,Streptophyta,Plantae,7,30,1334,0.2333,0.1552,1.5034,1.66,0.17300319549909784,0.6493245322227732,False
motif_282,Thermoproteota,Archaea,2,30,992,0.0667,0.1154,0.5776,0.5465,0.8763831534751627,0.9970658001700066,False
motif_283,Discosea,Protozoa,6,50,136,0.12,0.0158,7.5838,8.8269,0.00012605534732511927,0.004216149063725265,True
motif_283,Evosea,Protozoa,10,50,532,0.2,0.0619,3.2312,3.8424,0.0008213993866960179,0.019865228244402157,True
motif_283,Methanobacteriota,Archaea,9,50,869,0.18,0.1011,1.7803,1.9616,0.06069307231068914,0.4269889512125985,False
motif_283,Mucoromycota,Fungi,4,50,862,0.08,0.1003,0.7977,0.7791,0.7526074566192789,0.9798930526380571,False
motif_283,Streptophyta,Plantae,4,50,1334,0.08,0.1552,0.5154,0.4717,0.9627433305921321,1.0,False
motif_283,Thermoproteota,Archaea,2,50,992,0.04,0.1154,0.3466,0.318,0.9838669734400588,1.0,False
motif_284,Arthropoda,Animalia,4,36,336,0.1111,0.0391,2.8423,3.0975,0.050554724948334094,0.384764027456515,False
motif_284,Evosea,Protozoa,7,36,532,0.1944,0.0619,3.1414,3.6938,0.005800752902325911,0.09118783562456333,False
motif_284,Methanobacteriota,Archaea,4,36,869,0.1111,0.1011,1.099,1.1118,0.5006553617457146,0.9049664058897045,False
motif_284,Streptophyta,Plantae,7,36,1334,0.1944,0.1552,1.2528,1.3155,0.32140101048022374,0.813577666267855,False
motif_285,Arthropoda,Animalia,2,44,336,0.0455,0.0391,1.1627,1.1715,0.5179348025691747,0.911127260507399,False
motif_285,Evosea,Protozoa,3,44,532,0.0682,0.0619,1.1015,1.1096,0.518160159601536,0.911127260507399,False
motif_285,Methanobacteriota,Archaea,6,44,869,0.1364,0.1011,1.3487,1.4066,0.2827208712304941,0.7826524280874282,False
motif_285,Mucoromycota,Fungi,7,44,862,0.1591,0.1003,1.5863,1.7029,0.14667356857535788,0.6084520257449363,False
motif_285,Streptophyta,Plantae,3,44,1334,0.0682,0.1552,0.4393,0.3969,0.9757130012460671,1.0,False
motif_285,Thermoproteota,Archaea,3,44,992,0.0682,0.1154,0.5907,0.5595,0.8970082777607666,0.9970658001700066,False
motif_286,Evosea,Protozoa,6,35,532,0.1714,0.0619,2.7696,3.1601,0.019105596887205888,0.20293242099113282,False
motif_286,Methanobacteriota,Archaea,4,35,869,0.1143,0.1011,1.1304,1.1479,0.47802753680683774,0.8988747462444365,False
motif_286,Nematoda,Animalia,2,35,128,0.0571,0.0149,3.8371,4.0568,0.09527190743265357,0.5329802081285816,False
motif_286,Streptophyta,Plantae,5,35,1334,0.1429,0.1552,0.9204,0.9068,0.651589978272529,0.9497811466344049,False
motif_286,Thermoproteota,Archaea,2,35,992,0.0571,0.1154,0.4951,0.4634,0.9242951242423545,0.9998341823455873,False
motif_287,Arthropoda,Animalia,2,35,336,0.0571,0.0391,1.4617,1.4927,0.3999364327342002,0.8413255696120808,False
motif_287,Chlorophyta,Plantae,2,35,286,0.0571,0.0333,1.7173,1.7661,0.3256427575487981,0.813577666267855,False
motif_287,Discosea,Protozoa,2,35,136,0.0571,0.0158,3.6113,3.8109,0.10548919796195151,0.5509269740737135,False
motif_287,Methanobacteriota,Archaea,2,35,869,0.0571,0.1011,0.5652,0.5378,0.8821354758421923,0.9970658001700066,False
motif_287,Mucoromycota,Fungi,2,35,862,0.0571,0.1003,0.5698,0.5426,0.8792010305513555,0.9970658001700066,False
motif_287,Streptophyta,Plantae,6,35,1334,0.1714,0.1552,1.1045,1.1267,0.46570260146870596,0.8938760555663073,False
motif_287,Thermoproteota,Archaea,4,35,992,0.1143,0.1154,0.9902,0.9889,0.5870040687413809,0.9357699537637565,False
motif_288,Arthropoda,Animalia,4,27,336,0.1481,0.0391,3.7897,4.3143,0.019771770521716414,0.20611870804603197,False
motif_288,Evosea,Protozoa,2,27,532,0.0741,0.0619,1.1967,1.2133,0.5048101059367353,0.9049664058897045,False
motif_288,Mucoromycota,Fungi,4,27,862,0.1481,0.1003,1.4772,1.5628,0.28377016705198027,0.7826524280874282,False
motif_288,Streptophyta,Plantae,4,27,1334,0.1481,0.1552,0.9545,0.9465,0.6219523250769188,0.9497811466344049,False
motif_288,Thermoproteota,Archaea,4,27,992,0.1481,0.1154,1.2836,1.3343,0.38016272605014145,0.8289435788359458,False
motif_289,Arthropoda,Animalia,3,37,336,0.0811,0.0391,2.0741,2.1794,0.17472282260192945,0.6493245322227732,False
motif_289,Mucoromycota,Fungi,5,37,862,0.1351,0.1003,1.3474,1.4041,0.31146109885506645,0.8085936632263382,False
motif_289,Streptophyta,Plantae,7,37,1334,0.1892,0.1552,1.219,1.2715,0.34826852016584636,0.813577666267855,False
motif_289,Thermoproteota,Archaea,4,37,992,0.1081,0.1154,0.9367,0.9287,0.6321749302106263,0.9497811466344049,False
motif_290,Methanobacteriota,Archaea,16,49,869,0.3265,0.1011,3.2296,4.3727,1.3987137823515877e-05,0.0005786258068043937,True
motif_290,Mollusca,Animalia,3,49,370,0.0612,0.043,1.4222,1.4534,0.3535639860111806,0.813577666267855,False
motif_290,Mucoromycota,Fungi,4,49,862,0.0816,0.1003,0.814,0.7965,0.7381571829147209,0.9751118416318834,False
motif_290,Nematoda,Animalia,2,49,128,0.0408,0.0149,2.7408,2.8436,0.1651866633052567,0.6366079943692103,False
motif_290,Streptophyta,Plantae,2,49,1334,0.0408,0.1552,0.263,0.2305,0.9974735530527051,1.0,False
motif_290,Thermoproteota,Archaea,11,49,992,0.2245,0.1154,1.9451,2.2323,0.021555613025386184,0.21656355225021479,False
motif_291,Methanobacteriota,Archaea,2,31,869,0.0645,0.1011,0.6381,0.6123,0.8357239450670726,0.99451782107906,False
motif_291,Mucoromycota,Fungi,3,31,862,0.0968,0.1003,0.9649,0.961,0.6138774020982194,0.946485841892679,False
motif_291,Streptophyta,Plantae,5,31,1334,0.1613,0.1552,1.0392,1.0469,0.538558687378426,0.9189162967462194,False
motif_291,Thermoproteota,Archaea,7,31,992,0.2258,0.1154,1.9565,2.2442,0.0590525435522739,0.4181558489377233,False
motif_292,Mollusca,Animalia,2,24,370,0.0833,0.043,1.9358,2.0264,0.27664574526617025,0.780766807106678,False
motif_292,Mucoromycota,Fungi,4,24,862,0.1667,0.1003,1.6618,1.7979,0.2155575517186272,0.7202696717406181,False
motif_292,Streptophyta,Plantae,7,24,1334,0.2917,0.1552,1.8792,2.2478,0.06646352104323061,0.45034765120671777,False
motif_293,Chlorophyta,Plantae,2,39,286,0.0513,0.0333,1.5412,1.5744,0.37436281572165686,0.8289435788359458,False
motif_293,Mollusca,Animalia,4,39,370,0.1026,0.043,2.3825,2.5574,0.08527887304426048,0.5015222317001367,False
motif_293,Mucoromycota,Fungi,4,39,862,0.1026,0.1003,1.0227,1.0254,0.5590614934313739,0.9330584541935542,False
motif_293,Streptophyta,Plantae,6,39,1334,0.1538,0.1552,0.9912,0.9896,0.5774436296672716,0.9357699537637565,False
motif_293,Thermoproteota,Archaea,4,39,992,0.1026,0.1154,0.8886,0.8754,0.6740350313324701,0.9545330987667221,False
motif_294,Arthropoda,Animalia,6,38,336,0.1579,0.0391,4.039,4.6744,0.0032680377379602226,0.059736689814807786,False
motif_294,Chlorophyta,Plantae,3,38,286,0.0789,0.0333,2.3726,2.506,0.13153479224633,0.5958867245280426,False
motif_294,Evosea,Protozoa,6,38,532,0.1579,0.0619,2.5509,2.8628,0.027814117521055642,0.2539475007213556,False
motif_294,Methanobacteriota,Archaea,3,38,869,0.0789,0.1011,0.7808,0.7612,0.7538887780653346,0.9798930526380571,False
motif_294,Mollusca,Animalia,2,38,370,0.0526,0.043,1.2226,1.2363,0.4914526336368923,0.9008913938464727,False
motif_294,Mucoromycota,Fungi,4,38,862,0.1053,0.1003,1.0496,1.0557,0.5378895019683235,0.9189162967462194,False
motif_294,Streptophyta,Plantae,4,38,1334,0.1053,0.1552,0.6782,0.6393,0.8622379472890731,0.9970658001700066,False
motif_295,Evosea,Protozoa,6,39,532,0.1538,0.0619,2.4855,2.7757,0.031215506056287184,0.2681463143195817,False
motif_295,Mollusca,Animalia,3,39,370,0.0769,0.043,1.7869,1.8594,0.2350619047774871,0.7471987564425434,False
motif_295,Mucoromycota,Fungi,5,39,862,0.1282,0.1003,1.2783,1.3211,0.35263457666662973,0.813577666267855,False
motif_295,Streptophyta,Plantae,2,39,1334,0.0513,0.1552,0.3304,0.2932,0.9887711903731489,1.0,False
motif_296,Discosea,Protozoa,2,26,136,0.0769,0.0158,4.8614,5.2456,0.06309027791655991,0.4369071228406704,False
motif_296,Evosea,Protozoa,2,26,532,0.0769,0.0619,1.2428,1.264,0.4846108270061165,0.9008913938464727,False
motif_296,Streptophyta,Plantae,3,26,1334,0.1154,0.1552,0.7434,0.7093,0.7917638472541856,0.99451782107906,False
motif_296,Thermoproteota,Archaea,3,26,992,0.1154,0.1154,0.9997,0.9997,0.5911065929309225,0.9357699537637565,False
motif_297,Evosea,Protozoa,4,33,532,0.1212,0.0619,1.9583,2.0987,0.14448887604037666,0.6084520257449363,False
motif_297,Methanobacteriota,Archaea,3,33,869,0.0909,0.1011,0.8992,0.8887,0.662447331984134,0.9497811466344049,False
motif_297,Streptophyta,Plantae,4,33,1334,0.1212,0.1552,0.781,0.75,0.7758574572813655,0.9929515092354594,False
motif_297,Thermoproteota,Archaea,8,33,992,0.2424,0.1154,2.1004,2.4644,0.03062261377820914,0.26449862010628994,False
motif_298,Methanobacteriota,Archaea,202,210,869,0.9619,0.1011,9.5139,292.1732,3.887875270296484e-198,6.1117399249060724e-195,True
motif_298,Mollusca,Animalia,2,210,370,0.0095,0.043,0.2212,0.2095,0.9990768263045327,1.0,False
motif_299,Arthropoda,Animalia,44,420,336,0.1048,0.0391,2.6798,3.1592,1.4444355998243437e-09,1.1353263814619341e-07,True
motif_299,Basidiomycota,Fungi,2,420,8,0.0048,0.0009,5.1161,6.5144,0.05485040931200277,0.4059746175095278,False
motif_299,Chlorophyta,Plantae,5,420,286,0.0119,0.0333,0.3578,0.3385,0.9986619091667905,1.0,False
motif_299,Discosea,Protozoa,25,420,136,0.0595,0.0158,3.7618,4.598,7.2608033681507256e-09,4.755826206138725e-07,True
motif_299,Evosea,Protozoa,124,420,532,0.2952,0.0619,4.7699,7.9749,4.8441305770970937e-54,1.5229946534393263e-51,True
motif_299,Methanobacteriota,Archaea,2,420,869,0.0048,0.1011,0.0471,0.0403,1.0,1.0,False
motif_299,Mollusca,Animalia,53,420,370,0.1262,0.043,2.9314,3.5798,7.197761455705368e-13,9.376500984171927e-11,True
motif_299,Mucoromycota,Fungi,83,420,862,0.1976,0.1003,1.9705,2.3383,5.650952027637417e-10,4.6754192565505366e-08,True
motif_299,Nematoda,Animalia,3,420,128,0.0071,0.0149,0.4796,0.4633,0.953517521859314,1.0,False
motif_299,Streptophyta,Plantae,32,420,1334,0.0762,0.1552,0.4909,0.4354,0.9999997829748133,1.0,False
