feature_id,phylum,n_batches_indicator,mean_indval,min_indval,mean_A,mean_B,batches,kingdom
NEG_112701,Pseudomonadota,2,1.0,1.0,1.0,1.0,"batch_05_OE25-1-NEG,batch_06_ALL-25-2-NEG",Bacteria
NEG_78922,Pseudomonadota,2,1.0,1.0,1.0,1.0,"batch_04_OE26-1-NEG,batch_05_OE25-1-NEG",Bacteria
NEG_110767,Pseudomonadota,2,1.0,1.0,1.0,1.0,"batch_04_OE26-1-NEG,batch_05_OE25-1-NEG",Bacteria
NEG_115762,Pseudomonadota,2,1.0,1.0,1.0,1.0,"batch_04_OE26-1-NEG,batch_05_OE25-1-NEG",Bacteria
NEG_65717,Pseudomonadota,2,1.0,1.0,1.0,1.0,"batch_04_OE26-1-NEG,batch_05_OE25-1-NEG",Bacteria
NEG_88477,Ascomycota,2,0.9999975107433083,0.9999950214866168,0.9999950214990097,1.0,"batch_03_OE23-NEG,batch_06_ALL-25-2-NEG",Fungi
NEG_85364,Ascomycota,2,0.9999055347859405,0.9998110695718809,0.9998110874192343,1.0,"batch_03_OE23-NEG,batch_06_ALL-25-2-NEG",Fungi
NEG_121155,Ascomycota,2,0.9995072102422737,0.9990144204845475,0.999014906168038,1.0,"batch_03_OE23-NEG,batch_06_ALL-25-2-NEG",Fungi
NEG_113213,Pseudomonadota,2,0.9990967519186338,0.9981935038372676,0.9981951355514606,1.0,"batch_05_OE25-1-NEG,batch_06_ALL-25-2-NEG",Bacteria
NEG_112144,Pseudomonadota,2,0.9990369660396566,0.9980739320793133,0.9980757869481308,1.0,"batch_05_OE25-1-NEG,batch_06_ALL-25-2-NEG",Bacteria
NEG_121178,Ascomycota,2,0.9988354746277945,0.9986705304491882,0.9976723325815138,1.0,"batch_03_OE23-NEG,batch_06_ALL-25-2-NEG",Fungi
NEG_85031,Ascomycota,2,0.9985590995938407,0.9971181991876813,0.9971223515756422,1.0,"batch_03_OE23-NEG,batch_06_ALL-25-2-NEG",Fungi
NEG_98499,Ascomycota,2,0.9978429343491201,0.9956858686982402,0.9956951745626845,1.0,"batch_03_OE23-NEG,batch_06_ALL-25-2-NEG",Fungi
NEG_79647,Ascomycota,2,0.9974759500390878,0.9949519000781757,0.9949646417345861,1.0,"batch_03_OE23-NEG,batch_06_ALL-25-2-NEG",Fungi
NEG_45727,Ascomycota,2,0.9970156892507902,0.9940313785015804,0.9940491907228761,1.0,"batch_01_OE11-3-NEG,batch_06_ALL-25-2-NEG",Fungi
NEG_11144,Ascomycota,2,0.9969908215185468,0.9939816430370935,0.9939997533473599,1.0,"batch_03_OE23-NEG,batch_06_ALL-25-2-NEG",Fungi
NEG_91502,Ascomycota,2,0.9969650309679974,0.9939300619359949,0.9939484840100453,1.0,"batch_03_OE23-NEG,batch_06_ALL-25-2-NEG",Fungi
NEG_10770,Ascomycota,2,0.9969266450011194,0.9938532900022387,0.993872181024137,1.0,"batch_03_OE23-NEG,batch_06_ALL-25-2-NEG",Fungi
NEG_95637,Pseudomonadota,2,0.9965752873786202,0.9931505747572404,0.9931740320703185,1.0,"batch_05_OE25-1-NEG,batch_06_ALL-25-2-NEG",Bacteria
NEG_115670,Mucoromycota,2,0.9963411162212823,0.9926822324425646,0.9927090073035769,1.0,"batch_01_OE11-3-NEG,batch_04_OE26-1-NEG",Fungi
NEG_113176,Pseudomonadota,2,0.9951787284433797,0.9903574568867596,0.9904039462056049,1.0,"batch_05_OE25-1-NEG,batch_06_ALL-25-2-NEG",Bacteria
NEG_59397,Ascomycota,2,0.995118771037398,0.9916682490852293,0.9902732745727236,1.0,"batch_03_OE23-NEG,batch_06_ALL-25-2-NEG",Fungi
NEG_62485,Ascomycota,2,0.9948857663536133,0.993213554816304,0.9898004843844418,1.0,"batch_03_OE23-NEG,batch_06_ALL-25-2-NEG",Fungi
NEG_73593,Ascomycota,2,0.9942952864141388,0.9934335321574479,0.9886238592057733,1.0,"batch_03_OE23-NEG,batch_06_ALL-25-2-NEG",Fungi
NEG_77330,Ascomycota,2,0.9918798389799935,0.9888959229265583,0.983834518729992,1.0,"batch_03_OE23-NEG,batch_06_ALL-25-2-NEG",Fungi
NEG_9072,Ascomycota,2,0.9911135337030483,0.9822270674060967,0.9823850059725904,1.0,"batch_03_OE23-NEG,batch_06_ALL-25-2-NEG",Fungi
NEG_37964,Ascomycota,2,0.9908532768048625,0.9817065536097249,0.9818738787001419,1.0,"batch_03_OE23-NEG,batch_06_ALL-25-2-NEG",Fungi
NEG_76722,Ascomycota,2,0.9890783583501578,0.9796240890504796,0.978365382164634,1.0,"batch_03_OE23-NEG,batch_06_ALL-25-2-NEG",Fungi
NEG_118667,Discosea,2,0.9882051823888134,0.9786284939308827,0.9766411954619281,1.0,"batch_04_OE26-1-NEG,batch_05_OE25-1-NEG",Protozoa
NEG_98239,Pseudomonadota,2,0.9879643153652949,0.9759286307305899,0.9762183461398419,1.0,"batch_05_OE25-1-NEG,batch_06_ALL-25-2-NEG",Bacteria
NEG_79269,Ascomycota,2,0.9877300187438653,0.9754600374877307,0.9757611423677826,1.0,"batch_01_OE11-3-NEG,batch_06_ALL-25-2-NEG",Fungi
NEG_13029,Ascomycota,2,0.9876219111301673,0.9755402105624186,0.9755430068330129,1.0,"batch_01_OE11-3-NEG,batch_03_OE23-NEG",Fungi
NEG_12894,Ascomycota,2,0.9875680510286666,0.9811081004984628,0.9753323863734118,1.0,"batch_03_OE23-NEG,batch_06_ALL-25-2-NEG",Fungi
NEG_54364,Ascomycota,2,0.9866505516045471,0.9866352561500752,0.973479311215508,1.0,"batch_03_OE23-NEG,batch_06_ALL-25-2-NEG",Fungi
NEG_82365,Ascomycota,2,0.9856602117613744,0.9843181845359039,0.9715278540865513,1.0,"batch_03_OE23-NEG,batch_06_ALL-25-2-NEG",Fungi
NEG_11812,Ascomycota,2,0.9829280851549859,0.9761773061484937,0.9661931936036416,1.0,"batch_01_OE11-3-NEG,batch_03_OE23-NEG",Fungi
NEG_5216,Ascomycota,2,0.9804415647177801,0.9613047964016964,0.9616318777278325,1.0,"batch_03_OE23-NEG,batch_06_ALL-25-2-NEG",Fungi
NEG_13194,Ascomycota,2,0.9800865285821388,0.9650403832524204,0.9607959899974707,1.0,"batch_01_OE11-3-NEG,batch_03_OE23-NEG",Fungi
NEG_57563,Ascomycota,2,0.9800716957445494,0.9796056102016055,0.9605407460353301,1.0,"batch_01_OE11-3-NEG,batch_03_OE23-NEG",Fungi
NEG_79822,Ascomycota,2,0.9793528050035105,0.9587056100070209,0.959558223329467,1.0,"batch_03_OE23-NEG,batch_06_ALL-25-2-NEG",Fungi
NEG_54408,Pseudomonadota,2,0.9792694174865473,0.9585388349730947,0.9593983490757888,1.0,"batch_04_OE26-1-NEG,batch_05_OE25-1-NEG",Bacteria
NEG_15354,Ascomycota,2,0.9791948918676965,0.9734705676277093,0.9588554041477944,1.0,"batch_03_OE23-NEG,batch_06_ALL-25-2-NEG",Fungi
NEG_8691,Ascomycota,2,0.9791022570858046,0.9650186718145658,0.9588395772046091,1.0,"batch_03_OE23-NEG,batch_06_ALL-25-2-NEG",Fungi
NEG_79374,Ascomycota,2,0.9787887829251793,0.9667776661431822,0.9581717485065046,1.0,"batch_01_OE11-3-NEG,batch_06_ALL-25-2-NEG",Fungi
NEG_62610,Ascomycota,2,0.9779713101958872,0.9559426203917745,0.9569131467407461,1.0,"batch_03_OE23-NEG,batch_06_ALL-25-2-NEG",Fungi
NEG_57474,Ascomycota,2,0.9776692750749401,0.9696825534524622,0.9559009991478338,1.0,"batch_03_OE23-NEG,batch_06_ALL-25-2-NEG",Fungi
NEG_57281,Ascomycota,2,0.9771783349581913,0.9700329483228414,0.9549285548618317,1.0,"batch_03_OE23-NEG,batch_06_ALL-25-2-NEG",Fungi
NEG_79622,Ascomycota,2,0.9771316376349468,0.9639854709350515,0.9549590589660544,1.0,"batch_03_OE23-NEG,batch_06_ALL-25-2-NEG",Fungi
NEG_19242,Ascomycota,2,0.9768557580138333,0.9603164972582636,0.9545207191111215,1.0,"batch_03_OE23-NEG,batch_06_ALL-25-2-NEG",Fungi
NEG_9321,Ascomycota,2,0.9768300511475982,0.9639224633408219,0.9543635546480089,1.0,"batch_03_OE23-NEG,batch_06_ALL-25-2-NEG",Fungi
NEG_83881,Discosea,2,0.9766004411353852,0.9532008822707705,0.9542959609808876,1.0,"batch_04_OE26-1-NEG,batch_05_OE25-1-NEG",Protozoa
NEG_600,Pseudomonadota,2,0.9762483946884433,0.9524967893768864,0.9536250668866384,1.0,"batch_05_OE25-1-NEG,batch_06_ALL-25-2-NEG",Bacteria
NEG_13157,Ascomycota,3,0.975978746488298,0.9641016625003624,0.9527003572836995,1.0,"batch_01_OE11-3-NEG,batch_03_OE23-NEG,batch_06_ALL-25-2-NEG",Fungi
NEG_73551,Ascomycota,2,0.974480863250767,0.948961726501534,0.950264179182386,1.0,"batch_03_OE23-NEG,batch_06_ALL-25-2-NEG",Fungi
NEG_15359,Ascomycota,2,0.9728019971965038,0.9621912304344041,0.9464563141207862,1.0,"batch_03_OE23-NEG,batch_06_ALL-25-2-NEG",Fungi
NEG_13575,Ascomycota,2,0.9727447801730154,0.9610319370236824,0.9463695980484887,1.0,"batch_03_OE23-NEG,batch_06_ALL-25-2-NEG",Fungi
NEG_111395,Pseudomonadota,2,0.9711624885175758,0.9423249770351517,0.9439881811721496,1.0,"batch_05_OE25-1-NEG,batch_06_ALL-25-2-NEG",Bacteria
NEG_20676,Ascomycota,2,0.9701213819871504,0.9489461830590664,0.9415838848383026,1.0,"batch_03_OE23-NEG,batch_06_ALL-25-2-NEG",Fungi
NEG_63470,Pseudomonadota,2,0.9698586035998495,0.9680281449703417,0.9406290615554445,1.0,"batch_04_OE26-1-NEG,batch_06_ALL-25-2-NEG",Bacteria
NEG_12766,Ascomycota,2,0.9693881651796279,0.9396546823222033,0.9405974947931584,1.0,"batch_03_OE23-NEG,batch_06_ALL-25-2-NEG",Fungi
NEG_17116,Ascomycota,2,0.9688744149548592,0.9421983926041281,0.9394292421225774,1.0,"batch_01_OE11-3-NEG,batch_03_OE23-NEG",Fungi
NEG_22314,Ascomycota,2,0.9686345644079954,0.9372691288159908,0.9392367099157433,1.0,"batch_03_OE23-NEG,batch_06_ALL-25-2-NEG",Fungi
NEG_11814,Ascomycota,2,0.9686036115676655,0.9390493190285031,0.9390664125494154,1.0,"batch_01_OE11-3-NEG,batch_03_OE23-NEG",Fungi
NEG_76357,Ascomycota,2,0.9673461696877834,0.9480054435748366,0.9361326756962018,1.0,"batch_01_OE11-3-NEG,batch_06_ALL-25-2-NEG",Fungi
NEG_17170,Ascomycota,2,0.9672023740595681,0.9460822196461164,0.9359264933089129,1.0,"batch_03_OE23-NEG,batch_06_ALL-25-2-NEG",Fungi
NEG_75542,Ascomycota,2,0.9671493147579218,0.9347761809401632,0.9364258168299002,1.0,"batch_03_OE23-NEG,batch_06_ALL-25-2-NEG",Fungi
NEG_19966,Ascomycota,2,0.9665566352729342,0.9385237648324168,0.9350175710152708,1.0,"batch_01_OE11-3-NEG,batch_06_ALL-25-2-NEG",Fungi
NEG_46011,Ascomycota,2,0.9665454720409126,0.944197569993006,0.9347095782487335,1.0,"batch_03_OE23-NEG,batch_06_ALL-25-2-NEG",Fungi
NEG_18564,Ascomycota,3,0.9660522004845853,0.9486163826495612,0.9336709476283628,1.0,"batch_01_OE11-3-NEG,batch_03_OE23-NEG,batch_06_ALL-25-2-NEG",Fungi
NEG_89258,Ascomycota,2,0.9650117682382309,0.9413282325146602,0.9318086227026465,1.0,"batch_03_OE23-NEG,batch_06_ALL-25-2-NEG",Fungi
NEG_16646,Ascomycota,2,0.9642739814624124,0.9291041741605996,0.9310612266710195,1.0,"batch_01_OE11-3-NEG,batch_03_OE23-NEG",Fungi
NEG_16642,Ascomycota,2,0.9639172156644367,0.9554488150121715,0.9292081124638876,1.0,"batch_01_OE11-3-NEG,batch_03_OE23-NEG",Fungi
NEG_20951,Ascomycota,2,0.9626109749296814,0.9537107736754953,0.9266991026374366,1.0,"batch_01_OE11-3-NEG,batch_03_OE23-NEG",Fungi
NEG_49335,Pseudomonadota,2,0.9624102724653829,0.9422871863694654,0.9266384711409161,1.0,"batch_05_OE25-1-NEG,batch_06_ALL-25-2-NEG",Bacteria
NEG_54146,Ascomycota,2,0.9610257485381403,0.9564952968544784,0.9235910143457509,1.0,"batch_03_OE23-NEG,batch_06_ALL-25-2-NEG",Fungi
NEG_24294,Ascomycota,2,0.9609624175734822,0.9230470353802788,0.9248863441955284,1.0,"batch_01_OE11-3-NEG,batch_03_OE23-NEG",Fungi
NEG_92232,Ascomycota,2,0.9606603849336127,0.9213207698672254,0.9244159804943686,1.0,"batch_03_OE23-NEG,batch_06_ALL-25-2-NEG",Fungi
NEG_32393,Ascomycota,2,0.9596304818229593,0.9315288247650232,0.9216803647731668,1.0,"batch_03_OE23-NEG,batch_06_ALL-25-2-NEG",Fungi
NEG_62490,Ascomycota,2,0.959117959046398,0.9188969969579174,0.9215249851566509,1.0,"batch_03_OE23-NEG,batch_06_ALL-25-2-NEG",Fungi
NEG_17022,Ascomycota,2,0.9584903287159885,0.9193477518354011,0.9202358515669363,1.0,"batch_03_OE23-NEG,batch_06_ALL-25-2-NEG",Fungi
NEG_6498,Ascomycota,2,0.9583174983505134,0.9264097663366064,0.9193905310070576,1.0,"batch_03_OE23-NEG,batch_06_ALL-25-2-NEG",Fungi
NEG_27235,Ascomycota,2,0.9582127190080718,0.9164254380161435,0.9199177917215402,1.0,"batch_03_OE23-NEG,batch_06_ALL-25-2-NEG",Fungi
NEG_18562,Ascomycota,3,0.9575952659274708,0.910064136791461,0.9181436796192983,1.0,"batch_01_OE11-3-NEG,batch_03_OE23-NEG,batch_06_ALL-25-2-NEG",Fungi
NEG_56852,Ascomycota,2,0.9566591225569063,0.9133182451138127,0.9170751084288873,1.0,"batch_03_OE23-NEG,batch_06_ALL-25-2-NEG",Fungi
NEG_98193,Streptophyta,2,0.9560231935367457,0.9354413091014461,0.9144039605471059,1.0,"batch_01_OE11-3-NEG,batch_03_OE23-NEG",Plantae
NEG_44619,Bacillota,2,0.9558484552982549,0.9387435735292893,0.9953118204765559,0.9181286549707601,"batch_02_OE21-4-NEG,batch_06_ALL-25-2-NEG",Bacteria
NEG_9222,Ascomycota,2,0.955700863324279,0.9114017266485578,0.9153265536689863,1.0,"batch_03_OE23-NEG,batch_06_ALL-25-2-NEG",Fungi
NEG_78101,Discosea,2,0.9549004295284114,0.9098008590568227,0.9138688015702663,1.0,"batch_04_OE26-1-NEG,batch_05_OE25-1-NEG",Protozoa
NEG_5848,Ascomycota,2,0.9547184425887094,0.9390477610885756,0.9117328748776895,1.0,"batch_01_OE11-3-NEG,batch_03_OE23-NEG",Fungi
NEG_20837,Ascomycota,2,0.9532857284872633,0.915877223946584,0.9101530763494625,1.0,"batch_01_OE11-3-NEG,batch_06_ALL-25-2-NEG",Fungi
NEG_46894,Bacillota,2,0.9529743948849174,0.9326349856477711,0.9892518832720729,0.9181286549707601,"batch_02_OE21-4-NEG,batch_06_ALL-25-2-NEG",Bacteria
NEG_65131,Ascomycota,2,0.9520031701628355,0.9040063403256712,0.9086137316745067,1.0,"batch_03_OE23-NEG,batch_06_ALL-25-2-NEG",Fungi
NEG_7679,Ascomycota,2,0.951671633418632,0.9033432668372641,0.9080145288701102,1.0,"batch_03_OE23-NEG,batch_06_ALL-25-2-NEG",Fungi
NEG_70966,Discosea,2,0.9513964615690214,0.9027929231380427,0.907517531034066,1.0,"batch_04_OE26-1-NEG,batch_05_OE25-1-NEG",Protozoa
NEG_17392,Ascomycota,2,0.9512743590952667,0.9110553412581148,0.9065404756678955,1.0,"batch_03_OE23-NEG,batch_06_ALL-25-2-NEG",Fungi
NEG_21949,Ascomycota,2,0.9499254689301901,0.9038997885014928,0.904476759781166,1.0,"batch_01_OE11-3-NEG,batch_03_OE23-NEG",Fungi
NEG_22536,Ascomycota,2,0.9491390531598789,0.934472068903366,0.9010800626604121,1.0,"batch_03_OE23-NEG,batch_06_ALL-25-2-NEG",Fungi
NEG_40083,Bacillota,2,0.9482866258248137,0.942008737105591,0.9800591435268995,0.9181286549707601,"batch_02_OE21-4-NEG,batch_06_ALL-25-2-NEG",Bacteria
NEG_16878,Ascomycota,2,0.9471162287431762,0.8973044627776134,0.8995103627773045,1.0,"batch_03_OE23-NEG,batch_06_ALL-25-2-NEG",Fungi
NEG_35441,Ascomycota,3,0.9467442248741048,0.8753947364303823,0.8990183416341448,1.0,"batch_01_OE11-3-NEG,batch_03_OE23-NEG,batch_06_ALL-25-2-NEG",Fungi
NEG_49839,Bacillota,2,0.9460827632148043,0.8951708391060847,0.8976646188686115,1.0,"batch_02_OE21-4-NEG,batch_06_ALL-25-2-NEG",Bacteria
NEG_73079,Ascomycota,2,0.9456110385849921,0.938612631872518,0.8942292139903005,1.0,"batch_03_OE23-NEG,batch_06_ALL-25-2-NEG",Fungi
NEG_119291,Ascomycota,2,0.9454095908501251,0.894574408370369,0.8963835102491511,1.0,"batch_03_OE23-NEG,batch_06_ALL-25-2-NEG",Fungi
NEG_22156,Ascomycota,2,0.9453993580243669,0.944974749521207,0.8937801264452662,1.0,"batch_01_OE11-3-NEG,batch_03_OE23-NEG",Fungi
NEG_7828,Ascomycota,2,0.9452635828067372,0.8905271656134743,0.8965193163477843,1.0,"batch_03_OE23-NEG,batch_06_ALL-25-2-NEG",Fungi
NEG_15357,Ascomycota,2,0.9448288773622845,0.9100397585835804,0.8939118902830736,1.0,"batch_03_OE23-NEG,batch_06_ALL-25-2-NEG",Fungi
NEG_24017,Ascomycota,2,0.9438232302720605,0.9420779626532082,0.8908053359602484,1.0,"batch_01_OE11-3-NEG,batch_03_OE23-NEG",Fungi
NEG_60698,Ascomycota,2,0.9438195573787947,0.8985488949314596,0.8928447897691247,1.0,"batch_01_OE11-3-NEG,batch_03_OE23-NEG",Fungi
NEG_56873,Ascomycota,2,0.943810038703895,0.8984069789497892,0.8928388269932828,1.0,"batch_03_OE23-NEG,batch_06_ALL-25-2-NEG",Fungi
NEG_115063,Pseudomonadota,2,0.9423914214656046,0.8847828429312092,0.8914203395727165,1.0,"batch_05_OE25-1-NEG,batch_06_ALL-25-2-NEG",Bacteria
NEG_49358,Pseudomonadota,2,0.942306069471136,0.8940684871538528,0.8902675929099582,1.0,"batch_04_OE26-1-NEG,batch_05_OE25-1-NEG",Bacteria
NEG_100320,Pseudomonadota,2,0.9417006075135048,0.8834012150270097,0.8901988533555985,1.0,"batch_05_OE25-1-NEG,batch_06_ALL-25-2-NEG",Bacteria
NEG_65608,Ascomycota,2,0.9416689533083402,0.9122241127351585,0.887607416261205,1.0,"batch_01_OE11-3-NEG,batch_06_ALL-25-2-NEG",Fungi
NEG_79270,Ascomycota,2,0.9416120160310437,0.9037336170591291,0.8880679618427221,1.0,"batch_01_OE11-3-NEG,batch_03_OE23-NEG",Fungi
NEG_23709,Ascomycota,2,0.9415406194112272,0.8842855276395187,0.8897768835350643,1.0,"batch_03_OE23-NEG,batch_06_ALL-25-2-NEG",Fungi
NEG_67952,Discosea,2,0.9412352369684494,0.8824704739368987,0.8893770686852074,1.0,"batch_04_OE26-1-NEG,batch_05_OE25-1-NEG",Protozoa
NEG_52267,Bacillota,2,0.941002155111035,0.9086757834374948,0.9644515696657315,0.9181286549707601,"batch_02_OE21-4-NEG,batch_06_ALL-25-2-NEG",Bacteria
NEG_11339,Ascomycota,2,0.9405824264623048,0.8963112141985493,0.8866552412050197,1.0,"batch_01_OE11-3-NEG,batch_03_OE23-NEG",Fungi
NEG_111633,Pseudomonadota,2,0.9405311397567047,0.9100805995789387,0.8855260602491637,1.0,"batch_05_OE25-1-NEG,batch_06_ALL-25-2-NEG",Bacteria
NEG_49248,Ascomycota,2,0.9403638871404334,0.8807277742808667,0.8878407061948645,1.0,"batch_03_OE23-NEG,batch_06_ALL-25-2-NEG",Fungi
NEG_16462,Ascomycota,2,0.9401001449824404,0.8805068416624939,0.8873396443965886,1.0,"batch_03_OE23-NEG,batch_06_ALL-25-2-NEG",Fungi
NEG_80007,Streptophyta,2,0.9398848537342102,0.8819171036881969,0.9978549094354858,0.8888888888888888,"batch_02_OE21-4-NEG,batch_03_OE23-NEG",Plantae
NEG_22665,Pseudomonadota,2,0.9397867147333752,0.9226554048425395,0.8834925509679261,1.0,"batch_04_OE26-1-NEG,batch_05_OE25-1-NEG",Bacteria
NEG_72155,Streptophyta,2,0.9395516774227193,0.9372622918028709,0.9382041325864341,0.9444444444444444,"batch_02_OE21-4-NEG,batch_03_OE23-NEG",Plantae
NEG_9107,Ascomycota,2,0.9393894558426985,0.9192377229870017,0.8828586420855284,1.0,"batch_03_OE23-NEG,batch_06_ALL-25-2-NEG",Fungi
NEG_71907,Mucoromycota,2,0.9392015523065151,0.8784031046130304,0.9822450088711315,0.9,"batch_01_OE11-3-NEG,batch_04_OE26-1-NEG",Fungi
NEG_43468,Streptophyta,2,0.9390369337042574,0.9096262820226805,0.9343690976021793,0.9444444444444444,"batch_02_OE21-4-NEG,batch_03_OE23-NEG",Plantae
NEG_35671,Bacillota,2,0.9388120545610645,0.9348150675400657,0.9883442646911416,0.8918128654970761,"batch_02_OE21-4-NEG,batch_06_ALL-25-2-NEG",Bacteria
NEG_12627,Ascomycota,2,0.9381751316402787,0.8989305777873042,0.8817127126353732,1.0,"batch_03_OE23-NEG,batch_06_ALL-25-2-NEG",Fungi
NEG_62953,Ascomycota,2,0.9379968247004244,0.8875535239895403,0.8823825697346874,1.0,"batch_03_OE23-NEG,batch_06_ALL-25-2-NEG",Fungi
NEG_46895,Pseudomonadota,2,0.9370877332398809,0.8791061784578517,0.8814952804835996,1.0,"batch_05_OE25-1-NEG,batch_06_ALL-25-2-NEG",Bacteria
NEG_24291,Ascomycota,2,0.9367890949819354,0.8883759572287975,0.8799176403841779,1.0,"batch_01_OE11-3-NEG,batch_03_OE23-NEG",Fungi
NEG_12636,Ascomycota,2,0.9364892053752552,0.8733905198804468,0.8809934758955495,1.0,"batch_03_OE23-NEG,batch_06_ALL-25-2-NEG",Fungi
NEG_73340,Ascomycota,2,0.9346795133970481,0.9341053140564406,0.8736261224690254,1.0,"batch_03_OE23-NEG,batch_06_ALL-25-2-NEG",Fungi
NEG_21000,Ascomycota,2,0.934273141303627,0.886156453576434,0.8751815181991833,1.0,"batch_03_OE23-NEG,batch_06_ALL-25-2-NEG",Fungi
NEG_13156,Ascomycota,2,0.9342185232756144,0.8684370465512287,0.8770914519113104,1.0,"batch_03_OE23-NEG,batch_06_ALL-25-2-NEG",Fungi
NEG_18195,Ascomycota,2,0.9340801868957651,0.8681729632667179,0.8768495576777167,1.0,"batch_03_OE23-NEG,batch_06_ALL-25-2-NEG",Fungi
NEG_78300,Streptophyta,2,0.9333512532662137,0.8706607403339959,0.9833675373508795,0.8888888888888888,"batch_02_OE21-4-NEG,batch_03_OE23-NEG",Plantae
NEG_51513,Ascomycota,2,0.9330952811163484,0.8770991085404644,0.8738023749847454,1.0,"batch_03_OE23-NEG,batch_06_ALL-25-2-NEG",Fungi
NEG_66044,Pseudomonadota,2,0.9329777631236167,0.8808768211892413,0.8731620146335964,1.0,"batch_05_OE25-1-NEG,batch_06_ALL-25-2-NEG",Bacteria
NEG_115092,Pseudomonadota,2,0.9324319118135262,0.8714114760646643,0.8731527637472086,1.0,"batch_04_OE26-1-NEG,batch_06_ALL-25-2-NEG",Bacteria
NEG_82301,Streptophyta,2,0.9322032323064735,0.865028110745296,0.9982276353426588,0.875,"batch_01_OE11-3-NEG,batch_03_OE23-NEG",Plantae
NEG_16645,Ascomycota,2,0.9318121605173659,0.8744096501491664,0.8715689506846126,1.0,"batch_01_OE11-3-NEG,batch_06_ALL-25-2-NEG",Fungi
NEG_916,Ascomycota,2,0.931684632774221,0.8651395405787053,0.8724645042429444,1.0,"batch_03_OE23-NEG,batch_06_ALL-25-2-NEG",Fungi
NEG_43815,Ascomycota,2,0.9314768811133207,0.8677019349253717,0.8717164238098752,1.0,"batch_03_OE23-NEG,batch_06_ALL-25-2-NEG",Fungi
NEG_63483,Streptophyta,2,0.9312094876432631,0.8660254037844386,0.9964000746653426,0.875,"batch_01_OE11-3-NEG,batch_03_OE23-NEG",Plantae
NEG_18993,Ascomycota,2,0.9309209089715605,0.8746611378176562,0.8697789006107262,1.0,"batch_03_OE23-NEG,batch_06_ALL-25-2-NEG",Fungi
NEG_57086,Streptophyta,2,0.9304723211992143,0.9087870582360168,0.8662489911476368,1.0,"batch_01_OE11-3-NEG,batch_06_ALL-25-2-NEG",Plantae
NEG_24015,Ascomycota,2,0.9299489173271596,0.865263622436976,0.8689891762129862,1.0,"batch_01_OE11-3-NEG,batch_03_OE23-NEG",Fungi
NEG_16168,Ascomycota,2,0.9291696002453051,0.8584034146612776,0.8683639990421332,1.0,"batch_03_OE23-NEG,batch_06_ALL-25-2-NEG",Fungi
NEG_91483,Streptophyta,2,0.9286906262343779,0.8660254037844386,0.9913932093603014,0.875,"batch_01_OE11-3-NEG,batch_03_OE23-NEG",Plantae
NEG_57137,Pseudomonadota,2,0.928448230022745,0.8766047737513778,0.8647038597905292,1.0,"batch_05_OE25-1-NEG,batch_06_ALL-25-2-NEG",Bacteria
NEG_100988,Streptophyta,2,0.9278210156327262,0.8660254037844386,0.9896705346934478,0.875,"batch_01_OE11-3-NEG,batch_03_OE23-NEG",Plantae
NEG_51461,Bacillota,2,0.927622815236386,0.8819171036881969,1.0,0.8625730994152047,"batch_02_OE21-4-NEG,batch_06_ALL-25-2-NEG",Bacteria
NEG_10750,Ascomycota,2,0.9272687394424293,0.8548016377302585,0.865078795977714,1.0,"batch_03_OE23-NEG,batch_06_ALL-25-2-NEG",Fungi
NEG_66807,Ascomycota,2,0.9270470113808109,0.8740055399419059,0.8622295590024975,1.0,"batch_01_OE11-3-NEG,batch_03_OE23-NEG",Fungi
NEG_14749,Streptophyta,2,0.9268990125111247,0.8605350834267467,0.9693346118787969,0.8888888888888888,"batch_02_OE21-4-NEG,batch_03_OE23-NEG",Plantae
NEG_16036,Ascomycota,2,0.9262135073269935,0.8526441309958676,0.8632839142887213,1.0,"batch_03_OE23-NEG,batch_06_ALL-25-2-NEG",Fungi
NEG_110944,Pseudomonadota,2,0.926198735438078,0.8570936597387567,0.8626196090145036,1.0,"batch_04_OE26-1-NEG,batch_06_ALL-25-2-NEG",Bacteria
NEG_32125,Ascomycota,2,0.9253906742230815,0.8875833017727517,0.8577772973506472,1.0,"batch_03_OE23-NEG,batch_06_ALL-25-2-NEG",Fungi
NEG_16252,Ascomycota,2,0.9253806393531978,0.8509540625985097,0.8618686430171547,1.0,"batch_03_OE23-NEG,batch_06_ALL-25-2-NEG",Fungi
NEG_73842,Streptophyta,2,0.9252819920623749,0.8610943410918304,0.9838473967487622,0.875,"batch_01_OE11-3-NEG,batch_03_OE23-NEG",Plantae
NEG_70629,Ascomycota,2,0.925274393906139,0.8938225740111934,0.8571219209930769,1.0,"batch_03_OE23-NEG,batch_06_ALL-25-2-NEG",Fungi
NEG_21011,Ascomycota,2,0.9252581685164911,0.8649611629431014,0.8597384072876089,1.0,"batch_03_OE23-NEG,batch_06_ALL-25-2-NEG",Fungi
NEG_70839,Streptophyta,2,0.9249446088273583,0.8819171036881969,0.9684850067084065,0.8888888888888888,"batch_02_OE21-4-NEG,batch_03_OE23-NEG",Plantae
NEG_73421,Ascomycota,2,0.9248297375397015,0.8496594750794031,0.8609606117961034,1.0,"batch_03_OE23-NEG,batch_06_ALL-25-2-NEG",Fungi
NEG_100273,Streptophyta,3,0.9245296676659893,0.8660254037844386,0.9768130195969148,0.8796296296296297,"batch_01_OE11-3-NEG,batch_02_OE21-4-NEG,batch_03_OE23-NEG",Plantae
NEG_41838,Pseudomonadota,2,0.9245020208844117,0.8499180487574364,0.8602667555175985,1.0,"batch_05_OE25-1-NEG,batch_06_ALL-25-2-NEG",Bacteria
NEG_67400,Ascomycota,2,0.9239132356235558,0.9167910331765808,0.8536663927280836,1.0,"batch_03_OE23-NEG,batch_06_ALL-25-2-NEG",Fungi
NEG_14761,Ascomycota,2,0.923858411870013,0.8530607273433183,0.8585266773173241,1.0,"batch_03_OE23-NEG,batch_06_ALL-25-2-NEG",Fungi
NEG_94767,Ascomycota,2,0.9237575279672516,0.8475150559345033,0.8591408850178321,1.0,"batch_03_OE23-NEG,batch_06_ALL-25-2-NEG",Fungi
NEG_19581,Ascomycota,2,0.9235981100435551,0.8472128714912626,0.8588681735447175,1.0,"batch_03_OE23-NEG,batch_06_ALL-25-2-NEG",Fungi
NEG_93510,Streptophyta,2,0.9235796163804164,0.8660254037844386,0.9813117951809404,0.875,"batch_01_OE11-3-NEG,batch_03_OE23-NEG",Plantae
NEG_2478,Ascomycota,2,0.9233120275136941,0.8568744941666246,0.8569190459886916,1.0,"batch_03_OE23-NEG,batch_06_ALL-25-2-NEG",Fungi
NEG_2714,Ascomycota,2,0.9226005412650629,0.8626223298591753,0.854789144586036,1.0,"batch_03_OE23-NEG,batch_06_ALL-25-2-NEG",Fungi
NEG_62726,Streptophyta,2,0.9222338257801634,0.8819171036881969,0.9632517786044688,0.8888888888888888,"batch_02_OE21-4-NEG,batch_03_OE23-NEG",Plantae
NEG_27099,Ascomycota,2,0.9220633065039499,0.8447312534866144,0.8561809876248729,1.0,"batch_03_OE23-NEG,batch_06_ALL-25-2-NEG",Fungi
NEG_104525,Streptophyta,2,0.9217754961940515,0.8660254037844386,0.9777781381874704,0.875,"batch_01_OE11-3-NEG,batch_03_OE23-NEG",Plantae
NEG_73662,Ascomycota,2,0.9217737255603797,0.8435474511207594,0.855786151146165,1.0,"batch_03_OE23-NEG,batch_06_ALL-25-2-NEG",Fungi
NEG_18608,Ascomycota,3,0.9217568328918399,0.8304503522698351,0.8543634772287573,1.0,"batch_01_OE11-3-NEG,batch_03_OE23-NEG,batch_06_ALL-25-2-NEG",Fungi
NEG_76892,Streptophyta,2,0.921745267093989,0.8660254037844386,0.9777190405774042,0.875,"batch_01_OE11-3-NEG,batch_03_OE23-NEG",Plantae
NEG_18391,Ascomycota,2,0.9209281469273098,0.8862931000770455,0.8493082382732887,1.0,"batch_03_OE23-NEG,batch_06_ALL-25-2-NEG",Fungi
NEG_59818,Ascomycota,2,0.9192373893694066,0.9117546951092645,0.8450533687280728,1.0,"batch_03_OE23-NEG,batch_06_ALL-25-2-NEG",Fungi
NEG_20848,Ascomycota,2,0.9191306686524984,0.8413029087632646,0.850858346266965,1.0,"batch_03_OE23-NEG,batch_06_ALL-25-2-NEG",Fungi
NEG_116129,Ascomycota,2,0.9177301845095499,0.8370741999322286,0.8487340794080696,1.0,"batch_03_OE23-NEG,batch_06_ALL-25-2-NEG",Fungi
NEG_100008,Streptophyta,2,0.9173283550429772,0.8432663333153199,0.9654928455120861,0.875,"batch_01_OE11-3-NEG,batch_03_OE23-NEG",Plantae
NEG_45233,Bacillota,2,0.9171089961453842,0.891408950708705,0.8973049587017972,0.9444444444444444,"batch_02_OE21-4-NEG,batch_06_ALL-25-2-NEG",Bacteria
NEG_45414,Bacillota,2,0.9166259461656258,0.8904428507491882,0.8964442352251705,0.9444444444444444,"batch_02_OE21-4-NEG,batch_06_ALL-25-2-NEG",Bacteria
NEG_16880,Ascomycota,3,0.9163679078047878,0.8902849059032198,0.8403564768490633,1.0,"batch_01_OE11-3-NEG,batch_03_OE23-NEG,batch_06_ALL-25-2-NEG",Fungi
NEG_66883,Streptophyta,2,0.9157603548253859,0.8607188344250364,0.9651194150935642,0.875,"batch_01_OE11-3-NEG,batch_03_OE23-NEG",Plantae
NEG_42283,Pseudomonadota,2,0.9156944710234856,0.831388942046971,0.8456037864789908,1.0,"batch_04_OE26-1-NEG,batch_05_OE25-1-NEG",Bacteria
NEG_99401,Streptophyta,3,0.9155704337088348,0.8660254037844386,0.9991604311500507,0.8425925925925926,"batch_01_OE11-3-NEG,batch_02_OE21-4-NEG,batch_03_OE23-NEG",Plantae
NEG_99685,Streptophyta,3,0.9152169726474058,0.8660254037844386,0.9984740241072464,0.8425925925925926,"batch_01_OE11-3-NEG,batch_02_OE21-4-NEG,batch_03_OE23-NEG",Plantae
NEG_13551,Ascomycota,2,0.9148619255136627,0.9006282010578021,0.837174941666452,1.0,"batch_01_OE11-3-NEG,batch_03_OE23-NEG",Fungi
NEG_13154,Ascomycota,3,0.9143275763594882,0.7669649466541706,0.8469212938699665,1.0,"batch_01_OE11-3-NEG,batch_03_OE23-NEG,batch_06_ALL-25-2-NEG",Fungi
NEG_62637,Ascomycota,2,0.9141592188006711,0.8956413209054803,0.83602998986071,1.0,"batch_03_OE23-NEG,batch_06_ALL-25-2-NEG",Fungi
NEG_59571,Bacillota,2,0.9139941838522532,0.9094480032146177,0.9656785300631239,0.8654970760233918,"batch_02_OE21-4-NEG,batch_06_ALL-25-2-NEG",Bacteria
NEG_110781,Bacillota,2,0.9139112033075572,0.8819171036881969,1.0,0.8362573099415205,"batch_02_OE21-4-NEG,batch_06_ALL-25-2-NEG",Bacteria
NEG_110748,Bacillota,2,0.9139112033075572,0.8819171036881969,1.0,0.8362573099415205,"batch_02_OE21-4-NEG,batch_06_ALL-25-2-NEG",Bacteria
NEG_10362,Ascomycota,2,0.9131149060673525,0.8266876274181486,0.8412485061770969,1.0,"batch_01_OE11-3-NEG,batch_06_ALL-25-2-NEG",Fungi
NEG_56850,Ascomycota,2,0.9131145048053637,0.8262290096107274,0.8413271881611617,1.0,"batch_03_OE23-NEG,batch_06_ALL-25-2-NEG",Fungi
NEG_89284,Streptophyta,2,0.9119781212197479,0.8660254037844386,0.9588157458231905,0.875,"batch_01_OE11-3-NEG,batch_03_OE23-NEG",Plantae
NEG_57947,Ascomycota,2,0.9116829386846299,0.8306766860664753,0.8377277936518789,1.0,"batch_01_OE11-3-NEG,batch_03_OE23-NEG",Fungi
NEG_50108,Streptophyta,2,0.9113002975236495,0.8660254037844386,0.957518048269789,0.875,"batch_01_OE11-3-NEG,batch_03_OE23-NEG",Plantae
NEG_18088,Ascomycota,3,0.9105503176867437,0.7317163522428893,0.9343274787070653,0.8888888888888888,"batch_02_OE21-4-NEG,batch_03_OE23-NEG,batch_06_ALL-25-2-NEG",Fungi
NEG_19136,Ascomycota,2,0.9105266197931834,0.8360656557089273,0.8346031605243573,1.0,"batch_03_OE23-NEG,batch_06_ALL-25-2-NEG",Fungi
NEG_18807,Ascomycota,3,0.9103494110291667,0.8389555064780639,0.8328040072509526,1.0,"batch_01_OE11-3-NEG,batch_03_OE23-NEG,batch_06_ALL-25-2-NEG",Fungi
NEG_19508,Pseudomonadota,2,0.9099056016288078,0.8395488887991149,0.8328782709156828,1.0,"batch_05_OE25-1-NEG,batch_06_ALL-25-2-NEG",Bacteria
NEG_7251,Ascomycota,2,0.9092269205570993,0.8184538411141986,0.8349333450172929,1.0,"batch_03_OE23-NEG,batch_06_ALL-25-2-NEG",Fungi
NEG_85304,Streptophyta,2,0.9086271627775931,0.8819171036881969,0.9374278593049289,0.8888888888888888,"batch_02_OE21-4-NEG,batch_03_OE23-NEG",Plantae
NEG_114982,Pseudomonadota,2,0.908248290463863,0.816496580927726,1.0,0.8333333333333333,"batch_05_OE25-1-NEG,batch_06_ALL-25-2-NEG",Bacteria
NEG_65446,Pseudomonadota,2,0.908248290463863,0.816496580927726,1.0,0.8333333333333333,"batch_05_OE25-1-NEG,batch_06_ALL-25-2-NEG",Bacteria
NEG_49669,Pseudomonadota,2,0.908248290463863,0.816496580927726,1.0,0.8333333333333333,"batch_05_OE25-1-NEG,batch_06_ALL-25-2-NEG",Bacteria
NEG_72581,Pseudomonadota,2,0.908248290463863,0.816496580927726,1.0,0.8333333333333333,"batch_05_OE25-1-NEG,batch_06_ALL-25-2-NEG",Bacteria
NEG_112428,Pseudomonadota,2,0.908248290463863,0.816496580927726,1.0,0.8333333333333333,"batch_05_OE25-1-NEG,batch_06_ALL-25-2-NEG",Bacteria
NEG_112392,Pseudomonadota,2,0.908248290463863,0.816496580927726,1.0,0.8333333333333333,"batch_05_OE25-1-NEG,batch_06_ALL-25-2-NEG",Bacteria
NEG_76173,Pseudomonadota,2,0.908248290463863,0.816496580927726,1.0,0.8333333333333333,"batch_05_OE25-1-NEG,batch_06_ALL-25-2-NEG",Bacteria
NEG_77480,Streptophyta,2,0.908248290463863,0.816496580927726,1.0,0.8333333333333333,"batch_01_OE11-3-NEG,batch_02_OE21-4-NEG",Plantae
NEG_75951,Pseudomonadota,2,0.908248290463863,0.816496580927726,1.0,0.8333333333333333,"batch_05_OE25-1-NEG,batch_06_ALL-25-2-NEG",Bacteria
NEG_2715,Ascomycota,2,0.908026794093379,0.8973236063787966,0.8246272170187534,1.0,"batch_01_OE11-3-NEG,batch_03_OE23-NEG",Fungi
NEG_79155,Streptophyta,2,0.907741505596264,0.8654375905592958,0.9506146327351404,0.875,"batch_01_OE11-3-NEG,batch_03_OE23-NEG",Plantae
NEG_77122,Streptophyta,2,0.9076392821174093,0.8164015173876481,0.9987612555537031,0.8333333333333333,"batch_02_OE21-4-NEG,batch_03_OE23-NEG",Plantae
NEG_95832,Pseudomonadota,2,0.9072878750304822,0.8145757500609644,0.9976502394405371,0.8333333333333333,"batch_05_OE25-1-NEG,batch_06_ALL-25-2-NEG",Bacteria
NEG_15182,Ascomycota,2,0.9072720594774912,0.8145683390668575,0.8317365696865014,1.0,"batch_03_OE23-NEG,batch_06_ALL-25-2-NEG",Fungi
NEG_3706,Ascomycota,2,0.9072606478509204,0.8516763201858676,0.8262115006208479,1.0,"batch_03_OE23-NEG,batch_06_ALL-25-2-NEG",Fungi
NEG_14770,Ascomycota,2,0.9072457164224179,0.8232206680790702,0.8301549987159282,1.0,"batch_01_OE11-3-NEG,batch_03_OE23-NEG",Fungi
NEG_15626,Ascomycota,2,0.9070610049246187,0.8239090112593055,0.8296739207053754,1.0,"batch_03_OE23-NEG,batch_06_ALL-25-2-NEG",Fungi
NEG_113840,Pseudomonadota,2,0.9070585687426467,0.8141171374852932,0.9970900351604359,0.8333333333333333,"batch_05_OE25-1-NEG,batch_06_ALL-25-2-NEG",Bacteria
NEG_61007,Pseudomonadota,2,0.9069919792113577,0.816496580927726,0.9974905341309157,0.8333333333333333,"batch_05_OE25-1-NEG,batch_06_ALL-25-2-NEG",Bacteria
NEG_46377,Streptophyta,2,0.9069174083402745,0.816496580927726,0.9973417782472764,0.8333333333333333,"batch_02_OE21-4-NEG,batch_03_OE23-NEG",Plantae
NEG_3763,Ascomycota,2,0.9069101054374628,0.8455648517799581,0.8262491794908933,1.0,"batch_03_OE23-NEG,batch_06_ALL-25-2-NEG",Fungi
NEG_27870,Ascomycota,2,0.9068837927952771,0.8399854597836911,0.8269136005944763,1.0,"batch_03_OE23-NEG,batch_06_ALL-25-2-NEG",Fungi
NEG_99397,Streptophyta,2,0.9068081639458603,0.816496580927726,0.9971238948927701,0.8333333333333333,"batch_02_OE21-4-NEG,batch_03_OE23-NEG",Plantae
NEG_112550,Pseudomonadota,2,0.9067439839493476,0.8162891189585418,0.996948716461368,0.8333333333333333,"batch_05_OE25-1-NEG,batch_06_ALL-25-2-NEG",Bacteria
NEG_54932,Pseudomonadota,2,0.9066996738874926,0.877042047943788,0.822983873404302,1.0,"batch_05_OE25-1-NEG,batch_06_ALL-25-2-NEG",Bacteria
NEG_60220,Ascomycota,2,0.906656192269618,0.8593621711084853,0.8242621754184323,1.0,"batch_03_OE23-NEG,batch_06_ALL-25-2-NEG",Fungi
NEG_63151,Streptophyta,2,0.9055852461838236,0.8158723700028996,0.9945449692920073,0.8333333333333333,"batch_02_OE21-4-NEG,batch_03_OE23-NEG",Plantae
NEG_52239,Pseudomonadota,2,0.9049479290205362,0.8098958580410726,0.9919484756540639,0.8333333333333333,"batch_05_OE25-1-NEG,batch_06_ALL-25-2-NEG",Bacteria
NEG_27872,Ascomycota,2,0.9045533491169983,0.8151283857966259,0.8262135854636281,1.0,"batch_03_OE23-NEG,batch_06_ALL-25-2-NEG",Fungi
NEG_79159,Streptophyta,2,0.9038142330062977,0.8817528829065631,0.9284366061692759,0.8888888888888888,"batch_02_OE21-4-NEG,batch_03_OE23-NEG",Plantae
NEG_16726,Ascomycota,2,0.9036142909796683,0.8072285819593364,0.8258089917660405,1.0,"batch_03_OE23-NEG,batch_06_ALL-25-2-NEG",Fungi
NEG_113087,Pseudomonadota,2,0.9033794329732392,0.8067588659464783,0.9881449008374358,0.8333333333333333,"batch_05_OE25-1-NEG,batch_06_ALL-25-2-NEG",Bacteria
NEG_72156,Streptophyta,3,0.9026807577154097,0.816496580927726,0.9315781447130348,0.8888888888888888,"batch_01_OE11-3-NEG,batch_02_OE21-4-NEG,batch_03_OE23-NEG",Plantae
NEG_75745,Ascomycota,2,0.9025101041549162,0.8450118854749926,0.817830533253082,1.0,"batch_01_OE11-3-NEG,batch_03_OE23-NEG",Fungi
NEG_5939,Ascomycota,2,0.9020017673180202,0.8200100904958558,0.820329823312942,1.0,"batch_01_OE11-3-NEG,batch_03_OE23-NEG",Fungi
NEG_19077,Ascomycota,3,0.9017283700256803,0.7389706347938129,0.8264300729645028,1.0,"batch_01_OE11-3-NEG,batch_03_OE23-NEG,batch_06_ALL-25-2-NEG",Fungi
NEG_112131,Pseudomonadota,2,0.9015870611337196,0.8031741222674392,0.9838165030100536,0.8333333333333333,"batch_05_OE25-1-NEG,batch_06_ALL-25-2-NEG",Bacteria
NEG_79016,Ascomycota,2,0.9015432454123959,0.803086490824792,0.8224739558726394,1.0,"batch_03_OE23-NEG,batch_06_ALL-25-2-NEG",Fungi
NEG_116275,Pseudomonadota,2,0.9012536743826244,0.8025073487652488,0.9830135336166714,0.8333333333333333,"batch_05_OE25-1-NEG,batch_06_ALL-25-2-NEG",Bacteria
NEG_45368,Streptophyta,2,0.9007815638655903,0.8587540861491173,0.9916390536518704,0.8194444444444444,"batch_01_OE11-3-NEG,batch_02_OE21-4-NEG",Plantae
NEG_17664,Ascomycota,2,0.9006914082516886,0.8922296931557246,0.8113166135207752,1.0,"batch_03_OE23-NEG,batch_06_ALL-25-2-NEG",Fungi
NEG_111661,Pseudomonadota,2,0.9006231300452737,0.8012893490861627,0.9815053776519103,0.8333333333333333,"batch_05_OE25-1-NEG,batch_06_ALL-25-2-NEG",Bacteria
NEG_26361,Basidiomycota,2,0.900479762877267,0.8061966005344205,0.9497437097955178,0.8571428571428572,"batch_01_OE11-3-NEG,batch_02_OE21-4-NEG",Fungi
NEG_115029,Pseudomonadota,2,0.9003277895660389,0.8006555791320776,0.9807870172964921,0.8333333333333333,"batch_05_OE25-1-NEG,batch_06_ALL-25-2-NEG",Bacteria
NEG_58666,Ascomycota,2,0.8998925534451943,0.8439634051985956,0.8129346773697017,1.0,"batch_03_OE23-NEG,batch_06_ALL-25-2-NEG",Fungi
NEG_13387,Ascomycota,2,0.899823115827687,0.8236901178211063,0.815477873163317,1.0,"batch_03_OE23-NEG,batch_06_ALL-25-2-NEG",Fungi
NEG_54134,Bacillota,2,0.899790019585222,0.8819171036881969,1.0,0.8099415204678362,"batch_02_OE21-4-NEG,batch_06_ALL-25-2-NEG",Bacteria
NEG_51247,Streptophyta,2,0.8997870769082303,0.816496580927726,0.9832207571584028,0.8333333333333333,"batch_02_OE21-4-NEG,batch_03_OE23-NEG",Plantae
NEG_96968,Pseudomonadota,2,0.8997033413897013,0.7994066827794026,0.9792882833542764,0.8333333333333333,"batch_05_OE25-1-NEG,batch_06_ALL-25-2-NEG",Bacteria
NEG_13518,Ascomycota,2,0.8996371744454956,0.7992743488909912,0.819419742397559,1.0,"batch_03_OE23-NEG,batch_06_ALL-25-2-NEG",Fungi
NEG_23136,Streptophyta,2,0.8994162668003152,0.7998100630419093,0.9787950510479526,0.8333333333333333,"batch_02_OE21-4-NEG,batch_03_OE23-NEG",Plantae
NEG_20844,Ascomycota,2,0.8993340920094213,0.8556679407300568,0.8107085418179627,1.0,"batch_03_OE23-NEG,batch_06_ALL-25-2-NEG",Fungi
NEG_93738,Streptophyta,2,0.8992313735384055,0.8155122077394606,0.9818910021208611,0.8333333333333333,"batch_02_OE21-4-NEG,batch_03_OE23-NEG",Plantae
NEG_56872,Streptophyta,2,0.8990807655991101,0.864629223818647,0.809533131801333,1.0,"batch_03_OE23-NEG,batch_06_ALL-25-2-NEG",Plantae
NEG_78227,Streptophyta,2,0.8990586440929422,0.8819171036881969,0.9197113890367983,0.8888888888888888,"batch_02_OE21-4-NEG,batch_03_OE23-NEG",Plantae
NEG_807,Ascomycota,3,0.8989548597304315,0.7990067806283636,0.8857494305039181,0.9166666666666666,"batch_02_OE21-4-NEG,batch_03_OE23-NEG,batch_06_ALL-25-2-NEG",Fungi
NEG_52372,Streptophyta,3,0.8989370622138275,0.7453559924999299,0.9681225855428536,0.8518518518518517,"batch_01_OE11-3-NEG,batch_02_OE21-4-NEG,batch_03_OE23-NEG",Plantae
NEG_19362,Ascomycota,2,0.89840733960248,0.7972297029538632,0.8173726620094053,1.0,"batch_03_OE23-NEG,batch_06_ALL-25-2-NEG",Fungi
NEG_51927,Pseudomonadota,2,0.8978375683396359,0.7956751366792718,0.9748241923471834,0.8333333333333333,"batch_05_OE25-1-NEG,batch_06_ALL-25-2-NEG",Bacteria
NEG_82541,Actinomycetota,2,0.8975936972531184,0.8484828630634005,0.9280735142020438,0.875,"batch_04_OE26-1-NEG,batch_06_ALL-25-2-NEG",Bacteria
NEG_15913,Pseudomonadota,2,0.8975146445116762,0.8521361604567873,0.8075917439280401,1.0,"batch_05_OE25-1-NEG,batch_06_ALL-25-2-NEG",Bacteria
NEG_69762,Ascomycota,2,0.897407666865436,0.7965846194428367,0.8155058074404451,1.0,"batch_03_OE23-NEG,batch_06_ALL-25-2-NEG",Fungi
NEG_44382,Streptophyta,3,0.8973047937393087,0.8425980155487356,0.9586954048810371,0.8425925925925926,"batch_01_OE11-3-NEG,batch_02_OE21-4-NEG,batch_03_OE23-NEG",Plantae
NEG_20541,Ascomycota,2,0.8971783697651876,0.7955444863344595,0.8152584734357307,1.0,"batch_03_OE23-NEG,batch_06_ALL-25-2-NEG",Fungi
NEG_80005,Streptophyta,2,0.8971034061232742,0.816496580927726,0.9779586482127527,0.8333333333333333,"batch_02_OE21-4-NEG,batch_03_OE23-NEG",Plantae
NEG_13823,Ascomycota,2,0.8970599533391104,0.7951660291185297,0.8150989316778363,1.0,"batch_03_OE23-NEG,batch_06_ALL-25-2-NEG",Fungi
NEG_27748,Ascomycota,2,0.8968968764801337,0.8414273279487599,0.8075008778540946,1.0,"batch_03_OE23-NEG,batch_06_ALL-25-2-NEG",Fungi
NEG_36663,Streptophyta,2,0.8967490672225904,0.8660254037844386,0.9301028330596467,0.875,"batch_01_OE11-3-NEG,batch_03_OE23-NEG",Plantae
NEG_74001,Streptophyta,2,0.8966819749619686,0.8793310521026375,0.9148000614874714,0.8888888888888888,"batch_02_OE21-4-NEG,batch_03_OE23-NEG",Plantae
NEG_112997,Ascomycota,2,0.8965705995189104,0.7931411990378209,0.8145364808055762,1.0,"batch_03_OE23-NEG,batch_06_ALL-25-2-NEG",Fungi
NEG_98365,Streptophyta,2,0.8965211570834626,0.816496580927726,0.9768207845538425,0.8333333333333333,"batch_02_OE21-4-NEG,batch_03_OE23-NEG",Plantae
NEG_112900,Pseudomonadota,2,0.8965039057725013,0.7930078115450025,0.8144306945856972,1.0,"batch_05_OE25-1-NEG,batch_06_ALL-25-2-NEG",Bacteria
NEG_79610,Streptophyta,2,0.8964340815869148,0.8660254037844386,0.9295187503162704,0.875,"batch_01_OE11-3-NEG,batch_03_OE23-NEG",Plantae
NEG_14764,Ascomycota,3,0.8963972180566729,0.7851288246360801,0.8110748926937132,1.0,"batch_01_OE11-3-NEG,batch_03_OE23-NEG,batch_06_ALL-25-2-NEG",Fungi
NEG_16879,Ascomycota,2,0.8962197976777824,0.7929852916728976,0.8138672889796779,1.0,"batch_01_OE11-3-NEG,batch_03_OE23-NEG",Fungi
NEG_83637,Ascomycota,2,0.8950556735219108,0.8597673485757721,0.8023699245812657,1.0,"batch_03_OE23-NEG,batch_06_ALL-25-2-NEG",Fungi
NEG_53511,Streptophyta,2,0.894955318727821,0.8534043239023755,0.8026715076901998,1.0,"batch_03_OE23-NEG,batch_06_ALL-25-2-NEG",Plantae
NEG_50863,Streptophyta,2,0.8945716723460062,0.816496580927726,0.9730208635305697,0.8333333333333333,"batch_02_OE21-4-NEG,batch_03_OE23-NEG",Plantae
NEG_62642,Ascomycota,2,0.8945515858853057,0.799937702240497,0.8091743267882688,1.0,"batch_03_OE23-NEG,batch_06_ALL-25-2-NEG",Fungi
NEG_13905,Ascomycota,2,0.8944806672900202,0.7890410593454191,0.811213175079111,1.0,"batch_03_OE23-NEG,batch_06_ALL-25-2-NEG",Fungi
NEG_27838,Ascomycota,2,0.894180246715679,0.8624532134624813,0.800564918255562,1.0,"batch_01_OE11-3-NEG,batch_06_ALL-25-2-NEG",Fungi
NEG_72400,Ascomycota,2,0.8939143160106455,0.8757873034783842,0.7994113929521249,1.0,"batch_03_OE23-NEG,batch_06_ALL-25-2-NEG",Fungi
NEG_19595,Streptophyta,2,0.8934996794336963,0.8774786008788447,0.9085938799633639,0.8888888888888888,"batch_02_OE21-4-NEG,batch_03_OE23-NEG",Plantae
NEG_19464,Ascomycota,2,0.8933256878902823,0.7867213153326632,0.8093952768930497,1.0,"batch_03_OE23-NEG,batch_06_ALL-25-2-NEG",Fungi
NEG_7080,Ascomycota,2,0.8932153311616051,0.8276076960313214,0.8021379896095242,1.0,"batch_03_OE23-NEG,batch_06_ALL-25-2-NEG",Fungi
NEG_2705,Basidiomycota,2,0.8930303775112215,0.8896119471831653,0.8634657255379945,0.9285714285714286,"batch_01_OE11-3-NEG,batch_02_OE21-4-NEG",Fungi
NEG_100558,Streptophyta,3,0.892976117806966,0.816496580927726,0.9976085505344413,0.8055555555555555,"batch_01_OE11-3-NEG,batch_02_OE21-4-NEG,batch_03_OE23-NEG",Plantae
NEG_11140,Ascomycota,2,0.8927813852918745,0.8024907054871242,0.8052110087832822,1.0,"batch_01_OE11-3-NEG,batch_03_OE23-NEG",Fungi
NEG_71701,Pseudomonadota,2,0.8925364716711817,0.7850729433423632,0.8081697631841207,1.0,"batch_05_OE25-1-NEG,batch_06_ALL-25-2-NEG",Bacteria
NEG_45071,Bacillota,2,0.8923951886120618,0.8422425368744326,0.9810828971864934,0.8128654970760234,"batch_02_OE21-4-NEG,batch_06_ALL-25-2-NEG",Bacteria
NEG_12900,Ascomycota,2,0.8922612730870851,0.8600433787560583,0.797168172166111,1.0,"batch_01_OE11-3-NEG,batch_03_OE23-NEG",Fungi
NEG_51684,Streptophyta,2,0.8921059143515817,0.8372097203925647,0.7988665545322577,1.0,"batch_03_OE23-NEG,batch_06_ALL-25-2-NEG",Plantae
NEG_54222,Pseudomonadota,2,0.8921052333919687,0.8061733244221594,0.9657148976770036,0.8333333333333333,"batch_05_OE25-1-NEG,batch_06_ALL-25-2-NEG",Bacteria
NEG_22443,Ascomycota,2,0.8919875242197175,0.7863111754279055,0.8068092340575899,1.0,"batch_01_OE11-3-NEG,batch_03_OE23-NEG",Fungi
NEG_10044,Streptophyta,2,0.8919813639000671,0.815372056814709,0.967707637235685,0.8333333333333333,"batch_02_OE21-4-NEG,batch_03_OE23-NEG",Plantae
NEG_99325,Streptophyta,3,0.8919734229043507,0.816496580927726,0.995613383551969,0.8055555555555555,"batch_01_OE11-3-NEG,batch_02_OE21-4-NEG,batch_03_OE23-NEG",Plantae
NEG_22401,Ascomycota,2,0.891718810167385,0.8008812799769706,0.8034138932974313,1.0,"batch_01_OE11-3-NEG,batch_06_ALL-25-2-NEG",Fungi
NEG_67104,Streptophyta,2,0.8916338658350571,0.816496580927726,0.9673232289538806,0.8333333333333333,"batch_02_OE21-4-NEG,batch_03_OE23-NEG",Plantae
NEG_51528,Pseudomonadota,2,0.8913743033402567,0.7998457507184634,0.9628639308359639,0.8333333333333333,"batch_04_OE26-1-NEG,batch_06_ALL-25-2-NEG",Bacteria
NEG_20671,Ascomycota,2,0.8913354618706796,0.7932189061069911,0.8041057641031466,1.0,"batch_01_OE11-3-NEG,batch_03_OE23-NEG",Fungi
NEG_54178,Pseudomonadota,2,0.8912037314631336,0.7824074629262672,0.806080719021359,1.0,"batch_05_OE25-1-NEG,batch_06_ALL-25-2-NEG",Bacteria
NEG_54209,Pseudomonadota,2,0.890981727691674,0.8114761570628821,0.9647929632118359,0.8333333333333333,"batch_04_OE26-1-NEG,batch_06_ALL-25-2-NEG",Bacteria
NEG_20356,Ascomycota,2,0.8909487068264764,0.8497201591737039,0.7954893913373275,1.0,"batch_01_OE11-3-NEG,batch_03_OE23-NEG",Fungi
NEG_59331,Streptophyta,2,0.8908418724933691,0.8609041455340096,0.9180215005825925,0.875,"batch_01_OE11-3-NEG,batch_03_OE23-NEG",Plantae
NEG_73370,Streptophyta,2,0.8908168906042766,0.791721286224178,0.9600803201584455,0.8333333333333333,"batch_02_OE21-4-NEG,batch_03_OE23-NEG",Plantae
NEG_51888,Pseudomonadota,2,0.890780555314945,0.7815611106298901,0.9581283272367704,0.8333333333333333,"batch_05_OE25-1-NEG,batch_06_ALL-25-2-NEG",Bacteria
NEG_59791,Streptophyta,2,0.8898038424078856,0.8138167970694347,0.9630993538211934,0.8333333333333333,"batch_02_OE21-4-NEG,batch_03_OE23-NEG",Plantae
NEG_76703,Streptophyta,2,0.8893098336171239,0.8148038826879287,0.9623994587028113,0.8333333333333333,"batch_02_OE21-4-NEG,batch_03_OE23-NEG",Plantae
NEG_12630,Ascomycota,2,0.8891214498588234,0.7822245737721836,0.8019638947161387,1.0,"batch_01_OE11-3-NEG,batch_06_ALL-25-2-NEG",Fungi
NEG_22173,Ascomycota,2,0.8888900147996066,0.8537683922505556,0.7913589867809229,1.0,"batch_03_OE23-NEG,batch_06_ALL-25-2-NEG",Fungi
NEG_22442,Ascomycota,4,0.8888317259012056,0.6815771300882865,0.8879721352134979,0.8958333333333334,"batch_01_OE11-3-NEG,batch_02_OE21-4-NEG,batch_03_OE23-NEG,batch_06_ALL-25-2-NEG",Fungi
NEG_61569,Pseudomonadota,2,0.8887882280098436,0.7916045864345888,0.9560486297547744,0.8333333333333333,"batch_05_OE25-1-NEG,batch_06_ALL-25-2-NEG",Bacteria
NEG_64631,Pseudomonadota,2,0.8885268554288863,0.8507726453281139,0.7909053531986783,1.0,"batch_05_OE25-1-NEG,batch_06_ALL-25-2-NEG",Bacteria
NEG_6056,Ascomycota,2,0.8885016538037891,0.7770033076075783,0.8018670700165584,1.0,"batch_03_OE23-NEG,batch_06_ALL-25-2-NEG",Fungi
NEG_11137,Ascomycota,2,0.8872798043933292,0.882032651673846,0.787292983895926,1.0,"batch_01_OE11-3-NEG,batch_03_OE23-NEG",Fungi
NEG_78528,Ascomycota,2,0.8871106578676204,0.774221315735241,0.9495639843041059,0.8333333333333333,"batch_02_OE21-4-NEG,batch_06_ALL-25-2-NEG",Fungi
NEG_95971,Streptophyta,2,0.8869376992841251,0.816496580927726,0.9582871002333841,0.8333333333333333,"batch_02_OE21-4-NEG,batch_03_OE23-NEG",Plantae
NEG_47375,Bacillota,2,0.8866326956749365,0.8321223604722965,0.968096091254653,0.8128654970760234,"batch_02_OE21-4-NEG,batch_06_ALL-25-2-NEG",Bacteria
NEG_76464,Streptophyta,2,0.8865835470707745,0.8815393499439687,0.8970717763611981,0.8888888888888888,"batch_02_OE21-4-NEG,batch_03_OE23-NEG",Plantae
NEG_21610,Streptophyta,2,0.8864993400251587,0.8540542909397081,0.9085018830539539,0.875,"batch_01_OE11-3-NEG,batch_03_OE23-NEG",Plantae
NEG_75308,Streptophyta,2,0.8863511097193739,0.8141929182423762,0.9565526213270057,0.8333333333333333,"batch_02_OE21-4-NEG,batch_03_OE23-NEG",Plantae
NEG_37859,Bacillota,2,0.8862347813338478,0.8095437850486629,0.9808901607904412,0.8070175438596491,"batch_02_OE21-4-NEG,batch_06_ALL-25-2-NEG",Bacteria
NEG_13150,Ascomycota,2,0.8859276234093023,0.7889961787782813,0.7942634588779113,1.0,"batch_01_OE11-3-NEG,batch_03_OE23-NEG",Fungi
NEG_1192,Ascomycota,2,0.8855647070327353,0.778518091038303,0.8966988980168209,0.875,"batch_02_OE21-4-NEG,batch_06_ALL-25-2-NEG",Fungi
NEG_14768,Ascomycota,3,0.8854042897058366,0.6814733064681509,0.9595653296874694,0.8333333333333334,"batch_01_OE11-3-NEG,batch_03_OE23-NEG,batch_06_ALL-25-2-NEG",Fungi
NEG_118897,Mucoromycota,2,0.8852780119560824,0.7705560239121648,0.9947971549894373,0.8,"batch_01_OE11-3-NEG,batch_04_OE26-1-NEG",Fungi
NEG_2272,Ascomycota,2,0.8851886886210751,0.8246810542598831,0.7872201882786865,1.0,"batch_03_OE23-NEG,batch_06_ALL-25-2-NEG",Fungi
NEG_114364,Pseudomonadota,2,0.8851240298806143,0.7702480597612287,0.944961555174453,0.8333333333333333,"batch_05_OE25-1-NEG,batch_06_ALL-25-2-NEG",Bacteria
NEG_10748,Ascomycota,2,0.8850778972171215,0.7703683442180002,0.7965211656915396,1.0,"batch_03_OE23-NEG,batch_06_ALL-25-2-NEG",Fungi
NEG_44623,Pseudomonadota,2,0.884750343936967,0.7711161783054631,0.9443509348064553,0.8333333333333333,"batch_05_OE25-1-NEG,batch_06_ALL-25-2-NEG",Bacteria
NEG_58409,Basidiomycota,2,0.8847009778806849,0.7753872018703909,0.9148903844535478,0.8571428571428572,"batch_01_OE11-3-NEG,batch_02_OE21-4-NEG",Fungi
NEG_61670,Ascomycota,2,0.8846803110023607,0.7798292724412123,0.9456864165016325,0.8333333333333333,"batch_02_OE21-4-NEG,batch_06_ALL-25-2-NEG",Fungi
NEG_99464,Streptophyta,3,0.8846079603017435,0.8154698713975965,0.9809698614144775,0.8055555555555555,"batch_01_OE11-3-NEG,batch_02_OE21-4-NEG,batch_03_OE23-NEG",Plantae
NEG_48422,Streptophyta,2,0.8843736881554574,0.8660254037844386,0.9074534798410461,0.875,"batch_01_OE11-3-NEG,batch_03_OE23-NEG",Plantae
NEG_13159,Ascomycota,3,0.8843254311353507,0.8424493333040356,0.7830493552940329,1.0,"batch_01_OE11-3-NEG,batch_03_OE23-NEG,batch_06_ALL-25-2-NEG",Fungi
NEG_19647,Ascomycota,2,0.8843152318157952,0.782090275468275,0.7924633709216762,1.0,"batch_03_OE23-NEG,batch_06_ALL-25-2-NEG",Fungi
NEG_60739,Bacillota,2,0.8842692722962426,0.8819171036881969,0.997861800331758,0.7836257309941521,"batch_02_OE21-4-NEG,batch_06_ALL-25-2-NEG",Bacteria
NEG_29112,Pseudomonadota,2,0.884254229319739,0.816496580927726,0.9531633076521278,0.8333333333333333,"batch_05_OE25-1-NEG,batch_06_ALL-25-2-NEG",Bacteria
NEG_111844,Bacillota,2,0.8839673622041513,0.8082052736921443,0.9760227053419244,0.8070175438596491,"batch_02_OE21-4-NEG,batch_06_ALL-25-2-NEG",Bacteria
NEG_99094,Streptophyta,2,0.8838178158788859,0.8660254037844386,0.906450501593063,0.875,"batch_01_OE11-3-NEG,batch_03_OE23-NEG",Plantae
NEG_49842,Pseudomonadota,2,0.8837906564453699,0.7687563778079076,0.7943188096817793,1.0,"batch_05_OE25-1-NEG,batch_06_ALL-25-2-NEG",Bacteria
NEG_14762,Ascomycota,3,0.8836049391480123,0.6909031927886022,0.9132373802623016,0.8611111111111112,"batch_01_OE11-3-NEG,batch_02_OE21-4-NEG,batch_03_OE23-NEG",Fungi
NEG_50403,Bacillota,2,0.8835831876414704,0.8243573337008775,0.8586593127472772,0.9181286549707601,"batch_02_OE21-4-NEG,batch_06_ALL-25-2-NEG",Bacteria
NEG_15046,Ascomycota,3,0.8835684269182558,0.8016737669008199,0.787373686820055,1.0,"batch_01_OE11-3-NEG,batch_03_OE23-NEG,batch_06_ALL-25-2-NEG",Fungi
NEG_77889,Streptophyta,3,0.8829189821232353,0.8046616142483566,0.8905860809124628,0.8888888888888888,"batch_01_OE11-3-NEG,batch_02_OE21-4-NEG,batch_03_OE23-NEG",Plantae
NEG_5530,Ascomycota,2,0.8827066805259866,0.7984903369240175,0.786263476374891,1.0,"batch_03_OE23-NEG,batch_06_ALL-25-2-NEG",Fungi
NEG_63010,Ascomycota,2,0.8824910774406236,0.8491035448758796,0.7799052290930745,1.0,"batch_03_OE23-NEG,batch_06_ALL-25-2-NEG",Fungi
NEG_88976,Streptophyta,2,0.8822768370587134,0.816496580927726,0.9494061259736526,0.8333333333333333,"batch_02_OE21-4-NEG,batch_03_OE23-NEG",Plantae
NEG_40792,Streptophyta,2,0.8819605560248875,0.816496580927726,0.9488066210859172,0.8333333333333333,"batch_02_OE21-4-NEG,batch_03_OE23-NEG",Plantae
NEG_51151,Mucoromycota,2,0.8812845622803323,0.7625691245606645,0.9845930581110153,0.8,"batch_01_OE11-3-NEG,batch_04_OE26-1-NEG",Fungi
NEG_96080,Streptophyta,2,0.8811487334161199,0.816496580927726,0.9472696578888816,0.8333333333333333,"batch_02_OE21-4-NEG,batch_03_OE23-NEG",Plantae
NEG_16035,Ascomycota,2,0.8811453362009742,0.7624829845817317,0.7904978572005367,1.0,"batch_03_OE23-NEG,batch_06_ALL-25-2-NEG",Fungi
NEG_58821,Ascomycota,2,0.8809054774677159,0.7618109549354317,0.997447940908258,0.7916666666666667,"batch_02_OE21-4-NEG,batch_06_ALL-25-2-NEG",Fungi
NEG_88982,Streptophyta,2,0.8806101319515378,0.8063695586021384,0.8738761336612677,0.8888888888888888,"batch_02_OE21-4-NEG,batch_03_OE23-NEG",Plantae
NEG_1617,Ascomycota,2,0.8803855573982009,0.7607711147964019,0.78938634455428,1.0,"batch_03_OE23-NEG,batch_06_ALL-25-2-NEG",Fungi
NEG_45658,Streptophyta,2,0.8803732027248925,0.8660254037844386,0.9002628354105204,0.875,"batch_01_OE11-3-NEG,batch_03_OE23-NEG",Plantae
NEG_73010,Pseudomonadota,2,0.8803223939665891,0.7606447879331781,0.9339353700574322,0.8333333333333333,"batch_05_OE25-1-NEG,batch_06_ALL-25-2-NEG",Bacteria
NEG_111611,Pseudomonadota,2,0.8801765213529755,0.8702814885212335,0.7748086204157661,1.0,"batch_05_OE25-1-NEG,batch_06_ALL-25-2-NEG",Bacteria
NEG_25661,Pseudomonadota,2,0.880040543643487,0.7600810872869741,0.9332924444385116,0.8333333333333333,"batch_05_OE25-1-NEG,batch_06_ALL-25-2-NEG",Bacteria
NEG_80188,Streptophyta,3,0.8799253970035243,0.816496580927726,0.969644998969739,0.8055555555555555,"batch_01_OE11-3-NEG,batch_02_OE21-4-NEG,batch_03_OE23-NEG",Plantae
NEG_42305,Bacillota,2,0.8796187898288896,0.8271004947602129,0.9886604879403338,0.7865497076023391,"batch_02_OE21-4-NEG,batch_06_ALL-25-2-NEG",Bacteria
NEG_44301,Bacillota,2,0.8795883442705247,0.7941087466921842,0.8969403780236387,0.8625730994152047,"batch_02_OE21-4-NEG,batch_06_ALL-25-2-NEG",Bacteria
NEG_83063,Streptophyta,3,0.8795599385871163,0.8660254037844386,0.9311376507924741,0.8425925925925926,"batch_01_OE11-3-NEG,batch_02_OE21-4-NEG,batch_03_OE23-NEG",Plantae
NEG_81893,Streptophyta,2,0.8794763086142543,0.8770355135403116,0.8845956460054591,0.8888888888888888,"batch_02_OE21-4-NEG,batch_03_OE23-NEG",Plantae
NEG_55181,Ascomycota,2,0.8791275496452633,0.7590375719539708,0.78728685128718,1.0,"batch_01_OE11-3-NEG,batch_03_OE23-NEG",Fungi
NEG_15043,Ascomycota,2,0.8790578507759432,0.7634554662543436,0.7861066163179001,1.0,"batch_01_OE11-3-NEG,batch_03_OE23-NEG",Fungi
NEG_22449,Ascomycota,3,0.8789576958238084,0.8200639691290567,0.7761071494521247,1.0,"batch_01_OE11-3-NEG,batch_03_OE23-NEG,batch_06_ALL-25-2-NEG",Fungi
NEG_83077,Ascomycota,2,0.8785908754897447,0.8015606762550952,0.7778555780879658,1.0,"batch_01_OE11-3-NEG,batch_03_OE23-NEG",Fungi
NEG_79167,Ascomycota,2,0.8785719020798508,0.78095633735297,0.7814173856011549,1.0,"batch_03_OE23-NEG,batch_06_ALL-25-2-NEG",Fungi
NEG_25868,Ascomycota,2,0.8785075276078219,0.8622479438776566,0.7720398501266863,1.0,"batch_01_OE11-3-NEG,batch_03_OE23-NEG",Fungi
NEG_24657,Ascomycota,2,0.8783087902094082,0.7566175804188165,0.7862350814994121,1.0,"batch_03_OE23-NEG,batch_06_ALL-25-2-NEG",Fungi
NEG_39638,Pseudomonadota,2,0.8780613129245627,0.7561226258491254,0.7858607126604882,1.0,"batch_05_OE25-1-NEG,batch_06_ALL-25-2-NEG",Bacteria
NEG_111728,Pseudomonadota,2,0.8779752710947885,0.7559505421895769,0.9285959166775364,0.8333333333333333,"batch_05_OE25-1-NEG,batch_06_ALL-25-2-NEG",Bacteria
NEG_78674,Streptophyta,2,0.8779139477298115,0.7970973375368872,0.9361052654787159,0.8333333333333333,"batch_02_OE21-4-NEG,batch_03_OE23-NEG",Plantae
NEG_67830,Pseudomonadota,2,0.8771711932123396,0.8035039748457431,0.7748561612634316,1.0,"batch_05_OE25-1-NEG,batch_06_ALL-25-2-NEG",Bacteria
NEG_74280,Ascomycota,2,0.8760784418631611,0.7655016964625596,0.9262388647425378,0.8333333333333333,"batch_02_OE21-4-NEG,batch_06_ALL-25-2-NEG",Fungi
NEG_52468,Pseudomonadota,2,0.8758614156746718,0.7539140987338596,0.782004367576703,1.0,"batch_05_OE25-1-NEG,batch_06_ALL-25-2-NEG",Bacteria
NEG_12251,Ascomycota,2,0.8757710195081462,0.7523517547593978,0.7822071935214594,1.0,"batch_03_OE23-NEG,batch_06_ALL-25-2-NEG",Fungi
NEG_49835,Bacillota,2,0.8757025496251511,0.7630438368578176,0.9251059152240577,0.8333333333333333,"batch_02_OE21-4-NEG,batch_06_ALL-25-2-NEG",Bacteria
NEG_72174,Actinomycetota,2,0.8757007803561586,0.816496580927726,0.9994556121291582,0.7708333333333333,"batch_01_OE11-3-NEG,batch_06_ALL-25-2-NEG",Bacteria
NEG_54372,Ascomycota,2,0.874775422151653,0.8006860558142985,0.7707212734048734,1.0,"batch_03_OE23-NEG,batch_06_ALL-25-2-NEG",Fungi
NEG_59329,Streptophyta,2,0.8745153481264667,0.866611864581741,0.8721275768514458,0.8888888888888888,"batch_02_OE21-4-NEG,batch_03_OE23-NEG",Plantae
NEG_53207,Bacillota,2,0.8743743594203417,0.8487473183202489,0.9157447599550101,0.8362573099415205,"batch_02_OE21-4-NEG,batch_06_ALL-25-2-NEG",Bacteria
NEG_21135,Ascomycota,2,0.8743237275064635,0.7500623878753335,0.7798828610077198,1.0,"batch_03_OE23-NEG,batch_06_ALL-25-2-NEG",Fungi
NEG_68331,Pseudomonadota,2,0.8743083035998771,0.8071617742197907,0.9318011985918957,0.8333333333333333,"batch_05_OE25-1-NEG,batch_06_ALL-25-2-NEG",Bacteria
NEG_265,Ascomycota,2,0.8742290598014553,0.7625629232664388,0.7767457750499935,1.0,"batch_03_OE23-NEG,batch_06_ALL-25-2-NEG",Fungi
NEG_98694,Streptophyta,2,0.8741153376319517,0.8660254037844386,0.8891430705130782,0.875,"batch_01_OE11-3-NEG,batch_03_OE23-NEG",Plantae
NEG_75735,Streptophyta,2,0.8739712537363178,0.8660254037844386,1.0,0.7638888888888888,"batch_01_OE11-3-NEG,batch_02_OE21-4-NEG",Plantae
NEG_100417,Streptophyta,2,0.8739712537363178,0.8660254037844386,1.0,0.7638888888888888,"batch_01_OE11-3-NEG,batch_02_OE21-4-NEG",Plantae
NEG_79141,Streptophyta,2,0.8739712537363178,0.8660254037844386,1.0,0.7638888888888888,"batch_01_OE11-3-NEG,batch_02_OE21-4-NEG",Plantae
NEG_100557,Streptophyta,2,0.8739712537363178,0.8660254037844386,1.0,0.7638888888888888,"batch_01_OE11-3-NEG,batch_02_OE21-4-NEG",Plantae
NEG_72498,Ascomycota,2,0.873839868266403,0.8156836909424611,0.7669782563327783,1.0,"batch_01_OE11-3-NEG,batch_06_ALL-25-2-NEG",Fungi
NEG_60207,Pseudomonadota,2,0.8735696816902244,0.7471393633804488,0.7791086141562712,1.0,"batch_05_OE25-1-NEG,batch_06_ALL-25-2-NEG",Bacteria
NEG_1209,Pseudomonadota,2,0.8734378957581388,0.8733880864863685,0.7628937602273689,1.0,"batch_05_OE25-1-NEG,batch_06_ALL-25-2-NEG",Bacteria
NEG_9733,Streptophyta,2,0.8732341776597159,0.7884642867994767,0.769723863429497,1.0,"batch_01_OE11-3-NEG,batch_03_OE23-NEG",Plantae
NEG_73996,Streptophyta,3,0.8731164083598966,0.7901285912328734,0.9539103210536752,0.8055555555555555,"batch_01_OE11-3-NEG,batch_02_OE21-4-NEG,batch_03_OE23-NEG",Plantae
NEG_42307,Pseudomonadota,2,0.872965973307533,0.7573098149970117,0.7754459375079168,1.0,"batch_05_OE25-1-NEG,batch_06_ALL-25-2-NEG",Bacteria
NEG_11596,Ascomycota,2,0.8726364832726416,0.7926407255453792,0.7678937531928023,1.0,"batch_01_OE11-3-NEG,batch_03_OE23-NEG",Fungi
NEG_20442,Streptophyta,2,0.8725128022542715,0.7453559924999299,0.9996696665867256,0.7777777777777778,"batch_02_OE21-4-NEG,batch_03_OE23-NEG",Plantae
NEG_43766,Streptophyta,2,0.8723061756331755,0.7453559924999299,0.9992566352675631,0.7777777777777778,"batch_02_OE21-4-NEG,batch_03_OE23-NEG",Plantae
NEG_61017,Streptophyta,2,0.8722482246896037,0.7445352786833144,0.9988606745333871,0.7777777777777778,"batch_02_OE21-4-NEG,batch_03_OE23-NEG",Plantae
NEG_76253,Ascomycota,2,0.8718917873184473,0.7517186327760637,0.9764514840312792,0.7916666666666667,"batch_02_OE21-4-NEG,batch_03_OE23-NEG",Fungi
NEG_91209,Streptophyta,2,0.8718910595030431,0.8009730774240229,0.8207789353790549,0.9444444444444444,"batch_02_OE21-4-NEG,batch_03_OE23-NEG",Plantae
NEG_70513,Ascomycota,2,0.8718371288046813,0.8086066236390094,0.7640980759458966,1.0,"batch_03_OE23-NEG,batch_06_ALL-25-2-NEG",Fungi
NEG_98893,Streptophyta,2,0.8716973070853692,0.7453559924999299,0.9980405451732836,0.7777777777777778,"batch_02_OE21-4-NEG,batch_03_OE23-NEG",Plantae
NEG_97658,Streptophyta,2,0.8716843942866241,0.816496580927726,0.9295460446528419,0.8333333333333333,"batch_02_OE21-4-NEG,batch_03_OE23-NEG",Plantae
NEG_19601,Streptophyta,2,0.8716349633492597,0.8660254037844386,0.8847789764913767,0.875,"batch_01_OE11-3-NEG,batch_03_OE23-NEG",Plantae
NEG_64630,Ascomycota,2,0.8715285995632631,0.763078511359084,0.8683716572378629,0.875,"batch_02_OE21-4-NEG,batch_03_OE23-NEG",Fungi
NEG_71743,Streptophyta,2,0.8713938672391701,0.7453559924999299,0.997435039953043,0.7777777777777778,"batch_02_OE21-4-NEG,batch_03_OE23-NEG",Plantae
NEG_51535,Ascomycota,2,0.8707381752108587,0.7736582094601231,0.7676094895197002,1.0,"batch_03_OE23-NEG,batch_06_ALL-25-2-NEG",Fungi
NEG_15285,Mucoromycota,2,0.8705347284444436,0.741069456888887,0.9576532832779916,0.8,"batch_01_OE11-3-NEG,batch_04_OE26-1-NEG",Fungi
NEG_98892,Streptophyta,3,0.870328184030743,0.816496580927726,0.9540142463419935,0.8055555555555555,"batch_01_OE11-3-NEG,batch_02_OE21-4-NEG,batch_03_OE23-NEG",Plantae
NEG_99300,Pseudomonadota,2,0.8702964299255953,0.7405928598511907,0.9113583380469241,0.8333333333333333,"batch_05_OE25-1-NEG,batch_06_ALL-25-2-NEG",Bacteria
NEG_20666,Ascomycota,3,0.870088550857005,0.7312012354248385,0.7682497486044442,1.0,"batch_01_OE11-3-NEG,batch_03_OE23-NEG,batch_06_ALL-25-2-NEG",Fungi
NEG_48054,Streptophyta,2,0.869821784222786,0.816496580927726,0.9261001802816371,0.8333333333333333,"batch_02_OE21-4-NEG,batch_03_OE23-NEG",Plantae
NEG_59833,Pseudomonadota,2,0.8696675587226456,0.8135336925134573,0.9249319408438423,0.8333333333333333,"batch_05_OE25-1-NEG,batch_06_ALL-25-2-NEG",Bacteria
NEG_76696,Streptophyta,2,0.869249154819168,0.8160234448216682,0.9249006349832314,0.8333333333333333,"batch_02_OE21-4-NEG,batch_03_OE23-NEG",Plantae
NEG_69013,Ascomycota,2,0.8691130076768093,0.7491782089828649,0.91005877325448,0.8333333333333333,"batch_02_OE21-4-NEG,batch_06_ALL-25-2-NEG",Fungi
NEG_26856,Streptophyta,3,0.8689672469958324,0.816496580927726,0.9507338807788783,0.8055555555555555,"batch_01_OE11-3-NEG,batch_02_OE21-4-NEG,batch_03_OE23-NEG",Plantae
NEG_29202,Streptophyta,3,0.8689137678430878,0.7453559924999299,0.9969137816501886,0.7685185185185185,"batch_01_OE11-3-NEG,batch_02_OE21-4-NEG,batch_03_OE23-NEG",Plantae
NEG_60156,Bacillota,2,0.8688020685002487,0.7376041370004973,0.8040334528083741,0.9473684210526316,"batch_02_OE21-4-NEG,batch_06_ALL-25-2-NEG",Bacteria
NEG_56848,Bacillota,2,0.8687642279105448,0.7947194142390263,1.0,0.7602339181286549,"batch_02_OE21-4-NEG,batch_06_ALL-25-2-NEG",Bacteria
NEG_12901,Ascomycota,3,0.8687533531817778,0.7382493487596882,0.7658405065309841,1.0,"batch_01_OE11-3-NEG,batch_03_OE23-NEG,batch_06_ALL-25-2-NEG",Fungi
NEG_80006,Streptophyta,3,0.8685862512427338,0.7398754793766985,0.9950213554347075,0.7685185185185185,"batch_01_OE11-3-NEG,batch_02_OE21-4-NEG,batch_03_OE23-NEG",Plantae
NEG_55376,Bacillota,2,0.8679353555883078,0.8539536074884189,0.9948392325395431,0.7573099415204678,"batch_02_OE21-4-NEG,batch_06_ALL-25-2-NEG",Bacteria
NEG_82679,Streptophyta,2,0.8676626134863696,0.7447673033538433,0.9898130025525493,0.7777777777777778,"batch_02_OE21-4-NEG,batch_03_OE23-NEG",Plantae
NEG_74871,Streptophyta,2,0.8676085984986834,0.7453559924999299,0.9899126020845583,0.7777777777777778,"batch_02_OE21-4-NEG,batch_03_OE23-NEG",Plantae
NEG_94545,Streptophyta,2,0.8675965839762143,0.7373005943535299,0.9871457440125784,0.7777777777777778,"batch_02_OE21-4-NEG,batch_03_OE23-NEG",Plantae
NEG_88984,Streptophyta,2,0.8674831201621829,0.8660254037844386,0.8775290887033541,0.875,"batch_01_OE11-3-NEG,batch_03_OE23-NEG",Plantae
NEG_72634,Streptophyta,2,0.8669821313920305,0.7434770882246865,0.988014784126859,0.7777777777777778,"batch_02_OE21-4-NEG,batch_03_OE23-NEG",Plantae
NEG_81375,Ascomycota,2,0.8668307197338759,0.7336614394677519,0.9613649495101946,0.7916666666666667,"batch_02_OE21-4-NEG,batch_06_ALL-25-2-NEG",Fungi
NEG_112213,Pseudomonadota,2,0.8665243421724509,0.7330486843449018,0.9030202802148436,0.8333333333333333,"batch_05_OE25-1-NEG,batch_06_ALL-25-2-NEG",Bacteria
NEG_74711,Ascomycota,2,0.8662290208977601,0.7521966771180605,0.8576560655846257,0.875,"batch_02_OE21-4-NEG,batch_06_ALL-25-2-NEG",Fungi
NEG_77890,Streptophyta,2,0.8662106184357667,0.8660254037844386,0.9825554040225807,0.7638888888888888,"batch_01_OE11-3-NEG,batch_02_OE21-4-NEG",Plantae
NEG_54755,Pseudomonadota,2,0.866125486477314,0.7420650946840213,0.9032294903245708,0.8333333333333333,"batch_05_OE25-1-NEG,batch_06_ALL-25-2-NEG",Bacteria
NEG_38297,Streptophyta,2,0.865977947377304,0.8659304909701695,0.8749178075959194,0.875,"batch_01_OE11-3-NEG,batch_03_OE23-NEG",Plantae
NEG_84573,Streptophyta,2,0.8659068521489093,0.7453559924999299,0.9865494085827631,0.7777777777777778,"batch_02_OE21-4-NEG,batch_03_OE23-NEG",Plantae
NEG_71270,Streptophyta,2,0.8657004336941332,0.7453559924999299,0.9861422476467776,0.7777777777777778,"batch_02_OE21-4-NEG,batch_03_OE23-NEG",Plantae
NEG_29370,Basidiomycota,2,0.8651497503394102,0.7616839896592853,0.8075361291540679,0.9285714285714286,"batch_01_OE11-3-NEG,batch_02_OE21-4-NEG",Fungi
NEG_62569,Ascomycota,2,0.8650111214108582,0.7561095057676485,0.7601038020541719,1.0,"batch_03_OE23-NEG,batch_06_ALL-25-2-NEG",Fungi
NEG_18198,Ascomycota,3,0.8649884398433846,0.703200568827561,0.9279707738336208,0.8333333333333334,"batch_02_OE21-4-NEG,batch_03_OE23-NEG,batch_06_ALL-25-2-NEG",Fungi
NEG_76125,Discosea,2,0.8648570903106586,0.7297141806213172,0.8993620890498804,0.8333333333333333,"batch_04_OE26-1-NEG,batch_05_OE25-1-NEG",Protozoa
NEG_20362,Ascomycota,3,0.8647622047326228,0.6782101676498623,0.9192236850106488,0.8333333333333334,"batch_01_OE11-3-NEG,batch_03_OE23-NEG,batch_06_ALL-25-2-NEG",Fungi
NEG_16641,Ascomycota,2,0.8647275427873276,0.7343534441311422,0.7647511288554221,1.0,"batch_03_OE23-NEG,batch_06_ALL-25-2-NEG",Fungi
NEG_92578,Ascomycota,2,0.8645176340187615,0.7849535421792595,0.7537211842396417,1.0,"batch_03_OE23-NEG,batch_06_ALL-25-2-NEG",Fungi
NEG_56932,Ascomycota,2,0.8642441333233674,0.7907824839904094,0.7523145359065768,1.0,"batch_03_OE23-NEG,batch_06_ALL-25-2-NEG",Fungi
NEG_98509,Streptophyta,3,0.8641152504864437,0.816496580927726,0.9425930955126676,0.8055555555555555,"batch_01_OE11-3-NEG,batch_02_OE21-4-NEG,batch_03_OE23-NEG",Plantae
NEG_56853,Ascomycota,2,0.8640846679221759,0.7803607947955495,0.7536520002695004,1.0,"batch_03_OE23-NEG,batch_06_ALL-25-2-NEG",Fungi
NEG_48262,Basidiomycota,2,0.8639781256162014,0.7322966228359131,0.8978628056719807,0.8333333333333333,"batch_01_OE11-3-NEG,batch_04_OE26-1-NEG",Fungi
NEG_99240,Streptophyta,3,0.8637428972672015,0.7453559924999299,0.9867002408441471,0.7685185185185185,"batch_01_OE11-3-NEG,batch_02_OE21-4-NEG,batch_03_OE23-NEG",Plantae
NEG_99399,Streptophyta,2,0.863372035783446,0.7453559924999299,0.981561280867371,0.7777777777777778,"batch_02_OE21-4-NEG,batch_03_OE23-NEG",Plantae
NEG_15049,Ascomycota,3,0.863248061034538,0.6846747357140983,0.9188380626155171,0.8333333333333334,"batch_01_OE11-3-NEG,batch_03_OE23-NEG,batch_06_ALL-25-2-NEG",Fungi
NEG_70774,Bacillota,2,0.8631201358752344,0.7834312301684054,0.9164830484164442,0.8128654970760234,"batch_02_OE21-4-NEG,batch_06_ALL-25-2-NEG",Bacteria
NEG_54544,Ascomycota,2,0.862998988122611,0.7278909980454349,0.7630214224833449,1.0,"batch_03_OE23-NEG,batch_06_ALL-25-2-NEG",Fungi
NEG_98514,Streptophyta,2,0.86282761072595,0.7453559924999299,0.9804932891419136,0.7777777777777778,"batch_02_OE21-4-NEG,batch_03_OE23-NEG",Plantae
NEG_60169,Bacillota,2,0.8627381250550058,0.7254762501100116,1.0,0.763157894736842,"batch_02_OE21-4-NEG,batch_06_ALL-25-2-NEG",Bacteria
NEG_99686,Streptophyta,2,0.8625088430356814,0.7453559924999299,0.979868516925624,0.7777777777777778,"batch_02_OE21-4-NEG,batch_03_OE23-NEG",Plantae
NEG_66511,Ascomycota,2,0.8623464108793193,0.7534620203843424,0.7554971428499064,1.0,"batch_01_OE11-3-NEG,batch_03_OE23-NEG",Fungi
NEG_52058,Pseudomonadota,2,0.8622886806518284,0.7346003714331606,0.7598460730913932,1.0,"batch_05_OE25-1-NEG,batch_06_ALL-25-2-NEG",Bacteria
NEG_75499,Streptophyta,3,0.8620955447485441,0.7435224863867962,0.9830349373830259,0.7685185185185185,"batch_01_OE11-3-NEG,batch_02_OE21-4-NEG,batch_03_OE23-NEG",Plantae
NEG_79168,Ascomycota,2,0.8620769965029818,0.727925182134314,0.7611734571980076,1.0,"batch_03_OE23-NEG,batch_06_ALL-25-2-NEG",Fungi
NEG_77884,Streptophyta,2,0.861789820339417,0.7346362708558933,0.9747258997697248,0.7777777777777778,"batch_02_OE21-4-NEG,batch_03_OE23-NEG",Plantae
NEG_11590,Ascomycota,3,0.8617724125931705,0.6494868855551867,0.9059175498386964,0.8333333333333334,"batch_01_OE11-3-NEG,batch_03_OE23-NEG,batch_06_ALL-25-2-NEG",Fungi
NEG_43469,Streptophyta,2,0.861711202976236,0.7784355799554041,0.9009715147593862,0.8333333333333333,"batch_02_OE21-4-NEG,batch_03_OE23-NEG",Plantae
NEG_113807,Pseudomonadota,2,0.8613903650244163,0.7227807300488327,0.7612059918649619,1.0,"batch_05_OE25-1-NEG,batch_06_ALL-25-2-NEG",Bacteria
NEG_115,Pseudomonadota,2,0.8613485984398292,0.7226971968796586,0.891718428783287,0.8333333333333333,"batch_05_OE25-1-NEG,batch_06_ALL-25-2-NEG",Bacteria
NEG_67103,Streptophyta,2,0.8611564714556355,0.8562875391268324,0.9713610819267842,0.7638888888888888,"batch_01_OE11-3-NEG,batch_02_OE21-4-NEG",Plantae
NEG_22152,Ascomycota,3,0.8610508214604623,0.7065814446801569,0.9209154551175063,0.8333333333333334,"batch_01_OE11-3-NEG,batch_03_OE23-NEG,batch_06_ALL-25-2-NEG",Fungi
NEG_46360,Ascomycota,2,0.8610027054240501,0.723770787439965,0.9472454554723624,0.7916666666666667,"batch_02_OE21-4-NEG,batch_06_ALL-25-2-NEG",Fungi
NEG_25647,Streptophyta,2,0.8609236425855493,0.85582188138666,0.8662155463301012,0.875,"batch_01_OE11-3-NEG,batch_03_OE23-NEG",Plantae
NEG_65949,Pseudomonadota,2,0.860392368228089,0.720784736456178,0.8896479772311514,0.8333333333333333,"batch_04_OE26-1-NEG,batch_06_ALL-25-2-NEG",Bacteria
NEG_41507,Basidiomycota,2,0.8602489862294225,0.7470083174468612,0.9621098022506174,0.7857142857142857,"batch_01_OE11-3-NEG,batch_02_OE21-4-NEG",Fungi
NEG_76254,Ascomycota,2,0.8600299329920723,0.7742778097419928,0.8968814439489596,0.8333333333333333,"batch_02_OE21-4-NEG,batch_03_OE23-NEG",Fungi
NEG_70833,Streptophyta,2,0.8598165113444636,0.7453559924999299,0.9746078657769461,0.7777777777777778,"batch_02_OE21-4-NEG,batch_03_OE23-NEG",Plantae
NEG_47672,Streptophyta,2,0.8593864109629994,0.816496580927726,0.9070512075349865,0.8333333333333333,"batch_02_OE21-4-NEG,batch_03_OE23-NEG",Plantae
NEG_57048,Basidiomycota,2,0.8593830155353176,0.7262929238300122,0.9540651691027829,0.7857142857142857,"batch_01_OE11-3-NEG,batch_02_OE21-4-NEG",Fungi
NEG_45655,Streptophyta,2,0.8589627074726809,0.7322606845399627,0.9683526194932153,0.7777777777777778,"batch_02_OE21-4-NEG,batch_03_OE23-NEG",Plantae
NEG_12042,Ascomycota,2,0.8588728964831522,0.7792825419120298,0.7439972768541164,1.0,"batch_01_OE11-3-NEG,batch_03_OE23-NEG",Fungi
NEG_97246,Streptophyta,2,0.8587126282393138,0.7430878178533805,0.9716282766912927,0.7777777777777778,"batch_02_OE21-4-NEG,batch_03_OE23-NEG",Plantae
NEG_19597,Streptophyta,3,0.8583817533709,0.816496580927726,0.9316437412085482,0.8055555555555555,"batch_01_OE11-3-NEG,batch_02_OE21-4-NEG,batch_03_OE23-NEG",Plantae
NEG_75734,Streptophyta,2,0.8583372662187363,0.7453559924999299,0.9717298530131999,0.7777777777777778,"batch_02_OE21-4-NEG,batch_03_OE23-NEG",Plantae
NEG_28010,Ascomycota,2,0.8582844904229596,0.7165689808459194,0.7567355521552798,1.0,"batch_03_OE23-NEG,batch_06_ALL-25-2-NEG",Fungi
NEG_97096,Streptophyta,2,0.8582327443838778,0.7453559924999299,0.9715268268707751,0.7777777777777778,"batch_02_OE21-4-NEG,batch_03_OE23-NEG",Plantae
NEG_21098,Ascomycota,3,0.8579622096762133,0.6497133135942696,0.8986207639198805,0.8333333333333334,"batch_02_OE21-4-NEG,batch_03_OE23-NEG,batch_06_ALL-25-2-NEG",Fungi
NEG_75270,Streptophyta,2,0.8578468581531268,0.7453559924999299,0.9707776491208187,0.7777777777777778,"batch_02_OE21-4-NEG,batch_03_OE23-NEG",Plantae
NEG_53233,Ascomycota,2,0.8577595320762045,0.7404921916604346,0.7495030439957773,1.0,"batch_01_OE11-3-NEG,batch_06_ALL-25-2-NEG",Fungi
NEG_71759,Basidiomycota,2,0.8576028411117385,0.7364593503173928,0.9535480189459841,0.7857142857142857,"batch_01_OE11-3-NEG,batch_02_OE21-4-NEG",Fungi
NEG_112745,Pseudomonadota,2,0.8575653911779675,0.7151307823559351,0.7557060179365058,1.0,"batch_05_OE25-1-NEG,batch_06_ALL-25-2-NEG",Bacteria
NEG_119025,Mucoromycota,2,0.8575314151616882,0.8247973389299498,0.8355032283817001,0.9,"batch_01_OE11-3-NEG,batch_04_OE26-1-NEG",Fungi
NEG_68591,Streptophyta,2,0.8574657597995752,0.7625148821111128,0.744263198402472,1.0,"batch_01_OE11-3-NEG,batch_03_OE23-NEG",Plantae
NEG_56724,Ascomycota,2,0.8572145278345353,0.7437309442907957,0.885979199838434,0.8333333333333333,"batch_02_OE21-4-NEG,batch_06_ALL-25-2-NEG",Fungi
NEG_78032,Streptophyta,2,0.857014423622258,0.7453559924999299,0.969163549759513,0.7777777777777778,"batch_02_OE21-4-NEG,batch_03_OE23-NEG",Plantae
NEG_98719,Streptophyta,2,0.8569983491826776,0.7550284186005775,0.8398553560605009,0.875,"batch_01_OE11-3-NEG,batch_03_OE23-NEG",Plantae
NEG_60241,Pseudomonadota,2,0.8560317135204767,0.7311390050486761,0.8820295443581179,0.8333333333333333,"batch_05_OE25-1-NEG,batch_06_ALL-25-2-NEG",Bacteria
NEG_43765,Streptophyta,2,0.855897435320238,0.7453559924999299,0.9670020525907785,0.7777777777777778,"batch_02_OE21-4-NEG,batch_03_OE23-NEG",Plantae
NEG_68962,Pseudomonadota,2,0.8554503814048309,0.7109007628096616,0.8790349209225191,0.8333333333333333,"batch_05_OE25-1-NEG,batch_06_ALL-25-2-NEG",Bacteria
NEG_69140,Pseudomonadota,2,0.855254045628613,0.7313526917331001,0.8805302179875636,0.8333333333333333,"batch_05_OE25-1-NEG,batch_06_ALL-25-2-NEG",Bacteria
NEG_41475,Streptophyta,2,0.8552304603341883,0.799022158386032,0.894187615889291,0.8333333333333333,"batch_02_OE21-4-NEG,batch_03_OE23-NEG",Plantae
NEG_26250,Ascomycota,2,0.8547039972180581,0.7094079944361164,0.7516298512849364,1.0,"batch_03_OE23-NEG,batch_06_ALL-25-2-NEG",Fungi
NEG_64983,Bacillota,2,0.854543647778354,0.8271701918685112,1.0,0.7309941520467836,"batch_02_OE21-4-NEG,batch_06_ALL-25-2-NEG",Bacteria
NEG_53749,Pseudomonadota,2,0.8544367766257606,0.7135742528998986,0.8772015094414509,0.8333333333333333,"batch_05_OE25-1-NEG,batch_06_ALL-25-2-NEG",Bacteria
NEG_61455,Basidiomycota,2,0.8543714244414851,0.7908979427492583,0.8590833249493075,0.8571428571428572,"batch_01_OE11-3-NEG,batch_02_OE21-4-NEG",Fungi
NEG_6057,Basidiomycota,2,0.8535844250241222,0.7218338480798169,0.9413561242565625,0.7857142857142857,"batch_01_OE11-3-NEG,batch_02_OE21-4-NEG",Fungi
NEG_100789,Streptophyta,2,0.8535533905932737,0.7071067811865476,1.0,0.75,"batch_01_OE11-3-NEG,batch_03_OE23-NEG",Plantae
NEG_45370,Streptophyta,2,0.8534979509897735,0.816496580927726,0.8964945203968773,0.8333333333333333,"batch_02_OE21-4-NEG,batch_03_OE23-NEG",Plantae
NEG_33859,Ascomycota,2,0.8533457516053127,0.7066915032106255,0.7497064403550467,1.0,"batch_03_OE23-NEG,batch_06_ALL-25-2-NEG",Fungi
NEG_18160,Pseudomonadota,2,0.8532925831788659,0.8502469174341909,0.72811750858789,1.0,"batch_05_OE25-1-NEG,batch_06_ALL-25-2-NEG",Bacteria
NEG_12986,Streptophyta,2,0.8529665242949676,0.734984567674793,0.8765222123357879,0.8333333333333333,"batch_02_OE21-4-NEG,batch_03_OE23-NEG",Plantae
NEG_74707,Ascomycota,2,0.8528198544666381,0.7215086653426834,0.9304638876204234,0.7916666666666667,"batch_02_OE21-4-NEG,batch_06_ALL-25-2-NEG",Fungi
NEG_59792,Streptophyta,2,0.8527783793087642,0.7453559924999299,0.9609927556264115,0.7777777777777778,"batch_02_OE21-4-NEG,batch_03_OE23-NEG",Plantae
NEG_43817,Ascomycota,2,0.8525950571726011,0.7061477298942037,0.8730263052908211,0.8333333333333333,"batch_02_OE21-4-NEG,batch_03_OE23-NEG",Fungi
NEG_53828,Pseudomonadota,2,0.8523957407294698,0.8100914330940979,0.7283681532582497,1.0,"batch_05_OE25-1-NEG,batch_06_ALL-25-2-NEG",Bacteria
NEG_72445,Ascomycota,2,0.8522357340644977,0.7252305864021052,0.7424360539491992,1.0,"batch_01_OE11-3-NEG,batch_03_OE23-NEG",Fungi
NEG_54572,Pseudomonadota,2,0.8520423490640153,0.7040846981280307,0.87180144660353,0.8333333333333333,"batch_05_OE25-1-NEG,batch_06_ALL-25-2-NEG",Bacteria
NEG_44383,Streptophyta,2,0.8519848868795488,0.7071067811865476,0.9968679129803497,0.75,"batch_01_OE11-3-NEG,batch_03_OE23-NEG",Plantae
NEG_48061,Streptophyta,2,0.8519087854214501,0.8377921670584616,0.8509478575922567,0.875,"batch_01_OE11-3-NEG,batch_03_OE23-NEG",Plantae
NEG_15198,Ascomycota,2,0.8518300747139786,0.7039306071918491,0.9952478785512948,0.75,"batch_03_OE23-NEG,batch_06_ALL-25-2-NEG",Fungi
NEG_98041,Streptophyta,3,0.8517647802882312,0.5773502691896257,0.985433158441343,0.7777777777777777,"batch_01_OE11-3-NEG,batch_02_OE21-4-NEG,batch_03_OE23-NEG",Plantae
NEG_88953,Ascomycota,2,0.8514905134153827,0.7160745948549144,0.7433735654359674,1.0,"batch_03_OE23-NEG,batch_06_ALL-25-2-NEG",Fungi
NEG_51290,Streptophyta,3,0.8512820619619127,0.7071067811865476,0.9037392392888756,0.8333333333333334,"batch_01_OE11-3-NEG,batch_03_OE23-NEG,batch_06_ALL-25-2-NEG",Plantae
NEG_63000,Ascomycota,3,0.8509966196731051,0.6987953327171673,0.8529960914460455,0.8611111111111112,"batch_02_OE21-4-NEG,batch_03_OE23-NEG,batch_06_ALL-25-2-NEG",Fungi
NEG_5310,Ascomycota,2,0.8508403646972096,0.7753508986147684,0.7296279856874928,1.0,"batch_01_OE11-3-NEG,batch_06_ALL-25-2-NEG",Fungi
NEG_50870,Streptophyta,2,0.8507799348269356,0.7071067811865476,0.9944684725810993,0.75,"batch_01_OE11-3-NEG,batch_03_OE23-NEG",Plantae
NEG_75247,Bacillota,2,0.850684053759305,0.7585590659365467,0.8904580454919999,0.8128654970760234,"batch_02_OE21-4-NEG,batch_06_ALL-25-2-NEG",Bacteria
NEG_86640,Streptophyta,2,0.8500662911829294,0.7071067811865476,0.9930501209039065,0.75,"batch_01_OE11-3-NEG,batch_03_OE23-NEG",Plantae
NEG_99854,Streptophyta,2,0.849908824607492,0.7042324241361256,0.9915382774023045,0.75,"batch_01_OE11-3-NEG,batch_03_OE23-NEG",Plantae
NEG_110930,Pseudomonadota,2,0.849783233547011,0.8477630090562533,0.7221356253246068,1.0,"batch_05_OE25-1-NEG,batch_06_ALL-25-2-NEG",Bacteria
NEG_66029,Ascomycota,2,0.8497816325413181,0.7019065443129526,0.7439958647231346,1.0,"batch_03_OE23-NEG,batch_06_ALL-25-2-NEG",Fungi
NEG_106647,Ascomycota,3,0.8497183337019356,0.6047893162029262,0.9228524925601335,0.8055555555555557,"batch_02_OE21-4-NEG,batch_03_OE23-NEG,batch_06_ALL-25-2-NEG",Fungi
NEG_78068,Streptophyta,2,0.8488987162550271,0.7977350554318337,0.8823420553144716,0.8333333333333333,"batch_02_OE21-4-NEG,batch_03_OE23-NEG",Plantae
NEG_66198,Bacillota,2,0.8486710873628961,0.756493369612051,0.8377155837682528,0.8654970760233918,"batch_02_OE21-4-NEG,batch_06_ALL-25-2-NEG",Bacteria
NEG_29246,Ascomycota,2,0.8486422436526444,0.7504837149895803,0.7298287544610917,1.0,"batch_03_OE23-NEG,batch_06_ALL-25-2-NEG",Fungi
NEG_20661,Ascomycota,2,0.8485302534984028,0.7024617824774613,0.7413395893284593,1.0,"batch_03_OE23-NEG,batch_06_ALL-25-2-NEG",Fungi
NEG_72715,Ascomycota,2,0.8485027679914934,0.6970055359829866,0.9858167171909304,0.75,"batch_02_OE21-4-NEG,batch_06_ALL-25-2-NEG",Fungi
NEG_49821,Bacillota,2,0.8484813057191759,0.8134552235609663,0.9597545750616068,0.7543859649122806,"batch_02_OE21-4-NEG,batch_06_ALL-25-2-NEG",Bacteria
NEG_5940,Ascomycota,3,0.8482754671789032,0.5630831967093696,0.8357549084386872,0.8611111111111112,"batch_02_OE21-4-NEG,batch_03_OE23-NEG,batch_06_ALL-25-2-NEG",Fungi
NEG_62786,Streptophyta,2,0.8481748590431759,0.8036890459331123,0.8828585997191938,0.8333333333333333,"batch_02_OE21-4-NEG,batch_03_OE23-NEG",Plantae
NEG_56658,Streptophyta,4,0.8478913483237716,0.7474574753523003,0.8392940551040144,0.8819444444444444,"batch_01_OE11-3-NEG,batch_02_OE21-4-NEG,batch_03_OE23-NEG,batch_06_ALL-25-2-NEG",Plantae
NEG_41470,Streptophyta,2,0.8478580530800814,0.816496580927726,0.8865134867749759,0.8333333333333333,"batch_02_OE21-4-NEG,batch_03_OE23-NEG",Plantae
NEG_21619,Streptophyta,2,0.8478330617394209,0.7071067811865476,0.9886247866166866,0.75,"batch_01_OE11-3-NEG,batch_03_OE23-NEG",Plantae
NEG_51145,Pseudomonadota,2,0.8478298015822772,0.7851569843828143,0.7227432544667609,1.0,"batch_05_OE25-1-NEG,batch_06_ALL-25-2-NEG",Bacteria
NEG_2704,Ascomycota,2,0.8477724252182843,0.7064032132091735,0.7387033390645685,1.0,"batch_03_OE23-NEG,batch_06_ALL-25-2-NEG",Fungi
NEG_94985,Streptophyta,2,0.8475100727825426,0.7453559924999299,0.9509310018084793,0.7777777777777778,"batch_02_OE21-4-NEG,batch_03_OE23-NEG",Plantae
NEG_45369,Streptophyta,2,0.8471671359500494,0.7453559924999299,0.9502798873866527,0.7777777777777778,"batch_02_OE21-4-NEG,batch_03_OE23-NEG",Plantae
NEG_15047,Ascomycota,2,0.8467470827290429,0.7206983344156603,0.732868909061515,1.0,"batch_01_OE11-3-NEG,batch_06_ALL-25-2-NEG",Fungi
NEG_74513,Streptophyta,2,0.8466141401275248,0.7453559924999299,0.9492309369470622,0.7777777777777778,"batch_02_OE21-4-NEG,batch_03_OE23-NEG",Plantae
NEG_79245,Ascomycota,2,0.8460354027093853,0.6986114305203305,0.7537783279087529,0.96875,"batch_03_OE23-NEG,batch_04_OE26-1-NEG",Fungi
NEG_97243,Streptophyta,3,0.8459215998599596,0.8157848753852563,0.9103051951238785,0.8055555555555555,"batch_01_OE11-3-NEG,batch_02_OE21-4-NEG,batch_03_OE23-NEG",Plantae
NEG_109823,Bacillota,2,0.8456306477134237,0.7453559924999299,1.0,0.7251461988304093,"batch_02_OE21-4-NEG,batch_06_ALL-25-2-NEG",Bacteria
NEG_80019,Ascomycota,2,0.845624089444524,0.695434882992646,0.9794517366250228,0.75,"batch_03_OE23-NEG,batch_06_ALL-25-2-NEG",Fungi
NEG_38310,Streptophyta,2,0.8453939871306193,0.8129593192473779,0.8809687148450918,0.8333333333333333,"batch_02_OE21-4-NEG,batch_03_OE23-NEG",Plantae
NEG_59048,Ascomycota,2,0.8452098377377804,0.690942416289531,0.9768788184430245,0.75,"batch_03_OE23-NEG,batch_06_ALL-25-2-NEG",Fungi
NEG_23140,Streptophyta,2,0.845109972882291,0.7071067811865476,0.9832557471833187,0.75,"batch_01_OE11-3-NEG,batch_03_OE23-NEG",Plantae
NEG_62061,Pseudomonadota,2,0.8449851733964184,0.709063231225304,0.8581673840922603,0.8333333333333333,"batch_05_OE25-1-NEG,batch_06_ALL-25-2-NEG",Bacteria
NEG_20364,Ascomycota,3,0.8448882913349736,0.6990800942612166,0.8917008700321148,0.8333333333333334,"batch_01_OE11-3-NEG,batch_03_OE23-NEG,batch_06_ALL-25-2-NEG",Fungi
NEG_43486,Ascomycota,2,0.8446760088185412,0.6946940079916113,0.977272042815394,0.75,"batch_01_OE11-3-NEG,batch_06_ALL-25-2-NEG",Fungi
NEG_20841,Ascomycota,2,0.8445771154650237,0.6919957837793657,0.9076123398777669,0.7916666666666667,"batch_02_OE21-4-NEG,batch_06_ALL-25-2-NEG",Fungi
NEG_83070,Ascomycota,2,0.8445253465626481,0.6911111398475926,0.9755762836194901,0.75,"batch_03_OE23-NEG,batch_06_ALL-25-2-NEG",Fungi
NEG_21442,Pseudomonadota,2,0.8444938143811034,0.7040566258149294,0.8568163395487924,0.8333333333333333,"batch_05_OE25-1-NEG,batch_06_ALL-25-2-NEG",Bacteria
NEG_29637,Ascomycota,2,0.8440665769235398,0.6881331538470796,0.7841163424541171,0.9166666666666667,"batch_02_OE21-4-NEG,batch_06_ALL-25-2-NEG",Fungi
NEG_16935,Ascomycota,2,0.843880442776541,0.7097068421042836,0.7301367568180891,1.0,"batch_01_OE11-3-NEG,batch_06_ALL-25-2-NEG",Fungi
NEG_41143,Streptophyta,2,0.8437699497104908,0.6956521320262282,0.9274593714670474,0.7777777777777778,"batch_02_OE21-4-NEG,batch_03_OE23-NEG",Plantae
NEG_59430,Pseudomonadota,2,0.8435929333309746,0.727129124440747,0.8573920468496693,0.8333333333333333,"batch_05_OE25-1-NEG,batch_06_ALL-25-2-NEG",Bacteria
NEG_79620,Ascomycota,3,0.8434041936057951,0.5946512514554383,0.9073391244357191,0.8055555555555557,"batch_02_OE21-4-NEG,batch_03_OE23-NEG,batch_06_ALL-25-2-NEG",Fungi
NEG_74066,Streptophyta,2,0.8432675071271641,0.7019742695557707,0.9774478051190469,0.75,"batch_01_OE11-3-NEG,batch_03_OE23-NEG",Plantae
NEG_86368,Streptophyta,3,0.8432607524707597,0.7071067811865476,0.961460921195831,0.7592592592592592,"batch_01_OE11-3-NEG,batch_02_OE21-4-NEG,batch_03_OE23-NEG",Plantae
NEG_69969,Streptophyta,2,0.8431675967343948,0.7453559924999299,0.9427209283279968,0.7777777777777778,"batch_02_OE21-4-NEG,batch_03_OE23-NEG",Plantae
NEG_100675,Streptophyta,2,0.8431007026224869,0.804284301556777,0.8234366188653364,0.8888888888888888,"batch_02_OE21-4-NEG,batch_03_OE23-NEG",Plantae
NEG_56469,Ascomycota,2,0.842855337260698,0.735674249961526,0.7218929050234777,1.0,"batch_03_OE23-NEG,batch_06_ALL-25-2-NEG",Fungi
NEG_98363,Streptophyta,2,0.842845579805093,0.7071067811865476,0.9788136928473894,0.75,"batch_01_OE11-3-NEG,batch_03_OE23-NEG",Plantae
NEG_56181,Streptophyta,3,0.842739748346086,0.6666666666666666,0.9970247851138266,0.7314814814814815,"batch_01_OE11-3-NEG,batch_02_OE21-4-NEG,batch_03_OE23-NEG",Plantae
NEG_31201,Streptophyta,2,0.8425041648648387,0.8189829259452388,0.8353665164949122,0.875,"batch_01_OE11-3-NEG,batch_03_OE23-NEG",Plantae
NEG_80384,Streptophyta,3,0.8424636343514802,0.7453559924999299,0.946357805497717,0.7685185185185185,"batch_01_OE11-3-NEG,batch_02_OE21-4-NEG,batch_03_OE23-NEG",Plantae
NEG_66888,Streptophyta,2,0.8422733564716649,0.695953088366922,0.9730093784840166,0.75,"batch_01_OE11-3-NEG,batch_03_OE23-NEG",Plantae
NEG_13158,Ascomycota,2,0.84208519974975,0.690995985198255,0.9706731601714176,0.75,"batch_03_OE23-NEG,batch_06_ALL-25-2-NEG",Fungi
NEG_48789,Ascomycota,2,0.8419406430577592,0.6860566890728074,0.7331638535424957,1.0,"batch_01_OE11-3-NEG,batch_03_OE23-NEG",Fungi
NEG_19139,Ascomycota,2,0.8419391953736732,0.6838783907473465,0.7338448266655901,1.0,"batch_03_OE23-NEG,batch_06_ALL-25-2-NEG",Fungi
NEG_13155,Ascomycota,2,0.8417166635453577,0.6911447308667342,0.96999936810293,0.75,"batch_03_OE23-NEG,batch_06_ALL-25-2-NEG",Fungi
NEG_48723,Streptophyta,2,0.8417147834508274,0.816496580927726,0.875786401084836,0.8333333333333333,"batch_02_OE21-4-NEG,batch_03_OE23-NEG",Plantae
NEG_19670,Ascomycota,3,0.841583931577337,0.6589162966736075,0.8725430036462279,0.8333333333333334,"batch_02_OE21-4-NEG,batch_03_OE23-NEG,batch_06_ALL-25-2-NEG",Fungi
NEG_73872,Discosea,2,0.8415113499278672,0.7353607573034143,0.719409300371944,1.0,"batch_04_OE26-1-NEG,batch_05_OE25-1-NEG",Protozoa
NEG_78657,Streptophyta,2,0.8412609923560823,0.816496580927726,1.0,0.7083333333333333,"batch_01_OE11-3-NEG,batch_02_OE21-4-NEG",Plantae
NEG_72363,Streptophyta,2,0.8412609923560823,0.816496580927726,1.0,0.7083333333333333,"batch_01_OE11-3-NEG,batch_02_OE21-4-NEG",Plantae
NEG_66120,Streptophyta,2,0.8412609923560823,0.816496580927726,1.0,0.7083333333333333,"batch_01_OE11-3-NEG,batch_02_OE21-4-NEG",Plantae
NEG_70857,Actinomycetota,2,0.8412609923560823,0.816496580927726,1.0,0.7083333333333333,"batch_01_OE11-3-NEG,batch_06_ALL-25-2-NEG",Bacteria
NEG_78731,Streptophyta,2,0.8412609923560823,0.816496580927726,1.0,0.7083333333333333,"batch_01_OE11-3-NEG,batch_02_OE21-4-NEG",Plantae
NEG_111821,Pseudomonadota,2,0.8412287365116948,0.6824574730233897,0.849311151864103,0.8333333333333333,"batch_05_OE25-1-NEG,batch_06_ALL-25-2-NEG",Bacteria
NEG_1582,Ascomycota,2,0.8411147072547565,0.7292450222555261,0.7199887771820817,1.0,"batch_03_OE23-NEG,batch_06_ALL-25-2-NEG",Fungi
NEG_99533,Streptophyta,2,0.8409547787324858,0.8158841536805331,0.9992502141702498,0.7083333333333333,"batch_01_OE11-3-NEG,batch_02_OE21-4-NEG",Plantae
NEG_89131,Streptophyta,2,0.8407955657272341,0.7385840949381922,0.8537609844313561,0.8333333333333333,"batch_02_OE21-4-NEG,batch_03_OE23-NEG",Plantae
NEG_82669,Streptophyta,2,0.8406387098584662,0.8152520159324937,0.8323179247409975,0.875,"batch_01_OE11-3-NEG,batch_03_OE23-NEG",Plantae
NEG_75331,Streptophyta,3,0.8405956352351902,0.6583569636899079,0.9900140230239933,0.7314814814814815,"batch_01_OE11-3-NEG,batch_02_OE21-4-NEG,batch_03_OE23-NEG",Plantae
NEG_43106,Streptophyta,2,0.8404568273913043,0.7071067811865476,0.9741499135314675,0.75,"batch_01_OE11-3-NEG,batch_03_OE23-NEG",Plantae
NEG_102753,Streptophyta,2,0.8403697565667059,0.7071067811865476,0.9739803483591573,0.75,"batch_01_OE11-3-NEG,batch_03_OE23-NEG",Plantae
NEG_76704,Ascomycota,2,0.8403439317118518,0.7753297333795108,0.7104047695497304,1.0,"batch_03_OE23-NEG,batch_04_OE26-1-NEG",Fungi
NEG_19360,Ascomycota,2,0.8402853087001978,0.6806926036101444,0.7315492315353476,1.0,"batch_03_OE23-NEG,batch_06_ALL-25-2-NEG",Fungi
NEG_90646,Streptophyta,2,0.8402125197747002,0.8143996357649619,0.8316233833670512,0.875,"batch_01_OE11-3-NEG,batch_03_OE23-NEG",Plantae
NEG_44601,Pseudomonadota,2,0.8401320946742104,0.6802641893484208,0.8470695254823981,0.8333333333333333,"batch_05_OE25-1-NEG,batch_06_ALL-25-2-NEG",Bacteria
NEG_360,Pseudomonadota,2,0.8400171125461589,0.7953008765748453,0.7076282911298283,1.0,"batch_05_OE25-1-NEG,batch_06_ALL-25-2-NEG",Bacteria
NEG_35038,Streptophyta,2,0.839992509684873,0.7424611446177346,0.7938495765367046,0.8888888888888888,"batch_02_OE21-4-NEG,batch_03_OE23-NEG",Plantae
NEG_75740,Streptophyta,2,0.8398880174216912,0.791425683938881,0.8643491328746695,0.8333333333333333,"batch_02_OE21-4-NEG,batch_03_OE23-NEG",Plantae
NEG_116815,Actinomycetota,2,0.8398623604480517,0.7905694150420949,0.8952985789641678,0.8125,"batch_04_OE26-1-NEG,batch_06_ALL-25-2-NEG",Bacteria
NEG_1674,Ascomycota,3,0.8395254643502401,0.6568733886890689,0.8683757510899497,0.8333333333333334,"batch_02_OE21-4-NEG,batch_03_OE23-NEG,batch_06_ALL-25-2-NEG",Fungi
NEG_72160,Streptophyta,2,0.8392524300105331,0.7452622640106615,0.9353451294465869,0.7777777777777778,"batch_02_OE21-4-NEG,batch_03_OE23-NEG",Plantae
NEG_71348,Ascomycota,2,0.839207099599919,0.6898370869023159,0.9645175599451272,0.75,"batch_03_OE23-NEG,batch_06_ALL-25-2-NEG",Fungi
NEG_62724,Streptophyta,3,0.8389573600766838,0.6666666666666666,0.9895367638828286,0.7314814814814815,"batch_01_OE11-3-NEG,batch_02_OE21-4-NEG,batch_03_OE23-NEG",Plantae
NEG_18373,Streptophyta,2,0.8387191442938834,0.7071067811865476,0.9707716171277612,0.75,"batch_01_OE11-3-NEG,batch_03_OE23-NEG",Plantae
NEG_104141,Streptophyta,2,0.8384219960118813,0.7071067811865476,0.9701951290411708,0.75,"batch_01_OE11-3-NEG,batch_03_OE23-NEG",Plantae
NEG_13363,Ascomycota,2,0.8382822144520716,0.6910825147530022,0.963182343756832,0.75,"batch_03_OE23-NEG,batch_06_ALL-25-2-NEG",Fungi
NEG_49333,Pseudomonadota,2,0.8380229618444122,0.6760459236888243,0.8427785682022069,0.8333333333333333,"batch_05_OE25-1-NEG,batch_06_ALL-25-2-NEG",Bacteria
NEG_75378,Ascomycota,2,0.837954948452835,0.6759098969056702,0.8045694591566892,0.875,"batch_02_OE21-4-NEG,batch_06_ALL-25-2-NEG",Fungi
NEG_9390,Ascomycota,2,0.8378627123041247,0.7987674487212333,0.70354236430424,1.0,"batch_03_OE23-NEG,batch_06_ALL-25-2-NEG",Fungi
NEG_24146,Ascomycota,2,0.8376883197959797,0.6949521146113261,0.9635745661945039,0.75,"batch_03_OE23-NEG,batch_06_ALL-25-2-NEG",Fungi
NEG_48062,Streptophyta,2,0.8376610198790737,0.7444516345577628,0.9320472682151164,0.7777777777777778,"batch_02_OE21-4-NEG,batch_03_OE23-NEG",Plantae
NEG_78530,Ascomycota,2,0.8376189823759739,0.6752379647519478,0.803964206028235,0.875,"batch_02_OE21-4-NEG,batch_06_ALL-25-2-NEG",Fungi
NEG_113751,Pseudomonadota,2,0.8375133609288685,0.675026721857737,0.7278305376110014,1.0,"batch_05_OE25-1-NEG,batch_06_ALL-25-2-NEG",Bacteria
NEG_64984,Bacillota,2,0.837445828103339,0.816496580927726,1.0,0.7017543859649122,"batch_02_OE21-4-NEG,batch_06_ALL-25-2-NEG",Bacteria
NEG_56661,Streptophyta,2,0.8374202825780124,0.8158378871834333,0.868136394004988,0.8333333333333333,"batch_02_OE21-4-NEG,batch_03_OE23-NEG",Plantae
NEG_59782,Streptophyta,2,0.8372888900512601,0.7071067811865476,0.9680000668717348,0.75,"batch_01_OE11-3-NEG,batch_03_OE23-NEG",Plantae
NEG_70828,Streptophyta,3,0.8370407814491393,0.663196623060357,0.9845817317995795,0.7314814814814815,"batch_01_OE11-3-NEG,batch_02_OE21-4-NEG,batch_03_OE23-NEG",Plantae
NEG_41984,Bacillota,2,0.8369719955186774,0.7006154642527797,0.8681465215626035,0.8070175438596491,"batch_02_OE21-4-NEG,batch_06_ALL-25-2-NEG",Bacteria
NEG_66663,Streptophyta,3,0.8368662967337471,0.6655719369214723,0.9850541803844698,0.7314814814814815,"batch_01_OE11-3-NEG,batch_02_OE21-4-NEG,batch_03_OE23-NEG",Plantae
NEG_80020,Ascomycota,3,0.8365953077930733,0.5177911725623174,0.9294585551211538,0.7777777777777777,"batch_02_OE21-4-NEG,batch_03_OE23-NEG,batch_06_ALL-25-2-NEG",Fungi
NEG_50861,Streptophyta,2,0.8365263268615628,0.7453559924999299,0.9303105476223326,0.7777777777777778,"batch_02_OE21-4-NEG,batch_03_OE23-NEG",Plantae
NEG_95788,Streptophyta,3,0.8365012810623479,0.7641153302007285,0.8593629031124334,0.8425925925925926,"batch_01_OE11-3-NEG,batch_02_OE21-4-NEG,batch_03_OE23-NEG",Plantae
NEG_3866,Streptophyta,2,0.8362651715105951,0.7846700518450581,0.7899596492067354,0.8888888888888888,"batch_02_OE21-4-NEG,batch_03_OE23-NEG",Plantae
NEG_44684,Streptophyta,2,0.8362258014224676,0.8138548726604928,0.8653639878566284,0.8333333333333333,"batch_02_OE21-4-NEG,batch_03_OE23-NEG",Plantae
NEG_97070,Streptophyta,3,0.8360408679005533,0.6658336353986689,0.9835310049899789,0.7314814814814815,"batch_01_OE11-3-NEG,batch_02_OE21-4-NEG,batch_03_OE23-NEG",Plantae
NEG_55713,Streptophyta,2,0.8359518773399621,0.7453559924999299,0.9292453778003777,0.7777777777777778,"batch_02_OE21-4-NEG,batch_03_OE23-NEG",Plantae
NEG_76255,Ascomycota,2,0.8356469434797098,0.7024477698165911,0.89227385876877,0.7916666666666667,"batch_02_OE21-4-NEG,batch_03_OE23-NEG",Fungi
NEG_20410,Ascomycota,2,0.8352395732455836,0.7796673450632453,0.7007134172606145,1.0,"batch_01_OE11-3-NEG,batch_03_OE23-NEG",Fungi
NEG_73395,Ascomycota,2,0.8352343880235553,0.7426487103881011,0.7245728275416696,0.96875,"batch_01_OE11-3-NEG,batch_04_OE26-1-NEG",Fungi
NEG_24758,Ascomycota,3,0.8350254699273263,0.655599655970483,0.8188037834600242,0.8611111111111112,"batch_02_OE21-4-NEG,batch_03_OE23-NEG,batch_06_ALL-25-2-NEG",Fungi
NEG_49506,Ascomycota,2,0.8349339606184609,0.703987416204699,0.9620608571752189,0.75,"batch_03_OE23-NEG,batch_06_ALL-25-2-NEG",Fungi
NEG_86060,Ascomycota,2,0.834900006457535,0.6985716197554929,0.9596446037674801,0.75,"batch_01_OE11-3-NEG,batch_06_ALL-25-2-NEG",Fungi
NEG_93023,Streptophyta,2,0.8348461903802046,0.8036669769759706,0.9844104574112715,0.7083333333333333,"batch_01_OE11-3-NEG,batch_02_OE21-4-NEG",Plantae
NEG_67632,Streptophyta,2,0.8347172742944219,0.7071067811865476,0.9630373659567439,0.75,"batch_01_OE11-3-NEG,batch_03_OE23-NEG",Plantae
NEG_81889,Streptophyta,3,0.8343245499055899,0.7453559924999299,0.931645582126889,0.7685185185185185,"batch_01_OE11-3-NEG,batch_02_OE21-4-NEG,batch_03_OE23-NEG",Plantae
NEG_59324,Streptophyta,2,0.8342353733075603,0.8156655451336384,0.8626210669755523,0.8333333333333333,"batch_02_OE21-4-NEG,batch_03_OE23-NEG",Plantae
NEG_28125,Ascomycota,3,0.8342042745877505,0.5620391993536339,0.943800817391892,0.7777777777777777,"batch_02_OE21-4-NEG,batch_03_OE23-NEG,batch_06_ALL-25-2-NEG",Fungi
NEG_74435,Streptophyta,2,0.8341354944563273,0.802245585128216,0.9826984841432853,0.7083333333333333,"batch_01_OE11-3-NEG,batch_02_OE21-4-NEG",Plantae
NEG_66426,Bacillota,2,0.8339624395889286,0.7860077754896603,0.989098176644745,0.7046783625730995,"batch_02_OE21-4-NEG,batch_06_ALL-25-2-NEG",Bacteria
NEG_19298,Ascomycota,2,0.8339470342575593,0.668046608800424,0.9461337428787107,0.75,"batch_03_OE23-NEG,batch_06_ALL-25-2-NEG",Fungi
NEG_78112,Ascomycota,2,0.8338139155035034,0.6717841771474539,0.9471462721318541,0.75,"batch_02_OE21-4-NEG,batch_06_ALL-25-2-NEG",Fungi
NEG_1572,Ascomycota,2,0.833793145903465,0.6940969692331309,0.9556113332812151,0.75,"batch_02_OE21-4-NEG,batch_06_ALL-25-2-NEG",Fungi
NEG_97242,Streptophyta,2,0.8337788636764292,0.7453559924999299,0.9252280198828755,0.7777777777777778,"batch_02_OE21-4-NEG,batch_03_OE23-NEG",Plantae
NEG_2632,Streptophyta,2,0.8337019378723564,0.7486874264701967,0.7957085321201647,0.875,"batch_01_OE11-3-NEG,batch_03_OE23-NEG",Plantae
NEG_90317,Pseudomonadota,2,0.8336409833746228,0.6672819667492456,0.833948917361556,0.8333333333333333,"batch_05_OE25-1-NEG,batch_06_ALL-25-2-NEG",Bacteria
NEG_80351,Streptophyta,3,0.8333456745923998,0.6663154942310763,0.978460850660694,0.7314814814814815,"batch_01_OE11-3-NEG,batch_02_OE21-4-NEG,batch_03_OE23-NEG",Plantae
NEG_92786,Ascomycota,2,0.8333379965044015,0.7071067811865476,0.9603865361385924,0.75,"batch_02_OE21-4-NEG,batch_06_ALL-25-2-NEG",Fungi
NEG_52731,Streptophyta,2,0.8333073212941153,0.7453559924999299,0.9243587501812592,0.7777777777777778,"batch_02_OE21-4-NEG,batch_03_OE23-NEG",Plantae
NEG_31341,Basidiomycota,2,0.8331780266936111,0.7376620399340954,0.9073634098266027,0.7857142857142857,"batch_01_OE11-3-NEG,batch_02_OE21-4-NEG",Fungi
NEG_103995,Streptophyta,2,0.8330228845071272,0.6666666666666666,0.9993792951045354,0.7222222222222222,"batch_02_OE21-4-NEG,batch_03_OE23-NEG",Plantae
NEG_56007,Ascomycota,2,0.832993411456561,0.6863781800495068,0.9509315526346203,0.75,"batch_02_OE21-4-NEG,batch_06_ALL-25-2-NEG",Fungi
NEG_33683,Ascomycota,2,0.8329442539471085,0.6659334348871278,0.943422413716875,0.75,"batch_03_OE23-NEG,batch_06_ALL-25-2-NEG",Fungi
NEG_25097,Ascomycota,2,0.832943796455696,0.6661237668007917,0.9434847266965292,0.75,"batch_03_OE23-NEG,batch_06_ALL-25-2-NEG",Fungi
NEG_81147,Streptophyta,2,0.8328048601092088,0.6666666666666666,0.9989436121196484,0.7222222222222222,"batch_02_OE21-4-NEG,batch_03_OE23-NEG",Plantae
NEG_48412,Streptophyta,2,0.8326026942728403,0.6870041391189391,0.9032160606399181,0.7777777777777778,"batch_02_OE21-4-NEG,batch_03_OE23-NEG",Plantae
NEG_97448,Streptophyta,2,0.8325379327445286,0.6666666666666666,0.998410464146584,0.7222222222222222,"batch_02_OE21-4-NEG,batch_03_OE23-NEG",Plantae
NEG_99534,Streptophyta,2,0.8323755643510342,0.6666666666666666,0.9980862966782486,0.7222222222222222,"batch_02_OE21-4-NEG,batch_03_OE23-NEG",Plantae
NEG_51683,Pseudomonadota,2,0.832339912909763,0.7936167551501906,0.6942892135695045,1.0,"batch_05_OE25-1-NEG,batch_06_ALL-25-2-NEG",Bacteria
NEG_75750,Streptophyta,2,0.8322872426754285,0.6914185202813885,0.9037698793444388,0.7777777777777778,"batch_01_OE11-3-NEG,batch_02_OE21-4-NEG",Plantae
NEG_59900,Streptophyta,2,0.8322705241416727,0.6666666666666666,0.9978766407434345,0.7222222222222222,"batch_02_OE21-4-NEG,batch_03_OE23-NEG",Plantae
NEG_3849,Ascomycota,2,0.8322645905684977,0.6645291811369953,0.7207995162913028,1.0,"batch_03_OE23-NEG,batch_06_ALL-25-2-NEG",Fungi
NEG_2818,Ascomycota,2,0.8317522040628589,0.719680692777927,0.7043717526051123,1.0,"batch_01_OE11-3-NEG,batch_06_ALL-25-2-NEG",Fungi
NEG_79621,Ascomycota,3,0.8316431178951165,0.5419134789626537,0.831740624374176,0.8333333333333334,"batch_02_OE21-4-NEG,batch_03_OE23-NEG,batch_06_ALL-25-2-NEG",Fungi
NEG_64463,Streptophyta,2,0.8315736787647172,0.6631473575294343,0.9947349700230554,0.7222222222222222,"batch_02_OE21-4-NEG,batch_03_OE23-NEG",Plantae
NEG_38927,Streptophyta,2,0.8315207858761757,0.6964306011141957,0.903682408230471,0.7777777777777778,"batch_02_OE21-4-NEG,batch_03_OE23-NEG",Plantae
NEG_68081,Streptophyta,2,0.8315192631532764,0.66405083523196,0.9950721542030696,0.7222222222222222,"batch_02_OE21-4-NEG,batch_03_OE23-NEG",Plantae
NEG_61441,Streptophyta,2,0.831360537845997,0.6627210756919938,0.9940991271871475,0.7222222222222222,"batch_02_OE21-4-NEG,batch_03_OE23-NEG",Plantae
NEG_70883,Streptophyta,2,0.8310790461288138,0.6666666666666666,0.9955015892125619,0.7222222222222222,"batch_02_OE21-4-NEG,batch_03_OE23-NEG",Plantae
NEG_110262,Pseudomonadota,2,0.8307997678743186,0.6615995357486373,0.8282854592771094,0.8333333333333333,"batch_05_OE25-1-NEG,batch_06_ALL-25-2-NEG",Bacteria
NEG_20635,Streptophyta,2,0.8307918495245273,0.6621806682249762,0.9926968510524126,0.7222222222222222,"batch_02_OE21-4-NEG,batch_03_OE23-NEG",Plantae
NEG_119663,Streptophyta,2,0.8307791238406596,0.6666666666666666,0.9949046289869174,0.7222222222222222,"batch_02_OE21-4-NEG,batch_03_OE23-NEG",Plantae
NEG_53791,Ascomycota,2,0.8306614597280184,0.6617342324719995,0.9374809659985421,0.75,"batch_03_OE23-NEG,batch_06_ALL-25-2-NEG",Fungi
NEG_96172,Streptophyta,2,0.8302558464548841,0.7214217899285997,0.7011696224324826,1.0,"batch_01_OE11-3-NEG,batch_03_OE23-NEG",Plantae
NEG_79160,Streptophyta,2,0.8299371002929126,0.6631288534730073,0.9914580043425043,0.7222222222222222,"batch_02_OE21-4-NEG,batch_03_OE23-NEG",Plantae
NEG_54660,Bacillota,2,0.8297814236685235,0.7453559924999299,0.9962409154747591,0.6988304093567251,"batch_02_OE21-4-NEG,batch_06_ALL-25-2-NEG",Bacteria
NEG_60623,Ascomycota,2,0.8295441299457225,0.8207077110813504,0.6882215458257521,1.0,"batch_03_OE23-NEG,batch_06_ALL-25-2-NEG",Fungi
NEG_45977,Streptophyta,2,0.8294873941553212,0.816496580927726,0.8548847649575662,0.8333333333333333,"batch_02_OE21-4-NEG,batch_03_OE23-NEG",Plantae
NEG_61240,Ascomycota,2,0.8293905755702462,0.6610456520689794,0.9347194171730427,0.75,"batch_02_OE21-4-NEG,batch_06_ALL-25-2-NEG",Fungi
NEG_67050,Bacillota,2,0.8293129881450583,0.7174289857875632,0.8038973310023251,0.8654970760233918,"batch_02_OE21-4-NEG,batch_06_ALL-25-2-NEG",Bacteria
NEG_15832,Ascomycota,2,0.8292326963767809,0.6910838894476986,0.7067119575962354,1.0,"batch_03_OE23-NEG,batch_06_ALL-25-2-NEG",Fungi
NEG_78637,Streptophyta,2,0.8291498364416234,0.6666666666666666,0.9916680095090662,0.7222222222222222,"batch_02_OE21-4-NEG,batch_03_OE23-NEG",Plantae
NEG_72397,Streptophyta,2,0.828893589615351,0.8125010327486045,0.8523727808804387,0.8333333333333333,"batch_02_OE21-4-NEG,batch_03_OE23-NEG",Plantae
NEG_75996,Ascomycota,2,0.8285686882955591,0.7609518551516595,0.6910981073482333,1.0,"batch_03_OE23-NEG,batch_06_ALL-25-2-NEG",Fungi
NEG_8749,Streptophyta,2,0.8285027289662037,0.6578134421746537,0.9860006824708963,0.7222222222222222,"batch_02_OE21-4-NEG,batch_03_OE23-NEG",Plantae
NEG_47670,Streptophyta,2,0.8284602708885436,0.7453559924999299,0.9154749637494333,0.7777777777777778,"batch_02_OE21-4-NEG,batch_03_OE23-NEG",Plantae
NEG_44096,Streptophyta,2,0.8283806607480076,0.7453559924999299,0.9153298368612313,0.7777777777777778,"batch_02_OE21-4-NEG,batch_03_OE23-NEG",Plantae
NEG_2265,Ascomycota,2,0.8281826754987257,0.6854980956597108,0.7062454333200638,1.0,"batch_03_OE23-NEG,batch_06_ALL-25-2-NEG",Fungi
NEG_112934,Pseudomonadota,2,0.8277957751979907,0.6555915503959816,0.8223502107129552,0.8333333333333333,"batch_04_OE26-1-NEG,batch_06_ALL-25-2-NEG",Bacteria
NEG_3346,Basidiomycota,2,0.8277746076039091,0.7845351469270114,0.8101795313061921,0.8571428571428572,"batch_01_OE11-3-NEG,batch_02_OE21-4-NEG",Fungi
NEG_13160,Ascomycota,2,0.8277643299626586,0.6565002226449357,0.9300214515802906,0.75,"batch_03_OE23-NEG,batch_06_ALL-25-2-NEG",Fungi
NEG_17469,Ascomycota,2,0.8277451477508228,0.6883350073211779,0.9414997580315678,0.75,"batch_03_OE23-NEG,batch_06_ALL-25-2-NEG",Fungi
NEG_40456,Ascomycota,2,0.827443261911728,0.6698499475890036,0.933847480544837,0.75,"batch_03_OE23-NEG,batch_06_ALL-25-2-NEG",Fungi
NEG_50533,Basidiomycota,2,0.8273984821701731,0.6918396136560174,0.8824552242642347,0.7857142857142857,"batch_01_OE11-3-NEG,batch_02_OE21-4-NEG",Fungi
NEG_44099,Streptophyta,2,0.8273579129871803,0.7453559924999299,0.9134676533683221,0.7777777777777778,"batch_02_OE21-4-NEG,batch_03_OE23-NEG",Plantae
NEG_56929,Ascomycota,3,0.8272698715776668,0.6897864403751779,0.8550585492589416,0.8333333333333334,"batch_02_OE21-4-NEG,batch_03_OE23-NEG,batch_06_ALL-25-2-NEG",Fungi
NEG_2880,Ascomycota,2,0.8271865817517059,0.7763005283104782,0.686827031464895,1.0,"batch_01_OE11-3-NEG,batch_06_ALL-25-2-NEG",Fungi
NEG_62389,Ascomycota,2,0.8271305320848503,0.6586624469783853,0.8209854675712953,0.8333333333333333,"batch_02_OE21-4-NEG,batch_03_OE23-NEG",Fungi
NEG_54924,Basidiomycota,2,0.8270867880758203,0.682019262904696,0.8795484949837511,0.7857142857142857,"batch_01_OE11-3-NEG,batch_02_OE21-4-NEG",Fungi
NEG_7533,Basidiomycota,2,0.8270848028336044,0.7033314252593331,0.7983191882908074,0.8571428571428572,"batch_01_OE11-3-NEG,batch_02_OE21-4-NEG",Fungi
NEG_112791,Pseudomonadota,2,0.8268918229882594,0.8145151146149633,0.6839032698350045,1.0,"batch_05_OE25-1-NEG,batch_06_ALL-25-2-NEG",Bacteria
NEG_20363,Ascomycota,2,0.8268508587428687,0.6546253216168083,0.9276111340931341,0.75,"batch_03_OE23-NEG,batch_06_ALL-25-2-NEG",Fungi
NEG_97453,Streptophyta,2,0.82680584113491,0.7453559924999299,0.9124641989996893,0.7777777777777778,"batch_02_OE21-4-NEG,batch_03_OE23-NEG",Plantae
NEG_71269,Streptophyta,3,0.8267971466333282,0.7071067811865476,0.9706789958643972,0.7222222222222222,"batch_01_OE11-3-NEG,batch_02_OE21-4-NEG,batch_03_OE23-NEG",Plantae
NEG_111811,Bacillota,2,0.8265244657060626,0.7711318277239284,0.9035086292445744,0.7573099415204678,"batch_02_OE21-4-NEG,batch_06_ALL-25-2-NEG",Bacteria
NEG_75865,Ascomycota,2,0.8263882010217891,0.7458540685120496,0.8284777781661197,0.8333333333333333,"batch_02_OE21-4-NEG,batch_06_ALL-25-2-NEG",Fungi
NEG_20327,Ascomycota,3,0.826249424466572,0.6723756277782512,0.8461256950867116,0.8333333333333334,"batch_01_OE11-3-NEG,batch_03_OE23-NEG,batch_06_ALL-25-2-NEG",Fungi
NEG_25238,Basidiomycota,2,0.8259348435908909,0.6546536707079771,0.9972198917559418,0.7142857142857143,"batch_01_OE11-3-NEG,batch_02_OE21-4-NEG",Fungi
NEG_81157,Streptophyta,2,0.825923663802655,0.6666666666666666,0.985290467343751,0.7222222222222222,"batch_02_OE21-4-NEG,batch_03_OE23-NEG",Plantae
NEG_97522,Basidiomycota,2,0.8257484560641831,0.7498232837877324,0.8000721358596345,0.8571428571428572,"batch_01_OE11-3-NEG,batch_02_OE21-4-NEG",Fungi
NEG_37009,Streptophyta,2,0.8252736518759487,0.6666666666666666,0.9840105540156199,0.7222222222222222,"batch_02_OE21-4-NEG,batch_03_OE23-NEG",Plantae
NEG_67108,Streptophyta,2,0.8251445501236304,0.816496580927726,0.8476049826366083,0.8333333333333333,"batch_02_OE21-4-NEG,batch_03_OE23-NEG",Plantae
NEG_102630,Streptophyta,3,0.8245018447567537,0.7071067811865476,0.9667344080165646,0.7222222222222222,"batch_01_OE11-3-NEG,batch_02_OE21-4-NEG,batch_03_OE23-NEG",Plantae
NEG_38928,Streptophyta,2,0.8243405179507847,0.6558888999723086,0.9767821428267374,0.7222222222222222,"batch_02_OE21-4-NEG,batch_03_OE23-NEG",Plantae
NEG_9797,Ascomycota,2,0.8242956801339181,0.715591501575189,0.6912799667235665,1.0,"batch_03_OE23-NEG,batch_06_ALL-25-2-NEG",Fungi
NEG_43073,Streptophyta,2,0.8242580824364539,0.7824907610884693,0.8061458955944059,0.875,"batch_01_OE11-3-NEG,batch_03_OE23-NEG",Plantae
NEG_22446,Basidiomycota,2,0.8241083583846924,0.7736274744921464,0.7315778617721767,0.9285714285714286,"batch_01_OE11-3-NEG,batch_02_OE21-4-NEG",Fungi
NEG_60740,Bacillota,2,0.8239859937059228,0.7660548837236489,0.8279400474311827,0.8362573099415205,"batch_02_OE21-4-NEG,batch_06_ALL-25-2-NEG",Bacteria
NEG_78293,Streptophyta,2,0.8237485223741731,0.792293469615433,0.836483283956504,0.8333333333333333,"batch_02_OE21-4-NEG,batch_03_OE23-NEG",Plantae
NEG_44924,Pseudomonadota,2,0.8236285046261017,0.6472570092522034,0.8142062270195802,0.8333333333333333,"batch_05_OE25-1-NEG,batch_06_ALL-25-2-NEG",Bacteria
NEG_75733,Streptophyta,3,0.823614457616311,0.6666666666666666,0.9599732438637387,0.7314814814814815,"batch_01_OE11-3-NEG,batch_02_OE21-4-NEG,batch_03_OE23-NEG",Plantae
NEG_98542,Streptophyta,2,0.8235988173880897,0.6666666666666666,0.980720489710889,0.7222222222222222,"batch_02_OE21-4-NEG,batch_03_OE23-NEG",Plantae
NEG_95975,Streptophyta,3,0.8235626436533908,0.6553425060230273,0.8768681265838706,0.8148148148148149,"batch_01_OE11-3-NEG,batch_02_OE21-4-NEG,batch_03_OE23-NEG",Plantae
NEG_44302,Bacillota,2,0.8234423685417995,0.7704986706199554,0.7392994247566635,0.9181286549707601,"batch_02_OE21-4-NEG,batch_06_ALL-25-2-NEG",Bacteria
NEG_82286,Streptophyta,3,0.8233472265984516,0.7875196950831902,0.8733957567146403,0.8055555555555555,"batch_01_OE11-3-NEG,batch_02_OE21-4-NEG,batch_03_OE23-NEG",Plantae
NEG_12921,Ascomycota,2,0.8231426536016785,0.6715459124771594,0.9260323563803776,0.75,"batch_03_OE23-NEG,batch_06_ALL-25-2-NEG",Fungi
NEG_3871,Streptophyta,2,0.8230095759514231,0.8165708951980171,0.7756697059391111,0.8888888888888888,"batch_02_OE21-4-NEG,batch_03_OE23-NEG",Plantae
NEG_93858,Actinomycetota,2,0.8229743662541695,0.7799233287239005,0.8041401993438846,0.875,"batch_04_OE26-1-NEG,batch_06_ALL-25-2-NEG",Bacteria
NEG_74070,Streptophyta,2,0.8229209281099049,0.7443053358245945,0.9049754384464224,0.7777777777777778,"batch_02_OE21-4-NEG,batch_03_OE23-NEG",Plantae
NEG_59035,Ascomycota,2,0.8228317847385791,0.7132245582832176,0.7477608058986536,0.90625,"batch_03_OE23-NEG,batch_04_OE26-1-NEG",Fungi
NEG_1716,Streptophyta,2,0.8225830477231401,0.7687700975914479,0.7892629818685037,0.8888888888888888,"batch_02_OE21-4-NEG,batch_06_ALL-25-2-NEG",Plantae
NEG_42905,Basidiomycota,2,0.8225154438065123,0.6735940486105575,0.8688575906186695,0.7857142857142857,"batch_01_OE11-3-NEG,batch_02_OE21-4-NEG",Fungi
NEG_50528,Bacillota,2,0.8224712968517303,0.7272796582212133,0.9760421311361285,0.6988304093567251,"batch_02_OE21-4-NEG,batch_06_ALL-25-2-NEG",Bacteria
NEG_19137,Ascomycota,2,0.8220171239187324,0.6617089989153369,0.9203402465804975,0.75,"batch_03_OE23-NEG,batch_06_ALL-25-2-NEG",Fungi
NEG_47753,Ascomycota,2,0.8218751104659472,0.7332894102773212,0.7370974594038082,0.9166666666666667,"batch_02_OE21-4-NEG,batch_06_ALL-25-2-NEG",Fungi
NEG_74710,Ascomycota,2,0.8217505040031845,0.6439326240358498,0.8105553953399891,0.8333333333333333,"batch_02_OE21-4-NEG,batch_06_ALL-25-2-NEG",Fungi
NEG_17176,Ascomycota,3,0.8217105108567969,0.6624862760168485,0.8393317248965505,0.8333333333333334,"batch_01_OE11-3-NEG,batch_03_OE23-NEG,batch_06_ALL-25-2-NEG",Fungi
NEG_15361,Ascomycota,2,0.8214760568170364,0.6470672846440066,0.9145893671628545,0.75,"batch_03_OE23-NEG,batch_06_ALL-25-2-NEG",Fungi
NEG_5117,Basidiomycota,2,0.8209938545574376,0.7348310402783158,0.8839461864442695,0.7857142857142857,"batch_01_OE11-3-NEG,batch_02_OE21-4-NEG",Fungi
NEG_96716,Streptophyta,2,0.8205695415263128,0.7071067811865476,0.9362081704646221,0.75,"batch_01_OE11-3-NEG,batch_03_OE23-NEG",Plantae
NEG_75074,Streptophyta,2,0.8204191449313845,0.6408382898627688,0.9620079279735179,0.7222222222222222,"batch_02_OE21-4-NEG,batch_03_OE23-NEG",Plantae
NEG_72843,Streptophyta,3,0.8203971028495592,0.745136569839747,0.9073203947049177,0.7685185185185185,"batch_01_OE11-3-NEG,batch_02_OE21-4-NEG,batch_03_OE23-NEG",Plantae
NEG_66635,Streptophyta,3,0.8203176546103834,0.6666666666666666,0.9475659556879514,0.7314814814814815,"batch_01_OE11-3-NEG,batch_02_OE21-4-NEG,batch_03_OE23-NEG",Plantae
NEG_79691,Ascomycota,2,0.8201689984296987,0.6454972243679028,0.9948540813057367,0.7083333333333334,"batch_02_OE21-4-NEG,batch_06_ALL-25-2-NEG",Fungi
NEG_66158,Streptophyta,2,0.8201573330323011,0.6666666666666666,0.9739952133658013,0.7222222222222222,"batch_02_OE21-4-NEG,batch_03_OE23-NEG",Plantae
NEG_78517,Ascomycota,2,0.8201523850604935,0.640449415607993,0.9100308189267721,0.75,"batch_02_OE21-4-NEG,batch_06_ALL-25-2-NEG",Fungi
NEG_28569,Basidiomycota,2,0.8200574123882363,0.6441086445980609,0.980036092530405,0.7142857142857143,"batch_01_OE11-3-NEG,batch_02_OE21-4-NEG",Fungi
NEG_4920,Basidiomycota,2,0.8200466444353928,0.7879525081130827,0.797680363644362,0.8571428571428572,"batch_01_OE11-3-NEG,batch_02_OE21-4-NEG",Fungi
NEG_40110,Bacillota,2,0.8199975967256209,0.6666666666666666,1.0,0.695906432748538,"batch_02_OE21-4-NEG,batch_06_ALL-25-2-NEG",Bacteria
NEG_63434,Ascomycota,2,0.8196183898360312,0.6398301380165222,0.9906659443096927,0.7083333333333334,"batch_02_OE21-4-NEG,batch_03_OE23-NEG",Fungi
NEG_13151,Basidiomycota,2,0.8195817704354085,0.6626431006449092,0.8610049790677623,0.7857142857142857,"batch_01_OE11-3-NEG,batch_02_OE21-4-NEG",Fungi
NEG_12248,Ascomycota,2,0.8195049892367263,0.7519042838034901,0.6761582827589581,1.0,"batch_03_OE23-NEG,batch_06_ALL-25-2-NEG",Fungi
NEG_18881,Ascomycota,3,0.8193547610085368,0.5508642839147824,0.7805368368989262,0.8611111111111112,"batch_02_OE21-4-NEG,batch_03_OE23-NEG,batch_06_ALL-25-2-NEG",Fungi
NEG_102726,Streptophyta,3,0.8192119684598574,0.6557569327330003,0.8481115547820256,0.8055555555555555,"batch_01_OE11-3-NEG,batch_02_OE21-4-NEG,batch_03_OE23-NEG",Plantae
NEG_72401,Streptophyta,2,0.8190133295042684,0.735841992735935,0.8942856804749355,0.7777777777777778,"batch_02_OE21-4-NEG,batch_03_OE23-NEG",Plantae
NEG_51146,Ascomycota,2,0.8189038679310496,0.694214114939874,0.6861510794134345,1.0,"batch_03_OE23-NEG,batch_06_ALL-25-2-NEG",Fungi
NEG_68944,Pseudomonadota,2,0.8188299174556097,0.6376598349112194,0.8049575487942526,0.8333333333333333,"batch_05_OE25-1-NEG,batch_06_ALL-25-2-NEG",Bacteria
NEG_63557,Bacillota,2,0.8187803617642735,0.8040477366437515,0.8973737623141627,0.7543859649122806,"batch_02_OE21-4-NEG,batch_06_ALL-25-2-NEG",Bacteria
NEG_101599,Streptophyta,2,0.8187650738035936,0.6666666666666666,0.9712879493119724,0.7222222222222222,"batch_01_OE11-3-NEG,batch_02_OE21-4-NEG",Plantae
NEG_43152,Streptophyta,2,0.8184543679155639,0.6666666666666666,0.9706848363882676,0.7222222222222222,"batch_02_OE21-4-NEG,batch_03_OE23-NEG",Plantae
NEG_101703,Streptophyta,3,0.8182965363849887,0.7069471016823305,0.9998494697180317,0.6759259259259259,"batch_01_OE11-3-NEG,batch_02_OE21-4-NEG,batch_03_OE23-NEG",Plantae
NEG_21367,Ascomycota,3,0.8182139639308242,0.5661338937180044,0.9169407356318787,0.7777777777777777,"batch_02_OE21-4-NEG,batch_03_OE23-NEG,batch_06_ALL-25-2-NEG",Fungi
NEG_24295,Ascomycota,3,0.8181437867086689,0.6370728965152767,0.7833636344269852,0.8611111111111112,"batch_01_OE11-3-NEG,batch_02_OE21-4-NEG,batch_03_OE23-NEG",Fungi
NEG_100561,Streptophyta,3,0.8177796082427298,0.7053963172555536,0.9983893095984652,0.6759259259259259,"batch_01_OE11-3-NEG,batch_02_OE21-4-NEG,batch_03_OE23-NEG",Plantae
NEG_44215,Streptophyta,2,0.8177683061932219,0.6545385261196801,0.9631518900763152,0.7222222222222222,"batch_02_OE21-4-NEG,batch_03_OE23-NEG",Plantae
NEG_63944,Bacillota,2,0.817466114932988,0.816496580927726,0.9545321899145185,0.7017543859649122,"batch_02_OE21-4-NEG,batch_06_ALL-25-2-NEG",Bacteria
NEG_66636,Streptophyta,2,0.8174401931253144,0.816496580927726,0.8348760264073973,0.8333333333333333,"batch_02_OE21-4-NEG,batch_03_OE23-NEG",Plantae
NEG_9395,Ascomycota,2,0.8173031697623157,0.7509849284417435,0.6723825804353822,1.0,"batch_01_OE11-3-NEG,batch_06_ALL-25-2-NEG",Fungi
NEG_85298,Streptophyta,2,0.8171517731744327,0.816496580927726,0.8344041163456664,0.8333333333333333,"batch_02_OE21-4-NEG,batch_03_OE23-NEG",Plantae
NEG_19523,Ascomycota,2,0.817091592461721,0.6471564214902187,0.9059223497427576,0.75,"batch_01_OE11-3-NEG,batch_06_ALL-25-2-NEG",Fungi
NEG_3367,Ascomycota,2,0.8170435244873212,0.6942317038589867,0.6826428641927101,1.0,"batch_03_OE23-NEG,batch_06_ALL-25-2-NEG",Fungi
NEG_57704,Pseudomonadota,2,0.817041513067342,0.6417175041759523,0.6982953421691196,1.0,"batch_05_OE25-1-NEG,batch_06_ALL-25-2-NEG",Bacteria
NEG_46986,Streptophyta,2,0.8170021248438036,0.770085575784423,0.7940862137613708,0.875,"batch_01_OE11-3-NEG,batch_03_OE23-NEG",Plantae
NEG_17813,Ascomycota,2,0.8169409915447435,0.6789837826676149,0.8016795194286821,0.8333333333333333,"batch_02_OE21-4-NEG,batch_06_ALL-25-2-NEG",Fungi
NEG_91205,Streptophyta,2,0.8168897833054194,0.8045949899298839,0.8293033544679898,0.8333333333333333,"batch_02_OE21-4-NEG,batch_03_OE23-NEG",Plantae
NEG_78735,Streptophyta,2,0.8166746353246228,0.7453559924999299,0.894266031019184,0.7777777777777778,"batch_02_OE21-4-NEG,batch_03_OE23-NEG",Plantae
NEG_63153,Streptophyta,3,0.8166154333469007,0.7019037925680666,0.9951126226809569,0.6759259259259259,"batch_01_OE11-3-NEG,batch_02_OE21-4-NEG,batch_03_OE23-NEG",Plantae
NEG_51140,Ascomycota,2,0.8165296086754699,0.7071456027997979,0.678685462585125,1.0,"batch_03_OE23-NEG,batch_06_ALL-25-2-NEG",Fungi
NEG_63077,Methanobacteriota,2,0.816496580927726,0.816496580927726,1.0,0.6666666666666666,"batch_01_OE11-3-NEG,batch_02_OE21-4-NEG",Archaea
NEG_13569,Ascomycota,2,0.8163869129536013,0.6346276033163203,0.8433641078856666,0.7916666666666667,"batch_02_OE21-4-NEG,batch_03_OE23-NEG",Fungi
NEG_45864,Mucoromycota,2,0.816227766016838,0.6324555320336759,1.0,0.7,"batch_01_OE11-3-NEG,batch_04_OE26-1-NEG",Fungi
NEG_13357,Ascomycota,3,0.8161789171364943,0.5690803432532884,0.8052677899598443,0.8333333333333334,"batch_02_OE21-4-NEG,batch_03_OE23-NEG,batch_06_ALL-25-2-NEG",Fungi
NEG_104045,Streptophyta,3,0.8160384705079845,0.6666666666666666,0.9459999644603254,0.7314814814814815,"batch_01_OE11-3-NEG,batch_02_OE21-4-NEG,batch_03_OE23-NEG",Plantae
NEG_68813,Ascomycota,2,0.8159053413446193,0.7784639862930898,0.6671033811027745,1.0,"batch_03_OE23-NEG,batch_06_ALL-25-2-NEG",Fungi
NEG_50371,Ascomycota,2,0.8158755362564102,0.6430117073756488,0.9022668219080756,0.75,"batch_02_OE21-4-NEG,batch_03_OE23-NEG",Fungi
NEG_84327,Methanobacteriota,2,0.8157158711295036,0.8149351613312812,0.9980894878805311,0.6666666666666666,"batch_01_OE11-3-NEG,batch_02_OE21-4-NEG",Archaea
NEG_47674,Streptophyta,2,0.8156968737056215,0.6666666666666666,0.9653491701609762,0.7222222222222222,"batch_02_OE21-4-NEG,batch_03_OE23-NEG",Plantae
NEG_4315,Ascomycota,3,0.815692847648533,0.6461375686560349,0.8224577612419558,0.8333333333333334,"batch_01_OE11-3-NEG,batch_03_OE23-NEG,batch_06_ALL-25-2-NEG",Fungi
NEG_17172,Ascomycota,2,0.81557050093508,0.6377137213944594,0.9001276712514434,0.75,"batch_03_OE23-NEG,batch_06_ALL-25-2-NEG",Fungi
NEG_74621,Bacillota,2,0.8155281215968744,0.6882472016116853,1.0,0.6812865497076023,"batch_02_OE21-4-NEG,batch_06_ALL-25-2-NEG",Bacteria
NEG_1199,Streptophyta,2,0.8154877483780295,0.7832643009429617,0.6660586183192689,1.0,"batch_03_OE23-NEG,batch_06_ALL-25-2-NEG",Plantae
NEG_57500,Pseudomonadota,2,0.8151007246622051,0.6441698419088577,0.7973452543299113,0.8333333333333333,"batch_05_OE25-1-NEG,batch_06_ALL-25-2-NEG",Bacteria
NEG_88634,Streptophyta,2,0.8150310671873442,0.7453559924999299,0.8913524787354601,0.7777777777777778,"batch_02_OE21-4-NEG,batch_03_OE23-NEG",Plantae
NEG_48482,Basidiomycota,2,0.814708418519956,0.7541814680577613,0.7811712562918929,0.8571428571428572,"batch_01_OE11-3-NEG,batch_02_OE21-4-NEG",Fungi
NEG_74414,Streptophyta,3,0.8144585576580216,0.5773502691896257,1.0,0.6944444444444443,"batch_01_OE11-3-NEG,batch_02_OE21-4-NEG,batch_03_OE23-NEG",Plantae
NEG_35601,Ascomycota,2,0.8142679210918805,0.7545719145517878,0.7614923228878528,0.875,"batch_02_OE21-4-NEG,batch_06_ALL-25-2-NEG",Fungi
NEG_88149,Ascomycota,2,0.8140296197308599,0.6710460875460467,0.8439109592790911,0.7916666666666667,"batch_02_OE21-4-NEG,batch_06_ALL-25-2-NEG",Fungi
NEG_3727,Streptophyta,2,0.8139382293876329,0.7954566939168239,0.7532300586830458,0.8888888888888888,"batch_02_OE21-4-NEG,batch_03_OE23-NEG",Plantae
NEG_59138,Ascomycota,3,0.8138609080192399,0.6362421963534713,0.8135878350146236,0.8333333333333334,"batch_02_OE21-4-NEG,batch_03_OE23-NEG,batch_06_ALL-25-2-NEG",Fungi
NEG_99404,Streptophyta,3,0.8138058512877095,0.5773502691896257,0.9986958653361938,0.6944444444444443,"batch_01_OE11-3-NEG,batch_02_OE21-4-NEG,batch_03_OE23-NEG",Plantae
NEG_33028,Ascomycota,4,0.8138007613276967,0.7148282862620156,0.7569155634030175,0.8958333333333334,"batch_01_OE11-3-NEG,batch_02_OE21-4-NEG,batch_03_OE23-NEG,batch_06_ALL-25-2-NEG",Fungi
NEG_24876,Ascomycota,3,0.8137879476626525,0.6507558452693472,0.8240091154536918,0.8333333333333334,"batch_02_OE21-4-NEG,batch_03_OE23-NEG,batch_06_ALL-25-2-NEG",Fungi
NEG_21609,Mucoromycota,2,0.8137788966267763,0.6282833502033642,0.8282246797189348,0.8,"batch_01_OE11-3-NEG,batch_04_OE26-1-NEG",Fungi
NEG_48721,Streptophyta,2,0.8134643863401488,0.8104321917525716,0.8284001687144384,0.8333333333333333,"batch_02_OE21-4-NEG,batch_03_OE23-NEG",Plantae
NEG_49486,Bacillota,2,0.8134258277027022,0.6736260703068777,0.8627143823805923,0.7777777777777778,"batch_02_OE21-4-NEG,batch_06_ALL-25-2-NEG",Bacteria
NEG_64885,Streptophyta,2,0.8134001336460787,0.6603938791711979,0.9576057386031299,0.7222222222222222,"batch_02_OE21-4-NEG,batch_03_OE23-NEG",Plantae
NEG_76701,Streptophyta,3,0.8132944606054252,0.5764476534335461,0.9970666743986607,0.6944444444444443,"batch_01_OE11-3-NEG,batch_02_OE21-4-NEG,batch_03_OE23-NEG",Plantae
NEG_16533,Ascomycota,2,0.8131499491761159,0.7857720415290944,0.6619623896722487,1.0,"batch_03_OE23-NEG,batch_06_ALL-25-2-NEG",Fungi
NEG_42783,Bacillota,2,0.8130985934999493,0.6666666666666666,0.9603494097254814,0.7222222222222222,"batch_02_OE21-4-NEG,batch_06_ALL-25-2-NEG",Bacteria
NEG_53558,Basidiomycota,2,0.8128537127636759,0.6341610088706839,0.8434723102177375,0.7857142857142857,"batch_01_OE11-3-NEG,batch_02_OE21-4-NEG",Fungi
NEG_104078,Streptophyta,3,0.8128194611090479,0.5773502691896257,0.9967298668145433,0.6944444444444443,"batch_01_OE11-3-NEG,batch_02_OE21-4-NEG,batch_03_OE23-NEG",Plantae
NEG_22310,Ascomycota,3,0.8128132631277404,0.5,0.9601721131347704,0.75,"batch_02_OE21-4-NEG,batch_03_OE23-NEG,batch_06_ALL-25-2-NEG",Fungi
NEG_45660,Streptophyta,3,0.8126882456729408,0.5773502691896257,0.9964687780434126,0.6944444444444443,"batch_01_OE11-3-NEG,batch_02_OE21-4-NEG,batch_03_OE23-NEG",Plantae
NEG_21306,Streptophyta,2,0.8126490543404543,0.7531124572181002,0.8057376852216153,0.8333333333333333,"batch_02_OE21-4-NEG,batch_03_OE23-NEG",Plantae
NEG_51890,Pseudomonadota,2,0.8126060307703868,0.6252120615407737,0.695445060948032,1.0,"batch_05_OE25-1-NEG,batch_06_ALL-25-2-NEG",Bacteria
NEG_1676,Ascomycota,2,0.8124672668910286,0.625709570145149,0.6949814970632038,1.0,"batch_03_OE23-NEG,batch_06_ALL-25-2-NEG",Fungi
NEG_88628,Streptophyta,2,0.8120923161687075,0.8081722915008168,0.8259783316730589,0.8333333333333333,"batch_02_OE21-4-NEG,batch_03_OE23-NEG",Plantae
NEG_95407,Streptophyta,2,0.812004752567818,0.7579841013511975,0.7872699489505912,0.875,"batch_01_OE11-3-NEG,batch_03_OE23-NEG",Plantae
NEG_77527,Streptophyta,3,0.8115604444613629,0.6975826963668614,0.9855989031650277,0.6851851851851851,"batch_01_OE11-3-NEG,batch_02_OE21-4-NEG,batch_03_OE23-NEG",Plantae
NEG_27475,Ascomycota,2,0.8113867001307349,0.6233514356222232,0.8324795708093601,0.7916666666666667,"batch_02_OE21-4-NEG,batch_06_ALL-25-2-NEG",Fungi
NEG_65538,Ascomycota,2,0.8110618140212217,0.6560025839736799,0.8970343260764037,0.75,"batch_02_OE21-4-NEG,batch_06_ALL-25-2-NEG",Fungi
NEG_47750,Ascomycota,2,0.8109801475737767,0.6717351708549436,0.7898849982410929,0.8333333333333333,"batch_02_OE21-4-NEG,batch_06_ALL-25-2-NEG",Fungi
NEG_18880,Ascomycota,2,0.8107529711893138,0.6717862725357736,0.9022805216107184,0.75,"batch_03_OE23-NEG,batch_06_ALL-25-2-NEG",Fungi
NEG_19071,Ascomycota,2,0.8107387578548624,0.6742782470806812,0.6759188044887955,1.0,"batch_03_OE23-NEG,batch_06_ALL-25-2-NEG",Fungi
NEG_72914,Ascomycota,2,0.8107238937205282,0.6272970830402358,0.831454923293857,0.7916666666666667,"batch_02_OE21-4-NEG,batch_03_OE23-NEG",Fungi
NEG_57449,Basidiomycota,2,0.810716149118639,0.6372727503449049,0.9580876592413794,0.7142857142857143,"batch_01_OE11-3-NEG,batch_02_OE21-4-NEG",Fungi
NEG_93043,Ascomycota,2,0.8107065601555803,0.6490262146416305,0.8940031744508257,0.75,"batch_03_OE23-NEG,batch_06_ALL-25-2-NEG",Fungi
NEG_44137,Streptophyta,3,0.8105858946221463,0.6991574031137678,0.9810506284350282,0.6759259259259259,"batch_01_OE11-3-NEG,batch_02_OE21-4-NEG,batch_03_OE23-NEG",Plantae
NEG_70631,Ascomycota,2,0.810429460337518,0.6442467352640042,0.8919395362449836,0.75,"batch_02_OE21-4-NEG,batch_06_ALL-25-2-NEG",Fungi
NEG_50730,Ascomycota,2,0.8101799864774817,0.6430345071254243,0.8320054279543521,0.7916666666666667,"batch_02_OE21-4-NEG,batch_06_ALL-25-2-NEG",Fungi
NEG_22648,Ascomycota,2,0.8101070714287073,0.7445632884739162,0.6605694546628215,1.0,"batch_03_OE23-NEG,batch_06_ALL-25-2-NEG",Fungi
NEG_111777,Bacillota,2,0.8099625368727494,0.803428492817773,0.8832640474486665,0.7543859649122806,"batch_02_OE21-4-NEG,batch_06_ALL-25-2-NEG",Bacteria
NEG_46204,Pseudomonadota,2,0.8098869875358579,0.7125399593696804,0.6653933764726934,1.0,"batch_05_OE25-1-NEG,batch_06_ALL-25-2-NEG",Bacteria
NEG_19361,Ascomycota,3,0.8096881042802678,0.5461679825306475,0.8914528036525787,0.7777777777777777,"batch_02_OE21-4-NEG,batch_03_OE23-NEG,batch_06_ALL-25-2-NEG",Fungi
NEG_43414,Streptophyta,2,0.8096729816776569,0.7453559924999299,0.8819292345778975,0.7777777777777778,"batch_02_OE21-4-NEG,batch_03_OE23-NEG",Plantae
NEG_9550,Streptophyta,2,0.8096672769468617,0.7778072052739641,0.7577430604505486,0.8888888888888888,"batch_02_OE21-4-NEG,batch_03_OE23-NEG",Plantae
NEG_82367,Actinomycetota,2,0.8093193661441185,0.7596730776221676,0.7804329230292405,0.875,"batch_04_OE26-1-NEG,batch_06_ALL-25-2-NEG",Bacteria
NEG_71691,Streptophyta,2,0.8092014217378325,0.6666666666666666,0.9529008751235044,0.7222222222222222,"batch_02_OE21-4-NEG,batch_03_OE23-NEG",Plantae
NEG_66032,Ascomycota,2,0.8088548796071584,0.7152956183565383,0.6629995516300726,1.0,"batch_03_OE23-NEG,batch_06_ALL-25-2-NEG",Fungi
NEG_32817,Basidiomycota,2,0.80852093401465,0.6245000857412034,0.7655698447573548,0.8571428571428572,"batch_01_OE11-3-NEG,batch_02_OE21-4-NEG",Fungi
NEG_63716,Pseudomonadota,2,0.8084638592366082,0.6169277184732165,0.7854498573654263,0.8333333333333333,"batch_05_OE25-1-NEG,batch_06_ALL-25-2-NEG",Bacteria
NEG_55363,Streptophyta,3,0.8082917911567837,0.7027264165362966,0.9766699845375681,0.6759259259259259,"batch_01_OE11-3-NEG,batch_02_OE21-4-NEG,batch_03_OE23-NEG",Plantae
NEG_76244,Streptophyta,3,0.8080615490838321,0.7071067811865476,0.8991644996712392,0.7592592592592592,"batch_01_OE11-3-NEG,batch_02_OE21-4-NEG,batch_03_OE23-NEG",Plantae
NEG_61377,Ascomycota,2,0.8079838897380085,0.6276023681567391,0.9610947721652991,0.7083333333333334,"batch_02_OE21-4-NEG,batch_06_ALL-25-2-NEG",Fungi
NEG_50864,Streptophyta,2,0.8076645669504382,0.732506206505825,0.872596968879783,0.7777777777777778,"batch_02_OE21-4-NEG,batch_03_OE23-NEG",Plantae
NEG_63145,Bacillota,2,0.8076337403534879,0.6152674807069758,0.7996886409789445,0.8157894736842105,"batch_02_OE21-4-NEG,batch_06_ALL-25-2-NEG",Bacteria
NEG_49517,Pseudomonadota,2,0.8075899542369643,0.6295472174951421,0.8820655998189179,0.75,"batch_04_OE26-1-NEG,batch_05_OE25-1-NEG",Bacteria
NEG_78910,Pseudomonadota,2,0.8075876280237263,0.6399125014776802,0.7826847273860766,0.8333333333333333,"batch_05_OE25-1-NEG,batch_06_ALL-25-2-NEG",Bacteria
NEG_112472,Ascomycota,3,0.8074734776226076,0.6074745916370312,0.8490326150302921,0.8055555555555557,"batch_02_OE21-4-NEG,batch_03_OE23-NEG,batch_06_ALL-25-2-NEG",Fungi
NEG_63438,Ascomycota,2,0.8074657858189875,0.6227127241130759,0.8800202574641471,0.75,"batch_03_OE23-NEG,batch_06_ALL-25-2-NEG",Fungi
NEG_53561,Ascomycota,2,0.8069206786132495,0.613841357226499,0.8768012118416704,0.75,"batch_02_OE21-4-NEG,batch_06_ALL-25-2-NEG",Fungi
NEG_65708,Streptophyta,3,0.8068829030982689,0.7071067811865476,0.9346961280578686,0.7222222222222222,"batch_01_OE11-3-NEG,batch_02_OE21-4-NEG,batch_03_OE23-NEG",Plantae
NEG_607,Bacillota,2,0.8068719008515253,0.6666666666666666,0.9733929692907158,0.695906432748538,"batch_02_OE21-4-NEG,batch_06_ALL-25-2-NEG",Bacteria
NEG_32992,Ascomycota,2,0.8068277393892261,0.7071067811865476,0.9109152705527893,0.75,"batch_02_OE21-4-NEG,batch_06_ALL-25-2-NEG",Fungi
NEG_24894,Streptophyta,2,0.8065577841769422,0.6666666666666666,0.9478827617524703,0.7222222222222222,"batch_02_OE21-4-NEG,batch_03_OE23-NEG",Plantae
NEG_13356,Ascomycota,3,0.8064951100722823,0.6033246399777724,0.7590716714055801,0.8611111111111112,"batch_02_OE21-4-NEG,batch_03_OE23-NEG,batch_06_ALL-25-2-NEG",Fungi
NEG_45069,Pseudomonadota,2,0.806483289301243,0.6216393843041049,0.7811914461662401,0.8333333333333333,"batch_05_OE25-1-NEG,batch_06_ALL-25-2-NEG",Bacteria
NEG_24160,Ascomycota,2,0.8064029793829469,0.6137438511662344,0.6874033048429172,1.0,"batch_03_OE23-NEG,batch_06_ALL-25-2-NEG",Fungi
NEG_1396,Streptophyta,2,0.8063672922742122,0.7683592439148884,0.7992668037170942,0.8333333333333333,"batch_02_OE21-4-NEG,batch_03_OE23-NEG",Plantae
NEG_20960,Ascomycota,2,0.806323324574169,0.6793819895462775,0.8311142233338107,0.7916666666666667,"batch_02_OE21-4-NEG,batch_06_ALL-25-2-NEG",Fungi
NEG_110154,Bacillota,2,0.806285984796792,0.6666666666666666,1.0,0.6695906432748537,"batch_02_OE21-4-NEG,batch_06_ALL-25-2-NEG",Bacteria
NEG_110072,Bacillota,2,0.806285984796792,0.6666666666666666,1.0,0.6695906432748537,"batch_02_OE21-4-NEG,batch_06_ALL-25-2-NEG",Bacteria
NEG_88983,Streptophyta,3,0.8062110468793127,0.6376655341384418,0.9173360781740755,0.7314814814814815,"batch_01_OE11-3-NEG,batch_02_OE21-4-NEG,batch_03_OE23-NEG",Plantae
NEG_60509,Streptophyta,2,0.8061107537161152,0.6666666666666666,0.9470369784475954,0.7222222222222222,"batch_02_OE21-4-NEG,batch_03_OE23-NEG",Plantae
NEG_8757,Streptophyta,2,0.8060139841264793,0.6666666666666666,0.9468539952684641,0.7222222222222222,"batch_02_OE21-4-NEG,batch_03_OE23-NEG",Plantae
NEG_14330,Pseudomonadota,2,0.806006673597427,0.7869084792560898,0.6500114989106887,1.0,"batch_05_OE25-1-NEG,batch_06_ALL-25-2-NEG",Bacteria
NEG_78070,Ascomycota,2,0.8059505561304624,0.6605457690112696,0.8888592075235242,0.75,"batch_03_OE23-NEG,batch_06_ALL-25-2-NEG",Fungi
NEG_21600,Streptophyta,2,0.8058474113729335,0.7204586569132172,0.7864464588849387,0.8333333333333333,"batch_02_OE21-4-NEG,batch_03_OE23-NEG",Plantae
NEG_62796,Ascomycota,2,0.8057083147665747,0.6184314551894627,0.8754672430009374,0.75,"batch_02_OE21-4-NEG,batch_03_OE23-NEG",Fungi
NEG_100560,Streptophyta,2,0.8056906981421843,0.7453559924999299,1.0,0.6527777777777778,"batch_01_OE11-3-NEG,batch_02_OE21-4-NEG",Plantae
NEG_52759,Streptophyta,2,0.8056906981421843,0.7453559924999299,1.0,0.6527777777777778,"batch_01_OE11-3-NEG,batch_02_OE21-4-NEG",Plantae
NEG_45016,Streptophyta,2,0.8056906981421843,0.7453559924999299,1.0,0.6527777777777778,"batch_01_OE11-3-NEG,batch_02_OE21-4-NEG",Plantae
NEG_97449,Streptophyta,2,0.8056906981421843,0.7453559924999299,1.0,0.6527777777777778,"batch_01_OE11-3-NEG,batch_02_OE21-4-NEG",Plantae
NEG_80003,Streptophyta,2,0.8056906981421843,0.7453559924999299,1.0,0.6527777777777778,"batch_01_OE11-3-NEG,batch_02_OE21-4-NEG",Plantae
NEG_102852,Streptophyta,2,0.8056906981421843,0.7453559924999299,1.0,0.6527777777777778,"batch_01_OE11-3-NEG,batch_02_OE21-4-NEG",Plantae
NEG_42761,Streptophyta,2,0.8056343006608875,0.7452431975373364,0.999848681128106,0.6527777777777778,"batch_01_OE11-3-NEG,batch_02_OE21-4-NEG",Plantae
NEG_58588,Bacillota,2,0.8056079975833761,0.7947194142390263,1.0,0.6491228070175439,"batch_02_OE21-4-NEG,batch_06_ALL-25-2-NEG",Bacteria
NEG_57641,Bacillota,2,0.8056079975833761,0.7947194142390263,1.0,0.6491228070175439,"batch_02_OE21-4-NEG,batch_06_ALL-25-2-NEG",Bacteria
NEG_29482,Streptophyta,2,0.8055513726224193,0.6899695176965763,0.9003011467971853,0.75,"batch_01_OE11-3-NEG,batch_03_OE23-NEG",Plantae
NEG_94984,Streptophyta,3,0.8055087127482659,0.7538472264278693,0.8400902861945664,0.8055555555555555,"batch_01_OE11-3-NEG,batch_02_OE21-4-NEG,batch_03_OE23-NEG",Plantae
NEG_1400,Streptophyta,2,0.8055025820639786,0.6635547006927546,0.8451055470620962,0.7777777777777778,"batch_02_OE21-4-NEG,batch_03_OE23-NEG",Plantae
NEG_66665,Streptophyta,2,0.8053372843454287,0.7446491649064189,0.9990521409162443,0.6527777777777778,"batch_01_OE11-3-NEG,batch_02_OE21-4-NEG",Plantae
NEG_48283,Ascomycota,2,0.8052096716733602,0.624312951310728,0.7785279040878548,0.8333333333333333,"batch_02_OE21-4-NEG,batch_06_ALL-25-2-NEG",Fungi
NEG_16449,Ascomycota,2,0.8050777741803042,0.6101555483606085,0.6861448965976175,1.0,"batch_03_OE23-NEG,batch_06_ALL-25-2-NEG",Fungi
NEG_6059,Ascomycota,2,0.8050424859750949,0.6219136304460607,0.6816295819523348,1.0,"batch_01_OE11-3-NEG,batch_06_ALL-25-2-NEG",Fungi
NEG_56466,Ascomycota,3,0.8050324358389448,0.6063915311242385,0.792216094095613,0.8333333333333334,"batch_02_OE21-4-NEG,batch_03_OE23-NEG,batch_06_ALL-25-2-NEG",Fungi
NEG_47700,Streptophyta,2,0.8044747150211208,0.742924026257803,0.9967424979119943,0.6527777777777778,"batch_01_OE11-3-NEG,batch_02_OE21-4-NEG",Plantae
NEG_32079,Basidiomycota,2,0.804374259929014,0.6089117539834601,0.8242636128190699,0.7857142857142857,"batch_01_OE11-3-NEG,batch_02_OE21-4-NEG",Fungi
NEG_95593,Streptophyta,2,0.8042919694013273,0.7425585350182159,0.996253860135559,0.6527777777777778,"batch_01_OE11-3-NEG,batch_02_OE21-4-NEG",Plantae
NEG_63617,Streptophyta,2,0.8042104405457815,0.7423954773071244,0.9960359402534658,0.6527777777777778,"batch_01_OE11-3-NEG,batch_02_OE21-4-NEG",Plantae
NEG_68071,Streptophyta,2,0.8042063390017484,0.664001914973418,0.9419667056379399,0.7222222222222222,"batch_02_OE21-4-NEG,batch_03_OE23-NEG",Plantae
NEG_28872,Basidiomycota,2,0.8041394929582915,0.6146174899371999,0.9343953530554807,0.7142857142857143,"batch_01_OE11-3-NEG,batch_02_OE21-4-NEG",Fungi
NEG_6590,Ascomycota,2,0.8040968590572319,0.6227675139231643,0.9509396536310826,0.7083333333333334,"batch_02_OE21-4-NEG,batch_03_OE23-NEG",Fungi
NEG_53139,Ascomycota,2,0.80403540993716,0.7015737141339277,0.9030741777215281,0.75,"batch_03_OE23-NEG,batch_06_ALL-25-2-NEG",Fungi
NEG_54926,Bacillota,2,0.8038881596513745,0.7146653978850273,0.9332749441268925,0.6988304093567251,"batch_02_OE21-4-NEG,batch_06_ALL-25-2-NEG",Bacteria
NEG_15600,Ascomycota,3,0.8037314263034063,0.5678745306792914,0.824397038493343,0.8055555555555557,"batch_02_OE21-4-NEG,batch_03_OE23-NEG,batch_06_ALL-25-2-NEG",Fungi
NEG_5024,Ascomycota,2,0.8037035387506062,0.6268621891125473,0.8736903432115448,0.75,"batch_03_OE23-NEG,batch_06_ALL-25-2-NEG",Fungi
NEG_71409,Bacillota,2,0.8036966768991043,0.7254762501100116,1.0,0.652046783625731,"batch_02_OE21-4-NEG,batch_06_ALL-25-2-NEG",Bacteria
NEG_75323,Actinomycetota,2,0.8035329979849104,0.7905694150420949,1.0,0.6458333333333333,"batch_01_OE11-3-NEG,batch_06_ALL-25-2-NEG",Bacteria
NEG_62644,Ascomycota,2,0.8035186346479513,0.7707832657198325,0.646713800605368,1.0,"batch_03_OE23-NEG,batch_06_ALL-25-2-NEG",Fungi
NEG_71408,Bacillota,2,0.803488489333442,0.6069769786668839,1.0,0.6842105263157895,"batch_02_OE21-4-NEG,batch_06_ALL-25-2-NEG",Bacteria
NEG_72862,Streptophyta,2,0.8034866735555424,0.7932432123349495,0.8112349461398255,0.8333333333333333,"batch_02_OE21-4-NEG,batch_03_OE23-NEG",Plantae
NEG_83227,Streptophyta,2,0.8034553565963303,0.740885309408222,0.994019937527225,0.6527777777777778,"batch_01_OE11-3-NEG,batch_02_OE21-4-NEG",Plantae
NEG_66294,Actinomycetota,2,0.8034142866281664,0.7903319923286066,0.9996997264784837,0.6458333333333333,"batch_01_OE11-3-NEG,batch_06_ALL-25-2-NEG",Bacteria
NEG_111047,Bacillota,2,0.8029082327594058,0.7254762501100116,0.998213575271008,0.652046783625731,"batch_02_OE21-4-NEG,batch_06_ALL-25-2-NEG",Bacteria
NEG_61378,Ascomycota,2,0.8028863520290196,0.667018872952112,0.8855435545823336,0.75,"batch_02_OE21-4-NEG,batch_06_ALL-25-2-NEG",Fungi
NEG_47352,Ascomycota,2,0.802827278524928,0.6199306152661102,0.947002605995904,0.7083333333333334,"batch_02_OE21-4-NEG,batch_06_ALL-25-2-NEG",Fungi
NEG_98366,Streptophyta,3,0.8028098901727502,0.6655728993154086,0.9181713268329769,0.7314814814814815,"batch_01_OE11-3-NEG,batch_02_OE21-4-NEG,batch_03_OE23-NEG",Plantae
NEG_18438,Ascomycota,2,0.802779795761918,0.6372069094592502,0.671869781162143,1.0,"batch_01_OE11-3-NEG,batch_03_OE23-NEG",Fungi
NEG_48057,Streptophyta,2,0.8027776586970431,0.7395299136096476,0.9922140438111435,0.6527777777777778,"batch_01_OE11-3-NEG,batch_02_OE21-4-NEG",Plantae
NEG_4237,Ascomycota,2,0.8027435176262765,0.6064314395055718,0.6829355871070779,1.0,"batch_03_OE23-NEG,batch_06_ALL-25-2-NEG",Fungi
NEG_14752,Streptophyta,2,0.8027274306935315,0.7071067811865476,0.9035146365999758,0.75,"batch_01_OE11-3-NEG,batch_03_OE23-NEG",Plantae
NEG_36785,Basidiomycota,2,0.8024494927267551,0.6362322451396533,0.8233501629311499,0.7857142857142857,"batch_01_OE11-3-NEG,batch_02_OE21-4-NEG",Fungi
NEG_98045,Streptophyta,2,0.8023386354993061,0.7881806900708862,0.8106144001003092,0.8333333333333333,"batch_02_OE21-4-NEG,batch_03_OE23-NEG",Plantae
NEG_45687,Streptophyta,2,0.8022815027972829,0.741141041085656,0.9913593643676604,0.6527777777777778,"batch_01_OE11-3-NEG,batch_02_OE21-4-NEG",Plantae
NEG_72108,Bacillota,2,0.8022759390364045,0.6665815018940516,0.7762905591122424,0.8391812865497076,"batch_02_OE21-4-NEG,batch_06_ALL-25-2-NEG",Bacteria
NEG_65791,Ascomycota,2,0.8021335650460423,0.6434452295348934,0.8164651595047764,0.7916666666666667,"batch_02_OE21-4-NEG,batch_06_ALL-25-2-NEG",Fungi
NEG_62074,Ascomycota,2,0.8020642270375958,0.6047300516456086,0.8128543851293732,0.7916666666666667,"batch_02_OE21-4-NEG,batch_06_ALL-25-2-NEG",Fungi
NEG_56707,Streptophyta,2,0.8019968476921581,0.6126038016213247,0.9136208057087094,0.7222222222222222,"batch_02_OE21-4-NEG,batch_03_OE23-NEG",Plantae
NEG_3695,Ascomycota,2,0.8019836868004682,0.6416552703771344,0.6688830350068852,1.0,"batch_01_OE11-3-NEG,batch_06_ALL-25-2-NEG",Fungi
NEG_68009,Streptophyta,2,0.8019520440801529,0.737878684375867,0.9900184575706342,0.6527777777777778,"batch_01_OE11-3-NEG,batch_02_OE21-4-NEG",Plantae
NEG_8376,Ascomycota,2,0.801583730772525,0.6507558885597126,0.6652855154257729,1.0,"batch_03_OE23-NEG,batch_06_ALL-25-2-NEG",Fungi
NEG_69283,Ascomycota,2,0.801280571339029,0.6118755508663507,0.8116361335527994,0.7916666666666667,"batch_02_OE21-4-NEG,batch_03_OE23-NEG",Fungi
NEG_15792,Ascomycota,3,0.8012320091363079,0.544700673293022,0.8759324220961583,0.7777777777777777,"batch_02_OE21-4-NEG,batch_03_OE23-NEG,batch_06_ALL-25-2-NEG",Fungi
NEG_11810,Ascomycota,2,0.801051206257607,0.6521514513221682,0.8765049297974061,0.75,"batch_03_OE23-NEG,batch_06_ALL-25-2-NEG",Fungi
NEG_73963,Bacillota,2,0.800897848915058,0.78529911690239,0.8661624799108062,0.7543859649122806,"batch_02_OE21-4-NEG,batch_06_ALL-25-2-NEG",Bacteria
NEG_88572,Streptophyta,3,0.8006820947970326,0.5773502691896257,0.8922736584454044,0.7777777777777777,"batch_01_OE11-3-NEG,batch_02_OE21-4-NEG,batch_03_OE23-NEG",Plantae
NEG_17175,Ascomycota,3,0.8006498826586985,0.5723550346294312,0.7810258659919986,0.8333333333333334,"batch_01_OE11-3-NEG,batch_03_OE23-NEG,batch_06_ALL-25-2-NEG",Fungi
NEG_61442,Streptophyta,2,0.8004284251817742,0.6541782227036407,0.9295430024761788,0.7222222222222222,"batch_02_OE21-4-NEG,batch_03_OE23-NEG",Plantae
NEG_46882,Pseudomonadota,2,0.800379576863669,0.768639075827948,0.6416149264664646,1.0,"batch_04_OE26-1-NEG,batch_06_ALL-25-2-NEG",Bacteria
NEG_81971,Ascomycota,3,0.8003732684172303,0.5974611343578606,0.7818775576667463,0.8333333333333334,"batch_02_OE21-4-NEG,batch_03_OE23-NEG,batch_06_ALL-25-2-NEG",Fungi
NEG_120902,Ascomycota,2,0.8002758584534047,0.6777851616701376,0.8851417831118911,0.75,"batch_03_OE23-NEG,batch_06_ALL-25-2-NEG",Fungi
NEG_54187,Basidiomycota,2,0.8001417249922643,0.627920120890725,0.9327428464725187,0.7142857142857143,"batch_01_OE11-3-NEG,batch_02_OE21-4-NEG",Fungi
NEG_74637,Streptophyta,2,0.7998833529170423,0.6666666666666666,0.9353378415471184,0.7222222222222222,"batch_02_OE21-4-NEG,batch_03_OE23-NEG",Plantae
NEG_56858,Ascomycota,4,0.7998128601221819,0.5195344358212742,0.8054635620575933,0.8333333333333333,"batch_01_OE11-3-NEG,batch_02_OE21-4-NEG,batch_03_OE23-NEG,batch_06_ALL-25-2-NEG",Fungi
NEG_72636,Streptophyta,3,0.7996306923750748,0.7011009606965722,0.7896756466271513,0.8518518518518517,"batch_01_OE11-3-NEG,batch_02_OE21-4-NEG,batch_03_OE23-NEG",Plantae
NEG_72158,Streptophyta,2,0.799583545205337,0.7453559924999299,0.8644966954577753,0.7777777777777778,"batch_02_OE21-4-NEG,batch_03_OE23-NEG",Plantae
NEG_872,Ascomycota,2,0.7992693446030481,0.6018747285105717,0.6777961196844823,1.0,"batch_03_OE23-NEG,batch_06_ALL-25-2-NEG",Fungi
NEG_69811,Ascomycota,2,0.799029373520167,0.672100455828157,0.8804184012567039,0.75,"batch_03_OE23-NEG,batch_06_ALL-25-2-NEG",Fungi
NEG_4095,Streptophyta,2,0.798805979873401,0.700532389808411,0.8931215065711078,0.75,"batch_03_OE23-NEG,batch_06_ALL-25-2-NEG",Plantae
NEG_62921,Streptophyta,2,0.7987576463694814,0.6666666666666666,0.933239582330341,0.7222222222222222,"batch_02_OE21-4-NEG,batch_03_OE23-NEG",Plantae
NEG_48958,Pseudomonadota,2,0.7987462328600266,0.6713553484097821,0.7669034829087042,0.8333333333333333,"batch_05_OE25-1-NEG,batch_06_ALL-25-2-NEG",Bacteria
NEG_19596,Streptophyta,2,0.7984287870550125,0.6666666666666666,0.9326275621451493,0.7222222222222222,"batch_02_OE21-4-NEG,batch_03_OE23-NEG",Plantae
NEG_1570,Ascomycota,3,0.798332370409382,0.6411959970078533,0.7193844647526019,0.8888888888888888,"batch_02_OE21-4-NEG,batch_03_OE23-NEG,batch_06_ALL-25-2-NEG",Fungi
NEG_55765,Ascomycota,2,0.798316653736562,0.6360932583162862,0.8081311358246214,0.7916666666666667,"batch_02_OE21-4-NEG,batch_03_OE23-NEG",Fungi
NEG_33355,Ascomycota,2,0.7981926691445758,0.6157736370805472,0.9358122608217029,0.7083333333333334,"batch_02_OE21-4-NEG,batch_06_ALL-25-2-NEG",Fungi
NEG_4518,Ascomycota,2,0.7980207251031903,0.757752693390347,0.6384585920722481,1.0,"batch_01_OE11-3-NEG,batch_03_OE23-NEG",Fungi
NEG_38298,Streptophyta,2,0.7978744587863622,0.6666666666666666,0.9315969144743333,0.7222222222222222,"batch_02_OE21-4-NEG,batch_03_OE23-NEG",Plantae
NEG_54920,Bacillota,2,0.7978506123742146,0.7377493651064202,0.9893305158505925,0.6461988304093567,"batch_02_OE21-4-NEG,batch_06_ALL-25-2-NEG",Bacteria
NEG_86483,Ascomycota,2,0.7976875062333266,0.6120598692387677,0.816447476368485,0.78125,"batch_03_OE23-NEG,batch_04_OE26-1-NEG",Fungi
NEG_24143,Ascomycota,2,0.7976860814707013,0.6394826736609664,0.8658004477709846,0.75,"batch_02_OE21-4-NEG,batch_03_OE23-NEG",Fungi
NEG_73102,Streptophyta,2,0.7975755154731459,0.7453559924999299,0.8610758036840269,0.7777777777777778,"batch_02_OE21-4-NEG,batch_03_OE23-NEG",Plantae
NEG_47680,Streptophyta,2,0.7975651635000127,0.6666666666666666,0.9310223842798093,0.7222222222222222,"batch_02_OE21-4-NEG,batch_03_OE23-NEG",Plantae
NEG_44785,Bacillota,2,0.7973760712179553,0.706228825797272,0.9488832389482942,0.672514619883041,"batch_02_OE21-4-NEG,batch_06_ALL-25-2-NEG",Bacteria
NEG_82133,Ascomycota,2,0.7970400013561136,0.7465647905311467,0.7771602572847822,0.8333333333333333,"batch_02_OE21-4-NEG,batch_03_OE23-NEG",Fungi
NEG_53151,Streptophyta,2,0.7969048575677331,0.7071067811865476,0.8931210465368101,0.75,"batch_01_OE11-3-NEG,batch_03_OE23-NEG",Plantae
NEG_16033,Ascomycota,2,0.7968768323691799,0.5937629915752252,0.8525451633709904,0.75,"batch_02_OE21-4-NEG,batch_03_OE23-NEG",Fungi
NEG_11579,Streptophyta,2,0.7967145967426196,0.7071067811865476,0.8927837092714859,0.75,"batch_01_OE11-3-NEG,batch_03_OE23-NEG",Plantae
NEG_27746,Ascomycota,3,0.7967057314696483,0.556730193600351,0.812475895404503,0.8055555555555557,"batch_02_OE21-4-NEG,batch_03_OE23-NEG,batch_06_ALL-25-2-NEG",Fungi
NEG_15050,Ascomycota,3,0.796603443314497,0.5849696125490118,0.777271906274405,0.8333333333333334,"batch_01_OE11-3-NEG,batch_03_OE23-NEG,batch_06_ALL-25-2-NEG",Fungi
NEG_15807,Basidiomycota,2,0.7965674282767996,0.7489525972492355,0.7489728385105727,0.8571428571428572,"batch_01_OE11-3-NEG,batch_02_OE21-4-NEG",Fungi
NEG_101588,Streptophyta,3,0.7965256715517354,0.7070550299430413,0.99995121024517,0.6388888888888888,"batch_01_OE11-3-NEG,batch_02_OE21-4-NEG,batch_03_OE23-NEG",Plantae
NEG_100559,Streptophyta,3,0.796335561514999,0.7064846998328325,0.9994137540652583,0.6388888888888888,"batch_01_OE11-3-NEG,batch_02_OE21-4-NEG,batch_03_OE23-NEG",Plantae
NEG_18950,Basidiomycota,2,0.7962827374328503,0.611430377032946,0.8084292578134638,0.7857142857142857,"batch_01_OE11-3-NEG,batch_02_OE21-4-NEG",Fungi
NEG_48060,Streptophyta,2,0.7961701878373713,0.7774417700457201,0.8002526559980049,0.8333333333333333,"batch_02_OE21-4-NEG,batch_03_OE23-NEG",Plantae
NEG_45847,Streptophyta,2,0.7961560751096293,0.780885729946784,0.7987008882544127,0.8333333333333333,"batch_02_OE21-4-NEG,batch_03_OE23-NEG",Plantae
NEG_71091,Ascomycota,2,0.7960771322937927,0.64323304353629,0.9467242398370911,0.7083333333333334,"batch_02_OE21-4-NEG,batch_06_ALL-25-2-NEG",Fungi
NEG_79142,Streptophyta,3,0.7960703312210166,0.7056890089508852,0.9986646515693883,0.6388888888888888,"batch_01_OE11-3-NEG,batch_02_OE21-4-NEG,batch_03_OE23-NEG",Plantae
NEG_78704,Streptophyta,3,0.7960066351630565,0.7054979207770048,0.9984848774804513,0.6388888888888888,"batch_01_OE11-3-NEG,batch_02_OE21-4-NEG,batch_03_OE23-NEG",Plantae
NEG_56393,Streptophyta,2,0.7958229381966053,0.7450592418975381,0.8579564113965954,0.7777777777777778,"batch_02_OE21-4-NEG,batch_03_OE23-NEG",Plantae
NEG_19435,Ascomycota,2,0.7958075258852753,0.6137754405357551,0.6664452983523381,1.0,"batch_03_OE23-NEG,batch_06_ALL-25-2-NEG",Fungi
NEG_92292,Ascomycota,2,0.795687167453738,0.5953563005134388,0.9213649118923385,0.7083333333333334,"batch_02_OE21-4-NEG,batch_06_ALL-25-2-NEG",Fungi
NEG_63165,Bacillota,2,0.7955968770044197,0.6488856845230502,0.9994687800226447,0.6549707602339181,"batch_02_OE21-4-NEG,batch_06_ALL-25-2-NEG",Bacteria
NEG_40787,Streptophyta,2,0.7955520640447762,0.7432030643143939,0.8565838223011971,0.7777777777777778,"batch_02_OE21-4-NEG,batch_03_OE23-NEG",Plantae
NEG_73128,Streptophyta,2,0.7954691155558244,0.7262503924519552,0.7621765218189578,0.875,"batch_01_OE11-3-NEG,batch_03_OE23-NEG",Plantae
NEG_56095,Ascomycota,2,0.7954043999627676,0.590808799925535,0.6745275190347254,1.0,"batch_03_OE23-NEG,batch_06_ALL-25-2-NEG",Fungi
NEG_893,Ascomycota,2,0.7953915734325987,0.5969398632739197,0.9214668766083294,0.7083333333333334,"batch_02_OE21-4-NEG,batch_03_OE23-NEG",Fungi
NEG_84965,Streptophyta,2,0.7953764633659557,0.7453559924999299,0.8573479882044165,0.7777777777777778,"batch_02_OE21-4-NEG,batch_03_OE23-NEG",Plantae
NEG_60621,Pseudomonadota,2,0.7951202106006847,0.6275101284382083,0.7587515292713234,0.8333333333333333,"batch_05_OE25-1-NEG,batch_06_ALL-25-2-NEG",Bacteria
NEG_75149,Ascomycota,2,0.7950850081698926,0.598453403275635,0.7603607772328569,0.8333333333333333,"batch_02_OE21-4-NEG,batch_06_ALL-25-2-NEG",Fungi
NEG_831,Ascomycota,2,0.7948773592157399,0.7653089955618196,0.6327043043229588,1.0,"batch_03_OE23-NEG,batch_06_ALL-25-2-NEG",Fungi
NEG_45567,Bacillota,2,0.7948435290272448,0.7332334014072389,0.8937723474836734,0.7251461988304093,"batch_02_OE21-4-NEG,batch_06_ALL-25-2-NEG",Bacteria
NEG_94544,Streptophyta,2,0.7946421422109945,0.7071067811865476,0.8891185736073586,0.75,"batch_01_OE11-3-NEG,batch_03_OE23-NEG",Plantae
NEG_52061,Streptophyta,2,0.7945173824170763,0.6867554512876741,0.6428705047636206,1.0,"batch_03_OE23-NEG,batch_06_ALL-25-2-NEG",Plantae
NEG_82702,Streptophyta,2,0.7945119424373722,0.7071067811865476,1.0,0.6388888888888888,"batch_01_OE11-3-NEG,batch_02_OE21-4-NEG",Plantae
NEG_86359,Streptophyta,3,0.7944260272632778,0.7453559924999299,0.8652748310314409,0.7685185185185185,"batch_01_OE11-3-NEG,batch_02_OE21-4-NEG,batch_03_OE23-NEG",Plantae
NEG_5195,Ascomycota,2,0.794423796639679,0.6915360671590092,0.6416950535450896,1.0,"batch_03_OE23-NEG,batch_06_ALL-25-2-NEG",Fungi
NEG_94542,Streptophyta,3,0.7944063350367601,0.5773502691896257,0.9611018296536352,0.6944444444444443,"batch_01_OE11-3-NEG,batch_02_OE21-4-NEG,batch_03_OE23-NEG",Plantae
NEG_72159,Streptophyta,2,0.794377662475144,0.6655346745637639,0.9244716380775903,0.7222222222222222,"batch_02_OE21-4-NEG,batch_03_OE23-NEG",Plantae
NEG_47294,Streptophyta,2,0.7943020551938835,0.7071067811865476,0.9995241337499962,0.6388888888888888,"batch_01_OE11-3-NEG,batch_02_OE21-4-NEG",Plantae
NEG_102531,Streptophyta,2,0.7942765216602483,0.7066359396322999,0.9993343511800232,0.6388888888888888,"batch_02_OE21-4-NEG,batch_03_OE23-NEG",Plantae
NEG_32706,Ascomycota,2,0.7942599273099409,0.6070195940055686,0.7975051986558555,0.7916666666666667,"batch_02_OE21-4-NEG,batch_03_OE23-NEG",Fungi
NEG_59575,Ascomycota,2,0.7941820938798299,0.6750647942493482,0.872770367528066,0.75,"batch_03_OE23-NEG,batch_06_ALL-25-2-NEG",Fungi
NEG_45365,Streptophyta,2,0.7940460325160594,0.7748336765380858,0.7962255179906972,0.8333333333333333,"batch_02_OE21-4-NEG,batch_03_OE23-NEG",Plantae
NEG_17726,Ascomycota,3,0.793988194854521,0.6029565826971225,0.7433585334506323,0.8611111111111112,"batch_02_OE21-4-NEG,batch_03_OE23-NEG,batch_06_ALL-25-2-NEG",Fungi
NEG_51251,Streptophyta,2,0.7939127482894235,0.7453559924999299,0.8548774326514883,0.7777777777777778,"batch_02_OE21-4-NEG,batch_03_OE23-NEG",Plantae
NEG_98177,Streptophyta,3,0.7938895971177168,0.7062498395232593,0.9934181816932229,0.6388888888888888,"batch_01_OE11-3-NEG,batch_02_OE21-4-NEG,batch_03_OE23-NEG",Plantae
NEG_17689,Ascomycota,2,0.7937387632800943,0.7232178199199596,0.8217958617321666,0.7916666666666667,"batch_02_OE21-4-NEG,batch_03_OE23-NEG",Fungi
NEG_14760,Ascomycota,2,0.7937343211577437,0.5893090556780919,0.795834277144529,0.7916666666666667,"batch_02_OE21-4-NEG,batch_03_OE23-NEG",Fungi
NEG_64199,Ascomycota,3,0.7933750483426601,0.6789644363832231,0.6461717871999096,1.0,"batch_01_OE11-3-NEG,batch_03_OE23-NEG,batch_06_ALL-25-2-NEG",Fungi
NEG_71689,Streptophyta,3,0.7932534055577922,0.6666666666666666,0.905841481448145,0.7314814814814815,"batch_01_OE11-3-NEG,batch_02_OE21-4-NEG,batch_03_OE23-NEG",Plantae
NEG_57980,Bacillota,2,0.7932178091266713,0.7453559924999299,0.9800315642961612,0.6461988304093567,"batch_02_OE21-4-NEG,batch_06_ALL-25-2-NEG",Bacteria
NEG_5561,Ascomycota,2,0.7931176616970257,0.593966073647818,0.6686969803182792,1.0,"batch_01_OE11-3-NEG,batch_06_ALL-25-2-NEG",Fungi
NEG_23210,Ascomycota,3,0.7927986607502536,0.706341463337655,0.8020655068567133,0.8333333333333334,"batch_01_OE11-3-NEG,batch_03_OE23-NEG,batch_06_ALL-25-2-NEG",Fungi
NEG_71272,Streptophyta,2,0.7927478147381599,0.6666666666666666,0.9221233314489317,0.7222222222222222,"batch_02_OE21-4-NEG,batch_03_OE23-NEG",Plantae
NEG_88465,Ascomycota,2,0.7926898212604343,0.597080745688398,0.9161738549863153,0.7083333333333334,"batch_02_OE21-4-NEG,batch_06_ALL-25-2-NEG",Fungi
NEG_24565,Streptophyta,2,0.7921777273101902,0.6666666666666666,0.9210763557679782,0.7222222222222222,"batch_02_OE21-4-NEG,batch_03_OE23-NEG",Plantae
NEG_66834,Bacillota,2,0.7921648010744569,0.6666666666666666,1.0,0.6432748538011696,"batch_02_OE21-4-NEG,batch_06_ALL-25-2-NEG",Bacteria
NEG_118068,Mucoromycota,2,0.7919251759001043,0.6894231608002925,0.737652147323933,0.9,"batch_01_OE11-3-NEG,batch_04_OE26-1-NEG",Fungi
NEG_66190,Streptophyta,2,0.7919159673563597,0.6666666666666666,0.920596064454994,0.7222222222222222,"batch_02_OE21-4-NEG,batch_03_OE23-NEG",Plantae
NEG_48970,Ascomycota,2,0.7917043049296217,0.5912994899432877,0.8417753397173985,0.75,"batch_03_OE23-NEG,batch_06_ALL-25-2-NEG",Fungi
NEG_51918,Pseudomonadota,2,0.791650150095635,0.7900601855678748,0.626712488133641,1.0,"batch_04_OE26-1-NEG,batch_06_ALL-25-2-NEG",Bacteria
NEG_73147,Ascomycota,2,0.7916112632841261,0.7881042708517255,0.6266606911542109,1.0,"batch_03_OE23-NEG,batch_06_ALL-25-2-NEG",Fungi
NEG_68589,Streptophyta,2,0.7915273335397401,0.6666666666666666,0.9198834836502976,0.7222222222222222,"batch_02_OE21-4-NEG,batch_03_OE23-NEG",Plantae
NEG_90924,Streptophyta,2,0.7915095152466263,0.7169936267088141,0.7570399303705291,0.875,"batch_01_OE11-3-NEG,batch_03_OE23-NEG",Plantae
NEG_96382,Streptophyta,2,0.7914845386627744,0.6666666666666666,0.9198050538896393,0.7222222222222222,"batch_01_OE11-3-NEG,batch_02_OE21-4-NEG",Plantae
NEG_62804,Pseudomonadota,2,0.7912811315902979,0.7711671985777474,0.9397955992680836,0.6666666666666666,"batch_05_OE25-1-NEG,batch_06_ALL-25-2-NEG",Bacteria
NEG_72157,Streptophyta,2,0.7912136069090479,0.7660971831380214,0.793248486248604,0.8333333333333333,"batch_02_OE21-4-NEG,batch_03_OE23-NEG",Plantae
NEG_114890,Streptophyta,2,0.7911820677248509,0.7071067811865476,0.8830377180958684,0.75,"batch_01_OE11-3-NEG,batch_03_OE23-NEG",Plantae
NEG_62556,Ascomycota,3,0.7910691664631037,0.5124968813697105,0.8429273094042399,0.7777777777777777,"batch_02_OE21-4-NEG,batch_03_OE23-NEG,batch_06_ALL-25-2-NEG",Fungi
NEG_79619,Ascomycota,2,0.7910237341153699,0.5859518407006243,0.7903943006955497,0.7916666666666667,"batch_02_OE21-4-NEG,batch_03_OE23-NEG",Fungi
NEG_33339,Streptophyta,2,0.7909351748058693,0.7653737686840125,0.7928985028947841,0.8333333333333333,"batch_02_OE21-4-NEG,batch_03_OE23-NEG",Plantae
NEG_101,Ascomycota,2,0.7909169873794611,0.5818339747589223,0.9062369290205194,0.7083333333333334,"batch_02_OE21-4-NEG,batch_06_ALL-25-2-NEG",Fungi
NEG_35839,Streptophyta,2,0.7908986952080652,0.6674950771006113,0.6407491990438303,1.0,"batch_01_OE11-3-NEG,batch_03_OE23-NEG",Plantae
NEG_10550,Ascomycota,2,0.790889895528359,0.5983178379274766,0.8415829418086012,0.75,"batch_03_OE23-NEG,batch_06_ALL-25-2-NEG",Fungi
NEG_57889,Pseudomonadota,2,0.7908767768539345,0.6005279543299524,0.6617187504031345,1.0,"batch_04_OE26-1-NEG,batch_06_ALL-25-2-NEG",Bacteria
NEG_13548,Ascomycota,2,0.7908042915436424,0.6029044515876696,0.8424246662514367,0.75,"batch_03_OE23-NEG,batch_06_ALL-25-2-NEG",Fungi
NEG_81894,Streptophyta,2,0.7907789280651792,0.6597455595621774,0.914541183834414,0.7222222222222222,"batch_02_OE21-4-NEG,batch_03_OE23-NEG",Plantae
NEG_66662,Streptophyta,2,0.7905519411139625,0.7071067811865476,0.9910598852613275,0.6388888888888888,"batch_01_OE11-3-NEG,batch_02_OE21-4-NEG",Plantae
NEG_76515,Ascomycota,2,0.7904745555783224,0.60381896640001,0.9149084729173127,0.7083333333333334,"batch_02_OE21-4-NEG,batch_03_OE23-NEG",Fungi
NEG_17174,Ascomycota,3,0.7897168838372831,0.5129507995526925,0.7500558916928077,0.8333333333333334,"batch_01_OE11-3-NEG,batch_03_OE23-NEG,batch_06_ALL-25-2-NEG",Fungi
NEG_50824,Ascomycota,2,0.789677197698562,0.5930384365299105,0.6622568789589958,1.0,"batch_03_OE23-NEG,batch_06_ALL-25-2-NEG",Fungi
NEG_31142,Streptophyta,2,0.7894309532623531,0.7071067811865476,0.8799784992766745,0.75,"batch_01_OE11-3-NEG,batch_03_OE23-NEG",Plantae
NEG_86369,Streptophyta,2,0.7891751833626203,0.7453559924999299,0.8469398137455084,0.7777777777777778,"batch_02_OE21-4-NEG,batch_03_OE23-NEG",Plantae
NEG_2054,Streptophyta,2,0.7891020682929751,0.7061089973025266,0.7542174030345716,0.8333333333333333,"batch_02_OE21-4-NEG,batch_03_OE23-NEG",Plantae
NEG_48282,Ascomycota,2,0.7890096352841738,0.5841493406744438,0.698626990099889,0.9166666666666667,"batch_02_OE21-4-NEG,batch_06_ALL-25-2-NEG",Fungi
NEG_76246,Streptophyta,3,0.7889108449023494,0.6608264319734836,0.8959852093851945,0.7314814814814815,"batch_01_OE11-3-NEG,batch_02_OE21-4-NEG,batch_03_OE23-NEG",Plantae
NEG_92224,Ascomycota,2,0.7885028989203537,0.5773502691896257,0.9996555879813369,0.6666666666666666,"batch_02_OE21-4-NEG,batch_03_OE23-NEG",Fungi
NEG_58668,Ascomycota,2,0.7884847211809045,0.5776572689183266,0.8330003303303484,0.75,"batch_03_OE23-NEG,batch_06_ALL-25-2-NEG",Fungi
NEG_72368,Streptophyta,3,0.7884352393701407,0.6827837333982576,0.8220645421977544,0.8055555555555555,"batch_01_OE11-3-NEG,batch_02_OE21-4-NEG,batch_03_OE23-NEG",Plantae
NEG_98890,Streptophyta,2,0.7882377895644441,0.5773502691896257,0.9991256924806138,0.6666666666666666,"batch_02_OE21-4-NEG,batch_03_OE23-NEG",Plantae
NEG_75274,Streptophyta,2,0.787879374592459,0.6938416454967212,0.9814162290255978,0.6388888888888888,"batch_02_OE21-4-NEG,batch_03_OE23-NEG",Plantae
NEG_1580,Ascomycota,2,0.7877514109354207,0.5755028218708415,0.6656017489906507,1.0,"batch_03_OE23-NEG,batch_06_ALL-25-2-NEG",Fungi
NEG_14504,Ascomycota,2,0.7877362254519986,0.708116064437551,0.6268677309293285,1.0,"batch_01_OE11-3-NEG,batch_03_OE23-NEG",Fungi
NEG_63605,Streptophyta,3,0.7876923341585579,0.6734744293352378,0.9229472362020842,0.6851851851851851,"batch_01_OE11-3-NEG,batch_02_OE21-4-NEG,batch_03_OE23-NEG",Plantae
NEG_62077,Ascomycota,2,0.7876812547873542,0.5753625095747085,0.8972504209089278,0.7083333333333334,"batch_02_OE21-4-NEG,batch_06_ALL-25-2-NEG",Fungi
NEG_95972,Streptophyta,2,0.7876100908562843,0.7587236007848426,0.7878307511939586,0.8333333333333333,"batch_02_OE21-4-NEG,batch_03_OE23-NEG",Plantae
NEG_17916,Ascomycota,2,0.7875629504006998,0.6392784281762413,0.7881997392078647,0.7916666666666667,"batch_02_OE21-4-NEG,batch_06_ALL-25-2-NEG",Fungi
NEG_106197,Streptophyta,2,0.7875117536994398,0.5750235073988796,0.8306520340613094,0.75,"batch_01_OE11-3-NEG,batch_03_OE23-NEG",Plantae
NEG_61216,Streptophyta,2,0.7871785466316734,0.5743570932633467,0.9948291058728812,0.6666666666666666,"batch_02_OE21-4-NEG,batch_03_OE23-NEG",Plantae
NEG_25086,Ascomycota,2,0.7870911076876115,0.5795021576436403,0.7465612716596781,0.8333333333333333,"batch_02_OE21-4-NEG,batch_06_ALL-25-2-NEG",Fungi
NEG_63604,Streptophyta,3,0.7870655529857814,0.6748666464817266,0.8862761942017799,0.7222222222222222,"batch_01_OE11-3-NEG,batch_02_OE21-4-NEG,batch_03_OE23-NEG",Plantae
NEG_72009,Ascomycota,2,0.7869864932417907,0.577388614712283,0.8966433399086398,0.7083333333333334,"batch_02_OE21-4-NEG,batch_06_ALL-25-2-NEG",Fungi
NEG_57853,Pseudomonadota,2,0.7869696788720664,0.5739393577441327,0.9941095795516214,0.6666666666666666,"batch_05_OE25-1-NEG,batch_06_ALL-25-2-NEG",Bacteria
NEG_111758,Pseudomonadota,2,0.786672788580961,0.5733455771619221,0.9930877262767065,0.6666666666666666,"batch_05_OE25-1-NEG,batch_06_ALL-25-2-NEG",Bacteria
NEG_1089,Ascomycota,2,0.7866413580600294,0.5886950874022816,0.7817594615391164,0.7916666666666667,"batch_02_OE21-4-NEG,batch_06_ALL-25-2-NEG",Fungi
NEG_5448,Basidiomycota,2,0.786383430869837,0.6961902860082055,0.7234698865930842,0.8571428571428572,"batch_01_OE11-3-NEG,batch_02_OE21-4-NEG",Fungi
NEG_64883,Streptophyta,2,0.7863317734725799,0.6130328093340562,0.8832309547690214,0.7222222222222222,"batch_02_OE21-4-NEG,batch_03_OE23-NEG",Plantae
NEG_97240,Streptophyta,2,0.7861987747794756,0.5773502691896257,0.9950595450851956,0.6666666666666666,"batch_02_OE21-4-NEG,batch_03_OE23-NEG",Plantae
NEG_85981,Streptophyta,2,0.7861572379703814,0.7062890721563241,0.9988442534474411,0.625,"batch_01_OE11-3-NEG,batch_03_OE23-NEG",Plantae
NEG_75076,Streptophyta,2,0.7861235713855812,0.5773502691896257,0.994909894531158,0.6666666666666666,"batch_02_OE21-4-NEG,batch_03_OE23-NEG",Plantae
NEG_89479,Streptophyta,2,0.786056311110698,0.7060872184369572,0.9985591600400393,0.625,"batch_01_OE11-3-NEG,batch_03_OE23-NEG",Plantae
NEG_60208,Streptophyta,2,0.7859672044449768,0.6551610843207774,0.903127216530234,0.7222222222222222,"batch_02_OE21-4-NEG,batch_03_OE23-NEG",Plantae
NEG_57267,Ascomycota,2,0.7859043082402588,0.5718086164805176,0.9904476408220455,0.6666666666666666,"batch_02_OE21-4-NEG,batch_06_ALL-25-2-NEG",Fungi
NEG_96612,Ascomycota,2,0.7858375610109325,0.5773502691896257,0.994340956479927,0.6666666666666666,"batch_02_OE21-4-NEG,batch_06_ALL-25-2-NEG",Fungi
NEG_54891,Streptophyta,2,0.7858352872398346,0.7056451706952308,0.9979351069255014,0.625,"batch_01_OE11-3-NEG,batch_03_OE23-NEG",Plantae
NEG_74664,Basidiomycota,2,0.785823170582056,0.5719509954893814,0.8813446568633696,0.7142857142857143,"batch_01_OE11-3-NEG,batch_02_OE21-4-NEG",Fungi
NEG_40513,Bacillota,2,0.7856963541524442,0.6637067249467782,0.9559812098117553,0.6695906432748537,"batch_02_OE21-4-NEG,batch_06_ALL-25-2-NEG",Bacteria
NEG_15949,Ascomycota,2,0.7856855478715206,0.5923791590288453,0.654669140101567,1.0,"batch_03_OE23-NEG,batch_06_ALL-25-2-NEG",Fungi
NEG_113978,Pseudomonadota,2,0.7856812922609326,0.5713625845218654,0.9896828044872588,0.6666666666666666,"batch_05_OE25-1-NEG,batch_06_ALL-25-2-NEG",Bacteria
NEG_79597,Streptophyta,2,0.7855945776256548,0.7670116562557511,0.7791795278341589,0.8333333333333333,"batch_02_OE21-4-NEG,batch_03_OE23-NEG",Plantae
NEG_50869,Streptophyta,2,0.7853119005647126,0.5773502691896257,0.9932961546260819,0.6666666666666666,"batch_02_OE21-4-NEG,batch_03_OE23-NEG",Plantae
NEG_92828,Streptophyta,2,0.7852998035399814,0.5773502691896257,0.9932721236097966,0.6666666666666666,"batch_02_OE21-4-NEG,batch_03_OE23-NEG",Plantae
NEG_28921,Streptophyta,2,0.7851765167040532,0.7043276296236678,0.9960774098512946,0.625,"batch_01_OE11-3-NEG,batch_03_OE23-NEG",Plantae
NEG_58769,Ascomycota,2,0.7850898916438434,0.5755507725297192,0.7785794560288779,0.7916666666666667,"batch_02_OE21-4-NEG,batch_06_ALL-25-2-NEG",Fungi
NEG_60170,Bacillota,2,0.7850821526499411,0.6882472016116853,1.0,0.6257309941520468,"batch_02_OE21-4-NEG,batch_06_ALL-25-2-NEG",Bacteria
NEG_111715,Bacillota,2,0.7850821526499411,0.6882472016116853,1.0,0.6257309941520468,"batch_02_OE21-4-NEG,batch_06_ALL-25-2-NEG",Bacteria
NEG_109335,Bacillota,2,0.7850821526499411,0.6882472016116853,1.0,0.6257309941520468,"batch_02_OE21-4-NEG,batch_06_ALL-25-2-NEG",Bacteria
NEG_87798,Bacillota,2,0.7850821526499411,0.6882472016116853,1.0,0.6257309941520468,"batch_02_OE21-4-NEG,batch_06_ALL-25-2-NEG",Bacteria
NEG_47248,Bacillota,2,0.7848796586024545,0.6812360005662702,0.9176742396207744,0.672514619883041,"batch_02_OE21-4-NEG,batch_06_ALL-25-2-NEG",Bacteria
NEG_79014,Ascomycota,2,0.7847812153097531,0.5695624306195062,0.8244013623731998,0.75,"batch_02_OE21-4-NEG,batch_06_ALL-25-2-NEG",Fungi
NEG_29091,Streptophyta,3,0.7847680182753339,0.5773502691896257,0.9432635056211298,0.6944444444444443,"batch_01_OE11-3-NEG,batch_02_OE21-4-NEG,batch_03_OE23-NEG",Plantae
NEG_49762,Streptophyta,2,0.7846633773108015,0.7033013508371644,0.9946327900893802,0.625,"batch_01_OE11-3-NEG,batch_03_OE23-NEG",Plantae
NEG_13981,Ascomycota,2,0.7846313355922707,0.5692626711845415,0.6620299944020798,1.0,"batch_03_OE23-NEG,batch_06_ALL-25-2-NEG",Fungi
NEG_110123,Pseudomonadota,2,0.7845355136240524,0.5690710272481048,0.9857627510798198,0.6666666666666666,"batch_05_OE25-1-NEG,batch_06_ALL-25-2-NEG",Bacteria
NEG_46553,Bacillota,2,0.7844062390615592,0.5957506125090823,0.6993678898918962,0.9181286549707601,"batch_02_OE21-4-NEG,batch_06_ALL-25-2-NEG",Bacteria
NEG_68117,Streptophyta,2,0.7843797008895239,0.6267011759285517,0.8919583206623082,0.6944444444444444,"batch_02_OE21-4-NEG,batch_03_OE23-NEG",Plantae
NEG_20118,Ascomycota,2,0.7843700355829186,0.6237966882226624,0.8355813067216074,0.75,"batch_01_OE11-3-NEG,batch_06_ALL-25-2-NEG",Fungi
NEG_74878,Streptophyta,2,0.7842439102698817,0.6649380092461546,0.9056115064021273,0.7222222222222222,"batch_02_OE21-4-NEG,batch_03_OE23-NEG",Plantae
NEG_84215,Streptophyta,2,0.7842373322486651,0.7024492607128915,0.9934349638760879,0.625,"batch_01_OE11-3-NEG,batch_03_OE23-NEG",Plantae
NEG_63943,Bacillota,2,0.7841838792888317,0.7518711776499374,0.8580298362611123,0.7280701754385965,"batch_02_OE21-4-NEG,batch_06_ALL-25-2-NEG",Bacteria
NEG_70172,Ascomycota,2,0.7841703319919804,0.5895078619574371,0.8265763464711765,0.75,"batch_03_OE23-NEG,batch_06_ALL-25-2-NEG",Fungi
NEG_69974,Streptophyta,2,0.7840713597967184,0.5773502691896257,0.9908348398885942,0.6666666666666666,"batch_02_OE21-4-NEG,batch_03_OE23-NEG",Plantae
NEG_77860,Streptophyta,2,0.7839159983528372,0.7018065929212358,0.9925324938677131,0.625,"batch_01_OE11-3-NEG,batch_03_OE23-NEG",Plantae
NEG_28974,Streptophyta,2,0.7839125057053307,0.5773502691896257,0.9905201074889136,0.6666666666666666,"batch_02_OE21-4-NEG,batch_03_OE23-NEG",Plantae
NEG_80002,Streptophyta,2,0.7838572471616247,0.7038374712408103,0.9929095265958433,0.625,"batch_01_OE11-3-NEG,batch_03_OE23-NEG",Plantae
NEG_47932,Ascomycota,2,0.7837902551971926,0.7832672615129467,0.7168519830596336,0.875,"batch_02_OE21-4-NEG,batch_06_ALL-25-2-NEG",Fungi
NEG_13655,Actinomycetota,2,0.7837853399931266,0.6126148212125184,0.8312672652723865,0.75,"batch_04_OE26-1-NEG,batch_06_ALL-25-2-NEG",Bacteria
NEG_99708,Streptophyta,2,0.7837624021323337,0.7014994004802287,0.9921014088741202,0.625,"batch_01_OE11-3-NEG,batch_03_OE23-NEG",Plantae
NEG_22463,Ascomycota,2,0.7836829126046616,0.5679625676364123,0.9832756529778925,0.6666666666666666,"batch_02_OE21-4-NEG,batch_03_OE23-NEG",Fungi
NEG_64408,Streptophyta,2,0.7836059134425313,0.5672118268850624,0.982593884837435,0.6666666666666666,"batch_02_OE21-4-NEG,batch_03_OE23-NEG",Plantae
NEG_53794,Ascomycota,2,0.78356447671633,0.5821612458608774,0.8239924086618953,0.75,"batch_02_OE21-4-NEG,batch_06_ALL-25-2-NEG",Fungi
NEG_4958,Streptophyta,2,0.7835476357896451,0.6666666666666666,0.9053858362724467,0.7222222222222222,"batch_02_OE21-4-NEG,batch_03_OE23-NEG",Plantae
NEG_59614,Ascomycota,2,0.7834766537855308,0.6346158379811281,0.8373638404171695,0.75,"batch_02_OE21-4-NEG,batch_06_ALL-25-2-NEG",Fungi
NEG_77060,Streptophyta,2,0.7833742996596051,0.5773502691896257,0.9894545278316051,0.6666666666666666,"batch_02_OE21-4-NEG,batch_03_OE23-NEG",Plantae
NEG_22669,Pseudomonadota,2,0.7830513596245633,0.6764886978530069,0.7389342722744304,0.8333333333333333,"batch_05_OE25-1-NEG,batch_06_ALL-25-2-NEG",Bacteria
NEG_97271,Ascomycota,2,0.7830280029708448,0.6387185565984121,0.9195310459290387,0.7083333333333334,"batch_02_OE21-4-NEG,batch_03_OE23-NEG",Fungi
NEG_48758,Streptophyta,2,0.7830197843167497,0.7000141648490608,0.990019830989328,0.625,"batch_01_OE11-3-NEG,batch_03_OE23-NEG",Plantae
NEG_335,Pseudomonadota,2,0.782946067545554,0.6519790471729879,0.6301569051103152,1.0,"batch_05_OE25-1-NEG,batch_06_ALL-25-2-NEG",Bacteria
NEG_13130,Ascomycota,2,0.7829311062092157,0.603567037129022,0.9001578041630851,0.7083333333333334,"batch_02_OE21-4-NEG,batch_06_ALL-25-2-NEG",Fungi
NEG_114900,Ascomycota,2,0.7826107889177198,0.5784766198758801,0.8214680057723299,0.75,"batch_03_OE23-NEG,batch_06_ALL-25-2-NEG",Fungi
NEG_17742,Streptophyta,2,0.7826056512657953,0.6569896618828325,0.8980231170698945,0.7222222222222222,"batch_02_OE21-4-NEG,batch_03_OE23-NEG",Plantae
NEG_84044,Ascomycota,3,0.7824871053212923,0.5769133771637417,0.7892846347563548,0.8055555555555557,"batch_02_OE21-4-NEG,batch_03_OE23-NEG,batch_06_ALL-25-2-NEG",Fungi
NEG_48284,Ascomycota,2,0.7824189439544994,0.5648378879089988,0.8828502075409985,0.7083333333333334,"batch_02_OE21-4-NEG,batch_06_ALL-25-2-NEG",Fungi
NEG_74427,Streptophyta,2,0.7823199832996955,0.5773502691896257,0.9873704733057329,0.6666666666666666,"batch_02_OE21-4-NEG,batch_03_OE23-NEG",Plantae
NEG_1670,Ascomycota,2,0.7823146413996435,0.716124314293061,0.6163973575507291,1.0,"batch_03_OE23-NEG,batch_06_ALL-25-2-NEG",Fungi
NEG_79624,Streptophyta,2,0.7821860721544442,0.6389928936761313,0.7956441051025577,0.7777777777777778,"batch_02_OE21-4-NEG,batch_03_OE23-NEG",Plantae
NEG_56772,Streptophyta,2,0.7821333022408113,0.6071817258601373,0.8727590866887585,0.7222222222222222,"batch_02_OE21-4-NEG,batch_03_OE23-NEG",Plantae
NEG_19132,Ascomycota,3,0.7819765629117209,0.6680120264858079,0.777339570142046,0.8333333333333334,"batch_01_OE11-3-NEG,batch_03_OE23-NEG,batch_06_ALL-25-2-NEG",Fungi
NEG_3419,Ascomycota,2,0.7819408274486654,0.6413226419661918,0.8368522972687349,0.75,"batch_01_OE11-3-NEG,batch_06_ALL-25-2-NEG",Fungi
NEG_70048,Ascomycota,2,0.7819228584561609,0.6202789238032621,0.8299050898435906,0.75,"batch_03_OE23-NEG,batch_06_ALL-25-2-NEG",Fungi
NEG_48625,Pseudomonadota,2,0.7816965660691686,0.728481376356011,0.7465526567449245,0.8333333333333333,"batch_05_OE25-1-NEG,batch_06_ALL-25-2-NEG",Bacteria
NEG_3292,Ascomycota,2,0.781657963942183,0.7404137652833653,0.6126902565172472,1.0,"batch_03_OE23-NEG,batch_06_ALL-25-2-NEG",Fungi
NEG_52060,Streptophyta,2,0.7815995319477599,0.6971736601110812,0.7430255561763406,0.875,"batch_01_OE11-3-NEG,batch_06_ALL-25-2-NEG",Plantae
NEG_32358,Streptophyta,2,0.7815325567829535,0.6970397097814685,0.9858643570122337,0.625,"batch_01_OE11-3-NEG,batch_03_OE23-NEG",Plantae
NEG_48819,Ascomycota,3,0.7814439731828858,0.5197264676123502,0.690281644884006,0.8888888888888888,"batch_02_OE21-4-NEG,batch_03_OE23-NEG,batch_06_ALL-25-2-NEG",Fungi
NEG_28272,Ascomycota,2,0.781258088793203,0.5749076708641057,0.9834635263027122,0.6666666666666666,"batch_02_OE21-4-NEG,batch_03_OE23-NEG",Fungi
NEG_42711,Basidiomycota,2,0.7811950211627245,0.5879542764709736,0.8780678006454561,0.7142857142857143,"batch_01_OE11-3-NEG,batch_02_OE21-4-NEG",Fungi
NEG_69930,Ascomycota,2,0.7811809302160289,0.5642540573018848,0.8164922345163088,0.75,"batch_02_OE21-4-NEG,batch_03_OE23-NEG",Fungi
NEG_20533,Ascomycota,2,0.7811635716159342,0.5624444429446267,0.7710344940805313,0.7916666666666667,"batch_02_OE21-4-NEG,batch_06_ALL-25-2-NEG",Fungi
NEG_4431,Streptophyta,2,0.7811497528338389,0.7194106247941626,0.7155011799263538,0.8888888888888888,"batch_02_OE21-4-NEG,batch_03_OE23-NEG",Plantae
NEG_62064,Basidiomycota,2,0.7811487993001873,0.5628130336501698,0.7766483947775439,0.7857142857142857,"batch_01_OE11-3-NEG,batch_02_OE21-4-NEG",Fungi
NEG_66889,Streptophyta,2,0.7811192817947539,0.7619131766782532,0.7706463880989604,0.8333333333333333,"batch_02_OE21-4-NEG,batch_03_OE23-NEG",Plantae
NEG_75495,Pseudomonadota,2,0.7810568900645479,0.5621137801290959,0.9739578527165322,0.6666666666666666,"batch_05_OE25-1-NEG,batch_06_ALL-25-2-NEG",Bacteria
NEG_65747,Streptophyta,2,0.7810405724414567,0.5620811448829135,0.9739028201493303,0.6666666666666666,"batch_02_OE21-4-NEG,batch_03_OE23-NEG",Plantae
NEG_4937,Ascomycota,2,0.7809612324217777,0.5704482164192463,0.7355689683561988,0.8333333333333333,"batch_02_OE21-4-NEG,batch_06_ALL-25-2-NEG",Fungi
NEG_69195,Ascomycota,2,0.7807809200493441,0.5615618400986881,0.973027550382537,0.6666666666666666,"batch_02_OE21-4-NEG,batch_06_ALL-25-2-NEG",Fungi
NEG_50026,Bacillota,2,0.7807559962486624,0.680110065775891,0.7435394684529595,0.8625730994152047,"batch_02_OE21-4-NEG,batch_06_ALL-25-2-NEG",Bacteria
NEG_62948,Ascomycota,2,0.7804946130872881,0.5610210853936723,0.814712799544703,0.75,"batch_02_OE21-4-NEG,batch_03_OE23-NEG",Fungi
NEG_66274,Basidiomycota,2,0.7804495532798824,0.6906734932312825,0.7960474490172312,0.7857142857142857,"batch_01_OE11-3-NEG,batch_02_OE21-4-NEG",Fungi
NEG_24562,Ascomycota,2,0.7803863623573444,0.6559791412024456,0.6244800312288123,1.0,"batch_01_OE11-3-NEG,batch_03_OE23-NEG",Fungi
NEG_23919,Basidiomycota,2,0.7803595323763677,0.5711253921533709,0.9789241387678616,0.6666666666666666,"batch_01_OE11-3-NEG,batch_04_OE26-1-NEG",Fungi
NEG_61374,Ascomycota,2,0.780345922185167,0.6246517916282329,0.9063133231099512,0.7083333333333334,"batch_02_OE21-4-NEG,batch_06_ALL-25-2-NEG",Fungi
NEG_48266,Ascomycota,2,0.7803229225590959,0.618006022950117,0.9026026504516744,0.7083333333333334,"batch_02_OE21-4-NEG,batch_06_ALL-25-2-NEG",Fungi
NEG_21993,Ascomycota,3,0.7802937745960351,0.5935680315649239,0.7909170314490682,0.8055555555555557,"batch_02_OE21-4-NEG,batch_03_OE23-NEG,batch_06_ALL-25-2-NEG",Fungi
NEG_110989,Bacillota,2,0.7802894990839817,0.6882472016116853,0.9891903478248526,0.6257309941520468,"batch_02_OE21-4-NEG,batch_06_ALL-25-2-NEG",Bacteria
NEG_61675,Ascomycota,2,0.7801280547312701,0.5602561094625401,0.7690459213058014,0.7916666666666667,"batch_02_OE21-4-NEG,batch_06_ALL-25-2-NEG",Fungi
NEG_72977,Actinomycetota,2,0.7800894933199906,0.7696095715978862,0.7961494463475409,0.8125,"batch_04_OE26-1-NEG,batch_06_ALL-25-2-NEG",Bacteria
NEG_67146,Streptophyta,2,0.780024705242901,0.5704782716633008,0.9777937070551512,0.6666666666666666,"batch_01_OE11-3-NEG,batch_02_OE21-4-NEG",Plantae
NEG_51413,Streptophyta,3,0.7799093116671102,0.6666666666666666,0.8827670893935095,0.7314814814814815,"batch_01_OE11-3-NEG,batch_02_OE21-4-NEG,batch_03_OE23-NEG",Plantae
NEG_21240,Ascomycota,2,0.7798773206337197,0.639572012211325,0.9142308659731634,0.7083333333333334,"batch_02_OE21-4-NEG,batch_06_ALL-25-2-NEG",Fungi
NEG_63155,Streptophyta,3,0.7796280399650243,0.6567017762284716,0.9737003680248199,0.6481481481481481,"batch_01_OE11-3-NEG,batch_02_OE21-4-NEG,batch_03_OE23-NEG",Plantae
NEG_42398,Streptophyta,3,0.7793505655652399,0.7284025515187337,0.8419758536105902,0.7685185185185185,"batch_01_OE11-3-NEG,batch_02_OE21-4-NEG,batch_03_OE23-NEG",Plantae
NEG_110505,Bacillota,2,0.7793172184822503,0.6666666666666666,0.9723913613047409,0.6432748538011696,"batch_02_OE21-4-NEG,batch_06_ALL-25-2-NEG",Bacteria
NEG_17171,Basidiomycota,2,0.7792674517471827,0.5961914893951988,0.877737430695163,0.7142857142857143,"batch_01_OE11-3-NEG,batch_02_OE21-4-NEG",Fungi
NEG_114410,Basidiomycota,2,0.7792641322802519,0.5616806661064921,0.8649185997292367,0.7142857142857143,"batch_01_OE11-3-NEG,batch_02_OE21-4-NEG",Fungi
NEG_3906,Basidiomycota,2,0.7790897508362484,0.76714278586842,0.6592684936425385,0.9285714285714286,"batch_01_OE11-3-NEG,batch_02_OE21-4-NEG",Fungi
NEG_75124,Ascomycota,2,0.7790328269073533,0.5756521522344108,0.88021862449016,0.7083333333333334,"batch_02_OE21-4-NEG,batch_06_ALL-25-2-NEG",Fungi
NEG_80558,Streptophyta,2,0.7790257282588582,0.7017094102545852,0.9812772299052555,0.625,"batch_01_OE11-3-NEG,batch_03_OE23-NEG",Plantae
NEG_56150,Streptophyta,3,0.7790042442455262,0.7071067811865476,0.8872116014053913,0.7222222222222222,"batch_01_OE11-3-NEG,batch_02_OE21-4-NEG,batch_03_OE23-NEG",Plantae
NEG_93965,Streptophyta,2,0.7789338798688936,0.5701313621646075,0.9753862507309274,0.6666666666666666,"batch_02_OE21-4-NEG,batch_03_OE23-NEG",Plantae
NEG_1671,Ascomycota,3,0.7789278207088737,0.5563462982380446,0.7420362084386385,0.8333333333333334,"batch_02_OE21-4-NEG,batch_03_OE23-NEG,batch_06_ALL-25-2-NEG",Fungi
NEG_73353,Streptophyta,2,0.7789252768452714,0.7453559924999299,0.8300737059821632,0.7777777777777778,"batch_02_OE21-4-NEG,batch_03_OE23-NEG",Plantae
NEG_33749,Streptophyta,3,0.7789058940932624,0.651152468549035,0.667366172635972,0.9166666666666666,"batch_01_OE11-3-NEG,batch_03_OE23-NEG,batch_06_ALL-25-2-NEG",Plantae
NEG_87844,Ascomycota,2,0.7788012598332563,0.5652981045028695,0.766244266423376,0.7916666666666667,"batch_02_OE21-4-NEG,batch_06_ALL-25-2-NEG",Fungi
NEG_16647,Ascomycota,2,0.7787350518727956,0.5951063346305869,0.8172235615700706,0.75,"batch_01_OE11-3-NEG,batch_06_ALL-25-2-NEG",Fungi
NEG_3389,Ascomycota,2,0.778716349346023,0.6199931079145362,0.9006662378123833,0.7083333333333334,"batch_02_OE21-4-NEG,batch_06_ALL-25-2-NEG",Fungi
NEG_62073,Ascomycota,2,0.7786999636375763,0.5579535527772673,0.9664147783336459,0.6666666666666666,"batch_02_OE21-4-NEG,batch_06_ALL-25-2-NEG",Fungi
NEG_74930,Ascomycota,2,0.7786680850861024,0.5813829671296112,0.7297469431158718,0.8333333333333333,"batch_02_OE21-4-NEG,batch_06_ALL-25-2-NEG",Fungi
NEG_60935,Streptophyta,2,0.7786434105405462,0.7071067811865476,0.8614030501175449,0.75,"batch_01_OE11-3-NEG,batch_03_OE23-NEG",Plantae
NEG_85299,Streptophyta,2,0.7785928896125657,0.6911603754406928,0.9777026645793194,0.625,"batch_01_OE11-3-NEG,batch_03_OE23-NEG",Plantae
NEG_44467,Streptophyta,3,0.7785883064884006,0.672296813248674,0.9529239752949238,0.6388888888888888,"batch_01_OE11-3-NEG,batch_02_OE21-4-NEG,batch_03_OE23-NEG",Plantae
NEG_20236,Streptophyta,2,0.7785119353183156,0.6909984668521926,0.9774788811920807,0.625,"batch_01_OE11-3-NEG,batch_03_OE23-NEG",Plantae
NEG_111710,Pseudomonadota,2,0.7784890332849385,0.5569780665698769,0.9653368499598775,0.6666666666666666,"batch_04_OE26-1-NEG,batch_06_ALL-25-2-NEG",Bacteria
NEG_57272,Ascomycota,2,0.7784043865108505,0.5582298353817194,0.8102004964593987,0.75,"batch_02_OE21-4-NEG,batch_06_ALL-25-2-NEG",Fungi
NEG_72005,Basidiomycota,2,0.7783335273873113,0.7247841888440713,0.8056626566629773,0.7857142857142857,"batch_01_OE11-3-NEG,batch_02_OE21-4-NEG",Fungi
NEG_72161,Streptophyta,2,0.7782442155654203,0.6027554091385997,0.863531682270797,0.7222222222222222,"batch_02_OE21-4-NEG,batch_03_OE23-NEG",Plantae
NEG_113592,Pseudomonadota,2,0.7781981438815186,0.575088000199718,0.9775722895807932,0.6666666666666666,"batch_05_OE25-1-NEG,batch_06_ALL-25-2-NEG",Bacteria
NEG_26325,Streptophyta,2,0.7781513045173514,0.6909571573496293,0.9766369604607097,0.625,"batch_01_OE11-3-NEG,batch_03_OE23-NEG",Plantae
NEG_11138,Ascomycota,2,0.7780904911762216,0.670613651328415,0.8418374182365393,0.75,"batch_03_OE23-NEG,batch_06_ALL-25-2-NEG",Fungi
NEG_113077,Pseudomonadota,2,0.7779362519788484,0.5558725039576968,0.8089942406561996,0.75,"batch_04_OE26-1-NEG,batch_05_OE25-1-NEG",Bacteria
NEG_97868,Streptophyta,2,0.7777873558722315,0.6411728471799767,0.8805558324154921,0.7222222222222222,"batch_02_OE21-4-NEG,batch_03_OE23-NEG",Plantae
NEG_4134,Basidiomycota,2,0.7776691159805478,0.7293404817727058,0.6639609344440522,0.9285714285714286,"batch_01_OE11-3-NEG,batch_02_OE21-4-NEG",Fungi
NEG_5846,Ascomycota,2,0.7775383923626238,0.5681766356297012,0.6483982967801488,1.0,"batch_03_OE23-NEG,batch_06_ALL-25-2-NEG",Fungi
NEG_2749,Basidiomycota,2,0.7774986991142121,0.7268515803871742,0.8051868152263926,0.7857142857142857,"batch_01_OE11-3-NEG,batch_02_OE21-4-NEG",Fungi
NEG_77465,Streptophyta,2,0.7774582972168211,0.5642347763060812,0.9682665565740252,0.6666666666666666,"batch_02_OE21-4-NEG,batch_03_OE23-NEG",Plantae
NEG_51745,Ascomycota,2,0.777421584299515,0.6828076976912902,0.8464492832871222,0.75,"batch_03_OE23-NEG,batch_06_ALL-25-2-NEG",Fungi
NEG_93262,Streptophyta,2,0.777397790368335,0.6887701769522314,0.9269639209929273,0.6527777777777778,"batch_01_OE11-3-NEG,batch_02_OE21-4-NEG",Plantae
NEG_21364,Ascomycota,2,0.7773835651694175,0.5583337387936582,0.9640445977060692,0.6666666666666666,"batch_02_OE21-4-NEG,batch_03_OE23-NEG",Fungi
NEG_120845,Streptophyta,2,0.7773291642109208,0.6886329246374029,0.7371076524473315,0.875,"batch_01_OE11-3-NEG,batch_03_OE23-NEG",Plantae
NEG_66374,Pseudomonadota,2,0.7772900652260475,0.5545801304520951,0.9613386816383943,0.6666666666666666,"batch_05_OE25-1-NEG,batch_06_ALL-25-2-NEG",Bacteria
NEG_50166,Ascomycota,2,0.7772166110542843,0.5544332221085686,0.8688754373332273,0.7083333333333334,"batch_02_OE21-4-NEG,batch_06_ALL-25-2-NEG",Fungi
NEG_61851,Streptophyta,2,0.7770395117172666,0.7071067811865476,0.8586809895692904,0.75,"batch_01_OE11-3-NEG,batch_03_OE23-NEG",Plantae
NEG_18878,Ascomycota,2,0.7767614721433458,0.6927713228132362,0.6104127297907919,1.0,"batch_01_OE11-3-NEG,batch_03_OE23-NEG",Fungi
NEG_68939,Streptophyta,2,0.7765386909692852,0.7365808010108443,0.7712756382088886,0.8333333333333333,"batch_02_OE21-4-NEG,batch_03_OE23-NEG",Plantae
NEG_113498,Ascomycota,2,0.7765101459880823,0.5600991732250786,0.9635127998020789,0.6666666666666666,"batch_02_OE21-4-NEG,batch_06_ALL-25-2-NEG",Fungi
NEG_68903,Bacillota,2,0.7765036890221886,0.6644840614057386,0.9967314513450485,0.6169590643274854,"batch_02_OE21-4-NEG,batch_06_ALL-25-2-NEG",Bacteria
NEG_20639,Ascomycota,2,0.7764028431884803,0.5687388121907049,0.807657642927448,0.75,"batch_02_OE21-4-NEG,batch_06_ALL-25-2-NEG",Fungi
NEG_74620,Bacillota,2,0.7762918960535194,0.7578643778680125,0.9307688114309522,0.6491228070175439,"batch_02_OE21-4-NEG,batch_06_ALL-25-2-NEG",Bacteria
NEG_50367,Mucoromycota,2,0.7762107941610485,0.5547594070056331,0.8823624135911147,0.7,"batch_01_OE11-3-NEG,batch_04_OE26-1-NEG",Fungi
NEG_18877,Ascomycota,3,0.7762105283811102,0.6965962051487428,0.7758031655997991,0.8333333333333334,"batch_01_OE11-3-NEG,batch_03_OE23-NEG,batch_06_ALL-25-2-NEG",Fungi
NEG_35670,Pseudomonadota,2,0.776195767246215,0.5523915344924301,0.9577046110683523,0.6666666666666666,"batch_05_OE25-1-NEG,batch_06_ALL-25-2-NEG",Bacteria
NEG_18980,Ascomycota,2,0.7761925910259067,0.6734633837610525,0.6130282283887757,1.0,"batch_03_OE23-NEG,batch_06_ALL-25-2-NEG",Fungi
NEG_75268,Streptophyta,2,0.7759554551721989,0.7354143294166717,0.7704171179556865,0.8333333333333333,"batch_02_OE21-4-NEG,batch_03_OE23-NEG",Plantae
NEG_4959,Ascomycota,2,0.7757775240135807,0.6488846722898031,0.8284582215495568,0.75,"batch_03_OE23-NEG,batch_06_ALL-25-2-NEG",Fungi
NEG_55604,Streptophyta,2,0.7757393640035055,0.5773502691896257,0.974463127138967,0.6666666666666666,"batch_02_OE21-4-NEG,batch_03_OE23-NEG",Plantae
NEG_42103,Streptophyta,2,0.7755547110846941,0.5773502691896257,0.9741034440059322,0.6666666666666666,"batch_02_OE21-4-NEG,batch_03_OE23-NEG",Plantae
NEG_68727,Pseudomonadota,2,0.7754935092509586,0.6125142701016177,0.721745848053594,0.8333333333333333,"batch_05_OE25-1-NEG,batch_06_ALL-25-2-NEG",Bacteria
NEG_79804,Streptophyta,2,0.775467951414651,0.6849104990448632,0.9691023917018835,0.625,"batch_01_OE11-3-NEG,batch_03_OE23-NEG",Plantae
NEG_8467,Basidiomycota,2,0.7754345916875733,0.7212687883306254,0.6475851289906378,0.9285714285714286,"batch_01_OE11-3-NEG,batch_02_OE21-4-NEG",Fungi
NEG_52845,Ascomycota,2,0.7754247402147456,0.5676092288104938,0.8699969801589069,0.7083333333333334,"batch_02_OE21-4-NEG,batch_06_ALL-25-2-NEG",Fungi
NEG_67182,Streptophyta,2,0.7753665391856892,0.7430917673300746,0.8231090808566184,0.7777777777777778,"batch_02_OE21-4-NEG,batch_03_OE23-NEG",Plantae
NEG_37966,Streptophyta,3,0.7753240074959624,0.5872945880602698,0.8458600554022162,0.7314814814814815,"batch_01_OE11-3-NEG,batch_02_OE21-4-NEG,batch_03_OE23-NEG",Plantae
NEG_68116,Streptophyta,2,0.7753083327454002,0.7407439289923632,0.8217783361668725,0.7777777777777778,"batch_02_OE21-4-NEG,batch_03_OE23-NEG",Plantae
NEG_67140,Streptophyta,2,0.7752267376792232,0.6870848921751765,0.9690225226739654,0.625,"batch_01_OE11-3-NEG,batch_03_OE23-NEG",Plantae
NEG_59789,Streptophyta,3,0.7752230446328602,0.7071067811865476,0.8811031674226522,0.7222222222222222,"batch_01_OE11-3-NEG,batch_02_OE21-4-NEG,batch_03_OE23-NEG",Plantae
NEG_72608,Streptophyta,2,0.7751035248542036,0.742188674458102,0.7395798687414774,0.8333333333333333,"batch_02_OE21-4-NEG,batch_03_OE23-NEG",Plantae
NEG_12230,Basidiomycota,2,0.7749408347671911,0.734743967948219,0.8045923474053434,0.7857142857142857,"batch_01_OE11-3-NEG,batch_02_OE21-4-NEG",Fungi
NEG_81553,Ascomycota,2,0.7749161642140079,0.6025814758483528,0.6301943063742386,1.0,"batch_03_OE23-NEG,batch_06_ALL-25-2-NEG",Fungi
NEG_32869,Ascomycota,2,0.7748715165388544,0.5773502691896257,0.9727738436309529,0.6666666666666666,"batch_02_OE21-4-NEG,batch_03_OE23-NEG",Fungi
NEG_38000,Streptophyta,2,0.7748171507421142,0.5524527012251442,0.9549915525840718,0.6666666666666666,"batch_02_OE21-4-NEG,batch_03_OE23-NEG",Plantae
NEG_118362,Ascomycota,2,0.7747740173138444,0.5521954904883652,0.9547358382241202,0.6666666666666666,"batch_02_OE21-4-NEG,batch_03_OE23-NEG",Fungi
NEG_76117,Ascomycota,2,0.7747436690392622,0.557230206986958,0.8648937113955064,0.7083333333333334,"batch_02_OE21-4-NEG,batch_06_ALL-25-2-NEG",Fungi
NEG_57313,Pseudomonadota,2,0.7746788768591784,0.5493577537183567,0.9526909123557181,0.6666666666666666,"batch_05_OE25-1-NEG,batch_06_ALL-25-2-NEG",Bacteria
NEG_113549,Pseudomonadota,2,0.7746496017852273,0.5758794768897176,0.9712287399997627,0.6666666666666666,"batch_05_OE25-1-NEG,batch_06_ALL-25-2-NEG",Bacteria
NEG_56896,Pseudomonadota,2,0.7746255160430267,0.5492510320860533,0.9525150443713921,0.6666666666666666,"batch_05_OE25-1-NEG,batch_06_ALL-25-2-NEG",Bacteria
NEG_60003,Ascomycota,2,0.7745773659939015,0.5491547319878031,0.861885103597515,0.7083333333333334,"batch_02_OE21-4-NEG,batch_06_ALL-25-2-NEG",Fungi
NEG_24064,Ascomycota,3,0.7745406904414155,0.5,0.8900281184222485,0.75,"batch_02_OE21-4-NEG,batch_03_OE23-NEG,batch_06_ALL-25-2-NEG",Fungi
NEG_92408,Ascomycota,2,0.7743596456614021,0.6140748790721232,0.8892856372046417,0.7083333333333334,"batch_02_OE21-4-NEG,batch_06_ALL-25-2-NEG",Fungi
NEG_83062,Pseudomonadota,2,0.7743526592363161,0.5512945784612832,0.9533026605061994,0.6666666666666666,"batch_05_OE25-1-NEG,batch_06_ALL-25-2-NEG",Bacteria
NEG_86022,Streptophyta,2,0.7741690203433886,0.7318414597590512,0.7677959611111296,0.8333333333333333,"batch_02_OE21-4-NEG,batch_03_OE23-NEG",Plantae
NEG_33032,Ascomycota,2,0.774093409261296,0.5594423875032032,0.7570727334518852,0.7916666666666667,"batch_02_OE21-4-NEG,batch_03_OE23-NEG",Fungi
NEG_100157,Actinomycetota,2,0.7740763947321743,0.7318580901105286,0.8058192137507034,0.7708333333333333,"batch_01_OE11-3-NEG,batch_06_ALL-25-2-NEG",Bacteria
NEG_110879,Pseudomonadota,2,0.7739756495402383,0.5479512990804766,0.9503759392459727,0.6666666666666666,"batch_05_OE25-1-NEG,batch_06_ALL-25-2-NEG",Bacteria
NEG_53748,Bacillota,2,0.7738870388445234,0.6666666666666666,0.9916885041804221,0.6169590643274854,"batch_02_OE21-4-NEG,batch_06_ALL-25-2-NEG",Bacteria
NEG_7953,Ascomycota,2,0.77386066240452,0.5743264758514443,0.9685251172844996,0.6666666666666666,"batch_02_OE21-4-NEG,batch_06_ALL-25-2-NEG",Fungi
NEG_20284,Streptophyta,2,0.7736296381139781,0.5773502691896257,0.9703617409670402,0.6666666666666666,"batch_02_OE21-4-NEG,batch_03_OE23-NEG",Plantae
NEG_103672,Pseudomonadota,2,0.7735866637455833,0.5471733274911664,0.7245489877383164,0.8333333333333333,"batch_05_OE25-1-NEG,batch_06_ALL-25-2-NEG",Bacteria
NEG_63988,Bacillota,2,0.7734808305422733,0.7304650801568205,0.8899232858939112,0.6754385964912281,"batch_02_OE21-4-NEG,batch_06_ALL-25-2-NEG",Bacteria
NEG_19192,Basidiomycota,2,0.7734182736327309,0.5718277476627286,0.7042119607493018,0.8571428571428572,"batch_01_OE11-3-NEG,batch_02_OE21-4-NEG",Fungi
NEG_44998,Streptophyta,2,0.7732139949636672,0.5773502691896257,0.9695558144150962,0.6666666666666666,"batch_02_OE21-4-NEG,batch_03_OE23-NEG",Plantae
NEG_83477,Streptophyta,3,0.7731899654824028,0.6666666666666666,0.873058904348118,0.7314814814814815,"batch_01_OE11-3-NEG,batch_02_OE21-4-NEG,batch_03_OE23-NEG",Plantae
NEG_901,Ascomycota,2,0.7729908952388218,0.5491285560240302,0.7230148138010927,0.8333333333333333,"batch_02_OE21-4-NEG,batch_03_OE23-NEG",Fungi
NEG_85794,Ascomycota,2,0.7729109356631331,0.5703846338018899,0.8475544798629544,0.71875,"batch_04_OE26-1-NEG,batch_06_ALL-25-2-NEG",Fungi
NEG_9731,Streptophyta,2,0.7728906170944967,0.705757860991393,0.8509137921102841,0.75,"batch_01_OE11-3-NEG,batch_03_OE23-NEG",Plantae
NEG_2104,Ascomycota,2,0.7728570883829711,0.6433918177488158,0.6140693353641784,1.0,"batch_03_OE23-NEG,batch_06_ALL-25-2-NEG",Fungi
NEG_80764,Streptophyta,2,0.7728423873677386,0.6386336764869176,0.8702054417530556,0.7222222222222222,"batch_02_OE21-4-NEG,batch_03_OE23-NEG",Plantae
NEG_73123,Streptophyta,3,0.7728257765228591,0.7070959332842087,0.9999897725780441,0.6018518518518519,"batch_01_OE11-3-NEG,batch_02_OE21-4-NEG,batch_03_OE23-NEG",Plantae
NEG_59179,Ascomycota,2,0.7727740769273574,0.5568779004486225,0.8608700301947125,0.7083333333333334,"batch_02_OE21-4-NEG,batch_03_OE23-NEG",Fungi
NEG_91207,Streptophyta,2,0.7727680070804419,0.7375274942632567,0.8159910084283913,0.7777777777777778,"batch_02_OE21-4-NEG,batch_03_OE23-NEG",Plantae
NEG_73224,Actinomycetota,2,0.772688968458952,0.6793525331334652,0.730759932137428,0.875,"batch_04_OE26-1-NEG,batch_06_ALL-25-2-NEG",Bacteria
NEG_1669,Ascomycota,3,0.7725392036754387,0.5954175714208125,0.6720095062466925,0.8888888888888888,"batch_02_OE21-4-NEG,batch_03_OE23-NEG,batch_06_ALL-25-2-NEG",Fungi
NEG_42104,Streptophyta,2,0.7725292791481584,0.5773502691896257,0.9682296664028995,0.6666666666666666,"batch_02_OE21-4-NEG,batch_03_OE23-NEG",Plantae
NEG_77919,Mucoromycota,2,0.7724525490207794,0.5568945699204073,0.6819146280933907,0.9,"batch_01_OE11-3-NEG,batch_04_OE26-1-NEG",Fungi
NEG_19106,Ascomycota,2,0.7724071327786062,0.5551406411263837,0.7979080728772387,0.75,"batch_03_OE23-NEG,batch_06_ALL-25-2-NEG",Fungi
NEG_71688,Streptophyta,2,0.772386707618256,0.575911337841726,0.9668576660888399,0.6666666666666666,"batch_02_OE21-4-NEG,batch_03_OE23-NEG",Plantae
NEG_53032,Ascomycota,2,0.7720879543357175,0.5445963741722806,0.944457439037165,0.6666666666666666,"batch_02_OE21-4-NEG,batch_06_ALL-25-2-NEG",Fungi
NEG_96713,Streptophyta,3,0.7720769156317556,0.7048493506108985,0.9978750713710701,0.6018518518518519,"batch_01_OE11-3-NEG,batch_02_OE21-4-NEG,batch_03_OE23-NEG",Plantae
NEG_98539,Streptophyta,2,0.7719002885457757,0.6618834734033546,0.9380897323644892,0.6388888888888888,"batch_02_OE21-4-NEG,batch_03_OE23-NEG",Plantae
NEG_86150,Streptophyta,2,0.7718282220703228,0.7271598632129196,0.764380733333916,0.8333333333333333,"batch_02_OE21-4-NEG,batch_03_OE23-NEG",Plantae
NEG_55055,Bacillota,2,0.7715051240828842,0.6069769786668839,0.9928390334049337,0.6286549707602339,"batch_02_OE21-4-NEG,batch_06_ALL-25-2-NEG",Bacteria
NEG_53979,Ascomycota,2,0.7713917570826552,0.5796356331589562,0.8669998810166157,0.7083333333333334,"batch_02_OE21-4-NEG,batch_06_ALL-25-2-NEG",Fungi
NEG_103393,Streptophyta,3,0.7713908135970602,0.7027910445068118,0.9959435014926504,0.6018518518518519,"batch_01_OE11-3-NEG,batch_02_OE21-4-NEG,batch_03_OE23-NEG",Plantae
NEG_82847,Streptophyta,3,0.7713351958169197,0.7026241911663905,0.995787169341483,0.6018518518518519,"batch_01_OE11-3-NEG,batch_02_OE21-4-NEG,batch_03_OE23-NEG",Plantae
NEG_62561,Ascomycota,3,0.7711097174348831,0.5532505362566377,0.8319825930362409,0.7777777777777777,"batch_02_OE21-4-NEG,batch_03_OE23-NEG,batch_06_ALL-25-2-NEG",Fungi
NEG_20618,Ascomycota,3,0.7709925904936158,0.6314496143671939,0.7453240479931992,0.8333333333333334,"batch_01_OE11-3-NEG,batch_03_OE23-NEG,batch_06_ALL-25-2-NEG",Fungi
NEG_54869,Bacillota,2,0.7709864155188688,0.7254762501100116,1.0,0.5964912280701754,"batch_02_OE21-4-NEG,batch_06_ALL-25-2-NEG",Bacteria
NEG_46480,Bacillota,2,0.7709864155188688,0.7254762501100116,1.0,0.5964912280701754,"batch_02_OE21-4-NEG,batch_06_ALL-25-2-NEG",Bacteria
NEG_34680,Streptophyta,2,0.7709685050713371,0.6834059266966188,0.9584274081394363,0.625,"batch_01_OE11-3-NEG,batch_03_OE23-NEG",Plantae
NEG_64634,Ascomycota,2,0.7709593987022001,0.6807484453033814,0.8342256334518671,0.75,"batch_02_OE21-4-NEG,batch_03_OE23-NEG",Fungi
NEG_77315,Streptophyta,2,0.7709440049848624,0.6959474355709746,0.9614198033538741,0.625,"batch_01_OE11-3-NEG,batch_03_OE23-NEG",Plantae
NEG_79487,Ascomycota,3,0.7709301336319857,0.6114573929034111,0.6091514461263898,1.0,"batch_01_OE11-3-NEG,batch_03_OE23-NEG,batch_06_ALL-25-2-NEG",Fungi
NEG_18805,Basidiomycota,2,0.7708876879238702,0.7495001142315703,0.8053816636634801,0.7857142857142857,"batch_01_OE11-3-NEG,batch_02_OE21-4-NEG",Fungi
NEG_49641,Bacillota,2,0.7708704404841061,0.6069769786668839,0.9915032485881542,0.6286549707602339,"batch_02_OE21-4-NEG,batch_06_ALL-25-2-NEG",Bacteria
NEG_81968,Ascomycota,2,0.7704199168344178,0.67570107854193,0.765579916419318,0.7916666666666667,"batch_02_OE21-4-NEG,batch_03_OE23-NEG",Fungi
NEG_73576,Pseudomonadota,2,0.7704038875172727,0.5408077750345455,0.9387095743067233,0.6666666666666666,"batch_05_OE25-1-NEG,batch_06_ALL-25-2-NEG",Bacteria
NEG_31755,Ascomycota,2,0.770346863321642,0.6928325913614753,0.5994427521870074,1.0,"batch_03_OE23-NEG,batch_06_ALL-25-2-NEG",Fungi
NEG_2824,Streptophyta,2,0.7702768560100847,0.7343656205489723,0.5946160517371242,1.0,"batch_01_OE11-3-NEG,batch_03_OE23-NEG",Plantae
NEG_72490,Ascomycota,2,0.7701806674056925,0.6510338956748115,0.8192967803181292,0.75,"batch_02_OE21-4-NEG,batch_06_ALL-25-2-NEG",Fungi
NEG_78117,Basidiomycota,2,0.7700433044890536,0.5906680217097358,0.7559754498120161,0.7857142857142857,"batch_01_OE11-3-NEG,batch_02_OE21-4-NEG",Fungi
NEG_86516,Streptophyta,2,0.7698025258622097,0.7231084707966933,0.761442930268966,0.8333333333333333,"batch_02_OE21-4-NEG,batch_03_OE23-NEG",Plantae
NEG_97264,Streptophyta,2,0.769668379519941,0.7071067811865476,0.8463033680188807,0.75,"batch_01_OE11-3-NEG,batch_03_OE23-NEG",Plantae
NEG_3122,Streptophyta,2,0.7696322603742858,0.701545462227694,0.9433059633638365,0.6388888888888888,"batch_01_OE11-3-NEG,batch_02_OE21-4-NEG",Plantae
NEG_56225,Mucoromycota,2,0.7694948433050857,0.6670965309087803,0.6582349509485459,0.9,"batch_01_OE11-3-NEG,batch_04_OE26-1-NEG",Fungi
NEG_58662,Ascomycota,2,0.7693872431368763,0.6018891841091767,0.8011476246536149,0.75,"batch_03_OE23-NEG,batch_06_ALL-25-2-NEG",Fungi
NEG_110977,Bacillota,2,0.7691777248043492,0.7453559924999299,0.8982704880173742,0.672514619883041,"batch_02_OE21-4-NEG,batch_06_ALL-25-2-NEG",Bacteria
NEG_1667,Ascomycota,2,0.7691504662006305,0.5410474700598432,0.9363557813632082,0.6666666666666666,"batch_02_OE21-4-NEG,batch_03_OE23-NEG",Fungi
NEG_75988,Streptophyta,3,0.7690287501493466,0.6597962304664634,0.7847283588282847,0.8055555555555555,"batch_01_OE11-3-NEG,batch_02_OE21-4-NEG,batch_03_OE23-NEG",Plantae
NEG_32575,Ascomycota,2,0.7688846286771149,0.5763577172328599,0.9604384020600822,0.6666666666666666,"batch_02_OE21-4-NEG,batch_06_ALL-25-2-NEG",Fungi
NEG_99553,Ascomycota,2,0.7687915310130342,0.6384117859716635,0.8933380220016884,0.7083333333333334,"batch_02_OE21-4-NEG,batch_03_OE23-NEG",Fungi
NEG_59176,Ascomycota,2,0.7687491442000849,0.5374982884001697,0.933356615049668,0.6666666666666666,"batch_02_OE21-4-NEG,batch_06_ALL-25-2-NEG",Fungi
NEG_110286,Bacillota,2,0.768652444455709,0.7208083079836921,0.9935863860153975,0.5964912280701754,"batch_02_OE21-4-NEG,batch_06_ALL-25-2-NEG",Bacteria
NEG_42956,Bacillota,2,0.768629436093849,0.5736560798650129,0.9578871176351792,0.6666666666666666,"batch_02_OE21-4-NEG,batch_06_ALL-25-2-NEG",Bacteria
NEG_68118,Streptophyta,3,0.7685113870877521,0.695369212131364,0.9879384252234115,0.6018518518518519,"batch_01_OE11-3-NEG,batch_02_OE21-4-NEG,batch_03_OE23-NEG",Plantae
NEG_116133,Streptophyta,2,0.7684302278391489,0.5773502691896257,0.9603298989877631,0.6666666666666666,"batch_02_OE21-4-NEG,batch_03_OE23-NEG",Plantae
NEG_18992,Ascomycota,2,0.7683492413642233,0.5483875701942087,0.7891081570606373,0.75,"batch_03_OE23-NEG,batch_06_ALL-25-2-NEG",Fungi
NEG_44097,Streptophyta,2,0.7681396372571949,0.7453559924999299,0.8127798190162623,0.7777777777777778,"batch_02_OE21-4-NEG,batch_03_OE23-NEG",Plantae
NEG_7790,Ascomycota,2,0.7680485679894298,0.5629161392326194,0.6847903460863745,0.875,"batch_02_OE21-4-NEG,batch_03_OE23-NEG",Fungi
NEG_37486,Ascomycota,2,0.7680418278009771,0.5802046851564949,0.7934897797474829,0.75,"batch_03_OE23-NEG,batch_06_ALL-25-2-NEG",Fungi
NEG_82712,Streptophyta,2,0.7680114188452809,0.7071067811865476,0.843550914365083,0.75,"batch_01_OE11-3-NEG,batch_03_OE23-NEG",Plantae
NEG_5937,Ascomycota,3,0.7679435797533812,0.6859314359374341,0.5931623672170973,1.0,"batch_01_OE11-3-NEG,batch_03_OE23-NEG,batch_06_ALL-25-2-NEG",Fungi
NEG_2998,Streptophyta,3,0.7678713022575279,0.7381221145724587,0.7165455074255616,0.8425925925925926,"batch_01_OE11-3-NEG,batch_02_OE21-4-NEG,batch_03_OE23-NEG",Plantae
NEG_18086,Ascomycota,3,0.7675906285206399,0.5271104457261252,0.7190391689271372,0.8333333333333334,"batch_02_OE21-4-NEG,batch_03_OE23-NEG,batch_06_ALL-25-2-NEG",Fungi
NEG_49642,Bacillota,2,0.7675039252456409,0.7195473611557754,0.9086160111662511,0.6491228070175439,"batch_02_OE21-4-NEG,batch_06_ALL-25-2-NEG",Bacteria
NEG_20538,Ascomycota,3,0.7674495383247036,0.5106938179100576,0.8029875369959766,0.7777777777777777,"batch_02_OE21-4-NEG,batch_03_OE23-NEG,batch_06_ALL-25-2-NEG",Fungi
NEG_52269,Bacillota,2,0.7674366784143893,0.7602338473878384,0.9085191696252161,0.6491228070175439,"batch_02_OE21-4-NEG,batch_06_ALL-25-2-NEG",Bacteria
NEG_59326,Streptophyta,3,0.7674045053846225,0.5773502691896257,0.9125341469592452,0.6944444444444443,"batch_01_OE11-3-NEG,batch_02_OE21-4-NEG,batch_03_OE23-NEG",Plantae
NEG_4154,Streptophyta,2,0.7672993201862668,0.5887950144172999,0.7072819261870351,0.8333333333333333,"batch_02_OE21-4-NEG,batch_03_OE23-NEG",Plantae
NEG_79008,Ascomycota,2,0.7672020750077702,0.710146816076236,0.7179314515637765,0.8333333333333333,"batch_02_OE21-4-NEG,batch_03_OE23-NEG",Fungi
NEG_76237,Streptophyta,2,0.7671401494724368,0.7453559924999299,0.8112007806498176,0.7777777777777778,"batch_02_OE21-4-NEG,batch_03_OE23-NEG",Plantae
NEG_43071,Streptophyta,2,0.7670463681807824,0.7175961554338387,0.757472121146713,0.8333333333333333,"batch_02_OE21-4-NEG,batch_03_OE23-NEG",Plantae
NEG_52012,Streptophyta,2,0.7666253641572112,0.5361327043622561,0.820490238117771,0.7222222222222222,"batch_02_OE21-4-NEG,batch_03_OE23-NEG",Plantae
NEG_35519,Bacillota,2,0.7663963947720993,0.7428764511655793,0.8174906333024788,0.7280701754385965,"batch_02_OE21-4-NEG,batch_06_ALL-25-2-NEG",Bacteria
NEG_106505,Streptophyta,2,0.7663460352255527,0.6666666666666666,1.0,0.5972222222222222,"batch_01_OE11-3-NEG,batch_02_OE21-4-NEG",Plantae
NEG_101586,Streptophyta,2,0.7663460352255527,0.6666666666666666,1.0,0.5972222222222222,"batch_01_OE11-3-NEG,batch_02_OE21-4-NEG",Plantae
NEG_43433,Streptophyta,2,0.7663460352255527,0.6666666666666666,1.0,0.5972222222222222,"batch_01_OE11-3-NEG,batch_02_OE21-4-NEG",Plantae
NEG_94976,Streptophyta,2,0.7663460352255527,0.6666666666666666,1.0,0.5972222222222222,"batch_01_OE11-3-NEG,batch_02_OE21-4-NEG",Plantae
NEG_73807,Ascomycota,2,0.766326081027189,0.5380091378627195,0.7841112052103509,0.75,"batch_03_OE23-NEG,batch_06_ALL-25-2-NEG",Fungi
NEG_16034,Ascomycota,2,0.7662478653396532,0.532596638905418,0.9253878665251459,0.6666666666666666,"batch_02_OE21-4-NEG,batch_03_OE23-NEG",Fungi
NEG_11381,Ascomycota,3,0.7662037002809373,0.6107647875905352,0.7371573089184592,0.8333333333333334,"batch_01_OE11-3-NEG,batch_03_OE23-NEG,batch_06_ALL-25-2-NEG",Fungi
NEG_50485,Streptophyta,2,0.7661066954344988,0.5773502691896257,0.9558817905716375,0.6666666666666666,"batch_02_OE21-4-NEG,batch_03_OE23-NEG",Plantae
NEG_78663,Streptophyta,3,0.7659875387108973,0.6167674130878961,0.9191855953778426,0.6388888888888888,"batch_01_OE11-3-NEG,batch_02_OE21-4-NEG,batch_03_OE23-NEG",Plantae
NEG_54182,Ascomycota,3,0.7659665878880207,0.6340146636183981,0.6876979765783311,0.8888888888888888,"batch_02_OE21-4-NEG,batch_03_OE23-NEG,batch_06_ALL-25-2-NEG",Fungi
NEG_77125,Streptophyta,2,0.765872693439372,0.6657199830943056,0.9985809828774679,0.5972222222222222,"batch_01_OE11-3-NEG,batch_02_OE21-4-NEG",Plantae
NEG_4980,Ascomycota,2,0.765852073164667,0.5396515811926238,0.741704570926048,0.7916666666666667,"batch_02_OE21-4-NEG,batch_06_ALL-25-2-NEG",Fungi
NEG_88476,Ascomycota,2,0.7656283896804879,0.5407507320396733,0.929168146192199,0.6666666666666666,"batch_02_OE21-4-NEG,batch_06_ALL-25-2-NEG",Fungi
NEG_81974,Ascomycota,2,0.7656078847340406,0.5500509457909876,0.783898248576211,0.75,"batch_02_OE21-4-NEG,batch_06_ALL-25-2-NEG",Fungi
NEG_57642,Bacillota,2,0.7654013941056235,0.6488856845230502,1.0,0.5994152046783625,"batch_02_OE21-4-NEG,batch_06_ALL-25-2-NEG",Bacteria
NEG_87799,Bacillota,2,0.7654013941056235,0.6488856845230502,1.0,0.5994152046783625,"batch_02_OE21-4-NEG,batch_06_ALL-25-2-NEG",Bacteria
NEG_110442,Bacillota,2,0.7654013941056235,0.6488856845230502,1.0,0.5994152046783625,"batch_02_OE21-4-NEG,batch_06_ALL-25-2-NEG",Bacteria
NEG_22466,Ascomycota,2,0.7653348407833056,0.5348334172321711,0.7818917168700279,0.75,"batch_03_OE23-NEG,batch_06_ALL-25-2-NEG",Fungi
NEG_41474,Streptophyta,3,0.7652297355666887,0.6666666666666666,0.8607215433080385,0.7314814814814815,"batch_01_OE11-3-NEG,batch_02_OE21-4-NEG,batch_03_OE23-NEG",Plantae
NEG_96508,Streptophyta,2,0.7651035467347198,0.7137105125417135,0.7546913478562777,0.8333333333333333,"batch_02_OE21-4-NEG,batch_03_OE23-NEG",Plantae
NEG_75997,Ascomycota,2,0.7648802618500932,0.6035067920496348,0.6110832117233067,1.0,"batch_03_OE23-NEG,batch_06_ALL-25-2-NEG",Fungi
NEG_2009,Streptophyta,2,0.7647944359101849,0.6617247132993657,0.7706857353947001,0.7777777777777778,"batch_02_OE21-4-NEG,batch_03_OE23-NEG",Plantae
NEG_42638,Bacillota,2,0.7647579955765504,0.5561874643685258,0.9640167432810354,0.6403508771929824,"batch_02_OE21-4-NEG,batch_06_ALL-25-2-NEG",Bacteria
NEG_53886,Ascomycota,2,0.7647305979148691,0.7096259000088655,0.5878494151185452,1.0,"batch_01_OE11-3-NEG,batch_06_ALL-25-2-NEG",Fungi
NEG_72809,Streptophyta,2,0.7647192064676114,0.6666666666666666,0.8721875430796471,0.7222222222222222,"batch_02_OE21-4-NEG,batch_03_OE23-NEG",Plantae
NEG_97775,Streptophyta,2,0.7646991648113683,0.6633729258382981,0.9950715935771723,0.5972222222222222,"batch_01_OE11-3-NEG,batch_02_OE21-4-NEG",Plantae
NEG_20367,Basidiomycota,2,0.7643883197396023,0.7106741485840922,0.7765713700869026,0.7857142857142857,"batch_01_OE11-3-NEG,batch_02_OE21-4-NEG",Fungi
NEG_56050,Streptophyta,2,0.7641179906905402,0.5583209755631107,0.9379510268860516,0.6666666666666666,"batch_02_OE21-4-NEG,batch_03_OE23-NEG",Plantae
NEG_76452,Streptophyta,2,0.7639595441858447,0.5773502691896257,0.9517905400005915,0.6666666666666666,"batch_02_OE21-4-NEG,batch_03_OE23-NEG",Plantae
NEG_18841,Ascomycota,2,0.7638261474645581,0.6186819749204422,0.604497214374065,1.0,"batch_03_OE23-NEG,batch_06_ALL-25-2-NEG",Fungi
NEG_10320,Ascomycota,2,0.7635579905139955,0.5286655828164696,0.9176825465263891,0.6666666666666666,"batch_02_OE21-4-NEG,batch_06_ALL-25-2-NEG",Fungi
NEG_69676,Streptophyta,2,0.7635412828907837,0.7105859848538414,0.7524662209353519,0.8333333333333333,"batch_02_OE21-4-NEG,batch_03_OE23-NEG",Plantae
NEG_20677,Ascomycota,3,0.763495078653018,0.6228517594267676,0.8472985942591708,0.6944444444444445,"batch_02_OE21-4-NEG,batch_03_OE23-NEG,batch_06_ALL-25-2-NEG",Fungi
NEG_59546,Streptophyta,2,0.7634904891886978,0.7045003825277032,0.7849258753581446,0.7777777777777778,"batch_02_OE21-4-NEG,batch_03_OE23-NEG",Plantae
NEG_3293,Ascomycota,2,0.7634583470829888,0.7597310315281229,0.5828825406119349,1.0,"batch_03_OE23-NEG,batch_06_ALL-25-2-NEG",Fungi
NEG_102973,Streptophyta,2,0.7633978629656538,0.5773502691896257,0.9507233376637105,0.6666666666666666,"batch_02_OE21-4-NEG,batch_03_OE23-NEG",Plantae
NEG_44139,Streptophyta,2,0.7633313342018778,0.6651432067828068,0.9195542030125189,0.6388888888888888,"batch_02_OE21-4-NEG,batch_03_OE23-NEG",Plantae
NEG_60798,Ascomycota,2,0.7632230606180117,0.5268690039428672,0.832686343486947,0.7083333333333334,"batch_02_OE21-4-NEG,batch_06_ALL-25-2-NEG",Fungi
NEG_68719,Streptophyta,2,0.7630443262929627,0.6600632488014867,0.99014392897067,0.5972222222222222,"batch_01_OE11-3-NEG,batch_02_OE21-4-NEG",Plantae
NEG_71273,Streptophyta,2,0.762893378127063,0.6490798048598531,0.8582752065230381,0.7222222222222222,"batch_02_OE21-4-NEG,batch_03_OE23-NEG",Plantae
NEG_24411,Ascomycota,2,0.7627149101460797,0.538299920214779,0.9218629259682456,0.6666666666666666,"batch_02_OE21-4-NEG,batch_03_OE23-NEG",Fungi
NEG_112082,Pseudomonadota,2,0.7627096344381364,0.5254192688762729,0.9140981121597158,0.6666666666666666,"batch_04_OE26-1-NEG,batch_06_ALL-25-2-NEG",Bacteria
NEG_67333,Streptophyta,2,0.7626623662129093,0.6592993286413799,0.989010055340346,0.5972222222222222,"batch_01_OE11-3-NEG,batch_02_OE21-4-NEG",Plantae
NEG_20692,Ascomycota,2,0.7624672262507804,0.546804410627703,0.7773642528899871,0.75,"batch_03_OE23-NEG,batch_06_ALL-25-2-NEG",Fungi
NEG_34504,Streptophyta,2,0.7623363958976321,0.6586473880108257,0.7169081908667416,0.875,"batch_01_OE11-3-NEG,batch_06_ALL-25-2-NEG",Plantae
NEG_75249,Bacillota,2,0.7618763844326011,0.6418356651770054,0.8913553700385486,0.652046783625731,"batch_02_OE21-4-NEG,batch_06_ALL-25-2-NEG",Bacteria
NEG_33703,Basidiomycota,2,0.7618314171487202,0.5344879645091857,0.9891688838693574,0.6428571428571428,"batch_01_OE11-3-NEG,batch_02_OE21-4-NEG",Fungi
NEG_22016,Streptophyta,2,0.7618227762290269,0.6890218125426015,0.6851877494421823,0.8888888888888888,"batch_02_OE21-4-NEG,batch_03_OE23-NEG",Plantae
NEG_102197,Streptophyta,2,0.7618016810571369,0.7071067811865476,1.0,0.5833333333333333,"batch_01_OE11-3-NEG,batch_02_OE21-4-NEG",Plantae
NEG_5918,Methanobacteriota,2,0.7618016810571369,0.7071067811865476,1.0,0.5833333333333333,"batch_01_OE11-3-NEG,batch_02_OE21-4-NEG",Archaea
NEG_73598,Actinomycetota,2,0.7618016810571369,0.7071067811865476,1.0,0.5833333333333333,"batch_01_OE11-3-NEG,batch_06_ALL-25-2-NEG",Bacteria
NEG_18023,Streptophyta,2,0.761742542633554,0.7069885043393821,0.9998327452680364,0.5833333333333333,"batch_02_OE21-4-NEG,batch_03_OE23-NEG",Plantae
NEG_101473,Streptophyta,2,0.7617330913419391,0.7069696017561522,0.9998060178072524,0.5833333333333333,"batch_02_OE21-4-NEG,batch_03_OE23-NEG",Plantae
NEG_12382,Ascomycota,2,0.7616630224968375,0.719105134160479,0.581941733698668,1.0,"batch_03_OE23-NEG,batch_06_ALL-25-2-NEG",Fungi
NEG_116667,Ascomycota,2,0.7616460769549683,0.5232921539099367,0.9107520175155512,0.6666666666666666,"batch_02_OE21-4-NEG,batch_06_ALL-25-2-NEG",Fungi
NEG_110257,Bacillota,2,0.7616277860582715,0.5773502691896257,1.0,0.6140350877192983,"batch_02_OE21-4-NEG,batch_06_ALL-25-2-NEG",Bacteria
NEG_18611,Ascomycota,2,0.7615786655142953,0.6818480906270932,0.818817437684285,0.75,"batch_01_OE11-3-NEG,batch_06_ALL-25-2-NEG",Fungi
NEG_75608,Ascomycota,2,0.7615382389209154,0.5252747017744019,0.6675971228226959,0.90625,"batch_04_OE26-1-NEG,batch_06_ALL-25-2-NEG",Fungi
NEG_59047,Ascomycota,3,0.7614398872174175,0.5828734089223696,0.8557157342428253,0.6944444444444445,"batch_02_OE21-4-NEG,batch_03_OE23-NEG,batch_06_ALL-25-2-NEG",Fungi
NEG_65679,Streptophyta,2,0.7613248316533583,0.6666666666666666,0.8663534452684398,0.7222222222222222,"batch_02_OE21-4-NEG,batch_03_OE23-NEG",Plantae
NEG_44095,Streptophyta,2,0.7612877906491385,0.5773502691896257,0.9467254453254488,0.6666666666666666,"batch_02_OE21-4-NEG,batch_03_OE23-NEG",Plantae
NEG_57276,Streptophyta,2,0.7612767600037416,0.6252518385192549,0.6957800499795823,0.8333333333333333,"batch_02_OE21-4-NEG,batch_03_OE23-NEG",Plantae
NEG_119350,Streptophyta,3,0.7611970193746975,0.5773502691896257,0.9994229218128066,0.611111111111111,"batch_01_OE11-3-NEG,batch_02_OE21-4-NEG,batch_03_OE23-NEG",Plantae
NEG_98540,Streptophyta,2,0.761144131144077,0.7453559924999299,0.8018118759191408,0.7777777777777778,"batch_02_OE21-4-NEG,batch_03_OE23-NEG",Plantae
NEG_94738,Streptophyta,3,0.7610896386853142,0.6666666666666666,0.8544552003860361,0.7314814814814815,"batch_01_OE11-3-NEG,batch_02_OE21-4-NEG,batch_03_OE23-NEG",Plantae
NEG_59544,Streptophyta,2,0.760994626037984,0.6647311474178064,0.8645466646418694,0.7222222222222222,"batch_02_OE21-4-NEG,batch_03_OE23-NEG",Plantae
NEG_31559,Streptophyta,3,0.7609459642229984,0.5618880559499819,0.7220365161139912,0.8055555555555555,"batch_01_OE11-3-NEG,batch_02_OE21-4-NEG,batch_03_OE23-NEG",Plantae
NEG_114829,Ascomycota,2,0.7608831287127799,0.6885599152365597,0.8212311612025649,0.75,"batch_02_OE21-4-NEG,batch_06_ALL-25-2-NEG",Fungi
NEG_88986,Streptophyta,2,0.7608179730690627,0.655610542353687,0.9298251832452956,0.625,"batch_01_OE11-3-NEG,batch_03_OE23-NEG",Plantae
NEG_8780,Streptophyta,2,0.7606756405477348,0.6033826227002391,0.8309126419466664,0.7222222222222222,"batch_02_OE21-4-NEG,batch_03_OE23-NEG",Plantae
NEG_18834,Basidiomycota,2,0.7605708548734906,0.6316363373283294,0.8610684435199606,0.7142857142857143,"batch_01_OE11-3-NEG,batch_02_OE21-4-NEG",Fungi
NEG_43471,Streptophyta,3,0.760563238140505,0.6251306118618388,0.6282286025030595,0.9259259259259259,"batch_01_OE11-3-NEG,batch_02_OE21-4-NEG,batch_03_OE23-NEG",Plantae
NEG_53732,Streptophyta,2,0.7605520340336026,0.6550786642827666,0.9827690634483055,0.5972222222222222,"batch_01_OE11-3-NEG,batch_02_OE21-4-NEG",Plantae
NEG_13555,Ascomycota,2,0.7605240759797365,0.561309147447153,0.7756174373989991,0.75,"batch_03_OE23-NEG,batch_06_ALL-25-2-NEG",Fungi
NEG_32670,Streptophyta,2,0.7604953846331726,0.6456908781933428,0.6957624822927724,0.8333333333333333,"batch_02_OE21-4-NEG,batch_03_OE23-NEG",Plantae
NEG_86372,Streptophyta,2,0.7604815018639486,0.7390296151322482,0.797258206938604,0.7777777777777778,"batch_02_OE21-4-NEG,batch_03_OE23-NEG",Plantae
NEG_70775,Bacillota,2,0.7604585162667761,0.6389999288453552,0.8526407851010458,0.6783625730994152,"batch_02_OE21-4-NEG,batch_06_ALL-25-2-NEG",Bacteria
NEG_116736,Streptophyta,2,0.7604518660731998,0.6548783283619611,0.9288656249581566,0.625,"batch_01_OE11-3-NEG,batch_03_OE23-NEG",Plantae
NEG_110259,Bacillota,2,0.7603995816130797,0.7254762501100116,0.974403902095667,0.5964912280701754,"batch_02_OE21-4-NEG,batch_06_ALL-25-2-NEG",Bacteria
NEG_33420,Streptophyta,2,0.7603663998312626,0.7042362187347991,0.9959486517778879,0.5833333333333333,"batch_02_OE21-4-NEG,batch_03_OE23-NEG",Plantae
NEG_19531,Streptophyta,2,0.7603227992299084,0.5758888507454164,0.8193866206404317,0.7222222222222222,"batch_02_OE21-4-NEG,batch_03_OE23-NEG",Plantae
NEG_18392,Ascomycota,3,0.760247396089237,0.6309340470636015,0.727103587747736,0.8333333333333334,"batch_01_OE11-3-NEG,batch_03_OE23-NEG,batch_06_ALL-25-2-NEG",Fungi
NEG_88633,Streptophyta,2,0.7602070077527774,0.6443383851926114,0.7009843051915958,0.8888888888888888,"batch_02_OE21-4-NEG,batch_03_OE23-NEG",Plantae
NEG_48063,Streptophyta,2,0.7602063965924013,0.7049180722962347,0.995683218497682,0.5833333333333333,"batch_02_OE21-4-NEG,batch_03_OE23-NEG",Plantae
NEG_19134,Ascomycota,3,0.7601190115740666,0.6643718251500825,0.5881560619999475,1.0,"batch_01_OE11-3-NEG,batch_03_OE23-NEG,batch_06_ALL-25-2-NEG",Fungi
NEG_72602,Streptophyta,2,0.7600629620324628,0.7057459311737009,0.7464497393002504,0.8333333333333333,"batch_02_OE21-4-NEG,batch_03_OE23-NEG",Plantae
NEG_91202,Ascomycota,2,0.7600457500629125,0.6002133812758764,0.7833439798320806,0.75,"batch_03_OE23-NEG,batch_06_ALL-25-2-NEG",Fungi
NEG_23495,Ascomycota,2,0.7599907925836337,0.5672890507474042,0.7756283996675619,0.75,"batch_02_OE21-4-NEG,batch_06_ALL-25-2-NEG",Fungi
NEG_74526,Streptophyta,2,0.7599195663420686,0.6632084542893243,0.8617341951545175,0.7222222222222222,"batch_02_OE21-4-NEG,batch_03_OE23-NEG",Plantae
NEG_88137,Ascomycota,2,0.7599053912670617,0.5198107825341234,0.8242438995664854,0.7083333333333334,"batch_02_OE21-4-NEG,batch_06_ALL-25-2-NEG",Fungi
NEG_94720,Streptophyta,3,0.7598883466897686,0.6682836437849371,0.8155343428501576,0.7685185185185185,"batch_01_OE11-3-NEG,batch_02_OE21-4-NEG,batch_03_OE23-NEG",Plantae
NEG_63149,Streptophyta,2,0.7598812442053278,0.7032659074829295,0.9945829366277883,0.5833333333333333,"batch_02_OE21-4-NEG,batch_03_OE23-NEG",Plantae
NEG_62385,Ascomycota,2,0.7598338646088536,0.5255449617282829,0.7308807585329722,0.7916666666666667,"batch_02_OE21-4-NEG,batch_06_ALL-25-2-NEG",Fungi
NEG_92631,Pseudomonadota,2,0.7595596340651539,0.5191192681303078,0.9042272218162197,0.6666666666666666,"batch_05_OE25-1-NEG,batch_06_ALL-25-2-NEG",Bacteria
NEG_46012,Streptophyta,3,0.7595543684677986,0.6902797938246956,0.8746197731073059,0.6759259259259259,"batch_01_OE11-3-NEG,batch_02_OE21-4-NEG,batch_03_OE23-NEG",Plantae
NEG_78659,Streptophyta,2,0.7595397281805332,0.6371623526728694,0.702987931831813,0.8888888888888888,"batch_02_OE21-4-NEG,batch_03_OE23-NEG",Plantae
NEG_65485,Ascomycota,2,0.7594062355423437,0.5188124710846872,0.9037495702294992,0.6666666666666666,"batch_02_OE21-4-NEG,batch_06_ALL-25-2-NEG",Fungi
NEG_12442,Ascomycota,2,0.7593125407211997,0.5297103325901754,0.9098657449279199,0.6666666666666666,"batch_02_OE21-4-NEG,batch_03_OE23-NEG",Fungi
NEG_11338,Ascomycota,2,0.7592406119218644,0.542265377170743,0.6235245592867914,1.0,"batch_03_OE23-NEG,batch_06_ALL-25-2-NEG",Fungi
NEG_78662,Streptophyta,2,0.7592087137621749,0.7019208465966238,0.992692874886921,0.5833333333333333,"batch_02_OE21-4-NEG,batch_03_OE23-NEG",Plantae
NEG_97452,Streptophyta,2,0.7590747514838294,0.664147926696287,0.8608883732388426,0.7222222222222222,"batch_02_OE21-4-NEG,batch_03_OE23-NEG",Plantae
NEG_27747,Ascomycota,2,0.7587520813323082,0.7554098922560368,0.7183769174835006,0.8333333333333333,"batch_02_OE21-4-NEG,batch_03_OE23-NEG",Fungi
NEG_111009,Bacillota,2,0.7587440631120459,0.5773502691896257,0.9939213121869941,0.6140350877192983,"batch_02_OE21-4-NEG,batch_06_ALL-25-2-NEG",Bacteria
NEG_71240,Streptophyta,3,0.7586004459071723,0.5773502691896257,0.8976441624434129,0.6944444444444443,"batch_01_OE11-3-NEG,batch_02_OE21-4-NEG,batch_03_OE23-NEG",Plantae
NEG_56179,Streptophyta,2,0.7585869121572371,0.7409424644575133,0.7953637240854293,0.7777777777777778,"batch_02_OE21-4-NEG,batch_03_OE23-NEG",Plantae
NEG_111520,Bacillota,2,0.7585629430424674,0.5773502691896257,0.9661218331141171,0.6403508771929824,"batch_02_OE21-4-NEG,batch_06_ALL-25-2-NEG",Bacteria
NEG_40805,Basidiomycota,2,0.7585590838400724,0.6734165645248618,0.7527198332878062,0.7857142857142857,"batch_01_OE11-3-NEG,batch_02_OE21-4-NEG",Fungi
NEG_70596,Streptophyta,2,0.7583754878052131,0.7002543946827002,0.9903562172724348,0.5833333333333333,"batch_02_OE21-4-NEG,batch_03_OE23-NEG",Plantae
NEG_23794,Ascomycota,2,0.7582908524749536,0.5273500681013642,0.7276594108080354,0.7916666666666667,"batch_02_OE21-4-NEG,batch_03_OE23-NEG",Fungi
NEG_84222,Ascomycota,2,0.7581298068158349,0.5241202221956908,0.7668722933339378,0.75,"batch_02_OE21-4-NEG,batch_06_ALL-25-2-NEG",Fungi
NEG_66156,Streptophyta,2,0.7580907508165771,0.6652839599557745,0.9806125084179796,0.5972222222222222,"batch_01_OE11-3-NEG,batch_02_OE21-4-NEG",Plantae
NEG_67934,Ascomycota,2,0.7580250942389661,0.7102598043114553,0.5768835664178527,1.0,"batch_01_OE11-3-NEG,batch_06_ALL-25-2-NEG",Fungi
NEG_61850,Ascomycota,2,0.7578864768137434,0.5252902072594535,0.9044227381904005,0.6666666666666666,"batch_02_OE21-4-NEG,batch_06_ALL-25-2-NEG",Fungi
NEG_79255,Ascomycota,2,0.7577524336415224,0.5334422830140088,0.9090644636713856,0.6666666666666666,"batch_02_OE21-4-NEG,batch_06_ALL-25-2-NEG",Fungi
NEG_66264,Mucoromycota,2,0.7576361272100609,0.5152722544201218,0.6327527480875974,1.0,"batch_01_OE11-3-NEG,batch_04_OE26-1-NEG",Fungi
NEG_56435,Streptophyta,2,0.7575771074473616,0.5773502691896257,0.9397381202900248,0.6666666666666666,"batch_02_OE21-4-NEG,batch_03_OE23-NEG",Plantae
NEG_64479,Basidiomycota,2,0.7575743413373721,0.6454916662646069,0.8642544028489261,0.7142857142857143,"batch_01_OE11-3-NEG,batch_02_OE21-4-NEG",Fungi
NEG_76904,Streptophyta,2,0.7575446793589942,0.698652499617834,0.9324947451537979,0.625,"batch_01_OE11-3-NEG,batch_03_OE23-NEG",Plantae
NEG_1218,Ascomycota,3,0.7575373550498385,0.5150095638755683,0.7879080602760659,0.7777777777777777,"batch_02_OE21-4-NEG,batch_03_OE23-NEG,batch_06_ALL-25-2-NEG",Fungi
NEG_60738,Bacillota,2,0.7574027043504422,0.6983088277731584,0.8563488138450973,0.6754385964912281,"batch_02_OE21-4-NEG,batch_06_ALL-25-2-NEG",Bacteria
NEG_71262,Streptophyta,3,0.7572544362058222,0.5773502691896257,0.9915912158541412,0.611111111111111,"batch_01_OE11-3-NEG,batch_02_OE21-4-NEG,batch_03_OE23-NEG",Plantae
NEG_53185,Ascomycota,2,0.7571682831254056,0.5143365662508111,0.8968131550740126,0.6666666666666666,"batch_02_OE21-4-NEG,batch_06_ALL-25-2-NEG",Fungi
NEG_25874,Streptophyta,2,0.7571650299131985,0.573747856125062,0.9361273445719871,0.6666666666666666,"batch_02_OE21-4-NEG,batch_03_OE23-NEG",Plantae
NEG_56450,Ascomycota,3,0.7571316844429239,0.6227050210349934,0.7119319406401026,0.8333333333333334,"batch_02_OE21-4-NEG,batch_03_OE23-NEG,batch_06_ALL-25-2-NEG",Fungi
NEG_23717,Ascomycota,2,0.7571230958914131,0.5145165568927128,0.632093315097126,1.0,"batch_03_OE23-NEG,batch_06_ALL-25-2-NEG",Fungi
NEG_45533,Streptophyta,2,0.7570023740542599,0.666142171124739,0.8586490408944174,0.7222222222222222,"batch_02_OE21-4-NEG,batch_03_OE23-NEG",Plantae
NEG_60256,Basidiomycota,2,0.7566853507382165,0.515418272123673,0.6839137222928044,0.8571428571428572,"batch_01_OE11-3-NEG,batch_02_OE21-4-NEG",Fungi
NEG_2858,Ascomycota,2,0.7566059848715907,0.5149075902191929,0.8164616088467915,0.7083333333333334,"batch_02_OE21-4-NEG,batch_06_ALL-25-2-NEG",Fungi
NEG_118015,Mucoromycota,2,0.7565231695858212,0.6186191481717265,0.6913448252423562,0.9,"batch_01_OE11-3-NEG,batch_04_OE26-1-NEG",Fungi
NEG_23285,Ascomycota,2,0.756496705528221,0.5739893477903425,0.9350599724802966,0.6666666666666666,"batch_02_OE21-4-NEG,batch_06_ALL-25-2-NEG",Fungi
NEG_38250,Streptophyta,3,0.7564310571961531,0.5773502691896257,0.8940465715058196,0.6944444444444443,"batch_01_OE11-3-NEG,batch_02_OE21-4-NEG,batch_03_OE23-NEG",Plantae
NEG_63504,Streptophyta,2,0.7562449044544166,0.5501293311050404,0.9170322660324909,0.6666666666666666,"batch_02_OE21-4-NEG,batch_03_OE23-NEG",Plantae
NEG_100667,Streptophyta,2,0.7562324994971206,0.695968418066515,0.9843720389460073,0.5833333333333333,"batch_02_OE21-4-NEG,batch_03_OE23-NEG",Plantae
NEG_3056,Streptophyta,3,0.7561368907491284,0.7071067811865476,0.8418402728458587,0.7222222222222222,"batch_01_OE11-3-NEG,batch_02_OE21-4-NEG,batch_03_OE23-NEG",Plantae
NEG_70289,Ascomycota,2,0.7560811928930362,0.6326648756704502,0.7870227800568959,0.75,"batch_03_OE23-NEG,batch_06_ALL-25-2-NEG",Fungi
NEG_63497,Actinomycetota,2,0.7560579725025162,0.5767315701300206,0.9988969152685678,0.6041666666666666,"batch_01_OE11-3-NEG,batch_06_ALL-25-2-NEG",Bacteria
NEG_47346,Ascomycota,2,0.7560092971599117,0.5240349620792597,0.7626684702690398,0.75,"batch_02_OE21-4-NEG,batch_06_ALL-25-2-NEG",Fungi
NEG_14265,Streptophyta,2,0.7559373798920483,0.6705710912099601,0.7585949609080151,0.7777777777777778,"batch_02_OE21-4-NEG,batch_03_OE23-NEG",Plantae
NEG_116310,Ascomycota,2,0.7558932512150347,0.6071243368068323,0.8515267693668258,0.7083333333333334,"batch_02_OE21-4-NEG,batch_03_OE23-NEG",Fungi
NEG_15576,Ascomycota,2,0.755865060337986,0.6978369686028993,0.5746992488701628,1.0,"batch_01_OE11-3-NEG,batch_03_OE23-NEG",Fungi
NEG_11985,Basidiomycota,2,0.7557376312552839,0.6667777903688408,0.6679717449317195,0.8571428571428572,"batch_01_OE11-3-NEG,batch_02_OE21-4-NEG",Fungi
NEG_63152,Streptophyta,3,0.7556389234615349,0.7408191730046708,0.7801779208308998,0.7685185185185185,"batch_01_OE11-3-NEG,batch_02_OE21-4-NEG,batch_03_OE23-NEG",Plantae
NEG_50392,Ascomycota,2,0.7556067508059998,0.5439938923515323,0.9116509186426414,0.6666666666666666,"batch_02_OE21-4-NEG,batch_06_ALL-25-2-NEG",Fungi
NEG_78485,Streptophyta,2,0.7554441446747618,0.6478008757616817,0.7501413189207169,0.7777777777777778,"batch_02_OE21-4-NEG,batch_03_OE23-NEG",Plantae
NEG_47927,Ascomycota,2,0.7554324976781333,0.6115152781391627,0.7783658923268598,0.75,"batch_02_OE21-4-NEG,batch_06_ALL-25-2-NEG",Fungi
NEG_69546,Ascomycota,2,0.7552436137875066,0.5667822325182901,0.7206399295032909,0.7916666666666667,"batch_02_OE21-4-NEG,batch_03_OE23-NEG",Fungi
NEG_21145,Streptophyta,2,0.7549058417865486,0.6660748660218436,0.8550586016850276,0.7222222222222222,"batch_02_OE21-4-NEG,batch_03_OE23-NEG",Plantae
NEG_10742,Ascomycota,2,0.754739497639977,0.5095219189260554,0.8893759560742531,0.6666666666666666,"batch_02_OE21-4-NEG,batch_03_OE23-NEG",Fungi
NEG_60171,Bacillota,2,0.75469331044691,0.5665775793117568,0.8811995571372895,0.6549707602339181,"batch_02_OE21-4-NEG,batch_06_ALL-25-2-NEG",Bacteria
NEG_64993,Streptophyta,2,0.7546741484992796,0.69464855378984,0.980338366970581,0.5833333333333333,"batch_02_OE21-4-NEG,batch_03_OE23-NEG",Plantae
NEG_116041,Streptophyta,2,0.7546337804850702,0.7071067811865476,0.8217309583115109,0.75,"batch_01_OE11-3-NEG,batch_03_OE23-NEG",Plantae
NEG_74440,Streptophyta,2,0.7546192929383995,0.6482597587229758,0.8434130745306037,0.7222222222222222,"batch_02_OE21-4-NEG,batch_03_OE23-NEG",Plantae
NEG_40561,Streptophyta,2,0.7545013868958497,0.6429773700072607,0.9134198983414539,0.625,"batch_01_OE11-3-NEG,batch_03_OE23-NEG",Plantae
NEG_82528,Ascomycota,2,0.7543408861603684,0.5215245884433233,0.8952214973668595,0.6666666666666666,"batch_02_OE21-4-NEG,batch_06_ALL-25-2-NEG",Fungi
NEG_43434,Streptophyta,3,0.7543132365450389,0.6585814807844075,0.8403422953142505,0.7314814814814815,"batch_01_OE11-3-NEG,batch_02_OE21-4-NEG,batch_03_OE23-NEG",Plantae
NEG_28465,Streptophyta,2,0.7542853069171174,0.7066631458528868,0.9816644921098909,0.5833333333333333,"batch_02_OE21-4-NEG,batch_03_OE23-NEG",Plantae
NEG_100167,Streptophyta,2,0.7542333451319022,0.6922772251954445,0.9233579184500211,0.625,"batch_01_OE11-3-NEG,batch_03_OE23-NEG",Plantae
NEG_37186,Basidiomycota,2,0.7539624210266156,0.5264977604523706,0.80499943197138,0.7142857142857143,"batch_01_OE11-3-NEG,batch_02_OE21-4-NEG",Fungi
NEG_59403,Ascomycota,2,0.7538792558399499,0.5077585116798996,0.8867280592750801,0.6666666666666666,"batch_02_OE21-4-NEG,batch_06_ALL-25-2-NEG",Fungi
NEG_7334,Streptophyta,2,0.7537969352323575,0.5554887736846889,0.7309630575779991,0.7777777777777778,"batch_02_OE21-4-NEG,batch_03_OE23-NEG",Plantae
NEG_22661,Ascomycota,3,0.7537067738692561,0.6549192944723848,0.7180420961671546,0.8333333333333334,"batch_01_OE11-3-NEG,batch_03_OE23-NEG,batch_06_ALL-25-2-NEG",Fungi
NEG_2879,Streptophyta,2,0.753676192908468,0.6932015726926568,0.6517730535111776,0.875,"batch_01_OE11-3-NEG,batch_03_OE23-NEG",Plantae
NEG_900,Ascomycota,2,0.7535326866063718,0.733908085023371,0.5681966347715082,1.0,"batch_03_OE23-NEG,batch_06_ALL-25-2-NEG",Fungi
NEG_9039,Ascomycota,2,0.7535321253756668,0.5070703619648138,0.8856744167798845,0.6666666666666666,"batch_02_OE21-4-NEG,batch_03_OE23-NEG",Fungi
NEG_98889,Streptophyta,3,0.753500538649135,0.5779796312352404,0.7780201513742749,0.8055555555555555,"batch_01_OE11-3-NEG,batch_02_OE21-4-NEG,batch_03_OE23-NEG",Plantae
NEG_53055,Bacillota,2,0.7533342831230401,0.6654811448533583,0.9183585884334222,0.6432748538011696,"batch_02_OE21-4-NEG,batch_06_ALL-25-2-NEG",Bacteria
NEG_77702,Ascomycota,2,0.7531323407521742,0.5072043440405336,0.8849451488670377,0.6666666666666666,"batch_02_OE21-4-NEG,batch_06_ALL-25-2-NEG",Fungi
NEG_78773,Ascomycota,2,0.7531275083466401,0.5106264986206414,0.8085253783120505,0.7083333333333334,"batch_02_OE21-4-NEG,batch_06_ALL-25-2-NEG",Fungi
NEG_88464,Ascomycota,2,0.7531113280858364,0.7107729533974997,0.7271542678733423,0.8333333333333333,"batch_02_OE21-4-NEG,batch_03_OE23-NEG",Fungi
NEG_107538,Streptophyta,2,0.753073352153313,0.6401213005221873,0.9097552793822163,0.625,"batch_01_OE11-3-NEG,batch_03_OE23-NEG",Plantae
NEG_20672,Ascomycota,2,0.7530041277113417,0.7490122800204533,0.5670311511983059,1.0,"batch_01_OE11-3-NEG,batch_03_OE23-NEG",Fungi
NEG_77320,Ascomycota,2,0.7527381998370533,0.5119844131490823,0.8867052226061348,0.6666666666666666,"batch_02_OE21-4-NEG,batch_06_ALL-25-2-NEG",Fungi
NEG_79012,Ascomycota,2,0.7524489526777697,0.5048979053555394,0.8059062737988933,0.7083333333333334,"batch_02_OE21-4-NEG,batch_06_ALL-25-2-NEG",Fungi
NEG_70134,Bacillota,2,0.7523802642655398,0.5619514869490163,1.0,0.6023391812865497,"batch_02_OE21-4-NEG,batch_06_ALL-25-2-NEG",Bacteria
NEG_55807,Bacillota,2,0.7523802642655398,0.5619514869490163,1.0,0.6023391812865497,"batch_02_OE21-4-NEG,batch_06_ALL-25-2-NEG",Bacteria
NEG_109707,Bacillota,2,0.7523718912697057,0.6882472016116853,1.0,0.5701754385964912,"batch_02_OE21-4-NEG,batch_06_ALL-25-2-NEG",Bacteria
NEG_54677,Bacillota,2,0.7523718912697057,0.6882472016116853,1.0,0.5701754385964912,"batch_02_OE21-4-NEG,batch_06_ALL-25-2-NEG",Bacteria
NEG_44158,Ascomycota,3,0.7522862045883886,0.6884660312462856,0.5996568409941162,0.9444444444444445,"batch_02_OE21-4-NEG,batch_03_OE23-NEG,batch_06_ALL-25-2-NEG",Fungi
NEG_110391,Bacillota,2,0.7522849462422767,0.5619514869490163,0.9997978203805765,0.6023391812865497,"batch_02_OE21-4-NEG,batch_06_ALL-25-2-NEG",Bacteria
NEG_2195,Streptophyta,2,0.7522828124702969,0.7242442797671651,0.7765274999645483,0.7777777777777778,"batch_02_OE21-4-NEG,batch_03_OE23-NEG",Plantae
NEG_57084,Streptophyta,2,0.7520329779473995,0.6380405521103605,0.7035478730686469,0.875,"batch_01_OE11-3-NEG,batch_06_ALL-25-2-NEG",Plantae
NEG_54679,Bacillota,2,0.7519608123152962,0.6882472016116853,0.9989935732754203,0.5701754385964912,"batch_02_OE21-4-NEG,batch_06_ALL-25-2-NEG",Bacteria
NEG_63691,Actinomycetota,2,0.7518839394349244,0.6872712979421227,0.87787346958004,0.6458333333333333,"batch_01_OE11-3-NEG,batch_06_ALL-25-2-NEG",Bacteria
NEG_63228,Streptophyta,2,0.7518097867267062,0.7505969541259975,0.7402117164236013,0.7638888888888888,"batch_01_OE11-3-NEG,batch_02_OE21-4-NEG",Plantae
NEG_28009,Ascomycota,3,0.7517444197843021,0.5150598516932099,0.7807240567312146,0.7777777777777777,"batch_02_OE21-4-NEG,batch_03_OE23-NEG,batch_06_ALL-25-2-NEG",Fungi
NEG_37509,Pseudomonadota,2,0.7517246267792899,0.5034492535585797,0.8801917263630368,0.6666666666666666,"batch_05_OE25-1-NEG,batch_06_ALL-25-2-NEG",Bacteria
NEG_43510,Streptophyta,2,0.751583829804642,0.687658833138038,0.9716656553321499,0.5833333333333333,"batch_02_OE21-4-NEG,batch_03_OE23-NEG",Plantae
NEG_122441,Streptophyta,2,0.7515034502410329,0.6369814966976273,0.9057454271351493,0.625,"batch_01_OE11-3-NEG,batch_03_OE23-NEG",Plantae
NEG_76034,Streptophyta,2,0.7514399975293904,0.6554491063069868,0.8654115853365354,0.6527777777777778,"batch_01_OE11-3-NEG,batch_02_OE21-4-NEG",Plantae
NEG_115145,Pseudomonadota,2,0.7514107581433016,0.5028215162866032,0.6896221079305691,0.8333333333333333,"batch_05_OE25-1-NEG,batch_06_ALL-25-2-NEG",Bacteria
NEG_59854,Basidiomycota,2,0.7513660825926739,0.5135681568768019,0.7200059379546205,0.7857142857142857,"batch_01_OE11-3-NEG,batch_02_OE21-4-NEG",Fungi
NEG_58999,Streptophyta,2,0.751362396123185,0.6609092824658763,0.8457278908592507,0.7222222222222222,"batch_02_OE21-4-NEG,batch_03_OE23-NEG",Plantae
NEG_75334,Streptophyta,2,0.7512544311388742,0.5383747913065781,0.7908555963074226,0.7222222222222222,"batch_02_OE21-4-NEG,batch_03_OE23-NEG",Plantae
NEG_76720,Ascomycota,2,0.751228501091896,0.565540284198955,0.8227094438819409,0.7083333333333334,"batch_02_OE21-4-NEG,batch_03_OE23-NEG",Fungi
NEG_76272,Streptophyta,2,0.7512177323051203,0.6534718444490162,0.9608964518283837,0.5972222222222222,"batch_01_OE11-3-NEG,batch_02_OE21-4-NEG",Plantae
NEG_56462,Ascomycota,2,0.7511277148052868,0.6247922084919121,0.5801535041040691,1.0,"batch_03_OE23-NEG,batch_06_ALL-25-2-NEG",Fungi
NEG_69292,Ascomycota,2,0.7509096643184519,0.6947925478232789,0.6876986258582736,0.8333333333333333,"batch_02_OE21-4-NEG,batch_06_ALL-25-2-NEG",Fungi
NEG_3051,Basidiomycota,2,0.7508553020096302,0.6032934804480562,0.6158884277011369,0.9285714285714286,"batch_01_OE11-3-NEG,batch_02_OE21-4-NEG",Fungi
NEG_15362,Basidiomycota,2,0.7508521765359144,0.720506926714353,0.7593736619867137,0.7857142857142857,"batch_01_OE11-3-NEG,batch_02_OE21-4-NEG",Fungi
NEG_78658,Streptophyta,2,0.7507779713022218,0.6850593616767177,0.9693063290209118,0.5833333333333333,"batch_02_OE21-4-NEG,batch_03_OE23-NEG",Plantae
NEG_69300,Pseudomonadota,2,0.7507666292121626,0.6410855398324763,0.6784281402516819,0.8333333333333333,"batch_05_OE25-1-NEG,batch_06_ALL-25-2-NEG",Bacteria
NEG_25593,Streptophyta,2,0.7506495551765855,0.5773502691896257,0.926840730543729,0.6666666666666666,"batch_02_OE21-4-NEG,batch_03_OE23-NEG",Plantae
NEG_21845,Pseudomonadota,2,0.7506101635793778,0.5012203271587558,0.8768327245356953,0.6666666666666666,"batch_05_OE25-1-NEG,batch_06_ALL-25-2-NEG",Bacteria
NEG_79193,Ascomycota,2,0.7505836635646614,0.6014285794643601,0.7664812432213758,0.75,"batch_02_OE21-4-NEG,batch_03_OE23-NEG",Fungi
NEG_3069,Streptophyta,2,0.7504443413987383,0.63896829347166,0.8307689188376296,0.7222222222222222,"batch_02_OE21-4-NEG,batch_03_OE23-NEG",Plantae
NEG_103127,Streptophyta,2,0.7504078035833567,0.6347902033822748,0.7014793011550549,0.875,"batch_01_OE11-3-NEG,batch_03_OE23-NEG",Plantae
NEG_86854,Ascomycota,2,0.7504005512614642,0.6581838706867053,0.7882079073258033,0.75,"batch_03_OE23-NEG,batch_06_ALL-25-2-NEG",Fungi
NEG_115148,Basidiomycota,2,0.7503616547368714,0.5203295716195426,0.7964526142306046,0.7142857142857143,"batch_01_OE11-3-NEG,batch_02_OE21-4-NEG",Fungi
NEG_63473,Pseudomonadota,2,0.7502982207100339,0.5203924797433752,0.6158040697300713,1.0,"batch_04_OE26-1-NEG,batch_06_ALL-25-2-NEG",Bacteria
NEG_118421,Actinomycetota,2,0.7502879007926316,0.6123724356957945,0.8944526095886908,0.6875,"batch_04_OE26-1-NEG,batch_06_ALL-25-2-NEG",Bacteria
NEG_18076,Ascomycota,2,0.7501582572832171,0.6404238730346111,0.7798504146329399,0.75,"batch_02_OE21-4-NEG,batch_06_ALL-25-2-NEG",Fungi
NEG_41676,Actinomycetota,2,0.7501390816386122,0.6837815823494984,0.874045801888307,0.6458333333333333,"batch_01_OE11-3-NEG,batch_06_ALL-25-2-NEG",Bacteria
NEG_88458,Actinomycetota,2,0.7500253924089769,0.7464509397715389,0.7297075676156412,0.8125,"batch_04_OE26-1-NEG,batch_06_ALL-25-2-NEG",Bacteria
NEG_15572,Ascomycota,3,0.7500226282135926,0.6372938394108962,0.7080061618369018,0.8333333333333334,"batch_01_OE11-3-NEG,batch_03_OE23-NEG,batch_06_ALL-25-2-NEG",Fungi
NEG_69680,Ascomycota,2,0.75,0.5,1.0,0.625,"batch_02_OE21-4-NEG,batch_06_ALL-25-2-NEG",Fungi
NEG_51585,Streptophyta,2,0.7499275946114639,0.6061871874517738,0.8127170182043522,0.7222222222222222,"batch_02_OE21-4-NEG,batch_03_OE23-NEG",Plantae
NEG_85938,Streptophyta,2,0.7498692850484326,0.6871284030415205,0.9673969049676768,0.5833333333333333,"batch_02_OE21-4-NEG,batch_03_OE23-NEG",Plantae
NEG_41112,Streptophyta,2,0.7498025545302657,0.5726373094053856,0.7985373249371703,0.7222222222222222,"batch_02_OE21-4-NEG,batch_03_OE23-NEG",Plantae
NEG_94543,Streptophyta,2,0.7496056771785953,0.5773502691896257,0.9249139301731599,0.6666666666666666,"batch_02_OE21-4-NEG,batch_03_OE23-NEG",Plantae
NEG_97661,Streptophyta,2,0.7495567134323312,0.6510050057620297,0.6421822919907472,0.875,"batch_01_OE11-3-NEG,batch_03_OE23-NEG",Plantae
NEG_96813,Ascomycota,2,0.7494690695597563,0.5,0.9989387028937773,0.625,"batch_02_OE21-4-NEG,batch_06_ALL-25-2-NEG",Fungi
NEG_61233,Basidiomycota,2,0.7494091024491296,0.6432237325268454,0.6556366896362956,0.8571428571428572,"batch_01_OE11-3-NEG,batch_02_OE21-4-NEG",Fungi
NEG_13574,Ascomycota,2,0.7493485740064165,0.5047332621317134,0.7487377691200687,0.75,"batch_03_OE23-NEG,batch_06_ALL-25-2-NEG",Fungi
NEG_27230,Streptophyta,2,0.7493429580690418,0.7445408050144162,0.7832743336142278,0.7777777777777778,"batch_02_OE21-4-NEG,batch_03_OE23-NEG",Plantae
NEG_12512,Ascomycota,2,0.7491893322657324,0.5850666263027503,0.7104719743409862,0.7916666666666667,"batch_02_OE21-4-NEG,batch_06_ALL-25-2-NEG",Fungi
NEG_88978,Streptophyta,2,0.7491151146046274,0.6817336482815288,0.7323803835996217,0.8333333333333333,"batch_02_OE21-4-NEG,batch_03_OE23-NEG",Plantae
NEG_69288,Ascomycota,2,0.7491139418033308,0.7340001849495792,0.5614001234503585,1.0,"batch_03_OE23-NEG,batch_06_ALL-25-2-NEG",Fungi
NEG_36398,Streptophyta,3,0.7489365138532076,0.6666666666666666,0.8366545875141415,0.7314814814814815,"batch_01_OE11-3-NEG,batch_02_OE21-4-NEG,batch_03_OE23-NEG",Plantae
NEG_84526,Methanobacteriota,2,0.7488524276966637,0.6842252425845469,0.8474349472840543,0.6666666666666666,"batch_01_OE11-3-NEG,batch_02_OE21-4-NEG",Archaea
NEG_59582,Ascomycota,3,0.7488018224045834,0.5906506720788284,0.7364471516284202,0.8333333333333334,"batch_02_OE21-4-NEG,batch_03_OE23-NEG,batch_06_ALL-25-2-NEG",Fungi
NEG_4557,Basidiomycota,2,0.7487397330351737,0.5439090198763876,0.7135056920923049,0.7857142857142857,"batch_01_OE11-3-NEG,batch_02_OE21-4-NEG",Fungi
NEG_53796,Ascomycota,3,0.7486365847305949,0.5693537848898088,0.9636178182248288,0.611111111111111,"batch_02_OE21-4-NEG,batch_03_OE23-NEG,batch_06_ALL-25-2-NEG",Fungi
NEG_77106,Mucoromycota,2,0.7485784669948066,0.6491541717092432,0.7809554810650825,0.75,"batch_01_OE11-3-NEG,batch_04_OE26-1-NEG",Fungi
NEG_115754,Streptophyta,2,0.7484661531365571,0.5773502691896257,0.9228155614633091,0.6666666666666666,"batch_02_OE21-4-NEG,batch_03_OE23-NEG",Plantae
NEG_19044,Ascomycota,2,0.7483857158116236,0.507495585015045,0.6181092347460689,1.0,"batch_03_OE23-NEG,batch_06_ALL-25-2-NEG",Fungi
NEG_74447,Streptophyta,2,0.7483631609918071,0.5269268890812261,0.8867333896841252,0.6666666666666666,"batch_02_OE21-4-NEG,batch_03_OE23-NEG",Plantae
NEG_18405,Ascomycota,2,0.7482965373153668,0.6054934531393734,0.8369760538645938,0.7083333333333334,"batch_02_OE21-4-NEG,batch_06_ALL-25-2-NEG",Fungi
NEG_75469,Streptophyta,2,0.7480882179961328,0.6666666666666666,0.8440432287033042,0.7222222222222222,"batch_02_OE21-4-NEG,batch_03_OE23-NEG",Plantae
NEG_18087,Ascomycota,3,0.7479936143773019,0.5280314623338404,0.6633086306192407,0.8611111111111112,"batch_02_OE21-4-NEG,batch_03_OE23-NEG,batch_06_ALL-25-2-NEG",Fungi
NEG_21500,Ascomycota,3,0.7479449188323098,0.6864268927147708,0.7252833007276004,0.8333333333333334,"batch_01_OE11-3-NEG,batch_03_OE23-NEG,batch_06_ALL-25-2-NEG",Fungi
NEG_101478,Streptophyta,3,0.7477880464943584,0.6627372674714586,0.8329672670691313,0.7314814814814815,"batch_01_OE11-3-NEG,batch_02_OE21-4-NEG,batch_03_OE23-NEG",Plantae
NEG_79595,Streptophyta,2,0.7477600229521464,0.6419757487819276,0.9493413812105393,0.5972222222222222,"batch_01_OE11-3-NEG,batch_02_OE21-4-NEG",Plantae
NEG_104271,Ascomycota,2,0.7476364502221878,0.630317017532529,0.7713738822830085,0.75,"batch_02_OE21-4-NEG,batch_03_OE23-NEG",Fungi
NEG_25675,Ascomycota,2,0.7475618484219422,0.51882339037952,0.7995943966870855,0.7083333333333334,"batch_02_OE21-4-NEG,batch_06_ALL-25-2-NEG",Fungi
NEG_98513,Streptophyta,2,0.7472715996110791,0.5773502691896257,0.9206214354508311,0.6666666666666666,"batch_02_OE21-4-NEG,batch_03_OE23-NEG",Plantae
NEG_85010,Streptophyta,2,0.7472030880484299,0.7071067811865476,0.9648802529196079,0.5833333333333333,"batch_01_OE11-3-NEG,batch_02_OE21-4-NEG",Plantae
NEG_59108,Streptophyta,2,0.747123371448478,0.6282213391125174,0.8946620509163247,0.625,"batch_01_OE11-3-NEG,batch_03_OE23-NEG",Plantae
NEG_42388,Streptophyta,2,0.7470976547968022,0.5243080112312068,0.8826890217241902,0.6666666666666666,"batch_02_OE21-4-NEG,batch_03_OE23-NEG",Plantae
NEG_19598,Streptophyta,2,0.746970538876542,0.5773502691896257,0.9200693551715069,0.6666666666666666,"batch_02_OE21-4-NEG,batch_03_OE23-NEG",Plantae
NEG_62727,Streptophyta,3,0.7469697701468058,0.6165960281204448,0.8768239181729388,0.6388888888888888,"batch_01_OE11-3-NEG,batch_02_OE21-4-NEG,batch_03_OE23-NEG",Plantae
NEG_8438,Ascomycota,2,0.7468204523353742,0.6672660001217567,0.5640696988934216,1.0,"batch_03_OE23-NEG,batch_06_ALL-25-2-NEG",Fungi
NEG_59626,Basidiomycota,2,0.7468163558888341,0.5018644144618283,0.7121865819706047,0.7857142857142857,"batch_01_OE11-3-NEG,batch_02_OE21-4-NEG",Fungi
NEG_68227,Streptophyta,2,0.7467977293735535,0.6666666666666666,0.8419056135858081,0.7222222222222222,"batch_02_OE21-4-NEG,batch_03_OE23-NEG",Plantae
NEG_44300,Ascomycota,2,0.7467360357394766,0.6965303741915385,0.5601353155233749,1.0,"batch_04_OE26-1-NEG,batch_06_ALL-25-2-NEG",Fungi
NEG_73964,Bacillota,2,0.7466564579130346,0.5505038742440057,0.7617288997997973,0.7339181286549707,"batch_02_OE21-4-NEG,batch_06_ALL-25-2-NEG",Bacteria
NEG_13566,Ascomycota,2,0.746587348026815,0.5155638739405877,0.8765706219252085,0.6666666666666666,"batch_02_OE21-4-NEG,batch_03_OE23-NEG",Fungi
NEG_50004,Streptophyta,2,0.7465679997908922,0.693736318129032,0.960549967121297,0.5833333333333333,"batch_02_OE21-4-NEG,batch_03_OE23-NEG",Plantae
NEG_46206,Ascomycota,2,0.7465587534748501,0.5326312232806754,0.6031149605649015,1.0,"batch_03_OE23-NEG,batch_06_ALL-25-2-NEG",Fungi
NEG_83429,Streptophyta,3,0.7465165805011104,0.6666666666666666,0.9997651780835843,0.5648148148148148,"batch_01_OE11-3-NEG,batch_02_OE21-4-NEG,batch_03_OE23-NEG",Plantae
NEG_81970,Ascomycota,2,0.7465073788511363,0.5625881717048592,0.9076049923787253,0.6666666666666666,"batch_02_OE21-4-NEG,batch_03_OE23-NEG",Fungi
NEG_65081,Ascomycota,2,0.7465048205092402,0.6076423317152462,0.8350126801422337,0.7083333333333334,"batch_02_OE21-4-NEG,batch_06_ALL-25-2-NEG",Fungi
NEG_95203,Streptophyta,3,0.7463904494894814,0.6666666666666666,0.999408646845267,0.5648148148148148,"batch_01_OE11-3-NEG,batch_02_OE21-4-NEG,batch_03_OE23-NEG",Plantae
NEG_62820,Actinomycetota,2,0.746276712410483,0.5,0.9925811505619146,0.625,"batch_04_OE26-1-NEG,batch_06_ALL-25-2-NEG",Bacteria
NEG_79139,Streptophyta,2,0.746262828022936,0.6760290751181458,0.9570153104050956,0.5833333333333333,"batch_02_OE21-4-NEG,batch_03_OE23-NEG",Plantae
NEG_80333,Streptophyta,3,0.7459691039023477,0.6666666666666666,0.9982190243331136,0.5648148148148148,"batch_01_OE11-3-NEG,batch_02_OE21-4-NEG,batch_03_OE23-NEG",Plantae
NEG_24173,Ascomycota,2,0.7458682674411957,0.5735702929585134,0.8162940810617265,0.7083333333333334,"batch_02_OE21-4-NEG,batch_06_ALL-25-2-NEG",Fungi
NEG_7095,Basidiomycota,2,0.7456744215008935,0.5053027653753204,0.9329724818191756,0.6428571428571428,"batch_01_OE11-3-NEG,batch_02_OE21-4-NEG",Fungi
NEG_12383,Streptophyta,2,0.7455973056782853,0.5608901789329732,0.7158711820346122,0.7777777777777778,"batch_02_OE21-4-NEG,batch_03_OE23-NEG",Plantae
NEG_53484,Streptophyta,2,0.7453033117095886,0.5638820404646768,0.9063536596640074,0.6666666666666666,"batch_02_OE21-4-NEG,batch_03_OE23-NEG",Plantae
NEG_37946,Streptophyta,2,0.7452559551821201,0.5130552467903196,0.8725492939711438,0.6666666666666666,"batch_02_OE21-4-NEG,batch_03_OE23-NEG",Plantae
NEG_19085,Ascomycota,2,0.7450033667626523,0.5822973942379379,0.7025997697458618,0.7916666666666667,"batch_02_OE21-4-NEG,batch_06_ALL-25-2-NEG",Fungi
NEG_86503,Basidiomycota,2,0.7449171429375884,0.5345224838248488,0.9563103195683225,0.6428571428571428,"batch_01_OE11-3-NEG,batch_02_OE21-4-NEG",Fungi
NEG_32647,Basidiomycota,2,0.7448184927338444,0.519758180928257,0.9430924393706575,0.6428571428571428,"batch_01_OE11-3-NEG,batch_02_OE21-4-NEG",Fungi
NEG_63231,Ascomycota,2,0.744634924521208,0.5874708929203308,0.8207671386657741,0.7083333333333334,"batch_02_OE21-4-NEG,batch_03_OE23-NEG",Fungi
NEG_4554,Ascomycota,2,0.7444548132056994,0.505714832636003,0.6112097472275517,1.0,"batch_03_OE23-NEG,batch_06_ALL-25-2-NEG",Fungi
NEG_54866,Bacillota,2,0.7444470411775403,0.6069769786668839,1.0,0.5730994152046783,"batch_02_OE21-4-NEG,batch_06_ALL-25-2-NEG",Bacteria
NEG_111070,Bacillota,2,0.7444470411775403,0.6069769786668839,1.0,0.5730994152046783,"batch_02_OE21-4-NEG,batch_06_ALL-25-2-NEG",Bacteria
NEG_55808,Bacillota,2,0.7444470411775403,0.6069769786668839,1.0,0.5730994152046783,"batch_02_OE21-4-NEG,batch_06_ALL-25-2-NEG",Bacteria
NEG_47749,Ascomycota,2,0.7444417099644023,0.6861173964510076,0.6752844555097094,0.8333333333333333,"batch_02_OE21-4-NEG,batch_06_ALL-25-2-NEG",Fungi
NEG_87079,Actinomycetota,2,0.7444295063845583,0.5,0.9889210735673561,0.625,"batch_04_OE26-1-NEG,batch_06_ALL-25-2-NEG",Bacteria
NEG_73407,Ascomycota,2,0.7443939305728733,0.5176287113666785,0.8734842713464933,0.6666666666666666,"batch_02_OE21-4-NEG,batch_06_ALL-25-2-NEG",Fungi
NEG_74836,Streptophyta,2,0.7442644767377202,0.6720323725477145,0.9516275097521101,0.5833333333333333,"batch_02_OE21-4-NEG,batch_03_OE23-NEG",Plantae
NEG_115105,Basidiomycota,2,0.7441843241454629,0.5036788785744538,0.7807814528011621,0.7142857142857143,"batch_01_OE11-3-NEG,batch_02_OE21-4-NEG",Fungi
NEG_32705,Ascomycota,4,0.7441708630579231,0.5424091279958925,0.8266719997180045,0.7083333333333333,"batch_01_OE11-3-NEG,batch_02_OE21-4-NEG,batch_03_OE23-NEG,batch_06_ALL-25-2-NEG",Fungi
NEG_15304,Ascomycota,2,0.7441302760013346,0.6437272641183617,0.7710030277416504,0.75,"batch_03_OE23-NEG,batch_06_ALL-25-2-NEG",Fungi
NEG_2823,Streptophyta,2,0.7438210539074847,0.6161314762468416,0.5933005132305766,0.9444444444444444,"batch_02_OE21-4-NEG,batch_03_OE23-NEG",Plantae
NEG_55634,Ascomycota,2,0.7437872764144398,0.543329546543581,0.8886098101682418,0.6666666666666666,"batch_02_OE21-4-NEG,batch_06_ALL-25-2-NEG",Fungi
NEG_7327,Streptophyta,2,0.7437460325258762,0.6593994516423022,0.8320272796210866,0.7222222222222222,"batch_02_OE21-4-NEG,batch_03_OE23-NEG",Plantae
NEG_64252,Basidiomycota,2,0.743685305366429,0.6157817857244342,0.822218615508084,0.7142857142857143,"batch_01_OE11-3-NEG,batch_02_OE21-4-NEG",Fungi
NEG_69730,Bacillota,2,0.7435991801000644,0.6178789900258159,0.7448787675884243,0.7573099415204678,"batch_02_OE21-4-NEG,batch_06_ALL-25-2-NEG",Bacteria
NEG_50366,Ascomycota,3,0.7435628221801697,0.5617347324029177,0.6927179364795101,0.8333333333333334,"batch_02_OE21-4-NEG,batch_03_OE23-NEG,batch_06_ALL-25-2-NEG",Fungi
NEG_60206,Streptophyta,3,0.7435618401868411,0.6300968178646936,0.9229185772927697,0.6018518518518519,"batch_01_OE11-3-NEG,batch_02_OE21-4-NEG,batch_03_OE23-NEG",Plantae
NEG_46008,Streptophyta,2,0.7433868373887018,0.7066963810120306,0.9558102131217323,0.5833333333333333,"batch_02_OE21-4-NEG,batch_03_OE23-NEG",Plantae
NEG_69464,Streptophyta,2,0.7430253623199956,0.5773502691896257,0.912868258867851,0.6666666666666666,"batch_02_OE21-4-NEG,batch_03_OE23-NEG",Plantae
NEG_118156,Streptophyta,2,0.7429587990748414,0.6198921943652443,0.8842663326349578,0.625,"batch_01_OE11-3-NEG,batch_03_OE23-NEG",Plantae
NEG_74521,Streptophyta,2,0.7427791241579333,0.7071067811865476,0.8029933433378947,0.75,"batch_01_OE11-3-NEG,batch_03_OE23-NEG",Plantae
NEG_56894,Ascomycota,2,0.7426908580453225,0.5,0.9854885632028723,0.625,"batch_04_OE26-1-NEG,batch_06_ALL-25-2-NEG",Fungi
NEG_31210,Streptophyta,3,0.7425877595235074,0.706128423668086,0.9974728919103085,0.5555555555555555,"batch_01_OE11-3-NEG,batch_02_OE21-4-NEG,batch_03_OE23-NEG",Plantae
NEG_47546,Ascomycota,2,0.7424598526195745,0.5425633476343609,0.7972677357945266,0.7083333333333334,"batch_02_OE21-4-NEG,batch_06_ALL-25-2-NEG",Fungi
NEG_33031,Ascomycota,3,0.7422868204798454,0.5821149906014779,0.7812079542646927,0.7222222222222222,"batch_02_OE21-4-NEG,batch_03_OE23-NEG,batch_06_ALL-25-2-NEG",Fungi
NEG_736,Ascomycota,2,0.742244120599006,0.5417923969799362,0.8846462294909125,0.6666666666666666,"batch_02_OE21-4-NEG,batch_06_ALL-25-2-NEG",Fungi
NEG_1971,Streptophyta,2,0.7421560620472571,0.6303225876856188,0.6200604270708152,0.8888888888888888,"batch_02_OE21-4-NEG,batch_03_OE23-NEG",Plantae
NEG_11142,Ascomycota,2,0.7421105319560537,0.6566905596668091,0.7736458588837456,0.75,"batch_03_OE23-NEG,batch_06_ALL-25-2-NEG",Fungi
NEG_28467,Streptophyta,3,0.7420674652982541,0.704714930518567,0.9959830393418952,0.5555555555555555,"batch_01_OE11-3-NEG,batch_02_OE21-4-NEG,batch_03_OE23-NEG",Plantae
NEG_100268,Streptophyta,3,0.7419743234084701,0.655002195968177,0.9863558964183362,0.5648148148148148,"batch_01_OE11-3-NEG,batch_02_OE21-4-NEG,batch_03_OE23-NEG",Plantae
NEG_98364,Streptophyta,2,0.7416780766164501,0.6668595723051743,0.72235084458752,0.8333333333333333,"batch_02_OE21-4-NEG,batch_03_OE23-NEG",Plantae
NEG_117945,Streptophyta,2,0.7414826575376665,0.6169399112908943,0.6903074270718083,0.875,"batch_01_OE11-3-NEG,batch_03_OE23-NEG",Plantae
NEG_50111,Streptophyta,2,0.7413411557094345,0.6666666666666666,0.8329407662401764,0.7222222222222222,"batch_02_OE21-4-NEG,batch_03_OE23-NEG",Plantae
NEG_3237,Basidiomycota,2,0.7412902620896404,0.7066863868525507,0.6505898107228945,0.8571428571428572,"batch_01_OE11-3-NEG,batch_02_OE21-4-NEG",Fungi
NEG_86149,Streptophyta,2,0.741108615122029,0.6161918264596192,0.8796923669956416,0.625,"batch_01_OE11-3-NEG,batch_03_OE23-NEG",Plantae
NEG_98511,Streptophyta,2,0.7409285876241876,0.7365011827484453,0.7712169960949294,0.7777777777777778,"batch_02_OE21-4-NEG,batch_03_OE23-NEG",Plantae
NEG_70827,Streptophyta,2,0.7408987470320778,0.7071067811865476,0.8000728503094082,0.75,"batch_01_OE11-3-NEG,batch_03_OE23-NEG",Plantae
NEG_58901,Streptophyta,2,0.7407262582025186,0.6644644578611925,0.7752477596623888,0.75,"batch_01_OE11-3-NEG,batch_03_OE23-NEG",Plantae
NEG_93059,Ascomycota,2,0.740617151165421,0.5773502691896257,0.9085031726838158,0.6666666666666666,"batch_02_OE21-4-NEG,batch_03_OE23-NEG",Fungi
NEG_23940,Ascomycota,2,0.7403524018651122,0.5833526196238256,0.8109808057466378,0.7083333333333334,"batch_02_OE21-4-NEG,batch_06_ALL-25-2-NEG",Fungi
NEG_82297,Streptophyta,3,0.7402968440518012,0.518151619451404,0.7009370490395511,0.8055555555555555,"batch_01_OE11-3-NEG,batch_02_OE21-4-NEG,batch_03_OE23-NEG",Plantae
NEG_5212,Ascomycota,2,0.740164100668937,0.6800596961874019,0.7826960305463868,0.75,"batch_01_OE11-3-NEG,batch_06_ALL-25-2-NEG",Fungi
NEG_58933,Streptophyta,2,0.7401450139172867,0.6293606555050312,0.8788153658264883,0.625,"batch_01_OE11-3-NEG,batch_03_OE23-NEG",Plantae
NEG_86245,Basidiomycota,2,0.7401425465145072,0.5974052563040964,0.7020198132750015,0.7857142857142857,"batch_01_OE11-3-NEG,batch_02_OE21-4-NEG",Fungi
NEG_71088,Ascomycota,2,0.740137885789631,0.6839395181089272,0.7848489787266564,0.75,"batch_02_OE21-4-NEG,batch_06_ALL-25-2-NEG",Fungi
NEG_96162,Streptophyta,2,0.7400515297062509,0.6257094549626361,0.7565065376920559,0.75,"batch_01_OE11-3-NEG,batch_03_OE23-NEG",Plantae
NEG_33580,Ascomycota,2,0.740026396624001,0.735971681395191,0.5476555084158901,1.0,"batch_03_OE23-NEG,batch_06_ALL-25-2-NEG",Fungi
NEG_51712,Streptophyta,2,0.7398644878882559,0.6675442503563079,0.9403483473381842,0.5833333333333333,"batch_02_OE21-4-NEG,batch_03_OE23-NEG",Plantae
NEG_370,Ascomycota,2,0.7397605351698726,0.548008802619716,0.6340666509555857,0.875,"batch_02_OE21-4-NEG,batch_06_ALL-25-2-NEG",Fungi
NEG_76698,Streptophyta,2,0.7396926439262705,0.6764093848878825,0.9411073815208353,0.5833333333333333,"batch_01_OE11-3-NEG,batch_02_OE21-4-NEG",Plantae
NEG_61847,Ascomycota,2,0.7395285489427155,0.6009651405112304,0.8189136629342468,0.7083333333333334,"batch_02_OE21-4-NEG,batch_06_ALL-25-2-NEG",Fungi
NEG_48056,Streptophyta,2,0.7395182308317134,0.733680469163497,0.7691435154159846,0.7777777777777778,"batch_02_OE21-4-NEG,batch_03_OE23-NEG",Plantae
NEG_44311,Ascomycota,2,0.7393944577449335,0.6454214723793026,0.6249632322904979,0.875,"batch_02_OE21-4-NEG,batch_06_ALL-25-2-NEG",Fungi
NEG_61885,Streptophyta,2,0.7393929158769159,0.5425842675087755,0.8798332154694969,0.6666666666666666,"batch_02_OE21-4-NEG,batch_03_OE23-NEG",Plantae
NEG_70156,Bacillota,2,0.739258213112608,0.66201984529749,0.7775711745262179,0.7280701754385965,"batch_02_OE21-4-NEG,batch_06_ALL-25-2-NEG",Bacteria
NEG_79616,Streptophyta,2,0.7392406349627088,0.5765628466441356,0.7059106656444469,0.7777777777777778,"batch_02_OE21-4-NEG,batch_03_OE23-NEG",Plantae
NEG_77323,Streptophyta,2,0.7391521332278259,0.5285684619019481,0.7653067455077005,0.7222222222222222,"batch_02_OE21-4-NEG,batch_03_OE23-NEG",Plantae
NEG_17690,Ascomycota,2,0.7391456807620295,0.538814327564003,0.7896936041750905,0.7083333333333334,"batch_02_OE21-4-NEG,batch_03_OE23-NEG",Fungi
NEG_62565,Ascomycota,2,0.7390849128181984,0.5703682361372139,0.9000317501400362,0.6666666666666666,"batch_02_OE21-4-NEG,batch_03_OE23-NEG",Fungi
NEG_46549,Streptophyta,2,0.7390363193745318,0.6128025780046301,0.8568291783366981,0.6388888888888888,"batch_02_OE21-4-NEG,batch_03_OE23-NEG",Plantae
NEG_72844,Streptophyta,2,0.7388206961875576,0.6663234989379117,0.8286037429971596,0.7222222222222222,"batch_02_OE21-4-NEG,batch_03_OE23-NEG",Plantae
NEG_51580,Ascomycota,2,0.7387636663475706,0.6552669236943585,0.5527434607490014,1.0,"batch_01_OE11-3-NEG,batch_03_OE23-NEG",Fungi
NEG_74275,Ascomycota,2,0.7386350452029964,0.5018886180883354,0.7275766932368997,0.75,"batch_02_OE21-4-NEG,batch_06_ALL-25-2-NEG",Fungi
NEG_26850,Ascomycota,2,0.7385876728388285,0.5148073892406224,0.728102689805143,0.75,"batch_02_OE21-4-NEG,batch_06_ALL-25-2-NEG",Fungi
NEG_13360,Ascomycota,2,0.7382477717121383,0.571594874926214,0.7361433109660345,0.75,"batch_03_OE23-NEG,batch_06_ALL-25-2-NEG",Fungi
NEG_87663,Streptophyta,2,0.7380771099849017,0.5773502691896257,0.903924270969028,0.6666666666666666,"batch_02_OE21-4-NEG,batch_03_OE23-NEG",Plantae
NEG_23374,Streptophyta,3,0.7375720893499328,0.6322786367191733,0.9267251812686087,0.5925925925925926,"batch_01_OE11-3-NEG,batch_02_OE21-4-NEG,batch_03_OE23-NEG",Plantae
NEG_78664,Streptophyta,2,0.7373716020064421,0.6582466230851582,0.9332886168030143,0.5833333333333333,"batch_02_OE21-4-NEG,batch_03_OE23-NEG",Plantae
NEG_3970,Basidiomycota,2,0.7372972744013677,0.6607416376434389,0.6367839387022443,0.8571428571428572,"batch_01_OE11-3-NEG,batch_02_OE21-4-NEG",Fungi
NEG_68499,Streptophyta,2,0.7372942800206486,0.5346680917007183,0.8705301958271183,0.6666666666666666,"batch_02_OE21-4-NEG,batch_03_OE23-NEG",Plantae
NEG_69152,Streptophyta,2,0.7372567720156232,0.6580169631035204,0.7164931618659899,0.8333333333333333,"batch_02_OE21-4-NEG,batch_03_OE23-NEG",Plantae
NEG_99493,Ascomycota,2,0.7372298041683685,0.6896421171833401,0.7835754970032758,0.75,"batch_01_OE11-3-NEG,batch_06_ALL-25-2-NEG",Fungi
NEG_50860,Streptophyta,2,0.7371550311603667,0.5773502691896257,0.9022684352468999,0.6666666666666666,"batch_02_OE21-4-NEG,batch_03_OE23-NEG",Plantae
NEG_31599,Ascomycota,2,0.7370689322226894,0.5160755888140385,0.858442682048586,0.6666666666666666,"batch_02_OE21-4-NEG,batch_03_OE23-NEG",Fungi
NEG_35503,Streptophyta,3,0.7370251421021616,0.7027749372918188,0.9376999424746474,0.5925925925925926,"batch_01_OE11-3-NEG,batch_02_OE21-4-NEG,batch_03_OE23-NEG",Plantae
NEG_63620,Streptophyta,3,0.7369789574444039,0.6805130089881869,0.90909345280914,0.6018518518518519,"batch_01_OE11-3-NEG,batch_02_OE21-4-NEG,batch_03_OE23-NEG",Plantae
NEG_5190,Ascomycota,2,0.736910764394862,0.6179586693389129,0.7481235341047793,0.75,"batch_01_OE11-3-NEG,batch_06_ALL-25-2-NEG",Fungi
NEG_13681,Ascomycota,3,0.7368692459719931,0.5692383916950297,0.825784843901555,0.6666666666666666,"batch_02_OE21-4-NEG,batch_03_OE23-NEG,batch_06_ALL-25-2-NEG",Fungi
NEG_30296,Ascomycota,2,0.736726733920157,0.5686306989652913,0.732692993343087,0.75,"batch_03_OE23-NEG,batch_06_ALL-25-2-NEG",Fungi
NEG_14773,Ascomycota,2,0.7367259377532774,0.7010876639987207,0.7897971502202422,0.75,"batch_01_OE11-3-NEG,batch_06_ALL-25-2-NEG",Fungi
NEG_948,Ascomycota,2,0.7366284832494068,0.6882214504230898,0.5449647631613695,1.0,"batch_03_OE23-NEG,batch_06_ALL-25-2-NEG",Fungi
NEG_110390,Bacillota,2,0.7366050580898734,0.59129301249155,0.9744943647003796,0.5730994152046783,"batch_02_OE21-4-NEG,batch_06_ALL-25-2-NEG",Bacteria
NEG_65710,Streptophyta,2,0.7364793503341445,0.6564621197405628,0.7154712573271365,0.8333333333333333,"batch_02_OE21-4-NEG,batch_03_OE23-NEG",Plantae
NEG_65141,Ascomycota,2,0.7364408214371174,0.5,0.9732493455208351,0.625,"batch_02_OE21-4-NEG,batch_06_ALL-25-2-NEG",Fungi
NEG_59334,Streptophyta,3,0.7361322668516634,0.6618971595853752,0.9744616463479217,0.5648148148148148,"batch_01_OE11-3-NEG,batch_02_OE21-4-NEG,batch_03_OE23-NEG",Plantae
NEG_83635,Streptophyta,2,0.7359190482083865,0.7248397666854584,0.6730477678371592,0.8333333333333333,"batch_01_OE11-3-NEG,batch_02_OE21-4-NEG",Plantae
NEG_120880,Streptophyta,2,0.7357673986309963,0.605509393477554,0.8666416255895553,0.625,"batch_01_OE11-3-NEG,batch_03_OE23-NEG",Plantae
NEG_63396,Streptophyta,3,0.7357556829125681,0.6666666666666666,0.9703909843111961,0.5648148148148148,"batch_01_OE11-3-NEG,batch_02_OE21-4-NEG,batch_03_OE23-NEG",Plantae
NEG_82366,Actinomycetota,2,0.7357307094806016,0.5510112438045707,0.6359372810828874,0.9375,"batch_04_OE26-1-NEG,batch_06_ALL-25-2-NEG",Bacteria
NEG_120004,Basidiomycota,2,0.7356433295153884,0.5335410269531337,0.7717938005895877,0.7142857142857143,"batch_01_OE11-3-NEG,batch_02_OE21-4-NEG",Fungi
NEG_69892,Streptophyta,2,0.735621470548012,0.6666666666666666,0.8236714906873124,0.7222222222222222,"batch_02_OE21-4-NEG,batch_03_OE23-NEG",Plantae
NEG_109353,Bacillota,2,0.7354161213049708,0.7254762501100116,1.0,0.5409356725146199,"batch_02_OE21-4-NEG,batch_06_ALL-25-2-NEG",Bacteria
NEG_1612,Ascomycota,2,0.7347080249016904,0.5400146649560028,0.723509305445656,0.75,"batch_02_OE21-4-NEG,batch_03_OE23-NEG",Fungi
NEG_97724,Basidiomycota,2,0.7345835329285075,0.5587690481466993,0.7786722660199992,0.7142857142857143,"batch_01_OE11-3-NEG,batch_02_OE21-4-NEG",Fungi
NEG_15577,Basidiomycota,2,0.7344390002971974,0.6194755451211053,0.6293672313841903,0.8571428571428572,"batch_01_OE11-3-NEG,batch_02_OE21-4-NEG",Fungi
NEG_22703,Ascomycota,3,0.7341534965060595,0.5508670346350086,0.8210568187793773,0.6666666666666666,"batch_02_OE21-4-NEG,batch_03_OE23-NEG,batch_06_ALL-25-2-NEG",Fungi
NEG_12086,Streptophyta,2,0.7340461798300442,0.706298247340535,0.9341049163698637,0.5833333333333333,"batch_02_OE21-4-NEG,batch_03_OE23-NEG",Plantae
NEG_57112,Ascomycota,3,0.733857898691276,0.5785319659314949,0.7569674001204265,0.8055555555555557,"batch_02_OE21-4-NEG,batch_03_OE23-NEG,batch_06_ALL-25-2-NEG",Fungi
NEG_47432,Bacillota,2,0.7338288881033461,0.7254762501100116,0.9957500759112781,0.5409356725146199,"batch_02_OE21-4-NEG,batch_06_ALL-25-2-NEG",Bacteria
NEG_6431,Streptophyta,2,0.7337143926677383,0.6763468296529248,0.7072702092347638,0.7638888888888888,"batch_01_OE11-3-NEG,batch_02_OE21-4-NEG",Plantae
NEG_72916,Ascomycota,3,0.7336373768114602,0.5119539902344974,0.7373053542422873,0.8333333333333334,"batch_02_OE21-4-NEG,batch_03_OE23-NEG,batch_06_ALL-25-2-NEG",Fungi
NEG_82692,Ascomycota,2,0.7332069070906977,0.559948199786679,0.7870903387732064,0.7083333333333334,"batch_02_OE21-4-NEG,batch_03_OE23-NEG",Fungi
NEG_72234,Ascomycota,2,0.7330396751635341,0.5624995734046192,0.8828368617521791,0.6666666666666666,"batch_02_OE21-4-NEG,batch_06_ALL-25-2-NEG",Fungi
NEG_98895,Streptophyta,2,0.7330066076073367,0.7206572227147435,0.7596734163254637,0.7777777777777778,"batch_02_OE21-4-NEG,batch_03_OE23-NEG",Plantae
NEG_90875,Streptophyta,2,0.7329539328998542,0.5998824620152698,0.7313379081501081,0.7638888888888888,"batch_01_OE11-3-NEG,batch_02_OE21-4-NEG",Plantae
NEG_51076,Bacillota,2,0.7329367929141322,0.5773502691896257,1.0,0.5614035087719298,"batch_02_OE21-4-NEG,batch_06_ALL-25-2-NEG",Bacteria
NEG_71744,Streptophyta,3,0.7329250669600457,0.5773502691896257,0.8568761489202391,0.6944444444444443,"batch_01_OE11-3-NEG,batch_02_OE21-4-NEG,batch_03_OE23-NEG",Plantae
NEG_110525,Bacillota,2,0.7328653432312238,0.6666666666666666,0.8791113389659893,0.6432748538011696,"batch_02_OE21-4-NEG,batch_06_ALL-25-2-NEG",Bacteria
NEG_83792,Bacillota,2,0.732786022054271,0.5836549404203453,0.7696836958360191,0.7046783625730995,"batch_02_OE21-4-NEG,batch_06_ALL-25-2-NEG",Bacteria
NEG_56935,Ascomycota,2,0.7327727962273634,0.6077490945365117,0.737266377830327,0.75,"batch_03_OE23-NEG,batch_06_ALL-25-2-NEG",Fungi
NEG_66849,Bacillota,2,0.7327043645667616,0.7200527366335933,0.8518229616834647,0.6461988304093567,"batch_02_OE21-4-NEG,batch_06_ALL-25-2-NEG",Bacteria
NEG_85455,Bacillota,2,0.7326911327253881,0.6488856845230502,1.0,0.5438596491228069,"batch_02_OE21-4-NEG,batch_06_ALL-25-2-NEG",Bacteria
NEG_45366,Streptophyta,2,0.7324534825944526,0.6653949530177355,0.8177039777421553,0.7222222222222222,"batch_02_OE21-4-NEG,batch_03_OE23-NEG",Plantae
NEG_18876,Ascomycota,3,0.7324024106865027,0.5463148917953156,0.6687523459084709,0.8333333333333334,"batch_01_OE11-3-NEG,batch_03_OE23-NEG,batch_06_ALL-25-2-NEG",Fungi
NEG_3245,Ascomycota,2,0.7323225593358897,0.6431366954813359,0.7510628537610771,0.75,"batch_03_OE23-NEG,batch_06_ALL-25-2-NEG",Fungi
NEG_72921,Ascomycota,3,0.7322828366324644,0.5575467924528872,0.774209747199988,0.6944444444444445,"batch_02_OE21-4-NEG,batch_03_OE23-NEG,batch_06_ALL-25-2-NEG",Fungi
NEG_8494,Basidiomycota,2,0.7319974479921818,0.5020629960683974,0.7567349507293417,0.7142857142857143,"batch_01_OE11-3-NEG,batch_02_OE21-4-NEG",Fungi
NEG_111958,Bacillota,2,0.7319171901315995,0.5773502691896257,0.9977075834844054,0.5614035087719298,"batch_02_OE21-4-NEG,batch_06_ALL-25-2-NEG",Bacteria
NEG_4041,Ascomycota,2,0.7317603033592168,0.5071167390268949,0.7659550434691933,0.7083333333333334,"batch_02_OE21-4-NEG,batch_06_ALL-25-2-NEG",Fungi
NEG_66229,Streptophyta,3,0.7316131102415252,0.6666666666666666,0.9646769693722733,0.5648148148148148,"batch_01_OE11-3-NEG,batch_02_OE21-4-NEG,batch_03_OE23-NEG",Plantae
NEG_20843,Ascomycota,3,0.7315214749050449,0.6318612069723405,0.6918342380066379,0.8333333333333334,"batch_01_OE11-3-NEG,batch_02_OE21-4-NEG,batch_03_OE23-NEG",Fungi
NEG_3244,Ascomycota,2,0.7314109064127073,0.6918698591708117,0.536525408436444,1.0,"batch_03_OE23-NEG,batch_06_ALL-25-2-NEG",Fungi
NEG_62504,Streptophyta,3,0.7313123171131092,0.6612448808882223,0.8124149308336265,0.7314814814814815,"batch_01_OE11-3-NEG,batch_02_OE21-4-NEG,batch_03_OE23-NEG",Plantae
NEG_81173,Ascomycota,2,0.7312217305559221,0.6012474611683153,0.732327784720712,0.75,"batch_02_OE21-4-NEG,batch_06_ALL-25-2-NEG",Fungi
NEG_2081,Streptophyta,2,0.7312072083533608,0.7154043591497502,0.6080284826037908,0.8888888888888888,"batch_02_OE21-4-NEG,batch_03_OE23-NEG",Plantae
NEG_82294,Streptophyta,2,0.7311827176731256,0.6714032240942743,0.9199982040456489,0.5833333333333333,"batch_02_OE21-4-NEG,batch_03_OE23-NEG",Plantae
NEG_18839,Ascomycota,2,0.7311519713427888,0.5,0.9630144390541037,0.625,"batch_02_OE21-4-NEG,batch_03_OE23-NEG",Fungi
NEG_68346,Basidiomycota,2,0.7308423764512748,0.5887868906238451,0.7854236753176111,0.7142857142857143,"batch_01_OE11-3-NEG,batch_02_OE21-4-NEG",Fungi
NEG_72237,Ascomycota,2,0.7308349460647874,0.5878597514731263,0.7964669858394762,0.7083333333333334,"batch_02_OE21-4-NEG,batch_06_ALL-25-2-NEG",Fungi
NEG_68241,Bacillota,2,0.7306930404528464,0.6666666666666666,1.0,0.5380116959064327,"batch_02_OE21-4-NEG,batch_06_ALL-25-2-NEG",Bacteria
NEG_8647,Basidiomycota,2,0.7306060709498691,0.6546536707079771,0.8252682837255955,0.7142857142857143,"batch_01_OE11-3-NEG,batch_02_OE21-4-NEG",Fungi
NEG_63393,Streptophyta,2,0.7303715860443245,0.6195473534745651,0.8387313265747924,0.6388888888888888,"batch_02_OE21-4-NEG,batch_03_OE23-NEG",Plantae
NEG_88871,Basidiomycota,2,0.7302441270159798,0.5254539417996289,0.9203228111932378,0.6428571428571428,"batch_01_OE11-3-NEG,batch_02_OE21-4-NEG",Fungi
NEG_68121,Streptophyta,2,0.7301282793572599,0.5942311549300813,0.8531106654895383,0.625,"batch_01_OE11-3-NEG,batch_03_OE23-NEG",Plantae
NEG_115503,Ascomycota,2,0.7296855394600401,0.6397482510225794,0.827024179629087,0.7083333333333334,"batch_02_OE21-4-NEG,batch_03_OE23-NEG",Fungi
NEG_57089,Streptophyta,2,0.7295861235776073,0.6822897764862516,0.6854194494733636,0.8333333333333333,"batch_02_OE21-4-NEG,batch_03_OE23-NEG",Plantae
NEG_48649,Basidiomycota,2,0.729022132999855,0.6900938761165173,0.650938239851983,0.8571428571428572,"batch_01_OE11-3-NEG,batch_02_OE21-4-NEG",Fungi
NEG_4316,Ascomycota,3,0.7286804181584845,0.6529043418565993,0.6779105769377551,0.8333333333333334,"batch_01_OE11-3-NEG,batch_03_OE23-NEG,batch_06_ALL-25-2-NEG",Fungi
NEG_66612,Bacillota,2,0.7286418468957012,0.6407871128636764,0.7294574810656221,0.7807017543859649,"batch_02_OE21-4-NEG,batch_06_ALL-25-2-NEG",Bacteria
NEG_64469,Streptophyta,2,0.7283283798696318,0.66003683345304,0.8074063526821897,0.7222222222222222,"batch_02_OE21-4-NEG,batch_03_OE23-NEG",Plantae
NEG_13598,Ascomycota,3,0.728272252033595,0.5365777870148121,0.8084400454861841,0.6666666666666666,"batch_02_OE21-4-NEG,batch_03_OE23-NEG,batch_06_ALL-25-2-NEG",Fungi
NEG_4211,Ascomycota,2,0.7282188887198964,0.5861290796835261,0.7222659127457618,0.75,"batch_01_OE11-3-NEG,batch_06_ALL-25-2-NEG",Fungi
NEG_1472,Ascomycota,2,0.7281725483157895,0.5478944854174452,0.7128296236585137,0.75,"batch_02_OE21-4-NEG,batch_06_ALL-25-2-NEG",Fungi
NEG_53422,Basidiomycota,2,0.7280877742032681,0.5098860658382146,0.9027035426476622,0.6428571428571428,"batch_01_OE11-3-NEG,batch_02_OE21-4-NEG",Fungi
NEG_68491,Pseudomonadota,2,0.7280842689627878,0.7087421913263678,0.5304808186783705,1.0,"batch_05_OE25-1-NEG,batch_06_ALL-25-2-NEG",Bacteria
NEG_41477,Streptophyta,2,0.7280389353986658,0.6803130870013169,0.9141841461788196,0.5833333333333333,"batch_02_OE21-4-NEG,batch_03_OE23-NEG",Plantae
NEG_79276,Ascomycota,2,0.7278172205490779,0.5308023053668793,0.7657585444999897,0.7083333333333334,"batch_02_OE21-4-NEG,batch_06_ALL-25-2-NEG",Fungi
NEG_52375,Streptophyta,2,0.7277427223307933,0.5894600408771479,0.8474631397908888,0.625,"batch_01_OE11-3-NEG,batch_03_OE23-NEG",Plantae
NEG_107178,Streptophyta,2,0.7277246198410874,0.5894238358977363,0.8474204583244016,0.625,"batch_01_OE11-3-NEG,batch_03_OE23-NEG",Plantae
NEG_60210,Streptophyta,2,0.7276437131239588,0.5633383831760322,0.8738117486575053,0.6666666666666666,"batch_02_OE21-4-NEG,batch_03_OE23-NEG",Plantae
NEG_116481,Actinomycetota,2,0.727468436770204,0.5,0.9559522162235647,0.625,"batch_04_OE26-1-NEG,batch_06_ALL-25-2-NEG",Bacteria
NEG_78296,Streptophyta,2,0.7269747828402164,0.5382085653939263,0.7089592496662539,0.75,"batch_01_OE11-3-NEG,batch_03_OE23-NEG",Plantae
NEG_35505,Streptophyta,3,0.7269722412608992,0.5186168223153563,0.795739361470579,0.6944444444444443,"batch_01_OE11-3-NEG,batch_02_OE21-4-NEG,batch_03_OE23-NEG",Plantae
NEG_33338,Streptophyta,2,0.7267832133418761,0.5875410228993136,0.8452044535895717,0.625,"batch_01_OE11-3-NEG,batch_03_OE23-NEG",Plantae
NEG_68010,Streptophyta,2,0.7262313868432387,0.7071067811865476,1.0,0.5277777777777778,"batch_01_OE11-3-NEG,batch_02_OE21-4-NEG",Plantae
NEG_67105,Streptophyta,2,0.7262313868432387,0.7071067811865476,1.0,0.5277777777777778,"batch_01_OE11-3-NEG,batch_02_OE21-4-NEG",Plantae
NEG_102279,Streptophyta,2,0.7262313868432387,0.7071067811865476,1.0,0.5277777777777778,"batch_01_OE11-3-NEG,batch_02_OE21-4-NEG",Plantae
NEG_35744,Streptophyta,2,0.7262313868432387,0.7071067811865476,1.0,0.5277777777777778,"batch_01_OE11-3-NEG,batch_02_OE21-4-NEG",Plantae
NEG_106949,Streptophyta,2,0.7262313868432387,0.7071067811865476,1.0,0.5277777777777778,"batch_01_OE11-3-NEG,batch_02_OE21-4-NEG",Plantae
NEG_66188,Streptophyta,2,0.7262313868432387,0.7071067811865476,1.0,0.5277777777777778,"batch_01_OE11-3-NEG,batch_02_OE21-4-NEG",Plantae
NEG_74064,Streptophyta,2,0.7262313868432387,0.7071067811865476,1.0,0.5277777777777778,"batch_01_OE11-3-NEG,batch_02_OE21-4-NEG",Plantae
NEG_69422,Streptophyta,2,0.7262313868432387,0.7071067811865476,1.0,0.5277777777777778,"batch_01_OE11-3-NEG,batch_02_OE21-4-NEG",Plantae
NEG_107756,Streptophyta,2,0.7262313868432387,0.7071067811865476,1.0,0.5277777777777778,"batch_01_OE11-3-NEG,batch_02_OE21-4-NEG",Plantae
NEG_98328,Streptophyta,2,0.7262313868432387,0.7071067811865476,1.0,0.5277777777777778,"batch_01_OE11-3-NEG,batch_02_OE21-4-NEG",Plantae
NEG_100415,Streptophyta,2,0.7262313868432387,0.7071067811865476,1.0,0.5277777777777778,"batch_01_OE11-3-NEG,batch_02_OE21-4-NEG",Plantae
NEG_105239,Streptophyta,2,0.7262313868432387,0.7071067811865476,1.0,0.5277777777777778,"batch_01_OE11-3-NEG,batch_02_OE21-4-NEG",Plantae
NEG_48421,Streptophyta,2,0.7261693007717975,0.7069826090436651,0.9998244094901878,0.5277777777777778,"batch_02_OE21-4-NEG,batch_03_OE23-NEG",Plantae
NEG_95204,Streptophyta,2,0.725985139972249,0.7066142874445682,0.999303751220795,0.5277777777777778,"batch_02_OE21-4-NEG,batch_03_OE23-NEG",Plantae
NEG_99521,Streptophyta,2,0.7259805058435925,0.7066050191872552,0.9992906531406213,0.5277777777777778,"batch_02_OE21-4-NEG,batch_03_OE23-NEG",Plantae
NEG_42131,Bacillota,2,0.725959059175523,0.6835660622326931,0.7321177708672542,0.7514619883040936,"batch_02_OE21-4-NEG,batch_06_ALL-25-2-NEG",Bacteria
NEG_66638,Streptophyta,2,0.7259271019780922,0.7071067811865476,0.9991838513498146,0.5277777777777778,"batch_01_OE11-3-NEG,batch_02_OE21-4-NEG",Plantae
NEG_89255,Ascomycota,2,0.7258433091697704,0.5707280655412345,0.8766397730689025,0.6666666666666666,"batch_02_OE21-4-NEG,batch_03_OE23-NEG",Fungi
NEG_117901,Streptophyta,3,0.7258415208356302,0.5773502691896257,0.8463248640007608,0.6944444444444443,"batch_01_OE11-3-NEG,batch_02_OE21-4-NEG,batch_03_OE23-NEG",Plantae
NEG_77660,Ascomycota,2,0.7258006693047978,0.5735457872078566,0.714445545697586,0.75,"batch_03_OE23-NEG,batch_06_ALL-25-2-NEG",Fungi
NEG_100783,Streptophyta,2,0.7257796596138311,0.7062033267277323,0.9987231386813163,0.5277777777777778,"batch_02_OE21-4-NEG,batch_03_OE23-NEG",Plantae
NEG_33435,Bacillota,2,0.7257256506257894,0.6387099687282222,0.9071735485377999,0.5906432748538011,"batch_02_OE21-4-NEG,batch_06_ALL-25-2-NEG",Bacteria
NEG_71491,Streptophyta,2,0.725525387131771,0.5773502691896257,0.8816762862832082,0.6666666666666666,"batch_02_OE21-4-NEG,batch_03_OE23-NEG",Plantae
NEG_3831,Basidiomycota,2,0.7254993963746053,0.6767297899510543,0.620320490372064,0.8571428571428572,"batch_01_OE11-3-NEG,batch_02_OE21-4-NEG",Fungi
NEG_72640,Streptophyta,2,0.7254596152649508,0.6392503895529289,0.9027457911032482,0.5833333333333333,"batch_02_OE21-4-NEG,batch_03_OE23-NEG",Plantae
NEG_111551,Bacillota,2,0.7254075780024137,0.6666666666666666,0.9867870088872948,0.5380116959064327,"batch_02_OE21-4-NEG,batch_06_ALL-25-2-NEG",Bacteria
NEG_22308,Basidiomycota,2,0.7252420698654942,0.6304298365217601,0.5680855677258174,0.9285714285714286,"batch_01_OE11-3-NEG,batch_02_OE21-4-NEG",Fungi
NEG_45094,Basidiomycota,2,0.7252167102515406,0.6546536707079771,0.8166327050919793,0.7142857142857143,"batch_01_OE11-3-NEG,batch_02_OE21-4-NEG",Fungi
NEG_79136,Streptophyta,2,0.7251546479398485,0.5842838920952584,0.8413876665619836,0.625,"batch_01_OE11-3-NEG,batch_03_OE23-NEG",Plantae
NEG_14563,Streptophyta,2,0.7249879587999813,0.5773502691896257,0.8807377611317806,0.6666666666666666,"batch_02_OE21-4-NEG,batch_03_OE23-NEG",Plantae
NEG_58153,Bacillota,2,0.7249082918100791,0.633320002692432,0.9762993931497812,0.5438596491228069,"batch_02_OE21-4-NEG,batch_06_ALL-25-2-NEG",Bacteria
NEG_17766,Streptophyta,2,0.7248987365390198,0.6333008921503137,0.7005350099991916,0.8333333333333333,"batch_02_OE21-4-NEG,batch_03_OE23-NEG",Plantae
NEG_78638,Streptophyta,2,0.7247944541249516,0.7071067811865476,0.7756398545042624,0.75,"batch_01_OE11-3-NEG,batch_03_OE23-NEG",Plantae
NEG_54667,Streptophyta,2,0.7246026348953323,0.7069976415597095,0.9956306122347891,0.5277777777777778,"batch_02_OE21-4-NEG,batch_03_OE23-NEG",Plantae
NEG_78430,Streptophyta,2,0.7244604996298551,0.7035650067597804,0.9950037187368899,0.5277777777777778,"batch_02_OE21-4-NEG,batch_03_OE23-NEG",Plantae
NEG_57088,Streptophyta,2,0.7244362552492372,0.7112951958451096,0.6609856491346179,0.8333333333333333,"batch_01_OE11-3-NEG,batch_02_OE21-4-NEG",Plantae
NEG_10149,Streptophyta,3,0.724276859430487,0.6582275685777278,0.8934726820568217,0.5925925925925926,"batch_01_OE11-3-NEG,batch_02_OE21-4-NEG,batch_03_OE23-NEG",Plantae
NEG_21772,Streptophyta,2,0.7242243398959217,0.5824232760074048,0.8392168724351976,0.625,"batch_01_OE11-3-NEG,batch_03_OE23-NEG",Plantae
NEG_32131,Actinomycetota,2,0.7241720245314001,0.7071067811865476,0.7747163436443256,0.75,"batch_04_OE26-1-NEG,batch_06_ALL-25-2-NEG",Bacteria
NEG_15107,Ascomycota,2,0.7239923577593181,0.6211942349395777,0.7276735269102427,0.75,"batch_03_OE23-NEG,batch_06_ALL-25-2-NEG",Fungi
NEG_60159,Bacillota,2,0.7238659939350971,0.7023759953702642,0.7466660194361847,0.7777777777777778,"batch_02_OE21-4-NEG,batch_06_ALL-25-2-NEG",Bacteria
NEG_62256,Streptophyta,3,0.7236109418629949,0.6666666666666666,0.94181308605586,0.5648148148148148,"batch_01_OE11-3-NEG,batch_02_OE21-4-NEG,batch_03_OE23-NEG",Plantae
NEG_33220,Ascomycota,2,0.7236050942379344,0.5224484210730781,0.6615513226664684,0.7916666666666667,"batch_02_OE21-4-NEG,batch_03_OE23-NEG",Fungi
NEG_36142,Streptophyta,2,0.7236048723202022,0.7059034988683086,0.9928812047331672,0.5277777777777778,"batch_02_OE21-4-NEG,batch_03_OE23-NEG",Plantae
NEG_8758,Streptophyta,2,0.7235332961429504,0.7028118768678188,0.9924681075463111,0.5277777777777778,"batch_02_OE21-4-NEG,batch_03_OE23-NEG",Plantae
NEG_52421,Streptophyta,2,0.7235022852411279,0.7069197189221363,0.9105296796325256,0.5833333333333333,"batch_02_OE21-4-NEG,batch_03_OE23-NEG",Plantae
NEG_10359,Basidiomycota,2,0.7233915719959062,0.7136208782641535,0.7143613671011462,0.7857142857142857,"batch_01_OE11-3-NEG,batch_02_OE21-4-NEG",Fungi
NEG_77314,Basidiomycota,2,0.723124786885536,0.5282090045876443,0.9096575602563887,0.6428571428571428,"batch_01_OE11-3-NEG,batch_02_OE21-4-NEG",Fungi
NEG_94511,Streptophyta,2,0.7230923691647053,0.6666666666666666,0.8038242120244015,0.7222222222222222,"batch_02_OE21-4-NEG,batch_03_OE23-NEG",Plantae
NEG_74437,Streptophyta,2,0.722998041607271,0.6666666666666666,0.803677169748426,0.7222222222222222,"batch_02_OE21-4-NEG,batch_03_OE23-NEG",Plantae
NEG_79229,Streptophyta,3,0.7229583458709313,0.5798511527380498,0.8908182395544301,0.5925925925925926,"batch_01_OE11-3-NEG,batch_02_OE21-4-NEG,batch_03_OE23-NEG",Plantae
NEG_78239,Streptophyta,2,0.7229186514599686,0.7004813104200073,0.9906740662477306,0.5277777777777778,"batch_02_OE21-4-NEG,batch_03_OE23-NEG",Plantae
NEG_23626,Streptophyta,2,0.7228989775590332,0.7004419626181365,0.990618942996347,0.5277777777777778,"batch_02_OE21-4-NEG,batch_03_OE23-NEG",Plantae
NEG_98885,Streptophyta,2,0.7227949470101536,0.7043054136956478,0.9905985284541776,0.5277777777777778,"batch_02_OE21-4-NEG,batch_03_OE23-NEG",Plantae
NEG_33029,Ascomycota,2,0.7226471411736242,0.5602669896408939,0.862485303939474,0.6666666666666666,"batch_02_OE21-4-NEG,batch_06_ALL-25-2-NEG",Fungi
NEG_72114,Bacillota,2,0.7224908652011659,0.5336407013324674,0.6355207913735623,0.9210526315789473,"batch_02_OE21-4-NEG,batch_06_ALL-25-2-NEG",Bacteria
NEG_62477,Streptophyta,2,0.7223433536869606,0.7043136371035007,0.7701338410007861,0.75,"batch_03_OE23-NEG,batch_06_ALL-25-2-NEG",Plantae
NEG_21005,Ascomycota,3,0.7222234970507898,0.5101220579955869,0.7386704951217142,0.75,"batch_02_OE21-4-NEG,batch_03_OE23-NEG,batch_06_ALL-25-2-NEG",Fungi
NEG_110507,Bacillota,2,0.7220747982695158,0.6666666666666666,0.8589098255817318,0.6432748538011696,"batch_02_OE21-4-NEG,batch_06_ALL-25-2-NEG",Bacteria
NEG_80009,Streptophyta,2,0.7220347016007851,0.696795388175542,0.8445071045397105,0.6388888888888888,"batch_01_OE11-3-NEG,batch_02_OE21-4-NEG",Plantae
NEG_13175,Streptophyta,2,0.7219867141862691,0.6167020563349151,0.820278662497506,0.6388888888888888,"batch_02_OE21-4-NEG,batch_03_OE23-NEG",Plantae
NEG_72716,Ascomycota,3,0.721965811997737,0.5069654558140434,0.6802811178778337,0.8055555555555557,"batch_01_OE11-3-NEG,batch_02_OE21-4-NEG,batch_03_OE23-NEG",Fungi
NEG_48924,Bacillota,2,0.7219342953186065,0.5619514869490163,1.0,0.5467836257309941,"batch_02_OE21-4-NEG,batch_06_ALL-25-2-NEG",Bacteria
NEG_55228,Bacillota,2,0.7219342953186065,0.5619514869490163,1.0,0.5467836257309941,"batch_02_OE21-4-NEG,batch_06_ALL-25-2-NEG",Bacteria
NEG_53551,Basidiomycota,2,0.7219276847040892,0.5018757126451171,0.8844514910280549,0.6428571428571428,"batch_01_OE11-3-NEG,batch_02_OE21-4-NEG",Fungi
NEG_73618,Streptophyta,2,0.7217881901858811,0.7071067811865476,0.9881487234716275,0.5277777777777778,"batch_01_OE11-3-NEG,batch_02_OE21-4-NEG",Plantae
NEG_89248,Streptophyta,2,0.7216878364870322,0.5773502691896257,1.0,0.5416666666666666,"batch_01_OE11-3-NEG,batch_02_OE21-4-NEG",Plantae
NEG_77644,Streptophyta,2,0.7216878364870322,0.5773502691896257,1.0,0.5416666666666666,"batch_01_OE11-3-NEG,batch_02_OE21-4-NEG",Plantae
NEG_120320,Streptophyta,2,0.7216878364870322,0.5773502691896257,1.0,0.5416666666666666,"batch_01_OE11-3-NEG,batch_02_OE21-4-NEG",Plantae
NEG_95389,Streptophyta,2,0.7216878364870322,0.5773502691896257,1.0,0.5416666666666666,"batch_01_OE11-3-NEG,batch_02_OE21-4-NEG",Plantae
NEG_86021,Streptophyta,2,0.7216878364870322,0.5773502691896257,1.0,0.5416666666666666,"batch_01_OE11-3-NEG,batch_02_OE21-4-NEG",Plantae
NEG_80807,Streptophyta,2,0.7216878364870322,0.5773502691896257,1.0,0.5416666666666666,"batch_01_OE11-3-NEG,batch_02_OE21-4-NEG",Plantae
NEG_105670,Streptophyta,2,0.7216878364870322,0.5773502691896257,1.0,0.5416666666666666,"batch_01_OE11-3-NEG,batch_02_OE21-4-NEG",Plantae
NEG_97854,Streptophyta,2,0.7216878364870322,0.5773502691896257,1.0,0.5416666666666666,"batch_01_OE11-3-NEG,batch_02_OE21-4-NEG",Plantae
NEG_78654,Streptophyta,2,0.7216281581864528,0.6979003238729755,0.9870648620620041,0.5277777777777778,"batch_02_OE21-4-NEG,batch_03_OE23-NEG",Plantae
NEG_68721,Streptophyta,2,0.7215964228289276,0.6655042086657538,0.8006576412741262,0.7222222222222222,"batch_02_OE21-4-NEG,batch_03_OE23-NEG",Plantae
NEG_48722,Streptophyta,3,0.7212748367634942,0.7071067811865476,0.8353451734347552,0.6851851851851851,"batch_01_OE11-3-NEG,batch_02_OE21-4-NEG,batch_03_OE23-NEG",Plantae
NEG_99406,Streptophyta,2,0.7212495962478614,0.697143199995793,0.9860086413003742,0.5277777777777778,"batch_02_OE21-4-NEG,batch_03_OE23-NEG",Plantae
NEG_83634,Streptophyta,2,0.7211647039774831,0.583615315001422,0.624150073646671,0.8333333333333333,"batch_01_OE11-3-NEG,batch_02_OE21-4-NEG",Plantae
NEG_40833,Streptophyta,2,0.7210094131181913,0.7033777140975699,0.9857718319766187,0.5277777777777778,"batch_02_OE21-4-NEG,batch_03_OE23-NEG",Plantae
NEG_53135,Streptophyta,2,0.7209244539147701,0.6974541762353159,0.985153492730797,0.5277777777777778,"batch_02_OE21-4-NEG,batch_03_OE23-NEG",Plantae
NEG_58049,Ascomycota,2,0.7208392635322773,0.5025756496251675,0.8198305326017072,0.6666666666666666,"batch_02_OE21-4-NEG,batch_06_ALL-25-2-NEG",Fungi
NEG_3707,Ascomycota,2,0.7208036701098587,0.6932644863619052,0.5203163374853454,1.0,"batch_01_OE11-3-NEG,batch_03_OE23-NEG",Fungi
NEG_78886,Streptophyta,2,0.720769345210921,0.6961826979219119,0.984670348885832,0.5277777777777778,"batch_02_OE21-4-NEG,batch_03_OE23-NEG",Plantae
NEG_54892,Streptophyta,2,0.7207161583747796,0.5754069129651206,0.9966396732320748,0.5416666666666666,"batch_01_OE11-3-NEG,batch_02_OE21-4-NEG",Plantae
NEG_99520,Streptophyta,2,0.7206581155785082,0.5752908273725779,0.8309595360590252,0.625,"batch_01_OE11-3-NEG,batch_03_OE23-NEG",Plantae
NEG_111985,Streptophyta,3,0.7206280999672199,0.5737599125952217,0.7778305356161342,0.7777777777777777,"batch_02_OE21-4-NEG,batch_03_OE23-NEG,batch_06_ALL-25-2-NEG",Plantae
NEG_400,Streptophyta,2,0.7203798023304381,0.7154470469345625,0.5189713916814367,1.0,"batch_03_OE23-NEG,batch_06_ALL-25-2-NEG",Plantae
NEG_76795,Actinomycetota,2,0.7201992501979475,0.6325366342278725,0.7351708084358972,0.7083333333333333,"batch_01_OE11-3-NEG,batch_06_ALL-25-2-NEG",Bacteria
NEG_41472,Streptophyta,2,0.7198992387381481,0.6666666666666666,0.7988663984428884,0.7222222222222222,"batch_02_OE21-4-NEG,batch_03_OE23-NEG",Plantae
NEG_56941,Ascomycota,2,0.7197957935018211,0.6100460623435293,0.7162290869226563,0.75,"batch_02_OE21-4-NEG,batch_06_ALL-25-2-NEG",Fungi
NEG_17933,Ascomycota,3,0.7197418330452159,0.5525392052847329,0.6900563644495499,0.8333333333333334,"batch_02_OE21-4-NEG,batch_03_OE23-NEG,batch_06_ALL-25-2-NEG",Fungi
NEG_115453,Ascomycota,2,0.7196220988054762,0.643173226076017,0.8132706543495255,0.7083333333333334,"batch_02_OE21-4-NEG,batch_03_OE23-NEG",Fungi
NEG_110824,Bacillota,2,0.719513551701233,0.6666666666666666,0.8541960075143619,0.6432748538011696,"batch_02_OE21-4-NEG,batch_06_ALL-25-2-NEG",Bacteria
NEG_69015,Ascomycota,2,0.7194774582262586,0.6036373413168749,0.7132557654973501,0.75,"batch_03_OE23-NEG,batch_06_ALL-25-2-NEG",Fungi
NEG_11434,Streptophyta,2,0.7194146302056117,0.6959128751253053,0.9810270097388339,0.5277777777777778,"batch_01_OE11-3-NEG,batch_02_OE21-4-NEG",Plantae
NEG_80964,Basidiomycota,2,0.719336962972791,0.6753024305779457,0.6105913808910476,0.8571428571428572,"batch_01_OE11-3-NEG,batch_02_OE21-4-NEG",Fungi
NEG_100121,Streptophyta,3,0.7191326625486356,0.7049352139594293,0.9979557705866843,0.5185185185185185,"batch_01_OE11-3-NEG,batch_02_OE21-4-NEG,batch_03_OE23-NEG",Plantae
NEG_92579,Ascomycota,2,0.7190228228523317,0.7006553210551619,0.5173311849048046,1.0,"batch_03_OE23-NEG,batch_06_ALL-25-2-NEG",Fungi
NEG_9887,Ascomycota,2,0.718861882677805,0.5,0.9396629300563515,0.625,"batch_02_OE21-4-NEG,batch_03_OE23-NEG",Fungi
NEG_75863,Ascomycota,2,0.7188097717539125,0.6568495513278703,0.5205265568841555,1.0,"batch_03_OE23-NEG,batch_06_ALL-25-2-NEG",Fungi
NEG_44738,Bacillota,2,0.7187824087884788,0.5037719284028374,0.7727863087855192,0.6695906432748537,"batch_02_OE21-4-NEG,batch_06_ALL-25-2-NEG",Bacteria
NEG_75553,Streptophyta,2,0.7186861396438842,0.5618429332925531,0.856777040385575,0.6666666666666666,"batch_02_OE21-4-NEG,batch_03_OE23-NEG",Plantae
NEG_57692,Pseudomonadota,2,0.71868405980848,0.6751398535660406,0.5184028757200831,1.0,"batch_05_OE25-1-NEG,batch_06_ALL-25-2-NEG",Bacteria
NEG_83646,Streptophyta,2,0.7185838436899046,0.5773502691896257,0.8696429963116166,0.6666666666666666,"batch_02_OE21-4-NEG,batch_03_OE23-NEG",Plantae
NEG_20636,Streptophyta,2,0.718482732495148,0.6928978757696465,0.9783803858418549,0.5277777777777778,"batch_02_OE21-4-NEG,batch_03_OE23-NEG",Plantae
NEG_85617,Streptophyta,2,0.7184584830143602,0.6915609735287905,0.9782565801080886,0.5277777777777778,"batch_02_OE21-4-NEG,batch_03_OE23-NEG",Plantae
NEG_58857,Ascomycota,2,0.7184121960418502,0.580433264362739,0.5351542690089827,1.0,"batch_01_OE11-3-NEG,batch_06_ALL-25-2-NEG",Fungi
NEG_17697,Ascomycota,2,0.7184037053285012,0.6027182583733655,0.711121655955241,0.75,"batch_03_OE23-NEG,batch_06_ALL-25-2-NEG",Fungi
NEG_82472,Streptophyta,2,0.7182929195272485,0.5705604352700583,0.9883088154433375,0.5416666666666666,"batch_01_OE11-3-NEG,batch_02_OE21-4-NEG",Plantae
NEG_22828,Streptophyta,2,0.718053629464916,0.6969419547904472,0.977456900506252,0.5277777777777778,"batch_02_OE21-4-NEG,batch_03_OE23-NEG",Plantae
NEG_47915,Ascomycota,2,0.718003000911446,0.5393000557272831,0.692885326989061,0.75,"batch_02_OE21-4-NEG,batch_06_ALL-25-2-NEG",Fungi
NEG_75286,Streptophyta,2,0.7179679488682558,0.6905799052365817,0.738450302758283,0.7777777777777778,"batch_02_OE21-4-NEG,batch_03_OE23-NEG",Plantae
NEG_17222,Streptophyta,2,0.7179417949054017,0.6905275973108733,0.9768283626479276,0.5277777777777778,"batch_02_OE21-4-NEG,batch_03_OE23-NEG",Plantae
NEG_20192,Streptophyta,2,0.717860503372719,0.640314871984724,0.8845063246960478,0.5833333333333333,"batch_02_OE21-4-NEG,batch_03_OE23-NEG",Plantae
NEG_98690,Streptophyta,2,0.7175958240529758,0.6898356556060218,0.97587323174539,0.5277777777777778,"batch_02_OE21-4-NEG,batch_03_OE23-NEG",Plantae
NEG_70835,Streptophyta,2,0.7175691071284376,0.618641633329149,0.8827174704881573,0.5833333333333333,"batch_02_OE21-4-NEG,batch_03_OE23-NEG",Plantae
NEG_49366,Bacillota,2,0.7175298437096512,0.5420661067374406,0.9137984149653815,0.6023391812865497,"batch_02_OE21-4-NEG,batch_06_ALL-25-2-NEG",Bacteria
NEG_119202,Ascomycota,2,0.7171649341556025,0.5948062815504053,0.7061944389356789,0.75,"batch_02_OE21-4-NEG,batch_03_OE23-NEG",Fungi
NEG_93049,Streptophyta,2,0.7170537524638108,0.7071067811865476,0.9756770470880407,0.5277777777777778,"batch_01_OE11-3-NEG,batch_02_OE21-4-NEG",Plantae
NEG_1475,Ascomycota,2,0.7170261113145521,0.5121320034477025,0.6497791786580482,0.7916666666666667,"batch_02_OE21-4-NEG,batch_06_ALL-25-2-NEG",Fungi
NEG_56898,Streptophyta,2,0.7168668840292198,0.5692891296231433,0.6977223795668411,0.75,"batch_03_OE23-NEG,batch_06_ALL-25-2-NEG",Plantae
NEG_83455,Streptophyta,3,0.716815322528589,0.5773502691896257,0.9999656010148533,0.5277777777777778,"batch_01_OE11-3-NEG,batch_02_OE21-4-NEG,batch_03_OE23-NEG",Plantae
NEG_45975,Streptophyta,3,0.7167910630193838,0.5281833358073212,0.6913148066136668,0.7685185185185185,"batch_01_OE11-3-NEG,batch_02_OE21-4-NEG,batch_03_OE23-NEG",Plantae
NEG_100248,Streptophyta,3,0.7167063649441127,0.5773502691896257,0.999657509559961,0.5277777777777778,"batch_01_OE11-3-NEG,batch_02_OE21-4-NEG,batch_03_OE23-NEG",Plantae
NEG_3987,Streptophyta,2,0.716693673060867,0.6662439237183457,0.7381354811600085,0.75,"batch_01_OE11-3-NEG,batch_03_OE23-NEG",Plantae
NEG_8542,Streptophyta,2,0.716606445288591,0.697538620262016,0.9736550955604136,0.5277777777777778,"batch_02_OE21-4-NEG,batch_03_OE23-NEG",Plantae
NEG_105446,Streptophyta,3,0.7165359114739607,0.6971449607354048,0.9906740641858459,0.5185185185185185,"batch_01_OE11-3-NEG,batch_02_OE21-4-NEG,batch_03_OE23-NEG",Plantae
NEG_26533,Basidiomycota,2,0.7165237127483526,0.5345224838248488,0.9036735354032064,0.6428571428571428,"batch_01_OE11-3-NEG,batch_02_OE21-4-NEG",Fungi
NEG_65947,Streptophyta,3,0.71649484279946,0.6277785366031114,0.787139738793852,0.7314814814814815,"batch_01_OE11-3-NEG,batch_02_OE21-4-NEG,batch_03_OE23-NEG",Plantae
NEG_3481,Basidiomycota,2,0.7163787765031562,0.6733809560774437,0.6057357463870752,0.8571428571428572,"batch_01_OE11-3-NEG,batch_02_OE21-4-NEG",Fungi
NEG_43825,Ascomycota,2,0.7163391816080762,0.6794118395542409,0.5145054516980891,1.0,"batch_01_OE11-3-NEG,batch_06_ALL-25-2-NEG",Fungi
NEG_38617,Streptophyta,3,0.7163124816468603,0.5773502691896257,0.8326058046868435,0.6944444444444443,"batch_01_OE11-3-NEG,batch_02_OE21-4-NEG,batch_03_OE23-NEG",Plantae
NEG_15625,Basidiomycota,2,0.7162548582717843,0.7111954909658659,0.6171054615996221,0.8571428571428572,"batch_01_OE11-3-NEG,batch_02_OE21-4-NEG",Fungi
NEG_95163,Streptophyta,3,0.7159975448098482,0.6153005639784392,0.9190631893547904,0.5648148148148148,"batch_01_OE11-3-NEG,batch_02_OE21-4-NEG,batch_03_OE23-NEG",Plantae
NEG_2374,Ascomycota,2,0.7157977771699583,0.6344170404625026,0.7202317727231018,0.75,"batch_03_OE23-NEG,batch_06_ALL-25-2-NEG",Fungi
NEG_48724,Streptophyta,3,0.7157078804759198,0.5773502691896257,0.8317537343675676,0.6944444444444443,"batch_01_OE11-3-NEG,batch_02_OE21-4-NEG,batch_03_OE23-NEG",Plantae
NEG_33221,Ascomycota,3,0.7156737709184045,0.6100327884776628,0.7009883294857638,0.8055555555555557,"batch_02_OE21-4-NEG,batch_03_OE23-NEG,batch_06_ALL-25-2-NEG",Fungi
NEG_5618,Streptophyta,2,0.715654575444088,0.6521810329245977,0.8806205678576957,0.5833333333333333,"batch_02_OE21-4-NEG,batch_03_OE23-NEG",Plantae
NEG_58552,Basidiomycota,2,0.7156145951179254,0.5303350535545291,0.8980018435535913,0.6428571428571428,"batch_01_OE11-3-NEG,batch_02_OE21-4-NEG",Fungi
NEG_83787,Streptophyta,3,0.715438630929139,0.5732425643939689,0.9952182160955786,0.5277777777777778,"batch_01_OE11-3-NEG,batch_02_OE21-4-NEG,batch_03_OE23-NEG",Plantae
NEG_75746,Ascomycota,2,0.7153608911276965,0.5397661375368923,0.5425747220436274,1.0,"batch_03_OE23-NEG,batch_06_ALL-25-2-NEG",Fungi
NEG_38924,Streptophyta,2,0.7153288421017334,0.6141611032757408,0.8771938607768751,0.5833333333333333,"batch_02_OE21-4-NEG,batch_03_OE23-NEG",Plantae
NEG_73130,Streptophyta,2,0.7152788643599652,0.6996252423948238,0.7076590815991155,0.7777777777777778,"batch_02_OE21-4-NEG,batch_03_OE23-NEG",Plantae
NEG_20408,Streptophyta,2,0.7149920044666997,0.6944956508868735,0.9691730214405595,0.5277777777777778,"batch_02_OE21-4-NEG,batch_03_OE23-NEG",Plantae
NEG_35150,Streptophyta,2,0.7149055383761496,0.6853489650343446,0.9685046560788481,0.5277777777777778,"batch_02_OE21-4-NEG,batch_03_OE23-NEG",Plantae
NEG_12424,Ascomycota,3,0.714777363357136,0.5,0.7995611779329863,0.75,"batch_02_OE21-4-NEG,batch_03_OE23-NEG,batch_06_ALL-25-2-NEG",Fungi
NEG_120347,Streptophyta,3,0.7147342700942257,0.5773502691896257,0.8303862254627283,0.6944444444444443,"batch_01_OE11-3-NEG,batch_02_OE21-4-NEG,batch_03_OE23-NEG",Plantae
NEG_112507,Ascomycota,2,0.7147172712471781,0.6337693245169798,0.7985378375879435,0.7083333333333334,"batch_02_OE21-4-NEG,batch_06_ALL-25-2-NEG",Fungi
NEG_60811,Actinomycetota,2,0.7146403966890424,0.5653022177099372,0.9769892154973674,0.5416666666666666,"batch_01_OE11-3-NEG,batch_06_ALL-25-2-NEG",Bacteria
NEG_15644,Streptophyta,2,0.7145763768981994,0.6598361853316111,0.7857307566643121,0.7222222222222222,"batch_02_OE21-4-NEG,batch_03_OE23-NEG",Plantae
NEG_62564,Ascomycota,2,0.7145695414972484,0.686512555206163,0.7470465683431734,0.75,"batch_03_OE23-NEG,batch_06_ALL-25-2-NEG",Fungi
NEG_18616,Basidiomycota,2,0.7144356659722783,0.6481211178176683,0.6723388088706619,0.7857142857142857,"batch_01_OE11-3-NEG,batch_02_OE21-4-NEG",Fungi
NEG_45976,Streptophyta,2,0.7144049165935009,0.6834538406870719,0.7335545761749548,0.7777777777777778,"batch_02_OE21-4-NEG,batch_03_OE23-NEG",Plantae
NEG_66048,Basidiomycota,2,0.7144023950767692,0.5005730997325922,0.7231427017560752,0.7142857142857143,"batch_01_OE11-3-NEG,batch_02_OE21-4-NEG",Fungi
NEG_90358,Streptophyta,2,0.7143282564124359,0.6477834904879751,0.7769577203741624,0.7222222222222222,"batch_02_OE21-4-NEG,batch_03_OE23-NEG",Plantae
NEG_90862,Streptophyta,2,0.7141900856076586,0.6666666666666666,0.7901037315058935,0.7222222222222222,"batch_02_OE21-4-NEG,batch_03_OE23-NEG",Plantae
NEG_61801,Streptophyta,2,0.7139811005518273,0.7071067811865476,0.7598162682119343,0.75,"batch_01_OE11-3-NEG,batch_03_OE23-NEG",Plantae
NEG_12896,Ascomycota,3,0.7139693902947056,0.5420121286285396,0.6339188509650567,0.8333333333333334,"batch_01_OE11-3-NEG,batch_03_OE23-NEG,batch_06_ALL-25-2-NEG",Fungi
NEG_91210,Streptophyta,2,0.7138877870103769,0.6824195815208239,0.9656964852430564,0.5277777777777778,"batch_02_OE21-4-NEG,batch_03_OE23-NEG",Plantae
NEG_17350,Streptophyta,3,0.713861123455719,0.5773502691896257,0.9115551761404287,0.611111111111111,"batch_01_OE11-3-NEG,batch_02_OE21-4-NEG,batch_03_OE23-NEG",Plantae
NEG_66277,Ascomycota,2,0.7136876410423265,0.537003170583323,0.68475365368621,0.75,"batch_03_OE23-NEG,batch_06_ALL-25-2-NEG",Fungi
NEG_67627,Streptophyta,2,0.7134235812206782,0.6451863742903003,0.6009143208989584,0.8888888888888888,"batch_02_OE21-4-NEG,batch_03_OE23-NEG",Plantae
NEG_50736,Ascomycota,3,0.7132921097093455,0.5541891421133381,0.6672640237269013,0.8333333333333334,"batch_02_OE21-4-NEG,batch_03_OE23-NEG,batch_06_ALL-25-2-NEG",Fungi
NEG_66661,Streptophyta,2,0.7132793255174659,0.6812026585350018,0.9640370619951544,0.5277777777777778,"batch_02_OE21-4-NEG,batch_03_OE23-NEG",Plantae
NEG_4312,Ascomycota,2,0.7131510045278409,0.6137586501013043,0.7068130356646065,0.75,"batch_01_OE11-3-NEG,batch_06_ALL-25-2-NEG",Fungi
NEG_80000,Streptophyta,2,0.713135638702983,0.5602458736215276,0.9708131583649229,0.5416666666666666,"batch_01_OE11-3-NEG,batch_02_OE21-4-NEG",Plantae
NEG_56177,Streptophyta,2,0.7129513723212484,0.5598773408580583,0.8526454664070766,0.5972222222222222,"batch_01_OE11-3-NEG,batch_02_OE21-4-NEG",Plantae
NEG_98688,Streptophyta,2,0.7129188017983796,0.6666666666666666,0.7881702557396574,0.7222222222222222,"batch_02_OE21-4-NEG,batch_03_OE23-NEG",Plantae
NEG_120677,Streptophyta,2,0.712807464277448,0.5773502691896257,0.859776466164039,0.6666666666666666,"batch_02_OE21-4-NEG,batch_03_OE23-NEG",Plantae
NEG_47048,Streptophyta,2,0.7127945951660305,0.6548063264964721,0.8743509926067485,0.5833333333333333,"batch_02_OE21-4-NEG,batch_03_OE23-NEG",Plantae
NEG_4838,Streptophyta,2,0.7127251269573094,0.683802532029833,0.9626231118496139,0.5277777777777778,"batch_02_OE21-4-NEG,batch_03_OE23-NEG",Plantae
NEG_357,Pseudomonadota,2,0.7124978692591887,0.5653627893401936,0.529301945441653,1.0,"batch_05_OE25-1-NEG,batch_06_ALL-25-2-NEG",Bacteria
NEG_113668,Pseudomonadota,2,0.7123584156324794,0.6877369996608895,0.6263062716225029,0.8333333333333333,"batch_05_OE25-1-NEG,batch_06_ALL-25-2-NEG",Bacteria
NEG_15355,Basidiomycota,2,0.7122033800574283,0.6508308688943899,0.5462986413505019,0.9285714285714286,"batch_01_OE11-3-NEG,batch_02_OE21-4-NEG",Fungi
NEG_44156,Ascomycota,2,0.7121795056277165,0.5299196041141757,0.6407093152303374,0.7916666666666667,"batch_02_OE21-4-NEG,batch_03_OE23-NEG",Fungi
NEG_110882,Bacillota,2,0.7121631937628337,0.5619514869490163,0.9780867301643783,0.5467836257309941,"batch_02_OE21-4-NEG,batch_06_ALL-25-2-NEG",Bacteria
NEG_32701,Streptophyta,3,0.7121431699203673,0.7068414198752427,0.9796040734194215,0.5185185185185185,"batch_01_OE11-3-NEG,batch_02_OE21-4-NEG,batch_03_OE23-NEG",Plantae
NEG_46178,Streptophyta,2,0.7119904566780457,0.7070740430001125,0.8854202978572282,0.5833333333333333,"batch_02_OE21-4-NEG,batch_03_OE23-NEG",Plantae
NEG_61388,Streptophyta,2,0.7119211777686971,0.5766185143903001,0.9772588580452062,0.5416666666666666,"batch_01_OE11-3-NEG,batch_02_OE21-4-NEG",Plantae
NEG_44502,Streptophyta,2,0.7119189127523059,0.6784818330046819,0.9603375977173931,0.5277777777777778,"batch_02_OE21-4-NEG,batch_03_OE23-NEG",Plantae
NEG_52581,Bacillota,2,0.711736779797305,0.6069769786668839,1.0,0.5175438596491228,"batch_02_OE21-4-NEG,batch_06_ALL-25-2-NEG",Bacteria
NEG_73295,Bacillota,2,0.711736779797305,0.6069769786668839,1.0,0.5175438596491228,"batch_02_OE21-4-NEG,batch_06_ALL-25-2-NEG",Bacteria
NEG_49590,Bacillota,2,0.711736779797305,0.6069769786668839,1.0,0.5175438596491228,"batch_02_OE21-4-NEG,batch_06_ALL-25-2-NEG",Bacteria
NEG_61959,Streptophyta,2,0.7115703877710247,0.6148514802120673,0.8680410314277496,0.5833333333333333,"batch_02_OE21-4-NEG,batch_03_OE23-NEG",Plantae
NEG_104436,Actinomycetota,2,0.7110923322970952,0.6056880836664645,0.7934864437564433,0.6458333333333333,"batch_01_OE11-3-NEG,batch_06_ALL-25-2-NEG",Bacteria
NEG_24073,Streptophyta,2,0.7110881784411051,0.7085707653732984,0.6311708672726684,0.8333333333333333,"batch_02_OE21-4-NEG,batch_03_OE23-NEG",Plantae
NEG_49368,Bacillota,2,0.7108259526414069,0.5619514869490163,0.9751259488249828,0.5467836257309941,"batch_02_OE21-4-NEG,batch_06_ALL-25-2-NEG",Bacteria
NEG_33289,Streptophyta,2,0.7106875363750462,0.6603081528691452,0.6524205707755354,0.8333333333333333,"batch_02_OE21-4-NEG,batch_03_OE23-NEG",Plantae
NEG_10927,Ascomycota,3,0.7105420298168852,0.6424864118577085,0.6551130389952927,0.8333333333333334,"batch_01_OE11-3-NEG,batch_03_OE23-NEG,batch_06_ALL-25-2-NEG",Fungi
NEG_56721,Ascomycota,2,0.7101126645435322,0.5875239201204623,0.6918801749611976,0.75,"batch_03_OE23-NEG,batch_06_ALL-25-2-NEG",Fungi
NEG_35440,Ascomycota,3,0.7101076826799749,0.5268570860857518,0.7026380955129987,0.7222222222222222,"batch_02_OE21-4-NEG,batch_03_OE23-NEG,batch_06_ALL-25-2-NEG",Fungi
NEG_74043,Actinomycetota,2,0.7100972684040503,0.6036979558803747,0.9859349625788572,0.5208333333333333,"batch_01_OE11-3-NEG,batch_06_ALL-25-2-NEG",Bacteria
NEG_75075,Streptophyta,2,0.7097529455755962,0.6741498986512626,0.9544780858515076,0.5277777777777778,"batch_02_OE21-4-NEG,batch_03_OE23-NEG",Plantae
NEG_72808,Streptophyta,2,0.7097113911793669,0.5773502691896257,0.8545430587174689,0.6666666666666666,"batch_02_OE21-4-NEG,batch_03_OE23-NEG",Plantae
NEG_47739,Ascomycota,2,0.7094487806539065,0.5699869318022588,0.6387975733797748,0.7916666666666667,"batch_02_OE21-4-NEG,batch_06_ALL-25-2-NEG",Fungi
NEG_63761,Bacillota,2,0.7092748137009277,0.6020530464741293,0.7869537310252843,0.6491228070175439,"batch_02_OE21-4-NEG,batch_06_ALL-25-2-NEG",Bacteria
NEG_609,Bacillota,2,0.7091415993883565,0.6666666666666666,0.8833436005529115,0.5906432748538011,"batch_02_OE21-4-NEG,batch_06_ALL-25-2-NEG",Bacteria
NEG_63744,Bacillota,2,0.7090802032300167,0.6069769786668839,0.9935139151446829,0.5175438596491228,"batch_02_OE21-4-NEG,batch_06_ALL-25-2-NEG",Bacteria
NEG_66159,Streptophyta,2,0.709018303253928,0.60154002558013,0.8618504023749434,0.5833333333333333,"batch_02_OE21-4-NEG,batch_03_OE23-NEG",Plantae
NEG_103817,Actinomycetota,2,0.7089620187239096,0.6014274565200932,0.7893719883649829,0.6458333333333333,"batch_01_OE11-3-NEG,batch_06_ALL-25-2-NEG",Bacteria
NEG_56170,Ascomycota,2,0.7087224812885398,0.6531190064807666,0.6577237435467773,0.7916666666666667,"batch_02_OE21-4-NEG,batch_06_ALL-25-2-NEG",Fungi
NEG_4228,Ascomycota,2,0.7087015007300617,0.5480395571007847,0.6782437553413905,0.75,"batch_03_OE23-NEG,batch_06_ALL-25-2-NEG",Fungi
NEG_53950,Basidiomycota,2,0.7086904848282517,0.6838562091865608,0.7046309098661825,0.7857142857142857,"batch_01_OE11-3-NEG,batch_02_OE21-4-NEG",Fungi
NEG_80624,Basidiomycota,2,0.7086466154256572,0.5174250139506908,0.5922914554372647,0.8571428571428572,"batch_01_OE11-3-NEG,batch_02_OE21-4-NEG",Fungi
NEG_65706,Streptophyta,2,0.7084901784507429,0.6666666666666666,0.781485316876896,0.7222222222222222,"batch_02_OE21-4-NEG,batch_03_OE23-NEG",Plantae
NEG_14345,Ascomycota,2,0.7084257812207371,0.5,0.9203083937756861,0.625,"batch_02_OE21-4-NEG,batch_03_OE23-NEG",Fungi
NEG_53423,Ascomycota,2,0.7083552824742378,0.686015159162125,0.6929504930463575,0.7916666666666667,"batch_02_OE21-4-NEG,batch_06_ALL-25-2-NEG",Fungi
NEG_82359,Ascomycota,2,0.7082844218206743,0.5693727004842587,0.7478929789582092,0.7083333333333334,"batch_02_OE21-4-NEG,batch_06_ALL-25-2-NEG",Fungi
NEG_14452,Streptophyta,2,0.708163321519492,0.6384167993154166,0.796596975695157,0.6388888888888888,"batch_02_OE21-4-NEG,batch_03_OE23-NEG",Plantae
NEG_73882,Ascomycota,2,0.7080257305924078,0.5,0.9195751397694177,0.625,"batch_02_OE21-4-NEG,batch_06_ALL-25-2-NEG",Fungi
NEG_85855,Streptophyta,2,0.7078203142038744,0.6796351002433012,0.9494375932224868,0.5277777777777778,"batch_02_OE21-4-NEG,batch_03_OE23-NEG",Plantae
NEG_73157,Ascomycota,2,0.707807751454021,0.507175467089695,0.7213039946400002,0.7083333333333334,"batch_02_OE21-4-NEG,batch_03_OE23-NEG",Fungi
NEG_106696,Ascomycota,2,0.7077861584778924,0.705199542914406,0.7496211343763092,0.75,"batch_03_OE23-NEG,batch_06_ALL-25-2-NEG",Fungi
NEG_78975,Streptophyta,2,0.7077112104549488,0.7076571957825316,0.7011666430183121,0.7777777777777778,"batch_02_OE21-4-NEG,batch_03_OE23-NEG",Plantae
NEG_67629,Streptophyta,2,0.7076639399972433,0.7071067811865476,0.8761828435975434,0.5833333333333333,"batch_01_OE11-3-NEG,batch_02_OE21-4-NEG",Plantae
NEG_3611,Basidiomycota,2,0.7074865247118611,0.651196782206601,0.7864105505309964,0.7142857142857143,"batch_01_OE11-3-NEG,batch_02_OE21-4-NEG",Fungi
NEG_40789,Streptophyta,2,0.7074496568788033,0.7046246946120805,0.9505369913992576,0.5277777777777778,"batch_02_OE21-4-NEG,batch_03_OE23-NEG",Plantae
NEG_63757,Bacillota,2,0.7074457230660286,0.5983948652043312,0.9252157424597052,0.5438596491228069,"batch_02_OE21-4-NEG,batch_06_ALL-25-2-NEG",Bacteria
NEG_29905,Ascomycota,2,0.7073338270660345,0.5,0.9183084587577313,0.625,"batch_02_OE21-4-NEG,batch_03_OE23-NEG",Fungi
NEG_62930,Bacillota,2,0.7072894149431845,0.6847344274721876,0.8449228131588667,0.5964912280701754,"batch_02_OE21-4-NEG,batch_06_ALL-25-2-NEG",Bacteria
NEG_89239,Streptophyta,2,0.7069825684331007,0.7068583556796538,0.9996487349941441,0.5,"batch_01_OE11-3-NEG,batch_03_OE23-NEG",Plantae
NEG_58485,Streptophyta,2,0.7069677044119409,0.7068286276373341,0.999606708847677,0.5,"batch_01_OE11-3-NEG,batch_03_OE23-NEG",Plantae
NEG_74480,Streptophyta,2,0.7069586155966707,0.7068104500067939,0.9995810122388065,0.5,"batch_01_OE11-3-NEG,batch_03_OE23-NEG",Plantae
NEG_25204,Streptophyta,2,0.7069006069430052,0.7066944326994627,0.9994170212084155,0.5,"batch_01_OE11-3-NEG,batch_03_OE23-NEG",Plantae
NEG_99402,Streptophyta,2,0.7068197524261739,0.7065327236658002,0.999188489610614,0.5,"batch_01_OE11-3-NEG,batch_03_OE23-NEG",Plantae
NEG_60053,Streptophyta,2,0.7067616271515735,0.7064164731165994,0.9990242334904951,0.5,"batch_01_OE11-3-NEG,batch_03_OE23-NEG",Plantae
NEG_43827,Basidiomycota,2,0.7067544161610089,0.7009356346087948,0.5977978157547277,0.8571428571428572,"batch_01_OE11-3-NEG,batch_02_OE21-4-NEG",Fungi
NEG_71049,Streptophyta,2,0.7067321919673337,0.6858455441849415,0.9468703688412023,0.5277777777777778,"batch_01_OE11-3-NEG,batch_02_OE21-4-NEG",Plantae
NEG_38959,Streptophyta,2,0.7066260364284374,0.6678960803569447,0.9460851741561704,0.5277777777777778,"batch_02_OE21-4-NEG,batch_03_OE23-NEG",Plantae
NEG_24656,Ascomycota,3,0.7065780065378097,0.6519960344333117,0.7528243572393661,0.6944444444444445,"batch_02_OE21-4-NEG,batch_03_OE23-NEG,batch_06_ALL-25-2-NEG",Fungi
NEG_51422,Streptophyta,2,0.7065578533547927,0.5246024851346414,0.8075395235709053,0.6666666666666666,"batch_02_OE21-4-NEG,batch_03_OE23-NEG",Plantae
NEG_17906,Streptophyta,2,0.7065361725374852,0.5470469412905319,0.8366679004722426,0.5972222222222222,"batch_01_OE11-3-NEG,batch_02_OE21-4-NEG",Plantae
NEG_74600,Streptophyta,2,0.7064524934040649,0.5773502691896257,0.849075843067269,0.6666666666666666,"batch_02_OE21-4-NEG,batch_03_OE23-NEG",Plantae
NEG_69314,Streptophyta,2,0.70628747089211,0.6705769411022018,0.9451783636524866,0.5277777777777778,"batch_02_OE21-4-NEG,batch_03_OE23-NEG",Plantae
NEG_25514,Streptophyta,2,0.7062431578224748,0.670029439692651,0.9450574414388102,0.5277777777777778,"batch_02_OE21-4-NEG,batch_03_OE23-NEG",Plantae
NEG_62721,Streptophyta,2,0.7060646303019888,0.6687174907265755,0.9445780360366738,0.5277777777777778,"batch_02_OE21-4-NEG,batch_03_OE23-NEG",Plantae
NEG_35620,Basidiomycota,2,0.7058922796384637,0.6162757955817734,0.6487384707503504,0.7857142857142857,"batch_01_OE11-3-NEG,batch_02_OE21-4-NEG",Fungi
NEG_54663,Streptophyta,2,0.7058409794893818,0.704575177792216,0.9964261811609327,0.5,"batch_01_OE11-3-NEG,batch_03_OE23-NEG",Plantae
NEG_21087,Ascomycota,2,0.7058036575406395,0.5503314189489302,0.6304963737855842,0.7916666666666667,"batch_02_OE21-4-NEG,batch_06_ALL-25-2-NEG",Fungi
NEG_60267,Streptophyta,2,0.7057995852428963,0.7044923892992451,0.996309526580559,0.5,"batch_01_OE11-3-NEG,batch_03_OE23-NEG",Plantae
NEG_3731,Streptophyta,2,0.7057775709441858,0.6834794690968682,0.9442289514566571,0.5277777777777778,"batch_02_OE21-4-NEG,batch_03_OE23-NEG",Plantae
NEG_48111,Basidiomycota,2,0.7055645696729473,0.6347966850282304,0.5834228217394254,0.8571428571428572,"batch_01_OE11-3-NEG,batch_02_OE21-4-NEG",Fungi
NEG_64413,Streptophyta,2,0.7055465019927609,0.7039862227989742,0.9955966018907669,0.5,"batch_01_OE11-3-NEG,batch_03_OE23-NEG",Plantae
NEG_69547,Ascomycota,3,0.705468234591688,0.6404214913289743,0.7972574910881445,0.6666666666666666,"batch_02_OE21-4-NEG,batch_03_OE23-NEG,batch_06_ALL-25-2-NEG",Fungi
NEG_94721,Streptophyta,2,0.7053735753285875,0.665391158157245,0.7213726966769199,0.7777777777777778,"batch_02_OE21-4-NEG,batch_03_OE23-NEG",Plantae
NEG_33745,Streptophyta,2,0.7052283758584379,0.7033499705303281,0.9947011810450135,0.5,"batch_01_OE11-3-NEG,batch_03_OE23-NEG",Plantae
NEG_72035,Ascomycota,2,0.7051048325332201,0.5773502691896257,0.8468273866501463,0.6666666666666666,"batch_02_OE21-4-NEG,batch_06_ALL-25-2-NEG",Fungi
NEG_9936,Streptophyta,2,0.7050569794488897,0.7030071777112317,0.7471095459567556,0.75,"batch_01_OE11-3-NEG,batch_03_OE23-NEG",Plantae
NEG_14333,Ascomycota,2,0.705013645196594,0.6649598424505938,0.6565669727677753,0.7916666666666667,"batch_02_OE21-4-NEG,batch_03_OE23-NEG",Fungi
NEG_69291,Ascomycota,2,0.7049721538807008,0.6950700383101942,0.5776041826660553,0.875,"batch_02_OE21-4-NEG,batch_03_OE23-NEG",Fungi
NEG_43992,Ascomycota,2,0.7046989158180096,0.6534492662377231,0.5419266828918421,0.9166666666666667,"batch_02_OE21-4-NEG,batch_06_ALL-25-2-NEG",Fungi
NEG_84216,Streptophyta,2,0.7046758658432675,0.6975431914593224,0.9425707620976127,0.5277777777777778,"batch_02_OE21-4-NEG,batch_03_OE23-NEG",Plantae
NEG_51254,Streptophyta,2,0.7046354520509751,0.665224756000956,0.9407681794500655,0.5277777777777778,"batch_02_OE21-4-NEG,batch_03_OE23-NEG",Plantae
NEG_7503,Streptophyta,2,0.7046124957725561,0.6792743854654607,0.9409587893339246,0.5277777777777778,"batch_02_OE21-4-NEG,batch_03_OE23-NEG",Plantae
NEG_70071,Ascomycota,3,0.70452633664592,0.5623254922025097,0.71105854072619,0.7222222222222222,"batch_02_OE21-4-NEG,batch_03_OE23-NEG,batch_06_ALL-25-2-NEG",Fungi
NEG_108302,Streptophyta,2,0.7044937367875823,0.701880692388617,0.9926365063479243,0.5,"batch_01_OE11-3-NEG,batch_03_OE23-NEG",Plantae
NEG_85968,Streptophyta,2,0.7042552728100011,0.6666666666666666,0.7751661703702655,0.7222222222222222,"batch_02_OE21-4-NEG,batch_03_OE23-NEG",Plantae
NEG_20751,Streptophyta,2,0.704010873534041,0.6626657545681521,0.9391259022773785,0.5277777777777778,"batch_02_OE21-4-NEG,batch_03_OE23-NEG",Plantae
NEG_22393,Streptophyta,2,0.7039397039229665,0.7007726266593852,0.9419740468475848,0.5277777777777778,"batch_01_OE11-3-NEG,batch_02_OE21-4-NEG",Plantae
NEG_80978,Streptophyta,2,0.7038966952572911,0.622170878536078,0.7985650896499652,0.625,"batch_01_OE11-3-NEG,batch_03_OE23-NEG",Plantae
NEG_4906,Streptophyta,2,0.70389567945628,0.6659927226234365,0.9387850017077406,0.5277777777777778,"batch_02_OE21-4-NEG,batch_03_OE23-NEG",Plantae
NEG_18020,Streptophyta,2,0.7038703033392645,0.7023923034766404,0.9411195539300259,0.5277777777777778,"batch_02_OE21-4-NEG,batch_03_OE23-NEG",Plantae
NEG_89775,Streptophyta,2,0.7034523416480649,0.5408792795116912,0.7925503950050863,0.625,"batch_01_OE11-3-NEG,batch_03_OE23-NEG",Plantae
NEG_53823,Ascomycota,3,0.7032976041353823,0.5512364651392773,0.6577407153246057,0.8055555555555557,"batch_02_OE21-4-NEG,batch_03_OE23-NEG,batch_06_ALL-25-2-NEG",Fungi
NEG_84576,Streptophyta,2,0.7032907807689426,0.6994747803513375,0.9892649683475518,0.5,"batch_01_OE11-3-NEG,batch_03_OE23-NEG",Plantae
NEG_71477,Streptophyta,3,0.7031822426818183,0.6315841394644517,0.7707453403984174,0.6851851851851851,"batch_01_OE11-3-NEG,batch_02_OE21-4-NEG,batch_03_OE23-NEG",Plantae
NEG_20665,Ascomycota,2,0.7031724693209961,0.564188953229242,0.6729225268291679,0.75,"batch_02_OE21-4-NEG,batch_03_OE23-NEG",Fungi
NEG_107918,Streptophyta,2,0.7031003837192928,0.6990939862520381,0.9887324016137649,0.5,"batch_01_OE11-3-NEG,batch_03_OE23-NEG",Plantae
NEG_63913,Ascomycota,2,0.7030082737421196,0.5666321649066526,0.5128190760109781,1.0,"batch_01_OE11-3-NEG,batch_06_ALL-25-2-NEG",Fungi
NEG_112037,Ascomycota,2,0.7027495652001713,0.5,0.9099643375778883,0.625,"batch_02_OE21-4-NEG,batch_06_ALL-25-2-NEG",Fungi
NEG_101252,Streptophyta,2,0.7026506474919523,0.6981945137973569,0.9874755790967276,0.5,"batch_01_OE11-3-NEG,batch_03_OE23-NEG",Plantae
NEG_94077,Actinomycetota,2,0.7026082319475297,0.5397809925659828,0.6450007966574796,0.875,"batch_04_OE26-1-NEG,batch_06_ALL-25-2-NEG",Bacteria
NEG_55784,Streptophyta,3,0.7025839241836325,0.5773502691896257,0.8137985338963087,0.6944444444444443,"batch_01_OE11-3-NEG,batch_02_OE21-4-NEG,batch_03_OE23-NEG",Plantae
NEG_47752,Basidiomycota,2,0.7024552644633861,0.6424619206830325,0.6518265946931725,0.7857142857142857,"batch_01_OE11-3-NEG,batch_02_OE21-4-NEG",Fungi
NEG_110595,Bacillota,2,0.7022602305290684,0.5773502691896257,1.0,0.5087719298245614,"batch_02_OE21-4-NEG,batch_06_ALL-25-2-NEG",Bacteria
NEG_97558,Streptophyta,3,0.7022600500629005,0.5773502691896257,0.8133685001294754,0.6944444444444443,"batch_01_OE11-3-NEG,batch_02_OE21-4-NEG,batch_03_OE23-NEG",Plantae
NEG_5098,Basidiomycota,2,0.7021205746526958,0.6891364330485457,0.5881236939548031,0.8571428571428572,"batch_01_OE11-3-NEG,batch_02_OE21-4-NEG",Fungi
NEG_66637,Streptophyta,2,0.7020190621133973,0.5875415432990684,0.845205065102251,0.5833333333333333,"batch_02_OE21-4-NEG,batch_03_OE23-NEG",Plantae
NEG_101632,Streptophyta,2,0.7020166015589375,0.6969264219313275,0.9857064375860027,0.5,"batch_01_OE11-3-NEG,batch_03_OE23-NEG",Plantae
NEG_72111,Bacillota,2,0.701952395009775,0.6091853757805239,0.7087475874114827,0.7602339181286549,"batch_02_OE21-4-NEG,batch_06_ALL-25-2-NEG",Bacteria
NEG_78629,Streptophyta,4,0.7017313426686287,0.5773502691896257,0.7899333274148537,0.7083333333333333,"batch_01_OE11-3-NEG,batch_02_OE21-4-NEG,batch_03_OE23-NEG,batch_06_ALL-25-2-NEG",Plantae
NEG_59977,Streptophyta,2,0.701696796809233,0.6666666666666666,0.771383282447921,0.7222222222222222,"batch_02_OE21-4-NEG,batch_03_OE23-NEG",Plantae
NEG_73117,Streptophyta,3,0.7015375494382203,0.5773502691896257,0.9581847010275819,0.5277777777777778,"batch_01_OE11-3-NEG,batch_02_OE21-4-NEG,batch_03_OE23-NEG",Plantae
NEG_60186,Streptophyta,2,0.7013461880208323,0.5487319312073987,0.7033692945381951,0.7222222222222222,"batch_02_OE21-4-NEG,batch_03_OE23-NEG",Plantae
NEG_43306,Bacillota,2,0.7011797395000008,0.65422826530068,0.9648939939769101,0.5116959064327485,"batch_02_OE21-4-NEG,batch_06_ALL-25-2-NEG",Bacteria
NEG_51534,Ascomycota,2,0.7008532769159161,0.6045041733015928,0.756276172408391,0.7083333333333334,"batch_02_OE21-4-NEG,batch_03_OE23-NEG",Fungi
NEG_30757,Ascomycota,2,0.7007755930588788,0.6973450637282662,0.7342432693116013,0.75,"batch_02_OE21-4-NEG,batch_06_ALL-25-2-NEG",Fungi
NEG_759,Streptophyta,2,0.7006076105255916,0.5509487805073602,0.5132487893288049,1.0,"batch_03_OE23-NEG,batch_06_ALL-25-2-NEG",Plantae
NEG_64415,Streptophyta,2,0.7004630284150126,0.6990522184907951,0.981300889121946,0.5,"batch_01_OE11-3-NEG,batch_03_OE23-NEG",Plantae
NEG_113494,Streptophyta,2,0.7003930372172542,0.6936792932479607,0.9811909618809902,0.5,"batch_01_OE11-3-NEG,batch_03_OE23-NEG",Plantae
NEG_34771,Streptophyta,2,0.7002129996791211,0.6933192181716945,0.9806915382862098,0.5,"batch_01_OE11-3-NEG,batch_03_OE23-NEG",Plantae
NEG_57073,Streptophyta,2,0.7001625173077338,0.6932182534289201,0.9805515468870424,0.5,"batch_01_OE11-3-NEG,batch_03_OE23-NEG",Plantae
NEG_6700,Basidiomycota,2,0.7001145157935138,0.5422461612074042,0.5738889324733453,0.8571428571428572,"batch_01_OE11-3-NEG,batch_02_OE21-4-NEG",Fungi
NEG_28080,Streptophyta,2,0.7000078050706888,0.6929088289548301,0.980122645243554,0.5,"batch_01_OE11-3-NEG,batch_03_OE23-NEG",Plantae
NEG_91723,Streptophyta,2,0.6999283850772282,0.6927499889679087,0.9799025472150376,0.5,"batch_01_OE11-3-NEG,batch_03_OE23-NEG",Plantae
NEG_15793,Streptophyta,2,0.6998978223618336,0.6971374016726575,0.979729163338436,0.5,"batch_01_OE11-3-NEG,batch_03_OE23-NEG",Plantae
NEG_77065,Streptophyta,3,0.6997008956551639,0.5664106165143865,0.8805473243334716,0.5648148148148148,"batch_01_OE11-3-NEG,batch_02_OE21-4-NEG,batch_03_OE23-NEG",Plantae
NEG_11384,Ascomycota,2,0.6993583620928279,0.5,0.9038458751654981,0.625,"batch_02_OE21-4-NEG,batch_03_OE23-NEG",Fungi
NEG_31745,Ascomycota,2,0.6991064747929162,0.5395673966467345,0.6597690683151791,0.75,"batch_03_OE23-NEG,batch_06_ALL-25-2-NEG",Fungi
NEG_20839,Ascomycota,3,0.6985383012939425,0.5148544331240773,0.6541319197969377,0.8333333333333334,"batch_01_OE11-3-NEG,batch_03_OE23-NEG,batch_06_ALL-25-2-NEG",Fungi
NEG_69472,Bacillota,2,0.6984848636004461,0.6052575007941107,0.6876185684278349,0.7543859649122806,"batch_02_OE21-4-NEG,batch_06_ALL-25-2-NEG",Bacteria
NEG_64540,Streptophyta,2,0.6984029527667436,0.6739612979474464,0.924477725175602,0.5277777777777778,"batch_02_OE21-4-NEG,batch_03_OE23-NEG",Plantae
NEG_51144,Ascomycota,2,0.6982943354547719,0.5751988077231561,0.6209295123065111,0.7916666666666667,"batch_02_OE21-4-NEG,batch_03_OE23-NEG",Fungi
NEG_44098,Streptophyta,2,0.6982087252966516,0.6666666666666666,0.7662681033207703,0.7222222222222222,"batch_02_OE21-4-NEG,batch_03_OE23-NEG",Plantae
NEG_59357,Ascomycota,2,0.6980458389406957,0.5294224190122315,0.7119035194377248,0.7083333333333334,"batch_02_OE21-4-NEG,batch_06_ALL-25-2-NEG",Fungi
NEG_68113,Streptophyta,2,0.6980431596062285,0.5746033945481903,0.8326706892969337,0.6666666666666666,"batch_02_OE21-4-NEG,batch_03_OE23-NEG",Plantae
NEG_73640,Ascomycota,2,0.6980422643308452,0.5606241632901413,0.6632964635181521,0.75,"batch_03_OE23-NEG,batch_06_ALL-25-2-NEG",Fungi
NEG_18869,Basidiomycota,2,0.6978876621651167,0.6546536707079771,0.7746306527338938,0.7142857142857143,"batch_01_OE11-3-NEG,batch_02_OE21-4-NEG",Fungi
NEG_92829,Streptophyta,3,0.6977736853944313,0.5773502691896257,0.8074763337183307,0.6944444444444443,"batch_01_OE11-3-NEG,batch_02_OE21-4-NEG,batch_03_OE23-NEG",Plantae
NEG_60180,Streptophyta,3,0.6976689594893567,0.5616295698265946,0.859132228754278,0.611111111111111,"batch_01_OE11-3-NEG,batch_02_OE21-4-NEG,batch_03_OE23-NEG",Plantae
NEG_81834,Streptophyta,2,0.6975561960027972,0.6891855289092238,0.8149838648796728,0.625,"batch_01_OE11-3-NEG,batch_03_OE23-NEG",Plantae
NEG_55229,Bacillota,2,0.6974531398653869,0.512989176042577,1.0,0.52046783625731,"batch_02_OE21-4-NEG,batch_06_ALL-25-2-NEG",Bacteria
NEG_63339,Bacillota,2,0.6974531398653869,0.512989176042577,1.0,0.52046783625731,"batch_02_OE21-4-NEG,batch_06_ALL-25-2-NEG",Bacteria
NEG_85454,Bacillota,2,0.6974531398653869,0.512989176042577,1.0,0.52046783625731,"batch_02_OE21-4-NEG,batch_06_ALL-25-2-NEG",Bacteria
NEG_70132,Bacillota,2,0.6974531398653869,0.512989176042577,1.0,0.52046783625731,"batch_02_OE21-4-NEG,batch_06_ALL-25-2-NEG",Bacteria
NEG_18609,Ascomycota,2,0.6974530588567543,0.6796288934306455,0.7177061865746623,0.75,"batch_03_OE23-NEG,batch_06_ALL-25-2-NEG",Fungi
NEG_14818,Streptophyta,2,0.697402803768562,0.6647923136968836,0.921576288615585,0.5277777777777778,"batch_02_OE21-4-NEG,batch_03_OE23-NEG",Plantae
NEG_99796,Streptophyta,2,0.6972686867919411,0.6874305923973345,0.9725608193637503,0.5,"batch_01_OE11-3-NEG,batch_03_OE23-NEG",Plantae
NEG_57416,Bacillota,2,0.69712083851149,0.6488856845230502,1.0,0.48830409356725146,"batch_02_OE21-4-NEG,batch_06_ALL-25-2-NEG",Bacteria
NEG_62997,Ascomycota,2,0.6970581254238724,0.5380704539537534,0.6145670432625043,0.7916666666666667,"batch_02_OE21-4-NEG,batch_03_OE23-NEG",Fungi
NEG_113035,Basidiomycota,2,0.6970297560400696,0.5345224838248488,0.8694019514709679,0.6428571428571428,"batch_01_OE11-3-NEG,batch_02_OE21-4-NEG",Fungi
NEG_69623,Methanobacteriota,2,0.6969234250586759,0.5773502691896257,1.0,0.5,"batch_01_OE11-3-NEG,batch_02_OE21-4-NEG",Archaea
NEG_69849,Methanobacteriota,2,0.6969234250586759,0.5773502691896257,1.0,0.5,"batch_01_OE11-3-NEG,batch_02_OE21-4-NEG",Archaea
NEG_68649,Methanobacteriota,2,0.6969234250586759,0.5773502691896257,1.0,0.5,"batch_01_OE11-3-NEG,batch_02_OE21-4-NEG",Archaea
NEG_70120,Methanobacteriota,2,0.6969234250586759,0.5773502691896257,1.0,0.5,"batch_01_OE11-3-NEG,batch_02_OE21-4-NEG",Archaea
NEG_27877,Ascomycota,2,0.6967946813117072,0.5373241213525365,0.5109536873979751,1.0,"batch_01_OE11-3-NEG,batch_03_OE23-NEG",Fungi
NEG_5211,Streptophyta,2,0.6967438956900158,0.6899437424132882,0.6045038901897001,0.8333333333333333,"batch_02_OE21-4-NEG,batch_03_OE23-NEG",Plantae
NEG_35518,Bacillota,2,0.6966759096219247,0.6088527375056497,0.6413508949953506,0.7777777777777778,"batch_02_OE21-4-NEG,batch_06_ALL-25-2-NEG",Bacteria
NEG_11762,Streptophyta,2,0.6966209873894854,0.6861351935924233,0.9707815038861121,0.5,"batch_01_OE11-3-NEG,batch_03_OE23-NEG",Plantae
NEG_14464,Ascomycota,2,0.6965192078889606,0.579086472942108,0.6666000257676282,0.75,"batch_01_OE11-3-NEG,batch_06_ALL-25-2-NEG",Fungi
NEG_121018,Streptophyta,2,0.696405215976525,0.5767730416781675,0.8319592235733482,0.6666666666666666,"batch_02_OE21-4-NEG,batch_03_OE23-NEG",Plantae
NEG_50165,Streptophyta,2,0.6964034695874849,0.6865089124128622,0.7345041460191923,0.75,"batch_01_OE11-3-NEG,batch_03_OE23-NEG",Plantae
NEG_81449,Ascomycota,2,0.6963707264520755,0.6952440095633204,0.9003665329482495,0.5416666666666667,"batch_02_OE21-4-NEG,batch_06_ALL-25-2-NEG",Fungi
NEG_14160,Ascomycota,2,0.6962928107831675,0.644267858284861,0.6950708106402558,0.75,"batch_03_OE23-NEG,batch_06_ALL-25-2-NEG",Fungi
NEG_75505,Streptophyta,3,0.696262292488904,0.5365894115258919,0.7292587087175764,0.7592592592592592,"batch_01_OE11-3-NEG,batch_02_OE21-4-NEG,batch_03_OE23-NEG",Plantae
NEG_42781,Bacillota,2,0.6962354640474793,0.512989176042577,0.9972423835527242,0.52046783625731,"batch_02_OE21-4-NEG,batch_06_ALL-25-2-NEG",Bacteria
NEG_83397,Bacillota,2,0.6960714583883392,0.6666666666666666,1.0,0.4853801169590643,"batch_02_OE21-4-NEG,batch_06_ALL-25-2-NEG",Bacteria
NEG_97451,Streptophyta,3,0.6960522745595875,0.6666666666666666,0.8367812025519689,0.6481481481481481,"batch_01_OE11-3-NEG,batch_02_OE21-4-NEG,batch_03_OE23-NEG",Plantae
NEG_21425,Ascomycota,2,0.6960013637890858,0.6362403391087224,0.6903901630217053,0.75,"batch_01_OE11-3-NEG,batch_06_ALL-25-2-NEG",Fungi
NEG_87279,Methanobacteriota,2,0.69582324152364,0.5751499021195539,0.9961961148621987,0.5,"batch_01_OE11-3-NEG,batch_02_OE21-4-NEG",Archaea
NEG_58661,Basidiomycota,2,0.6956969649422082,0.6005346224491404,0.5651785050105944,0.8571428571428572,"batch_01_OE11-3-NEG,batch_02_OE21-4-NEG",Fungi
NEG_56645,Streptophyta,3,0.6955138505043946,0.5936211627096275,0.7595468745636061,0.7222222222222222,"batch_01_OE11-3-NEG,batch_02_OE21-4-NEG,batch_03_OE23-NEG",Plantae
NEG_83056,Streptophyta,3,0.6954829057862906,0.5193494510684085,0.8301151239270322,0.5925925925925926,"batch_01_OE11-3-NEG,batch_02_OE21-4-NEG,batch_03_OE23-NEG",Plantae
NEG_111300,Streptophyta,2,0.695411850450165,0.6845299222565726,0.7331415089831715,0.75,"batch_03_OE23-NEG,batch_06_ALL-25-2-NEG",Plantae
NEG_75145,Ascomycota,2,0.6952496789682642,0.6834873812781562,0.9670209355048502,0.5,"batch_02_OE21-4-NEG,batch_06_ALL-25-2-NEG",Fungi
NEG_1263,Streptophyta,2,0.6950206763183133,0.6029185225422805,0.6369408451699761,0.7777777777777778,"batch_02_OE21-4-NEG,batch_06_ALL-25-2-NEG",Plantae
NEG_93719,Streptophyta,2,0.6949705864517743,0.6822745597512944,0.599519948848058,0.8333333333333333,"batch_02_OE21-4-NEG,batch_03_OE23-NEG",Plantae
NEG_59621,Streptophyta,2,0.6948947922530769,0.6853252158868712,0.809383814341089,0.625,"batch_01_OE11-3-NEG,batch_03_OE23-NEG",Plantae
NEG_36374,Streptophyta,2,0.6948492166905689,0.6860282558310146,0.8089082306391178,0.625,"batch_01_OE11-3-NEG,batch_03_OE23-NEG",Plantae
NEG_11806,Ascomycota,2,0.6946256742748662,0.5290915440937474,0.649875306632385,0.75,"batch_03_OE23-NEG,batch_06_ALL-25-2-NEG",Fungi
NEG_38286,Streptophyta,2,0.6946195608230286,0.5041112999494004,0.677619858449493,0.7222222222222222,"batch_02_OE21-4-NEG,batch_03_OE23-NEG",Plantae
NEG_115093,Streptophyta,2,0.6944030700087895,0.6816993588310315,0.9647140158306394,0.5,"batch_01_OE11-3-NEG,batch_03_OE23-NEG",Plantae
NEG_98191,Streptophyta,2,0.6943767531564007,0.5722569253850752,0.6637389943255898,0.8333333333333333,"batch_02_OE21-4-NEG,batch_03_OE23-NEG",Plantae
NEG_47555,Streptophyta,2,0.6943587312418542,0.5763642603658874,0.8282525034362134,0.6666666666666666,"batch_02_OE21-4-NEG,batch_03_OE23-NEG",Plantae
NEG_2982,Basidiomycota,2,0.6943205043272545,0.6175038179098319,0.7421890761302181,0.7142857142857143,"batch_01_OE11-3-NEG,batch_02_OE21-4-NEG",Fungi
NEG_85336,Streptophyta,2,0.6941391671456533,0.5222529305068679,0.7727481234230114,0.625,"batch_01_OE11-3-NEG,batch_03_OE23-NEG",Plantae
NEG_45067,Bacillota,2,0.6939068053970696,0.6617279166986827,0.8056445735879119,0.6432748538011696,"batch_02_OE21-4-NEG,batch_06_ALL-25-2-NEG",Bacteria
NEG_50789,Streptophyta,2,0.6938946762591839,0.6877861063877245,0.8053710300200954,0.625,"batch_01_OE11-3-NEG,batch_03_OE23-NEG",Plantae
NEG_10344,Basidiomycota,2,0.6938334764301977,0.6690907520567144,0.5715535823221999,0.8571428571428572,"batch_01_OE11-3-NEG,batch_02_OE21-4-NEG",Fungi
NEG_52765,Streptophyta,2,0.6936232456831612,0.6808895293172933,0.962550708969059,0.5,"batch_01_OE11-3-NEG,batch_03_OE23-NEG",Plantae
NEG_77661,Streptophyta,2,0.6934959493284805,0.6547492700244469,0.6969096437667616,0.7777777777777778,"batch_02_OE21-4-NEG,batch_03_OE23-NEG",Plantae
NEG_70402,Streptophyta,2,0.6930309812576171,0.6815778751383766,0.9608462292453483,0.5,"batch_01_OE11-3-NEG,batch_03_OE23-NEG",Plantae
NEG_37793,Ascomycota,2,0.6928767586760529,0.642243540160976,0.6299550558443798,0.7916666666666667,"batch_02_OE21-4-NEG,batch_03_OE23-NEG",Fungi
NEG_79154,Streptophyta,2,0.6928559449137357,0.618500984881124,0.5402270873836025,0.8888888888888888,"batch_02_OE21-4-NEG,batch_03_OE23-NEG",Plantae
NEG_356,Streptophyta,2,0.6926438946759028,0.6123281812163668,0.48620617866031746,1.0,"batch_03_OE23-NEG,batch_06_ALL-25-2-NEG",Plantae
NEG_33542,Streptophyta,2,0.692620943398421,0.6666666666666666,0.758175173492565,0.7222222222222222,"batch_02_OE21-4-NEG,batch_03_OE23-NEG",Plantae
NEG_40503,Streptophyta,2,0.692426812920991,0.6777468446554343,0.9593407854403975,0.5,"batch_01_OE11-3-NEG,batch_03_OE23-NEG",Plantae
NEG_79254,Ascomycota,2,0.6923996752626127,0.6868920337533241,0.653402866848679,0.7916666666666667,"batch_02_OE21-4-NEG,batch_03_OE23-NEG",Fungi
NEG_63613,Streptophyta,2,0.6923435395447263,0.6514022044187179,0.9082608686003526,0.5277777777777778,"batch_02_OE21-4-NEG,batch_03_OE23-NEG",Plantae
NEG_98543,Streptophyta,3,0.6923133839501907,0.5442480813994669,0.7654019913690003,0.7314814814814815,"batch_01_OE11-3-NEG,batch_02_OE21-4-NEG,batch_03_OE23-NEG",Plantae
NEG_46699,Streptophyta,3,0.6921675992513115,0.6666666666666666,0.9958856928079257,0.48148148148148145,"batch_01_OE11-3-NEG,batch_02_OE21-4-NEG,batch_03_OE23-NEG",Plantae
NEG_13466,Ascomycota,3,0.6919672423339375,0.52444027817849,0.8245303022731969,0.611111111111111,"batch_02_OE21-4-NEG,batch_03_OE23-NEG,batch_06_ALL-25-2-NEG",Fungi
NEG_112025,Bacillota,2,0.6915323255023004,0.5011475473164039,0.8408448871031212,0.5730994152046783,"batch_02_OE21-4-NEG,batch_06_ALL-25-2-NEG",Bacteria
NEG_48475,Ascomycota,2,0.6914443407081108,0.6101635275531233,0.577776729473428,0.8333333333333333,"batch_02_OE21-4-NEG,batch_03_OE23-NEG",Fungi
NEG_60977,Streptophyta,3,0.6910628656964125,0.5773502691896257,0.9311095462550032,0.5277777777777778,"batch_01_OE11-3-NEG,batch_02_OE21-4-NEG,batch_03_OE23-NEG",Plantae
NEG_69808,Ascomycota,3,0.6908140393903172,0.502396456886018,0.6635543036449764,0.7222222222222222,"batch_02_OE21-4-NEG,batch_03_OE23-NEG,batch_06_ALL-25-2-NEG",Fungi
NEG_74712,Ascomycota,2,0.6905383564088445,0.6759764043307505,0.801795844502996,0.625,"batch_02_OE21-4-NEG,batch_06_ALL-25-2-NEG",Fungi
NEG_8690,Streptophyta,2,0.6904621136017828,0.6548719148992667,0.7677406279111018,0.6388888888888888,"batch_02_OE21-4-NEG,batch_03_OE23-NEG",Plantae
NEG_48326,Basidiomycota,2,0.6904114219262836,0.5534325816735111,0.6996228825084723,0.7142857142857143,"batch_01_OE11-3-NEG,batch_02_OE21-4-NEG",Fungi
NEG_65865,Ascomycota,2,0.6903066787213377,0.6767243900455708,0.7056857392942308,0.75,"batch_01_OE11-3-NEG,batch_06_ALL-25-2-NEG",Fungi
NEG_71659,Streptophyta,2,0.6902412025873682,0.6733756239881888,0.9534347309814827,0.5,"batch_01_OE11-3-NEG,batch_03_OE23-NEG",Plantae
NEG_60115,Streptophyta,2,0.690209659443479,0.5143939151025195,0.7646010998944981,0.625,"batch_01_OE11-3-NEG,batch_03_OE23-NEG",Plantae
NEG_19778,Streptophyta,2,0.6901995019179608,0.6717653024090824,0.9032141720388782,0.5277777777777778,"batch_02_OE21-4-NEG,batch_03_OE23-NEG",Plantae
NEG_31199,Streptophyta,2,0.6901841866176404,0.5773502691896257,0.8224190377125393,0.6666666666666666,"batch_02_OE21-4-NEG,batch_03_OE23-NEG",Plantae
NEG_67704,Methanobacteriota,2,0.6901765786272225,0.5773502691896257,0.9836102286803305,0.5,"batch_01_OE11-3-NEG,batch_02_OE21-4-NEG",Archaea
NEG_61601,Ascomycota,2,0.6901718663973482,0.6806505754973067,0.9528557202936044,0.5,"batch_02_OE21-4-NEG,batch_06_ALL-25-2-NEG",Fungi
NEG_69548,Ascomycota,2,0.6901332502933437,0.5602916813846841,0.6501061202915555,0.75,"batch_02_OE21-4-NEG,batch_06_ALL-25-2-NEG",Fungi
NEG_56169,Ascomycota,2,0.6898513189756664,0.5321977276614026,0.699013592076324,0.7083333333333334,"batch_02_OE21-4-NEG,batch_06_ALL-25-2-NEG",Fungi
NEG_70458,Streptophyta,2,0.6897864724896573,0.672466163792767,0.9522107414461607,0.5,"batch_01_OE11-3-NEG,batch_03_OE23-NEG",Plantae
NEG_68187,Methanobacteriota,2,0.6893688285481261,0.5636369154099565,0.9748217729424375,0.5,"batch_01_OE11-3-NEG,batch_02_OE21-4-NEG",Archaea
NEG_85305,Streptophyta,2,0.6892530865776505,0.5863098512161269,0.8144405010035434,0.5833333333333333,"batch_02_OE21-4-NEG,batch_03_OE23-NEG",Plantae
NEG_65536,Ascomycota,2,0.6890630415368515,0.6434531338297603,0.6247566872628301,0.7916666666666667,"batch_02_OE21-4-NEG,batch_03_OE23-NEG",Fungi
NEG_34976,Streptophyta,2,0.6890021837366327,0.5773502691896257,0.8205234925491942,0.6666666666666666,"batch_02_OE21-4-NEG,batch_03_OE23-NEG",Plantae
NEG_46357,Streptophyta,2,0.6888869896271033,0.6714367110582676,0.9046568677035711,0.5277777777777778,"batch_02_OE21-4-NEG,batch_03_OE23-NEG",Plantae
NEG_9575,Ascomycota,2,0.6888393226586296,0.6223267105547055,0.6725688073446068,0.75,"batch_03_OE23-NEG,batch_06_ALL-25-2-NEG",Fungi
NEG_4817,Basidiomycota,2,0.6888095534840213,0.6313223786148509,0.6272263558977629,0.7857142857142857,"batch_01_OE11-3-NEG,batch_02_OE21-4-NEG",Fungi
NEG_4684,Ascomycota,2,0.6887819689987951,0.6293508375367368,0.47795266020471744,1.0,"batch_03_OE23-NEG,batch_06_ALL-25-2-NEG",Fungi
NEG_2802,Basidiomycota,2,0.6882923684826534,0.6700576955066615,0.661271560427117,0.7857142857142857,"batch_01_OE11-3-NEG,batch_02_OE21-4-NEG",Fungi
NEG_5015,Streptophyta,2,0.6881794345236238,0.6692520878607001,0.9478983571059063,0.5,"batch_01_OE11-3-NEG,batch_03_OE23-NEG",Plantae
NEG_21773,Streptophyta,2,0.6881424155285372,0.5773502691896257,0.819148217073166,0.6666666666666666,"batch_02_OE21-4-NEG,batch_03_OE23-NEG",Plantae
NEG_65944,Streptophyta,2,0.6879332133028274,0.5593698456779288,0.8128946242537498,0.5833333333333333,"batch_02_OE21-4-NEG,batch_03_OE23-NEG",Plantae
NEG_28564,Streptophyta,2,0.6878371973452166,0.5524626752816174,0.7966612788549923,0.6666666666666666,"batch_02_OE21-4-NEG,batch_03_OE23-NEG",Plantae
NEG_53026,Basidiomycota,3,0.6876925564031705,0.523802789169611,0.8398054130303896,0.5873015873015873,"batch_01_OE11-3-NEG,batch_02_OE21-4-NEG,batch_04_OE26-1-NEG",Fungi
NEG_82295,Streptophyta,2,0.6875496275047732,0.6529495682110437,0.5484216786912501,0.8888888888888888,"batch_02_OE21-4-NEG,batch_03_OE23-NEG",Plantae
NEG_69428,Streptophyta,2,0.6874706039426761,0.5615173146900033,0.6461309097072113,0.75,"batch_01_OE11-3-NEG,batch_03_OE23-NEG",Plantae
NEG_66027,Basidiomycota,3,0.6874636825255709,0.5350367945862254,0.6960113828658289,0.6984126984126985,"batch_01_OE11-3-NEG,batch_02_OE21-4-NEG,batch_04_OE26-1-NEG",Fungi
NEG_17298,Ascomycota,2,0.6869308238342857,0.560642504534968,0.8021427142163384,0.6666666666666666,"batch_02_OE21-4-NEG,batch_06_ALL-25-2-NEG",Fungi
NEG_61955,Streptophyta,2,0.6869072978603636,0.6665633663672318,0.6499781999555501,0.7777777777777778,"batch_02_OE21-4-NEG,batch_03_OE23-NEG",Plantae
NEG_105310,Streptophyta,2,0.6868867239266071,0.6666666666666666,1.0,0.4722222222222222,"batch_01_OE11-3-NEG,batch_02_OE21-4-NEG",Plantae
NEG_108987,Streptophyta,2,0.6868867239266071,0.6666666666666666,1.0,0.4722222222222222,"batch_01_OE11-3-NEG,batch_02_OE21-4-NEG",Plantae
NEG_78915,Streptophyta,2,0.6868867239266071,0.6666666666666666,1.0,0.4722222222222222,"batch_01_OE11-3-NEG,batch_02_OE21-4-NEG",Plantae
NEG_96898,Streptophyta,2,0.6868867239266071,0.6666666666666666,1.0,0.4722222222222222,"batch_01_OE11-3-NEG,batch_02_OE21-4-NEG",Plantae
NEG_87048,Streptophyta,2,0.6868867239266071,0.6666666666666666,1.0,0.4722222222222222,"batch_01_OE11-3-NEG,batch_02_OE21-4-NEG",Plantae
NEG_66666,Streptophyta,2,0.6868867239266071,0.6666666666666666,1.0,0.4722222222222222,"batch_01_OE11-3-NEG,batch_02_OE21-4-NEG",Plantae
NEG_71798,Streptophyta,2,0.6868867239266071,0.6666666666666666,1.0,0.4722222222222222,"batch_01_OE11-3-NEG,batch_02_OE21-4-NEG",Plantae
NEG_71695,Streptophyta,2,0.6868867239266071,0.6666666666666666,1.0,0.4722222222222222,"batch_01_OE11-3-NEG,batch_02_OE21-4-NEG",Plantae
NEG_73998,Streptophyta,2,0.6868867239266071,0.6666666666666666,1.0,0.4722222222222222,"batch_01_OE11-3-NEG,batch_02_OE21-4-NEG",Plantae
NEG_81542,Streptophyta,2,0.6868244744941494,0.6666666666666666,0.999823947516704,0.4722222222222222,"batch_02_OE21-4-NEG,batch_03_OE23-NEG",Plantae
NEG_51190,Streptophyta,2,0.6866686892352891,0.6662305972840308,0.9438632087574363,0.5,"batch_01_OE11-3-NEG,batch_03_OE23-NEG",Plantae
NEG_23566,Streptophyta,2,0.6865964949274763,0.6660862086684051,0.9991296920505313,0.4722222222222222,"batch_01_OE11-3-NEG,batch_02_OE21-4-NEG",Plantae
NEG_54056,Streptophyta,2,0.686562394584548,0.6660180079825484,0.9435799869570418,0.5,"batch_01_OE11-3-NEG,batch_03_OE23-NEG",Plantae
NEG_38249,Streptophyta,2,0.6865174125051414,0.5773502691896257,0.8165569561857582,0.6666666666666666,"batch_02_OE21-4-NEG,batch_03_OE23-NEG",Plantae
NEG_51624,Streptophyta,2,0.6864640519456635,0.6666666666666666,0.9988052177106427,0.4722222222222222,"batch_02_OE21-4-NEG,batch_03_OE23-NEG",Plantae
NEG_11400,Streptophyta,2,0.6863906076749487,0.6656168548633375,0.7484672385341142,0.7222222222222222,"batch_02_OE21-4-NEG,batch_03_OE23-NEG",Plantae
NEG_6921,Ascomycota,2,0.6863803690711615,0.5643553809007138,0.48600810878426176,1.0,"batch_01_OE11-3-NEG,batch_03_OE23-NEG",Fungi
NEG_65761,Streptophyta,2,0.6862627389693435,0.6654186967521395,0.7213910209936579,0.75,"batch_01_OE11-3-NEG,batch_03_OE23-NEG",Plantae
NEG_9814,Streptophyta,2,0.6862191447569927,0.6666666666666666,0.9981135836165379,0.4722222222222222,"batch_02_OE21-4-NEG,batch_03_OE23-NEG",Plantae
NEG_78700,Streptophyta,2,0.6860665077417204,0.6666666666666666,0.9976827693128705,0.4722222222222222,"batch_02_OE21-4-NEG,batch_03_OE23-NEG",Plantae
NEG_32503,Streptophyta,2,0.6859995571709265,0.6363666221878591,0.8920021249962119,0.5277777777777778,"batch_02_OE21-4-NEG,batch_03_OE23-NEG",Plantae
NEG_10013,Streptophyta,2,0.685886081802825,0.6666666666666666,0.9971737618135705,0.4722222222222222,"batch_02_OE21-4-NEG,batch_03_OE23-NEG",Plantae
NEG_64465,Streptophyta,2,0.685741140206314,0.665638930848042,0.9966744186676447,0.4722222222222222,"batch_02_OE21-4-NEG,batch_03_OE23-NEG",Plantae
NEG_50859,Streptophyta,2,0.6857316285190873,0.6666666666666666,0.9967382337993032,0.4722222222222222,"batch_02_OE21-4-NEG,batch_03_OE23-NEG",Plantae
NEG_27667,Streptophyta,2,0.6856016303238585,0.6773097457987782,0.8943618525280193,0.5277777777777778,"batch_02_OE21-4-NEG,batch_03_OE23-NEG",Plantae
NEG_97265,Streptophyta,2,0.6854809991622397,0.6666666666666666,0.9960319141949887,0.4722222222222222,"batch_02_OE21-4-NEG,batch_03_OE23-NEG",Plantae
NEG_83055,Streptophyta,2,0.6853141180355833,0.6666666666666666,0.9955618911984465,0.4722222222222222,"batch_02_OE21-4-NEG,batch_03_OE23-NEG",Plantae
NEG_93508,Streptophyta,2,0.6852519903301151,0.6666666666666666,0.7476934822848371,0.7222222222222222,"batch_02_OE21-4-NEG,batch_03_OE23-NEG",Plantae
NEG_49634,Bacillota,2,0.6852228656810406,0.5757263171230551,0.997191188342115,0.48245614035087714,"batch_02_OE21-4-NEG,batch_06_ALL-25-2-NEG",Bacteria
NEG_111609,Bacillota,2,0.6852017328799409,0.5600572597314135,0.9891306093334944,0.49122807017543857,"batch_02_OE21-4-NEG,batch_06_ALL-25-2-NEG",Bacteria
NEG_78675,Streptophyta,2,0.6851977796489592,0.6666666666666666,0.9952343543240078,0.4722222222222222,"batch_02_OE21-4-NEG,batch_03_OE23-NEG",Plantae
NEG_81667,Methanobacteriota,2,0.6851529491888446,0.5538093174499632,0.9600571401415912,0.5,"batch_01_OE11-3-NEG,batch_02_OE21-4-NEG",Archaea
NEG_96918,Streptophyta,2,0.685091204817661,0.6666666666666666,0.9949344006047389,0.4722222222222222,"batch_02_OE21-4-NEG,batch_03_OE23-NEG",Plantae
NEG_10738,Actinomycetota,2,0.685048530014631,0.6629902788427142,0.7197780549199699,0.75,"batch_04_OE26-1-NEG,batch_06_ALL-25-2-NEG",Bacteria
NEG_33436,Bacillota,2,0.684983326484577,0.5078567187569625,0.7791398155876506,0.6403508771929824,"batch_02_OE21-4-NEG,batch_06_ALL-25-2-NEG",Bacteria
NEG_21493,Streptophyta,2,0.684784767853488,0.6530343320685149,0.8885342671080613,0.5277777777777778,"batch_02_OE21-4-NEG,batch_03_OE23-NEG",Plantae
NEG_48012,Streptophyta,2,0.6846343275493951,0.5773502691896257,0.8135673649704882,0.6666666666666666,"batch_02_OE21-4-NEG,batch_03_OE23-NEG",Plantae
NEG_75962,Streptophyta,2,0.6846164261248509,0.6511414118945166,0.6760823541822383,0.7777777777777778,"batch_02_OE21-4-NEG,batch_03_OE23-NEG",Plantae
NEG_79165,Streptophyta,2,0.6846162206006958,0.6656444200149895,0.9935039091912254,0.4722222222222222,"batch_01_OE11-3-NEG,batch_02_OE21-4-NEG",Plantae
NEG_41903,Streptophyta,2,0.6845009562893942,0.6641627894622602,0.9930494267452534,0.4722222222222222,"batch_02_OE21-4-NEG,batch_03_OE23-NEG",Plantae
NEG_51255,Streptophyta,2,0.684406203894065,0.6666666666666666,0.993008641775009,0.4722222222222222,"batch_02_OE21-4-NEG,batch_03_OE23-NEG",Plantae
NEG_33336,Streptophyta,2,0.6843702877144445,0.6666666666666666,0.7464538866823327,0.7222222222222222,"batch_02_OE21-4-NEG,batch_03_OE23-NEG",Plantae
NEG_52465,Streptophyta,2,0.6843677009802798,0.672638166896301,0.8238829383383175,0.5833333333333333,"batch_02_OE21-4-NEG,batch_03_OE23-NEG",Plantae
NEG_14594,Streptophyta,2,0.6842441455208097,0.6666666666666666,0.9925535924402973,0.4722222222222222,"batch_02_OE21-4-NEG,batch_03_OE23-NEG",Plantae
NEG_46058,Streptophyta,2,0.6842402103421847,0.6666666666666666,0.9925425453284207,0.4722222222222222,"batch_02_OE21-4-NEG,batch_03_OE23-NEG",Plantae
NEG_50120,Streptophyta,2,0.684237789342533,0.6653629308504737,0.9924137040136451,0.4722222222222222,"batch_02_OE21-4-NEG,batch_03_OE23-NEG",Plantae
NEG_73995,Streptophyta,2,0.6840377724807316,0.5519541345287902,0.8041939840483876,0.5833333333333333,"batch_02_OE21-4-NEG,batch_03_OE23-NEG",Plantae
NEG_77455,Streptophyta,2,0.6840277502292184,0.6609487192718891,0.9914598606955443,0.4722222222222222,"batch_01_OE11-3-NEG,batch_02_OE21-4-NEG",Plantae
NEG_121398,Ascomycota,2,0.683899384729477,0.6606919882724065,0.9365139033673457,0.5,"batch_02_OE21-4-NEG,batch_06_ALL-25-2-NEG",Fungi
NEG_51629,Streptophyta,2,0.6838437294168254,0.6610618072332888,0.9909478636049955,0.4722222222222222,"batch_02_OE21-4-NEG,batch_03_OE23-NEG",Plantae
NEG_57493,Streptophyta,2,0.6835485930977594,0.5221047507388178,0.6295994787335666,0.75,"batch_03_OE23-NEG,batch_06_ALL-25-2-NEG",Plantae
NEG_65275,Streptophyta,2,0.6833797642480881,0.6666666666666666,0.9901300151846331,0.4722222222222222,"batch_01_OE11-3-NEG,batch_02_OE21-4-NEG",Plantae
NEG_12035,Streptophyta,2,0.683360331599385,0.6666666666666666,0.9900755980605704,0.4722222222222222,"batch_02_OE21-4-NEG,batch_03_OE23-NEG",Plantae
NEG_63912,Streptophyta,2,0.6833209401729763,0.6627710286991675,0.9896077918412923,0.4722222222222222,"batch_02_OE21-4-NEG,batch_03_OE23-NEG",Plantae
NEG_87818,Basidiomycota,2,0.6830975325213979,0.6020799395655366,0.7148529250566774,0.7142857142857143,"batch_01_OE11-3-NEG,batch_02_OE21-4-NEG",Fungi
NEG_64376,Streptophyta,2,0.6830584622589331,0.6666666666666666,0.9892306632081093,0.4722222222222222,"batch_02_OE21-4-NEG,batch_03_OE23-NEG",Plantae
NEG_76344,Ascomycota,2,0.6830333177715562,0.5621778976673938,0.6391625400674386,0.75,"batch_02_OE21-4-NEG,batch_06_ALL-25-2-NEG",Fungi
NEG_73371,Streptophyta,2,0.6830153084360685,0.6591774652640666,0.9884706749892165,0.4722222222222222,"batch_02_OE21-4-NEG,batch_03_OE23-NEG",Plantae
NEG_6428,Streptophyta,2,0.6829535753540676,0.6623364486659328,0.9885375004074822,0.4722222222222222,"batch_02_OE21-4-NEG,batch_03_OE23-NEG",Plantae
NEG_77476,Streptophyta,2,0.6824355678921593,0.6195151432843887,0.6918995063793384,0.7777777777777778,"batch_02_OE21-4-NEG,batch_03_OE23-NEG",Plantae
NEG_72962,Ascomycota,2,0.6823747831563178,0.6507766528368252,0.46663378652731946,1.0,"batch_03_OE23-NEG,batch_06_ALL-25-2-NEG",Fungi
NEG_64629,Ascomycota,2,0.6822212022996874,0.5974630868847653,0.6000961856351604,0.7916666666666667,"batch_02_OE21-4-NEG,batch_06_ALL-25-2-NEG",Fungi
NEG_17217,Streptophyta,2,0.6821197855177504,0.6666666666666666,0.9866079569095707,0.4722222222222222,"batch_02_OE21-4-NEG,batch_03_OE23-NEG",Plantae
NEG_94374,Streptophyta,2,0.6821117477198195,0.6666666666666666,0.9865855293678061,0.4722222222222222,"batch_02_OE21-4-NEG,batch_03_OE23-NEG",Plantae
NEG_29507,Streptophyta,2,0.6820848148217533,0.6572716325288819,0.7877087776094558,0.625,"batch_01_OE11-3-NEG,batch_03_OE23-NEG",Plantae
NEG_64464,Streptophyta,2,0.6820551449974042,0.6632167518671401,0.9860902692409709,0.4722222222222222,"batch_02_OE21-4-NEG,batch_03_OE23-NEG",Plantae
NEG_60575,Streptophyta,2,0.6817494615105542,0.5773502691896257,0.8090148529605262,0.6666666666666666,"batch_02_OE21-4-NEG,batch_03_OE23-NEG",Plantae
NEG_97915,Streptophyta,2,0.6817166630445213,0.6679443675822987,0.9298545695897122,0.5,"batch_01_OE11-3-NEG,batch_03_OE23-NEG",Plantae
NEG_76115,Ascomycota,2,0.6817046684823248,0.6551914992830681,0.6187370248618684,0.7916666666666667,"batch_02_OE21-4-NEG,batch_03_OE23-NEG",Fungi
NEG_4116,Streptophyta,2,0.681517848978002,0.6771103002020861,0.9289720099236296,0.5,"batch_01_OE11-3-NEG,batch_03_OE23-NEG",Plantae
NEG_38112,Ascomycota,2,0.6814388980705479,0.6006024511250485,0.7233998159665663,0.7083333333333334,"batch_02_OE21-4-NEG,batch_03_OE23-NEG",Fungi
NEG_73994,Streptophyta,3,0.6814373432172968,0.605649624046895,0.898978490376389,0.5185185185185185,"batch_01_OE11-3-NEG,batch_02_OE21-4-NEG,batch_03_OE23-NEG",Plantae
NEG_120453,Streptophyta,3,0.6814292443172798,0.5729588724514655,0.9058767193290281,0.5277777777777778,"batch_01_OE11-3-NEG,batch_02_OE21-4-NEG,batch_03_OE23-NEG",Plantae
NEG_71061,Streptophyta,2,0.6814058654975201,0.6174557384951104,0.8812515890005421,0.5277777777777778,"batch_02_OE21-4-NEG,batch_03_OE23-NEG",Plantae
NEG_66474,Actinomycetota,2,0.6812652910484731,0.6123724356957945,0.781368622306006,0.6875,"batch_04_OE26-1-NEG,batch_06_ALL-25-2-NEG",Bacteria
NEG_65811,Streptophyta,2,0.681170440481826,0.6347015527724736,0.6779361232833527,0.7777777777777778,"batch_02_OE21-4-NEG,batch_03_OE23-NEG",Plantae
NEG_9912,Basidiomycota,2,0.6811100485636157,0.5345224838248488,0.8425416695332302,0.6428571428571428,"batch_01_OE11-3-NEG,batch_02_OE21-4-NEG",Fungi
NEG_63110,Streptophyta,2,0.681052146311405,0.6666666666666666,0.9836334915955167,0.4722222222222222,"batch_02_OE21-4-NEG,batch_03_OE23-NEG",Plantae
NEG_55381,Streptophyta,2,0.6808245124680419,0.6666666666666666,0.9830004783057205,0.4722222222222222,"batch_02_OE21-4-NEG,batch_03_OE23-NEG",Plantae
NEG_46307,Streptophyta,2,0.680733873712427,0.6543609662383064,0.9817118084033712,0.4722222222222222,"batch_01_OE11-3-NEG,batch_02_OE21-4-NEG",Plantae
NEG_99241,Streptophyta,2,0.6807076179880978,0.6666666666666666,0.982675574557637,0.4722222222222222,"batch_02_OE21-4-NEG,batch_03_OE23-NEG",Plantae
NEG_82283,Streptophyta,2,0.6806537978264557,0.5448110147251854,0.7968190417658862,0.5833333333333333,"batch_02_OE21-4-NEG,batch_03_OE23-NEG",Plantae
NEG_113639,Ascomycota,2,0.6806025858010402,0.6492095141800391,0.6749419013958047,0.75,"batch_03_OE23-NEG,batch_06_ALL-25-2-NEG",Fungi
NEG_79453,Streptophyta,2,0.680495913856127,0.615635835212324,0.8790074815975757,0.5277777777777778,"batch_02_OE21-4-NEG,batch_03_OE23-NEG",Plantae
NEG_13201,Streptophyta,2,0.6800263356464311,0.6593574906806651,0.9800700742144508,0.4722222222222222,"batch_02_OE21-4-NEG,batch_03_OE23-NEG",Plantae
NEG_78885,Streptophyta,2,0.6798649111269799,0.6666666666666666,0.9803365376326165,0.4722222222222222,"batch_02_OE21-4-NEG,batch_03_OE23-NEG",Plantae
NEG_54665,Streptophyta,2,0.679746218602052,0.6591965752845754,0.9792719346968926,0.4722222222222222,"batch_02_OE21-4-NEG,batch_03_OE23-NEG",Plantae
NEG_25970,Streptophyta,2,0.6797041621409863,0.6323809202203605,0.7963322629511749,0.5833333333333333,"batch_02_OE21-4-NEG,batch_03_OE23-NEG",Plantae
NEG_43561,Streptophyta,2,0.6796440410507094,0.6666666666666666,0.9797244251188394,0.4722222222222222,"batch_02_OE21-4-NEG,batch_03_OE23-NEG",Plantae
NEG_9250,Streptophyta,2,0.6796334373488779,0.6521600935112083,0.9253127875685481,0.5,"batch_01_OE11-3-NEG,batch_03_OE23-NEG",Plantae
NEG_60572,Streptophyta,2,0.6796130943279259,0.6521194074693042,0.9252597215981164,0.5,"batch_01_OE11-3-NEG,batch_03_OE23-NEG",Plantae
NEG_78656,Streptophyta,2,0.6795481627010329,0.6774176272527,0.8776910250520242,0.5277777777777778,"batch_02_OE21-4-NEG,batch_03_OE23-NEG",Plantae
NEG_74708,Ascomycota,2,0.6792375965466899,0.6557733613725776,0.7804823319610301,0.625,"batch_02_OE21-4-NEG,batch_06_ALL-25-2-NEG",Fungi
NEG_57489,Streptophyta,2,0.679127495546952,0.6520671719442933,0.5866217253001766,0.8333333333333333,"batch_02_OE21-4-NEG,batch_03_OE23-NEG",Plantae
NEG_111680,Bacillota,2,0.6789174778846838,0.5526034600109576,0.9698017460131246,0.49122807017543857,"batch_02_OE21-4-NEG,batch_06_ALL-25-2-NEG",Bacteria
NEG_29049,Streptophyta,2,0.6787041263770258,0.6558589467641025,0.7465468765230046,0.6388888888888888,"batch_02_OE21-4-NEG,batch_03_OE23-NEG",Plantae
NEG_35501,Streptophyta,2,0.6785279846486449,0.6544819851087512,0.8791222052072596,0.5277777777777778,"batch_02_OE21-4-NEG,batch_03_OE23-NEG",Plantae
NEG_11809,Ascomycota,2,0.6784325231271768,0.6760419181596125,0.6887927409832824,0.75,"batch_03_OE23-NEG,batch_06_ALL-25-2-NEG",Fungi
NEG_56366,Bacillota,2,0.678351914473305,0.5773502691896257,0.8205679847503271,0.6403508771929824,"batch_02_OE21-4-NEG,batch_06_ALL-25-2-NEG",Bacteria
NEG_21815,Streptophyta,2,0.6781690216030116,0.5771861505292961,0.803254614475104,0.6666666666666666,"batch_02_OE21-4-NEG,batch_03_OE23-NEG",Plantae
NEG_41445,Streptophyta,2,0.6780466101793746,0.6642321636606898,0.975026634921887,0.4722222222222222,"batch_02_OE21-4-NEG,batch_03_OE23-NEG",Plantae
NEG_28201,Streptophyta,2,0.677901715668237,0.6666666666666666,0.9749094804195693,0.4722222222222222,"batch_02_OE21-4-NEG,batch_03_OE23-NEG",Plantae
NEG_86657,Streptophyta,3,0.6778716822913914,0.635241648095688,0.8939995115198646,0.5185185185185185,"batch_01_OE11-3-NEG,batch_02_OE21-4-NEG,batch_03_OE23-NEG",Plantae
NEG_45126,Basidiomycota,2,0.6775629780710986,0.6696405247110074,0.5488380409868654,0.8571428571428572,"batch_01_OE11-3-NEG,batch_02_OE21-4-NEG",Fungi
NEG_109723,Bacillota,2,0.677456934139176,0.6666666666666666,1.0,0.45906432748538006,"batch_02_OE21-4-NEG,batch_06_ALL-25-2-NEG",Bacteria
NEG_69863,Bacillota,2,0.6773720317529027,0.5773502691896257,0.8588275349182759,0.587719298245614,"batch_02_OE21-4-NEG,batch_06_ALL-25-2-NEG",Bacteria
NEG_55276,Streptophyta,2,0.6773711463137069,0.6666666666666666,0.973448067041274,0.4722222222222222,"batch_02_OE21-4-NEG,batch_03_OE23-NEG",Plantae
NEG_8420,Basidiomycota,2,0.6770982051058045,0.6319452443893323,0.7267372971564942,0.7142857142857143,"batch_01_OE11-3-NEG,batch_02_OE21-4-NEG",Fungi
NEG_31256,Streptophyta,2,0.6769072409988677,0.6490823779119264,0.9706187635094876,0.4722222222222222,"batch_02_OE21-4-NEG,batch_03_OE23-NEG",Plantae
NEG_6589,Streptophyta,2,0.6766338411766042,0.600539370156197,0.7248903356680769,0.6388888888888888,"batch_02_OE21-4-NEG,batch_03_OE23-NEG",Plantae
NEG_114781,Ascomycota,2,0.6766330386512607,0.6105327715036264,0.7231266998673564,0.7083333333333334,"batch_02_OE21-4-NEG,batch_06_ALL-25-2-NEG",Fungi
NEG_69285,Ascomycota,2,0.6765535772625011,0.5666571868878472,0.6303521432498898,0.75,"batch_02_OE21-4-NEG,batch_06_ALL-25-2-NEG",Fungi
NEG_13388,Ascomycota,3,0.6765510680156206,0.5891336610543776,0.6251389032555161,0.8333333333333334,"batch_01_OE11-3-NEG,batch_03_OE23-NEG,batch_06_ALL-25-2-NEG",Fungi
NEG_22737,Basidiomycota,2,0.6764362944751078,0.6748647607425181,0.6299540108680819,0.7857142857142857,"batch_01_OE11-3-NEG,batch_02_OE21-4-NEG",Fungi
NEG_34118,Methanobacteriota,2,0.6763866641601928,0.6485170274145946,0.8114076885005046,0.5833333333333333,"batch_01_OE11-3-NEG,batch_02_OE21-4-NEG",Archaea
NEG_70179,Basidiomycota,2,0.6761408102224586,0.5204806804379737,0.6619965637255896,0.7142857142857143,"batch_01_OE11-3-NEG,batch_02_OE21-4-NEG",Fungi
NEG_29754,Streptophyta,3,0.6759401603617087,0.5756585608624623,0.8497518320956164,0.611111111111111,"batch_01_OE11-3-NEG,batch_02_OE21-4-NEG,batch_03_OE23-NEG",Plantae
NEG_3147,Streptophyta,2,0.675919650825946,0.5658528284668652,0.549029435627882,0.8333333333333333,"batch_02_OE21-4-NEG,batch_03_OE23-NEG",Plantae
NEG_93251,Streptophyta,2,0.6759106001355593,0.5773502691896257,0.7999026115451171,0.6666666666666666,"batch_02_OE21-4-NEG,batch_03_OE23-NEG",Plantae
NEG_101589,Streptophyta,2,0.6758293063426538,0.64455183149876,0.915447063488406,0.5,"batch_01_OE11-3-NEG,batch_03_OE23-NEG",Plantae
NEG_37960,Basidiomycota,2,0.6755633107924452,0.5393954278309694,0.6688924309490298,0.7142857142857143,"batch_01_OE11-3-NEG,batch_02_OE21-4-NEG",Fungi
NEG_31255,Streptophyta,2,0.675552142132852,0.6439975030791564,0.9147327839721879,0.5,"batch_01_OE11-3-NEG,batch_03_OE23-NEG",Plantae
NEG_50818,Streptophyta,3,0.675544416062234,0.6528598003334879,0.9508172792609878,0.48148148148148145,"batch_01_OE11-3-NEG,batch_02_OE21-4-NEG,batch_03_OE23-NEG",Plantae
NEG_98196,Streptophyta,2,0.6754400866014977,0.6666666666666666,0.9681481225267388,0.4722222222222222,"batch_02_OE21-4-NEG,batch_03_OE23-NEG",Plantae
NEG_9247,Streptophyta,2,0.6753222183356584,0.6533143353930492,0.966441343582578,0.4722222222222222,"batch_02_OE21-4-NEG,batch_03_OE23-NEG",Plantae
NEG_40482,Basidiomycota,2,0.6752990370380133,0.5925662140514767,0.6969633214473233,0.7142857142857143,"batch_01_OE11-3-NEG,batch_02_OE21-4-NEG",Fungi
NEG_58451,Streptophyta,2,0.6752567929163898,0.535785596404808,0.7849024778828646,0.5833333333333333,"batch_02_OE21-4-NEG,batch_03_OE23-NEG",Plantae
NEG_7146,Streptophyta,2,0.6751466614619572,0.6666351968792908,0.8673506704533083,0.5277777777777778,"batch_02_OE21-4-NEG,batch_03_OE23-NEG",Plantae
NEG_62500,Streptophyta,2,0.6751222704115397,0.6431377596365319,0.7068130889351487,0.75,"batch_01_OE11-3-NEG,batch_03_OE23-NEG",Plantae
NEG_25323,Ascomycota,2,0.6749946821900576,0.5735748374964676,0.7948919000916281,0.6666666666666666,"batch_02_OE21-4-NEG,batch_03_OE23-NEG",Fungi
NEG_69552,Ascomycota,2,0.6749315003647169,0.5923313663727504,0.5876611864589907,0.7916666666666667,"batch_02_OE21-4-NEG,batch_03_OE23-NEG",Fungi
NEG_58373,Ascomycota,2,0.6747352148247361,0.6424372132675404,0.9126215420583428,0.5,"batch_02_OE21-4-NEG,batch_06_ALL-25-2-NEG",Fungi
NEG_18001,Streptophyta,2,0.6745887805049261,0.6209414601592623,0.6989282433538416,0.7222222222222222,"batch_02_OE21-4-NEG,batch_03_OE23-NEG",Plantae
NEG_7672,Streptophyta,2,0.6745781232121415,0.6179029285796243,0.7255599386993759,0.6388888888888888,"batch_01_OE11-3-NEG,batch_02_OE21-4-NEG",Plantae
NEG_36400,Streptophyta,2,0.6745391219928063,0.6037222514856827,0.864480556938942,0.5277777777777778,"batch_02_OE21-4-NEG,batch_03_OE23-NEG",Plantae
NEG_15284,Streptophyta,2,0.6744779218960921,0.590194796113668,0.7801186429653038,0.5833333333333333,"batch_02_OE21-4-NEG,batch_03_OE23-NEG",Plantae
NEG_17763,Streptophyta,2,0.6743036211161457,0.5386494645226858,0.6370953240695001,0.8333333333333333,"batch_02_OE21-4-NEG,batch_03_OE23-NEG",Plantae
NEG_63420,Basidiomycota,2,0.6742883640886923,0.5463777228047748,0.8309258184724899,0.5476190476190476,"batch_02_OE21-4-NEG,batch_04_OE26-1-NEG",Fungi
NEG_79614,Streptophyta,2,0.6742376973430443,0.5927721660452331,0.6040049477526386,0.8333333333333333,"batch_02_OE21-4-NEG,batch_03_OE23-NEG",Plantae
NEG_3108,Basidiomycota,2,0.674183651729721,0.5074159120042724,0.8041737099666662,0.6428571428571428,"batch_01_OE11-3-NEG,batch_02_OE21-4-NEG",Fungi
NEG_27673,Streptophyta,2,0.674116421693888,0.6455749579506385,0.8688184276666608,0.5277777777777778,"batch_02_OE21-4-NEG,batch_03_OE23-NEG",Plantae
NEG_120917,Streptophyta,2,0.6737746194507438,0.5734316767584671,0.7928648318741671,0.6666666666666666,"batch_02_OE21-4-NEG,batch_03_OE23-NEG",Plantae
NEG_76705,Streptophyta,3,0.6736526791888576,0.5610709030432974,0.8244032985958815,0.611111111111111,"batch_01_OE11-3-NEG,batch_02_OE21-4-NEG,batch_03_OE23-NEG",Plantae
NEG_43158,Streptophyta,2,0.6735261129448196,0.6666666666666666,0.9629245091991572,0.4722222222222222,"batch_02_OE21-4-NEG,batch_03_OE23-NEG",Plantae
NEG_65097,Streptophyta,2,0.6735198761529786,0.6666666666666666,0.9629075356623295,0.4722222222222222,"batch_02_OE21-4-NEG,batch_03_OE23-NEG",Plantae
NEG_64153,Bacillota,2,0.6734475683837343,0.5773502691896257,0.9688244483788582,0.48245614035087714,"batch_02_OE21-4-NEG,batch_06_ALL-25-2-NEG",Bacteria
NEG_57982,Bacillota,2,0.6733330774989623,0.5731224182603569,0.9664134736469191,0.48245614035087714,"batch_02_OE21-4-NEG,batch_06_ALL-25-2-NEG",Bacteria
NEG_29639,Streptophyta,2,0.673210251363997,0.641049061536753,0.9598607567575042,0.4722222222222222,"batch_02_OE21-4-NEG,batch_03_OE23-NEG",Plantae
NEG_61582,Ascomycota,2,0.6730855932879682,0.6394319842457967,0.8499430965186849,0.5416666666666667,"batch_02_OE21-4-NEG,batch_06_ALL-25-2-NEG",Fungi
NEG_114499,Basidiomycota,2,0.6728492384557841,0.533898667602529,0.993097825514217,0.47619047619047616,"batch_02_OE21-4-NEG,batch_04_OE26-1-NEG",Fungi
NEG_11407,Streptophyta,2,0.6727514454449192,0.6578398952530902,0.7232876915439743,0.7222222222222222,"batch_02_OE21-4-NEG,batch_03_OE23-NEG",Plantae
NEG_37694,Streptophyta,2,0.6727364200355155,0.6404418328775688,0.9585051800662552,0.4722222222222222,"batch_02_OE21-4-NEG,batch_03_OE23-NEG",Plantae
NEG_47751,Streptophyta,2,0.6725180498190101,0.6570847320453698,0.4795037361978126,0.9444444444444444,"batch_02_OE21-4-NEG,batch_03_OE23-NEG",Plantae
NEG_47415,Basidiomycota,2,0.6725015570690449,0.528986996294505,0.6594062682470542,0.7142857142857143,"batch_01_OE11-3-NEG,batch_02_OE21-4-NEG",Fungi
NEG_62725,Streptophyta,2,0.6722422938451438,0.6666666666666666,0.9594371340607837,0.4722222222222222,"batch_02_OE21-4-NEG,batch_03_OE23-NEG",Plantae
NEG_43804,Streptophyta,2,0.6720025848334272,0.6447418787419255,0.956622751514288,0.4722222222222222,"batch_02_OE21-4-NEG,batch_03_OE23-NEG",Plantae
NEG_7532,Streptophyta,2,0.6720020921710035,0.5521618163202092,0.7751434232478086,0.5833333333333333,"batch_02_OE21-4-NEG,batch_03_OE23-NEG",Plantae
NEG_94538,Streptophyta,2,0.6717514547872385,0.5773502691896257,0.7934949341843396,0.6666666666666666,"batch_02_OE21-4-NEG,batch_03_OE23-NEG",Plantae
NEG_88943,Ascomycota,3,0.6715386100781533,0.5371922084878294,0.8641017843208824,0.576388888888889,"batch_02_OE21-4-NEG,batch_03_OE23-NEG,batch_04_OE26-1-NEG",Fungi
NEG_16741,Streptophyta,2,0.6714481403273587,0.6635347968817997,0.956845255641233,0.4722222222222222,"batch_02_OE21-4-NEG,batch_03_OE23-NEG",Plantae
NEG_104688,Actinomycetota,2,0.6713575180201494,0.5262184551125727,0.8692078166680836,0.5208333333333333,"batch_01_OE11-3-NEG,batch_06_ALL-25-2-NEG",Bacteria
NEG_47748,Basidiomycota,2,0.6713377306963526,0.6054188009186117,0.5283460388607171,0.8571428571428572,"batch_01_OE11-3-NEG,batch_02_OE21-4-NEG",Fungi
NEG_3156,Streptophyta,2,0.6712515285645897,0.603327105423598,0.6371941399287433,0.75,"batch_03_OE23-NEG,batch_06_ALL-25-2-NEG",Plantae
NEG_52015,Streptophyta,2,0.6712394240897221,0.6354919306139656,0.9541617447186354,0.4722222222222222,"batch_02_OE21-4-NEG,batch_03_OE23-NEG",Plantae
NEG_26382,Streptophyta,2,0.6710052403137781,0.6427457253958985,0.9537335238632271,0.4722222222222222,"batch_02_OE21-4-NEG,batch_03_OE23-NEG",Plantae
NEG_14645,Ascomycota,2,0.6706806319837113,0.579035854202459,0.6258525356386311,0.75,"batch_02_OE21-4-NEG,batch_03_OE23-NEG",Fungi
NEG_62789,Streptophyta,2,0.670632880914988,0.6135048954032714,0.853060547515712,0.5277777777777778,"batch_01_OE11-3-NEG,batch_02_OE21-4-NEG",Plantae
NEG_107177,Streptophyta,2,0.6704440616042076,0.5773502691896257,0.7914950272598089,0.6666666666666666,"batch_02_OE21-4-NEG,batch_03_OE23-NEG",Plantae
NEG_110976,Bacillota,2,0.6702812380570324,0.6666666666666666,0.8922079853556599,0.5116959064327485,"batch_02_OE21-4-NEG,batch_06_ALL-25-2-NEG",Bacteria
NEG_77626,Streptophyta,3,0.6701506155613783,0.6468812711419277,0.9355121209443364,0.48148148148148145,"batch_01_OE11-3-NEG,batch_02_OE21-4-NEG,batch_03_OE23-NEG",Plantae
NEG_61236,Ascomycota,2,0.6701141837136618,0.6332522779280582,0.900823638624748,0.5,"batch_02_OE21-4-NEG,batch_06_ALL-25-2-NEG",Fungi
NEG_18440,Streptophyta,2,0.6700996436030056,0.650348142168757,0.8512578481006434,0.5277777777777778,"batch_02_OE21-4-NEG,batch_03_OE23-NEG",Plantae
NEG_57408,Bacillota,2,0.6700079322829988,0.5235192836382715,0.9339480305401209,0.49122807017543857,"batch_02_OE21-4-NEG,batch_06_ALL-25-2-NEG",Bacteria
NEG_85530,Actinomycetota,2,0.669979529408443,0.6328522776303385,0.7002510026509534,0.75,"batch_04_OE26-1-NEG,batch_06_ALL-25-2-NEG",Bacteria
NEG_43990,Ascomycota,2,0.6696129594922253,0.5252283448871978,0.6623338024456406,0.7083333333333334,"batch_02_OE21-4-NEG,batch_03_OE23-NEG",Fungi
NEG_78730,Streptophyta,2,0.6696125632505557,0.5947287904747532,0.8525496491405677,0.5277777777777778,"batch_02_OE21-4-NEG,batch_03_OE23-NEG",Plantae
NEG_77695,Streptophyta,2,0.669234947588509,0.6439207392172267,0.8487925954340723,0.5277777777777778,"batch_02_OE21-4-NEG,batch_03_OE23-NEG",Plantae
NEG_42304,Bacillota,2,0.6691180897211539,0.5773502691896257,1.0,0.45614035087719296,"batch_02_OE21-4-NEG,batch_06_ALL-25-2-NEG",Bacteria
NEG_74056,Streptophyta,2,0.6691158832775742,0.6627655198326662,0.7222927262946258,0.7222222222222222,"batch_02_OE21-4-NEG,batch_03_OE23-NEG",Plantae
NEG_79651,Actinomycetota,2,0.6691025217485728,0.5417099567792573,0.5696611207473834,0.875,"batch_04_OE26-1-NEG,batch_06_ALL-25-2-NEG",Bacteria
NEG_88985,Streptophyta,2,0.6690675482858576,0.5838304672988677,0.7675896198532501,0.5833333333333333,"batch_02_OE21-4-NEG,batch_03_OE23-NEG",Plantae
NEG_77874,Streptophyta,2,0.6690506927115308,0.6666666666666666,0.9508245815514793,0.4722222222222222,"batch_02_OE21-4-NEG,batch_03_OE23-NEG",Plantae
NEG_64893,Basidiomycota,2,0.668928598093401,0.5941796208277617,0.5236627633108664,0.8571428571428572,"batch_01_OE11-3-NEG,batch_02_OE21-4-NEG",Fungi
NEG_55375,Streptophyta,2,0.6687436697547778,0.5773502691896257,0.788904182837283,0.6666666666666666,"batch_02_OE21-4-NEG,batch_03_OE23-NEG",Plantae
NEG_88132,Basidiomycota,2,0.6685875336414558,0.6222439877443381,0.594352356993574,0.7857142857142857,"batch_01_OE11-3-NEG,batch_02_OE21-4-NEG",Fungi
NEG_10040,Streptophyta,2,0.6685205219209329,0.6417966497015806,0.9467555745976871,0.4722222222222222,"batch_02_OE21-4-NEG,batch_03_OE23-NEG",Plantae
NEG_19797,Streptophyta,2,0.6684073827749691,0.6666666666666666,0.9490984744368633,0.4722222222222222,"batch_02_OE21-4-NEG,batch_03_OE23-NEG",Plantae
NEG_46886,Bacillota,2,0.6680327767989106,0.6150328617218416,0.7775928013645438,0.5964912280701754,"batch_02_OE21-4-NEG,batch_06_ALL-25-2-NEG",Bacteria
NEG_48643,Ascomycota,2,0.6679233907608765,0.5767113893758337,0.6207392984400738,0.75,"batch_02_OE21-4-NEG,batch_03_OE23-NEG",Fungi
NEG_57482,Streptophyta,2,0.6676019183104998,0.600384106548022,0.6754987276721618,0.7222222222222222,"batch_02_OE21-4-NEG,batch_03_OE23-NEG",Plantae
NEG_50000,Ascomycota,2,0.6675214873253729,0.6235868074970257,0.6419454453748636,0.75,"batch_01_OE11-3-NEG,batch_06_ALL-25-2-NEG",Fungi
NEG_74946,Streptophyta,2,0.6674998168601525,0.6666666666666666,0.9466689548507197,0.4722222222222222,"batch_02_OE21-4-NEG,batch_03_OE23-NEG",Plantae
NEG_71233,Streptophyta,2,0.6673997108241131,0.6657460982721409,0.7224362755454438,0.7222222222222222,"batch_02_OE21-4-NEG,batch_03_OE23-NEG",Plantae
NEG_25518,Streptophyta,3,0.6673369148202983,0.6410466261881282,0.9279409142442328,0.48148148148148145,"batch_01_OE11-3-NEG,batch_02_OE21-4-NEG,batch_03_OE23-NEG",Plantae
NEG_38347,Streptophyta,2,0.667194132826882,0.6340709172894579,0.9427460575913444,0.4722222222222222,"batch_02_OE21-4-NEG,batch_03_OE23-NEG",Plantae
NEG_62066,Streptophyta,2,0.6669768558354037,0.6423122969770622,0.890932933367515,0.5,"batch_01_OE11-3-NEG,batch_03_OE23-NEG",Plantae
NEG_24761,Ascomycota,2,0.6668422535079033,0.5911750270127829,0.6251480765107448,0.75,"batch_02_OE21-4-NEG,batch_03_OE23-NEG",Fungi
NEG_59377,Streptophyta,2,0.6665757195845231,0.5431115392217903,0.7630924266673649,0.5833333333333333,"batch_02_OE21-4-NEG,batch_03_OE23-NEG",Plantae
NEG_17691,Ascomycota,2,0.6662463598909472,0.5113295141083811,0.5986123771743135,0.75,"batch_02_OE21-4-NEG,batch_03_OE23-NEG",Fungi
NEG_54519,Streptophyta,2,0.6656172044229463,0.5773502691896257,0.7841706480126347,0.6666666666666666,"batch_02_OE21-4-NEG,batch_03_OE23-NEG",Plantae
NEG_57235,Streptophyta,2,0.6655603056192545,0.5869281865214827,0.756760193154209,0.5972222222222222,"batch_01_OE11-3-NEG,batch_02_OE21-4-NEG",Plantae
NEG_80010,Streptophyta,2,0.665503666304162,0.5972584914516882,0.702823866831743,0.6388888888888888,"batch_02_OE21-4-NEG,batch_03_OE23-NEG",Plantae
NEG_38340,Streptophyta,2,0.6654345205803727,0.6323310704652269,0.9377782020135752,0.4722222222222222,"batch_02_OE21-4-NEG,batch_03_OE23-NEG",Plantae
NEG_103058,Streptophyta,2,0.6653474981678665,0.6640283296690664,0.9409336226030904,0.4722222222222222,"batch_01_OE11-3-NEG,batch_02_OE21-4-NEG",Plantae
NEG_78810,Streptophyta,2,0.6649952593518099,0.5919320810306679,0.5351528201250922,0.8333333333333333,"batch_02_OE21-4-NEG,batch_03_OE23-NEG",Plantae
NEG_80050,Actinomycetota,2,0.6648229903590515,0.5131493997903768,0.960814036384142,0.47619047619047616,"batch_01_OE11-3-NEG,batch_02_OE21-4-NEG",Bacteria
NEG_64636,Ascomycota,2,0.6642877719025961,0.5867920290272757,0.6883112537940763,0.7083333333333334,"batch_02_OE21-4-NEG,batch_06_ALL-25-2-NEG",Fungi
NEG_50537,Basidiomycota,2,0.6641407912992083,0.5362549714667373,0.649150703196956,0.7142857142857143,"batch_01_OE11-3-NEG,batch_02_OE21-4-NEG",Fungi
NEG_10386,Streptophyta,3,0.6638273634714484,0.5773502691896257,0.9999229381606526,0.4444444444444444,"batch_01_OE11-3-NEG,batch_02_OE21-4-NEG,batch_03_OE23-NEG",Plantae
NEG_47174,Streptophyta,2,0.6637865827099867,0.6207853227258661,0.7885798672640836,0.5833333333333333,"batch_02_OE21-4-NEG,batch_03_OE23-NEG",Plantae
NEG_7296,Streptophyta,2,0.6634175001357084,0.6509326981610766,0.9335214717252244,0.4722222222222222,"batch_02_OE21-4-NEG,batch_03_OE23-NEG",Plantae
NEG_62383,Ascomycota,3,0.6633501832662912,0.5826051138272466,0.4831455609454897,0.9166666666666666,"batch_02_OE21-4-NEG,batch_03_OE23-NEG,batch_06_ALL-25-2-NEG",Fungi
NEG_19288,Streptophyta,2,0.6632685860351004,0.5375956651881882,0.611326075575511,0.8333333333333333,"batch_02_OE21-4-NEG,batch_03_OE23-NEG",Plantae
NEG_38182,Streptophyta,2,0.6632412730954691,0.6281408531365095,0.8427859584992817,0.5277777777777778,"batch_02_OE21-4-NEG,batch_03_OE23-NEG",Plantae
NEG_35517,Bacillota,2,0.6631814437663615,0.6512162354953204,0.7657808096572489,0.6169590643274854,"batch_02_OE21-4-NEG,batch_06_ALL-25-2-NEG",Bacteria
NEG_60183,Streptophyta,2,0.663009600861538,0.5720865082446775,0.5899523661794885,0.8333333333333333,"batch_02_OE21-4-NEG,batch_03_OE23-NEG",Plantae
NEG_63914,Streptophyta,2,0.662908353738858,0.6521511878296492,0.9322890506237751,0.4722222222222222,"batch_02_OE21-4-NEG,batch_03_OE23-NEG",Plantae
NEG_40832,Streptophyta,3,0.6629037760744877,0.5773502691896257,0.9973160585774719,0.4444444444444444,"batch_01_OE11-3-NEG,batch_02_OE21-4-NEG,batch_03_OE23-NEG",Plantae
NEG_41156,Streptophyta,2,0.6628976960545112,0.6198549079025083,0.8825720740925549,0.5,"batch_01_OE11-3-NEG,batch_03_OE23-NEG",Plantae
NEG_13914,Streptophyta,2,0.6628690832134055,0.6452310942721371,0.9314534358950985,0.4722222222222222,"batch_02_OE21-4-NEG,batch_03_OE23-NEG",Plantae
NEG_64042,Streptophyta,2,0.6628308730806819,0.5671294241594868,0.7531642463886405,0.5833333333333333,"batch_02_OE21-4-NEG,batch_03_OE23-NEG",Plantae
NEG_50194,Bacillota,2,0.6626384116003794,0.6586101565340923,0.7423993949266874,0.6695906432748537,"batch_02_OE21-4-NEG,batch_06_ALL-25-2-NEG",Bacteria
NEG_18642,Streptophyta,2,0.6626134130284289,0.6309488453460058,0.8403087153990505,0.5277777777777778,"batch_02_OE21-4-NEG,batch_03_OE23-NEG",Plantae
NEG_68681,Streptophyta,2,0.6625998458629327,0.5557560002204676,0.7593188948703056,0.6666666666666666,"batch_02_OE21-4-NEG,batch_03_OE23-NEG",Plantae
NEG_100126,Streptophyta,2,0.6625374267730431,0.5797188610461563,0.8360739578526526,0.5277777777777778,"batch_02_OE21-4-NEG,batch_03_OE23-NEG",Plantae
NEG_94041,Ascomycota,2,0.6623605892092459,0.5531030084426162,0.450658769092596,1.0,"batch_03_OE23-NEG,batch_06_ALL-25-2-NEG",Fungi
NEG_62554,Ascomycota,2,0.6623504718302379,0.5989263742272908,0.6938297249120209,0.7083333333333334,"batch_02_OE21-4-NEG,batch_03_OE23-NEG",Fungi
NEG_4021,Streptophyta,2,0.662254012872341,0.516121576911443,0.6677041427619477,0.7083333333333333,"batch_01_OE11-3-NEG,batch_02_OE21-4-NEG",Plantae
NEG_37965,Streptophyta,2,0.661525025367886,0.5309974176893685,0.5251423799524537,0.8333333333333333,"batch_02_OE21-4-NEG,batch_03_OE23-NEG",Plantae
NEG_60184,Streptophyta,2,0.6614233715682901,0.6453746607048156,0.9275404317392695,0.4722222222222222,"batch_01_OE11-3-NEG,batch_02_OE21-4-NEG",Plantae
NEG_117612,Streptophyta,2,0.6613385486621837,0.622737697169397,0.6812351013549738,0.7222222222222222,"batch_02_OE21-4-NEG,batch_03_OE23-NEG",Plantae
NEG_64152,Bacillota,2,0.661327233962349,0.6559878012580315,0.8406699963578161,0.5380116959064327,"batch_02_OE21-4-NEG,batch_06_ALL-25-2-NEG",Bacteria
NEG_81890,Streptophyta,2,0.6611220002118471,0.5781652418273582,0.8325629259521256,0.5277777777777778,"batch_02_OE21-4-NEG,batch_03_OE23-NEG",Plantae
NEG_43822,Streptophyta,2,0.6611083365736894,0.5719177835078736,0.4917463233137823,0.8888888888888888,"batch_02_OE21-4-NEG,batch_03_OE23-NEG",Plantae
NEG_63830,Streptophyta,2,0.6610525879654812,0.6149983947444149,0.8782230255382072,0.5,"batch_01_OE11-3-NEG,batch_03_OE23-NEG",Plantae
NEG_60608,Streptophyta,2,0.661039435807588,0.6150689350365379,0.8403418657832122,0.5277777777777778,"batch_02_OE21-4-NEG,batch_03_OE23-NEG",Plantae
NEG_71035,Streptophyta,2,0.6609675782005769,0.6148283752146063,0.8780139309690328,0.5,"batch_01_OE11-3-NEG,batch_03_OE23-NEG",Plantae
NEG_47747,Ascomycota,2,0.6608472599124933,0.5329899670455757,0.48147441877023145,0.9166666666666667,"batch_02_OE21-4-NEG,batch_06_ALL-25-2-NEG",Fungi
NEG_46987,Streptophyta,2,0.66077917752786,0.5115412781145688,0.5635708637617214,0.7777777777777778,"batch_02_OE21-4-NEG,batch_03_OE23-NEG",Plantae
NEG_25516,Streptophyta,2,0.6607198617688208,0.6404659610855076,0.9251964933710464,0.4722222222222222,"batch_02_OE21-4-NEG,batch_03_OE23-NEG",Plantae
NEG_68829,Streptophyta,2,0.6605825186357839,0.654498370604901,0.9283681171244704,0.4722222222222222,"batch_02_OE21-4-NEG,batch_03_OE23-NEG",Plantae
NEG_46528,Streptophyta,2,0.6605601281730735,0.6141782388773243,0.8392604342622958,0.5277777777777778,"batch_02_OE21-4-NEG,batch_03_OE23-NEG",Plantae
NEG_42801,Streptophyta,2,0.660475660108087,0.6550037783769541,0.9261448218807963,0.4722222222222222,"batch_02_OE21-4-NEG,batch_03_OE23-NEG",Plantae
NEG_5771,Basidiomycota,2,0.6599235182775859,0.574724554454013,0.47028360620350806,0.9285714285714286,"batch_01_OE11-3-NEG,batch_02_OE21-4-NEG",Fungi
NEG_94307,Streptophyta,2,0.6596626292681913,0.612218477349835,0.8748114640085505,0.5,"batch_01_OE11-3-NEG,batch_03_OE23-NEG",Plantae
NEG_67440,Streptophyta,2,0.6596252174688353,0.6377780953913447,0.9220105608978806,0.4722222222222222,"batch_02_OE21-4-NEG,batch_03_OE23-NEG",Plantae
NEG_3804,Basidiomycota,2,0.6593760095750054,0.5325423554297462,0.6399310713780051,0.7142857142857143,"batch_01_OE11-3-NEG,batch_02_OE21-4-NEG",Fungi
NEG_58952,Streptophyta,2,0.6590481808544906,0.5727403692090514,0.8280315305217204,0.5277777777777778,"batch_02_OE21-4-NEG,batch_03_OE23-NEG",Plantae
NEG_90864,Streptophyta,2,0.6590228242111313,0.6120984493782444,0.6706782996167051,0.7222222222222222,"batch_02_OE21-4-NEG,batch_03_OE23-NEG",Plantae
NEG_84539,Methanobacteriota,2,0.6587039255435887,0.6123724356957945,0.9970749369560997,0.4375,"batch_02_OE21-4-NEG,batch_04_OE26-1-NEG",Archaea
NEG_15395,Streptophyta,2,0.6585014573136911,0.5716469221274524,0.8267802035777896,0.5277777777777778,"batch_02_OE21-4-NEG,batch_03_OE23-NEG",Plantae
NEG_1672,Ascomycota,2,0.6584407158300054,0.6196724185494402,0.4350471571367641,1.0,"batch_03_OE23-NEG,batch_06_ALL-25-2-NEG",Fungi
NEG_50477,Streptophyta,2,0.6584125278727209,0.6223246359014482,0.918029779669587,0.4722222222222222,"batch_02_OE21-4-NEG,batch_03_OE23-NEG",Plantae
NEG_67422,Actinomycetota,2,0.658248290463863,0.5,1.0,0.4583333333333333,"batch_01_OE11-3-NEG,batch_06_ALL-25-2-NEG",Bacteria
NEG_47785,Streptophyta,2,0.6581574916586305,0.613961068894264,0.7469239599467671,0.5833333333333333,"batch_02_OE21-4-NEG,batch_03_OE23-NEG",Plantae
NEG_52743,Bacillota,2,0.6578928984935075,0.5773502691896257,0.970929706616126,0.45614035087719296,"batch_02_OE21-4-NEG,batch_06_ALL-25-2-NEG",Bacteria
NEG_76234,Streptophyta,2,0.6577922279862876,0.6146206274486818,0.8691088045842856,0.5,"batch_01_OE11-3-NEG,batch_03_OE23-NEG",Plantae
NEG_72340,Bacillota,2,0.6577761755948583,0.6488856845230502,1.0,0.4327485380116959,"batch_02_OE21-4-NEG,batch_06_ALL-25-2-NEG",Bacteria
NEG_84945,Bacillota,2,0.6577761755948583,0.6488856845230502,1.0,0.4327485380116959,"batch_02_OE21-4-NEG,batch_06_ALL-25-2-NEG",Bacteria
NEG_68906,Bacillota,2,0.6577026454608212,0.5773502691896257,0.9312407952905463,0.48245614035087714,"batch_02_OE21-4-NEG,batch_06_ALL-25-2-NEG",Bacteria
NEG_57884,Ascomycota,2,0.6575649965696861,0.5149991770748132,0.452716737601936,1.0,"batch_03_OE23-NEG,batch_06_ALL-25-2-NEG",Fungi
NEG_23853,Streptophyta,2,0.6571440684553141,0.6279745075230322,0.9146723777443189,0.4722222222222222,"batch_02_OE21-4-NEG,batch_03_OE23-NEG",Plantae
NEG_33111,Streptophyta,3,0.6569307367968813,0.5682123207064602,0.9786538044981977,0.4444444444444444,"batch_01_OE11-3-NEG,batch_02_OE21-4-NEG,batch_03_OE23-NEG",Plantae
NEG_13696,Streptophyta,2,0.6568175718811241,0.5266161291137454,0.7256862858732677,0.6666666666666666,"batch_01_OE11-3-NEG,batch_02_OE21-4-NEG",Plantae
NEG_32749,Streptophyta,2,0.6567352079055161,0.647750525832795,0.9181615871183783,0.4722222222222222,"batch_02_OE21-4-NEG,batch_03_OE23-NEG",Plantae
NEG_89907,Streptophyta,2,0.6566493432919231,0.6158045205774447,0.8657133191765822,0.5,"batch_01_OE11-3-NEG,batch_03_OE23-NEG",Plantae
NEG_58155,Bacillota,2,0.6565669164147079,0.5677778403294859,0.8062530921707544,0.5409356725146199,"batch_02_OE21-4-NEG,batch_06_ALL-25-2-NEG",Bacteria
NEG_7297,Streptophyta,2,0.6564228478550398,0.6108632452422095,0.9125775032011998,0.4722222222222222,"batch_02_OE21-4-NEG,batch_03_OE23-NEG",Plantae
NEG_85301,Streptophyta,3,0.6561620088810339,0.5608053467577518,0.9750384953107755,0.4444444444444444,"batch_01_OE11-3-NEG,batch_02_OE21-4-NEG,batch_03_OE23-NEG",Plantae
NEG_41102,Streptophyta,3,0.6561174494564624,0.5773502691896257,0.9784751857448182,0.4444444444444444,"batch_01_OE11-3-NEG,batch_02_OE21-4-NEG,batch_03_OE23-NEG",Plantae
NEG_10020,Streptophyta,2,0.6560107919565048,0.6453549172463429,0.7776553128093561,0.5972222222222222,"batch_01_OE11-3-NEG,batch_02_OE21-4-NEG",Plantae
NEG_26097,Ascomycota,2,0.6553042607786168,0.5533798619884704,0.43981225726334217,1.0,"batch_01_OE11-3-NEG,batch_03_OE23-NEG",Fungi
NEG_92306,Streptophyta,2,0.65526523277193,0.6034236843573125,0.8641201428433535,0.5,"batch_01_OE11-3-NEG,batch_03_OE23-NEG",Plantae
NEG_90770,Streptophyta,2,0.6551973063131595,0.5718083319274758,0.7632019997107988,0.6666666666666666,"batch_02_OE21-4-NEG,batch_03_OE23-NEG",Plantae
NEG_102870,Streptophyta,3,0.6549277693861856,0.5734666109371617,0.9741192425574606,0.4444444444444444,"batch_01_OE11-3-NEG,batch_02_OE21-4-NEG,batch_03_OE23-NEG",Plantae
NEG_20664,Ascomycota,2,0.6546520822719114,0.5835261583066481,0.5187539402398907,0.8333333333333333,"batch_02_OE21-4-NEG,batch_03_OE23-NEG",Fungi
NEG_53534,Streptophyta,2,0.6545962081122754,0.5638364237246207,0.8179115127185701,0.5277777777777778,"batch_02_OE21-4-NEG,batch_03_OE23-NEG",Plantae
NEG_71735,Streptophyta,2,0.6545361241278724,0.6424055815890782,0.9126849312568018,0.4722222222222222,"batch_01_OE11-3-NEG,batch_02_OE21-4-NEG",Plantae
NEG_58600,Streptophyta,2,0.6542289557876273,0.6367163390507717,0.9073203987236593,0.4722222222222222,"batch_02_OE21-4-NEG,batch_03_OE23-NEG",Plantae
NEG_101047,Streptophyta,2,0.6542027010398211,0.6012986208930947,0.8615600314879376,0.5,"batch_01_OE11-3-NEG,batch_03_OE23-NEG",Plantae
NEG_33178,Streptophyta,2,0.6539037358022419,0.6451786133116233,0.9102170723975214,0.4722222222222222,"batch_02_OE21-4-NEG,batch_03_OE23-NEG",Plantae
NEG_110465,Bacillota,2,0.653653739724473,0.5619514869490163,1.0,0.43567251461988304,"batch_02_OE21-4-NEG,batch_06_ALL-25-2-NEG",Bacteria
NEG_32169,Streptophyta,2,0.6534908944754814,0.5773502691896257,0.7661810773146193,0.6666666666666666,"batch_02_OE21-4-NEG,batch_03_OE23-NEG",Plantae
NEG_28203,Streptophyta,3,0.6533933466828643,0.5773502691896257,0.9710677058478887,0.4444444444444444,"batch_01_OE11-3-NEG,batch_02_OE21-4-NEG,batch_03_OE23-NEG",Plantae
NEG_113198,Bacillota,2,0.6532789717517755,0.5773502691896257,0.9592333096949162,0.45614035087719296,"batch_02_OE21-4-NEG,batch_06_ALL-25-2-NEG",Bacteria
NEG_7918,Ascomycota,2,0.653225557670051,0.6427496751011758,0.9362521755864253,0.45833333333333337,"batch_02_OE21-4-NEG,batch_06_ALL-25-2-NEG",Fungi
NEG_63974,Streptophyta,2,0.6531966964652791,0.5992866117440107,0.8591444430156165,0.5,"batch_01_OE11-3-NEG,batch_03_OE23-NEG",Plantae
NEG_18244,Streptophyta,2,0.6530419246462822,0.6529725082205825,0.9062468233083267,0.4722222222222222,"batch_02_OE21-4-NEG,batch_03_OE23-NEG",Plantae
NEG_85634,Streptophyta,2,0.6527038254729665,0.6239633648771421,0.9023628808132105,0.4722222222222222,"batch_02_OE21-4-NEG,batch_03_OE23-NEG",Plantae
NEG_47045,Streptophyta,3,0.6525841362239547,0.5708106004192074,0.7052529166484168,0.6388888888888888,"batch_01_OE11-3-NEG,batch_02_OE21-4-NEG,batch_03_OE23-NEG",Plantae
NEG_79675,Streptophyta,2,0.6525646088858581,0.6395238730820386,0.7029046763603232,0.7222222222222222,"batch_02_OE21-4-NEG,batch_03_OE23-NEG",Plantae
NEG_83639,Ascomycota,3,0.6522914810892989,0.528127195152966,0.5648746265403152,0.8055555555555557,"batch_02_OE21-4-NEG,batch_03_OE23-NEG,batch_06_ALL-25-2-NEG",Fungi
NEG_70591,Streptophyta,2,0.6519565807113095,0.6022617559759857,0.9003738203154232,0.4722222222222222,"batch_02_OE21-4-NEG,batch_03_OE23-NEG",Plantae
NEG_61443,Streptophyta,2,0.6519383041821794,0.5197367068923776,0.7126270592772439,0.6666666666666666,"batch_02_OE21-4-NEG,batch_06_ALL-25-2-NEG",Plantae
NEG_8751,Streptophyta,2,0.6516097164721437,0.5883957179148585,0.8060851700721685,0.5277777777777778,"batch_02_OE21-4-NEG,batch_03_OE23-NEG",Plantae
NEG_8673,Basidiomycota,2,0.6514237915041048,0.5013047812662286,0.7610217780228595,0.6428571428571428,"batch_01_OE11-3-NEG,batch_02_OE21-4-NEG",Fungi
NEG_52744,Bacillota,2,0.6514132596498187,0.5773502691896257,1.0,0.4298245614035088,"batch_02_OE21-4-NEG,batch_06_ALL-25-2-NEG",Bacteria
NEG_69032,Streptophyta,2,0.6513679167230035,0.5756859925467619,0.7614222785976344,0.6666666666666666,"batch_02_OE21-4-NEG,batch_03_OE23-NEG",Plantae
NEG_93052,Streptophyta,2,0.6513296271960969,0.5704050884085661,0.7561410291237651,0.6666666666666666,"batch_02_OE21-4-NEG,batch_03_OE23-NEG",Plantae
NEG_75864,Basidiomycota,2,0.6510914677329621,0.5586145901232703,0.5494909198590717,0.7857142857142857,"batch_01_OE11-3-NEG,batch_02_OE21-4-NEG",Fungi
NEG_50107,Streptophyta,2,0.6509308794503059,0.5565057664006821,0.8096986680372105,0.5277777777777778,"batch_02_OE21-4-NEG,batch_03_OE23-NEG",Plantae
NEG_27669,Streptophyta,2,0.6508258926112105,0.5962278453310459,0.8175618141651617,0.5277777777777778,"batch_02_OE21-4-NEG,batch_03_OE23-NEG",Plantae
NEG_113456,Ascomycota,2,0.6508123455921146,0.6332938190224349,0.9279394281389697,0.45833333333333337,"batch_02_OE21-4-NEG,batch_06_ALL-25-2-NEG",Fungi
NEG_86993,Streptophyta,2,0.6508019734510566,0.5824120653506496,0.8047170801065903,0.5277777777777778,"batch_02_OE21-4-NEG,batch_03_OE23-NEG",Plantae
NEG_64852,Ascomycota,2,0.6502583251430442,0.569371588594745,0.7535625594661746,0.6666666666666666,"batch_02_OE21-4-NEG,batch_06_ALL-25-2-NEG",Fungi
NEG_67091,Bacillota,2,0.6499915952399082,0.5546271979798865,0.8247008470022991,0.5146198830409356,"batch_02_OE21-4-NEG,batch_06_ALL-25-2-NEG",Bacteria
NEG_114361,Ascomycota,2,0.6497454152392662,0.5639295147229292,0.7475499709815148,0.6666666666666666,"batch_02_OE21-4-NEG,batch_06_ALL-25-2-NEG",Fungi
NEG_78667,Streptophyta,2,0.6496170006875694,0.6339759112437895,0.8998148233332552,0.4722222222222222,"batch_02_OE21-4-NEG,batch_03_OE23-NEG",Plantae
NEG_97455,Streptophyta,2,0.6494862822950889,0.5773502691896257,0.7603693686095807,0.6666666666666666,"batch_02_OE21-4-NEG,batch_03_OE23-NEG",Plantae
NEG_110923,Bacillota,2,0.6487896384676677,0.5619514869490163,0.9870334208601403,0.43567251461988304,"batch_02_OE21-4-NEG,batch_06_ALL-25-2-NEG",Bacteria
NEG_17812,Streptophyta,2,0.6486876730459699,0.5962142369619808,0.8470983173125111,0.5,"batch_01_OE11-3-NEG,batch_03_OE23-NEG",Plantae
NEG_64752,Ascomycota,2,0.6486225788555746,0.6325236420250376,0.4209704255683298,1.0,"batch_01_OE11-3-NEG,batch_06_ALL-25-2-NEG",Fungi
NEG_22675,Streptophyta,2,0.6485025200714412,0.5618258274714816,0.8020878876837416,0.5277777777777778,"batch_02_OE21-4-NEG,batch_03_OE23-NEG",Plantae
NEG_70404,Streptophyta,2,0.6479381002340853,0.6343412621657369,0.8947208708051755,0.4722222222222222,"batch_02_OE21-4-NEG,batch_03_OE23-NEG",Plantae
NEG_43768,Streptophyta,2,0.64791910852065,0.510117165226989,0.6990080690209224,0.6666666666666666,"batch_02_OE21-4-NEG,batch_03_OE23-NEG",Plantae
NEG_605,Bacillota,2,0.6478456715786763,0.5773502691896257,0.7883607080127364,0.6140350877192983,"batch_02_OE21-4-NEG,batch_06_ALL-25-2-NEG",Bacteria
NEG_74837,Streptophyta,2,0.6474806738049967,0.5496053551100636,0.8020660463656591,0.5277777777777778,"batch_02_OE21-4-NEG,batch_03_OE23-NEG",Plantae
NEG_56737,Ascomycota,2,0.6472336399654195,0.5898603649887975,0.6704385296765002,0.75,"batch_03_OE23-NEG,batch_06_ALL-25-2-NEG",Fungi
NEG_68097,Streptophyta,2,0.6472172311370704,0.6114038102640271,0.7936924036321954,0.5277777777777778,"batch_02_OE21-4-NEG,batch_03_OE23-NEG",Plantae
NEG_73645,Ascomycota,2,0.6471231158137455,0.5594318141170072,0.5382309323588463,0.7916666666666667,"batch_02_OE21-4-NEG,batch_03_OE23-NEG",Fungi
NEG_18370,Streptophyta,3,0.6463883893569228,0.5209999210608546,0.7733089650184432,0.611111111111111,"batch_01_OE11-3-NEG,batch_02_OE21-4-NEG,batch_03_OE23-NEG",Plantae
NEG_3158,Streptophyta,2,0.6463468280588696,0.5757253464575021,0.5512625050695986,0.8333333333333333,"batch_02_OE21-4-NEG,batch_03_OE23-NEG",Plantae
NEG_43800,Streptophyta,2,0.6461187753578399,0.5903892609277175,0.8062945533551864,0.5277777777777778,"batch_02_OE21-4-NEG,batch_03_OE23-NEG",Plantae
NEG_25933,Streptophyta,2,0.6459883698928706,0.6399452251074402,0.8858662236637183,0.4722222222222222,"batch_02_OE21-4-NEG,batch_03_OE23-NEG",Plantae
NEG_25519,Streptophyta,2,0.6458796444067356,0.6364911489627204,0.8851374406498326,0.4722222222222222,"batch_02_OE21-4-NEG,batch_03_OE23-NEG",Plantae
NEG_89316,Ascomycota,2,0.645371102188943,0.6376600248337692,0.9144487019632976,0.45833333333333337,"batch_02_OE21-4-NEG,batch_06_ALL-25-2-NEG",Fungi
NEG_51630,Streptophyta,2,0.6452888103247725,0.6159941848850189,0.7890053664392439,0.5277777777777778,"batch_02_OE21-4-NEG,batch_03_OE23-NEG",Plantae
NEG_62169,Ascomycota,2,0.6452576115564602,0.6278749533896543,0.7705916374302801,0.5416666666666667,"batch_02_OE21-4-NEG,batch_06_ALL-25-2-NEG",Fungi
NEG_56622,Mucoromycota,2,0.6452063627500789,0.6236772025467282,0.930752823788624,0.45,"batch_01_OE11-3-NEG,batch_04_OE26-1-NEG",Fungi
NEG_65524,Basidiomycota,2,0.6452043341980356,0.6372768147038829,0.7937446087161937,0.5476190476190476,"batch_02_OE21-4-NEG,batch_04_OE26-1-NEG",Fungi
NEG_45621,Streptophyta,2,0.6451802082705894,0.6224458707596033,0.5717498960564169,0.7777777777777778,"batch_02_OE21-4-NEG,batch_03_OE23-NEG",Plantae
NEG_91088,Streptophyta,2,0.6444851919080741,0.6223037171494815,0.693630958189031,0.7222222222222222,"batch_02_OE21-4-NEG,batch_03_OE23-NEG",Plantae
NEG_59610,Ascomycota,2,0.6444356817827911,0.5490749882858336,0.5751326811996156,0.75,"batch_02_OE21-4-NEG,batch_03_OE23-NEG",Fungi
NEG_35116,Ascomycota,2,0.6442332964283193,0.5886773071086617,0.9055542107333104,0.45833333333333337,"batch_02_OE21-4-NEG,batch_06_ALL-25-2-NEG",Fungi
NEG_48548,Streptophyta,2,0.6439593121296279,0.5808118430727082,0.8373423970535161,0.5,"batch_01_OE11-3-NEG,batch_03_OE23-NEG",Plantae
NEG_75600,Discosea,2,0.643782491482957,0.5236295725472485,0.4288926202687744,1.0,"batch_04_OE26-1-NEG,batch_05_OE25-1-NEG",Protozoa
NEG_4757,Streptophyta,2,0.6437681290468116,0.627160900808477,0.8839383595760701,0.4722222222222222,"batch_02_OE21-4-NEG,batch_03_OE23-NEG",Plantae
NEG_83817,Basidiomycota,2,0.6437396443254381,0.619808040960794,0.671081456408949,0.7142857142857143,"batch_01_OE11-3-NEG,batch_02_OE21-4-NEG",Fungi
NEG_86335,Streptophyta,2,0.6437301875677631,0.5803535939489787,0.668405147004748,0.75,"batch_01_OE11-3-NEG,batch_03_OE23-NEG",Plantae
NEG_39647,Streptophyta,2,0.6436337148629028,0.6017469868251248,0.877300143307002,0.4722222222222222,"batch_02_OE21-4-NEG,batch_03_OE23-NEG",Plantae
NEG_121855,Ascomycota,2,0.6436271123548005,0.5756222068868402,0.7502214519871615,0.6666666666666666,"batch_02_OE21-4-NEG,batch_06_ALL-25-2-NEG",Fungi
NEG_51782,Streptophyta,2,0.643458646243464,0.5925395125592292,0.63607120881558,0.7222222222222222,"batch_02_OE21-4-NEG,batch_03_OE23-NEG",Plantae
NEG_17206,Streptophyta,2,0.6431972177021275,0.5418075513767666,0.7925240878080756,0.5277777777777778,"batch_02_OE21-4-NEG,batch_03_OE23-NEG",Plantae
NEG_22478,Streptophyta,3,0.6430831558150829,0.5956499225428685,0.7708799486537493,0.5555555555555555,"batch_01_OE11-3-NEG,batch_02_OE21-4-NEG,batch_03_OE23-NEG",Plantae
NEG_62808,Streptophyta,2,0.6429417689547772,0.5689416962568274,0.5045177297447339,0.875,"batch_01_OE11-3-NEG,batch_06_ALL-25-2-NEG",Plantae
NEG_5424,Basidiomycota,2,0.6426576616174602,0.5119150365385468,0.7576737598409746,0.6428571428571428,"batch_01_OE11-3-NEG,batch_02_OE21-4-NEG",Fungi
NEG_18437,Streptophyta,2,0.6426362855895,0.5812232766529247,0.78393736553356,0.5277777777777778,"batch_02_OE21-4-NEG,batch_03_OE23-NEG",Plantae
NEG_5114,Basidiomycota,2,0.6425804273735138,0.5769765754688638,0.48379386475621033,0.8571428571428572,"batch_01_OE11-3-NEG,batch_02_OE21-4-NEG",Fungi
NEG_2523,Basidiomycota,2,0.6423608488413437,0.5026669025944701,0.45319802665585585,0.9285714285714286,"batch_01_OE11-3-NEG,batch_02_OE21-4-NEG",Fungi
NEG_102849,Streptophyta,2,0.6422285251880866,0.5773502691896257,1.0,0.41666666666666663,"batch_01_OE11-3-NEG,batch_02_OE21-4-NEG",Plantae
NEG_103766,Streptophyta,2,0.6422285251880866,0.5773502691896257,1.0,0.41666666666666663,"batch_01_OE11-3-NEG,batch_02_OE21-4-NEG",Plantae
NEG_86304,Streptophyta,2,0.6422285251880866,0.5773502691896257,1.0,0.41666666666666663,"batch_01_OE11-3-NEG,batch_02_OE21-4-NEG",Plantae
NEG_33669,Streptophyta,2,0.6422285251880866,0.5773502691896257,1.0,0.41666666666666663,"batch_01_OE11-3-NEG,batch_02_OE21-4-NEG",Plantae
NEG_35416,Streptophyta,2,0.6422285251880866,0.5773502691896257,1.0,0.41666666666666663,"batch_01_OE11-3-NEG,batch_02_OE21-4-NEG",Plantae
NEG_103565,Streptophyta,2,0.6422285251880866,0.5773502691896257,1.0,0.41666666666666663,"batch_01_OE11-3-NEG,batch_02_OE21-4-NEG",Plantae
NEG_75267,Streptophyta,2,0.6422285251880866,0.5773502691896257,1.0,0.41666666666666663,"batch_01_OE11-3-NEG,batch_02_OE21-4-NEG",Plantae
NEG_109440,Streptophyta,2,0.6422285251880866,0.5773502691896257,1.0,0.41666666666666663,"batch_01_OE11-3-NEG,batch_02_OE21-4-NEG",Plantae
NEG_105714,Streptophyta,2,0.6422285251880866,0.5773502691896257,1.0,0.41666666666666663,"batch_01_OE11-3-NEG,batch_02_OE21-4-NEG",Plantae
NEG_16716,Streptophyta,2,0.6422285251880866,0.5773502691896257,1.0,0.41666666666666663,"batch_01_OE11-3-NEG,batch_02_OE21-4-NEG",Plantae
NEG_93929,Streptophyta,2,0.6422285251880866,0.5773502691896257,1.0,0.41666666666666663,"batch_01_OE11-3-NEG,batch_02_OE21-4-NEG",Plantae
NEG_83420,Streptophyta,2,0.6421943177977956,0.5773502691896257,0.9999032515700161,0.41666666666666663,"batch_02_OE21-4-NEG,batch_03_OE23-NEG",Plantae
NEG_75958,Streptophyta,2,0.6421928465891851,0.5773502691896257,0.7499495453874718,0.6666666666666666,"batch_02_OE21-4-NEG,batch_03_OE23-NEG",Plantae
NEG_7276,Streptophyta,2,0.6421257106662583,0.5215111929855135,0.7083034163633025,0.5833333333333333,"batch_02_OE21-4-NEG,batch_03_OE23-NEG",Plantae
NEG_24102,Streptophyta,2,0.642114437131007,0.5773502691896257,0.9996773623090858,0.41666666666666663,"batch_02_OE21-4-NEG,batch_03_OE23-NEG",Plantae
NEG_50513,Streptophyta,2,0.6420798872948034,0.5773502691896257,0.9995796769237657,0.41666666666666663,"batch_02_OE21-4-NEG,batch_03_OE23-NEG",Plantae
NEG_46437,Streptophyta,2,0.6420775551393457,0.5773502691896257,0.9995730833869394,0.41666666666666663,"batch_02_OE21-4-NEG,batch_03_OE23-NEG",Plantae
NEG_12979,Streptophyta,2,0.6420740989877805,0.5773502691896257,0.9995633121360881,0.41666666666666663,"batch_02_OE21-4-NEG,batch_03_OE23-NEG",Plantae
NEG_18874,Ascomycota,2,0.6420037386686379,0.6140742530638001,0.6373541191233871,0.75,"batch_03_OE23-NEG,batch_06_ALL-25-2-NEG",Fungi
NEG_42763,Streptophyta,2,0.641930932475977,0.5767550837654064,0.9989696399738615,0.41666666666666663,"batch_01_OE11-3-NEG,batch_02_OE21-4-NEG",Plantae
NEG_13475,Streptophyta,2,0.6419286115091498,0.5773502691896257,0.9991520758082721,0.41666666666666663,"batch_02_OE21-4-NEG,batch_03_OE23-NEG",Plantae
NEG_1729,Streptophyta,2,0.6418809523154694,0.5773502691896257,0.9990173986868707,0.41666666666666663,"batch_02_OE21-4-NEG,batch_03_OE23-NEG",Plantae
NEG_57237,Streptophyta,2,0.6417266640670296,0.5972121248640557,0.8275893111501027,0.5,"batch_01_OE11-3-NEG,batch_03_OE23-NEG",Plantae
NEG_73076,Streptophyta,2,0.6415505791596005,0.5773502691896257,0.9980843175071858,0.41666666666666663,"batch_02_OE21-4-NEG,batch_03_OE23-NEG",Plantae
NEG_63759,Bacillota,2,0.6415447913631479,0.6164229160596292,0.8609783508712838,0.4853801169590643,"batch_02_OE21-4-NEG,batch_06_ALL-25-2-NEG",Bacteria
NEG_92903,Streptophyta,2,0.6414410963047461,0.5773502691896257,0.7488876474822681,0.6666666666666666,"batch_02_OE21-4-NEG,batch_03_OE23-NEG",Plantae
NEG_115519,Streptophyta,2,0.6414316961959677,0.5773502691896257,0.9977487670106775,0.41666666666666663,"batch_02_OE21-4-NEG,batch_03_OE23-NEG",Plantae
NEG_49069,Streptophyta,2,0.6414299871300244,0.5773502691896257,0.9977439439485553,0.41666666666666663,"batch_02_OE21-4-NEG,batch_03_OE23-NEG",Plantae
NEG_46046,Streptophyta,2,0.641385974805892,0.5773502691896257,0.9976197472096215,0.41666666666666663,"batch_02_OE21-4-NEG,batch_03_OE23-NEG",Plantae
NEG_88531,Streptophyta,2,0.6413210577216064,0.5773502691896257,0.9974365883917934,0.41666666666666663,"batch_02_OE21-4-NEG,batch_03_OE23-NEG",Plantae
NEG_90736,Ascomycota,2,0.6412407391467521,0.5773502691896257,0.9972100220522976,0.41666666666666663,"batch_02_OE21-4-NEG,batch_06_ALL-25-2-NEG",Fungi
NEG_84967,Streptophyta,2,0.6411777512454817,0.5773502691896257,0.9970323789822736,0.41666666666666663,"batch_02_OE21-4-NEG,batch_03_OE23-NEG",Plantae
NEG_94594,Streptophyta,2,0.640989854386252,0.5778561378583786,0.7963159475714009,0.5277777777777778,"batch_02_OE21-4-NEG,batch_03_OE23-NEG",Plantae
NEG_67852,Streptophyta,2,0.6405854617711084,0.5603756903383551,0.7308042555879868,0.6666666666666666,"batch_02_OE21-4-NEG,batch_03_OE23-NEG",Plantae
NEG_92001,Streptophyta,2,0.640530953516674,0.5773502691896257,0.9952100692366941,0.41666666666666663,"batch_02_OE21-4-NEG,batch_03_OE23-NEG",Plantae
NEG_14295,Streptophyta,2,0.6403890342858478,0.5773502691896257,0.9948106689435016,0.41666666666666663,"batch_02_OE21-4-NEG,batch_03_OE23-NEG",Plantae
NEG_45685,Streptophyta,2,0.6402424775800926,0.5531120638401497,0.723435094261899,0.6666666666666666,"batch_02_OE21-4-NEG,batch_03_OE23-NEG",Plantae
NEG_100784,Streptophyta,2,0.6400488326898236,0.5773502691896257,0.9938539028518549,0.41666666666666663,"batch_02_OE21-4-NEG,batch_03_OE23-NEG",Plantae
NEG_26099,Ascomycota,2,0.6399365771555613,0.5106363098602338,0.5566121023780571,0.75,"batch_01_OE11-3-NEG,batch_02_OE21-4-NEG",Fungi
NEG_28814,Ascomycota,2,0.6396873745683238,0.5753110616357175,0.8928850572259067,0.45833333333333337,"batch_02_OE21-4-NEG,batch_06_ALL-25-2-NEG",Fungi
NEG_76894,Streptophyta,3,0.6396243132137781,0.5747971102578588,0.9342114302013854,0.4444444444444444,"batch_01_OE11-3-NEG,batch_02_OE21-4-NEG,batch_03_OE23-NEG",Plantae
NEG_42385,Streptophyta,2,0.6393275252069466,0.5717125298878947,0.990050552573877,0.41666666666666663,"batch_02_OE21-4-NEG,batch_03_OE23-NEG",Plantae
NEG_97235,Streptophyta,2,0.6391854043921743,0.5773502691896257,0.9914297969336763,0.41666666666666663,"batch_02_OE21-4-NEG,batch_03_OE23-NEG",Plantae
NEG_56710,Ascomycota,2,0.6390058824807987,0.629042714860392,0.6190081965487273,0.75,"batch_04_OE26-1-NEG,batch_06_ALL-25-2-NEG",Fungi
NEG_51537,Ascomycota,2,0.6388947914047366,0.6014723234239359,0.6628252646853674,0.7083333333333334,"batch_02_OE21-4-NEG,batch_06_ALL-25-2-NEG",Fungi
NEG_46919,Streptophyta,2,0.638889195837616,0.5761265775167508,0.6195696966422544,0.7222222222222222,"batch_02_OE21-4-NEG,batch_03_OE23-NEG",Plantae
NEG_117033,Streptophyta,2,0.6388304535579687,0.5773502691896257,0.9904349895927577,0.41666666666666663,"batch_02_OE21-4-NEG,batch_03_OE23-NEG",Plantae
NEG_30136,Streptophyta,2,0.638734689601025,0.5773502691896257,0.9901667682045889,0.41666666666666663,"batch_02_OE21-4-NEG,batch_03_OE23-NEG",Plantae
NEG_96105,Streptophyta,2,0.6385840299645542,0.5773502691896257,0.9897449402354905,0.41666666666666663,"batch_02_OE21-4-NEG,batch_03_OE23-NEG",Plantae
NEG_3711,Streptophyta,2,0.6385195465857918,0.5715907276681739,0.4938656681628907,0.8333333333333333,"batch_02_OE21-4-NEG,batch_03_OE23-NEG",Plantae
NEG_78188,Streptophyta,2,0.6384831571491814,0.5773502691896257,0.9894626105735904,0.41666666666666663,"batch_02_OE21-4-NEG,batch_03_OE23-NEG",Plantae
NEG_70407,Streptophyta,2,0.6383765794079803,0.6214662945546545,0.8638987741493447,0.4722222222222222,"batch_02_OE21-4-NEG,batch_03_OE23-NEG",Plantae
NEG_26906,Streptophyta,2,0.6383560129045884,0.5773502691896257,0.9891068666219842,0.41666666666666663,"batch_02_OE21-4-NEG,batch_03_OE23-NEG",Plantae
NEG_23211,Streptophyta,2,0.6381943282156679,0.5773502691896257,0.9886546668374911,0.41666666666666663,"batch_02_OE21-4-NEG,batch_03_OE23-NEG",Plantae
NEG_69316,Streptophyta,2,0.6381693791081073,0.5754391328306216,0.9879555782549515,0.41666666666666663,"batch_02_OE21-4-NEG,batch_03_OE23-NEG",Plantae
NEG_30694,Streptophyta,3,0.6380443512614923,0.5830435444530895,0.8461565114890958,0.48148148148148145,"batch_01_OE11-3-NEG,batch_02_OE21-4-NEG,batch_03_OE23-NEG",Plantae
NEG_75618,Ascomycota,3,0.6376463915851787,0.6114114165922045,0.7190380103582651,0.638888888888889,"batch_02_OE21-4-NEG,batch_03_OE23-NEG,batch_06_ALL-25-2-NEG",Fungi
NEG_122393,Streptophyta,2,0.6376383004880073,0.5773502691896257,0.9871011646008045,0.41666666666666663,"batch_02_OE21-4-NEG,batch_03_OE23-NEG",Plantae
NEG_64545,Ascomycota,2,0.6375549280804196,0.5861319960601364,0.4091206042571916,1.0,"batch_01_OE11-3-NEG,batch_06_ALL-25-2-NEG",Fungi
NEG_8915,Streptophyta,2,0.6372297391269393,0.5072422890933144,0.6356947354225493,0.6388888888888888,"batch_02_OE21-4-NEG,batch_03_OE23-NEG",Plantae
NEG_114730,Ascomycota,2,0.6371134363644193,0.5713100114756491,0.9836848076524953,0.41666666666666663,"batch_02_OE21-4-NEG,batch_06_ALL-25-2-NEG",Fungi
NEG_51257,Streptophyta,2,0.6370817449586988,0.5773502691896257,0.9855486645810106,0.41666666666666663,"batch_02_OE21-4-NEG,batch_03_OE23-NEG",Plantae
NEG_336,Ascomycota,2,0.6369771357438592,0.5337731494477521,0.4638765634264198,0.875,"batch_02_OE21-4-NEG,batch_06_ALL-25-2-NEG",Fungi
NEG_19098,Ascomycota,2,0.636905031517526,0.6144062597190604,0.8878074382059535,0.45833333333333337,"batch_02_OE21-4-NEG,batch_06_ALL-25-2-NEG",Fungi
NEG_78257,Bacillota,2,0.6368218226667752,0.6069769786668839,1.0,0.4064327485380117,"batch_02_OE21-4-NEG,batch_06_ALL-25-2-NEG",Bacteria
NEG_75929,Bacillota,2,0.6368218226667752,0.6069769786668839,1.0,0.4064327485380117,"batch_02_OE21-4-NEG,batch_06_ALL-25-2-NEG",Bacteria
NEG_122005,Streptophyta,2,0.6365080148451414,0.574167956237018,0.7386975778387612,0.6666666666666666,"batch_02_OE21-4-NEG,batch_03_OE23-NEG",Plantae
NEG_33973,Streptophyta,2,0.6363667732062924,0.56633534624568,0.8598261071571586,0.4722222222222222,"batch_02_OE21-4-NEG,batch_03_OE23-NEG",Plantae
NEG_78913,Streptophyta,2,0.6363441648680885,0.5773502691896257,0.9834950184446394,0.41666666666666663,"batch_02_OE21-4-NEG,batch_03_OE23-NEG",Plantae
NEG_49086,Streptophyta,2,0.6362464459704438,0.5653861107543401,0.8196614542339189,0.5,"batch_01_OE11-3-NEG,batch_03_OE23-NEG",Plantae
NEG_25737,Streptophyta,2,0.6360983969655337,0.5618741660517841,0.7698049905859855,0.5277777777777778,"batch_02_OE21-4-NEG,batch_03_OE23-NEG",Plantae
NEG_35221,Streptophyta,2,0.6358335521592126,0.6200983267998192,0.7029283387777533,0.5833333333333333,"batch_02_OE21-4-NEG,batch_03_OE23-NEG",Plantae
NEG_72913,Ascomycota,2,0.635744164552829,0.593597377968384,0.7462459685313387,0.5416666666666667,"batch_02_OE21-4-NEG,batch_06_ALL-25-2-NEG",Fungi
NEG_47411,Streptophyta,2,0.6356921055033913,0.626815163826774,0.7101421937849334,0.5833333333333333,"batch_02_OE21-4-NEG,batch_03_OE23-NEG",Plantae
NEG_49083,Streptophyta,2,0.6355549313969071,0.5773502691896257,0.9813023737178486,0.41666666666666663,"batch_02_OE21-4-NEG,batch_03_OE23-NEG",Plantae
NEG_117900,Streptophyta,2,0.6355480851083668,0.5773502691896257,0.7406416875959567,0.6666666666666666,"batch_02_OE21-4-NEG,batch_03_OE23-NEG",Plantae
NEG_91420,Streptophyta,2,0.6352565855416274,0.5773502691896257,0.9804748085615971,0.41666666666666663,"batch_02_OE21-4-NEG,batch_03_OE23-NEG",Plantae
NEG_32866,Streptophyta,2,0.635176458229973,0.5773502691896257,0.9802526691236721,0.41666666666666663,"batch_02_OE21-4-NEG,batch_03_OE23-NEG",Plantae
NEG_114382,Bacillota,2,0.6346455965441573,0.5239352005883848,0.9346378161580193,0.43567251461988304,"batch_02_OE21-4-NEG,batch_06_ALL-25-2-NEG",Bacteria
NEG_62920,Bacillota,2,0.6346364745325772,0.5773502691896257,0.7526773028776814,0.6403508771929824,"batch_02_OE21-4-NEG,batch_06_ALL-25-2-NEG",Bacteria
NEG_30377,Streptophyta,2,0.6345789463721911,0.567879929285857,0.9755222031611015,0.41666666666666663,"batch_02_OE21-4-NEG,batch_03_OE23-NEG",Plantae
NEG_67340,Streptophyta,2,0.6345622769732895,0.577112238538272,0.9784688484827491,0.41666666666666663,"batch_02_OE21-4-NEG,batch_03_OE23-NEG",Plantae
NEG_97247,Streptophyta,2,0.6345312750861034,0.5237065576722769,0.637134279274473,0.7777777777777778,"batch_02_OE21-4-NEG,batch_03_OE23-NEG",Plantae
NEG_16106,Streptophyta,2,0.6344913845493716,0.5773502691896257,0.9783555149305354,0.41666666666666663,"batch_02_OE21-4-NEG,batch_03_OE23-NEG",Plantae
NEG_69571,Streptophyta,2,0.634449090731971,0.5687420655138674,0.8541195659228971,0.4722222222222222,"batch_02_OE21-4-NEG,batch_03_OE23-NEG",Plantae
NEG_54593,Streptophyta,2,0.6344189924424637,0.5773502691896257,0.9781552609575062,0.41666666666666663,"batch_02_OE21-4-NEG,batch_03_OE23-NEG",Plantae
NEG_80981,Streptophyta,2,0.6343069604409537,0.587291878956845,0.7228835381294327,0.5833333333333333,"batch_02_OE21-4-NEG,batch_03_OE23-NEG",Plantae
NEG_38633,Streptophyta,2,0.6341811255078005,0.5615087893838213,0.972579997053757,0.41666666666666663,"batch_02_OE21-4-NEG,batch_03_OE23-NEG",Plantae
NEG_48751,Streptophyta,2,0.6340527098721245,0.5614041434853646,0.8539981327287886,0.4722222222222222,"batch_02_OE21-4-NEG,batch_03_OE23-NEG",Plantae
NEG_40328,Ascomycota,2,0.6339312820572093,0.5708080639636998,0.9746177450093491,0.41666666666666663,"batch_02_OE21-4-NEG,batch_06_ALL-25-2-NEG",Fungi
NEG_71570,Ascomycota,2,0.6336027143929497,0.5625393127652392,0.6547795742708363,0.75,"batch_03_OE23-NEG,batch_06_ALL-25-2-NEG",Fungi
NEG_88573,Streptophyta,2,0.6335848727977756,0.6223179250845257,0.6614529041591868,0.7222222222222222,"batch_02_OE21-4-NEG,batch_03_OE23-NEG",Plantae
NEG_37997,Streptophyta,2,0.6335848657887378,0.5894295102096947,0.7199021682891793,0.5833333333333333,"batch_02_OE21-4-NEG,batch_03_OE23-NEG",Plantae
NEG_60864,Streptophyta,2,0.633489649310156,0.6003126319536454,0.8603752560831128,0.4722222222222222,"batch_02_OE21-4-NEG,batch_03_OE23-NEG",Plantae
NEG_120427,Streptophyta,3,0.6334378668797568,0.5773502691896257,0.9195195270013087,0.4444444444444444,"batch_01_OE11-3-NEG,batch_02_OE21-4-NEG,batch_03_OE23-NEG",Plantae
NEG_55766,Ascomycota,2,0.6333244463644352,0.5165024272539931,0.6014895686633454,0.7083333333333334,"batch_02_OE21-4-NEG,batch_06_ALL-25-2-NEG",Fungi
NEG_42915,Ascomycota,2,0.632850003881525,0.56112208517277,0.9687170407045907,0.41666666666666663,"batch_02_OE21-4-NEG,batch_06_ALL-25-2-NEG",Fungi
NEG_57418,Bacillota,2,0.6327987354006555,0.5773502691896257,1.0,0.40350877192982454,"batch_02_OE21-4-NEG,batch_06_ALL-25-2-NEG",Bacteria
NEG_111976,Bacillota,2,0.6327987354006555,0.5773502691896257,1.0,0.40350877192982454,"batch_02_OE21-4-NEG,batch_06_ALL-25-2-NEG",Bacteria
NEG_22264,Streptophyta,2,0.6327905386880902,0.570580064201248,0.971368822810033,0.41666666666666663,"batch_02_OE21-4-NEG,batch_03_OE23-NEG",Plantae
NEG_59966,Streptophyta,2,0.6327203714861374,0.5773467882593508,0.8068026044258592,0.5,"batch_01_OE11-3-NEG,batch_03_OE23-NEG",Plantae
NEG_41444,Streptophyta,2,0.6327021787873739,0.5281976676304063,0.6865980538642207,0.5833333333333333,"batch_02_OE21-4-NEG,batch_03_OE23-NEG",Plantae
NEG_16881,Basidiomycota,2,0.6325913519689135,0.5462281139730562,0.4673034579618992,0.8571428571428572,"batch_01_OE11-3-NEG,batch_02_OE21-4-NEG",Fungi
NEG_15790,Streptophyta,2,0.6324695536906326,0.5593530703108455,0.8107275129749092,0.5,"batch_01_OE11-3-NEG,batch_03_OE23-NEG",Plantae
NEG_74738,Streptophyta,2,0.6320987072798221,0.5773502691896257,0.9717590011029432,0.41666666666666663,"batch_02_OE21-4-NEG,batch_03_OE23-NEG",Plantae
NEG_1191,Streptophyta,2,0.6320111577269578,0.5794603038468364,0.48614325666846636,0.8333333333333333,"batch_02_OE21-4-NEG,batch_06_ALL-25-2-NEG",Plantae
NEG_64881,Streptophyta,2,0.6319556806420762,0.565115937884073,0.9673490786407893,0.41666666666666663,"batch_02_OE21-4-NEG,batch_03_OE23-NEG",Plantae
NEG_7384,Streptophyta,2,0.631943809055688,0.5592859111070586,0.9656646610576771,0.41666666666666663,"batch_02_OE21-4-NEG,batch_03_OE23-NEG",Plantae
NEG_29050,Streptophyta,2,0.6315252707528408,0.5714202793901886,0.9681341230214875,0.41666666666666663,"batch_02_OE21-4-NEG,batch_03_OE23-NEG",Plantae
NEG_10198,Streptophyta,2,0.631414215004737,0.5558965624355884,0.7315184064872797,0.5833333333333333,"batch_02_OE21-4-NEG,batch_03_OE23-NEG",Plantae
NEG_60781,Streptophyta,2,0.631119790271834,0.5551327993571205,0.808172424922073,0.5,"batch_01_OE11-3-NEG,batch_03_OE23-NEG",Plantae
NEG_69432,Ascomycota,2,0.6310563715889006,0.5753130894178775,0.5668320330579184,0.75,"batch_03_OE23-NEG,batch_06_ALL-25-2-NEG",Fungi
NEG_27154,Streptophyta,2,0.6306349587969977,0.5634954252616813,0.9631798835858831,0.41666666666666663,"batch_02_OE21-4-NEG,batch_03_OE23-NEG",Plantae
NEG_29243,Streptophyta,2,0.6306171777557661,0.5557816478535472,0.9610033828781889,0.41666666666666663,"batch_02_OE21-4-NEG,batch_03_OE23-NEG",Plantae
NEG_71521,Ascomycota,2,0.6302536507233609,0.5542842545441251,0.8059820268119238,0.5,"batch_02_OE21-4-NEG,batch_06_ALL-25-2-NEG",Fungi
NEG_107514,Streptophyta,2,0.6301927526126974,0.5773502691896257,0.9665371336664386,0.41666666666666663,"batch_02_OE21-4-NEG,batch_03_OE23-NEG",Plantae
NEG_59786,Streptophyta,2,0.6300820809746082,0.5755511786264271,0.9655836757615339,0.41666666666666663,"batch_02_OE21-4-NEG,batch_03_OE23-NEG",Plantae
NEG_16426,Streptophyta,2,0.6300270149783239,0.5559603729986661,0.6944498368472742,0.6388888888888888,"batch_02_OE21-4-NEG,batch_03_OE23-NEG",Plantae
NEG_8143,Streptophyta,2,0.629846736843268,0.5773502691896257,0.9655922487231123,0.41666666666666663,"batch_02_OE21-4-NEG,batch_03_OE23-NEG",Plantae
NEG_54736,Streptophyta,2,0.6295869261139859,0.5569520074545387,0.9584088271884645,0.41666666666666663,"batch_02_OE21-4-NEG,batch_03_OE23-NEG",Plantae
NEG_109882,Bacillota,2,0.6295114872044689,0.5707757727972524,0.9886774742184511,0.40350877192982454,"batch_02_OE21-4-NEG,batch_06_ALL-25-2-NEG",Bacteria
NEG_37591,Ascomycota,2,0.6292926758379231,0.5863499750537375,0.7957066948277869,0.5,"batch_02_OE21-4-NEG,batch_06_ALL-25-2-NEG",Fungi
NEG_65398,Ascomycota,2,0.6292386823466398,0.5712808010144882,0.3993004353698473,1.0,"batch_01_OE11-3-NEG,batch_06_ALL-25-2-NEG",Fungi
NEG_53795,Streptophyta,3,0.6291752500394218,0.5775300970121275,0.8283002525499156,0.48148148148148145,"batch_01_OE11-3-NEG,batch_02_OE21-4-NEG,batch_03_OE23-NEG",Plantae
NEG_112815,Bacillota,2,0.6291725842712534,0.512989176042577,1.0,0.4093567251461988,"batch_02_OE21-4-NEG,batch_06_ALL-25-2-NEG",Bacteria
NEG_110682,Bacillota,2,0.6291725842712534,0.512989176042577,1.0,0.4093567251461988,"batch_02_OE21-4-NEG,batch_06_ALL-25-2-NEG",Bacteria
NEG_34826,Streptophyta,2,0.6290884638817332,0.5575051278039596,0.9571589225500591,0.41666666666666663,"batch_02_OE21-4-NEG,batch_03_OE23-NEG",Plantae
NEG_11328,Streptophyta,2,0.6290493438215492,0.5537590377539376,0.9560679502472358,0.41666666666666663,"batch_02_OE21-4-NEG,batch_03_OE23-NEG",Plantae
NEG_1070,Ascomycota,2,0.628402292595239,0.501099603261591,0.6621962284394557,0.6666666666666666,"batch_02_OE21-4-NEG,batch_06_ALL-25-2-NEG",Fungi
NEG_116980,Streptophyta,2,0.6283929399571733,0.5773502691896257,0.9616327491208742,0.41666666666666663,"batch_02_OE21-4-NEG,batch_03_OE23-NEG",Plantae
NEG_89421,Ascomycota,2,0.6283691579678787,0.5544919311964304,0.8621035469937912,0.45833333333333337,"batch_02_OE21-4-NEG,batch_06_ALL-25-2-NEG",Fungi
NEG_88658,Ascomycota,2,0.6283664280721974,0.5624354266145009,0.5121675538496537,0.7916666666666667,"batch_02_OE21-4-NEG,batch_03_OE23-NEG",Fungi
NEG_50515,Basidiomycota,2,0.6283131745626644,0.5917790089934091,0.6295804542396692,0.7142857142857143,"batch_01_OE11-3-NEG,batch_02_OE21-4-NEG",Fungi
NEG_27242,Streptophyta,2,0.6283097387392151,0.557138014389892,0.9548784678219495,0.41666666666666663,"batch_02_OE21-4-NEG,batch_03_OE23-NEG",Plantae
NEG_55979,Streptophyta,3,0.6282762843591005,0.528352137592147,0.8936101890121759,0.4444444444444444,"batch_01_OE11-3-NEG,batch_02_OE21-4-NEG,batch_03_OE23-NEG",Plantae
NEG_116929,Streptophyta,2,0.6279656257793259,0.5773502691896257,0.9604721496329125,0.41666666666666663,"batch_02_OE21-4-NEG,batch_03_OE23-NEG",Plantae
NEG_46402,Streptophyta,2,0.6275025169109243,0.5549356721033742,0.9520275114761478,0.41666666666666663,"batch_02_OE21-4-NEG,batch_03_OE23-NEG",Plantae
NEG_80962,Basidiomycota,2,0.6274897367876451,0.5345224838248488,0.7595291370401338,0.6428571428571428,"batch_02_OE21-4-NEG,batch_04_OE26-1-NEG",Fungi
NEG_52814,Bacillota,2,0.6274778506886387,0.5608498020863867,0.8604973787378349,0.4619883040935673,"batch_02_OE21-4-NEG,batch_06_ALL-25-2-NEG",Bacteria
NEG_85939,Bacillota,2,0.6273900497877922,0.5691242778352147,0.9820955660901138,0.40350877192982454,"batch_02_OE21-4-NEG,batch_06_ALL-25-2-NEG",Bacteria
NEG_14751,Streptophyta,2,0.6272874350867711,0.5474680889869946,0.799721308459072,0.5,"batch_01_OE11-3-NEG,batch_03_OE23-NEG",Plantae
NEG_82319,Streptophyta,2,0.6271490108123672,0.5471912404381867,0.7994182536122814,0.5,"batch_01_OE11-3-NEG,batch_03_OE23-NEG",Plantae
NEG_359,Ascomycota,2,0.6271256444235493,0.5541195825353383,0.6948834140157756,0.625,"batch_02_OE21-4-NEG,batch_06_ALL-25-2-NEG",Fungi
NEG_38685,Streptophyta,2,0.627073214485786,0.5700181312931801,0.9554125326887881,0.41666666666666663,"batch_02_OE21-4-NEG,batch_03_OE23-NEG",Plantae
NEG_47374,Bacillota,2,0.6269200159528778,0.5264688027384128,0.8346003168597189,0.48245614035087714,"batch_02_OE21-4-NEG,batch_06_ALL-25-2-NEG",Bacteria
NEG_68295,Ascomycota,2,0.6268287993648803,0.5564641845293756,0.9505572398003043,0.41666666666666663,"batch_02_OE21-4-NEG,batch_06_ALL-25-2-NEG",Fungi
NEG_40502,Streptophyta,2,0.6266866605930822,0.5722146251026863,0.9551215350222557,0.41666666666666663,"batch_02_OE21-4-NEG,batch_03_OE23-NEG",Plantae
NEG_82696,Streptophyta,2,0.6266013943744858,0.5392681876673593,0.5165804677178149,0.7777777777777778,"batch_02_OE21-4-NEG,batch_03_OE23-NEG",Plantae
NEG_42725,Streptophyta,2,0.6265855359714019,0.5899169176523263,0.8428963020639448,0.4722222222222222,"batch_02_OE21-4-NEG,batch_03_OE23-NEG",Plantae
NEG_75619,Ascomycota,2,0.6265713976944982,0.6150116884626928,0.6836478591659744,0.5833333333333333,"batch_02_OE21-4-NEG,batch_06_ALL-25-2-NEG",Fungi
NEG_46703,Streptophyta,2,0.626459718946403,0.5516595900686351,0.8341347153994105,0.4722222222222222,"batch_02_OE21-4-NEG,batch_03_OE23-NEG",Plantae
NEG_84208,Streptophyta,2,0.6264111701331083,0.573880188035136,0.9549701514050364,0.41666666666666663,"batch_02_OE21-4-NEG,batch_03_OE23-NEG",Plantae
NEG_37484,Ascomycota,2,0.6263431436658233,0.603070010462493,0.8584334321964187,0.45833333333333337,"batch_02_OE21-4-NEG,batch_06_ALL-25-2-NEG",Fungi
NEG_49763,Streptophyta,2,0.6263226182611312,0.5463330861184686,0.9465966152896268,0.41666666666666663,"batch_02_OE21-4-NEG,batch_03_OE23-NEG",Plantae
NEG_3841,Streptophyta,2,0.6261362801007883,0.5341801374235504,0.47183967823899015,0.8333333333333333,"batch_02_OE21-4-NEG,batch_03_OE23-NEG",Plantae
NEG_20601,Streptophyta,2,0.6261232904183562,0.5451397996501649,0.648588700581311,0.75,"batch_01_OE11-3-NEG,batch_03_OE23-NEG",Plantae
NEG_52213,Bacillota,2,0.6256345042683158,0.5773502691896257,0.9314581438809046,0.4298245614035088,"batch_02_OE21-4-NEG,batch_06_ALL-25-2-NEG",Bacteria
NEG_49471,Streptophyta,2,0.6256077653416191,0.5445752004243323,0.9441837797242182,0.41666666666666663,"batch_02_OE21-4-NEG,batch_03_OE23-NEG",Plantae
NEG_81621,Streptophyta,2,0.6255435600572647,0.5464444051432147,0.7652626948832353,0.5277777777777778,"batch_02_OE21-4-NEG,batch_03_OE23-NEG",Plantae
NEG_112849,Streptophyta,2,0.6254280139633366,0.5773502691896257,0.953610007051966,0.41666666666666663,"batch_02_OE21-4-NEG,batch_03_OE23-NEG",Plantae
NEG_10019,Streptophyta,2,0.6254222613515816,0.5773502691896257,0.9535945095157572,0.41666666666666663,"batch_02_OE21-4-NEG,batch_03_OE23-NEG",Plantae
NEG_18435,Streptophyta,2,0.6252539984350058,0.5717774052831259,0.672435813159217,0.5833333333333333,"batch_02_OE21-4-NEG,batch_03_OE23-NEG",Plantae
NEG_1235,Ascomycota,2,0.6252469703306258,0.5439631035647969,0.6471337527881401,0.75,"batch_03_OE23-NEG,batch_06_ALL-25-2-NEG",Fungi
NEG_52594,Streptophyta,2,0.6252377182044856,0.5838087697423046,0.8408326796280232,0.4722222222222222,"batch_02_OE21-4-NEG,batch_03_OE23-NEG",Plantae
NEG_107536,Streptophyta,2,0.625168484706451,0.5773502691896257,0.726455549338707,0.6666666666666666,"batch_02_OE21-4-NEG,batch_03_OE23-NEG",Plantae
NEG_46061,Streptophyta,2,0.6251513328636775,0.5619014643847565,0.9474960975265334,0.41666666666666663,"batch_02_OE21-4-NEG,batch_03_OE23-NEG",Plantae
NEG_40726,Streptophyta,2,0.6245364990414906,0.5824063314163146,0.8391971348738101,0.4722222222222222,"batch_02_OE21-4-NEG,batch_03_OE23-NEG",Plantae
NEG_45222,Streptophyta,2,0.6243339821354146,0.5820012976041626,0.8387255104129291,0.4722222222222222,"batch_02_OE21-4-NEG,batch_03_OE23-NEG",Plantae
NEG_61784,Streptophyta,2,0.6239671376828968,0.5773502691896257,0.7248414546696393,0.6666666666666666,"batch_02_OE21-4-NEG,batch_03_OE23-NEG",Plantae
NEG_77775,Streptophyta,2,0.6237598636568851,0.57015051298513,0.9464364637060096,0.41666666666666663,"batch_02_OE21-4-NEG,batch_03_OE23-NEG",Plantae
NEG_16855,Streptophyta,2,0.6236059476153919,0.5727460359522742,0.6692161681982676,0.5833333333333333,"batch_02_OE21-4-NEG,batch_03_OE23-NEG",Plantae
NEG_47090,Streptophyta,2,0.6235153137117446,0.5773502691896257,0.9484717822042357,0.41666666666666663,"batch_02_OE21-4-NEG,batch_03_OE23-NEG",Plantae
NEG_16300,Streptophyta,2,0.623444586184905,0.5514586275334645,0.9397835695130148,0.41666666666666663,"batch_02_OE21-4-NEG,batch_03_OE23-NEG",Plantae
NEG_38325,Streptophyta,2,0.6228017581698397,0.5773502691896257,0.9465624023265907,0.41666666666666663,"batch_02_OE21-4-NEG,batch_03_OE23-NEG",Plantae
NEG_85308,Streptophyta,2,0.6224901685604538,0.5683413814682874,0.9423581651405906,0.41666666666666663,"batch_02_OE21-4-NEG,batch_03_OE23-NEG",Plantae
NEG_14484,Actinomycetota,2,0.6224726783369583,0.5127641124014438,0.662435239682454,0.6666666666666666,"batch_01_OE11-3-NEG,batch_04_OE26-1-NEG",Bacteria
NEG_66421,Ascomycota,2,0.6223567905985357,0.6057971806789157,0.7752043909695991,0.5,"batch_02_OE21-4-NEG,batch_06_ALL-25-2-NEG",Fungi
NEG_13864,Ascomycota,2,0.6221282346494975,0.5471575768698396,0.602231129624267,0.7083333333333334,"batch_02_OE21-4-NEG,batch_03_OE23-NEG",Fungi
NEG_114854,Streptophyta,2,0.6221173287656818,0.5773502691896257,0.944734787413934,0.41666666666666663,"batch_02_OE21-4-NEG,batch_03_OE23-NEG",Plantae
NEG_69925,Streptophyta,2,0.6220825715019421,0.537934815657611,0.6834414364766942,0.6666666666666666,"batch_02_OE21-4-NEG,batch_03_OE23-NEG",Plantae
NEG_97464,Streptophyta,2,0.6217688555845219,0.5773502691896257,0.7219028539255402,0.6666666666666666,"batch_02_OE21-4-NEG,batch_03_OE23-NEG",Plantae
NEG_457,Streptophyta,2,0.6215440820142732,0.6191217885978249,0.4410817404090138,0.8888888888888888,"batch_02_OE21-4-NEG,batch_03_OE23-NEG",Plantae
NEG_64020,Streptophyta,2,0.6215114569190858,0.5417320523448602,0.9320192972206927,0.41666666666666663,"batch_02_OE21-4-NEG,batch_03_OE23-NEG",Plantae
NEG_66705,Actinomycetota,2,0.6214999304908193,0.5,0.7760243967093672,0.625,"batch_04_OE26-1-NEG,batch_06_ALL-25-2-NEG",Bacteria
NEG_17491,Streptophyta,2,0.6212804179771465,0.5071024139861162,0.7439620396700752,0.5277777777777778,"batch_02_OE21-4-NEG,batch_03_OE23-NEG",Plantae
NEG_8050,Streptophyta,2,0.621215221847452,0.5773502691896257,0.9423316385199716,0.41666666666666663,"batch_02_OE21-4-NEG,batch_03_OE23-NEG",Plantae
NEG_45686,Streptophyta,2,0.6210911755880957,0.5672305044232537,0.9381856631575893,0.41666666666666663,"batch_02_OE21-4-NEG,batch_03_OE23-NEG",Plantae
NEG_37632,Streptophyta,2,0.6208324771328055,0.5749982875989446,0.8306230307417185,0.4722222222222222,"batch_02_OE21-4-NEG,batch_03_OE23-NEG",Plantae
NEG_37013,Streptophyta,2,0.6205056039202412,0.574344541173816,0.8298716519761612,0.4722222222222222,"batch_02_OE21-4-NEG,batch_03_OE23-NEG",Plantae
NEG_30693,Streptophyta,2,0.6204814728739021,0.5366444238928408,0.7120550084994199,0.5833333333333333,"batch_02_OE21-4-NEG,batch_03_OE23-NEG",Plantae
NEG_118245,Streptophyta,2,0.6203384219008308,0.5773502691896257,0.9400021445865367,0.41666666666666663,"batch_02_OE21-4-NEG,batch_03_OE23-NEG",Plantae
NEG_91214,Streptophyta,3,0.6202824155081356,0.5487067800150289,0.5344791135874288,0.7962962962962963,"batch_01_OE11-3-NEG,batch_02_OE21-4-NEG,batch_03_OE23-NEG",Plantae
NEG_672,Streptophyta,2,0.6202641999884816,0.5956191066096381,0.6819795867903902,0.5833333333333333,"batch_02_OE21-4-NEG,batch_03_OE23-NEG",Plantae
NEG_75504,Streptophyta,2,0.6202330944114767,0.5333594076364058,0.8200312899285398,0.4722222222222222,"batch_01_OE11-3-NEG,batch_02_OE21-4-NEG",Plantae
NEG_70405,Streptophyta,2,0.6200807277205911,0.5584992566500055,0.6604189346242251,0.5833333333333333,"batch_02_OE21-4-NEG,batch_03_OE23-NEG",Plantae
NEG_77710,Streptophyta,2,0.6200314234801637,0.5769024016128925,0.8142002048834718,0.4722222222222222,"batch_01_OE11-3-NEG,batch_02_OE21-4-NEG",Plantae
NEG_4311,Ascomycota,3,0.6200244598235077,0.5579671735884932,0.5233073182210911,0.8333333333333334,"batch_01_OE11-3-NEG,batch_03_OE23-NEG,batch_06_ALL-25-2-NEG",Fungi
NEG_62386,Ascomycota,2,0.619956599154615,0.5950598627597788,0.38496603231847004,1.0,"batch_03_OE23-NEG,batch_06_ALL-25-2-NEG",Fungi
NEG_4011,Basidiomycota,2,0.6199215939659117,0.6024321732806894,0.6265583447702712,0.7142857142857143,"batch_01_OE11-3-NEG,batch_02_OE21-4-NEG",Fungi
NEG_3392,Bacillota,2,0.619869355318533,0.543695503740879,0.8618184180666284,0.45614035087719296,"batch_02_OE21-4-NEG,batch_06_ALL-25-2-NEG",Bacteria
NEG_55092,Streptophyta,2,0.6196667602535626,0.5591847651097868,0.5830747164565224,0.7222222222222222,"batch_02_OE21-4-NEG,batch_06_ALL-25-2-NEG",Plantae
NEG_14191,Ascomycota,2,0.6195049284990664,0.5128293873886121,0.5266630177905312,0.75,"batch_03_OE23-NEG,batch_06_ALL-25-2-NEG",Fungi
NEG_39957,Streptophyta,2,0.6191767292739221,0.5575840937024362,0.9297969604369711,0.41666666666666663,"batch_02_OE21-4-NEG,batch_03_OE23-NEG",Plantae
NEG_80084,Actinomycetota,2,0.61894088873983,0.5307749962931123,0.9225831450349302,0.41666666666666663,"batch_01_OE11-3-NEG,batch_06_ALL-25-2-NEG",Bacteria
NEG_58966,Basidiomycota,2,0.6186189102928107,0.5051938764133778,0.7145806604393841,0.6428571428571428,"batch_01_OE11-3-NEG,batch_02_OE21-4-NEG",Fungi
NEG_39620,Streptophyta,2,0.618433281775586,0.5297597823646244,0.7806454270110141,0.5,"batch_01_OE11-3-NEG,batch_03_OE23-NEG",Plantae
NEG_36335,Streptophyta,2,0.6182626056076708,0.5747026733613222,0.9334338157645108,0.41666666666666663,"batch_02_OE21-4-NEG,batch_03_OE23-NEG",Plantae
NEG_48818,Ascomycota,2,0.618081497000901,0.6137248182513354,0.5703727938534191,0.75,"batch_02_OE21-4-NEG,batch_03_OE23-NEG",Fungi
NEG_56722,Ascomycota,2,0.6177736183246072,0.5982877198926535,0.5270595479130086,0.7916666666666667,"batch_02_OE21-4-NEG,batch_03_OE23-NEG",Fungi
NEG_76707,Streptophyta,2,0.6175125866509564,0.5773502691896257,0.9325362794991061,0.41666666666666663,"batch_02_OE21-4-NEG,batch_03_OE23-NEG",Plantae
NEG_61878,Streptophyta,2,0.6168245826400869,0.5320094073594405,0.9168493641734797,0.41666666666666663,"batch_02_OE21-4-NEG,batch_03_OE23-NEG",Plantae
NEG_49121,Streptophyta,2,0.6167383520861822,0.5263906156447064,0.7493491088042746,0.5277777777777778,"batch_02_OE21-4-NEG,batch_03_OE23-NEG",Plantae
NEG_119203,Ascomycota,2,0.6166066156374256,0.5617616051116492,0.924211437743633,0.41666666666666663,"batch_02_OE21-4-NEG,batch_06_ALL-25-2-NEG",Fungi
NEG_51920,Streptophyta,2,0.6165922112207587,0.5371179873039387,0.917252080553288,0.41666666666666663,"batch_02_OE21-4-NEG,batch_03_OE23-NEG",Plantae
NEG_61376,Ascomycota,2,0.6163126090456077,0.5722725034998304,0.7635615259301747,0.5,"batch_02_OE21-4-NEG,batch_06_ALL-25-2-NEG",Fungi
NEG_77451,Streptophyta,2,0.616244749797325,0.5672399052416489,0.658757205684464,0.7222222222222222,"batch_02_OE21-4-NEG,batch_03_OE23-NEG",Plantae
NEG_43802,Streptophyta,2,0.6162280018452244,0.5393994433863438,0.9167550350688038,0.41666666666666663,"batch_02_OE21-4-NEG,batch_03_OE23-NEG",Plantae
NEG_23795,Streptophyta,2,0.6160060796871976,0.5249053781878474,0.809966363056843,0.4722222222222222,"batch_01_OE11-3-NEG,batch_02_OE21-4-NEG",Plantae
NEG_35192,Streptophyta,2,0.6157131627089032,0.5773502691896257,0.9278154873310103,0.41666666666666663,"batch_02_OE21-4-NEG,batch_03_OE23-NEG",Plantae
NEG_1566,Ascomycota,3,0.6154309859823998,0.5646574689065443,0.44965272874555073,0.8888888888888888,"batch_02_OE21-4-NEG,batch_03_OE23-NEG,batch_06_ALL-25-2-NEG",Fungi
NEG_41056,Streptophyta,2,0.6150908832071869,0.549320555442199,0.6844156032502373,0.6666666666666666,"batch_02_OE21-4-NEG,batch_03_OE23-NEG",Plantae
NEG_34870,Streptophyta,2,0.6149637063278397,0.5773502691896257,0.9258569281743144,0.41666666666666663,"batch_02_OE21-4-NEG,batch_03_OE23-NEG",Plantae
NEG_14334,Ascomycota,2,0.6149444425989967,0.5891899947327526,0.6661665068386592,0.7083333333333334,"batch_02_OE21-4-NEG,batch_06_ALL-25-2-NEG",Fungi
NEG_70087,Streptophyta,2,0.6145770696604559,0.5574082553204767,0.9172984773206526,0.41666666666666663,"batch_02_OE21-4-NEG,batch_03_OE23-NEG",Plantae
NEG_46326,Streptophyta,2,0.6145309730238672,0.5773502691896257,0.9247281097532078,0.41666666666666663,"batch_02_OE21-4-NEG,batch_03_OE23-NEG",Plantae
NEG_8102,Streptophyta,2,0.6144870894190718,0.5390758193800509,0.5285826122317571,0.75,"batch_03_OE23-NEG,batch_06_ALL-25-2-NEG",Plantae
NEG_61485,Streptophyta,2,0.6144515813539773,0.5790601274562345,0.7995204305760026,0.4722222222222222,"batch_02_OE21-4-NEG,batch_03_OE23-NEG",Plantae
NEG_17770,Streptophyta,2,0.6144004605844875,0.5554698185302509,0.9161948527277248,0.41666666666666663,"batch_02_OE21-4-NEG,batch_03_OE23-NEG",Plantae
NEG_13765,Streptophyta,2,0.6143103436246973,0.5546806178423397,0.9157010988673255,0.41666666666666663,"batch_02_OE21-4-NEG,batch_03_OE23-NEG",Plantae
NEG_72342,Bacillota,2,0.6143090768078414,0.5619514869490163,1.0,0.38011695906432746,"batch_02_OE21-4-NEG,batch_06_ALL-25-2-NEG",Bacteria
NEG_68293,Basidiomycota,2,0.6142772412696451,0.5827372069469112,0.6047197378137832,0.7142857142857143,"batch_01_OE11-3-NEG,batch_02_OE21-4-NEG",Fungi
NEG_51991,Streptophyta,2,0.6142458429212745,0.5217332821532007,0.907815867745043,0.41666666666666663,"batch_02_OE21-4-NEG,batch_03_OE23-NEG",Plantae
NEG_18963,Ascomycota,2,0.6140499414182432,0.5220690996401368,0.8255468405797263,0.45833333333333337,"batch_02_OE21-4-NEG,batch_06_ALL-25-2-NEG",Fungi
NEG_2642,Streptophyta,3,0.6138129937149674,0.5434243476251656,0.47710681154201606,0.8518518518518517,"batch_02_OE21-4-NEG,batch_03_OE23-NEG,batch_06_ALL-25-2-NEG",Plantae
NEG_81977,Actinomycetota,2,0.6134820256078546,0.5,0.7642383658799783,0.625,"batch_04_OE26-1-NEG,batch_06_ALL-25-2-NEG",Bacteria
NEG_4549,Streptophyta,2,0.6131680831849209,0.5996413277211461,0.6120495638469099,0.6388888888888888,"batch_02_OE21-4-NEG,batch_03_OE23-NEG",Plantae
NEG_101742,Streptophyta,2,0.6131304176990657,0.5773502691896257,0.9210849229370434,0.41666666666666663,"batch_01_OE11-3-NEG,batch_02_OE21-4-NEG",Plantae
NEG_109622,Bacillota,2,0.613117976856338,0.5773502691896257,1.0,0.3771929824561403,"batch_02_OE21-4-NEG,batch_06_ALL-25-2-NEG",Bacteria
NEG_88785,Ascomycota,2,0.613037911727129,0.5067690738023078,0.5668789730423652,0.7083333333333334,"batch_02_OE21-4-NEG,batch_06_ALL-25-2-NEG",Fungi
NEG_49332,Streptophyta,2,0.6129024889609155,0.5746215023991731,0.7073047659261082,0.6666666666666666,"batch_02_OE21-4-NEG,batch_06_ALL-25-2-NEG",Plantae
NEG_58664,Ascomycota,2,0.6128128943588242,0.5476024195180504,0.609649894111786,0.75,"batch_03_OE23-NEG,batch_06_ALL-25-2-NEG",Fungi
NEG_119460,Streptophyta,2,0.6123413850590744,0.5175759889316012,0.9018273564777874,0.41666666666666663,"batch_01_OE11-3-NEG,batch_02_OE21-4-NEG",Plantae
NEG_112967,Streptophyta,2,0.612220244980552,0.5750043106505066,0.9177122868975431,0.41666666666666663,"batch_02_OE21-4-NEG,batch_03_OE23-NEG",Plantae
NEG_72446,Streptophyta,2,0.6121018315475137,0.5745882292785272,0.7191366817554901,0.5277777777777778,"batch_02_OE21-4-NEG,batch_03_OE23-NEG",Plantae
NEG_56449,Ascomycota,3,0.6119136714507989,0.5768138824819928,0.6470776431514013,0.638888888888889,"batch_02_OE21-4-NEG,batch_03_OE23-NEG,batch_06_ALL-25-2-NEG",Fungi
NEG_61627,Ascomycota,2,0.6117164118824343,0.5942780268635809,0.6515860967631163,0.7083333333333334,"batch_02_OE21-4-NEG,batch_03_OE23-NEG",Fungi
NEG_68345,Streptophyta,2,0.6116105550358785,0.5596297310460022,0.6434505746085979,0.5833333333333333,"batch_02_OE21-4-NEG,batch_03_OE23-NEG",Plantae
NEG_65937,Ascomycota,2,0.6111285481542303,0.5269035714229456,0.8166693728646166,0.45833333333333337,"batch_02_OE21-4-NEG,batch_06_ALL-25-2-NEG",Fungi
NEG_94760,Streptophyta,2,0.6109264132486607,0.5773502691896257,0.9153835463761595,0.41666666666666663,"batch_02_OE21-4-NEG,batch_03_OE23-NEG",Plantae
NEG_44135,Streptophyta,2,0.610693185867349,0.5547197050680314,0.8077139511907636,0.4722222222222222,"batch_02_OE21-4-NEG,batch_03_OE23-NEG",Plantae
NEG_111432,Bacillota,2,0.6106116683018634,0.5388757071992603,0.9270454005878106,0.40350877192982454,"batch_02_OE21-4-NEG,batch_06_ALL-25-2-NEG",Bacteria
NEG_19381,Streptophyta,2,0.610501881505443,0.5523781652192359,0.6759014180804689,0.5833333333333333,"batch_02_OE21-4-NEG,batch_03_OE23-NEG",Plantae
NEG_75363,Ascomycota,2,0.6104971227953305,0.5164071945973016,0.7631193030593741,0.5,"batch_02_OE21-4-NEG,batch_06_ALL-25-2-NEG",Fungi
NEG_15981,Streptophyta,2,0.6103124305661521,0.5141028295265538,0.737044928538805,0.5277777777777778,"batch_02_OE21-4-NEG,batch_03_OE23-NEG",Plantae
NEG_59608,Ascomycota,2,0.6102855467065222,0.569737215398122,0.9104854786863521,0.41666666666666663,"batch_02_OE21-4-NEG,batch_06_ALL-25-2-NEG",Fungi
NEG_81508,Streptophyta,2,0.6102827599918677,0.5166583026095097,0.8958890731545347,0.41666666666666663,"batch_02_OE21-4-NEG,batch_03_OE23-NEG",Plantae
NEG_51628,Streptophyta,2,0.609993799955878,0.5167508829897264,0.7949522894817698,0.4722222222222222,"batch_02_OE21-4-NEG,batch_03_OE23-NEG",Plantae
NEG_72917,Streptophyta,2,0.6099018459493363,0.5304001522225453,0.5440074780402796,0.7083333333333333,"batch_01_OE11-3-NEG,batch_02_OE21-4-NEG",Plantae
NEG_44739,Bacillota,2,0.6097780773370325,0.5706704701510147,0.9884971782535703,0.3771929824561403,"batch_02_OE21-4-NEG,batch_06_ALL-25-2-NEG",Bacteria
NEG_81198,Streptophyta,2,0.6097277624921528,0.5718947607317542,0.7136921990165357,0.5277777777777778,"batch_02_OE21-4-NEG,batch_03_OE23-NEG",Plantae
NEG_82698,Streptophyta,2,0.6096019096385178,0.5196646746241443,0.7931628107104438,0.4722222222222222,"batch_02_OE21-4-NEG,batch_03_OE23-NEG",Plantae
NEG_79469,Ascomycota,2,0.6095854700560639,0.5460813247161078,0.39692756557909487,0.9375,"batch_03_OE23-NEG,batch_04_OE26-1-NEG",Fungi
NEG_18029,Streptophyta,2,0.6094816195560344,0.5522965724454023,0.8050315039349395,0.4722222222222222,"batch_02_OE21-4-NEG,batch_03_OE23-NEG",Plantae
NEG_39023,Streptophyta,2,0.6092275171378898,0.5439897465901575,0.8987906908856844,0.41666666666666663,"batch_02_OE21-4-NEG,batch_03_OE23-NEG",Plantae
NEG_46696,Streptophyta,2,0.6089640611814653,0.5485234564441469,0.7041703283478884,0.5277777777777778,"batch_02_OE21-4-NEG,batch_03_OE23-NEG",Plantae
NEG_2835,Streptophyta,2,0.6088478805131834,0.5443705035365011,0.6363644219009293,0.5833333333333333,"batch_02_OE21-4-NEG,batch_03_OE23-NEG",Plantae
NEG_64407,Streptophyta,2,0.6088244766175643,0.5365712042371492,0.8957298860049114,0.41666666666666663,"batch_02_OE21-4-NEG,batch_03_OE23-NEG",Plantae
NEG_12608,Streptophyta,2,0.6087047966214074,0.5231737937565789,0.7556741637619446,0.5,"batch_01_OE11-3-NEG,batch_03_OE23-NEG",Plantae
NEG_3260,Streptophyta,2,0.6085929419096976,0.5457591488352836,0.8975934332575441,0.41666666666666663,"batch_02_OE21-4-NEG,batch_03_OE23-NEG",Plantae
NEG_72915,Ascomycota,2,0.6085675033849018,0.5364893933577188,0.5770242685509566,0.7083333333333334,"batch_02_OE21-4-NEG,batch_03_OE23-NEG",Fungi
NEG_90871,Streptophyta,2,0.6085319334977759,0.5650846658149564,0.9040578980808885,0.41666666666666663,"batch_02_OE21-4-NEG,batch_03_OE23-NEG",Plantae
NEG_45409,Streptophyta,2,0.6084771374385392,0.5394233054565899,0.8955144682284369,0.41666666666666663,"batch_02_OE21-4-NEG,batch_03_OE23-NEG",Plantae
NEG_6285,Streptophyta,2,0.6083256054493473,0.5440294982807529,0.6701621266419581,0.6666666666666666,"batch_02_OE21-4-NEG,batch_03_OE23-NEG",Plantae
NEG_26385,Streptophyta,2,0.6081987545223323,0.6021068141860125,0.7021503677001624,0.5277777777777778,"batch_02_OE21-4-NEG,batch_03_OE23-NEG",Plantae
NEG_92992,Streptophyta,2,0.6073976627718558,0.5773502691896257,0.9063361998702637,0.41666666666666663,"batch_02_OE21-4-NEG,batch_03_OE23-NEG",Plantae
NEG_46595,Streptophyta,2,0.607261836317357,0.5478570059680473,0.800147298988273,0.4722222222222222,"batch_02_OE21-4-NEG,batch_03_OE23-NEG",Plantae
NEG_76519,Streptophyta,2,0.6072194768364835,0.5222213395642306,0.7246088400290249,0.5277777777777778,"batch_02_OE21-4-NEG,batch_03_OE23-NEG",Plantae
NEG_107196,Ascomycota,2,0.6071704737691025,0.522625343929457,0.8062351764166744,0.45833333333333337,"batch_02_OE21-4-NEG,batch_06_ALL-25-2-NEG",Fungi
NEG_4840,Streptophyta,2,0.6071467007966074,0.552459505135604,0.7979886246274728,0.4722222222222222,"batch_02_OE21-4-NEG,batch_03_OE23-NEG",Plantae
NEG_81623,Ascomycota,2,0.6070977498231577,0.5239398363900154,0.8882223088919889,0.41666666666666663,"batch_02_OE21-4-NEG,batch_06_ALL-25-2-NEG",Fungi
NEG_68757,Ascomycota,3,0.6069430926560991,0.5496273304354762,0.6884593178729155,0.638888888888889,"batch_02_OE21-4-NEG,batch_03_OE23-NEG,batch_06_ALL-25-2-NEG",Fungi
NEG_85325,Streptophyta,2,0.6068635940122133,0.506620406837879,0.756664236624578,0.5,"batch_01_OE11-3-NEG,batch_03_OE23-NEG",Plantae
NEG_95046,Ascomycota,2,0.6066547610575909,0.5271914896737109,0.5133098440050641,0.75,"batch_01_OE11-3-NEG,batch_06_ALL-25-2-NEG",Fungi
NEG_79393,Streptophyta,2,0.6060938022020065,0.5241592737841752,0.7206516336000793,0.5277777777777778,"batch_02_OE21-4-NEG,batch_03_OE23-NEG",Plantae
NEG_45757,Streptophyta,2,0.6059674724350004,0.5773502691896257,0.9026977106083667,0.41666666666666663,"batch_02_OE21-4-NEG,batch_03_OE23-NEG",Plantae
NEG_29826,Streptophyta,2,0.6058462598752643,0.5696010031263468,0.898949469864553,0.41666666666666663,"batch_02_OE21-4-NEG,batch_03_OE23-NEG",Plantae
NEG_7094,Streptophyta,2,0.6057921615939298,0.5172350218035516,0.8834190540030573,0.41666666666666663,"batch_02_OE21-4-NEG,batch_03_OE23-NEG",Plantae
NEG_8517,Streptophyta,2,0.6057287109981997,0.5075382993762658,0.8818948191909266,0.41666666666666663,"batch_02_OE21-4-NEG,batch_03_OE23-NEG",Plantae
NEG_81877,Streptophyta,2,0.6055627316830701,0.5773502691896257,0.7008354983767393,0.6666666666666666,"batch_02_OE21-4-NEG,batch_03_OE23-NEG",Plantae
NEG_72504,Ascomycota,2,0.6052510471644347,0.5,0.7524066130228548,0.625,"batch_02_OE21-4-NEG,batch_06_ALL-25-2-NEG",Fungi
NEG_75739,Streptophyta,2,0.6052361482207744,0.5920076517349768,0.5194851949332043,0.7777777777777778,"batch_02_OE21-4-NEG,batch_03_OE23-NEG",Plantae
NEG_62547,Streptophyta,2,0.6048570695450721,0.5155799079194324,0.7210627081881444,0.5277777777777778,"batch_01_OE11-3-NEG,batch_02_OE21-4-NEG",Plantae
NEG_56172,Ascomycota,2,0.6045819668354456,0.5166667654936548,0.6401929838152587,0.6666666666666666,"batch_02_OE21-4-NEG,batch_03_OE23-NEG",Fungi
NEG_1387,Streptophyta,3,0.6045011433394891,0.5447122118566239,0.6770170079305221,0.611111111111111,"batch_02_OE21-4-NEG,batch_03_OE23-NEG,batch_06_ALL-25-2-NEG",Plantae
NEG_15910,Streptophyta,2,0.604338325763554,0.5715639428045177,0.7833370197820616,0.4722222222222222,"batch_02_OE21-4-NEG,batch_03_OE23-NEG",Plantae
NEG_25515,Streptophyta,2,0.6039702334161887,0.5008336856458299,0.876251571016379,0.41666666666666663,"batch_01_OE11-3-NEG,batch_02_OE21-4-NEG",Plantae
NEG_72603,Streptophyta,2,0.603677451936501,0.5414177866403511,0.7920394943121869,0.4722222222222222,"batch_02_OE21-4-NEG,batch_03_OE23-NEG",Plantae
NEG_47089,Streptophyta,2,0.6035620405050992,0.6012391693856348,0.7737711322882741,0.4722222222222222,"batch_02_OE21-4-NEG,batch_03_OE23-NEG",Plantae
NEG_61853,Streptophyta,2,0.6034710170721496,0.5848441790851405,0.7290484550789778,0.5,"batch_01_OE11-3-NEG,batch_03_OE23-NEG",Plantae
NEG_29871,Streptophyta,2,0.6034350366782792,0.5102748460907556,0.875815538478912,0.41666666666666663,"batch_02_OE21-4-NEG,batch_03_OE23-NEG",Plantae
NEG_76663,Ascomycota,2,0.6032097578373086,0.5,0.9990285321259608,0.375,"batch_02_OE21-4-NEG,batch_06_ALL-25-2-NEG",Fungi
NEG_53555,Streptophyta,2,0.6031586413884586,0.504821775255166,0.7214564693677992,0.5277777777777778,"batch_02_OE21-4-NEG,batch_03_OE23-NEG",Plantae
NEG_96614,Ascomycota,2,0.6027547448801155,0.5433876915331106,0.7336754589971984,0.5,"batch_02_OE21-4-NEG,batch_06_ALL-25-2-NEG",Fungi
NEG_66607,Streptophyta,2,0.6027237210581515,0.5773502691896257,0.8945060586384845,0.41666666666666663,"batch_02_OE21-4-NEG,batch_03_OE23-NEG",Plantae
NEG_27955,Streptophyta,2,0.6026959508498804,0.5252765116152377,0.7108808161190285,0.5277777777777778,"batch_02_OE21-4-NEG,batch_03_OE23-NEG",Plantae
NEG_27219,Ascomycota,2,0.6025471599081151,0.5437717202648613,0.6622053159784,0.6666666666666666,"batch_02_OE21-4-NEG,batch_03_OE23-NEG",Fungi
NEG_94714,Streptophyta,2,0.6023543669452742,0.5645229001493874,0.5634408187536426,0.7222222222222222,"batch_02_OE21-4-NEG,batch_03_OE23-NEG",Plantae
NEG_63774,Ascomycota,2,0.6020869040473844,0.5608605622475648,0.6787728215682144,0.6666666666666666,"batch_02_OE21-4-NEG,batch_03_OE23-NEG",Fungi
NEG_19270,Streptophyta,2,0.6020541230298528,0.5557753425946215,0.8836649008697193,0.41666666666666663,"batch_02_OE21-4-NEG,batch_03_OE23-NEG",Plantae
NEG_19604,Streptophyta,2,0.602036520023617,0.5639842301550065,0.6819741600699272,0.6666666666666666,"batch_02_OE21-4-NEG,batch_03_OE23-NEG",Plantae
NEG_44466,Streptophyta,2,0.6018662735147312,0.5889384234751469,0.6901354343377712,0.5277777777777778,"batch_02_OE21-4-NEG,batch_03_OE23-NEG",Plantae
NEG_32170,Streptophyta,2,0.601819568950445,0.5369724712342233,0.7883394348633888,0.4722222222222222,"batch_02_OE21-4-NEG,batch_03_OE23-NEG",Plantae
NEG_68297,Ascomycota,2,0.6018019717346859,0.5003237655938417,0.8700888142196392,0.41666666666666663,"batch_02_OE21-4-NEG,batch_06_ALL-25-2-NEG",Fungi
NEG_18871,Streptophyta,2,0.6017533838578129,0.5829294479572246,0.6286438986446052,0.5833333333333333,"batch_02_OE21-4-NEG,batch_03_OE23-NEG",Plantae
NEG_65381,Streptophyta,2,0.601665320582672,0.5808178465015197,0.7670402216866603,0.4722222222222222,"batch_02_OE21-4-NEG,batch_03_OE23-NEG",Plantae
NEG_61173,Ascomycota,2,0.6015912561789141,0.5,0.9944656456858672,0.375,"batch_02_OE21-4-NEG,batch_06_ALL-25-2-NEG",Fungi
NEG_20534,Ascomycota,2,0.6014545874283217,0.5,0.9940813080976472,0.375,"batch_04_OE26-1-NEG,batch_06_ALL-25-2-NEG",Fungi
NEG_78604,Streptophyta,2,0.6012577135403618,0.5773502691896257,0.8908314746410015,0.41666666666666663,"batch_02_OE21-4-NEG,batch_03_OE23-NEG",Plantae
NEG_32986,Ascomycota,2,0.6005248391960825,0.5486765662971824,0.5740505079766459,0.7083333333333334,"batch_02_OE21-4-NEG,batch_06_ALL-25-2-NEG",Fungi
NEG_60753,Ascomycota,2,0.6004968826330788,0.5,0.9913922589420249,0.375,"batch_02_OE21-4-NEG,batch_06_ALL-25-2-NEG",Fungi
NEG_96506,Streptophyta,2,0.6004677796217517,0.5773502691896257,0.6944293069857894,0.6666666666666666,"batch_02_OE21-4-NEG,batch_03_OE23-NEG",Plantae
NEG_69674,Ascomycota,2,0.6003170899816563,0.5823478868078559,0.5980938436754479,0.7083333333333334,"batch_02_OE21-4-NEG,batch_06_ALL-25-2-NEG",Fungi
NEG_58063,Streptophyta,2,0.6001307630677973,0.5082593512383882,0.5300520191676577,0.7222222222222222,"batch_02_OE21-4-NEG,batch_06_ALL-25-2-NEG",Plantae
NEG_23774,Streptophyta,2,0.6001099110002988,0.5773502691896257,0.8879664798189402,0.41666666666666663,"batch_02_OE21-4-NEG,batch_03_OE23-NEG",Plantae
NEG_117350,Streptophyta,2,0.5998670332936487,0.5326809494794608,0.7003339555877868,0.5277777777777778,"batch_02_OE21-4-NEG,batch_03_OE23-NEG",Plantae
NEG_13802,Streptophyta,2,0.599791529510321,0.5967576534829215,0.7649429752473744,0.4722222222222222,"batch_02_OE21-4-NEG,batch_03_OE23-NEG",Plantae
NEG_80203,Basidiomycota,2,0.5996537876315371,0.54478818984598,0.9449861545613887,0.38095238095238093,"batch_02_OE21-4-NEG,batch_04_OE26-1-NEG",Fungi
NEG_29274,Streptophyta,2,0.5995044793847698,0.5773502691896257,0.8864595263302157,0.41666666666666663,"batch_02_OE21-4-NEG,batch_03_OE23-NEG",Plantae
NEG_37706,Bacillota,2,0.5990434992148843,0.5314203317631019,0.7438974459642227,0.5116959064327485,"batch_02_OE21-4-NEG,batch_06_ALL-25-2-NEG",Bacteria
NEG_49625,Streptophyta,2,0.5990027277176575,0.5428301031018898,0.8712515235556405,0.41666666666666663,"batch_02_OE21-4-NEG,batch_03_OE23-NEG",Plantae
NEG_27299,Streptophyta,2,0.59898398459035,0.522771158939227,0.8658252594882536,0.41666666666666663,"batch_02_OE21-4-NEG,batch_03_OE23-NEG",Plantae
NEG_61888,Streptophyta,2,0.5982711470593023,0.5038118731514315,0.5254924220360768,0.7222222222222222,"batch_02_OE21-4-NEG,batch_03_OE23-NEG",Plantae
NEG_97543,Ascomycota,2,0.5981787511163861,0.5,0.9849137709158654,0.375,"batch_02_OE21-4-NEG,batch_06_ALL-25-2-NEG",Fungi
NEG_10524,Ascomycota,2,0.5975693990397726,0.5960274998476667,0.7859699977775643,0.45833333333333337,"batch_02_OE21-4-NEG,batch_06_ALL-25-2-NEG",Fungi
NEG_52494,Ascomycota,3,0.5974759514264597,0.5,0.6181049481170465,0.75,"batch_02_OE21-4-NEG,batch_03_OE23-NEG,batch_06_ALL-25-2-NEG",Fungi
NEG_98689,Streptophyta,2,0.5973849996451295,0.5281033326235922,0.6394465649640723,0.7222222222222222,"batch_02_OE21-4-NEG,batch_03_OE23-NEG",Plantae
NEG_21668,Streptophyta,2,0.596884877248244,0.5773502691896257,0.8799729818659769,0.41666666666666663,"batch_02_OE21-4-NEG,batch_03_OE23-NEG",Plantae
NEG_44683,Streptophyta,2,0.5966547222866784,0.560077616416819,0.6710216787119537,0.6666666666666666,"batch_02_OE21-4-NEG,batch_03_OE23-NEG",Plantae
NEG_60130,Ascomycota,2,0.596511866888812,0.5,0.9802818955790791,0.375,"batch_02_OE21-4-NEG,batch_06_ALL-25-2-NEG",Fungi
NEG_2797,Ascomycota,2,0.5964185023287394,0.5489909758669558,0.8666243461643559,0.41666666666666663,"batch_02_OE21-4-NEG,batch_06_ALL-25-2-NEG",Fungi
NEG_1009,Streptophyta,2,0.5962830157230139,0.5331463950131864,0.4216588472734203,0.8888888888888888,"batch_02_OE21-4-NEG,batch_03_OE23-NEG",Plantae
NEG_62552,Ascomycota,2,0.5961297926646161,0.5584827649965343,0.6686910271927736,0.6666666666666666,"batch_02_OE21-4-NEG,batch_03_OE23-NEG",Fungi
NEG_13235,Basidiomycota,2,0.5957872259682758,0.5762166534318808,0.9398145377489553,0.38095238095238093,"batch_02_OE21-4-NEG,batch_04_OE26-1-NEG",Fungi
NEG_75625,Streptophyta,2,0.5957769303350577,0.5318613426777395,0.7724699834169795,0.4722222222222222,"batch_02_OE21-4-NEG,batch_03_OE23-NEG",Plantae
NEG_54183,Ascomycota,2,0.5951438504410498,0.5455508222955175,0.5649936609535628,0.7083333333333334,"batch_02_OE21-4-NEG,batch_06_ALL-25-2-NEG",Fungi
NEG_70837,Streptophyta,2,0.5947836063145606,0.5229005459624547,0.7734249809678333,0.4722222222222222,"batch_02_OE21-4-NEG,batch_03_OE23-NEG",Plantae
NEG_71656,Streptophyta,2,0.5943767204655374,0.5355673982245226,0.8569006634481222,0.41666666666666663,"batch_02_OE21-4-NEG,batch_03_OE23-NEG",Plantae
NEG_114383,Bacillota,2,0.5941002099238745,0.5773502691896257,0.8222554647555447,0.45614035087719296,"batch_02_OE21-4-NEG,batch_06_ALL-25-2-NEG",Bacteria
NEG_73987,Streptophyta,3,0.594058196578591,0.5331585224691608,0.6958083306851582,0.5185185185185185,"batch_01_OE11-3-NEG,batch_02_OE21-4-NEG,batch_03_OE23-NEG",Plantae
NEG_40240,Streptophyta,2,0.5939931662200255,0.5282830700996916,0.7686924457892828,0.4722222222222222,"batch_02_OE21-4-NEG,batch_03_OE23-NEG",Plantae
NEG_80834,Ascomycota,2,0.5939101376860556,0.5421308888365048,0.7696018646415181,0.45833333333333337,"batch_02_OE21-4-NEG,batch_06_ALL-25-2-NEG",Fungi
NEG_36328,Ascomycota,2,0.5923515515033058,0.5553312679818259,0.7837235052652618,0.45833333333333337,"batch_02_OE21-4-NEG,batch_06_ALL-25-2-NEG",Fungi
NEG_114411,Ascomycota,2,0.5922376174437309,0.5623865600993698,0.8614122837702076,0.41666666666666663,"batch_02_OE21-4-NEG,batch_06_ALL-25-2-NEG",Fungi
NEG_44919,Bacillota,2,0.5921636239282548,0.5773502691896257,1.0,0.3508771929824561,"batch_02_OE21-4-NEG,batch_06_ALL-25-2-NEG",Bacteria
NEG_68810,Ascomycota,2,0.5919117575883233,0.5392283047286506,0.7062701499530306,0.5,"batch_02_OE21-4-NEG,batch_06_ALL-25-2-NEG",Fungi
NEG_48363,Streptophyta,2,0.5918432816253417,0.5773502691896257,0.8676437014956975,0.41666666666666663,"batch_02_OE21-4-NEG,batch_03_OE23-NEG",Plantae
NEG_112366,Ascomycota,2,0.5913500964439177,0.5,0.9660795533690876,0.375,"batch_02_OE21-4-NEG,batch_06_ALL-25-2-NEG",Fungi
NEG_57095,Actinomycetota,2,0.5911780036080412,0.57241606497915,0.9875258713506448,0.35416666666666663,"batch_01_OE11-3-NEG,batch_06_ALL-25-2-NEG",Bacteria
NEG_74192,Streptophyta,2,0.5908907040345637,0.543057803651051,0.8503355100002744,0.41666666666666663,"batch_02_OE21-4-NEG,batch_03_OE23-NEG",Plantae
NEG_115405,Ascomycota,2,0.590862799440221,0.5409230141668904,0.5569268062032655,0.75,"batch_02_OE21-4-NEG,batch_06_ALL-25-2-NEG",Fungi
NEG_52300,Streptophyta,2,0.5904245371092463,0.5459868353256616,0.8502024988954147,0.41666666666666663,"batch_02_OE21-4-NEG,batch_03_OE23-NEG",Plantae
NEG_59463,Streptophyta,2,0.5904017839723867,0.5477863363370863,0.6257632182204659,0.5833333333333333,"batch_02_OE21-4-NEG,batch_03_OE23-NEG",Plantae
NEG_116645,Ascomycota,2,0.5903185567900985,0.5592771819839677,0.5683932418421491,0.7083333333333334,"batch_02_OE21-4-NEG,batch_03_OE23-NEG",Fungi
NEG_69047,Ascomycota,2,0.5900778458204824,0.5292346235359495,0.5853015007838045,0.6875,"batch_03_OE23-NEG,batch_04_OE26-1-NEG",Fungi
NEG_86811,Bacillota,2,0.5898279213546218,0.512989176042577,1.0,0.3538011695906432,"batch_02_OE21-4-NEG,batch_06_ALL-25-2-NEG",Bacteria
NEG_113917,Bacillota,2,0.5898279213546218,0.512989176042577,1.0,0.3538011695906432,"batch_02_OE21-4-NEG,batch_06_ALL-25-2-NEG",Bacteria
NEG_75262,Bacillota,2,0.5898279213546218,0.512989176042577,1.0,0.3538011695906432,"batch_02_OE21-4-NEG,batch_06_ALL-25-2-NEG",Bacteria
NEG_78258,Bacillota,2,0.5898279213546218,0.512989176042577,1.0,0.3538011695906432,"batch_02_OE21-4-NEG,batch_06_ALL-25-2-NEG",Bacteria
NEG_37345,Streptophyta,2,0.5897006734983228,0.5747178124640592,0.8610930228800319,0.41666666666666663,"batch_02_OE21-4-NEG,batch_03_OE23-NEG",Plantae
NEG_58930,Streptophyta,2,0.5895314577503301,0.5702524679981082,0.8584319768751578,0.41666666666666663,"batch_02_OE21-4-NEG,batch_03_OE23-NEG",Plantae
NEG_24292,Ascomycota,2,0.5893575801625348,0.5479662137141041,0.8482446907090997,0.41666666666666663,"batch_02_OE21-4-NEG,batch_06_ALL-25-2-NEG",Fungi
NEG_59847,Ascomycota,2,0.588982368212533,0.5237775561469253,0.7571723808281594,0.45833333333333337,"batch_02_OE21-4-NEG,batch_06_ALL-25-2-NEG",Fungi
NEG_51677,Ascomycota,2,0.5888331514518987,0.5166643661984938,0.5387922609232307,0.7083333333333334,"batch_02_OE21-4-NEG,batch_06_ALL-25-2-NEG",Fungi
NEG_59771,Streptophyta,2,0.5886275492811393,0.5416638335116614,0.8440758190104671,0.41666666666666663,"batch_02_OE21-4-NEG,batch_03_OE23-NEG",Plantae
NEG_29508,Streptophyta,3,0.5885199277841054,0.5434492500318836,0.7332686049583352,0.48148148148148145,"batch_01_OE11-3-NEG,batch_02_OE21-4-NEG,batch_03_OE23-NEG",Plantae
NEG_4685,Streptophyta,2,0.588002352904101,0.54817515461096,0.5873459454418697,0.6388888888888888,"batch_02_OE21-4-NEG,batch_03_OE23-NEG",Plantae
NEG_120028,Ascomycota,2,0.5878996352863004,0.5761727399580119,0.6777385275145283,0.6666666666666666,"batch_02_OE21-4-NEG,batch_03_OE23-NEG",Fungi
NEG_92508,Ascomycota,2,0.5877733038995019,0.5,0.956363219308741,0.375,"batch_02_OE21-4-NEG,batch_06_ALL-25-2-NEG",Fungi
NEG_69864,Bacillota,2,0.5872374509702979,0.5773502691896257,0.7605614889892938,0.5087719298245614,"batch_02_OE21-4-NEG,batch_06_ALL-25-2-NEG",Bacteria
NEG_18432,Streptophyta,2,0.5869897211910945,0.565526383757669,0.6580532062029574,0.5277777777777778,"batch_02_OE21-4-NEG,batch_03_OE23-NEG",Plantae
NEG_17761,Streptophyta,2,0.5866912458876357,0.5067158251086046,0.756760927415494,0.4722222222222222,"batch_02_OE21-4-NEG,batch_03_OE23-NEG",Plantae
NEG_43902,Streptophyta,2,0.5866842103718852,0.5773502691896257,0.8552376369820194,0.41666666666666663,"batch_02_OE21-4-NEG,batch_03_OE23-NEG",Plantae
NEG_451,Streptophyta,2,0.5858863850183029,0.5827808771899278,0.39283127887713176,0.8888888888888888,"batch_02_OE21-4-NEG,batch_03_OE23-NEG",Plantae
NEG_742,Bacillota,2,0.585701359106891,0.527716013276393,0.7755589636456732,0.45614035087719296,"batch_02_OE21-4-NEG,batch_06_ALL-25-2-NEG",Bacteria
NEG_39277,Streptophyta,2,0.5856060352369732,0.5773502691896257,0.8526718390246578,0.41666666666666663,"batch_02_OE21-4-NEG,batch_03_OE23-NEG",Plantae
NEG_51412,Streptophyta,2,0.5853620424373753,0.5773502691896257,0.8520924851407248,0.41666666666666663,"batch_02_OE21-4-NEG,batch_03_OE23-NEG",Plantae
NEG_60050,Methanobacteriota,2,0.5851912453636234,0.5580100550314524,0.9670628322743069,0.35416666666666663,"batch_02_OE21-4-NEG,batch_04_OE26-1-NEG",Archaea
NEG_72591,Streptophyta,2,0.5851499648180336,0.5773502691896257,0.6757946499117751,0.6666666666666666,"batch_02_OE21-4-NEG,batch_03_OE23-NEG",Plantae
NEG_50124,Streptophyta,2,0.5848770843894313,0.5773502691896257,0.8509423802485347,0.41666666666666663,"batch_02_OE21-4-NEG,batch_03_OE23-NEG",Plantae
NEG_15645,Streptophyta,2,0.5846790852337201,0.5026915038007737,0.7526987479934832,0.4722222222222222,"batch_02_OE21-4-NEG,batch_03_OE23-NEG",Plantae
NEG_52090,Streptophyta,2,0.5846336777023282,0.5318182543953255,0.8305873399397408,0.41666666666666663,"batch_02_OE21-4-NEG,batch_03_OE23-NEG",Plantae
NEG_71238,Streptophyta,2,0.584528488188593,0.5023903097105195,0.7523960232910316,0.4722222222222222,"batch_02_OE21-4-NEG,batch_03_OE23-NEG",Plantae
NEG_77825,Streptophyta,2,0.5840280506368112,0.5013894346069557,0.6256956825677413,0.7222222222222222,"batch_02_OE21-4-NEG,batch_03_OE23-NEG",Plantae
NEG_70304,Streptophyta,2,0.5839889370064031,0.5614709775878699,0.8407251034212259,0.41666666666666663,"batch_02_OE21-4-NEG,batch_03_OE23-NEG",Plantae
NEG_16949,Ascomycota,2,0.5837862253099594,0.5326813687737201,0.7435860145742095,0.45833333333333337,"batch_02_OE21-4-NEG,batch_06_ALL-25-2-NEG",Fungi
NEG_69204,Streptophyta,2,0.5837239953034834,0.5773502691896257,0.8482153208219381,0.41666666666666663,"batch_02_OE21-4-NEG,batch_03_OE23-NEG",Plantae
NEG_83838,Streptophyta,2,0.5818944384694291,0.5773502691896257,0.8439102406588581,0.41666666666666663,"batch_02_OE21-4-NEG,batch_03_OE23-NEG",Plantae
NEG_50340,Streptophyta,2,0.5818268444820001,0.5065640975037901,0.7204498141951539,0.4722222222222222,"batch_02_OE21-4-NEG,batch_03_OE23-NEG",Plantae
NEG_73616,Ascomycota,2,0.5814657443191624,0.5,0.9394781586282255,0.375,"batch_02_OE21-4-NEG,batch_06_ALL-25-2-NEG",Fungi
NEG_76907,Streptophyta,2,0.5812482769903982,0.5307003795410632,0.5000712118555278,0.7777777777777778,"batch_02_OE21-4-NEG,batch_03_OE23-NEG",Plantae
NEG_106729,Streptophyta,2,0.5807495576034943,0.5773502691896257,0.8412298743034168,0.41666666666666663,"batch_02_OE21-4-NEG,batch_03_OE23-NEG",Plantae
NEG_11984,Streptophyta,2,0.5805119634202163,0.5107026588789944,0.6576532367704399,0.5277777777777778,"batch_02_OE21-4-NEG,batch_03_OE23-NEG",Plantae
NEG_94981,Streptophyta,2,0.5797992110436199,0.5773502691896257,0.8390129115526834,0.41666666666666663,"batch_02_OE21-4-NEG,batch_03_OE23-NEG",Plantae
NEG_56412,Basidiomycota,2,0.5790909095231949,0.545213839771547,0.8842385641699826,0.38095238095238093,"batch_02_OE21-4-NEG,batch_04_OE26-1-NEG",Fungi
NEG_4960,Streptophyta,2,0.578551448337172,0.557537553011397,0.8257507858485722,0.41666666666666663,"batch_02_OE21-4-NEG,batch_03_OE23-NEG",Plantae
NEG_7531,Streptophyta,2,0.5779202734822809,0.5674534254927407,0.35422660929013594,0.9444444444444444,"batch_02_OE21-4-NEG,batch_03_OE23-NEG",Plantae
NEG_17963,Ascomycota,2,0.5776105712851038,0.5469522152728973,0.5935676683944697,0.7083333333333334,"batch_02_OE21-4-NEG,batch_06_ALL-25-2-NEG",Fungi
NEG_31730,Ascomycota,2,0.5772691392643187,0.5173196136475487,0.6736672095372862,0.5,"batch_02_OE21-4-NEG,batch_06_ALL-25-2-NEG",Fungi
NEG_44793,Streptophyta,2,0.5768017091844252,0.5427835329789527,0.6382534996935303,0.5277777777777778,"batch_02_OE21-4-NEG,batch_03_OE23-NEG",Plantae
NEG_77624,Streptophyta,2,0.5765754133916692,0.5758005575937127,0.8315462821252305,0.41666666666666663,"batch_02_OE21-4-NEG,batch_03_OE23-NEG",Plantae
NEG_33418,Basidiomycota,2,0.5763229254282963,0.514451129285696,0.666801189061301,0.6428571428571428,"batch_01_OE11-3-NEG,batch_02_OE21-4-NEG",Fungi
NEG_73641,Ascomycota,2,0.5756488740620271,0.5466473906137227,0.4389353442742219,0.7916666666666667,"batch_02_OE21-4-NEG,batch_03_OE23-NEG",Fungi
NEG_352,Ascomycota,2,0.5756442387149876,0.5331735594713369,0.3615974526131083,0.9166666666666667,"batch_02_OE21-4-NEG,batch_06_ALL-25-2-NEG",Fungi
NEG_54057,Streptophyta,2,0.5755234700329734,0.5736966708763213,0.8291278701745741,0.41666666666666663,"batch_02_OE21-4-NEG,batch_03_OE23-NEG",Plantae
NEG_86322,Streptophyta,2,0.5751401358397629,0.5577739156364228,0.817731393398057,0.41666666666666663,"batch_02_OE21-4-NEG,batch_03_OE23-NEG",Plantae
NEG_4858,Streptophyta,2,0.5747989168822207,0.5722475645748158,0.663733637580904,0.6666666666666666,"batch_02_OE21-4-NEG,batch_03_OE23-NEG",Plantae
NEG_27613,Streptophyta,2,0.5737127795300445,0.5700752898704634,0.8249858361208928,0.41666666666666663,"batch_02_OE21-4-NEG,batch_03_OE23-NEG",Plantae
NEG_57879,Bacillota,2,0.5736490571089158,0.5588689404026769,0.8840596173705008,0.38011695906432746,"batch_02_OE21-4-NEG,batch_06_ALL-25-2-NEG",Bacteria
NEG_8181,Streptophyta,2,0.573394832217778,0.5323765778370575,0.6963563641916777,0.4722222222222222,"batch_02_OE21-4-NEG,batch_03_OE23-NEG",Plantae
NEG_38481,Streptophyta,2,0.572842718540084,0.5683351678905423,0.8230048630611709,0.41666666666666663,"batch_02_OE21-4-NEG,batch_03_OE23-NEG",Plantae
NEG_73405,Ascomycota,2,0.5726570659988948,0.5197863290268125,0.42722351143899423,0.7916666666666667,"batch_02_OE21-4-NEG,batch_03_OE23-NEG",Fungi
NEG_84604,Bacillota,2,0.5723935542391658,0.5037078594034736,0.7059436392827984,0.48245614035087714,"batch_02_OE21-4-NEG,batch_06_ALL-25-2-NEG",Bacteria
NEG_6084,Streptophyta,2,0.5721008828155385,0.5185258341775629,0.6211923747897375,0.5277777777777778,"batch_02_OE21-4-NEG,batch_03_OE23-NEG",Plantae
NEG_13176,Streptophyta,3,0.5713025406552726,0.5110631296798338,0.7554455277016604,0.4444444444444444,"batch_01_OE11-3-NEG,batch_02_OE21-4-NEG,batch_03_OE23-NEG",Plantae
NEG_76075,Ascomycota,2,0.5709423697713534,0.5527548314794123,0.631843879873083,0.6666666666666666,"batch_02_OE21-4-NEG,batch_03_OE23-NEG",Fungi
NEG_36068,Streptophyta,2,0.5703755670819599,0.5634008649742942,0.8174205346537828,0.41666666666666663,"batch_02_OE21-4-NEG,batch_03_OE23-NEG",Plantae
NEG_17966,Ascomycota,2,0.5702871221984914,0.5473674828044085,0.535480524477536,0.7083333333333334,"batch_02_OE21-4-NEG,batch_06_ALL-25-2-NEG",Fungi
NEG_51786,Streptophyta,2,0.5698769591273466,0.5622735866391009,0.5224123012124255,0.7222222222222222,"batch_02_OE21-4-NEG,batch_03_OE23-NEG",Plantae
NEG_40237,Bacillota,2,0.569650878069321,0.5619514869490163,1.0,0.32456140350877194,"batch_02_OE21-4-NEG,batch_06_ALL-25-2-NEG",Bacteria
NEG_61079,Streptophyta,2,0.5693281049472041,0.5613059407047826,0.8150643590704809,0.41666666666666663,"batch_02_OE21-4-NEG,batch_03_OE23-NEG",Plantae
NEG_50380,Streptophyta,2,0.5689343241057323,0.5045231840554385,0.6874880756226296,0.4722222222222222,"batch_02_OE21-4-NEG,batch_03_OE23-NEG",Plantae
NEG_120005,Ascomycota,2,0.5687250902256495,0.5,0.9063427325573937,0.375,"batch_02_OE21-4-NEG,batch_06_ALL-25-2-NEG",Fungi
NEG_39302,Streptophyta,2,0.5682236304118984,0.5059615112421608,0.39075392835659706,0.8333333333333333,"batch_02_OE21-4-NEG,batch_03_OE23-NEG",Plantae
NEG_81366,Streptophyta,2,0.5671396297305391,0.5294779016115618,0.576044818677856,0.5833333333333333,"batch_02_OE21-4-NEG,batch_03_OE23-NEG",Plantae
NEG_17218,Streptophyta,2,0.5670303499748042,0.553269512102352,0.5590959559327449,0.5833333333333333,"batch_02_OE21-4-NEG,batch_03_OE23-NEG",Plantae
NEG_81734,Streptophyta,2,0.5664788917473127,0.5391562537589971,0.7886344556675262,0.41666666666666663,"batch_02_OE21-4-NEG,batch_03_OE23-NEG",Plantae
NEG_98757,Streptophyta,2,0.566088074976443,0.5051631875233915,0.6802338318370031,0.4722222222222222,"batch_02_OE21-4-NEG,batch_03_OE23-NEG",Plantae
NEG_122016,Streptophyta,2,0.565693983283755,0.5540376973778842,0.8069577701157881,0.41666666666666663,"batch_02_OE21-4-NEG,batch_03_OE23-NEG",Plantae
NEG_26149,Streptophyta,2,0.5655775461579944,0.5006828140064615,0.7735202140789494,0.41666666666666663,"batch_02_OE21-4-NEG,batch_03_OE23-NEG",Plantae
NEG_32761,Streptophyta,2,0.5655271152731682,0.5345080766860424,0.6860496119388106,0.4722222222222222,"batch_02_OE21-4-NEG,batch_03_OE23-NEG",Plantae
NEG_62163,Streptophyta,2,0.5653446997673586,0.5408363070329605,0.676993570614568,0.4722222222222222,"batch_02_OE21-4-NEG,batch_03_OE23-NEG",Plantae
NEG_2082,Streptophyta,2,0.5644741410947798,0.5274156118454744,0.77909239491879,0.41666666666666663,"batch_02_OE21-4-NEG,batch_03_OE23-NEG",Plantae
NEG_10059,Streptophyta,2,0.563741259647478,0.5355356268179379,0.6053981731435216,0.6666666666666666,"batch_02_OE21-4-NEG,batch_03_OE23-NEG",Plantae
NEG_49000,Streptophyta,2,0.5634133632275662,0.5569149668547204,0.6024737526645483,0.5277777777777778,"batch_02_OE21-4-NEG,batch_03_OE23-NEG",Plantae
NEG_5023,Streptophyta,2,0.563293391633437,0.5605453676711939,0.7917195479960124,0.41666666666666663,"batch_02_OE21-4-NEG,batch_03_OE23-NEG",Plantae
NEG_16717,Streptophyta,2,0.5630257536356152,0.5457291255014005,0.7835044844137933,0.41666666666666663,"batch_02_OE21-4-NEG,batch_03_OE23-NEG",Plantae
NEG_52819,Bacillota,2,0.5624224971232408,0.5591314475373013,0.8100439218886422,0.40350877192982454,"batch_02_OE21-4-NEG,batch_06_ALL-25-2-NEG",Bacteria
NEG_30625,Ascomycota,2,0.5616144500524466,0.5218751961757764,0.4978031374210204,0.75,"batch_03_OE23-NEG,batch_06_ALL-25-2-NEG",Fungi
NEG_56383,Ascomycota,2,0.5613671908397804,0.5415295577687324,0.6087809165744067,0.6666666666666666,"batch_02_OE21-4-NEG,batch_06_ALL-25-2-NEG",Fungi
NEG_99960,Streptophyta,2,0.5611172440519359,0.5582252739169826,0.7855295783472477,0.41666666666666663,"batch_02_OE21-4-NEG,batch_03_OE23-NEG",Plantae
NEG_37049,Streptophyta,2,0.5610557523644517,0.5551611948253361,0.783738582259593,0.41666666666666663,"batch_02_OE21-4-NEG,batch_03_OE23-NEG",Plantae
NEG_25513,Streptophyta,2,0.5601187860740515,0.5375854229349849,0.6646063748038756,0.4722222222222222,"batch_02_OE21-4-NEG,batch_03_OE23-NEG",Plantae
NEG_47083,Bacillota,2,0.559973450005936,0.5579954130628557,0.9670383214987806,0.32456140350877194,"batch_02_OE21-4-NEG,batch_06_ALL-25-2-NEG",Bacteria
NEG_1283,Ascomycota,2,0.559938737007304,0.5318320267876968,0.361462260480222,0.875,"batch_02_OE21-4-NEG,batch_03_OE23-NEG",Fungi
NEG_65627,Streptophyta,2,0.5598597246534398,0.555300545825238,0.6667484821271534,0.4722222222222222,"batch_02_OE21-4-NEG,batch_03_OE23-NEG",Plantae
NEG_118388,Actinomycetota,2,0.5598198016146267,0.5,0.6919766189450534,0.625,"batch_04_OE26-1-NEG,batch_06_ALL-25-2-NEG",Bacteria
NEG_20193,Streptophyta,2,0.5596736043398307,0.5456111869243216,0.7914511012864325,0.41666666666666663,"batch_02_OE21-4-NEG,batch_03_OE23-NEG",Plantae
NEG_72442,Ascomycota,2,0.559205015477843,0.5364056163135088,0.5146417515867019,0.7083333333333334,"batch_02_OE21-4-NEG,batch_03_OE23-NEG",Fungi
NEG_50274,Ascomycota,2,0.5587646289120884,0.5458629616960944,0.46136755001603214,0.75,"batch_01_OE11-3-NEG,batch_06_ALL-25-2-NEG",Fungi
NEG_13391,Ascomycota,3,0.5573107135335759,0.552764306331467,0.5152314886909832,0.6666666666666666,"batch_02_OE21-4-NEG,batch_03_OE23-NEG,batch_06_ALL-25-2-NEG",Fungi
NEG_83285,Ascomycota,2,0.5558241298689133,0.532790033786759,0.6938593067547174,0.47916666666666663,"batch_02_OE21-4-NEG,batch_04_OE26-1-NEG",Fungi
NEG_68634,Basidiomycota,2,0.5552500134993681,0.5345224838248488,0.9976251953609407,0.30952380952380953,"batch_02_OE21-4-NEG,batch_04_OE26-1-NEG",Fungi
NEG_48014,Streptophyta,2,0.554820173920699,0.5322900786517725,0.7833327278311102,0.41666666666666663,"batch_02_OE21-4-NEG,batch_03_OE23-NEG",Plantae
NEG_42399,Streptophyta,2,0.5548105260566061,0.5347539961041075,0.7816700344761747,0.41666666666666663,"batch_02_OE21-4-NEG,batch_03_OE23-NEG",Plantae
NEG_28562,Streptophyta,2,0.5546037883284424,0.5423182483937703,0.7761543482887949,0.41666666666666663,"batch_02_OE21-4-NEG,batch_03_OE23-NEG",Plantae
NEG_67607,Streptophyta,2,0.5545702467777409,0.541218030588665,0.6520675001558528,0.4722222222222222,"batch_01_OE11-3-NEG,batch_02_OE21-4-NEG",Plantae
NEG_27668,Streptophyta,2,0.5530038628281992,0.5082862921118084,0.7448033442417559,0.41666666666666663,"batch_02_OE21-4-NEG,batch_03_OE23-NEG",Plantae
NEG_7249,Streptophyta,2,0.5504504430545367,0.5207103070829834,0.5109248947850651,0.6388888888888888,"batch_02_OE21-4-NEG,batch_03_OE23-NEG",Plantae
NEG_4015,Streptophyta,2,0.550024826705859,0.5280505355772114,0.7454390429885231,0.41666666666666663,"batch_02_OE21-4-NEG,batch_03_OE23-NEG",Plantae
NEG_98516,Streptophyta,2,0.5495135650351852,0.5216768608807447,0.6360733735891939,0.6666666666666666,"batch_02_OE21-4-NEG,batch_03_OE23-NEG",Plantae
NEG_65099,Streptophyta,2,0.54944811880914,0.5222456256231589,0.5753737043809609,0.6666666666666666,"batch_02_OE21-4-NEG,batch_03_OE23-NEG",Plantae
NEG_97353,Streptophyta,2,0.5491354067594327,0.5209205443292396,0.6356791067521357,0.6666666666666666,"batch_02_OE21-4-NEG,batch_03_OE23-NEG",Plantae
NEG_18425,Ascomycota,2,0.5490475324721258,0.5423682920943779,0.30149780516575375,1.0,"batch_01_OE11-3-NEG,batch_06_ALL-25-2-NEG",Fungi
NEG_51833,Ascomycota,2,0.5485691370917236,0.5435443925106352,0.5963938528574191,0.6666666666666666,"batch_02_OE21-4-NEG,batch_03_OE23-NEG",Fungi
NEG_58760,Basidiomycota,2,0.5482382989861248,0.5211331564841392,0.723529648625001,0.47619047619047616,"batch_02_OE21-4-NEG,batch_04_OE26-1-NEG",Fungi
NEG_70452,Streptophyta,2,0.5480294341013775,0.5061438282665637,0.7322721166814172,0.41666666666666663,"batch_02_OE21-4-NEG,batch_03_OE23-NEG",Plantae
NEG_88228,Bacillota,2,0.5470640987147316,0.5167779282398375,0.7818960619556286,0.40350877192982454,"batch_02_OE21-4-NEG,batch_06_ALL-25-2-NEG",Bacteria
NEG_54185,Basidiomycota,2,0.546934396309353,0.5356550624929547,0.7184644054788977,0.45238095238095233,"batch_02_OE21-4-NEG,batch_04_OE26-1-NEG",Fungi
NEG_90207,Bacillota,2,0.5451697226161014,0.512989176042577,1.0,0.2982456140350877,"batch_02_OE21-4-NEG,batch_06_ALL-25-2-NEG",Bacteria
NEG_75506,Bacillota,2,0.5451697226161014,0.512989176042577,1.0,0.2982456140350877,"batch_02_OE21-4-NEG,batch_06_ALL-25-2-NEG",Bacteria
NEG_114131,Bacillota,2,0.5451697226161014,0.512989176042577,1.0,0.2982456140350877,"batch_02_OE21-4-NEG,batch_06_ALL-25-2-NEG",Bacteria
NEG_61993,Bacillota,2,0.5451697226161014,0.512989176042577,1.0,0.2982456140350877,"batch_02_OE21-4-NEG,batch_06_ALL-25-2-NEG",Bacteria
NEG_111496,Bacillota,2,0.5451697226161014,0.512989176042577,1.0,0.2982456140350877,"batch_02_OE21-4-NEG,batch_06_ALL-25-2-NEG",Bacteria
NEG_111179,Bacillota,2,0.5451697226161014,0.512989176042577,1.0,0.2982456140350877,"batch_02_OE21-4-NEG,batch_06_ALL-25-2-NEG",Bacteria
NEG_75035,Bacillota,2,0.5449591742048969,0.512568079220168,0.9991794680873597,0.2982456140350877,"batch_02_OE21-4-NEG,batch_06_ALL-25-2-NEG",Bacteria
NEG_70430,Actinomycetota,2,0.5439817553810367,0.5222506648116596,0.835826667442086,0.35416666666666663,"batch_01_OE11-3-NEG,batch_06_ALL-25-2-NEG",Bacteria
NEG_50133,Streptophyta,2,0.5433305500571768,0.5093108309247277,0.7593975224972367,0.41666666666666663,"batch_02_OE21-4-NEG,batch_03_OE23-NEG",Plantae
NEG_46481,Bacillota,2,0.5426549113216632,0.512989176042577,0.9913263837882502,0.2982456140350877,"batch_02_OE21-4-NEG,batch_06_ALL-25-2-NEG",Bacteria
NEG_63255,Streptophyta,2,0.5414433442837039,0.5334661967780476,0.5778107130562832,0.6666666666666666,"batch_02_OE21-4-NEG,batch_03_OE23-NEG",Plantae
NEG_69030,Streptophyta,2,0.5399195400576325,0.5146637741578215,0.5570297638776045,0.6666666666666666,"batch_02_OE21-4-NEG,batch_03_OE23-NEG",Plantae
NEG_42800,Streptophyta,2,0.5398019616595808,0.5386845703637103,0.619047446043171,0.4722222222222222,"batch_02_OE21-4-NEG,batch_03_OE23-NEG",Plantae
NEG_56943,Ascomycota,2,0.5389719551165315,0.534414658123092,0.4333110507664335,0.75,"batch_03_OE23-NEG,batch_06_ALL-25-2-NEG",Fungi
NEG_121663,Methanobacteriota,2,0.5386751345948129,0.5,1.0,0.29166666666666663,"batch_02_OE21-4-NEG,batch_04_OE26-1-NEG",Archaea
NEG_21231,Ascomycota,2,0.5372306734564091,0.5,0.8300058390968892,0.375,"batch_02_OE21-4-NEG,batch_06_ALL-25-2-NEG",Fungi
NEG_88117,Bacillota,2,0.5352263369632717,0.512989176042577,0.9661483272095405,0.2982456140350877,"batch_02_OE21-4-NEG,batch_06_ALL-25-2-NEG",Bacteria
NEG_27017,Streptophyta,2,0.5352159870803737,0.5039702466496905,0.7353043426103658,0.41666666666666663,"batch_02_OE21-4-NEG,batch_03_OE23-NEG",Plantae
NEG_9978,Streptophyta,2,0.5337160017013267,0.5139058559795765,0.4767397097712136,0.7222222222222222,"batch_02_OE21-4-NEG,batch_03_OE23-NEG",Plantae
NEG_87013,Actinomycetota,2,0.5318381382400951,0.5,0.9765964169998577,0.29166666666666663,"batch_01_OE11-3-NEG,batch_06_ALL-25-2-NEG",Bacteria
NEG_102120,Methanobacteriota,2,0.5317090026625126,0.5,0.9761597730866454,0.29166666666666663,"batch_02_OE21-4-NEG,batch_04_OE26-1-NEG",Archaea
NEG_45730,Streptophyta,2,0.5305379467403484,0.5110644291448263,0.7149557670884596,0.41666666666666663,"batch_02_OE21-4-NEG,batch_03_OE23-NEG",Plantae
NEG_23793,Ascomycota,2,0.5287995121991735,0.5135906952279718,0.6916081655438704,0.41666666666666663,"batch_02_OE21-4-NEG,batch_06_ALL-25-2-NEG",Fungi
NEG_67667,Streptophyta,2,0.5275728846683518,0.5266507526117488,0.3900567920460601,0.7777777777777778,"batch_02_OE21-4-NEG,batch_06_ALL-25-2-NEG",Plantae
NEG_63432,Ascomycota,2,0.5258953824695014,0.5191584586308842,0.5461368446135461,0.6666666666666666,"batch_02_OE21-4-NEG,batch_03_OE23-NEG",Fungi
NEG_51161,Basidiomycota,2,0.5255068619303834,0.5164912400359181,0.9001448015507605,0.30952380952380953,"batch_02_OE21-4-NEG,batch_04_OE26-1-NEG",Fungi
NEG_44791,Streptophyta,2,0.525317694026664,0.5128232284602978,0.5233053907539498,0.5277777777777778,"batch_02_OE21-4-NEG,batch_03_OE23-NEG",Plantae
NEG_60599,Streptophyta,2,0.5214479083059701,0.51885450062456,0.6811389441110394,0.41666666666666663,"batch_02_OE21-4-NEG,batch_03_OE23-NEG",Plantae
NEG_48971,Streptophyta,2,0.5166209807134969,0.5092121134916731,0.5663163801196041,0.4722222222222222,"batch_02_OE21-4-NEG,batch_03_OE23-NEG",Plantae
NEG_106593,Ascomycota,2,0.515837793428931,0.5137259656916585,0.4002289939791272,0.75,"batch_02_OE21-4-NEG,batch_03_OE23-NEG",Fungi
NEG_114596,Ascomycota,2,0.513580645886873,0.5,0.6389495137722823,0.625,"batch_02_OE21-4-NEG,batch_03_OE23-NEG",Fungi
NEG_62328,Actinomycetota,2,0.5024010784562944,0.5,0.8822378264354029,0.29166666666666663,"batch_01_OE11-3-NEG,batch_06_ALL-25-2-NEG",Bacteria
